match_id,game_id,match_title,tournament,date,game_duration,patch,blue_team,blue_result,blue_kills,blue_towers,blue_dragons,blue_barons,blue_gold,blue_first_blood,blue_first_tower,blue_dragon_types,blue_bans,blue_picks,blue_p1_name,blue_p1_champion,blue_p1_kda,blue_p1_cs,blue_p1_summoners,blue_p1_keystone,blue_p2_name,blue_p2_champion,blue_p2_kda,blue_p2_cs,blue_p2_summoners,blue_p2_keystone,blue_p3_name,blue_p3_champion,blue_p3_kda,blue_p3_cs,blue_p3_summoners,blue_p3_keystone,blue_p4_name,blue_p4_champion,blue_p4_kda,blue_p4_cs,blue_p4_summoners,blue_p4_keystone,blue_p5_name,blue_p5_champion,blue_p5_kda,blue_p5_cs,blue_p5_summoners,blue_p5_keystone,red_team,red_result,red_kills,red_towers,red_dragons,red_barons,red_gold,red_first_blood,red_first_tower,red_dragon_types,red_bans,red_picks,red_p1_name,red_p1_champion,red_p1_kda,red_p1_cs,red_p1_summoners,red_p1_keystone,red_p2_name,red_p2_champion,red_p2_kda,red_p2_cs,red_p2_summoners,red_p2_keystone,red_p3_name,red_p3_champion,red_p3_kda,red_p3_cs,red_p3_summoners,red_p3_keystone,red_p4_name,red_p4_champion,red_p4_kda,red_p4_cs,red_p4_summoners,red_p4_keystone,red_p5_name,red_p5_champion,red_p5_kda,red_p5_cs,red_p5_summoners,red_p5_keystone,timeline_events,timeline_json,plates_top_blue,plates_top_red,plates_mid_blue,plates_mid_red,plates_bot_blue,plates_bot_red,gold_dist_top_blue,gold_dist_top_red,gold_dist_jungle_blue,gold_dist_jungle_red,gold_dist_mid_blue,gold_dist_mid_red,gold_dist_adc_blue,gold_dist_adc_red,gold_dist_support_blue,gold_dist_support_red,dmg_dist_top_blue_pct,dmg_dist_top_blue_dpm,dmg_dist_top_red_pct,dmg_dist_top_red_dpm,dmg_dist_jungle_blue_pct,dmg_dist_jungle_blue_dpm,dmg_dist_jungle_red_pct,dmg_dist_jungle_red_dpm,dmg_dist_mid_blue_pct,dmg_dist_mid_blue_dpm,dmg_dist_mid_red_pct,dmg_dist_mid_red_dpm,dmg_dist_adc_blue_pct,dmg_dist_adc_blue_dpm,dmg_dist_adc_red_pct,dmg_dist_adc_red_dpm,dmg_dist_support_blue_pct,dmg_dist_support_blue_dpm,dmg_dist_support_red_pct,dmg_dist_support_red_dpm,gold_timeline_json,gold_diff_start,gold_diff_10min,gold_diff_15min,gold_diff_20min,gold_diff_end,vision_team1_wards_destroyed,vision_team1_wards_placed,vision_team2_wards_destroyed,vision_team2_wards_placed,jungle_share_15min_blue,jungle_share_15min_red,jungle_share_end_blue,jungle_share_end_red
45323,45323,VIT vs XL,LEC Winter 2023,2023-02-06 (WEEK3),54:06,v13.1,Team Vitality,WIN,27,10,2,1,102.5k,False,False,,"Maokai, Sejuani, Draven, Nautilus, Cassiopeia","Gragas, Vi, Taliyah, Zeri, Yuumi",Photon,Gragas,7/3/12,388,"Flash, Teleport",8369,Bo,Vi,2/8/11,218,"Flash, Smite",8010,Perkz,Taliyah,8/7/15,442,"Flash, Haste",8360,Neon,Zeri,10/5/11,501,"Flash, Boost",8008,Kaiser,Yuumi,0/5/23,0,"Heal, Exhaust",8214,Excel Esports,LOSS,28,10,5,3,104.8k,True,True,"Cloud, Cloud, Mountain","Lucian, Elise, Ashe, Azir, KSante","Jax, Wukong, Ryze, Varus, Pyke",Odoamne,Jax,5/6/8,365,"Teleport, Flash",8437,Xerxe,Wukong,5/5/10,258,"Smite, Flash",8010,Vetheo,Ryze,4/4/13,510,"Flash, Teleport",8230,Patrik,Varus,7/6/13,421,"Flash, Heal",8008,Targamas,Pyke,7/6/11,85,"Flash, Dot",9923,15,"[{""side"": ""RED"", ""time"": ""3:11"", ""type"": ""First blood""}, {""side"": ""RED"", ""time"": ""7:55"", ""type"": ""Infernal Drake""}, {""side"": ""BLUE"", ""time"": ""8:24"", ""type"": ""Rift Herald""}, {""side"": ""RED"", ""time"": ""13:21"", ""type"": ""Mountain Drake""}, {""side"": ""BLUE"", ""time"": ""16:18"", ""type"": ""Rift Herald""}, {""side"": ""RED"", ""time"": ""16:47"", ""type"": ""First Tower""}, {""side"": ""RED"", ""time"": ""18:36"", ""type"": ""Cloud Drake""}, {""side"": ""RED"", ""time"": ""24:04"", ""type"": ""Cloud Drake""}, {""side"": ""RED"", ""time"": ""24:25"", ""type"": ""Nashor""}, {""side"": ""BLUE"", ""time"": ""30:17"", ""type"": ""Elder Drake""}, {""side"": ""BLUE"", ""time"": ""32:13"", ""type"": ""Nashor""}, {""side"": ""BLUE"", ""time"": ""37:35"", ""type"": ""Elder Drake""}, {""side"": ""RED"", ""time"": ""38:35"", ""type"": ""Nashor""}, {""side"": ""RED"", ""time"": ""44:48"", ""type"": ""Elder Drake""}, {""side"": ""RED"", ""time"": ""45:35"", ""type"": ""Nashor""}]",1,3,2,1,4,2,22.4%,19.6%,16%,16.5%,23.5%,24.9%,26.1%,23.6%,12%,15.3%,22.3%,748 DPM,17.8%,486 DPM,8.1%,271 DPM,12.3%,337 DPM,29.7%,996 DPM,23.6%,646 DPM,29.5%,989 DPM,37.3%,1019 DPM,10.3%,346 DPM,8.9%,244 DPM,"{""time"": [""0"", ""1"", ""2"", ""3"", ""4"", ""5"", ""6"", ""7"", ""8"", ""9"", ""10"", ""11"", ""12"", ""13"", ""14"", ""15"", ""16"", ""17"", ""18"", ""19"", ""20"", ""21"", ""22"", ""23"", ""24"", ""25"", ""26"", ""27"", ""28"", ""29"", ""30"", ""31"", ""32"", ""33"", ""34"", ""35"", ""36"", ""37"", ""38"", ""39"", ""40"", ""41"", ""42"", ""43"", ""44"", ""45"", ""46"", ""47"", ""48"", ""49"", ""50"", ""51"", ""52"", ""53"", ""54"", ""54""], ""gold_diff"": [0, 5, -23, -273, -1262, -1275, -1424, -1575, -1327, -743, -850, -677, -879, -855, -951, -1608, -274, -469, -129, 461, 665, 315, 523, -28, -2187, -3940, -5353, -3717, -5631, -6071, -5829, -3339, -1789, 41, 2457, 3265, 3551, 4671, 2817, 269, -54, -284, 79, 130, 577, -1261, -3274, -3449, -3907, -3775, -3443, -3695, -3220, -2183, -2172, -2226]}",0.0,-850.0,-1608.0,665.0,-2226.0,77.0,220.0,113.0,147.0,47.5,52.5,38.5,61.5
45322,45322,MAD Lions vs G2 Esports,LEC Winter 2023,2023-02-06 (WEEK3),24:50,v13.1,MAD Lions,WIN,13,7,2,1,45k,False,False,"Cloud, Hextech","Draven, Elise, Ryze, Jax, Nautilus","Renekton, Sejuani, Viktor, Sivir, Yuumi",Chasy,Renekton,5/0/2,193,"Teleport, Flash",8010,Elyoya,Sejuani,2/0/8,147,"Flash, Smite",8439,Nisqy,Viktor,3/1/8,202,"Flash, Haste",8214,Carzzy,Sivir,3/1/7,233,"Flash, Heal",8008,Hylissang,Yuumi,0/0/13,0,"Exhaust, Dot",8214,G2 Esports,LOSS,2,1,1,0,36.4k,True,True,Ocean,"Maokai, Ashe, Heimerdinger, Kassadin, Cassiopeia","Karma, Kindred, Swain, Varus, Taliyah",Brokenblade,Karma,0/1/1,199,"Flash, Teleport",8214,Yike,Kindred,0/3/1,168,"Flash, Smite",8008,Caps,Swain,1/3/1,191,"Teleport, Flash",8010,Hans Sama,Varus,0/1/1,194,"Flash, Boost",8008,Mikyx,Taliyah,1/5/1,27,"Heal, Flash",8112,8,"[{""side"": ""RED"", ""time"": ""6:39"", ""type"": ""Ocean Drake""}, {""side"": ""RED"", ""time"": ""8:37"", ""type"": ""Rift Herald""}, {""side"": ""RED"", ""time"": ""8:45"", ""type"": ""First blood""}, {""side"": ""BLUE"", ""time"": ""12:26"", ""type"": ""Hextech Drake""}, {""side"": ""RED"", ""time"": ""15:20"", ""type"": ""Rift Herald""}, {""side"": ""RED"", ""time"": ""17:06"", ""type"": ""First Tower""}, {""side"": ""BLUE"", ""time"": ""19:04"", ""type"": ""Cloud Drake""}, {""side"": ""BLUE"", ""time"": ""22:41"", ""type"": ""Nashor""}]",2,1,0,1,2,0,22.8%,21.3%,18.9%,20.4%,21%,22.4%,23.2%,20.4%,14%,15.4%,15.1%,383 DPM,30.1%,536 DPM,9.5%,241 DPM,17.5%,313 DPM,29%,733 DPM,19.8%,354 DPM,29.9%,757 DPM,13.8%,246 DPM,16.4%,415 DPM,18.8%,335 DPM,"{""time"": [""0"", ""1"", ""2"", ""3"", ""4"", ""5"", ""6"", ""7"", ""8"", ""9"", ""10"", ""11"", ""12"", ""13"", ""14"", ""15"", ""16"", ""17"", ""18"", ""19"", ""20"", ""21"", ""22"", ""23"", ""24"", ""24""], ""gold_diff"": [0, 0, 122, -49, 293, -262, -76, 187, 190, -1179, -1060, -936, -775, -233, -142, -492, -781, -835, -1095, -370, -681, -37, 714, 3986, 5778, 8537]}",0.0,-1060.0,-492.0,-681.0,8537.0,48.0,80.0,41.0,87.0,44.0,56.0,43.4,56.6
45321,45321,Fnatic vs SK Gaming,LEC Winter 2023,2023-02-06 (WEEK3),29:56,v13.1,SK Gaming,WIN,15,10,4,1,57.1k,False,True,"Cloud, Ocean, Mountain, Mountain","Ashe, Ryze, Maokai, Gragas, Kassadin","Gnar, Sejuani, Taliyah, Caitlyn, Lux",Irrelevant,Gnar,2/2/7,225,"Flash, Teleport",8021,Markoon,Sejuani,1/2/9,136,"Flash, Smite",8439,Sertuss,Taliyah,2/1/9,229,"Flash, Haste",8360,3XA,Caitlyn,5/1/6,320,"Boost, Flash",8021,Doss,Lux,5/1/9,22,"Flash, Dot",8214,Fnatic,LOSS,7,5,0,0,51k,True,False,,"Lucian, Yuumi, Elise, Jax, Sylas","Camille, Wukong, Azir, Xayah, Leona",Wunder,Camille,3/3/0,247,"Teleport, Flash",8437,Razork,Wukong,2/3/3,167,"Flash, Smite",8010,Humanoid,Azir,0/4/3,214,"Flash, Teleport",8369,Rekkles,Xayah,2/3/1,324,"Flash, Boost",8008,Rhuckz,Leona,0/2/4,39,"Dot, Flash",8351,9,"[{""side"": ""BLUE"", ""time"": ""5:44"", ""type"": ""Ocean Drake""}, {""side"": ""RED"", ""time"": ""8:35"", ""type"": ""First blood""}, {""side"": ""BLUE"", ""time"": ""8:39"", ""type"": ""Rift Herald""}, {""side"": ""BLUE"", ""time"": ""11:45"", ""type"": ""Cloud Drake""}, {""side"": ""BLUE"", ""time"": ""13:21"", ""type"": ""First Tower""}, {""side"": ""RED"", ""time"": ""15:13"", ""type"": ""Rift Herald""}, {""side"": ""BLUE"", ""time"": ""18:13"", ""type"": ""Mountain Drake""}, {""side"": ""BLUE"", ""time"": ""23:36"", ""type"": ""Mountain Drake""}, {""side"": ""BLUE"", ""time"": ""24:43"", ""type"": ""Nashor""}]",2,0,0,1,5,2,20.3%,23%,16.4%,18.7%,19.5%,19.1%,27.2%,26.4%,16.5%,12.8%,24.4%,513 DPM,21.1%,307 DPM,9%,190 DPM,14%,203 DPM,20.4%,430 DPM,32.8%,477 DPM,27.8%,586 DPM,26.6%,386 DPM,18.4%,386 DPM,5.5%,80 DPM,"{""time"": [""0"", ""1"", ""2"", ""3"", ""4"", ""5"", ""6"", ""7"", ""8"", ""9"", ""10"", ""11"", ""12"", ""13"", ""14"", ""15"", ""16"", ""17"", ""18"", ""19"", ""20"", ""21"", ""22"", ""23"", ""24"", ""25"", ""26"", ""27"", ""28"", ""29"", ""29""], ""gold_diff"": [0, 0, -3, 326, 467, 486, 141, 350, 749, 194, -445, 73, 1431, 1022, 1147, 1917, 1132, 788, 1818, 1817, 2629, 1822, 1931, 1854, 1526, 111, 37, 2184, 1903, 2855, 6059]}",0.0,-445.0,1917.0,2629.0,6059.0,39.0,88.0,39.0,92.0,48.0,52.0,48.5,51.5
45320,45320,Astralis vs KOI,LEC Winter 2023,2023-02-06 (WEEK3),30:46,v13.1,KOI,WIN,13,11,2,2,62.6k,False,False,"Cloud, Chemtech","Ryze, Lucian, Ezreal, Jax, Irelia","Gnar, Wukong, Sylas, Zeri, Lulu",Szygenda,Gnar,2/1/6,283,"Teleport, Flash",8021,Malrang,Wukong,1/1/10,160,"Smite, Flash",8010,Larssen,Sylas,6/0/4,250,"Flash, Teleport",8010,Comp,Zeri,3/0/8,369,"Flash, Haste",8008,Trymbi,Lulu,1/0/11,0,"Flash, Heal",8214,Astralis,LOSS,2,3,2,0,46.6k,True,True,"Mountain, Chemtech","Caitlyn, Ashe, Kalista, Maokai, Renekton","Kled, Sejuani, Yone, Sivir, Yuumi",Finn,Kled,0/3/1,201,"Teleport, Flash",8010,113,Sejuani,1/3/1,127,"Flash, Smite",8230,Dajor,Yone,0/1/1,313,"Flash, Teleport",8008,Kobbe,Sivir,1/3/0,307,"Haste, Flash",8008,Execute,Yuumi,0/3/1,0,"Exhaust, Heal",8214,10,"[{""side"": ""RED"", ""time"": ""4:18"", ""type"": ""First blood""}, {""side"": ""BLUE"", ""time"": ""8:51"", ""type"": ""Rift Herald""}, {""side"": ""RED"", ""time"": ""9:31"", ""type"": ""Mountain Drake""}, {""side"": ""BLUE"", ""time"": ""15:02"", ""type"": ""Cloud Drake""}, {""side"": ""RED"", ""time"": ""16:46"", ""type"": ""First Tower""}, {""side"": ""BLUE"", ""time"": ""16:46"", ""type"": ""Rift Herald""}, {""side"": ""BLUE"", ""time"": ""20:37"", ""type"": ""Nashor""}, {""side"": ""RED"", ""time"": ""21:31"", ""type"": ""Chemtech Drake""}, {""side"": ""BLUE"", ""time"": ""27:01"", ""type"": ""Chemtech Drake""}, {""side"": ""BLUE"", ""time"": ""27:59"", ""type"": ""Nashor""}]",1,1,1,1,1,1,21.5%,19%,17.1%,16.9%,21.8%,24.2%,26.3%,27%,13.3%,13%,33.3%,815 DPM,18.4%,281 DPM,12.8%,313 DPM,17.5%,268 DPM,20.5%,503 DPM,32.9%,505 DPM,28.5%,698 DPM,19.8%,303 DPM,4.9%,120 DPM,11.4%,175 DPM,"{""time"": [""0"", ""1"", ""2"", ""3"", ""4"", ""5"", ""6"", ""7"", ""8"", ""9"", ""10"", ""11"", ""12"", ""13"", ""14"", ""15"", ""16"", ""17"", ""18"", ""19"", ""20"", ""21"", ""22"", ""23"", ""24"", ""25"", ""26"", ""27"", ""28"", ""29"", ""30"", ""30""], ""gold_diff"": [0, 0, 108, 351, 194, -283, 13, -76, 362, 217, -11, 986, 388, 324, 541, 703, 630, 1456, 1357, 819, 1810, 5709, 6977, 6698, 7121, 7628, 7750, 8116, 11973, 12184, 13869, 15979]}",0.0,-11.0,703.0,1810.0,15979.0,28.0,86.0,44.0,79.0,47.8,52.2,59.3,40.7
45319,45319,TH vs Team BDS,LEC Winter 2023,2023-02-06 (WEEK3),37:53,v13.1,Team BDS,WIN,20,9,3,2,73.7k,True,False,"Cloud, Cloud","Draven, Yuumi, Maokai, Viktor, Jax","Sett, Vi, Azir, Zeri, Ashe",Adam,Sett,5/6/7,265,"Flash, Teleport",8010,Sheo,Vi,3/3/12,215,"Smite, Flash",8010,nuc,Azir,5/2/8,331,"Flash, Teleport",8010,Crownie,Zeri,7/1/7,434,"Boost, Flash",8008,Labrov,Ashe,0/3/15,23,"Flash, Heal",9923,Team Heretics,LOSS,14,6,3,0,65.2k,False,True,"Cloud, Cloud, Mountain","Caitlyn, Lucian, Darius, Wukong, KSante","Renekton, Sejuani, Sylas, Varus, Heimerdinger",Evi,Renekton,4/6/7,293,"Teleport, Flash",8010,Jankos,Sejuani,7/1/6,197,"Smite, Flash",8439,Ruby,Sylas,0/6/6,278,"Teleport, Flash",8010,Jackspektra,Varus,2/4/1,386,"Flash, Heal",9923,Mersa,Heimerdinger,1/3/3,29,"Flash, Dot",8229,12,"[{""side"": ""BLUE"", ""time"": ""0:47"", ""type"": ""First blood""}, {""side"": ""RED"", ""time"": ""8:26"", ""type"": ""Rift Herald""}, {""side"": ""RED"", ""time"": ""9:45"", ""type"": ""Mountain Drake""}, {""side"": ""BLUE"", ""time"": ""15:07"", ""type"": ""Infernal Drake""}, {""side"": ""RED"", ""time"": ""15:19"", ""type"": ""Rift Herald""}, {""side"": ""RED"", ""time"": ""15:23"", ""type"": ""First Tower""}, {""side"": ""RED"", ""time"": ""20:30"", ""type"": ""Cloud Drake""}, {""side"": ""RED"", ""time"": ""26:00"", ""type"": ""Cloud Drake""}, {""side"": ""BLUE"", ""time"": ""28:43"", ""type"": ""Nashor""}, {""side"": ""BLUE"", ""time"": ""31:12"", ""type"": ""Cloud Drake""}, {""side"": ""BLUE"", ""time"": ""35:31"", ""type"": ""Nashor""}, {""side"": ""BLUE"", ""time"": ""36:39"", ""type"": ""Cloud Drake""}]",0,2,1,0,2,3,19.9%,23.8%,18.5%,21.5%,22.5%,18.4%,26.8%,23.6%,12.3%,12.7%,25.5%,876 DPM,29.3%,688 DPM,9.5%,327 DPM,20.1%,473 DPM,26.2%,899 DPM,11.9%,278 DPM,28.7%,987 DPM,20.9%,490 DPM,10%,345 DPM,17.8%,418 DPM,"{""time"": [""0"", ""1"", ""2"", ""3"", ""4"", ""5"", ""6"", ""7"", ""8"", ""9"", ""10"", ""11"", ""12"", ""13"", ""14"", ""15"", ""16"", ""17"", ""18"", ""19"", ""20"", ""21"", ""22"", ""23"", ""24"", ""25"", ""26"", ""27"", ""28"", ""29"", ""30"", ""31"", ""32"", ""33"", ""34"", ""35"", ""36"", ""37"", ""37""], ""gold_diff"": [0, 540, 632, 290, -70, -12, -1266, -1729, -1557, -1344, -828, -1004, -1033, -1127, 37, -265, -1050, -1396, -1611, -1019, -2094, -1911, -2176, -2304, -2063, -2010, -2697, -3009, -2733, 1885, 1647, 1479, 2404, 2091, 2561, 1826, 4176, 4768, 8550]}",0.0,-828.0,-265.0,-2094.0,8550.0,74.0,118.0,57.0,134.0,49.4,50.6,56.0,44.0
45318,45318,KOI vs G2 Esports,LEC Winter 2023,2023-02-05 (WEEK3),27:14,v13.1,G2 Esports,WIN,20,9,3,1,57.3k,False,True,"Cloud, Ocean","Caitlyn, Ashe, Jarvan IV, Renata Glasc, Braum","Jax, Elise, Jayce, Kalista, Leona",Brokenblade,Jax,5/0/6,235,"Flash, Teleport",8437,Yike,Elise,7/1/7,184,"Flash, Smite",8112,Caps,Jayce,4/3/9,223,"Teleport, Flash",8369,Hans Sama,Kalista,3/1/9,269,"Flash, Boost",8008,Mikyx,Leona,1/1/12,42,"Dot, Flash",8351,KOI,LOSS,6,0,0,0,42.2k,True,False,,"Lucian, Ryze, Draven, Renekton, Darius","Gangplank, Maokai, Azir, Zeri, Nautilus",Szygenda,Gangplank,3/4/2,209,"Teleport, Flash",8369,Malrang,Maokai,0/5/2,113,"Smite, Flash",8230,Larssen,Azir,3/4/1,250,"Flash, Teleport",8229,Comp,Zeri,0/4/1,215,"Flash, Boost",8008,Trymbi,Nautilus,0/3/1,34,"Flash, Dot",8351,8,"[{""side"": ""RED"", ""time"": ""2:58"", ""type"": ""First blood""}, {""side"": ""BLUE"", ""time"": ""8:37"", ""type"": ""Rift Herald""}, {""side"": ""BLUE"", ""time"": ""10:14"", ""type"": ""Cloud Drake""}, {""side"": ""BLUE"", ""time"": ""14:33"", ""type"": ""First Tower""}, {""side"": ""BLUE"", ""time"": ""16:13"", ""type"": ""Ocean Drake""}, {""side"": ""BLUE"", ""time"": ""16:42"", ""type"": ""Rift Herald""}, {""side"": ""BLUE"", ""time"": ""21:33"", ""type"": ""Infernal Drake""}, {""side"": ""BLUE"", ""time"": ""23:35"", ""type"": ""Nashor""}]",4,0,3,1,2,1,22.6%,27.1%,21.3%,16.6%,20.2%,24.3%,23%,19.7%,12.9%,12.3%,30.2%,650 DPM,29.6%,517 DPM,27%,580 DPM,25.6%,446 DPM,22%,474 DPM,22.8%,397 DPM,14%,300 DPM,15.8%,275 DPM,6.8%,147 DPM,6.2%,109 DPM,"{""time"": [""0"", ""1"", ""2"", ""3"", ""4"", ""5"", ""6"", ""7"", ""8"", ""9"", ""10"", ""11"", ""12"", ""13"", ""14"", ""15"", ""16"", ""17"", ""18"", ""19"", ""20"", ""21"", ""22"", ""23"", ""24"", ""25"", ""26"", ""27"", ""27""], ""gold_diff"": [0, 0, 27, -304, -495, -201, 393, 556, 1021, 710, 976, 1436, 2250, 2362, 3229, 5939, 6435, 6290, 7299, 7027, 7280, 7344, 6916, 7986, 11601, 11259, 14126, 14126, 15077]}",0.0,976.0,5939.0,7280.0,15077.0,36.0,72.0,34.0,80.0,57.6,42.4,65.8,34.2
45317,45317,Fnatic vs Astralis,LEC Winter 2023,2023-02-05 (WEEK3),26:57,v13.1,Astralis,WIN,16,9,4,1,52.8k,True,True,"Cloud, Cloud, Chemtech, Hextech","Maokai, Yuumi, Kassadin, Wukong, Jax","Gnar, Trundle, Ryze, Lucian, Nami",Finn,Gnar,3/0/7,231,"Teleport, Flash",8021,113,Trundle,2/0/13,116,"Flash, Smite",8005,Dajor,Ryze,4/2/7,222,"Flash, Teleport",8230,Kobbe,Lucian,7/0/8,262,"Boost, Flash",8369,Execute,Nami,0/0/16,0,"Heal, Flash",8465,Fnatic,LOSS,2,2,0,0,41.2k,False,False,,"Sejuani, Caitlyn, Ashe, Elise, Fiora","Aatrox, Vi, Azir, Varus, Nautilus",Wunder,Aatrox,0/3/0,232,"Teleport, Flash",8229,Razork,Vi,1/4/1,134,"Flash, Smite",8010,Humanoid,Azir,1/3/1,240,"Flash, Teleport",8369,Rekkles,Varus,0/3/0,239,"Flash, Heal",9923,Rhuckz,Nautilus,0/3/1,35,"Dot, Flash",8351,9,"[{""side"": ""BLUE"", ""time"": ""2:48"", ""type"": ""First blood""}, {""side"": ""BLUE"", ""time"": ""6:39"", ""type"": ""Chemtech Drake""}, {""side"": ""BLUE"", ""time"": ""8:46"", ""type"": ""Rift Herald""}, {""side"": ""BLUE"", ""time"": ""12:09"", ""type"": ""Hextech Drake""}, {""side"": ""BLUE"", ""time"": ""13:53"", ""type"": ""First Tower""}, {""side"": ""BLUE"", ""time"": ""15:20"", ""type"": ""Rift Herald""}, {""side"": ""BLUE"", ""time"": ""18:28"", ""type"": ""Cloud Drake""}, {""side"": ""BLUE"", ""time"": ""21:47"", ""type"": ""Nashor""}, {""side"": ""BLUE"", ""time"": ""23:40"", ""type"": ""Cloud Drake""}]",1,1,0,1,5,0,21%,22.2%,17.9%,18.2%,20.6%,24.9%,26.4%,21.6%,14.1%,13.1%,32.4%,605 DPM,11.6%,192 DPM,8.1%,152 DPM,14.9%,246 DPM,20.5%,383 DPM,44.3%,731 DPM,30.2%,565 DPM,24.5%,405 DPM,8.8%,164 DPM,4.7%,77 DPM,"{""time"": [""0"", ""1"", ""2"", ""3"", ""4"", ""5"", ""6"", ""7"", ""8"", ""9"", ""10"", ""11"", ""12"", ""13"", ""14"", ""15"", ""16"", ""17"", ""18"", ""19"", ""20"", ""21"", ""22"", ""23"", ""24"", ""25"", ""26"", ""26""], ""gold_diff"": [0, 0, 81, 840, 517, 714, 312, 432, 868, 954, 1178, 1219, 458, 744, 1181, 89, 75, 36, 1936, 2401, 2466, 2344, 4906, 4531, 4330, 7721, 8839, 11571]}",0.0,1178.0,89.0,2466.0,11571.0,34.0,85.0,33.0,81.0,46.0,54.0,46.6,53.4
45316,45316,MAD Lions vs TH,LEC Winter 2023,2023-02-05 (WEEK3),33:26,v13.1,Team Heretics,LOSS,15,9,1,2,62.6k,False,False,Cloud,"Sejuani, Elise, Lucian, Karma, Gwen","Renekton, Wukong, Azir, Ashe, Heimerdinger",Evi,Renekton,1/4/4,254,"Teleport, Flash",8010,Jankos,Wukong,2/5/5,166,"Smite, Flash",8010,Ruby,Azir,4/6/7,304,"Teleport, Flash",8010,Jackspektra,Ashe,1/3/6,243,"Flash, Boost",8008,Mersa,Heimerdinger,7/5/6,30,"Flash, Dot",8229,MAD Lions,WIN,23,8,4,0,63.1k,True,True,"Ocean, Ocean, Ocean, Hextech","Maokai, Draven, Jax, Sivir, Xayah","KSante, Vi, Sylas, Varus, Yuumi",Chasy,KSante,3/2/6,262,"Haste, Teleport",8437,Elyoya,Vi,3/3/10,180,"Flash, Smite",8010,Nisqy,Sylas,8/5/6,287,"Flash, Teleport",8010,Carzzy,Varus,7/2/7,297,"Flash, Boost",8229,Hylissang,Yuumi,2/3/15,0,"Exhaust, Heal",8214,11,"[{""side"": ""RED"", ""time"": ""3:09"", ""type"": ""First blood""}, {""side"": ""RED"", ""time"": ""5:43"", ""type"": ""Hextech Drake""}, {""side"": ""BLUE"", ""time"": ""9:22"", ""type"": ""Rift Herald""}, {""side"": ""BLUE"", ""time"": ""11:20"", ""type"": ""Cloud Drake""}, {""side"": ""RED"", ""time"": ""14:26"", ""type"": ""First Tower""}, {""side"": ""BLUE"", ""time"": ""15:52"", ""type"": ""Rift Herald""}, {""side"": ""RED"", ""time"": ""16:47"", ""type"": ""Ocean Drake""}, {""side"": ""BLUE"", ""time"": ""21:25"", ""type"": ""Nashor""}, {""side"": ""RED"", ""time"": ""22:00"", ""type"": ""Ocean Drake""}, {""side"": ""RED"", ""time"": ""27:14"", ""type"": ""Ocean Drake""}, {""side"": ""BLUE"", ""time"": ""27:38"", ""type"": ""Nashor""}]",2,1,3,0,1,2,19.4%,19.8%,18.4%,17.8%,25.1%,25.2%,20.1%,23.6%,17%,13.6%,15%,382 DPM,17.2%,482 DPM,14.1%,358 DPM,12%,336 DPM,25.8%,656 DPM,23.8%,669 DPM,16.2%,411 DPM,33.4%,938 DPM,28.8%,731 DPM,13.7%,384 DPM,"{""time"": [""0"", ""1"", ""2"", ""3"", ""4"", ""5"", ""6"", ""7"", ""8"", ""9"", ""10"", ""11"", ""12"", ""13"", ""14"", ""15"", ""16"", ""17"", ""18"", ""19"", ""20"", ""21"", ""22"", ""23"", ""24"", ""25"", ""26"", ""27"", ""28"", ""29"", ""30"", ""31"", ""32"", ""33"", ""33""], ""gold_diff"": [0, 0, 84, 54, -631, -282, -51, -226, 22, 775, 282, 1152, 1269, 1175, 1701, 1602, 1818, 2590, 2433, 2279, 1728, 3717, 4656, 4267, 4207, 3548, 3017, 2378, 3529, 4265, 2679, 2453, 2097, 528, -484]}",0.0,282.0,1602.0,1728.0,-484.0,39.0,88.0,38.0,96.0,53.7,46.3,51.6,48.4
45315,45315,VIT vs Team BDS,LEC Winter 2023,2023-02-05 (WEEK3),44:33,v13.1,Team BDS,LOSS,26,8,2,2,80.8k,True,False,"Cloud, Cloud","Jax, Zeri, Elise, Gnar, Renekton","KSante, Wukong, Akali, Lucian, Nami",Adam,KSante,3/6/12,310,"Haste, Teleport",8437,Sheo,Wukong,9/4/9,214,"Smite, Flash",8010,nuc,Akali,5/5/8,358,"Flash, Teleport",8010,Crownie,Lucian,8/2/7,366,"Boost, Flash",8369,Labrov,Nami,1/4/21,23,"Flash, Heal",8214,Team Vitality,WIN,21,10,5,0,84.1k,False,True,"Cloud, Cloud, Mountain","Maokai, Heimerdinger, Sejuani, Olaf, Darius","Gwen, Vi, Azir, Varus, Ashe",Photon,Gwen,10/2/4,415,"Haste, Teleport",8010,Bo,Vi,4/11/7,239,"Flash, Smite",8010,Perkz,Azir,6/5/11,400,"Flash, Teleport",8010,Neon,Varus,1/5/11,312,"Flash, Heal",9923,Kaiser,Ashe,0/3/14,53,"Flash, Barrier",9923,13,"[{""side"": ""RED"", ""time"": ""7:32"", ""type"": ""Infernal Drake""}, {""side"": ""RED"", ""time"": ""9:28"", ""type"": ""Rift Herald""}, {""side"": ""BLUE"", ""time"": ""11:37"", ""type"": ""First blood""}, {""side"": ""RED"", ""time"": ""13:19"", ""type"": ""Mountain Drake""}, {""side"": ""RED"", ""time"": ""15:49"", ""type"": ""First Tower""}, {""side"": ""RED"", ""time"": ""15:53"", ""type"": ""Rift Herald""}, {""side"": ""BLUE"", ""time"": ""18:46"", ""type"": ""Cloud Drake""}, {""side"": ""BLUE"", ""time"": ""24:17"", ""type"": ""Cloud Drake""}, {""side"": ""RED"", ""time"": ""30:33"", ""type"": ""Cloud Drake""}, {""side"": ""BLUE"", ""time"": ""33:21"", ""type"": ""Nashor""}, {""side"": ""RED"", ""time"": ""35:46"", ""type"": ""Cloud Drake""}, {""side"": ""BLUE"", ""time"": ""39:56"", ""type"": ""Nashor""}, {""side"": ""RED"", ""time"": ""42:29"", ""type"": ""Elder Drake""}]",1,3,0,4,1,3,20.3%,25.6%,19.7%,18.2%,21%,24.6%,25.6%,18.9%,13.4%,12.8%,15%,408 DPM,24%,834 DPM,23%,627 DPM,8.6%,299 DPM,22.4%,610 DPM,38.9%,1351 DPM,32.8%,892 DPM,15.2%,528 DPM,6.9%,187 DPM,13.3%,462 DPM,"{""time"": [""0"", ""1"", ""2"", ""3"", ""4"", ""5"", ""6"", ""7"", ""8"", ""9"", ""10"", ""11"", ""12"", ""13"", ""14"", ""15"", ""16"", ""17"", ""18"", ""19"", ""20"", ""21"", ""22"", ""23"", ""24"", ""25"", ""26"", ""27"", ""28"", ""29"", ""30"", ""31"", ""32"", ""33"", ""34"", ""35"", ""36"", ""37"", ""38"", ""39"", ""40"", ""41"", ""42"", ""43"", ""44"", ""44""], ""gold_diff"": [0, -20, -115, -566, -1011, -1039, -1410, -1197, -1590, -1555, -1400, -1605, -1182, -2041, -2298, -1939, -2881, -2614, -2462, -3135, -3129, -2728, -2956, -1889, -1616, -1595, -1121, -879, -445, -65, -1641, -1338, -1386, -291, 2233, 1625, 1887, 3837, 2564, 1752, 3136, 3632, 1803, -577, -1519, -3275]}",0.0,-1400.0,-1939.0,-3129.0,-3275.0,70.0,177.0,81.0,123.0,45.5,54.6,44.7,55.3
45314,45314,SK Gaming vs XL,LEC Winter 2023,2023-02-05 (WEEK3),35:02,v13.1,SK Gaming,WIN,13,11,4,2,65.6k,False,True,"Cloud, Mountain, Chemtech, Chemtech","Heimerdinger, Ashe, Jayce, Sylas, Ryze","Sion, Maokai, Akali, Zeri, Yuumi",Irrelevant,Sion,1/1/10,276,"Flash, Teleport",8437,Markoon,Maokai,1/0/7,177,"Flash, Smite",8230,Sertuss,Akali,4/3/5,271,"Flash, Teleport",8010,3XA,Zeri,6/0/6,414,"Boost, Flash",8008,Doss,Yuumi,1/0/11,0,"Heal, Exhaust",8214,Excel Esports,LOSS,4,3,1,0,57.4k,True,False,Chemtech,"Jax, Lucian, Elise, Azir, KSante","Renekton, Sejuani, Viktor, Yasuo, Senna",Odoamne,Renekton,2/5/1,263,"Teleport, Flash",8010,Xerxe,Sejuani,0/2/4,165,"Smite, Flash",8439,Vetheo,Viktor,1/2/2,336,"Flash, Teleport",8369,Patrik,Yasuo,1/3/1,319,"Flash, Exhaust",8008,Targamas,Senna,0/1/3,31,"Flash, Heal",8021,11,"[{""side"": ""RED"", ""time"": ""2:47"", ""type"": ""First blood""}, {""side"": ""RED"", ""time"": ""9:03"", ""type"": ""Rift Herald""}, {""side"": ""BLUE"", ""time"": ""9:36"", ""type"": ""Cloud Drake""}, {""side"": ""BLUE"", ""time"": ""15:11"", ""type"": ""Mountain Drake""}, {""side"": ""BLUE"", ""time"": ""15:55"", ""type"": ""First Tower""}, {""side"": ""RED"", ""time"": ""16:11"", ""type"": ""Rift Herald""}, {""side"": ""RED"", ""time"": ""20:38"", ""type"": ""Chemtech Drake""}, {""side"": ""BLUE"", ""time"": ""27:09"", ""type"": ""Nashor""}, {""side"": ""BLUE"", ""time"": ""28:06"", ""type"": ""Chemtech Drake""}, {""side"": ""BLUE"", ""time"": ""33:29"", ""type"": ""Chemtech Drake""}, {""side"": ""BLUE"", ""time"": ""34:05"", ""type"": ""Nashor""}]",0,3,1,3,1,0,19.6%,21.3%,17%,17%,20.6%,24.8%,29.2%,21.6%,13.5%,15.2%,19%,558 DPM,14.6%,345 DPM,18.3%,539 DPM,14.1%,334 DPM,19.9%,585 DPM,39.9%,942 DPM,32%,941 DPM,11.8%,279 DPM,10.7%,315 DPM,19.5%,461 DPM,"{""time"": [""0"", ""1"", ""2"", ""3"", ""4"", ""5"", ""6"", ""7"", ""8"", ""9"", ""10"", ""11"", ""12"", ""13"", ""14"", ""15"", ""16"", ""17"", ""18"", ""19"", ""20"", ""21"", ""22"", ""23"", ""24"", ""25"", ""26"", ""27"", ""28"", ""29"", ""30"", ""31"", ""32"", ""33"", ""34"", ""35"", ""35""], ""gold_diff"": [0, 0, -49, -502, -447, -647, -436, -848, -744, -1271, -1648, -1638, -1588, -2352, -2553, -2636, -2183, -3753, -3560, -3559, -3786, -4177, -3926, -3435, -3585, -3760, -3749, -3792, 2031, 1887, 2586, 2738, 3683, 4282, 3268, 8208, 8208]}",0.0,-1648.0,-2636.0,-3786.0,8208.0,43.0,92.0,45.0,89.0,51.1,48.9,55.6,44.4
45313,45313,VIT vs KOI,LEC Winter 2023,2023-02-04 (WEEK3),33:53,v13.1,KOI,WIN,15,10,4,0,61.9k,True,True,"Cloud, Hextech","Jax, Heimerdinger, Lucian, Sylas, Kassadin","Gnar, Vi, Azir, Varus, Ashe",Szygenda,Gnar,1/1/8,287,"Teleport, Flash",8021,Malrang,Vi,2/1/9,125,"Smite, Flash",8010,Larssen,Azir,7/1/6,309,"Flash, Teleport",8214,Comp,Varus,3/2/5,311,"Flash, Boost",9923,Trymbi,Ashe,2/0/10,43,"Flash, Heal",9923,Team Vitality,LOSS,5,3,0,0,52.3k,False,False,,"Maokai, Caitlyn, Elise, Ryze, Fiora","Renekton, Sejuani, LeBlanc, Zeri, Yuumi",Photon,Renekton,1/3/2,298,"Flash, Teleport",8010,Bo,Sejuani,1/2/2,177,"Flash, Smite",8439,Perkz,LeBlanc,2/5/0,259,"Flash, Teleport",8112,Neon,Zeri,1/2/3,354,"Flash, Boost",8008,Kaiser,Yuumi,0/3/4,0,"Heal, Dot",8214,8,"[{""side"": ""BLUE"", ""time"": ""7:32"", ""type"": ""Cloud Drake""}, {""side"": ""BLUE"", ""time"": ""8:51"", ""type"": ""Rift Herald""}, {""side"": ""BLUE"", ""time"": ""11:01"", ""type"": ""First blood""}, {""side"": ""BLUE"", ""time"": ""13:38"", ""type"": ""Hextech Drake""}, {""side"": ""BLUE"", ""time"": ""15:41"", ""type"": ""Rift Herald""}, {""side"": ""BLUE"", ""time"": ""18:27"", ""type"": ""First Tower""}, {""side"": ""BLUE"", ""time"": ""19:25"", ""type"": ""Infernal Drake""}, {""side"": ""BLUE"", ""time"": ""24:35"", ""type"": ""Infernal Drake""}]",1,1,3,0,2,0,21%,23%,16.1%,18%,25%,21.8%,22.8%,24.9%,15%,12.4%,22.8%,530 DPM,16.6%,215 DPM,9.5%,221 DPM,8%,104 DPM,31.8%,740 DPM,29.4%,382 DPM,21.5%,500 DPM,22.1%,287 DPM,14.4%,335 DPM,23.9%,310 DPM,"{""time"": [""0"", ""1"", ""2"", ""3"", ""4"", ""5"", ""6"", ""7"", ""8"", ""9"", ""10"", ""11"", ""12"", ""13"", ""14"", ""15"", ""16"", ""17"", ""18"", ""19"", ""20"", ""21"", ""22"", ""23"", ""24"", ""25"", ""26"", ""27"", ""28"", ""29"", ""30"", ""31"", ""32"", ""33"", ""33""], ""gold_diff"": [0, 0, 85, 426, 200, 368, 391, 447, 689, 870, 981, 1003, 1159, 918, 977, 430, 638, 1056, 874, 1919, 2338, 3133, 3272, 3104, 3171, 2404, 2161, 2782, 3251, 3273, 3207, 3877, 6138, 6535, 9682]}",0.0,981.0,430.0,2338.0,9682.0,74.0,74.0,51.0,141.0,49.2,50.8,51.2,48.8
45312,45312,Fnatic vs MAD Lions,LEC Winter 2023,2023-02-04 (WEEK3),24:52,v13.1,Fnatic,LOSS,6,2,0,0,39.3k,False,False,,"Nami, Kassadin, Ashe, Ryze, Jax","Gragas, Viego, Sylas, Xayah, Yuumi",Wunder,Gragas,0/3/3,155,"Teleport, Flash",8437,Razork,Viego,3/5/1,121,"Flash, Smite",8010,Humanoid,Sylas,0/5/4,195,"Flash, Teleport",8010,Rekkles,Xayah,3/0/1,262,"Flash, Boost",8008,Rhuckz,Yuumi,0/1/4,0,"Heal, Exhaust",8214,MAD Lions,WIN,14,11,3,1,50.8k,True,True,"Cloud, Chemtech","Maokai, Elise, Sivir, Twitch, Ezreal","Renekton, Sejuani, Cassiopeia, Zeri, Lulu",Chasy,Renekton,5/1/2,194,"Teleport, Flash",8010,Elyoya,Sejuani,0/0/10,122,"Flash, Smite",8439,Nisqy,Cassiopeia,8/2/2,232,"Flash, Haste",8010,Carzzy,Zeri,0/0/3,229,"Flash, Heal",8008,Hylissang,Lulu,1/3/3,0,"Flash, Dot",8214,8,"[{""side"": ""RED"", ""time"": ""3:14"", ""type"": ""First blood""}, {""side"": ""RED"", ""time"": ""8:10"", ""type"": ""Cloud Drake""}, {""side"": ""RED"", ""time"": ""9:14"", ""type"": ""Rift Herald""}, {""side"": ""RED"", ""time"": ""10:35"", ""type"": ""First Tower""}, {""side"": ""RED"", ""time"": ""13:46"", ""type"": ""Infernal Drake""}, {""side"": ""RED"", ""time"": ""16:47"", ""type"": ""Rift Herald""}, {""side"": ""RED"", ""time"": ""19:13"", ""type"": ""Chemtech Drake""}, {""side"": ""RED"", ""time"": ""20:45"", ""type"": ""Nashor""}]",0,5,0,4,0,4,18%,20.5%,22.1%,18.4%,21.8%,25.5%,25.7%,21.4%,12.5%,14.2%,20.1%,424 DPM,24.9%,553 DPM,22.5%,476 DPM,14%,312 DPM,16.6%,350 DPM,28.2%,629 DPM,28.8%,608 DPM,25.8%,574 DPM,12%,254 DPM,7.1%,158 DPM,"{""time"": [""0"", ""1"", ""2"", ""3"", ""4"", ""5"", ""6"", ""7"", ""8"", ""9"", ""10"", ""11"", ""12"", ""13"", ""14"", ""15"", ""16"", ""17"", ""18"", ""19"", ""20"", ""21"", ""22"", ""23"", ""24"", ""24""], ""gold_diff"": [0, 0, -101, -265, -1295, -1904, -1702, -2822, -3379, -3147, -3507, -5543, -6017, -6425, -7709, -8328, -8132, -8767, -8526, -8874, -8651, -9358, -9406, -10083, -10806, -11465]}",0.0,-3507.0,-8328.0,-8651.0,-11465.0,28.0,65.0,22.0,56.0,43.4,56.6,44.8,55.2
45311,45311,Team BDS vs G2 Esports,LEC Winter 2023,2023-02-04 (WEEK3),31:26,v13.1,G2 Esports,WIN,18,10,3,2,62.4k,False,True,"Mountain, Mountain, Mountain","Caitlyn, Ashe, Heimerdinger, Olaf, Darius","Gnar, Maokai, Ryze, Xayah, Nautilus",Brokenblade,Gnar,3/2/5,217,"Flash, Teleport",8021,Yike,Maokai,1/0/12,171,"Flash, Smite",8230,Caps,Ryze,9/0/5,294,"Haste, Flash",8230,Hans Sama,Xayah,5/2/11,282,"Flash, Heal",8008,Mikyx,Nautilus,0/5/12,44,"Dot, Flash",8351,Team BDS,LOSS,9,5,2,0,52.4k,True,False,"Cloud, Hextech","Draven, Elise, Jayce, Kalista, Samira","Jax, Sejuani, Sylas, Lucian, Nami",Adam,Jax,1/2/3,275,"Flash, Teleport",8437,Sheo,Sejuani,0/3/4,165,"Smite, Flash",8230,nuc,Sylas,2/2/1,255,"Flash, Teleport",8369,Crownie,Lucian,6/5/2,257,"Boost, Flash",8369,Labrov,Nami,0/6/8,0,"Flash, Heal",8214,11,"[{""side"": ""RED"", ""time"": ""3:48"", ""type"": ""First blood""}, {""side"": ""RED"", ""time"": ""6:31"", ""type"": ""Cloud Drake""}, {""side"": ""BLUE"", ""time"": ""8:48"", ""type"": ""Rift Herald""}, {""side"": ""RED"", ""time"": ""12:20"", ""type"": ""Hextech Drake""}, {""side"": ""RED"", ""time"": ""15:23"", ""type"": ""Rift Herald""}, {""side"": ""BLUE"", ""time"": ""15:34"", ""type"": ""First Tower""}, {""side"": ""BLUE"", ""time"": ""18:00"", ""type"": ""Mountain Drake""}, {""side"": ""BLUE"", ""time"": ""21:26"", ""type"": ""Nashor""}, {""side"": ""BLUE"", ""time"": ""23:37"", ""type"": ""Mountain Drake""}, {""side"": ""BLUE"", ""time"": ""28:42"", ""type"": ""Nashor""}, {""side"": ""BLUE"", ""time"": ""29:03"", ""type"": ""Mountain Drake""}]",1,3,1,0,2,1,19.4%,24.3%,18%,17%,25.6%,21.1%,23.5%,24.2%,13.4%,13.4%,16.2%,395 DPM,17.9%,267 DPM,23.4%,570 DPM,15.7%,234 DPM,27.3%,664 DPM,14.9%,222 DPM,23.9%,581 DPM,39.9%,596 DPM,9.3%,225 DPM,11.6%,173 DPM,"{""time"": [""0"", ""1"", ""2"", ""3"", ""4"", ""5"", ""6"", ""7"", ""8"", ""9"", ""10"", ""11"", ""12"", ""13"", ""14"", ""15"", ""16"", ""17"", ""18"", ""19"", ""20"", ""21"", ""22"", ""23"", ""24"", ""25"", ""26"", ""27"", ""28"", ""29"", ""30"", ""31"", ""31""], ""gold_diff"": [0, 0, 11, -32, -1343, -1240, -551, -851, -2206, -1939, -793, -470, -75, 231, 82, -161, 275, 1446, 587, 340, 646, 2358, 4032, 3827, 3637, 4258, 4530, 4779, 5806, 7850, 8570, 9545, 10030]}",0.0,-793.0,-161.0,646.0,10030.0,41.0,83.0,38.0,98.0,50.3,49.7,58.8,41.2
45310,45310,TH vs XL,LEC Winter 2023,2023-02-04 (WEEK3),26:17,v13.1,Excel Esports,LOSS,9,1,1,0,41.7k,False,False,Ocean,"KSante, Lucian, Caitlyn, Viktor, Azir","Ornn, Elise, Jayce, Varus, Braum",Odoamne,Ornn,1/4/3,146,"Teleport, Flash",8437,Xerxe,Elise,2/3/2,132,"Smite, Flash",8112,Vetheo,Jayce,6/4/2,228,"Flash, Teleport",8230,Patrik,Varus,0/7/7,184,"Flash, Boost",8008,Targamas,Braum,0/3/7,47,"Flash, Exhaust",8465,Team Heretics,WIN,21,11,2,1,56.1k,True,True,Hextech,"Maokai, Ashe, Heimerdinger, Renekton, Gangplank","Jax, Sejuani, Orianna, Draven, Rakan",Evi,Jax,3/1/3,170,"Teleport, Flash",8008,Jankos,Sejuani,3/1/16,129,"Smite, Flash",8439,Ruby,Orianna,0/2/15,198,"Teleport, Flash",8214,Jackspektra,Draven,14/3/1,282,"Flash, Boost",8008,Mersa,Rakan,1/2/18,35,"Flash, Dot",8465,8,"[{""side"": ""RED"", ""time"": ""4:23"", ""type"": ""First blood""}, {""side"": ""RED"", ""time"": ""8:30"", ""type"": ""Rift Herald""}, {""side"": ""RED"", ""time"": ""9:49"", ""type"": ""Infernal Drake""}, {""side"": ""RED"", ""time"": ""12:37"", ""type"": ""First Tower""}, {""side"": ""RED"", ""time"": ""14:51"", ""type"": ""Rift Herald""}, {""side"": ""BLUE"", ""time"": ""15:06"", ""type"": ""Ocean Drake""}, {""side"": ""RED"", ""time"": ""20:26"", ""type"": ""Nashor""}, {""side"": ""RED"", ""time"": ""21:31"", ""type"": ""Hextech Drake""}]",1,0,3,1,0,5,18.9%,17.4%,19%,18.5%,28.2%,17.8%,19.5%,32.5%,14.4%,13.8%,19%,453 DPM,21.9%,603 DPM,15.9%,379 DPM,13.5%,371 DPM,30%,713 DPM,28%,772 DPM,26.6%,632 DPM,30.1%,829 DPM,8.4%,200 DPM,6.5%,179 DPM,"{""time"": [""0"", ""1"", ""2"", ""3"", ""4"", ""5"", ""6"", ""7"", ""8"", ""9"", ""10"", ""11"", ""12"", ""13"", ""14"", ""15"", ""16"", ""17"", ""18"", ""19"", ""20"", ""21"", ""22"", ""23"", ""24"", ""25"", ""26"", ""26""], ""gold_diff"": [0, 0, 24, -46, -168, -1328, -1294, -1545, -1582, -832, -991, -1164, -1303, -2079, -2277, -2589, -2897, -3169, -4479, -4435, -7024, -10071, -10794, -10754, -9799, -10627, -12204, -14394]}",0.0,-991.0,-2589.0,-7024.0,-14394.0,43.0,80.0,32.0,82.0,46.6,53.4,41.5,58.5
45309,45309,SK Gaming vs Astralis,LEC Winter 2023,2023-02-04 (WEEK3),38:42,v13.1,Astralis,WIN,16,10,2,1,74.9k,False,False,Chemtech,"Elise, Yuumi, Maokai, Kassadin, Wukong","Gangplank, Sejuani, Sylas, Ezreal, Karma",Finn,Gangplank,9/4/2,323,"Teleport, Flash",8369,113,Sejuani,1/3/6,206,"Flash, Smite",8439,Dajor,Sylas,4/1/4,338,"Flash, Teleport",8369,Kobbe,Ezreal,2/7/8,299,"Heal, Flash",8005,Execute,Karma,0/8/12,29,"Dot, Flash",8214,SK Gaming,LOSS,23,8,4,1,70.5k,True,True,"Chemtech, Chemtech, Chemtech, Hextech","Ashe, Caitlyn, Ryze, Fiora, Renekton","Jax, Vi, LeBlanc, Lucian, Nami",Irrelevant,Jax,2/6/5,246,"Flash, Teleport",8437,Markoon,Vi,5/2/7,171,"Flash, Smite",8010,Sertuss,LeBlanc,2/2/6,316,"Flash, Teleport",8112,3XA,Lucian,13/4/6,382,"Dot, Flash",8369,Doss,Nami,1/2/17,0,"Flash, Heal",8214,12,"[{""side"": ""RED"", ""time"": ""2:03"", ""type"": ""First blood""}, {""side"": ""BLUE"", ""time"": ""5:34"", ""type"": ""Infernal Drake""}, {""side"": ""RED"", ""time"": ""8:42"", ""type"": ""Rift Herald""}, {""side"": ""RED"", ""time"": ""11:28"", ""type"": ""Hextech Drake""}, {""side"": ""RED"", ""time"": ""15:26"", ""type"": ""Rift Herald""}, {""side"": ""RED"", ""time"": ""17:05"", ""type"": ""First Tower""}, {""side"": ""BLUE"", ""time"": ""17:11"", ""type"": ""Chemtech Drake""}, {""side"": ""RED"", ""time"": ""22:32"", ""type"": ""Chemtech Drake""}, {""side"": ""RED"", ""time"": ""25:48"", ""type"": ""Nashor""}, {""side"": ""RED"", ""time"": ""28:07"", ""type"": ""Chemtech Drake""}, {""side"": ""RED"", ""time"": ""33:25"", ""type"": ""Chemtech Drake""}, {""side"": ""BLUE"", ""time"": ""34:19"", ""type"": ""Nashor""}]",0,0,1,1,1,3,28%,18.9%,17.1%,18.4%,23%,21.2%,19.3%,28.7%,12.6%,12.8%,37.8%,967 DPM,20.2%,562 DPM,10.9%,280 DPM,9.9%,276 DPM,21%,537 DPM,25%,697 DPM,21.9%,560 DPM,39.1%,1088 DPM,8.5%,217 DPM,5.8%,161 DPM,"{""time"": [""0"", ""1"", ""2"", ""3"", ""4"", ""5"", ""6"", ""7"", ""8"", ""9"", ""10"", ""11"", ""12"", ""13"", ""14"", ""15"", ""16"", ""17"", ""18"", ""19"", ""20"", ""21"", ""22"", ""23"", ""24"", ""25"", ""26"", ""27"", ""28"", ""29"", ""30"", ""31"", ""32"", ""33"", ""34"", ""35"", ""36"", ""37"", ""38"", ""38""], ""gold_diff"": [0, 5, -29, -905, -643, -1093, -787, -673, -1022, -1026, -1999, -1719, -1972, -2705, -2102, -1967, -1943, -2287, -3271, -4141, -4067, -4112, -3307, -2985, -2865, -2787, -5547, -6403, -5499, -5804, -6042, -5810, -5574, -5527, -4111, -1323, -379, 1523, 2484, 4387]}",0.0,-1999.0,-1967.0,-4067.0,4387.0,53.0,144.0,66.0,114.0,47.8,52.2,44.5,55.5
44941,44941,Fnatic vs TH,LEC Winter 2023,2023-01-30 (WEEK2),40:40,v13.1,Fnatic,LOSS,17,8,3,0,74.9k,False,True,Chemtech,"Lucian, Heimerdinger, Yuumi, Renata Glasc, Jax","Gwen, Vi, Ryze, Varus, Leona",Wunder,Gwen,4/5/7,342,"Teleport, Haste",8010,Razork,Vi,2/6/12,250,"Flash, Smite",8010,Humanoid,Ryze,2/5/11,361,"Flash, Teleport",8230,Rekkles,Varus,8/2/4,383,"Flash, Heal",9923,Rhuckz,Leona,1/3/11,37,"Dot, Flash",8351,Team Heretics,WIN,21,11,3,3,80.3k,True,False,Hextech,"Ashe, Maokai, Sejuani, Gragas, Nautilus","KSante, Wukong, Azir, Zeri, Braum",Evi,KSante,5/6/7,230,"Teleport, Haste",8437,Jankos,Wukong,5/3/14,230,"Smite, Flash",8010,Ruby,Azir,5/3/13,377,"Teleport, Flash",8229,Jackspektra,Zeri,5/3/9,415,"Flash, Boost",8008,Mersa,Braum,1/2/16,42,"Flash, Heal",8465,13,"[{""side"": ""RED"", ""time"": ""6:26"", ""type"": ""Hextech Drake""}, {""side"": ""BLUE"", ""time"": ""8:45"", ""type"": ""Rift Herald""}, {""side"": ""RED"", ""time"": ""8:54"", ""type"": ""First blood""}, {""side"": ""BLUE"", ""time"": ""12:05"", ""type"": ""Chemtech Drake""}, {""side"": ""BLUE"", ""time"": ""13:54"", ""type"": ""First Tower""}, {""side"": ""RED"", ""time"": ""15:28"", ""type"": ""Rift Herald""}, {""side"": ""BLUE"", ""time"": ""18:45"", ""type"": ""Infernal Drake""}, {""side"": ""RED"", ""time"": ""23:28"", ""type"": ""Nashor""}, {""side"": ""BLUE"", ""time"": ""24:31"", ""type"": ""Infernal Drake""}, {""side"": ""RED"", ""time"": ""30:37"", ""type"": ""Infernal Drake""}, {""side"": ""RED"", ""time"": ""33:24"", ""type"": ""Nashor""}, {""side"": ""RED"", ""time"": ""35:56"", ""type"": ""Infernal Drake""}, {""side"": ""RED"", ""time"": ""39:32"", ""type"": ""Nashor""}]",5,0,1,0,2,3,23.2%,18.5%,18.3%,20.2%,20.7%,23.6%,25.9%,24.4%,11.9%,13.3%,24.4%,694 DPM,20.5%,515 DPM,10.9%,310 DPM,24%,603 DPM,24.9%,707 DPM,27.5%,690 DPM,36.5%,1038 DPM,24.4%,611 DPM,3.3%,93 DPM,3.5%,88 DPM,"{""time"": [""0"", ""1"", ""2"", ""3"", ""4"", ""5"", ""6"", ""7"", ""8"", ""9"", ""10"", ""11"", ""12"", ""13"", ""14"", ""15"", ""16"", ""17"", ""18"", ""19"", ""20"", ""21"", ""22"", ""23"", ""24"", ""25"", ""26"", ""27"", ""28"", ""29"", ""30"", ""31"", ""32"", ""33"", ""34"", ""35"", ""36"", ""37"", ""38"", ""39"", ""40"", ""40""], ""gold_diff"": [0, 0, -2, 54, -49, -7, 217, 274, 385, 330, 504, 1832, 2080, 2202, 2936, 2802, 3081, 2598, 3206, 4182, 3751, 3402, 3526, 2710, 5475, 5656, 4189, 5325, 5620, 5681, 3081, 2379, 2214, 1801, 1139, 593, 952, 765, -1012, -1325, -3533, -5370]}",0.0,504.0,2802.0,3751.0,-5370.0,83.0,128.0,58.0,156.0,55.3,44.7,52.6,47.4
44940,44940,G2 Esports vs VIT,LEC Winter 2023,2023-01-30 (WEEK2),36:51,v13.1,G2 Esports,LOSS,8,4,2,0,61.3k,False,False,Chemtech,"Graves, Sivir, Jax, Azir, Syndra","KSante, Udyr, Ryze, Lucian, Nami",Brokenblade,KSante,4/5/2,271,"Flash, Teleport",8437,Yike,Udyr,2/4/4,253,"Haste, Smite",8010,Caps,Ryze,2/5/2,292,"Teleport, Flash",8230,Hans Sama,Lucian,0/4/2,341,"Flash, Boost",8369,Mikyx,Nami,0/6/4,25,"Heal, Flash",8214,Team Vitality,WIN,24,10,3,3,73.7k,True,True,"Hextech, Hextech, Hextech","Draven, Kalista, Elise, Viego, Maokai","Gwen, Vi, Cassiopeia, Varus, Ashe",Photon,Gwen,8/2/6,321,"Haste, Teleport",8010,Bo,Vi,5/2/10,224,"Flash, Smite",8010,Perkz,Cassiopeia,4/1/9,350,"Flash, Haste",8010,Neon,Varus,7/1/6,274,"Flash, Heal",9923,Kaiser,Ashe,0/2/14,28,"Flash, Barrier",9923,12,"[{""side"": ""RED"", ""time"": ""6:19"", ""type"": ""First blood""}, {""side"": ""BLUE"", ""time"": ""10:05"", ""type"": ""Infernal Drake""}, {""side"": ""RED"", ""time"": ""11:01"", ""type"": ""Rift Herald""}, {""side"": ""BLUE"", ""time"": ""15:25"", ""type"": ""Chemtech Drake""}, {""side"": ""RED"", ""time"": ""15:54"", ""type"": ""First Tower""}, {""side"": ""BLUE"", ""time"": ""17:39"", ""type"": ""Rift Herald""}, {""side"": ""RED"", ""time"": ""21:06"", ""type"": ""Hextech Drake""}, {""side"": ""RED"", ""time"": ""21:36"", ""type"": ""Nashor""}, {""side"": ""RED"", ""time"": ""26:42"", ""type"": ""Hextech Drake""}, {""side"": ""RED"", ""time"": ""28:58"", ""type"": ""Nashor""}, {""side"": ""RED"", ""time"": ""32:56"", ""type"": ""Hextech Drake""}, {""side"": ""RED"", ""time"": ""35:15"", ""type"": ""Nashor""}]",0,0,1,1,2,1,22.9%,23.5%,20%,19.9%,23%,22.2%,22.1%,21.1%,11.9%,13.3%,24.3%,574 DPM,39.1%,1200 DPM,24.3%,575 DPM,13.6%,418 DPM,17.1%,405 DPM,18.1%,555 DPM,26.5%,627 DPM,18.4%,565 DPM,7.7%,182 DPM,10.8%,332 DPM,"{""time"": [""0"", ""1"", ""2"", ""3"", ""4"", ""5"", ""6"", ""7"", ""8"", ""9"", ""10"", ""11"", ""12"", ""13"", ""14"", ""15"", ""16"", ""17"", ""18"", ""19"", ""20"", ""21"", ""22"", ""23"", ""24"", ""25"", ""26"", ""27"", ""28"", ""29"", ""30"", ""31"", ""32"", ""33"", ""34"", ""35"", ""36"", ""36""], ""gold_diff"": [0, -5, 153, -207, -792, -623, -590, -1474, -1679, -1553, -1315, -1281, -1960, -1919, -1863, -2083, -3464, -3156, -3452, -2216, -2890, -3557, -4415, -4236, -3804, -4415, -4908, -5149, -4887, -5569, -6160, -7224, -6114, -5750, -5662, -6842, -10267, -12473]}",0.0,-1315.0,-2083.0,-2890.0,-12473.0,59.0,131.0,71.0,115.0,51.9,48.1,47.9,52.1
44939,44939,KOI vs SK Gaming,LEC Winter 2023,2023-01-30 (WEEK2),29:38,v13.1,SK Gaming,WIN,11,11,1,1,55.5k,False,True,Mountain,"Caitlyn, Ashe, Ryze, Aatrox, Kassadin","Gnar, Sejuani, Akali, Lucian, Yuumi",Irrelevant,Gnar,1/1/4,240,"Flash, Teleport",8021,Markoon,Sejuani,1/0/4,142,"Flash, Smite",8439,Sertuss,Akali,2/1/4,269,"Flash, Teleport",8021,3XA,Lucian,6/0/4,331,"Boost, Flash",8005,Doss,Yuumi,1/0/9,0,"Exhaust, Dot",8214,KOI,LOSS,2,2,3,0,45.9k,True,False,"Cloud, Ocean, Ocean","Elise, Jax, Zeri, Sylas, Azir","Renekton, Maokai, Tristana, Ezreal, Nami",Szygenda,Renekton,0/2/1,235,"Teleport, Flash",8010,Malrang,Maokai,0/2/2,130,"Smite, Flash",8369,Larssen,Tristana,2/1/0,317,"Flash, Teleport",9923,Comp,Ezreal,0/2/0,259,"Flash, Boost",8010,Trymbi,Nami,0/4/0,0,"Flash, Heal",8214,9,"[{""side"": ""RED"", ""time"": ""3:20"", ""type"": ""First blood""}, {""side"": ""BLUE"", ""time"": ""6:15"", ""type"": ""Mountain Drake""}, {""side"": ""BLUE"", ""time"": ""9:47"", ""type"": ""Rift Herald""}, {""side"": ""RED"", ""time"": ""12:34"", ""type"": ""Cloud Drake""}, {""side"": ""BLUE"", ""time"": ""15:16"", ""type"": ""First Tower""}, {""side"": ""BLUE"", ""time"": ""16:37"", ""type"": ""Rift Herald""}, {""side"": ""RED"", ""time"": ""18:25"", ""type"": ""Ocean Drake""}, {""side"": ""RED"", ""time"": ""23:44"", ""type"": ""Ocean Drake""}, {""side"": ""BLUE"", ""time"": ""24:57"", ""type"": ""Nashor""}]",1,2,0,1,4,0,20.7%,20.8%,17.2%,18.2%,20.2%,26.6%,27.9%,21.7%,14%,12.7%,24.3%,449 DPM,12.8%,250 DPM,6.2%,115 DPM,28.7%,557 DPM,24.1%,445 DPM,23.3%,452 DPM,28.3%,523 DPM,26.4%,513 DPM,17.1%,316 DPM,8.8%,171 DPM,"{""time"": [""0"", ""1"", ""2"", ""3"", ""4"", ""5"", ""6"", ""7"", ""8"", ""9"", ""10"", ""11"", ""12"", ""13"", ""14"", ""15"", ""16"", ""17"", ""18"", ""19"", ""20"", ""21"", ""22"", ""23"", ""24"", ""25"", ""26"", ""27"", ""28"", ""29"", ""29""], ""gold_diff"": [0, 0, -216, -221, -968, -741, -1137, -1186, -1162, -506, -65, -104, -98, 291, 305, 730, 1171, 1633, 1926, 2179, 2121, 2824, 2681, 2779, 4192, 6668, 6343, 6742, 8024, 8589, 9655]}",0.0,-65.0,730.0,2121.0,9655.0,37.0,78.0,37.0,104.0,49.1,50.9,54.3,45.7
44938,44938,Team BDS vs MAD Lions,LEC Winter 2023,2023-01-30 (WEEK2),39:52,v13.1,Team BDS,WIN,17,7,4,2,73.8k,True,True,"Mountain, Mountain, Mountain, Mountain","Yuumi, Ashe, Lucian, Sylas, Kassadin","Darius, Maokai, Azir, Jhin, Tahm Kench",Adam,Darius,8/1/2,316,"Flash, Haste",8010,Sheo,Maokai,2/1/10,201,"Smite, Flash",8369,nuc,Azir,6/2/3,398,"Flash, Teleport",8010,Crownie,Jhin,1/1/11,352,"Boost, Flash",8021,Labrov,Tahm Kench,0/2/6,48,"Flash, Dot",8465,MAD Lions,LOSS,7,8,2,0,65.5k,False,False,Ocean,"Caitlyn, Heimerdinger, Olaf, Jax, Renekton","KSante, Sejuani, Akali, Varus, Thresh",Chasy,KSante,2/3/2,282,"Haste, Teleport",8437,Elyoya,Sejuani,1/1/2,232,"Flash, Smite",8439,Nisqy,Akali,4/6/0,326,"Flash, Teleport",8010,Carzzy,Varus,0/4/2,364,"Flash, Heal",9923,Hylissang,Thresh,0/3/3,41,"Flash, Dot",8351,12,"[{""side"": ""BLUE"", ""time"": ""3:01"", ""type"": ""First blood""}, {""side"": ""RED"", ""time"": ""8:29"", ""type"": ""Rift Herald""}, {""side"": ""RED"", ""time"": ""11:02"", ""type"": ""Infernal Drake""}, {""side"": ""BLUE"", ""time"": ""14:20"", ""type"": ""First Tower""}, {""side"": ""RED"", ""time"": ""15:18"", ""type"": ""Rift Herald""}, {""side"": ""RED"", ""time"": ""16:29"", ""type"": ""Ocean Drake""}, {""side"": ""BLUE"", ""time"": ""21:11"", ""type"": ""Nashor""}, {""side"": ""BLUE"", ""time"": ""21:52"", ""type"": ""Mountain Drake""}, {""side"": ""BLUE"", ""time"": ""27:03"", ""type"": ""Mountain Drake""}, {""side"": ""BLUE"", ""time"": ""33:11"", ""type"": ""Mountain Drake""}, {""side"": ""BLUE"", ""time"": ""37:04"", ""type"": ""Nashor""}, {""side"": ""BLUE"", ""time"": ""38:44"", ""type"": ""Mountain Drake""}]",4,0,0,2,1,1,23.7%,22.7%,19.3%,19.1%,23.8%,23.9%,21.4%,22%,11.8%,12.3%,22%,534 DPM,20.2%,295 DPM,30.5%,741 DPM,9.7%,141 DPM,25.6%,623 DPM,23.8%,347 DPM,17.2%,418 DPM,38.2%,558 DPM,4.7%,113 DPM,8.2%,120 DPM,"{""time"": [""0"", ""1"", ""2"", ""3"", ""4"", ""5"", ""6"", ""7"", ""8"", ""9"", ""10"", ""11"", ""12"", ""13"", ""14"", ""15"", ""16"", ""17"", ""18"", ""19"", ""20"", ""21"", ""22"", ""23"", ""24"", ""25"", ""26"", ""27"", ""28"", ""29"", ""30"", ""31"", ""32"", ""33"", ""34"", ""35"", ""36"", ""37"", ""38"", ""39"", ""39""], ""gold_diff"": [0, 0, 89, -98, 455, 278, 321, 543, 213, 338, 252, 257, 1009, 1023, 1759, 2576, 3223, 3393, 1928, 1953, 1716, 2510, 3246, 3966, 2722, 2531, 1917, 1108, 775, 1171, 1379, 1580, 1553, 2709, 2266, 2988, 1632, 1626, 3230, 5223, 8324]}",0.0,252.0,2576.0,1716.0,8324.0,61.0,147.0,87.0,126.0,49.4,50.6,49.2,50.8
44937,44937,XL vs Astralis,LEC Winter 2023,2023-01-30 (WEEK2),31:24,v13.1,Excel Esports,LOSS,6,1,1,1,47.3k,False,False,Chemtech,"Ashe, Ryze, Caitlyn, Viego, Wukong","KSante, Sejuani, Taliyah, Draven, Nautilus",Odoamne,KSante,0/3/4,220,"Teleport, Haste",8437,Xerxe,Sejuani,0/2/4,147,"Smite, Flash",8230,Vetheo,Taliyah,2/4/2,235,"Flash, Teleport",8360,Patrik,Draven,3/4/2,207,"Flash, Exhaust",8008,Targamas,Nautilus,1/9/2,37,"Flash, Dot",8351,Astralis,WIN,22,8,4,1,58k,True,True,"Ocean, Ocean, Ocean, Mountain","Maokai, Yuumi, Renekton, Jax, Akali","Gnar, Trundle, Sylas, Lucian, Nami",Finn,Gnar,4/1/12,252,"Teleport, Flash",8021,113,Trundle,3/3/13,135,"Flash, Smite",8005,Dajor,Sylas,4/1/9,231,"Flash, Teleport",8369,Kobbe,Lucian,10/0/7,250,"Boost, Flash",8369,Execute,Nami,1/1/18,0,"Heal, Flash",8465,11,"[{""side"": ""RED"", ""time"": ""3:20"", ""type"": ""First blood""}, {""side"": ""BLUE"", ""time"": ""6:18"", ""type"": ""Chemtech Drake""}, {""side"": ""RED"", ""time"": ""9:09"", ""type"": ""Rift Herald""}, {""side"": ""RED"", ""time"": ""11:58"", ""type"": ""First Tower""}, {""side"": ""RED"", ""time"": ""12:53"", ""type"": ""Mountain Drake""}, {""side"": ""RED"", ""time"": ""15:33"", ""type"": ""Rift Herald""}, {""side"": ""RED"", ""time"": ""18:33"", ""type"": ""Ocean Drake""}, {""side"": ""BLUE"", ""time"": ""20:30"", ""type"": ""Nashor""}, {""side"": ""RED"", ""time"": ""24:10"", ""type"": ""Ocean Drake""}, {""side"": ""RED"", ""time"": ""28:40"", ""type"": ""Nashor""}, {""side"": ""RED"", ""time"": ""29:25"", ""type"": ""Ocean Drake""}]",2,1,0,1,0,5,21.1%,22.3%,17.6%,17.8%,22.2%,21.5%,25.1%,25.2%,14%,13.2%,12.5%,328 DPM,25.6%,771 DPM,9.9%,261 DPM,8.5%,256 DPM,40.7%,1070 DPM,20.6%,621 DPM,29.5%,775 DPM,37.5%,1132 DPM,7.4%,193 DPM,7.8%,235 DPM,"{""time"": [""0"", ""1"", ""2"", ""3"", ""4"", ""5"", ""6"", ""7"", ""8"", ""9"", ""10"", ""11"", ""12"", ""13"", ""14"", ""15"", ""16"", ""17"", ""18"", ""19"", ""20"", ""21"", ""22"", ""23"", ""24"", ""25"", ""26"", ""27"", ""28"", ""29"", ""30"", ""31"", ""31""], ""gold_diff"": [0, -46, -44, 225, -417, -664, -659, -1092, -2164, -2002, -2844, -2788, -4381, -3894, -3423, -3473, -3951, -4292, -3713, -4927, -2460, -1343, -1861, -2651, -2616, -3432, -3739, -4674, -4637, -7308, -7669, -9721, -10694]}",0.0,-2844.0,-3473.0,-2460.0,-10694.0,38.0,95.0,31.0,76.0,53.9,46.2,48.4,51.6
44936,44936,KOI vs MAD Lions,LEC Winter 2023,2023-01-29 (WEEK2),30:13,v13.1,KOI,LOSS,3,1,0,0,46.8k,False,False,,"Yuumi, Maokai, Ryze, Jax, Renekton","KSante, Jarvan IV, Azir, Lucian, Nami",Szygenda,KSante,0/1/1,219,"Teleport, Haste",8437,Malrang,Jarvan IV,0/2/2,137,"Smite, Flash",8008,Larssen,Azir,2/4/0,268,"Flash, Teleport",8010,Comp,Lucian,0/4/1,323,"Flash, Boost",8369,Trymbi,Nami,1/0/1,0,"Flash, Heal",8214,MAD Lions,WIN,11,11,4,2,58.7k,True,True,"Ocean, Mountain, Mountain, Chemtech","Caitlyn, Heimerdinger, Elise, Wukong, Vi","Fiora, Sejuani, Sylas, Varus, Ashe",Chasy,Fiora,2/0/0,282,"Teleport, Flash",8437,Elyoya,Sejuani,2/0/6,170,"Flash, Smite",8439,Nisqy,Sylas,2/1/6,272,"Flash, Teleport",8010,Carzzy,Varus,3/1/4,256,"Flash, Heal",9923,Hylissang,Ashe,2/1/5,21,"Flash, Barrier",9923,10,"[{""side"": ""BLUE"", ""time"": ""4:56"", ""type"": ""First blood""}, {""side"": ""RED"", ""time"": ""9:22"", ""type"": ""Rift Herald""}, {""side"": ""RED"", ""time"": ""10:04"", ""type"": ""Ocean Drake""}, {""side"": ""RED"", ""time"": ""11:14"", ""type"": ""First Tower""}, {""side"": ""RED"", ""time"": ""15:47"", ""type"": ""Chemtech Drake""}, {""side"": ""RED"", ""time"": ""16:45"", ""type"": ""Rift Herald""}, {""side"": ""RED"", ""time"": ""22:13"", ""type"": ""Nashor""}, {""side"": ""RED"", ""time"": ""23:02"", ""type"": ""Mountain Drake""}, {""side"": ""RED"", ""time"": ""28:41"", ""type"": ""Mountain Drake""}, {""side"": ""RED"", ""time"": ""29:26"", ""type"": ""Nashor""}]",4,0,0,2,0,5,19.5%,21.7%,16.5%,18.7%,23.7%,22.1%,26.6%,22.8%,13.7%,14.8%,8.8%,119 DPM,14.5%,244 DPM,9.7%,131 DPM,11%,186 DPM,45.7%,617 DPM,21.7%,366 DPM,22.9%,309 DPM,34.8%,588 DPM,13%,175 DPM,18%,304 DPM,"{""time"": [""0"", ""1"", ""2"", ""3"", ""4"", ""5"", ""6"", ""7"", ""8"", ""9"", ""10"", ""11"", ""12"", ""13"", ""14"", ""15"", ""16"", ""17"", ""18"", ""19"", ""20"", ""21"", ""22"", ""23"", ""24"", ""25"", ""26"", ""27"", ""28"", ""29"", ""30"", ""30""], ""gold_diff"": [0, 0, 17, 148, -64, -257, -512, -619, -1236, -1805, -2164, -2698, -2667, -2941, -3062, -3600, -4880, -5162, -7245, -7516, -7275, -7666, -8689, -9628, -10174, -10507, -10659, -11540, -11916, -10887, -11960, -11898]}",0.0,-2164.0,-3600.0,-7275.0,-11898.0,46.0,118.0,35.0,85.0,45.2,54.8,40.0,60.0
44935,44935,Fnatic vs XL,LEC Winter 2023,2023-01-29 (WEEK2),35:05,v13.1,Excel Esports,LOSS,16,5,2,1,64.6k,True,False,Ocean,"Ryze, Ashe, Sejuani, KSante, Syndra","Renekton, Vi, Sylas, Lucian, Nami",Odoamne,Renekton,3/2/2,309,"Teleport, Flash",8010,Xerxe,Vi,3/3/7,194,"Smite, Flash",8010,Vetheo,Sylas,0/3/7,284,"Flash, Teleport",8010,Patrik,Lucian,7/5/6,293,"Flash, Exhaust",8369,Targamas,Nami,3/1/11,41,"Flash, Heal",8214,Fnatic,WIN,14,7,3,1,65.7k,False,True,"Ocean, Ocean, Hextech","Heimerdinger, Yuumi, Maokai, Jax, Ornn","Gnar, Wukong, Kassadin, Varus, Nautilus",Wunder,Gnar,1/1/4,335,"Teleport, Flash",8021,Razork,Wukong,5/6/6,194,"Flash, Smite",8010,Humanoid,Kassadin,4/3/4,314,"Flash, Teleport",8369,Rekkles,Varus,4/2/6,340,"Flash, Heal",9923,Rhuckz,Nautilus,0/4/11,35,"Dot, Flash",8351,11,"[{""side"": ""BLUE"", ""time"": ""4:31"", ""type"": ""First blood""}, {""side"": ""BLUE"", ""time"": ""8:38"", ""type"": ""Rift Herald""}, {""side"": ""RED"", ""time"": ""9:09"", ""type"": ""Hextech Drake""}, {""side"": ""BLUE"", ""time"": ""14:44"", ""type"": ""Infernal Drake""}, {""side"": ""BLUE"", ""time"": ""15:46"", ""type"": ""Rift Herald""}, {""side"": ""RED"", ""time"": ""15:57"", ""type"": ""First Tower""}, {""side"": ""BLUE"", ""time"": ""20:26"", ""type"": ""Ocean Drake""}, {""side"": ""RED"", ""time"": ""25:42"", ""type"": ""Ocean Drake""}, {""side"": ""BLUE"", ""time"": ""25:44"", ""type"": ""Nashor""}, {""side"": ""RED"", ""time"": ""32:02"", ""type"": ""Ocean Drake""}, {""side"": ""RED"", ""time"": ""32:22"", ""type"": ""Nashor""}]",2,0,0,2,2,3,21.3%,21.1%,18.8%,19.1%,19.2%,22.8%,26.2%,24.6%,14.5%,12.4%,20.4%,449 DPM,17.5%,473 DPM,8.7%,191 DPM,13%,352 DPM,12.6%,276 DPM,28.2%,764 DPM,50.4%,1108 DPM,35.4%,961 DPM,7.9%,175 DPM,6%,162 DPM,"{""time"": [""0"", ""1"", ""2"", ""3"", ""4"", ""5"", ""6"", ""7"", ""8"", ""9"", ""10"", ""11"", ""12"", ""13"", ""14"", ""15"", ""16"", ""17"", ""18"", ""19"", ""20"", ""21"", ""22"", ""23"", ""24"", ""25"", ""26"", ""27"", ""28"", ""29"", ""30"", ""31"", ""32"", ""33"", ""34"", ""35"", ""35""], ""gold_diff"": [0, 0, 112, 247, 104, 346, 261, 774, 925, 1165, 1361, 1650, 1280, 1530, 1488, 951, 1003, 1287, 1776, 1767, 1576, 2463, 2588, 3684, 3324, 2457, 5217, 5000, 5176, 4933, 4793, 5201, 4784, 3482, 3800, -1082, -1133]}",0.0,1361.0,951.0,1576.0,-1133.0,45.0,111.0,54.0,102.0,50.8,49.2,50.1,49.9
44934,44934,G2 Esports vs TH,LEC Winter 2023,2023-01-29 (WEEK2),18:45,v13.1,Team Heretics,LOSS,4,1,0,0,30.1k,False,False,,"Caitlyn, Ashe, Heimerdinger, Sejuani, Viego","KSante, Elise, Viktor, Lucian, Nami",Evi,KSante,1/5/0,147,"Teleport, Flash",8437,Jankos,Elise,0/6/2,88,"Smite, Flash",8112,Ruby,Viktor,1/3/0,181,"Teleport, Flash",8214,Jackspektra,Lucian,1/4/0,149,"Flash, Boost",8369,Mersa,Nami,1/2/1,29,"Flash, Heal",8214,G2 Esports,WIN,20,8,2,0,43.8k,True,True,"Mountain, Hextech","Yuumi, Maokai, Ryze, Renekton, Azir","Jax, Belveth, Twisted Fate, Draven, Nautilus",Brokenblade,Jax,4/1/6,140,"Flash, Teleport",8437,Yike,Belveth,9/1/4,150,"Flash, Smite",8010,Caps,Twisted Fate,1/0/7,140,"Teleport, Flash",8360,Hans Sama,Draven,6/0/4,160,"Flash, Exhaust",8008,Mikyx,Nautilus,0/2/10,25,"Dot, Flash",8351,6,"[{""side"": ""RED"", ""time"": ""3:43"", ""type"": ""First blood""}, {""side"": ""RED"", ""time"": ""7:15"", ""type"": ""Hextech Drake""}, {""side"": ""RED"", ""time"": ""9:42"", ""type"": ""Rift Herald""}, {""side"": ""RED"", ""time"": ""13:14"", ""type"": ""Mountain Drake""}, {""side"": ""RED"", ""time"": ""13:44"", ""type"": ""First Tower""}, {""side"": ""RED"", ""time"": ""16:29"", ""type"": ""Rift Herald""}]",0,5,1,4,2,4,20.7%,19.5%,16.9%,23.6%,22.4%,17.2%,25.7%,27.6%,14.3%,12.1%,27.4%,446 DPM,26.4%,541 DPM,12.5%,204 DPM,26.5%,542 DPM,31.2%,508 DPM,11.7%,239 DPM,21%,342 DPM,25.2%,516 DPM,7.9%,129 DPM,10.3%,210 DPM,"{""time"": [""0"", ""1"", ""2"", ""3"", ""4"", ""5"", ""6"", ""7"", ""8"", ""9"", ""10"", ""11"", ""12"", ""13"", ""14"", ""15"", ""16"", ""17"", ""18"", ""18""], ""gold_diff"": [0, -5, -101, -111, -1696, -1774, -2581, -2324, -2183, -4156, -4964, -5686, -6177, -5993, -8048, -8538, -10058, -10321, -11008, -13775]}",0.0,-4964.0,-8538.0,0.0,-13775.0,17.0,46.0,15.0,46.0,41.9,58.1,40.8,59.2
44933,44933,SK Gaming vs VIT,LEC Winter 2023,2023-01-29 (WEEK2),31:07,v13.1,Team Vitality,LOSS,6,3,3,0,52.4k,False,False,"Cloud, Cloud, Chemtech","Jax, Ashe, Lucian, Azir, Viktor","Ornn, Maokai, Tristana, Sivir, Yuumi",Photon,Ornn,0/1/3,222,"Flash, Teleport",8437,Bo,Maokai,3/6/3,151,"Flash, Smite",8369,Perkz,Tristana,1/3/1,313,"Flash, Teleport",9923,Neon,Sivir,1/1/2,362,"Flash, Barrier",8008,Kaiser,Yuumi,1/2/3,0,"Heal, Exhaust",8214,SK Gaming,WIN,13,9,2,2,60.9k,True,True,Cloud,"Graves, Ryze, Varus, Jayce, KSante","Renekton, Elise, Syndra, Zeri, Lulu",Irrelevant,Renekton,6/2/0,263,"Flash, Teleport",8010,Markoon,Elise,2/2/7,176,"Flash, Smite",8112,Sertuss,Syndra,2/1/6,237,"Flash, Teleport",8112,3XA,Zeri,1/0/4,369,"Haste, Flash",8008,Doss,Lulu,2/1/6,0,"Flash, Dot",8214,11,"[{""side"": ""RED"", ""time"": ""2:48"", ""type"": ""First blood""}, {""side"": ""RED"", ""time"": ""7:17"", ""type"": ""Infernal Drake""}, {""side"": ""RED"", ""time"": ""8:52"", ""type"": ""Rift Herald""}, {""side"": ""BLUE"", ""time"": ""12:39"", ""type"": ""Chemtech Drake""}, {""side"": ""RED"", ""time"": ""14:19"", ""type"": ""First Tower""}, {""side"": ""RED"", ""time"": ""16:36"", ""type"": ""Rift Herald""}, {""side"": ""BLUE"", ""time"": ""17:58"", ""type"": ""Cloud Drake""}, {""side"": ""RED"", ""time"": ""21:56"", ""type"": ""Nashor""}, {""side"": ""RED"", ""time"": ""23:56"", ""type"": ""Cloud Drake""}, {""side"": ""RED"", ""time"": ""29:12"", ""type"": ""Nashor""}, {""side"": ""BLUE"", ""time"": ""29:22"", ""type"": ""Cloud Drake""}]",2,0,1,1,0,4,18.4%,22.9%,20.2%,18.5%,23.6%,20.1%,25.2%,24.9%,12.6%,13.6%,18.8%,379 DPM,27.7%,562 DPM,27.1%,545 DPM,15%,303 DPM,20.5%,414 DPM,25.3%,513 DPM,24.9%,501 DPM,26.4%,535 DPM,8.7%,176 DPM,5.7%,115 DPM,"{""time"": [""0"", ""1"", ""2"", ""3"", ""4"", ""5"", ""6"", ""7"", ""8"", ""9"", ""10"", ""11"", ""12"", ""13"", ""14"", ""15"", ""16"", ""17"", ""18"", ""19"", ""20"", ""21"", ""22"", ""23"", ""24"", ""25"", ""26"", ""27"", ""28"", ""29"", ""30"", ""31"", ""31""], ""gold_diff"": [0, -5, -69, -754, -1134, -687, -627, -225, -462, -409, 152, -126, -157, 25, 427, 51, 816, 364, 106, -319, 197, 898, -1225, -1204, -2760, -3113, -3186, -2828, -2923, -3556, -5218, -8424, -8474]}",0.0,152.0,51.0,197.0,-8474.0,38.0,115.0,60.0,82.0,50.3,49.7,48.4,51.6
44932,44932,Astralis vs Team BDS,LEC Winter 2023,2023-01-29 (WEEK2),31:50,v13.1,Astralis,LOSS,6,2,0,0,49.3k,False,True,,"Maokai, Sejuani, Varus, Olaf, Darius","KSante, Jarvan IV, Syndra, Caitlyn, Ashe",Finn,KSante,1/4/2,184,"Teleport, Flash",8437,113,Jarvan IV,0/4/4,137,"Flash, Smite",8008,Dajor,Syndra,1/7/2,244,"Flash, Teleport",8214,Kobbe,Caitlyn,3/3/3,312,"Heal, Flash",8021,Execute,Ashe,1/4/5,22,"Haste, Flash",9923,Team BDS,WIN,22,11,4,2,63.3k,True,False,"Ocean, Ocean, Mountain","Ryze, Lucian, Yuumi, Fiora, Gnar","Jax, Wukong, Sylas, Jhin, Heimerdinger",Adam,Jax,4/3/4,238,"Flash, Teleport",8437,Sheo,Wukong,5/1/9,212,"Smite, Flash",8010,nuc,Sylas,6/1/8,249,"Flash, Teleport",8010,Crownie,Jhin,5/1/9,278,"Heal, Flash",8021,Labrov,Heimerdinger,2/0/10,33,"Flash, Dot",8229,10,"[{""side"": ""RED"", ""time"": ""8:02"", ""type"": ""Mountain Drake""}, {""side"": ""RED"", ""time"": ""9:43"", ""type"": ""Rift Herald""}, {""side"": ""RED"", ""time"": ""9:51"", ""type"": ""First blood""}, {""side"": ""BLUE"", ""time"": ""10:23"", ""type"": ""First Tower""}, {""side"": ""RED"", ""time"": ""13:41"", ""type"": ""Infernal Drake""}, {""side"": ""RED"", ""time"": ""16:19"", ""type"": ""Rift Herald""}, {""side"": ""RED"", ""time"": ""19:01"", ""type"": ""Ocean Drake""}, {""side"": ""RED"", ""time"": ""20:27"", ""type"": ""Nashor""}, {""side"": ""RED"", ""time"": ""24:47"", ""type"": ""Ocean Drake""}, {""side"": ""RED"", ""time"": ""26:44"", ""type"": ""Nashor""}]",1,3,2,0,5,1,18.8%,21.8%,16.3%,20.6%,20.9%,21.8%,28.9%,21.9%,15.1%,14%,19.9%,457 DPM,16.8%,403 DPM,9%,207 DPM,18.4%,444 DPM,25.7%,591 DPM,15.8%,381 DPM,28.3%,652 DPM,24.5%,591 DPM,17.1%,394 DPM,24.5%,589 DPM,"{""time"": [""0"", ""1"", ""2"", ""3"", ""4"", ""5"", ""6"", ""7"", ""8"", ""9"", ""10"", ""11"", ""12"", ""13"", ""14"", ""15"", ""16"", ""17"", ""18"", ""19"", ""20"", ""21"", ""22"", ""23"", ""24"", ""25"", ""26"", ""27"", ""28"", ""29"", ""30"", ""31"", ""31""], ""gold_diff"": [0, 5, -71, 15, -32, 348, 614, 56, 588, 637, -186, -264, -395, -727, -925, -1325, -2180, -2490, -2426, -3682, -4474, -7104, -7233, -8206, -8073, -9842, -10915, -12099, -11940, -11852, -10732, -12285, -14045]}",0.0,-186.0,-1325.0,-4474.0,-14045.0,56.0,94.0,27.0,121.0,43.3,56.7,35.7,64.3
44931,44931,XL vs MAD Lions,LEC Winter 2023,2023-01-28 (WEEK2),25:38,v13.1,MAD Lions,WIN,14,9,4,1,52k,False,True,"Cloud, Ocean, Chemtech, Chemtech","Caitlyn, Ashe, Heimerdinger, Sylas, Kassadin","KSante, Maokai, Azir, Sivir, Lulu",Chasy,KSante,5/0/8,207,"Dot, Teleport",8437,Elyoya,Maokai,1/2/12,159,"Flash, Smite",8369,Nisqy,Azir,6/1/6,247,"Flash, Teleport",8010,Carzzy,Sivir,2/3/9,251,"Flash, Heal",8008,Hylissang,Lulu,0/1/12,0,"Flash, Dot",8214,Excel Esports,LOSS,7,1,0,0,40k,True,False,,"Ryze, Lucian, Kalista, Jax, Jayce","Gwen, Wukong, Akali, Zeri, Yuumi",Odoamne,Gwen,1/4/3,204,"Teleport, Haste",8010,Xerxe,Wukong,2/4/3,127,"Smite, Flash",8010,Vetheo,Akali,1/2/5,212,"Flash, Teleport",8010,Patrik,Zeri,3/2/4,233,"Flash, Boost",8008,Targamas,Yuumi,0/2/6,0,"Exhaust, Heal",8214,9,"[{""side"": ""BLUE"", ""time"": ""7:19"", ""type"": ""Cloud Drake""}, {""side"": ""RED"", ""time"": ""9:17"", ""type"": ""First blood""}, {""side"": ""BLUE"", ""time"": ""9:23"", ""type"": ""Rift Herald""}, {""side"": ""BLUE"", ""time"": ""13:36"", ""type"": ""Ocean Drake""}, {""side"": ""BLUE"", ""time"": ""16:23"", ""type"": ""Rift Herald""}, {""side"": ""BLUE"", ""time"": ""17:02"", ""type"": ""First Tower""}, {""side"": ""BLUE"", ""time"": ""18:50"", ""type"": ""Chemtech Drake""}, {""side"": ""BLUE"", ""time"": ""22:50"", ""type"": ""Nashor""}, {""side"": ""BLUE"", ""time"": ""24:22"", ""type"": ""Chemtech Drake""}]",1,0,4,1,2,2,21%,21%,19.3%,19.2%,24.9%,21.4%,22%,25.4%,12.8%,13%,27.6%,796 DPM,28.5%,518 DPM,16.7%,481 DPM,16.5%,300 DPM,29.2%,842 DPM,19.3%,351 DPM,21.7%,626 DPM,24.2%,439 DPM,5%,144 DPM,11.4%,208 DPM,"{""time"": [""0"", ""1"", ""2"", ""3"", ""4"", ""5"", ""6"", ""7"", ""8"", ""9"", ""10"", ""11"", ""12"", ""13"", ""14"", ""15"", ""16"", ""17"", ""18"", ""19"", ""20"", ""21"", ""22"", ""23"", ""24"", ""25"", ""25""], ""gold_diff"": [0, 0, 106, 341, 489, 726, 522, 629, 648, 743, 243, 303, 868, 908, 1723, 1913, 2111, 2008, 2383, 3041, 2464, 3006, 3938, 7174, 9194, 9531, 12063]}",0.0,243.0,1913.0,2464.0,12063.0,18.0,61.0,27.0,54.0,51.1,48.9,59.0,41.0
44930,44930,G2 Esports vs SK Gaming,LEC Winter 2023,2023-01-28 (WEEK2),34:42,v13.1,SK Gaming,WIN,25,9,1,1,65k,True,False,Ocean,"Heimerdinger, Ryze, Ashe, Gwen, Karma","Sion, Elise, Azir, Sivir, Yuumi",Irrelevant,Sion,3/6/10,230,"Flash, Teleport",8437,Markoon,Elise,6/3/13,146,"Flash, Smite",8112,Sertuss,Azir,8/0/9,265,"Flash, Teleport",8010,3XA,Sivir,7/4/9,376,"Barrier, Flash",8008,Doss,Yuumi,1/0/21,0,"Heal, Exhaust",8214,G2 Esports,LOSS,13,3,3,1,59.2k,False,True,"Cloud, Cloud, Chemtech","Maokai, Jax, Lucian, Sylas, Kassadin","KSante, Graves, Akali, Varus, Lulu",Brokenblade,KSante,6/5/4,242,"Flash, Teleport",8437,Yike,Graves,1/6/8,225,"Flash, Smite",8021,Caps,Akali,4/5/1,242,"Teleport, Flash",8010,Hans Sama,Varus,0/7/7,272,"Flash, Boost",8008,Mikyx,Lulu,2/2/7,26,"Dot, Flash",8214,10,"[{""side"": ""BLUE"", ""time"": ""3:27"", ""type"": ""First blood""}, {""side"": ""RED"", ""time"": ""9:00"", ""type"": ""Rift Herald""}, {""side"": ""RED"", ""time"": ""11:27"", ""type"": ""Chemtech Drake""}, {""side"": ""RED"", ""time"": ""14:54"", ""type"": ""First Tower""}, {""side"": ""RED"", ""time"": ""15:37"", ""type"": ""Rift Herald""}, {""side"": ""BLUE"", ""time"": ""16:57"", ""type"": ""Ocean Drake""}, {""side"": ""BLUE"", ""time"": ""20:50"", ""type"": ""Nashor""}, {""side"": ""RED"", ""time"": ""22:42"", ""type"": ""Cloud Drake""}, {""side"": ""RED"", ""time"": ""28:44"", ""type"": ""Cloud Drake""}, {""side"": ""RED"", ""time"": ""29:49"", ""type"": ""Nashor""}]",0,3,1,1,3,0,18.2%,22.9%,19.1%,21.2%,22.1%,21.2%,26.4%,20.5%,14.2%,14.2%,17.3%,506 DPM,26%,631 DPM,17.7%,520 DPM,22.3%,542 DPM,31.8%,931 DPM,20.9%,508 DPM,24.4%,715 DPM,20.6%,500 DPM,8.8%,257 DPM,10.2%,249 DPM,"{""time"": [""0"", ""1"", ""2"", ""3"", ""4"", ""5"", ""6"", ""7"", ""8"", ""9"", ""10"", ""11"", ""12"", ""13"", ""14"", ""15"", ""16"", ""17"", ""18"", ""19"", ""20"", ""21"", ""22"", ""23"", ""24"", ""25"", ""26"", ""27"", ""28"", ""29"", ""30"", ""31"", ""32"", ""33"", ""34"", ""34""], ""gold_diff"": [0, 19, 192, 131, 1548, 1006, 898, 1093, 535, 348, 1186, 762, 667, 145, 922, 876, 697, 727, 2886, 2196, 2566, 3219, 3970, 5524, 5770, 5470, 4711, 5557, 4686, 3847, 2225, 2486, 2696, 3126, 4023, 5720]}",0.0,1186.0,876.0,2566.0,5720.0,77.0,144.0,60.0,145.0,46.0,54.0,52.7,47.3
44929,44929,KOI vs TH,LEC Winter 2023,2023-01-28 (WEEK2),44:33,v13.1,Team Heretics,WIN,20,11,5,2,85.7k,False,True,"Mountain, Mountain, Mountain, Chemtech","Caitlyn, Maokai, Kalista, Jax, Renekton","KSante, Graves, Azir, Lucian, Nami",Evi,KSante,6/3/8,330,"Teleport, Haste",8437,Jankos,Graves,2/2/10,345,"Smite, Flash",8021,Ruby,Azir,8/3/7,367,"Teleport, Flash",8229,Jackspektra,Lucian,4/3/6,365,"Flash, Boost",8369,Mersa,Nami,0/0/18,0,"Flash, Heal",8214,KOI,LOSS,11,5,1,1,76.8k,True,False,Hextech,"Ashe, Sejuani, Ryze, Wukong, Viego","Fiora, Elise, Viktor, Sivir, Yuumi",Szygenda,Fiora,1/4/7,359,"Teleport, Flash",8437,Malrang,Elise,2/4/4,193,"Smite, Flash",8112,Larssen,Viktor,5/5/3,361,"Flash, Teleport",8214,Comp,Sivir,1/3/8,491,"Flash, Heal",8005,Trymbi,Yuumi,2/4/7,0,"Exhaust, Dot",8214,13,"[{""side"": ""RED"", ""time"": ""3:41"", ""type"": ""First blood""}, {""side"": ""BLUE"", ""time"": ""9:11"", ""type"": ""Rift Herald""}, {""side"": ""RED"", ""time"": ""10:08"", ""type"": ""Hextech Drake""}, {""side"": ""BLUE"", ""time"": ""14:22"", ""type"": ""First Tower""}, {""side"": ""RED"", ""time"": ""15:28"", ""type"": ""Rift Herald""}, {""side"": ""BLUE"", ""time"": ""15:34"", ""type"": ""Chemtech Drake""}, {""side"": ""BLUE"", ""time"": ""20:47"", ""type"": ""Mountain Drake""}, {""side"": ""BLUE"", ""time"": ""25:39"", ""type"": ""Nashor""}, {""side"": ""BLUE"", ""time"": ""27:28"", ""type"": ""Mountain Drake""}, {""side"": ""BLUE"", ""time"": ""32:59"", ""type"": ""Mountain Drake""}, {""side"": ""RED"", ""time"": ""33:13"", ""type"": ""Nashor""}, {""side"": ""BLUE"", ""time"": ""40:09"", ""type"": ""Elder Drake""}, {""side"": ""BLUE"", ""time"": ""41:18"", ""type"": ""Nashor""}]",4,2,1,1,1,2,20.6%,22.4%,20.8%,16.5%,22.3%,23.2%,23.2%,24.6%,13.2%,13.3%,16.6%,444 DPM,23.3%,592 DPM,19.1%,511 DPM,17.6%,447 DPM,32.6%,872 DPM,26.5%,672 DPM,25.9%,691 DPM,24.3%,617 DPM,5.8%,155 DPM,8.2%,208 DPM,"{""time"": [""0"", ""1"", ""2"", ""3"", ""4"", ""5"", ""6"", ""7"", ""8"", ""9"", ""10"", ""11"", ""12"", ""13"", ""14"", ""15"", ""16"", ""17"", ""18"", ""19"", ""20"", ""21"", ""22"", ""23"", ""24"", ""25"", ""26"", ""27"", ""28"", ""29"", ""30"", ""31"", ""32"", ""33"", ""34"", ""35"", ""36"", ""37"", ""38"", ""39"", ""40"", ""41"", ""42"", ""43"", ""44"", ""44""], ""gold_diff"": [0, 0, -28, -174, -927, 64, 327, -163, -265, 71, -184, -207, 145, 746, 984, 1578, 1410, 1196, 1846, 712, 820, -380, 468, 597, 765, 1917, 2895, 5557, 5555, 5211, 5751, 5039, 4989, 4591, 1415, 1552, 1299, 1520, 1293, 1667, 1449, 3050, 4789, 5115, 5699, 8880]}",0.0,-184.0,1578.0,820.0,8880.0,82.0,177.0,103.0,196.0,54.4,45.6,52.3,47.7
44928,44928,Fnatic vs Team BDS,LEC Winter 2023,2023-01-28 (WEEK2),38:08,v13.1,Fnatic,LOSS,10,3,1,0,62.3k,False,False,Chemtech,"Caitlyn, Lucian, Sejuani, Kassadin, Nautilus","KSante, Viego, Azir, Ezreal, Ashe",Wunder,KSante,3/4/2,242,"Teleport, Flash",8437,Razork,Viego,5/5/3,204,"Flash, Smite",8010,Humanoid,Azir,1/6/4,299,"Flash, Teleport",8229,Rekkles,Ezreal,0/1/6,356,"Flash, Teleport",8369,Rhuckz,Ashe,1/4/9,31,"Heal, Flash",9923,Team BDS,WIN,20,11,5,2,73.6k,True,True,"Chemtech, Chemtech, Hextech","Ryze, Yuumi, Maokai, Vi, Kindred","Olaf, Wukong, Viktor, Varus, Heimerdinger",Adam,Olaf,7/0/2,319,"Flash, Haste",8010,Sheo,Wukong,2/3/9,201,"Smite, Flash",8010,nuc,Viktor,5/2/8,256,"Flash, Teleport",8214,Crownie,Varus,5/2/11,362,"Heal, Flash",8229,Labrov,Heimerdinger,1/3/11,35,"Flash, Dot",8229,12,"[{""side"": ""RED"", ""time"": ""3:51"", ""type"": ""First blood""}, {""side"": ""RED"", ""time"": ""7:13"", ""type"": ""Hextech Drake""}, {""side"": ""BLUE"", ""time"": ""9:22"", ""type"": ""Rift Herald""}, {""side"": ""RED"", ""time"": ""12:20"", ""type"": ""First Tower""}, {""side"": ""RED"", ""time"": ""13:01"", ""type"": ""Infernal Drake""}, {""side"": ""RED"", ""time"": ""16:01"", ""type"": ""Rift Herald""}, {""side"": ""RED"", ""time"": ""18:20"", ""type"": ""Chemtech Drake""}, {""side"": ""RED"", ""time"": ""20:30"", ""type"": ""Nashor""}, {""side"": ""BLUE"", ""time"": ""23:31"", ""type"": ""Chemtech Drake""}, {""side"": ""RED"", ""time"": ""29:37"", ""type"": ""Chemtech Drake""}, {""side"": ""RED"", ""time"": ""31:50"", ""type"": ""Nashor""}, {""side"": ""RED"", ""time"": ""36:07"", ""type"": ""Elder Drake""}]",1,5,4,0,1,4,19.9%,25%,20.8%,17.5%,21.3%,19.3%,24.6%,23.7%,13.4%,14.5%,10.6%,256 DPM,19.8%,516 DPM,13.5%,328 DPM,12.9%,336 DPM,31.5%,764 DPM,23.7%,618 DPM,35.8%,867 DPM,28.8%,751 DPM,8.6%,208 DPM,14.8%,387 DPM,"{""time"": [""0"", ""1"", ""2"", ""3"", ""4"", ""5"", ""6"", ""7"", ""8"", ""9"", ""10"", ""11"", ""12"", ""13"", ""14"", ""15"", ""16"", ""17"", ""18"", ""19"", ""20"", ""21"", ""22"", ""23"", ""24"", ""25"", ""26"", ""27"", ""28"", ""29"", ""30"", ""31"", ""32"", ""33"", ""34"", ""35"", ""36"", ""37"", ""38"", ""38""], ""gold_diff"": [0, 0, -57, -460, -558, -1064, -868, -895, -1167, -1493, -1534, -1664, -2645, -3296, -2727, -2620, -3864, -4055, -3710, -3749, -2784, -5164, -4863, -1720, -2161, -1332, -1537, -1398, -2244, -3283, -3810, -4503, -5491, -6201, -5860, -7113, -8625, -9989, -11341, -11285]}",0.0,-1534.0,-2620.0,-2784.0,-11285.0,60.0,102.0,55.0,131.0,42.2,57.8,44.4,55.6
44927,44927,Astralis vs VIT,LEC Winter 2023,2023-01-28 (WEEK2),31:32,v13.1,Team Vitality,WIN,11,10,4,1,58.4k,False,False,"Chemtech, Chemtech, Hextech","Sejuani, Lucian, Ashe, Sylas, Aurelion Sol","Gnar, Maokai, Syndra, Caitlyn, Lux",Photon,Gnar,2/3/5,262,"Flash, Teleport",8021,Bo,Maokai,2/0/5,178,"Flash, Smite",8369,Perkz,Syndra,5/2/5,269,"Flash, Teleport",8369,Neon,Caitlyn,2/2/5,231,"Flash, Boost",8008,Kaiser,Lux,0/3/10,31,"Flash, Heal",8229,Astralis,LOSS,10,3,1,0,50.8k,True,True,Chemtech,"Ryze, Jax, Azir, Jayce, Fiora","KSante, Viego, Twisted Fate, Zeri, Yuumi",Finn,KSante,1/3/2,181,"Teleport, Haste",8437,113,Viego,2/2/6,141,"Flash, Smite",8010,Dajor,Twisted Fate,1/1/6,231,"Flash, Teleport",8360,Kobbe,Zeri,6/2/3,294,"Boost, Flash",8008,Execute,Yuumi,0/3/10,0,"Dot, Heal",8214,10,"[{""side"": ""BLUE"", ""time"": ""6:45"", ""type"": ""Infernal Drake""}, {""side"": ""RED"", ""time"": ""6:47"", ""type"": ""First blood""}, {""side"": ""RED"", ""time"": ""10:44"", ""type"": ""Rift Herald""}, {""side"": ""RED"", ""time"": ""11:52"", ""type"": ""First Tower""}, {""side"": ""BLUE"", ""time"": ""12:11"", ""type"": ""Hextech Drake""}, {""side"": ""BLUE"", ""time"": ""17:28"", ""type"": ""Chemtech Drake""}, {""side"": ""RED"", ""time"": ""17:47"", ""type"": ""Rift Herald""}, {""side"": ""RED"", ""time"": ""22:53"", ""type"": ""Chemtech Drake""}, {""side"": ""BLUE"", ""time"": ""23:05"", ""type"": ""Nashor""}, {""side"": ""BLUE"", ""time"": ""28:30"", ""type"": ""Chemtech Drake""}]",1,5,2,0,5,1,22.1%,17.4%,19.7%,19.3%,22.5%,21%,22.1%,27.9%,13.6%,14.4%,20.9%,539 DPM,14.2%,199 DPM,20.9%,538 DPM,19.7%,276 DPM,25.2%,649 DPM,20.4%,285 DPM,22.5%,580 DPM,30.8%,431 DPM,10.6%,273 DPM,15%,211 DPM,"{""time"": [""0"", ""1"", ""2"", ""3"", ""4"", ""5"", ""6"", ""7"", ""8"", ""9"", ""10"", ""11"", ""12"", ""13"", ""14"", ""15"", ""16"", ""17"", ""18"", ""19"", ""20"", ""21"", ""22"", ""23"", ""24"", ""25"", ""26"", ""27"", ""28"", ""29"", ""30"", ""31"", ""31""], ""gold_diff"": [0, 0, -85, -133, 133, -165, 37, -73, -36, -178, -672, -52, -416, -116, -74, 396, 369, 1438, 1136, 870, 756, 209, 379, 318, 2980, 4105, 2087, 1842, 2117, 3528, 3650, 6623, 7594]}",0.0,-672.0,396.0,756.0,7594.0,45.0,102.0,49.0,96.0,56.5,43.5,58.9,41.1
44618,44618,MAD Lions vs VIT,LEC Winter 2023,2023-01-23 (WEEK1),29:22,v13.1,MAD Lions,LOSS,8,2,1,0,49.7k,False,False,,"Jax, Sejuani, Ashe, Syndra, Gwen","Gnar, Wukong, Viktor, Lucian, Lulu",Chasy,Gnar,0/3/2,234,"Teleport, Flash",8021,Elyoya,Wukong,3/4/3,164,"Flash, Smite",8010,Nisqy,Viktor,1/4/3,285,"Flash, Teleport",8214,Carzzy,Lucian,4/3/2,270,"Flash, Dot",8369,Hylissang,Lulu,0/7/7,0,"Flash, Heal",8214,Team Vitality,WIN,21,10,3,1,60.4k,True,True,"Cloud, Ocean, Ocean","Maokai, Ryze, Yuumi, Renekton, Kassadin","KSante, Vi, Azir, Ezreal, Nami",Photon,KSante,3/2/5,251,"Haste, Teleport",8437,Bo,Vi,6/2/7,188,"Flash, Smite",8010,Perkz,Azir,11/2/6,292,"Flash, Teleport",8229,Neon,Ezreal,1/1/9,253,"Flash, Exhaust",8010,Kaiser,Nami,0/1/14,0,"Flash, Heal",8214,9,"[{""side"": ""RED"", ""time"": ""3:13"", ""type"": ""First blood""}, {""side"": ""RED"", ""time"": ""5:43"", ""type"": ""Cloud Drake""}, {""side"": ""RED"", ""time"": ""9:37"", ""type"": ""Rift Herald""}, {""side"": ""BLUE"", ""time"": ""11:54"", ""type"": ""Infernal Drake""}, {""side"": ""RED"", ""time"": ""15:01"", ""type"": ""First Tower""}, {""side"": ""RED"", ""time"": ""16:20"", ""type"": ""Rift Herald""}, {""side"": ""RED"", ""time"": ""17:36"", ""type"": ""Ocean Drake""}, {""side"": ""RED"", ""time"": ""22:52"", ""type"": ""Nashor""}, {""side"": ""RED"", ""time"": ""24:00"", ""type"": ""Ocean Drake""}]",1,1,0,3,1,2,20.1%,20%,19.2%,20.7%,22.5%,27.1%,25.9%,19.9%,12.3%,12.4%,27.5%,535 DPM,17%,404 DPM,9.6%,187 DPM,8.7%,207 DPM,27.8%,541 DPM,42.3%,1006 DPM,30%,583 DPM,26.2%,623 DPM,5%,96 DPM,5.9%,141 DPM,"{""time"": [""0"", ""1"", ""2"", ""3"", ""4"", ""5"", ""6"", ""7"", ""8"", ""9"", ""10"", ""11"", ""12"", ""13"", ""14"", ""15"", ""16"", ""17"", ""18"", ""19"", ""20"", ""21"", ""22"", ""23"", ""24"", ""25"", ""26"", ""27"", ""28"", ""29"", ""29""], ""gold_diff"": [0, -15, -4, -72, 247, -103, 371, 76, -293, -1617, -1637, -1730, -2018, -2475, -2593, -2545, -2812, -3925, -4396, -4477, -4767, -3142, -3427, -6585, -6644, -7046, -7348, -7910, -7443, -9544, -10777]}",0.0,-1637.0,-2545.0,-4767.0,-10777.0,38.0,69.0,36.0,74.0,47.1,52.9,45.2,54.8
44617,44617,Fnatic vs KOI,LEC Winter 2023,2023-01-23 (WEEK1),34:32,v13.1,KOI,LOSS,8,3,0,0,54.2k,True,True,,"Varus, Kassadin, Yuumi, Viktor, Orianna","Jax, Sejuani, Ryze, Jhin, Rakan",Szygenda,Jax,2/4/3,247,"Teleport, Flash",8437,Malrang,Sejuani,3/4/4,135,"Smite, Flash",8230,Larssen,Ryze,0/2/2,281,"Flash, Teleport",8230,Comp,Jhin,2/0/2,343,"Flash, Boost",8021,Trymbi,Rakan,1/4/6,32,"Flash, Dot",8465,Fnatic,WIN,14,9,4,2,66.2k,False,False,"Cloud, Mountain, Mountain, Hextech","Lucian, Heimerdinger, Caitlyn, Nautilus, Amumu","Gragas, Maokai, Jayce, Sivir, Ashe",Wunder,Gragas,1/4/10,227,"Teleport, Flash",8230,Razork,Maokai,2/1/10,211,"Flash, Smite",8369,Humanoid,Jayce,6/1/6,258,"Flash, Teleport",8369,Rekkles,Sivir,5/0/7,367,"Flash, Haste",8008,Rhuckz,Ashe,0/2/13,24,"Heal, Flash",9923,10,"[{""side"": ""BLUE"", ""time"": ""3:27"", ""type"": ""First blood""}, {""side"": ""RED"", ""time"": ""8:41"", ""type"": ""Rift Herald""}, {""side"": ""BLUE"", ""time"": ""10:07"", ""type"": ""First Tower""}, {""side"": ""RED"", ""time"": ""10:57"", ""type"": ""Hextech Drake""}, {""side"": ""RED"", ""time"": ""14:58"", ""type"": ""Rift Herald""}, {""side"": ""RED"", ""time"": ""16:25"", ""type"": ""Cloud Drake""}, {""side"": ""RED"", ""time"": ""22:21"", ""type"": ""Mountain Drake""}, {""side"": ""RED"", ""time"": ""24:12"", ""type"": ""Nashor""}, {""side"": ""RED"", ""time"": ""28:15"", ""type"": ""Mountain Drake""}, {""side"": ""RED"", ""time"": ""31:28"", ""type"": ""Nashor""}]",5,0,2,0,0,5,23%,17.8%,18.6%,20.4%,20.6%,23.9%,24.3%,24.6%,13.5%,13.2%,22.3%,303 DPM,15.5%,439 DPM,19.1%,259 DPM,33.9%,959 DPM,26.1%,354 DPM,30.8%,872 DPM,20.8%,282 DPM,12.6%,356 DPM,11.7%,159 DPM,7.3%,206 DPM,"{""time"": [""0"", ""1"", ""2"", ""3"", ""4"", ""5"", ""6"", ""7"", ""8"", ""9"", ""10"", ""11"", ""12"", ""13"", ""14"", ""15"", ""16"", ""17"", ""18"", ""19"", ""20"", ""21"", ""22"", ""23"", ""24"", ""25"", ""26"", ""27"", ""28"", ""29"", ""30"", ""31"", ""32"", ""33"", ""34"", ""34""], ""gold_diff"": [0, -8, -101, 27, -180, -349, 133, -215, 650, 1236, 2262, 3351, 2819, 3139, 1894, 1297, 930, 920, 1932, 1131, 1100, 1108, -574, -844, -844, -3266, -4006, -3895, -4100, -5648, -6175, -6406, -8005, -9347, -10232, -11996]}",0.0,2262.0,1297.0,1100.0,-11996.0,56.0,128.0,46.0,112.0,44.8,55.2,38.4,61.6
44616,44616,G2 Esports vs Astralis,LEC Winter 2023,2023-01-23 (WEEK1),24:53,v13.1,G2 Esports,WIN,23,9,4,1,53.7k,False,True,"Ocean, Ocean, Hextech","Lucian, Maokai, Yuumi, Jax, Irelia","Karma, Kindred, Zac, Varus, Ashe",Brokenblade,Karma,1/1/15,163,"Flash, Teleport",8214,Yike,Kindred,10/1/6,206,"Flash, Smite",8008,Caps,Zac,8/1/7,161,"Teleport, Flash",8010,Hans Sama,Varus,4/0/8,237,"Flash, Boost",9923,Mikyx,Ashe,0/2/12,33,"Heal, Flash",9923,Astralis,LOSS,5,2,0,0,37.5k,True,False,,"Heimerdinger, Ryze, Graves, Azir, Viktor","Aatrox, Sejuani, Sylas, Caitlyn, Lux",Finn,Aatrox,0/4/1,171,"Teleport, Flash",8010,113,Sejuani,1/6/3,113,"Flash, Smite",8230,Dajor,Sylas,2/6/0,153,"Flash, Teleport",8369,Kobbe,Caitlyn,1/2/1,198,"Boost, Flash",8021,Execute,Lux,1/5/1,24,"Dot, Flash",8124,9,"[{""side"": ""BLUE"", ""time"": ""3:45"", ""type"": ""First blood""}, {""side"": ""BLUE"", ""time"": ""6:28"", ""type"": ""Hextech Drake""}, {""side"": ""BLUE"", ""time"": ""9:02"", ""type"": ""Rift Herald""}, {""side"": ""BLUE"", ""time"": ""11:46"", ""type"": ""Infernal Drake""}, {""side"": ""BLUE"", ""time"": ""13:21"", ""type"": ""First Tower""}, {""side"": ""BLUE"", ""time"": ""15:36"", ""type"": ""Rift Herald""}, {""side"": ""BLUE"", ""time"": ""17:25"", ""type"": ""Ocean Drake""}, {""side"": ""BLUE"", ""time"": ""22:17"", ""type"": ""Nashor""}, {""side"": ""BLUE"", ""time"": ""22:58"", ""type"": ""Ocean Drake""}]",2,3,5,1,4,1,18.6%,21.1%,23.8%,18.8%,21.8%,22.3%,22.4%,22.2%,13.4%,15.6%,16.5%,504 DPM,21.4%,428 DPM,27.7%,848 DPM,20.2%,404 DPM,24.9%,761 DPM,28.2%,564 DPM,19.1%,583 DPM,20.6%,412 DPM,11.8%,360 DPM,9.5%,190 DPM,"{""time"": [""0"", ""1"", ""2"", ""3"", ""4"", ""5"", ""6"", ""7"", ""8"", ""9"", ""10"", ""11"", ""12"", ""13"", ""14"", ""15"", ""16"", ""17"", ""18"", ""19"", ""20"", ""21"", ""22"", ""23"", ""24"", ""24""], ""gold_diff"": [0, 0, 55, 281, 648, 827, 712, 1025, 640, 1995, 2590, 2296, 2742, 2640, 3847, 4117, 4902, 4458, 4476, 5430, 6077, 5758, 9227, 11455, 13570, 16226]}",0.0,2590.0,4117.0,6077.0,16226.0,32.0,88.0,50.0,93.0,53.9,46.1,62.9,37.1
44615,44615,XL vs Team BDS,LEC Winter 2023,2023-01-23 (WEEK1),46:13,v13.1,Team BDS,LOSS,18,8,1,1,79.5k,True,True,Cloud,"Syndra, Yuumi, Heimerdinger, Jayce, Gnar","Darius, Sejuani, Akali, Caitlyn, Lux",Adam,Darius,3/4/3,357,"Flash, Haste",8010,Sheo,Sejuani,1/2/8,206,"Smite, Flash",8230,nuc,Akali,6/3/4,348,"Flash, Teleport",8010,Crownie,Caitlyn,7/1/6,434,"Boost, Flash",8021,Labrov,Lux,1/1/13,40,"Flash, Dot",8229,Excel Esports,WIN,11,11,6,1,84.7k,False,False,"Hextech, Hextech, Hextech","Ryze, Lucian, Sylas, Renekton, Kassadin","Jax, Maokai, Twisted Fate, Varus, Karma",Odoamne,Jax,1/5/5,357,"Teleport, Flash",8437,Xerxe,Maokai,4/3/5,208,"Smite, Flash",8230,Vetheo,Twisted Fate,1/2/7,449,"Flash, Teleport",8360,Patrik,Varus,3/6/7,357,"Flash, Boost",8229,Targamas,Karma,2/2/6,55,"Flash, Dot",8214,13,"[{""side"": ""BLUE"", ""time"": ""3:23"", ""type"": ""First blood""}, {""side"": ""RED"", ""time"": ""6:41"", ""type"": ""Infernal Drake""}, {""side"": ""RED"", ""time"": ""9:13"", ""type"": ""Rift Herald""}, {""side"": ""BLUE"", ""time"": ""13:27"", ""type"": ""Cloud Drake""}, {""side"": ""BLUE"", ""time"": ""14:14"", ""type"": ""First Tower""}, {""side"": ""RED"", ""time"": ""16:08"", ""type"": ""Rift Herald""}, {""side"": ""RED"", ""time"": ""19:21"", ""type"": ""Hextech Drake""}, {""side"": ""RED"", ""time"": ""24:48"", ""type"": ""Hextech Drake""}, {""side"": ""RED"", ""time"": ""30:12"", ""type"": ""Hextech Drake""}, {""side"": ""BLUE"", ""time"": ""32:48"", ""type"": ""Nashor""}, {""side"": ""RED"", ""time"": ""37:17"", ""type"": ""Elder Drake""}, {""side"": ""RED"", ""time"": ""40:48"", ""type"": ""Nashor""}, {""side"": ""RED"", ""time"": ""43:38"", ""type"": ""Elder Drake""}]",1,1,0,2,4,1,20.4%,21.3%,16.5%,17.7%,21.6%,25.8%,27.4%,21.4%,14.2%,13.9%,15.5%,303 DPM,13.6%,415 DPM,9.7%,189 DPM,25.2%,769 DPM,19.5%,380 DPM,18.6%,569 DPM,35%,684 DPM,35.1%,1072 DPM,20.3%,397 DPM,7.5%,228 DPM,"{""time"": [""0"", ""1"", ""2"", ""3"", ""4"", ""5"", ""6"", ""7"", ""8"", ""9"", ""10"", ""11"", ""12"", ""13"", ""14"", ""15"", ""16"", ""17"", ""18"", ""19"", ""20"", ""21"", ""22"", ""23"", ""24"", ""25"", ""26"", ""27"", ""28"", ""29"", ""30"", ""31"", ""32"", ""33"", ""34"", ""35"", ""36"", ""37"", ""38"", ""39"", ""40"", ""41"", ""42"", ""43"", ""44"", ""45"", ""46"", ""46""], ""gold_diff"": [0, 45, 47, -100, 598, 316, -34, -89, 799, 1330, 462, 1081, 1101, 1256, 1029, 1514, 1766, 1753, 1938, 660, 921, 1003, 937, 1226, 546, 649, 566, 215, -987, -728, -850, -571, -716, 2388, 3033, 2809, 2561, 2416, -1280, -789, -1225, -1772, -1621, -1627, -2798, -3064, -4496, -5197]}",0.0,462.0,1514.0,921.0,-5197.0,65.0,113.0,63.0,120.0,47.6,52.4,53.3,46.7
44614,44614,SK Gaming vs HTS,LEC Winter 2023,2023-01-23 (WEEK1),32:08,v13.1,Team Heretics,LOSS,12,6,2,1,56k,True,True,"Hextech, Hextech","Heimerdinger, Jax, Sivir, Soraka, Renekton","KSante, Maokai, Azir, Varus, Lulu",Evi,KSante,5/3/7,188,"Teleport, Haste",8437,Jankos,Maokai,3/5/7,179,"Smite, Flash",8230,Ruby,Azir,3/6/5,252,"Teleport, Flash",8010,Jackspektra,Varus,1/5/7,258,"Flash, Boost",8008,Mersa,Lulu,0/3/6,0,"Flash, Heal",8214,SK Gaming,WIN,22,9,2,1,61.6k,False,False,Cloud,"Ryze, Lucian, Yuumi, Cassiopeia, Kassadin","Camille, Sejuani, Sylas, Zeri, Renata Glasc",Irrelevant,Camille,7/4/7,185,"Flash, Teleport",8437,Markoon,Sejuani,2/3/12,165,"Flash, Smite",8230,Sertuss,Sylas,3/1/13,246,"Flash, Teleport",8369,3XA,Zeri,7/1/9,334,"Boost, Flash",8008,Doss,Renata Glasc,3/3/15,39,"Flash, Dot",8465,10,"[{""side"": ""BLUE"", ""time"": ""6:00"", ""type"": ""First blood""}, {""side"": ""BLUE"", ""time"": ""9:27"", ""type"": ""Rift Herald""}, {""side"": ""RED"", ""time"": ""9:55"", ""type"": ""Infernal Drake""}, {""side"": ""BLUE"", ""time"": ""13:37"", ""type"": ""First Tower""}, {""side"": ""RED"", ""time"": ""15:34"", ""type"": ""Cloud Drake""}, {""side"": ""BLUE"", ""time"": ""17:13"", ""type"": ""Rift Herald""}, {""side"": ""BLUE"", ""time"": ""21:06"", ""type"": ""Hextech Drake""}, {""side"": ""BLUE"", ""time"": ""21:49"", ""type"": ""Nashor""}, {""side"": ""BLUE"", ""time"": ""26:26"", ""type"": ""Hextech Drake""}, {""side"": ""RED"", ""time"": ""28:05"", ""type"": ""Nashor""}]",5,0,3,3,1,2,22.6%,19.4%,20.7%,17%,22.3%,22.6%,21.9%,27.3%,12.5%,13.8%,19%,565 DPM,25%,691 DPM,28.9%,861 DPM,10.9%,299 DPM,26%,775 DPM,19.4%,534 DPM,23.1%,689 DPM,35.3%,973 DPM,3%,91 DPM,9.5%,261 DPM,"{""time"": [""0"", ""1"", ""2"", ""3"", ""4"", ""5"", ""6"", ""7"", ""8"", ""9"", ""10"", ""11"", ""12"", ""13"", ""14"", ""15"", ""16"", ""17"", ""18"", ""19"", ""20"", ""21"", ""22"", ""23"", ""24"", ""25"", ""26"", ""27"", ""28"", ""29"", ""30"", ""31"", ""32"", ""32""], ""gold_diff"": [0, 0, 15, 351, 74, -2, 173, 980, 457, 617, -224, -76, -1009, -1319, -307, -1156, -606, 897, 321, 379, 31, 688, 1142, 92, 408, -740, -1069, -2220, -3458, -2014, -2428, -2373, -5275, -5577]}",0.0,-224.0,-1156.0,31.0,-5577.0,39.0,113.0,52.0,91.0,50.0,50.0,47.2,52.8
44613,44613,G2 Esports vs Fnatic,LEC Winter 2023,2023-01-22 (WEEK1),23:55,v13.1,Fnatic,LOSS,6,0,0,0,36.1k,False,False,,"Heimerdinger, Lucian, Caitlyn, Vi, Kassadin","KSante, Sejuani, Azir, Zeri, Yuumi",Wunder,KSante,0/3/2,171,"Teleport, Flash",8437,Razork,Sejuani,1/6/3,102,"Flash, Smite",8439,Humanoid,Azir,1/4/3,186,"Flash, Teleport",8369,Rekkles,Zeri,3/3/1,196,"Flash, Barrier",8008,Rhuckz,Yuumi,1/3/3,0,"Heal, Exhaust",8214,G2 Esports,WIN,19,11,2,1,53.4k,True,True,"Ocean, Hextech","Maokai, Varus, Ryze, Jayce, Gangplank","Jax, Viego, Akali, Draven, Nautilus",Brokenblade,Jax,2/2/7,200,"Flash, Teleport",8437,Yike,Viego,8/1/8,186,"Flash, Smite",8010,Caps,Akali,2/2/6,160,"Teleport, Flash",8112,Hans Sama,Draven,7/1/9,208,"Flash, Boost",8008,Mikyx,Nautilus,0/0/16,31,"Dot, Flash",8351,7,"[{""side"": ""RED"", ""time"": ""4:37"", ""type"": ""First blood""}, {""side"": ""RED"", ""time"": ""8:22"", ""type"": ""Rift Herald""}, {""side"": ""RED"", ""time"": ""11:07"", ""type"": ""First Tower""}, {""side"": ""RED"", ""time"": ""13:06"", ""type"": ""Hextech Drake""}, {""side"": ""RED"", ""time"": ""14:58"", ""type"": ""Rift Herald""}, {""side"": ""RED"", ""time"": ""18:32"", ""type"": ""Ocean Drake""}, {""side"": ""RED"", ""time"": ""20:52"", ""type"": ""Nashor""}]",0,0,1,3,0,5,19.3%,18.4%,17.8%,23.7%,22.5%,16.6%,27%,28.8%,13.4%,12.4%,14.9%,285 DPM,19.7%,450 DPM,14.3%,274 DPM,18.9%,432 DPM,39.2%,748 DPM,20.1%,459 DPM,23%,440 DPM,32.5%,742 DPM,8.5%,162 DPM,8.8%,202 DPM,"{""time"": [""0"", ""1"", ""2"", ""3"", ""4"", ""5"", ""6"", ""7"", ""8"", ""9"", ""10"", ""11"", ""12"", ""13"", ""14"", ""15"", ""16"", ""17"", ""18"", ""19"", ""20"", ""21"", ""22"", ""23"", ""23""], ""gold_diff"": [0, 0, 32, -117, -210, -2282, -2178, -2473, -2971, -3277, -4179, -4350, -6913, -7228, -7109, -7603, -9989, -10671, -11808, -12418, -10526, -11789, -15721, -15796, -17362]}",0.0,-4179.0,-7603.0,-10526.0,-17362.0,20.0,62.0,19.0,54.0,37.2,62.8,33.3,66.7
44612,44612,XL vs KOI,LEC Winter 2023,2023-01-22 (WEEK1),40:26,v13.1,Excel Esports,LOSS,12,5,2,1,70.6k,False,True,"Cloud, Chemtech","Caitlyn, Sejuani, Jax, KSante, Azir","Renekton, Vi, Ahri, Lucian, Nami",Odoamne,Renekton,4/5/0,331,"Teleport, Flash",8010,Xerxe,Vi,0/3/9,180,"Smite, Flash",8010,Vetheo,Ahri,3/5/7,318,"Flash, Teleport",8369,Patrik,Lucian,5/5/4,365,"Flash, Boost",8369,Targamas,Nami,0/3/10,22,"Flash, Heal",8214,KOI,WIN,21,8,3,1,74.5k,True,False,"Cloud, Cloud, Hextech","Ornn, Ryze, Syndra, Wukong, Viktor","Aatrox, Maokai, Kassadin, Kalista, Soraka",Szygenda,Aatrox,3/2/11,288,"Teleport, Flash",8010,Malrang,Maokai,0/4/14,169,"Smite, Flash",8230,Larssen,Kassadin,8/2/8,355,"Flash, Teleport",8021,Comp,Kalista,7/1/8,417,"Flash, Boost",8008,Trymbi,Soraka,3/3/16,25,"Flash, Heal",8214,11,"[{""side"": ""RED"", ""time"": ""3:42"", ""type"": ""First blood""}, {""side"": ""BLUE"", ""time"": ""8:43"", ""type"": ""Rift Herald""}, {""side"": ""RED"", ""time"": ""8:53"", ""type"": ""Hextech Drake""}, {""side"": ""BLUE"", ""time"": ""14:09"", ""type"": ""Chemtech Drake""}, {""side"": ""BLUE"", ""time"": ""15:36"", ""type"": ""First Tower""}, {""side"": ""RED"", ""time"": ""16:57"", ""type"": ""Rift Herald""}, {""side"": ""BLUE"", ""time"": ""20:22"", ""type"": ""Cloud Drake""}, {""side"": ""RED"", ""time"": ""26:43"", ""type"": ""Nashor""}, {""side"": ""RED"", ""time"": ""30:41"", ""type"": ""Cloud Drake""}, {""side"": ""BLUE"", ""time"": ""32:56"", ""type"": ""Nashor""}, {""side"": ""RED"", ""time"": ""36:46"", ""type"": ""Cloud Drake""}]",2,2,2,1,1,3,23.4%,20.1%,15.9%,14.7%,22.3%,23.8%,26.1%,27.2%,12.3%,14.2%,22.1%,628 DPM,18.7%,482 DPM,8.6%,244 DPM,13.6%,351 DPM,24.5%,695 DPM,31.5%,813 DPM,36.9%,1048 DPM,26.5%,682 DPM,7.8%,222 DPM,9.7%,249 DPM,"{""time"": [""0"", ""1"", ""2"", ""3"", ""4"", ""5"", ""6"", ""7"", ""8"", ""9"", ""10"", ""11"", ""12"", ""13"", ""14"", ""15"", ""16"", ""17"", ""18"", ""19"", ""20"", ""21"", ""22"", ""23"", ""24"", ""25"", ""26"", ""27"", ""28"", ""29"", ""30"", ""31"", ""32"", ""33"", ""34"", ""35"", ""36"", ""37"", ""38"", ""39"", ""40"", ""40""], ""gold_diff"": [0, 0, 51, -4, -1381, -1257, -1250, -1794, -1644, -1589, -1843, -1894, -2024, -1898, -1930, -1860, -1348, -2014, -2385, -688, 241, 400, 444, 410, 552, 696, 887, -1783, -2844, -4266, -4487, -4315, -4236, -2556, -3530, -3152, -167, -251, -737, -692, -2228, -3943]}",0.0,-1843.0,-1860.0,241.0,-3943.0,54.0,120.0,58.0,107.0,49.4,50.6,46.2,53.8
44611,44611,VIT vs HTS,LEC Winter 2023,2023-01-22 (WEEK1),28:21,v13.1,Team Vitality,WIN,22,11,2,1,60.3k,True,True,"Chemtech, Hextech","Maokai, Vi, Ryze, Renata Glasc, Cassiopeia","Jax, Sejuani, Azir, Zeri, Braum",Photon,Jax,3/3/10,218,"Flash, Teleport",8437,Bo,Sejuani,2/2/18,175,"Flash, Smite",8439,Perkz,Azir,9/2/9,270,"Flash, Teleport",8010,Neon,Zeri,7/3/9,277,"Flash, Heal",8008,Kaiser,Braum,1/2/18,31,"Flash, Dot",8465,Team Heretics,LOSS,12,3,2,0,48.8k,False,False,"Cloud, Chemtech","Lucian, Graves, Heimerdinger, Yuumi, Akali","KSante, Wukong, Kassadin, Kalista, Nautilus",Evi,KSante,2/5/3,190,"Teleport, Flash",8437,Jankos,Wukong,2/3/8,154,"Smite, Flash",8010,Ruby,Kassadin,3/5/7,227,"Teleport, Flash",8010,Jackspektra,Kalista,4/5/5,263,"Flash, Boost",8008,Mersa,Nautilus,1/4/7,40,"Flash, Dot",8351,9,"[{""side"": ""BLUE"", ""time"": ""3:56"", ""type"": ""First blood""}, {""side"": ""RED"", ""time"": ""6:16"", ""type"": ""Cloud Drake""}, {""side"": ""BLUE"", ""time"": ""8:51"", ""type"": ""Rift Herald""}, {""side"": ""BLUE"", ""time"": ""12:09"", ""type"": ""Hextech Drake""}, {""side"": ""BLUE"", ""time"": ""14:49"", ""type"": ""First Tower""}, {""side"": ""BLUE"", ""time"": ""15:59"", ""type"": ""Rift Herald""}, {""side"": ""RED"", ""time"": ""19:13"", ""type"": ""Chemtech Drake""}, {""side"": ""BLUE"", ""time"": ""22:22"", ""type"": ""Nashor""}, {""side"": ""BLUE"", ""time"": ""24:53"", ""type"": ""Chemtech Drake""}]",0,2,1,0,4,2,19.2%,19.6%,19.9%,19.1%,23.6%,23%,24.2%,25.1%,13.1%,13.1%,21.2%,631 DPM,21.3%,477 DPM,14.9%,442 DPM,16.2%,362 DPM,30%,893 DPM,30.4%,680 DPM,26.5%,788 DPM,26.3%,588 DPM,7.3%,218 DPM,5.9%,131 DPM,"{""time"": [""0"", ""1"", ""2"", ""3"", ""4"", ""5"", ""6"", ""7"", ""8"", ""9"", ""10"", ""11"", ""12"", ""13"", ""14"", ""15"", ""16"", ""17"", ""18"", ""19"", ""20"", ""21"", ""22"", ""23"", ""24"", ""25"", ""26"", ""27"", ""28"", ""28""], ""gold_diff"": [0, 1, 74, 185, 641, -3, 90, 231, 535, 711, 395, 658, 1112, 1030, 1640, 2349, 1950, 2466, 1953, 787, 4045, 4033, 5537, 7621, 9625, 9279, 9417, 9248, 10623, 11478]}",0.0,395.0,2349.0,4045.0,11478.0,32.0,85.0,47.0,81.0,53.2,46.8,55.6,44.4
44610,44610,Astralis vs MAD Lions,LEC Winter 2023,2023-01-22 (WEEK1),29:21,v13.1,Astralis,LOSS,4,2,0,0,44.9k,True,True,,"Maokai, Heimerdinger, Yuumi, Nautilus, Karma","KSante, Viego, Syndra, Ezreal, Bard",Finn,KSante,2/3/1,202,"Teleport, Haste",8437,113,Viego,1/3/1,179,"Flash, Smite",8010,Dajor,Syndra,0/5/1,231,"Flash, Teleport",8214,Kobbe,Ezreal,1/2/1,266,"Boost, Flash",8010,Execute,Bard,0/2/2,36,"Heal, Flash",8465,MAD Lions,WIN,15,8,4,0,54.1k,False,False,"Ocean, Mountain, Hextech, Hextech","Caitlyn, Ryze, Lucian, Xayah, Ashe","Fiora, Sejuani, Akali, Varus, Thresh",Chasy,Fiora,4/2/7,239,"Haste, Teleport",8437,Elyoya,Sejuani,1/0/11,198,"Flash, Smite",8439,Nisqy,Akali,7/1/6,254,"Flash, Teleport",8010,Carzzy,Varus,3/0/2,285,"Flash, Heal",9923,Hylissang,Thresh,0/1/6,34,"Flash, Dot",8351,8,"[{""side"": ""BLUE"", ""time"": ""4:29"", ""type"": ""First blood""}, {""side"": ""BLUE"", ""time"": ""8:22"", ""type"": ""Rift Herald""}, {""side"": ""RED"", ""time"": ""9:13"", ""type"": ""Ocean Drake""}, {""side"": ""BLUE"", ""time"": ""12:57"", ""type"": ""First Tower""}, {""side"": ""RED"", ""time"": ""14:50"", ""type"": ""Mountain Drake""}, {""side"": ""RED"", ""time"": ""15:16"", ""type"": ""Rift Herald""}, {""side"": ""RED"", ""time"": ""20:12"", ""type"": ""Hextech Drake""}, {""side"": ""RED"", ""time"": ""26:16"", ""type"": ""Hextech Drake""}]",5,0,0,2,0,1,23.4%,22.4%,20.8%,18.9%,19.6%,24%,23.1%,23.1%,13.1%,11.5%,31.2%,489 DPM,21.7%,471 DPM,11%,172 DPM,11%,238 DPM,30.2%,473 DPM,31.9%,694 DPM,20.8%,327 DPM,30.6%,666 DPM,6.8%,107 DPM,4.8%,104 DPM,"{""time"": [""0"", ""1"", ""2"", ""3"", ""4"", ""5"", ""6"", ""7"", ""8"", ""9"", ""10"", ""11"", ""12"", ""13"", ""14"", ""15"", ""16"", ""17"", ""18"", ""19"", ""20"", ""21"", ""22"", ""23"", ""24"", ""25"", ""26"", ""27"", ""28"", ""29"", ""29""], ""gold_diff"": [0, 0, -31, -126, -252, 289, 500, 184, 451, -61, 58, 343, -476, 195, -539, -421, -722, -617, -901, -891, -1757, -1465, -1636, -1587, -2010, -2897, -5120, -5602, -5511, -8280, -9153]}",0.0,58.0,-421.0,-1757.0,-9153.0,54.0,87.0,30.0,114.0,47.6,52.4,47.1,52.9
44609,44609,SK Gaming vs Team BDS,LEC Winter 2023,2023-01-22 (WEEK1),40:12,v13.1,SK Gaming,LOSS,6,4,2,0,63.3k,False,False,"Mountain, Hextech","Wukong, Heimerdinger, Ryze, Lux, Olaf","Gnar, Kindred, Sylas, Varus, Karma",Irrelevant,Gnar,3/3/1,288,"Flash, Teleport",8021,Markoon,Kindred,1/4/2,256,"Flash, Smite",8008,Sertuss,Sylas,2/2/2,314,"Flash, Teleport",8010,3XA,Varus,0/4/3,362,"Heal, Flash",8229,Doss,Karma,0/1/5,0,"Flash, Dot",8229,Team BDS,WIN,14,10,4,1,72.9k,True,True,"Cloud, Mountain, Mountain, Mountain","Jax, Yuumi, Lucian, Maokai, Vi","Aatrox, Sejuani, Akali, Caitlyn, Thresh",Adam,Aatrox,2/1/7,408,"Flash, Teleport",8229,Sheo,Sejuani,1/1/12,216,"Smite, Flash",8230,nuc,Akali,7/1/2,311,"Flash, Teleport",8010,Crownie,Caitlyn,3/1/6,399,"Heal, Flash",8021,Labrov,Thresh,1/2/10,44,"Flash, Dot",8351,11,"[{""side"": ""RED"", ""time"": ""6:05"", ""type"": ""First blood""}, {""side"": ""BLUE"", ""time"": ""9:21"", ""type"": ""Rift Herald""}, {""side"": ""RED"", ""time"": ""9:25"", ""type"": ""Cloud Drake""}, {""side"": ""BLUE"", ""time"": ""14:49"", ""type"": ""Hextech Drake""}, {""side"": ""RED"", ""time"": ""16:03"", ""type"": ""First Tower""}, {""side"": ""BLUE"", ""time"": ""16:07"", ""type"": ""Rift Herald""}, {""side"": ""RED"", ""time"": ""20:09"", ""type"": ""Mountain Drake""}, {""side"": ""BLUE"", ""time"": ""25:56"", ""type"": ""Mountain Drake""}, {""side"": ""RED"", ""time"": ""31:50"", ""type"": ""Mountain Drake""}, {""side"": ""RED"", ""time"": ""33:12"", ""type"": ""Nashor""}, {""side"": ""RED"", ""time"": ""37:13"", ""type"": ""Mountain Drake""}]",0,0,2,0,0,1,21.5%,23.5%,20.7%,17.1%,23%,21.4%,22.3%,25.2%,12.5%,12.8%,24.7%,476 DPM,25.9%,468 DPM,12.9%,249 DPM,14.5%,262 DPM,22.9%,441 DPM,33.2%,602 DPM,22.7%,438 DPM,21%,379 DPM,16.8%,325 DPM,5.5%,99 DPM,"{""time"": [""0"", ""1"", ""2"", ""3"", ""4"", ""5"", ""6"", ""7"", ""8"", ""9"", ""10"", ""11"", ""12"", ""13"", ""14"", ""15"", ""16"", ""17"", ""18"", ""19"", ""20"", ""21"", ""22"", ""23"", ""24"", ""25"", ""26"", ""27"", ""28"", ""29"", ""30"", ""31"", ""32"", ""33"", ""34"", ""35"", ""36"", ""37"", ""38"", ""39"", ""40"", ""40""], ""gold_diff"": [0, 0, 75, 13, 155, 143, 34, -260, -345, -1, 334, 363, 134, 446, 184, 406, -291, -350, 275, -786, -191, -321, 415, 220, 282, 425, 775, 1058, -147, -95, -640, -717, -1239, -587, -2039, -3109, -3260, -4471, -5332, -5298, -9298, -9617]}",0.0,334.0,406.0,-191.0,-9617.0,82.0,116.0,58.0,159.0,53.9,46.2,43.7,56.3
44608,44608,Fnatic vs VIT,LEC Winter 2023,2023-01-21 (WEEK1),33:02,v13.1,Team Vitality,WIN,16,9,0,0,65.5k,True,False,,"Maokai, Zeri, Azir, Renata Glasc, Braum","Jax, Graves, Ryze, Ezreal, Leona",Photon,Jax,6/3/3,286,"Flash, Teleport",8437,Bo,Graves,5/4/8,233,"Flash, Smite",8021,Perkz,Ryze,1/4/11,322,"Flash, Teleport",8230,Neon,Ezreal,4/1/7,335,"Flash, Heal",8005,Kaiser,Leona,0/1/10,41,"Flash, Dot",8351,Fnatic,LOSS,13,6,4,2,63.7k,False,True,"Cloud, Mountain, Mountain","Lucian, Yuumi, Heimerdinger, Karma, Fiora","Gragas, Kindred, Syndra, Varus, Rakan",Wunder,Gragas,2/3/3,315,"Teleport, Flash",8230,Razork,Kindred,4/5/9,215,"Flash, Smite",8008,Humanoid,Syndra,5/3/4,314,"Flash, Teleport",8369,Rekkles,Varus,1/3/2,316,"Flash, Boost",8008,Rhuckz,Rakan,1/2/10,39,"Dot, Flash",8465,10,"[{""side"": ""BLUE"", ""time"": ""2:07"", ""type"": ""First blood""}, {""side"": ""RED"", ""time"": ""10:00"", ""type"": ""Infernal Drake""}, {""side"": ""RED"", ""time"": ""11:15"", ""type"": ""Rift Herald""}, {""side"": ""RED"", ""time"": ""15:24"", ""type"": ""First Tower""}, {""side"": ""RED"", ""time"": ""15:44"", ""type"": ""Cloud Drake""}, {""side"": ""BLUE"", ""time"": ""17:46"", ""type"": ""Rift Herald""}, {""side"": ""RED"", ""time"": ""21:03"", ""type"": ""Mountain Drake""}, {""side"": ""RED"", ""time"": ""23:28"", ""type"": ""Nashor""}, {""side"": ""RED"", ""time"": ""26:20"", ""type"": ""Mountain Drake""}, {""side"": ""RED"", ""time"": ""29:41"", ""type"": ""Nashor""}]",0,0,0,0,2,1,22.3%,21%,21.6%,21.4%,21.1%,24.4%,23.5%,20.3%,11.5%,12.9%,25.2%,487 DPM,21.7%,551 DPM,19.4%,375 DPM,38.4%,976 DPM,29.5%,571 DPM,20.7%,527 DPM,22.9%,443 DPM,13.6%,346 DPM,3.1%,59 DPM,5.7%,144 DPM,"{""time"": [""0"", ""1"", ""2"", ""3"", ""4"", ""5"", ""6"", ""7"", ""8"", ""9"", ""10"", ""11"", ""12"", ""13"", ""14"", ""15"", ""16"", ""17"", ""18"", ""19"", ""20"", ""21"", ""22"", ""23"", ""24"", ""25"", ""26"", ""27"", ""28"", ""29"", ""30"", ""31"", ""32"", ""33"", ""33""], ""gold_diff"": [0, -15, -65, 601, 287, 112, 531, 97, 202, 168, -245, 161, -96, 124, 362, 1375, 1109, 329, 947, 255, 1093, -609, -291, -215, -2138, -2481, -4207, -3793, -3935, -2688, -4315, -1038, -994, 1804, 1803]}",0.0,-245.0,1375.0,1093.0,1803.0,51.0,139.0,65.0,124.0,46.1,53.9,50.1,49.9
44607,44607,SK Gaming vs MAD Lions,LEC Winter 2023,2023-01-21 (WEEK1),27:39,v13.1,MAD Lions,WIN,19,9,2,1,54.8k,True,True,"Cloud, Chemtech","Caitlyn, Akali, Jax, Syndra, Galio","Renekton, Wukong, Viktor, Lucian, Nami",Chasy,Renekton,5/3/6,209,"Teleport, Flash",8010,Elyoya,Wukong,2/1/9,148,"Flash, Smite",8010,Nisqy,Viktor,7/0/11,237,"Flash, Teleport",8369,Carzzy,Lucian,5/0/12,230,"Flash, Boost",8369,Hylissang,Nami,0/1/18,0,"Flash, Heal",8214,SK Gaming,LOSS,5,2,1,0,40.9k,False,False,,"Ryze, Maokai, Jayce, Lissandra, Gwen","KSante, Vi, Kassadin, Zeri, Yuumi",Irrelevant,KSante,1/3/2,200,"Haste, Teleport",8437,Markoon,Vi,0/5/1,120,"Flash, Smite",8005,Sertuss,Kassadin,1/4/3,222,"Flash, Teleport",8021,3XA,Zeri,3/4/1,254,"Barrier, Flash",8008,Doss,Yuumi,0/3/3,0,"Heal, Exhaust",8214,8,"[{""side"": ""BLUE"", ""time"": ""8:33"", ""type"": ""Rift Herald""}, {""side"": ""BLUE"", ""time"": ""9:02"", ""type"": ""First blood""}, {""side"": ""RED"", ""time"": ""11:01"", ""type"": ""Infernal Drake""}, {""side"": ""BLUE"", ""time"": ""12:12"", ""type"": ""First Tower""}, {""side"": ""BLUE"", ""time"": ""14:55"", ""type"": ""Rift Herald""}, {""side"": ""BLUE"", ""time"": ""16:40"", ""type"": ""Chemtech Drake""}, {""side"": ""BLUE"", ""time"": ""20:29"", ""type"": ""Nashor""}, {""side"": ""BLUE"", ""time"": ""22:46"", ""type"": ""Cloud Drake""}]",1,0,5,0,1,3,19.5%,21.6%,18.2%,16.8%,26.1%,22.1%,22.3%,26.1%,13.9%,13.5%,22.1%,698 DPM,23.5%,440 DPM,11.6%,365 DPM,3.5%,66 DPM,35.2%,1112 DPM,31.4%,588 DPM,24.9%,784 DPM,26.8%,502 DPM,6.2%,196 DPM,14.7%,275 DPM,"{""time"": [""0"", ""1"", ""2"", ""3"", ""4"", ""5"", ""6"", ""7"", ""8"", ""9"", ""10"", ""11"", ""12"", ""13"", ""14"", ""15"", ""16"", ""17"", ""18"", ""19"", ""20"", ""21"", ""22"", ""23"", ""24"", ""25"", ""26"", ""27"", ""27""], ""gold_diff"": [0, -30, 160, 575, 480, 604, 630, 587, 717, 1014, 1322, 1957, 1464, 2277, 1929, 2102, 2190, 1481, 1992, 2440, 4155, 6061, 5901, 7075, 7159, 8397, 10389, 11882, 13915]}",0.0,1322.0,2102.0,4155.0,13915.0,38.0,77.0,34.0,85.0,51.1,48.9,61.5,38.5
44606,44606,Astralis vs HTS,LEC Winter 2023,2023-01-21 (WEEK1),35:55,v13.1,Astralis,LOSS,16,4,1,1,64k,True,True,Cloud,"Maokai, Heimerdinger, Yuumi, Renekton, Gnar","Fiora, Viego, Ryze, Xayah, Ashe",Finn,Fiora,3/5/2,261,"Teleport, Flash",8437,113,Viego,4/4/8,193,"Flash, Smite",8010,Dajor,Ryze,1/6/6,289,"Flash, Teleport",8230,Kobbe,Xayah,7/3/2,369,"Boost, Flash",8008,Execute,Ashe,1/6/10,28,"Heal, Flash",9923,Team Heretics,WIN,24,8,4,1,69.8k,False,False,Hextech,"Caitlyn, Lucian, Wukong, Ezreal, Zeri","KSante, Vi, Cassiopeia, Varus, Karma",Evi,KSante,6/6/8,248,"Teleport, Haste",8437,Jankos,Vi,4/4/10,218,"Smite, Flash",8010,Ruby,Cassiopeia,10/3/9,309,"Teleport, Flash",8010,Jackspektra,Varus,3/2/8,372,"Flash, Boost",8229,Mersa,Karma,1/1/18,22,"Flash, Heal",8214,11,"[{""side"": ""BLUE"", ""time"": ""3:46"", ""type"": ""First blood""}, {""side"": ""BLUE"", ""time"": ""5:35"", ""type"": ""Cloud Drake""}, {""side"": ""RED"", ""time"": ""8:39"", ""type"": ""Rift Herald""}, {""side"": ""RED"", ""time"": ""12:58"", ""type"": ""Hextech Drake""}, {""side"": ""RED"", ""time"": ""15:05"", ""type"": ""Rift Herald""}, {""side"": ""BLUE"", ""time"": ""15:47"", ""type"": ""First Tower""}, {""side"": ""RED"", ""time"": ""18:16"", ""type"": ""Infernal Drake""}, {""side"": ""RED"", ""time"": ""23:35"", ""type"": ""Infernal Drake""}, {""side"": ""BLUE"", ""time"": ""27:23"", ""type"": ""Nashor""}, {""side"": ""RED"", ""time"": ""28:55"", ""type"": ""Infernal Drake""}, {""side"": ""RED"", ""time"": ""33:58"", ""type"": ""Nashor""}]",4,2,0,2,2,0,19.6%,19.3%,19.4%,18.5%,19.1%,24.8%,27.7%,24%,14.1%,13.4%,22.8%,608 DPM,23.4%,746 DPM,13.3%,354 DPM,12%,381 DPM,19.1%,510 DPM,27.5%,874 DPM,33.7%,898 DPM,29.9%,950 DPM,11.1%,297 DPM,7.2%,230 DPM,"{""time"": [""0"", ""1"", ""2"", ""3"", ""4"", ""5"", ""6"", ""7"", ""8"", ""9"", ""10"", ""11"", ""12"", ""13"", ""14"", ""15"", ""16"", ""17"", ""18"", ""19"", ""20"", ""21"", ""22"", ""23"", ""24"", ""25"", ""26"", ""27"", ""28"", ""29"", ""30"", ""31"", ""32"", ""33"", ""34"", ""35"", ""35""], ""gold_diff"": [0, -5, 228, 433, 795, 699, 551, 946, 1030, 1804, 1564, 1715, 1498, 1804, 2155, 1377, 2371, 2167, 1020, 592, 1287, 1058, 875, 1056, -116, -269, -884, -765, -117, 200, 1202, 1889, 1199, 956, -486, -2137, -5767]}",0.0,1564.0,1377.0,1287.0,-5767.0,64.0,120.0,59.0,160.0,47.5,52.5,51.3,48.7
44605,44605,KOI vs Team BDS,LEC Winter 2023,2023-01-21 (WEEK1),36:33,v13.1,KOI,WIN,10,10,3,2,68.9k,True,True,,"Darius, Varus, Wukong, Viktor, Viego","Renekton, Sejuani, Ryze, Ezreal, Ashe",Szygenda,Renekton,2/2/3,282,"Teleport, Flash",8010,Malrang,Sejuani,4/2/3,161,"Smite, Flash",8230,Larssen,Ryze,1/2/3,356,"Flash, Teleport",8230,Comp,Ezreal,3/0/4,418,"Flash, Teleport",8369,Trymbi,Ashe,0/3/8,23,"Flash, Heal",9923,Team BDS,LOSS,9,1,2,0,57.3k,False,False,"Ocean, Mountain","Lucian, Yuumi, Caitlyn, Zeri, Sivir","Olaf, Vi, Azir, Jhin, Heimerdinger",Adam,Olaf,2/2/6,288,"Haste, Teleport",8010,Sheo,Vi,1/3/5,163,"Smite, Flash",8010,nuc,Azir,2/2/4,327,"Flash, Teleport",8229,Crownie,Jhin,3/0/5,363,"Boost, Flash",8021,Labrov,Heimerdinger,1/3/6,22,"Flash, Dot",8229,11,"[{""side"": ""BLUE"", ""time"": ""2:26"", ""type"": ""First blood""}, {""side"": ""BLUE"", ""time"": ""8:57"", ""type"": ""Rift Herald""}, {""side"": ""RED"", ""time"": ""9:18"", ""type"": ""Mountain Drake""}, {""side"": ""RED"", ""time"": ""14:41"", ""type"": ""Ocean Drake""}, {""side"": ""BLUE"", ""time"": ""15:24"", ""type"": ""First Tower""}, {""side"": ""BLUE"", ""time"": ""17:16"", ""type"": ""Rift Herald""}, {""side"": ""BLUE"", ""time"": ""20:36"", ""type"": ""Infernal Drake""}, {""side"": ""BLUE"", ""time"": ""21:10"", ""type"": ""Nashor""}, {""side"": ""BLUE"", ""time"": ""25:54"", ""type"": ""Infernal Drake""}, {""side"": ""BLUE"", ""time"": ""31:06"", ""type"": ""Nashor""}, {""side"": ""BLUE"", ""time"": ""31:47"", ""type"": ""Infernal Drake""}]",4,1,0,0,1,2,20.6%,21.7%,17.7%,16.8%,21%,22.6%,27.9%,26%,12.8%,12.9%,18.7%,484 DPM,24.2%,559 DPM,8.1%,211 DPM,10.3%,239 DPM,17.1%,444 DPM,22%,508 DPM,41.5%,1074 DPM,28.3%,654 DPM,14.6%,379 DPM,15.2%,350 DPM,"{""time"": [""0"", ""1"", ""2"", ""3"", ""4"", ""5"", ""6"", ""7"", ""8"", ""9"", ""10"", ""11"", ""12"", ""13"", ""14"", ""15"", ""16"", ""17"", ""18"", ""19"", ""20"", ""21"", ""22"", ""23"", ""24"", ""25"", ""26"", ""27"", ""28"", ""29"", ""30"", ""31"", ""32"", ""33"", ""34"", ""35"", ""36"", ""36""], ""gold_diff"": [0, 0, -134, 214, 381, 336, 412, 681, 701, 432, 626, 805, 639, 785, 1432, 1644, 2548, 2465, 2706, 3202, 3354, 3800, 4432, 4911, 3670, 3588, 2817, 2626, 3143, 3188, 3668, 3769, 6614, 7438, 9386, 9857, 10880, 11595]}",0.0,626.0,1644.0,3354.0,11595.0,66.0,89.0,46.0,118.0,43.6,56.4,54.0,46.0
44604,44604,G2 Esports vs XL,LEC Winter 2023,2023-01-21 (WEEK1),30:26,v13.1,Excel Esports,LOSS,11,0,1,0,48.9k,True,False,Chemtech,"Sylas, Ryze, Yuumi, Akali, Gwen","KSante, Wukong, Syndra, Varus, Jhin",Odoamne,KSante,5/5/2,230,"Teleport, Flash",8437,Xerxe,Wukong,0/3/5,160,"Smite, Flash",8010,Vetheo,Syndra,3/4/2,289,"Flash, Teleport",8229,Patrik,Varus,1/4/3,228,"Flash, Boost",8229,Targamas,Jhin,2/2/5,53,"Flash, Dot",8128,G2 Esports,WIN,18,11,3,2,63.4k,False,True,"Mountain, Mountain","Maokai, Caitlyn, Lucian, Jayce, Karma","Jax, Graves, Viktor, Ashe, Heimerdinger",Brokenblade,Jax,4/2/6,223,"Flash, Teleport",8437,Yike,Graves,8/1/3,273,"Flash, Smite",8021,Caps,Viktor,2/2/7,256,"Teleport, Flash",8214,Hans Sama,Ashe,2/1/10,266,"Flash, Heal",8008,Mikyx,Heimerdinger,2/5/5,24,"Dot, Flash",8229,10,"[{""side"": ""BLUE"", ""time"": ""5:36"", ""type"": ""First blood""}, {""side"": ""RED"", ""time"": ""8:48"", ""type"": ""Rift Herald""}, {""side"": ""BLUE"", ""time"": ""11:20"", ""type"": ""Chemtech Drake""}, {""side"": ""RED"", ""time"": ""15:45"", ""type"": ""Rift Herald""}, {""side"": ""RED"", ""time"": ""16:34"", ""type"": ""First Tower""}, {""side"": ""RED"", ""time"": ""17:00"", ""type"": ""Infernal Drake""}, {""side"": ""RED"", ""time"": ""21:34"", ""type"": ""Nashor""}, {""side"": ""RED"", ""time"": ""22:22"", ""type"": ""Mountain Drake""}, {""side"": ""RED"", ""time"": ""27:45"", ""type"": ""Mountain Drake""}, {""side"": ""RED"", ""time"": ""28:12"", ""type"": ""Nashor""}]",1,3,0,1,2,2,21.6%,20.2%,16.9%,25%,24.3%,19.9%,20.2%,20.7%,17.1%,14.3%,23%,492 DPM,27.5%,725 DPM,9%,192 DPM,16.4%,431 DPM,24.8%,530 DPM,22.2%,585 DPM,27.4%,587 DPM,17.3%,454 DPM,15.8%,339 DPM,16.6%,436 DPM,"{""time"": [""0"", ""1"", ""2"", ""3"", ""4"", ""5"", ""6"", ""7"", ""8"", ""9"", ""10"", ""11"", ""12"", ""13"", ""14"", ""15"", ""16"", ""17"", ""18"", ""19"", ""20"", ""21"", ""22"", ""23"", ""24"", ""25"", ""26"", ""27"", ""28"", ""29"", ""30"", ""30""], ""gold_diff"": [0, 0, -115, -253, -194, -417, 15, -393, -353, -1492, -2133, -2365, -3241, -2629, -3187, -3049, -3246, -4243, -4037, -4457, -4528, -5349, -6781, -6989, -7836, -7874, -9580, -9383, -9154, -10696, -12418, -14565]}",0.0,-2133.0,-3049.0,-4528.0,-14565.0,60.0,116.0,48.0,92.0,49.5,50.6,41.3,58.7
46344,46344,MAD Lions vs Astralis,LEC Winter Groups 2023,2023-02-19 (WEEK2),31:31,v13.1,MAD Lions,WIN,19,8,4,2,60.3k,False,True,"Ocean, Ocean, Mountain, Chemtech","Caitlyn, Sejuani, Sylas, Jax, Kassadin","Gnar, Maokai, Jayce, Varus, Nautilus",Chasy,Gnar,4/2/9,243,"Teleport, Flash",8021,Elyoya,Maokai,5/2/9,182,"Flash, Smite",8230,Nisqy,Jayce,7/1/6,225,"Flash, Teleport",8369,Carzzy,Varus,3/2/11,242,"Flash, Heal",9923,Hylissang,Nautilus,0/6/10,31,"Flash, Dot",8351,Astralis,LOSS,13,4,0,0,53.9k,True,False,,"Lulu, Ashe, Elise, Azir, Renekton","Gangplank, Vi, Ahri, Lucian, Nami",Finn,Gangplank,2/2/6,250,"Teleport, Flash",8369,113,Vi,2/5/6,122,"Flash, Smite",8439,Dajor,Ahri,2/3/2,232,"Flash, Teleport",8112,Kobbe,Lucian,7/3/4,278,"Boost, Flash",8369,Execute,Nami,0/6/10,0,"Heal, Flash",8465,10,"[{""side"": ""BLUE"", ""time"": ""6:20"", ""type"": ""Mountain Drake""}, {""side"": ""RED"", ""time"": ""9:18"", ""type"": ""First blood""}, {""side"": ""BLUE"", ""time"": ""10:08"", ""type"": ""Rift Herald""}, {""side"": ""BLUE"", ""time"": ""12:47"", ""type"": ""First Tower""}, {""side"": ""BLUE"", ""time"": ""13:32"", ""type"": ""Chemtech Drake""}, {""side"": ""BLUE"", ""time"": ""16:26"", ""type"": ""Rift Herald""}, {""side"": ""BLUE"", ""time"": ""19:50"", ""type"": ""Ocean Drake""}, {""side"": ""BLUE"", ""time"": ""22:19"", ""type"": ""Nashor""}, {""side"": ""BLUE"", ""time"": ""25:02"", ""type"": ""Ocean Drake""}, {""side"": ""BLUE"", ""time"": ""29:31"", ""type"": ""Nashor""}]",5,2,0,0,1,2,22.3%,25.1%,20.8%,16.2%,23.1%,19%,21.3%,27.3%,12.5%,12.4%,23.5%,666 DPM,32.7%,735 DPM,30%,853 DPM,7.7%,173 DPM,25.6%,728 DPM,20.5%,461 DPM,14.9%,423 DPM,33.2%,746 DPM,6%,169 DPM,5.9%,132 DPM,"{""time"": [""0"", ""1"", ""2"", ""3"", ""4"", ""5"", ""6"", ""7"", ""8"", ""9"", ""10"", ""11"", ""12"", ""13"", ""14"", ""15"", ""16"", ""17"", ""18"", ""19"", ""20"", ""21"", ""22"", ""23"", ""24"", ""25"", ""26"", ""27"", ""28"", ""29"", ""30"", ""31"", ""31""], ""gold_diff"": [0, 0, -65, 449, 335, 387, 636, 529, 903, 1039, 539, 2317, 1245, 2039, 2028, 1817, 1613, 1716, 2220, 2035, 1783, 1757, 2098, 2802, 3262, 2870, 3051, 3421, 2932, 2758, 4065, 5636, 6421]}",0.0,539.0,1817.0,1783.0,6421.0,42.0,77.0,40.0,104.0,56.0,44.0,59.3,40.7
46344,46345,MAD Lions vs Astralis,LEC Winter Groups 2023,2023-02-19 (WEEK2),25:11,v13.1,Astralis,LOSS,8,4,0,0,42.3k,False,False,,"Lulu, Maokai, Ashe, Azir, Viktor","Gwen, Trundle, Sylas, Lucian, Nami",Finn,Gwen,1/5/0,187,"Dot, Teleport",8010,113,Trundle,0/5/3,104,"Flash, Smite",8005,Dajor,Sylas,5/4/1,197,"Flash, Teleport",8369,Kobbe,Lucian,1/1/3,229,"Boost, Flash",8369,Execute,Nami,1/4/5,28,"Heal, Flash",8214,MAD Lions,WIN,19,7,3,1,49.3k,True,True,"Mountain, Chemtech, Hextech","Caitlyn, Sejuani, Elise, Wukong, Jax","Fiora, Vi, Zoe, Varus, Nautilus",Chasy,Fiora,4/2/9,190,"Haste, Teleport",8437,Elyoya,Vi,5/1/10,149,"Flash, Smite",8010,Nisqy,Zoe,0/0/9,217,"Flash, Dot",8360,Carzzy,Varus,9/2/3,200,"Flash, Heal",8008,Hylissang,Nautilus,1/3/11,29,"Flash, Dot",8351,8,"[{""side"": ""RED"", ""time"": ""0:53"", ""type"": ""First blood""}, {""side"": ""RED"", ""time"": ""8:07"", ""type"": ""Chemtech Drake""}, {""side"": ""RED"", ""time"": ""8:44"", ""type"": ""Rift Herald""}, {""side"": ""RED"", ""time"": ""13:59"", ""type"": ""Mountain Drake""}, {""side"": ""RED"", ""time"": ""15:43"", ""type"": ""First Tower""}, {""side"": ""RED"", ""time"": ""16:08"", ""type"": ""Rift Herald""}, {""side"": ""RED"", ""time"": ""19:26"", ""type"": ""Hextech Drake""}, {""side"": ""RED"", ""time"": ""22:46"", ""type"": ""Nashor""}]",1,2,1,4,1,1,19.8%,22.2%,16.1%,21.9%,25.4%,20.2%,24.4%,22.5%,14.3%,13.2%,22.4%,499 DPM,25.8%,756 DPM,10.7%,239 DPM,15.3%,447 DPM,30.2%,673 DPM,28.2%,826 DPM,27.7%,617 DPM,24.2%,709 DPM,8.9%,198 DPM,6.5%,191 DPM,"{""time"": [""0"", ""1"", ""2"", ""3"", ""4"", ""5"", ""6"", ""7"", ""8"", ""9"", ""10"", ""11"", ""12"", ""13"", ""14"", ""15"", ""16"", ""17"", ""18"", ""19"", ""20"", ""21"", ""22"", ""23"", ""24"", ""25"", ""25""], ""gold_diff"": [0, -457, -766, -978, -1154, -1230, -1188, -1411, -1416, -1509, -1645, -1837, -3896, -3328, -3176, -3588, -4725, -3912, -3175, -2849, -2206, -1328, -1244, -3811, -3891, -6723, -6995]}",0.0,-1645.0,-3588.0,-2206.0,-6995.0,36.0,69.0,30.0,66.0,40.0,60.0,39.2,60.8
46341,46341,VIT vs SK Gaming,LEC Winter Groups 2023,2023-02-19 (WEEK2),39:46,v13.1,Team Vitality,LOSS,11,5,3,1,73.7k,False,True,"Chemtech, Chemtech, Hextech","Caitlyn, Sejuani, Lucian, Kassadin, Sion","Gangplank, Elise, Sylas, Varus, Alistar",Photon,Gangplank,3/3/6,401,"Flash, Teleport",8369,Bo,Elise,4/4/3,201,"Flash, Smite",8112,Perkz,Sylas,1/3/1,324,"Flash, Teleport",8369,Neon,Varus,3/2/3,356,"Flash, Heal",8229,Kaiser,Alistar,0/4/5,28,"Flash, Dot",8351,SK Gaming,WIN,16,10,3,1,72.9k,True,False,"Cloud, Chemtech, Chemtech","Karma, Ashe, Jayce, Nautilus, Olaf","Jax, Maokai, Cassiopeia, Zeri, Lulu",Irrelevant,Jax,4/5/3,321,"Flash, Teleport",8437,Markoon,Maokai,1/4/13,154,"Flash, Smite",8439,Sertuss,Cassiopeia,4/0/6,318,"Flash, Teleport",8010,3XA,Zeri,6/2/5,464,"Boost, Flash",8008,Doss,Lulu,1/0/12,34,"Flash, Dot",8214,12,"[{""side"": ""BLUE"", ""time"": ""3:17"", ""type"": ""First blood""}, {""side"": ""BLUE"", ""time"": ""8:16"", ""type"": ""Hextech Drake""}, {""side"": ""BLUE"", ""time"": ""9:57"", ""type"": ""Rift Herald""}, {""side"": ""BLUE"", ""time"": ""11:44"", ""type"": ""First Tower""}, {""side"": ""RED"", ""time"": ""14:00"", ""type"": ""Cloud Drake""}, {""side"": ""BLUE"", ""time"": ""16:30"", ""type"": ""Rift Herald""}, {""side"": ""BLUE"", ""time"": ""19:23"", ""type"": ""Chemtech Drake""}, {""side"": ""BLUE"", ""time"": ""25:06"", ""type"": ""Nashor""}, {""side"": ""RED"", ""time"": ""25:47"", ""type"": ""Chemtech Drake""}, {""side"": ""BLUE"", ""time"": ""31:04"", ""type"": ""Chemtech Drake""}, {""side"": ""RED"", ""time"": ""33:12"", ""type"": ""Nashor""}, {""side"": ""RED"", ""time"": ""37:01"", ""type"": ""Chemtech Drake""}]",3,2,2,1,5,2,27.1%,24.3%,18.7%,15.6%,20.2%,20.1%,23%,26.9%,11.1%,13.1%,31%,845 DPM,21.6%,538 DPM,16.9%,460 DPM,31.1%,776 DPM,19.1%,521 DPM,15.8%,394 DPM,28.3%,769 DPM,26.3%,656 DPM,4.7%,127 DPM,5.3%,131 DPM,"{""time"": [""0"", ""1"", ""2"", ""3"", ""4"", ""5"", ""6"", ""7"", ""8"", ""9"", ""10"", ""11"", ""12"", ""13"", ""14"", ""15"", ""16"", ""17"", ""18"", ""19"", ""20"", ""21"", ""22"", ""23"", ""24"", ""25"", ""26"", ""27"", ""28"", ""29"", ""30"", ""31"", ""32"", ""33"", ""34"", ""35"", ""36"", ""37"", ""38"", ""39"", ""39""], ""gold_diff"": [0, 0, -3, -340, -639, -169, -172, 765, 330, 917, 2087, 2189, 3672, 4260, 4222, 5086, 5258, 5938, 6040, 6416, 6207, 7167, 7256, 7616, 7630, 7321, 6718, 6149, 5023, 5616, 5496, 4272, 4958, 5205, 2707, 2673, 1778, 2337, 2762, 2067, 768]}",0.0,2087.0,5086.0,6207.0,768.0,97.0,133.0,66.0,165.0,47.0,53.0,52.0,48.0
46341,46342,VIT vs SK Gaming,LEC Winter Groups 2023,2023-02-19 (WEEK2),24:01,v13.1,Team Vitality,LOSS,2,2,0,0,37k,False,False,,"Sejuani, Maokai, Lucian, Soraka, Renata Glasc","KSante, Karthus, Tristana, Zeri, Leona",Photon,KSante,1/2/1,178,"Flash, Teleport",8437,Bo,Karthus,0/5/2,178,"Flash, Smite",8369,Perkz,Tristana,0/4/1,208,"Flash, Boost",8005,Neon,Zeri,1/3/0,218,"Flash, Heal",8008,Kaiser,Leona,0/4/1,29,"Flash, Dot",8351,SK Gaming,WIN,18,10,3,1,52.2k,True,True,"Cloud, Chemtech","Karma, Ashe, Elise, Gragas, Gangplank","Jax, Vi, Ahri, Draven, Rakan",Irrelevant,Jax,3/1/6,187,"Flash, Teleport",8437,Markoon,Vi,4/0/10,142,"Flash, Smite",8439,Sertuss,Ahri,7/0/6,247,"Flash, Teleport",8360,3XA,Draven,3/0/9,232,"Boost, Flash",8008,Doss,Rakan,1/1/14,32,"Flash, Dot",8465,8,"[{""side"": ""RED"", ""time"": ""3:57"", ""type"": ""First blood""}, {""side"": ""RED"", ""time"": ""7:05"", ""type"": ""Infernal Drake""}, {""side"": ""RED"", ""time"": ""9:04"", ""type"": ""Rift Herald""}, {""side"": ""RED"", ""time"": ""12:44"", ""type"": ""Cloud Drake""}, {""side"": ""RED"", ""time"": ""14:07"", ""type"": ""First Tower""}, {""side"": ""RED"", ""time"": ""15:22"", ""type"": ""Rift Herald""}, {""side"": ""RED"", ""time"": ""18:36"", ""type"": ""Chemtech Drake""}, {""side"": ""RED"", ""time"": ""21:50"", ""type"": ""Nashor""}]",2,0,1,3,1,1,20.1%,18.9%,22%,18.8%,21.9%,24.8%,23.1%,24%,13%,13.5%,16.9%,267 DPM,18.5%,371 DPM,49%,775 DPM,16.3%,328 DPM,17.8%,281 DPM,27.4%,549 DPM,10.6%,168 DPM,31.5%,632 DPM,5.7%,91 DPM,6.2%,125 DPM,"{""time"": [""0"", ""1"", ""2"", ""3"", ""4"", ""5"", ""6"", ""7"", ""8"", ""9"", ""10"", ""11"", ""12"", ""13"", ""14"", ""15"", ""16"", ""17"", ""18"", ""19"", ""20"", ""21"", ""22"", ""23"", ""24"", ""24""], ""gold_diff"": [0, 0, 98, 123, -589, -568, -644, -528, -714, -1049, -1015, -827, -774, -3713, -3005, -3613, -3848, -3256, -4088, -7691, -7677, -8034, -12233, -13680, -15209, -15209]}",0.0,-1015.0,-3613.0,-7677.0,-15209.0,34.0,64.0,18.0,55.0,53.1,46.9,49.7,50.3
46109,46109,Astralis vs Team BDS,LEC Winter Groups 2023,2023-02-18 (WEEK2),36:11,v13.1,Team BDS,WIN,18,10,2,2,71.4k,False,False,"Ocean, Ocean","Jax, Lucian, Ryze, Gnar, Kled","Olaf, Elise, Kassadin, Ezreal, Karma",Adam,Olaf,4/1/5,360,"Haste, Teleport",8010,Sheo,Elise,1/2/6,176,"Smite, Flash",8112,nuc,Kassadin,9/0/6,354,"Flash, Teleport",8010,Crownie,Ezreal,3/1/11,351,"Boost, Flash",8010,Labrov,Karma,1/3/13,0,"Flash, Dot",8229,Astralis,LOSS,7,4,2,0,59.7k,True,True,"Mountain, Hextech","Ashe, Zeri, Azir, Renekton, Jayce","Sion, Sejuani, Sylas, Caitlyn, Lux",Finn,Sion,1/2/1,265,"Teleport, Flash",8437,113,Sejuani,2/4/3,174,"Flash, Smite",8439,Dajor,Sylas,2/3/1,328,"Flash, Teleport",8010,Kobbe,Caitlyn,1/3/4,361,"Heal, Flash",8021,Execute,Lux,1/6/5,0,"Dot, Flash",8229,10,"[{""side"": ""RED"", ""time"": ""2:46"", ""type"": ""First blood""}, {""side"": ""RED"", ""time"": ""10:11"", ""type"": ""Rift Herald""}, {""side"": ""RED"", ""time"": ""13:11"", ""type"": ""Hextech Drake""}, {""side"": ""RED"", ""time"": ""13:28"", ""type"": ""First Tower""}, {""side"": ""BLUE"", ""time"": ""16:32"", ""type"": ""Rift Herald""}, {""side"": ""RED"", ""time"": ""19:00"", ""type"": ""Mountain Drake""}, {""side"": ""BLUE"", ""time"": ""22:24"", ""type"": ""Nashor""}, {""side"": ""BLUE"", ""time"": ""25:23"", ""type"": ""Ocean Drake""}, {""side"": ""BLUE"", ""time"": ""30:35"", ""type"": ""Ocean Drake""}, {""side"": ""BLUE"", ""time"": ""32:05"", ""type"": ""Nashor""}]",2,0,1,1,1,5,23%,19.7%,16%,17.5%,24.3%,24.1%,23.9%,24.6%,12.8%,14%,14.9%,450 DPM,15.7%,276 DPM,12.5%,379 DPM,16.4%,287 DPM,30.9%,937 DPM,24.2%,424 DPM,31%,939 DPM,31.6%,554 DPM,10.8%,327 DPM,12.1%,213 DPM,"{""time"": [""0"", ""1"", ""2"", ""3"", ""4"", ""5"", ""6"", ""7"", ""8"", ""9"", ""10"", ""11"", ""12"", ""13"", ""14"", ""15"", ""16"", ""17"", ""18"", ""19"", ""20"", ""21"", ""22"", ""23"", ""24"", ""25"", ""26"", ""27"", ""28"", ""29"", ""30"", ""31"", ""32"", ""33"", ""34"", ""35"", ""36"", ""36""], ""gold_diff"": [0, 0, 136, 176, -150, -384, 121, 1159, 743, 946, 1135, 531, 361, 821, 398, 347, 36, 94, 966, 431, 542, 648, 2167, 3563, 4657, 4332, 5291, 5319, 5302, 5818, 5552, 5521, 5037, 7385, 8463, 9568, 10950, 11686]}",0.0,1135.0,347.0,542.0,11686.0,54.0,97.0,52.0,122.0,50.6,49.4,55.5,44.5
46109,46110,Astralis vs Team BDS,LEC Winter Groups 2023,2023-02-18 (WEEK2),39:01,v13.1,Astralis,WIN,17,10,4,2,74.3k,False,True,"Cloud, Mountain, Mountain, Mountain","Zeri, Olaf, Sejuani, Sylas, Azir","Gnar, Maokai, Viktor, Varus, Ashe",Finn,Gnar,2/3/4,342,"Teleport, Flash",8021,113,Maokai,1/2/11,179,"Flash, Smite",8230,Dajor,Viktor,3/1/5,378,"Flash, Teleport",8369,Kobbe,Varus,9/0/2,351,"Heal, Flash",9923,Execute,Ashe,2/1/8,40,"Barrier, Flash",9923,Team BDS,LOSS,7,2,2,0,63k,True,False,"Mountain, Hextech","Caitlyn, Elise, Jax, Vi, Xin Zhao","Renekton, Wukong, Kassadin, Ezreal, Karma",Adam,Renekton,2/1/2,408,"Flash, Teleport",8010,Sheo,Wukong,1/7/2,156,"Smite, Flash",8010,nuc,Kassadin,3/2/2,352,"Flash, Teleport",8010,Crownie,Ezreal,1/2/0,382,"Boost, Flash",8010,Labrov,Karma,0/5/3,27,"Flash, Dot",8229,12,"[{""side"": ""RED"", ""time"": ""3:38"", ""type"": ""First blood""}, {""side"": ""BLUE"", ""time"": ""6:33"", ""type"": ""Cloud Drake""}, {""side"": ""RED"", ""time"": ""9:07"", ""type"": ""Rift Herald""}, {""side"": ""BLUE"", ""time"": ""11:15"", ""type"": ""First Tower""}, {""side"": ""RED"", ""time"": ""12:10"", ""type"": ""Hextech Drake""}, {""side"": ""BLUE"", ""time"": ""15:25"", ""type"": ""Rift Herald""}, {""side"": ""BLUE"", ""time"": ""17:40"", ""type"": ""Mountain Drake""}, {""side"": ""BLUE"", ""time"": ""23:00"", ""type"": ""Mountain Drake""}, {""side"": ""RED"", ""time"": ""28:26"", ""type"": ""Mountain Drake""}, {""side"": ""BLUE"", ""time"": ""30:32"", ""type"": ""Nashor""}, {""side"": ""BLUE"", ""time"": ""33:59"", ""type"": ""Mountain Drake""}, {""side"": ""BLUE"", ""time"": ""36:52"", ""type"": ""Nashor""}]",0,3,2,0,5,0,20.6%,25.3%,16%,16%,23.8%,23.6%,25.7%,23.5%,13.9%,11.5%,19.3%,564 DPM,15.4%,227 DPM,19.9%,581 DPM,15.7%,232 DPM,26.4%,773 DPM,21.9%,323 DPM,21.9%,639 DPM,31.6%,466 DPM,12.5%,365 DPM,15.5%,228 DPM,"{""time"": [""0"", ""1"", ""2"", ""3"", ""4"", ""5"", ""6"", ""7"", ""8"", ""9"", ""10"", ""11"", ""12"", ""13"", ""14"", ""15"", ""16"", ""17"", ""18"", ""19"", ""20"", ""21"", ""22"", ""23"", ""24"", ""25"", ""26"", ""27"", ""28"", ""29"", ""30"", ""31"", ""32"", ""33"", ""34"", ""35"", ""36"", ""37"", ""38"", ""39"", ""39""], ""gold_diff"": [0, 0, -17, 74, 438, 633, 852, 803, 1147, 1129, 173, -367, 408, 1610, 978, 1003, 1200, 1504, 1476, 1305, 2202, 2716, 2383, 2210, 2103, 2367, 2197, 1684, 1395, 2057, 2708, 4981, 6238, 6486, 6085, 6486, 6912, 7870, 8226, 11306, 11306]}",0.0,173.0,1003.0,2202.0,11306.0,73.0,129.0,64.0,166.0,46.5,53.5,50.2,49.8
46109,46111,Astralis vs Team BDS,LEC Winter Groups 2023,2023-02-18 (WEEK2),28:44,v13.1,Team BDS,LOSS,3,0,0,0,42k,False,False,,"Caitlyn, Lucian, Gnar, Sylas, Viktor","Olaf, Wukong, Azir, Ezreal, Karma",Adam,Olaf,0/4/2,220,"Flash, Teleport",8010,Sheo,Wukong,2/2/1,141,"Smite, Flash",8010,nuc,Azir,0/2/1,276,"Flash, Teleport",8010,Crownie,Ezreal,1/3/1,236,"Boost, Flash",8010,Labrov,Karma,0/5/1,0,"Flash, Dot",8229,Astralis,WIN,16,10,4,1,56.3k,True,True,"Ocean, Mountain","Zeri, Ashe, Elise, Maokai, Kassadin","Kled, Sejuani, Akali, Varus, Nautilus",Finn,Kled,3/2/3,233,"Teleport, Flash",8010,113,Sejuani,2/1/11,125,"Flash, Smite",8230,Dajor,Akali,4/0/4,258,"Flash, Teleport",8010,Kobbe,Varus,6/0/0,281,"Heal, Flash",9923,Execute,Nautilus,1/0/10,31,"Dot, Flash",8351,9,"[{""side"": ""RED"", ""time"": ""3:03"", ""type"": ""First blood""}, {""side"": ""RED"", ""time"": ""8:43"", ""type"": ""Rift Herald""}, {""side"": ""RED"", ""time"": ""10:09"", ""type"": ""Ocean Drake""}, {""side"": ""RED"", ""time"": ""10:28"", ""type"": ""First Tower""}, {""side"": ""RED"", ""time"": ""15:10"", ""type"": ""Rift Herald""}, {""side"": ""RED"", ""time"": ""16:40"", ""type"": ""Mountain Drake""}, {""side"": ""RED"", ""time"": ""22:00"", ""type"": ""Infernal Drake""}, {""side"": ""RED"", ""time"": ""24:21"", ""type"": ""Nashor""}, {""side"": ""RED"", ""time"": ""27:56"", ""type"": ""Infernal Drake""}]",0,5,1,1,1,5,20.8%,23.8%,19.8%,18.6%,23.7%,21.1%,22.4%,23.7%,13.4%,12.9%,15.9%,292 DPM,21.2%,366 DPM,9.6%,177 DPM,15.5%,269 DPM,40.9%,748 DPM,30.4%,526 DPM,23.1%,424 DPM,21.8%,377 DPM,10.5%,191 DPM,11.1%,192 DPM,"{""time"": [""0"", ""1"", ""2"", ""3"", ""4"", ""5"", ""6"", ""7"", ""8"", ""9"", ""10"", ""11"", ""12"", ""13"", ""14"", ""15"", ""16"", ""17"", ""18"", ""19"", ""20"", ""21"", ""22"", ""23"", ""24"", ""25"", ""26"", ""27"", ""28"", ""28""], ""gold_diff"": [0, 0, 106, 237, 81, -635, -730, -1257, -2210, -3024, -3088, -4351, -4609, -5458, -5710, -5759, -7156, -6343, -6979, -6897, -6969, -8306, -8177, -8236, -8359, -9688, -10966, -10426, -12066, -14304]}",0.0,-3088.0,-5759.0,-6969.0,-14304.0,37.0,79.0,25.0,79.0,58.7,41.3,54.0,46.0
46106,46106,TH vs SK Gaming,LEC Winter Groups 2023,2023-02-18 (WEEK2),29:23,v13.1,SK Gaming,WIN,10,8,2,1,53.1k,False,True,"Cloud, Ocean","Draven, Maokai, KSante, Vi, Wukong","Gnar, Sejuani, Sylas, Zeri, Lulu",Irrelevant,Gnar,0/4/3,195,"Flash, Teleport",8021,Markoon,Sejuani,3/0/5,145,"Flash, Smite",8230,Sertuss,Sylas,4/0/3,248,"Flash, Teleport",8369,3XA,Zeri,3/0/5,359,"Heal, Flash",8008,Doss,Lulu,0/2/10,0,"Flash, Dot",8214,Team Heretics,LOSS,5,5,2,0,50k,True,False,"Ocean, Chemtech","Elise, Caitlyn, Ashe, Sion, Renekton","Jax, Graves, Azir, Lucian, Nami",Evi,Jax,3/2/0,212,"Teleport, Flash",8437,Jankos,Graves,0/2/1,229,"Smite, Flash",8021,Ruby,Azir,0/1/1,268,"Teleport, Flash",8010,Jackspektra,Lucian,1/2/1,277,"Flash, Dot",8369,Mersa,Nami,1/3/2,0,"Flash, Heal",8214,9,"[{""side"": ""RED"", ""time"": ""3:31"", ""type"": ""First blood""}, {""side"": ""RED"", ""time"": ""8:22"", ""type"": ""Rift Herald""}, {""side"": ""BLUE"", ""time"": ""8:47"", ""type"": ""Cloud Drake""}, {""side"": ""RED"", ""time"": ""13:59"", ""type"": ""Chemtech Drake""}, {""side"": ""RED"", ""time"": ""14:58"", ""type"": ""Rift Herald""}, {""side"": ""BLUE"", ""time"": ""14:58"", ""type"": ""First Tower""}, {""side"": ""RED"", ""time"": ""19:19"", ""type"": ""Ocean Drake""}, {""side"": ""BLUE"", ""time"": ""22:53"", ""type"": ""Nashor""}, {""side"": ""BLUE"", ""time"": ""24:58"", ""type"": ""Ocean Drake""}]",1,0,0,0,1,3,17.7%,20.9%,18.5%,20.5%,23.3%,20.7%,27.2%,24.4%,13.3%,13.6%,27.8%,473 DPM,27.1%,524 DPM,10.7%,182 DPM,12.7%,246 DPM,25.5%,434 DPM,28%,541 DPM,27%,459 DPM,25.9%,500 DPM,9%,152 DPM,6.2%,121 DPM,"{""time"": [""0"", ""1"", ""2"", ""3"", ""4"", ""5"", ""6"", ""7"", ""8"", ""9"", ""10"", ""11"", ""12"", ""13"", ""14"", ""15"", ""16"", ""17"", ""18"", ""19"", ""20"", ""21"", ""22"", ""23"", ""24"", ""25"", ""26"", ""27"", ""28"", ""29"", ""29""], ""gold_diff"": [0, 0, 59, 76, -594, -744, -1092, -955, -1287, -1308, -1403, -1215, -1401, -1643, -1701, -1247, -1526, -2992, -2890, -3523, -3704, -3524, -4278, -2067, -1960, -1777, -1881, -2150, -1971, 1821, 3080]}",0.0,-1403.0,-1247.0,-3704.0,3080.0,44.0,101.0,54.0,86.0,46.8,53.2,44.5,55.5
46106,46107,TH vs SK Gaming,LEC Winter Groups 2023,2023-02-18 (WEEK2),39:21,v13.1,Team Heretics,LOSS,9,4,3,0,63.8k,True,True,"Ocean, Chemtech, Hextech","Caitlyn, Sejuani, Ashe, Sion, Syndra","KSante, Kindred, Azir, Lucian, Nami",Evi,KSante,1/4/5,191,"Teleport, Haste",8437,Jankos,Kindred,1/3/4,235,"Smite, Flash",8008,Ruby,Azir,3/5/1,348,"Teleport, Flash",8369,Jackspektra,Lucian,4/2/0,377,"Flash, Dot",8369,Mersa,Nami,0/1/6,0,"Flash, Heal",8214,SK Gaming,WIN,15,10,3,2,70.6k,False,False,"Hextech, Hextech, Hextech","Draven, Maokai, Elise, Wukong, Jax","Gnar, Vi, Taliyah, Zeri, Lulu",Irrelevant,Gnar,2/3/7,309,"Flash, Teleport",8021,Markoon,Vi,1/1/8,173,"Flash, Smite",8439,Sertuss,Taliyah,6/0/6,320,"Flash, Haste",8360,3XA,Zeri,5/4/6,342,"Heal, Flash",8008,Doss,Lulu,1/1/11,0,"Flash, Dot",8214,12,"[{""side"": ""BLUE"", ""time"": ""5:38"", ""type"": ""First blood""}, {""side"": ""BLUE"", ""time"": ""6:36"", ""type"": ""Chemtech Drake""}, {""side"": ""RED"", ""time"": ""8:27"", ""type"": ""Rift Herald""}, {""side"": ""BLUE"", ""time"": ""12:06"", ""type"": ""Ocean Drake""}, {""side"": ""BLUE"", ""time"": ""14:22"", ""type"": ""First Tower""}, {""side"": ""RED"", ""time"": ""15:11"", ""type"": ""Rift Herald""}, {""side"": ""BLUE"", ""time"": ""17:36"", ""type"": ""Hextech Drake""}, {""side"": ""RED"", ""time"": ""23:02"", ""type"": ""Hextech Drake""}, {""side"": ""RED"", ""time"": ""27:00"", ""type"": ""Nashor""}, {""side"": ""RED"", ""time"": ""28:14"", ""type"": ""Hextech Drake""}, {""side"": ""RED"", ""time"": ""33:34"", ""type"": ""Nashor""}, {""side"": ""RED"", ""time"": ""33:36"", ""type"": ""Hextech Drake""}]",0,3,2,2,3,0,16.7%,23.5%,18.4%,16.9%,24.5%,22.6%,27.4%,23.7%,13.1%,13.4%,14.2%,289 DPM,30.1%,659 DPM,14.6%,295 DPM,10.4%,228 DPM,29.8%,604 DPM,31%,679 DPM,34.7%,704 DPM,23.7%,519 DPM,6.7%,135 DPM,4.7%,103 DPM,"{""time"": [""0"", ""1"", ""2"", ""3"", ""4"", ""5"", ""6"", ""7"", ""8"", ""9"", ""10"", ""11"", ""12"", ""13"", ""14"", ""15"", ""16"", ""17"", ""18"", ""19"", ""20"", ""21"", ""22"", ""23"", ""24"", ""25"", ""26"", ""27"", ""28"", ""29"", ""30"", ""31"", ""32"", ""33"", ""34"", ""35"", ""36"", ""37"", ""38"", ""39"", ""39""], ""gold_diff"": [0, -15, 0, 243, 141, 321, 805, 1246, 1293, 968, 875, 581, -104, 234, 925, 1683, 2390, 1706, 1489, 1863, 2173, 2338, 2344, 2490, 2331, 2502, 1109, 838, -479, -1679, -2305, -3138, -2974, -3171, -4573, -5734, -5414, -5288, -5268, -6968, -6723]}",0.0,875.0,1683.0,2173.0,-6723.0,57.0,133.0,68.0,118.0,49.7,50.3,40.9,59.1
45947,45947,MAD Lions vs G2 Esports,LEC Winter Groups 2023,2023-02-13 (WEEK1),28:28,v13.1,MAD Lions,LOSS,5,1,1,0,44.2k,False,True,Chemtech,"Jayce, Nautilus, Elise, Leona, Amumu","KSante, Sejuani, Viktor, Zeri, Lulu",Chasy,KSante,0/5/1,200,"Haste, Teleport",8437,Elyoya,Sejuani,0/4/2,144,"Flash, Smite",8230,Nisqy,Viktor,1/4/1,263,"Flash, Teleport",8214,Carzzy,Zeri,3/4/1,255,"Flash, Boost",8008,Hylissang,Lulu,1/4/3,0,"Flash, Dot",8214,G2 Esports,WIN,21,9,3,2,61.9k,True,False,Ocean,"Ashe, Sivir, Lucian, Azir, Sylas","Olaf, Lillia, Tristana, Draven, Rakan",Brokenblade,Olaf,1/0/11,221,"Flash, Haste",8010,Yike,Lillia,7/0/9,226,"Flash, Smite",8010,Caps,Tristana,7/1/6,270,"Teleport, Flash",8008,Hans Sama,Draven,5/2/5,261,"Flash, Boost",8008,Mikyx,Rakan,1/2/13,53,"Dot, Flash",8465,10,"[{""side"": ""RED"", ""time"": ""0:51"", ""type"": ""First blood""}, {""side"": ""BLUE"", ""time"": ""6:37"", ""type"": ""Chemtech Drake""}, {""side"": ""BLUE"", ""time"": ""8:40"", ""type"": ""Rift Herald""}, {""side"": ""BLUE"", ""time"": ""9:41"", ""type"": ""First Tower""}, {""side"": ""RED"", ""time"": ""12:23"", ""type"": ""Ocean Drake""}, {""side"": ""RED"", ""time"": ""15:51"", ""type"": ""Rift Herald""}, {""side"": ""RED"", ""time"": ""17:38"", ""type"": ""Infernal Drake""}, {""side"": ""RED"", ""time"": ""20:56"", ""type"": ""Nashor""}, {""side"": ""RED"", ""time"": ""22:53"", ""type"": ""Infernal Drake""}, {""side"": ""RED"", ""time"": ""27:10"", ""type"": ""Nashor""}]",5,0,1,1,1,3,17.9%,19.1%,17.7%,21.2%,23.3%,22.8%,25.7%,24%,15.4%,12.9%,12.5%,215 DPM,26%,567 DPM,8.3%,142 DPM,27.6%,601 DPM,33.6%,580 DPM,23.9%,521 DPM,34.1%,587 DPM,15.2%,331 DPM,11.6%,199 DPM,7.3%,158 DPM,"{""time"": [""0"", ""1"", ""2"", ""3"", ""4"", ""5"", ""6"", ""7"", ""8"", ""9"", ""10"", ""11"", ""12"", ""13"", ""14"", ""15"", ""16"", ""17"", ""18"", ""19"", ""20"", ""21"", ""22"", ""23"", ""24"", ""25"", ""26"", ""27"", ""28"", ""28""], ""gold_diff"": [0, -540, -471, -530, 92, 21, 218, -11, -25, 59, 985, 678, 633, -674, -591, -1191, -1986, -1961, -3430, -6086, -5838, -7154, -7536, -6607, -7685, -7833, -11515, -12358, -16695, -17668]}",0.0,985.0,-1191.0,-5838.0,-17668.0,56.0,86.0,43.0,103.0,43.5,56.5,35.3,64.7
45947,45948,MAD Lions vs G2 Esports,LEC Winter Groups 2023,2023-02-13 (WEEK1),28:55,v13.1,G2 Esports,WIN,20,7,1,1,57.4k,True,False,,"Lucian, Ashe, Gragas, Caitlyn, Lulu","Jax, Maokai, Kassadin, Draven, Soraka",Brokenblade,Jax,8/4/8,186,"Flash, Teleport",8437,Yike,Maokai,0/5/15,158,"Flash, Smite",8230,Caps,Kassadin,4/3/10,220,"Teleport, Flash",8360,Hans Sama,Draven,7/0/6,252,"Flash, Boost",8008,Mikyx,Soraka,1/3/13,0,"Heal, Flash",8465,MAD Lions,LOSS,15,3,3,0,47k,False,True,"Cloud, Chemtech","Elise, Nautilus, Lillia, Tristana, Zac","Jayce, Sejuani, Sylas, Ezreal, Leona",Chasy,Jayce,4/5/6,241,"Teleport, Flash",8010,Elyoya,Sejuani,1/3/9,117,"Flash, Smite",8439,Nisqy,Sylas,5/4/6,215,"Flash, Teleport",8010,Carzzy,Ezreal,5/3/2,250,"Flash, Heal",8010,Hylissang,Leona,0/5/9,34,"Flash, Dot",8351,9,"[{""side"": ""BLUE"", ""time"": ""3:30"", ""type"": ""First blood""}, {""side"": ""BLUE"", ""time"": ""8:46"", ""type"": ""Rift Herald""}, {""side"": ""RED"", ""time"": ""9:19"", ""type"": ""Chemtech Drake""}, {""side"": ""RED"", ""time"": ""14:40"", ""type"": ""Cloud Drake""}, {""side"": ""RED"", ""time"": ""14:53"", ""type"": ""First Tower""}, {""side"": ""BLUE"", ""time"": ""15:16"", ""type"": ""Rift Herald""}, {""side"": ""RED"", ""time"": ""20:17"", ""type"": ""Infernal Drake""}, {""side"": ""BLUE"", ""time"": ""25:23"", ""type"": ""Infernal Drake""}, {""side"": ""BLUE"", ""time"": ""27:41"", ""type"": ""Nashor""}]",2,1,0,0,1,1,22.9%,21.9%,17.3%,17.2%,19.8%,23.7%,27.2%,24.2%,12.7%,13.1%,24.5%,779 DPM,27%,719 DPM,23.2%,738 DPM,10.4%,277 DPM,21%,667 DPM,33.1%,881 DPM,26.7%,850 DPM,23.8%,634 DPM,4.8%,151 DPM,5.5%,147 DPM,"{""time"": [""0"", ""1"", ""2"", ""3"", ""4"", ""5"", ""6"", ""7"", ""8"", ""9"", ""10"", ""11"", ""12"", ""13"", ""14"", ""15"", ""16"", ""17"", ""18"", ""19"", ""20"", ""21"", ""22"", ""23"", ""24"", ""25"", ""26"", ""27"", ""28"", ""28""], ""gold_diff"": [0, 0, 130, -154, 785, 851, 125, -2, -75, 384, -381, 972, 995, -62, -309, -1307, 597, 829, 845, 1362, 523, 980, 1086, 138, -118, 2034, 2668, 3375, 6936, 10335]}",0.0,-381.0,-1307.0,523.0,10335.0,42.0,71.0,29.0,88.0,47.8,52.2,52.6,47.4
45944,45944,VIT vs KOI,LEC Winter Groups 2023,2023-02-13 (WEEK1),33:18,v13.1,Team Vitality,LOSS,6,5,0,2,58.9k,True,False,,"Caitlyn, Lucian, Azir, Gnar, Viktor","Gwen, Sejuani, Jayce, Sivir, Lulu",Photon,Gwen,1/3/3,293,"Haste, Teleport",8010,Bo,Sejuani,1/3/3,146,"Flash, Smite",8439,Perkz,Jayce,1/2/2,295,"Flash, Teleport",8369,Neon,Sivir,2/3/2,317,"Flash, Haste",8008,Kaiser,Lulu,1/2/4,0,"Flash, Dot",8214,KOI,WIN,13,7,5,0,61.4k,False,True,"Mountain, Chemtech, Chemtech","Elise, Ashe, Karma, Jax, Sylas","KSante, Vi, Orianna, Zeri, Soraka",Szygenda,KSante,1/3/8,231,"Teleport, Haste",8437,Malrang,Vi,1/1/9,145,"Smite, Flash",8439,Larssen,Orianna,1/1/8,301,"Flash, Teleport",8230,Comp,Zeri,7/0/5,399,"Flash, Haste",8008,Trymbi,Soraka,3/1/9,0,"Flash, Heal",8214,11,"[{""side"": ""RED"", ""time"": ""5:41"", ""type"": ""Infernal Drake""}, {""side"": ""BLUE"", ""time"": ""8:31"", ""type"": ""Rift Herald""}, {""side"": ""BLUE"", ""time"": ""9:01"", ""type"": ""First blood""}, {""side"": ""RED"", ""time"": ""9:06"", ""type"": ""First Tower""}, {""side"": ""RED"", ""time"": ""11:58"", ""type"": ""Mountain Drake""}, {""side"": ""BLUE"", ""time"": ""15:07"", ""type"": ""Rift Herald""}, {""side"": ""RED"", ""time"": ""17:53"", ""type"": ""Chemtech Drake""}, {""side"": ""BLUE"", ""time"": ""22:29"", ""type"": ""Nashor""}, {""side"": ""RED"", ""time"": ""23:12"", ""type"": ""Chemtech Drake""}, {""side"": ""RED"", ""time"": ""29:36"", ""type"": ""Elder Drake""}, {""side"": ""BLUE"", ""time"": ""29:41"", ""type"": ""Nashor""}]",5,0,2,1,0,5,22.4%,17.6%,17.7%,16.1%,23.3%,20.7%,23.4%,31.1%,13.2%,14.5%,23.6%,425 DPM,13.9%,237 DPM,10.7%,194 DPM,13.2%,226 DPM,35.2%,635 DPM,21.8%,374 DPM,23.8%,429 DPM,42.4%,726 DPM,6.7%,121 DPM,8.8%,150 DPM,"{""time"": [""0"", ""1"", ""2"", ""3"", ""4"", ""5"", ""6"", ""7"", ""8"", ""9"", ""10"", ""11"", ""12"", ""13"", ""14"", ""15"", ""16"", ""17"", ""18"", ""19"", ""20"", ""21"", ""22"", ""23"", ""24"", ""25"", ""26"", ""27"", ""28"", ""29"", ""30"", ""31"", ""32"", ""33"", ""33""], ""gold_diff"": [0, 0, 8, -298, -689, -726, -307, -467, -769, -444, 139, -107, -440, -632, -356, -648, -1958, -1850, -469, -311, -806, -704, -363, 470, 1107, 1111, 1285, 1190, 1125, 2229, 2261, 1898, 680, -1465, -2474]}",0.0,139.0,-648.0,-806.0,-2474.0,50.0,103.0,60.0,92.0,50.0,50.0,53.8,46.2
45944,45945,VIT vs KOI,LEC Winter Groups 2023,2023-02-13 (WEEK1),26:34,v13.1,KOI,WIN,25,10,2,1,56k,True,True,"Mountain, Chemtech","Karma, Zeri, Elise, Jayce, Tristana","KSante, Xin Zhao, Azir, Sivir, Ashe",Szygenda,KSante,2/1/10,222,"Teleport, Flash",8437,Malrang,Xin Zhao,8/5/8,106,"Smite, Flash",8010,Larssen,Azir,6/3/9,197,"Flash, Teleport",8214,Comp,Sivir,8/1/10,295,"Flash, Heal",8008,Trymbi,Ashe,1/1/21,0,"Flash, Barrier",9923,Team Vitality,LOSS,10,4,1,0,47.6k,False,False,Hextech,"Caitlyn, Sejuani, Lucian, Gnar, Renekton","Olaf, Nidalee, Yone, Xayah, Nautilus",Photon,Olaf,4/4/6,238,"Flash, Haste",8010,Bo,Nidalee,2/7/4,149,"Flash, Smite",8112,Perkz,Yone,4/3/3,221,"Flash, Teleport",8008,Neon,Xayah,0/4/7,195,"Flash, Heal",8008,Kaiser,Nautilus,0/7/4,25,"Flash, Dot",8351,8,"[{""side"": ""BLUE"", ""time"": ""1:48"", ""type"": ""First blood""}, {""side"": ""RED"", ""time"": ""9:19"", ""type"": ""Rift Herald""}, {""side"": ""BLUE"", ""time"": ""10:53"", ""type"": ""Chemtech Drake""}, {""side"": ""BLUE"", ""time"": ""13:27"", ""type"": ""First Tower""}, {""side"": ""BLUE"", ""time"": ""16:20"", ""type"": ""Rift Herald""}, {""side"": ""RED"", ""time"": ""16:31"", ""type"": ""Hextech Drake""}, {""side"": ""BLUE"", ""time"": ""22:02"", ""type"": ""Mountain Drake""}, {""side"": ""BLUE"", ""time"": ""24:09"", ""type"": ""Nashor""}]",0,0,2,4,5,1,19.4%,25.8%,17.8%,19.6%,21.4%,23.4%,26.2%,19.1%,15.2%,12.1%,12.2%,351 DPM,30.2%,610 DPM,15.3%,439 DPM,20.1%,405 DPM,31%,890 DPM,23.4%,472 DPM,23.5%,674 DPM,20.6%,416 DPM,18.1%,519 DPM,5.8%,116 DPM,"{""time"": [""0"", ""1"", ""2"", ""3"", ""4"", ""5"", ""6"", ""7"", ""8"", ""9"", ""10"", ""11"", ""12"", ""13"", ""14"", ""15"", ""16"", ""17"", ""18"", ""19"", ""20"", ""21"", ""22"", ""23"", ""24"", ""25"", ""26"", ""26""], ""gold_diff"": [0, 0, 627, 961, 903, 1896, 1627, 2007, 2058, 2625, 2548, 3720, 3311, 4547, 5266, 5565, 3779, 2366, 3547, 4777, 5226, 4890, 4526, 5303, 6756, 8369, 7157, 8356]}",0.0,2548.0,5565.0,5226.0,8356.0,36.0,72.0,30.0,90.0,40.9,59.2,44.4,55.6
45742,45742,G2 Esports vs Team BDS,LEC Winter Groups 2023,2023-02-12 (WEEK1),31:04,v13.1,G2 Esports,WIN,22,10,2,2,65k,False,False,"Chemtech, Hextech","Heimerdinger, Ashe, Caitlyn, Lulu, Renata Glasc","Jax, Lillia, Jayce, Kaisa, Nautilus",Brokenblade,Jax,5/2/12,220,"Flash, Dot",8008,Yike,Lillia,6/1/15,232,"Flash, Smite",8010,Caps,Jayce,2/3/17,261,"Teleport, Flash",8369,Hans Sama,Kaisa,9/1/5,286,"Flash, Boost",8008,Mikyx,Nautilus,0/4/18,39,"Dot, Flash",8351,Team BDS,LOSS,11,3,2,0,51.9k,True,True,Hextech,"Draven, Elise, Maokai, Kalista, Lucian","Garen, Sejuani, Ryze, Zeri, Alistar",Adam,Garen,4/3/3,293,"Flash, Dot",8230,Sheo,Sejuani,0/5/7,143,"Smite, Flash",8439,nuc,Ryze,2/4/5,267,"Flash, Teleport",8230,Crownie,Zeri,5/3/1,289,"Heal, Flash",8008,Labrov,Alistar,0/7/5,31,"Flash, Dot",8351,10,"[{""side"": ""RED"", ""time"": ""3:06"", ""type"": ""First blood""}, {""side"": ""BLUE"", ""time"": ""8:18"", ""type"": ""Rift Herald""}, {""side"": ""BLUE"", ""time"": ""9:53"", ""type"": ""Chemtech Drake""}, {""side"": ""BLUE"", ""time"": ""14:36"", ""type"": ""Rift Herald""}, {""side"": ""RED"", ""time"": ""16:00"", ""type"": ""Infernal Drake""}, {""side"": ""RED"", ""time"": ""17:48"", ""type"": ""First Tower""}, {""side"": ""BLUE"", ""time"": ""20:58"", ""type"": ""Nashor""}, {""side"": ""RED"", ""time"": ""21:30"", ""type"": ""Hextech Drake""}, {""side"": ""BLUE"", ""time"": ""26:37"", ""type"": ""Hextech Drake""}, {""side"": ""BLUE"", ""time"": ""28:05"", ""type"": ""Nashor""}]",2,3,0,1,3,3,21.2%,26%,21.9%,16.2%,21%,21.6%,23.4%,24.3%,12.5%,11.9%,16.4%,511 DPM,19.4%,369 DPM,28.1%,878 DPM,14.9%,284 DPM,25%,782 DPM,34.7%,660 DPM,24.4%,762 DPM,23.2%,441 DPM,6.1%,190 DPM,7.8%,149 DPM,"{""time"": [""0"", ""1"", ""2"", ""3"", ""4"", ""5"", ""6"", ""7"", ""8"", ""9"", ""10"", ""11"", ""12"", ""13"", ""14"", ""15"", ""16"", ""17"", ""18"", ""19"", ""20"", ""21"", ""22"", ""23"", ""24"", ""25"", ""26"", ""27"", ""28"", ""29"", ""30"", ""31"", ""31""], ""gold_diff"": [0, -15, 25, 491, -85, 272, 919, 965, 921, 845, 939, 650, 838, -205, 343, 510, 416, 308, -286, -404, -116, 2964, 3418, 5686, 6718, 6555, 7223, 6867, 6857, 9932, 10077, 13095, 13096]}",0.0,939.0,510.0,-116.0,13096.0,36.0,76.0,34.0,96.0,56.2,43.8,57.4,42.6
45742,45743,G2 Esports vs Team BDS,LEC Winter Groups 2023,2023-02-12 (WEEK1),36:26,v13.1,Team BDS,WIN,23,10,4,1,72.2k,True,True,"Mountain, Mountain, Mountain, Hextech","Draven, Jayce, Kalista, Ryze, Kassadin","Olaf, Elise, Azir, Zeri, Lulu",Adam,Olaf,5/0/11,333,"Flash, Teleport",8010,Sheo,Elise,3/3/14,173,"Smite, Flash",8112,nuc,Azir,8/1/10,305,"Flash, Teleport",8010,Crownie,Zeri,4/1/11,383,"Heal, Flash",8008,Labrov,Lulu,3/2/16,0,"Flash, Dot",8465,G2 Esports,LOSS,7,4,1,0,61.3k,False,False,Ocean,"Heimerdinger, Ashe, Caitlyn, Renekton, Darius","Jax, Belveth, Sylas, Xayah, Nautilus",Brokenblade,Jax,4/4/2,274,"Flash, Dot",8008,Yike,Belveth,1/6/4,210,"Flash, Smite",8010,Caps,Sylas,1/4/3,321,"Teleport, Flash",8369,Hans Sama,Xayah,1/3/2,352,"Flash, Exhaust",8008,Mikyx,Nautilus,0/6/6,46,"Dot, Flash",8351,10,"[{""side"": ""BLUE"", ""time"": ""4:51"", ""type"": ""First blood""}, {""side"": ""BLUE"", ""time"": ""9:07"", ""type"": ""Rift Herald""}, {""side"": ""RED"", ""time"": ""11:10"", ""type"": ""Ocean Drake""}, {""side"": ""BLUE"", ""time"": ""14:59"", ""type"": ""First Tower""}, {""side"": ""RED"", ""time"": ""15:52"", ""type"": ""Rift Herald""}, {""side"": ""BLUE"", ""time"": ""16:50"", ""type"": ""Hextech Drake""}, {""side"": ""BLUE"", ""time"": ""22:32"", ""type"": ""Mountain Drake""}, {""side"": ""BLUE"", ""time"": ""29:09"", ""type"": ""Mountain Drake""}, {""side"": ""BLUE"", ""time"": ""31:28"", ""type"": ""Nashor""}, {""side"": ""BLUE"", ""time"": ""34:29"", ""type"": ""Mountain Drake""}]",2,2,0,1,4,4,23.1%,23.8%,17.6%,17.7%,21.9%,23.3%,23.5%,23.1%,14%,12.1%,24.6%,714 DPM,29.6%,555 DPM,17.9%,519 DPM,15.3%,287 DPM,30.7%,891 DPM,23.6%,444 DPM,21%,609 DPM,24.2%,455 DPM,5.7%,165 DPM,7.2%,136 DPM,"{""time"": [""0"", ""1"", ""2"", ""3"", ""4"", ""5"", ""6"", ""7"", ""8"", ""9"", ""10"", ""11"", ""12"", ""13"", ""14"", ""15"", ""16"", ""17"", ""18"", ""19"", ""20"", ""21"", ""22"", ""23"", ""24"", ""25"", ""26"", ""27"", ""28"", ""29"", ""30"", ""31"", ""32"", ""33"", ""34"", ""35"", ""36"", ""36""], ""gold_diff"": [0, 0, 7, 248, 231, 721, 1481, 1638, 1331, 906, 1251, 1287, 1400, 2136, 1830, 2422, 1219, 1185, 98, 940, 1264, 2531, 1858, 1414, 1278, 1743, 1811, 1786, 1947, 2460, 2971, 4355, 6126, 6983, 8063, 7442, 8215, 10929]}",0.0,1251.0,2422.0,1264.0,10929.0,55.0,121.0,61.0,132.0,45.9,54.1,51.9,48.1
45742,45744,G2 Esports vs Team BDS,LEC Winter Groups 2023,2023-02-12 (WEEK1),22:54,v13.1,G2 Esports,WIN,27,10,1,1,52k,True,True,Cloud,"Ashe, Heimerdinger, Olaf, Ezreal, Zeri","Jax, Lillia, Jayce, Varus, Leona",Brokenblade,Jax,8/1/3,157,"Flash, Teleport",8437,Yike,Lillia,7/1/11,165,"Flash, Smite",8010,Caps,Jayce,6/2/12,172,"Teleport, Flash",8369,Hans Sama,Varus,5/0/9,187,"Flash, Boost",8229,Mikyx,Leona,1/1/14,38,"Dot, Flash",8351,Team BDS,LOSS,5,1,2,0,34.1k,False,False,Chemtech,"Draven, Maokai, Elise, Nautilus, Lucian","Renekton, Sejuani, Ryze, Caitlyn, Karma",Adam,Renekton,1/7/1,156,"Flash, Teleport",8010,Sheo,Sejuani,1/4/1,106,"Smite, Flash",8439,nuc,Ryze,1/4/3,182,"Flash, Teleport",8230,Crownie,Caitlyn,1/6/2,161,"Boost, Flash",8008,Labrov,Karma,1/6/3,0,"Flash, Dot",8229,8,"[{""side"": ""RED"", ""time"": ""3:15"", ""type"": ""First blood""}, {""side"": ""RED"", ""time"": ""6:29"", ""type"": ""Chemtech Drake""}, {""side"": ""BLUE"", ""time"": ""9:09"", ""type"": ""Rift Herald""}, {""side"": ""BLUE"", ""time"": ""12:47"", ""type"": ""First Tower""}, {""side"": ""RED"", ""time"": ""12:53"", ""type"": ""Infernal Drake""}, {""side"": ""BLUE"", ""time"": ""16:00"", ""type"": ""Rift Herald""}, {""side"": ""BLUE"", ""time"": ""19:19"", ""type"": ""Cloud Drake""}, {""side"": ""BLUE"", ""time"": ""20:24"", ""type"": ""Nashor""}]",5,1,2,1,3,1,21.2%,21.8%,21.5%,18.5%,24.8%,22.4%,19.4%,22.1%,13.1%,15.2%,21.5%,717 DPM,15.7%,283 DPM,27.9%,930 DPM,14%,252 DPM,26.2%,875 DPM,27.6%,497 DPM,19.4%,647 DPM,19.5%,352 DPM,5%,167 DPM,23.2%,417 DPM,"{""time"": [""0"", ""1"", ""2"", ""3"", ""4"", ""5"", ""6"", ""7"", ""8"", ""9"", ""10"", ""11"", ""12"", ""13"", ""14"", ""15"", ""16"", ""17"", ""18"", ""19"", ""20"", ""21"", ""22"", ""22""], ""gold_diff"": [0, -25, -50, -384, 34, -103, 293, 87, 347, 476, 2075, 2501, 4040, 5979, 7460, 9151, 9419, 11505, 9900, 9983, 12496, 14699, 15557, 17937]}",0.0,2075.0,9151.0,12496.0,17937.0,22.0,57.0,28.0,69.0,59.1,40.9,66.1,33.9
45739,45739,MAD Lions vs Astralis,LEC Winter Groups 2023,2023-02-12 (WEEK1),27:32,v13.1,MAD Lions,WIN,19,9,3,1,56.5k,True,False,"Hextech, Hextech","Caitlyn, Gangplank, Elise, Sylas, Kassadin","KSante, Maokai, Azir, Lucian, Nami",Chasy,KSante,4/2/7,216,"Teleport, Flash",8437,Elyoya,Maokai,1/1/11,157,"Flash, Smite",8230,Nisqy,Azir,7/0/9,265,"Flash, Teleport",8010,Carzzy,Lucian,5/2/10,247,"Flash, Dot",8369,Hylissang,Nami,2/3/15,0,"Flash, Heal",8214,Astralis,LOSS,8,3,1,0,43.8k,False,True,Chemtech,"Lulu, Ashe, Sejuani, Jayce, Renekton","Jax, Vi, Ryze, Ezreal, Karma",Finn,Jax,3/2/0,223,"Teleport, Flash",8008,113,Vi,0/4/5,127,"Flash, Smite",8005,Dajor,Ryze,0/3/0,247,"Flash, Teleport",8230,Kobbe,Ezreal,3/4/2,226,"Heal, Flash",8005,Execute,Karma,2/6/4,0,"Dot, Flash",8229,9,"[{""side"": ""BLUE"", ""time"": ""4:05"", ""type"": ""First blood""}, {""side"": ""RED"", ""time"": ""6:11"", ""type"": ""Chemtech Drake""}, {""side"": ""RED"", ""time"": ""8:49"", ""type"": ""Rift Herald""}, {""side"": ""BLUE"", ""time"": ""12:37"", ""type"": ""Infernal Drake""}, {""side"": ""RED"", ""time"": ""15:10"", ""type"": ""First Tower""}, {""side"": ""BLUE"", ""time"": ""16:38"", ""type"": ""Rift Herald""}, {""side"": ""BLUE"", ""time"": ""18:16"", ""type"": ""Hextech Drake""}, {""side"": ""BLUE"", ""time"": ""23:33"", ""type"": ""Hextech Drake""}, {""side"": ""BLUE"", ""time"": ""24:45"", ""type"": ""Nashor""}]",3,1,1,1,2,3,20.7%,23.1%,17.9%,17.2%,23.8%,21.2%,23%,23.2%,14.6%,15.4%,16.9%,410 DPM,26.7%,468 DPM,18.3%,446 DPM,9.9%,173 DPM,32.5%,791 DPM,11.4%,201 DPM,25.9%,629 DPM,34.8%,610 DPM,6.4%,155 DPM,17.2%,302 DPM,"{""time"": [""0"", ""1"", ""2"", ""3"", ""4"", ""5"", ""6"", ""7"", ""8"", ""9"", ""10"", ""11"", ""12"", ""13"", ""14"", ""15"", ""16"", ""17"", ""18"", ""19"", ""20"", ""21"", ""22"", ""23"", ""24"", ""25"", ""26"", ""27"", ""27""], ""gold_diff"": [0, 0, -83, -53, 216, 735, 785, 784, 606, 1098, 687, 822, 1171, 1120, 1188, 722, -409, 317, 491, 1833, 1694, 2628, 2729, 3132, 3170, 6972, 7934, 11054, 12682]}",0.0,687.0,722.0,1694.0,12682.0,29.0,80.0,46.0,72.0,47.5,52.5,51.5,48.5
45739,45740,MAD Lions vs Astralis,LEC Winter Groups 2023,2023-02-12 (WEEK1),27:12,v13.1,Astralis,WIN,26,9,4,1,55.7k,False,False,"Ocean, Mountain, Hextech, Hextech","Lulu, Maokai, Sejuani, Azir, Renekton","Jax, Jarvan IV, Sylas, Lucian, Nami",Finn,Jax,1/1/8,198,"Teleport, Flash",8008,113,Jarvan IV,4/3/18,120,"Flash, Smite",8010,Dajor,Sylas,10/3/12,190,"Flash, Teleport",8369,Kobbe,Lucian,9/2/11,215,"Boost, Flash",8369,Execute,Nami,2/2/20,0,"Heal, Flash",8214,MAD Lions,LOSS,11,3,0,0,48.8k,True,True,,"Caitlyn, Elise, Varus, Wukong, Gangplank","Gragas, Vi, Ryze, Draven, Ashe",Chasy,Gragas,0/3/4,204,"Teleport, Flash",8229,Elyoya,Vi,1/8/9,125,"Flash, Smite",8010,Nisqy,Ryze,5/4/4,260,"Flash, Teleport",8230,Carzzy,Draven,5/5/2,228,"Flash, Heal",8008,Hylissang,Ashe,0/7/8,0,"Flash, Barrier",9923,9,"[{""side"": ""RED"", ""time"": ""4:39"", ""type"": ""First blood""}, {""side"": ""BLUE"", ""time"": ""6:55"", ""type"": ""Mountain Drake""}, {""side"": ""BLUE"", ""time"": ""9:18"", ""type"": ""Rift Herald""}, {""side"": ""BLUE"", ""time"": ""12:34"", ""type"": ""Ocean Drake""}, {""side"": ""RED"", ""time"": ""14:27"", ""type"": ""First Tower""}, {""side"": ""BLUE"", ""time"": ""15:56"", ""type"": ""Rift Herald""}, {""side"": ""BLUE"", ""time"": ""18:25"", ""type"": ""Hextech Drake""}, {""side"": ""BLUE"", ""time"": ""24:56"", ""type"": ""Nashor""}, {""side"": ""BLUE"", ""time"": ""25:38"", ""type"": ""Hextech Drake""}]",0,1,3,2,3,3,19.2%,18.1%,18.7%,17.3%,23.7%,26.1%,24.4%,26%,14.1%,12.5%,17.4%,418 DPM,20.4%,447 DPM,12.3%,297 DPM,13%,285 DPM,30.3%,730 DPM,35.7%,779 DPM,30.7%,740 DPM,16.7%,366 DPM,9.2%,222 DPM,14.1%,308 DPM,"{""time"": [""0"", ""1"", ""2"", ""3"", ""4"", ""5"", ""6"", ""7"", ""8"", ""9"", ""10"", ""11"", ""12"", ""13"", ""14"", ""15"", ""16"", ""17"", ""18"", ""19"", ""20"", ""21"", ""22"", ""23"", ""24"", ""25"", ""26"", ""27"", ""27""], ""gold_diff"": [0, 1, -38, -136, -545, -813, -664, -783, -1615, -1358, -1158, -171, -446, -395, -374, 341, 184, 2449, 2511, 2450, 3490, 2546, 2158, 1213, 875, 4215, 5080, 6691, 6861]}",0.0,-1158.0,341.0,3490.0,6861.0,37.0,83.0,41.0,73.0,48.4,51.6,45.2,54.8
45739,45741,MAD Lions vs Astralis,LEC Winter Groups 2023,2023-02-12 (WEEK1),29:13,v13.1,MAD Lions,WIN,21,8,3,0,54.3k,True,True,"Mountain, Chemtech, Hextech","Caitlyn, Elise, Gangplank, Varus, Ezreal","KSante, Sejuani, Azir, Aphelios, Thresh",Chasy,KSante,9/1/7,234,"Teleport, Flash",8437,Elyoya,Sejuani,1/3/15,125,"Flash, Smite",8439,Nisqy,Azir,7/2/5,238,"Flash, Teleport",8010,Carzzy,Aphelios,3/3/10,225,"Flash, Heal",8005,Hylissang,Thresh,1/4/11,39,"Flash, Dot",8351,Astralis,LOSS,13,2,0,1,46.8k,False,False,,"Lulu, Ashe, Lucian, Renekton, Jayce","Jax, Vi, Karma, Cassiopeia, Twitch",Finn,Jax,3/5/1,179,"Teleport, Flash",8008,113,Vi,2/5/3,133,"Flash, Smite",8010,Dajor,Karma,2/3/7,192,"Flash, Teleport",8229,Kobbe,Cassiopeia,1/3/7,209,"Haste, Flash",8010,Execute,Twitch,5/5/3,0,"Dot, Flash",9923,8,"[{""side"": ""BLUE"", ""time"": ""3:18"", ""type"": ""First blood""}, {""side"": ""BLUE"", ""time"": ""8:52"", ""type"": ""Chemtech Drake""}, {""side"": ""RED"", ""time"": ""10:05"", ""type"": ""Rift Herald""}, {""side"": ""BLUE"", ""time"": ""14:31"", ""type"": ""Mountain Drake""}, {""side"": ""BLUE"", ""time"": ""16:31"", ""type"": ""First Tower""}, {""side"": ""BLUE"", ""time"": ""16:36"", ""type"": ""Rift Herald""}, {""side"": ""RED"", ""time"": ""21:20"", ""type"": ""Nashor""}, {""side"": ""BLUE"", ""time"": ""22:14"", ""type"": ""Hextech Drake""}]",3,1,1,2,2,1,24.9%,21.8%,17.2%,18.9%,23.8%,20.5%,20.9%,21.2%,13.3%,17.6%,24.8%,623 DPM,25.2%,503 DPM,15.3%,385 DPM,11.2%,224 DPM,29.7%,746 DPM,22.9%,458 DPM,25.1%,630 DPM,22%,440 DPM,5%,126 DPM,18.6%,372 DPM,"{""time"": [""0"", ""1"", ""2"", ""3"", ""4"", ""5"", ""6"", ""7"", ""8"", ""9"", ""10"", ""11"", ""12"", ""13"", ""14"", ""15"", ""16"", ""17"", ""18"", ""19"", ""20"", ""21"", ""22"", ""23"", ""24"", ""25"", ""26"", ""27"", ""28"", ""29"", ""29""], ""gold_diff"": [0, -5, -102, -8, 436, 819, 927, 1019, 1152, 1212, 1740, 1546, 1993, 652, 495, 1208, 1249, 2701, 3068, 3353, 3232, 1698, 2268, 2006, 3969, 4184, 4110, 3588, 4152, 7437, 7560]}",0.0,1740.0,1208.0,3232.0,7560.0,34.0,89.0,44.0,83.0,50.0,50.0,55.8,44.2
45736,45736,SK Gaming vs KOI,LEC Winter Groups 2023,2023-02-11 (WEEK1),27:33,v13.1,KOI,WIN,12,11,3,1,54.7k,True,True,"Ocean, Ocean, Hextech","Elise, Draven, Zeri, Sion, Jax","Gnar, Sejuani, Sylas, Sivir, Karma",Szygenda,Gnar,1/1/3,273,"Teleport, Flash",8021,Malrang,Sejuani,4/0/5,140,"Smite, Flash",8439,Larssen,Sylas,5/0/6,256,"Flash, Teleport",8010,Comp,Sivir,1/2/7,289,"Flash, Haste",8008,Trymbi,Karma,1/1/7,25,"Flash, Dot",8214,SK Gaming,LOSS,4,1,1,0,42k,False,False,,"Caitlyn, Ashe, Lucian, Azir, Gangplank","Renekton, Maokai, Jayce, Xayah, Nautilus",Irrelevant,Renekton,1/2/0,241,"Flash, Teleport",8010,Markoon,Maokai,0/4/2,111,"Flash, Smite",8439,Sertuss,Jayce,1/4/0,232,"Flash, Teleport",8010,3XA,Xayah,2/1/1,270,"Heal, Flash",8008,Doss,Nautilus,0/1/3,34,"Flash, Dot",8351,9,"[{""side"": ""BLUE"", ""time"": ""2:55"", ""type"": ""First blood""}, {""side"": ""BLUE"", ""time"": ""8:30"", ""type"": ""Rift Herald""}, {""side"": ""RED"", ""time"": ""8:34"", ""type"": ""Infernal Drake""}, {""side"": ""BLUE"", ""time"": ""13:58"", ""type"": ""Hextech Drake""}, {""side"": ""BLUE"", ""time"": ""14:55"", ""type"": ""Rift Herald""}, {""side"": ""BLUE"", ""time"": ""15:22"", ""type"": ""First Tower""}, {""side"": ""BLUE"", ""time"": ""19:20"", ""type"": ""Ocean Drake""}, {""side"": ""BLUE"", ""time"": ""24:24"", ""type"": ""Nashor""}, {""side"": ""BLUE"", ""time"": ""25:24"", ""type"": ""Ocean Drake""}]",0,1,2,1,4,1,21.7%,23%,18.7%,16.7%,23.4%,21.7%,22.9%,25.2%,13.4%,13.4%,22.3%,596 DPM,26%,517 DPM,11.7%,312 DPM,15.6%,309 DPM,25.6%,683 DPM,23%,456 DPM,27.5%,735 DPM,29.4%,584 DPM,12.9%,343 DPM,6%,119 DPM,"{""time"": [""0"", ""1"", ""2"", ""3"", ""4"", ""5"", ""6"", ""7"", ""8"", ""9"", ""10"", ""11"", ""12"", ""13"", ""14"", ""15"", ""16"", ""17"", ""18"", ""19"", ""20"", ""21"", ""22"", ""23"", ""24"", ""25"", ""26"", ""27"", ""27""], ""gold_diff"": [0, 35, 61, 1197, 797, 874, 1312, 1590, 1644, 2226, 1865, 2012, 2896, 3355, 2706, 2934, 3842, 3700, 4404, 4308, 4488, 4401, 5726, 5647, 6588, 6760, 8384, 10751, 12721]}",0.0,1865.0,2934.0,4488.0,12721.0,30.0,74.0,38.0,74.0,53.6,46.4,56.0,44.0
45736,45737,SK Gaming vs KOI,LEC Winter Groups 2023,2023-02-11 (WEEK1),35:37,v13.1,SK Gaming,LOSS,7,2,1,1,57.4k,False,False,Ocean,"Ashe, Karma, Varus, Gnar, Kassadin","Sion, Amumu, Azir, Caitlyn, Lux",Irrelevant,Sion,1/6/3,228,"Flash, Teleport",8437,Markoon,Amumu,2/3/5,175,"Flash, Smite",8010,Sertuss,Azir,1/6/3,296,"Flash, Teleport",8010,3XA,Caitlyn,1/3/3,356,"Boost, Flash",8021,Doss,Lux,2/4/2,0,"Flash, Dot",8229,KOI,WIN,22,9,4,0,67k,True,True,"Ocean, Ocean, Mountain, Chemtech","Elise, Draven, Vi, Maokai, Wukong","Aatrox, Sejuani, Sylas, Lucian, Nami",Szygenda,Aatrox,3/4/4,306,"Teleport, Flash",8010,Malrang,Sejuani,0/0/18,169,"Smite, Flash",8439,Larssen,Sylas,9/2/8,306,"Flash, Teleport",8010,Comp,Lucian,10/0/7,360,"Flash, Boost",8369,Trymbi,Nami,0/1/22,0,"Flash, Heal",8214,10,"[{""side"": ""RED"", ""time"": ""3:10"", ""type"": ""First blood""}, {""side"": ""RED"", ""time"": ""6:25"", ""type"": ""Chemtech Drake""}, {""side"": ""RED"", ""time"": ""9:06"", ""type"": ""Rift Herald""}, {""side"": ""RED"", ""time"": ""12:26"", ""type"": ""Mountain Drake""}, {""side"": ""RED"", ""time"": ""16:12"", ""type"": ""Rift Herald""}, {""side"": ""RED"", ""time"": ""16:29"", ""type"": ""First Tower""}, {""side"": ""RED"", ""time"": ""17:55"", ""type"": ""Ocean Drake""}, {""side"": ""BLUE"", ""time"": ""24:02"", ""type"": ""Ocean Drake""}, {""side"": ""RED"", ""time"": ""29:43"", ""type"": ""Ocean Drake""}, {""side"": ""BLUE"", ""time"": ""32:37"", ""type"": ""Nashor""}]",0,1,0,3,2,1,19.3%,21.1%,18.9%,16.1%,21.5%,22.5%,25.4%,27.2%,14.9%,13.2%,21.5%,520 DPM,14.9%,406 DPM,15.2%,368 DPM,12%,327 DPM,33%,798 DPM,24.7%,674 DPM,20.5%,496 DPM,41%,1117 DPM,9.8%,238 DPM,7.4%,203 DPM,"{""time"": [""0"", ""1"", ""2"", ""3"", ""4"", ""5"", ""6"", ""7"", ""8"", ""9"", ""10"", ""11"", ""12"", ""13"", ""14"", ""15"", ""16"", ""17"", ""18"", ""19"", ""20"", ""21"", ""22"", ""23"", ""24"", ""25"", ""26"", ""27"", ""28"", ""29"", ""30"", ""31"", ""32"", ""33"", ""34"", ""35"", ""35""], ""gold_diff"": [0, 0, -15, 98, -532, 28, -298, -1, -249, -136, -2023, -1688, -1743, -1957, -1847, -2356, -1842, -2935, -2820, -4678, -4757, -4246, -3948, -4176, -4181, -3387, -4124, -3927, -3773, -3585, -4746, -5182, -5582, -5032, -6617, -8517, -9606]}",0.0,-2023.0,-2356.0,-4757.0,-9606.0,53.0,96.0,47.0,110.0,48.8,51.2,43.8,56.2
45733,45733,VIT vs TH,LEC Winter Groups 2023,2023-02-11 (WEEK1),26:56,v13.1,Team Vitality,WIN,18,10,4,1,55.6k,True,True,"Cloud, Ocean, Ocean","Maokai, Draven, Sejuani, Vi, Lux","Sion, Kindred, Syndra, Ezreal, Karma",Photon,Sion,1/0/6,226,"Flash, Teleport",8437,Bo,Kindred,5/1/4,213,"Flash, Smite",8008,Perkz,Syndra,4/1/7,268,"Flash, Teleport",8229,Neon,Ezreal,6/0/6,236,"Flash, Heal",8005,Kaiser,Karma,2/1/9,22,"Flash, Dot",8229,Team Heretics,LOSS,3,2,0,0,41.6k,False,False,,"Ashe, Jax, Elise, Gwen, Zilean","KSante, Wukong, Azir, Caitlyn, Varus",Evi,KSante,0/3/1,190,"Teleport, Haste",8437,Jankos,Wukong,1/3/2,161,"Smite, Flash",8010,Ruby,Azir,0/3/3,257,"Teleport, Flash",8229,Jackspektra,Caitlyn,0/3/2,205,"Flash, Heal",8021,Mersa,Varus,2/6/1,22,"Flash, Barrier",8229,9,"[{""side"": ""BLUE"", ""time"": ""4:16"", ""type"": ""First blood""}, {""side"": ""BLUE"", ""time"": ""6:17"", ""type"": ""Infernal Drake""}, {""side"": ""RED"", ""time"": ""8:28"", ""type"": ""Rift Herald""}, {""side"": ""BLUE"", ""time"": ""11:37"", ""type"": ""Cloud Drake""}, {""side"": ""BLUE"", ""time"": ""11:59"", ""type"": ""First Tower""}, {""side"": ""BLUE"", ""time"": ""15:00"", ""type"": ""Rift Herald""}, {""side"": ""BLUE"", ""time"": ""17:20"", ""type"": ""Ocean Drake""}, {""side"": ""BLUE"", ""time"": ""22:50"", ""type"": ""Ocean Drake""}, {""side"": ""BLUE"", ""time"": ""25:01"", ""type"": ""Nashor""}]",0,0,1,1,5,0,18.6%,19.2%,20.6%,20.7%,22.5%,24.7%,23.7%,20%,14.6%,15.4%,11%,326 DPM,28.2%,433 DPM,18%,533 DPM,12.6%,194 DPM,24.7%,733 DPM,21.9%,337 DPM,36.2%,1075 DPM,21.8%,334 DPM,10.1%,301 DPM,15.5%,239 DPM,"{""time"": [""0"", ""1"", ""2"", ""3"", ""4"", ""5"", ""6"", ""7"", ""8"", ""9"", ""10"", ""11"", ""12"", ""13"", ""14"", ""15"", ""16"", ""17"", ""18"", ""19"", ""20"", ""21"", ""22"", ""23"", ""24"", ""25"", ""26"", ""26""], ""gold_diff"": [0, 15, -17, -32, 130, 560, 946, 945, 812, 1512, 2866, 2595, 3657, 3673, 3692, 4054, 4701, 5043, 5490, 5030, 6395, 7769, 8529, 9554, 8676, 10331, 12138, 14012]}",0.0,2866.0,4054.0,6395.0,14012.0,28.0,77.0,41.0,71.0,52.1,47.9,56.9,43.1
45733,45734,VIT vs TH,LEC Winter Groups 2023,2023-02-11 (WEEK1),26:29,v13.1,Team Vitality,LOSS,3,3,0,0,41.9k,False,True,,"Maokai, Draven, Sejuani, Lulu, Azir","Jax, Wukong, Kassadin, Caitlyn, Lux",Photon,Jax,1/3/1,208,"Flash, Teleport",8008,Bo,Wukong,2/5/0,175,"Flash, Smite",8010,Perkz,Kassadin,0/1/0,249,"Flash, Teleport",8010,Neon,Caitlyn,0/3/0,223,"Flash, Heal",8008,Kaiser,Lux,0/5/0,0,"Flash, Dot",8229,Team Heretics,WIN,17,11,4,1,55.3k,True,False,"Cloud, Chemtech","Ashe, Karma, Elise, Graves, Kindred","KSante, Vi, Viktor, Zeri, Nautilus",Evi,KSante,1/2/6,237,"Teleport, Flash",8437,Jankos,Vi,7/1/4,163,"Smite, Flash",8010,Ruby,Viktor,1/0/8,269,"Teleport, Flash",8369,Jackspektra,Zeri,8/0/5,280,"Flash, Boost",8008,Mersa,Nautilus,0/0/12,25,"Flash, Dot",8351,9,"[{""side"": ""RED"", ""time"": ""2:20"", ""type"": ""First blood""}, {""side"": ""RED"", ""time"": ""6:21"", ""type"": ""Cloud Drake""}, {""side"": ""RED"", ""time"": ""8:23"", ""type"": ""Rift Herald""}, {""side"": ""RED"", ""time"": ""11:49"", ""type"": ""Chemtech Drake""}, {""side"": ""BLUE"", ""time"": ""14:51"", ""type"": ""First Tower""}, {""side"": ""RED"", ""time"": ""15:08"", ""type"": ""Rift Herald""}, {""side"": ""RED"", ""time"": ""17:37"", ""type"": ""Infernal Drake""}, {""side"": ""RED"", ""time"": ""22:46"", ""type"": ""Nashor""}, {""side"": ""RED"", ""time"": ""23:12"", ""type"": ""Infernal Drake""}]",0,1,0,3,2,2,22.5%,19.3%,21.1%,20.6%,21.3%,21.4%,21.6%,26.2%,13.5%,12.5%,27.1%,326 DPM,23%,461 DPM,16.3%,197 DPM,15.1%,302 DPM,22.9%,276 DPM,36.8%,737 DPM,19.8%,238 DPM,18.4%,368 DPM,13.8%,166 DPM,6.7%,135 DPM,"{""time"": [""0"", ""1"", ""2"", ""3"", ""4"", ""5"", ""6"", ""7"", ""8"", ""9"", ""10"", ""11"", ""12"", ""13"", ""14"", ""15"", ""16"", ""17"", ""18"", ""19"", ""20"", ""21"", ""22"", ""23"", ""24"", ""25"", ""26"", ""26""], ""gold_diff"": [0, 1, 56, -733, -1179, -1429, -1471, -1663, -2100, -2177, -2489, -2689, -3102, -3303, -3562, -3142, -3054, -4854, -4880, -4930, -5476, -7254, -7619, -9794, -10371, -11063, -12881, -13312]}",0.0,-2489.0,-3142.0,-5476.0,-13312.0,23.0,84.0,26.0,59.0,49.0,51.0,45.6,54.4
45733,45735,VIT vs TH,LEC Winter Groups 2023,2023-02-11 (WEEK1),39:41,v13.1,Team Vitality,WIN,18,10,4,2,75k,True,False,"Ocean, Ocean, Ocean, Ocean","Maokai, Draven, Sejuani, Lulu, KSante","Gragas, Kindred, Azir, Sivir, Renata Glasc",Photon,Gragas,4/4/10,242,"Flash, Teleport",8369,Bo,Kindred,5/5/10,296,"Flash, Smite",8008,Perkz,Azir,3/5/9,311,"Flash, Teleport",8229,Neon,Sivir,5/1/7,365,"Flash, Haste",8008,Kaiser,Renata Glasc,1/1/14,33,"Flash, Dot",8465,Team Heretics,LOSS,16,5,2,1,69.3k,False,True,"Chemtech, Hextech","Karma, Ashe, Elise, Nautilus, Sion","Jax, Vi, Syndra, Zeri, Soraka",Evi,Jax,3/4/6,256,"Teleport, Haste",8437,Jankos,Vi,1/7/7,223,"Smite, Flash",8010,Ruby,Syndra,5/1/9,349,"Teleport, Flash",8112,Jackspektra,Zeri,6/1/8,342,"Flash, Haste",8008,Mersa,Soraka,1/5/13,36,"Flash, Heal",8214,13,"[{""side"": ""BLUE"", ""time"": ""3:38"", ""type"": ""First blood""}, {""side"": ""RED"", ""time"": ""5:40"", ""type"": ""Chemtech Drake""}, {""side"": ""BLUE"", ""time"": ""8:55"", ""type"": ""Rift Herald""}, {""side"": ""RED"", ""time"": ""11:28"", ""type"": ""Hextech Drake""}, {""side"": ""RED"", ""time"": ""14:20"", ""type"": ""First Tower""}, {""side"": ""RED"", ""time"": ""15:21"", ""type"": ""Rift Herald""}, {""side"": ""BLUE"", ""time"": ""16:58"", ""type"": ""Ocean Drake""}, {""side"": ""BLUE"", ""time"": ""20:21"", ""type"": ""Nashor""}, {""side"": ""BLUE"", ""time"": ""23:12"", ""type"": ""Ocean Drake""}, {""side"": ""BLUE"", ""time"": ""28:31"", ""type"": ""Ocean Drake""}, {""side"": ""RED"", ""time"": ""29:52"", ""type"": ""Nashor""}, {""side"": ""BLUE"", ""time"": ""33:41"", ""type"": ""Ocean Drake""}, {""side"": ""BLUE"", ""time"": ""37:24"", ""type"": ""Nashor""}]",2,1,0,2,3,2,21.6%,19.7%,21.7%,17.5%,19.9%,24.6%,24%,24.6%,12.9%,13.6%,27.1%,942 DPM,22.2%,522 DPM,17.5%,610 DPM,7.9%,187 DPM,28.3%,985 DPM,36.6%,862 DPM,24%,835 DPM,29%,683 DPM,3.1%,108 DPM,4.2%,99 DPM,"{""time"": [""0"", ""1"", ""2"", ""3"", ""4"", ""5"", ""6"", ""7"", ""8"", ""9"", ""10"", ""11"", ""12"", ""13"", ""14"", ""15"", ""16"", ""17"", ""18"", ""19"", ""20"", ""21"", ""22"", ""23"", ""24"", ""25"", ""26"", ""27"", ""28"", ""29"", ""30"", ""31"", ""32"", ""33"", ""34"", ""35"", ""36"", ""37"", ""38"", ""39"", ""39""], ""gold_diff"": [0, 5, 60, 142, 423, 461, 451, 589, 1071, 2193, 1001, 1040, 502, 466, -61, -312, -198, 492, 493, 16, -209, 799, 1538, 3791, 3170, 4416, 4270, 4894, 4613, 4210, 3518, 1938, 1301, 1412, 1452, 1452, 1564, 3873, 5681, 5767, 5698]}",0.0,1001.0,-312.0,-209.0,5698.0,61.0,129.0,60.0,135.0,46.6,53.4,55.9,44.1
46778,46778,G2 Esports vs MAD Lions,LEC Winter Playoffs 2023,2023-02-26 (FINALS),25:14,v13.1,G2 Esports,WIN,22,8,4,1,52.3k,True,False,"Cloud, Cloud, Mountain, Hextech","Vi, Sejuani, Elise, Azir, Fiora","Kled, Maokai, Cassiopeia, Varus, Heimerdinger",Brokenblade,Kled,5/0/6,197,"Flash, Dot",8010,Yike,Maokai,5/1/7,141,"Flash, Smite",8369,Caps,Cassiopeia,8/1/1,263,"Teleport, Flash",8010,Hans Sama,Varus,2/1/6,207,"Flash, Boost",8229,Mikyx,Heimerdinger,2/0/6,26,"Dot, Flash",8229,MAD Lions,LOSS,3,2,0,0,38.8k,False,True,,"Jax, Draven, Olaf, Tristana, Sion","Jayce, Gragas, Viktor, Sivir, Ashe",Chasy,Jayce,0/5/0,215,"Teleport, Flash",8230,Elyoya,Gragas,0/5/1,126,"Flash, Smite",8128,Nisqy,Viktor,1/4/1,228,"Flash, Haste",8214,Carzzy,Sivir,0/3/1,223,"Flash, Heal",8008,Hylissang,Ashe,2/5/0,0,"Flash, Haste",9923,9,"[{""side"": ""BLUE"", ""time"": ""2:51"", ""type"": ""First blood""}, {""side"": ""BLUE"", ""time"": ""7:30"", ""type"": ""Hextech Drake""}, {""side"": ""BLUE"", ""time"": ""8:55"", ""type"": ""Rift Herald""}, {""side"": ""BLUE"", ""time"": ""12:59"", ""type"": ""Mountain Drake""}, {""side"": ""RED"", ""time"": ""15:09"", ""type"": ""First Tower""}, {""side"": ""BLUE"", ""time"": ""15:19"", ""type"": ""Rift Herald""}, {""side"": ""BLUE"", ""time"": ""18:25"", ""type"": ""Cloud Drake""}, {""side"": ""BLUE"", ""time"": ""21:49"", ""type"": ""Nashor""}, {""side"": ""BLUE"", ""time"": ""23:41"", ""type"": ""Cloud Drake""}]",2,1,4,0,1,1,21.8%,20.9%,20.4%,17.4%,24.9%,22.6%,18.7%,23.7%,14.2%,15.4%,18.1%,438 DPM,27.7%,639 DPM,19.7%,475 DPM,9.4%,218 DPM,20.7%,499 DPM,25.5%,589 DPM,19.9%,480 DPM,21.4%,495 DPM,21.7%,523 DPM,16%,370 DPM,"{""time"": [""0"", ""1"", ""2"", ""3"", ""4"", ""5"", ""6"", ""7"", ""8"", ""9"", ""10"", ""11"", ""12"", ""13"", ""14"", ""15"", ""16"", ""17"", ""18"", ""19"", ""20"", ""21"", ""22"", ""23"", ""24"", ""25"", ""25""], ""gold_diff"": [0, 0, -39, 443, 604, 726, 1458, 1076, 155, 387, 547, 686, 1732, 1612, 1632, 2509, 3606, 3671, 5628, 4263, 5988, 6008, 9236, 8576, 9799, 12948, 13507]}",0.0,547.0,2509.0,5988.0,13507.0,31.0,90.0,47.0,75.0,52.5,47.5,54.0,46.0
46778,46779,G2 Esports vs MAD Lions,LEC Winter Playoffs 2023,2023-02-26 (FINALS),27:42,v13.1,MAD Lions,LOSS,8,1,0,0,43k,False,False,,"Draven, Olaf, Ashe, Nautilus, Rakan","Fiora, Sejuani, Cassiopeia, Varus, Braum",Chasy,Fiora,2/5/1,230,"Teleport, Flash",8437,Elyoya,Sejuani,1/4/5,125,"Flash, Smite",8439,Nisqy,Cassiopeia,3/5/1,217,"Flash, Exhaust",8010,Carzzy,Varus,2/4/2,209,"Flash, Heal",8008,Hylissang,Braum,0/6/6,27,"Flash, Dot",8465,G2 Esports,WIN,24,11,3,1,58.8k,True,True,"Cloud, Ocean","Maokai, Elise, Sivir, Renata Glasc, Thresh","Jax, Gragas, Kled, Samira, Jarvan IV",Brokenblade,Jax,3/1/7,146,"Flash, Teleport",8437,Yike,Gragas,6/1/12,195,"Flash, Smite",8112,Caps,Kled,5/1/11,173,"Dot, Flash",8010,Hans Sama,Samira,9/1/11,264,"Flash, Boost",8010,Mikyx,Jarvan IV,1/4/15,28,"Dot, Flash",8214,8,"[{""side"": ""RED"", ""time"": ""3:31"", ""type"": ""First blood""}, {""side"": ""RED"", ""time"": ""8:25"", ""type"": ""Rift Herald""}, {""side"": ""RED"", ""time"": ""12:14"", ""type"": ""Infernal Drake""}, {""side"": ""RED"", ""time"": ""13:35"", ""type"": ""First Tower""}, {""side"": ""RED"", ""time"": ""14:53"", ""type"": ""Rift Herald""}, {""side"": ""RED"", ""time"": ""17:28"", ""type"": ""Ocean Drake""}, {""side"": ""RED"", ""time"": ""21:58"", ""type"": ""Nashor""}, {""side"": ""RED"", ""time"": ""22:53"", ""type"": ""Cloud Drake""}]",4,1,1,4,0,5,23.6%,16.6%,18.7%,21.9%,21.7%,19.2%,22.5%,28.5%,13.6%,13.8%,35.8%,755 DPM,11.2%,330 DPM,12.9%,272 DPM,31.9%,938 DPM,24.9%,525 DPM,14.1%,414 DPM,17.9%,378 DPM,33.1%,972 DPM,8.5%,180 DPM,9.7%,284 DPM,"{""time"": [""0"", ""1"", ""2"", ""3"", ""4"", ""5"", ""6"", ""7"", ""8"", ""9"", ""10"", ""11"", ""12"", ""13"", ""14"", ""15"", ""16"", ""17"", ""18"", ""19"", ""20"", ""21"", ""22"", ""23"", ""24"", ""25"", ""26"", ""27"", ""27""], ""gold_diff"": [0, 5, 10, 173, -952, -1058, -920, -574, -585, -3026, -3222, -3869, -4230, -3996, -4363, -5854, -7606, -7307, -7668, -7617, -9207, -9984, -11524, -11235, -12516, -14167, -14104, -14243, -15767]}",0.0,-3222.0,-5854.0,-9207.0,-15767.0,41.0,79.0,32.0,68.0,45.0,55.0,41.9,58.1
46778,46780,G2 Esports vs MAD Lions,LEC Winter Playoffs 2023,2023-02-26 (FINALS),41:29,v13.1,MAD Lions,LOSS,17,6,3,2,74k,True,True,"Mountain, Mountain, Mountain","Draven, Kled, Varus, Cassiopeia, Akali","Jayce, Wukong, Gragas, Zeri, Yuumi",Chasy,Jayce,3/5/5,333,"Teleport, Flash",8230,Elyoya,Wukong,10/7/3,237,"Flash, Smite",8010,Nisqy,Gragas,2/5/3,292,"Flash, Teleport",8230,Carzzy,Zeri,1/7/3,336,"Flash, Haste",8008,Hylissang,Yuumi,1/4/8,0,"Heal, Dot",8214,G2 Esports,WIN,28,9,3,1,79.9k,False,False,"Mountain, Chemtech","Maokai, Elise, Ashe, Rell, Lucian","Olaf, Vi, Taliyah, Sivir, Heimerdinger",Brokenblade,Olaf,2/5/15,290,"Flash, Haste",8010,Yike,Vi,6/4/14,200,"Flash, Smite",8010,Caps,Taliyah,6/2/15,343,"Haste, Flash",8360,Hans Sama,Sivir,9/1/10,399,"Flash, Haste",8008,Mikyx,Heimerdinger,5/5/12,46,"Dot, Flash",8229,13,"[{""side"": ""BLUE"", ""time"": ""3:31"", ""type"": ""First blood""}, {""side"": ""BLUE"", ""time"": ""8:28"", ""type"": ""Rift Herald""}, {""side"": ""RED"", ""time"": ""8:50"", ""type"": ""Chemtech Drake""}, {""side"": ""BLUE"", ""time"": ""11:12"", ""type"": ""First Tower""}, {""side"": ""RED"", ""time"": ""14:29"", ""type"": ""Infernal Drake""}, {""side"": ""BLUE"", ""time"": ""15:13"", ""type"": ""Rift Herald""}, {""side"": ""BLUE"", ""time"": ""19:55"", ""type"": ""Mountain Drake""}, {""side"": ""BLUE"", ""time"": ""20:27"", ""type"": ""Nashor""}, {""side"": ""BLUE"", ""time"": ""25:07"", ""type"": ""Mountain Drake""}, {""side"": ""RED"", ""time"": ""28:09"", ""type"": ""Nashor""}, {""side"": ""BLUE"", ""time"": ""30:18"", ""type"": ""Mountain Drake""}, {""side"": ""BLUE"", ""time"": ""34:22"", ""type"": ""Nashor""}, {""side"": ""RED"", ""time"": ""35:25"", ""type"": ""Mountain Drake""}]",5,0,0,0,2,4,23.5%,19.2%,23.8%,17.8%,19.1%,22.5%,20.6%,25.3%,13%,15.1%,33.8%,864 DPM,16.2%,420 DPM,22.6%,578 DPM,10.8%,281 DPM,8%,206 DPM,30.1%,781 DPM,20.9%,535 DPM,23.5%,610 DPM,14.7%,375 DPM,19.3%,501 DPM,"{""time"": [""0"", ""1"", ""2"", ""3"", ""4"", ""5"", ""6"", ""7"", ""8"", ""9"", ""10"", ""11"", ""12"", ""13"", ""14"", ""15"", ""16"", ""17"", ""18"", ""19"", ""20"", ""21"", ""22"", ""23"", ""24"", ""25"", ""26"", ""27"", ""28"", ""29"", ""30"", ""31"", ""32"", ""33"", ""34"", ""35"", ""36"", ""37"", ""38"", ""39"", ""40"", ""41"", ""41""], ""gold_diff"": [0, 0, -99, -155, 530, 700, 1071, 515, 697, 979, 1746, 1321, 622, 74, 547, 781, 538, 218, 787, 2312, 3964, 4535, 5391, 6350, 3733, 3738, 2857, 3196, 2760, -658, -92, -682, -2416, -3629, -3135, -2332, -2538, -2868, -2738, -2455, -2368, -4520, -5903]}",0.0,1746.0,781.0,3964.0,-5903.0,62.0,151.0,69.0,118.0,52.7,47.3,49.4,50.6
46774,46774,KOI vs MAD Lions,LEC Winter Playoffs 2023,2023-02-25 (ROUND2),27:33,v13.1,KOI,WIN,22,11,3,1,59.9k,True,True,"Cloud, Mountain, Chemtech","Jayce, Maokai, Cassiopeia, Vi, Wukong","KSante, Elise, Tristana, Kalista, Leona",Szygenda,KSante,3/1/9,253,"Teleport, Haste",8437,Malrang,Elise,1/3/8,126,"Smite, Flash",8112,Larssen,Tristana,11/1/4,228,"Flash, Exhaust",8008,Comp,Kalista,7/0/10,313,"Flash, Boost",8008,Trymbi,Leona,0/3/15,30,"Flash, Dot",8351,MAD Lions,LOSS,8,0,0,0,43.6k,False,False,,"Caitlyn, Ashe, Sivir, Nautilus, Renekton","Sion, Gragas, Yasuo, Varus, Karma",Chasy,Sion,1/3/3,194,"Teleport, Flash",8437,Elyoya,Gragas,2/3/2,141,"Flash, Smite",8128,Nisqy,Yasuo,1/4/2,239,"Flash, Dot",8008,Carzzy,Varus,3/5/3,233,"Flash, Boost",8229,Hylissang,Karma,1/7/3,0,"Flash, Dot",8229,8,"[{""side"": ""BLUE"", ""time"": ""6:35"", ""type"": ""First blood""}, {""side"": ""RED"", ""time"": ""8:49"", ""type"": ""Rift Herald""}, {""side"": ""BLUE"", ""time"": ""12:31"", ""type"": ""Cloud Drake""}, {""side"": ""RED"", ""time"": ""15:11"", ""type"": ""Rift Herald""}, {""side"": ""BLUE"", ""time"": ""15:26"", ""type"": ""First Tower""}, {""side"": ""BLUE"", ""time"": ""17:54"", ""type"": ""Chemtech Drake""}, {""side"": ""BLUE"", ""time"": ""22:13"", ""type"": ""Nashor""}, {""side"": ""BLUE"", ""time"": ""24:11"", ""type"": ""Mountain Drake""}]",3,0,3,0,2,2,20.9%,19.8%,15.2%,19.9%,24.2%,21%,26.3%,25.4%,13.4%,13.9%,15.9%,356 DPM,20.5%,353 DPM,13.6%,304 DPM,19.7%,340 DPM,37.5%,839 DPM,12.1%,210 DPM,26.3%,590 DPM,35.5%,612 DPM,6.7%,151 DPM,12.2%,211 DPM,"{""time"": [""0"", ""1"", ""2"", ""3"", ""4"", ""5"", ""6"", ""7"", ""8"", ""9"", ""10"", ""11"", ""12"", ""13"", ""14"", ""15"", ""16"", ""17"", ""18"", ""19"", ""20"", ""21"", ""22"", ""23"", ""24"", ""25"", ""26"", ""27"", ""27""], ""gold_diff"": [0, 0, 2, 143, -245, 272, 347, 1240, 820, 2564, 3083, 3261, 3898, 3940, 4622, 4561, 5890, 6461, 6530, 6762, 7340, 7706, 7591, 10053, 12380, 12360, 11951, 13961, 16279]}",0.0,3083.0,4561.0,7340.0,16279.0,33.0,69.0,40.0,93.0,42.1,57.9,49.8,50.2
46774,46775,KOI vs MAD Lions,LEC Winter Playoffs 2023,2023-02-25 (ROUND2),35:07,v13.1,MAD Lions,WIN,24,10,4,2,68.2k,True,False,Ocean,"Caitlyn, Kalista, Sejuani, Sion, KSante","Jayce, Vi, Gragas, Aphelios, Thresh",Chasy,Jayce,6/1/13,320,"Teleport, Flash",8230,Elyoya,Vi,6/2/16,169,"Flash, Smite",8439,Nisqy,Gragas,7/3/11,256,"Flash, Teleport",8229,Carzzy,Aphelios,5/3/7,276,"Flash, Boost",8005,Hylissang,Thresh,0/2/16,44,"Flash, Dot",8351,KOI,LOSS,11,2,1,0,54.2k,False,True,Mountain,"Elise, Ashe, Maokai, Nami, Xayah","Ornn, Wukong, Sylas, Varus, Heimerdinger",Szygenda,Ornn,2/4/3,228,"Teleport, Flash",8360,Malrang,Wukong,3/6/4,150,"Smite, Flash",8010,Larssen,Sylas,3/6/5,205,"Flash, Teleport",8010,Comp,Varus,2/5/5,338,"Flash, Boost",8229,Trymbi,Heimerdinger,1/3/5,41,"Flash, Heal",8229,11,"[{""side"": ""BLUE"", ""time"": ""3:25"", ""type"": ""First blood""}, {""side"": ""BLUE"", ""time"": ""8:18"", ""type"": ""Ocean Drake""}, {""side"": ""BLUE"", ""time"": ""9:20"", ""type"": ""Rift Herald""}, {""side"": ""RED"", ""time"": ""13:37"", ""type"": ""First Tower""}, {""side"": ""RED"", ""time"": ""14:46"", ""type"": ""Mountain Drake""}, {""side"": ""BLUE"", ""time"": ""15:49"", ""type"": ""Rift Herald""}, {""side"": ""BLUE"", ""time"": ""20:53"", ""type"": ""Infernal Drake""}, {""side"": ""BLUE"", ""time"": ""22:28"", ""type"": ""Nashor""}, {""side"": ""BLUE"", ""time"": ""26:55"", ""type"": ""Infernal Drake""}, {""side"": ""BLUE"", ""time"": ""28:54"", ""type"": ""Nashor""}, {""side"": ""BLUE"", ""time"": ""32:57"", ""type"": ""Infernal Drake""}]",4,0,1,1,0,5,25.3%,19.5%,19.5%,18.1%,20.9%,20.1%,21.7%,27.5%,12.6%,14.8%,36.7%,1361 DPM,14%,412 DPM,14%,518 DPM,11.7%,344 DPM,26.6%,986 DPM,19%,559 DPM,17.8%,660 DPM,35.2%,1038 DPM,4.8%,179 DPM,20.2%,594 DPM,"{""time"": [""0"", ""1"", ""2"", ""3"", ""4"", ""5"", ""6"", ""7"", ""8"", ""9"", ""10"", ""11"", ""12"", ""13"", ""14"", ""15"", ""16"", ""17"", ""18"", ""19"", ""20"", ""21"", ""22"", ""23"", ""24"", ""25"", ""26"", ""27"", ""28"", ""29"", ""30"", ""31"", ""32"", ""33"", ""34"", ""35"", ""35""], ""gold_diff"": [0, -25, -153, -87, 343, 500, 31, -62, 27, -865, -338, -625, -218, -110, -1178, -1139, -166, -389, -155, 656, 1046, 585, 1138, 2548, 3518, 4435, 3786, 4737, 5091, 8208, 8859, 8729, 8809, 10171, 10874, 14007, 14057]}",0.0,-338.0,-1139.0,1046.0,14057.0,45.0,89.0,43.0,100.0,56.8,43.2,60.6,39.4
46774,46776,KOI vs MAD Lions,LEC Winter Playoffs 2023,2023-02-25 (ROUND2),31:05,v13.1,KOI,LOSS,8,5,0,0,52.4k,False,True,,"Jayce, Maokai, Nautilus, Thresh, Fiora","KSante, Elise, Tristana, Varus, Janna",Szygenda,KSante,1/3/1,225,"Teleport, Haste",8437,Malrang,Elise,3/2/2,110,"Smite, Flash",8369,Larssen,Tristana,2/3/1,294,"Flash, Boost",8008,Comp,Varus,2/2/5,278,"Flash, Boost",8229,Trymbi,Janna,0/3/7,0,"Flash, Heal",8351,MAD Lions,WIN,13,9,3,1,58.3k,True,False,"Cloud, Chemtech","Caitlyn, Ashe, Kalista, Heimerdinger, Braum","Gnar, Sejuani, Sylas, Aphelios, Rell",Chasy,Gnar,2/1/8,286,"Teleport, Flash",8021,Elyoya,Sejuani,2/0/10,145,"Flash, Smite",8439,Nisqy,Sylas,3/2/6,250,"Flash, Teleport",8010,Carzzy,Aphelios,5/2/4,267,"Flash, Heal",8021,Hylissang,Rell,1/3/6,34,"Flash, Dot",8351,8,"[{""side"": ""RED"", ""time"": ""3:58"", ""type"": ""First blood""}, {""side"": ""RED"", ""time"": ""8:29"", ""type"": ""Rift Herald""}, {""side"": ""RED"", ""time"": ""13:53"", ""type"": ""Infernal Drake""}, {""side"": ""BLUE"", ""time"": ""14:24"", ""type"": ""First Tower""}, {""side"": ""BLUE"", ""time"": ""16:17"", ""type"": ""Rift Herald""}, {""side"": ""RED"", ""time"": ""19:16"", ""type"": ""Chemtech Drake""}, {""side"": ""RED"", ""time"": ""25:13"", ""type"": ""Cloud Drake""}, {""side"": ""RED"", ""time"": ""26:09"", ""type"": ""Nashor""}]",1,3,3,2,4,1,19.7%,24.8%,18.3%,17.9%,24.5%,21.4%,23.4%,23.2%,14.1%,12.7%,8.3%,176 DPM,29.7%,606 DPM,23.6%,501 DPM,12.6%,256 DPM,28.9%,615 DPM,20.3%,413 DPM,33.8%,719 DPM,30.3%,618 DPM,5.5%,118 DPM,7.1%,145 DPM,"{""time"": [""0"", ""1"", ""2"", ""3"", ""4"", ""5"", ""6"", ""7"", ""8"", ""9"", ""10"", ""11"", ""12"", ""13"", ""14"", ""15"", ""16"", ""17"", ""18"", ""19"", ""20"", ""21"", ""22"", ""23"", ""24"", ""25"", ""26"", ""27"", ""28"", ""29"", ""30"", ""31"", ""31""], ""gold_diff"": [0, 10, 85, 166, -451, -235, -58, -260, 183, 177, 984, 914, 980, 1105, 1572, 2715, 2472, 2795, 3842, 3028, 3450, 2595, 2662, 2975, 2729, 2688, 784, -249, -1459, -2294, -2559, -5915, -5916]}",0.0,984.0,2715.0,3450.0,-5916.0,44.0,83.0,46.0,94.0,38.7,61.3,42.8,57.2
46774,46777,KOI vs MAD Lions,LEC Winter Playoffs 2023,2023-02-25 (ROUND2),29:16,v13.1,KOI,LOSS,18,0,3,0,51.1k,False,False,"Cloud, Chemtech","Jayce, Maokai, Elise, Kassadin, Sylas","Gnar, Xin Zhao, Azir, Ezreal, Karma",Szygenda,Gnar,2/8/5,176,"Teleport, Flash",8021,Malrang,Xin Zhao,1/8/7,119,"Smite, Flash",8010,Larssen,Azir,7/5/5,205,"Flash, Teleport",8369,Comp,Ezreal,7/2/5,275,"Flash, Heal",8010,Trymbi,Karma,1/4/16,29,"Flash, Dot",8214,MAD Lions,WIN,27,11,1,2,61.2k,True,True,Chemtech,"Caitlyn, Ashe, Sejuani, Jarvan IV, Wukong","Irelia, Vi, Gragas, Aphelios, Nautilus",Chasy,Irelia,4/3/12,284,"Teleport, Flash",8010,Elyoya,Vi,9/3/11,132,"Flash, Smite",8439,Nisqy,Gragas,9/3/7,191,"Flash, Teleport",8229,Carzzy,Aphelios,5/4/7,246,"Flash, Heal",8021,Hylissang,Nautilus,0/5/11,35,"Flash, Dot",8351,10,"[{""side"": ""RED"", ""time"": ""5:12"", ""type"": ""First blood""}, {""side"": ""BLUE"", ""time"": ""8:53"", ""type"": ""Infernal Drake""}, {""side"": ""RED"", ""time"": ""9:11"", ""type"": ""Rift Herald""}, {""side"": ""RED"", ""time"": ""13:32"", ""type"": ""First Tower""}, {""side"": ""BLUE"", ""time"": ""14:20"", ""type"": ""Cloud Drake""}, {""side"": ""RED"", ""time"": ""16:38"", ""type"": ""Rift Herald""}, {""side"": ""RED"", ""time"": ""19:49"", ""type"": ""Chemtech Drake""}, {""side"": ""RED"", ""time"": ""21:26"", ""type"": ""Nashor""}, {""side"": ""BLUE"", ""time"": ""25:52"", ""type"": ""Chemtech Drake""}, {""side"": ""RED"", ""time"": ""27:57"", ""type"": ""Nashor""}]",0,5,2,0,1,3,18.3%,25%,15.3%,21%,23.8%,20.2%,27.6%,21.6%,15%,12.3%,18.9%,593 DPM,22%,594 DPM,9.2%,290 DPM,17.3%,469 DPM,25.8%,809 DPM,32.7%,884 DPM,30.6%,961 DPM,21.6%,583 DPM,15.4%,484 DPM,6.4%,172 DPM,"{""time"": [""0"", ""1"", ""2"", ""3"", ""4"", ""5"", ""6"", ""7"", ""8"", ""9"", ""10"", ""11"", ""12"", ""13"", ""14"", ""15"", ""16"", ""17"", ""18"", ""19"", ""20"", ""21"", ""22"", ""23"", ""24"", ""25"", ""26"", ""27"", ""28"", ""29"", ""29""], ""gold_diff"": [0, 0, 82, -20, 549, 178, -1092, -1768, -2031, -3240, -2631, -1404, -1595, -2375, -2711, -3231, -4989, -5495, -6418, -5569, -5827, -6205, -8530, -8302, -9668, -10082, -6440, -6594, -7780, -9498, -10119]}",0.0,-2631.0,-3231.0,-5827.0,-10119.0,35.0,76.0,21.0,80.0,45.8,54.2,42.7,57.3
46473,46473,SK Gaming vs MAD Lions,LEC Winter Playoffs 2023,2023-02-24 (ROUND1),32:12,v13.1,MAD Lions,WIN,13,9,4,1,59.9k,False,True,"Ocean, Mountain, Mountain, Hextech","Jax, Sion, Kassadin, Nautilus, Rakan","KSante, Elise, Zoe, Sivir, Karma",Chasy,KSante,6/0/5,266,"Haste, Teleport",8437,Elyoya,Elise,2/1/7,180,"Flash, Smite",8112,Nisqy,Zoe,1/3/7,228,"Flash, Teleport",8360,Carzzy,Sivir,2/2/6,329,"Flash, Heal",8008,Hylissang,Karma,2/0/6,30,"Flash, Dot",8229,SK Gaming,LOSS,6,3,0,0,50.4k,True,False,,"Maokai, Ashe, Lucian, Azir, Renekton","Gnar, Gragas, Jayce, Varus, Soraka",Irrelevant,Gnar,3/4/1,254,"Flash, Teleport",8021,Markoon,Gragas,1/3/2,164,"Flash, Smite",8128,Sertuss,Jayce,0/2/2,247,"Flash, Teleport",8230,3XA,Varus,1/2/3,285,"Boost, Flash",9923,Doss,Soraka,1/2/3,0,"Flash, Heal",8214,9,"[{""side"": ""RED"", ""time"": ""3:25"", ""type"": ""First blood""}, {""side"": ""BLUE"", ""time"": ""9:01"", ""type"": ""Ocean Drake""}, {""side"": ""BLUE"", ""time"": ""10:21"", ""type"": ""Rift Herald""}, {""side"": ""BLUE"", ""time"": ""13:28"", ""type"": ""First Tower""}, {""side"": ""BLUE"", ""time"": ""14:16"", ""type"": ""Hextech Drake""}, {""side"": ""BLUE"", ""time"": ""16:56"", ""type"": ""Rift Herald""}, {""side"": ""BLUE"", ""time"": ""20:02"", ""type"": ""Mountain Drake""}, {""side"": ""BLUE"", ""time"": ""25:15"", ""type"": ""Mountain Drake""}, {""side"": ""BLUE"", ""time"": ""30:38"", ""type"": ""Nashor""}]",5,0,1,2,3,1,23.8%,23.7%,19.4%,18.4%,19.6%,21.4%,23.2%,23.9%,14.1%,12.6%,15.7%,386 DPM,30.3%,484 DPM,16.9%,413 DPM,18.8%,300 DPM,28.9%,708 DPM,19.9%,317 DPM,28.1%,690 DPM,24.9%,398 DPM,10.4%,255 DPM,6.1%,97 DPM,"{""time"": [""0"", ""1"", ""2"", ""3"", ""4"", ""5"", ""6"", ""7"", ""8"", ""9"", ""10"", ""11"", ""12"", ""13"", ""14"", ""15"", ""16"", ""17"", ""18"", ""19"", ""20"", ""21"", ""22"", ""23"", ""24"", ""25"", ""26"", ""27"", ""28"", ""29"", ""30"", ""31"", ""32"", ""32""], ""gold_diff"": [0, 35, 236, 248, -663, 53, 189, 1335, 1318, 836, 1055, 1701, 1635, 1780, 2270, 2669, 2430, 2415, 2782, 3186, 3091, 2925, 2233, 2355, 3694, 5257, 4672, 4757, 5172, 4278, 4866, 6724, 8930, 9431]}",0.0,1055.0,2669.0,3091.0,9431.0,41.0,112.0,63.0,104.0,46.9,53.1,57.6,42.4
46473,46474,SK Gaming vs MAD Lions,LEC Winter Playoffs 2023,2023-02-24 (ROUND1),32:38,v13.1,SK Gaming,WIN,20,9,2,1,63k,True,True,"Mountain, Mountain","Varus, Jayce, Elise, Taliyah, Azir","Gnar, Sejuani, Akali, Zeri, Lulu",Irrelevant,Gnar,5/3/5,257,"Flash, Teleport",8021,Markoon,Sejuani,0/1/14,137,"Flash, Smite",8439,Sertuss,Akali,8/0/7,270,"Flash, Teleport",8010,3XA,Zeri,7/1/5,318,"Barrier, Flash",8008,Doss,Lulu,0/2/14,0,"Flash, Heal",8214,MAD Lions,LOSS,7,3,2,0,53.1k,False,False,"Cloud, Hextech","Maokai, Jax, Ashe, Sion, Renekton","KSante, Vi, Kassadin, Lucian, Nami",Chasy,KSante,2/6/1,204,"Haste, Teleport",8437,Elyoya,Vi,0/4/6,191,"Flash, Smite",8010,Nisqy,Kassadin,1/3/5,299,"Flash, Teleport",8010,Carzzy,Lucian,4/3/2,309,"Flash, Boost",8369,Hylissang,Nami,0/4/6,0,"Flash, Heal",8214,9,"[{""side"": ""BLUE"", ""time"": ""3:13"", ""type"": ""First blood""}, {""side"": ""BLUE"", ""time"": ""8:59"", ""type"": ""Rift Herald""}, {""side"": ""RED"", ""time"": ""9:05"", ""type"": ""Cloud Drake""}, {""side"": ""BLUE"", ""time"": ""14:47"", ""type"": ""First Tower""}, {""side"": ""RED"", ""time"": ""15:18"", ""type"": ""Hextech Drake""}, {""side"": ""RED"", ""time"": ""16:56"", ""type"": ""Rift Herald""}, {""side"": ""BLUE"", ""time"": ""20:39"", ""type"": ""Mountain Drake""}, {""side"": ""BLUE"", ""time"": ""24:20"", ""type"": ""Nashor""}, {""side"": ""BLUE"", ""time"": ""27:14"", ""type"": ""Mountain Drake""}]",3,1,3,1,2,3,23.3%,18.8%,16.3%,18.2%,22.7%,23.9%,24.8%,26.4%,13%,12.8%,28.3%,678 DPM,12.5%,245 DPM,12%,289 DPM,7%,138 DPM,30%,720 DPM,29.7%,583 DPM,26.7%,641 DPM,43.3%,849 DPM,3%,71 DPM,7.4%,146 DPM,"{""time"": [""0"", ""1"", ""2"", ""3"", ""4"", ""5"", ""6"", ""7"", ""8"", ""9"", ""10"", ""11"", ""12"", ""13"", ""14"", ""15"", ""16"", ""17"", ""18"", ""19"", ""20"", ""21"", ""22"", ""23"", ""24"", ""25"", ""26"", ""27"", ""28"", ""29"", ""30"", ""31"", ""32"", ""32""], ""gold_diff"": [0, 0, 73, 155, 749, 707, 579, 127, 468, 1381, 1351, 1799, 1781, 910, 623, 1288, 1677, 1057, 1274, 2865, 3254, 2285, 2406, 2349, 3735, 4039, 4212, 6038, 6201, 6690, 7040, 6508, 7913, 9824]}",0.0,1351.0,1288.0,3254.0,9824.0,37.0,98.0,55.0,86.0,43.8,56.3,44.6,55.4
46473,46475,SK Gaming vs MAD Lions,LEC Winter Playoffs 2023,2023-02-24 (ROUND1),24:32,v13.1,MAD Lions,WIN,27,10,2,1,54.6k,False,True,"Cloud, Mountain","Jax, Sejuani, Zeri, Akali, Sion","Jayce, Vi, Gragas, Draven, Nautilus",Chasy,Jayce,7/2/10,226,"Teleport, Flash",8230,Elyoya,Vi,3/2/13,122,"Flash, Smite",8439,Nisqy,Gragas,4/1/11,188,"Flash, Teleport",8229,Carzzy,Draven,11/1/9,209,"Flash, Heal",8008,Hylissang,Nautilus,2/2/14,25,"Flash, Dot",8351,SK Gaming,LOSS,8,1,1,0,39k,True,False,,"Maokai, Ashe, Elise, Taliyah, Viktor","Ornn, Wukong, Azir, Lucian, Nami",Irrelevant,Ornn,0/4/4,164,"Flash, Teleport",8437,Markoon,Wukong,1/5/4,121,"Flash, Smite",8010,Sertuss,Azir,0/6/2,167,"Flash, Teleport",8369,3XA,Lucian,7/6/1,181,"Dot, Flash",8369,Doss,Nami,0/6/5,25,"Flash, Heal",8465,8,"[{""side"": ""RED"", ""time"": ""4:31"", ""type"": ""First blood""}, {""side"": ""BLUE"", ""time"": ""7:04"", ""type"": ""Mountain Drake""}, {""side"": ""RED"", ""time"": ""8:53"", ""type"": ""Rift Herald""}, {""side"": ""RED"", ""time"": ""12:47"", ""type"": ""Infernal Drake""}, {""side"": ""BLUE"", ""time"": ""13:03"", ""type"": ""First Tower""}, {""side"": ""BLUE"", ""time"": ""15:31"", ""type"": ""Rift Herald""}, {""side"": ""BLUE"", ""time"": ""18:12"", ""type"": ""Cloud Drake""}, {""side"": ""BLUE"", ""time"": ""21:06"", ""type"": ""Nashor""}]",5,1,1,3,3,3,21.5%,19%,17.5%,21.2%,18.1%,19.7%,29.7%,27.7%,13.2%,12.4%,32.9%,1022 DPM,17.1%,317 DPM,12.4%,386 DPM,18.3%,340 DPM,23.9%,741 DPM,28.3%,525 DPM,24.3%,752 DPM,30.2%,560 DPM,6.5%,201 DPM,6.1%,112 DPM,"{""time"": [""0"", ""1"", ""2"", ""3"", ""4"", ""5"", ""6"", ""7"", ""8"", ""9"", ""10"", ""11"", ""12"", ""13"", ""14"", ""15"", ""16"", ""17"", ""18"", ""19"", ""20"", ""21"", ""22"", ""23"", ""24"", ""24""], ""gold_diff"": [0, -5, -24, 22, -176, -689, -657, -635, -848, 534, 1014, 2298, 1934, 2856, 3583, 4533, 4856, 6119, 8875, 8938, 8409, 8671, 12353, 13092, 14164, 15558]}",0.0,1014.0,4533.0,8409.0,15558.0,23.0,59.0,30.0,70.0,51.8,48.2,59.8,40.2
46473,46476,SK Gaming vs MAD Lions,LEC Winter Playoffs 2023,2023-02-24 (ROUND1),33:29,v13.1,SK Gaming,WIN,20,10,3,2,64.7k,False,True,,"Varus, Jayce, Nautilus, Vi, Kassadin","Sion, Elise, Azir, Aphelios, Lulu",Irrelevant,Sion,3/3/6,218,"Flash, Teleport",8437,Markoon,Elise,2/4/10,142,"Flash, Smite",8112,Sertuss,Azir,7/0/7,309,"Flash, Teleport",8229,3XA,Aphelios,7/3/10,319,"Barrier, Flash",8005,Doss,Lulu,1/2/15,0,"Flash, Heal",8214,MAD Lions,LOSS,12,4,2,0,57.2k,True,False,"Cloud, Mountain","Maokai, Zeri, Ashe, Akali, Jax","KSante, Gragas, Viktor, Lucian, Nami",Chasy,KSante,0/4/1,244,"Haste, Teleport",8437,Elyoya,Gragas,3/3/4,176,"Flash, Smite",8128,Nisqy,Viktor,5/5/2,306,"Flash, Teleport",8214,Carzzy,Lucian,4/3/4,304,"Flash, Boost",8369,Hylissang,Nami,0/5/9,0,"Flash, Heal",8214,11,"[{""side"": ""RED"", ""time"": ""3:09"", ""type"": ""First blood""}, {""side"": ""BLUE"", ""time"": ""8:40"", ""type"": ""Rift Herald""}, {""side"": ""RED"", ""time"": ""9:03"", ""type"": ""Mountain Drake""}, {""side"": ""BLUE"", ""time"": ""14:14"", ""type"": ""First Tower""}, {""side"": ""RED"", ""time"": ""15:09"", ""type"": ""Cloud Drake""}, {""side"": ""BLUE"", ""time"": ""15:21"", ""type"": ""Rift Herald""}, {""side"": ""BLUE"", ""time"": ""21:22"", ""type"": ""Infernal Drake""}, {""side"": ""BLUE"", ""time"": ""21:44"", ""type"": ""Nashor""}, {""side"": ""BLUE"", ""time"": ""26:35"", ""type"": ""Infernal Drake""}, {""side"": ""BLUE"", ""time"": ""30:52"", ""type"": ""Nashor""}, {""side"": ""BLUE"", ""time"": ""31:49"", ""type"": ""Infernal Drake""}]",1,1,1,1,4,1,19.2%,18.2%,17%,18.4%,23.6%,26.1%,25.9%,24.3%,14.2%,13%,20.9%,570 DPM,11.1%,239 DPM,14.3%,390 DPM,15.4%,332 DPM,30.1%,820 DPM,37.8%,812 DPM,30.8%,840 DPM,28.7%,618 DPM,4%,108 DPM,7%,150 DPM,"{""time"": [""0"", ""1"", ""2"", ""3"", ""4"", ""5"", ""6"", ""7"", ""8"", ""9"", ""10"", ""11"", ""12"", ""13"", ""14"", ""15"", ""16"", ""17"", ""18"", ""19"", ""20"", ""21"", ""22"", ""23"", ""24"", ""25"", ""26"", ""27"", ""28"", ""29"", ""30"", ""31"", ""32"", ""33"", ""33""], ""gold_diff"": [0, 0, 111, -35, -560, -170, 112, -99, 220, -246, -116, -439, -398, -159, 387, 917, 1676, 2243, 2417, 2071, 2069, 1870, 5191, 4914, 3804, 4916, 3740, 3650, 3333, 3794, 3870, 5025, 4872, 6065, 7448]}",0.0,-116.0,917.0,2069.0,7448.0,48.0,93.0,53.0,125.0,45.7,54.3,45.1,54.9
46473,46477,SK Gaming vs MAD Lions,LEC Winter Playoffs 2023,2023-02-24 (ROUND1),28:12,v13.1,MAD Lions,WIN,16,9,3,1,55.2k,False,True,"Cloud, Mountain, Mountain","Sion, Zeri, Aphelios, Akali, Azir","Jayce, Elise, Gragas, Tristana, Rell",Chasy,Jayce,6/3/4,238,"Teleport, Flash",8010,Elyoya,Elise,2/1/6,174,"Flash, Smite",8112,Nisqy,Gragas,3/0/3,255,"Flash, Teleport",8229,Carzzy,Tristana,4/3/4,225,"Flash, Boost",8008,Hylissang,Rell,1/1/8,37,"Flash, Dot",8351,SK Gaming,LOSS,8,2,1,0,43.8k,True,False,Chemtech,"Nautilus, Maokai, Ashe, Varus, Draven","Renekton, Sejuani, Zoe, Lucian, Nami",Irrelevant,Renekton,1/6/2,200,"Flash, Teleport",8010,Markoon,Sejuani,1/2/5,116,"Flash, Smite",8439,Sertuss,Zoe,2/3/2,189,"Flash, Teleport",8360,3XA,Lucian,3/3/4,229,"Boost, Flash",8369,Doss,Nami,1/2/7,0,"Flash, Heal",8214,9,"[{""side"": ""RED"", ""time"": ""2:04"", ""type"": ""First blood""}, {""side"": ""BLUE"", ""time"": ""7:56"", ""type"": ""Cloud Drake""}, {""side"": ""RED"", ""time"": ""8:30"", ""type"": ""Rift Herald""}, {""side"": ""RED"", ""time"": ""13:45"", ""type"": ""Chemtech Drake""}, {""side"": ""BLUE"", ""time"": ""14:06"", ""type"": ""First Tower""}, {""side"": ""RED"", ""time"": ""15:00"", ""type"": ""Rift Herald""}, {""side"": ""BLUE"", ""time"": ""19:01"", ""type"": ""Mountain Drake""}, {""side"": ""BLUE"", ""time"": ""24:43"", ""type"": ""Nashor""}, {""side"": ""BLUE"", ""time"": ""25:27"", ""type"": ""Mountain Drake""}]",4,0,1,1,1,1,22.5%,21.5%,19.4%,18.8%,22.4%,20.6%,22.3%,24.8%,13.4%,14.2%,25.3%,626 DPM,9%,153 DPM,23.6%,583 DPM,17.5%,297 DPM,19.4%,479 DPM,36.5%,620 DPM,23.3%,576 DPM,27%,458 DPM,8.3%,205 DPM,10.1%,171 DPM,"{""time"": [""0"", ""1"", ""2"", ""3"", ""4"", ""5"", ""6"", ""7"", ""8"", ""9"", ""10"", ""11"", ""12"", ""13"", ""14"", ""15"", ""16"", ""17"", ""18"", ""19"", ""20"", ""21"", ""22"", ""23"", ""24"", ""25"", ""26"", ""27"", ""28"", ""28""], ""gold_diff"": [0, 0, -23, -168, -119, 1459, 1538, 2363, 2775, 2631, 3606, 3870, 3990, 3891, 4139, 3567, 4624, 4155, 4274, 3946, 4581, 4074, 4009, 4084, 3416, 6617, 7809, 9161, 11089, 11411]}",0.0,3606.0,3567.0,4581.0,11411.0,34.0,82.0,42.0,83.0,60.7,39.3,71.0,29.0
46347,46347,KOI vs G2 Esports,LEC Winter Playoffs 2023,2023-02-20 (ROUND1),28:50,v13.1,G2 Esports,WIN,18,9,4,1,56.9k,False,True,"Ocean, Ocean, Hextech","Jarvan IV, Caitlyn, Sylas, Azir, KSante","Gragas, Maokai, Jayce, Miss Fortune, Nautilus",Brokenblade,Gragas,0/0/5,254,"Flash, Teleport",8229,Yike,Maokai,3/0/13,155,"Flash, Smite",8369,Caps,Jayce,5/4/5,238,"Teleport, Flash",8112,Hans Sama,Miss Fortune,10/1/5,277,"Flash, Exhaust",8005,Mikyx,Nautilus,0/2/11,38,"Dot, Flash",8351,KOI,LOSS,7,3,0,0,46.5k,True,False,,"Elise, Draven, Ashe, Kalista, Varus","Gnar, Sejuani, Viktor, Lucian, Nami",Szygenda,Gnar,1/2/1,289,"Teleport, Flash",8021,Malrang,Sejuani,1/4/4,127,"Smite, Flash",8439,Larssen,Viktor,2/4/3,229,"Flash, Teleport",8214,Comp,Lucian,2/4/3,248,"Flash, Boost",8369,Trymbi,Nami,1/4/4,0,"Flash, Heal",8214,9,"[{""side"": ""RED"", ""time"": ""3:29"", ""type"": ""First blood""}, {""side"": ""RED"", ""time"": ""8:29"", ""type"": ""Rift Herald""}, {""side"": ""BLUE"", ""time"": ""10:50"", ""type"": ""Infernal Drake""}, {""side"": ""BLUE"", ""time"": ""16:30"", ""type"": ""Hextech Drake""}, {""side"": ""BLUE"", ""time"": ""16:30"", ""type"": ""First Tower""}, {""side"": ""RED"", ""time"": ""16:44"", ""type"": ""Rift Herald""}, {""side"": ""BLUE"", ""time"": ""21:59"", ""type"": ""Ocean Drake""}, {""side"": ""BLUE"", ""time"": ""25:11"", ""type"": ""Nashor""}, {""side"": ""BLUE"", ""time"": ""27:15"", ""type"": ""Ocean Drake""}]",0,0,0,4,1,0,18.6%,23.7%,20%,18.2%,21.8%,21.6%,27.1%,23.4%,12.5%,13.2%,9.9%,253 DPM,31%,621 DPM,22.6%,576 DPM,14.4%,289 DPM,23.4%,598 DPM,24.6%,491 DPM,36.1%,921 DPM,22.9%,457 DPM,7.9%,202 DPM,7.1%,143 DPM,"{""time"": [""0"", ""1"", ""2"", ""3"", ""4"", ""5"", ""6"", ""7"", ""8"", ""9"", ""10"", ""11"", ""12"", ""13"", ""14"", ""15"", ""16"", ""17"", ""18"", ""19"", ""20"", ""21"", ""22"", ""23"", ""24"", ""25"", ""26"", ""27"", ""28"", ""28""], ""gold_diff"": [0, 0, -104, 38, -478, -514, -891, -1053, -1186, -1481, -1887, -1491, -1237, -1639, -1228, -1672, -750, -616, -218, 937, 660, 337, 117, 623, 594, 2267, 3839, 6756, 7889, 10314]}",0.0,-1887.0,-1672.0,660.0,10314.0,37.0,78.0,47.0,102.0,59.4,40.6,58.6,41.4
46347,46348,KOI vs G2 Esports,LEC Winter Playoffs 2023,2023-02-20 (ROUND1),23:24,v13.1,KOI,LOSS,2,1,0,0,34.7k,True,False,,"Draven, Maokai, Ashe, Azir, Nautilus","KSante, Elise, Jayce, Lucian, Nami",Szygenda,KSante,1/1/1,194,"Teleport, Flash",8437,Malrang,Elise,0/2/0,88,"Smite, Flash",8005,Larssen,Jayce,0/4/0,193,"Flash, Teleport",8230,Comp,Lucian,1/3/0,201,"Flash, Boost",8369,Trymbi,Nami,0/4/1,0,"Flash, Heal",8214,G2 Esports,WIN,14,9,3,1,49.6k,False,True,"Cloud, Ocean, Mountain","Caitlyn, Sylas, Sivir, Lulu, Karma","Olaf, Belveth, Sejuani, Varus, Heimerdinger",Brokenblade,Olaf,1/2/2,196,"Flash, Haste",8010,Yike,Belveth,7/0/3,215,"Flash, Smite",8010,Caps,Sejuani,1/0/10,139,"Dot, Teleport",8360,Hans Sama,Varus,4/0/2,220,"Flash, Heal",9923,Mikyx,Heimerdinger,1/0/5,22,"Dot, Flash",8229,8,"[{""side"": ""BLUE"", ""time"": ""2:55"", ""type"": ""First blood""}, {""side"": ""RED"", ""time"": ""8:44"", ""type"": ""Rift Herald""}, {""side"": ""RED"", ""time"": ""10:05"", ""type"": ""Mountain Drake""}, {""side"": ""RED"", ""time"": ""11:53"", ""type"": ""First Tower""}, {""side"": ""RED"", ""time"": ""15:04"", ""type"": ""Rift Herald""}, {""side"": ""RED"", ""time"": ""15:37"", ""type"": ""Ocean Drake""}, {""side"": ""RED"", ""time"": ""21:08"", ""type"": ""Cloud Drake""}, {""side"": ""RED"", ""time"": ""22:13"", ""type"": ""Nashor""}]",0,5,1,4,0,5,22.6%,18.7%,16.9%,25.4%,22.9%,18%,23.8%,23.5%,13.9%,14.5%,12.9%,151 DPM,15.3%,287 DPM,17.3%,202 DPM,19.6%,367 DPM,27.8%,325 DPM,17.4%,327 DPM,28.7%,335 DPM,25.3%,474 DPM,13.4%,156 DPM,22.4%,421 DPM,"{""time"": [""0"", ""1"", ""2"", ""3"", ""4"", ""5"", ""6"", ""7"", ""8"", ""9"", ""10"", ""11"", ""12"", ""13"", ""14"", ""15"", ""16"", ""17"", ""18"", ""19"", ""20"", ""21"", ""22"", ""23"", ""23""], ""gold_diff"": [0, 0, -233, 176, 465, -268, -534, -2107, -1966, -2214, -3054, -3649, -6375, -6195, -8069, -8586, -9111, -8685, -9666, -10539, -10302, -11085, -11177, -13741, -14886]}",0.0,-3054.0,-8586.0,-10302.0,-14886.0,22.0,66.0,27.0,46.0,36.7,63.3,29.3,70.7
46347,46349,KOI vs G2 Esports,LEC Winter Playoffs 2023,2023-02-20 (ROUND1),26:29,v13.1,KOI,WIN,20,10,2,1,56k,True,True,,"Draven, Maokai, Elise, Jax, Leona","Gnar, Sejuani, Azir, Sivir, Heimerdinger",Szygenda,Gnar,4/1/4,225,"Teleport, Flash",8021,Malrang,Sejuani,4/1/14,137,"Smite, Flash",8010,Larssen,Azir,2/2/10,228,"Flash, Teleport",8369,Comp,Sivir,8/0/7,250,"Flash, Heal",8008,Trymbi,Heimerdinger,2/3/9,23,"Flash, Dot",8229,G2 Esports,LOSS,7,4,2,0,46.3k,False,False,"Mountain, Chemtech","Caitlyn, Sylas, Ashe, Renata Glasc, Braum","Olaf, Lillia, Tristana, Kalista, Nautilus",Brokenblade,Olaf,2/2/1,251,"Flash, Haste",8010,Yike,Lillia,3/6/2,168,"Flash, Smite",8010,Caps,Tristana,1/5/2,213,"Teleport, Flash",8008,Hans Sama,Kalista,1/4/4,205,"Flash, Boost",8008,Mikyx,Nautilus,0/3/5,46,"Dot, Flash",8351,9,"[{""side"": ""BLUE"", ""time"": ""3:19"", ""type"": ""First blood""}, {""side"": ""RED"", ""time"": ""7:58"", ""type"": ""Chemtech Drake""}, {""side"": ""BLUE"", ""time"": ""8:58"", ""type"": ""Rift Herald""}, {""side"": ""RED"", ""time"": ""13:14"", ""type"": ""Mountain Drake""}, {""side"": ""BLUE"", ""time"": ""14:21"", ""type"": ""First Tower""}, {""side"": ""BLUE"", ""time"": ""15:49"", ""type"": ""Rift Herald""}, {""side"": ""BLUE"", ""time"": ""18:54"", ""type"": ""Infernal Drake""}, {""side"": ""BLUE"", ""time"": ""20:27"", ""type"": ""Nashor""}, {""side"": ""BLUE"", ""time"": ""24:54"", ""type"": ""Infernal Drake""}]",3,0,2,1,4,1,21.6%,23.5%,19.6%,19.5%,20%,22.5%,25.1%,21.4%,13.7%,13.1%,16.1%,392 DPM,27.3%,450 DPM,17.6%,428 DPM,24.2%,398 DPM,19.6%,477 DPM,23.6%,389 DPM,26.8%,650 DPM,15.2%,250 DPM,19.9%,483 DPM,9.7%,160 DPM,"{""time"": [""0"", ""1"", ""2"", ""3"", ""4"", ""5"", ""6"", ""7"", ""8"", ""9"", ""10"", ""11"", ""12"", ""13"", ""14"", ""15"", ""16"", ""17"", ""18"", ""19"", ""20"", ""21"", ""22"", ""23"", ""24"", ""25"", ""26"", ""26""], ""gold_diff"": [0, 0, 41, -6, 300, 383, 445, 1608, 1735, 2085, 2163, 2828, 3299, 3542, 3997, 5000, 6653, 6702, 6979, 7863, 7599, 8718, 9890, 7958, 6707, 5880, 6987, 9734]}",0.0,2163.0,5000.0,7599.0,9734.0,34.0,78.0,37.0,71.0,44.4,55.6,47.4,52.6
46347,46350,KOI vs G2 Esports,LEC Winter Playoffs 2023,2023-02-20 (ROUND1),38:57,v13.1,G2 Esports,WIN,25,10,4,1,75.2k,True,False,"Mountain, Chemtech, Chemtech, Chemtech","Caitlyn, Azir, Sylas, Lulu, Soraka","Olaf, Maokai, Tristana, Sivir, Karma",Brokenblade,Olaf,5/0/13,333,"Flash, Haste",8010,Yike,Maokai,4/3/11,239,"Flash, Smite",8369,Caps,Tristana,5/6/5,255,"Teleport, Flash",8008,Hans Sama,Sivir,11/2/10,348,"Flash, Heal",8008,Mikyx,Karma,0/8/18,44,"Dot, Flash",8229,KOI,LOSS,19,3,1,0,66.3k,False,True,Ocean,"Draven, Elise, Ashe, Jayce, Jax","Gnar, Vi, Ahri, Varus, Kalista",Szygenda,Gnar,3/4/2,313,"Teleport, Flash",8021,Malrang,Vi,4/4/9,148,"Smite, Flash",8439,Larssen,Ahri,0/5/6,288,"Flash, Teleport",8112,Comp,Varus,7/6/8,340,"Flash, Heal",9923,Trymbi,Kalista,5/6/8,52,"Flash, Boost",9923,10,"[{""side"": ""RED"", ""time"": ""2:40"", ""type"": ""First blood""}, {""side"": ""BLUE"", ""time"": ""9:20"", ""type"": ""Rift Herald""}, {""side"": ""RED"", ""time"": ""9:21"", ""type"": ""Ocean Drake""}, {""side"": ""RED"", ""time"": ""12:35"", ""type"": ""First Tower""}, {""side"": ""BLUE"", ""time"": ""14:46"", ""type"": ""Mountain Drake""}, {""side"": ""BLUE"", ""time"": ""15:51"", ""type"": ""Rift Herald""}, {""side"": ""BLUE"", ""time"": ""20:19"", ""type"": ""Chemtech Drake""}, {""side"": ""BLUE"", ""time"": ""25:56"", ""type"": ""Chemtech Drake""}, {""side"": ""BLUE"", ""time"": ""32:08"", ""type"": ""Chemtech Drake""}, {""side"": ""BLUE"", ""time"": ""32:44"", ""type"": ""Nashor""}]",2,1,4,0,1,5,22.6%,20.9%,20.7%,17.7%,18.9%,19%,25%,26.2%,12.8%,16.2%,15.9%,493 DPM,20.4%,536 DPM,33.9%,1052 DPM,11.7%,306 DPM,16.3%,505 DPM,20.2%,530 DPM,25.6%,793 DPM,34%,892 DPM,8.4%,260 DPM,13.8%,361 DPM,"{""time"": [""0"", ""1"", ""2"", ""3"", ""4"", ""5"", ""6"", ""7"", ""8"", ""9"", ""10"", ""11"", ""12"", ""13"", ""14"", ""15"", ""16"", ""17"", ""18"", ""19"", ""20"", ""21"", ""22"", ""23"", ""24"", ""25"", ""26"", ""27"", ""28"", ""29"", ""30"", ""31"", ""32"", ""33"", ""34"", ""35"", ""36"", ""37"", ""38"", ""38""], ""gold_diff"": [0, -60, -62, 244, -147, -98, -10, -739, -351, -883, -1028, -115, 521, -1836, -1735, -1998, -1670, -1343, -959, -676, -544, 921, 730, -25, 185, 331, 1410, 2864, 2412, 2709, 2746, 2641, 2532, 5344, 4569, 5536, 7003, 6575, 6007, 8940]}",0.0,-1028.0,-1998.0,-544.0,8940.0,68.0,162.0,94.0,106.0,56.1,43.9,64.3,35.7
48090,48090,WBG vs Rare Atom,LPL Spring 2023,2023-03-26 (WEEK10),31:30,v13.5,Weibo Gaming,LOSS,17,4,1,1,58.1k,True,False,,"Jax, LeBlanc, Nidalee, Nautilus, Thresh","KSante, Wukong, Annie, Zeri, Lulu",TheShy,KSante,1/3/4,275,"Flash, Teleport",,Karsa,Wukong,3/5/6,157,"Smite, Flash",,xiaohu,Annie,4/2/9,237,"Flash, Teleport",,Light,Zeri,8/2/5,321,"Flash, Haste",,Crisp,Lulu,1/4/12,24,"Flash, Heal",,Rare Atom,WIN,16,10,4,1,63.8k,False,True,,"Lee Sin, Elise, Vi, Syndra, Gnar","Renekton, Viego, Gragas, Jinx, Blitzcrank",Cube,Renekton,3/3/4,265,"Flash, Teleport",,Leyan,Viego,7/4/7,209,"Smite, Flash",,Strive,Gragas,1/4/9,261,"Flash, Teleport",,Assum,Jinx,4/2/9,356,"Haste, Flash",,Southwind,Blitzcrank,1/4/8,38,"Flash, Dot",,0,[],,,,,,,19.3%,18.9%,17.6%,23.2%,21.5%,18.9%,28.8%,26.7%,12.8%,12.3%,21.8%,446 DPM,15.5%,330 DPM,11.5%,236 DPM,18.7%,398 DPM,28%,574 DPM,18.5%,393 DPM,35.8%,733 DPM,41.3%,878 DPM,2.8%,58 DPM,5.9%,126 DPM,,,,,,,,,,,,,,
48090,48091,WBG vs Rare Atom,LPL Spring 2023,2023-03-26 (WEEK10),34:43,v13.5,Rare Atom,LOSS,17,3,2,1,61k,True,False,,"Lee Sin, Elise, Syndra, Nautilus, Leona","Renekton, Vi, Ahri, Twitch, Rakan",Cube,Renekton,1/5/6,226,"Flash, Teleport",,Leyan,Vi,4/2/5,182,"Smite, Flash",,Strive,Ahri,3/1/9,262,"Flash, Teleport",,Assum,Twitch,5/5/7,354,"Boost, Flash",,Southwind,Rakan,4/7/10,63,"Flash, Dot",,Weibo Gaming,WIN,20,8,3,0,66.4k,False,True,,"Nidalee, Viego, Blitzcrank, Jax, Zeri","Gnar, Sejuani, LeBlanc, Xayah, Renata Glasc",TheShy,Gnar,0/5/10,265,"Flash, Teleport",,Karsa,Sejuani,1/4/12,179,"Smite, Flash",,xiaohu,LeBlanc,10/2/3,240,"Flash, Teleport",,Light,Xayah,9/2/9,359,"Flash, Boost",,Crisp,Renata Glasc,0/4/16,48,"Flash, Dot",,0,[],,,,,,,18.7%,18.3%,18.8%,17.7%,20.3%,23.5%,26.9%,27.9%,15.3%,12.5%,13.5%,328 DPM,22.9%,548 DPM,9.7%,235 DPM,14.2%,340 DPM,23.6%,570 DPM,21.2%,506 DPM,45.6%,1104 DPM,34.6%,827 DPM,7.5%,182 DPM,7.1%,169 DPM,,,,,,,,,,,,,,
48090,48092,WBG vs Rare Atom,LPL Spring 2023,2023-03-26 (WEEK10),25:53,v13.5,Rare Atom,LOSS,11,1,1,0,43.9k,False,False,,"Lee Sin, Elise, Kennen, Syndra, Lissandra","KSante, Vi, LeBlanc, Kaisa, Rakan",Cube,KSante,1/4/4,197,"Haste, Teleport",,Leyan,Vi,5/6/3,140,"Smite, Flash",,Strive,LeBlanc,1/2/4,211,"Flash, Teleport",,Assum,Kaisa,4/3/3,238,"Boost, Flash",,Southwind,Rakan,0/3/8,45,"Flash, Dot",,Weibo Gaming,WIN,18,9,3,1,54.2k,True,True,,"Nidalee, Viego, Jax, Renekton, Twitch","Gnar, Sejuani, Vex, Xayah, Nautilus",TheShy,Gnar,2/2/5,252,"Flash, Teleport",,Karsa,Sejuani,4/0/7,131,"Smite, Flash",,xiaohu,Vex,6/4/7,201,"Flash, Teleport",,Light,Xayah,5/2/4,271,"Flash, Heal",,Crisp,Nautilus,1/3/8,33,"Flash, Dot",,0,[],,,,,,,18.7%,22.4%,21.5%,18.7%,20.3%,20.7%,25.9%,25.1%,13.6%,13.2%,18.5%,326 DPM,29.5%,779 DPM,13.2%,233 DPM,14.4%,380 DPM,33.3%,587 DPM,23.5%,621 DPM,25.8%,455 DPM,27.4%,723 DPM,9.2%,161 DPM,5.3%,140 DPM,,,,,,,,,,,,,,
48087,48087,AL vs TT,LPL Spring 2023,2023-03-26 (WEEK10),43:24,v13.5,Anyone s Legend,LOSS,11,4,2,1,75.1k,True,False,,"Tristana, Sejuani, Xayah, KSante, Sylas","Malphite, Xin Zhao, Syndra, Zeri, Lulu",Zdz,Malphite,0/3/6,336,"Teleport, Flash",,Xiaohao,Xin Zhao,1/7/4,230,"Smite, Flash",,Pinz,Syndra,5/7/3,363,"Flash, Teleport",,Betty,Zeri,5/5/3,451,"Flash, Haste",,SwordArt,Lulu,0/6/7,0,"Dot, Flash",,TT,WIN,28,10,4,2,90k,False,True,,"LeBlanc, Lee Sin, Vi, Renekton, Jax","Kennen, Wukong, Akali, Aphelios, Rakan",Hoya,Kennen,2/3/11,341,"Flash, Teleport",,Beichuan,Wukong,6/4/12,261,"Flash, Smite",,Ucal,Akali,8/2/11,389,"Teleport, Flash",,huanfeng,Aphelios,10/1/4,487,"Haste, Flash",,yaoyao,Rakan,2/1/19,53,"Dot, Flash",,0,[],,,,,,,19.5%,20%,17.2%,19%,24%,22.4%,27.6%,25.7%,11.6%,12.9%,17.7%,372 DPM,23.7%,605 DPM,11.7%,247 DPM,19.4%,495 DPM,31.5%,661 DPM,24%,612 DPM,34.2%,719 DPM,28.4%,724 DPM,4.8%,101 DPM,4.5%,116 DPM,,,,,,,,,,,,,,
48087,48088,AL vs TT,LPL Spring 2023,2023-03-26 (WEEK10),42:02,v13.5,TT,WIN,21,10,4,2,81.1k,False,False,,"LeBlanc, Lee Sin, Lulu, Renata Glasc, Akali","Gragas, Xin Zhao, Aurelion Sol, Aphelios, Rakan",Hoya,Gragas,3/4/9,342,"Flash, Teleport",,Beichuan,Xin Zhao,3/3/11,241,"Flash, Smite",,Ucal,Aurelion Sol,7/3/9,387,"Teleport, Flash",,huanfeng,Aphelios,6/2/5,425,"Boost, Flash",,yaoyao,Rakan,2/2/13,49,"Dot, Flash",,Anyone s Legend,LOSS,14,4,2,1,74.4k,True,False,,"Tristana, Sejuani, Vi, Kennen, KSante","Jax, Wukong, Ahri, Zeri, Annie",Zdz,Jax,0/5/5,348,"Teleport, Flash",,Xiaohao,Wukong,2/5/7,248,"Smite, Flash",,Pinz,Ahri,8/2/4,340,"Flash, Teleport",,Betty,Zeri,3/5/3,408,"Flash, Boost",,SwordArt,Annie,1/4/6,32,"Dot, Flash",,0,[],,,,,,,20.9%,21%,18.3%,19%,23.4%,23.6%,24.2%,23.8%,13.2%,12.6%,22.4%,566 DPM,19.9%,403 DPM,17.7%,447 DPM,19%,385 DPM,26.5%,668 DPM,26.5%,537 DPM,28.6%,721 DPM,28.5%,578 DPM,4.7%,119 DPM,5.9%,120 DPM,,,,,,,,,,,,,,
48084,48084,Team WE vs NIP,LPL Spring 2023,2023-03-25 (WEEK10),36:09,v13.5,Team WE,LOSS,12,4,2,0,62.1k,True,True,,"Jax, Ahri, Xayah, Thresh, KSante","Rumble, Lee Sin, LeBlanc, Zeri, Nautilus",Biubiu,Rumble,0/6/4,270,"Flash, Dot",,Heng,Lee Sin,2/3/6,189,"Flash, Smite",,Shanks,LeBlanc,3/3/1,288,"Flash, Teleport",,Hope,Zeri,7/5/4,353,"Flash, Boost",,Iwandy,Nautilus,0/3/9,38,"Dot, Flash",,Ninjas in Pyjamas,WIN,20,10,3,1,66.8k,False,False,,"Cassiopeia, Lucian, Vi, Gnar, Sion","Gragas, Maokai, Tristana, Aphelios, Lulu",invincible,Gragas,7/3/8,255,"Teleport, Flash",,Shad0w,Maokai,1/2/11,155,"Smite, Flash",,Dream,Tristana,4/2/9,267,"Flash, Teleport",,Photic,Aphelios,7/4/3,335,"Flash, Haste",,Zhuo,Lulu,1/1/15,52,"Flash, Heal",,0,[],,,,,,,18.2%,24.5%,18.2%,15.5%,21%,21.5%,29.7%,24.1%,12.9%,14.4%,24.8%,657 DPM,30.7%,739 DPM,8.3%,220 DPM,13.7%,331 DPM,27%,716 DPM,19%,457 DPM,34.7%,920 DPM,33.1%,799 DPM,5.1%,136 DPM,3.5%,84 DPM,,,,,,,,,,,,,,
48084,48085,Team WE vs NIP,LPL Spring 2023,2023-03-25 (WEEK10),31:14,v13.5,Ninjas in Pyjamas,LOSS,11,6,3,1,55.8k,True,True,,"Cassiopeia, LeBlanc, Lucian, Lulu, Sion","Jax, Maokai, Akali, Aphelios, Thresh",invincible,Jax,2/2/0,292,"Teleport, Flash",,Shad0w,Maokai,3/3/6,133,"Smite, Flash",,Dream,Akali,4/5/2,230,"Flash, Teleport",,Photic,Aphelios,2/3/4,309,"Flash, Haste",,Zhuo,Thresh,0/3/9,39,"Flash, Dot",,Team WE,WIN,16,8,1,1,59.5k,False,False,,"Vi, Tristana, Xayah, Yone, Renata Glasc","Gragas, Lee Sin, Sylas, Zeri, Nautilus",Biubiu,Gragas,2/0/3,280,"Flash, Teleport",,Heng,Lee Sin,3/2/7,158,"Flash, Smite",,Shanks,Sylas,6/3/6,262,"Flash, Teleport",,Hope,Zeri,4/1/6,315,"Flash, Boost",,Iwandy,Nautilus,1/5/9,31,"Dot, Flash",,0,[],,,,,,,25.2%,20.6%,17.3%,18%,19.6%,23.2%,24.1%,24.9%,13.8%,13.1%,23.5%,545 DPM,21.6%,498 DPM,16.2%,375 DPM,10.7%,246 DPM,19%,441 DPM,31.1%,716 DPM,32.8%,761 DPM,32.3%,744 DPM,8.5%,198 DPM,4.3%,100 DPM,,,,,,,,,,,,,,
48084,48086,Team WE vs NIP,LPL Spring 2023,2023-03-25 (WEEK10),30:07,v13.5,Team WE,WIN,11,10,2,1,59.4k,True,True,,"Xayah, Tristana, Maokai, Ahri, Galio","Renekton, Lee Sin, Ryze, Zeri, Rakan",Biubiu,Renekton,0/2/0,269,"Flash, Teleport",,Heng,Lee Sin,2/1/9,147,"Flash, Smite",,Shanks,Ryze,3/0/7,307,"Flash, Teleport",,Hope,Zeri,5/1/5,307,"Flash, Haste",,Iwandy,Rakan,1/1/9,41,"Dot, Flash",,Ninjas in Pyjamas,LOSS,5,3,2,0,49.5k,False,False,,"Cassiopeia, Lucian, Vi, Gnar, Sion","KSante, Viego, Syndra, Aphelios, Nautilus",invincible,KSante,2/3/0,284,"Haste, Teleport",,Shad0w,Viego,0/2/1,150,"Smite, Flash",,Dream,Syndra,2/3/1,279,"Flash, Teleport",,Photic,Aphelios,1/2/3,289,"Flash, Boost",,Zhuo,Nautilus,0/1/3,40,"Flash, Dot",,0,[],,,,,,,20.2%,24.5%,18.3%,16.4%,23.8%,21.9%,24.9%,24.1%,12.7%,13.1%,16.3%,291 DPM,37.6%,668 DPM,11.1%,197 DPM,7.2%,128 DPM,39%,696 DPM,17.5%,310 DPM,29.8%,532 DPM,31.9%,568 DPM,3.8%,67 DPM,5.8%,104 DPM,,,,,,,,,,,,,,
48081,48081,Ultra Prime vs JD Gaming,LPL Spring 2023,2023-03-25 (WEEK10),20:34,v13.5,JD Gaming,WIN,17,8,3,0,43.5k,False,True,,"Xin Zhao, Rakan, Zeri, Ahri, Jax","KSante, Lee Sin, Annie, Aphelios, Renata Glasc",369,KSante,2/0/7,188,"Haste, Teleport",,Kanavi,Lee Sin,5/2/9,143,"Flash, Smite",,Knight,Annie,5/0/8,181,"Flash, Teleport",,Ruler,Aphelios,2/0/12,206,"Flash, Boost",,Missing,Renata Glasc,3/1/13,0,"Dot, Flash",,Ultra Prime,LOSS,3,0,0,0,30.4k,True,False,,"Elise, LeBlanc, Lucian, Syndra, Kennen","Gragas, Vi, Akali, Xayah, Ashe",Hery,Gragas,0/2/1,178,"Flash, Teleport",,Ning,Vi,0/5/2,124,"Smite, Flash",,Forge,Akali,2/3/1,170,"Flash, Teleport",,Doggo,Xayah,1/2/1,151,"Flash, Boost",,Baolan,Ashe,0/5/1,0,"Heal, Flash",,0,[],,,,,,,19.3%,21.6%,20.7%,19.6%,22.4%,23.1%,22.6%,21.2%,15%,14.5%,27.7%,726 DPM,22.4%,292 DPM,16.9%,444 DPM,10.5%,136 DPM,24.8%,650 DPM,25.5%,332 DPM,21.2%,555 DPM,23.7%,308 DPM,9.4%,247 DPM,17.8%,232 DPM,,,,,,,,,,,,,,
48081,48082,Ultra Prime vs JD Gaming,LPL Spring 2023,2023-03-25 (WEEK10),23:58,v13.5,JD Gaming,WIN,17,10,2,1,51.2k,True,True,,"Xin Zhao, Rakan, Zeri, Kennen, Lissandra","KSante, Lee Sin, Syndra, Aphelios, Annie",369,KSante,3/0/4,192,"Haste, Teleport",,Kanavi,Lee Sin,2/1/14,162,"Flash, Smite",,Knight,Syndra,7/0/9,232,"Flash, Teleport",,Ruler,Aphelios,2/1/6,237,"Flash, Haste",,Missing,Annie,3/1/11,0,"Dot, Flash",,Ultra Prime,LOSS,3,0,1,0,34.6k,False,False,,"Elise, LeBlanc, Lucian, Renata Glasc, Thresh","Gnar, Viego, Taliyah, Jinx, Nautilus",Hery,Gnar,0/2/0,208,"Flash, Teleport",,Ning,Viego,2/5/1,105,"Smite, Flash",,Forge,Taliyah,0/4/1,201,"Flash, Teleport",,Doggo,Jinx,1/1/0,177,"Flash, Boost",,Baolan,Nautilus,0/5/3,32,"Dot, Flash",,0,[],,,,,,,18%,22.3%,20.8%,19.5%,22.8%,21.8%,23.1%,21.4%,15.4%,15%,15.5%,383 DPM,29.8%,416 DPM,20.7%,513 DPM,17.7%,247 DPM,31.3%,775 DPM,13.9%,193 DPM,21%,520 DPM,27.9%,390 DPM,11.4%,282 DPM,10.7%,149 DPM,,,,,,,,,,,,,,
48078,48078,BLG vs OMG,LPL Spring 2023,2023-03-25 (WEEK10),28:53,v13.5,Bilibili Gaming,WIN,19,10,4,1,58.6k,True,True,,"Akali, Yone, Tristana, Wukong, Sejuani","Gnar, Vi, LeBlanc, Jinx, Thresh",Bin,Gnar,5/2/6,230,"Flash, Teleport",,XUN,Vi,1/2/9,153,"Flash, Smite",,Yagao,LeBlanc,5/0/7,250,"Flash, Teleport",,Elk,Jinx,6/2/10,283,"Flash, Haste",,ON,Thresh,2/2/12,36,"Flash, Exhaust",,OMG,LOSS,8,0,1,0,46k,False,False,,"Kindred, Galio, Zeri, Jayce, Taliyah","Kennen, Xin Zhao, Sylas, Xayah, Rakan",shanji,Kennen,0/4/6,210,"Flash, Teleport",,AKi,Xin Zhao,2/2/2,183,"Flash, Smite",,Creme,Sylas,2/4/3,219,"Flash, Teleport",,Able,Xayah,3/4/2,247,"Boost, Flash",,Ppgod,Rakan,1/5/5,47,"Dot, Flash",,0,[],,,,,,,21.9%,19.6%,16.5%,20.9%,22.3%,21.3%,25.3%,24%,14.1%,14.1%,16.2%,449 DPM,32%,552 DPM,8.8%,244 DPM,15.2%,262 DPM,30.7%,850 DPM,16.6%,285 DPM,36.5%,1010 DPM,30.6%,528 DPM,7.7%,211 DPM,5.6%,96 DPM,,,,,,,,,,,,,,
48078,48079,BLG vs OMG,LPL Spring 2023,2023-03-25 (WEEK10),27:32,v13.5,OMG,WIN,16,6,3,1,52.8k,False,True,,"Kindred, Galio, LeBlanc, Lulu, Taliyah","Rumble, Wukong, Sylas, Aphelios, Thresh",shanji,Rumble,2/4/13,191,"Flash, Dot",,AKi,Wukong,6/1/9,166,"Flash, Smite",,Creme,Sylas,4/2/6,219,"Flash, Teleport",,Able,Aphelios,3/2/8,263,"Heal, Flash",,Ppgod,Thresh,1/4/10,30,"Dot, Flash",,Bilibili Gaming,LOSS,13,3,1,0,48k,True,False,,"Yone, Tristana, Vi, Kennen, KSante","Jax, Sejuani, Ryze, Zeri, Blitzcrank",Bin,Jax,2/3/6,234,"Flash, Teleport",,XUN,Sejuani,1/4/8,134,"Flash, Smite",,Yagao,Ryze,2/3/5,223,"Flash, Teleport",,Elk,Zeri,8/2/3,281,"Flash, Haste",,ON,Blitzcrank,0/4/9,26,"Flash, Dot",,0,[],,,,,,,21%,21.8%,21.2%,17.3%,21%,21.6%,24.4%,27.3%,12.5%,12%,33.9%,798 DPM,21.6%,468 DPM,20.7%,488 DPM,12.5%,272 DPM,21.8%,513 DPM,26.6%,577 DPM,18.5%,435 DPM,30.8%,667 DPM,5.2%,122 DPM,8.4%,182 DPM,,,,,,,,,,,,,,
48078,48080,BLG vs OMG,LPL Spring 2023,2023-03-25 (WEEK10),28:08,v13.5,Bilibili Gaming,LOSS,14,3,0,0,48.4k,False,False,,"Yone, Tristana, Akali, Blitzcrank, Rumble","Kennen, Xin Zhao, Sylas, Jinx, Thresh",Bin,Kennen,3/2/6,187,"Flash, Teleport",,XUN,Xin Zhao,1/5/6,147,"Flash, Smite",,Yagao,Sylas,4/2/3,219,"Flash, Teleport",,Elk,Jinx,4/3/7,260,"Flash, Boost",,ON,Thresh,2/7/8,36,"Flash, Dot",,OMG,WIN,19,6,4,0,54k,True,True,,"Kindred, LeBlanc, Vi, Sejuani, Wukong","Viktor, Lee Sin, Vex, Aphelios, Nautilus",shanji,Viktor,3/2/8,232,"Flash, Teleport",,AKi,Lee Sin,5/3/12,157,"Flash, Smite",,Creme,Vex,6/2/6,213,"Flash, Dot",,Able,Aphelios,4/1/8,263,"Boost, Flash",,Ppgod,Nautilus,1/6/10,30,"Dot, Flash",,0,[],,,,,,,19.9%,19.9%,18.5%,20.3%,21.8%,21.4%,25.3%,25.7%,14.5%,12.7%,16%,285 DPM,24.2%,579 DPM,16.5%,294 DPM,15.6%,375 DPM,24.1%,431 DPM,34.3%,821 DPM,35.3%,631 DPM,20.6%,493 DPM,8.1%,145 DPM,5.3%,126 DPM,,,,,,,,,,,,,,
48075,48075,TT vs EDG,LPL Spring 2023,2023-03-24 (WEEK10),33:28,v13.5,TT,LOSS,5,3,0,0,52.1k,False,False,,"Lee Sin, Jayce, LeBlanc, Thresh, Chogath","Jax, Sejuani, Veigar, Xayah, Rakan",Hoya,Jax,3/2/1,202,"Flash, Teleport",,Beichuan,Sejuani,0/5/4,144,"Flash, Smite",,Ucal,Veigar,0/2/2,333,"Teleport, Flash",,huanfeng,Xayah,2/2/2,350,"Boost, Flash",,yaoyao,Rakan,0/3/2,36,"Dot, Flash",,Edward Gaming,WIN,14,11,4,2,65.7k,True,True,,"KSante, Vi, Renekton, Lucian, Yone","Kennen, Elise, Tristana, Aphelios, Renata Glasc",Ale,Kennen,4/2/4,237,"Teleport, Flash",,Jiejie,Elise,1/2/10,173,"Smite, Flash",,FoFo,Tristana,5/0/6,304,"Flash, Teleport",,Leave,Aphelios,4/0/4,344,"Boost, Flash",,meiko,Renata Glasc,0/1/13,0,"Flash, Dot",,0,[],,,,,,,20.3%,20.4%,17.2%,17.5%,24.9%,24.1%,25.3%,24.2%,12.3%,13.8%,18.5%,198 DPM,28.3%,609 DPM,16.8%,180 DPM,20.2%,435 DPM,30.7%,328 DPM,20.6%,443 DPM,28.3%,302 DPM,26.4%,567 DPM,5.8%,62 DPM,4.5%,96 DPM,,,,,,,,,,,,,,
48075,48076,TT vs EDG,LPL Spring 2023,2023-03-24 (WEEK10),39:13,v13.5,Edward Gaming,WIN,15,9,4,1,72.5k,False,True,,"KSante, Sejuani, Tristana, Lucian, Tahm Kench","Chogath, Vi, LeBlanc, Xayah, Renata Glasc",Ale,Chogath,2/2/6,241,"Teleport, Flash",,Jiejie,Vi,0/2/8,182,"Smite, Flash",,FoFo,LeBlanc,0/4/8,309,"Flash, Teleport",,Leave,Xayah,11/2/4,427,"Haste, Flash",,meiko,Renata Glasc,2/6/9,27,"Flash, Exhaust",,TT,LOSS,16,4,1,1,67.5k,True,False,,"Lee Sin, Jayce, Lulu, Malphite, Renekton","Kennen, Wukong, Veigar, Zeri, Rakan",Hoya,Kennen,4/4/6,284,"Flash, Teleport",,Beichuan,Wukong,2/4/11,164,"Flash, Smite",,Ucal,Veigar,1/2/11,293,"Teleport, Flash",,huanfeng,Zeri,6/2/4,383,"Haste, Flash",,yaoyao,Rakan,3/3/11,34,"Dot, Flash",,0,[],,,,,,,17.6%,22.3%,16.7%,16.8%,19.8%,19.8%,31.5%,27.3%,14.4%,13.8%,11.1%,284 DPM,29.2%,720 DPM,7.7%,197 DPM,12.2%,300 DPM,26.4%,676 DPM,25.3%,624 DPM,48.7%,1247 DPM,27.7%,683 DPM,6.1%,157 DPM,5.7%,141 DPM,,,,,,,,,,,,,,
48072,48072,LGD Gaming vs LNG Esports,LPL Spring 2023,2023-03-24 (WEEK10),26:48,v13.5,LNG Esports,WIN,15,8,2,1,51.3k,False,False,,"Sejuani, Maokai, Aphelios, Nautilus, Jax","KSante, Vi, Taliyah, Lucian, Nami",Zika,KSante,2/0/4,270,"Flash, Teleport",,Tarzan,Vi,3/0/8,153,"Smite, Flash",,Scout,Taliyah,4/1/8,248,"Teleport, Flash",,LP,Lucian,6/1/8,228,"Flash, Dot",,Hang,Nami,0/1/14,0,"Flash, Heal",,LGD Gaming,LOSS,3,3,2,0,42.7k,True,True,,"Lee Sin, Jayce, Syndra, LeBlanc, Ahri","Sion, Elise, Tristana, Jinx, Tahm Kench",Xiaoxu,Sion,1/2/0,219,"Flash, Teleport",,Meteor,Elise,0/3/2,167,"Flash, Smite",,Haichao,Tristana,1/2/1,263,"Flash, Teleport",,Lpc,Jinx,1/3/1,229,"Flash, Heal",,jinjiao,Tahm Kench,0/5/1,36,"Flash, Exhaust",,0,[],,,,,,,23%,20.6%,18.1%,19.2%,21.8%,24.6%,24.1%,22.8%,13%,13%,17.6%,413 DPM,20.7%,350 DPM,15.3%,358 DPM,23.6%,399 DPM,24.2%,566 DPM,13.5%,227 DPM,33.4%,781 DPM,28.1%,475 DPM,9.5%,222 DPM,14.1%,238 DPM,,,,,,,,,,,,,,
48072,48073,LGD Gaming vs LNG Esports,LPL Spring 2023,2023-03-24 (WEEK10),24:21,v13.5,LNG Esports,WIN,19,8,3,0,49.2k,True,True,,"Sejuani, Maokai, Aphelios, Nautilus, Jax","Gwen, Vi, LeBlanc, Zeri, Leona",Zika,Gwen,1/2/9,237,"Haste, Teleport",,Tarzan,Vi,2/0/13,130,"Smite, Flash",,Scout,LeBlanc,6/0/7,232,"Teleport, Flash",,LP,Zeri,9/0/4,251,"Flash, Haste",,Hang,Leona,1/1/8,25,"Flash, Dot",,LGD Gaming,LOSS,3,1,0,0,37.6k,False,False,,"Lee Sin, Jayce, Syndra, Rakan, Lulu","KSante, Elise, Tristana, Jinx, Tahm Kench",Xiaoxu,KSante,0/4/3,197,"Haste, Teleport",,Meteor,Elise,2/5/0,127,"Flash, Smite",,Haichao,Tristana,0/4/1,215,"Flash, Teleport",,Lpc,Jinx,1/2/0,215,"Flash, Haste",,jinjiao,Tahm Kench,0/4/2,28,"Flash, Exhaust",,0,[],,,,,,,20.3%,20.8%,18%,20.5%,23.8%,21%,25.8%,24.5%,12.1%,13.2%,25.9%,626 DPM,16.8%,247 DPM,19.8%,480 DPM,21%,308 DPM,26.5%,641 DPM,15.7%,230 DPM,23.9%,579 DPM,34%,499 DPM,3.8%,93 DPM,12.5%,183 DPM,,,,,,,,,,,,,,
48069,48069,FPX vs Top Esports,LPL Spring 2023,2023-03-23 (WEEK10),33:53,v13.5,Funplus Phoenix,LOSS,6,2,1,0,55.1k,False,False,,"LeBlanc, Jayce, Syndra, Ahri, Kennen","Jax, Wukong, Cassiopeia, Xayah, Annie",Xiaolaohu,Jax,0/2/0,307,"Flash, Teleport",,H4cker,Wukong,2/3/2,158,"Flash, Smite",,Care,Cassiopeia,1/4/3,312,"Flash, Teleport",,Lwx,Xayah,2/3/1,356,"Flash, Haste",,Qiuqiu,Annie,1/4/3,0,"Dot, Flash",,Top Esports,WIN,16,9,4,1,67.8k,True,False,,"Yone, Tristana, Lee Sin, Blitzcrank, Sylas","Gragas, Vi, Aurelion Sol, Zeri, Lulu",Wayward,Gragas,0/2/6,254,"Flash, Teleport",,Tian,Vi,5/2/8,204,"Smite, Flash",,RooKie,Aurelion Sol,9/1/4,364,"Teleport, Flash",,JackeyLove,Zeri,2/0/9,401,"Flash, Boost",,Mark,Lulu,0/1/14,24,"Flash, Heal",,0,[],,,,,,,21.8%,17.4%,18%,19.1%,22.6%,25.6%,25%,25%,12.6%,12.9%,18.7%,264 DPM,22.1%,463 DPM,13.3%,188 DPM,13%,272 DPM,21.1%,298 DPM,32.7%,685 DPM,31.7%,448 DPM,28.5%,597 DPM,15.1%,213 DPM,3.7%,78 DPM,,,,,,,,,,,,,,
48069,48070,FPX vs Top Esports,LPL Spring 2023,2023-03-23 (WEEK10),38:24,v13.5,Top Esports,WIN,21,8,4,0,72.7k,True,True,,"Yone, Tristana, Lee Sin, Gwen, Jax","Gnar, Maokai, Akali, Lucian, Nami",Wayward,Gnar,5/3/12,330,"Flash, Teleport",,Tian,Maokai,4/3/13,193,"Smite, Flash",,RooKie,Akali,10/4/3,303,"Teleport, Flash",,JackeyLove,Lucian,2/3/13,376,"Flash, Dot",,Mark,Nami,0/1/18,0,"Flash, Heal",,Funplus Phoenix,LOSS,14,3,1,1,66.1k,False,False,,"Jayce, LeBlanc, Vi, Kennen, Aurelion Sol","KSante, Wukong, Kassadin, Zeri, Lulu",Xiaolaohu,KSante,2/6/10,286,"Teleport, Haste",,H4cker,Wukong,1/5/8,185,"Flash, Smite",,Care,Kassadin,4/2/7,327,"Flash, Teleport",,Lwx,Zeri,7/5/1,376,"Flash, Barrier",,Qiuqiu,Lulu,0/3/10,0,"Heal, Flash",,0,[],,,,,,,23.4%,20.5%,18%,17.1%,21.6%,24.1%,24.4%,26.3%,12.6%,12.1%,25.4%,767 DPM,15.6%,350 DPM,10.9%,328 DPM,13.4%,300 DPM,25.4%,766 DPM,35.2%,791 DPM,32.3%,977 DPM,31.9%,717 DPM,6%,182 DPM,3.9%,88 DPM,,,,,,,,,,,,,,
48066,48066,Rare Atom vs RNG,LPL Spring 2023,2023-03-23 (WEEK10),35:41,v13.5,Rare Atom,LOSS,18,7,3,1,66.4k,True,True,,"Lee Sin, Annie, Jayce, Sion, Kennen","Jax, Wukong, Sylas, Xayah, Nautilus",Cube,Jax,4/5/6,282,"Flash, Teleport",,Leyan,Wukong,4/4/11,206,"Smite, Flash",,Strive,Sylas,5/2/4,285,"Flash, Teleport",,Assum,Xayah,5/3/7,307,"Haste, Flash",,Southwind,Nautilus,0/6/11,47,"Flash, Dot",,Royal Never Give Up,WIN,20,8,2,1,69.5k,False,False,,"Elise, Nidalee, Sejuani, LeBlanc, Lissandra","KSante, Vi, Ahri, Kaisa, Rakan",Breathe,KSante,5/6/6,257,"Teleport, Haste",,Wei,Vi,0/2/15,187,"Smite, Flash",,Angel,Ahri,4/1/9,348,"Flash, Teleport",,GALA,Kaisa,9/5/6,335,"Flash, Haste",,Ming,Rakan,2/4/16,41,"Dot, Flash",,0,[],,,,,,,22.1%,19%,20.1%,16.3%,21.1%,23.1%,24.1%,27.4%,12.6%,14.1%,19.7%,484 DPM,16.7%,478 DPM,19.8%,488 DPM,11.6%,332 DPM,17.6%,433 DPM,35.6%,1021 DPM,38.4%,944 DPM,30%,858 DPM,4.5%,112 DPM,6.2%,177 DPM,,,,,,,,,,,,,,
48066,48067,Rare Atom vs RNG,LPL Spring 2023,2023-03-23 (WEEK10),28:58,v13.5,Rare Atom,WIN,18,8,4,2,59.4k,False,False,,"Lee Sin, Annie, Jayce, Kennen, Sion","Jax, Wukong, Ryze, Xayah, Nautilus",Cube,Jax,6/2/3,244,"Flash, Teleport",,Leyan,Wukong,4/2/5,172,"Smite, Flash",,Strive,Ryze,2/1/12,264,"Flash, Teleport",,Assum,Xayah,5/2/8,302,"Haste, Flash",,Southwind,Nautilus,1/2/8,36,"Flash, Dot",,Royal Never Give Up,LOSS,9,2,0,0,49.9k,True,True,,"Elise, Nidalee, Sejuani, Lissandra, Sylas","KSante, Vi, Ahri, Zeri, Rakan",Breathe,KSante,2/3/4,241,"Teleport, Haste",,Wei,Vi,1/4/5,129,"Smite, Flash",,Angel,Ahri,1/2/6,254,"Flash, Teleport",,GALA,Zeri,5/5/4,301,"Flash, Haste",,Ming,Rakan,0/4/8,39,"Dot, Flash",,0,[],,,,,,,21.8%,21.4%,19.3%,16.2%,21.1%,20.1%,24.8%,29.4%,13%,13%,21.2%,529 DPM,18.4%,417 DPM,16.7%,415 DPM,11.8%,268 DPM,25.3%,630 DPM,27.4%,623 DPM,31.8%,792 DPM,32.8%,746 DPM,4.9%,123 DPM,9.6%,218 DPM,,,,,,,,,,,,,,
48066,48068,Rare Atom vs RNG,LPL Spring 2023,2023-03-23 (WEEK10),25:16,v13.5,Rare Atom,LOSS,5,3,3,0,43.1k,False,False,,"Lee Sin, Annie, Jayce, Syndra, Kaisa","Jax, Wukong, Ahri, Xayah, Leona",Cube,Jax,0/4/1,210,"Flash, Teleport",,Leyan,Wukong,2/2/2,175,"Smite, Flash",,Strive,Ahri,2/2/2,198,"Flash, Teleport",,Assum,Xayah,1/3/0,267,"Boost, Flash",,Southwind,Leona,0/4/1,30,"Flash, Dot",,Royal Never Give Up,WIN,15,7,1,1,49.6k,True,False,,"Elise, Sejuani, Nidalee, Nautilus, Blitzcrank","Kennen, Vi, Taliyah, Zeri, Rakan",Breathe,Kennen,4/0/9,226,"Teleport, Flash",,Wei,Vi,4/1/8,123,"Smite, Flash",,Angel,Taliyah,3/1/6,186,"Flash, Teleport",,GALA,Zeri,3/1/8,254,"Flash, Boost",,Ming,Rakan,1/2/12,40,"Dot, Flash",,0,[],,,,,,,20.5%,23.9%,20.5%,19.2%,20.9%,19.2%,25.5%,24.3%,12.6%,13.3%,14.3%,131 DPM,37.6%,737 DPM,26%,238 DPM,13.2%,260 DPM,27%,246 DPM,16.3%,321 DPM,22.7%,207 DPM,27.4%,537 DPM,10%,91 DPM,5.5%,108 DPM,,,,,,,,,,,,,,
48063,48063,IG vs BLG,LPL Spring 2023,2023-03-22 (WEEK10),41:28,v13.5,Invictus Gaming,LOSS,29,5,3,1,78.8k,False,True,,"Vi, Kindred, Xin Zhao, Lulu, Nautilus","Gnar, Sejuani, Lissandra, Aphelios, Veigar",neny,Gnar,8/4/13,354,"Flash, Teleport",,GIDEON,Sejuani,3/6/18,205,"Smite, Flash",,Dove,Lissandra,8/9/11,273,"Teleport, Flash",,Ahn,Aphelios,9/7/7,416,"Haste, Flash",,Wink,Veigar,1/7/11,34,"Exhaust, Flash",,Bilibili Gaming,WIN,33,10,4,1,84.1k,True,False,,"Maokai, Lucian, Sion, Renekton, KSante","Kennen, Wukong, LeBlanc, Zeri, Blitzcrank",Bin,Kennen,3/9/9,341,"Flash, Teleport",,XUN,Wukong,2/5/15,247,"Flash, Smite",,Yagao,LeBlanc,14/0/11,307,"Flash, Teleport",,Elk,Zeri,13/4/9,416,"Flash, Boost",,ON,Blitzcrank,1/11/12,37,"Flash, Dot",,0,[],,,,,,,24.8%,20.1%,17.8%,17.2%,19.5%,23.2%,25.7%,28.3%,12.2%,11.2%,24.9%,606 DPM,25.1%,840 DPM,17.4%,424 DPM,8.5%,286 DPM,21.9%,532 DPM,29.3%,979 DPM,27.2%,663 DPM,31.3%,1047 DPM,8.5%,207 DPM,5.8%,195 DPM,,,,,,,,,,,,,,
48063,48064,IG vs BLG,LPL Spring 2023,2023-03-22 (WEEK10),25:56,v13.5,Bilibili Gaming,WIN,27,8,4,1,54.9k,True,True,,"Maokai, Lucian, Sion, Veigar, Thresh","Kennen, Lee Sin, Taliyah, Zeri, Nautilus",Bin,Kennen,2/2/5,223,"Flash, Teleport",,XUN,Lee Sin,13/0/4,157,"Flash, Smite",,Yagao,Taliyah,0/1/10,189,"Flash, Teleport",,Elk,Zeri,9/3/12,229,"Flash, Haste",,ON,Nautilus,3/1/16,37,"Flash, Dot",,Invictus Gaming,LOSS,7,1,0,0,40.2k,False,False,,"Vi, Kindred, Sejuani, Sylas, Lulu","Malphite, Wukong, LeBlanc, Aphelios, Rakan",neny,Malphite,1/7/2,178,"Flash, Teleport",,GIDEON,Wukong,2/3/0,161,"Smite, Flash",,Dove,LeBlanc,2/4/1,187,"Teleport, Flash",,Ahn,Aphelios,2/7/1,212,"Haste, Flash",,Wink,Rakan,0/6/4,38,"Exhaust, Flash",,0,[],,,,,,,19.2%,20%,23.3%,21.5%,16.1%,20.9%,25.8%,23.2%,15.5%,14.4%,21.1%,520 DPM,21%,330 DPM,21%,517 DPM,17.7%,278 DPM,11.7%,288 DPM,21.6%,340 DPM,36.9%,907 DPM,33.2%,522 DPM,9.3%,228 DPM,6.6%,103 DPM,,,,,,,,,,,,,,
48060,48060,LNG Esports vs Ultra Prime,LPL Spring 2023,2023-03-22 (WEEK10),31:02,v13.5,LNG Esports,WIN,18,9,4,1,60k,True,True,,"Zeri, Sejuani, Kennen, Lulu, Thresh","KSante, Lee Sin, LeBlanc, Xayah, Rakan",Zika,KSante,5/0/8,252,"Flash, Teleport",,Tarzan,Lee Sin,3/1/11,183,"Smite, Flash",,Scout,LeBlanc,6/1/9,254,"Teleport, Flash",,LP,Xayah,3/2/8,305,"Flash, Boost",,Hang,Rakan,1/0/14,42,"Flash, Dot",,Ultra Prime,LOSS,4,1,0,0,45.9k,False,False,,"Lucian, Elise, Veigar, Gnar, Gwen","Gragas, Xin Zhao, Lissandra, Aphelios, Renata Glasc",Hery,Gragas,0/0/2,237,"Flash, Teleport",,Ning,Xin Zhao,1/7/2,154,"Smite, Flash",,Forge,Lissandra,1/4/2,231,"Flash, Teleport",,Doggo,Aphelios,1/5/0,266,"Flash, Haste",,Baolan,Renata Glasc,1/2/2,40,"Exhaust, Flash",,0,[],,,,,,,20.6%,21.4%,19.5%,19.2%,22.1%,21.2%,23.9%,24.2%,13.9%,14%,20.9%,607 DPM,21.8%,504 DPM,16%,465 DPM,21.2%,490 DPM,34.8%,1013 DPM,19%,440 DPM,21.7%,631 DPM,30.2%,697 DPM,6.7%,194 DPM,7.8%,180 DPM,,,,,,,,,,,,,,
48060,48061,LNG Esports vs Ultra Prime,LPL Spring 2023,2023-03-22 (WEEK10),33:09,v13.5,LNG Esports,LOSS,11,2,0,0,57.6k,False,True,,"Zeri, Sejuani, Kennen, Galio, Gwen","Sion, Lee Sin, Annie, Aphelios, Thresh",Zika,Sion,0/7/8,222,"Flash, Teleport",,Tarzan,Lee Sin,2/4/7,179,"Smite, Flash",,Scout,Annie,1/5/7,223,"Teleport, Flash",,LP,Aphelios,7/4/2,351,"Flash, Boost",,Hang,Thresh,1/3/8,40,"Flash, Dot",,Ultra Prime,WIN,23,11,4,2,67.8k,True,False,,"Lucian, Elise, LeBlanc, Veigar, Renata Glasc","Renekton, Xin Zhao, Ahri, Xayah, Rakan",Hery,Renekton,6/4/6,282,"Flash, Teleport",,Ning,Xin Zhao,5/2/11,207,"Smite, Flash",,Forge,Ahri,5/2/12,235,"Flash, Teleport",,Doggo,Xayah,7/1/8,318,"Flash, Boost",,Baolan,Rakan,0/2/17,36,"Heal, Flash",,0,[],,,,,,,17.1%,22.2%,20.3%,20%,19.8%,20.6%,30%,23.6%,12.9%,13.7%,18.1%,510 DPM,19.4%,622 DPM,10.2%,287 DPM,18.3%,587 DPM,22.4%,633 DPM,24.3%,780 DPM,41.7%,1180 DPM,30.4%,974 DPM,7.7%,216 DPM,7.6%,245 DPM,,,,,,,,,,,,,,
48060,48062,LNG Esports vs Ultra Prime,LPL Spring 2023,2023-03-22 (WEEK10),25:06,v13.5,LNG Esports,WIN,14,11,2,1,53.5k,True,True,,"Zeri, Sejuani, Kennen, Akali, Sion","Jax, Wukong, Ahri, Xayah, Nautilus",Zika,Jax,3/0/6,254,"Flash, Teleport",,Tarzan,Wukong,6/0/6,148,"Smite, Flash",,Scout,Ahri,2/0/11,271,"Teleport, Flash",,LP,Xayah,2/1/5,237,"Flash, Boost",,Hang,Nautilus,1/1/6,34,"Flash, Dot",,Ultra Prime,LOSS,2,1,1,0,39.1k,False,False,,"Lucian, Elise, LeBlanc, Veigar, Syndra","Renekton, Xin Zhao, Lissandra, Kaisa, Rakan",Hery,Renekton,0/3/0,227,"Flash, Teleport",,Ning,Xin Zhao,1/3/0,165,"Smite, Flash",,Forge,Lissandra,1/4/1,236,"Flash, Teleport",,Doggo,Kaisa,0/2/1,245,"Flash, Boost",,Baolan,Rakan,0/2/2,40,"Dot, Flash",,0,[],,,,,,,23.1%,21.1%,21.1%,19.9%,22%,21.9%,20.8%,23.4%,12.9%,13.7%,34%,672 DPM,27%,284 DPM,16.7%,331 DPM,15.5%,162 DPM,24.9%,494 DPM,35.9%,377 DPM,18.4%,364 DPM,12.3%,129 DPM,6%,119 DPM,9.3%,98 DPM,,,,,,,,,,,,,,
48057,48057,Team WE vs WBG,LPL Spring 2023,2023-03-21 (WEEK10),33:58,v13.5,Team WE,LOSS,5,2,1,1,55k,False,False,,"Elise, Zeri, Sejuani, Lulu, Kennen","KSante, Vi, Syndra, Xayah, Karma",Biubiu,KSante,0/2/0,262,"Haste, Teleport",,Heng,Vi,2/4/2,161,"Flash, Smite",,Shanks,Syndra,2/2/3,289,"Flash, Teleport",,Hope,Xayah,1/3/4,337,"Flash, Boost",,Iwandy,Karma,0/4/4,43,"Dot, Flash",,Weibo Gaming,WIN,15,10,4,1,68k,True,True,,"Cassiopeia, Maokai, Ahri, Rakan, Sion","Gnar, Lee Sin, Annie, Aphelios, Renata Glasc",TheShy,Gnar,3/0/3,389,"Flash, Teleport",,Karsa,Lee Sin,5/0/7,229,"Smite, Flash",,xiaohu,Annie,4/3/7,231,"Flash, Teleport",,Light,Aphelios,3/1/6,348,"Flash, Heal",,Crisp,Renata Glasc,0/1/10,46,"Flash, Dot",,0,[],,,,,,,19.5%,26.8%,18.2%,19.9%,23.9%,18.6%,24.4%,22.3%,14%,12.4%,15.3%,225 DPM,35.7%,720 DPM,11%,163 DPM,20.9%,422 DPM,38.1%,562 DPM,20.2%,407 DPM,24.7%,364 DPM,18.3%,370 DPM,10.9%,160 DPM,4.9%,99 DPM,,,,,,,,,,,,,,
48057,48058,Team WE vs WBG,LPL Spring 2023,2023-03-21 (WEEK10),30:30,v13.5,Weibo Gaming,LOSS,11,3,1,0,52.7k,False,False,,"Cassiopeia, Maokai, Varus, Sion, LeBlanc","Kennen, Vi, Ahri, Draven, Nami",TheShy,Kennen,2/6/2,225,"Flash, Teleport",,Karsa,Vi,4/6/5,182,"Smite, Flash",,xiaohu,Ahri,4/4/3,252,"Flash, Teleport",,Light,Draven,1/3/1,280,"Flash, Boost",,Crisp,Nami,0/4/8,0,"Flash, Heal",,Team WE,WIN,23,7,4,1,59.3k,True,True,,"Caitlyn, Zeri, Aphelios, Syndra, Gnar","KSante, Lee Sin, Ryze, Lucian, Sona",Biubiu,KSante,4/1/9,241,"Flash, Teleport",,Heng,Lee Sin,7/2/11,148,"Flash, Smite",,Shanks,Ryze,2/2/14,285,"Flash, Teleport",,Hope,Lucian,7/4/8,241,"Flash, Barrier",,Iwandy,Sona,3/2/18,25,"Heal, Flash",,0,[],,,,,,,22%,20.7%,20.7%,19.7%,22.2%,22.2%,22.3%,22.3%,12.8%,15.2%,32.8%,733 DPM,17.3%,388 DPM,18.6%,416 DPM,14.6%,329 DPM,21.9%,489 DPM,29%,652 DPM,19.5%,436 DPM,25.3%,568 DPM,7.2%,161 DPM,13.9%,311 DPM,,,,,,,,,,,,,,
48057,48059,Team WE vs WBG,LPL Spring 2023,2023-03-21 (WEEK10),38:49,v13.5,Team WE,LOSS,17,5,3,1,66.7k,False,True,,"Caitlyn, Zeri, Syndra, Gnar, KSante","Ornn, Lee Sin, Ryze, Aphelios, Lulu",Biubiu,Ornn,3/4/5,224,"Flash, Teleport",,Heng,Lee Sin,3/5/8,192,"Flash, Smite",,Shanks,Ryze,5/3/8,361,"Flash, Teleport",,Hope,Aphelios,6/6/6,318,"Flash, Haste",,Iwandy,Lulu,0/5/14,24,"Heal, Flash",,Weibo Gaming,WIN,23,8,3,1,73.8k,True,False,,"Cassiopeia, Maokai, Rakan, Sion, Kennen","Renekton, Vi, Taliyah, Lucian, Nami",TheShy,Renekton,5/6/10,312,"Flash, Teleport",,Karsa,Vi,3/5/14,184,"Smite, Flash",,xiaohu,Taliyah,8/3/13,300,"Flash, Teleport",,Light,Lucian,6/2/11,374,"Flash, Dot",,Crisp,Nami,1/2/20,0,"Flash, Heal",,0,[],,,,,,,17.5%,22.2%,19.1%,17.5%,25.5%,22.7%,24.9%,25%,13.1%,12.6%,19.6%,529 DPM,18.5%,530 DPM,12.7%,344 DPM,9.2%,264 DPM,29.1%,787 DPM,36.1%,1037 DPM,33.6%,906 DPM,29.8%,856 DPM,5%,134 DPM,6.5%,187 DPM,,,,,,,,,,,,,,
48054,48054,OMG vs Top Esports,LPL Spring 2023,2023-03-21 (WEEK10),34:17,v13.5,OMG,WIN,19,8,4,1,66.1k,True,True,,"Jayce, Lee Sin, Xayah, Veigar, Lulu","KSante, Vi, Ahri, Aphelios, Renata Glasc",shanji,KSante,7/2/9,305,"Flash, Teleport",,AKi,Vi,4/2/8,222,"Flash, Smite",,Creme,Ahri,0/2/13,310,"Flash, Teleport",,Able,Aphelios,8/4/7,288,"Haste, Flash",,Ppgod,Renata Glasc,0/1/16,43,"Dot, Flash",,Top Esports,LOSS,11,2,2,1,57.4k,False,False,,"Yone, Akali, Sylas, Rumble, Kennen","Jax, Sejuani, Galio, Zeri, Rakan",Qingtian,Jax,4/5/4,247,"Flash, Teleport",,Tian,Sejuani,0/5/8,167,"Smite, Flash",,RooKie,Galio,0/4/6,277,"Teleport, Flash",,JackeyLove,Zeri,5/3/5,344,"Flash, Boost",,Mark,Rakan,2/2/8,46,"Flash, Dot",,0,[],,,,,,,24.1%,22.6%,19.5%,17%,19.5%,19.8%,24%,26.5%,12.9%,14.1%,22%,682 DPM,21.8%,495 DPM,12.6%,388 DPM,16.1%,364 DPM,26.9%,831 DPM,11.6%,264 DPM,32.6%,1009 DPM,44.8%,1016 DPM,5.9%,182 DPM,5.6%,127 DPM,,,,,,,,,,,,,,
48054,48055,OMG vs Top Esports,LPL Spring 2023,2023-03-21 (WEEK10),28:10,v13.5,Top Esports,WIN,21,11,3,0,54.7k,False,True,,"Akali, Yone, Sylas, Wukong, Tristana","Malphite, Maokai, LeBlanc, Jinx, Tahm Kench",Qingtian,Malphite,4/1/14,176,"Flash, Teleport",,Tian,Maokai,3/1/16,120,"Smite, Flash",,RooKie,LeBlanc,6/0/9,229,"Teleport, Flash",,JackeyLove,Jinx,7/1/10,268,"Flash, Haste",,Mark,Tahm Kench,1/0/15,44,"Flash, Exhaust",,OMG,LOSS,3,0,1,1,43.5k,True,False,,"Jayce, Lee Sin, Vi, Thresh, Syndra","Kennen, Jarvan IV, Kassadin, Aphelios, Nautilus",shanji,Kennen,1/5/2,198,"Flash, Teleport",,AKi,Jarvan IV,1/4/2,126,"Flash, Smite",,Creme,Kassadin,1/2/0,223,"Flash, Teleport",,Able,Aphelios,0/5/2,227,"Haste, Flash",,Ppgod,Nautilus,0/5/2,29,"Dot, Flash",,0,[],,,,,,,19.8%,22.4%,18.2%,18%,22.9%,21.8%,25.3%,24.1%,13.9%,13.6%,17.1%,462 DPM,29.4%,523 DPM,11.9%,322 DPM,11.7%,208 DPM,29.6%,798 DPM,18.6%,331 DPM,35%,942 DPM,32.4%,575 DPM,6.3%,170 DPM,7.9%,141 DPM,,,,,,,,,,,,,,
48054,48056,OMG vs Top Esports,LPL Spring 2023,2023-03-21 (WEEK10),30:41,v13.5,OMG,WIN,14,8,3,1,58.2k,True,True,,"Jayce, Lee Sin, Xayah, Veigar, Syndra","Kennen, Vi, Ahri, Aphelios, Rakan",shanji,Kennen,6/1/5,260,"Flash, Teleport",,AKi,Vi,0/4/8,162,"Flash, Smite",,Creme,Ahri,3/1/9,261,"Flash, Teleport",,Able,Aphelios,4/3/4,260,"Haste, Flash",,Ppgod,Rakan,1/0/12,45,"Dot, Flash",,Top Esports,LOSS,9,6,2,0,50.7k,False,False,,"Yone, Akali, Sylas, Thresh, Rumble","Malphite, Wukong, LeBlanc, Jinx, Tahm Kench",Qingtian,Malphite,2/2/2,190,"Flash, Teleport",,Tian,Wukong,1/4/6,168,"Smite, Flash",,RooKie,LeBlanc,3/2/3,244,"Teleport, Flash",,JackeyLove,Jinx,3/3/4,309,"Flash, Haste",,Mark,Tahm Kench,0/3/7,45,"Flash, Exhaust",,0,[],,,,,,,25.5%,19.5%,16.7%,19.3%,20.7%,21.3%,23.3%,25.9%,13.8%,13.8%,34.7%,664 DPM,21.3%,356 DPM,9.4%,179 DPM,12%,201 DPM,27.7%,530 DPM,31.8%,532 DPM,21.1%,402 DPM,29.8%,497 DPM,7.1%,136 DPM,5.1%,85 DPM,,,,,,,,,,,,,,
48051,48051,JD Gaming vs LGD Gaming,LPL Spring 2023,2023-03-20 (WEEK10),26:20,v13.5,JD Gaming,WIN,11,7,4,0,50.5k,False,True,,"Jax, Sejuani, Maokai, KSante, Gwen","Kennen, Wukong, Gragas, Aphelios, Annie",369,Kennen,1/1/2,280,"Flash, Teleport",,Kanavi,Wukong,1/1/6,175,"Flash, Smite",,Knight,Gragas,1/1/6,240,"Flash, Teleport",,Ruler,Aphelios,6/0/3,256,"Flash, Haste",,Missing,Annie,2/0/9,0,"Dot, Flash",,LGD Gaming,LOSS,3,2,0,1,43.9k,True,False,,"Lee Sin, Jayce, Vi, LeBlanc, Syndra","Sion, Elise, Tristana, Zeri, Nautilus",Xiaoxu,Sion,0/1/1,206,"Flash, Teleport",,Meteor,Elise,1/3/2,131,"Flash, Smite",,Haichao,Tristana,2/1/1,253,"Flash, Teleport",,Lpc,Zeri,0/1/0,275,"Flash, Boost",,jinjiao,Nautilus,0/5/1,35,"Flash, Dot",,0,[],,,,,,,21.2%,19.5%,19%,18.2%,19.8%,24.4%,25.8%,24.4%,14.1%,13.5%,33%,565 DPM,28.5%,327 DPM,8.4%,144 DPM,21.2%,244 DPM,15.2%,261 DPM,27.2%,313 DPM,33.6%,575 DPM,14.9%,172 DPM,9.7%,166 DPM,8.2%,94 DPM,,,,,,,,,,,,,,
48051,48052,JD Gaming vs LGD Gaming,LPL Spring 2023,2023-03-20 (WEEK10),32:57,v13.5,LGD Gaming,LOSS,7,3,1,0,55.2k,True,True,,"Lee Sin, Jayce, Gragas, Ahri, Akali","Renekton, Wukong, Taliyah, Aphelios, Nautilus",Xiaoxu,Renekton,1/5/1,276,"Flash, Teleport",,Meteor,Wukong,0/3/4,167,"Flash, Smite",,Haichao,Taliyah,0/3/4,261,"Flash, Teleport",,Lpc,Aphelios,6/2/0,346,"Flash, Haste",,jinjiao,Nautilus,0/4/5,36,"Flash, Dot",,JD Gaming,WIN,17,10,4,2,67.2k,False,False,,"Jax, Sejuani, Maokai, KSante, LeBlanc","Ornn, Vi, Syndra, Zeri, Rakan",369,Ornn,2/0/11,226,"Flash, Teleport",,Kanavi,Vi,6/2/8,222,"Flash, Smite",,Knight,Syndra,6/2/6,314,"Flash, Teleport",,Ruler,Zeri,3/0/8,391,"Flash, Haste",,Missing,Rakan,0/3/14,47,"Dot, Flash",,0,[],,,,,,,21%,18.3%,18.6%,20.8%,18.8%,21.6%,29.1%,26.1%,12.5%,13.3%,24.2%,307 DPM,22.4%,451 DPM,7.4%,94 DPM,14.9%,300 DPM,17.3%,220 DPM,32.6%,656 DPM,46.5%,590 DPM,24%,483 DPM,4.6%,58 DPM,6.1%,122 DPM,,,,,,,,,,,,,,
48048,48048,NIP vs RNG,LPL Spring 2023,2023-03-20 (WEEK10),38:28,v13.5,Ninjas in Pyjamas,WIN,14,7,4,1,69.9k,True,False,,"Annie, Jayce, Lee Sin, Taliyah, Sion","KSante, Vi, Ahri, Xayah, Rakan",invincible,KSante,1/2/6,343,"Haste, Teleport",,Shad0w,Vi,8/2/2,208,"Smite, Flash",,Dream,Ahri,1/1/11,305,"Flash, Teleport",,Photic,Xayah,3/1/5,425,"Flash, Haste",,Zhuo,Rakan,1/2/10,39,"Flash, Dot",,Royal Never Give Up,LOSS,8,6,1,1,66.9k,False,True,,"Sejuani, Elise, Maokai, Akali, Lissandra","Gwen, Wukong, LeBlanc, Zeri, Lulu",Breathe,Gwen,3/4/0,369,"Teleport, Haste",,Wei,Wukong,1/4/3,203,"Smite, Flash",,Angel,LeBlanc,1/1/4,294,"Flash, Teleport",,GALA,Zeri,2/4/2,402,"Flash, Haste",,Ming,Lulu,1/1/5,0,"Heal, Flash",,0,[],,,,,,,22.3%,25.9%,20.3%,16.6%,19%,21.3%,25.7%,23.4%,12.7%,12.7%,26.3%,573 DPM,28.2%,644 DPM,25.4%,554 DPM,11.8%,268 DPM,22.5%,490 DPM,31.8%,725 DPM,20.4%,446 DPM,22.7%,517 DPM,5.5%,120 DPM,5.6%,127 DPM,,,,,,,,,,,,,,
48048,48049,NIP vs RNG,LPL Spring 2023,2023-03-20 (WEEK10),36:25,v13.5,Royal Never Give Up,LOSS,8,3,2,0,58.9k,True,False,,"Sejuani, Vi, Maokai, Rakan, Nautilus","Jayce, Wukong, Gragas, Aphelios, Heimerdinger",Breathe,Jayce,4/5/1,314,"Teleport, Flash",,Wei,Wukong,1/4/2,154,"Smite, Flash",,Angel,Gragas,1/4/2,261,"Flash, Teleport",,GALA,Aphelios,2/1/2,402,"Flash, Heal",,Ming,Heimerdinger,0/1/4,27,"Dot, Flash",,Ninjas in Pyjamas,WIN,15,11,4,3,71.1k,False,True,,"Annie, Lee Sin, Sion, Renata Glasc, Leona","KSante, Elise, Tristana, Xayah, Soraka",invincible,KSante,1/2/8,297,"Teleport, Flash",,Shad0w,Elise,1/3/8,158,"Smite, Flash",,Dream,Tristana,7/0/5,336,"Flash, Teleport",,Photic,Xayah,5/2/6,348,"Flash, Haste",,Zhuo,Soraka,1/1/14,52,"Flash, Heal",,0,[],,,,,,,24.5%,20.8%,16.6%,16.7%,19.2%,24.8%,26.6%,23.3%,13.2%,14.5%,36.3%,920 DPM,22%,518 DPM,10.4%,264 DPM,18.2%,429 DPM,15.8%,400 DPM,31.9%,751 DPM,21.6%,549 DPM,23%,541 DPM,15.9%,403 DPM,4.9%,115 DPM,,,,,,,,,,,,,,
47800,47800,LNG Esports vs IG,LPL Spring 2023,2023-03-19 (WEEK9),22:40,v13.5,LNG Esports,WIN,22,8,3,0,47.9k,True,True,,"Sejuani, Gragas, Maokai, Galio, Kennen","KSante, Lee Sin, Annie, Lucian, Nami",Zika,KSante,2/0/6,203,"Haste, Teleport",,Tarzan,Lee Sin,5/1/13,127,"Smite, Flash",,Scout,Annie,5/0/12,178,"Teleport, Flash",,LP,Lucian,10/0/3,194,"Flash, Dot",,Hang,Nami,0/0/19,0,"Flash, Heal",,Invictus Gaming,LOSS,1,1,0,0,33.4k,False,False,,"Vi, Zeri, Jax, Fiora, Camille","Sion, Viego, Ryze, Aphelios, Nautilus",neny,Sion,0/3/1,192,"Flash, Teleport",,GIDEON,Viego,0/4/1,129,"Smite, Flash",,Dove,Ryze,0/4/0,173,"Teleport, Flash",,Ahn,Aphelios,0/6/1,164,"Boost, Flash",,Wink,Nautilus,1/5/0,32,"Dot, Flash",,0,[],,,,,,,19.2%,22.1%,19.9%,19.5%,22.2%,20.1%,25.2%,22.1%,13.5%,16.3%,22.5%,694 DPM,36.9%,519 DPM,11.3%,351 DPM,6.5%,92 DPM,30.3%,935 DPM,25.1%,352 DPM,27.6%,852 DPM,20.3%,285 DPM,8.3%,257 DPM,11.2%,157 DPM,,,,,,,,,,,,,,
47800,47801,LNG Esports vs IG,LPL Spring 2023,2023-03-19 (WEEK9),47:35,v13.5,Invictus Gaming,WIN,26,9,4,3,88.7k,True,False,,"Lee Sin, Vi, Sejuani, Nautilus, Thresh","Sion, Viego, Galio, Zeri, Rakan",neny,Sion,4/1/17,349,"Flash, Teleport",,GIDEON,Viego,4/3/14,243,"Smite, Flash",,Dove,Galio,3/3/16,296,"Haste, Flash",,Ahn,Zeri,13/3/6,509,"Boost, Flash",,Wink,Rakan,2/4/17,50,"Dot, Flash",,LNG Esports,LOSS,14,7,3,0,82.2k,False,True,,"Lucian, Maokai, Wukong, Syndra, Annie","Kennen, Gragas, Jayce, Aphelios, Lulu",Zika,Kennen,4/6/5,387,"Flash, Teleport",,Tarzan,Gragas,1/7/6,218,"Smite, Flash",,Scout,Jayce,3/5/8,417,"Teleport, Flash",,LP,Aphelios,6/3/6,420,"Flash, Haste",,Hang,Lulu,0/5/13,24,"Flash, Heal",,0,[],,,,,,,20.6%,23%,18.9%,15.9%,19.4%,22.2%,27.6%,25.8%,13.6%,13%,22.2%,462 DPM,23.2%,791 DPM,15.8%,327 DPM,8.5%,290 DPM,17.5%,364 DPM,26.9%,916 DPM,36.3%,754 DPM,38.5%,1313 DPM,8.1%,169 DPM,2.9%,100 DPM,,,,,,,,,,,,,,
47800,47802,LNG Esports vs IG,LPL Spring 2023,2023-03-19 (WEEK9),23:11,v13.5,LNG Esports,WIN,14,11,3,1,49k,True,True,,"Gragas, Sion, Viego, Syndra, LeBlanc","Gwen, Maokai, Tristana, Lucian, Nami",Zika,Gwen,2/0/2,218,"Haste, Teleport",,Tarzan,Maokai,2/0/6,120,"Smite, Flash",,Scout,Tristana,3/1/5,252,"Teleport, Flash",,LP,Lucian,7/0/4,191,"Flash, Dot",,Hang,Nami,0/1/12,0,"Flash, Heal",,Invictus Gaming,LOSS,2,2,0,0,34.9k,False,False,,"Lee Sin, Vi, Sejuani, Jayce, Jax","KSante, Xin Zhao, Akali, Zeri, Lulu",neny,KSante,0/3/0,164,"Haste, Teleport",,GIDEON,Xin Zhao,2/3/0,140,"Smite, Flash",,Dove,Akali,0/4/0,161,"Teleport, Flash",,Ahn,Zeri,0/2/1,219,"Boost, Flash",,Wink,Lulu,0/2/1,0,"Heal, Flash",,0,[],,,,,,,20.2%,20.6%,16.7%,21.9%,26.1%,19.6%,23.7%,23.9%,13.3%,14%,18.8%,490 DPM,23.6%,310 DPM,9%,234 DPM,26%,341 DPM,35%,914 DPM,21.7%,285 DPM,31%,811 DPM,16.5%,217 DPM,6.3%,164 DPM,12.2%,161 DPM,,,,,,,,,,,,,,
47797,47797,FPX vs EDG,LPL Spring 2023,2023-03-19 (WEEK9),40:02,v13.5,Funplus Phoenix,WIN,25,9,2,2,78.2k,False,False,,"Jayce, Jax, Vi, Fiora, Azir","KSante, Wukong, Aurelion Sol, Aphelios, Annie",Xiaolaohu,KSante,4/2/16,307,"Teleport, Haste",,H4cker,Wukong,3/1/16,186,"Flash, Smite",,Care,Aurelion Sol,15/1/10,341,"Flash, Teleport",,Lwx,Aphelios,2/4/13,386,"Flash, Boost",,Qiuqiu,Annie,1/4/18,27,"Heal, Flash",,Edward Gaming,LOSS,12,4,3,0,70.2k,True,True,,"Yone, Tristana, Lee Sin, Nautilus, Syndra","Gnar, Maokai, Viktor, Zeri, Lulu",Ale,Gnar,2/6/2,345,"Teleport, Flash",,Jiejie,Maokai,2/6/8,191,"Smite, Flash",,FoFo,Viktor,5/4/4,325,"Flash, Teleport",,Leave,Zeri,3/5/6,483,"Boost, Flash",,meiko,Lulu,0/4/11,27,"Flash, Heal",,0,[],,,,,,,20.3%,21.4%,17.7%,16.8%,26.7%,22.6%,22.3%,27.3%,13.1%,11.9%,13.9%,385 DPM,15.4%,433 DPM,12.5%,346 DPM,18.9%,532 DPM,42.4%,1175 DPM,27.6%,775 DPM,23.4%,649 DPM,34.5%,970 DPM,7.9%,219 DPM,3.5%,100 DPM,,,,,,,,,,,,,,
47797,47798,FPX vs EDG,LPL Spring 2023,2023-03-19 (WEEK9),25:03,v13.5,Edward Gaming,WIN,16,10,3,1,53k,True,True,,"Aurelion Sol, Yone, Tristana, Jax, KSante","Gnar, Lee Sin, Syndra, Aphelios, Annie",Ale,Gnar,4/0/5,258,"Teleport, Flash",,Jiejie,Lee Sin,3/0/10,125,"Smite, Flash",,FoFo,Syndra,2/1/8,211,"Flash, Teleport",,Leave,Aphelios,7/1/5,244,"Heal, Flash",,meiko,Annie,0/3/13,0,"Flash, Dot",,Funplus Phoenix,LOSS,5,1,0,0,39k,False,False,,"Jayce, Vi, LeBlanc, Kennen, Fiora","Gragas, Wukong, Akali, Zeri, Lulu",Xiaolaohu,Gragas,0/2/1,217,"Flash, Teleport",,H4cker,Wukong,1/4/3,127,"Flash, Smite",,Care,Akali,1/2/4,203,"Flash, Teleport",,Lwx,Zeri,3/4/1,204,"Flash, Boost",,Qiuqiu,Lulu,0/4/4,0,"Heal, Flash",,0,[],,,,,,,24.5%,21.5%,18%,18%,20.2%,22.1%,24.1%,25.4%,13.2%,13%,21%,584 DPM,16.8%,206 DPM,12.5%,347 DPM,17.4%,214 DPM,26.1%,724 DPM,27.6%,339 DPM,31.3%,869 DPM,31.6%,388 DPM,9.2%,256 DPM,6.7%,82 DPM,,,,,,,,,,,,,,
47797,47799,FPX vs EDG,LPL Spring 2023,2023-03-19 (WEEK9),27:32,v13.5,Funplus Phoenix,WIN,20,10,3,0,55.6k,True,True,,"Jayce, Vi, Jax, Fiora, Gnar","Gwen, Maokai, Tristana, Xayah, Blitzcrank",Xiaolaohu,Gwen,2/1/8,268,"Teleport, Haste",,H4cker,Maokai,2/0/9,122,"Flash, Smite",,Care,Tristana,3/2/8,239,"Flash, Teleport",,Lwx,Xayah,11/0/8,299,"Flash, Boost",,Qiuqiu,Blitzcrank,2/1/14,22,"Dot, Flash",,Edward Gaming,LOSS,4,2,1,1,46.4k,False,False,,"Yone, Lee Sin, Aurelion Sol, Rakan, Kennen","Akali, Wukong, Syndra, Aphelios, Annie",Ale,Akali,0/3/1,234,"Teleport, Dot",,Jiejie,Wukong,1/4/2,149,"Smite, Flash",,FoFo,Syndra,3/3/1,253,"Flash, Teleport",,Leave,Aphelios,0/5/1,252,"Heal, Flash",,meiko,Annie,0/5/3,0,"Flash, Dot",,0,[],,,,,,,20.6%,20.8%,16.3%,19.1%,19.7%,23.6%,29.1%,22.4%,14.3%,14.1%,22.9%,427 DPM,17.8%,224 DPM,14.5%,269 DPM,13.3%,167 DPM,22.9%,426 DPM,34.3%,431 DPM,32%,596 DPM,19.9%,250 DPM,7.8%,145 DPM,14.7%,185 DPM,,,,,,,,,,,,,,
47794,47794,Top Esports vs BLG,LPL Spring 2023,2023-03-18 (WEEK9),27:27,v13.5,Top Esports,LOSS,4,2,0,0,43.5k,False,False,,"Kindred, Kennen, Gragas, Lulu, Renata Glasc","Jax, Vi, Taliyah, Aphelios, Leona",Qingtian,Jax,1/3/0,221,"Flash, Teleport",,Tian,Vi,0/4/3,155,"Smite, Flash",,RooKie,Taliyah,2/5/1,221,"Teleport, Flash",,JackeyLove,Aphelios,0/4/1,261,"Flash, Boost",,Mark,Leona,1/5/2,37,"Flash, Dot",,Bilibili Gaming,WIN,21,9,4,1,58k,True,False,,"Jayce, Akali, Yone, Nautilus, Thresh","Fiora, Sejuani, Veigar, Zeri, Rakan",Bin,Fiora,7/0/3,285,"Flash, Teleport",,XUN,Sejuani,3/2/12,175,"Flash, Smite",,Yagao,Veigar,2/1/16,226,"Flash, Teleport",,Elk,Zeri,8/1/11,281,"Flash, Boost",,ON,Rakan,1/0/19,46,"Flash, Dot",,0,[],,,,,,,22.4%,23.4%,17.9%,17.4%,21.2%,18.7%,24.5%,26.2%,14%,14.3%,26.6%,427 DPM,23.1%,479 DPM,6.3%,102 DPM,14%,290 DPM,36.2%,582 DPM,19.8%,410 DPM,25%,402 DPM,35.8%,743 DPM,5.9%,95 DPM,7.4%,154 DPM,,,,,,,,,,,,,,
47794,47795,Top Esports vs BLG,LPL Spring 2023,2023-03-18 (WEEK9),34:36,v13.5,Bilibili Gaming,WIN,19,9,2,1,66.4k,False,True,,"Jayce, Akali, Sejuani, Lee Sin, Wukong","Gnar, Vi, Galio, Zeri, Rakan",Bin,Gnar,3/2/8,325,"Flash, Teleport",,XUN,Vi,3/4/8,181,"Flash, Smite",,Yagao,Galio,2/1/10,243,"Flash, Teleport",,Elk,Zeri,10/2/6,378,"Flash, Boost",,ON,Rakan,1/3/8,50,"Flash, Dot",,Top Esports,LOSS,12,2,3,1,58.7k,True,False,,"Kindred, Kennen, Jax, Veigar, Taliyah","Sylas, Viego, Gragas, Xayah, Renata Glasc",Qingtian,Sylas,4/5/5,277,"Flash, Teleport",,Tian,Viego,1/3/5,205,"Smite, Flash",,RooKie,Gragas,2/4/3,210,"Teleport, Flash",,JackeyLove,Xayah,5/3/3,352,"Flash, Haste",,Mark,Renata Glasc,0/4/9,22,"Flash, Dot",,0,[],,,,,,,23.6%,22.8%,17.6%,19.2%,19.2%,17.4%,26.8%,28.1%,12.8%,12.6%,26.2%,685 DPM,33.9%,802 DPM,8.5%,223 DPM,11.9%,281 DPM,17.4%,455 DPM,15.1%,358 DPM,40.8%,1068 DPM,34.5%,817 DPM,7.1%,187 DPM,4.7%,111 DPM,,,,,,,,,,,,,,
47791,47791,Rare Atom vs JD Gaming,LPL Spring 2023,2023-03-18 (WEEK9),23:39,v13.5,Rare Atom,LOSS,4,0,1,0,37.5k,False,False,,"Lee Sin, Vi, Zeri, Xayah, Lucian","Rumble, Sejuani, Yone, Aphelios, Nautilus",Cube,Rumble,0/2/3,211,"Flash, Dot",,Leyan,Sejuani,1/2/3,141,"Smite, Flash",,Strive,Yone,0/3/3,191,"Flash, Teleport",,Assum,Aphelios,3/0/1,217,"Boost, Flash",,Southwind,Nautilus,0/4/3,35,"Flash, Dot",,JD Gaming,WIN,11,11,2,1,48k,True,True,,"Jax, Renekton, Viego, Blitzcrank, Draven","KSante, Elise, Jayce, Jinx, Thresh",369,KSante,1/1/5,176,"Haste, Teleport",,Kanavi,Elise,0/0/9,124,"Flash, Smite",,Knight,Jayce,6/0/2,230,"Flash, Teleport",,Ruler,Jinx,3/0/4,249,"Flash, Boost",,Missing,Thresh,1/3/7,33,"Dot, Flash",,0,[],,,,,,,21.6%,18.3%,20.5%,17.9%,20%,24.2%,24.5%,25.8%,13.3%,13.7%,49.8%,678 DPM,13.2%,276 DPM,6.3%,85 DPM,16.9%,352 DPM,13.7%,187 DPM,33.9%,706 DPM,23.3%,317 DPM,31.8%,663 DPM,6.9%,95 DPM,4.2%,87 DPM,,,,,,,,,,,,,,
47791,47792,Rare Atom vs JD Gaming,LPL Spring 2023,2023-03-18 (WEEK9),38:14,v13.5,JD Gaming,WIN,23,10,4,3,76.8k,False,False,,"Jax, Renekton, Rumble, Rakan, Leona","Akali, Viego, Gragas, Aphelios, Nautilus",369,Akali,4/4/8,281,"Dot, Teleport",,Kanavi,Viego,8/4/10,275,"Flash, Smite",,Knight,Gragas,3/5/11,272,"Flash, Teleport",,Ruler,Aphelios,7/4/4,363,"Flash, Haste",,Missing,Nautilus,1/8/14,36,"Dot, Flash",,Rare Atom,LOSS,25,3,2,0,72.7k,True,True,,"Lee Sin, Zeri, Caitlyn, Lissandra, Syndra","KSante, Nidalee, LeBlanc, Xayah, Blitzcrank",Cube,KSante,2/4/9,258,"Haste, Teleport",,Leyan,Nidalee,5/4/17,250,"Smite, Flash",,Strive,LeBlanc,9/4/3,288,"Flash, Teleport",,Assum,Xayah,9/4/8,390,"Haste, Flash",,Southwind,Blitzcrank,0/7/10,38,"Flash, Dot",,0,[],,,,,,,20.2%,17.5%,22.9%,20.9%,19.8%,23.8%,24.3%,26.5%,12.9%,11.3%,19.2%,525 DPM,9.1%,271 DPM,24.2%,662 DPM,31.1%,921 DPM,19.7%,538 DPM,24.5%,727 DPM,27.9%,763 DPM,30.7%,911 DPM,8.9%,242 DPM,4.6%,136 DPM,,,,,,,,,,,,,,
47788,47788,WBG vs NIP,LPL Spring 2023,2023-03-18 (WEEK9),24:00,v13.5,Weibo Gaming,WIN,17,10,3,1,53k,True,True,,"Viego, Maokai, Varus, Sion, Jax","Renekton, Elise, Jayce, Caitlyn, Lux",TheShy,Renekton,1/2/4,198,"Flash, Teleport",,Karsa,Elise,3/1/11,131,"Smite, Flash",,xiaohu,Jayce,4/1/8,225,"Flash, Teleport",,Light,Caitlyn,6/0/8,222,"Flash, Heal",,Crisp,Lux,3/1/11,0,"Flash, Dot",,Ninjas in Pyjamas,LOSS,5,0,1,0,36.3k,False,False,,"Vi, Lee Sin, Kennen, Gnar, Tristana","KSante, Jarvan IV, Ahri, Zeri, Lulu",invincible,KSante,2/4/2,170,"Haste, Teleport",,Shad0w,Jarvan IV,0/5/2,94,"Smite, Flash",,Dream,Ahri,0/3/1,192,"Flash, Teleport",,Photic,Zeri,2/3/1,215,"Flash, Boost",,Zhuo,Lulu,1/2/2,28,"Flash, Heal",,0,[],,,,,,,17.3%,22.1%,19.4%,15.8%,22.7%,19.8%,25.1%,27.1%,15.4%,15.2%,16.5%,427 DPM,36.8%,457 DPM,16.8%,436 DPM,5.7%,70 DPM,28.9%,750 DPM,20.2%,251 DPM,23.8%,618 DPM,31.5%,391 DPM,14%,363 DPM,5.8%,73 DPM,,,,,,,,,,,,,,
47788,47789,WBG vs NIP,LPL Spring 2023,2023-03-18 (WEEK9),22:37,v13.5,Weibo Gaming,WIN,9,7,3,0,44.1k,True,True,,"Viego, Maokai, Akali, Sion, Sylas","Malphite, Sejuani, Tristana, Zeri, Lulu",TheShy,Malphite,1/0/3,192,"Flash, Teleport",,Karsa,Sejuani,0/1/5,128,"Smite, Flash",,xiaohu,Tristana,4/0/0,226,"Flash, Teleport",,Light,Zeri,4/0/3,267,"Flash, Boost",,Crisp,Lulu,0/0/8,27,"Flash, Heal",,Ninjas in Pyjamas,LOSS,1,0,0,0,32.9k,False,False,,"Vi, Elise, Lee Sin, Gnar, KSante","Kennen, Wukong, Syndra, Aphelios, Annie",invincible,Kennen,0/3/1,168,"Teleport, Flash",,Shad0w,Wukong,0/3/1,108,"Smite, Flash",,Dream,Syndra,0/1/1,193,"Flash, Teleport",,Photic,Aphelios,1/1/0,218,"Flash, Boost",,Zhuo,Annie,0/1/1,0,"Flash, Heal",,0,[],,,,,,,20.2%,20.5%,16.9%,18.1%,21.9%,21.2%,28%,26%,13%,14.1%,29%,479 DPM,38%,494 DPM,9.7%,161 DPM,12.4%,161 DPM,26.2%,432 DPM,20.2%,263 DPM,32.7%,539 DPM,17.2%,224 DPM,2.4%,40 DPM,12.2%,159 DPM,,,,,,,,,,,,,,
47785,47785,EDG vs OMG,LPL Spring 2023,2023-03-17 (WEEK9),29:02,v13.5,Edward Gaming,WIN,16,8,3,1,57k,False,True,,"Rumble, Yone, Tristana, Sejuani, Kennen","Jax, Vi, Gragas, Zeri, Lulu",Ale,Jax,6/0/4,272,"Teleport, Flash",,Jiejie,Vi,4/4/10,164,"Smite, Flash",,FoFo,Gragas,2/1/9,212,"Flash, Teleport",,Leave,Zeri,3/1/8,321,"Barrier, Flash",,meiko,Lulu,1/2/13,0,"Flash, Heal",,OMG,LOSS,8,3,1,0,47.6k,True,False,,"Lucian, Jayce, Lee Sin, Ahri, LeBlanc","Sion, Wukong, Akali, Aphelios, Nautilus",shanji,Sion,0/4/2,243,"Flash, Teleport",,AKi,Wukong,0/3/5,161,"Flash, Smite",,Creme,Akali,6/2/2,206,"Flash, Teleport",,Able,Aphelios,1/4/2,266,"Heal, Flash",,Ppgod,Nautilus,1/3/4,31,"Dot, Flash",,0,[],,,,,,,23.7%,21%,19.7%,19.2%,18.4%,23.1%,24.3%,23%,13.9%,13.6%,23.1%,726 DPM,24.3%,560 DPM,16.5%,518 DPM,15.1%,349 DPM,21.4%,673 DPM,31.2%,720 DPM,32.8%,1029 DPM,22.3%,516 DPM,6.1%,192 DPM,7.1%,164 DPM,,,,,,,,,,,,,,
47785,47786,EDG vs OMG,LPL Spring 2023,2023-03-17 (WEEK9),26:09,v13.5,OMG,WIN,23,11,4,1,59.1k,True,True,,"Jayce, Jax, Lee Sin, Gnar, Camille","Kennen, Vi, Sylas, Aphelios, Thresh",shanji,Kennen,5/3/7,234,"Flash, Teleport",,AKi,Vi,4/0/11,203,"Flash, Smite",,Creme,Sylas,12/1/5,229,"Flash, Teleport",,Able,Aphelios,2/1/8,250,"Heal, Flash",,Ppgod,Thresh,0/0/15,32,"Dot, Flash",,Edward Gaming,LOSS,5,1,0,0,41k,False,False,,"Yone, Rumble, Akali, LeBlanc, Nautilus","Vladimir, Wukong, Ahri, Zeri, Lulu",Ale,Vladimir,2/5/2,214,"Haste, Dot",,Jiejie,Wukong,1/6/3,131,"Smite, Flash",,FoFo,Ahri,0/3/2,189,"Flash, Teleport",,Leave,Zeri,2/6/0,217,"Boost, Flash",,meiko,Lulu,0/3/3,0,"Flash, Heal",,0,[],,,,,,,22.6%,22.1%,20.4%,20.1%,23.6%,18.6%,20.5%,26%,12.8%,13.2%,31.5%,783 DPM,22.5%,426 DPM,15.5%,385 DPM,16.8%,318 DPM,35.2%,876 DPM,22.5%,427 DPM,14.6%,364 DPM,30.6%,580 DPM,3.2%,80 DPM,7.7%,146 DPM,,,,,,,,,,,,,,
47785,47787,EDG vs OMG,LPL Spring 2023,2023-03-17 (WEEK9),25:07,v13.5,Edward Gaming,WIN,13,10,3,1,49.5k,False,True,,"Rumble, Yone, Kennen, Sejuani, Jarvan IV","Sion, Wukong, Viktor, Aphelios, Annie",Ale,Sion,1/2/8,213,"Teleport, Flash",,Jiejie,Wukong,6/0/7,155,"Smite, Flash",,FoFo,Viktor,4/0/8,211,"Flash, Teleport",,Leave,Aphelios,1/0/9,252,"Boost, Flash",,meiko,Annie,1/1/12,0,"Flash, Heal",,OMG,LOSS,3,1,1,0,39.8k,True,False,,"Jayce, Lee Sin, Vi, Jax, Gragas","Renekton, Maokai, Akali, Zeri, Lulu",shanji,Renekton,2/3/0,237,"Flash, Teleport",,AKi,Maokai,0/4/3,111,"Flash, Smite",,Creme,Akali,1/3/0,197,"Flash, Teleport",,Able,Zeri,0/1/0,228,"Boost, Flash",,Ppgod,Lulu,0/2/1,37,"Heal, Flash",,0,[],,,,,,,18.9%,23.7%,21.9%,17.8%,20.6%,20.5%,23.7%,24.6%,14.9%,13.5%,16.1%,439 DPM,28.9%,463 DPM,14.3%,391 DPM,10.7%,172 DPM,30.9%,845 DPM,17.2%,275 DPM,28.3%,773 DPM,39.9%,639 DPM,10.4%,284 DPM,3.3%,53 DPM,,,,,,,,,,,,,,
47782,47782,AL vs FPX,LPL Spring 2023,2023-03-17 (WEEK9),37:49,v13.5,Anyone s Legend,WIN,24,9,3,1,73.6k,False,True,,"Fiora, Lucian, Xayah, Renekton, Nautilus","Jax, Vi, Vex, Aphelios, Rakan",Zdz,Jax,5/3/8,334,"Teleport, Flash",,Xiaohao,Vi,2/3/17,198,"Smite, Flash",,Pinz,Vex,2/3/17,321,"Flash, Teleport",,Betty,Aphelios,11/0/9,387,"Flash, Boost",,SwordArt,Rakan,4/3/18,36,"Dot, Flash",,Funplus Phoenix,LOSS,12,3,3,1,63.5k,True,False,,"Lee Sin, Elise, Zeri, LeBlanc, Ahri","KSante, Sejuani, Yone, Veigar, Leona",fearness,KSante,4/5/7,262,"Teleport, Haste",,H4cker,Sejuani,2/3/8,192,"Flash, Smite",,Care,Yone,5/5/4,329,"Flash, Teleport",,Lwx,Veigar,1/3/4,368,"Flash, Teleport",,Qiuqiu,Leona,0/8/7,32,"Dot, Flash",,0,[],,,,,,,21.1%,21.7%,17.5%,19.4%,21.4%,23.4%,26.7%,22.9%,13.3%,12.6%,18.5%,518 DPM,24.9%,421 DPM,9.2%,259 DPM,16.6%,281 DPM,23.3%,653 DPM,24.9%,421 DPM,43.7%,1228 DPM,28.6%,484 DPM,5.3%,149 DPM,4.9%,84 DPM,,,,,,,,,,,,,,
47782,47783,AL vs FPX,LPL Spring 2023,2023-03-17 (WEEK9),30:27,v13.5,Funplus Phoenix,LOSS,7,6,1,1,55.3k,False,True,,"Jax, LeBlanc, Rumble, Kennen, Xayah","KSante, Elise, Tristana, Jinx, Tahm Kench",fearness,KSante,3/1/3,240,"Teleport, Haste",,H4cker,Elise,2/4/3,154,"Flash, Smite",,Care,Tristana,1/2/3,282,"Flash, Teleport",,Lwx,Jinx,1/6/2,295,"Flash, Heal",,Qiuqiu,Tahm Kench,0/3/4,40,"Dot, Flash",,Anyone s Legend,WIN,16,6,3,0,56k,True,False,,"Lucian, Lee Sin, Zeri, Caitlyn, Nautilus","Gwen, Vi, Ahri, Aphelios, Rakan",Zdz,Gwen,3/4/6,267,"Haste, Teleport",,Xiaohao,Vi,7/1/6,148,"Smite, Flash",,Pinz,Ahri,6/1/7,272,"Flash, Teleport",,Betty,Aphelios,0/0/12,327,"Flash, Boost",,SwordArt,Rakan,0/1/14,47,"Dot, Flash",,0,[],,,,,,,21.9%,21.7%,18.3%,19.4%,23.5%,23%,23%,22.8%,13.3%,13.2%,20.6%,392 DPM,34%,748 DPM,20.8%,395 DPM,12.9%,283 DPM,22.6%,429 DPM,18.4%,405 DPM,27%,513 DPM,27.5%,605 DPM,9%,172 DPM,7.2%,157 DPM,,,,,,,,,,,,,,
47779,47779,RNG vs Ultra Prime,LPL Spring 2023,2023-03-16 (WEEK9),28:20,v13.5,Royal Never Give Up,WIN,20,10,4,1,58.1k,True,True,,"Sejuani, LeBlanc, Zeri, Jax, Gwen","Sion, Maokai, Jayce, Xayah, Leona",Breathe,Sion,5/0/8,244,"Teleport, Flash",,Wei,Maokai,2/2/13,147,"Smite, Flash",,Angel,Jayce,2/1/10,259,"Flash, Teleport",,GALA,Xayah,10/3/6,282,"Flash, Heal",,Ming,Leona,1/3/13,49,"Dot, Flash",,Ultra Prime,LOSS,9,0,0,0,45.1k,False,False,,"Elise, Gragas, Annie, Rakan, Renata Glasc","KSante, Vi, Akali, Aphelios, Nautilus",Hery,KSante,2/3/4,211,"Haste, Teleport",,Ning,Vi,0/6/3,137,"Smite, Flash",,Forge,Akali,1/3/6,240,"Flash, Teleport",,Doggo,Aphelios,5/2/3,249,"Flash, Boost",,Baolan,Nautilus,1/6/4,31,"Dot, Flash",,0,[],,,,,,,22.2%,21.2%,17.9%,16.7%,20.2%,21.6%,25.6%,27.2%,14.1%,13.3%,20.4%,529 DPM,23.6%,343 DPM,19.2%,499 DPM,8.7%,127 DPM,28.7%,745 DPM,23.3%,339 DPM,27%,702 DPM,39.8%,580 DPM,4.7%,122 DPM,4.7%,68 DPM,,,,,,,,,,,,,,
47779,47780,RNG vs Ultra Prime,LPL Spring 2023,2023-03-16 (WEEK9),22:56,v13.5,Ultra Prime,LOSS,3,2,0,0,36k,False,False,,"Elise, Gragas, Jax, Kaisa, Xayah","Aatrox, Xin Zhao, Ryze, Zeri, Lulu",Hery,Aatrox,1/5/1,177,"Flash, Teleport",,Ning,Xin Zhao,0/3/3,137,"Smite, Flash",,Forge,Ryze,0/4/3,210,"Flash, Teleport",,Doggo,Zeri,1/4/1,188,"Flash, Boost",,Baolan,Lulu,1/2/2,34,"Heal, Flash",,Royal Never Give Up,WIN,18,9,3,1,48k,True,True,,"Sejuani, LeBlanc, Aphelios, Gwen, Akali","Sion, Lee Sin, Annie, Jinx, Blitzcrank",Breathe,Sion,0/2/6,142,"Teleport, Flash",,Wei,Lee Sin,5/0/10,154,"Smite, Flash",,Angel,Annie,5/0/7,180,"Flash, Teleport",,GALA,Jinx,8/0/4,233,"Flash, Heal",,Ming,Blitzcrank,0/1/7,29,"Dot, Flash",,0,[],,,,,,,21.4%,15.8%,19.9%,22.7%,23%,22.3%,21.3%,26.7%,14.4%,12.5%,31.8%,500 DPM,13.9%,354 DPM,19.7%,310 DPM,22.6%,575 DPM,20.4%,322 DPM,27.4%,696 DPM,19.8%,311 DPM,31.6%,804 DPM,8.4%,132 DPM,4.5%,115 DPM,,,,,,,,,,,,,,
47776,47776,Team WE vs LGD Gaming,LPL Spring 2023,2023-03-16 (WEEK9),41:37,v13.5,Team WE,LOSS,11,5,3,1,72.4k,True,False,,"Sejuani, Jax, KSante, Ahri, Akali","Sion, Vi, Syndra, Zeri, Lulu",Biubiu,Sion,1/1/4,323,"Flash, Teleport",,Heng,Vi,1/4/4,180,"Flash, Smite",,Shanks,Syndra,0/3/6,367,"Flash, Teleport",,Hope,Zeri,9/3/2,452,"Flash, Haste",,Iwandy,Lulu,0/4/11,47,"Heal, Flash",,LGD Gaming,WIN,15,8,4,1,76.8k,False,True,,"Lee Sin, Maokai, Cassiopeia, LeBlanc, Rumble","Gwen, Wukong, Ryze, Aphelios, Nautilus",Xiaoxu,Gwen,1/3/8,380,"Haste, Teleport",,Meteor,Wukong,4/3/6,231,"Flash, Smite",,Haichao,Ryze,4/0/9,387,"Flash, Teleport",,Lpc,Aphelios,4/3/9,406,"Flash, Heal",,jinjiao,Nautilus,2/2/10,42,"Flash, Dot",,0,[],,,,,,,19.9%,21.6%,15.8%,18.6%,22.3%,22.5%,28.8%,24.3%,13.2%,13%,15%,273 DPM,29.6%,679 DPM,7.4%,134 DPM,14.1%,323 DPM,31.8%,577 DPM,16.4%,377 DPM,40.5%,735 DPM,35.1%,804 DPM,5.3%,97 DPM,4.8%,111 DPM,,,,,,,,,,,,,,
47776,47777,Team WE vs LGD Gaming,LPL Spring 2023,2023-03-16 (WEEK9),26:58,v13.5,Team WE,WIN,17,9,4,1,51.8k,True,True,,"Sejuani, Jax, Aphelios, KSante, LeBlanc","Sion, Vi, Cassiopeia, Varus, Karma",Biubiu,Sion,4/0/8,182,"Flash, Teleport",,Heng,Vi,4/1/11,143,"Flash, Smite",,Shanks,Cassiopeia,4/2/8,272,"Flash, Teleport",,Hope,Varus,3/2/7,243,"Flash, Heal",,Iwandy,Karma,2/1/14,0,"Dot, Flash",,LGD Gaming,LOSS,6,1,0,0,42k,False,False,,"Lee Sin, Maokai, Zeri, Rumble, Nautilus","Gwen, Wukong, Ahri, Jhin, Heimerdinger",Xiaoxu,Gwen,2/4/3,233,"Haste, Teleport",,Meteor,Wukong,1/6/2,125,"Flash, Smite",,Haichao,Ahri,1/1/2,221,"Flash, Teleport",,Lpc,Jhin,1/2/3,215,"Flash, Boost",,jinjiao,Heimerdinger,1/4/1,25,"Flash, Heal",,0,[],,,,,,,19.5%,24.2%,19.1%,18.2%,23.9%,20.5%,22%,22.3%,15.5%,14.7%,23.2%,526 DPM,28.2%,567 DPM,12.8%,290 DPM,12.1%,243 DPM,24.7%,560 DPM,18.4%,371 DPM,23.4%,532 DPM,21.3%,429 DPM,16%,363 DPM,19.9%,400 DPM,,,,,,,,,,,,,,
47776,47778,Team WE vs LGD Gaming,LPL Spring 2023,2023-03-16 (WEEK9),27:31,v13.5,Team WE,WIN,21,9,4,1,56.6k,True,True,,"Sejuani, Aphelios, Jax, KSante, Ryze","Sion, Vi, Veigar, Zeri, Nautilus",Biubiu,Sion,2/0/7,220,"Flash, Teleport",,Heng,Vi,2/1/13,165,"Flash, Smite",,Shanks,Veigar,8/0/8,239,"Flash, Teleport",,Hope,Zeri,9/1/8,285,"Flash, Heal",,Iwandy,Nautilus,0/2/17,35,"Dot, Flash",,LGD Gaming,LOSS,4,2,0,0,43.2k,False,False,,"Lee Sin, Maokai, Cassiopeia, LeBlanc, Syndra","Gwen, Wukong, Ahri, Jinx, Lulu",Xiaoxu,Gwen,3/5/0,248,"Haste, Teleport",,Meteor,Wukong,1/4/2,142,"Flash, Smite",,Haichao,Ahri,0/2/2,241,"Flash, Teleport",,Lpc,Jinx,0/4/2,238,"Flash, Haste",,jinjiao,Lulu,0/6/3,33,"Flash, Heal",,0,[],,,,,,,19.6%,24.3%,18.1%,18.5%,22.9%,21%,26.7%,22.8%,12.7%,13.5%,19.5%,419 DPM,30.1%,508 DPM,12.9%,278 DPM,11.8%,199 DPM,30.8%,661 DPM,13.3%,224 DPM,26.8%,576 DPM,39.9%,672 DPM,10%,214 DPM,4.9%,83 DPM,,,,,,,,,,,,,,
47773,47773,LNG Esports vs AL,LPL Spring 2023,2023-03-15 (WEEK9),32:23,v13.5,Anyone s Legend,WIN,22,9,4,1,62.7k,True,False,,"Lulu, Jax, Elise, Fiora, Taliyah","Rumble, Wukong, Ahri, Zeri, Rakan",Zdz,Rumble,5/3/11,243,"Dot, Flash",,Xiaohao,Wukong,6/0/8,180,"Smite, Flash",,Pinz,Ahri,6/1/10,253,"Flash, Teleport",,Betty,Zeri,5/4/8,278,"Flash, Boost",,SwordArt,Rakan,0/2/19,35,"Dot, Flash",,LNG Esports,LOSS,10,1,0,0,50.7k,False,False,,"Lee Sin, Annie, Lucian, LeBlanc, Galio","KSante, Vi, Veigar, Aphelios, Thresh",Zika,KSante,1/5/4,213,"Haste, Teleport",,Tarzan,Vi,2/6/7,153,"Smite, Flash",,Scout,Veigar,5/2/4,272,"Teleport, Flash",,LP,Aphelios,2/4/1,252,"Flash, Boost",,Hang,Thresh,0/5/7,42,"Flash, Dot",,0,[],,,,,,,22.2%,19.5%,20.3%,19.9%,21.7%,23.9%,22.6%,23.1%,13.3%,13.7%,32.6%,862 DPM,14.3%,237 DPM,16.6%,441 DPM,20.9%,348 DPM,24.3%,642 DPM,28.7%,477 DPM,20.1%,534 DPM,27.8%,462 DPM,6.4%,169 DPM,8.3%,139 DPM,,,,,,,,,,,,,,
47773,47774,LNG Esports vs AL,LPL Spring 2023,2023-03-15 (WEEK9),25:10,v13.5,Anyone s Legend,LOSS,1,1,0,0,37.1k,False,True,,"Jax, Lulu, Elise, Fiora, Taliyah","Renekton, Wukong, LeBlanc, Aphelios, Renata Glasc",Zdz,Renekton,1/5/0,193,"Teleport, Flash",,Xiaohao,Wukong,0/3/1,125,"Smite, Flash",,Pinz,LeBlanc,0/1/0,202,"Flash, Teleport",,Betty,Aphelios,0/2/0,198,"Flash, Heal",,SwordArt,Renata Glasc,0/3/0,33,"Exhaust, Flash",,LNG Esports,WIN,14,9,4,0,49k,True,False,,"Lee Sin, Annie, Zeri, Rumble, Veigar","KSante, Vi, Syndra, Xayah, Rakan",Zika,KSante,4/0/7,223,"Haste, Teleport",,Tarzan,Vi,3/0/5,163,"Smite, Flash",,Scout,Syndra,4/1/10,211,"Teleport, Flash",,LP,Xayah,3/0/5,243,"Flash, Boost",,Hang,Rakan,0/0/10,36,"Flash, Dot",,0,[],,,,,,,21.5%,22.2%,19.9%,18.9%,20.9%,23.5%,24.2%,21.7%,13.4%,13.7%,33.9%,539 DPM,29.3%,635 DPM,18.7%,298 DPM,12%,260 DPM,28%,445 DPM,34%,738 DPM,14.4%,229 DPM,18.9%,410 DPM,5.1%,81 DPM,5.8%,126 DPM,,,,,,,,,,,,,,
47773,47775,LNG Esports vs AL,LPL Spring 2023,2023-03-15 (WEEK9),27:12,v13.5,LNG Esports,WIN,24,10,3,1,57.1k,True,True,,"Zeri, Rakan, Annie, Nautilus, Draven","Camille, Vi, Galio, Lucian, Nami",Zika,Camille,6/2/5,217,"Flash, Teleport",,Tarzan,Vi,2/2/13,158,"Smite, Flash",,Scout,Galio,6/0/12,231,"Teleport, Flash",,LP,Lucian,9/1/9,237,"Flash, Boost",,Hang,Nami,1/2/20,24,"Flash, Heal",,Anyone s Legend,LOSS,7,1,1,0,43.4k,False,False,,"Syndra, Jax, Lee Sin, Lissandra, Taliyah","Rumble, Wukong, Ahri, Kaisa, Ashe",Zdz,Rumble,1/6/1,234,"Dot, Flash",,Xiaohao,Wukong,1/6/2,148,"Smite, Flash",,Pinz,Ahri,3/5/3,208,"Flash, Teleport",,Betty,Kaisa,2/3/5,199,"Flash, Heal",,SwordArt,Ashe,0/4/4,0,"Barrier, Flash",,0,[],,,,,,,22%,21.9%,17.3%,19.9%,22.2%,22.4%,24.8%,22.2%,13.6%,13.6%,14.9%,398 DPM,23%,452 DPM,11.6%,310 DPM,9.6%,190 DPM,28.6%,763 DPM,21.4%,421 DPM,35.2%,942 DPM,24.3%,477 DPM,9.7%,261 DPM,21.7%,427 DPM,,,,,,,,,,,,,,
47770,47770,TT vs Top Esports,LPL Spring 2023,2023-03-15 (WEEK9),33:41,v13.5,TT,WIN,8,9,2,1,63.7k,False,True,,"LeBlanc, Lee Sin, Vi, Akali, Renata Glasc","Gwen, Elise, Tristana, Aphelios, Nautilus",Hoya,Gwen,1/3/3,293,"Haste, Teleport",,Beichuan,Elise,0/0/7,204,"Flash, Smite",,Ucal,Tristana,3/2/5,331,"Teleport, Flash",,huanfeng,Aphelios,4/0/2,355,"Boost, Flash",,yaoyao,Nautilus,0/0/7,34,"Dot, Flash",,Top Esports,LOSS,5,1,3,0,53.5k,True,False,,"Gragas, Sejuani, Jayce, Kennen, Renekton","KSante, Wukong, Annie, Zeri, Braum",Qingtian,KSante,1/2/1,239,"Flash, Teleport",,Tian,Wukong,1/1/3,181,"Smite, Flash",,RooKie,Annie,1/2/3,282,"Teleport, Flash",,JackeyLove,Zeri,2/2/2,375,"Flash, Haste",,Mark,Braum,0/1/3,42,"Flash, Heal",,0,[],,,,,,,20.4%,19.4%,18.4%,18.2%,25.1%,22.3%,23.9%,26.9%,12.2%,13.2%,38%,644 DPM,19.5%,243 DPM,13.7%,232 DPM,18.6%,232 DPM,23.9%,404 DPM,31.6%,394 DPM,21.2%,359 DPM,24.7%,307 DPM,3.2%,54 DPM,5.6%,70 DPM,,,,,,,,,,,,,,
47770,47771,TT vs Top Esports,LPL Spring 2023,2023-03-15 (WEEK9),24:47,v13.5,TT,LOSS,3,2,1,0,39k,False,False,,"LeBlanc, Lee Sin, Vi, Akali, Renekton","KSante, Elise, Tristana, Aphelios, Alistar",Hoya,KSante,1/1/0,205,"Haste, Teleport",,Beichuan,Elise,0/3/3,128,"Flash, Smite",,Ucal,Tristana,2/5/1,177,"Teleport, Flash",,huanfeng,Aphelios,0/2/0,229,"Boost, Flash",,yaoyao,Alistar,0/5/2,28,"Dot, Flash",,Top Esports,WIN,15,9,1,1,50.3k,True,False,,"Gragas, Jayce, Sejuani, Kennen, Heimerdinger","Olaf, Wukong, Annie, Zeri, Nautilus",Qingtian,Olaf,3/1/4,209,"Teleport, Haste",,Tian,Wukong,2/2/9,152,"Smite, Flash",,RooKie,Annie,3/0/12,186,"Teleport, Flash",,JackeyLove,Zeri,5/0/4,261,"Flash, Heal",,Mark,Nautilus,2/0/9,34,"Flash, Dot",,0,[],,,,,,,23.2%,19.9%,18.8%,19.6%,21.7%,21%,23.3%,25.3%,13%,14.2%,24.3%,274 DPM,26%,511 DPM,26.2%,295 DPM,14.9%,292 DPM,23.8%,268 DPM,31%,609 DPM,21%,236 DPM,20.9%,411 DPM,4.7%,53 DPM,7.1%,139 DPM,,,,,,,,,,,,,,
47770,47772,TT vs Top Esports,LPL Spring 2023,2023-03-15 (WEEK9),37:07,v13.5,TT,WIN,21,10,4,2,72.6k,True,False,,"LeBlanc, Lee Sin, Annie, Lulu, Renata Glasc","Kennen, Vi, Akali, Aphelios, Leona",Hoya,Kennen,2/1/11,267,"Flash, Teleport",,Beichuan,Vi,2/1/10,228,"Flash, Smite",,Ucal,Akali,4/1/12,316,"Teleport, Flash",,huanfeng,Aphelios,13/0/6,353,"Heal, Flash",,yaoyao,Leona,0/2/17,41,"Dot, Flash",,Top Esports,LOSS,5,2,1,0,59.1k,False,True,,"Gragas, Jayce, Sejuani, Taliyah, Ahri","KSante, Wukong, Aurelion Sol, Zeri, Nautilus",Qingtian,KSante,1/4/3,251,"Teleport, Haste",,Tian,Wukong,1/5/3,177,"Smite, Flash",,RooKie,Aurelion Sol,2/1/3,375,"Teleport, Flash",,JackeyLove,Zeri,1/5/4,367,"Flash, Boost",,Mark,Nautilus,0/6/5,47,"Flash, Exhaust",,0,[],,,,,,,19.6%,19.7%,18.1%,17%,22.1%,25.1%,27%,25.1%,13.2%,13.2%,28.1%,620 DPM,14.5%,223 DPM,10.3%,227 DPM,13.6%,209 DPM,23.4%,517 DPM,44.5%,683 DPM,33.3%,734 DPM,20.8%,320 DPM,4.8%,107 DPM,6.5%,100 DPM,,,,,,,,,,,,,,
47767,47767,NIP vs IG,LPL Spring 2023,2023-03-14 (WEEK9),34:52,v13.4,Ninjas in Pyjamas,LOSS,11,2,0,1,56.4k,False,False,,"Jax, Fiora, Lucian, Poppy, Camille","Renekton, Jarvan IV, Akali, Aphelios, Thresh",invincible,Renekton,3/0/4,293,"Teleport, Flash",,Shad0w,Jarvan IV,0/4/10,155,"Smite, Flash",,Dream,Akali,5/3/2,254,"Flash, Teleport",,Photic,Aphelios,3/4/4,317,"Flash, Heal",,Zhuo,Thresh,0/3/8,46,"Flash, Dot",,Invictus Gaming,WIN,14,7,4,1,63.3k,True,False,,"Zeri, Lulu, Sejuani, Sion, Gwen","KSante, Lee Sin, Syndra, Xayah, Blitzcrank",YSKM,KSante,1/2/5,241,"Flash, Teleport",,GIDEON,Lee Sin,1/1/8,183,"Smite, Flash",,Dove,Syndra,2/2/5,261,"Teleport, Flash",,Ahn,Xayah,8/2/5,347,"Boost, Flash",,Wink,Blitzcrank,2/4/6,41,"Dot, Flash",,0,[],,,,,,,23.5%,18.5%,17.2%,17%,21.8%,20.3%,24.4%,29.8%,13.2%,14.4%,21.4%,347 DPM,13.4%,324 DPM,11.1%,180 DPM,13.1%,317 DPM,27.9%,452 DPM,28.4%,689 DPM,33.8%,547 DPM,34.5%,835 DPM,5.7%,93 DPM,10.6%,258 DPM,,,,,,,,,,,,,,
47767,47768,NIP vs IG,LPL Spring 2023,2023-03-14 (WEEK9),29:28,v13.4,Invictus Gaming,LOSS,5,3,2,0,48.4k,True,False,,"Zeri, Aphelios, Sejuani, Sion, Renekton","Fiora, Gragas, Jayce, Ziggs, Leona",YSKM,Fiora,0/3/0,247,"Flash, Teleport",,GIDEON,Gragas,3/3/0,168,"Smite, Flash",,Dove,Jayce,1/3/2,262,"Teleport, Flash",,Ahn,Ziggs,1/5/2,241,"Teleport, Flash",,Wink,Leona,0/6/3,31,"Dot, Flash",,Ninjas in Pyjamas,WIN,20,11,2,2,59.7k,False,False,,"Jax, Lucian, Xayah, Nautilus, Blitzcrank","Kennen, Viego, Ahri, Varus, Annie",invincible,Kennen,4/2/6,300,"Teleport, Flash",,Shad0w,Viego,8/2/10,147,"Smite, Flash",,Dream,Ahri,3/0/9,232,"Flash, Teleport",,Photic,Varus,2/0/7,245,"Flash, Boost",,Zhuo,Annie,3/1/10,0,"Flash, Dot",,0,[],,,,,,,22.2%,23%,20.3%,20.7%,23.6%,20%,21.3%,21.1%,12.7%,15.2%,8.5%,126 DPM,31.8%,723 DPM,19.8%,295 DPM,15.9%,363 DPM,34.9%,519 DPM,16.4%,373 DPM,31.2%,463 DPM,26.1%,595 DPM,5.5%,82 DPM,9.8%,223 DPM,,,,,,,,,,,,,,
47767,47769,NIP vs IG,LPL Spring 2023,2023-03-14 (WEEK9),27:40,v13.4,Ninjas in Pyjamas,WIN,21,9,4,1,55.7k,False,True,,"Jax, Lucian, Rakan, Nautilus, Blitzcrank","Renekton, Maokai, Akali, Aphelios, Thresh",invincible,Renekton,4/0/5,267,"Teleport, Flash",,Shad0w,Maokai,4/2/11,137,"Smite, Flash",,Dream,Akali,4/2/5,231,"Flash, Teleport",,Photic,Aphelios,8/2/7,268,"Flash, Haste",,Zhuo,Thresh,1/1/14,44,"Flash, Dot",,Invictus Gaming,LOSS,7,2,0,0,45.1k,True,False,,"Zeri, Sejuani, Jarvan IV, Lulu, Annie","KSante, Vi, Syndra, Xayah, Renata Glasc",YSKM,KSante,1/5/1,185,"Flash, Teleport",,GIDEON,Vi,0/5/5,145,"Smite, Flash",,Dove,Syndra,1/6/2,204,"Teleport, Flash",,Ahn,Xayah,3/2/3,272,"Boost, Flash",,Wink,Renata Glasc,2/3/5,35,"Exhaust, Flash",,0,[],,,,,,,22.4%,18.5%,17.8%,17.2%,20.7%,19.8%,25.7%,27%,13.4%,17.5%,25%,570 DPM,20.4%,400 DPM,12.8%,292 DPM,12.6%,248 DPM,18.2%,416 DPM,22%,432 DPM,39%,889 DPM,35.8%,702 DPM,5%,114 DPM,9.2%,180 DPM,,,,,,,,,,,,,,
47764,47764,Rare Atom vs Ultra Prime,LPL Spring 2023,2023-03-14 (WEEK9),29:00,v13.4,Rare Atom,WIN,30,10,4,2,63.7k,False,False,,"Sejuani, Lee Sin, Zeri, Lulu, Renata Glasc","Jax, Viego, Gragas, Xayah, Rakan",Cube,Jax,8/2/11,244,"Flash, Teleport",,Leyan,Viego,6/5/10,186,"Smite, Flash",,Strive,Gragas,4/0/17,240,"Flash, Teleport",,Assum,Xayah,11/3/13,281,"Boost, Flash",,Southwind,Rakan,1/3/28,40,"Flash, Exhaust",,Ultra Prime,LOSS,13,1,0,0,50.3k,True,True,,"Renekton, Jayce, Maokai, Draven, Lucian","Kennen, Wukong, Annie, Aphelios, Nautilus",Hery,Kennen,5/7/0,233,"Flash, Teleport",,Ning,Wukong,2/4/9,149,"Smite, Flash",,Forge,Annie,0/6/9,188,"Flash, Teleport",,Doggo,Aphelios,5/5/3,285,"Flash, Boost",,Baolan,Nautilus,1/8/8,40,"Dot, Flash",,0,[],,,,,,,22.2%,24.4%,20%,18.3%,18.7%,18.1%,25%,25.6%,14.2%,13.6%,25.1%,727 DPM,31.8%,842 DPM,13.2%,383 DPM,10.7%,283 DPM,19.7%,571 DPM,23.7%,628 DPM,35.8%,1038 DPM,26%,689 DPM,6.2%,180 DPM,7.9%,210 DPM,,,,,,,,,,,,,,
47764,47765,Rare Atom vs Ultra Prime,LPL Spring 2023,2023-03-14 (WEEK9),28:42,v13.4,Ultra Prime,LOSS,10,4,1,0,49.4k,False,False,,"Renekton, Jax, Yone, Rakan, Gwen","Gnar, Maokai, Jayce, Aphelios, Thresh",Hery,Gnar,3/4/4,239,"Flash, Teleport",,Ning,Maokai,1/4/7,132,"Smite, Flash",,Forge,Jayce,2/3/3,238,"Flash, Teleport",,Doggo,Aphelios,4/3/4,247,"Flash, Heal",,Baolan,Thresh,0/8/7,40,"Dot, Flash",,Rare Atom,WIN,22,9,4,2,61.8k,True,True,,"Sejuani, Lee Sin, Zeri, Lulu, Renata Glasc","KSante, Viego, Gragas, Xayah, Blitzcrank",Cube,KSante,4/2/10,236,"Haste, Teleport",,Leyan,Viego,6/2/13,198,"Smite, Flash",,Strive,Gragas,2/2/12,283,"Flash, Teleport",,Assum,Xayah,9/1/8,306,"Boost, Flash",,Southwind,Blitzcrank,1/3/14,33,"Flash, Dot",,0,[],,,,,,,23.4%,19.1%,17.4%,20.9%,21.9%,20.4%,23.6%,26.6%,13.7%,13%,20.8%,496 DPM,16.6%,391 DPM,21.4%,510 DPM,20%,470 DPM,25.3%,605 DPM,25.4%,598 DPM,26.9%,643 DPM,29.2%,687 DPM,5.6%,133 DPM,8.9%,209 DPM,,,,,,,,,,,,,,
47761,47761,BLG vs TT,LPL Spring 2023,2023-03-13 (WEEK9),29:42,v13.4,Bilibili Gaming,WIN,18,9,4,2,59.4k,True,True,,"KSante, Gragas, Sejuani, Ahri, Sion","Gnar, Kindred, Galio, Aphelios, Leona",Bin,Gnar,1/1/8,238,"Flash, Teleport",,XUN,Kindred,4/0/6,249,"Flash, Smite",,Yagao,Galio,4/3/5,223,"Flash, Teleport",,Elk,Aphelios,8/0/7,278,"Flash, Boost",,ON,Leona,1/3/12,44,"Flash, Dot",,TT,LOSS,7,2,1,0,45.6k,False,False,,"Jax, Annie, Zeri, Nautilus, Blitzcrank","Jayce, Vi, Cassiopeia, Varus, Ashe",Hoya,Jayce,1/2/3,253,"Flash, Teleport",,Beichuan,Vi,0/7/6,139,"Flash, Smite",,Ucal,Cassiopeia,1/2/1,259,"Teleport, Flash",,huanfeng,Varus,5/2/0,240,"Boost, Flash",,yaoyao,Ashe,0/5/5,21,"Heal, Flash",,0,[],,,,,,,19.4%,23.4%,20.5%,17.4%,19.2%,21.5%,26%,24%,14.8%,13.7%,27.8%,622 DPM,33%,754 DPM,19.1%,429 DPM,10.8%,247 DPM,15.8%,353 DPM,11.4%,261 DPM,31.2%,700 DPM,34.2%,782 DPM,6.1%,137 DPM,10.6%,243 DPM,,,,,,,,,,,,,,
47761,47762,BLG vs TT,LPL Spring 2023,2023-03-13 (WEEK9),22:59,v13.4,TT,LOSS,3,1,0,0,34.8k,False,False,,"Jax, Kindred, Galio, Ahri, Taliyah","Renekton, Lee Sin, Annie, Zeri, Lulu",Hoya,Renekton,0/3/2,187,"Flash, Teleport",,Beichuan,Lee Sin,0/4/1,131,"Flash, Smite",,Ucal,Annie,3/2/0,179,"Teleport, Flash",,huanfeng,Zeri,0/2/1,200,"Boost, Flash",,yaoyao,Lulu,0/1/1,38,"Heal, Flash",,Bilibili Gaming,WIN,12,10,3,1,47.7k,True,True,,"KSante, Sejuani, Gragas, Wukong, Sion","Gnar, Vi, Veigar, Aphelios, Thresh",Bin,Gnar,2/2/1,218,"Flash, Teleport",,XUN,Vi,2/0/4,116,"Flash, Smite",,Yagao,Veigar,2/1/4,206,"Flash, Teleport",,Elk,Aphelios,6/0/4,239,"Flash, Boost",,ON,Thresh,0/0/7,37,"Flash, Dot",,0,[],,,,,,,22%,21%,17.5%,17.4%,24.2%,19%,22.7%,28.8%,13.7%,13.8%,13.7%,177 DPM,30.5%,700 DPM,13.3%,172 DPM,10.5%,240 DPM,36%,465 DPM,15.3%,350 DPM,29.7%,384 DPM,35.7%,818 DPM,7.3%,94 DPM,8%,184 DPM,,,,,,,,,,,,,,
47758,47758,WBG vs OMG,LPL Spring 2023,2023-03-13 (WEEK9),34:58,v13.4,Weibo Gaming,WIN,24,9,3,1,70.6k,False,True,,"Akali, Yone, Sylas, Nautilus, Aphelios","Gnar, Vi, Ahri, Zeri, Lulu",TheShy,Gnar,2/2/12,313,"Flash, Teleport",,Karsa,Vi,4/2/12,157,"Smite, Flash",,xiaohu,Ahri,1/1/13,285,"Flash, Teleport",,Light,Zeri,16/1/5,403,"Flash, Boost",,Crisp,Lulu,1/2/20,0,"Flash, Heal",,OMG,LOSS,8,2,2,1,59.6k,True,False,,"Lee Sin, Syndra, Jayce, Sion, LeBlanc","KSante, Gragas, Tristana, Varus, Renata Glasc",shanji,KSante,1/4/3,261,"Haste, Teleport",,AKi,Gragas,2/5/6,192,"Flash, Smite",,Creme,Tristana,2/5/2,336,"Flash, Teleport",,Able,Varus,2/7/5,294,"Heal, Flash",,Ppgod,Renata Glasc,1/3/5,0,"Dot, Flash",,0,[],,,,,,,22.2%,20%,16.1%,19.9%,19.3%,24.1%,29.4%,23.1%,13%,12.9%,27%,698 DPM,13.2%,268 DPM,12.9%,332 DPM,22.5%,458 DPM,16%,414 DPM,26.5%,539 DPM,40.5%,1045 DPM,32.1%,653 DPM,3.7%,94 DPM,5.8%,118 DPM,,,,,,,,,,,,,,
47758,47759,WBG vs OMG,LPL Spring 2023,2023-03-13 (WEEK9),31:05,v13.4,Weibo Gaming,WIN,20,10,4,2,63.5k,False,False,,"Akali, Yone, Sylas, Darius, Ahri","KSante, Vi, Taliyah, Zeri, Renata Glasc",TheShy,KSante,5/2/6,258,"Haste, Teleport",,Karsa,Vi,2/0/13,164,"Smite, Flash",,xiaohu,Taliyah,6/1/8,297,"Flash, Teleport",,Light,Zeri,6/0/7,334,"Flash, Haste",,Crisp,Renata Glasc,1/1/16,30,"Flash, Heal",,OMG,LOSS,4,1,1,0,48k,True,True,,"Lee Sin, Syndra, Jayce, Lissandra, Gnar","Sion, Wukong, Viktor, Aphelios, Lulu",shanji,Sion,1/3/1,240,"Flash, Teleport",,AKi,Wukong,0/5/2,156,"Flash, Smite",,Creme,Viktor,1/6/2,233,"Flash, Teleport",,Able,Aphelios,2/4/0,327,"Haste, Flash",,Ppgod,Lulu,0/2/3,0,"Heal, Flash",,0,[],,,,,,,20.8%,20.7%,17.4%,16.3%,23.3%,21.3%,24.6%,28.4%,13.9%,13.3%,33.5%,897 DPM,25.8%,452 DPM,9.7%,259 DPM,10.2%,178 DPM,23%,616 DPM,35.7%,624 DPM,28%,748 DPM,24.3%,425 DPM,5.8%,154 DPM,4.1%,72 DPM,,,,,,,,,,,,,,
47204,47204,LNG Esports vs JD Gaming,LPL Spring 2023,2023-03-12 (WEEK8),35:26,v13.4,LNG Esports,WIN,22,8,4,0,67.4k,True,True,,"Caitlyn, Gragas, Renekton, Taliyah, Sion","Jax, Lee Sin, Lissandra, Draven, Nautilus",Zika,Jax,7/1/4,285,"Flash, Teleport",,Tarzan,Lee Sin,5/3/10,169,"Smite, Flash",,Scout,Lissandra,2/2/10,313,"Teleport, Flash",,LP,Draven,8/0/7,314,"Flash, Heal",,Hang,Nautilus,0/2/15,38,"Flash, Dot",,JD Gaming,LOSS,8,3,1,0,54.5k,False,False,,"Ryze, Annie, Sejuani, Fiora, Azir","KSante, Vi, Ahri, Lucian, Nami",369,KSante,2/5/2,269,"Flash, Teleport",,Kanavi,Vi,3/5/3,180,"Flash, Smite",,Knight,Ahri,0/4/7,281,"Flash, Teleport",,Ruler,Lucian,3/2/2,330,"Flash, Boost",,Missing,Nami,0/6/6,0,"Heal, Flash",,0,[],,,,,,,21.7%,21.6%,17.6%,18.8%,20.9%,21.3%,27.4%,25.8%,12.4%,12.5%,26%,596 DPM,26.9%,505 DPM,11.2%,257 DPM,15.6%,294 DPM,21.9%,501 DPM,25.6%,481 DPM,32.5%,744 DPM,26.1%,490 DPM,8.4%,193 DPM,5.8%,109 DPM,,,,,,,,,,,,,,
47204,47205,LNG Esports vs JD Gaming,LPL Spring 2023,2023-03-12 (WEEK8),34:03,v13.4,JD Gaming,WIN,18,8,2,0,64.4k,False,True,,"Jax, Jayce, Annie, Nautilus, Fiora","Ornn, Lee Sin, Syndra, Zeri, Lulu",369,Ornn,2/5/10,254,"Flash, Teleport",,Kanavi,Lee Sin,2/2/13,195,"Flash, Smite",,Knight,Syndra,4/5/9,282,"Flash, Teleport",,Ruler,Zeri,8/2/6,382,"Flash, Boost",,Missing,Lulu,2/1/14,0,"Heal, Flash",,LNG Esports,LOSS,15,4,3,1,60.3k,True,False,,"Caitlyn, Lucian, Sion, LeBlanc, Ahri","Renekton, Wukong, Gragas, Aphelios, Thresh",Zika,Renekton,5/4/4,283,"Flash, Teleport",,Tarzan,Wukong,2/4/10,151,"Smite, Flash",,Scout,Gragas,0/4/9,253,"Teleport, Flash",,LP,Aphelios,6/3/3,336,"Flash, Heal",,Hang,Thresh,2/3/12,35,"Flash, Dot",,0,[],,,,,,,18.9%,23.7%,17.1%,17.1%,22.6%,19.3%,28.1%,26.2%,13.3%,13.8%,18.4%,568 DPM,25%,498 DPM,13.8%,425 DPM,14.8%,294 DPM,28.3%,871 DPM,21.6%,430 DPM,35.6%,1098 DPM,27.7%,551 DPM,3.9%,121 DPM,10.8%,216 DPM,,,,,,,,,,,,,,
47204,47206,LNG Esports vs JD Gaming,LPL Spring 2023,2023-03-12 (WEEK8),33:00,v13.4,LNG Esports,LOSS,8,3,2,0,53k,False,False,,"Caitlyn, Gragas, Zeri, Sion, Ornn","Jayce, Sejuani, Azir, Xayah, Rakan",Zika,Jayce,1/3/3,263,"Flash, Teleport",,Tarzan,Sejuani,0/3/7,168,"Smite, Flash",,Scout,Azir,0/5/5,253,"Teleport, Flash",,LP,Xayah,5/3/3,342,"Flash, Boost",,Hang,Rakan,2/2/6,45,"Flash, Dot",,JD Gaming,WIN,16,10,3,1,63.7k,True,True,,"Jax, Annie, Lee Sin, Maokai, Elise","KSante, Vi, Ahri, Aphelios, Renata Glasc",369,KSante,1/1/7,251,"Haste, Teleport",,Kanavi,Vi,6/3/7,199,"Flash, Smite",,Knight,Ahri,3/2/7,269,"Flash, Teleport",,Ruler,Aphelios,6/0/6,337,"Flash, Haste",,Missing,Renata Glasc,0/2/12,0,"Dot, Flash",,0,[],,,,,,,20.9%,20%,16.9%,21.8%,20.1%,20%,27.5%,26.2%,14.6%,11.9%,23.1%,440 DPM,18.4%,371 DPM,12.5%,238 DPM,21.8%,441 DPM,21%,401 DPM,16.8%,339 DPM,35.4%,676 DPM,35.9%,726 DPM,8%,153 DPM,7.1%,144 DPM,,,,,,,,,,,,,,
47201,47201,FPX vs Rare Atom,LPL Spring 2023,2023-03-12 (WEEK8),29:54,v13.4,Funplus Phoenix,WIN,18,8,4,0,56.5k,True,False,,"Jax, Jayce, Renekton, LeBlanc, Viego","KSante, Maokai, Yone, Veigar, Nautilus",fearness,KSante,0/1/8,263,"Teleport, Haste",,H4cker,Maokai,1/0/13,164,"Flash, Smite",,Care,Yone,6/1/11,281,"Flash, Teleport",,Lwx,Veigar,9/0/6,292,"Flash, Teleport",,Qiuqiu,Nautilus,2/0/11,31,"Dot, Flash",,Rare Atom,LOSS,2,0,0,1,46.8k,False,False,,"Fiora, Elise, Zeri, Lucian, Xayah","Sejuani, Wukong, Annie, Aphelios, Morgana",Cube,Sejuani,0/5/2,233,"Dot, Teleport",,Leyan,Wukong,1/3/1,182,"Smite, Flash",,Strive,Annie,0/3/2,231,"Flash, Teleport",,Assum,Aphelios,1/4/1,291,"Boost, Flash",,bkr,Morgana,0/3/2,0,"Dot, Flash",,0,[],,,,,,,18.7%,20.6%,17.7%,19.7%,25.7%,20.9%,25.3%,25.5%,12.7%,13.3%,13.5%,324 DPM,22.7%,378 DPM,17.9%,430 DPM,12.2%,203 DPM,31.9%,766 DPM,24.5%,407 DPM,31.9%,766 DPM,29.5%,491 DPM,4.7%,112 DPM,11.1%,184 DPM,,,,,,,,,,,,,,
47201,47202,FPX vs Rare Atom,LPL Spring 2023,2023-03-12 (WEEK8),38:28,v13.4,Rare Atom,LOSS,6,5,3,0,62.8k,False,False,,"Fiora, Yone, Lee Sin, Akali, Lulu","Gnar, Vi, Syndra, Aphelios, Nautilus",Cube,Gnar,1/2/1,343,"Flash, Teleport",,Leyan,Vi,1/6/4,187,"Smite, Flash",,Strive,Syndra,3/4/2,298,"Flash, Teleport",,Assum,Aphelios,1/4/1,383,"Boost, Flash",,bkr,Nautilus,0/6/3,35,"Dot, Flash",,Funplus Phoenix,WIN,22,10,3,2,74.4k,True,False,,"Jax, Jayce, Renekton, Gwen, Ashe","KSante, Wukong, Annie, Zeri, Renata Glasc",fearness,KSante,5/1/8,340,"Teleport, Haste",,H4cker,Wukong,4/1/9,199,"Flash, Smite",,Care,Annie,6/2/13,247,"Flash, Teleport",,Lwx,Zeri,6/1/13,410,"Flash, Haste",,Qiuqiu,Renata Glasc,1/1/18,35,"Heal, Flash",,0,[],,,,,,,25%,21.8%,17.3%,17.9%,20.6%,20.9%,25%,26%,12.2%,13.4%,24.3%,426 DPM,13.6%,233 DPM,4.2%,73 DPM,16.9%,290 DPM,24.8%,436 DPM,29.6%,509 DPM,42.2%,741 DPM,34.7%,596 DPM,4.4%,78 DPM,5.1%,88 DPM,,,,,,,,,,,,,,
47198,47198,AL vs EDG,LPL Spring 2023,2023-03-12 (WEEK8),35:55,v13.4,Anyone s Legend,LOSS,11,3,2,1,60.7k,True,False,,"Caitlyn, Elise, Maokai, Vi, Jarvan IV","Jax, Gragas, Jayce, Aphelios, Annie",Zdz,Jax,1/4/3,259,"Teleport, Flash",,Xiaohao,Gragas,0/3/5,180,"Smite, Flash",,Pinz,Jayce,4/3/3,296,"Flash, Teleport",,Betty,Aphelios,5/2/0,389,"Flash, Boost",,SwordArt,Annie,1/2/6,0,"Dot, Flash",,Edward Gaming,WIN,14,10,3,1,69.8k,False,True,,"Ashe, Lee Sin, Varus, Sejuani, Ryze","Kennen, Wukong, Syndra, Zeri, Lulu",Ale,Kennen,6/4/4,333,"Teleport, Flash",,Jiejie,Wukong,3/0/6,206,"Smite, Flash",,FoFo,Syndra,2/3/5,301,"Flash, Teleport",,Leave,Zeri,2/1/5,412,"Boost, Flash",,meiko,Lulu,1/3/9,0,"Flash, Heal",,0,[],,,,,,,19.6%,24.2%,15.9%,19.1%,22.8%,20%,28.4%,23.9%,13.3%,12.8%,20%,332 DPM,37.7%,871 DPM,15.6%,259 DPM,15.8%,365 DPM,28.5%,473 DPM,21.1%,487 DPM,23.1%,383 DPM,22.9%,528 DPM,12.8%,212 DPM,2.6%,59 DPM,,,,,,,,,,,,,,
47198,47199,AL vs EDG,LPL Spring 2023,2023-03-12 (WEEK8),26:28,v13.4,Edward Gaming,WIN,18,8,3,1,52.5k,True,True,,"Ashe, Jax, Jayce, Ryze, LeBlanc","Fiora, Vi, Ahri, Zeri, Lulu",Ale,Fiora,2/0/4,259,"Teleport, Haste",,Jiejie,Vi,6/0/11,134,"Smite, Flash",,FoFo,Ahri,4/1/13,194,"Flash, Teleport",,Leave,Zeri,6/1/9,284,"Boost, Flash",,meiko,Lulu,0/2/15,0,"Flash, Heal",,Anyone s Legend,LOSS,4,3,1,0,40.5k,False,False,,"Caitlyn, Maokai, Lee Sin, Renekton, Syndra","KSante, Viego, Veigar, Aphelios, Thresh",Zdz,KSante,0/5/0,176,"Haste, Teleport",,Xiaohao,Viego,0/3/2,126,"Smite, Flash",,Pinz,Veigar,2/2/1,211,"Flash, Teleport",,Betty,Aphelios,2/4/1,226,"Flash, Boost",,SwordArt,Thresh,0/4/3,27,"Dot, Flash",,0,[],,,,,,,23%,19%,18.5%,18.5%,19.5%,23.7%,25.5%,25.3%,13.5%,13.4%,18.3%,496 DPM,17.4%,278 DPM,16.9%,457 DPM,13.7%,220 DPM,24.2%,654 DPM,30.2%,483 DPM,36.6%,992 DPM,33.4%,534 DPM,4%,109 DPM,5.2%,83 DPM,,,,,,,,,,,,,,
47195,47195,WBG vs RNG,LPL Spring 2023,2023-03-11 (WEEK8),39:31,v13.4,Weibo Gaming,LOSS,6,3,0,1,61k,False,True,,"Jax, Ashe, Wukong, Aphelios, Sion","Jayce, Poppy, Ryze, Zeri, Lulu",TheShy,Jayce,3/4/1,296,"Flash, Teleport",,Karsa,Poppy,0/4/3,158,"Smite, Flash",,xiaohu,Ryze,1/4/4,241,"Flash, Teleport",,Light,Zeri,1/3/4,381,"Flash, Boost",,Crisp,Lulu,1/3/5,40,"Flash, Heal",,Royal Never Give Up,WIN,18,8,4,1,72.9k,True,False,,"Elise, Sejuani, Lee Sin, Vi, Maokai","Gragas, Viego, Annie, Kaisa, Nautilus",Breathe,Gragas,0/2/10,292,"Teleport, Flash",,Wei,Viego,5/1/5,229,"Smite, Flash",,Angel,Annie,2/1/13,246,"Flash, Teleport",,GALA,Kaisa,10/1/5,410,"Flash, Haste",,Ming,Nautilus,1/1/5,39,"Dot, Flash",,0,[],,,,,,,24.1%,19.2%,16.3%,19.7%,18.9%,19.6%,26.8%,28.5%,14%,13.1%,43.3%,830 DPM,16.9%,346 DPM,6.3%,121 DPM,12.3%,250 DPM,15.4%,294 DPM,20.6%,420 DPM,32.7%,626 DPM,45.3%,925 DPM,2.3%,43 DPM,4.9%,100 DPM,,,,,,,,,,,,,,
47195,47196,WBG vs RNG,LPL Spring 2023,2023-03-11 (WEEK8),35:10,v13.4,Royal Never Give Up,LOSS,9,2,2,0,60k,True,True,,"Sejuani, Lee Sin, Jayce, Zeri, Aphelios","Renekton, Elise, Azir, Varus, Heimerdinger",Breathe,Renekton,0/4/5,304,"Teleport, Flash",,Wei,Elise,2/4/3,168,"Smite, Flash",,Angel,Azir,3/3/4,322,"Flash, Teleport",,GALA,Varus,3/3/4,324,"Flash, Heal",,Ming,Heimerdinger,1/6/5,0,"Dot, Flash",,Weibo Gaming,WIN,20,11,3,3,71.9k,False,False,,"Annie, Wukong, Gragas, Jax, Ashe","KSante, Vi, Syndra, Xayah, Rakan",TheShy,KSante,3/1/7,312,"Flash, Teleport",,Karsa,Vi,3/3/11,177,"Smite, Flash",,xiaohu,Syndra,9/2/10,306,"Flash, Teleport",,Light,Xayah,4/2/9,393,"Flash, Boost",,Crisp,Rakan,1/1/16,47,"Flash, Heal",,0,[],,,,,,,20.4%,21.8%,18.5%,16.4%,23.6%,23.1%,23.7%,25.3%,13.9%,13.3%,20.2%,383 DPM,22.7%,456 DPM,16.1%,306 DPM,10.6%,212 DPM,18.8%,355 DPM,38.2%,764 DPM,32%,606 DPM,22.1%,443 DPM,12.9%,244 DPM,6.4%,128 DPM,,,,,,,,,,,,,,
47195,47197,WBG vs RNG,LPL Spring 2023,2023-03-11 (WEEK8),28:27,v13.4,Weibo Gaming,LOSS,5,2,0,0,45.7k,True,False,,"Jax, Wukong, Annie, Lulu, Nautilus","KSante, Viego, Gragas, Xayah, Rakan",TheShy,KSante,1/3/1,265,"Haste, Teleport",,Karsa,Viego,3/3/0,180,"Smite, Flash",,xiaohu,Gragas,0/5/3,198,"Flash, Teleport",,Light,Xayah,1/5/0,234,"Flash, Boost",,Crisp,Rakan,0/5/2,35,"Flash, Heal",,Royal Never Give Up,WIN,21,11,4,1,59.7k,False,True,,"Elise, Sejuani, Lee Sin, Syndra, Gwen","Sion, Maokai, Jayce, Aphelios, Ashe",Breathe,Sion,3/1/8,247,"Teleport, Flash",,Wei,Maokai,5/1/10,136,"Smite, Flash",,Angel,Jayce,6/2/10,240,"Flash, Teleport",,GALA,Aphelios,5/1/8,284,"Flash, Haste",,Ming,Ashe,2/0/17,34,"Heal, Flash",,0,[],,,,,,,23.8%,20.5%,23.2%,19.1%,19.3%,21.3%,21.2%,22.8%,12.5%,16.3%,31.4%,477 DPM,19.7%,635 DPM,14.9%,226 DPM,22.8%,733 DPM,28.6%,434 DPM,24.7%,796 DPM,20.2%,307 DPM,17.6%,567 DPM,4.9%,75 DPM,15.1%,485 DPM,,,,,,,,,,,,,,
47192,47192,LGD Gaming vs Top Esports,LPL Spring 2023,2023-03-11 (WEEK8),37:12,v13.4,Top Esports,LOSS,7,6,2,0,64.3k,True,False,,"KSante, Jax, Varus, Sion, Tristana","Renekton, Sejuani, Ryze, Lucian, Nami",Qingtian,Renekton,1/4/2,333,"Flash, Teleport",,Tian,Sejuani,1/8/5,185,"Smite, Flash",,RooKie,Ryze,0/4/4,325,"Teleport, Flash",,JackeyLove,Lucian,4/3/0,399,"Flash, Boost",,Mark,Nami,1/2/4,0,"Flash, Heal",,LGD Gaming,WIN,21,9,3,2,71.1k,False,False,,"Jayce, Lee Sin, Ashe, Sylas, Akali","Gragas, Maokai, Yone, Aphelios, Nautilus",Xiaoxu,Gragas,0/2/11,240,"Flash, Teleport",,Meteor,Maokai,3/1/16,213,"Flash, Smite",,Haichao,Yone,6/2/12,329,"Flash, Teleport",,Lpc,Aphelios,9/0/6,363,"Flash, Boost",,jinjiao,Nautilus,3/2/11,50,"Flash, Dot",,0,[],,,,,,,22.6%,16.9%,16.8%,18.6%,21.7%,23.8%,26.8%,26%,12.1%,14.7%,27.9%,621 DPM,18.2%,589 DPM,12.2%,272 DPM,23.6%,762 DPM,27.3%,606 DPM,22.9%,742 DPM,26.6%,592 DPM,29.4%,952 DPM,5.9%,130 DPM,5.9%,191 DPM,,,,,,,,,,,,,,
47192,47193,LGD Gaming vs Top Esports,LPL Spring 2023,2023-03-11 (WEEK8),45:42,v13.4,Top Esports,LOSS,17,7,3,1,81.6k,False,False,,"KSante, Jax, Aphelios, Sion, Renata Glasc","Renekton, Sejuani, Yone, Varus, Heimerdinger",Qingtian,Renekton,5/4/7,345,"Flash, Teleport",,Tian,Sejuani,4/3/8,229,"Smite, Flash",,RooKie,Yone,3/4/7,414,"Teleport, Flash",,JackeyLove,Varus,5/4/4,441,"Flash, Boost",,Mark,Heimerdinger,0/3/6,50,"Flash, Dot",,LGD Gaming,WIN,18,11,4,2,84.7k,True,False,,"Jayce, Lee Sin, Ashe, Caitlyn, Lucian","Gnar, Maokai, Akali, Zeri, Lulu",Xiaoxu,Gnar,3/5/9,371,"Flash, Teleport",,Meteor,Maokai,1/6/12,205,"Flash, Smite",,Haichao,Akali,5/2/7,366,"Flash, Teleport",,Lpc,Zeri,9/2/4,435,"Flash, Boost",,jinjiao,Lulu,0/2/13,40,"Flash, Heal",,0,[],,,,,,,22.1%,21.8%,18.1%,16.2%,22.5%,22.4%,24.6%,26.4%,12.7%,13.1%,25.7%,642 DPM,31.8%,742 DPM,10.5%,264 DPM,17.7%,412 DPM,19.4%,486 DPM,20.8%,485 DPM,34.5%,863 DPM,27.5%,641 DPM,9.9%,248 DPM,2.2%,51 DPM,,,,,,,,,,,,,,
47189,47189,IG vs Team WE,LPL Spring 2023,2023-03-11 (WEEK8),27:19,v13.4,Invictus Gaming,LOSS,3,2,0,0,41.5k,True,False,,"Lee Sin, Aphelios, Vi, Renekton, Sion","Fiora, Viego, Gragas, Lucian, Nami",YSKM,Fiora,0/3/2,223,"Flash, Teleport",,GIDEON,Viego,1/2/2,165,"Smite, Flash",,Dove,Gragas,1/3/1,193,"Teleport, Flash",,Ahn,Lucian,1/4/1,230,"Boost, Flash",,Wink,Nami,0/2/2,0,"Heal, Flash",,Team WE,WIN,14,9,4,1,52.8k,False,True,,"Jax, Sejuani, Maokai, Poppy, Galio","KSante, Xin Zhao, Ryze, Zeri, Lulu",Biubiu,KSante,2/1/8,206,"Flash, Teleport",,Heng,Xin Zhao,0/2/7,147,"Flash, Smite",,Shanks,Ryze,3/0/5,271,"Flash, Teleport",,Hope,Zeri,8/0/4,284,"Flash, Heal",,Iwandy,Lulu,1/0/12,0,"Exhaust, Flash",,0,[],,,,,,,22.7%,19.3%,20.7%,15.7%,20.3%,22.4%,22.9%,27.1%,13.5%,15.5%,25.3%,347 DPM,12.9%,269 DPM,10.3%,141 DPM,9.7%,201 DPM,23.3%,320 DPM,31.6%,657 DPM,31.5%,431 DPM,38.1%,792 DPM,9.6%,132 DPM,7.8%,161 DPM,,,,,,,,,,,,,,
47189,47190,IG vs Team WE,LPL Spring 2023,2023-03-11 (WEEK8),23:07,v13.4,Team WE,WIN,18,8,3,1,45.7k,False,False,,"Jax, Sejuani, Sylas, Fiora, Galio","Gnar, Maokai, Cassiopeia, Lucian, Nami",Biubiu,Gnar,1/3/5,166,"Flash, Teleport",,Heng,Maokai,4/0/7,121,"Flash, Smite",,Shanks,Cassiopeia,6/2/4,202,"Flash, Teleport",,Hope,Lucian,7/0/8,194,"Flash, Boost",,Iwandy,Nami,0/0/17,0,"Heal, Flash",,Invictus Gaming,LOSS,5,3,0,0,36.4k,True,True,,"Zeri, Aphelios, Karma, Sion, KSante","Irelia, Gragas, Renekton, Varus, Nautilus",YSKM,Irelia,3/2/0,217,"Flash, Teleport",,GIDEON,Gragas,1/3/2,123,"Smite, Flash",,Dove,Renekton,0/4/1,178,"Teleport, Flash",,Ahn,Varus,1/6/0,163,"Heal, Flash",,Wink,Nautilus,0/3/0,44,"Dot, Flash",,0,[],,,,,,,17.5%,27.7%,18.8%,19.1%,23%,20.3%,25.7%,19.5%,15%,13.3%,18.4%,438 DPM,29.6%,462 DPM,13%,309 DPM,15.5%,242 DPM,27%,643 DPM,15.7%,245 DPM,34.1%,811 DPM,30.6%,478 DPM,7.5%,180 DPM,8.6%,135 DPM,,,,,,,,,,,,,,
47186,47186,FPX vs OMG,LPL Spring 2023,2023-03-10 (WEEK8),33:25,v13.4,Funplus Phoenix,LOSS,9,3,2,0,56.9k,True,False,,"Akali, Wukong, Aphelios, Ashe, Renata Glasc","Renekton, Sejuani, Sylas, Kaisa, Nautilus",fearness,Renekton,4/4/3,295,"Teleport, Flash",,H4cker,Sejuani,1/4/7,190,"Flash, Smite",,Care,Sylas,1/2/5,295,"Flash, Teleport",,Lwx,Kaisa,2/4/5,364,"Flash, Boost",,Qiuqiu,Nautilus,1/3/6,41,"Dot, Flash",,OMG,WIN,17,10,3,2,69.7k,False,True,,"Fiora, Aurelion Sol, Zeri, Lucian, Caitlyn","KSante, Gragas, Yone, Varus, Rakan",shanji,KSante,3/3/5,302,"Haste, Teleport",,AKi,Gragas,3/1/10,195,"Flash, Smite",,Creme,Yone,4/0/7,375,"Flash, Teleport",,Able,Varus,4/2/8,309,"Boost, Flash",,Ppgod,Rakan,3/3/13,42,"Dot, Flash",,0,[],,,,,,,22.6%,21.6%,17.7%,17.2%,21.8%,24.5%,25.3%,23.1%,12.5%,13.5%,22.9%,330 DPM,19.4%,477 DPM,15.1%,217 DPM,23.6%,580 DPM,28%,402 DPM,30.5%,751 DPM,25.3%,364 DPM,18.1%,445 DPM,8.7%,125 DPM,8.5%,209 DPM,,,,,,,,,,,,,,
47186,47187,FPX vs OMG,LPL Spring 2023,2023-03-10 (WEEK8),31:29,v13.4,OMG,LOSS,8,4,3,0,54.4k,False,True,,"Fiora, Aurelion Sol, Elise, Ahri, Syndra","KSante, Sejuani, Sylas, Zeri, Lulu",shanji,KSante,1/4/4,262,"Haste, Teleport",,AKi,Sejuani,2/1/3,184,"Flash, Smite",,Creme,Sylas,0/5/5,275,"Flash, Teleport",,Able,Zeri,4/2/2,375,"Haste, Flash",,Ppgod,Lulu,1/1/7,32,"Heal, Flash",,Funplus Phoenix,WIN,13,7,1,1,56.6k,True,False,,"Akali, Yone, Aphelios, Gragas, Poppy","Sion, Wukong, Kassadin, Xayah, Rakan",fearness,Sion,0/1/8,240,"Teleport, Flash",,H4cker,Wukong,0/1/12,161,"Flash, Smite",,Care,Kassadin,5/3/7,252,"Flash, Teleport",,Lwx,Xayah,7/2/3,360,"Flash, Heal",,Qiuqiu,Rakan,1/2/11,34,"Dot, Flash",,0,[],,,,,,,20.3%,18.3%,18.6%,16.7%,20.1%,22.9%,27.8%,28.8%,13.2%,13.3%,15.2%,308 DPM,17%,375 DPM,15.9%,322 DPM,11.5%,253 DPM,18.2%,370 DPM,30%,662 DPM,44.6%,906 DPM,36%,794 DPM,6.2%,125 DPM,5.5%,122 DPM,,,,,,,,,,,,,,
47186,47188,FPX vs OMG,LPL Spring 2023,2023-03-10 (WEEK8),25:36,v13.4,Funplus Phoenix,LOSS,4,1,0,0,39.5k,True,False,,"Akali, Yone, Aphelios, LeBlanc, Sylas","Sion, Vi, Annie, Xayah, Rakan",fearness,Sion,1/4/1,186,"Teleport, Flash",,H4cker,Vi,0/4/2,139,"Flash, Smite",,Care,Annie,1/4/2,204,"Flash, Teleport",,Lwx,Xayah,1/4/2,285,"Flash, Boost",,Qiuqiu,Rakan,1/2/2,40,"Dot, Flash",,OMG,WIN,18,10,4,1,54.6k,False,True,,"Fiora, Aurelion Sol, Zeri, Mordekaiser, Kassadin","KSante, Wukong, Ahri, Varus, Renata Glasc",shanji,KSante,7/1/7,256,"Haste, Teleport",,AKi,Wukong,6/0/8,151,"Flash, Smite",,Creme,Ahri,3/1/10,249,"Flash, Teleport",,Able,Varus,2/2/9,248,"Boost, Flash",,Ppgod,Renata Glasc,0/0/16,45,"Dot, Flash",,0,[],,,,,,,20%,24.1%,17.1%,19.3%,22.4%,20.9%,25.8%,21.9%,14.8%,13.8%,27.9%,455 DPM,25.1%,636 DPM,10.4%,170 DPM,16%,406 DPM,26.2%,427 DPM,30.9%,783 DPM,27.8%,454 DPM,23.4%,592 DPM,7.7%,126 DPM,4.6%,115 DPM,,,,,,,,,,,,,,
47183,47183,NIP vs BLG,LPL Spring 2023,2023-03-10 (WEEK8),24:16,v13.4,Ninjas in Pyjamas,LOSS,1,0,1,0,34.1k,False,False,,"Kindred, Fiora, Annie, Lulu, Nautilus","Sion, Sejuani, Akali, Lucian, Nami",invincible,Sion,0/5/1,147,"Teleport, Flash",,Shad0w,Sejuani,0/1/1,119,"Smite, Flash",,Dream,Akali,1/1/0,213,"Flash, Teleport",,Photic,Lucian,0/3/0,218,"Flash, Boost",,Zhuo,Nami,0/2/0,0,"Flash, Heal",,Bilibili Gaming,WIN,12,8,2,1,47.2k,True,True,,"Ashe, Jayce, Caitlyn, Renekton, Yone","Jax, Vi, Ahri, Aphelios, Thresh",Bin,Jax,2/1/3,230,"Flash, Teleport",,XUN,Vi,4/0/5,148,"Flash, Smite",,Yagao,Ahri,1/0/7,228,"Flash, Teleport",,Elk,Aphelios,3/0/7,218,"Flash, Heal",,ON,Thresh,2/0/6,35,"Flash, Dot",,0,[],,,,,,,19%,21.4%,19.2%,20%,24%,20.7%,24.6%,24.1%,13.2%,13.8%,23.6%,232 DPM,21.9%,504 DPM,18.6%,182 DPM,11.4%,261 DPM,12.9%,127 DPM,29.1%,668 DPM,34.9%,342 DPM,31.5%,723 DPM,10%,98 DPM,6.2%,142 DPM,,,,,,,,,,,,,,
47183,47184,NIP vs BLG,LPL Spring 2023,2023-03-10 (WEEK8),44:30,v13.4,Ninjas in Pyjamas,LOSS,19,7,3,1,77.1k,True,True,,"Kindred, Ahri, Jax, Syndra, Rakan","KSante, Maokai, Tristana, Aphelios, Annie",invincible,KSante,3/6/6,259,"Haste, Teleport",,Shad0w,Maokai,1/8/15,159,"Smite, Flash",,Dream,Tristana,6/3/7,406,"Flash, Teleport",,Photic,Aphelios,8/3/6,433,"Flash, Haste",,Zhuo,Annie,1/3/15,39,"Flash, Heal",,Bilibili Gaming,WIN,23,11,4,3,85.4k,False,False,,"Ashe, Jayce, Caitlyn, Renekton, Kennen","Fiora, Sejuani, Viktor, Xayah, Nautilus",Bin,Fiora,2/2/5,386,"Haste, Teleport",,XUN,Sejuani,2/4/20,199,"Flash, Smite",,Yagao,Viktor,3/4/13,285,"Flash, Teleport",,Elk,Xayah,15/3/5,441,"Flash, Boost",,ON,Nautilus,1/6/13,46,"Flash, Dot",,0,[],,,,,,,19%,23%,16.2%,17%,24%,18.4%,27.8%,28.7%,13%,12.9%,10%,280 DPM,12.3%,362 DPM,23.7%,665 DPM,12.2%,358 DPM,23%,645 DPM,29.4%,863 DPM,33.1%,930 DPM,40.4%,1186 DPM,10.4%,291 DPM,5.7%,167 DPM,,,,,,,,,,,,,,
47180,47180,JD Gaming vs TT,LPL Spring 2023,2023-03-09 (WEEK8),26:27,v13.4,JD Gaming,WIN,9,8,3,1,53k,False,True,,"Sejuani, KSante, Gragas, Cassiopeia, Sion","Renekton, Vi, Syndra, Aphelios, Annie",369,Renekton,0/2/3,245,"Flash, Teleport",,Kanavi,Vi,3/0/4,206,"Flash, Smite",,Knight,Syndra,2/3/3,256,"Flash, Teleport",,Ruler,Aphelios,2/0/1,283,"Flash, Boost",,Missing,Annie,2/0/5,0,"Dot, Flash",,TT,LOSS,5,0,1,0,40.2k,True,False,,"Ashe, Caitlyn, Lee Sin, Nautilus, Akali","Ornn, Wukong, Ahri, Zeri, Lulu",Hoya,Ornn,0/3/1,194,"Flash, Teleport",,Beichuan,Wukong,2/2/2,151,"Flash, Smite",,Ucal,Ahri,3/3/1,242,"Teleport, Flash",,huanfeng,Zeri,0/1/1,248,"Boost, Flash",,yaoyao,Lulu,0/0/4,32,"Heal, Flash",,0,[],,,,,,,20%,18.9%,21.2%,20.1%,23.2%,23.8%,22.1%,23.4%,13.5%,13.7%,36.7%,691 DPM,25.2%,311 DPM,19.4%,365 DPM,29.7%,366 DPM,23.1%,435 DPM,24.5%,302 DPM,12.4%,233 DPM,16.4%,203 DPM,8.4%,158 DPM,4.3%,53 DPM,,,,,,,,,,,,,,
47180,47181,JD Gaming vs TT,LPL Spring 2023,2023-03-09 (WEEK8),24:10,v13.4,TT,LOSS,4,1,0,0,35.8k,False,False,,"Zeri, Aphelios, Lucian, Cassiopeia, Karma","Jayce, Wukong, Annie, Chogath, Rakan",Hoya,Jayce,0/5/2,208,"Flash, Teleport",,Beichuan,Wukong,0/8/2,121,"Flash, Smite",,Ucal,Annie,0/6/1,176,"Teleport, Flash",,huanfeng,Chogath,3/3/0,194,"Teleport, Flash",,yaoyao,Rakan,1/3/3,30,"Dot, Flash",,JD Gaming,WIN,25,9,4,1,53.4k,True,True,,"Sejuani, KSante, Gragas, Gwen, Xayah","Sion, Vi, Ahri, Varus, Ashe",369,Sion,1/1/11,190,"Flash, Teleport",,Kanavi,Vi,4/0/13,196,"Flash, Smite",,Knight,Ahri,16/0/7,238,"Flash, Teleport",,Ruler,Varus,3/1/7,224,"Flash, Boost",,Missing,Ashe,1/2/16,0,"Heal, Flash",,0,[],,,,,,,23%,17.3%,17.6%,21.3%,20.4%,27.3%,23.4%,20.2%,15.6%,13.9%,33.8%,537 DPM,18%,520 DPM,14%,222 DPM,16.7%,483 DPM,25.9%,411 DPM,36.3%,1048 DPM,19.5%,310 DPM,16.6%,478 DPM,6.8%,107 DPM,12.3%,356 DPM,,,,,,,,,,,,,,
47177,47177,EDG vs LGD Gaming,LPL Spring 2023,2023-03-09 (WEEK8),34:59,v13.4,Edward Gaming,WIN,12,9,4,1,64.9k,False,False,,"Varus, Jax, Ashe, Yone, Fiora","Renekton, Maokai, Jayce, KogMaw, Nami",Ale,Renekton,0/3/10,347,"Teleport, Flash",,Jiejie,Maokai,1/1/9,191,"Smite, Flash",,FoFo,Jayce,3/0/8,329,"Flash, Teleport",,Leave,KogMaw,7/5/4,314,"Haste, Flash",,meiko,Nami,1/1/11,0,"Flash, Heal",,LGD Gaming,LOSS,10,4,0,0,56.8k,True,True,,"Zeri, Caitlyn, Aphelios, Xayah, Ezreal","KSante, Sejuani, Akali, Lucian, Nautilus",Xiaoxu,KSante,3/4/2,277,"Flash, Teleport",,Meteor,Sejuani,2/1/5,204,"Flash, Smite",,Haichao,Akali,2/1/2,299,"Flash, Teleport",,Lpc,Lucian,3/3/1,284,"Flash, Boost",,jinjiao,Nautilus,0/3/4,33,"Flash, Dot",,0,[],,,,,,,23%,23.5%,16.8%,19.7%,22.6%,22.6%,23.8%,21.9%,13.8%,12.3%,14.9%,474 DPM,33.1%,513 DPM,17.5%,556 DPM,15.5%,241 DPM,32.3%,1027 DPM,17.6%,273 DPM,29.1%,926 DPM,27.5%,427 DPM,6.1%,194 DPM,6.3%,98 DPM,,,,,,,,,,,,,,
47177,47178,EDG vs LGD Gaming,LPL Spring 2023,2023-03-09 (WEEK8),28:20,v13.4,Edward Gaming,LOSS,5,1,0,1,44.9k,False,False,,"Varus, Jax, Nautilus, Xayah, Nami","Sion, Sejuani, Azir, Kaisa, Ashe",Ale,Sion,3/2/0,235,"Teleport, Flash",,Jiejie,Sejuani,0/2/4,169,"Smite, Flash",,FoFo,Azir,1/4/2,269,"Flash, Teleport",,Leave,Kaisa,1/5/1,224,"Boost, Flash",,meiko,Ashe,0/4/5,28,"Flash, Heal",,LGD Gaming,WIN,17,10,4,0,53.6k,True,False,,"Caitlyn, Zeri, Aphelios, Fiora, Gwen","KSante, Maokai, Jayce, Jhin, Heimerdinger",Xiaoxu,KSante,6/0/5,220,"Haste, Teleport",,Meteor,Maokai,3/1/5,155,"Flash, Smite",,Haichao,Jayce,3/2/4,254,"Flash, Teleport",,Lpc,Jhin,2/0/8,254,"Flash, Boost",,jinjiao,Heimerdinger,3/2/10,32,"Flash, Heal",,0,[],,,,,,,22.5%,23.6%,18.6%,18.5%,23.6%,20.9%,21.1%,21.2%,14.1%,15.8%,19.7%,359 DPM,24.4%,638 DPM,9.6%,175 DPM,17.9%,468 DPM,31.4%,572 DPM,23.4%,612 DPM,22%,401 DPM,15.9%,416 DPM,17.2%,314 DPM,18.2%,476 DPM,,,,,,,,,,,,,,
47177,47179,EDG vs LGD Gaming,LPL Spring 2023,2023-03-09 (WEEK8),32:10,v13.4,Edward Gaming,WIN,13,11,4,1,60.3k,False,False,,"Jax, KSante, Ashe, Nautilus, Karma","Gnar, Maokai, Jayce, Aphelios, Annie",Ale,Gnar,4/0/5,280,"Teleport, Flash",,Jiejie,Maokai,4/2/7,170,"Smite, Flash",,FoFo,Jayce,2/1/8,273,"Flash, Teleport",,Leave,Aphelios,1/0/5,308,"Boost, Flash",,meiko,Annie,2/1/9,0,"Flash, Heal",,LGD Gaming,LOSS,4,3,1,0,50.2k,True,True,,"Caitlyn, Zeri, Lee Sin, Thresh, Lulu","Renekton, Jarvan IV, LeBlanc, Varus, Soraka",Xiaoxu,Renekton,0/2/1,267,"Flash, Teleport",,Meteor,Jarvan IV,1/4/3,166,"Flash, Smite",,Haichao,LeBlanc,3/2/1,251,"Flash, Teleport",,Lpc,Varus,0/4/1,275,"Flash, Boost",,jinjiao,Soraka,0/1/3,0,"Flash, Heal",,0,[],,,,,,,23.1%,22.3%,19.5%,19.4%,21.7%,22.8%,21.6%,22.2%,14.2%,13.3%,21.9%,692 DPM,23.4%,370 DPM,29.7%,939 DPM,12.7%,202 DPM,20.9%,660 DPM,36.5%,579 DPM,17%,537 DPM,20%,317 DPM,10.6%,335 DPM,7.4%,118 DPM,,,,,,,,,,,,,,
47174,47174,Ultra Prime vs Team WE,LPL Spring 2023,2023-03-08 (WEEK8),30:59,v13.4,Ultra Prime,LOSS,5,4,0,0,51.6k,False,False,,"Vi, Lucian, Gragas, Yone, Akali","Jax, Lee Sin, Syndra, Xayah, Annie",Hery,Jax,1/2/2,292,"Flash, Teleport",,Ning,Lee Sin,0/6/5,144,"Smite, Flash",,Qing,Syndra,2/6/1,236,"Flash, Teleport",,Doggo,Xayah,1/4/4,281,"Flash, Boost",,Baolan,Annie,1/6/3,0,"Dot, Flash",,Team WE,WIN,24,9,4,1,63.4k,True,True,,"Zeri, Sejuani, Caitlyn, Rakan, Sylas","Renekton, Maokai, Ryze, Aphelios, Lulu",Biubiu,Renekton,6/0/10,269,"Flash, Teleport",,Heng,Maokai,2/1/14,147,"Flash, Smite",,Shanks,Ryze,7/2/7,297,"Flash, Teleport",,Hope,Aphelios,6/1/6,268,"Flash, Boost",,Iwandy,Lulu,3/1/18,26,"Heal, Flash",,0,[],,,,,,,23.4%,22.5%,16.6%,15.5%,22.6%,23.6%,23.9%,23.1%,13.5%,15.3%,24%,526 DPM,29.4%,703 DPM,11.5%,252 DPM,13.5%,322 DPM,24.7%,542 DPM,27.8%,665 DPM,30.1%,662 DPM,23.1%,552 DPM,9.7%,213 DPM,6.3%,151 DPM,,,,,,,,,,,,,,
47174,47175,Ultra Prime vs Team WE,LPL Spring 2023,2023-03-08 (WEEK8),25:39,v13.4,Ultra Prime,LOSS,1,2,1,0,38.8k,False,False,,"Vi, Lucian, Gragas, LeBlanc, Cassiopeia","KSante, Maokai, Ryze, Caitlyn, Lux",Hery,KSante,0/2/1,218,"Haste, Teleport",,Ning,Maokai,0/8/1,130,"Smite, Flash",,Qing,Ryze,0/1/0,234,"Flash, Teleport",,Doggo,Caitlyn,1/2/0,238,"Flash, Boost",,Baolan,Lux,0/4/1,0,"Heal, Flash",,Team WE,WIN,17,8,2,1,50.1k,True,True,,"Zeri, Sejuani, Lulu, Syndra, Jax","Sion, Lee Sin, Sylas, Aphelios, Annie",Biubiu,Sion,0/0/6,182,"Flash, Teleport",,Heng,Lee Sin,9/0/7,148,"Flash, Smite",,Shanks,Sylas,4/0/7,244,"Flash, Teleport",,Hope,Aphelios,4/0/11,230,"Flash, Boost",,Iwandy,Annie,0/1/15,0,"Dot, Flash",,0,[],,,,,,,22.6%,17.4%,16.9%,22.1%,22.3%,25.5%,24.3%,21.5%,13.9%,13.5%,23.6%,441 DPM,13.6%,320 DPM,10.3%,193 DPM,16.3%,385 DPM,30.3%,567 DPM,30.4%,719 DPM,21.6%,403 DPM,28.9%,684 DPM,14.3%,267 DPM,10.8%,255 DPM,,,,,,,,,,,,,,
47171,47171,OMG vs AL,LPL Spring 2023,2023-03-08 (WEEK8),44:54,v13.4,OMG,LOSS,11,7,2,2,78.4k,False,False,,"Jax, Lee Sin, Varus, LeBlanc, Elise","Rumble, Wukong, Yone, Lucian, Nami",shanji,Rumble,2/3/6,285,"Flash, Dot",,AKi,Wukong,6/4/3,246,"Flash, Smite",,Creme,Yone,2/2/8,445,"Flash, Teleport",,Able,Lucian,1/2/7,432,"Boost, Flash",,Ppgod,Nami,0/4/9,0,"Heal, Flash",,Anyone s Legend,WIN,15,7,4,1,76.2k,True,True,,"Sejuani, Aphelios, Akali, Nautilus, Xayah","Sett, Maokai, Jayce, Zeri, Annie",Zdz,Sett,2/4/6,257,"Teleport, Flash",,Xiaohao,Maokai,1/3/8,211,"Smite, Flash",,Pinz,Jayce,5/2/7,353,"Flash, Teleport",,Betty,Zeri,7/1/4,459,"Flash, Heal",,SwordArt,Annie,0/1/14,0,"Dot, Flash",,0,[],,,,,,,19.1%,18%,19.7%,16%,23.9%,24.1%,25.5%,29.1%,11.8%,12.8%,20.9%,505 DPM,12.8%,312 DPM,14.1%,339 DPM,15.4%,374 DPM,22.4%,540 DPM,31.9%,777 DPM,36.9%,891 DPM,29%,706 DPM,5.7%,139 DPM,10.9%,265 DPM,,,,,,,,,,,,,,
47171,47172,OMG vs AL,LPL Spring 2023,2023-03-08 (WEEK8),30:22,v13.4,Anyone s Legend,LOSS,11,0,2,0,49.5k,False,False,,"Akali, Sejuani, Aphelios, LeBlanc, Rumble","KSante, Jarvan IV, Ryze, Zeri, Annie",Zdz,KSante,3/3/6,215,"Haste, Teleport",,Xiaohao,Jarvan IV,1/5/6,145,"Smite, Flash",,Pinz,Ryze,0/5/7,242,"Flash, Teleport",,Betty,Zeri,3/3/4,247,"Flash, Heal",,SwordArt,Annie,4/1/7,0,"Dot, Flash",,OMG,WIN,17,9,2,1,59k,True,True,,"Lee Sin, Jax, Jayce, Poppy, Viego","Sion, Wukong, Sylas, Xayah, Rakan",shanji,Sion,1/0/10,234,"Flash, Teleport",,AKi,Wukong,4/1/7,178,"Flash, Smite",,Creme,Sylas,5/2/7,259,"Flash, Teleport",,Able,Xayah,3/4/8,271,"Boost, Flash",,Ppgod,Rakan,4/4/7,48,"Dot, Flash",,0,[],,,,,,,22.7%,20.6%,17.2%,19.2%,20.7%,24.1%,23.7%,21.6%,15.9%,14.5%,26.3%,705 DPM,20.8%,508 DPM,10.5%,281 DPM,18.1%,440 DPM,27.3%,732 DPM,31.3%,763 DPM,21.4%,574 DPM,21.8%,532 DPM,14.6%,391 DPM,8%,196 DPM,,,,,,,,,,,,,,
47171,47173,OMG vs AL,LPL Spring 2023,2023-03-08 (WEEK8),28:54,v13.4,OMG,WIN,15,11,2,2,59.7k,True,False,,"Lee Sin, Jax, Varus, Kalista, Ziggs","KSante, Jarvan IV, Sylas, Zeri, Lulu",shanji,KSante,2/1/5,235,"Haste, Teleport",,AKi,Jarvan IV,1/3/14,134,"Flash, Smite",,Creme,Sylas,3/0/8,272,"Flash, Teleport",,Able,Zeri,9/1/5,296,"Boost, Flash",,Ppgod,Lulu,0/1/15,32,"Heal, Flash",,Anyone s Legend,LOSS,6,2,2,0,47.3k,False,True,,"Sejuani, Akali, Aphelios, Vi, Wukong","Camille, Maokai, Jayce, Ezreal, Ashe",Zdz,Camille,2/2/3,226,"Teleport, Flash",,Xiaohao,Maokai,1/3/3,151,"Smite, Flash",,Pinz,Jayce,2/4/3,269,"Flash, Teleport",,Betty,Ezreal,0/3/4,254,"Flash, Heal",,SwordArt,Ashe,1/3/3,34,"Dot, Flash",,0,[],,,,,,,20.6%,23.5%,17.5%,16.9%,22.5%,23.1%,25.9%,21.6%,13.4%,14.8%,17.2%,407 DPM,18.1%,478 DPM,14.2%,335 DPM,20%,528 DPM,29.3%,693 DPM,25.9%,685 DPM,36.6%,867 DPM,21.4%,567 DPM,2.7%,65 DPM,14.6%,387 DPM,,,,,,,,,,,,,,
47168,47168,Top Esports vs LNG Esports,LPL Spring 2023,2023-03-07 (WEEK8),26:53,v13.4,Top Esports,LOSS,2,1,1,0,39.6k,False,True,,"Jax, Ashe, Sejuani, Lulu, LeBlanc","Sion, Vi, Ryze, Varus, Karma",Qingtian,Sion,0/1/1,183,"Flash, Teleport",,Tian,Vi,0/4/1,158,"Smite, Flash",,RooKie,Ryze,0/3/2,224,"Teleport, Flash",,JackeyLove,Varus,0/2/2,241,"Flash, Boost",,Mark,Karma,2/4/0,30,"Flash, Dot",,LNG Esports,WIN,14,8,2,1,53k,True,False,,"Lucian, Jayce, Renekton, Nautilus, Heimerdinger","Gwen, Lee Sin, Gragas, Zeri, Annie",Zika,Gwen,2/0/6,266,"Haste, Teleport",,Tarzan,Lee Sin,5/1/8,143,"Smite, Flash",,Scout,Gragas,4/0/6,234,"Teleport, Flash",,LP,Zeri,2/0/6,266,"Flash, Boost",,Hang,Annie,1/1/9,34,"Flash, Heal",,0,[],,,,,,,19.4%,22.3%,18.5%,20%,22.3%,21%,23.6%,23%,16.1%,13.8%,17.4%,274 DPM,43%,867 DPM,13.3%,209 DPM,15%,303 DPM,38.4%,606 DPM,18.1%,364 DPM,18.1%,285 DPM,16.1%,324 DPM,12.9%,203 DPM,7.8%,157 DPM,,,,,,,,,,,,,,
47168,47169,Top Esports vs LNG Esports,LPL Spring 2023,2023-03-07 (WEEK8),37:36,v13.4,Top Esports,LOSS,17,6,4,1,66.6k,False,True,,"Jax, Ashe, Sejuani, Gwen, Fiora","KSante, Lee Sin, Orianna, Xayah, Rakan",Qingtian,KSante,3/4/7,207,"Teleport, Haste",,Tian,Lee Sin,2/4/10,222,"Smite, Flash",,RooKie,Orianna,6/4/7,303,"Teleport, Flash",,JackeyLove,Xayah,4/5/7,353,"Flash, Boost",,Mark,Rakan,2/4/11,57,"Flash, Dot",,LNG Esports,WIN,21,10,2,1,70.2k,True,False,,"Lucian, Jayce, Renekton, LeBlanc, Syndra","Camille, Wukong, Ryze, Aphelios, Annie",Zika,Camille,5/3/7,289,"Flash, Teleport",,Tarzan,Wukong,4/3/11,175,"Smite, Flash",,Scout,Ryze,6/2/9,306,"Teleport, Flash",,LP,Aphelios,6/3/9,336,"Flash, Heal",,Hang,Annie,0/6/12,32,"Flash, Dot",,0,[],,,,,,,19.1%,22.3%,18.7%,18%,23.5%,22.9%,24.5%,24%,14.2%,12.8%,21.3%,553 DPM,22.7%,524 DPM,13.7%,356 DPM,14.4%,333 DPM,27%,699 DPM,25.6%,591 DPM,30.2%,783 DPM,28.4%,658 DPM,7.8%,201 DPM,8.9%,207 DPM,,,,,,,,,,,,,,
47165,47165,EDG vs WBG,LPL Spring 2023,2023-03-07 (WEEK8),37:34,v13.4,Edward Gaming,WIN,18,7,4,0,68.1k,True,True,,"LeBlanc, Ashe, Lee Sin, Nautilus, Syndra","Renekton, Vi, Taliyah, Zeri, Lulu",Ale,Renekton,9/3/1,315,"Teleport, Flash",,Jiejie,Vi,0/2/6,175,"Smite, Flash",,FoFo,Taliyah,3/0/8,314,"Flash, Teleport",,Leave,Zeri,6/1/4,438,"Boost, Flash",,meiko,Lulu,0/3/10,0,"Flash, Heal",,Weibo Gaming,LOSS,9,3,2,1,59.8k,False,False,,"Jayce, Sejuani, Jax, Akali, Ahri","KSante, Wukong, Viktor, Varus, Annie",TheShy,KSante,3/6/2,252,"Haste, Teleport",,Karsa,Wukong,1/3/4,178,"Smite, Flash",,xiaohu,Viktor,3/3/3,320,"Flash, Teleport",,Light,Varus,1/4/2,322,"Flash, Heal",,Crisp,Annie,1/2/7,22,"Flash, Dot",,0,[],,,,,,,25%,21.6%,15.7%,18%,20.7%,24.2%,26.9%,21.9%,11.6%,14.3%,27.3%,434 DPM,21.3%,343 DPM,9.9%,157 DPM,10.7%,173 DPM,29.7%,472 DPM,32.5%,524 DPM,31.6%,502 DPM,22.3%,358 DPM,1.6%,26 DPM,13.2%,212 DPM,,,,,,,,,,,,,,
47165,47166,EDG vs WBG,LPL Spring 2023,2023-03-07 (WEEK8),27:04,v13.4,Weibo Gaming,WIN,13,11,3,1,53.9k,False,True,,"Jax, Wukong, Vi, Nautilus, Fiora","KSante, Sejuani, Viktor, Lucian, Nami",TheShy,KSante,3/2/5,231,"Haste, Teleport",,Karsa,Sejuani,2/1/9,167,"Smite, Flash",,xiaohu,Viktor,0/0/7,236,"Flash, Teleport",,Light,Lucian,8/0/4,275,"Flash, Boost",,Crisp,Nami,0/0/12,0,"Flash, Heal",,Edward Gaming,LOSS,3,1,0,0,41.4k,True,False,,"Jayce, Elise, Ashe, Taliyah, Akali","Sion, Lee Sin, Syndra, Aphelios, Annie",Ale,Sion,1/1/1,237,"Teleport, Flash",,Jiejie,Lee Sin,2/4/0,157,"Smite, Flash",,FoFo,Syndra,0/2/1,249,"Flash, Teleport",,Leave,Aphelios,0/4/0,257,"Boost, Flash",,meiko,Annie,0/2/1,0,"Flash, Heal",,0,[],,,,,,,20.7%,23.4%,18.5%,19.8%,19.5%,22.5%,27.3%,22.1%,14%,12.3%,25.8%,650 DPM,29.6%,468 DPM,12.9%,324 DPM,13.4%,212 DPM,19.6%,494 DPM,31.8%,504 DPM,35.8%,902 DPM,18%,284 DPM,6%,151 DPM,7.2%,113 DPM,,,,,,,,,,,,,,
47165,47167,EDG vs WBG,LPL Spring 2023,2023-03-07 (WEEK8),31:00,v13.4,Edward Gaming,WIN,7,9,4,1,52.3k,False,True,,"Ashe, Lee Sin, Varus, Akali, Taliyah","Sion, Elise, Azir, Caitlyn, Lux",Ale,Sion,0/0/3,216,"Teleport, Flash",,Jiejie,Elise,1/2/6,168,"Smite, Flash",,FoFo,Azir,1/0/4,242,"Flash, Teleport",,Leave,Caitlyn,4/0/1,290,"Boost, Flash",,meiko,Lux,1/0/4,0,"Flash, Heal",,Weibo Gaming,LOSS,2,2,0,0,46.6k,True,False,,"Jax, Jayce, Zeri, Renekton, Ryze","Gwen, Sejuani, Syndra, Lucian, Nami",TheShy,Gwen,0/2/0,262,"Haste, Teleport",,Karsa,Sejuani,0/2/2,184,"Smite, Flash",,xiaohu,Syndra,0/1/1,238,"Flash, Teleport",,Light,Lucian,1/0/1,271,"Flash, Boost",,Crisp,Nami,1/2/1,0,"Flash, Heal",,0,[],,,,,,,19%,23%,19.3%,18.9%,21.2%,20.6%,25.4%,24.1%,15.1%,13.4%,15.8%,320 DPM,31.8%,493 DPM,15.6%,316 DPM,9%,140 DPM,33.7%,680 DPM,23.4%,363 DPM,19.6%,396 DPM,28.2%,437 DPM,15.2%,308 DPM,7.7%,120 DPM,,,,,,,,,,,,,,
47162,47162,RNG vs BLG,LPL Spring 2023,2023-03-06 (WEEK8),34:28,v13.4,Royal Never Give Up,LOSS,6,2,1,0,54.8k,True,True,,"Caitlyn, Vi, Kindred, Lulu, Nautilus","Jax, Lee Sin, Ryze, Lucian, Nami",Breathe,Jax,0/5/2,248,"Teleport, Flash",,Wei,Lee Sin,2/2/3,185,"Smite, Flash",,Angel,Ryze,1/2/2,296,"Flash, Teleport",,GALA,Lucian,3/4/1,332,"Flash, Boost",,Ming,Nami,0/4/5,0,"Heal, Flash",,Bilibili Gaming,WIN,17,9,4,1,62.9k,False,False,,"Ashe, Wukong, Annie, Xayah, Aphelios","Fiora, Sejuani, Akali, Zeri, Renata Glasc",Bin,Fiora,3/0/5,314,"Flash, Teleport",,XUN,Sejuani,2/0/8,174,"Flash, Smite",,Yagao,Akali,6/2/4,249,"Flash, Teleport",,Elk,Zeri,6/0/7,337,"Flash, Heal",,ON,Renata Glasc,0/4/12,27,"Flash, Dot",,0,[],,,,,,,19.7%,23.8%,17.8%,17.2%,22.1%,20.8%,27.4%,24.8%,13%,13.4%,18.9%,404 DPM,25.1%,603 DPM,15.8%,338 DPM,13.9%,334 DPM,27.1%,579 DPM,27.2%,653 DPM,30%,641 DPM,25.9%,621 DPM,8.3%,177 DPM,7.9%,189 DPM,,,,,,,,,,,,,,
47162,47163,RNG vs BLG,LPL Spring 2023,2023-03-06 (WEEK8),25:04,v13.4,Bilibili Gaming,LOSS,5,1,0,0,39.9k,False,False,,"Ashe, Wukong, Annie, Thresh, Nautilus","Jax, Viego, Galio, Zeri, Lulu",Bin,Jax,0/2/1,221,"Flash, Teleport",,XUN,Viego,2/3/3,141,"Flash, Smite",,Yagao,Galio,0/3/4,175,"Flash, Teleport",,Elk,Zeri,3/2/1,221,"Flash, Boost",,ON,Lulu,0/2/4,42,"Flash, Heal",,Royal Never Give Up,WIN,12,8,3,1,48.5k,True,True,,"Vi, Sejuani, Caitlyn, Kindred, Jayce","Sion, Lee Sin, Ryze, Aphelios, Renata Glasc",Breathe,Sion,2/1/7,213,"Teleport, Flash",,Wei,Lee Sin,2/1/4,150,"Smite, Flash",,Angel,Ryze,3/1/5,237,"Flash, Teleport",,GALA,Aphelios,5/1/4,242,"Flash, Boost",,Ming,Renata Glasc,0/1/10,0,"Dot, Flash",,0,[],,,,,,,21.6%,20.9%,20%,17.4%,18.7%,23.3%,25.9%,24.5%,13.8%,14%,20.4%,291 DPM,19.7%,423 DPM,19.1%,272 DPM,10%,215 DPM,20.3%,290 DPM,28.7%,618 DPM,32.7%,466 DPM,33%,709 DPM,7.5%,107 DPM,8.6%,186 DPM,,,,,,,,,,,,,,
47162,47164,RNG vs BLG,LPL Spring 2023,2023-03-06 (WEEK8),28:34,v13.4,Royal Never Give Up,LOSS,6,1,0,0,43.6k,False,False,,"Sejuani, Vi, Caitlyn, Xayah, Varus","Jax, Xin Zhao, Annie, Aphelios, Renata Glasc",Breathe,Jax,0/2/5,196,"Teleport, Haste",,Wei,Xin Zhao,1/4/3,116,"Smite, Flash",,Angel,Annie,2/4/1,210,"Flash, Teleport",,GALA,Aphelios,2/2/3,269,"Flash, Heal",,Ming,Renata Glasc,1/5/5,39,"Exhaust, Flash",,Bilibili Gaming,WIN,17,10,4,1,56.5k,True,False,,"Ashe, Lee Sin, Wukong, Twisted Fate, Viego","Kennen, Kindred, Ryze, Zeri, Blitzcrank",Bin,Kennen,2/1/5,258,"Flash, Teleport",,XUN,Kindred,1/1/8,170,"Flash, Smite",,Yagao,Ryze,4/3/5,244,"Flash, Teleport",,Elk,Zeri,10/1/5,282,"Flash, Boost",,ON,Blitzcrank,0/0/15,30,"Flash, Dot",,0,[],,,,,,,20.6%,21.9%,17.2%,17.3%,22.1%,21.1%,25.6%,26.1%,14.6%,13.6%,28.4%,458 DPM,33.2%,858 DPM,18.2%,293 DPM,9.8%,253 DPM,21.5%,347 DPM,25%,647 DPM,22.1%,356 DPM,24.8%,642 DPM,9.8%,158 DPM,7.2%,185 DPM,,,,,,,,,,,,,,
47159,47159,TT vs Rare Atom,LPL Spring 2023,2023-03-06 (WEEK8),37:09,v13.4,TT,WIN,20,11,4,2,73.1k,True,False,,"Jax, Renekton, Draven, Lee Sin, Vi","KSante, Wukong, Annie, Zeri, Nautilus",Hoya,KSante,4/1/4,298,"Haste, Teleport",,Beichuan,Wukong,2/1/9,227,"Flash, Smite",,Ucal,Annie,2/1/11,305,"Teleport, Flash",,huanfeng,Zeri,11/0/2,402,"Boost, Flash",,yaoyao,Nautilus,1/4/10,43,"Dot, Flash",,Rare Atom,LOSS,7,2,1,0,60.4k,False,True,,"Elise, Jayce, Tristana, Gnar, Kaisa","Sion, Gragas, Sylas, Varus, Ashe",Cube,Sion,1/2/3,286,"Flash, Teleport",,Leyan,Gragas,2/7/3,204,"Smite, Flash",,Strive,Sylas,2/6/2,336,"Flash, Teleport",,Assum,Varus,2/1/5,370,"Heal, Flash",,bkr,Ashe,0/4/5,26,"Barrier, Flash",,0,[],,,,,,,20.5%,19.7%,18.2%,17.5%,22.1%,24.8%,26.9%,25%,12.3%,13%,19.2%,518 DPM,17.5%,377 DPM,16.9%,455 DPM,14.9%,319 DPM,33.6%,908 DPM,24.2%,520 DPM,25.1%,678 DPM,32.4%,696 DPM,5.1%,139 DPM,11%,236 DPM,,,,,,,,,,,,,,
47159,47160,TT vs Rare Atom,LPL Spring 2023,2023-03-06 (WEEK8),32:37,v13.4,Rare Atom,LOSS,7,3,1,1,57.7k,False,False,,"Ashe, Annie, Vi, Ziggs, Varus","KSante, Maokai, Jayce, Xayah, Rakan",Cube,KSante,0/3/2,273,"Haste, Teleport",,Leyan,Maokai,0/5/4,144,"Smite, Flash",,Strive,Jayce,6/2/0,316,"Flash, Teleport",,Assum,Xayah,1/3/4,363,"Boost, Flash",,bkr,Rakan,0/4/4,42,"Dot, Flash",,TT,WIN,17,10,4,1,62.7k,True,False,,"Jax, Renekton, Elise, Draven, Caitlyn","Gragas, Sejuani, Yone, Zeri, Lulu",Hoya,Gragas,3/1/10,252,"Flash, Teleport",,Beichuan,Sejuani,1/3/13,167,"Flash, Smite",,Ucal,Yone,6/2/4,312,"Teleport, Flash",,huanfeng,Zeri,5/1/7,341,"Boost, Flash",,yaoyao,Lulu,2/0/14,42,"Heal, Flash",,0,[],,,,,,,20.3%,21.6%,16.6%,16.8%,24.7%,23.8%,25.7%,23.9%,12.6%,13.8%,16.2%,430 DPM,23.4%,572 DPM,18.8%,499 DPM,15.6%,380 DPM,28.2%,752 DPM,25.6%,624 DPM,32.3%,860 DPM,32.2%,785 DPM,4.5%,119 DPM,3.2%,78 DPM,,,,,,,,,,,,,,
46855,46855,NIP vs FPX,LPL Spring 2023,2023-03-05 (WEEK7),26:05,v13.4,Ninjas in Pyjamas,LOSS,2,1,0,0,39.7k,True,False,,"KSante, Caitlyn, Zeri, Nautilus, Nami","Kennen, Lee Sin, Ryze, Aphelios, Annie",invincible,Kennen,0/2/1,228,"Teleport, Flash",,XLB,Lee Sin,1/4/1,114,"Smite, Flash",,Pout,Ryze,0/4/2,213,"Flash, Teleport",,Photic,Aphelios,0/2/1,246,"Flash, Boost",,Zhuo,Annie,1/2/1,23,"Flash, Heal",,Funplus Phoenix,WIN,14,11,3,1,52.8k,False,True,,"Elise, Ashe, Maokai, Jax, Renekton","Fiora, Sejuani, Yone, Xayah, Rakan",fearness,Fiora,1/0/2,234,"Teleport, Haste",,H4cker,Sejuani,1/1/11,143,"Flash, Smite",,Care,Yone,6/0/6,264,"Flash, Teleport",,Lwx,Xayah,5/0/5,275,"Flash, Boost",,Qiuqiu,Rakan,1/1/12,35,"Exhaust, Flash",,0,[],,,,,,,23.2%,19.9%,17.3%,17.3%,20.9%,25%,24.3%,24.6%,14.4%,13.2%,30.7%,504 DPM,12.1%,218 DPM,7.7%,126 DPM,16.7%,302 DPM,34.4%,565 DPM,28%,506 DPM,15.7%,257 DPM,34.5%,623 DPM,11.5%,188 DPM,8.8%,159 DPM,,,,,,,,,,,,,,
46855,46856,NIP vs FPX,LPL Spring 2023,2023-03-05 (WEEK7),27:10,v13.4,Funplus Phoenix,WIN,17,10,2,1,55.2k,False,True,,"Maokai, Ashe, Draven, Nidalee, Karma","Renekton, Elise, Tristana, Zeri, Lulu",fearness,Renekton,0/5/5,197,"Teleport, Flash",,H4cker,Elise,2/2/5,131,"Flash, Smite",,Care,Tristana,5/1/8,254,"Flash, Teleport",,Lwx,Zeri,10/1/2,289,"Flash, Haste",,Qiuqiu,Lulu,0/2/12,33,"Heal, Flash",,Ninjas in Pyjamas,LOSS,11,2,2,0,44.4k,True,False,,"Annie, Yone, Fiora, Caitlyn, Xayah","Jayce, Lee Sin, Gragas, Varus, Nautilus",invincible,Jayce,6/3/1,239,"Teleport, Flash",,XLB,Lee Sin,3/5/3,115,"Smite, Flash",,Pout,Gragas,0/3/5,182,"Flash, Teleport",,Photic,Varus,1/2/4,266,"Flash, Haste",,Zhuo,Nautilus,1/4/7,43,"Flash, Dot",,0,[],,,,,,,16.4%,27%,17.1%,17.8%,27%,17.5%,26%,23.9%,13.5%,13.8%,9.8%,195 DPM,46.5%,859 DPM,16.3%,325 DPM,9.9%,182 DPM,32.9%,655 DPM,17.4%,320 DPM,38.7%,771 DPM,19.4%,358 DPM,2.3%,47 DPM,6.8%,126 DPM,,,,,,,,,,,,,,
46852,46852,JD Gaming vs OMG,LPL Spring 2023,2023-03-05 (WEEK7),24:40,v13.4,JD Gaming,WIN,20,9,3,1,54.6k,True,True,,"Rumble, Sejuani, KSante, Poppy, Wukong","Renekton, Lee Sin, Vex, Xayah, Rakan",369,Renekton,4/4/3,223,"Flash, Teleport",,Kanavi,Lee Sin,4/2/11,164,"Flash, Smite",,Knight,Vex,5/2/10,180,"Flash, Dot",,Ruler,Xayah,7/2/4,279,"Flash, Boost",,Missing,Rakan,0/2/15,44,"Exhaust, Flash",,OMG,LOSS,12,1,1,0,42.1k,False,False,,"Jayce, Gragas, Varus, LeBlanc, Syndra","Kennen, Xin Zhao, Akali, Aphelios, Annie",shanji,Kennen,4/4/4,186,"Flash, Teleport",,AKi,Xin Zhao,1/4/8,118,"Flash, Smite",,Creme,Akali,3/3/5,188,"Flash, Teleport",,Able,Aphelios,3/4/2,222,"Haste, Flash",,Ppgod,Annie,1/5/8,0,"Dot, Flash",,0,[],,,,,,,19.6%,22.4%,19.7%,17.5%,20.7%,21.8%,26.1%,24.3%,14%,14%,21.6%,464 DPM,26.3%,457 DPM,18.5%,399 DPM,21.9%,381 DPM,30.7%,660 DPM,27.6%,480 DPM,25.5%,548 DPM,11%,191 DPM,3.7%,80 DPM,13.2%,229 DPM,,,,,,,,,,,,,,
46852,46853,JD Gaming vs OMG,LPL Spring 2023,2023-03-05 (WEEK7),28:26,v13.4,OMG,WIN,8,9,2,1,53.5k,False,True,,"Jayce, Varus, Lee Sin, Renekton, Syndra","Sion, Wukong, Akali, Aphelios, Renata Glasc",shanji,Sion,0/1/5,237,"Flash, Teleport",,AKi,Wukong,2/0/6,177,"Flash, Smite",,Creme,Akali,3/0/5,244,"Flash, Teleport",,Able,Aphelios,1/0/5,327,"Heal, Flash",,Ppgod,Renata Glasc,2/0/5,41,"Dot, Flash",,JD Gaming,LOSS,1,1,1,0,44.1k,True,False,,"Rumble, Sejuani, KSante, Lulu, Nautilus","Gragas, Viego, LeBlanc, Xayah, Rakan",369,Gragas,1/3/0,241,"Flash, Teleport",,Kanavi,Viego,0/3/0,170,"Flash, Smite",,Knight,LeBlanc,0/0/0,259,"Flash, Teleport",,Ruler,Xayah,0/0/0,327,"Flash, Boost",,Missing,Rakan,0/2/0,40,"Dot, Flash",,0,[],,,,,,,19.3%,22.7%,19.3%,17.8%,21.3%,22.2%,25.3%,24.6%,14.7%,12.7%,25.8%,596 DPM,25.9%,448 DPM,16.8%,388 DPM,14.9%,258 DPM,21.4%,494 DPM,33.8%,585 DPM,29.7%,686 DPM,20.1%,348 DPM,6.3%,146 DPM,5.2%,90 DPM,,,,,,,,,,,,,,
46852,46854,JD Gaming vs OMG,LPL Spring 2023,2023-03-05 (WEEK7),43:00,v13.4,JD Gaming,LOSS,8,9,2,1,75.4k,True,True,,"Rumble, Sejuani, Akali, Vi, Gragas","Renekton, Wukong, Cassiopeia, Caitlyn, Lux",369,Renekton,3/0/2,336,"Flash, Teleport",,Kanavi,Wukong,3/0/3,214,"Flash, Smite",,Knight,Cassiopeia,2/1/0,395,"Flash, Teleport",,Ruler,Caitlyn,0/1/5,447,"Flash, Boost",,Missing,Lux,0/5/6,28,"Dot, Flash",,OMG,WIN,7,10,4,3,76.4k,False,False,,"Jayce, Lee Sin, Varus, Syndra, Sion","KSante, Maokai, Yone, Aphelios, Annie",shanji,KSante,2/2/1,261,"Haste, Teleport",,AKi,Maokai,0/1/7,208,"Flash, Smite",,Creme,Yone,2/1/0,390,"Flash, Teleport",,Able,Aphelios,3/1/2,473,"Boost, Flash",,Ppgod,Annie,0/3/6,21,"Dot, Flash",,0,[],,,,,,,22.8%,18.8%,18%,16.5%,22.1%,23.3%,24.2%,27.9%,12.9%,13.5%,20.7%,371 DPM,14.7%,280 DPM,11.2%,200 DPM,24%,458 DPM,21.6%,385 DPM,19%,363 DPM,33.4%,597 DPM,31.2%,596 DPM,13%,233 DPM,11%,211 DPM,,,,,,,,,,,,,,
46849,46849,IG vs Ultra Prime,LPL Spring 2023,2023-03-05 (WEEK7),32:34,v13.4,Invictus Gaming,WIN,14,7,3,1,60.2k,True,False,,"Zeri, Renekton, Sejuani, Sion, KSante","Jax, Poppy, Gragas, Lucian, Nami",YSKM,Jax,2/2/8,278,"Flash, Teleport",,GIDEON,Poppy,1/3/9,141,"Smite, Flash",,Dove,Gragas,3/0/8,261,"Teleport, Flash",,Ahn,Lucian,8/0/3,337,"Boost, Flash",,Wink,Nami,0/1/11,21,"Heal, Flash",,Ultra Prime,LOSS,6,2,1,0,52.4k,False,True,,"Ashe, Annie, Maokai, Galio, Fiora","Kennen, Viego, Syndra, Aphelios, Lulu",Hery,Kennen,1/5/5,277,"Flash, Teleport",,Ning,Viego,2/4/3,194,"Smite, Flash",,Qing,Syndra,3/2/1,292,"Flash, Teleport",,Doggo,Aphelios,0/1/3,295,"Flash, Heal",,Baolan,Lulu,0/2/4,0,"Exhaust, Flash",,0,[],,,,,,,22.3%,23.2%,15.8%,18.7%,20.3%,24.6%,28.4%,21.4%,13.1%,12.2%,15.7%,282 DPM,25.5%,479 DPM,11.5%,206 DPM,12.3%,231 DPM,18.2%,326 DPM,31.9%,599 DPM,46.4%,834 DPM,23.2%,437 DPM,8.2%,147 DPM,7.1%,134 DPM,,,,,,,,,,,,,,
46849,46850,IG vs Ultra Prime,LPL Spring 2023,2023-03-05 (WEEK7),22:15,v13.4,Invictus Gaming,WIN,23,8,3,1,48.1k,True,False,,"Zeri, Renekton, Sejuani, Kennen, Gragas","Jax, Maokai, Sylas, Xayah, Renata Glasc",YSKM,Jax,6/2/3,175,"Flash, Teleport",,GIDEON,Maokai,4/0/11,136,"Smite, Flash",,Dove,Sylas,3/1/7,173,"Teleport, Flash",,Ahn,Xayah,8/1/4,222,"Boost, Flash",,Wink,Renata Glasc,2/1/13,30,"Dot, Flash",,Ultra Prime,LOSS,5,1,0,0,35.4k,False,False,,"Annie, Ashe, Lucian, Heimerdinger, Rakan","KSante, Vi, Ahri, Aphelios, Thresh",Hery,KSante,1/6/2,172,"Haste, Teleport",,Ning,Vi,1/3/1,113,"Smite, Flash",,Qing,Ahri,1/5/2,199,"Flash, Teleport",,Doggo,Aphelios,2/4/0,204,"Flash, Boost",,Baolan,Thresh,0/5/3,29,"Dot, Flash",,0,[],,,,,,,20.9%,21.4%,19.4%,17.4%,20.1%,24.8%,25.3%,22.9%,14.4%,13.6%,33.5%,828 DPM,26.4%,420 DPM,11.6%,288 DPM,11.2%,177 DPM,20.9%,517 DPM,28.3%,450 DPM,28.2%,698 DPM,22.8%,362 DPM,5.8%,144 DPM,11.3%,179 DPM,,,,,,,,,,,,,,
46846,46846,EDG vs LNG Esports,LPL Spring 2023,2023-03-04 (WEEK7),31:56,v13.4,Edward Gaming,WIN,10,11,4,2,60.5k,False,True,,"Draven, Varus, Ashe, Nautilus, Renekton","Kennen, Maokai, Jayce, Aphelios, Lulu",Ale,Kennen,3/0/5,281,"Teleport, Flash",,Jiejie,Maokai,2/1/5,160,"Smite, Flash",,FoFo,Jayce,0/0/9,262,"Flash, Teleport",,Leave,Aphelios,5/1/2,335,"Boost, Flash",,meiko,Lulu,0/0/9,31,"Flash, Heal",,LNG Esports,LOSS,2,4,0,0,50.4k,True,False,,"Caitlyn, Lee Sin, Lucian, Sion, Thresh","Jax, Sejuani, Yone, Zeri, Rakan",Zika,Jax,0/2/0,264,"Flash, Teleport",,Tarzan,Sejuani,0/3/2,137,"Smite, Flash",,Scout,Yone,1/1/0,312,"Teleport, Flash",,LP,Zeri,1/3/0,275,"Flash, Boost",,Hang,Rakan,0/1/1,37,"Flash, Exhaust",,0,[],,,,,,,23%,22%,17%,16.9%,18.9%,25.4%,27.1%,22.8%,14%,13%,28.4%,753 DPM,16.7%,197 DPM,17.1%,455 DPM,14.8%,174 DPM,21.8%,578 DPM,20.1%,237 DPM,28.2%,749 DPM,40.5%,476 DPM,4.5%,119 DPM,7.9%,93 DPM,,,,,,,,,,,,,,
46846,46847,EDG vs LNG Esports,LPL Spring 2023,2023-03-04 (WEEK7),30:11,v13.4,LNG Esports,LOSS,7,5,2,1,51k,False,False,,"Caitlyn, Lucian, Sejuani, Jax, Syndra","Sion, Lee Sin, Ryze, Aphelios, Lulu",Zika,Sion,0/3/4,218,"Flash, Teleport",,Tarzan,Lee Sin,2/3/4,144,"Smite, Flash",,Scout,Ryze,4/3/2,287,"Teleport, Flash",,LP,Aphelios,1/5/4,255,"Flash, Boost",,Hang,Lulu,0/1/7,0,"Flash, Heal",,Edward Gaming,WIN,15,8,3,1,57.3k,True,True,,"Elise, Ashe, Jayce, Gragas, Gnar","Renekton, Vi, Taliyah, Zeri, Annie",Ale,Renekton,5/0/3,300,"Teleport, Flash",,Jiejie,Vi,4/2/9,159,"Smite, Flash",,FoFo,Taliyah,1/2/8,228,"Flash, Teleport",,Leave,Zeri,5/3/6,291,"Boost, Flash",,meiko,Annie,0/0/14,0,"Flash, Heal",,0,[],,,,,,,20.1%,24.7%,18.3%,18.9%,24.8%,19.7%,22.9%,23.4%,13.9%,13.3%,21%,381 DPM,22.5%,649 DPM,13.5%,245 DPM,14.1%,408 DPM,26.4%,478 DPM,23.1%,668 DPM,33.6%,609 DPM,32.1%,928 DPM,5.4%,99 DPM,8.2%,236 DPM,,,,,,,,,,,,,,
46843,46843,Top Esports vs RNG,LPL Spring 2023,2023-03-04 (WEEK7),26:44,v13.4,Top Esports,WIN,21,9,4,1,52.1k,False,True,,"Ashe, Jax, Annie, Sion, KSante","Ornn, Sejuani, Akali, Varus, Nautilus",Qingtian,Ornn,2/0/8,192,"Flash, Teleport",,Tian,Sejuani,2/3/13,122,"Smite, Flash",,RooKie,Akali,11/2/6,216,"Teleport, Flash",,JackeyLove,Varus,3/3/8,231,"Flash, Heal",,Mark,Nautilus,3/1/10,35,"Flash, Dot",,Royal Never Give Up,LOSS,9,3,0,0,42.3k,True,False,,"Draven, Jayce, Lee Sin, Yone, LeBlanc","Renekton, Elise, Sylas, Lucian, Nami",Breathe,Renekton,3/4/3,226,"Teleport, Flash",,Wei,Elise,2/3/2,116,"Smite, Flash",,Angel,Sylas,2/5/3,187,"Flash, Teleport",,GALA,Lucian,1/4/1,205,"Flash, Boost",,Ming,Nami,1/5/3,0,"Heal, Flash",,0,[],,,,,,,19.3%,25.3%,17.5%,18.6%,25.2%,21%,23.2%,21%,14.7%,14%,13.1%,375 DPM,26.8%,588 DPM,12%,344 DPM,22.6%,494 DPM,35.8%,1028 DPM,15.9%,348 DPM,31%,891 DPM,24.6%,539 DPM,8.2%,235 DPM,10.1%,222 DPM,,,,,,,,,,,,,,
46843,46844,Top Esports vs RNG,LPL Spring 2023,2023-03-04 (WEEK7),34:13,v13.4,Royal Never Give Up,LOSS,9,3,2,0,55.6k,False,False,,"Draven, Varus, Sejuani, Akali, Ahri","Illaoi, Lee Sin, Syndra, Caitlyn, Lux",Breathe,Illaoi,2/4/0,308,"Teleport, Flash",,Wei,Lee Sin,1/3/6,175,"Smite, Flash",,Angel,Syndra,2/2/4,262,"Flash, Teleport",,GALA,Caitlyn,3/6/4,303,"Flash, Heal",,Ming,Lux,1/5/7,0,"Dot, Flash",,Top Esports,WIN,20,10,3,1,66k,True,True,,"Ashe, Jayce, Annie, Jax, LeBlanc","Sion, Vi, Ryze, Lucian, Nami",Qingtian,Sion,3/0/4,278,"Flash, Teleport",,Tian,Vi,3/5/11,185,"Smite, Flash",,RooKie,Ryze,7/1/6,294,"Teleport, Flash",,JackeyLove,Lucian,7/2/5,295,"Flash, Boost",,Mark,Nami,0/1/16,0,"Flash, Heal",,0,[],,,,,,,24.6%,21.7%,17.1%,17.1%,21.4%,23.5%,23.9%,24.7%,13%,13%,34.2%,803 DPM,15.5%,354 DPM,12.3%,289 DPM,14.5%,331 DPM,22.2%,520 DPM,28.1%,642 DPM,19.5%,459 DPM,35.6%,813 DPM,11.8%,277 DPM,6.3%,143 DPM,,,,,,,,,,,,,,
46840,46840,WBG vs AL,LPL Spring 2023,2023-03-04 (WEEK7),32:21,v13.4,Weibo Gaming,WIN,13,9,3,1,62.9k,False,True,,"Jax, Ashe, Annie, Heimerdinger, Sion","Quinn, Lee Sin, LeBlanc, Xayah, Nautilus",TheShy,Quinn,3/2/5,315,"Flash, Boost",,Karsa,Lee Sin,3/1/6,170,"Smite, Flash",,xiaohu,LeBlanc,5/2/5,258,"Flash, Teleport",,Light,Xayah,2/2/8,365,"Flash, Boost",,Crisp,Nautilus,0/4/9,43,"Flash, Dot",,Anyone s Legend,LOSS,11,2,2,0,52.6k,True,False,,"Caitlyn, Lucian, Elise, KSante, Rakan","Renekton, Viego, Syndra, Varus, Leona",Zdz,Renekton,1/3/3,239,"Teleport, Flash",,Xiaohao,Viego,4/2/3,185,"Smite, Flash",,Pinz,Syndra,2/3/4,278,"Flash, Teleport",,Betty,Varus,3/2/6,307,"Flash, Heal",,SwordArt,Leona,1/3/6,34,"Dot, Flash",,0,[],,,,,,,24.7%,19.3%,17.8%,20.3%,22.4%,22.1%,22.7%,25.3%,12.4%,12.9%,40.5%,938 DPM,23.2%,308 DPM,8.2%,190 DPM,15.3%,202 DPM,28.5%,660 DPM,26.2%,347 DPM,18.1%,420 DPM,29.4%,390 DPM,4.6%,107 DPM,5.8%,77 DPM,,,,,,,,,,,,,,
46840,46841,WBG vs AL,LPL Spring 2023,2023-03-04 (WEEK7),31:25,v13.4,Weibo Gaming,WIN,19,11,4,1,63k,True,False,,"Jax, Ashe, Annie, Heimerdinger, Karma","Gnar, Lee Sin, LeBlanc, Xayah, Renata Glasc",TheShy,Gnar,2/2/4,283,"Flash, Teleport",,Karsa,Lee Sin,5/3/9,187,"Smite, Flash",,xiaohu,LeBlanc,7/1/8,242,"Flash, Teleport",,Light,Xayah,4/3/6,316,"Flash, Boost",,Crisp,Renata Glasc,1/3/11,31,"Flash, Dot",,Anyone s Legend,LOSS,12,1,1,0,52.9k,False,True,,"Caitlyn, Lucian, Elise, Renekton, Rakan","KSante, Viego, Syndra, Varus, Rell",Zdz,KSante,4/2/1,228,"Haste, Teleport",,Xiaohao,Viego,6/5/4,170,"Smite, Flash",,Pinz,Syndra,1/4/8,254,"Flash, Teleport",,Betty,Varus,1/4/9,281,"Flash, Heal",,SwordArt,Rell,0/4/6,41,"Dot, Flash",,0,[],,,,,,,22.5%,22.3%,18.7%,21%,22.8%,21.8%,22.8%,22.8%,13.2%,12.1%,24.3%,615 DPM,19.1%,372 DPM,19.8%,502 DPM,18.4%,360 DPM,32.5%,823 DPM,24.1%,471 DPM,16%,405 DPM,35.3%,689 DPM,7.4%,188 DPM,3.1%,61 DPM,,,,,,,,,,,,,,
46837,46837,BLG vs LGD Gaming,LPL Spring 2023,2023-03-03 (WEEK7),33:21,v13.4,Bilibili Gaming,WIN,10,11,4,2,64.5k,True,False,,"Sejuani, Elise, Ashe, Kennen, Renekton","Jax, Viego, Annie, Zeri, Lulu",Bin,Jax,4/1/1,260,"Flash, Teleport",,XUN,Viego,1/0/5,227,"Flash, Smite",,Yagao,Annie,2/1/8,237,"Flash, Teleport",,Elk,Zeri,2/0/6,397,"Flash, Haste",,ON,Lulu,1/0/8,24,"Flash, Heal",,LGD Gaming,LOSS,2,1,1,0,50.5k,False,True,,"Kindred, Caitlyn, Lucian, Lee Sin, Vi","Gragas, Wukong, Syndra, Xayah, Rakan",Xiaoxu,Gragas,1/0/0,281,"Flash, Teleport",,Meteor,Wukong,1/2/0,179,"Flash, Smite",,Haichao,Syndra,0/3/1,304,"Flash, Teleport",,Lpc,Xayah,0/3/0,320,"Flash, Heal",,jinjiao,Rakan,0/2/0,50,"Flash, Dot",,0,[],,,,,,,21.5%,22.8%,18.7%,18.5%,20%,22.9%,26.2%,22.7%,13.6%,13.1%,15.5%,233 DPM,24.5%,258 DPM,12.1%,182 DPM,18.7%,198 DPM,25.6%,385 DPM,31.8%,335 DPM,38%,572 DPM,14%,147 DPM,8.7%,131 DPM,11%,116 DPM,,,,,,,,,,,,,,
46837,46838,BLG vs LGD Gaming,LPL Spring 2023,2023-03-03 (WEEK7),30:33,v13.4,Bilibili Gaming,LOSS,8,2,1,0,51k,False,True,,"Sejuani, Elise, Ashe, Sion, Syndra","Gnar, Wukong, Gragas, Lucian, Nami",Bin,Gnar,2/7/3,222,"Flash, Teleport",,XUN,Wukong,4/5/3,157,"Flash, Smite",,Yagao,Gragas,0/3/2,258,"Flash, Teleport",,Elk,Lucian,1/4/2,290,"Flash, Boost",,ON,Nami,1/3/3,0,"Flash, Heal",,LGD Gaming,WIN,22,10,2,2,63.3k,True,False,,"Kindred, Caitlyn, Zeri, Annie, Taliyah","Jax, Vi, Ahri, Varus, Nautilus",Xiaoxu,Jax,8/3/7,243,"Flash, Teleport",,Meteor,Vi,2/1/10,195,"Flash, Smite",,Haichao,Ahri,7/1/7,296,"Flash, Teleport",,Lpc,Varus,5/2/9,269,"Flash, Heal",,jinjiao,Nautilus,0/1/13,32,"Flash, Dot",,0,[],,,,,,,23.2%,22.5%,20.4%,17.3%,21.5%,25.2%,22.7%,22.5%,12.2%,12.5%,20.9%,394 DPM,26.5%,721 DPM,17%,320 DPM,7.8%,214 DPM,23.7%,446 DPM,25.7%,699 DPM,29.1%,548 DPM,34%,924 DPM,9.3%,175 DPM,6.1%,165 DPM,,,,,,,,,,,,,,
46837,46839,BLG vs LGD Gaming,LPL Spring 2023,2023-03-03 (WEEK7),34:29,v13.4,Bilibili Gaming,LOSS,3,0,0,1,52.4k,False,False,,"Ashe, Jax, Elise, Renekton, Karma","Gnar, Vi, Taliyah, Varus, Renata Glasc",Bin,Gnar,0/5/1,283,"Flash, Teleport",,XUN,Vi,0/6/2,160,"Flash, Smite",,Yagao,Taliyah,2/5/0,326,"Flash, Teleport",,Elk,Varus,1/4/0,285,"Flash, Boost",,ON,Renata Glasc,0/5/3,43,"Flash, Dot",,LGD Gaming,WIN,25,10,4,1,67.9k,True,True,,"Kindred, Caitlyn, Zeri, Ahri, LeBlanc","KSante, Sejuani, Yone, Jhin, Heimerdinger",Xiaoxu,KSante,8/1/8,273,"Haste, Teleport",,Meteor,Sejuani,1/1/14,211,"Flash, Smite",,Haichao,Yone,5/1/8,293,"Flash, Teleport",,Lpc,Jhin,5/0/13,282,"Flash, Boost",,jinjiao,Heimerdinger,6/0/8,37,"Flash, Dot",,0,[],,,,,,,21.7%,21.8%,16.9%,18.5%,25.1%,22%,22.2%,21.7%,14%,15.9%,19.1%,438 DPM,22.2%,599 DPM,15.7%,361 DPM,15.2%,410 DPM,32.9%,754 DPM,16.1%,433 DPM,24.5%,563 DPM,28.4%,766 DPM,7.7%,178 DPM,18.1%,489 DPM,,,,,,,,,,,,,,
46834,46834,Rare Atom vs IG,LPL Spring 2023,2023-03-03 (WEEK7),33:08,v13.4,Rare Atom,LOSS,5,0,1,1,54.9k,True,False,,"Fiora, Sejuani, Ashe, Rakan, Renata Glasc","Sion, Vi, Annie, Draven, Nautilus",Cube,Sion,0/3/2,269,"Flash, Teleport",,Leyan,Vi,2/4/3,180,"Smite, Flash",,Strive,Annie,1/2/4,249,"Flash, Teleport",,Assum,Draven,2/2/1,317,"Boost, Flash",,Southwind,Nautilus,0/5/4,29,"Flash, Dot",,Invictus Gaming,WIN,16,10,4,1,65.7k,False,False,,"Elise, Nidalee, Jax, Wukong, Lee Sin","Gwen, Gragas, Renekton, Xayah, Braum",YSKM,Gwen,5/0/3,344,"Haste, Teleport",,GIDEON,Gragas,3/1/6,189,"Smite, Flash",,Dove,Renekton,1/2/8,275,"Teleport, Flash",,Ahn,Xayah,5/2/7,366,"Heal, Flash",,Wink,Braum,2/0/12,35,"Dot, Flash",,0,[],,,,,,,20.3%,24.2%,19.3%,17.6%,20.8%,18.8%,27.1%,25.6%,12.5%,13.8%,19.2%,386 DPM,28.7%,648 DPM,16.9%,339 DPM,20.2%,455 DPM,35.1%,704 DPM,14.3%,322 DPM,23.3%,466 DPM,27.6%,623 DPM,5.5%,110 DPM,9.2%,207 DPM,,,,,,,,,,,,,,
46834,46835,Rare Atom vs IG,LPL Spring 2023,2023-03-03 (WEEK7),33:00,v13.4,Invictus Gaming,WIN,19,9,3,1,62.4k,True,True,,"Nidalee, Elise, Renekton, Xayah, Caitlyn","Camille, Poppy, Galio, Kaisa, Heimerdinger",YSKM,Camille,4/1/6,258,"Flash, Teleport",,GIDEON,Poppy,3/0/8,158,"Smite, Flash",,Dove,Galio,2/0/10,204,"Teleport, Flash",,Ahn,Kaisa,9/1/8,303,"Boost, Flash",,Wink,Heimerdinger,1/2/8,29,"Heal, Flash",,Rare Atom,LOSS,4,3,2,0,52k,False,False,,"Jax, Sejuani, Gragas, Lucian, Zeri","Gwen, Lee Sin, LeBlanc, Varus, Karma",Cube,Gwen,2/4/1,288,"Dot, Teleport",,Leyan,Lee Sin,1/5/3,164,"Smite, Flash",,Strive,LeBlanc,1/2/2,262,"Flash, Teleport",,Assum,Varus,0/5/0,256,"Boost, Flash",,Southwind,Karma,0/3/2,29,"Flash, Heal",,0,[],,,,,,,22.2%,24.9%,18.4%,17.4%,17.6%,23.1%,27.5%,20.9%,14.3%,13.7%,25%,587 DPM,24.3%,587 DPM,12.7%,298 DPM,11%,267 DPM,19.9%,466 DPM,22.5%,543 DPM,28.1%,659 DPM,31.7%,764 DPM,14.2%,333 DPM,10.5%,253 DPM,,,,,,,,,,,,,,
46831,46831,JD Gaming vs Team WE,LPL Spring 2023,2023-03-02 (WEEK7),31:12,v13.4,JD Gaming,WIN,22,10,3,1,63.9k,True,True,,"Lee Sin, Cassiopeia, Vi, Karma, Gwen","KSante, Gragas, Jayce, Varus, Heimerdinger",369,KSante,4/2/5,249,"Haste, Teleport",,Kanavi,Gragas,4/3/8,211,"Flash, Smite",,Knight,Jayce,6/1/6,303,"Flash, Teleport",,Ruler,Varus,6/2/8,294,"Flash, Boost",,Missing,Heimerdinger,2/3/7,26,"Dot, Flash",,Team WE,LOSS,11,1,2,1,55.2k,False,False,,"Annie, Ashe, Sejuani, Renekton, Elise","Sion, Maokai, Irelia, Jhin, Miss Fortune",Biubiu,Sion,0/4/5,249,"Flash, Teleport",,Heng,Maokai,0/4/8,142,"Flash, Smite",,Shanks,Irelia,5/6/1,273,"Flash, Teleport",,Hope,Jhin,5/2/4,242,"Flash, Boost",,Iwandy,Miss Fortune,1/6/8,56,"Heal, Flash",,0,[],,,,,,,20.2%,18.6%,19%,17.8%,22.6%,25%,24.4%,23.4%,13.9%,15.2%,20%,754 DPM,19.1%,548 DPM,19.7%,743 DPM,20.6%,591 DPM,22.3%,841 DPM,18.3%,527 DPM,30.9%,1166 DPM,16.7%,481 DPM,7.3%,274 DPM,25.3%,727 DPM,,,,,,,,,,,,,,
46831,46832,JD Gaming vs Team WE,LPL Spring 2023,2023-03-02 (WEEK7),39:46,v13.4,Team WE,LOSS,16,5,3,1,68k,False,True,,"Ashe, Annie, No ban, Jayce, Tristana","Renekton, Sejuani, LeBlanc, Jhin, Karma",Biubiu,Renekton,2/5/4,310,"Flash, Teleport",,Heng,Sejuani,2/3/10,181,"Flash, Smite",,Shanks,LeBlanc,7/2/3,304,"Flash, Teleport",,Hope,Jhin,3/3/5,374,"Flash, Heal",,Iwandy,Karma,2/4/9,45,"Dot, Flash",,JD Gaming,WIN,17,10,3,1,75.5k,True,False,,"Lee Sin, Vi, Varus, Gwen, Cassiopeia","KSante, Nidalee, Kassadin, Caitlyn, Lux",369,KSante,4/3/6,266,"Flash, Teleport",,Kanavi,Nidalee,4/4/8,283,"Flash, Smite",,Knight,Kassadin,6/1/4,401,"Flash, Teleport",,Ruler,Caitlyn,3/2/5,421,"Flash, Boost",,Missing,Lux,0/6/11,25,"Dot, Flash",,0,[],,,,,,,21.8%,18.7%,17%,20.5%,23%,24.8%,23.8%,23.8%,14.3%,12.2%,18.9%,478 DPM,15.7%,421 DPM,14.1%,355 DPM,22.8%,609 DPM,29.6%,747 DPM,23.5%,628 DPM,26.5%,670 DPM,27.3%,729 DPM,10.9%,275 DPM,10.7%,285 DPM,,,,,,,,,,,,,,
46828,46828,FPX vs TT,LPL Spring 2023,2023-03-02 (WEEK7),31:54,v13.4,Funplus Phoenix,LOSS,6,2,1,0,51.3k,False,True,,"Ashe, Jayce, Elise, Kassadin, Gwen","Sion, Wukong, Annie, Lucian, Nami",fearness,Sion,0/2/4,265,"Teleport, Flash",,H4cker,Wukong,2/1/4,154,"Flash, Smite",,Care,Annie,2/4/3,237,"Flash, Teleport",,Lwx,Lucian,2/3/3,313,"Flash, Dot",,Qiuqiu,Nami,0/3/4,22,"Heal, Flash",,TT,WIN,13,10,4,1,60.9k,True,False,,"Caitlyn, Lee Sin, Sejuani, Fiora, Aurelion Sol","Gragas, Vi, Veigar, Zeri, Lulu",Hoya,Gragas,2/1/7,263,"Flash, Teleport",,Beichuan,Vi,0/1/7,184,"Flash, Smite",,Ucal,Veigar,7/3/4,301,"Teleport, Flash",,huanfeng,Zeri,4/0/6,340,"Barrier, Flash",,XinLiu,Lulu,0/1/8,0,"Heal, Flash",,0,[],,,,,,,19.2%,20.4%,19.5%,16.6%,21.8%,24.9%,27.2%,25.5%,12.3%,12.6%,32.8%,569 DPM,31.9%,706 DPM,13.8%,239 DPM,8.3%,183 DPM,23.9%,413 DPM,29.5%,653 DPM,25.5%,442 DPM,27%,597 DPM,4%,69 DPM,3.3%,73 DPM,,,,,,,,,,,,,,
46828,46829,FPX vs TT,LPL Spring 2023,2023-03-02 (WEEK7),32:05,v13.4,Funplus Phoenix,WIN,22,10,4,1,62k,False,False,,"Ashe, Jayce, Elise, Kassadin, Veigar","Mordekaiser, Wukong, Annie, Zeri, Lulu",fearness,Mordekaiser,7/3/10,212,"Teleport, Haste",,H4cker,Wukong,3/1/10,167,"Flash, Smite",,Care,Annie,3/3/13,223,"Flash, Teleport",,Lwx,Zeri,8/1/9,324,"Flash, Barrier",,Qiuqiu,Lulu,1/1/18,37,"Heal, Flash",,TT,LOSS,9,4,0,0,53.2k,True,True,,"Caitlyn, Lee Sin, Sejuani, Aurelion Sol, Fiora","Gwen, Vi, Gragas, Aphelios, Nautilus",Hoya,Gwen,4/3/0,263,"Haste, Teleport",,Beichuan,Vi,2/5/7,153,"Flash, Smite",,Ucal,Gragas,2/2/5,255,"Teleport, Flash",,huanfeng,Aphelios,1/7/1,277,"Heal, Flash",,XinLiu,Nautilus,0/5/5,55,"Dot, Flash",,0,[],,,,,,,20.3%,24%,16.9%,18.9%,22.2%,21.9%,27.5%,21.8%,13.1%,13.5%,23.8%,698 DPM,28.3%,712 DPM,19.5%,573 DPM,9.6%,241 DPM,24.6%,722 DPM,22.8%,573 DPM,30%,882 DPM,33.1%,832 DPM,2.1%,63 DPM,6.1%,154 DPM,,,,,,,,,,,,,,
46828,46830,FPX vs TT,LPL Spring 2023,2023-03-02 (WEEK7),34:31,v13.4,Funplus Phoenix,LOSS,9,3,2,0,59.9k,True,True,,"Ashe, Jayce, Elise, Jax, Heimerdinger","Fiora, Sejuani, Yone, Aphelios, Rakan",fearness,Fiora,3/4/2,312,"Teleport, Haste",,H4cker,Sejuani,1/3/6,157,"Flash, Smite",,Care,Yone,5/4/2,309,"Flash, Teleport",,Lwx,Aphelios,0/3/4,414,"Flash, Boost",,Qiuqiu,Rakan,0/3/4,53,"Dot, Flash",,TT,WIN,17,7,3,2,66.8k,False,False,,"Caitlyn, Lucian, Zeri, Ziggs, Xayah","Gnar, Wukong, Akali, Varus, Renata Glasc",Hoya,Gnar,3/2/5,273,"Flash, Teleport",,Beichuan,Wukong,6/2/7,217,"Flash, Smite",,Ucal,Akali,4/1/6,284,"Teleport, Flash",,huanfeng,Varus,3/1/7,323,"Boost, Flash",,XinLiu,Renata Glasc,1/3/8,29,"Dot, Flash",,0,[],,,,,,,22.7%,22.2%,16.6%,20.4%,24.3%,20.9%,24.7%,23.2%,11.7%,13.3%,38.1%,606 DPM,25.5%,549 DPM,13.8%,219 DPM,22.7%,489 DPM,21.3%,338 DPM,23.9%,513 DPM,18.8%,299 DPM,19.7%,424 DPM,8.1%,129 DPM,8.2%,175 DPM,,,,,,,,,,,,,,
46825,46825,LGD Gaming vs WBG,LPL Spring 2023,2023-03-01 (WEEK7),28:05,v13.3,Weibo Gaming,WIN,20,10,2,0,55.4k,True,True,,"Jax, Sejuani, Elise, Ziggs, Ashe","KSante, Vi, Syndra, Varus, Annie",TheShy,KSante,5/1/7,256,"Haste, Teleport",,Karsa,Vi,3/2/13,146,"Smite, Flash",,xiaohu,Syndra,6/1/9,233,"Flash, Teleport",,Light,Varus,5/1/5,279,"Flash, Heal",,Crisp,Annie,1/2/12,0,"Flash, Dot",,LGD Gaming,LOSS,7,2,2,1,46k,False,False,,"Caitlyn, Lee Sin, Maokai, Quinn, Sion","Renekton, Nidalee, Jayce, Draven, Nautilus",Xiaoxu,Renekton,1/6/1,205,"Flash, Teleport",,Meteor,Nidalee,1/2/5,174,"Flash, Smite",,xqw,Jayce,3/4/4,206,"Flash, Teleport",,Lpc,Draven,2/4/3,235,"Flash, Boost",,jinjiao,Nautilus,0/4/4,34,"Flash, Dot",,0,[],,,,,,,22.2%,20%,17.8%,20.5%,22.4%,22.2%,24.1%,24.4%,13.4%,13%,31.7%,881 DPM,21.3%,348 DPM,13.2%,367 DPM,24.8%,406 DPM,23.2%,644 DPM,30.2%,493 DPM,23.4%,651 DPM,18%,295 DPM,8.5%,235 DPM,5.7%,93 DPM,,,,,,,,,,,,,,
46825,46826,LGD Gaming vs WBG,LPL Spring 2023,2023-03-01 (WEEK7),27:37,v13.3,Weibo Gaming,WIN,23,9,2,1,57.1k,False,True,,"Jax, Sejuani, Elise, Nautilus, Pyke","KSante, Vi, Syndra, Varus, Ashe",TheShy,KSante,1/1/4,246,"Haste, Teleport",,Karsa,Vi,6/2/10,164,"Smite, Flash",,xiaohu,Syndra,14/2/4,239,"Flash, Teleport",,Light,Varus,0/4/10,197,"Flash, Heal",,Crisp,Ashe,2/4/12,30,"Flash, Barrier",,LGD Gaming,LOSS,13,3,2,0,48.5k,True,False,,"Caitlyn, Lee Sin, Maokai, Annie, Heimerdinger","Fiora, Nidalee, Jayce, Draven, Kalista",Xiaoxu,Fiora,0/1/2,257,"Haste, Teleport",,Meteor,Nidalee,2/5/8,163,"Flash, Smite",,xqw,Jayce,2/5/2,183,"Flash, Teleport",,Lpc,Draven,2/6/6,190,"Flash, Heal",,jinjiao,Kalista,7/6/3,28,"Flash, Dot",,0,[],,,,,,,20.9%,22.1%,20.6%,18.5%,26.2%,17.7%,18%,22.8%,14.3%,18.9%,19.3%,475 DPM,23.1%,460 DPM,13%,320 DPM,23.6%,469 DPM,37%,909 DPM,15.3%,304 DPM,17.3%,425 DPM,19.4%,385 DPM,13.4%,331 DPM,18.6%,371 DPM,,,,,,,,,,,,,,
46822,46822,OMG vs NIP,LPL Spring 2023,2023-03-01 (WEEK7),33:30,v13.3,OMG,WIN,15,11,2,1,63.8k,False,False,,"Jax, Lee Sin, Maokai, Jayce, Ashe","KSante, Wukong, Akali, Zeri, Lulu",shanji,KSante,2/3/8,305,"Haste, Teleport",,AKi,Wukong,2/1/10,182,"Flash, Smite",,Creme,Akali,7/5/5,249,"Flash, Teleport",,Able,Zeri,4/0/9,367,"Boost, Flash",,Ppgod,Lulu,0/1/13,33,"Heal, Flash",,Ninjas in Pyjamas,LOSS,10,1,2,0,55.1k,True,True,,"Rumble, Annie, Sejuani, Samira, Kaisa","Renekton, Xin Zhao, Ryze, Varus, Karma",invincible,Renekton,0/3/8,289,"Teleport, Flash",,XLB,Xin Zhao,2/5/5,150,"Smite, Flash",,Pout,Ryze,2/3/8,284,"Flash, Teleport",,Photic,Varus,4/3/4,337,"Flash, Heal",,Zhuo,Karma,2/1/7,46,"Flash, Dot",,0,[],,,,,,,22.9%,21%,17.4%,17.2%,21.7%,22%,25.4%,25%,12.6%,14.8%,20.1%,496 DPM,19.4%,338 DPM,12.2%,300 DPM,11.4%,199 DPM,31%,765 DPM,28.5%,497 DPM,34.4%,849 DPM,27.1%,472 DPM,2.3%,57 DPM,13.6%,237 DPM,,,,,,,,,,,,,,
46822,46823,OMG vs NIP,LPL Spring 2023,2023-03-01 (WEEK7),44:24,v13.3,OMG,LOSS,13,6,2,2,79.8k,True,False,,"Jax, Lee Sin, Jayce, Renekton, Gwen","Lillia, Sejuani, Yone, Samira, Rell",shanji,Lillia,3/4/6,409,"Flash, Teleport",,AKi,Sejuani,2/4/4,215,"Flash, Smite",,Creme,Yone,6/1/3,423,"Flash, Teleport",,Able,Samira,2/4/6,369,"Dot, Flash",,Ppgod,Rell,0/4/6,44,"Dot, Flash",,Ninjas in Pyjamas,WIN,17,9,4,1,79.8k,False,True,,"Akali, Annie, Maokai, Nautilus, Rumble","Sion, Elise, Tristana, Caitlyn, Lux",invincible,Sion,2/3/9,258,"Teleport, Flash",,XLB,Elise,2/2/10,183,"Smite, Flash",,Pout,Tristana,3/4/8,415,"Flash, Teleport",,Photic,Caitlyn,9/2/5,470,"Flash, Boost",,Zhuo,Lux,1/2/15,42,"Flash, Heal",,0,[],,,,,,,23.1%,17.4%,17%,16.4%,26.8%,23.7%,21.6%,28.7%,11.5%,13.8%,33.8%,771 DPM,18.5%,475 DPM,10.1%,231 DPM,18.9%,483 DPM,27.4%,625 DPM,21.3%,546 DPM,25.1%,574 DPM,30.7%,786 DPM,3.6%,81 DPM,10.6%,272 DPM,,,,,,,,,,,,,,
46822,46824,OMG vs NIP,LPL Spring 2023,2023-03-01 (WEEK7),36:20,v13.3,OMG,WIN,8,9,4,0,65.2k,False,True,,"Jax, Lee Sin, Elise, Jayce, Sion","KSante, Wukong, Sylas, Aphelios, Annie",shanji,KSante,1/1/6,264,"Haste, Teleport",,AKi,Wukong,1/0/7,201,"Flash, Smite",,Creme,Sylas,1/1/3,307,"Flash, Teleport",,Able,Aphelios,4/3/2,380,"Haste, Flash",,Ppgod,Annie,1/1/6,0,"Heal, Flash",,Ninjas in Pyjamas,LOSS,6,4,0,2,63.9k,True,False,,"Akali, Sejuani, Maokai, Rumble, Viktor","Fiora, Vi, Ryze, Zeri, Lulu",invincible,Fiora,1/1/0,344,"Teleport, Flash",,XLB,Vi,1/4/1,162,"Smite, Flash",,Pout,Ryze,3/0/1,329,"Flash, Teleport",,Photic,Zeri,1/2/4,383,"Flash, Boost",,Zhuo,Lulu,0/1/6,42,"Flash, Heal",,0,[],,,,,,,20%,23.5%,18.8%,15.5%,22%,21.4%,26.4%,26.5%,12.8%,13.1%,9.9%,169 DPM,15.3%,234 DPM,14.8%,251 DPM,5.6%,86 DPM,20%,339 DPM,42.1%,644 DPM,44.8%,760 DPM,30.3%,464 DPM,10.5%,179 DPM,6.6%,102 DPM,,,,,,,,,,,,,,
46819,46819,Team WE vs Top Esports,LPL Spring 2023,2023-02-28 (WEEK7),27:04,v13.3,Top Esports,WIN,23,11,2,1,55.1k,True,True,,"Annie, Lee Sin, Vi, Gwen, Sion","Yone, Sejuani, Jayce, Ziggs, Leona",Qingtian,Yone,4/3/5,231,"Flash, Teleport",,Tian,Sejuani,3/2/14,140,"Smite, Flash",,RooKie,Jayce,7/1/3,249,"Teleport, Flash",,JackeyLove,Ziggs,8/4/9,210,"Flash, Teleport",,Mark,Leona,1/3/11,30,"Flash, Dot",,Team WE,LOSS,13,4,1,0,46.7k,False,False,,"Maokai, Elise, Jax, Renekton, Nautilus","Gnar, Wukong, Cassiopeia, Varus, Twitch",Biubiu,Gnar,1/4/6,217,"Flash, Teleport",,Heng,Wukong,5/7/2,110,"Flash, Smite",,Shanks,Cassiopeia,1/3/4,210,"Flash, Teleport",,Hope,Varus,3/3/5,215,"Flash, Boost",,Iwandy,Twitch,3/6/6,34,"Boost, Flash",,0,[],,,,,,,23.1%,23.5%,18.8%,17.9%,22.7%,19.1%,22.4%,22.4%,13%,17.1%,18.3%,590 DPM,16.9%,456 DPM,18.6%,601 DPM,13%,351 DPM,23.1%,747 DPM,16%,432 DPM,35.7%,1151 DPM,34.1%,919 DPM,4.3%,139 DPM,19.9%,535 DPM,,,,,,,,,,,,,,
46819,46820,Team WE vs Top Esports,LPL Spring 2023,2023-02-28 (WEEK7),28:00,v13.3,Top Esports,WIN,32,11,3,1,67.8k,False,False,,"Annie, Vi, Varus, Sion, Caitlyn","Renekton, Lee Sin, Syndra, Draven, Pyke",Qingtian,Renekton,8/2/10,253,"Flash, Teleport",,Tian,Lee Sin,5/2/16,172,"Smite, Flash",,RooKie,Syndra,5/3/15,232,"Teleport, Flash",,JackeyLove,Draven,5/4/10,263,"Flash, Boost",,Mark,Pyke,9/3/7,77,"Flash, Dot",,Team WE,LOSS,14,1,1,0,49.6k,True,False,,"Maokai, Sejuani, Elise, Nautilus, Leona","Jayce, Gragas, Irelia, Aphelios, Ashe",Biubiu,Jayce,4/8/3,206,"Flash, Teleport",,Heng,Gragas,1/5/6,116,"Flash, Smite",,Shanks,Irelia,0/5/3,250,"Flash, Teleport",,Hope,Aphelios,6/6/5,226,"Flash, Haste",,Iwandy,Ashe,3/8/8,39,"Heal, Flash",,0,[],,,,,,,20.3%,21.7%,18.8%,16%,20.3%,18.3%,23.8%,26.6%,16.8%,17.4%,19.4%,577 DPM,23.9%,602 DPM,15.3%,454 DPM,17.6%,443 DPM,28.5%,845 DPM,19.4%,488 DPM,27.3%,809 DPM,23.6%,593 DPM,9.6%,284 DPM,15.6%,392 DPM,,,,,,,,,,,,,,
46816,46816,RNG vs AL,LPL Spring 2023,2023-02-28 (WEEK7),34:00,v13.3,Royal Never Give Up,WIN,18,9,4,0,64.1k,False,True,,"Elise, Annie, LeBlanc, Akali, Gwen","Sion, Wukong, Syndra, Lucian, Nami",Breathe,Sion,0/0/12,306,"Teleport, Flash",,Wei,Wukong,2/1/10,180,"Smite, Flash",,Angel,Syndra,6/3/5,274,"Flash, Teleport",,GALA,Lucian,10/1/6,342,"Flash, Boost",,Ming,Nami,0/2/15,0,"Heal, Flash",,Anyone s Legend,LOSS,7,2,1,1,54.8k,True,False,,"Caitlyn, Maokai, Varus, Azir, Renekton","Jax, Lee Sin, Galio, Draven, Nautilus",Zdz,Jax,0/4/4,297,"Teleport, Flash",,Xiaohao,Lee Sin,3/2/2,182,"Smite, Flash",,Pinz,Galio,3/4/4,234,"Flash, Teleport",,Betty,Draven,1/3/3,286,"Flash, Heal",,SwordArt,Nautilus,0/5/4,26,"Dot, Flash",,0,[],,,,,,,20.2%,23%,17.3%,19.8%,21.1%,21.6%,29%,23.4%,12.4%,12.2%,16.5%,416 DPM,21.1%,281 DPM,13.3%,334 DPM,19.4%,258 DPM,18.2%,457 DPM,31.8%,424 DPM,46.8%,1175 DPM,21%,279 DPM,5.2%,132 DPM,6.7%,89 DPM,,,,,,,,,,,,,,
46816,46817,RNG vs AL,LPL Spring 2023,2023-02-28 (WEEK7),33:23,v13.3,Anyone s Legend,WIN,23,9,2,1,66.6k,True,True,,"Caitlyn, Syndra, Varus, Sion, Nautilus","Jax, Lee Sin, LeBlanc, Ziggs, Leona",Zdz,Jax,2/2/10,330,"Teleport, Flash",,Xiaohao,Lee Sin,10/2/8,177,"Smite, Flash",,Pinz,LeBlanc,7/1/13,273,"Flash, Teleport",,Betty,Ziggs,4/4/13,275,"Flash, Teleport",,SwordArt,Leona,0/2/19,44,"Exhaust, Flash",,Royal Never Give Up,LOSS,11,0,3,0,57.4k,False,False,,"Maokai, Elise, Lucian, Ezreal, Heimerdinger","Ornn, Wukong, Lissandra, Draven, Shen",Breathe,Ornn,4/4/2,243,"Teleport, Flash",,Wei,Wukong,2/5/8,163,"Smite, Flash",,Tangyuan,Lissandra,0/5/6,243,"Teleport, Flash",,GALA,Draven,5/5/4,319,"Flash, Boost",,Ming,Shen,0/4/11,53,"Dot, Flash",,0,[],,,,,,,22.5%,21.6%,21.2%,17.7%,22.9%,18%,20.7%,29.3%,12.7%,13.4%,23.1%,611 DPM,24.3%,510 DPM,21.2%,559 DPM,18.6%,391 DPM,27.2%,719 DPM,19.6%,412 DPM,24%,633 DPM,29.4%,617 DPM,4.6%,121 DPM,8.1%,170 DPM,,,,,,,,,,,,,,
46816,46818,RNG vs AL,LPL Spring 2023,2023-02-28 (WEEK7),31:01,v13.3,Royal Never Give Up,LOSS,1,3,2,0,47.7k,False,True,,"Elise, LeBlanc, Annie, Galio, Zeri","Fiora, Vi, Syndra, Varus, Heimerdinger",Breathe,Fiora,0/2/0,271,"Teleport, Flash",,Wei,Vi,0/3/1,148,"Smite, Flash",,Angel,Syndra,0/1/0,264,"Flash, Teleport",,GALA,Varus,0/3/0,301,"Flash, Boost",,Ming,Heimerdinger,1/5/0,23,"Dot, Flash",,Anyone s Legend,WIN,14,8,3,1,58k,True,False,,"Caitlyn, Maokai, Lucian, Sion, No ban","Jax, Lee Sin, Ryze, Kaisa, Ashe",Zdz,Jax,6/1/1,280,"Teleport, Flash",,Xiaohao,Lee Sin,2/0/12,164,"Smite, Flash",,Pinz,Ryze,3/0/8,291,"Flash, Teleport",,Betty,Kaisa,3/0/8,258,"Flash, Boost",,SwordArt,Ashe,0/1/11,0,"Heal, Flash",,0,[],,,,,,,22.4%,23.6%,16.6%,17.8%,21.7%,22.2%,24.4%,23.4%,14.9%,13%,19.1%,339 DPM,24.7%,411 DPM,8.7%,156 DPM,15.2%,253 DPM,16.4%,293 DPM,22.1%,367 DPM,40.5%,720 DPM,28.4%,473 DPM,15.3%,272 DPM,9.5%,159 DPM,,,,,,,,,,,,,,
46813,46813,Ultra Prime vs BLG,LPL Spring 2023,2023-02-27 (WEEK7),29:41,v13.3,Ultra Prime,LOSS,4,2,1,0,45.9k,False,False,,"Nidalee, Kindred, Elise, Azir, Galio","Kennen, Lee Sin, Ryze, Lucian, Nami",Hery,Kennen,1/2/2,254,"Flash, Teleport",,Ning,Lee Sin,2/4/2,191,"Smite, Flash",,Qing,Ryze,0/1/1,279,"Flash, Teleport",,Doggo,Lucian,0/4/2,222,"Flash, Boost",,Baolan,Nami,1/4/1,0,"Heal, Flash",,Bilibili Gaming,WIN,15,11,3,1,59.1k,True,True,,"Sejuani, Maokai, Ashe, Varus, Nautilus","Jax, Vi, Syndra, Caitlyn, Lux",Bin,Jax,3/1/2,237,"Flash, Teleport",,XUN,Vi,4/0/4,165,"Flash, Smite",,Yagao,Syndra,4/1/4,245,"Flash, Teleport",,Elk,Caitlyn,3/1/8,302,"Flash, Heal",,ON,Lux,1/1/9,0,"Flash, Exhaust",,0,[],,,,,,,24.1%,19%,20.1%,18.7%,22%,22.4%,21%,25.4%,12.8%,14.5%,31.5%,433 DPM,11.1%,260 DPM,17.6%,243 DPM,11.1%,261 DPM,24.3%,335 DPM,27.9%,657 DPM,20.8%,286 DPM,38%,894 DPM,5.8%,79 DPM,12%,282 DPM,,,,,,,,,,,,,,
46813,46814,Ultra Prime vs BLG,LPL Spring 2023,2023-02-27 (WEEK7),26:35,v13.3,Ultra Prime,LOSS,12,3,2,0,43.9k,True,True,,"Nidalee, Kindred, Elise, Azir, Syndra","Gragas, Jarvan IV, Sylas, Caitlyn, Annie",Hery,Gragas,2/4/4,198,"Flash, Teleport",,Ning,Jarvan IV,3/5/9,113,"Smite, Flash",,Qing,Sylas,1/6/6,169,"Flash, Teleport",,Doggo,Caitlyn,4/3/4,215,"Flash, Heal",,Baolan,Annie,2/4/9,0,"Dot, Flash",,Bilibili Gaming,WIN,22,10,2,1,54.3k,False,False,,"Sejuani, Maokai, Ashe, Ryze, Braum","Jax, Vi, Taliyah, Varus, Nautilus",Bin,Jax,5/0/9,214,"Flash, Teleport",,XUN,Vi,3/4/12,162,"Flash, Smite",,Yagao,Taliyah,6/3/8,194,"Flash, Teleport",,Elk,Varus,6/1/10,225,"Flash, Boost",,ON,Nautilus,2/4/6,28,"Flash, Dot",,0,[],,,,,,,20.6%,21.9%,19.5%,18.6%,20.3%,22.5%,24.3%,24%,15.2%,13%,28.4%,573 DPM,27.6%,752 DPM,12.3%,248 DPM,12.4%,338 DPM,19.6%,396 DPM,22.3%,607 DPM,23%,463 DPM,31.7%,866 DPM,16.6%,334 DPM,6%,165 DPM,,,,,,,,,,,,,,
46810,46810,EDG vs Rare Atom,LPL Spring 2023,2023-02-27 (WEEK7),27:28,v13.3,Edward Gaming,WIN,18,9,4,1,55.5k,False,True,,"Draven, Jax, Renekton, Gwen, Annie","Mordekaiser, Elise, Jayce, Caitlyn, Heimerdinger",Ale,Mordekaiser,1/1/3,262,"Teleport, Haste",,Jiejie,Elise,6/0/6,170,"Smite, Flash",,FoFo,Jayce,5/0/8,254,"Flash, Teleport",,Leave,Caitlyn,5/0/6,267,"Heal, Flash",,meiko,Heimerdinger,1/3/9,30,"Flash, Dot",,Rare Atom,LOSS,4,0,0,0,40.6k,True,False,,"Maokai, Ashe, Varus, Fiora, Lux","Sion, Lee Sin, Syndra, Jinx, Nautilus",Cube,Sion,1/3/1,215,"Flash, Teleport",,Leyan,Lee Sin,1/5/0,147,"Smite, Flash",,Strive,Syndra,0/2/2,208,"Flash, Teleport",,Assum,Jinx,2/2/0,230,"Heal, Flash",,Southwind,Nautilus,0/6/2,37,"Flash, Dot",,0,[],,,,,,,19.6%,22.6%,20%,18.8%,22.8%,21.1%,23.2%,23.5%,14.4%,14%,20.1%,561 DPM,33.6%,444 DPM,15.1%,421 DPM,9.6%,127 DPM,24.3%,680 DPM,25.2%,334 DPM,25.1%,703 DPM,24.3%,322 DPM,15.5%,433 DPM,7.3%,97 DPM,,,,,,,,,,,,,,
46810,46811,EDG vs Rare Atom,LPL Spring 2023,2023-02-27 (WEEK7),45:11,v13.3,Rare Atom,WIN,19,7,4,2,83.7k,True,True,,"Maokai, Fiora, Ashe, Sion, Karma","Renekton, Elise, Annie, Caitlyn, Lux",Cube,Renekton,1/2/8,385,"Flash, Teleport",,Leyan,Elise,1/4/7,203,"Smite, Flash",,Strive,Annie,4/1/5,254,"Flash, Teleport",,Assum,Caitlyn,11/3/2,413,"Boost, Flash",,Southwind,Lux,2/4/11,51,"Flash, Dot",,Edward Gaming,LOSS,14,9,0,0,76.7k,False,False,,"Draven, Jax, Nidalee, Lucian, Zeri","Gnar, Gragas, Jayce, Varus, Leona",Ale,Gnar,1/3/4,383,"Teleport, Flash",,Jiejie,Gragas,3/4/4,218,"Smite, Flash",,FoFo,Jayce,4/3/3,330,"Flash, Teleport",,Leave,Varus,4/3/3,371,"Boost, Flash",,meiko,Leona,2/6/8,43,"Flash, Dot",,0,[],,,,,,,21.3%,22%,16.8%,17.8%,19.6%,22%,27.2%,24.5%,15.1%,13.7%,14.2%,411 DPM,21.4%,588 DPM,17.6%,510 DPM,17%,466 DPM,19.1%,553 DPM,33%,907 DPM,36.5%,1057 DPM,24.5%,673 DPM,12.7%,367 DPM,4.1%,112 DPM,,,,,,,,,,,,,,
46810,46812,EDG vs Rare Atom,LPL Spring 2023,2023-02-27 (WEEK7),28:07,v13.3,Edward Gaming,WIN,13,10,4,1,57.5k,False,True,,"Draven, Nidalee, Elise, Renekton, Nautilus","Gnar, Wukong, Syndra, Zeri, Annie",Ale,Gnar,1/1/5,278,"Teleport, Flash",,Jiejie,Wukong,2/0/5,173,"Smite, Flash",,FoFo,Syndra,5/1/5,251,"Flash, Teleport",,Leave,Zeri,5/1/2,324,"Boost, Flash",,meiko,Annie,0/1/9,22,"Flash, Dot",,Rare Atom,LOSS,4,1,0,0,43.8k,True,False,,"Maokai, Ashe, Jax, Akali, LeBlanc","Camille, Sejuani, Yone, Varus, Heimerdinger",Cube,Camille,0/3/1,241,"Flash, Teleport",,Leyan,Sejuani,0/2/1,153,"Smite, Flash",,Strive,Yone,2/4/0,237,"Flash, Teleport",,Assum,Varus,1/3/1,240,"Boost, Flash",,Southwind,Heimerdinger,1/1/1,32,"Flash, Heal",,0,[],,,,,,,21.9%,21.6%,17.6%,18.3%,22.2%,22.3%,25.7%,22.3%,12.6%,15.4%,25.6%,619 DPM,13.3%,183 DPM,13.1%,317 DPM,14.8%,203 DPM,29.4%,711 DPM,13.1%,180 DPM,23.6%,571 DPM,35.7%,491 DPM,8.2%,197 DPM,23%,317 DPM,,,,,,,,,,,,,,
46460,46460,WBG vs LNG Esports,LPL Spring 2023,2023-02-26 (WEEK6),45:06,v13.3,Weibo Gaming,LOSS,11,6,3,1,74.8k,True,True,,"Varus, Draven, Ryze, Jax, Fiora","KSante, Elise, Jayce, Jhin, Annie",TheShy,KSante,3/6/3,316,"Haste, Teleport",,Karsa,Elise,2/5/5,246,"Smite, Flash",,xiaohu,Jayce,1/5/4,373,"Flash, Teleport",,Light,Jhin,4/0/5,422,"Flash, Boost",,Crisp,Annie,1/4/9,32,"Flash, Heal",,LNG Esports,WIN,20,10,4,2,82.5k,False,False,,"Zeri, Caitlyn, Lucian, Leona, Sion","Camille, Maokai, Viktor, Ezreal, Ashe",Zika,Camille,5/1/8,367,"Flash, Teleport",,Tarzan,Maokai,1/4/13,220,"Smite, Flash",,Scout,Viktor,7/1/10,382,"Teleport, Flash",,LP,Ezreal,5/3/11,410,"Flash, Boost",,Hang,Ashe,2/2/14,58,"Flash, Heal",,0,[],,,,,,,21.2%,22.6%,18.7%,16.2%,21.4%,23.6%,24.9%,22.9%,13.8%,14.7%,22.8%,591 DPM,13.7%,444 DPM,17%,439 DPM,14.3%,461 DPM,19.6%,507 DPM,28.3%,913 DPM,28.1%,728 DPM,30.8%,997 DPM,12.5%,323 DPM,12.9%,417 DPM,,,,,,,,,,,,,,
46460,46461,WBG vs LNG Esports,LPL Spring 2023,2023-02-26 (WEEK6),29:07,v13.3,LNG Esports,WIN,15,9,3,1,56.1k,True,True,,"Lucian, Caitlyn, Zeri, Tristana, Sivir","Jax, Sejuani, Jayce, Ziggs, Nautilus",Zika,Jax,0/2/7,262,"Flash, Teleport",,Tarzan,Sejuani,3/2/7,118,"Smite, Flash",,Scout,Jayce,6/3/5,250,"Teleport, Flash",,LP,Ziggs,4/2/6,282,"Flash, Teleport",,Hang,Nautilus,2/3/7,39,"Flash, Dot",,Weibo Gaming,LOSS,12,2,1,0,48.1k,False,False,,"Draven, Maokai, Varus, Fiora, Camille","KSante, Elise, Gragas, Vayne, Ashe",TheShy,KSante,0/3/3,208,"Flash, Teleport",,Karsa,Elise,3/4/4,146,"Smite, Flash",,xiaohu,Gragas,4/5/6,192,"Flash, Teleport",,Light,Vayne,3/1/3,263,"Flash, Boost",,Crisp,Ashe,2/3/5,29,"Flash, Heal",,0,[],,,,,,,22.2%,19.6%,16.6%,18.8%,22.7%,22.3%,24.7%,24.4%,13.8%,14.9%,17.6%,388 DPM,16.8%,275 DPM,8.7%,192 DPM,16.8%,275 DPM,25.5%,561 DPM,30.4%,497 DPM,41.9%,924 DPM,16.8%,274 DPM,6.3%,138 DPM,19.1%,313 DPM,,,,,,,,,,,,,,
46457,46457,OMG vs IG,LPL Spring 2023,2023-02-26 (WEEK6),29:06,v13.3,OMG,WIN,18,11,3,2,59.7k,True,False,,"Jax, Maokai, Lucian, Galio, Irelia","Rumble, Sejuani, Yone, Xayah, Rakan",shanji,Rumble,5/3/5,220,"Flash, Dot",,AKi,Sejuani,1/0/15,156,"Flash, Smite",,Creme,Yone,6/0/5,287,"Flash, Teleport",,Able,Xayah,4/1/7,256,"Boost, Flash",,Ppgod,Rakan,2/1/16,39,"Dot, Flash",,Invictus Gaming,LOSS,5,1,1,0,46.6k,False,False,,"Samira, Zeri, Ashe, Ezreal, Varus","Gwen, Lee Sin, Sylas, Draven, Annie",YSKM,Gwen,1/5/2,201,"Flash, Teleport",,GIDEON,Lee Sin,1/3/0,167,"Smite, Flash",,Dove,Sylas,2/4/2,201,"Teleport, Flash",,Ahn,Draven,1/2/2,298,"Boost, Flash",,Wink,Annie,0/4/3,38,"Dot, Flash",,0,[],,,,,,,19.7%,20.5%,17.9%,17.4%,25.3%,21.2%,22.1%,26.4%,15.1%,14.5%,32.2%,824 DPM,20.9%,290 DPM,11.4%,293 DPM,9.1%,126 DPM,27.1%,693 DPM,28.5%,396 DPM,20.7%,529 DPM,26.4%,367 DPM,8.6%,219 DPM,15.2%,211 DPM,,,,,,,,,,,,,,
46457,46458,OMG vs IG,LPL Spring 2023,2023-02-26 (WEEK6),24:17,v13.3,Invictus Gaming,LOSS,4,2,0,0,36.7k,False,False,,"Samira, Rumble, Vi, Renekton, Xayah","Fiora, Lee Sin, Galio, Zeri, Rakan",YSKM,Fiora,2/4/0,183,"Flash, Teleport",,GIDEON,Lee Sin,1/5/1,108,"Smite, Flash",,Dove,Galio,0/3/2,149,"Teleport, Flash",,Ahn,Zeri,1/3/3,217,"Boost, Flash",,Wink,Rakan,0/5/4,39,"Dot, Flash",,OMG,WIN,20,7,4,1,48.9k,True,True,,"Jax, Maokai, Lucian, Camille, Lulu","Darius, Sejuani, Yone, Aphelios, Annie",shanji,Darius,5/0/5,185,"Flash, Haste",,AKi,Sejuani,0/1/12,131,"Flash, Smite",,Creme,Yone,7/1/8,226,"Flash, Teleport",,Able,Aphelios,7/0/8,203,"Haste, Flash",,Ppgod,Annie,1/3/14,0,"Dot, Flash",,0,[],,,,,,,25.5%,21.2%,18.1%,16.7%,17.5%,22.8%,23.8%,25.5%,15%,13.7%,23.9%,384 DPM,19.7%,493 DPM,14%,225 DPM,10.8%,271 DPM,15.5%,249 DPM,23.2%,581 DPM,33.9%,547 DPM,38.9%,975 DPM,12.8%,206 DPM,7.4%,185 DPM,,,,,,,,,,,,,,
46454,46454,FPX vs LGD Gaming,LPL Spring 2023,2023-02-26 (WEEK6),31:17,v13.3,Funplus Phoenix,WIN,19,10,1,1,61.6k,True,False,,"Draven, Nidalee, Elise, Gnar, Gragas","Jax, Wukong, Sylas, Jhin, Annie",Xiaolaohu,Jax,5/3/9,281,"Flash, Teleport",,H4cker,Wukong,2/3/12,170,"Flash, Smite",,Care,Sylas,2/2/10,251,"Flash, Teleport",,Lwx,Jhin,6/1/11,302,"Flash, Boost",,Qiuqiu,Annie,4/3/13,23,"Dot, Flash",,LGD Gaming,LOSS,12,4,3,0,55.2k,False,True,,"Maokai, Caitlyn, Lee Sin, Zeri, Lucian","Sion, Sejuani, Yone, Varus, Nautilus",Xiaoxu,Sion,4/2/3,251,"Flash, Teleport",,Meteor,Sejuani,1/3/10,185,"Flash, Smite",,xqw,Yone,2/4/3,279,"Flash, Teleport",,Lpc,Varus,5/5/3,284,"Flash, Boost",,jinjiao,Nautilus,0/5/8,42,"Flash, Dot",,0,[],,,,,,,23.3%,21.6%,18.3%,18.7%,19.5%,23.6%,24.1%,23.4%,14.8%,12.8%,27.5%,774 DPM,28.3%,697 DPM,12.1%,341 DPM,16.3%,401 DPM,23.2%,655 DPM,27.7%,680 DPM,28.4%,801 DPM,20.7%,508 DPM,8.8%,249 DPM,7%,172 DPM,,,,,,,,,,,,,,
46454,46455,FPX vs LGD Gaming,LPL Spring 2023,2023-02-26 (WEEK6),30:37,v13.3,Funplus Phoenix,LOSS,4,3,2,0,50.5k,True,True,,"Draven, Nidalee, Elise, Gnar, Gragas","Jax, Wukong, Sylas, Jhin, Annie",Xiaolaohu,Jax,0/1/0,350,"Flash, Teleport",,H4cker,Wukong,0/1/2,171,"Flash, Smite",,Care,Sylas,2/3/1,260,"Flash, Teleport",,Lwx,Jhin,0/0/2,295,"Flash, Boost",,Qiuqiu,Annie,2/1/1,0,"Dot, Flash",,LGD Gaming,WIN,6,6,2,1,53.9k,False,False,,"Maokai, Caitlyn, Lee Sin, Zeri, Lucian","Sion, Sejuani, Yone, Varus, Ashe",Xiaoxu,Sion,0/1/4,282,"Flash, Teleport",,Meteor,Sejuani,0/0/6,181,"Flash, Smite",,xqw,Yone,1/1/4,292,"Flash, Teleport",,Lpc,Varus,4/1/2,300,"Flash, Boost",,jinjiao,Ashe,1/1/5,23,"Flash, Heal",,0,[],,,,,,,26.5%,21.3%,17.8%,17.6%,20.6%,23.3%,22%,24.3%,13.2%,13.6%,26.4%,377 DPM,24.6%,351 DPM,8.7%,125 DPM,14.2%,203 DPM,22%,314 DPM,28.8%,411 DPM,29.5%,422 DPM,20.1%,286 DPM,13.3%,189 DPM,12.2%,174 DPM,,,,,,,,,,,,,,
46454,46456,FPX vs LGD Gaming,LPL Spring 2023,2023-02-26 (WEEK6),30:07,v13.3,Funplus Phoenix,LOSS,6,1,0,0,45.7k,False,False,,"Draven, Nidalee, Yone, Sion, Gnar","Jax, Sejuani, Syndra, Jhin, Annie",Xiaolaohu,Jax,0/5/1,234,"Flash, Teleport",,H4cker,Sejuani,1/2/4,150,"Flash, Smite",,Care,Syndra,2/3/4,251,"Flash, Teleport",,Lwx,Jhin,3/0/2,275,"Flash, Boost",,Qiuqiu,Annie,0/5/4,23,"Dot, Flash",,LGD Gaming,WIN,15,9,4,1,57.2k,True,True,,"Maokai, Caitlyn, Lee Sin, Zeri, Lucian","Gragas, Elise, Jayce, Varus, Nautilus",Xiaoxu,Gragas,4/0/7,259,"Flash, Teleport",,Meteor,Elise,2/1/9,183,"Flash, Smite",,xqw,Jayce,4/1/7,254,"Flash, Teleport",,Lpc,Varus,4/0/5,275,"Flash, Boost",,jinjiao,Nautilus,1/4/7,32,"Flash, Dot",,0,[],,,,,,,20.3%,22.6%,18.1%,19.3%,23.8%,21.6%,24.6%,23.4%,13.1%,13.1%,22.8%,386 DPM,25.8%,569 DPM,10.7%,181 DPM,20.5%,452 DPM,29.2%,494 DPM,31%,682 DPM,24.5%,414 DPM,17.6%,387 DPM,12.8%,217 DPM,5.1%,112 DPM,,,,,,,,,,,,,,
46451,46451,JD Gaming vs Top Esports,LPL Spring 2023,2023-02-25 (WEEK6),30:09,v13.3,JD Gaming,WIN,10,7,2,0,52.5k,True,True,,"Sejuani, Jayce, Draven, KSante, Tristana","Gragas, Lee Sin, Annie, Varus, Nautilus",369,Gragas,1/1/7,231,"Flash, Teleport",,Kanavi,Lee Sin,2/3/6,202,"Flash, Smite",,Knight,Annie,3/2/6,225,"Flash, Teleport",,Ruler,Varus,4/0/4,288,"Flash, Heal",,Missing,Nautilus,0/4/6,37,"Dot, Flash",,Top Esports,LOSS,10,2,2,1,48.2k,False,False,,"Maokai, Ashe, Caitlyn, Yone, Jax","Sion, Elise, Azir, Lucian, Nami",Qingtian,Sion,0/2/3,168,"Flash, Teleport",,Tian,Elise,4/1/3,168,"Smite, Flash",,RooKie,Azir,3/1/4,226,"Teleport, Flash",,JackeyLove,Lucian,1/5/5,264,"Flash, Dot",,Mark,Nami,2/1/7,22,"Flash, Heal",,0,[],,,,,,,20.6%,17.4%,20.7%,20.1%,21.3%,23%,24.8%,23.9%,12.6%,15.6%,21.7%,442 DPM,21.5%,455 DPM,19.1%,390 DPM,22.1%,466 DPM,22.7%,464 DPM,25.1%,530 DPM,30.3%,619 DPM,23.6%,499 DPM,6.2%,126 DPM,7.8%,164 DPM,,,,,,,,,,,,,,
46451,46452,JD Gaming vs Top Esports,LPL Spring 2023,2023-02-25 (WEEK6),30:34,v13.3,Top Esports,LOSS,6,2,2,0,48.2k,True,False,,"Gragas, Annie, Ashe, Sion, Jax","Gnar, Elise, Viktor, Draven, Nautilus",Qingtian,Gnar,0/2/1,207,"Flash, Teleport",,Tian,Elise,3/3/1,133,"Smite, Flash",,RooKie,Viktor,1/3/0,286,"Teleport, Flash",,JackeyLove,Draven,2/2/2,267,"Flash, Boost",,Mark,Nautilus,0/3/4,40,"Flash, Dot",,JD Gaming,WIN,13,11,2,2,59.2k,False,True,,"Maokai, Jayce, Sejuani, KSante, Tristana","Gangplank, Lee Sin, Syndra, Varus, Renata Glasc",369,Gangplank,1/1/8,246,"Flash, Teleport",,Kanavi,Lee Sin,3/3/6,170,"Flash, Smite",,Knight,Syndra,2/1/7,277,"Flash, Teleport",,Ruler,Varus,5/0/6,276,"Flash, Heal",,Missing,Renata Glasc,2/1/10,45,"Dot, Flash",,0,[],,,,,,,19.7%,23%,19.1%,18%,23.3%,21%,23.9%,23.6%,13.9%,14.4%,18.5%,268 DPM,31.1%,548 DPM,17.5%,255 DPM,10.6%,188 DPM,39.2%,570 DPM,19.7%,348 DPM,15.3%,222 DPM,33.4%,589 DPM,9.5%,138 DPM,5.1%,91 DPM,,,,,,,,,,,,,,
46448,46448,Ultra Prime vs EDG,LPL Spring 2023,2023-02-25 (WEEK6),31:15,v13.3,Ultra Prime,LOSS,9,6,0,0,54.8k,False,False,,"Akali, Elise, Jayce, Lux, Kennen","Jax, Wukong, Ryze, Zeri, Ashe",Hery,Jax,2/4/2,266,"Flash, Teleport",,Ning,Wukong,3/4/4,169,"Smite, Flash",,Qing,Ryze,1/4/5,240,"Flash, Teleport",,Doggo,Zeri,3/5/5,301,"Flash, Boost",,Baolan,Ashe,0/3/8,0,"Heal, Flash",,Edward Gaming,WIN,20,11,4,1,62.6k,True,True,,"Sejuani, Draven, Varus, Vi, Lee Sin","Renekton, Maokai, Azir, Caitlyn, Annie",Ale,Renekton,3/2/2,268,"Teleport, Flash",,Jiejie,Maokai,2/0/18,165,"Smite, Flash",,FoFo,Azir,5/1/11,290,"Flash, Teleport",,Leave,Caitlyn,7/3/9,269,"Haste, Flash",,meiko,Annie,3/3/16,24,"Flash, Dot",,0,[],,,,,,,24.6%,21.3%,19.6%,18.2%,18.6%,21.9%,24.3%,23.7%,12.9%,14.8%,18.7%,376 DPM,13.8%,399 DPM,13.5%,271 DPM,22.1%,639 DPM,14.6%,295 DPM,26.3%,761 DPM,36.9%,745 DPM,26.9%,777 DPM,16.3%,329 DPM,10.9%,315 DPM,,,,,,,,,,,,,,
46448,46449,Ultra Prime vs EDG,LPL Spring 2023,2023-02-25 (WEEK6),32:21,v13.3,Edward Gaming,WIN,26,10,4,2,69.4k,True,True,,"Sejuani, Jax, Ryze, Sylas, Syndra","Renekton, Maokai, Viktor, Lucian, Nami",Ale,Renekton,3/2/2,298,"Teleport, Flash",,Jiejie,Maokai,6/1/13,182,"Smite, Flash",,FoFo,Viktor,5/0/9,266,"Flash, Teleport",,Leave,Lucian,10/3/8,287,"Boost, Flash",,meiko,Nami,2/2/22,24,"Flash, Heal",,Ultra Prime,LOSS,8,0,0,0,51.5k,False,False,,"Jayce, Elise, Ashe, Akali, Azir","Sion, Vi, Taliyah, Caitlyn, Annie",Hery,Sion,2/3/3,285,"Flash, Teleport",,Ning,Vi,1/7/4,160,"Smite, Flash",,Qing,Taliyah,3/4/2,279,"Flash, Teleport",,Doggo,Caitlyn,2/5/4,241,"Flash, Heal",,Baolan,Annie,0/7/7,0,"Dot, Flash",,0,[],,,,,,,20.9%,22.4%,18.2%,17.8%,19.4%,24.7%,26.5%,22%,15%,13%,17.4%,624 DPM,25.6%,518 DPM,17%,611 DPM,11.7%,237 DPM,22.9%,823 DPM,24.9%,503 DPM,34%,1219 DPM,23%,465 DPM,8.6%,308 DPM,14.8%,299 DPM,,,,,,,,,,,,,,
46445,46445,RNG vs TT,LPL Spring 2023,2023-02-25 (WEEK6),38:44,v13.3,Royal Never Give Up,WIN,20,11,3,2,75k,True,True,,"Jayce, Yone, Maokai, Renekton, Nautilus","Sion, Wukong, Azir, Zeri, Ashe",Breathe,Sion,0/5/7,287,"Teleport, Flash",,Wei,Wukong,2/2/11,194,"Smite, Flash",,Angel,Azir,4/3/9,327,"Flash, Teleport",,GALA,Zeri,13/1/3,395,"Flash, Boost",,Ming,Ashe,1/0/18,52,"Heal, Flash",,TT,LOSS,10,5,3,0,64.3k,False,False,,"Caitlyn, Annie, Jax, Akali, Viktor","Gwen, Elise, Tristana, Varus, Leona",Hoya,Gwen,1/6/4,307,"Haste, Teleport",,Beichuan,Elise,2/4/5,146,"Flash, Smite",,Ucal,Tristana,4/4/5,346,"Teleport, Flash",,huanfeng,Varus,3/1/2,403,"Boost, Flash",,yaoyao,Leona,0/5/4,39,"Dot, Flash",,0,[],,,,,,,17.6%,21%,16.9%,17.7%,22.8%,24.7%,27.6%,24.7%,15.1%,11.9%,15.2%,348 DPM,30.1%,665 DPM,13.3%,306 DPM,18.8%,415 DPM,25.9%,595 DPM,24%,530 DPM,29.4%,675 DPM,23.7%,524 DPM,16.1%,370 DPM,3.5%,77 DPM,,,,,,,,,,,,,,
46445,46446,RNG vs TT,LPL Spring 2023,2023-02-25 (WEEK6),24:03,v13.3,Royal Never Give Up,WIN,27,11,2,1,54k,False,True,,"Elise, Sejuani, Ashe, Heimerdinger, Gwen","Sion, Maokai, Jayce, Zeri, Nautilus",Breathe,Sion,5/4/12,183,"Teleport, Flash",,Wei,Maokai,3/1/18,119,"Smite, Flash",,Angel,Jayce,11/1/8,222,"Flash, Teleport",,GALA,Zeri,8/0/15,237,"Flash, Boost",,Ming,Nautilus,0/0/20,32,"Dot, Flash",,TT,LOSS,6,1,1,0,37.2k,True,False,,"Caitlyn, Annie, Lucian, Lulu, Jax","KSante, Vi, Cassiopeia, Varus, Braum",Hoya,KSante,2/5/1,170,"Haste, Teleport",,Beichuan,Vi,1/6/3,116,"Flash, Smite",,Ucal,Cassiopeia,2/5/3,199,"Teleport, Flash",,huanfeng,Varus,1/5/0,173,"Haste, Flash",,yaoyao,Braum,0/6/5,37,"Dot, Flash",,0,[],,,,,,,19.2%,22.2%,18.5%,19.3%,25.2%,23.9%,24%,20.2%,13.1%,14.4%,21.9%,656 DPM,25.6%,383 DPM,26%,778 DPM,5.7%,85 DPM,24.6%,737 DPM,35.5%,530 DPM,20.8%,624 DPM,21.6%,322 DPM,6.7%,202 DPM,11.7%,175 DPM,,,,,,,,,,,,,,
46442,46442,Team WE vs Rare Atom,LPL Spring 2023,2023-02-24 (WEEK6),27:35,v13.3,Team WE,LOSS,4,2,0,0,44.4k,True,False,,"Jax, Varus, Ashe, LeBlanc, Ryze","Gnar, Vi, Azir, Zeri, Lulu",Biubiu,Gnar,0/4/2,258,"Flash, Teleport",,Heng,Vi,0/3/2,131,"Flash, Smite",,Shanks,Azir,2/4/1,237,"Flash, Teleport",,Hope,Zeri,1/4/3,273,"Flash, Heal",,Iwandy,Lulu,1/1/3,0,"Dot, Flash",,Rare Atom,WIN,16,9,4,2,58.6k,False,True,,"Maokai, Caitlyn, Annie, Syndra, Gwen","Sion, Lee Sin, Sylas, Draven, Nautilus",Cube,Sion,0/0/6,216,"Flash, Teleport",,Leyan,Lee Sin,6/0/8,175,"Smite, Flash",,Strive,Sylas,1/1/9,271,"Flash, Teleport",,Assum,Draven,8/1/5,267,"Boost, Flash",,Southwind,Nautilus,1/2/11,37,"Flash, Dot",,0,[],,,,,,,22.5%,17.1%,16.2%,20.7%,22.3%,19.9%,24.3%,28.1%,14.7%,14.2%,31.3%,539 DPM,13.1%,272 DPM,7.8%,134 DPM,14.8%,306 DPM,37.1%,638 DPM,28.2%,585 DPM,18.8%,324 DPM,36.3%,753 DPM,5%,85 DPM,7.6%,158 DPM,,,,,,,,,,,,,,
46442,46443,Team WE vs Rare Atom,LPL Spring 2023,2023-02-24 (WEEK6),32:39,v13.3,Team WE,WIN,19,10,4,1,63.8k,False,False,,"Jax, Draven, Caitlyn, Sion, Ryze","Jayce, Vi, LeBlanc, Zeri, Lulu",Biubiu,Jayce,0/3/8,294,"Flash, Teleport",,Heng,Vi,4/0/9,179,"Flash, Smite",,Shanks,LeBlanc,4/1/10,263,"Flash, Teleport",,Hope,Zeri,8/1/5,329,"Flash, Barrier",,Iwandy,Lulu,3/1/13,0,"Heal, Flash",,Rare Atom,LOSS,6,2,1,0,52.7k,True,False,,"Maokai, Annie, Varus, Syndra, Azir","Renekton, Lee Sin, Lissandra, Lucian, Nami",Cube,Renekton,0/2/3,274,"Flash, Teleport",,Leyan,Lee Sin,3/7/3,158,"Smite, Flash",,Strive,Lissandra,0/3/5,232,"Flash, Teleport",,Assum,Lucian,3/4/1,309,"Dot, Flash",,Southwind,Nami,0/3/4,0,"Flash, Heal",,0,[],,,,,,,20.3%,21.8%,18.1%,19.1%,22.3%,18.5%,25.2%,27.5%,14%,13.2%,22.3%,529 DPM,12.7%,195 DPM,8.8%,209 DPM,17.9%,276 DPM,30%,710 DPM,24.9%,384 DPM,31.9%,757 DPM,36.4%,561 DPM,7%,165 DPM,8.1%,125 DPM,,,,,,,,,,,,,,
46442,46444,Team WE vs Rare Atom,LPL Spring 2023,2023-02-24 (WEEK6),29:57,v13.3,Team WE,WIN,14,9,4,1,56.4k,False,True,,"Jax, Draven, Caitlyn, Jhin, Kaisa","Chogath, Lee Sin, Cassiopeia, Varus, Karma",Biubiu,Chogath,3/1/5,252,"Flash, Teleport",,Heng,Lee Sin,4/1/5,186,"Flash, Smite",,Shanks,Cassiopeia,3/0/7,272,"Flash, Boost",,Hope,Varus,2/2/9,262,"Flash, Heal",,Iwandy,Karma,2/1/11,0,"Dot, Flash",,Rare Atom,LOSS,5,2,0,0,47.2k,True,False,,"Maokai, Zeri, Annie, LeBlanc, Sylas","Sion, Vi, Ahri, Ezreal, Ashe",Cube,Sion,0/2/0,251,"Flash, Teleport",,Leyan,Vi,1/6/3,141,"Smite, Flash",,Strive,Ahri,0/3/4,215,"Flash, Teleport",,Assum,Ezreal,3/1/2,278,"Boost, Flash",,Southwind,Ashe,1/2/4,26,"Flash, Heal",,0,[],,,,,,,20.5%,21.3%,20.3%,17.1%,23%,19.6%,21.4%,27%,14.7%,15%,19.9%,504 DPM,17.8%,381 DPM,16.4%,415 DPM,8.9%,191 DPM,26.3%,667 DPM,20.8%,445 DPM,27.8%,705 DPM,37.1%,795 DPM,9.7%,245 DPM,15.5%,332 DPM,,,,,,,,,,,,,,
46439,46439,NIP vs AL,LPL Spring 2023,2023-02-24 (WEEK6),29:21,v13.3,Anyone s Legend,WIN,13,10,2,1,54.6k,True,True,,"Caitlyn, Draven, Zeri, Sylas, Kaisa","Sion, Wukong, LeBlanc, Varus, Annie",Zdz,Sion,1/1/6,242,"Teleport, Flash",,Xiaohao,Wukong,2/1/7,158,"Smite, Flash",,Pinz,LeBlanc,4/1/4,256,"Flash, Teleport",,Betty,Varus,5/1/6,241,"Flash, Boost",,SwordArt,Annie,1/0/8,0,"Dot, Flash",,Ninjas in Pyjamas,LOSS,4,3,2,0,46.7k,False,False,,"Maokai, Elise, Azir, Leona, Galio","Jax, Sejuani, Ryze, Kalista, Ashe",invincible,Jax,1/4/1,273,"Teleport, Flash",,XLB,Sejuani,0/3/2,126,"Smite, Flash",,Dream,Ryze,2/2/1,240,"Flash, Teleport",,Photic,Kalista,0/1/1,252,"Flash, Boost",,Zhuo,Ashe,1/3/0,21,"Flash, Heal",,0,[],,,,,,,21.5%,24.6%,18.9%,16.9%,23.2%,22.9%,22.5%,21.4%,13.9%,14.3%,18.4%,498 DPM,31.4%,522 DPM,11.7%,318 DPM,14.3%,238 DPM,27.8%,755 DPM,21.2%,353 DPM,32.3%,875 DPM,16.8%,279 DPM,9.9%,268 DPM,16.3%,270 DPM,,,,,,,,,,,,,,
46439,46440,NIP vs AL,LPL Spring 2023,2023-02-24 (WEEK6),40:39,v13.3,Anyone s Legend,LOSS,3,5,3,0,63.6k,False,False,,"Caitlyn, Draven, Zeri, Jax, Gwen","Sion, Wukong, Ryze, Lucian, Nami",Zdz,Sion,1/3/2,271,"Teleport, Flash",,Xiaohao,Wukong,0/5/2,184,"Smite, Flash",,Pinz,Ryze,1/2/1,451,"Flash, Teleport",,Betty,Lucian,1/2/1,406,"Flash, Boost",,SwordArt,Nami,0/0/2,0,"Heal, Flash",,Ninjas in Pyjamas,WIN,12,10,3,3,75.2k,True,False,,"Maokai, Elise, Ashe, LeBlanc, Akali","Renekton, Lee Sin, Syndra, Aphelios, Lulu",invincible,Renekton,1/1/3,352,"Teleport, Flash",,XLB,Lee Sin,4/1/8,188,"Smite, Flash",,Pout,Syndra,2/1/6,378,"Flash, Teleport",,Photic,Aphelios,5/0/4,379,"Flash, Heal",,Zhuo,Lulu,0/0/9,0,"Flash, Dot",,0,[],,,,,,,19.3%,21.3%,15.9%,18.3%,25.9%,23.5%,26.6%,24%,12.3%,12.9%,24.2%,423 DPM,18.8%,441 DPM,10.7%,187 DPM,13%,305 DPM,23.5%,411 DPM,28%,659 DPM,33.5%,585 DPM,35.7%,839 DPM,8.1%,142 DPM,4.5%,106 DPM,,,,,,,,,,,,,,
46439,46441,NIP vs AL,LPL Spring 2023,2023-02-24 (WEEK6),29:18,v13.3,Ninjas in Pyjamas,WIN,21,11,3,1,62.1k,True,True,,"Annie, Elise, LeBlanc, Sion, Akali","Jax, Lee Sin, Galio, Draven, Nautilus",invincible,Jax,4/1/6,290,"Teleport, Flash",,XLB,Lee Sin,3/2/14,142,"Smite, Flash",,Pout,Galio,3/2/12,229,"Flash, Teleport",,Photic,Draven,9/3/6,287,"Flash, Boost",,Zhuo,Nautilus,2/3/12,41,"Flash, Dot",,Anyone s Legend,LOSS,11,0,1,0,49k,False,False,,"Caitlyn, Maokai, Zeri, Sylas, Syndra","Kennen, Wukong, Ryze, Varus, Ashe",Zdz,Kennen,0/5/7,220,"Teleport, Flash",,Xiaohao,Wukong,3/4/5,132,"Smite, Flash",,Pinz,Ryze,2/5/5,293,"Flash, Teleport",,Betty,Varus,6/4/4,234,"Flash, Heal",,SwordArt,Ashe,0/3/9,0,"Barrier, Flash",,0,[],,,,,,,22.1%,19.7%,17.7%,17.8%,18.9%,24.2%,28.1%,25.5%,13.2%,12.8%,27.6%,612 DPM,24.4%,566 DPM,15.1%,335 DPM,13.6%,315 DPM,21.9%,485 DPM,20.9%,484 DPM,26.9%,596 DPM,29.5%,683 DPM,8.4%,187 DPM,11.6%,269 DPM,,,,,,,,,,,,,,
46436,46436,LNG Esports vs BLG,LPL Spring 2023,2023-02-22 (WEEK6),30:11,v13.3,LNG Esports,WIN,19,10,3,1,58.9k,True,True,,"Lucian, Sejuani, Zeri, Annie, Syndra","Sion, Elise, Jayce, Ashe, Braum",Zika,Sion,2/0/12,213,"Flash, Teleport",,Tarzan,Elise,4/0/9,156,"Smite, Flash",,Scout,Jayce,9/1/6,319,"Teleport, Flash",,LP,Ashe,3/1/9,271,"Flash, Heal",,Hang,Braum,1/3/14,37,"Flash, Dot",,Bilibili Gaming,LOSS,5,3,1,0,49k,False,False,,"Jax, Maokai, Varus, Fiora, Leona","Renekton, Vi, Azir, Draven, Nautilus",Bin,Renekton,0/5/1,264,"Flash, Teleport",,XUN,Vi,1/4/3,164,"Flash, Smite",,Yagao,Azir,1/2/2,259,"Flash, Teleport",,Elk,Draven,2/6/3,225,"Flash, Boost",,ON,Nautilus,1/2/4,46,"Flash, Dot",,0,[],,,,,,,19.3%,22.8%,17.9%,17.3%,28.7%,23.6%,20.7%,22.3%,13.5%,14%,17%,509 DPM,22%,329 DPM,16.1%,482 DPM,6.8%,102 DPM,35.8%,1074 DPM,35.5%,531 DPM,23.4%,703 DPM,28.6%,428 DPM,7.7%,232 DPM,7.1%,106 DPM,,,,,,,,,,,,,,
46436,46437,LNG Esports vs BLG,LPL Spring 2023,2023-02-22 (WEEK6),34:18,v13.3,Bilibili Gaming,WIN,29,10,3,2,70.8k,True,True,,"Varus, Renekton, Jayce, Elise, Fiora","Jax, Vi, Taliyah, Caitlyn, Lux",Bin,Jax,3/3/16,238,"Flash, Teleport",,XUN,Vi,9/1/9,163,"Flash, Smite",,Yagao,Taliyah,7/3/15,266,"Flash, Teleport",,Elk,Caitlyn,8/5/7,322,"Flash, Boost",,ON,Lux,2/6/16,51,"Flash, Exhaust",,LNG Esports,LOSS,18,1,1,0,58.2k,False,False,,"Maokai, Zeri, Ashe, Sylas, Sejuani","Kennen, Lee Sin, Annie, Draven, Nautilus",Zika,Kennen,3/5/5,265,"Flash, Teleport",,Tarzan,Lee Sin,4/4/8,172,"Smite, Flash",,Scout,Annie,3/4/9,220,"Teleport, Flash",,LP,Draven,8/7/5,276,"Flash, Boost",,Hang,Nautilus,0/9/13,34,"Flash, Dot",,0,[],,,,,,,20.2%,21.6%,18.7%,18.8%,21.7%,20.2%,25%,26.3%,14.4%,13.1%,17.2%,429 DPM,23.9%,577 DPM,14.8%,369 DPM,15.5%,375 DPM,29.1%,723 DPM,27.5%,663 DPM,30.2%,751 DPM,28.1%,678 DPM,8.6%,214 DPM,5%,120 DPM,,,,,,,,,,,,,,
46436,46438,LNG Esports vs BLG,LPL Spring 2023,2023-02-22 (WEEK6),44:37,v13.3,LNG Esports,WIN,27,11,4,3,87.4k,False,False,,"Lucian, Kindred, Ashe, Caitlyn, Xayah","Jax, Sejuani, Azir, Zeri, Leona",Zika,Jax,2/3/10,343,"Flash, Teleport",,Tarzan,Sejuani,5/1/19,200,"Smite, Flash",,Scout,Azir,10/1/13,410,"Teleport, Flash",,LP,Zeri,9/1/14,465,"Flash, Heal",,Hang,Leona,1/5/17,36,"Flash, Dot",,Bilibili Gaming,LOSS,11,3,3,0,75.8k,True,True,,"Varus, Jayce, Maokai, Ryze, Akali","Fiora, Vi, Syndra, Kaisa, Rakan",Bin,Fiora,4/4/3,377,"Flash, Teleport",,XUN,Vi,3/9/4,218,"Flash, Smite",,Yagao,Syndra,1/6/7,348,"Flash, Teleport",,Elk,Kaisa,2/4/5,456,"Flash, Boost",,ON,Rakan,1/4/5,50,"Flash, Dot",,0,[],,,,,,,19.6%,22.6%,17.6%,16.5%,24.2%,22%,25.9%,25.7%,12.7%,13.2%,14.5%,399 DPM,21.9%,525 DPM,14.9%,410 DPM,10.2%,244 DPM,35.1%,965 DPM,26.8%,641 DPM,31.5%,866 DPM,33.3%,796 DPM,3.9%,108 DPM,7.9%,189 DPM,,,,,,,,,,,,,,
46433,46433,JD Gaming vs FPX,LPL Spring 2023,2023-02-22 (WEEK6),30:17,v13.3,JD Gaming,WIN,14,10,3,1,61.8k,True,True,,"Jax, Annie, Ashe, Yone, Kassadin","Gnar, Nidalee, Ryze, Caitlyn, Lux",369,Gnar,1/3/5,243,"Flash, Teleport",,Kanavi,Nidalee,4/3/7,198,"Flash, Smite",,Knight,Ryze,3/0/4,323,"Flash, Teleport",,Ruler,Caitlyn,5/0/3,326,"Flash, Heal",,Missing,Lux,1/1/9,0,"Dot, Flash",,Funplus Phoenix,LOSS,7,4,1,0,50.9k,False,False,,"Gragas, Maokai, Renekton, Jayce, Tristana","Fiora, Sejuani, Akali, Lucian, Nami",Xiaolaohu,Fiora,4/2/1,300,"Teleport, Haste",,H4cker,Sejuani,0/4/6,151,"Flash, Smite",,Care,Akali,2/2/3,204,"Flash, Teleport",,Lwx,Lucian,1/3/2,258,"Flash, Boost",,Qiuqiu,Nami,0/3/5,25,"Heal, Flash",,0,[],,,,,,,17.4%,27.5%,20.4%,17.4%,22%,20%,26%,22.3%,14.2%,12.8%,16.5%,453 DPM,41.2%,674 DPM,22.4%,616 DPM,11.5%,189 DPM,20%,551 DPM,11.7%,191 DPM,28.6%,788 DPM,26.4%,431 DPM,12.5%,344 DPM,9.2%,150 DPM,,,,,,,,,,,,,,
46433,46434,JD Gaming vs FPX,LPL Spring 2023,2023-02-22 (WEEK6),18:40,v13.3,Funplus Phoenix,LOSS,4,0,0,0,26k,False,False,,"Gragas, Jayce, Renekton, LeBlanc, Kassadin","Gnar, Vi, Akali, Lucian, Nami",Xiaolaohu,Gnar,2/4/0,104,"Flash, Teleport",,H4cker,Vi,0/6/3,96,"Flash, Smite",,Care,Akali,1/3/2,130,"Flash, Teleport",,Lwx,Lucian,0/6/2,141,"Flash, Boost",,Qiuqiu,Nami,1/4/1,0,"Heal, Flash",,JD Gaming,WIN,23,10,2,0,43.3k,True,True,,"Maokai, Caitlyn, Ashe, Ahri, Fiora","Jax, Sejuani, Sylas, Zeri, Lulu",369,Jax,6/1/3,161,"Flash, Teleport",,Kanavi,Sejuani,2/1/11,104,"Flash, Smite",,Knight,Sylas,7/0/6,157,"Flash, Teleport",,Ruler,Zeri,8/0/6,177,"Flash, Barrier",,Missing,Lulu,0/2/17,0,"Heal, Flash",,0,[],,,,,,,21.2%,21.7%,18.6%,17%,21.7%,19.5%,22.5%,26.2%,15.9%,15.5%,22.6%,421 DPM,21.2%,596 DPM,14%,262 DPM,14.9%,418 DPM,19.4%,362 DPM,26%,731 DPM,32.8%,611 DPM,29.5%,830 DPM,11.2%,208 DPM,8.4%,237 DPM,,,,,,,,,,,,,,
46430,46430,WBG vs IG,LPL Spring 2023,2023-02-21 (WEEK6),29:03,v13.1,Weibo Gaming,WIN,16,11,4,1,59.7k,False,True,,"Fiora, Sejuani, Lucian, Ryze, Wukong","Gnar, Elise, Jayce, Varus, Soraka",TheShy,Gnar,3/1/3,310,"Flash, Teleport",,Karsa,Elise,2/0/8,157,"Smite, Flash",,xiaohu,Jayce,4/0/8,301,"Flash, Teleport",,Light,Varus,7/0/4,296,"Flash, Heal",,Crisp,Soraka,0/3/11,0,"Flash, Barrier",,Invictus Gaming,LOSS,4,1,0,0,45.7k,True,False,,"Zeri, Ashe, Maokai, Gwen, Sion","KSante, Gragas, Sylas, Jhin, Heimerdinger",YSKM,KSante,0/1/1,258,"Haste, Teleport",,GIDEON,Gragas,1/6/3,134,"Smite, Flash",,Dove,Sylas,0/3/3,231,"Teleport, Flash",,Ahn,Jhin,2/2/2,262,"Boost, Flash",,Wink,Heimerdinger,1/4/0,37,"Heal, Flash",,0,[],,,,,,,23.3%,20.9%,17.8%,18.7%,23.1%,20.8%,23.4%,23.1%,12.5%,16.5%,21.5%,590 DPM,11.2%,165 DPM,18.3%,502 DPM,22.4%,331 DPM,34.5%,947 DPM,18.2%,268 DPM,18.1%,497 DPM,23.7%,350 DPM,7.7%,211 DPM,24.5%,361 DPM,,,,,,,,,,,,,,
46430,46431,WBG vs IG,LPL Spring 2023,2023-02-21 (WEEK6),28:10,v13.1,Invictus Gaming,LOSS,7,3,1,0,46.5k,True,True,,"Ashe, Elise, Varus, KSante, Sion","Camille, Wukong, Akali, Zeri, Lulu",YSKM,Camille,2/2/1,229,"Flash, Teleport",,GIDEON,Wukong,2/5/4,143,"Smite, Flash",,Dove,Akali,1/2/4,229,"Teleport, Flash",,Ahn,Zeri,2/2/2,286,"Barrier, Flash",,Wink,Lulu,0/2/4,0,"Heal, Flash",,Weibo Gaming,WIN,13,9,2,1,53.9k,False,False,,"Maokai, Sejuani, Fiora, Kassadin, Jax","Renekton, Vi, Syndra, Lucian, Nami",TheShy,Renekton,0/1/6,272,"Flash, Teleport",,Karsa,Vi,7/1/5,147,"Smite, Flash",,xiaohu,Syndra,1/4/6,209,"Flash, Teleport",,Light,Lucian,4/0/6,270,"Flash, Dot",,Crisp,Nami,1/1/12,0,"Flash, Heal",,0,[],,,,,,,22.7%,21.5%,18.2%,20.9%,21.1%,19%,25.5%,24.4%,12.4%,14.3%,18%,321 DPM,22.2%,479 DPM,16%,286 DPM,12.4%,268 DPM,20.2%,361 DPM,28.2%,609 DPM,36.1%,644 DPM,29.4%,637 DPM,9.8%,174 DPM,7.9%,170 DPM,,,,,,,,,,,,,,
46427,46427,OMG vs Ultra Prime,LPL Spring 2023,2023-02-21 (WEEK6),33:47,v13.1,OMG,LOSS,7,4,2,1,58.5k,False,False,,"Draven, Maokai, Ashe, Jhin, Yuumi","Darius, Vi, Ryze, Kaisa, Varus",shanji,Darius,4/3/0,268,"Flash, Haste",,AKi,Vi,1/4/3,187,"Flash, Smite",,Creme,Ryze,1/3/4,294,"Flash, Teleport",,Able,Kaisa,1/2/3,322,"Boost, Flash",,Ppgod,Varus,0/7/5,33,"Heal, Flash",,Ultra Prime,WIN,19,8,3,1,64.8k,True,True,,"Lucian, Zeri, Akali, Kassadin, LeBlanc","KSante, Sejuani, Sylas, Xayah, Heimerdinger",Hery,KSante,2/1/5,267,"Flash, Teleport",,Ning,Sejuani,2/2/9,159,"Smite, Flash",,Qing,Sylas,6/2/9,277,"Flash, Teleport",,Doggo,Xayah,7/2/8,352,"Flash, Heal",,Baolan,Heimerdinger,2/0/13,33,"Dot, Flash",,0,[],,,,,,,21.7%,20.5%,19.1%,15.4%,21.5%,23.5%,24%,26.5%,13.7%,14.1%,18.1%,385 DPM,14.6%,297 DPM,9.4%,200 DPM,12.4%,252 DPM,33.5%,711 DPM,23.2%,471 DPM,17.8%,378 DPM,30.9%,627 DPM,21.1%,448 DPM,18.8%,382 DPM,,,,,,,,,,,,,,
46427,46428,OMG vs Ultra Prime,LPL Spring 2023,2023-02-21 (WEEK6),28:29,v13.1,OMG,WIN,19,11,4,1,56.9k,True,False,,"Draven, Maokai, KSante, Jax, Sylas","Rumble, Vi, Ahri, Varus, Ashe",shanji,Rumble,6/2/9,207,"Flash, Dot",,AKi,Vi,5/0/6,163,"Flash, Smite",,Creme,Ahri,2/0/11,274,"Flash, Teleport",,Able,Varus,6/0/6,250,"Boost, Flash",,Ppgod,Ashe,0/2/12,25,"Heal, Flash",,Ultra Prime,LOSS,4,2,0,0,43.4k,False,True,,"Lucian, Zeri, Akali, Yone, Kassadin","Camille, Sejuani, Viktor, Ezreal, Heimerdinger",Hery,Camille,2/4/1,206,"Flash, Teleport",,Ning,Sejuani,0/6/2,123,"Smite, Flash",,Qing,Viktor,1/3/0,254,"Flash, Teleport",,Doggo,Ezreal,1/3/0,262,"Flash, Boost",,Baolan,Heimerdinger,0/3/1,28,"Heal, Flash",,0,[],,,,,,,22.7%,21.2%,19.9%,17.1%,21.2%,24.2%,22.8%,23.4%,13.4%,14.1%,32.8%,786 DPM,16.9%,282 DPM,8.3%,200 DPM,12.3%,205 DPM,26.3%,631 DPM,30.5%,511 DPM,18.3%,438 DPM,25.6%,429 DPM,14.3%,344 DPM,14.7%,246 DPM,,,,,,,,,,,,,,
46427,46429,OMG vs Ultra Prime,LPL Spring 2023,2023-02-21 (WEEK6),28:38,v13.1,OMG,LOSS,5,3,3,0,47.2k,False,True,,"Draven, Maokai, KSante, Jax, Xayah","Renekton, Vi, Ryze, Varus, Heimerdinger",shanji,Renekton,0/2/2,255,"Flash, Teleport",,AKi,Vi,1/4/2,163,"Flash, Smite",,Creme,Ryze,1/2/1,256,"Flash, Teleport",,Able,Varus,1/3/3,260,"Boost, Flash",,Ppgod,Heimerdinger,2/2/2,25,"Heal, Flash",,Ultra Prime,WIN,13,8,1,1,53.8k,True,False,,"Lucian, Akali, Zeri, Kassadin, Rumble","Gnar, Sejuani, Sylas, Kaisa, Ashe",Hery,Gnar,2/1/3,246,"Flash, Teleport",,Ning,Sejuani,2/2/9,128,"Smite, Flash",,Qing,Sylas,3/1/3,235,"Flash, Teleport",,Doggo,Kaisa,6/1/3,274,"Flash, Boost",,Baolan,Ashe,0/0/10,30,"Heal, Flash",,0,[],,,,,,,21.6%,21.5%,18.1%,17.9%,22%,21.8%,24%,25%,14.4%,13.8%,16%,347 DPM,27.8%,600 DPM,5.7%,122 DPM,12.6%,271 DPM,41.3%,894 DPM,16.4%,352 DPM,20.4%,442 DPM,27.5%,592 DPM,16.5%,358 DPM,15.8%,340 DPM,,,,,,,,,,,,,,
46424,46424,LGD Gaming vs RNG,LPL Spring 2023,2023-02-20 (WEEK6),27:09,v13.1,LGD Gaming,LOSS,2,0,1,0,39.9k,False,False,,"Ryze, Caitlyn, Elise, Akali, Taliyah","KSante, Sejuani, Viktor, Zeri, Yuumi",Xiaoxu,KSante,0/1/0,231,"Haste, Teleport",,Meteor,Sejuani,1/2/1,146,"Flash, Smite",,Haichao,Viktor,0/2/2,232,"Flash, Teleport",,Lpc,Zeri,1/2/0,235,"Flash, Barrier",,jinjiao,Yuumi,0/2/1,0,"Heal, Exhaust",,Royal Never Give Up,WIN,9,10,3,1,54.8k,True,True,,"Maokai, Kassadin, Vi, Yone, Sylas","Fiora, Wukong, Twisted Fate, Lucian, Nami",Breathe,Fiora,2/0/1,296,"Teleport, Haste",,Wei,Wukong,5/1/2,156,"Smite, Flash",,Angel,Twisted Fate,1/1/5,255,"Flash, Teleport",,GALA,Lucian,1/0/6,278,"Flash, Boost",,Ming,Nami,0/0/8,0,"Heal, Flash",,0,[],,,,,,,21.8%,22.8%,20.7%,19%,21.8%,21.7%,23.3%,23.5%,12.5%,13%,23.3%,375 DPM,26.5%,594 DPM,16.2%,261 DPM,9.5%,214 DPM,34.2%,550 DPM,17.3%,389 DPM,18.9%,304 DPM,39.3%,881 DPM,7.4%,119 DPM,7.4%,166 DPM,,,,,,,,,,,,,,
46424,46425,LGD Gaming vs RNG,LPL Spring 2023,2023-02-20 (WEEK6),43:22,v13.1,LGD Gaming,LOSS,5,4,3,0,70k,True,False,,"Lucian, Caitlyn, Elise, Twisted Fate, Akali","Jax, Sejuani, Yone, Jhin, Heimerdinger",Xiaoxu,Jax,2/6/2,346,"Flash, Teleport",,Meteor,Sejuani,2/5/1,224,"Flash, Smite",,Haichao,Yone,1/1/1,407,"Flash, Teleport",,Lpc,Jhin,0/2/2,415,"Flash, Boost",,jinjiao,Heimerdinger,0/4/3,37,"Flash, Heal",,Royal Never Give Up,WIN,18,11,3,2,79.8k,False,True,,"Maokai, Zeri, Ryze, Kassadin, Sylas","KSante, Wukong, Taliyah, Varus, Ashe",Breathe,KSante,5/2/10,322,"Teleport, Haste",,Wei,Wukong,1/0/12,193,"Smite, Flash",,Angel,Taliyah,4/0/13,385,"Flash, Haste",,GALA,Varus,8/2/4,400,"Flash, Boost",,Ming,Ashe,0/1/12,45,"Heal, Flash",,0,[],,,,,,,22.9%,21.6%,19.2%,16.8%,23.1%,23.3%,22.6%,25%,12.3%,13.4%,24.7%,472 DPM,19.3%,483 DPM,14.1%,268 DPM,13.9%,348 DPM,21.2%,404 DPM,30.4%,762 DPM,23%,438 DPM,26%,651 DPM,17.1%,327 DPM,10.4%,260 DPM,,,,,,,,,,,,,,
46421,46421,NIP vs TT,LPL Spring 2023,2023-02-20 (WEEK6),29:11,v13.1,Ninjas in Pyjamas,LOSS,3,0,0,0,41.4k,True,False,,"Kassadin, KSante, Cassiopeia, Azir, Yone","Irelia, Elise, Sylas, Jhin, Heimerdinger",invincible,Irelia,0/6/0,249,"Teleport, Flash",,XLB,Elise,2/4/0,133,"Smite, Flash",,Dream,Sylas,0/1/0,203,"Flash, Teleport",,Photic,Jhin,1/1/1,245,"Flash, Boost",,Zhuo,Heimerdinger,0/2/2,25,"Flash, Heal",,TT,WIN,14,10,4,1,54.7k,False,True,,"Zeri, Jax, Maokai, Renekton, Camille","Sion, Sejuani, Akali, Varus, Ashe",Hoya,Sion,2/0/6,200,"Flash, Teleport",,Beichuan,Sejuani,2/1/5,151,"Flash, Smite",,Ucal,Akali,6/1/0,278,"Teleport, Flash",,huanfeng,Varus,3/0/6,272,"Teleport, Flash",,yaoyao,Ashe,1/1/7,30,"Heal, Flash",,0,[],,,,,,,22.5%,19.9%,19.6%,17.5%,19.8%,24.7%,23.8%,24.1%,14.3%,13.8%,22.2%,401 DPM,18.5%,462 DPM,19.7%,357 DPM,13.2%,331 DPM,17%,307 DPM,27.2%,681 DPM,29.3%,531 DPM,26.3%,658 DPM,11.9%,215 DPM,14.9%,373 DPM,,,,,,,,,,,,,,
46421,46422,NIP vs TT,LPL Spring 2023,2023-02-20 (WEEK6),24:10,v13.1,TT,WIN,23,11,3,1,54.1k,True,True,,"Zeri, Jax, Caitlyn, Sylas, Akali","KSante, Maokai, Tristana, Jhin, Nautilus",Hoya,KSante,1/4/7,163,"Haste, Teleport",,Beichuan,Maokai,4/1/13,172,"Flash, Smite",,Ucal,Tristana,13/0/4,231,"Teleport, Flash",,huanfeng,Jhin,4/0/8,204,"Boost, Flash",,yaoyao,Nautilus,1/3/14,35,"Dot, Flash",,Ninjas in Pyjamas,LOSS,8,2,1,0,39.8k,False,False,,"Jayce, Elise, Cassiopeia, Heimerdinger, Ziggs","Renekton, Sejuani, Yone, Varus, Ashe",invincible,Renekton,2/5/1,195,"Teleport, Flash",,XLB,Sejuani,0/6/7,108,"Smite, Flash",,Dream,Yone,1/6/3,181,"Flash, Teleport",,Photic,Varus,5/4/2,226,"Flash, Heal",,Zhuo,Ashe,0/2/4,23,"Flash, Barrier",,0,[],,,,,,,15.7%,22.1%,21.9%,16.9%,29.6%,20.2%,19.4%,27%,13.4%,13.8%,12%,406 DPM,20.6%,412 DPM,32.6%,1098 DPM,14.5%,288 DPM,35.2%,1186 DPM,12.5%,249 DPM,14%,471 DPM,40%,798 DPM,6.2%,210 DPM,12.4%,246 DPM,,,,,,,,,,,,,,
46018,46018,EDG vs Top Esports,LPL Spring 2023,2023-02-19 (WEEK5),42:08,v13.1,Edward Gaming,LOSS,10,3,3,0,64.6k,False,False,,"Darius, Elise, Jayce, Kassadin, Jax","Sion, Wukong, Azir, Jhin, Ashe",Ale,Sion,0/4/8,280,"Teleport, Flash",,Jiejie,Wukong,2/4/4,217,"Smite, Flash",,FoFo,Azir,3/6/6,336,"Flash, Teleport",,Leave,Jhin,5/5/5,309,"Boost, Flash",,meiko,Ashe,0/6/9,53,"Flash, Heal",,Top Esports,WIN,25,11,3,2,77.7k,True,False,,"Zeri, Maokai, Fiora, Kennen, Akali","KSante, Sejuani, Yone, Varus, Heimerdinger",Qingtian,KSante,3/2/10,253,"Teleport, Haste",,Tian,Sejuani,0/3/17,241,"Smite, Flash",,RooKie,Yone,8/1/8,318,"Teleport, Flash",,JackeyLove,Varus,12/3/5,319,"Flash, Boost",,Mark,Heimerdinger,2/1/12,40,"Flash, Heal",,0,[],,,,,,,19.6%,19%,19.1%,19.1%,22.9%,22.1%,24%,25.5%,14.4%,14.3%,17.4%,528 DPM,17.1%,619 DPM,10%,302 DPM,9.6%,346 DPM,28.2%,855 DPM,21%,759 DPM,25.7%,781 DPM,40.4%,1462 DPM,18.7%,567 DPM,11.9%,430 DPM,,,,,,,,,,,,,,
46018,46019,EDG vs Top Esports,LPL Spring 2023,2023-02-19 (WEEK5),38:04,v13.1,Top Esports,LOSS,16,4,3,0,62.9k,True,True,,"Akali, Ashe, Sejuani, Jayce, Kassadin","Renekton, Wukong, Sylas, Zeri, Karma",Qingtian,Renekton,1/3/4,243,"Flash, Teleport",,Tian,Wukong,4/4/5,171,"Smite, Flash",,RooKie,Sylas,5/3/5,281,"Teleport, Flash",,JackeyLove,Zeri,4/2/5,386,"Flash, Boost",,Mark,Karma,2/4/11,0,"Flash, Dot",,Edward Gaming,WIN,16,11,3,2,71.1k,False,False,,"Elise, Lucian, Lulu, Vi, Darius","Jax, Maokai, Azir, Sivir, Yuumi",Ale,Jax,4/2/8,341,"Teleport, Flash",,Jiejie,Maokai,1/3/8,161,"Smite, Flash",,FoFo,Azir,3/4/8,296,"Flash, Teleport",,Leave,Sivir,6/5/5,344,"Haste, Flash",,meiko,Yuumi,2/2/13,0,"Exhaust, Heal",,0,[],,,,,,,18.9%,25.1%,19.1%,16.5%,22.3%,20.4%,25.4%,23.8%,14.2%,14.3%,15.7%,349 DPM,26%,805 DPM,16.5%,367 DPM,24.4%,755 DPM,28.7%,639 DPM,18.9%,584 DPM,29%,643 DPM,23%,712 DPM,10.1%,224 DPM,7.7%,238 DPM,,,,,,,,,,,,,,
46018,46020,EDG vs Top Esports,LPL Spring 2023,2023-02-19 (WEEK5),29:46,v13.1,Top Esports,WIN,15,8,3,2,57.9k,False,True,,"Jax, Akali, Zeri, Yone, Fiora","KSante, Maokai, Jayce, Varus, Nautilus",Qingtian,KSante,2/2/6,205,"Flash, Teleport",,Tian,Maokai,2/1/9,176,"Smite, Flash",,RooKie,Jayce,4/1/2,262,"Teleport, Flash",,JackeyLove,Varus,5/2/7,263,"Flash, Heal",,Mark,Nautilus,2/3/10,40,"Flash, Dot",,Edward Gaming,LOSS,9,4,1,0,49.7k,True,False,,"Elise, Draven, Ashe, Renekton, Darius","Camille, Sejuani, Azir, Lucian, Nami",Ale,Camille,4/3/2,261,"Teleport, Flash",,Jiejie,Sejuani,0/3/5,139,"Smite, Flash",,FoFo,Azir,0/2/5,266,"Flash, Teleport",,Leave,Lucian,4/4/2,252,"Boost, Flash",,meiko,Nami,1/3/6,0,"Flash, Heal",,0,[],,,,,,,20.7%,25.3%,20.2%,16.3%,22.1%,21.1%,23%,24%,14%,13.3%,16.6%,365 DPM,24.9%,487 DPM,22.2%,488 DPM,8.3%,161 DPM,26.1%,573 DPM,28.2%,551 DPM,27.9%,613 DPM,29%,567 DPM,7.1%,157 DPM,9.6%,187 DPM,,,,,,,,,,,,,,
46015,46015,AL vs Team WE,LPL Spring 2023,2023-02-19 (WEEK5),28:24,v13.1,Anyone s Legend,WIN,20,9,2,1,56.1k,True,False,,"Azir, Ashe, Lucian, Cassiopeia, Renekton","Camille, Wukong, Galio, Zeri, Yuumi",Zdz,Camille,4/2/5,209,"Teleport, Flash",,Xiaohao,Wukong,5/3/8,161,"Smite, Flash",,Pinz,Galio,3/0/12,244,"Flash, Teleport",,Betty,Zeri,8/1/6,269,"Flash, Boost",,SwordArt,Yuumi,0/1/14,0,"Dot, Heal",,Team WE,LOSS,7,6,2,0,49k,False,True,,"Elise, Maokai, Sion, Fiora, KSante","Jax, Vi, Ryze, Varus, Caitlyn",Biubiu,Jax,0/5/1,168,"Flash, Teleport",,Heng,Vi,1/5/1,124,"Flash, Smite",,Shanks,Ryze,4/3/1,281,"Flash, Teleport",,Hope,Varus,0/3/4,228,"Flash, Barrier",,Iwandy,Caitlyn,2/4/3,39,"Heal, Flash",,0,[],,,,,,,20.7%,16.3%,19.7%,16.6%,21.6%,26.7%,25.5%,21.6%,12.5%,18.7%,23%,517 DPM,20.5%,391 DPM,21.8%,490 DPM,6%,114 DPM,15.9%,358 DPM,23.2%,443 DPM,28.6%,643 DPM,30.1%,574 DPM,10.7%,241 DPM,20.2%,386 DPM,,,,,,,,,,,,,,
46015,46016,AL vs Team WE,LPL Spring 2023,2023-02-19 (WEEK5),32:12,v13.1,Anyone s Legend,LOSS,4,2,3,0,47.1k,False,False,,"Azir, Ashe, Varus, Yone, Syndra","Sion, Elise, Jayce, Caitlyn, Lux",Zdz,Sion,1/2/2,218,"Teleport, Flash",,Xiaohao,Elise,0/3/4,138,"Smite, Flash",,Pinz,Jayce,3/4/0,243,"Flash, Teleport",,Betty,Caitlyn,0/1/3,305,"Flash, Boost",,SwordArt,Lux,0/3/4,0,"Heal, Flash",,Team WE,WIN,13,11,1,2,61.7k,True,True,,"Maokai, Zeri, Lucian, Fiora, Renekton","KSante, Sejuani, Irelia, Jhin, Heimerdinger",Biubiu,KSante,4/2/3,258,"Haste, Teleport",,Heng,Sejuani,3/1/5,165,"Flash, Smite",,Shanks,Irelia,3/1/6,301,"Flash, Teleport",,Hope,Jhin,2/0/5,279,"Flash, Heal",,Iwandy,Heimerdinger,1/0/6,46,"Dot, Flash",,0,[],,,,,,,20.8%,21.8%,18.2%,18.2%,23.4%,24.7%,24%,20.7%,13.5%,14.5%,21.5%,533 DPM,19.2%,400 DPM,18%,444 DPM,17.7%,370 DPM,23.8%,589 DPM,24.6%,513 DPM,24.8%,614 DPM,17.6%,367 DPM,11.9%,294 DPM,20.9%,436 DPM,,,,,,,,,,,,,,
46015,46017,AL vs Team WE,LPL Spring 2023,2023-02-19 (WEEK5),36:23,v13.1,Anyone s Legend,WIN,15,8,3,1,66.8k,True,True,,"Azir, Varus, Caitlyn, Cassiopeia, KSante","Jax, Wukong, Ryze, Kaisa, Ashe",Zdz,Jax,1/1/3,299,"Teleport, Flash",,Xiaohao,Wukong,3/4/7,162,"Smite, Flash",,Pinz,Ryze,6/2/8,333,"Flash, Teleport",,Betty,Kaisa,4/3/6,334,"Flash, Heal",,SwordArt,Ashe,1/3/13,27,"Barrier, Flash",,Team WE,LOSS,13,6,2,1,62.8k,False,False,,"Maokai, Zeri, Lucian, Miss Fortune, Sion","Gragas, Vi, Kassadin, Jhin, Heimerdinger",Biubiu,Gragas,0/1/7,272,"Flash, Teleport",,Heng,Vi,3/5/5,157,"Flash, Smite",,Shanks,Kassadin,4/2/4,315,"Flash, Teleport",,Hope,Jhin,5/3/4,273,"Flash, Heal",,Iwandy,Heimerdinger,1/4/9,36,"Dot, Flash",,0,[],,,,,,,20.3%,19.9%,17.7%,17.7%,24.9%,25.3%,23.5%,22.8%,13.5%,14.3%,18.5%,507 DPM,25.4%,581 DPM,7.7%,212 DPM,9.5%,217 DPM,35%,960 DPM,24.4%,558 DPM,18.2%,499 DPM,19.7%,452 DPM,20.6%,565 DPM,21.1%,482 DPM,,,,,,,,,,,,,,
46012,46012,LNG Esports vs FPX,LPL Spring 2023,2023-02-19 (WEEK5),33:42,v13.1,LNG Esports,WIN,17,11,3,2,67.8k,False,False,,"Kassadin, Lucian, Ashe, Akali, Yone","Fiora, Vi, Azir, Varus, Miss Fortune",Zika,Fiora,4/1/8,327,"Flash, Teleport",,Tarzan,Vi,2/0/8,194,"Smite, Flash",,Scout,Azir,7/1/5,326,"Teleport, Flash",,LP,Varus,3/1/8,287,"Flash, Boost",,Hang,Miss Fortune,1/2/8,43,"Flash, Boost",,Funplus Phoenix,LOSS,5,2,2,0,52.3k,True,True,,"Elise, Maokai, Zeri, Jax, Sion","Renekton, Sejuani, Ryze, Jhin, Heimerdinger",fearness,Renekton,0/4/1,263,"Teleport, Flash",,H4cker,Sejuani,1/4/3,168,"Flash, Smite",,Care,Ryze,0/5/1,274,"Flash, Teleport",,Lwx,Jhin,2/2/1,330,"Flash, Heal",,Qiuqiu,Heimerdinger,2/2/2,23,"Dot, Flash",,0,[],,,,,,,23.5%,20.2%,17.7%,17.5%,23.3%,21.2%,21.6%,27.1%,13.9%,14%,27.6%,824 DPM,20.4%,396 DPM,8.7%,259 DPM,12%,232 DPM,23.6%,705 DPM,20.5%,397 DPM,15.8%,474 DPM,28.2%,546 DPM,24.4%,728 DPM,19%,368 DPM,,,,,,,,,,,,,,
46012,46013,LNG Esports vs FPX,LPL Spring 2023,2023-02-19 (WEEK5),43:28,v13.1,Funplus Phoenix,LOSS,12,3,4,1,75.8k,True,True,,"Azir, Ashe, Renekton, Gragas, Fiora","KSante, Elise, Akali, Caitlyn, Lux",Xiaolaohu,KSante,1/0/4,321,"Teleport, Haste",,H4cker,Elise,0/1/6,220,"Flash, Smite",,Care,Akali,4/2/3,372,"Flash, Teleport",,Lwx,Caitlyn,6/1/5,482,"Flash, Boost",,Qiuqiu,Lux,1/3/11,23,"Dot, Flash",,LNG Esports,WIN,7,11,2,1,77.3k,False,False,,"Zeri, Lucian, Maokai, Tristana, Jax","Camille, Lillia, Jayce, Varus, Leona",Zika,Camille,0/1/2,450,"Flash, Teleport",,Tarzan,Lillia,0/1/4,248,"Smite, Flash",,Scout,Jayce,4/2/2,383,"Teleport, Flash",,LP,Varus,2/2/1,409,"Flash, Boost",,Hang,Leona,1/6/3,45,"Flash, Dot",,0,[],,,,,,,19.9%,23.7%,17.1%,16.5%,22.7%,25.3%,27.4%,22.4%,12.8%,12.1%,14.6%,225 DPM,18.3%,366 DPM,14.1%,216 DPM,20%,400 DPM,27.2%,418 DPM,30.3%,607 DPM,33.1%,510 DPM,27.5%,550 DPM,11.1%,171 DPM,4%,81 DPM,,,,,,,,,,,,,,
46009,46009,Ultra Prime vs WBG,LPL Spring 2023,2023-02-18 (WEEK5),27:33,v13.1,Ultra Prime,LOSS,7,2,2,0,43.4k,True,False,,"Elise, Ashe, Vi, Gwen, Sylas","Sion, Wukong, Syndra, Lucian, Yuumi",Hery,Sion,0/3/2,196,"Flash, Teleport",,Ning,Wukong,1/3/3,156,"Smite, Flash",,Qing,Syndra,1/4/4,217,"Flash, Teleport",,Doggo,Lucian,4/2/2,226,"Flash, Barrier",,Baolan,Yuumi,1/3/6,0,"Dot, Heal",,Weibo Gaming,WIN,15,9,2,1,53.6k,False,True,,"Maokai, Draven, Zeri, Jax, Fiora","KSante, Sejuani, Kassadin, Caitlyn, Nami",TheShy,KSante,2/0/9,238,"Haste, Teleport",,Karsa,Sejuani,0/4/8,128,"Smite, Flash",,xiaohu,Kassadin,5/2/8,280,"Flash, Teleport",,Light,Caitlyn,5/0/8,270,"Flash, Haste",,Crisp,Nami,3/1/10,0,"Flash, Heal",,0,[],,,,,,,18.6%,22.6%,19.9%,15.4%,22.1%,24.2%,25.6%,23.4%,13.8%,14.3%,20.8%,434 DPM,28.5%,583 DPM,13.4%,280 DPM,7.8%,159 DPM,26.3%,549 DPM,23.4%,479 DPM,26.9%,561 DPM,34.6%,707 DPM,12.7%,265 DPM,5.8%,119 DPM,,,,,,,,,,,,,,
46009,46010,Ultra Prime vs WBG,LPL Spring 2023,2023-02-18 (WEEK5),27:56,v13.1,Weibo Gaming,WIN,14,9,4,1,53.7k,False,True,,"Maokai, Draven, Jax, Kassadin, Ryze","KSante, Sejuani, Taliyah, Zeri, Lulu",TheShy,KSante,3/1/5,232,"Haste, Teleport",,Karsa,Sejuani,2/1/9,122,"Smite, Flash",,xiaohu,Taliyah,5/0/9,240,"Flash, Teleport",,Light,Zeri,4/0/6,302,"Flash, Boost",,Crisp,Lulu,0/2/12,0,"Flash, Heal",,Ultra Prime,LOSS,4,2,0,0,42.1k,False,False,,"Ashe, Elise, Vi, Poppy, Gragas","Renekton, Wukong, Viktor, Lucian, Yuumi",Hery,Renekton,2/3/1,214,"Flash, Teleport",,Ning,Wukong,0/3/2,136,"Smite, Flash",,Qing,Viktor,0/4/0,246,"Flash, Teleport",,Doggo,Lucian,0/3/2,235,"Flash, Boost",,Baolan,Yuumi,2/2/1,0,"Dot, Heal",,0,[],,,,,,,22.6%,22.6%,16.7%,18.4%,22.6%,21.8%,25.2%,22.2%,12.8%,14.9%,26.2%,621 DPM,19.7%,343 DPM,11.2%,264 DPM,7.7%,134 DPM,24.5%,578 DPM,35.6%,619 DPM,34.4%,813 DPM,26.7%,465 DPM,3.8%,89 DPM,10.3%,179 DPM,,,,,,,,,,,,,,
46006,46006,Rare Atom vs BLG,LPL Spring 2023,2023-02-18 (WEEK5),27:52,v13.1,Rare Atom,LOSS,8,2,1,0,44.8k,True,False,,"Lucian, Zeri, Fiora, Camille, Heimerdinger","KSante, Wukong, Sylas, Sivir, Ashe",Cube,KSante,0/2/1,259,"Haste, Teleport",,Leyan,Wukong,5/1/2,176,"Smite, Flash",,Strive,Sylas,1/3/1,221,"Flash, Teleport",,Assum,Sivir,2/4/4,239,"Heal, Flash",,Southwind,Ashe,0/5/5,25,"Flash, Barrier",,Bilibili Gaming,WIN,15,10,3,1,58.3k,False,True,,"Vi, Jax, Sion, Ryze, Ahri","Gwen, Maokai, Jayce, Varus, Caitlyn",Bin,Gwen,3/0/1,313,"Haste, Teleport",,XUN,Maokai,3/0/6,159,"Flash, Smite",,Yagao,Jayce,6/1/5,249,"Flash, Teleport",,Elk,Varus,2/3/3,241,"Flash, Heal",,ON,Caitlyn,1/4/7,47,"Flash, Barrier",,0,[],,,,,,,21.5%,21.6%,21.8%,17.9%,19.8%,25%,23.4%,19.8%,13.6%,15.6%,17.8%,240 DPM,21.9%,578 DPM,20.6%,278 DPM,19.2%,507 DPM,17.4%,234 DPM,29.8%,788 DPM,25.6%,346 DPM,19.4%,513 DPM,18.6%,251 DPM,9.7%,256 DPM,,,,,,,,,,,,,,
46006,46007,Rare Atom vs BLG,LPL Spring 2023,2023-02-18 (WEEK5),30:01,v13.1,Rare Atom,WIN,18,10,4,2,59.9k,True,True,,"Lucian, Zeri, Maokai, Ryze, Akali","Rumble, Sejuani, Yone, Varus, Heimerdinger",Cube,Rumble,1/2/8,198,"Flash, Dot",,Leyan,Sejuani,4/0/11,191,"Smite, Flash",,Strive,Yone,9/0/5,296,"Flash, Teleport",,Assum,Varus,4/2/4,228,"Boost, Flash",,Southwind,Heimerdinger,0/1/7,35,"Flash, Heal",,Bilibili Gaming,LOSS,5,3,0,0,45.8k,False,False,,"Vi, Jax, Renekton, Jayce, KSante","Fiora, Wukong, Sylas, Jhin, Ashe",Bin,Fiora,0/3/2,244,"Haste, Teleport",,XUN,Wukong,2/7/2,164,"Flash, Smite",,Yagao,Sylas,2/3/3,214,"Flash, Teleport",,Elk,Jhin,1/1/3,243,"Flash, Boost",,ON,Ashe,0/4/4,35,"Flash, Heal",,0,[],,,,,,,17.9%,22.3%,21%,19.2%,26.5%,21.5%,21.5%,22.4%,13.1%,14.6%,20%,554 DPM,21.2%,323 DPM,20.9%,578 DPM,19.6%,299 DPM,27.5%,760 DPM,26.4%,403 DPM,22%,608 DPM,22.6%,345 DPM,9.7%,267 DPM,10.2%,155 DPM,,,,,,,,,,,,,,
46006,46008,Rare Atom vs BLG,LPL Spring 2023,2023-02-18 (WEEK5),32:41,v13.1,Rare Atom,LOSS,10,2,1,0,52.2k,False,False,,"Lucian, Zeri, Maokai, Ryze, Kassadin","Jayce, Wukong, Akali, Varus, Heimerdinger",Cube,Jayce,1/3/1,266,"Flash, Teleport",,Leyan,Wukong,2/4/5,191,"Smite, Flash",,Strive,Akali,5/2/2,229,"Flash, Teleport",,Assum,Varus,0/2/3,281,"Boost, Flash",,Southwind,Heimerdinger,2/3/2,34,"Flash, Heal",,Bilibili Gaming,WIN,14,8,4,1,60.6k,True,False,,"Vi, Jax, Renekton, Rumble, Kennen","Fiora, Sejuani, Syndra, Ezreal, Ashe",Bin,Fiora,5/2/0,286,"Haste, Teleport",,XUN,Sejuani,1/2/8,176,"Flash, Smite",,Yagao,Syndra,6/1/4,272,"Flash, Teleport",,Elk,Ezreal,2/1/6,301,"Flash, Teleport",,ON,Ashe,0/4/6,40,"Flash, Heal",,0,[],,,,,,,20.6%,22.9%,20.9%,17.4%,22%,24.2%,22.3%,22.4%,14.3%,13.1%,18.3%,416 DPM,17.9%,453 DPM,16.5%,376 DPM,12%,305 DPM,24.1%,548 DPM,29.1%,735 DPM,26%,591 DPM,31.1%,788 DPM,15.2%,345 DPM,9.9%,250 DPM,,,,,,,,,,,,,,
46003,46003,IG vs JD Gaming,LPL Spring 2023,2023-02-18 (WEEK5),29:03,v13.1,Invictus Gaming,LOSS,8,0,1,0,45.6k,True,False,,"Lucian, Wukong, Vi, Nidalee, Akali","Jax, Elise, Renekton, Draven, Varus",YSKM,Jax,1/4/3,204,"Flash, Teleport",,GIDEON,Elise,1/3/2,146,"Smite, Flash",,Dove,Renekton,1/5/2,210,"Teleport, Flash",,Ahn,Draven,3/6/1,209,"Heal, Flash",,Wink,Varus,2/5/3,74,"Heal, Flash",,JD Gaming,WIN,23,11,3,1,58.1k,False,False,,"Maokai, Sejuani, Zeri, Azir, Kassadin","Sion, Gragas, Jayce, Jhin, Ashe",369,Sion,2/0/11,234,"Flash, Teleport",,Kanavi,Gragas,6/3/9,169,"Flash, Smite",,Knight,Jayce,8/0/9,241,"Flash, Boost",,Ruler,Jhin,7/1/10,246,"Flash, Boost",,Missing,Ashe,0/4/8,36,"Heal, Flash",,0,[],,,,,,,19.7%,19.9%,18.4%,20.6%,19.3%,23.4%,23.3%,23.9%,19.3%,12.3%,20.1%,446 DPM,18%,627 DPM,12.9%,285 DPM,26.7%,930 DPM,14.8%,329 DPM,25.8%,897 DPM,21%,465 DPM,19.2%,669 DPM,31.2%,693 DPM,10.3%,357 DPM,,,,,,,,,,,,,,
46003,46004,IG vs JD Gaming,LPL Spring 2023,2023-02-18 (WEEK5),28:03,v13.1,JD Gaming,WIN,28,11,3,1,62.3k,False,True,,"Fiora, Sejuani, Kassadin, Jax, Viego","Camille, Gragas, Yone, Varus, Ashe",369,Camille,3/2/6,235,"Flash, Teleport",,Kanavi,Gragas,6/2/13,176,"Flash, Smite",,Knight,Yone,8/4/5,241,"Flash, Teleport",,Ruler,Varus,9/0/8,265,"Flash, Heal",,Missing,Ashe,2/0/16,45,"Barrier, Flash",,Invictus Gaming,LOSS,8,0,1,0,42.8k,False,False,,"Zeri, Elise, Maokai, Jayce, Tristana","Sion, Wukong, Ryze, Lucian, Nami",YSKM,Sion,1/6/2,205,"Flash, Teleport",,GIDEON,Wukong,3/4/4,117,"Smite, Flash",,Dove,Ryze,3/7/4,250,"Teleport, Flash",,Ahn,Lucian,1/8/3,194,"Boost, Flash",,Wink,Nami,0/4/7,0,"Heal, Flash",,0,[],,,,,,,18.4%,21.3%,19.9%,19.3%,21%,25.3%,25.3%,20.7%,15.3%,13.4%,15.9%,620 DPM,15.1%,307 DPM,23.7%,926 DPM,16.6%,337 DPM,22%,859 DPM,32.1%,652 DPM,22.6%,884 DPM,26.2%,533 DPM,15.8%,617 DPM,10.1%,205 DPM,,,,,,,,,,,,,,
46000,46000,TT vs OMG,LPL Spring 2023,2023-02-17 (WEEK5),38:43,v13.1,TT,LOSS,13,4,4,0,67.1k,True,True,,"Kassadin, Samira, Lucian, Akali, Ahri","Sion, Wukong, Ryze, Zeri, Nautilus",Hoya,Sion,1/3/5,308,"Flash, Teleport",,Beichuan,Wukong,1/6/7,201,"Flash, Smite",,Ucal,Ryze,6/4/3,386,"Teleport, Flash",,huanfeng,Zeri,5/3/4,405,"Heal, Flash",,yaoyao,Nautilus,0/4/8,27,"Dot, Flash",,OMG,WIN,20,11,0,2,75.8k,False,False,,"Maokai, Elise, Lulu, Heimerdinger, Jax","KSante, Vi, Viktor, Tristana, Yuumi",shanji,KSante,4/1/6,330,"Haste, Teleport",,AKi,Vi,0/4/11,179,"Flash, Smite",,Creme,Viktor,4/5/10,329,"Flash, Teleport",,Able,Tristana,12/2/4,371,"Haste, Flash",,Ppgod,Yuumi,0/1/19,0,"Dot, Heal",,0,[],,,,,,,19.5%,22.3%,17.4%,16.6%,26.1%,21.5%,25.2%,26.8%,11.8%,12.7%,26.9%,558 DPM,23%,643 DPM,18%,374 DPM,8.9%,249 DPM,27.5%,570 DPM,27.8%,779 DPM,21.2%,440 DPM,34.2%,957 DPM,6.4%,132 DPM,6.1%,171 DPM,,,,,,,,,,,,,,
46000,46001,TT vs OMG,LPL Spring 2023,2023-02-17 (WEEK5),23:25,v13.1,OMG,WIN,8,10,4,1,48.4k,True,True,,"Maokai, Elise, Jhin, Jax, No ban","KSante, Wukong, Tristana, Kaisa, Varus",shanji,KSante,1/2/1,196,"Haste, Teleport",,AKi,Wukong,1/0/3,143,"Flash, Smite",,Creme,Tristana,4/0/2,253,"Flash, Teleport",,Able,Kaisa,1/0/2,240,"Boost, Haste",,Ppgod,Varus,1/0/4,25,"Heal, Flash",,TT,LOSS,2,0,0,0,34.8k,False,False,,"Zeri, Lucian, Samira, Akali, Karma","Gnar, Sejuani, Kassadin, Ashe, Heimerdinger",Hoya,Gnar,0/3/0,224,"Flash, Teleport",,Beichuan,Sejuani,0/1/2,120,"Flash, Smite",,Ucal,Kassadin,1/1/1,188,"Teleport, Flash",,huanfeng,Ashe,1/0/0,209,"Heal, Flash",,yaoyao,Heimerdinger,0/3/1,0,"Dot, Flash",,0,[],,,,,,,18%,24.4%,17.4%,18.2%,27.1%,20.9%,22.4%,23%,15.2%,13.6%,9.7%,185 DPM,28.2%,267 DPM,14.5%,277 DPM,23.8%,224 DPM,44.2%,844 DPM,9.4%,89 DPM,15.9%,304 DPM,24.5%,232 DPM,15.7%,299 DPM,14.1%,133 DPM,,,,,,,,,,,,,,
45997,45997,LGD Gaming vs NIP,LPL Spring 2023,2023-02-17 (WEEK5),51:07,v13.1,LGD Gaming,WIN,18,11,4,1,92.8k,True,False,,"Ryze, Elise, Ashe, Miss Fortune, Jax","Renekton, Sejuani, Kassadin, Varus, Heimerdinger",Xiaoxu,Renekton,2/5/9,386,"Flash, Teleport",,Meteor,Sejuani,2/3/12,272,"Flash, Smite",,Haichao,Kassadin,11/3/4,410,"Flash, Teleport",,Lpc,Varus,2/2/10,453,"Flash, Heal",,jinjiao,Heimerdinger,1/3/11,24,"Flash, Dot",,Ninjas in Pyjamas,LOSS,16,8,2,1,88.5k,False,False,,"Zeri, Maokai, Nami, Sylas, Akali","Jayce, Wukong, Azir, Jhin, Yuumi",invincible,Jayce,5/3/9,442,"Teleport, Flash",,XLB,Wukong,2/4/9,219,"Smite, Flash",,Pout,Azir,3/6/7,428,"Flash, Teleport",,Photic,Jhin,6/3/8,451,"Flash, Boost",,Zhuo,Yuumi,0/2/15,0,"Exhaust, Heal",,0,[],,,,,,,21%,23.3%,19.1%,16.4%,24.9%,24%,22.6%,24.8%,12.4%,11.5%,13.2%,353 DPM,30.8%,1273 DPM,10.8%,288 DPM,12.1%,499 DPM,31.8%,852 DPM,24.1%,995 DPM,28.3%,757 DPM,23.9%,988 DPM,15.9%,424 DPM,9.2%,378 DPM,,,,,,,,,,,,,,
45997,45998,LGD Gaming vs NIP,LPL Spring 2023,2023-02-17 (WEEK5),31:40,v13.1,Ninjas in Pyjamas,LOSS,6,1,1,0,50.1k,False,False,,"Ryze, Elise, Kassadin, Jax, Renekton","Gangplank, Wukong, Sylas, Jhin, Ashe",invincible,Gangplank,1/3/1,277,"Teleport, Flash",,XLB,Wukong,1/4/2,151,"Smite, Flash",,Pout,Sylas,4/2/0,239,"Flash, Teleport",,Photic,Jhin,0/2/3,283,"Flash, Boost",,Zhuo,Ashe,0/4/2,22,"Flash, Heal",,LGD Gaming,WIN,15,9,3,1,60.3k,True,True,,"Maokai, Zeri, Lucian, Azir, Sion","KSante, Sejuani, Akali, Varus, Heimerdinger",Xiaoxu,KSante,4/3/4,292,"Haste, Teleport",,Meteor,Sejuani,1/1/8,193,"Flash, Smite",,Haichao,Akali,7/1/1,277,"Flash, Teleport",,Lpc,Varus,2/0/7,272,"Flash, Boost",,jinjiao,Heimerdinger,1/1/7,27,"Flash, Heal",,0,[],,,,,,,26.4%,23.9%,17.2%,18%,21.6%,23.2%,22.2%,21.5%,12.5%,13.5%,32%,739 DPM,24.9%,696 DPM,9%,207 DPM,10.2%,285 DPM,26.4%,610 DPM,28.4%,794 DPM,22%,507 DPM,23%,641 DPM,10.6%,244 DPM,13.5%,377 DPM,,,,,,,,,,,,,,
45994,45994,Team WE vs LNG Esports,LPL Spring 2023,2023-02-16 (WEEK5),32:26,v13.1,Team WE,LOSS,3,3,0,0,50.2k,False,True,,"Elise, Jax, Sejuani, Fiora, Ryze","KSante, Wukong, Azir, Varus, Miss Fortune",Biubiu,KSante,1/2/1,269,"Flash, Teleport",,Heng,Wukong,0/7/1,150,"Flash, Smite",,Shanks,Azir,1/4/0,320,"Flash, Teleport",,Hope,Varus,1/3/0,254,"Flash, Boost",,Iwandy,Miss Fortune,0/1/2,46,"Heal, Flash",,LNG Esports,WIN,17,10,4,2,66k,True,False,,"Zeri, Lucian, Maokai, Sion, Renekton","Camille, Vi, Taliyah, Ashe, Heimerdinger",Zika,Camille,3/1/2,310,"Flash, Teleport",,Tarzan,Vi,2/1/13,208,"Smite, Flash",,Scout,Taliyah,4/0/8,297,"Teleport, Flash",,LP,Ashe,7/0/7,256,"Flash, Heal",,Hang,Heimerdinger,1/1/9,35,"Flash, Dot",,0,[],,,,,,,22%,22%,16.7%,20%,23.4%,21.1%,22%,23.2%,15.8%,13.7%,14.3%,294 DPM,18.3%,390 DPM,10%,205 DPM,18.5%,396 DPM,21.7%,448 DPM,25.9%,553 DPM,27.3%,563 DPM,21.5%,459 DPM,26.7%,551 DPM,15.8%,336 DPM,,,,,,,,,,,,,,
45994,45995,Team WE vs LNG Esports,LPL Spring 2023,2023-02-16 (WEEK5),28:27,v13.1,LNG Esports,WIN,25,9,2,2,60.6k,True,False,,"Lucian, Ashe, Vi, Poppy, Ryze","Renekton, Sejuani, Kassadin, Zeri, Yuumi",Zika,Renekton,5/2/9,274,"Flash, Teleport",,Tarzan,Sejuani,0/3/18,132,"Smite, Flash",,Scout,Kassadin,9/1/6,253,"Teleport, Flash",,LP,Zeri,11/1/8,267,"Flash, Boost",,Hang,Yuumi,0/0/21,0,"Exhaust, Heal",,Team WE,LOSS,7,3,2,0,46.6k,False,True,,"Elise, Maokai, Sylas, Fiora, Jax","KSante, Amumu, Yone, Varus, Caitlyn",Biubiu,KSante,1/5/4,202,"Flash, Teleport",,Heng,Amumu,0/8/6,121,"Flash, Smite",,Shanks,Yone,2/4/4,253,"Flash, Teleport",,Hope,Varus,2/3/4,227,"Flash, Boost",,Iwandy,Caitlyn,2/5/4,38,"Heal, Flash",,0,[],,,,,,,21.9%,19%,16.5%,15.9%,22.8%,25.3%,25.3%,22.5%,13.5%,17.4%,22.7%,585 DPM,20.7%,460 DPM,13.5%,347 DPM,14.8%,328 DPM,23.9%,616 DPM,23.5%,522 DPM,29%,746 DPM,25.5%,567 DPM,10.9%,280 DPM,15.5%,345 DPM,,,,,,,,,,,,,,
45991,45991,RNG vs FPX,LPL Spring 2023,2023-02-16 (WEEK5),31:29,v13.1,Royal Never Give Up,WIN,12,9,3,1,56k,False,True,,"Kassadin, Jayce, Elise, Yone, Fiora","Sion, Wukong, Akali, Caitlyn, Ashe",Breathe,Sion,1/0/9,234,"Teleport, Flash",,Wei,Wukong,3/2/5,161,"Smite, Flash",,Angel,Akali,7/1/3,265,"Flash, Teleport",,GALA,Caitlyn,1/0/5,289,"Flash, Boost",,Ming,Ashe,0/1/8,32,"Heal, Flash",,Funplus Phoenix,LOSS,4,2,1,0,48.9k,True,False,,"Zeri, Lucian, Maokai, Jax, Ryze","KSante, Sejuani, Sylas, Varus, Heimerdinger",fearness,KSante,1/2/1,246,"Teleport, Haste",,H4cker,Sejuani,2/2/2,151,"Flash, Smite",,Care,Sylas,1/2/1,267,"Flash, Teleport",,Lwx,Varus,0/3/3,261,"Flash, Teleport",,Lele,Heimerdinger,0/3/4,21,"Flash, Heal",,0,[],,,,,,,21.8%,21.4%,18.4%,20.2%,23.3%,22.2%,22.3%,22.4%,14.2%,13.8%,27.3%,658 DPM,16%,287 DPM,11.4%,274 DPM,10.6%,190 DPM,25.2%,607 DPM,20.7%,371 DPM,25.4%,611 DPM,36.5%,654 DPM,10.8%,260 DPM,16.1%,288 DPM,,,,,,,,,,,,,,
45991,45992,RNG vs FPX,LPL Spring 2023,2023-02-16 (WEEK5),41:44,v13.1,Funplus Phoenix,LOSS,13,8,2,1,70.3k,False,True,,"Lucian, Jax, Ashe, Ryze, Fiora","KSante, Sejuani, Kassadin, Varus, Lux",fearness,KSante,2/2/5,303,"Teleport, Haste",,H4cker,Sejuani,0/2/7,204,"Flash, Smite",,Care,Kassadin,2/4/2,367,"Flash, Teleport",,Lwx,Varus,6/3/4,352,"Flash, Teleport",,Lele,Lux,3/3/6,28,"Flash, Heal",,Royal Never Give Up,WIN,14,9,3,1,72.6k,True,False,,"Maokai, Elise, Zeri, Yone, Jayce","Sion, Wukong, Azir, Jhin, Heimerdinger",Breathe,Sion,1/3/5,327,"Teleport, Flash",,Wei,Wukong,2/5/6,201,"Smite, Flash",,Angel,Azir,5/1/6,363,"Flash, Teleport",,GALA,Jhin,5/1/6,367,"Flash, Boost",,Ming,Heimerdinger,1/3/7,26,"Dot, Flash",,0,[],,,,,,,19.8%,19.7%,17.1%,18.8%,23.3%,24.9%,25.5%,23.3%,14.3%,13.3%,18.3%,501 DPM,18.4%,511 DPM,9.3%,255 DPM,11.7%,324 DPM,16.2%,443 DPM,33.9%,941 DPM,41.6%,1137 DPM,26.4%,733 DPM,14.6%,399 DPM,9.5%,264 DPM,,,,,,,,,,,,,,
45988,45988,JD Gaming vs EDG,LPL Spring 2023,2023-02-15 (WEEK5),30:36,v13.1,Edward Gaming,WIN,17,10,4,1,60k,True,True,,"Kassadin, Elise, Renekton, Sion, Gragas","Jax, Wukong, Syndra, Zeri, Lulu",Ale,Jax,5/1/8,273,"Teleport, Flash",,Jiejie,Wukong,5/4/9,147,"Smite, Flash",,FoFo,Syndra,4/0/8,247,"Flash, Teleport",,Leave,Zeri,3/0/6,338,"Heal, Flash",,meiko,Lulu,0/1/8,0,"Flash, Exhaust",,JD Gaming,LOSS,6,2,0,0,48.9k,False,False,,"Fiora, Maokai, Ashe, Azir, Akali","Kennen, Vi, Viktor, Sivir, Yuumi",369,Kennen,4/4/0,238,"Flash, Teleport",,Kanavi,Vi,1/7/3,163,"Flash, Smite",,Knight,Viktor,1/2/4,276,"Flash, Teleport",,Ruler,Sivir,0/3/3,302,"Flash, Heal",,Missing,Yuumi,0/1/4,0,"Dot, Exhaust",,0,[],,,,,,,23.1%,21.9%,19%,20%,19.8%,22.7%,25%,22.8%,13%,12.6%,21.5%,392 DPM,27.2%,583 DPM,18.5%,338 DPM,9.9%,212 DPM,24.9%,455 DPM,33.2%,711 DPM,27.1%,496 DPM,19.4%,416 DPM,8%,147 DPM,10.2%,219 DPM,,,,,,,,,,,,,,
45988,45989,JD Gaming vs EDG,LPL Spring 2023,2023-02-15 (WEEK5),32:10,v13.1,Edward Gaming,WIN,17,8,4,2,61.5k,True,False,,"Elise, Kassadin, Renekton, Jayce, Sion","Kennen, Wukong, Viktor, Jhin, Ashe",Ale,Kennen,4/2/10,250,"Teleport, Flash",,Jiejie,Wukong,6/2/8,166,"Smite, Flash",,FoFo,Viktor,3/0/10,275,"Flash, Teleport",,Leave,Jhin,2/0/9,301,"Boost, Flash",,meiko,Ashe,2/2/8,47,"Flash, Heal",,JD Gaming,LOSS,6,3,1,0,54k,False,True,,"Maokai, Caitlyn, Zeri, Azir, Fiora","Jax, Sejuani, Sylas, Varus, Heimerdinger",369,Jax,0/4/2,276,"Flash, Teleport",,Kanavi,Sejuani,0/4/4,165,"Flash, Smite",,Knight,Sylas,1/4/0,302,"Flash, Teleport",,Ruler,Varus,4/3/0,307,"Flash, Heal",,Missing,Heimerdinger,1/2/4,29,"Exhaust, Flash",,0,[],,,,,,,22.1%,19.9%,20.6%,17.1%,21.5%,24.3%,21.3%,25.6%,14.5%,13.2%,28.1%,899 DPM,15.4%,285 DPM,15.1%,485 DPM,12.6%,234 DPM,28.9%,925 DPM,21.6%,400 DPM,15.4%,495 DPM,34.4%,638 DPM,12.5%,400 DPM,16.1%,299 DPM,,,,,,,,,,,,,,
45985,45985,AL vs BLG,LPL Spring 2023,2023-02-15 (WEEK5),28:47,v13.1,Anyone s Legend,LOSS,2,1,0,0,40.7k,True,True,,"Kindred, Jax, Nidalee, Kassadin, Fiora","KSante, Sejuani, Ryze, Zeri, Yuumi",Zdz,KSante,0/3/0,221,"Haste, Teleport",,Xiaohao,Sejuani,1/4/1,123,"Smite, Flash",,Pinz,Ryze,1/4/0,220,"Flash, Teleport",,Betty,Zeri,0/1/0,251,"Flash, Barrier",,SwordArt,Yuumi,0/0/1,0,"Exhaust, Heal",,Bilibili Gaming,WIN,12,10,4,1,56.5k,False,False,,"Elise, Vi, Ashe, Lee Sin, Renekton","Gnar, Maokai, Jayce, Lucian, Nami",Bin,Gnar,1/0/4,273,"Flash, Teleport",,XUN,Maokai,1/0/9,159,"Flash, Smite",,Yagao,Jayce,6/1/4,242,"Flash, Teleport",,Elk,Lucian,3/1/6,275,"Flash, Boost",,ON,Nami,1/0/9,0,"Flash, Heal",,0,[],,,,,,,21.8%,22.3%,19.3%,17.1%,23.3%,23.3%,22.1%,23.5%,13.4%,13.7%,16.7%,240 DPM,20.3%,692 DPM,19.7%,282 DPM,14.7%,500 DPM,23.2%,333 DPM,26.6%,905 DPM,31.6%,454 DPM,32%,1087 DPM,8.7%,125 DPM,6.4%,217 DPM,,,,,,,,,,,,,,
45985,45986,AL vs BLG,LPL Spring 2023,2023-02-15 (WEEK5),40:39,v13.1,Anyone s Legend,WIN,18,6,2,1,69.3k,True,False,,"Kindred, Jax, Nidalee, Fiora, Camille","Sion, Maokai, Jayce, Lucian, Nami",Zdz,Sion,4/4/10,228,"Teleport, Flash",,Xiaohao,Maokai,2/5/13,150,"Smite, Flash",,Pinz,Jayce,4/2/12,344,"Flash, Teleport",,Betty,Lucian,5/2/13,384,"Flash, Boost",,SwordArt,Nami,3/3/15,0,"Heal, Flash",,Bilibili Gaming,LOSS,16,6,4,1,70.6k,False,True,,"Elise, Vi, Ashe, Renekton, Kassadin","Gnar, Sejuani, Ryze, Zeri, Yuumi",Bin,Gnar,3/3/7,333,"Flash, Teleport",,XUN,Sejuani,1/5/9,181,"Flash, Smite",,Yagao,Ryze,2/4/6,300,"Flash, Teleport",,Elk,Zeri,8/4/5,389,"Flash, Barrier",,ON,Yuumi,2/2/13,0,"Heal, Dot",,0,[],,,,,,,18.3%,24%,17.2%,16.3%,23.9%,18.7%,26.9%,27.1%,13.8%,13.9%,14.4%,507 DPM,21.3%,684 DPM,16.8%,589 DPM,10.7%,342 DPM,23.4%,822 DPM,15.7%,502 DPM,38.4%,1349 DPM,37.7%,1210 DPM,6.9%,241 DPM,14.6%,468 DPM,,,,,,,,,,,,,,
45985,45987,AL vs BLG,LPL Spring 2023,2023-02-15 (WEEK5),30:42,v13.1,Anyone s Legend,LOSS,8,1,1,0,46.5k,True,False,,"Jax, Kindred, Nidalee, Fiora, KSante","Sion, Vi, Akali, Lucian, Nami",Zdz,Sion,1/3/4,204,"Teleport, Flash",,Xiaohao,Vi,1/4/6,137,"Smite, Flash",,Pinz,Akali,2/2/1,232,"Flash, Teleport",,Betty,Lucian,3/4/5,274,"Flash, Boost",,SwordArt,Nami,1/3/7,0,"Heal, Flash",,Bilibili Gaming,WIN,16,10,3,1,58.2k,False,True,,"Elise, Maokai, Ashe, Renekton, Ahri","Gwen, Wukong, Ryze, Zeri, Yuumi",Bin,Gwen,0/3/6,264,"Haste, Teleport",,XUN,Wukong,3/0/9,169,"Flash, Smite",,Yagao,Ryze,6/0/5,268,"Flash, Teleport",,Elk,Zeri,6/1/8,294,"Flash, Barrier",,ON,Yuumi,1/4/11,0,"Heal, Dot",,0,[],,,,,,,19.5%,19.6%,18.1%,19.3%,21.7%,22.9%,26.6%,24.9%,14.1%,13.4%,24.3%,445 DPM,16%,445 DPM,7.6%,139 DPM,20.3%,564 DPM,21.3%,389 DPM,21.1%,585 DPM,36.1%,660 DPM,33.2%,923 DPM,10.8%,197 DPM,9.4%,261 DPM,,,,,,,,,,,,,,
45982,45982,TT vs WBG,LPL Spring 2023,2023-02-14 (WEEK5),29:12,v13.1,TT,WIN,16,9,4,1,56.4k,True,False,,"Ashe, Lucian, Zeri, Kassadin, KSante","Sylas, Sejuani, Yone, Varus, Heimerdinger",Hoya,Sylas,6/1/4,223,"Flash, Teleport",,Beichuan,Sejuani,2/0/12,136,"Flash, Smite",,Ucal,Yone,4/0/7,280,"Teleport, Flash",,huanfeng,Varus,2/1/8,285,"Heal, Flash",,yaoyao,Heimerdinger,2/1/9,22,"Dot, Flash",,Weibo Gaming,LOSS,3,2,1,0,46k,False,False,,"Jax, Elise, Maokai, Fiora, Jayce","Gnar, Wukong, Ryze, Sivir, Yuumi",TheShy,Gnar,0/3/2,238,"Flash, Teleport",,Karsa,Wukong,2/5/1,142,"Smite, Flash",,xiaohu,Ryze,0/4/2,239,"Flash, Teleport",,Light,Sivir,1/1/1,328,"Flash, Boost",,Crisp,Yuumi,0/3/3,0,"Heal, Dot",,0,[],,,,,,,21.6%,21.8%,18%,18.6%,24.6%,20.8%,21.9%,26.5%,14%,12.2%,25.3%,443 DPM,24.2%,368 DPM,15.4%,270 DPM,14.8%,225 DPM,26.9%,471 DPM,17.2%,262 DPM,14%,245 DPM,30.8%,468 DPM,18.3%,321 DPM,13%,198 DPM,,,,,,,,,,,,,,
45982,45983,TT vs WBG,LPL Spring 2023,2023-02-14 (WEEK5),40:13,v13.1,Weibo Gaming,LOSS,7,4,2,1,64.2k,False,True,,"Jax, Sejuani, Elise, Fiora, Kassadin","Gnar, Wukong, Taliyah, Varus, Heimerdinger",TheShy,Gnar,1/6/2,309,"Flash, Teleport",,Karsa,Wukong,0/5/4,180,"Smite, Flash",,xiaohu,Taliyah,3/4/4,295,"Flash, Teleport",,Light,Varus,2/1/2,372,"Flash, Boost",,Crisp,Heimerdinger,1/5/3,38,"Flash, Heal",,TT,WIN,21,9,4,1,71.1k,True,False,,"Zeri, Lucian, Maokai, Sion, Ryze","KSante, Vi, Cassiopeia, Jhin, Ashe",Hoya,KSante,4/1/7,241,"Haste, Teleport",,Beichuan,Vi,5/3/8,190,"Flash, Smite",,Ucal,Cassiopeia,3/0/9,336,"Teleport, Flash",,huanfeng,Jhin,8/0/7,332,"Boost, Flash",,yaoyao,Ashe,1/3/15,44,"Heal, Flash",,0,[],,,,,,,22.7%,19.4%,18.2%,19.5%,21.5%,22.3%,24%,24.3%,13.6%,14.5%,24%,535 DPM,16.9%,363 DPM,8.8%,195 DPM,15.8%,339 DPM,27.9%,622 DPM,20%,430 DPM,28.7%,640 DPM,29.7%,638 DPM,10.6%,235 DPM,17.5%,377 DPM,,,,,,,,,,,,,,
45979,45979,Top Esports vs IG,LPL Spring 2023,2023-02-14 (WEEK5),31:02,v13.1,Top Esports,WIN,12,11,3,2,59.4k,True,True,,"Jax, Lucian, Sejuani, Wukong, Vi","Darius, Elise, Jayce, Ziggs, Pyke",Qingtian,Darius,2/0/2,263,"Flash, Haste",,Tian,Elise,5/0/3,192,"Smite, Flash",,RooKie,Jayce,3/0/3,277,"Teleport, Flash",,JackeyLove,Ziggs,1/0/9,264,"Flash, Teleport",,Mark,Pyke,1/4/3,47,"Flash, Dot",,Invictus Gaming,LOSS,4,2,1,0,49.4k,False,False,,"Yuumi, Lulu, Maokai, Leona, Renekton","Fiora, Poppy, Azir, Draven, Ashe",YSKM,Fiora,1/2/0,286,"Flash, Teleport",,GIDEON,Poppy,0/3/4,123,"Smite, Flash",,Dove,Azir,0/2/1,231,"Teleport, Flash",,Ahn,Draven,3/2/1,298,"Boost, Flash",,Wink,Ashe,0/3/4,36,"Heal, Flash",,0,[],,,,,,,21.7%,23.5%,20.9%,15.3%,21.2%,19.1%,23.2%,28.6%,13%,13.4%,12.1%,280 DPM,17.3%,266 DPM,20.3%,468 DPM,9.3%,144 DPM,33.3%,769 DPM,27.1%,417 DPM,31.6%,728 DPM,21.6%,333 DPM,2.7%,61 DPM,24.7%,381 DPM,,,,,,,,,,,,,,
45979,45980,Top Esports vs IG,LPL Spring 2023,2023-02-14 (WEEK5),36:35,v13.1,Invictus Gaming,WIN,19,10,2,2,71.9k,True,False,,"Zeri, Draven, Yuumi, Ezreal, Darius","Fiora, Maokai, Kassadin, Kalista, Varus",YSKM,Fiora,6/3/3,321,"Flash, Teleport",,GIDEON,Maokai,1/5/13,146,"Smite, Flash",,Dove,Kassadin,7/3/6,322,"Teleport, Flash",,Ahn,Kalista,3/4/9,316,"Boost, Flash",,Wink,Varus,2/3/11,85,"Heal, Flash",,Top Esports,LOSS,18,6,3,1,66.9k,False,False,,"Jax, Lucian, Ziggs, Miss Fortune, Azir","Jayce, Sejuani, Sylas, Jhin, Ashe",Qingtian,Jayce,3/5/5,315,"Flash, Teleport",,Tian,Sejuani,4/2/11,193,"Smite, Flash",,RooKie,Sylas,7/3/3,278,"Teleport, Flash",,JackeyLove,Jhin,3/4/9,288,"Flash, Heal",,Mark,Ashe,1/5/8,54,"Flash, Barrier",,0,[],,,,,,,24.3%,22.7%,16.2%,19.9%,22.4%,22.4%,21.7%,21.5%,15.3%,13.5%,11.3%,357 DPM,27.6%,818 DPM,16.1%,507 DPM,15.3%,454 DPM,29%,911 DPM,31.2%,927 DPM,20%,630 DPM,15.2%,450 DPM,23.6%,743 DPM,10.8%,319 DPM,,,,,,,,,,,,,,
45979,45981,Top Esports vs IG,LPL Spring 2023,2023-02-14 (WEEK5),24:38,v13.1,Top Esports,WIN,20,11,4,0,51.5k,True,True,,"Jax, Lucian, Sejuani, Vi, Wukong","Renekton, Maokai, Jayce, Jhin, Heimerdinger",Qingtian,Renekton,5/3/3,200,"Flash, Teleport",,Tian,Maokai,3/0/7,163,"Smite, Flash",,RooKie,Jayce,4/0/6,216,"Teleport, Flash",,JackeyLove,Jhin,6/1/4,231,"Flash, Heal",,Mark,Heimerdinger,2/1/11,0,"Flash, Dot",,Invictus Gaming,LOSS,5,0,0,0,37.7k,False,False,,"Zeri, Ziggs, Draven, Yuumi, Darius","Fiora, Elise, Yone, Varus, Ashe",YSKM,Fiora,1/2/1,169,"Flash, Teleport",,GIDEON,Elise,1/3/2,108,"Smite, Flash",,Dove,Yone,2/5/1,213,"Teleport, Flash",,Ahn,Varus,1/5/3,216,"Boost, Flash",,Wink,Ashe,0/5/4,30,"Heal, Flash",,0,[],,,,,,,20.7%,19.1%,20.7%,18.3%,21.6%,24.7%,22.8%,23.2%,14.2%,14.7%,25.7%,647 DPM,20.1%,381 DPM,16.4%,413 DPM,12.3%,232 DPM,31.2%,786 DPM,24.8%,468 DPM,15.3%,386 DPM,25.6%,484 DPM,11.3%,284 DPM,17.2%,325 DPM,,,,,,,,,,,,,,
45976,45976,OMG vs Rare Atom,LPL Spring 2023,2023-02-13 (WEEK5),33:33,v13.1,OMG,LOSS,6,4,2,2,57.5k,False,False,,"Jax, Vi, Lucian, Sylas, Ryze","Sion, Maokai, Yone, Varus, Karma",shanji,Sion,0/2/4,253,"Flash, Teleport",,AKi,Maokai,1/3/4,182,"Flash, Smite",,Creme,Yone,2/3/2,277,"Flash, Teleport",,Able,Varus,3/1/1,345,"Boost, Flash",,Ppgod,Karma,0/3/5,0,"Heal, Flash",,Rare Atom,WIN,12,6,3,0,59.6k,True,False,,"Samira, Zeri, Akali, Heimerdinger, Udyr","KSante, Wukong, Ahri, Sivir, Ashe",Cube,KSante,3/1/3,313,"Haste, Teleport",,Leyan,Wukong,2/3/9,206,"Smite, Flash",,Strive,Ahri,5/0/7,287,"Flash, Teleport",,Assum,Sivir,1/1/8,345,"Heal, Flash",,Southwind,Ashe,1/1/9,34,"Flash, Barrier",,0,[],,,,,,,19.1%,22.4%,20.5%,19.7%,21.6%,21.7%,26.3%,22.8%,12.5%,13.5%,21.1%,428 DPM,14.4%,364 DPM,27.4%,556 DPM,13.7%,345 DPM,23.8%,483 DPM,23.8%,603 DPM,20.9%,425 DPM,34.4%,870 DPM,6.8%,139 DPM,13.7%,347 DPM,,,,,,,,,,,,,,
45976,45977,OMG vs Rare Atom,LPL Spring 2023,2023-02-13 (WEEK5),25:16,v13.1,Rare Atom,LOSS,1,1,0,0,38.6k,False,False,,"Akali, Kassadin, Ashe, Yone, KSante","Renekton, Wukong, Ahri, Zeri, Lulu",Cube,Renekton,0/1/0,242,"Flash, Teleport",,Leyan,Wukong,1/3/0,132,"Smite, Flash",,Strive,Ahri,0/0/1,235,"Flash, Teleport",,Assum,Zeri,0/3/1,241,"Barrier, Flash",,Southwind,Lulu,0/1/1,0,"Flash, Heal",,OMG,WIN,8,8,4,0,46.9k,True,True,,"Jax, Vi, Yuumi, Gwen, Ryze","Sion, Sejuani, Sylas, Lucian, Nami",shanji,Sion,2/0/4,250,"Flash, Teleport",,AKi,Sejuani,2/0/4,123,"Flash, Smite",,Creme,Sylas,2/0/3,239,"Flash, Teleport",,Able,Lucian,2/0/6,247,"Boost, Flash",,Ppgod,Nami,0/1/7,0,"Heal, Flash",,0,[],,,,,,,22.1%,21.8%,20%,16.8%,21.5%,23.1%,23%,24.6%,13.4%,13.6%,21.7%,364 DPM,23.1%,464 DPM,7.8%,130 DPM,9.5%,190 DPM,33.2%,557 DPM,21.2%,425 DPM,30%,503 DPM,37.3%,748 DPM,7.3%,123 DPM,8.9%,178 DPM,,,,,,,,,,,,,,
45976,45978,OMG vs Rare Atom,LPL Spring 2023,2023-02-13 (WEEK5),30:57,v13.1,Rare Atom,WIN,20,8,4,1,61.1k,False,False,,"Zeri, Samira, Lucian, Kassadin, Kaisa","Sion, Wukong, Akali, Varus, Heimerdinger",Cube,Sion,2/0/6,250,"Flash, Teleport",,Leyan,Wukong,7/2/10,215,"Smite, Flash",,Strive,Akali,7/0/9,249,"Flash, Teleport",,Assum,Varus,3/0/14,290,"Boost, Flash",,Southwind,Heimerdinger,1/1/12,43,"Flash, Heal",,OMG,LOSS,3,0,0,1,49k,True,False,,"Jax, Vi, Elise, Gwen, Ryze","KSante, Sejuani, Sylas, Ezreal, Ashe",shanji,KSante,0/4/0,241,"Haste, Teleport",,AKi,Sejuani,0/7/2,147,"Flash, Smite",,Creme,Sylas,2/5/1,236,"Flash, Teleport",,Able,Ezreal,0/1/0,303,"Boost, Flash",,Ppgod,Ashe,1/3/0,44,"Heal, Flash",,0,[],,,,,,,18.7%,20.5%,21.4%,18%,21.5%,21.6%,24.1%,24.7%,14.2%,15.2%,11.2%,323 DPM,15%,275 DPM,16.7%,484 DPM,13.1%,240 DPM,30.9%,894 DPM,25.1%,460 DPM,28.5%,825 DPM,30.7%,563 DPM,12.6%,365 DPM,16.2%,298 DPM,,,,,,,,,,,,,,
45973,45973,Ultra Prime vs LGD Gaming,LPL Spring 2023,2023-02-13 (WEEK5),33:54,v13.1,Ultra Prime,WIN,31,10,3,2,69.2k,False,False,,"Jax, Sylas, Ashe, Caitlyn, Heimerdinger","Sion, Jarvan IV, Ryze, Zeri, Lulu",Hery,Sion,1/0/18,229,"Flash, Teleport",,Ning,Jarvan IV,2/8/27,164,"Smite, Flash",,Qing,Ryze,11/5/14,238,"Flash, Teleport",,Doggo,Zeri,13/4/16,324,"Flash, Barrier",,Baolan,Lulu,4/4/27,0,"Heal, Flash",,LGD Gaming,LOSS,21,3,2,0,61.3k,True,True,,"Draven, Maokai, Yuumi, Wukong, Lee Sin","KSante, Elise, Jayce, Varus, Nautilus",Xiaoxu,KSante,4/6/8,238,"Haste, Teleport",,Meteor,Elise,2/6/11,203,"Flash, Smite",,Haichao,Jayce,11/5/9,268,"Flash, Teleport",,Lpc,Varus,3/7/7,273,"Flash, Heal",,jinjiao,Nautilus,1/7/9,42,"Flash, Dot",,0,[],,,,,,,18.5%,20.1%,17.3%,19.2%,21.6%,28.7%,27.6%,19.8%,15%,12.1%,19.2%,601 DPM,19.4%,679 DPM,12.9%,404 DPM,15.3%,534 DPM,25.4%,798 DPM,41.3%,1444 DPM,36.9%,1158 DPM,19.8%,694 DPM,5.6%,176 DPM,4.2%,148 DPM,,,,,,,,,,,,,,
45973,45974,Ultra Prime vs LGD Gaming,LPL Spring 2023,2023-02-13 (WEEK5),29:21,v13.1,LGD Gaming,LOSS,1,1,0,0,43.5k,True,False,,"Draven, Kassadin, Elise, Wukong, Lee Sin","KSante, Maokai, Tristana, Sivir, Yuumi",Xiaoxu,KSante,1/2/0,208,"Haste, Teleport",,Meteor,Maokai,0/2/1,151,"Flash, Smite",,Haichao,Tristana,0/0/0,279,"Flash, Teleport",,Lpc,Sivir,0/2/0,260,"Flash, Boost",,jinjiao,Yuumi,0/1/0,0,"Heal, Exhaust",,Ultra Prime,WIN,7,10,4,1,54.5k,False,False,,"Jax, Ashe, Jayce, Azir, Syndra","Renekton, Vi, Ryze, Zeri, Lulu",Hery,Renekton,2/1/2,254,"Flash, Teleport",,Ning,Vi,1/0/5,193,"Smite, Flash",,Qing,Ryze,0/0/3,296,"Flash, Teleport",,Doggo,Zeri,4/0/2,313,"Flash, Heal",,Baolan,Lulu,0/0/6,0,"Dot, Flash",,0,[],,,,,,,21.5%,23.1%,20.2%,18.2%,24.1%,21.1%,22.3%,24.7%,11.9%,13%,20.8%,326 DPM,19.4%,285 DPM,24.3%,380 DPM,10.2%,150 DPM,24.6%,385 DPM,37.7%,553 DPM,21.8%,342 DPM,26.3%,387 DPM,8.5%,133 DPM,6.3%,93 DPM,,,,,,,,,,,,,,
45605,45605,BLG vs EDG,LPL Spring 2023,2023-02-12 (WEEK4),25:38,v13.1,Bilibili Gaming,LOSS,3,0,0,0,38.6k,False,False,,"Ashe, Azir, Maokai, Akali, LeBlanc","KSante, Vi, Sylas, Lucian, Nami",Bin,KSante,0/1/2,189,"Haste, Teleport",,XUN,Vi,0/5/2,130,"Flash, Smite",,Yagao,Sylas,1/2/0,203,"Flash, Teleport",,Elk,Lucian,2/1/1,229,"Flash, Boost",,ON,Nami,0/1/3,0,"Flash, Heal",,Edward Gaming,WIN,10,10,4,1,50.6k,True,True,,"Ryze, Kindred, Jax, Kassadin, Gnar","Fiora, Sejuani, Jayce, Zeri, Yuumi",Ale,Fiora,4/0/3,261,"Teleport, Haste",,Jiejie,Sejuani,1/0/6,134,"Smite, Flash",,FoFo,Jayce,3/0/3,226,"Flash, Teleport",,Leave,Zeri,2/2/5,287,"Barrier, Flash",,meiko,Yuumi,0/1/8,0,"Dot, Heal",,0,[],,,,,,,20.5%,27.3%,18%,16.2%,23.1%,20.4%,24.9%,23.5%,13.5%,12.6%,22.8%,328 DPM,22%,520 DPM,7.2%,104 DPM,9.4%,224 DPM,24.1%,347 DPM,29.7%,703 DPM,35.9%,518 DPM,25.2%,596 DPM,10%,144 DPM,13.7%,325 DPM,,,,,,,,,,,,,,
45605,45606,BLG vs EDG,LPL Spring 2023,2023-02-12 (WEEK4),31:06,v13.1,Edward Gaming,WIN,18,10,3,2,62.6k,True,True,,"Ryze, Jax, Kindred, Gwen, Fiora","Camille, Maokai, Akali, Jhin, Heimerdinger",Ale,Camille,4/2/8,264,"Teleport, Flash",,Jiejie,Maokai,1/1/13,179,"Smite, Flash",,FoFo,Akali,8/0/5,227,"Flash, Teleport",,Leave,Jhin,3/2/3,309,"Heal, Flash",,meiko,Heimerdinger,2/1/10,43,"Flash, Dot",,Bilibili Gaming,LOSS,6,2,1,0,51.9k,False,False,,"Lucian, Zeri, Ashe, Leona, Renekton","KSante, Nidalee, Jayce, Varus, Karma",Bin,KSante,2/3/1,261,"Haste, Teleport",,XUN,Nidalee,0/4/4,186,"Flash, Smite",,Yagao,Jayce,1/3/2,285,"Flash, Teleport",,Elk,Varus,3/3/1,238,"Flash, Boost",,ON,Karma,0/5/5,47,"Flash, Dot",,0,[],,,,,,,22.1%,22.4%,18.3%,18.2%,20.6%,23.8%,23.4%,22.1%,15.6%,13.5%,21.4%,639 DPM,16.4%,393 DPM,22.2%,662 DPM,17.5%,419 DPM,18%,537 DPM,31.3%,751 DPM,19%,567 DPM,25.1%,603 DPM,19.3%,574 DPM,9.7%,232 DPM,,,,,,,,,,,,,,
45602,45602,RNG vs Team WE,LPL Spring 2023,2023-02-12 (WEEK4),33:08,v13.1,Royal Never Give Up,LOSS,14,5,2,1,60.6k,False,False,,"Kassadin, Varus, Vi, Fiora, Cassiopeia","Sion, Poppy, Orianna, Zeri, Yuumi",Breathe,Sion,2/1/4,270,"Teleport, Flash",,Wei,Poppy,1/3/8,144,"Smite, Flash",,Angel,Orianna,5/4/4,296,"Flash, Teleport",,GALA,Zeri,5/1/6,403,"Flash, Barrier",,Ming,Yuumi,1/1/12,0,"Exhaust, Heal",,Team WE,WIN,10,9,2,1,63.4k,True,True,,"Jax, Maokai, Sejuani, Jayce, Azir","Gnar, Wukong, Ryze, Lucian, Nami",Biubiu,Gnar,3/1/3,326,"Flash, Teleport",,Heng,Wukong,1/3/2,151,"Flash, Smite",,Shanks,Ryze,5/1/1,339,"Flash, Teleport",,Hope,Lucian,1/5/1,301,"Flash, Boost",,Iwandy,Nami,0/4/7,0,"Heal, Flash",,0,[],,,,,,,21%,23.2%,15.4%,15.9%,22.4%,27.6%,27.1%,20.7%,14%,12.6%,25.8%,548 DPM,31.1%,487 DPM,10%,211 DPM,6.7%,104 DPM,34%,721 DPM,32.2%,504 DPM,19.4%,411 DPM,23.1%,361 DPM,10.8%,229 DPM,7%,110 DPM,,,,,,,,,,,,,,
45602,45603,RNG vs Team WE,LPL Spring 2023,2023-02-12 (WEEK4),32:00,v13.1,Team WE,LOSS,2,3,1,0,51.9k,False,True,,"Jax, Jayce, Poppy, Kassadin, Sion","Gnar, Sejuani, Azir, Lucian, Nami",Biubiu,Gnar,0/4/0,279,"Flash, Teleport",,Heng,Sejuani,1/3/0,121,"Flash, Smite",,Shanks,Azir,1/3/1,313,"Flash, Teleport",,Hope,Lucian,0/3/2,312,"Flash, Boost",,Iwandy,Nami,0/4/2,28,"Heal, Flash",,Royal Never Give Up,WIN,17,9,4,2,63.4k,True,False,,"Maokai, Varus, Vi, Fiora, Yone","KSante, Wukong, Ryze, Zeri, Yuumi",Breathe,KSante,4/0/7,279,"Teleport, Haste",,Wei,Wukong,4/1/9,160,"Smite, Flash",,Angel,Ryze,4/1/2,339,"Flash, Teleport",,GALA,Zeri,5/0/10,337,"Flash, Barrier",,Ming,Yuumi,0/0/17,0,"Exhaust, Heal",,0,[],,,,,,,21.3%,21.6%,16.7%,17.9%,24.3%,21.9%,24.3%,25.3%,13.4%,13.3%,22.8%,347 DPM,17.5%,294 DPM,10.2%,154 DPM,20.7%,348 DPM,37.9%,575 DPM,16.8%,283 DPM,22.7%,345 DPM,32.5%,546 DPM,6.4%,98 DPM,12.4%,208 DPM,,,,,,,,,,,,,,
45602,45604,RNG vs Team WE,LPL Spring 2023,2023-02-12 (WEEK4),32:42,v13.1,Royal Never Give Up,WIN,18,10,4,1,62.7k,True,True,,"Kassadin, Varus, Gnar, Sylas, Akali","Renekton, Maokai, Azir, Caitlyn, Heimerdinger",Breathe,Renekton,4/4/6,232,"Teleport, Flash",,Wei,Maokai,4/3/12,150,"Smite, Flash",,Angel,Azir,2/7/7,237,"Flash, Teleport",,GALA,Caitlyn,6/1/7,324,"Flash, Boost",,Ming,Heimerdinger,2/4/12,27,"Dot, Flash",,Team WE,LOSS,19,3,0,0,57.2k,False,False,,"Zeri, Lucian, Jax, Jayce, Fiora","KSante, Vi, Ryze, Jhin, Ashe",Biubiu,KSante,3/2/6,223,"Haste, Teleport",,Heng,Vi,4/6/8,129,"Flash, Smite",,Shanks,Ryze,7/4/7,282,"Flash, Teleport",,Hope,Jhin,2/1/7,256,"Flash, Boost",,Iwandy,Ashe,3/5/11,42,"Heal, Flash",,0,[],,,,,,,19.2%,20.2%,20.7%,19.3%,18.6%,23.9%,26.4%,20.6%,15.1%,16%,16.9%,535 DPM,18.3%,421 DPM,22%,698 DPM,12.3%,284 DPM,19%,602 DPM,31.4%,724 DPM,30.6%,969 DPM,23.6%,543 DPM,11.5%,365 DPM,14.4%,332 DPM,,,,,,,,,,,,,,
45599,45599,LNG Esports vs NIP,LPL Spring 2023,2023-02-12 (WEEK4),34:21,v13.1,Ninjas in Pyjamas,WIN,27,10,4,2,67.3k,True,True,,"Jayce, Elise, Sylas, Gwen, Leona","Kennen, Maokai, Ryze, Jhin, Ashe",invincible,Kennen,2/2/10,274,"Teleport, Flash",,XLB,Maokai,3/4/17,129,"Smite, Flash",,Pout,Ryze,10/2/8,277,"Flash, Teleport",,Photic,Jhin,10/1/14,266,"Flash, Boost",,Zhuo,Ashe,2/0/20,32,"Flash, Heal",,LNG Esports,LOSS,9,3,1,0,56.4k,False,False,,"Zeri, Lucian, Jax, Gangplank, Renekton","Fiora, Sejuani, Yone, Varus, Nautilus",Zika,Fiora,1/3/3,286,"Flash, Teleport",,Tarzan,Sejuani,1/3/7,158,"Smite, Flash",,Scout,Yone,2/6/5,269,"Teleport, Flash",,LP,Varus,5/5/4,296,"Flash, Boost",,Hang,Nautilus,0/10/7,46,"Flash, Dot",,0,[],,,,,,,20.7%,21.6%,17.3%,18.3%,23.3%,23.4%,24%,24.3%,14.6%,12.4%,18.8%,663 DPM,15%,322 DPM,20.7%,729 DPM,18.1%,388 DPM,22.3%,786 DPM,15.7%,337 DPM,27%,952 DPM,43%,926 DPM,11.3%,399 DPM,8.3%,177 DPM,,,,,,,,,,,,,,
45599,45600,LNG Esports vs NIP,LPL Spring 2023,2023-02-12 (WEEK4),34:15,v13.1,Ninjas in Pyjamas,LOSS,14,1,2,0,59.3k,True,False,,"Jayce, Elise, Sylas, Vi, Wukong","Renekton, Maokai, Swain, Jhin, Ashe",invincible,Renekton,2/3/4,309,"Teleport, Flash",,XLB,Maokai,2/3/9,136,"Smite, Flash",,Pout,Swain,4/6/7,241,"Flash, Teleport",,Photic,Jhin,5/5/7,289,"Flash, Boost",,Zhuo,Ashe,1/4/12,30,"Flash, Heal",,LNG Esports,WIN,21,9,3,1,65.8k,False,True,,"Zeri, Lucian, Jax, Tristana, Yone","Fiora, Lee Sin, Ryze, Varus, Leona",Zika,Fiora,4/2/3,312,"Dot, Teleport",,Tarzan,Lee Sin,2/1/13,178,"Smite, Flash",,Scout,Ryze,6/2/11,336,"Teleport, Flash",,LP,Varus,9/3/9,293,"Flash, Boost",,Hang,Leona,0/6/12,45,"Flash, Dot",,0,[],,,,,,,22.6%,22.9%,19.7%,16.8%,20.3%,23.3%,23.5%,24.9%,13.8%,12.2%,20.7%,558 DPM,28%,797 DPM,28.9%,777 DPM,10.1%,287 DPM,15.8%,424 DPM,28.8%,819 DPM,22%,593 DPM,29%,824 DPM,12.6%,338 DPM,4.2%,118 DPM,,,,,,,,,,,,,,
45599,45601,LNG Esports vs NIP,LPL Spring 2023,2023-02-12 (WEEK4),40:41,v13.1,Ninjas in Pyjamas,WIN,21,11,3,1,76.2k,True,False,,"Jayce, Elise, Sylas, Fiora, Vi","Sion, Maokai, Azir, Ezreal, Ashe",invincible,Sion,1/4/11,280,"Teleport, Flash",,XLB,Maokai,2/2/9,184,"Smite, Flash",,Pout,Azir,5/3/6,337,"Flash, Teleport",,Photic,Ezreal,12/3/5,380,"Flash, Boost",,Zhuo,Ashe,1/2/18,38,"Flash, Heal",,LNG Esports,LOSS,14,3,2,1,70.3k,False,False,,"Zeri, Lucian, Jax, Jhin, Sivir","Gnar, Zac, Ryze, Varus, Leona",Zika,Gnar,2/5/4,325,"Flash, Teleport",,Tarzan,Zac,2/3/7,181,"Smite, Flash",,Scout,Ryze,2/4/5,391,"Teleport, Flash",,LP,Varus,7/3/4,363,"Flash, Boost",,Hang,Leona,1/6/11,31,"Flash, Dot",,0,[],,,,,,,17.9%,21.2%,20.1%,16.3%,20.9%,23.4%,27%,26.4%,14.1%,12.8%,13.5%,504 DPM,19.9%,381 DPM,24.6%,918 DPM,12.4%,237 DPM,20.9%,781 DPM,25.2%,482 DPM,31.1%,1162 DPM,37.6%,719 DPM,10%,372 DPM,4.9%,93 DPM,,,,,,,,,,,,,,
45596,45596,JD Gaming vs WBG,LPL Spring 2023,2023-02-11 (WEEK4),32:37,v13.1,JD Gaming,LOSS,11,4,1,1,55.4k,False,False,,"KSante, Lucian, Caitlyn, Jayce, Renekton","Aatrox, Sejuani, Akali, Varus, Karma",369,Aatrox,6/5/2,222,"Flash, Teleport",,Kanavi,Sejuani,1/3/8,179,"Flash, Smite",,Knight,Akali,3/2/2,244,"Flash, Teleport",,Ruler,Varus,1/2/3,277,"Flash, Boost",,Missing,Karma,0/1/6,0,"Dot, Flash",,Weibo Gaming,WIN,13,9,4,1,59.9k,True,True,,"Maokai, Yuumi, Jax, Gnar, Fiora","Sion, Elise, Tristana, Zeri, Ashe",TheShy,Sion,0/5/5,207,"Flash, Teleport",,Karsa,Elise,2/3/6,179,"Smite, Flash",,xiaohu,Tristana,5/1/5,281,"Flash, Teleport",,Light,Zeri,5/1/7,314,"Flash, Boost",,Crisp,Ashe,1/1/9,0,"Flash, Heal",,0,[],,,,,,,22.5%,16.9%,20.4%,18%,21.8%,26.6%,21.8%,25%,13.4%,13.6%,33.3%,694 DPM,14.4%,392 DPM,12.8%,268 DPM,12.9%,352 DPM,21.3%,445 DPM,29.4%,800 DPM,22.7%,473 DPM,30.8%,838 DPM,9.9%,207 DPM,12.5%,339 DPM,,,,,,,,,,,,,,
45596,45597,JD Gaming vs WBG,LPL Spring 2023,2023-02-11 (WEEK4),31:25,v13.1,Weibo Gaming,LOSS,7,1,1,0,49.3k,True,False,,"Maokai, Jax, Kassadin, Jayce, Syndra","Renekton, Sejuani, Ryze, Lucian, Nami",TheShy,Renekton,0/6/2,216,"Flash, Teleport",,Karsa,Sejuani,1/4/5,157,"Smite, Flash",,xiaohu,Ryze,2/3/2,266,"Flash, Teleport",,Light,Lucian,2/1/3,260,"Flash, Boost",,Crisp,Nami,2/2/4,0,"Flash, Heal",,JD Gaming,WIN,16,11,4,1,59.8k,False,True,,"KSante, Elise, Zeri, Gnar, Sion","Gragas, Wukong, Sylas, Varus, Ashe",369,Gragas,3/0/6,207,"Flash, Teleport",,Kanavi,Wukong,3/1/7,195,"Flash, Smite",,Knight,Sylas,2/1/6,271,"Flash, Teleport",,Ruler,Varus,7/2/5,270,"Flash, Heal",,Missing,Ashe,1/3/9,28,"Barrier, Flash",,0,[],,,,,,,19.5%,19%,19.4%,20%,23%,22.3%,24.1%,24.9%,13.9%,13.8%,24%,587 DPM,24.1%,825 DPM,13%,320 DPM,12.4%,425 DPM,34.8%,853 DPM,18.4%,631 DPM,23.4%,573 DPM,24.5%,840 DPM,4.7%,115 DPM,20.6%,708 DPM,,,,,,,,,,,,,,
45596,45598,JD Gaming vs WBG,LPL Spring 2023,2023-02-11 (WEEK4),39:27,v13.1,JD Gaming,LOSS,24,5,3,1,71.7k,True,True,,"KSante, Elise, Ashe, Taliyah, Gnar","Renekton, Wukong, Akali, Zeri, Yuumi",369,Renekton,2/6/8,283,"Flash, Teleport",,Kanavi,Wukong,8/3/7,236,"Flash, Smite",,Knight,Akali,7/4/9,269,"Flash, Teleport",,Ruler,Zeri,5/3/5,411,"Flash, Barrier",,Missing,Yuumi,2/1/16,0,"Heal, Exhaust",,Weibo Gaming,WIN,17,7,3,1,70.6k,False,False,,"Maokai, Jax, Sejuani, Ryze, Kassadin","Sion, Vi, Syndra, Lucian, Nami",TheShy,Sion,1/5/8,244,"Flash, Teleport",,Karsa,Vi,0/7/10,174,"Smite, Flash",,xiaohu,Syndra,9/5/4,327,"Flash, Teleport",,Light,Lucian,6/4/5,360,"Flash, Boost",,Crisp,Nami,1/3/11,0,"Flash, Heal",,0,[],,,,,,,18.6%,18.1%,21.5%,16.4%,22.2%,26.4%,24.9%,26.4%,12.8%,12.7%,19.7%,519 DPM,22.9%,623 DPM,20.9%,550 DPM,9.5%,259 DPM,23.8%,628 DPM,29.2%,794 DPM,23.5%,620 DPM,31.7%,861 DPM,12.1%,318 DPM,6.6%,181 DPM,,,,,,,,,,,,,,
45593,45593,IG vs FPX,LPL Spring 2023,2023-02-11 (WEEK4),38:10,v13.1,Invictus Gaming,WIN,24,7,1,1,71.5k,True,True,,"Zeri, Yuumi, Kassadin, Renekton, Gnar","KSante, Poppy, Ryze, Lucian, Nami",YSKM,KSante,3/1/8,248,"Haste, Teleport",,GIDEON,Poppy,1/3/11,151,"Smite, Flash",,Dove,Ryze,3/1/7,354,"Teleport, Flash",,Ahn,Lucian,15/2/8,360,"Boost, Flash",,Wink,Nami,2/1/20,26,"Heal, Flash",,Funplus Phoenix,LOSS,8,3,4,1,61k,False,False,,"Fiora, Jax, Irelia, Maokai, Sejuani","Gwen, Elise, Jayce, Varus, Ashe",Xiaolaohu,Gwen,3/5/3,311,"Teleport, Haste",,H4cker,Elise,2/5/4,151,"Flash, Smite",,Care,Jayce,3/5/1,316,"Flash, Teleport",,Lwx,Varus,0/5/5,348,"Flash, Barrier",,Lele,Ashe,0/4/6,40,"Flash, Heal",,0,[],,,,,,,18.4%,24.1%,15.4%,16.8%,22.7%,22.9%,29.2%,22.5%,14.3%,13.7%,16.3%,378 DPM,23.5%,655 DPM,6.9%,161 DPM,13.8%,386 DPM,20.8%,483 DPM,28.8%,805 DPM,45.8%,1067 DPM,18.9%,528 DPM,10.2%,238 DPM,15%,417 DPM,,,,,,,,,,,,,,
45593,45594,IG vs FPX,LPL Spring 2023,2023-02-11 (WEEK4),24:47,v13.1,Funplus Phoenix,LOSS,3,0,0,0,37k,False,False,,"Fiora, Lucian, Ashe, Sylas, Irelia","KSante, Maokai, Jayce, Sivir, Karma",Xiaolaohu,KSante,1/6/1,186,"Teleport, Haste",,H4cker,Maokai,1/5/2,145,"Flash, Smite",,Care,Jayce,0/5/1,200,"Flash, Teleport",,Lwx,Sivir,1/5/1,195,"Flash, Boost",,Lele,Karma,0/4/1,0,"Flash, Heal",,Invictus Gaming,WIN,25,9,2,1,55.1k,True,True,,"Zeri, Kassadin, Jax, Yuumi, Caitlyn","Camille, Sejuani, Azir, Varus, Heimerdinger",YSKM,Camille,6/1/11,192,"Flash, Teleport",,GIDEON,Sejuani,3/1/16,88,"Smite, Flash",,Dove,Azir,5/1/9,234,"Teleport, Flash",,Ahn,Varus,7/0/10,230,"Heal, Flash",,Wink,Heimerdinger,4/0/9,43,"Dot, Flash",,0,[],,,,,,,21%,21.1%,21.7%,17.3%,21.1%,21%,23%,24%,13.1%,16.6%,19.9%,450 DPM,24%,756 DPM,30.5%,689 DPM,12%,379 DPM,22.2%,502 DPM,20.7%,652 DPM,20.3%,458 DPM,25.9%,818 DPM,7.2%,163 DPM,17.4%,548 DPM,,,,,,,,,,,,,,
45590,45590,TT vs LGD Gaming,LPL Spring 2023,2023-02-11 (WEEK4),27:11,v13.1,TT,WIN,16,9,2,1,54.2k,True,True,,"Jax, Ashe, Yuumi, Heimerdinger, Ryze","KSante, Vi, Sylas, Varus, Leona",Hoya,KSante,0/0/6,189,"Haste, Teleport",,Beichuan,Vi,4/0/8,152,"Flash, Smite",,Ucal,Sylas,4/1/4,246,"Teleport, Flash",,huanfeng,Varus,7/0/4,277,"Boost, Flash",,yaoyao,Leona,1/1/11,29,"Dot, Flash",,LGD Gaming,LOSS,2,1,2,0,40.4k,False,False,,"Lucian, Elise, Maokai, Kassadin, Akali","Gnar, Sejuani, Azir, Jhin, Karma",Xiaoxu,Gnar,1/4/1,208,"Flash, Teleport",,Meteor,Sejuani,0/3/1,175,"Flash, Smite",,Haichao,Azir,0/2/1,260,"Flash, Teleport",,Lpc,Jhin,0/4/2,220,"Flash, Boost",,jinjiao,Karma,1/3/1,23,"Flash, Heal",,0,[],,,,,,,18.7%,21.3%,19.9%,19.4%,21.9%,24.3%,26.1%,20.5%,13.5%,14.4%,18.6%,374 DPM,37.7%,643 DPM,15.2%,306 DPM,9%,153 DPM,24.6%,495 DPM,24.6%,420 DPM,36.4%,732 DPM,14.5%,248 DPM,5.1%,103 DPM,14.2%,242 DPM,,,,,,,,,,,,,,
45590,45591,TT vs LGD Gaming,LPL Spring 2023,2023-02-11 (WEEK4),33:19,v13.1,LGD Gaming,LOSS,8,3,0,0,54.6k,True,False,,"Elise, Lucian, Ryze, Yone, Kassadin","Gnar, Sylas, Akali, Sivir, Ashe",Xiaoxu,Gnar,2/6/2,253,"Flash, Teleport",,Meteor,Sylas,1/5/4,187,"Flash, Smite",,Haichao,Akali,5/2/1,273,"Flash, Teleport",,Lpc,Sivir,0/6/3,266,"Flash, Heal",,jinjiao,Ashe,0/1/4,65,"Flash, Barrier",,TT,WIN,20,10,4,2,70.3k,False,True,,"Maokai, Varus, Zeri, Renekton, KSante","Jax, Sejuani, Cassiopeia, Draven, Jhin",Hoya,Jax,3/5/5,257,"Flash, Teleport",,Beichuan,Sejuani,4/1/13,182,"Flash, Smite",,Ucal,Cassiopeia,6/1/8,315,"Teleport, Flash",,huanfeng,Draven,7/1/6,296,"Boost, Flash",,yaoyao,Jhin,0/0/15,56,"Heal, Flash",,0,[],,,,,,,22%,19.6%,18.5%,18.4%,24.3%,22.4%,21.2%,25.2%,13.9%,14.4%,26.5%,546 DPM,24.6%,475 DPM,13.6%,279 DPM,14.3%,276 DPM,21.5%,442 DPM,30.7%,593 DPM,20.3%,418 DPM,19.2%,370 DPM,18.2%,376 DPM,11.2%,216 DPM,,,,,,,,,,,,,,
45587,45587,Top Esports vs Ultra Prime,LPL Spring 2023,2023-02-10 (WEEK4),30:32,v13.1,Top Esports,WIN,14,9,2,1,59.1k,False,False,,"Zeri, Ziggs, Yuumi, Sylas, Jax","KSante, Maokai, Jayce, Lucian, Nami",Qingtian,KSante,3/1/6,247,"Teleport, Haste",,Tian,Maokai,3/1/8,160,"Smite, Flash",,RooKie,Jayce,1/1/8,261,"Teleport, Flash",,JackeyLove,Lucian,7/0/4,298,"Flash, Boost",,Mark,Nami,0/1/14,0,"Flash, Heal",,Ultra Prime,LOSS,4,3,2,0,47.5k,True,True,,"Elise, Ashe, Azir, Akali, Kassadin","Gnar, Sejuani, Ryze, Draven, Nautilus",Hery,Gnar,2/3/1,246,"Flash, Teleport",,Ning,Sejuani,1/3/3,145,"Smite, Flash",,Qing,Ryze,1/3/1,247,"Flash, Teleport",,Doggo,Draven,0/1/0,288,"Flash, Heal",,Baolan,Nautilus,0/4/2,26,"Dot, Flash",,0,[],,,,,,,20%,22.5%,20.5%,17.6%,19.7%,21.9%,26.4%,25.3%,13.3%,12.6%,12.9%,369 DPM,34.9%,387 DPM,24.5%,699 DPM,16.4%,182 DPM,27.2%,776 DPM,22.1%,245 DPM,29.5%,840 DPM,19%,210 DPM,5.9%,168 DPM,7.6%,84 DPM,,,,,,,,,,,,,,
45587,45588,Top Esports vs Ultra Prime,LPL Spring 2023,2023-02-10 (WEEK4),28:29,v13.1,Top Esports,WIN,18,11,3,1,58k,True,True,,"Zeri, Ziggs, Yuumi, Jayce, Tristana","Sion, Vi, Ryze, Varus, Heimerdinger",Qingtian,Sion,1/3/9,196,"Flash, Teleport",,Tian,Vi,7/4/9,134,"Smite, Flash",,RooKie,Ryze,5/1/7,297,"Teleport, Flash",,JackeyLove,Varus,5/1/5,270,"Flash, Heal",,Mark,Heimerdinger,0/0/11,27,"Flash, Dot",,Ultra Prime,LOSS,9,1,1,0,46.5k,False,False,,"Elise, Ashe, Lucian, Azir, Sylas","Chogath, Maokai, Renekton, Sivir, Karma",Hery,Chogath,4/2/3,198,"Flash, Teleport",,Ning,Maokai,0/4/8,155,"Smite, Flash",,Qing,Renekton,2/6/2,198,"Flash, Teleport",,Doggo,Sivir,2/4/4,245,"Flash, Boost",,Baolan,Karma,1/2/5,0,"Dot, Flash",,0,[],,,,,,,16.5%,22.1%,20%,20.4%,26.1%,20.7%,23.8%,23.1%,13.6%,13.8%,20.7%,627 DPM,27.1%,676 DPM,12.1%,365 DPM,21.3%,530 DPM,31.9%,963 DPM,14.6%,364 DPM,22.3%,673 DPM,25.5%,635 DPM,13.1%,394 DPM,11.4%,284 DPM,,,,,,,,,,,,,,
45584,45584,Rare Atom vs AL,LPL Spring 2023,2023-02-10 (WEEK4),31:14,v13.1,Rare Atom,WIN,15,9,1,1,60.1k,True,False,,"Fiora, Elise, Sejuani, Jhin, KSante","Renekton, Vi, Ahri, Varus, Karma",Cube,Renekton,6/0/5,322,"Flash, Teleport",,Leyan,Vi,2/4/6,179,"Smite, Flash",,Strive,Ahri,4/1/10,248,"Flash, Teleport",,Assum,Varus,3/1/3,262,"Boost, Flash",,Southwind,Karma,0/1/5,0,"Flash, Dot",,Anyone s Legend,LOSS,7,2,3,0,50.2k,False,False,,"Jax, Lucian, Zeri, Ryze, Sylas","Gangplank, Maokai, Jayce, Ashe, Heimerdinger",Zdz,Gangplank,2/4/2,235,"Teleport, Flash",,Xiaohao,Maokai,0/4/5,154,"Smite, Flash",,Pinz,Jayce,1/2/5,272,"Flash, Teleport",,Betty,Ashe,2/2/4,234,"Flash, Boost",,SwordArt,Heimerdinger,2/3/2,0,"Heal, Flash",,0,[],,,,,,,25.8%,24.6%,19%,17.7%,21.7%,22.6%,20.5%,21.5%,13%,13.6%,22.7%,499 DPM,27.8%,660 DPM,9.3%,204 DPM,16.9%,402 DPM,23.7%,522 DPM,23.6%,560 DPM,34.6%,761 DPM,19.2%,455 DPM,9.6%,212 DPM,12.5%,297 DPM,,,,,,,,,,,,,,
45584,45585,Rare Atom vs AL,LPL Spring 2023,2023-02-10 (WEEK4),24:38,v13.1,Anyone s Legend,WIN,14,10,4,1,50.8k,True,True,,"Kassadin, Jax, Draven, Jhin, Nautilus","Ornn, Lee Sin, Ryze, Varus, Ashe",Zdz,Ornn,2/1/5,200,"Teleport, Flash",,Xiaohao,Lee Sin,3/1/4,142,"Smite, Flash",,Pinz,Ryze,5/0/6,272,"Flash, Teleport",,Betty,Varus,3/0/4,248,"Flash, Heal",,SwordArt,Ashe,1/1/10,0,"Barrier, Flash",,Rare Atom,LOSS,3,2,0,0,40.6k,False,False,,"Elise, Lucian, Yuumi, KSante, Vi","Renekton, Maokai, Jayce, Zeri, Lulu",Cube,Renekton,2/2/0,213,"Flash, Teleport",,Leyan,Maokai,1/4/2,125,"Smite, Flash",,Strive,Jayce,0/3/3,239,"Flash, Teleport",,Assum,Zeri,0/2/3,214,"Boost, Flash",,Southwind,Lulu,0/3/3,0,"Flash, Heal",,0,[],,,,,,,18.7%,22%,17.7%,20.6%,25.5%,24%,23.5%,20.5%,14.6%,12.9%,19.1%,383 DPM,20.3%,283 DPM,13.7%,274 DPM,33.3%,463 DPM,27%,539 DPM,20.3%,283 DPM,25.5%,510 DPM,18.6%,259 DPM,14.7%,294 DPM,7.4%,103 DPM,,,,,,,,,,,,,,
45584,45586,Rare Atom vs AL,LPL Spring 2023,2023-02-10 (WEEK4),31:50,v13.1,Rare Atom,WIN,15,8,4,1,59.2k,True,False,,"Fiora, Elise, Sejuani, Jhin, KSante","Renekton, Vi, Sylas, Varus, Karma",Cube,Renekton,3/2/3,285,"Flash, Teleport",,Leyan,Vi,2/4/9,159,"Smite, Flash",,Strive,Sylas,6/0/6,273,"Flash, Teleport",,Assum,Varus,4/3/5,260,"Boost, Flash",,Southwind,Karma,0/1/9,0,"Flash, Dot",,Anyone s Legend,LOSS,10,3,0,0,51.9k,False,False,,"Jax, Lucian, Yuumi, Kassadin, Akali","Ornn, Lee Sin, Ryze, Sivir, Ashe",Zdz,Ornn,0/3/5,212,"Teleport, Flash",,Xiaohao,Lee Sin,3/3/4,144,"Smite, Flash",,Pinz,Ryze,3/4/6,276,"Flash, Teleport",,Betty,Sivir,4/2/4,328,"Flash, Boost",,SwordArt,Ashe,0/3/7,29,"Heal, Flash",,0,[],,,,,,,21.4%,17.6%,18%,17.8%,25.4%,23.9%,22.4%,27.3%,12.8%,13.4%,20.9%,528 DPM,18.5%,446 DPM,11.4%,289 DPM,10.8%,260 DPM,26.2%,664 DPM,29.3%,708 DPM,29.2%,740 DPM,27.1%,654 DPM,12.3%,310 DPM,14.3%,345 DPM,,,,,,,,,,,,,,
45581,45581,RNG vs JD Gaming,LPL Spring 2023,2023-02-09 (WEEK4),29:17,v13.1,Royal Never Give Up,LOSS,5,3,0,0,45.5k,True,False,,"Kassadin, Zeri, Lucian, Vi, Wukong","Jayce, Sejuani, Akali, Ziggs, Nautilus",Breathe,Jayce,1/4/2,274,"Teleport, Flash",,Wei,Sejuani,1/3/4,127,"Smite, Flash",,Tangyuan,Akali,1/2/1,207,"Teleport, Flash",,GALA,Ziggs,1/1/3,224,"Flash, Teleport",,Ming,Nautilus,1/3/2,37,"Dot, Flash",,JD Gaming,WIN,13,10,4,1,56.6k,False,True,,"Elise, Maokai, Jax, Fiora, Leona","Sion, Sylas, LeBlanc, Varus, Ashe",369,Sion,4/3/6,188,"Flash, Teleport",,Kanavi,Sylas,4/1/7,209,"Flash, Smite",,Knight,LeBlanc,2/0/8,255,"Flash, Teleport",,Ruler,Varus,3/0/3,315,"Flash, Haste",,Missing,Ashe,0/1/12,0,"Heal, Flash",,0,[],,,,,,,24.7%,18.2%,19%,21%,19.5%,21.7%,22.4%,25.2%,14.4%,13.9%,33.6%,603 DPM,12.7%,304 DPM,12.2%,219 DPM,18.4%,442 DPM,12.2%,219 DPM,34%,814 DPM,35.3%,635 DPM,20%,480 DPM,6.7%,121 DPM,14.9%,358 DPM,,,,,,,,,,,,,,
45581,45582,RNG vs JD Gaming,LPL Spring 2023,2023-02-09 (WEEK4),25:52,v13.1,JD Gaming,WIN,26,11,4,1,59.7k,True,True,,"Jax, Kassadin, Ryze, Leona, Nautilus","Renekton, Elise, Jayce, Caitlyn, Ashe",369,Renekton,4/0/9,220,"Flash, Teleport",,Kanavi,Elise,4/0/9,168,"Flash, Smite",,Knight,Jayce,9/4/13,225,"Flash, Teleport",,Ruler,Caitlyn,7/1/5,244,"Flash, Boost",,Missing,Ashe,2/2/16,0,"Heal, Flash",,Royal Never Give Up,LOSS,7,0,0,0,38.2k,False,False,,"Maokai, Zeri, Lucian, Sylas, LeBlanc","KSante, Sejuani, Akali, Varus, Heimerdinger",Breathe,KSante,1/6/1,198,"Teleport, Flash",,Wei,Sejuani,1/6/3,85,"Smite, Flash",,Angel,Akali,3/6/1,157,"Flash, Teleport",,GALA,Varus,1/3/4,223,"Flash, Boost",,Ming,Heimerdinger,1/5/4,23,"Dot, Flash",,0,[],,,,,,,18.4%,21.2%,19.5%,16.3%,25.2%,22.3%,23.2%,23.2%,13.7%,17%,18.8%,664 DPM,19.4%,420 DPM,18.2%,641 DPM,10%,217 DPM,34.2%,1205 DPM,17.8%,385 DPM,16.5%,582 DPM,37.3%,807 DPM,12.3%,432 DPM,15.4%,334 DPM,,,,,,,,,,,,,,
45578,45578,EDG vs NIP,LPL Spring 2023,2023-02-09 (WEEK4),26:15,v13.1,Edward Gaming,LOSS,2,2,0,0,40.1k,False,True,,"Ryze, Jax, Elise, Fiora, Kassadin","KSante, Vi, Akali, Lucian, Nami",Ale,KSante,1/5/1,212,"Teleport, Flash",,Jiejie,Vi,0/6/2,148,"Smite, Flash",,FoFo,Akali,1/4/0,214,"Flash, Teleport",,Leave,Lucian,0/4/1,226,"Boost, Flash",,meiko,Nami,0/4/0,0,"Flash, Heal",,Ninjas in Pyjamas,WIN,23,7,3,1,52.6k,True,False,,"Ashe, Maokai, Azir, Renekton, Irelia","Jayce, Sejuani, Sylas, Zeri, Yuumi",invincible,Jayce,3/2/13,245,"Teleport, Flash",,XLB,Sejuani,2/0/15,133,"Smite, Flash",,Pout,Sylas,3/0/11,219,"Flash, Teleport",,Photic,Zeri,15/0/3,253,"Flash, Barrier",,Zhuo,Yuumi,0/0/19,0,"Exhaust, Heal",,0,[],,,,,,,22.7%,21.1%,20.7%,17%,21.1%,20.1%,22.3%,28.2%,13.2%,13.6%,16.6%,276 DPM,27.3%,777 DPM,14.8%,247 DPM,11.6%,330 DPM,29.9%,497 DPM,20.9%,594 DPM,28.2%,470 DPM,30.5%,868 DPM,10.6%,176 DPM,9.7%,275 DPM,,,,,,,,,,,,,,
45578,45579,EDG vs NIP,LPL Spring 2023,2023-02-09 (WEEK4),24:23,v13.1,Edward Gaming,WIN,16,8,4,1,47.5k,True,True,,"Ryze, Jax, Elise, Fiora, Kassadin","Sion, Vi, Akali, Zeri, Yuumi",Ale,Sion,2/1/4,171,"Teleport, Flash",,Jiejie,Vi,3/2/8,129,"Smite, Flash",,FoFo,Akali,5/0/8,197,"Flash, Teleport",,Leave,Zeri,6/1/8,266,"Barrier, Flash",,meiko,Yuumi,0/0/15,0,"Dot, Heal",,Ninjas in Pyjamas,LOSS,4,1,0,0,37k,False,False,,"Ashe, Maokai, Azir, Renekton, Irelia","Jayce, Sejuani, Sylas, Lucian, Nami",invincible,Jayce,1/3/1,196,"Teleport, Flash",,XLB,Sejuani,1/3/3,116,"Smite, Flash",,Pout,Sylas,1/2/1,201,"Flash, Teleport",,Photic,Lucian,1/4/2,192,"Flash, Dot",,Zhuo,Nami,0/4/4,0,"Flash, Heal",,0,[],,,,,,,19.5%,22.8%,17.8%,19.1%,21%,22.1%,27.2%,22.2%,14.4%,13.7%,15.5%,343 DPM,43.7%,703 DPM,12.1%,268 DPM,12.9%,208 DPM,29.2%,647 DPM,16.4%,263 DPM,30.6%,678 DPM,21.6%,348 DPM,12.7%,282 DPM,5.4%,86 DPM,,,,,,,,,,,,,,
45578,45580,EDG vs NIP,LPL Spring 2023,2023-02-09 (WEEK4),27:21,v13.1,Edward Gaming,WIN,20,10,3,1,57.6k,True,True,,"Ryze, Jax, Kassadin, Renekton, KSante","Kennen, Sejuani, Jayce, Kaisa, Ashe",Ale,Kennen,5/1/2,264,"Teleport, Flash",,Jiejie,Sejuani,2/2/10,129,"Smite, Flash",,FoFo,Jayce,4/0/8,247,"Flash, Teleport",,Leave,Kaisa,8/1/2,256,"Boost, Flash",,meiko,Ashe,1/3/14,42,"Flash, Heal",,Ninjas in Pyjamas,LOSS,7,1,0,0,44.2k,False,False,,"Maokai, Zeri, Lucian, Azir, Jhin","Gangplank, Elise, Akali, Varus, Heimerdinger",invincible,Gangplank,1/3/2,272,"Teleport, Flash",,XLB,Elise,2/4/4,117,"Smite, Flash",,Pout,Akali,0/3/2,193,"Flash, Teleport",,Photic,Varus,1/6/6,220,"Flash, Boost",,Zhuo,Heimerdinger,3/4/3,0,"Flash, Dot",,0,[],,,,,,,22.1%,26.4%,16.8%,17.9%,21.6%,17.8%,24.7%,22.3%,14.8%,15.7%,24.7%,622 DPM,26.5%,493 DPM,13%,327 DPM,14.4%,268 DPM,28.1%,707 DPM,13%,243 DPM,19.2%,485 DPM,31.1%,580 DPM,15.1%,380 DPM,15%,279 DPM,,,,,,,,,,,,,,
