game_id,home_ORtg,away_ORtg,home_DRtg,away_DRtg,home_NET_rtg,away_NET_rtg,home_PACE,away_PACE,home_TS%,away_TS%,home_AST_ratio,away_AST_ratio,home_EFG%,away_EFG%,home_OREB%,away_OREB%,home_turnover_ratio,away_turnover_ratio,home_injury_count,away_injury_count,home_missing_starters,away_missing_starters,home_starter_avg_PER,away_starter_avg_PER,home_bench_avg_PER,away_bench_avg_PER,home_star_usage,away_star_usage,home_avg_TS,away_avg_TS,home_top3_points_avg,away_top3_points_avg,home_is_back_to_back,home_rest_days,home_recent_form10,home_recent_form5,home_recent_form3,away_is_back_to_back,away_rest_days,away_recent_form10,away_recent_form5,away_recent_form3,GAME_ID,GAME_DATE,home_win,home_margin,odds_home,odds_away
0022400061,96.04826995418824,96.77033728132098,88.61410108383924,91.91290518322808,7.434168870348989,4.85743209809289,122.0409090909091,122.37833333333334,0.5891372844307656,0.6013820031145851,0.6200873362445415,0.626207475850483,0.5581675708257987,0.567561940453883,0.2396294804671768,0.2536606373815676,9.6688889716563,10.71358855280301,4,3,0,0,-1.2471603686167994,-0.6806131283464424,0.2243135565756234,-0.3251719550641344,0.672184405940594,0.7996884735202492,0.5838707955239911,0.6130867097812611,22.029542920847263,22.85053504280818,False,5,0.8,0.8,1.0,True,5,0.8,0.8,0.6666666666666666,0022400061,2024-10-22,1,23,1.42,2.98
0022400062,95.84732123823672,91.17560318975912,95.18013275423542,88.38704591045665,0.6671884840013083,2.788557279302481,118.17673076923076,122.31107142857142,0.5920930943247525,0.5802436558788113,0.6469767441860466,0.6335570469798658,0.5556805399325084,0.5458196046128501,0.2188073394495412,0.2522159548751007,11.537478906266529,12.351410776386905,5,3,0,0,-0.7156498499204753,-0.5265952903002631,-0.4211646191993246,-1.5168940903223134,0.5025447690857682,0.6290675844806007,0.6069481896057375,0.5881674552063767,23.48684988179669,20.26328563411897,False,5,0.8,0.8,0.6666666666666666,True,4,0.6,0.6,0.3333333333333333,0022400062,2024-10-22,1,7,1.95,1.88
0022400071,90.57858735497526,95.41409843588306,88.17505007369336,96.91250403867134,2.4035372812818867,-1.498405602788283,122.50462962962963,118.64462962962963,0.5776646614221811,0.592188880450114,0.604355716878403,0.674408014571949,0.5418092386655261,0.5557592752372735,0.2406864796986186,0.2192676547515257,13.000264540266809,11.784335730262017,3,4,0,0,-0.613409826296257,-1.6300629043207049,-0.2558178358396731,-0.4381798155084285,0.6544231764097258,0.5540706605222734,0.5848512391106784,0.6041148412317148,20.30798558739735,23.619827144217385,True,4,0.6,0.6,1.0,True,5,0.3,0.2,0.0,0022400071,2024-10-23,0,-3,2.67,1.5
0022400065,91.77291012497004,85.40040236728039,92.49801384632843,86.58814834800664,-0.725103721358403,-1.1877459807262554,119.69660377358493,121.7792857142857,0.569435533090249,0.5420861380830404,0.6638013371537727,0.6134533396494553,0.5342436064152579,0.5036412817311694,0.2209850107066381,0.2710120068610634,11.428265173583526,12.068085705403805,2,2,0,0,-0.6932497978151779,-0.8754866578594961,-0.5280346786179425,-0.4269999358817164,0.4429917908178777,0.4031718061674009,0.576894647955449,0.5677851683888917,19.30631808278867,19.81688199827735,True,4,0.4,0.2,0.0,False,5,0.4,0.6,0.6666666666666666,0022400065,2024-10-23,0,-19,1.78,2.09
0022400068,85.32235335564559,84.07389372451154,82.22597762902942,88.44117109988436,3.09637572661617,-4.367277375372817,132.11927272727274,126.37692307692306,0.5445857634741058,0.5401162154130105,0.5448185395714911,0.6216216216216216,0.5107275209674274,0.5055913978494624,0.306060606060606,0.2780117944397641,10.472630790910692,12.06707651104754,2,3,0,0,-1.4256459934397558,-1.5818099720143466,-0.366104600633451,-0.4225362191576544,0.6168933881683012,0.5649237893112097,0.5430693046327304,0.5656445055390441,17.89965034965035,22.632228719948017,True,4,0.3,0.4,0.6666666666666666,False,5,0.1,0.2,0.0,0022400068,2024-10-23,0,-5,1.3,3.65
0022400069,87.59851592386045,93.03112313937754,94.61273447942112,96.79319677103264,-7.014218555560676,-3.762073631655079,126.23709090909092,124.68945454545457,0.5518014748577401,0.5801856594110115,0.6242696629213483,0.6773641420624733,0.5166163141993958,0.5503175863437872,0.2772108843537414,0.2156074014481094,11.291883670553531,12.07363165507909,4,3,0,0,-1.108868127955344,-0.3077501444124602,-0.7457100747749248,-0.1721100443568269,0.5172234723905141,0.4946960767806028,0.5565164654031994,0.5585247094382326,20.810237581284,16.497503631082065,True,4,0.1,0.2,0.3333333333333333,True,5,0.3,0.2,0.0,0022400069,2024-10-23,1,12,1.5,2.68
0022400070,88.25074621652577,92.12489240332906,93.81007752502065,86.52017835445595,-5.559331308494862,5.604714048873107,127.24685185185184,133.81592592592594,0.5755592340050723,0.5929688168058604,0.6374133949191686,0.6429447852760736,0.5380216055920356,0.5609610802223988,0.2682132682132682,0.2779713511420828,13.796455707992486,12.41340370824488,3,5,0,0,-0.925886261810175,-1.4810351968653033,-0.6005638342075753,-0.7989705980447069,0.5855373284231671,0.4456641053787047,0.6125803148403546,0.5899892528978318,18.113539959510263,18.303478157644825,True,4,0.3,0.2,0.3333333333333333,True,5,0.7,0.6,0.3333333333333333,0022400070,2024-10-23,0,-2,2.15,1.74
0022400064,89.65428636863831,87.31372123350839,91.51161036973316,92.28680040092564,-1.8573240010948435,-4.973079167417247,130.19709090909092,120.27722222222222,0.5696216009028768,0.556416797488226,0.692176143651133,0.6572978303747534,0.5340526628390417,0.5191262768963268,0.2635408245755861,0.2576714801444043,12.303025901989152,12.825309431760273,4,3,0,0,-0.511597708275781,-1.6197574672147963,-0.2043937451293006,-1.7848040630869133,0.5539108756622001,0.333596837944664,0.5528122151639566,0.6006186874150874,18.818387799564277,14.025213675213672,False,5,0.4,0.6,0.6666666666666666,False,5,0.6,0.8,1.0,0022400064,2024-10-23,1,4,1.35,3.33
0022400074,93.66530553246848,91.21812063340224,91.87294474758792,92.41386378777268,1.7923607848805694,-1.195743154370441,123.54017857142856,123.83673076923075,0.5871352150654547,0.572220144019452,0.5966244725738397,0.7012138188608776,0.5533872598584428,0.5383125269048644,0.2480839048003227,0.2450812660393498,11.47689083221913,11.460499323706308,3,3,0,0,-0.2982972535972823,-0.3534567929107695,-0.6537505732013555,-0.9013069364342232,0.3744002257973469,0.5021516545481526,0.6007683239307188,0.5794405481186271,21.41157211651398,20.594407502131286,True,4,0.6,0.8,0.6666666666666666,False,5,0.3,0.4,0.3333333333333333,0022400074,2024-10-24,1,11,1.27,3.96
0022400075,96.9935482747512,95.0358232629414,92.46602178436784,84.6107085941479,4.52752649038336,10.42511466879351,125.29418181818184,123.98833333333332,0.6067185639178552,0.5826496227382609,0.682936507936508,0.5955293125263602,0.5753133845531743,0.5498598317981578,0.2439411998410806,0.2456359102244389,11.27528231739702,9.633522867294865,3,4,0,0,-0.169417766258908,-0.3323023520936704,-0.2666669290408974,-0.4466048846124227,0.6958408138839018,0.629303568621286,0.6310467436505082,0.5785387873998153,23.24582461189604,21.440703744810293,False,5,0.8,1.0,1.0,True,4,0.8,0.8,0.6666666666666666,0022400075,2024-10-24,0,-15,1.75,2.14
0022400085,95.84732123823672,95.41409843588306,95.18013275423542,96.91250403867134,0.6671884840013083,-1.498405602788283,118.17673076923076,118.64462962962963,0.5920930943247525,0.592188880450114,0.6469767441860466,0.674408014571949,0.5556805399325084,0.5557592752372735,0.2188073394495412,0.2192676547515257,11.537478906266529,11.784335730262017,5,4,0,0,-0.7156498499204753,-1.6300629043207049,-0.4211646191993246,-0.4381798155084285,0.5025447690857682,0.5540706605222734,0.6069481896057375,0.6041148412317148,23.48684988179669,23.619827144217385,False,5,0.8,0.8,0.6666666666666666,True,5,0.3,0.2,0.0,0022400085,2024-10-25,1,7,1.82,2.03
0022400079,89.65428636863831,84.07389372451154,91.51161036973316,88.44117109988436,-1.8573240010948435,-4.367277375372817,130.19709090909092,126.37692307692306,0.5696216009028768,0.5401162154130105,0.692176143651133,0.6216216216216216,0.5340526628390417,0.5055913978494624,0.2635408245755861,0.2780117944397641,12.303025901989152,12.06707651104754,5,4,0,0,-0.511597708275781,-1.5818099720143466,-0.2043937451293006,-0.4225362191576544,0.5539108756622001,0.5649237893112097,0.5528122151639566,0.5656445055390441,18.818387799564277,22.632228719948017,False,5,0.4,0.6,0.6666666666666666,False,5,0.1,0.2,0.0,0022400079,2024-10-25,1,5,1.44,2.85
0022400080,99.7006722458912,90.30056817360378,90.9571114044025,89.92467723980396,8.743560841488723,0.3758909337998236,123.0535185185185,125.7618181818182,0.6159902706080126,0.5739458362738179,0.6482701812191104,0.6155172413793103,0.5874154539864727,0.5418943533697632,0.2342007434944238,0.2529104777197912,10.624705600845164,12.245370035709636,4,2,0,0,-0.0372151644609822,-0.3246973309654458,-0.1052067696000556,-1.7273669396831564,0.6190405685519692,0.4802547770700637,0.6277507626941433,0.5920680627532027,21.36554172951232,18.473218982275583,False,5,0.8,0.8,1.0,True,5,0.6,0.8,1.0,0022400080,2024-10-25,1,12,1.18,5.04
0022400081,96.77033728132098,96.31379281178634,91.91290518322808,95.96919963535775,4.85743209809289,0.3445931764285736,122.37833333333334,120.45924528301887,0.6013820031145851,0.5906638796886167,0.626207475850483,0.6666666666666666,0.567561940453883,0.5587797619047619,0.2536606373815676,0.2195899772209567,10.71358855280301,11.105298276720852,3,2,0,0,-0.6806131283464424,-0.8592670553152916,-0.3251719550641344,-0.5192734737678973,0.7996884735202492,0.6417668074050016,0.6130867097812611,0.5885955468363082,22.85053504280818,18.371216217498127,True,5,0.8,0.8,0.6666666666666666,True,5,0.6,0.4,0.3333333333333333,0022400081,2024-10-25,1,25,1.52,2.61
0022400082,85.32235335564559,92.12489240332906,82.22597762902942,86.52017835445595,3.09637572661617,5.604714048873107,132.11927272727274,133.81592592592594,0.5445857634741058,0.5929688168058604,0.5448185395714911,0.6429447852760736,0.5107275209674274,0.5609610802223988,0.306060606060606,0.2779713511420828,10.472630790910692,12.41340370824488,2,5,0,0,-1.4256459934397558,-1.4810351968653033,-0.366104600633451,-0.7989705980447069,0.6168933881683012,0.4456641053787047,0.5430693046327304,0.5899892528978318,17.89965034965035,18.303478157644825,True,4,0.3,0.4,0.6666666666666666,True,5,0.7,0.6,0.3333333333333333,0022400082,2024-10-25,1,20,1.59,2.44
0022400087,96.9935482747512,90.57858735497526,92.46602178436784,88.17505007369336,4.52752649038336,2.4035372812818867,125.29418181818184,122.50462962962963,0.6067185639178552,0.5776646614221811,0.682936507936508,0.604355716878403,0.5753133845531743,0.5418092386655261,0.2439411998410806,0.2406864796986186,11.27528231739702,13.000264540266809,3,5,0,0,-0.169417766258908,-0.613409826296257,-0.2666669290408974,-0.2558178358396731,0.6958408138839018,0.6544231764097258,0.6310467436505082,0.5848512391106784,23.24582461189604,20.30798558739735,False,5,0.8,1.0,1.0,True,4,0.6,0.6,1.0,0022400087,2024-10-26,0,-5,1.31,3.61
0022400096,95.84732123823672,93.11070649904904,95.18013275423542,92.5018555457624,0.6671884840013083,0.6088509532866354,118.17673076923076,125.42254545454546,0.5920930943247525,0.5774998921065124,0.6469767441860466,0.6204869857262805,0.5556805399325084,0.541683247115002,0.2188073394495412,0.2471728594507269,11.537478906266529,10.596905877441202,6,4,0,0,-0.7156498499204753,-0.584195887854638,-0.4211646191993246,-0.3271313908828107,0.5025447690857682,0.5394795539033457,0.6069481896057375,0.5832250121206326,23.48684988179669,21.98376068376068,False,5,0.8,0.8,0.6666666666666666,True,4,0.5,0.6,0.6666666666666666,0022400096,2024-10-26,1,4,1.89,1.95
0022400101,87.72892389558605,90.57858735497526,87.48665753655015,88.17505007369336,0.2422663590358939,2.4035372812818867,127.5830909090909,122.50462962962963,0.5548945375878853,0.5776646614221811,0.7037533512064343,0.604355716878403,0.5271771473913905,0.5418092386655261,0.2770750988142292,0.2406864796986186,10.916237118911456,13.000264540266809,3,5,0,0,0.2468311231895129,-0.613409826296257,-0.3919269093429596,-0.2558178358396731,0.3513989434552925,0.6544231764097258,0.5725250266978864,0.5848512391106784,17.225230566534915,20.30798558739735,True,4,0.6,0.6,0.6666666666666666,True,4,0.6,0.6,1.0,0022400101,2024-10-27,0,-8,1.25,4.12
0022400097,96.31379281178634,91.53943793045056,95.96919963535775,94.73990028850773,0.3445931764285736,-3.2004623580571643,120.45924528301887,119.19574074074072,0.5906638796886167,0.5676475575354925,0.6666666666666666,0.586679263108172,0.5587797619047619,0.5294877313818338,0.2195899772209567,0.2521367521367521,11.105298276720852,11.310371828473862,2,5,0,0,-0.8592670553152916,-1.3139152816255892,-0.5192734737678973,-0.3093380544465328,0.6417668074050016,0.5111581690829126,0.5885955468363082,0.5737731246842918,18.371216217498127,19.41320586205497,True,5,0.6,0.4,0.3333333333333333,True,5,0.3,0.0,0.0,0022400097,2024-10-27,0,-4,1.3,3.7
0022400102,85.40040236728039,96.31379281178634,86.58814834800664,95.96919963535775,-1.1877459807262554,0.3445931764285736,121.7792857142857,120.45924528301887,0.5420861380830404,0.5906638796886167,0.6134533396494553,0.6666666666666666,0.5036412817311694,0.5587797619047619,0.2710120068610634,0.2195899772209567,12.068085705403805,11.105298276720852,2,3,0,0,-0.8754866578594961,-0.8592670553152916,-0.4269999358817164,-0.5192734737678973,0.4031718061674009,0.6417668074050016,0.5677851683888917,0.5885955468363082,19.81688199827735,18.371216217498127,False,5,0.4,0.6,0.6666666666666666,True,5,0.6,0.4,0.3333333333333333,0022400102,2024-10-28,1,4,1.48,2.76
0022400103,89.65428636863831,85.89577334769325,91.51161036973316,96.51918441508964,-1.8573240010948435,-10.623411067396384,130.19709090909092,126.38055555555556,0.5696216009028768,0.5447995895880267,0.692176143651133,0.6319218241042345,0.5340526628390417,0.5109362224039248,0.2635408245755861,0.2455919395465995,12.303025901989152,12.64552241539735,6,4,0,0,-0.511597708275781,-1.3657806447590064,-0.2043937451293006,-0.9660125409063768,0.5539108756622001,0.5117798455751337,0.5528122151639566,0.5235055583290739,18.818387799564277,15.115530467506153,False,5,0.4,0.6,0.6666666666666666,False,5,0.3,0.2,0.0,0022400103,2024-10-28,0,-2,1.33,3.43
0022400104,96.04826995418824,96.23588516518348,88.61410108383924,95.0601454421814,7.434168870348989,1.1757397230020763,122.0409090909091,118.75301886792452,0.5891372844307656,0.5899460798828094,0.6200873362445415,0.6045987376014428,0.5581675708257987,0.5623918685121108,0.2396294804671768,0.1940874035989717,9.6688889716563,11.47140648658783,4,4,0,0,-1.2471603686167994,-0.6469657723316815,0.2243135565756234,-0.723424982512285,0.672184405940594,0.5574538856970064,0.5838707955239911,0.6021483549610295,22.029542920847263,23.74116295510781,False,5,0.8,0.8,1.0,False,5,0.4,0.6,0.6666666666666666,0022400104,2024-10-28,1,11,1.25,4.1
0022400105,91.77291012497004,90.30056817360378,92.49801384632843,89.92467723980396,-0.725103721358403,0.3758909337998236,119.69660377358493,125.7618181818182,0.569435533090249,0.5739458362738179,0.6638013371537727,0.6155172413793103,0.5342436064152579,0.5418943533697632,0.2209850107066381,0.2529104777197912,11.428265173583526,12.245370035709636,2,2,0,0,-0.6932497978151779,-0.3246973309654458,-0.5280346786179425,-1.7273669396831564,0.4429917908178777,0.4802547770700637,0.576894647955449,0.5920680627532027,19.30631808278867,18.473218982275583,True,4,0.4,0.2,0.0,True,5,0.6,0.8,1.0,0022400105,2024-10-28,1,8,1.28,3.86
0022400110,93.66530553246848,88.25074621652577,91.87294474758792,93.81007752502065,1.7923607848805694,-5.559331308494862,123.54017857142856,127.24685185185184,0.5871352150654547,0.5755592340050723,0.5966244725738397,0.6374133949191686,0.5533872598584428,0.5380216055920356,0.2480839048003227,0.2682132682132682,11.47689083221913,13.796455707992486,3,6,0,0,-0.2982972535972823,-0.925886261810175,-0.6537505732013555,-0.6005638342075753,0.3744002257973469,0.5855373284231671,0.6007683239307188,0.6125803148403546,21.41157211651398,18.113539959510263,True,4,0.6,0.8,0.6666666666666666,True,4,0.3,0.2,0.3333333333333333,0022400110,2024-10-28,1,8,1.14,6.09
0022400127,90.57858735497526,86.11048982330574,88.17505007369336,90.54074978924008,2.4035372812818867,-4.430259965934312,122.50462962962963,126.8138181818182,0.5776646614221811,0.5552309672075376,0.604355716878403,0.5834470213733515,0.5418092386655261,0.5199754148740012,0.2406864796986186,0.286905754795663,13.000264540266809,12.58824676404636,5,3,0,0,-0.613409826296257,-0.9703714611640124,-0.2558178358396731,-0.7944956321992944,0.6544231764097258,0.5668546781685467,0.5848512391106784,0.562628338095122,20.30798558739735,16.738075371992768,True,4,0.6,0.6,1.0,False,5,0.6,0.4,0.0,0022400127,2024-10-30,0,-1,1.3,3.69
0022400123,93.03112313937754,85.40040236728039,96.79319677103264,86.58814834800664,-3.762073631655079,-1.1877459807262554,124.68945454545457,121.7792857142857,0.5801856594110115,0.5420861380830404,0.6773641420624733,0.6134533396494553,0.5503175863437872,0.5036412817311694,0.2156074014481094,0.2710120068610634,12.07363165507909,12.068085705403805,3,3,0,0,-0.3077501444124602,-0.8754866578594961,-0.1721100443568269,-0.4269999358817164,0.4946960767806028,0.4031718061674009,0.5585247094382326,0.5677851683888917,16.497503631082065,19.81688199827735,True,5,0.3,0.2,0.0,False,5,0.4,0.6,0.6666666666666666,0022400123,2024-10-30,1,3,2.87,1.44
0022400118,99.7006722458912,95.84732123823672,90.9571114044025,95.18013275423542,8.743560841488723,0.6671884840013083,123.0535185185185,118.17673076923076,0.6159902706080126,0.5920930943247525,0.6482701812191104,0.6469767441860466,0.5874154539864727,0.5556805399325084,0.2342007434944238,0.2188073394495412,10.624705600845164,11.537478906266529,5,6,0,0,-0.0372151644609822,-0.7156498499204753,-0.1052067696000556,-0.4211646191993246,0.6190405685519692,0.5025447690857682,0.6277507626941433,0.6069481896057375,21.36554172951232,23.48684988179669,False,5,0.8,0.8,1.0,False,5,0.8,0.8,0.6666666666666666,0022400118,2024-10-30,1,24,1.59,2.43
0022400120,91.53943793045056,90.30056817360378,94.73990028850773,89.92467723980396,-3.2004623580571643,0.3758909337998236,119.19574074074072,125.7618181818182,0.5676475575354925,0.5739458362738179,0.586679263108172,0.6155172413793103,0.5294877313818338,0.5418943533697632,0.2521367521367521,0.2529104777197912,11.310371828473862,12.245370035709636,5,2,0,0,-1.3139152816255892,-0.3246973309654458,-0.3093380544465328,-1.7273669396831564,0.5111581690829126,0.4802547770700637,0.5737731246842918,0.5920680627532027,19.41320586205497,18.473218982275583,True,5,0.3,0.0,0.0,True,5,0.6,0.8,1.0,0022400120,2024-10-30,0,-10,1.57,2.48
0022400122,91.77291012497004,96.77033728132098,92.49801384632843,91.91290518322808,-0.725103721358403,4.85743209809289,119.69660377358493,122.37833333333334,0.569435533090249,0.6013820031145851,0.6638013371537727,0.626207475850483,0.5342436064152579,0.567561940453883,0.2209850107066381,0.2536606373815676,11.428265173583526,10.71358855280301,2,3,0,0,-0.6932497978151779,-0.6806131283464424,-0.5280346786179425,-0.3251719550641344,0.4429917908178777,0.7996884735202492,0.576894647955449,0.6130867097812611,19.30631808278867,22.85053504280818,True,4,0.4,0.2,0.0,True,5,0.8,0.8,0.6666666666666666,0022400122,2024-10-30,0,-9,2.06,1.8
0022400129,93.66530553246848,85.32235335564559,91.87294474758792,82.22597762902942,1.7923607848805694,3.09637572661617,123.54017857142856,132.11927272727274,0.5871352150654547,0.5445857634741058,0.5966244725738397,0.5448185395714911,0.5533872598584428,0.5107275209674274,0.2480839048003227,0.306060606060606,11.47689083221913,10.472630790910692,4,3,0,0,-0.2982972535972823,-1.4256459934397558,-0.6537505732013555,-0.366104600633451,0.3744002257973469,0.6168933881683012,0.6007683239307188,0.5430693046327304,21.41157211651398,17.89965034965035,True,4,0.6,0.8,0.6666666666666666,True,4,0.3,0.4,0.6666666666666666,0022400129,2024-10-31,0,-6,1.38,3.14
0022400131,90.57858735497526,95.41409843588306,88.17505007369336,96.91250403867134,2.4035372812818867,-1.498405602788283,122.50462962962963,118.64462962962963,0.5776646614221811,0.592188880450114,0.604355716878403,0.674408014571949,0.5418092386655261,0.5557592752372735,0.2406864796986186,0.2192676547515257,13.000264540266809,11.784335730262017,5,4,0,0,-0.613409826296257,-1.6300629043207049,-0.2558178358396731,-0.4381798155084285,0.6544231764097258,0.5540706605222734,0.5848512391106784,0.6041148412317148,20.30798558739735,23.619827144217385,True,4,0.6,0.6,1.0,True,5,0.3,0.2,0.0,0022400131,2024-10-31,0,-6,2.53,1.55
0022400135,89.65428636863831,93.11070649904904,91.51161036973316,92.5018555457624,-1.8573240010948435,0.6088509532866354,130.19709090909092,125.42254545454546,0.5696216009028768,0.5774998921065124,0.692176143651133,0.6204869857262805,0.5340526628390417,0.541683247115002,0.2635408245755861,0.2471728594507269,12.303025901989152,10.596905877441202,6,4,0,0,-0.511597708275781,-0.584195887854638,-0.2043937451293006,-0.3271313908828107,0.5539108756622001,0.5394795539033457,0.5528122151639566,0.5832250121206326,18.818387799564277,21.98376068376068,False,5,0.4,0.6,0.6666666666666666,True,4,0.5,0.6,0.6666666666666666,0022400135,2024-11-01,0,-8,2.95,1.43
0022400138,87.59851592386045,96.31379281178634,94.61273447942112,95.96919963535775,-7.014218555560676,0.3445931764285736,126.23709090909092,120.45924528301887,0.5518014748577401,0.5906638796886167,0.6242696629213483,0.6666666666666666,0.5166163141993958,0.5587797619047619,0.2772108843537414,0.2195899772209567,11.291883670553531,11.105298276720852,4,2,0,0,-1.108868127955344,-0.8592670553152916,-0.7457100747749248,-0.5192734737678973,0.5172234723905141,0.6417668074050016,0.5565164654031994,0.5885955468363082,20.810237581284,18.371216217498127,True,4,0.1,0.2,0.3333333333333333,True,5,0.6,0.4,0.3333333333333333,0022400138,2024-11-01,1,7,2.54,1.54
0022400140,86.11048982330574,95.0358232629414,90.54074978924008,84.6107085941479,-4.430259965934312,10.42511466879351,126.8138181818182,123.98833333333332,0.5552309672075376,0.5826496227382609,0.5834470213733515,0.5955293125263602,0.5199754148740012,0.5498598317981578,0.286905754795663,0.2456359102244389,12.58824676404636,9.633522867294865,3,6,0,0,-0.9703714611640124,-0.3323023520936704,-0.7944956321992944,-0.4466048846124227,0.5668546781685467,0.629303568621286,0.562628338095122,0.5785387873998153,16.738075371992768,21.440703744810293,False,5,0.6,0.4,0.0,True,4,0.8,0.8,0.6666666666666666,0022400140,2024-11-01,0,-23,5.47,1.17
0022400133,99.7006722458912,85.40040236728039,90.9571114044025,86.58814834800664,8.743560841488723,-1.1877459807262554,123.0535185185185,121.7792857142857,0.6159902706080126,0.5420861380830404,0.6482701812191104,0.6134533396494553,0.5874154539864727,0.5036412817311694,0.2342007434944238,0.2710120068610634,10.624705600845164,12.068085705403805,5,3,0,0,-0.0372151644609822,-0.8754866578594961,-0.1052067696000556,-0.4269999358817164,0.6190405685519692,0.4031718061674009,0.6277507626941433,0.5677851683888917,21.36554172951232,19.81688199827735,False,5,0.8,0.8,1.0,False,5,0.4,0.6,0.6666666666666666,0022400133,2024-11-01,1,11,1.34,3.4
0022400150,90.57858735497526,95.0358232629414,88.17505007369336,84.6107085941479,2.4035372812818867,10.42511466879351,122.50462962962963,123.98833333333332,0.5776646614221811,0.5826496227382609,0.604355716878403,0.5955293125263602,0.5418092386655261,0.5498598317981578,0.2406864796986186,0.2456359102244389,13.000264540266809,9.633522867294865,5,6,0,0,-0.613409826296257,-0.3323023520936704,-0.2558178358396731,-0.4466048846124227,0.6544231764097258,0.629303568621286,0.5848512391106784,0.5785387873998153,20.30798558739735,21.440703744810293,True,4,0.6,0.6,1.0,True,4,0.8,0.8,0.6666666666666666,0022400150,2024-11-02,0,-13,2.86,1.44
0022400149,95.41409843588306,86.11048982330574,96.91250403867134,90.54074978924008,-1.498405602788283,-4.430259965934312,118.64462962962963,126.8138181818182,0.592188880450114,0.5552309672075376,0.674408014571949,0.5834470213733515,0.5557592752372735,0.5199754148740012,0.2192676547515257,0.286905754795663,11.784335730262017,12.58824676404636,3,3,0,0,-1.6300629043207049,-0.9703714611640124,-0.4381798155084285,-0.7944956321992944,0.5540706605222734,0.5668546781685467,0.6041148412317148,0.562628338095122,23.619827144217385,16.738075371992768,True,5,0.3,0.2,0.0,False,5,0.6,0.4,0.0,0022400149,2024-11-02,1,6,1.12,6.89
0022400148,96.9935482747512,88.25074621652577,92.46602178436784,93.81007752502065,4.52752649038336,-5.559331308494862,125.29418181818184,127.24685185185184,0.6067185639178552,0.5755592340050723,0.682936507936508,0.6374133949191686,0.5753133845531743,0.5380216055920356,0.2439411998410806,0.2682132682132682,11.27528231739702,13.796455707992486,4,6,0,0,-0.169417766258908,-0.925886261810175,-0.2666669290408974,-0.6005638342075753,0.6958408138839018,0.5855373284231671,0.6310467436505082,0.6125803148403546,23.24582461189604,18.113539959510263,False,5,0.8,1.0,1.0,True,4,0.3,0.2,0.3333333333333333,0022400148,2024-11-02,1,26,1.18,5.26
0022400142,91.53943793045056,92.12489240332906,94.73990028850773,86.52017835445595,-3.2004623580571643,5.604714048873107,119.19574074074072,133.81592592592594,0.5676475575354925,0.5929688168058604,0.586679263108172,0.6429447852760736,0.5294877313818338,0.5609610802223988,0.2521367521367521,0.2779713511420828,11.310371828473862,12.41340370824488,4,6,0,0,-1.3139152816255892,-1.4810351968653033,-0.3093380544465328,-0.7989705980447069,0.5111581690829126,0.4456641053787047,0.5737731246842918,0.5899892528978318,19.41320586205497,18.303478157644825,True,5,0.3,0.0,0.0,True,5,0.7,0.6,0.3333333333333333,0022400142,2024-11-02,0,-17,1.91,1.93
0022400153,93.66530553246848,85.40040236728039,91.87294474758792,86.58814834800664,1.7923607848805694,-1.1877459807262554,123.54017857142856,121.7792857142857,0.5871352150654547,0.5420861380830404,0.5966244725738397,0.6134533396494553,0.5533872598584428,0.5036412817311694,0.2480839048003227,0.2710120068610634,11.47689083221913,12.068085705403805,4,3,0,0,-0.2982972535972823,-0.8754866578594961,-0.6537505732013555,-0.4269999358817164,0.3744002257973469,0.4031718061674009,0.6007683239307188,0.5677851683888917,21.41157211651398,19.81688199827735,True,4,0.6,0.8,0.6666666666666666,False,5,0.4,0.6,0.6666666666666666,0022400153,2024-11-03,1,23,1.37,3.2
0022400151,87.31372123350839,90.30056817360378,92.28680040092564,89.92467723980396,-4.973079167417247,0.3758909337998236,120.27722222222222,125.7618181818182,0.556416797488226,0.5739458362738179,0.6572978303747534,0.6155172413793103,0.5191262768963268,0.5418943533697632,0.2576714801444043,0.2529104777197912,12.825309431760273,12.245370035709636,5,5,0,0,-1.6197574672147963,-0.3246973309654458,-1.7848040630869133,-1.7273669396831564,0.333596837944664,0.4802547770700637,0.6006186874150874,0.5920680627532027,14.025213675213672,18.473218982275583,False,5,0.6,0.8,1.0,True,5,0.6,0.8,1.0,0022400151,2024-11-03,0,-14,1.67,2.29
0022400165,93.66530553246848,96.31379281178634,91.87294474758792,95.96919963535775,1.7923607848805694,0.3445931764285736,123.54017857142856,120.45924528301887,0.5871352150654547,0.5906638796886167,0.5966244725738397,0.6666666666666666,0.5533872598584428,0.5587797619047619,0.2480839048003227,0.2195899772209567,11.47689083221913,11.105298276720852,4,3,0,0,-0.2982972535972823,-0.8592670553152916,-0.6537505732013555,-0.5192734737678973,0.3744002257973469,0.6417668074050016,0.6007683239307188,0.5885955468363082,21.41157211651398,18.371216217498127,True,4,0.6,0.8,0.6666666666666666,True,5,0.6,0.4,0.3333333333333333,0022400165,2024-11-04,0,-7,1.54,2.58
0022400159,91.77291012497004,93.11070649904904,92.49801384632843,92.5018555457624,-0.725103721358403,0.6088509532866354,119.69660377358493,125.42254545454546,0.569435533090249,0.5774998921065124,0.6638013371537727,0.6204869857262805,0.5342436064152579,0.541683247115002,0.2209850107066381,0.2471728594507269,11.428265173583526,10.596905877441202,2,4,0,0,-0.6932497978151779,-0.584195887854638,-0.5280346786179425,-0.3271313908828107,0.4429917908178777,0.5394795539033457,0.576894647955449,0.5832250121206326,19.30631808278867,21.98376068376068,True,4,0.4,0.2,0.0,True,4,0.5,0.6,0.6666666666666666,0022400159,2024-11-04,0,-1,1.84,2.01
0022400158,87.31372123350839,92.12489240332906,92.28680040092564,86.52017835445595,-4.973079167417247,5.604714048873107,120.27722222222222,133.81592592592594,0.556416797488226,0.5929688168058604,0.6572978303747534,0.6429447852760736,0.5191262768963268,0.5609610802223988,0.2576714801444043,0.2779713511420828,12.825309431760273,12.41340370824488,6,6,0,0,-1.6197574672147963,-1.4810351968653033,-1.7848040630869133,-0.7989705980447069,0.333596837944664,0.4456641053787047,0.6006186874150874,0.5899892528978318,14.025213675213672,18.303478157644825,False,5,0.6,0.8,1.0,True,5,0.7,0.6,0.3333333333333333,0022400158,2024-11-04,1,2,2.51,1.56
0022400157,89.65428636863831,96.04826995418824,91.51161036973316,88.61410108383924,-1.8573240010948435,7.434168870348989,130.19709090909092,122.0409090909091,0.5696216009028768,0.5891372844307656,0.692176143651133,0.6200873362445415,0.5340526628390417,0.5581675708257987,0.2635408245755861,0.2396294804671768,12.303025901989152,9.6688889716563,6,4,0,0,-0.511597708275781,-1.2471603686167994,-0.2043937451293006,0.2243135565756234,0.5539108756622001,0.672184405940594,0.5528122151639566,0.5838707955239911,18.818387799564277,22.029542920847263,False,5,0.4,0.6,0.6666666666666666,False,5,0.8,0.8,1.0,0022400157,2024-11-04,0,-30,4.8,1.2
0022400154,99.7006722458912,96.23588516518348,90.9571114044025,95.0601454421814,8.743560841488723,1.1757397230020763,123.0535185185185,118.75301886792452,0.6159902706080126,0.5899460798828094,0.6482701812191104,0.6045987376014428,0.5874154539864727,0.5623918685121108,0.2342007434944238,0.1940874035989717,10.624705600845164,11.47140648658783,5,5,0,0,-0.0372151644609822,-0.6469657723316815,-0.1052067696000556,-0.723424982512285,0.6190405685519692,0.5574538856970064,0.6277507626941433,0.6021483549610295,21.36554172951232,23.74116295510781,False,5,0.8,0.8,1.0,False,5,0.4,0.6,0.6666666666666666,0022400154,2024-11-04,1,2,1.28,3.82
0022400162,91.17560318975912,84.07389372451154,88.38704591045665,88.44117109988436,2.788557279302481,-4.367277375372817,122.31107142857142,126.37692307692306,0.5802436558788113,0.5401162154130105,0.6335570469798658,0.6216216216216216,0.5458196046128501,0.5055913978494624,0.2522159548751007,0.2780117944397641,12.351410776386905,12.06707651104754,4,3,0,0,-0.5265952903002631,-1.5818099720143466,-1.5168940903223134,-0.4225362191576544,0.6290675844806007,0.5649237893112097,0.5881674552063767,0.5656445055390441,20.26328563411897,22.632228719948017,True,4,0.6,0.6,0.3333333333333333,False,5,0.1,0.2,0.0,0022400162,2024-11-04,1,21,1.18,5.22
0022400164,87.59851592386045,86.11048982330574,94.61273447942112,90.54074978924008,-7.014218555560676,-4.430259965934312,126.23709090909092,126.8138181818182,0.5518014748577401,0.5552309672075376,0.6242696629213483,0.5834470213733515,0.5166163141993958,0.5199754148740012,0.2772108843537414,0.286905754795663,11.291883670553531,12.58824676404636,6,3,0,0,-1.108868127955344,-0.9703714611640124,-0.7457100747749248,-0.7944956321992944,0.5172234723905141,0.5668546781685467,0.5565164654031994,0.562628338095122,20.810237581284,16.738075371992768,True,4,0.1,0.2,0.3333333333333333,False,5,0.6,0.4,0.0,0022400164,2024-11-04,0,-18,1.86,2.0
0022400161,85.32235335564559,96.77033728132098,82.22597762902942,91.91290518322808,3.09637572661617,4.85743209809289,132.11927272727274,122.37833333333334,0.5445857634741058,0.6013820031145851,0.5448185395714911,0.626207475850483,0.5107275209674274,0.567561940453883,0.306060606060606,0.2536606373815676,10.472630790910692,10.71358855280301,3,3,0,0,-1.4256459934397558,-0.6806131283464424,-0.366104600633451,-0.3251719550641344,0.6168933881683012,0.7996884735202492,0.5430693046327304,0.6130867097812611,17.89965034965035,22.85053504280818,True,4,0.3,0.4,0.6666666666666666,True,5,0.8,0.8,0.6666666666666666,0022400161,2024-11-04,1,12,2.1,1.78
0022400160,93.03112313937754,88.25074621652577,96.79319677103264,93.81007752502065,-3.762073631655079,-5.559331308494862,124.68945454545457,127.24685185185184,0.5801856594110115,0.5755592340050723,0.6773641420624733,0.6374133949191686,0.5503175863437872,0.5380216055920356,0.2156074014481094,0.2682132682132682,12.07363165507909,13.796455707992486,5,6,0,0,-0.3077501444124602,-0.925886261810175,-0.1721100443568269,-0.6005638342075753,0.4946960767806028,0.5855373284231671,0.5585247094382326,0.6125803148403546,16.497503631082065,18.113539959510263,True,5,0.3,0.2,0.0,True,4,0.3,0.2,0.3333333333333333,0022400160,2024-11-04,0,-9,1.33,3.43
0022400166,96.9935482747512,87.8825804325771,92.46602178436784,92.60838273506891,4.52752649038336,-4.725802302491813,125.29418181818184,125.80836363636364,0.6067185639178552,0.5600396383917717,0.682936507936508,0.6878814298169137,0.5753133845531743,0.5300813008130081,0.2439411998410806,0.2648401826484018,11.27528231739702,12.342003566752318,4,6,0,0,-0.169417766258908,-0.9923258901003822,-0.2666669290408974,-1.0948310149591711,0.6958408138839018,0.4701706946087544,0.6310467436505082,0.5828791542152769,23.24582461189604,18.94246031746032,False,5,0.8,1.0,1.0,True,5,0.4,0.2,0.3333333333333333,0022400166,2024-11-04,1,2,1.19,5.04
0022400168,93.44520644061193,92.06553189476423,89.58867350410438,94.29276484362066,3.856532936507536,-2.2272329488564244,120.7959756097561,123.74536585365853,0.5890708768857141,0.5753001512456831,0.6054561454972133,0.6853473438412142,0.5540636042402827,0.5440097799511002,0.2341966026176552,0.2502094387042725,12.316675870521449,11.21500484866642,5,5,0,0,-0.6270728509940716,-0.4273321576084793,-0.1506648249617856,-0.1580354406889653,0.6298873426110007,0.4749095177540839,0.5954299347599126,0.5856933596533488,20.44226441631505,20.82816188480829,False,80,0.9,1.0,1.0,False,80,0.3,0.4,0.6666666666666666,0022400168,2024-11-04,1,9,1.57,2.5
0022400179,90.57858735497526,91.53943793045056,88.17505007369336,94.73990028850773,2.4035372812818867,-3.2004623580571643,122.50462962962963,119.19574074074072,0.5776646614221811,0.5676475575354925,0.604355716878403,0.586679263108172,0.5418092386655261,0.5294877313818338,0.2406864796986186,0.2521367521367521,13.000264540266809,11.310371828473862,5,3,0,0,-0.613409826296257,-1.3139152816255892,-0.2558178358396731,-0.3093380544465328,0.6544231764097258,0.5111581690829126,0.5848512391106784,0.5737731246842918,20.30798558739735,19.41320586205497,True,4,0.6,0.6,1.0,True,5,0.3,0.0,0.0,0022400179,2024-11-06,1,12,1.81,2.05
0022400177,96.9935482747512,95.0358232629414,92.46602178436784,84.6107085941479,4.52752649038336,10.42511466879351,125.29418181818184,123.98833333333332,0.6067185639178552,0.5826496227382609,0.682936507936508,0.5955293125263602,0.5753133845531743,0.5498598317981578,0.2439411998410806,0.2456359102244389,11.27528231739702,9.633522867294865,5,6,0,0,-0.169417766258908,-0.3323023520936704,-0.2666669290408974,-0.4466048846124227,0.6958408138839018,0.629303568621286,0.6310467436505082,0.5785387873998153,23.24582461189604,21.440703744810293,False,5,0.8,1.0,1.0,True,4,0.8,0.8,0.6666666666666666,0022400177,2024-11-06,1,2,3.26,1.36
0022400173,86.59816676522767,92.06553189476423,83.17933175635719,94.29276484362066,3.418835008870491,-2.2272329488564244,131.98048780487804,123.74536585365853,0.553022149209766,0.5753001512456831,0.5493685419058554,0.6853473438412142,0.5226530878704791,0.5440097799511002,0.3019627579265224,0.2502094387042725,10.52446777054997,11.21500484866642,3,3,0,0,-1.4022717201362274,-0.4273321576084793,-0.2055219100937699,-0.1580354406889653,0.6064970563498738,0.4749095177540839,0.5440920663988036,0.5856933596533488,18.048100128369704,20.82816188480829,False,80,0.6,0.4,0.0,False,80,0.3,0.4,0.6666666666666666,0022400173,2024-11-06,1,27,1.37,3.2
0022400172,96.04826995418824,87.72892389558605,88.61410108383924,87.48665753655015,7.434168870348989,0.2422663590358939,122.0409090909091,127.5830909090909,0.5891372844307656,0.5548945375878853,0.6200873362445415,0.7037533512064343,0.5581675708257987,0.5271771473913905,0.2396294804671768,0.2770750988142292,9.6688889716563,10.916237118911456,4,4,0,0,-1.2471603686167994,0.2468311231895129,0.2243135565756234,-0.3919269093429596,0.672184405940594,0.3513989434552925,0.5838707955239911,0.5725250266978864,22.029542920847263,17.225230566534915,False,5,0.8,0.8,1.0,True,4,0.6,0.6,0.6666666666666666,0022400172,2024-11-06,0,-6,1.39,3.15
0022400180,93.11070649904904,87.8825804325771,92.5018555457624,92.60838273506891,0.6088509532866354,-4.725802302491813,125.42254545454546,125.80836363636364,0.5774998921065124,0.5600396383917717,0.6204869857262805,0.6878814298169137,0.541683247115002,0.5300813008130081,0.2471728594507269,0.2648401826484018,10.596905877441202,12.342003566752318,4,6,0,0,-0.584195887854638,-0.9923258901003822,-0.3271313908828107,-1.0948310149591711,0.5394795539033457,0.4701706946087544,0.5832250121206326,0.5828791542152769,21.98376068376068,18.94246031746032,True,4,0.5,0.6,0.6666666666666666,True,5,0.4,0.2,0.3333333333333333,0022400180,2024-11-06,1,15,1.16,5.66
0022400171,89.65428636863831,96.77033728132098,91.51161036973316,91.91290518322808,-1.8573240010948435,4.85743209809289,130.19709090909092,122.37833333333334,0.5696216009028768,0.6013820031145851,0.692176143651133,0.626207475850483,0.5340526628390417,0.567561940453883,0.2635408245755861,0.2536606373815676,12.303025901989152,10.71358855280301,6,5,0,0,-0.511597708275781,-0.6806131283464424,-0.2043937451293006,-0.3251719550641344,0.5539108756622001,0.7996884735202492,0.5528122151639566,0.6130867097812611,18.818387799564277,22.85053504280818,False,5,0.4,0.6,0.6666666666666666,True,5,0.8,0.8,0.6666666666666666,0022400171,2024-11-06,1,5,3.25,1.36
0022400182,96.23588516518348,88.25074621652577,95.0601454421814,93.81007752502065,1.1757397230020763,-5.559331308494862,118.75301886792452,127.24685185185184,0.5899460798828094,0.5755592340050723,0.6045987376014428,0.6374133949191686,0.5623918685121108,0.5380216055920356,0.1940874035989717,0.2682132682132682,11.47140648658783,13.796455707992486,3,3,0,0,-0.6469657723316815,-0.925886261810175,-0.723424982512285,-0.6005638342075753,0.5574538856970064,0.5855373284231671,0.6021483549610295,0.6125803148403546,23.74116295510781,18.113539959510263,False,5,0.4,0.6,0.6666666666666666,True,4,0.3,0.2,0.3333333333333333,0022400182,2024-11-07,1,23,1.22,4.54
0022400181,93.03112313937754,91.17560318975912,96.79319677103264,88.38704591045665,-3.762073631655079,2.788557279302481,124.68945454545457,122.31107142857142,0.5801856594110115,0.5802436558788113,0.6773641420624733,0.6335570469798658,0.5503175863437872,0.5458196046128501,0.2156074014481094,0.2522159548751007,12.07363165507909,12.351410776386905,5,4,0,0,-0.3077501444124602,-0.5265952903002631,-0.1721100443568269,-1.5168940903223134,0.4946960767806028,0.6290675844806007,0.5585247094382326,0.5881674552063767,16.497503631082065,20.26328563411897,True,5,0.3,0.2,0.0,True,4,0.6,0.6,0.3333333333333333,0022400181,2024-11-07,0,-16,4.25,1.24
0022400195,95.84732123823672,91.53943793045056,95.18013275423542,94.73990028850773,0.6671884840013083,-3.2004623580571643,118.17673076923076,119.19574074074072,0.5920930943247525,0.5676475575354925,0.6469767441860466,0.586679263108172,0.5556805399325084,0.5294877313818338,0.2188073394495412,0.2521367521367521,11.537478906266529,11.310371828473862,4,2,0,0,-0.7156498499204753,-1.3139152816255892,-0.4211646191993246,-0.3093380544465328,0.5025447690857682,0.5111581690829126,0.6069481896057375,0.5737731246842918,23.48684988179669,19.41320586205497,False,5,0.8,0.8,0.6666666666666666,True,5,0.3,0.0,0.0,0022400195,2024-11-08,1,10,1.33,3.48
0022400194,96.9935482747512,91.77291012497004,92.46602178436784,92.49801384632843,4.52752649038336,-0.725103721358403,125.29418181818184,119.69660377358493,0.6067185639178552,0.569435533090249,0.682936507936508,0.6638013371537727,0.5753133845531743,0.5342436064152579,0.2439411998410806,0.2209850107066381,11.27528231739702,11.428265173583526,5,3,0,0,-0.169417766258908,-0.6932497978151779,-0.2666669290408974,-0.5280346786179425,0.6958408138839018,0.4429917908178777,0.6310467436505082,0.576894647955449,23.24582461189604,19.30631808278867,False,5,0.8,1.0,1.0,True,4,0.4,0.2,0.0,0022400194,2024-11-08,1,13,1.68,2.26
0022400193,91.17560318975912,86.11048982330574,88.38704591045665,90.54074978924008,2.788557279302481,-4.430259965934312,122.31107142857142,126.8138181818182,0.5802436558788113,0.5552309672075376,0.6335570469798658,0.5834470213733515,0.5458196046128501,0.5199754148740012,0.2522159548751007,0.286905754795663,12.351410776386905,12.58824676404636,4,3,0,0,-0.5265952903002631,-0.9703714611640124,-1.5168940903223134,-0.7944956321992944,0.6290675844806007,0.5668546781685467,0.5881674552063767,0.562628338095122,20.26328563411897,16.738075371992768,True,4,0.6,0.6,0.3333333333333333,False,5,0.6,0.4,0.0,0022400193,2024-11-08,1,25,1.14,6.13
0022400188,99.7006722458912,87.72892389558605,90.9571114044025,87.48665753655015,8.743560841488723,0.2422663590358939,123.0535185185185,127.5830909090909,0.6159902706080126,0.5548945375878853,0.6482701812191104,0.7037533512064343,0.5874154539864727,0.5271771473913905,0.2342007434944238,0.2770750988142292,10.624705600845164,10.916237118911456,4,3,0,0,-0.0372151644609822,0.2468311231895129,-0.1052067696000556,-0.3919269093429596,0.6190405685519692,0.3513989434552925,0.6277507626941433,0.5725250266978864,21.36554172951232,17.225230566534915,False,5,0.8,0.8,1.0,True,4,0.6,0.6,0.6666666666666666,0022400188,2024-11-08,1,19,1.63,2.36
0022400191,92.12489240332906,85.89577334769325,86.52017835445595,96.51918441508964,5.604714048873107,-10.623411067396384,133.81592592592594,126.38055555555556,0.5929688168058604,0.5447995895880267,0.6429447852760736,0.6319218241042345,0.5609610802223988,0.5109362224039248,0.2779713511420828,0.2455919395465995,12.41340370824488,12.64552241539735,6,5,0,0,-1.4810351968653033,-1.3657806447590064,-0.7989705980447069,-0.9660125409063768,0.4456641053787047,0.5117798455751337,0.5899892528978318,0.5235055583290739,18.303478157644825,15.115530467506153,True,5,0.7,0.6,0.3333333333333333,False,5,0.3,0.2,0.0,0022400191,2024-11-08,1,24,1.33,3.46
0022400187,96.04826995418824,87.31372123350839,88.61410108383924,92.28680040092564,7.434168870348989,-4.973079167417247,122.0409090909091,120.27722222222222,0.5891372844307656,0.556416797488226,0.6200873362445415,0.6572978303747534,0.5581675708257987,0.5191262768963268,0.2396294804671768,0.2576714801444043,9.6688889716563,12.825309431760273,4,5,0,0,-1.2471603686167994,-1.6197574672147963,0.2243135565756234,-1.7848040630869133,0.672184405940594,0.333596837944664,0.5838707955239911,0.6006186874150874,22.029542920847263,14.025213675213672,False,5,0.8,0.8,1.0,False,5,0.6,0.8,1.0,0022400187,2024-11-08,1,4,1.12,6.81
0022400190,93.66530553246848,95.41409843588306,91.87294474758792,96.91250403867134,1.7923607848805694,-1.498405602788283,123.54017857142856,118.64462962962963,0.5871352150654547,0.592188880450114,0.5966244725738397,0.674408014571949,0.5533872598584428,0.5557592752372735,0.2480839048003227,0.2192676547515257,11.47689083221913,11.784335730262017,4,4,0,0,-0.2982972535972823,-1.6300629043207049,-0.6537505732013555,-0.4381798155084285,0.3744002257973469,0.5540706605222734,0.6007683239307188,0.6041148412317148,21.41157211651398,23.619827144217385,True,4,0.6,0.8,0.6666666666666666,True,5,0.3,0.2,0.0,0022400190,2024-11-08,0,-1,1.71,2.21
0022400199,99.7006722458912,87.31372123350839,90.9571114044025,92.28680040092564,8.743560841488723,-4.973079167417247,123.0535185185185,120.27722222222222,0.6159902706080126,0.556416797488226,0.6482701812191104,0.6572978303747534,0.5874154539864727,0.5191262768963268,0.2342007434944238,0.2576714801444043,10.624705600845164,12.825309431760273,3,6,0,0,-0.0372151644609822,-1.6197574672147963,-0.1052067696000556,-1.7848040630869133,0.6190405685519692,0.333596837944664,0.6277507626941433,0.6006186874150874,21.36554172951232,14.025213675213672,False,5,0.8,0.8,1.0,False,5,0.6,0.8,1.0,0022400199,2024-11-09,1,5,1.12,6.64
0022400200,90.57858735497526,87.8825804325771,88.17505007369336,92.60838273506891,2.4035372812818867,-4.725802302491813,122.50462962962963,125.80836363636364,0.5776646614221811,0.5600396383917717,0.604355716878403,0.6878814298169137,0.5418092386655261,0.5300813008130081,0.2406864796986186,0.2648401826484018,13.000264540266809,12.342003566752318,5,6,0,0,-0.613409826296257,-0.9923258901003822,-0.2558178358396731,-1.0948310149591711,0.6544231764097258,0.4701706946087544,0.5848512391106784,0.5828791542152769,20.30798558739735,18.94246031746032,True,4,0.6,0.6,1.0,True,5,0.4,0.2,0.3333333333333333,0022400200,2024-11-09,1,2,1.41,3.04
0022400198,89.65428636863831,93.03112313937754,91.51161036973316,96.79319677103264,-1.8573240010948435,-3.762073631655079,130.19709090909092,124.68945454545457,0.5696216009028768,0.5801856594110115,0.692176143651133,0.6773641420624733,0.5340526628390417,0.5503175863437872,0.2635408245755861,0.2156074014481094,12.303025901989152,12.07363165507909,6,5,0,0,-0.511597708275781,-0.3077501444124602,-0.2043937451293006,-0.1721100443568269,0.5539108756622001,0.4946960767806028,0.5528122151639566,0.5585247094382326,18.818387799564277,16.497503631082065,False,5,0.4,0.6,0.6666666666666666,True,5,0.3,0.2,0.0,0022400198,2024-11-09,0,-12,1.71,2.2
0022400197,92.06553189476423,87.62956998952266,94.29276484362066,94.94556460663158,-2.2272329488564244,-7.315994617108921,123.74536585365853,127.68548780487804,0.5753001512456831,0.5677711439830492,0.6853473438412142,0.6332829046898638,0.5440097799511002,0.5331408140814081,0.2502094387042725,0.2639634801288936,11.21500484866642,13.485880416916183,6,5,0,0,-0.4273321576084793,-1.0809752758121582,-0.1580354406889653,-0.5820996368704031,0.4749095177540839,0.50357732526142,0.5856933596533488,0.598043527247834,20.82816188480829,18.05553119240004,False,80,0.3,0.4,0.6666666666666666,False,80,0.1,0.2,0.3333333333333333,0022400197,2024-11-09,0,-1,1.39,3.1
0022400210,86.11048982330574,92.12489240332906,90.54074978924008,86.52017835445595,-4.430259965934312,5.604714048873107,126.8138181818182,133.81592592592594,0.5552309672075376,0.5929688168058604,0.5834470213733515,0.6429447852760736,0.5199754148740012,0.5609610802223988,0.286905754795663,0.2779713511420828,12.58824676404636,12.41340370824488,3,6,0,0,-0.9703714611640124,-1.4810351968653033,-0.7944956321992944,-0.7989705980447069,0.5668546781685467,0.4456641053787047,0.562628338095122,0.5899892528978318,16.738075371992768,18.303478157644825,False,5,0.6,0.4,0.0,True,5,0.7,0.6,0.3333333333333333,0022400210,2024-11-10,0,-45,1.96,1.88
0022400209,95.41409843588306,93.11070649904904,96.91250403867134,92.5018555457624,-1.498405602788283,0.6088509532866354,118.64462962962963,125.42254545454546,0.592188880450114,0.5774998921065124,0.674408014571949,0.6204869857262805,0.5557592752372735,0.541683247115002,0.2192676547515257,0.2471728594507269,11.784335730262017,10.596905877441202,4,4,0,0,-1.6300629043207049,-0.584195887854638,-0.4381798155084285,-0.3271313908828107,0.5540706605222734,0.5394795539033457,0.6041148412317148,0.5832250121206326,23.619827144217385,21.98376068376068,True,5,0.3,0.2,0.0,True,4,0.5,0.6,0.6666666666666666,0022400209,2024-11-10,0,-9,1.96,1.89
0022400205,91.53943793045056,84.07389372451154,94.73990028850773,88.44117109988436,-3.2004623580571643,-4.367277375372817,119.19574074074072,126.37692307692306,0.5676475575354925,0.5401162154130105,0.586679263108172,0.6216216216216216,0.5294877313818338,0.5055913978494624,0.2521367521367521,0.2780117944397641,11.310371828473862,12.06707651104754,2,5,0,0,-1.3139152816255892,-1.5818099720143466,-0.3093380544465328,-0.4225362191576544,0.5111581690829126,0.5649237893112097,0.5737731246842918,0.5656445055390441,19.41320586205497,22.632228719948017,True,5,0.3,0.0,0.0,False,5,0.1,0.2,0.0,0022400205,2024-11-10,1,2,1.52,2.64
0022400204,85.40040236728039,85.89577334769325,86.58814834800664,96.51918441508964,-1.1877459807262554,-10.623411067396384,121.7792857142857,126.38055555555556,0.5420861380830404,0.5447995895880267,0.6134533396494553,0.6319218241042345,0.5036412817311694,0.5109362224039248,0.2710120068610634,0.2455919395465995,12.068085705403805,12.64552241539735,4,5,0,0,-0.8754866578594961,-1.3657806447590064,-0.4269999358817164,-0.9660125409063768,0.4031718061674009,0.5117798455751337,0.5677851683888917,0.5235055583290739,19.81688199827735,15.115530467506153,False,5,0.4,0.6,0.6666666666666666,False,5,0.3,0.2,0.0,0022400204,2024-11-10,1,27,1.17,5.46
0022400211,95.84732123823672,87.8825804325771,95.18013275423542,92.60838273506891,0.6671884840013083,-4.725802302491813,118.17673076923076,125.80836363636364,0.5920930943247525,0.5600396383917717,0.6469767441860466,0.6878814298169137,0.5556805399325084,0.5300813008130081,0.2188073394495412,0.2648401826484018,11.537478906266529,12.342003566752318,6,6,0,0,-0.7156498499204753,-0.9923258901003822,-0.4211646191993246,-1.0948310149591711,0.5025447690857682,0.4701706946087544,0.6069481896057375,0.5828791542152769,23.48684988179669,18.94246031746032,False,5,0.8,0.8,0.6666666666666666,True,5,0.4,0.2,0.3333333333333333,0022400211,2024-11-10,1,20,1.19,5.06
0022400213,85.32235335564559,85.89577334769325,82.22597762902942,96.51918441508964,3.09637572661617,-10.623411067396384,132.11927272727274,126.38055555555556,0.5445857634741058,0.5447995895880267,0.5448185395714911,0.6319218241042345,0.5107275209674274,0.5109362224039248,0.306060606060606,0.2455919395465995,10.472630790910692,12.64552241539735,5,5,0,0,-1.4256459934397558,-1.3657806447590064,-0.366104600633451,-0.9660125409063768,0.6168933881683012,0.5117798455751337,0.5430693046327304,0.5235055583290739,17.89965034965035,15.115530467506153,True,4,0.3,0.4,0.6666666666666666,False,5,0.3,0.2,0.0,0022400213,2024-11-11,1,15,1.15,5.88
0022400214,87.59851592386045,87.31372123350839,94.61273447942112,92.28680040092564,-7.014218555560676,-4.973079167417247,126.23709090909092,120.27722222222222,0.5518014748577401,0.556416797488226,0.6242696629213483,0.6572978303747534,0.5166163141993958,0.5191262768963268,0.2772108843537414,0.2576714801444043,11.291883670553531,12.825309431760273,6,6,0,0,-1.108868127955344,-1.6197574672147963,-0.7457100747749248,-1.7848040630869133,0.5172234723905141,0.333596837944664,0.5565164654031994,0.6006186874150874,20.810237581284,14.025213675213672,True,4,0.1,0.2,0.3333333333333333,False,5,0.6,0.8,1.0,0022400214,2024-11-11,0,-2,2.04,1.82
0022400003,85.40040236728039,84.07389372451154,86.58814834800664,88.44117109988436,-1.1877459807262554,-4.367277375372817,121.7792857142857,126.37692307692306,0.5420861380830404,0.5401162154130105,0.6134533396494553,0.6216216216216216,0.5036412817311694,0.5055913978494624,0.2710120068610634,0.2780117944397641,12.068085705403805,12.06707651104754,3,6,0,0,-0.8754866578594961,-1.5818099720143466,-0.4269999358817164,-0.4225362191576544,0.4031718061674009,0.5649237893112097,0.5677851683888917,0.5656445055390441,19.81688199827735,22.632228719948017,False,5,0.4,0.6,0.6666666666666666,False,5,0.1,0.2,0.0,0022400003,2024-11-12,1,25,1.27,3.98
0022400005,96.23588516518348,87.8825804325771,95.0601454421814,92.60838273506891,1.1757397230020763,-4.725802302491813,118.75301886792452,125.80836363636364,0.5899460798828094,0.5600396383917717,0.6045987376014428,0.6878814298169137,0.5623918685121108,0.5300813008130081,0.1940874035989717,0.2648401826484018,11.47140648658783,12.342003566752318,3,6,0,0,-0.6469657723316815,-0.9923258901003822,-0.723424982512285,-1.0948310149591711,0.5574538856970064,0.4701706946087544,0.6021483549610295,0.5828791542152769,23.74116295510781,18.94246031746032,False,5,0.4,0.6,0.6666666666666666,True,5,0.4,0.2,0.3333333333333333,0022400005,2024-11-12,1,14,1.26,4.03
0022400223,96.23588516518348,90.30056817360378,95.0601454421814,89.92467723980396,1.1757397230020763,0.3758909337998236,118.75301886792452,125.7618181818182,0.5899460798828094,0.5739458362738179,0.6045987376014428,0.6155172413793103,0.5623918685121108,0.5418943533697632,0.1940874035989717,0.2529104777197912,11.47140648658783,12.245370035709636,4,5,0,0,-0.6469657723316815,-0.3246973309654458,-0.723424982512285,-1.7273669396831564,0.5574538856970064,0.4802547770700637,0.6021483549610295,0.5920680627532027,23.74116295510781,18.473218982275583,False,2,0.4,0.6,0.6666666666666666,True,2,0.6,0.8,1.0,0022400223,2024-11-13,1,7,1.36,3.28
0022400217,85.40040236728039,96.31379281178634,86.58814834800664,95.96919963535775,-1.1877459807262554,0.3445931764285736,121.7792857142857,120.45924528301887,0.5420861380830404,0.5906638796886167,0.6134533396494553,0.6666666666666666,0.5036412817311694,0.5587797619047619,0.2710120068610634,0.2195899772209567,12.068085705403805,11.105298276720852,2,5,0,0,-0.8754866578594961,-0.8592670553152916,-0.4269999358817164,-0.5192734737678973,0.4031718061674009,0.6417668074050016,0.5677851683888917,0.5885955468363082,19.81688199827735,18.371216217498127,False,2,0.4,0.6,0.6666666666666666,True,2,0.6,0.4,0.3333333333333333,0022400217,2024-11-13,1,4,1.88,1.97
0022400224,92.06553189476423,86.39418419638092,94.29276484362066,96.3447338666958,-2.2272329488564244,-9.950549670314876,123.74536585365853,125.00841463414636,0.5753001512456831,0.5456830897394819,0.6853473438412142,0.636560470151562,0.5440097799511002,0.5115316781983449,0.2502094387042725,0.2419759977672341,11.21500484866642,12.447942528746845,5,3,0,0,-0.4273321576084793,-1.5240763498809384,-0.1580354406889653,-0.803355468183299,0.4749095177540839,0.4715972653822249,0.5856933596533488,0.52553640895671,20.82816188480829,14.422498340435558,False,80,0.3,0.4,0.6666666666666666,False,80,0.2,0.2,0.3333333333333333,0022400224,2024-11-13,1,9,1.23,4.4
0022400225,95.84732123823672,92.12489240332906,95.18013275423542,86.52017835445595,0.6671884840013083,5.604714048873107,118.17673076923076,133.81592592592594,0.5920930943247525,0.5929688168058604,0.6469767441860466,0.6429447852760736,0.5556805399325084,0.5609610802223988,0.2188073394495412,0.2779713511420828,11.537478906266529,12.41340370824488,5,6,0,0,-0.7156498499204753,-1.4810351968653033,-0.4211646191993246,-0.7989705980447069,0.5025447690857682,0.4456641053787047,0.6069481896057375,0.5899892528978318,23.48684988179669,18.303478157644825,False,2,0.8,0.8,0.6666666666666666,True,2,0.7,0.6,0.3333333333333333,0022400225,2024-11-13,1,5,1.33,3.41
0022400016,85.32235335564559,90.57858735497526,82.22597762902942,88.17505007369336,3.09637572661617,2.4035372812818867,132.11927272727274,122.50462962962963,0.5445857634741058,0.5776646614221811,0.5448185395714911,0.604355716878403,0.5107275209674274,0.5418092386655261,0.306060606060606,0.2406864796986186,10.472630790910692,13.000264540266809,3,5,0,0,-1.4256459934397558,-0.613409826296257,-0.366104600633451,-0.2558178358396731,0.6168933881683012,0.6544231764097258,0.5430693046327304,0.5848512391106784,17.89965034965035,20.30798558739735,True,4,0.3,0.4,0.6666666666666666,True,4,0.6,0.6,1.0,0022400016,2024-11-15,1,21,1.51,2.65
0022400017,87.59851592386045,96.9935482747512,94.61273447942112,92.46602178436784,-7.014218555560676,4.52752649038336,126.23709090909092,125.29418181818184,0.5518014748577401,0.6067185639178552,0.6242696629213483,0.682936507936508,0.5166163141993958,0.5753133845531743,0.2772108843537414,0.2439411998410806,11.291883670553531,11.27528231739702,6,5,0,0,-1.108868127955344,-0.169417766258908,-0.7457100747749248,-0.2666669290408974,0.5172234723905141,0.6958408138839018,0.5565164654031994,0.6310467436505082,20.810237581284,23.24582461189604,True,4,0.1,0.2,0.3333333333333333,False,5,0.8,1.0,1.0,0022400017,2024-11-15,1,7,2.12,1.77
0022400011,87.8825804325771,90.30056817360378,92.60838273506891,89.92467723980396,-4.725802302491813,0.3758909337998236,125.80836363636364,125.7618181818182,0.5600396383917717,0.5739458362738179,0.6878814298169137,0.6155172413793103,0.5300813008130081,0.5418943533697632,0.2648401826484018,0.2529104777197912,12.342003566752318,12.245370035709636,6,5,0,0,-0.9923258901003822,-0.3246973309654458,-1.0948310149591711,-1.7273669396831564,0.4701706946087544,0.4802547770700637,0.5828791542152769,0.5920680627532027,18.94246031746032,18.473218982275583,True,5,0.4,0.2,0.3333333333333333,True,5,0.6,0.8,1.0,0022400011,2024-11-15,0,-4,2.21,1.7
0022400010,85.40040236728039,91.53943793045056,86.58814834800664,94.73990028850773,-1.1877459807262554,-3.2004623580571643,121.7792857142857,119.19574074074072,0.5420861380830404,0.5676475575354925,0.6134533396494553,0.586679263108172,0.5036412817311694,0.5294877313818338,0.2710120068610634,0.2521367521367521,12.068085705403805,11.310371828473862,4,3,0,0,-0.8754866578594961,-1.3139152816255892,-0.4269999358817164,-0.3093380544465328,0.4031718061674009,0.5111581690829126,0.5677851683888917,0.5737731246842918,19.81688199827735,19.41320586205497,False,5,0.4,0.6,0.6666666666666666,True,5,0.3,0.0,0.0,0022400010,2024-11-15,1,12,1.73,2.17
0022400013,99.7006722458912,93.03112313937754,90.9571114044025,96.79319677103264,8.743560841488723,-3.762073631655079,123.0535185185185,124.68945454545457,0.6159902706080126,0.5801856594110115,0.6482701812191104,0.6773641420624733,0.5874154539864727,0.5503175863437872,0.2342007434944238,0.2156074014481094,10.624705600845164,12.07363165507909,4,3,0,0,-0.0372151644609822,-0.3077501444124602,-0.1052067696000556,-0.1721100443568269,0.6190405685519692,0.4946960767806028,0.6277507626941433,0.5585247094382326,21.36554172951232,16.497503631082065,False,5,0.8,0.8,1.0,True,5,0.3,0.2,0.0,0022400013,2024-11-15,1,18,1.2,4.79
0022400019,87.72892389558605,92.12489240332906,87.48665753655015,86.52017835445595,0.2422663590358939,5.604714048873107,127.5830909090909,133.81592592592594,0.5548945375878853,0.5929688168058604,0.7037533512064343,0.6429447852760736,0.5271771473913905,0.5609610802223988,0.2770750988142292,0.2779713511420828,10.916237118911456,12.41340370824488,4,5,0,0,0.2468311231895129,-1.4810351968653033,-0.3919269093429596,-0.7989705980447069,0.3513989434552925,0.4456641053787047,0.5725250266978864,0.5899892528978318,17.225230566534915,18.303478157644825,True,4,0.6,0.6,0.6666666666666666,True,5,0.7,0.6,0.3333333333333333,0022400019,2024-11-15,1,5,1.34,3.38
0022400012,89.65428636863831,85.89577334769325,91.51161036973316,96.51918441508964,-1.8573240010948435,-10.623411067396384,130.19709090909092,126.38055555555556,0.5696216009028768,0.5447995895880267,0.692176143651133,0.6319218241042345,0.5340526628390417,0.5109362224039248,0.2635408245755861,0.2455919395465995,12.303025901989152,12.64552241539735,6,4,0,0,-0.511597708275781,-1.3657806447590064,-0.2043937451293006,-0.9660125409063768,0.5539108756622001,0.5117798455751337,0.5528122151639566,0.5235055583290739,18.818387799564277,15.115530467506153,False,5,0.4,0.6,0.6666666666666666,False,5,0.3,0.2,0.0,0022400012,2024-11-15,1,12,1.25,4.16
0022400231,87.59851592386045,95.84732123823672,94.61273447942112,95.18013275423542,-7.014218555560676,0.6671884840013083,126.23709090909092,118.17673076923076,0.5518014748577401,0.5920930943247525,0.6242696629213483,0.6469767441860466,0.5166163141993958,0.5556805399325084,0.2772108843537414,0.2188073394495412,11.291883670553531,11.537478906266529,6,6,0,0,-1.108868127955344,-0.7156498499204753,-0.7457100747749248,-0.4211646191993246,0.5172234723905141,0.5025447690857682,0.5565164654031994,0.6069481896057375,20.810237581284,23.48684988179669,True,4,0.1,0.2,0.3333333333333333,False,5,0.8,0.8,0.6666666666666666,0022400231,2024-11-16,0,-5,3.63,1.31
0022400232,93.74724685039683,92.06553189476423,94.72836925442704,94.29276484362066,-0.9811224040302104,-2.2272329488564244,121.8117073170732,123.74536585365853,0.5832552669869048,0.5753001512456831,0.6012198663955852,0.6853473438412142,0.5494856825132054,0.5440097799511002,0.2345609065155807,0.2502094387042725,11.5231825208038,11.21500484866642,3,6,0,0,-0.4406861088558979,-0.4273321576084793,-0.5240353559884571,-0.1580354406889653,0.3399879614767255,0.4749095177540839,0.6014083320895245,0.5856933596533488,21.12127450980392,20.82816188480829,False,80,0.4,0.2,0.3333333333333333,False,80,0.3,0.4,0.6666666666666666,0022400232,2024-11-16,1,17,1.12,6.76
0022400233,93.11070649904904,88.25074621652577,92.5018555457624,93.81007752502065,0.6088509532866354,-5.559331308494862,125.42254545454546,127.24685185185184,0.5774998921065124,0.5755592340050723,0.6204869857262805,0.6374133949191686,0.541683247115002,0.5380216055920356,0.2471728594507269,0.2682132682132682,10.596905877441202,13.796455707992486,5,5,0,0,-0.584195887854638,-0.925886261810175,-0.3271313908828107,-0.6005638342075753,0.5394795539033457,0.5855373284231671,0.5832250121206326,0.6125803148403546,21.98376068376068,18.113539959510263,True,4,0.5,0.6,0.6666666666666666,True,4,0.3,0.2,0.3333333333333333,0022400233,2024-11-16,1,4,1.35,3.31
0022400230,96.04826995418824,87.8825804325771,88.61410108383924,92.60838273506891,7.434168870348989,-4.725802302491813,122.0409090909091,125.80836363636364,0.5891372844307656,0.5600396383917717,0.6200873362445415,0.6878814298169137,0.5581675708257987,0.5300813008130081,0.2396294804671768,0.2648401826484018,9.6688889716563,12.342003566752318,4,6,0,0,-1.2471603686167994,-0.9923258901003822,0.2243135565756234,-1.0948310149591711,0.672184405940594,0.4701706946087544,0.5838707955239911,0.5828791542152769,22.029542920847263,18.94246031746032,False,5,0.8,0.8,1.0,True,5,0.4,0.2,0.3333333333333333,0022400230,2024-11-16,1,3,1.07,9.96
0022400234,91.17560318975912,95.41409843588306,88.38704591045665,96.91250403867134,2.788557279302481,-1.498405602788283,122.31107142857142,118.64462962962963,0.5802436558788113,0.592188880450114,0.6335570469798658,0.674408014571949,0.5458196046128501,0.5557592752372735,0.2522159548751007,0.2192676547515257,12.351410776386905,11.784335730262017,4,4,0,0,-0.5265952903002631,-1.6300629043207049,-1.5168940903223134,-0.4381798155084285,0.6290675844806007,0.5540706605222734,0.5881674552063767,0.6041148412317148,20.26328563411897,23.619827144217385,True,4,0.6,0.6,0.3333333333333333,True,5,0.3,0.2,0.0,0022400234,2024-11-17,1,3,1.35,3.33
0022400236,99.7006722458912,84.07389372451154,90.9571114044025,88.44117109988436,8.743560841488723,-4.367277375372817,123.0535185185185,126.37692307692306,0.6159902706080126,0.5401162154130105,0.6482701812191104,0.6216216216216216,0.5874154539864727,0.5055913978494624,0.2342007434944238,0.2780117944397641,10.624705600845164,12.06707651104754,4,5,0,0,-0.0372151644609822,-1.5818099720143466,-0.1052067696000556,-0.4225362191576544,0.6190405685519692,0.5649237893112097,0.6277507626941433,0.5656445055390441,21.36554172951232,22.632228719948017,False,5,0.8,0.8,1.0,False,5,0.1,0.2,0.0,0022400236,2024-11-17,1,14,1.22,4.6
0022400237,85.89577334769325,90.30056817360378,96.51918441508964,89.92467723980396,-10.623411067396384,0.3758909337998236,126.38055555555556,125.7618181818182,0.5447995895880267,0.5739458362738179,0.6319218241042345,0.6155172413793103,0.5109362224039248,0.5418943533697632,0.2455919395465995,0.2529104777197912,12.64552241539735,12.245370035709636,3,5,0,0,-1.3657806447590064,-0.3246973309654458,-0.9660125409063768,-1.7273669396831564,0.5117798455751337,0.4802547770700637,0.5235055583290739,0.5920680627532027,15.115530467506153,18.473218982275583,False,5,0.3,0.2,0.0,True,5,0.6,0.8,1.0,0022400237,2024-11-17,0,-20,2.71,1.49
0022400241,93.03112313937754,85.32235335564559,96.79319677103264,82.22597762902942,-3.762073631655079,3.09637572661617,124.68945454545457,132.11927272727274,0.5801856594110115,0.5445857634741058,0.6773641420624733,0.5448185395714911,0.5503175863437872,0.5107275209674274,0.2156074014481094,0.306060606060606,12.07363165507909,10.472630790910692,4,2,0,0,-0.3077501444124602,-1.4256459934397558,-0.1721100443568269,-0.366104600633451,0.4946960767806028,0.6168933881683012,0.5585247094382326,0.5430693046327304,16.497503631082065,17.89965034965035,True,5,0.3,0.2,0.0,True,4,0.3,0.4,0.6666666666666666,0022400241,2024-11-17,0,-36,2.61,1.52
0022400243,90.57858735497526,88.25074621652577,88.17505007369336,93.81007752502065,2.4035372812818867,-5.559331308494862,122.50462962962963,127.24685185185184,0.5776646614221811,0.5755592340050723,0.604355716878403,0.6374133949191686,0.5418092386655261,0.5380216055920356,0.2406864796986186,0.2682132682132682,13.000264540266809,13.796455707992486,4,5,0,0,-0.613409826296257,-0.925886261810175,-0.2558178358396731,-0.6005638342075753,0.6544231764097258,0.5855373284231671,0.5848512391106784,0.6125803148403546,20.30798558739735,18.113539959510263,True,4,0.6,0.6,1.0,True,4,0.3,0.2,0.3333333333333333,0022400243,2024-11-17,1,11,1.22,4.51
0022400246,96.77033728132098,85.89577334769325,91.91290518322808,96.51918441508964,4.85743209809289,-10.623411067396384,122.37833333333334,126.38055555555556,0.6013820031145851,0.5447995895880267,0.626207475850483,0.6319218241042345,0.567561940453883,0.5109362224039248,0.2536606373815676,0.2455919395465995,10.71358855280301,12.64552241539735,5,4,0,0,-0.6806131283464424,-1.3657806447590064,-0.3251719550641344,-0.9660125409063768,0.7996884735202492,0.5117798455751337,0.6130867097812611,0.5235055583290739,22.85053504280818,15.115530467506153,True,5,0.8,0.8,0.6666666666666666,False,5,0.3,0.2,0.0,0022400246,2024-11-18,1,28,1.09,7.92
0022400245,91.77291012497004,91.53943793045056,92.49801384632843,94.73990028850773,-0.725103721358403,-3.2004623580571643,119.69660377358493,119.19574074074072,0.569435533090249,0.5676475575354925,0.6638013371537727,0.586679263108172,0.5342436064152579,0.5294877313818338,0.2209850107066381,0.2521367521367521,11.428265173583526,11.310371828473862,2,3,0,0,-0.6932497978151779,-1.3139152816255892,-0.5280346786179425,-0.3093380544465328,0.4429917908178777,0.5111581690829126,0.576894647955449,0.5737731246842918,19.30631808278867,19.41320586205497,True,4,0.4,0.2,0.0,True,5,0.3,0.0,0.0,0022400245,2024-11-18,1,17,1.69,2.22
0022400026,95.84732123823672,88.25074621652577,95.18013275423542,93.81007752502065,0.6671884840013083,-5.559331308494862,118.17673076923076,127.24685185185184,0.5920930943247525,0.5755592340050723,0.6469767441860466,0.6374133949191686,0.5556805399325084,0.5380216055920356,0.2188073394495412,0.2682132682132682,11.537478906266529,13.796455707992486,6,5,0,0,-0.7156498499204753,-0.925886261810175,-0.4211646191993246,-0.6005638342075753,0.5025447690857682,0.5855373284231671,0.6069481896057375,0.6125803148403546,23.48684988179669,18.113539959510263,False,5,0.8,0.8,0.6666666666666666,True,4,0.3,0.2,0.3333333333333333,0022400026,2024-11-19,1,6,1.19,4.98
0022400025,92.06553189476423,97.23699709794651,94.29276484362066,86.85494751406499,-2.2272329488564244,10.38204958388155,123.74536585365853,123.92402439024389,0.5753001512456831,0.5926930976237091,0.6853473438412142,0.601639344262295,0.5440097799511002,0.56,0.2502094387042725,0.2372004357298475,11.21500484866642,9.45701388636035,6,5,0,0,-0.4273321576084793,-0.3955676164039195,-0.1580354406889653,-0.2902725129888368,0.4749095177540839,0.5970239902824173,0.5856933596533488,0.5915283080763376,20.82816188480829,22.101576404780065,False,80,0.3,0.4,0.6666666666666666,False,80,0.8,0.8,1.0,0022400025,2024-11-19,1,6,4.7,1.21
0022400022,87.31372123350839,84.07389372451154,92.28680040092564,88.44117109988436,-4.973079167417247,-4.367277375372817,120.27722222222222,126.37692307692306,0.556416797488226,0.5401162154130105,0.6572978303747534,0.6216216216216216,0.5191262768963268,0.5055913978494624,0.2576714801444043,0.2780117944397641,12.825309431760273,12.06707651104754,6,6,0,0,-1.6197574672147963,-1.5818099720143466,-1.7848040630869133,-0.4225362191576544,0.333596837944664,0.5649237893112097,0.6006186874150874,0.5656445055390441,14.025213675213672,22.632228719948017,False,5,0.6,0.8,1.0,False,5,0.1,0.2,0.0,0022400022,2024-11-19,1,1,1.82,2.04
0022400021,96.04826995418824,99.7006722458912,88.61410108383924,90.9571114044025,7.434168870348989,8.743560841488723,122.0409090909091,123.0535185185185,0.5891372844307656,0.6159902706080126,0.6200873362445415,0.6482701812191104,0.5581675708257987,0.5874154539864727,0.2396294804671768,0.2342007434944238,9.6688889716563,10.624705600845164,4,5,0,0,-1.2471603686167994,-0.0372151644609822,0.2243135565756234,-0.1052067696000556,0.672184405940594,0.6190405685519692,0.5838707955239911,0.6277507626941433,22.029542920847263,21.36554172951232,False,5,0.8,0.8,1.0,False,5,0.8,0.8,1.0,0022400021,2024-11-19,1,3,1.38,3.14
0022400254,85.32235335564559,96.31379281178634,82.22597762902942,95.96919963535775,3.09637572661617,0.3445931764285736,132.11927272727274,120.45924528301887,0.5445857634741058,0.5906638796886167,0.5448185395714911,0.6666666666666666,0.5107275209674274,0.5587797619047619,0.306060606060606,0.2195899772209567,10.472630790910692,11.105298276720852,2,5,0,0,-1.4256459934397558,-0.8592670553152916,-0.366104600633451,-0.5192734737678973,0.6168933881683012,0.6417668074050016,0.5430693046327304,0.5885955468363082,17.89965034965035,18.371216217498127,True,4,0.3,0.4,0.6666666666666666,True,5,0.6,0.4,0.3333333333333333,0022400254,2024-11-20,1,17,1.43,2.93
0022400252,99.7006722458912,87.59851592386045,90.9571114044025,94.61273447942112,8.743560841488723,-7.014218555560676,123.0535185185185,126.23709090909092,0.6159902706080126,0.5518014748577401,0.6482701812191104,0.6242696629213483,0.5874154539864727,0.5166163141993958,0.2342007434944238,0.2772108843537414,10.624705600845164,11.291883670553531,5,6,0,0,-0.0372151644609822,-1.108868127955344,-0.1052067696000556,-0.7457100747749248,0.6190405685519692,0.5172234723905141,0.6277507626941433,0.5565164654031994,21.36554172951232,20.810237581284,False,5,0.8,0.8,1.0,True,4,0.1,0.2,0.3333333333333333,0022400252,2024-11-20,1,28,1.1,7.64
0022400259,90.57858735497526,85.40040236728039,88.17505007369336,86.58814834800664,2.4035372812818867,-1.1877459807262554,122.50462962962963,121.7792857142857,0.5776646614221811,0.5420861380830404,0.604355716878403,0.6134533396494553,0.5418092386655261,0.5036412817311694,0.2406864796986186,0.2710120068610634,13.000264540266809,12.068085705403805,5,4,0,0,-0.613409826296257,-0.8754866578594961,-0.2558178358396731,-0.4269999358817164,0.6544231764097258,0.4031718061674009,0.5848512391106784,0.5677851683888917,20.30798558739735,19.81688199827735,True,4,0.6,0.6,1.0,False,5,0.4,0.6,0.6666666666666666,0022400259,2024-11-20,1,11,2.28,1.67
0022400262,92.06553189476423,87.62956998952266,94.29276484362066,94.94556460663158,-2.2272329488564244,-7.315994617108921,123.74536585365853,127.68548780487804,0.5753001512456831,0.5677711439830492,0.6853473438412142,0.6332829046898638,0.5440097799511002,0.5331408140814081,0.2502094387042725,0.2639634801288936,11.21500484866642,13.485880416916183,6,6,0,0,-0.4273321576084793,-1.0809752758121582,-0.1580354406889653,-0.5820996368704031,0.4749095177540839,0.50357732526142,0.5856933596533488,0.598043527247834,20.82816188480829,18.05553119240004,False,80,0.3,0.4,0.6666666666666666,False,80,0.1,0.2,0.3333333333333333,0022400262,2024-11-21,1,8,1.67,2.26
0022400263,95.84732123823672,85.40040236728039,95.18013275423542,86.58814834800664,0.6671884840013083,-1.1877459807262554,118.17673076923076,121.7792857142857,0.5920930943247525,0.5420861380830404,0.6469767441860466,0.6134533396494553,0.5556805399325084,0.5036412817311694,0.2188073394495412,0.2710120068610634,11.537478906266529,12.068085705403805,6,5,0,0,-0.7156498499204753,-0.8754866578594961,-0.4211646191993246,-0.4269999358817164,0.5025447690857682,0.4031718061674009,0.6069481896057375,0.5677851683888917,23.48684988179669,19.81688199827735,False,5,0.8,0.8,0.6666666666666666,False,5,0.4,0.6,0.6666666666666666,0022400263,2024-11-21,0,-1,1.45,2.84
0022400029,96.23588516518348,96.31379281178634,95.0601454421814,95.96919963535775,1.1757397230020763,0.3445931764285736,118.75301886792452,120.45924528301887,0.5899460798828094,0.5906638796886167,0.6045987376014428,0.6666666666666666,0.5623918685121108,0.5587797619047619,0.1940874035989717,0.2195899772209567,11.47140648658783,11.105298276720852,4,5,0,0,-0.6469657723316815,-0.8592670553152916,-0.723424982512285,-0.5192734737678973,0.5574538856970064,0.6417668074050016,0.6021483549610295,0.5885955468363082,23.74116295510781,18.371216217498127,False,5,0.4,0.6,0.6666666666666666,True,5,0.6,0.4,0.3333333333333333,0022400029,2024-11-22,1,12,1.45,2.84
0022400031,85.32235335564559,86.11048982330574,82.22597762902942,90.54074978924008,3.09637572661617,-4.430259965934312,132.11927272727274,126.8138181818182,0.5445857634741058,0.5552309672075376,0.5448185395714911,0.5834470213733515,0.5107275209674274,0.5199754148740012,0.306060606060606,0.286905754795663,10.472630790910692,12.58824676404636,3,3,0,0,-1.4256459934397558,-0.9703714611640124,-0.366104600633451,-0.7944956321992944,0.6168933881683012,0.5668546781685467,0.5430693046327304,0.562628338095122,17.89965034965035,16.738075371992768,True,4,0.3,0.4,0.6666666666666666,False,5,0.6,0.4,0.0,0022400031,2024-11-22,1,28,1.14,5.99
0022400034,90.57858735497526,93.11070649904904,88.17505007369336,92.5018555457624,2.4035372812818867,0.6088509532866354,122.50462962962963,125.42254545454546,0.5776646614221811,0.5774998921065124,0.604355716878403,0.6204869857262805,0.5418092386655261,0.541683247115002,0.2406864796986186,0.2471728594507269,13.000264540266809,10.596905877441202,4,4,0,0,-0.613409826296257,-0.584195887854638,-0.2558178358396731,-0.3271313908828107,0.6544231764097258,0.5394795539033457,0.5848512391106784,0.5832250121206326,20.30798558739735,21.98376068376068,True,4,0.6,0.6,1.0,True,4,0.5,0.6,0.6666666666666666,0022400034,2024-11-22,1,16,2.42,1.6
0022400032,87.59851592386045,87.72892389558605,94.61273447942112,87.48665753655015,-7.014218555560676,0.2422663590358939,126.23709090909092,127.5830909090909,0.5518014748577401,0.5548945375878853,0.6242696629213483,0.7037533512064343,0.5166163141993958,0.5271771473913905,0.2772108843537414,0.2770750988142292,11.291883670553531,10.916237118911456,6,4,0,0,-1.108868127955344,0.2468311231895129,-0.7457100747749248,-0.3919269093429596,0.5172234723905141,0.3513989434552925,0.5565164654031994,0.5725250266978864,20.810237581284,17.225230566534915,True,4,0.1,0.2,0.3333333333333333,True,4,0.6,0.6,0.6666666666666666,0022400032,2024-11-22,0,-4,4.7,1.21
0022400268,96.23588516518348,84.07389372451154,95.0601454421814,88.44117109988436,1.1757397230020763,-4.367277375372817,118.75301886792452,126.37692307692306,0.5899460798828094,0.5401162154130105,0.6045987376014428,0.6216216216216216,0.5623918685121108,0.5055913978494624,0.1940874035989717,0.2780117944397641,11.47140648658783,12.06707651104754,3,6,0,0,-0.6469657723316815,-1.5818099720143466,-0.723424982512285,-0.4225362191576544,0.5574538856970064,0.5649237893112097,0.6021483549610295,0.5656445055390441,23.74116295510781,22.632228719948017,False,5,0.4,0.6,0.6666666666666666,False,5,0.1,0.2,0.0,0022400268,2024-11-23,1,6,1.31,3.59
0022400266,93.03112313937754,92.12489240332906,96.79319677103264,86.52017835445595,-3.762073631655079,5.604714048873107,124.68945454545457,133.81592592592594,0.5801856594110115,0.5929688168058604,0.6773641420624733,0.6429447852760736,0.5503175863437872,0.5609610802223988,0.2156074014481094,0.2779713511420828,12.07363165507909,12.41340370824488,5,6,0,0,-0.3077501444124602,-1.4810351968653033,-0.1721100443568269,-0.7989705980447069,0.4946960767806028,0.4456641053787047,0.5585247094382326,0.5899892528978318,16.497503631082065,18.303478157644825,True,5,0.3,0.2,0.0,True,5,0.7,0.6,0.3333333333333333,0022400266,2024-11-23,0,-11,2.49,1.57
0022400265,85.40040236728039,90.30056817360378,86.58814834800664,89.92467723980396,-1.1877459807262554,0.3758909337998236,121.7792857142857,125.7618181818182,0.5420861380830404,0.5739458362738179,0.6134533396494553,0.6155172413793103,0.5036412817311694,0.5418943533697632,0.2710120068610634,0.2529104777197912,12.068085705403805,12.245370035709636,4,3,0,0,-0.8754866578594961,-0.3246973309654458,-0.4269999358817164,-1.7273669396831564,0.4031718061674009,0.4802547770700637,0.5677851683888917,0.5920680627532027,19.81688199827735,18.473218982275583,False,5,0.4,0.6,0.6666666666666666,True,5,0.6,0.8,1.0,0022400265,2024-11-23,1,11,1.25,4.2
0022400275,99.7006722458912,87.8825804325771,90.9571114044025,92.60838273506891,8.743560841488723,-4.725802302491813,123.0535185185185,125.80836363636364,0.6159902706080126,0.5600396383917717,0.6482701812191104,0.6878814298169137,0.5874154539864727,0.5300813008130081,0.2342007434944238,0.2648401826484018,10.624705600845164,12.342003566752318,5,6,0,0,-0.0372151644609822,-0.9923258901003822,-0.1052067696000556,-1.0948310149591711,0.6190405685519692,0.4701706946087544,0.6277507626941433,0.5828791542152769,21.36554172951232,18.94246031746032,False,5,0.8,0.8,1.0,True,5,0.4,0.2,0.3333333333333333,0022400275,2024-11-24,1,14,1.15,5.83
0022400271,96.04826995418824,91.17560318975912,88.61410108383924,88.38704591045665,7.434168870348989,2.788557279302481,122.0409090909091,122.31107142857142,0.5891372844307656,0.5802436558788113,0.6200873362445415,0.6335570469798658,0.5581675708257987,0.5458196046128501,0.2396294804671768,0.2522159548751007,9.6688889716563,12.351410776386905,4,4,0,0,-1.2471603686167994,-0.5265952903002631,0.2243135565756234,-1.5168940903223134,0.672184405940594,0.6290675844806007,0.5838707955239911,0.5881674552063767,22.029542920847263,20.26328563411897,False,5,0.8,0.8,1.0,True,4,0.6,0.6,0.3333333333333333,0022400271,2024-11-24,1,2,1.29,3.81
0022400272,96.31379281178634,85.89577334769325,95.96919963535775,96.51918441508964,0.3445931764285736,-10.623411067396384,120.45924528301887,126.38055555555556,0.5906638796886167,0.5447995895880267,0.6666666666666666,0.6319218241042345,0.5587797619047619,0.5109362224039248,0.2195899772209567,0.2455919395465995,11.105298276720852,12.64552241539735,4,4,0,0,-0.8592670553152916,-1.3657806447590064,-0.5192734737678973,-0.9660125409063768,0.6417668074050016,0.5117798455751337,0.5885955468363082,0.5235055583290739,18.371216217498127,15.115530467506153,True,5,0.6,0.4,0.3333333333333333,False,5,0.3,0.2,0.0,0022400272,2024-11-24,1,12,1.14,6.16
0022400280,89.65428636863831,93.66530553246848,91.51161036973316,91.87294474758792,-1.8573240010948435,1.7923607848805694,130.19709090909092,123.54017857142856,0.5696216009028768,0.5871352150654547,0.692176143651133,0.5966244725738397,0.5340526628390417,0.5533872598584428,0.2635408245755861,0.2480839048003227,12.303025901989152,11.47689083221913,4,5,0,0,-0.511597708275781,-0.2982972535972823,-0.2043937451293006,-0.6537505732013555,0.5539108756622001,0.3744002257973469,0.5528122151639566,0.6007683239307188,18.818387799564277,21.41157211651398,False,5,0.4,0.6,0.6666666666666666,True,4,0.6,0.8,0.6666666666666666,0022400280,2024-11-25,0,-10,1.72,2.19
0022400283,96.9935482747512,96.77033728132098,92.46602178436784,91.91290518322808,4.52752649038336,4.85743209809289,125.29418181818184,122.37833333333334,0.6067185639178552,0.6013820031145851,0.682936507936508,0.626207475850483,0.5753133845531743,0.567561940453883,0.2439411998410806,0.2536606373815676,11.27528231739702,10.71358855280301,5,4,0,0,-0.169417766258908,-0.6806131283464424,-0.2666669290408974,-0.3251719550641344,0.6958408138839018,0.7996884735202492,0.6310467436505082,0.6130867097812611,23.24582461189604,22.85053504280818,False,5,0.8,1.0,1.0,True,5,0.8,0.8,0.6666666666666666,0022400283,2024-11-25,0,-27,1.75,2.15
0022400285,93.11070649904904,95.0358232629414,92.5018555457624,84.6107085941479,0.6088509532866354,10.42511466879351,125.42254545454546,123.98833333333332,0.5774998921065124,0.5826496227382609,0.6204869857262805,0.5955293125263602,0.541683247115002,0.5498598317981578,0.2471728594507269,0.2456359102244389,10.596905877441202,9.633522867294865,3,6,0,0,-0.584195887854638,-0.3323023520936704,-0.3271313908828107,-0.4466048846124227,0.5394795539033457,0.629303568621286,0.5832250121206326,0.5785387873998153,21.98376068376068,21.440703744810293,True,4,0.5,0.6,0.6666666666666666,True,4,0.8,0.8,0.6666666666666666,0022400285,2024-11-25,0,-21,2.34,1.63
0022400281,96.04826995418824,90.57858735497526,88.61410108383924,88.17505007369336,7.434168870348989,2.4035372812818867,122.0409090909091,122.50462962962963,0.5891372844307656,0.5776646614221811,0.6200873362445415,0.604355716878403,0.5581675708257987,0.5418092386655261,0.2396294804671768,0.2406864796986186,9.6688889716563,13.000264540266809,4,6,0,0,-1.2471603686167994,-0.613409826296257,0.2243135565756234,-0.2558178358396731,0.672184405940594,0.6544231764097258,0.5838707955239911,0.5848512391106784,22.029542920847263,20.30798558739735,False,5,0.8,0.8,1.0,True,4,0.6,0.6,1.0,0022400281,2024-11-25,1,32,1.2,4.81
0022400284,87.72892389558605,87.31372123350839,87.48665753655015,92.28680040092564,0.2422663590358939,-4.973079167417247,127.5830909090909,120.27722222222222,0.5548945375878853,0.556416797488226,0.7037533512064343,0.6572978303747534,0.5271771473913905,0.5191262768963268,0.2770750988142292,0.2576714801444043,10.916237118911456,12.825309431760273,4,7,0,0,0.2468311231895129,-1.6197574672147963,-0.3919269093429596,-1.7848040630869133,0.3513989434552925,0.333596837944664,0.5725250266978864,0.6006186874150874,17.225230566534915,14.025213675213672,True,4,0.6,0.6,0.6666666666666666,False,5,0.6,0.8,1.0,0022400284,2024-11-25,0,-8,1.11,7.17
0022400036,91.77291012497004,96.23588516518348,92.49801384632843,95.0601454421814,-0.725103721358403,1.1757397230020763,119.69660377358493,118.75301886792452,0.569435533090249,0.5899460798828094,0.6638013371537727,0.6045987376014428,0.5342436064152579,0.5623918685121108,0.2209850107066381,0.1940874035989717,11.428265173583526,11.47140648658783,2,3,0,0,-0.6932497978151779,-0.6469657723316815,-0.5280346786179425,-0.723424982512285,0.4429917908178777,0.5574538856970064,0.576894647955449,0.6021483549610295,19.30631808278867,23.74116295510781,True,4,0.4,0.2,0.0,False,5,0.4,0.6,0.6666666666666666,0022400036,2024-11-26,0,-3,1.44,2.85
0022400299,87.72892389558605,95.0358232629414,87.48665753655015,84.6107085941479,0.2422663590358939,10.42511466879351,127.5830909090909,123.98833333333332,0.5548945375878853,0.5826496227382609,0.7037533512064343,0.5955293125263602,0.5271771473913905,0.5498598317981578,0.2770750988142292,0.2456359102244389,10.916237118911456,9.633522867294865,4,7,0,0,0.2468311231895129,-0.3323023520936704,-0.3919269093429596,-0.4466048846124227,0.3513989434552925,0.629303568621286,0.5725250266978864,0.5785387873998153,17.225230566534915,21.440703744810293,True,4,0.6,0.6,0.6666666666666666,True,4,0.8,0.8,0.6666666666666666,0022400299,2024-11-27,0,-4,2.54,1.53
0022400294,91.17560318975912,93.11070649904904,88.38704591045665,92.5018555457624,2.788557279302481,0.6088509532866354,122.31107142857142,125.42254545454546,0.5802436558788113,0.5774998921065124,0.6335570469798658,0.6204869857262805,0.5458196046128501,0.541683247115002,0.2522159548751007,0.2471728594507269,12.351410776386905,10.596905877441202,3,5,0,0,-0.5265952903002631,-0.584195887854638,-1.5168940903223134,-0.3271313908828107,0.6290675844806007,0.5394795539033457,0.5881674552063767,0.5832250121206326,20.26328563411897,21.98376068376068,True,4,0.6,0.6,0.3333333333333333,True,4,0.5,0.6,0.6666666666666666,0022400294,2024-11-27,0,-11,1.69,2.23
0022400293,92.12489240332906,90.30056817360378,86.52017835445595,89.92467723980396,5.604714048873107,0.3758909337998236,133.81592592592594,125.7618181818182,0.5929688168058604,0.5739458362738179,0.6429447852760736,0.6155172413793103,0.5609610802223988,0.5418943533697632,0.2779713511420828,0.2529104777197912,12.41340370824488,12.245370035709636,6,5,0,0,-1.4810351968653033,-0.3246973309654458,-0.7989705980447069,-1.7273669396831564,0.4456641053787047,0.4802547770700637,0.5899892528978318,0.5920680627532027,18.303478157644825,18.473218982275583,True,5,0.7,0.6,0.3333333333333333,True,5,0.6,0.8,1.0,0022400293,2024-11-27,1,20,1.31,3.61
0022400292,93.66530553246848,96.77033728132098,91.87294474758792,91.91290518322808,1.7923607848805694,4.85743209809289,123.54017857142856,122.37833333333334,0.5871352150654547,0.6013820031145851,0.5966244725738397,0.626207475850483,0.5533872598584428,0.567561940453883,0.2480839048003227,0.2536606373815676,11.47689083221913,10.71358855280301,5,4,0,0,-0.2982972535972823,-0.6806131283464424,-0.6537505732013555,-0.3251719550641344,0.3744002257973469,0.7996884735202492,0.6007683239307188,0.6130867097812611,21.41157211651398,22.85053504280818,True,4,0.6,0.8,0.6666666666666666,True,5,0.8,0.8,0.6666666666666666,0022400292,2024-11-27,1,15,2.46,1.58
0022400288,96.31379281178634,86.11048982330574,95.96919963535775,90.54074978924008,0.3445931764285736,-4.430259965934312,120.45924528301887,126.8138181818182,0.5906638796886167,0.5552309672075376,0.6666666666666666,0.5834470213733515,0.5587797619047619,0.5199754148740012,0.2195899772209567,0.286905754795663,11.105298276720852,12.58824676404636,4,3,0,0,-0.8592670553152916,-0.9703714611640124,-0.5192734737678973,-0.7944956321992944,0.6417668074050016,0.5668546781685467,0.5885955468363082,0.562628338095122,18.371216217498127,16.738075371992768,True,5,0.6,0.4,0.3333333333333333,False,5,0.6,0.4,0.0,0022400288,2024-11-27,1,7,1.24,4.22
0022400295,87.59851592386045,87.8825804325771,94.61273447942112,92.60838273506891,-7.014218555560676,-4.725802302491813,126.23709090909092,125.80836363636364,0.5518014748577401,0.5600396383917717,0.6242696629213483,0.6878814298169137,0.5166163141993958,0.5300813008130081,0.2772108843537414,0.2648401826484018,11.291883670553531,12.342003566752318,6,6,0,0,-1.108868127955344,-0.9923258901003822,-0.7457100747749248,-1.0948310149591711,0.5172234723905141,0.4701706946087544,0.5565164654031994,0.5828791542152769,20.810237581284,18.94246031746032,True,4,0.1,0.2,0.3333333333333333,True,5,0.4,0.2,0.3333333333333333,0022400295,2024-11-27,0,-26,1.88,1.97
0022400041,89.65428636863831,99.7006722458912,91.51161036973316,90.9571114044025,-1.8573240010948435,8.743560841488723,130.19709090909092,123.0535185185185,0.5696216009028768,0.6159902706080126,0.692176143651133,0.6482701812191104,0.5340526628390417,0.5874154539864727,0.2635408245755861,0.2342007434944238,12.303025901989152,10.624705600845164,5,5,0,0,-0.511597708275781,-0.0372151644609822,-0.2043937451293006,-0.1052067696000556,0.5539108756622001,0.6190405685519692,0.5528122151639566,0.6277507626941433,18.818387799564277,21.36554172951232,False,5,0.4,0.6,0.6666666666666666,False,5,0.8,0.8,1.0,0022400041,2024-11-29,1,16,2.86,1.44
0022400043,87.31372123350839,85.40040236728039,92.28680040092564,86.58814834800664,-4.973079167417247,-1.1877459807262554,120.27722222222222,121.7792857142857,0.556416797488226,0.5420861380830404,0.6572978303747534,0.6134533396494553,0.5191262768963268,0.5036412817311694,0.2576714801444043,0.2710120068610634,12.825309431760273,12.068085705403805,6,4,0,0,-1.6197574672147963,-0.8754866578594961,-1.7848040630869133,-0.4269999358817164,0.333596837944664,0.4031718061674009,0.6006186874150874,0.5677851683888917,14.025213675213672,19.81688199827735,False,5,0.6,0.8,1.0,False,5,0.4,0.6,0.6666666666666666,0022400043,2024-11-29,0,-23,3.42,1.33
0022400045,96.31379281178634,90.30056817360378,95.96919963535775,89.92467723980396,0.3445931764285736,0.3758909337998236,120.45924528301887,125.7618181818182,0.5906638796886167,0.5739458362738179,0.6666666666666666,0.6155172413793103,0.5587797619047619,0.5418943533697632,0.2195899772209567,0.2529104777197912,11.105298276720852,12.245370035709636,4,3,0,0,-0.8592670553152916,-0.3246973309654458,-0.5192734737678973,-1.7273669396831564,0.6417668074050016,0.4802547770700637,0.5885955468363082,0.5920680627532027,18.371216217498127,18.473218982275583,True,5,0.6,0.4,0.3333333333333333,True,5,0.6,0.8,1.0,0022400045,2024-11-29,0,-24,1.5,2.66
0022400048,95.84732123823672,95.0358232629414,95.18013275423542,84.6107085941479,0.6671884840013083,10.42511466879351,118.17673076923076,123.98833333333332,0.5920930943247525,0.5826496227382609,0.6469767441860466,0.5955293125263602,0.5556805399325084,0.5498598317981578,0.2188073394495412,0.2456359102244389,11.537478906266529,9.633522867294865,6,6,0,0,-0.7156498499204753,-0.3323023520936704,-0.4211646191993246,-0.4466048846124227,0.5025447690857682,0.629303568621286,0.6069481896057375,0.5785387873998153,23.48684988179669,21.440703744810293,False,5,0.8,0.8,0.6666666666666666,True,4,0.8,0.8,0.6666666666666666,0022400048,2024-11-29,0,-8,2.27,1.67
0022400049,86.11048982330574,93.11070649904904,90.54074978924008,92.5018555457624,-4.430259965934312,0.6088509532866354,126.8138181818182,125.42254545454546,0.5552309672075376,0.5774998921065124,0.5834470213733515,0.6204869857262805,0.5199754148740012,0.541683247115002,0.286905754795663,0.2471728594507269,12.58824676404636,10.596905877441202,3,3,0,0,-0.9703714611640124,-0.584195887854638,-0.7944956321992944,-0.3271313908828107,0.5668546781685467,0.5394795539033457,0.562628338095122,0.5832250121206326,16.738075371992768,21.98376068376068,False,5,0.6,0.4,0.0,True,4,0.5,0.6,0.6666666666666666,0022400049,2024-11-29,1,9,3.28,1.36
0022400046,91.77291012497004,87.8825804325771,92.49801384632843,92.60838273506891,-0.725103721358403,-4.725802302491813,119.69660377358493,125.80836363636364,0.569435533090249,0.5600396383917717,0.6638013371537727,0.6878814298169137,0.5342436064152579,0.5300813008130081,0.2209850107066381,0.2648401826484018,11.428265173583526,12.342003566752318,2,4,0,0,-0.6932497978151779,-0.9923258901003822,-0.5280346786179425,-1.0948310149591711,0.4429917908178777,0.4701706946087544,0.576894647955449,0.5828791542152769,19.30631808278867,18.94246031746032,True,4,0.4,0.2,0.0,True,5,0.4,0.2,0.3333333333333333,0022400046,2024-11-29,1,10,1.3,3.67
0022400302,96.23588516518348,85.89577334769325,95.0601454421814,96.51918441508964,1.1757397230020763,-10.623411067396384,118.75301886792452,126.38055555555556,0.5899460798828094,0.5447995895880267,0.6045987376014428,0.6319218241042345,0.5623918685121108,0.5109362224039248,0.1940874035989717,0.2455919395465995,11.47140648658783,12.64552241539735,5,4,0,0,-0.6469657723316815,-1.3657806447590064,-0.723424982512285,-0.9660125409063768,0.5574538856970064,0.5117798455751337,0.6021483549610295,0.5235055583290739,23.74116295510781,15.115530467506153,False,5,0.4,0.6,0.6666666666666666,False,5,0.3,0.2,0.0,0022400302,2024-11-30,1,10,1.09,8.13
0022400310,85.32235335564559,95.0358232629414,82.22597762902942,84.6107085941479,3.09637572661617,10.42511466879351,132.11927272727274,123.98833333333332,0.5445857634741058,0.5826496227382609,0.5448185395714911,0.5955293125263602,0.5107275209674274,0.5498598317981578,0.306060606060606,0.2456359102244389,10.472630790910692,9.633522867294865,2,6,0,0,-1.4256459934397558,-0.3323023520936704,-0.366104600633451,-0.4466048846124227,0.6168933881683012,0.629303568621286,0.5430693046327304,0.5785387873998153,17.89965034965035,21.440703744810293,True,4,0.3,0.4,0.6666666666666666,True,4,0.8,0.8,0.6666666666666666,0022400310,2024-12-01,1,3,2.0,1.84
0022400313,93.624183254787,92.06553189476423,93.2394263373016,94.29276484362066,0.384756917485426,-2.2272329488564244,123.61304878048782,123.74536585365853,0.5822285919025438,0.5753001512456831,0.6146217058656843,0.6853473438412142,0.5477318889641164,0.5440097799511002,0.2486203090507726,0.2502094387042725,10.77319368959193,11.21500484866642,5,4,0,0,-0.6066539429789872,-0.4273321576084793,0.1161635869790846,-0.1580354406889653,0.5214460784313726,0.4749095177540839,0.5816328242935878,0.5856933596533488,21.53502983502983,20.82816188480829,False,80,0.5,0.6,0.3333333333333333,False,80,0.3,0.4,0.6666666666666666,0022400313,2024-12-01,0,-2,1.42,3.0
0022400315,89.65428636863831,87.59851592386045,91.51161036973316,94.61273447942112,-1.8573240010948435,-7.014218555560676,130.19709090909092,126.23709090909092,0.5696216009028768,0.5518014748577401,0.692176143651133,0.6242696629213483,0.5340526628390417,0.5166163141993958,0.2635408245755861,0.2772108843537414,12.303025901989152,11.291883670553531,5,4,0,0,-0.511597708275781,-1.108868127955344,-0.2043937451293006,-0.7457100747749248,0.5539108756622001,0.5172234723905141,0.5528122151639566,0.5565164654031994,18.818387799564277,20.810237581284,False,5,0.4,0.6,0.6666666666666666,True,4,0.1,0.2,0.3333333333333333,0022400315,2024-12-02,1,12,1.24,4.33
0022400316,96.04826995418824,91.77291012497004,88.61410108383924,92.49801384632843,7.434168870348989,-0.725103721358403,122.0409090909091,119.69660377358493,0.5891372844307656,0.569435533090249,0.6200873362445415,0.6638013371537727,0.5581675708257987,0.5342436064152579,0.2396294804671768,0.2209850107066381,9.6688889716563,11.428265173583526,4,2,0,0,-1.2471603686167994,-0.6932497978151779,0.2243135565756234,-0.5280346786179425,0.672184405940594,0.4429917908178777,0.5838707955239911,0.576894647955449,22.029542920847263,19.30631808278867,False,5,0.8,0.8,1.0,True,4,0.4,0.2,0.0,0022400316,2024-12-02,1,19,1.23,4.34
0022400317,93.03112313937754,87.31372123350839,96.79319677103264,92.28680040092564,-3.762073631655079,-4.973079167417247,124.68945454545457,120.27722222222222,0.5801856594110115,0.556416797488226,0.6773641420624733,0.6572978303747534,0.5503175863437872,0.5191262768963268,0.2156074014481094,0.2576714801444043,12.07363165507909,12.825309431760273,4,6,0,0,-0.3077501444124602,-1.6197574672147963,-0.1721100443568269,-1.7848040630869133,0.4946960767806028,0.333596837944664,0.5585247094382326,0.6006186874150874,16.497503631082065,14.025213675213672,True,5,0.3,0.2,0.0,False,5,0.6,0.8,1.0,0022400317,2024-12-02,1,26,1.34,3.41
0022400058,96.9935482747512,87.72892389558605,92.46602178436784,87.48665753655015,4.52752649038336,0.2422663590358939,125.29418181818184,127.5830909090909,0.6067185639178552,0.5548945375878853,0.682936507936508,0.7037533512064343,0.5753133845531743,0.5271771473913905,0.2439411998410806,0.2770750988142292,11.27528231739702,10.916237118911456,4,4,0,0,-0.169417766258908,0.2468311231895129,-0.2666669290408974,-0.3919269093429596,0.6958408138839018,0.3513989434552925,0.6310467436505082,0.5725250266978864,23.24582461189604,17.225230566534915,False,5,0.8,1.0,1.0,True,4,0.6,0.6,0.6666666666666666,0022400058,2024-12-03,1,4,1.5,2.68
0022400060,90.57858735497526,86.11048982330574,88.17505007369336,90.54074978924008,2.4035372812818867,-4.430259965934312,122.50462962962963,126.8138181818182,0.5776646614221811,0.5552309672075376,0.604355716878403,0.5834470213733515,0.5418092386655261,0.5199754148740012,0.2406864796986186,0.286905754795663,13.000264540266809,12.58824676404636,6,3,0,0,-0.613409826296257,-0.9703714611640124,-0.2558178358396731,-0.7944956321992944,0.6544231764097258,0.5668546781685467,0.5848512391106784,0.562628338095122,20.30798558739735,16.738075371992768,True,4,0.6,0.6,1.0,False,5,0.6,0.4,0.0,0022400060,2024-12-03,1,22,1.26,3.97
0022400051,99.7006722458912,85.89577334769325,90.9571114044025,96.51918441508964,8.743560841488723,-10.623411067396384,123.0535185185185,126.38055555555556,0.6159902706080126,0.5447995895880267,0.6482701812191104,0.6319218241042345,0.5874154539864727,0.5109362224039248,0.2342007434944238,0.2455919395465995,10.624705600845164,12.64552241539735,5,5,0,0,-0.0372151644609822,-1.3657806447590064,-0.1052067696000556,-0.9660125409063768,0.6190405685519692,0.5117798455751337,0.6277507626941433,0.5235055583290739,21.36554172951232,15.115530467506153,False,5,0.8,0.8,1.0,False,5,0.3,0.2,0.0,0022400051,2024-12-03,1,31,1.07,9.37
0022400053,96.77033728132098,85.40040236728039,91.91290518322808,86.58814834800664,4.85743209809289,-1.1877459807262554,122.37833333333334,121.7792857142857,0.6013820031145851,0.5420861380830404,0.626207475850483,0.6134533396494553,0.567561940453883,0.5036412817311694,0.2536606373815676,0.2710120068610634,10.71358855280301,12.068085705403805,4,4,0,0,-0.6806131283464424,-0.8754866578594961,-0.3251719550641344,-0.4269999358817164,0.7996884735202492,0.4031718061674009,0.6130867097812611,0.5677851683888917,22.85053504280818,19.81688199827735,True,5,0.8,0.8,0.6666666666666666,False,5,0.4,0.6,0.6666666666666666,0022400053,2024-12-03,1,15,1.51,2.65
0022400055,95.0358232629414,88.25074621652577,84.6107085941479,93.81007752502065,10.42511466879351,-5.559331308494862,123.98833333333332,127.24685185185184,0.5826496227382609,0.5755592340050723,0.5955293125263602,0.6374133949191686,0.5498598317981578,0.5380216055920356,0.2456359102244389,0.2682132682132682,9.633522867294865,13.796455707992486,6,6,0,0,-0.3323023520936704,-0.925886261810175,-0.4466048846124227,-0.6005638342075753,0.629303568621286,0.5855373284231671,0.5785387873998153,0.6125803148403546,21.440703744810293,18.113539959510263,True,4,0.8,0.8,0.6666666666666666,True,4,0.3,0.2,0.3333333333333333,0022400055,2024-12-03,1,27,1.1,7.64
0022400056,93.66530553246848,92.12489240332906,91.87294474758792,86.52017835445595,1.7923607848805694,5.604714048873107,123.54017857142856,133.81592592592594,0.5871352150654547,0.5929688168058604,0.5966244725738397,0.6429447852760736,0.5533872598584428,0.5609610802223988,0.2480839048003227,0.2779713511420828,11.47689083221913,12.41340370824488,3,6,0,0,-0.2982972535972823,-1.4810351968653033,-0.6537505732013555,-0.7989705980447069,0.3744002257973469,0.4456641053787047,0.6007683239307188,0.5899892528978318,21.41157211651398,18.303478157644825,True,4,0.6,0.8,0.6666666666666666,True,5,0.7,0.6,0.3333333333333333,0022400056,2024-12-03,1,5,1.52,2.6
0022400057,95.59221103542669,92.06553189476423,98.11616551806218,94.29276484362066,-2.5239544826355007,-2.2272329488564244,118.86109756097562,123.74536585365853,0.5954206864113458,0.5753001512456831,0.673469387755102,0.6853473438412142,0.5609893992932862,0.5440097799511002,0.2247416762342135,0.2502094387042725,11.82975414015745,11.21500484866642,4,4,0,0,-1.4837211741463396,-0.4273321576084793,-0.4337523561643751,-0.1580354406889653,0.5457072266831378,0.4749095177540839,0.6035522152025233,0.5856933596533488,23.07446135118685,20.82816188480829,False,80,0.1,0.2,0.3333333333333333,False,80,0.3,0.4,0.6666666666666666,0022400057,2024-12-03,1,11,1.36,3.27
0022400319,96.04826995418824,90.30056817360378,88.61410108383924,89.92467723980396,7.434168870348989,0.3758909337998236,122.0409090909091,125.7618181818182,0.5891372844307656,0.5739458362738179,0.6200873362445415,0.6155172413793103,0.5581675708257987,0.5418943533697632,0.2396294804671768,0.2529104777197912,9.6688889716563,12.245370035709636,4,3,0,0,-1.2471603686167994,-0.3246973309654458,0.2243135565756234,-1.7273669396831564,0.672184405940594,0.4802547770700637,0.5838707955239911,0.5920680627532027,22.029542920847263,18.473218982275583,False,5,0.8,0.8,1.0,True,5,0.6,0.8,1.0,0022400319,2024-12-04,1,10,1.12,6.73
0022400320,87.31372123350839,96.31379281178634,92.28680040092564,95.96919963535775,-4.973079167417247,0.3445931764285736,120.27722222222222,120.45924528301887,0.556416797488226,0.5906638796886167,0.6572978303747534,0.6666666666666666,0.5191262768963268,0.5587797619047619,0.2576714801444043,0.2195899772209567,12.825309431760273,11.105298276720852,6,3,0,0,-1.6197574672147963,-0.8592670553152916,-1.7848040630869133,-0.5192734737678973,0.333596837944664,0.6417668074050016,0.6006186874150874,0.5885955468363082,14.025213675213672,18.371216217498127,False,5,0.6,0.8,1.0,True,5,0.6,0.4,0.3333333333333333,0022400320,2024-12-04,1,9,2.3,1.66
0022400324,90.57858735497526,91.17560318975912,88.17505007369336,88.38704591045665,2.4035372812818867,2.788557279302481,122.50462962962963,122.31107142857142,0.5776646614221811,0.5802436558788113,0.604355716878403,0.6335570469798658,0.5418092386655261,0.5458196046128501,0.2406864796986186,0.2522159548751007,13.000264540266809,12.351410776386905,6,5,0,0,-0.613409826296257,-0.5265952903002631,-0.2558178358396731,-1.5168940903223134,0.6544231764097258,0.6290675844806007,0.5848512391106784,0.5881674552063767,20.30798558739735,20.26328563411897,True,4,0.6,0.6,1.0,True,4,0.6,0.6,0.3333333333333333,0022400324,2024-12-04,0,-28,2.59,1.53
0022400325,99.7006722458912,96.9935482747512,90.9571114044025,92.46602178436784,8.743560841488723,4.52752649038336,123.0535185185185,125.29418181818184,0.6159902706080126,0.6067185639178552,0.6482701812191104,0.682936507936508,0.5874154539864727,0.5753133845531743,0.2342007434944238,0.2439411998410806,10.624705600845164,11.27528231739702,4,4,0,0,-0.0372151644609822,-0.169417766258908,-0.1052067696000556,-0.2666669290408974,0.6190405685519692,0.6958408138839018,0.6277507626941433,0.6310467436505082,21.36554172951232,23.24582461189604,False,5,0.8,0.8,1.0,False,5,0.8,1.0,1.0,0022400325,2024-12-05,1,12,1.59,2.43
0022400327,96.77033728132098,84.07389372451154,91.91290518322808,88.44117109988436,4.85743209809289,-4.367277375372817,122.37833333333334,126.37692307692306,0.6013820031145851,0.5401162154130105,0.626207475850483,0.6216216216216216,0.567561940453883,0.5055913978494624,0.2536606373815676,0.2780117944397641,10.71358855280301,12.06707651104754,4,4,0,0,-0.6806131283464424,-1.5818099720143466,-0.3251719550641344,-0.4225362191576544,0.7996884735202492,0.5649237893112097,0.6130867097812611,0.5656445055390441,22.85053504280818,22.632228719948017,True,5,0.8,0.8,0.6666666666666666,False,5,0.1,0.2,0.0,0022400327,2024-12-05,1,24,1.09,8.14
0022400330,87.59851592386045,95.41409843588306,94.61273447942112,96.91250403867134,-7.014218555560676,-1.498405602788283,126.23709090909092,118.64462962962963,0.5518014748577401,0.592188880450114,0.6242696629213483,0.674408014571949,0.5166163141993958,0.5557592752372735,0.2772108843537414,0.2192676547515257,11.291883670553531,11.784335730262017,4,5,0,0,-1.108868127955344,-1.6300629043207049,-0.7457100747749248,-0.4381798155084285,0.5172234723905141,0.5540706605222734,0.5565164654031994,0.6041148412317148,20.810237581284,23.619827144217385,True,4,0.1,0.2,0.3333333333333333,True,5,0.3,0.2,0.0,0022400330,2024-12-05,1,2,2.05,1.81
0022400332,87.72892389558605,85.32235335564559,87.48665753655015,82.22597762902942,0.2422663590358939,3.09637572661617,127.5830909090909,132.11927272727274,0.5548945375878853,0.5445857634741058,0.7037533512064343,0.5448185395714911,0.5271771473913905,0.5107275209674274,0.2770750988142292,0.306060606060606,10.916237118911456,10.472630790910692,5,4,0,0,0.2468311231895129,-1.4256459934397558,-0.3919269093429596,-0.366104600633451,0.3513989434552925,0.6168933881683012,0.5725250266978864,0.5430693046327304,17.225230566534915,17.89965034965035,True,4,0.6,0.6,0.6666666666666666,True,4,0.3,0.4,0.6666666666666666,0022400332,2024-12-05,1,6,2.54,1.54
0022400338,87.72892389558605,91.17560318975912,87.48665753655015,88.38704591045665,0.2422663590358939,2.788557279302481,127.5830909090909,122.31107142857142,0.5548945375878853,0.5802436558788113,0.7037533512064343,0.6335570469798658,0.5271771473913905,0.5458196046128501,0.2770750988142292,0.2522159548751007,10.916237118911456,12.351410776386905,4,5,0,0,0.2468311231895129,-0.5265952903002631,-0.3919269093429596,-1.5168940903223134,0.3513989434552925,0.6290675844806007,0.5725250266978864,0.5881674552063767,17.225230566534915,20.26328563411897,True,4,0.6,0.6,0.6666666666666666,True,4,0.6,0.6,0.3333333333333333,0022400338,2024-12-06,0,-17,2.01,1.84
0022400336,93.03112313937754,96.31379281178634,96.79319677103264,95.96919963535775,-3.762073631655079,0.3445931764285736,124.68945454545457,120.45924528301887,0.5801856594110115,0.5906638796886167,0.6773641420624733,0.6666666666666666,0.5503175863437872,0.5587797619047619,0.2156074014481094,0.2195899772209567,12.07363165507909,11.105298276720852,4,3,0,0,-0.3077501444124602,-0.8592670553152916,-0.1721100443568269,-0.5192734737678973,0.4946960767806028,0.6417668074050016,0.5585247094382326,0.5885955468363082,16.497503631082065,18.371216217498127,True,5,0.3,0.2,0.0,True,5,0.6,0.4,0.3333333333333333,0022400336,2024-12-06,0,-9,2.37,1.62
0022400339,86.11048982330574,88.25074621652577,90.54074978924008,93.81007752502065,-4.430259965934312,-5.559331308494862,126.8138181818182,127.24685185185184,0.5552309672075376,0.5755592340050723,0.5834470213733515,0.6374133949191686,0.5199754148740012,0.5380216055920356,0.286905754795663,0.2682132682132682,12.58824676404636,13.796455707992486,3,6,0,0,-0.9703714611640124,-0.925886261810175,-0.7944956321992944,-0.6005638342075753,0.5668546781685467,0.5855373284231671,0.562628338095122,0.6125803148403546,16.738075371992768,18.113539959510263,False,5,0.6,0.4,0.0,True,4,0.3,0.2,0.3333333333333333,0022400339,2024-12-06,0,-42,1.62,2.39
0022400334,89.65428636863831,95.84732123823672,91.51161036973316,95.18013275423542,-1.8573240010948435,0.6671884840013083,130.19709090909092,118.17673076923076,0.5696216009028768,0.5920930943247525,0.692176143651133,0.6469767441860466,0.5340526628390417,0.5556805399325084,0.2635408245755861,0.2188073394495412,12.303025901989152,11.537478906266529,5,6,0,0,-0.511597708275781,-0.7156498499204753,-0.2043937451293006,-0.4211646191993246,0.5539108756622001,0.5025447690857682,0.5528122151639566,0.6069481896057375,18.818387799564277,23.48684988179669,False,5,0.4,0.6,0.6666666666666666,False,5,0.8,0.8,0.6666666666666666,0022400334,2024-12-06,1,2,1.6,2.41
0022400335,96.04826995418824,96.23588516518348,88.61410108383924,95.0601454421814,7.434168870348989,1.1757397230020763,122.0409090909091,118.75301886792452,0.5891372844307656,0.5899460798828094,0.6200873362445415,0.6045987376014428,0.5581675708257987,0.5623918685121108,0.2396294804671768,0.1940874035989717,9.6688889716563,11.47140648658783,3,4,0,0,-1.2471603686167994,-0.6469657723316815,0.2243135565756234,-0.723424982512285,0.672184405940594,0.5574538856970064,0.5838707955239911,0.6021483549610295,22.029542920847263,23.74116295510781,False,5,0.8,0.8,1.0,False,5,0.4,0.6,0.6666666666666666,0022400335,2024-12-06,1,6,1.3,3.64
0022400342,87.59851592386045,95.0358232629414,94.61273447942112,84.6107085941479,-7.014218555560676,10.42511466879351,126.23709090909092,123.98833333333332,0.5518014748577401,0.5826496227382609,0.6242696629213483,0.5955293125263602,0.5166163141993958,0.5498598317981578,0.2772108843537414,0.2456359102244389,11.291883670553531,9.633522867294865,5,6,0,0,-1.108868127955344,-0.3323023520936704,-0.7457100747749248,-0.4466048846124227,0.5172234723905141,0.629303568621286,0.5565164654031994,0.5785387873998153,20.810237581284,21.440703744810293,True,4,0.1,0.2,0.3333333333333333,True,4,0.8,0.8,0.6666666666666666,0022400342,2024-12-07,0,-10,3.62,1.31
0022400343,96.77033728132098,90.30056817360378,91.91290518322808,89.92467723980396,4.85743209809289,0.3758909337998236,122.37833333333334,125.7618181818182,0.6013820031145851,0.5739458362738179,0.626207475850483,0.6155172413793103,0.567561940453883,0.5418943533697632,0.2536606373815676,0.2529104777197912,10.71358855280301,12.245370035709636,4,5,0,0,-0.6806131283464424,-0.3246973309654458,-0.3251719550641344,-1.7273669396831564,0.7996884735202492,0.4802547770700637,0.6130867097812611,0.5920680627532027,22.85053504280818,18.473218982275583,True,5,0.8,0.8,0.6666666666666666,True,5,0.6,0.8,1.0,0022400343,2024-12-07,0,-9,1.3,3.69
0022400345,96.04826995418824,92.12489240332906,88.61410108383924,86.52017835445595,7.434168870348989,5.604714048873107,122.0409090909091,133.81592592592594,0.5891372844307656,0.5929688168058604,0.6200873362445415,0.6429447852760736,0.5581675708257987,0.5609610802223988,0.2396294804671768,0.2779713511420828,9.6688889716563,12.41340370824488,3,4,0,0,-1.2471603686167994,-1.4810351968653033,0.2243135565756234,-0.7989705980447069,0.672184405940594,0.4456641053787047,0.5838707955239911,0.5899892528978318,22.029542920847263,18.303478157644825,False,5,0.8,0.8,1.0,True,5,0.7,0.6,0.3333333333333333,0022400345,2024-12-07,0,-6,1.35,3.3
0022400346,91.77291012497004,95.41409843588306,92.49801384632843,96.91250403867134,-0.725103721358403,-1.498405602788283,119.69660377358493,118.64462962962963,0.569435533090249,0.592188880450114,0.6638013371537727,0.674408014571949,0.5342436064152579,0.5557592752372735,0.2209850107066381,0.2192676547515257,11.428265173583526,11.784335730262017,2,5,0,0,-0.6932497978151779,-1.6300629043207049,-0.5280346786179425,-0.4381798155084285,0.4429917908178777,0.5540706605222734,0.576894647955449,0.6041148412317148,19.30631808278867,23.619827144217385,True,4,0.4,0.2,0.0,True,5,0.3,0.2,0.0,0022400346,2024-12-07,1,10,1.49,2.72
0022400347,93.03112313937754,91.53943793045056,96.79319677103264,94.73990028850773,-3.762073631655079,-3.2004623580571643,124.68945454545457,119.19574074074072,0.5801856594110115,0.5676475575354925,0.6773641420624733,0.586679263108172,0.5503175863437872,0.5294877313818338,0.2156074014481094,0.2521367521367521,12.07363165507909,11.310371828473862,4,3,0,0,-0.3077501444124602,-1.3139152816255892,-0.1721100443568269,-0.3093380544465328,0.4946960767806028,0.5111581690829126,0.5585247094382326,0.5737731246842918,16.497503631082065,19.41320586205497,True,5,0.3,0.2,0.0,True,5,0.3,0.0,0.0,0022400347,2024-12-08,0,-8,2.22,1.7
0022400349,96.31379281178634,84.07389372451154,95.96919963535775,88.44117109988436,0.3445931764285736,-4.367277375372817,120.45924528301887,126.37692307692306,0.5906638796886167,0.5401162154130105,0.6666666666666666,0.6216216216216216,0.5587797619047619,0.5055913978494624,0.2195899772209567,0.2780117944397641,11.105298276720852,12.06707651104754,4,6,0,0,-0.8592670553152916,-1.5818099720143466,-0.5192734737678973,-0.4225362191576544,0.6417668074050016,0.5649237893112097,0.5885955468363082,0.5656445055390441,18.371216217498127,22.632228719948017,True,5,0.6,0.4,0.3333333333333333,False,5,0.1,0.2,0.0,0022400349,2024-12-08,0,-4,1.15,5.76
0022400350,89.65428636863831,96.9935482747512,91.51161036973316,92.46602178436784,-1.8573240010948435,4.52752649038336,130.19709090909092,125.29418181818184,0.5696216009028768,0.6067185639178552,0.692176143651133,0.682936507936508,0.5340526628390417,0.5753133845531743,0.2635408245755861,0.2439411998410806,12.303025901989152,11.27528231739702,5,5,0,0,-0.511597708275781,-0.169417766258908,-0.2043937451293006,-0.2666669290408974,0.5539108756622001,0.6958408138839018,0.5528122151639566,0.6310467436505082,18.818387799564277,23.24582461189604,False,5,0.4,0.6,0.6666666666666666,False,5,0.8,1.0,1.0,0022400350,2024-12-08,0,-30,1.87,1.98
0022400352,85.40040236728039,95.41409843588306,86.58814834800664,96.91250403867134,-1.1877459807262554,-1.498405602788283,121.7792857142857,118.64462962962963,0.5420861380830404,0.592188880450114,0.6134533396494553,0.674408014571949,0.5036412817311694,0.5557592752372735,0.2710120068610634,0.2192676547515257,12.068085705403805,11.784335730262017,5,5,0,0,-0.8754866578594961,-1.6300629043207049,-0.4269999358817164,-0.4381798155084285,0.4031718061674009,0.5540706605222734,0.5677851683888917,0.6041148412317148,19.81688199827735,23.619827144217385,False,5,0.4,0.6,0.6666666666666666,True,5,0.3,0.2,0.0,0022400352,2024-12-08,1,5,1.75,2.13
0022400357,93.11070649904904,88.25074621652577,92.5018555457624,93.81007752502065,0.6088509532866354,-5.559331308494862,125.42254545454546,127.24685185185184,0.5774998921065124,0.5755592340050723,0.6204869857262805,0.6374133949191686,0.541683247115002,0.5380216055920356,0.2471728594507269,0.2682132682132682,10.596905877441202,13.796455707992486,3,5,0,0,-0.584195887854638,-0.925886261810175,-0.3271313908828107,-0.6005638342075753,0.5394795539033457,0.5855373284231671,0.5832250121206326,0.6125803148403546,21.98376068376068,18.113539959510263,True,4,0.5,0.6,0.6666666666666666,True,4,0.3,0.2,0.3333333333333333,0022400357,2024-12-08,1,44,1.17,5.4
0022400358,95.84732123823672,86.11048982330574,95.18013275423542,90.54074978924008,0.6671884840013083,-4.430259965934312,118.17673076923076,126.8138181818182,0.5920930943247525,0.5552309672075376,0.6469767441860466,0.5834470213733515,0.5556805399325084,0.5199754148740012,0.2188073394495412,0.286905754795663,11.537478906266529,12.58824676404636,6,3,0,0,-0.7156498499204753,-0.9703714611640124,-0.4211646191993246,-0.7944956321992944,0.5025447690857682,0.5668546781685467,0.6069481896057375,0.562628338095122,23.48684988179669,16.738075371992768,False,5,0.8,0.8,0.6666666666666666,False,5,0.6,0.4,0.0,0022400358,2024-12-08,1,9,1.33,3.43
0022400368,93.66530553246848,90.57858735497526,91.87294474758792,88.17505007369336,1.7923607848805694,2.4035372812818867,123.54017857142856,122.50462962962963,0.5871352150654547,0.5776646614221811,0.5966244725738397,0.604355716878403,0.5533872598584428,0.5418092386655261,0.2480839048003227,0.2406864796986186,11.47689083221913,13.000264540266809,5,6,0,0,-0.2982972535972823,-0.613409826296257,-0.6537505732013555,-0.2558178358396731,0.3744002257973469,0.6544231764097258,0.6007683239307188,0.5848512391106784,21.41157211651398,20.30798558739735,True,4,0.6,0.8,0.6666666666666666,True,4,0.6,0.6,1.0,0022400368,2024-12-19,0,-23,1.89,1.95
0022400367,91.17560318975912,96.77033728132098,88.38704591045665,91.91290518322808,2.788557279302481,4.85743209809289,122.31107142857142,122.37833333333334,0.5802436558788113,0.6013820031145851,0.6335570469798658,0.626207475850483,0.5458196046128501,0.567561940453883,0.2522159548751007,0.2536606373815676,12.351410776386905,10.71358855280301,5,4,0,0,-0.5265952903002631,-0.6806131283464424,-1.5168940903223134,-0.3251719550641344,0.6290675844806007,0.7996884735202492,0.5881674552063767,0.6130867097812611,20.26328563411897,22.85053504280818,True,4,0.6,0.6,0.3333333333333333,True,5,0.8,0.8,0.6666666666666666,0022400367,2024-12-19,0,-26,1.65,2.3
0022400361,85.40040236728039,95.0358232629414,86.58814834800664,84.6107085941479,-1.1877459807262554,10.42511466879351,121.7792857142857,123.98833333333332,0.5420861380830404,0.5826496227382609,0.6134533396494553,0.5955293125263602,0.5036412817311694,0.5498598317981578,0.2710120068610634,0.2456359102244389,12.068085705403805,9.633522867294865,4,5,0,0,-0.8754866578594961,-0.3323023520936704,-0.4269999358817164,-0.4466048846124227,0.4031718061674009,0.629303568621286,0.5677851683888917,0.5785387873998153,19.81688199827735,21.440703744810293,False,5,0.4,0.6,0.6666666666666666,True,4,0.8,0.8,0.6666666666666666,0022400361,2024-12-19,0,-6,3.19,1.37
0022400362,85.89577334769325,84.07389372451154,96.51918441508964,88.44117109988436,-10.623411067396384,-4.367277375372817,126.38055555555556,126.37692307692306,0.5447995895880267,0.5401162154130105,0.6319218241042345,0.6216216216216216,0.5109362224039248,0.5055913978494624,0.2455919395465995,0.2780117944397641,12.64552241539735,12.06707651104754,3,5,0,0,-1.3657806447590064,-1.5818099720143466,-0.9660125409063768,-0.4225362191576544,0.5117798455751337,0.5649237893112097,0.5235055583290739,0.5656445055390441,15.115530467506153,22.632228719948017,False,5,0.3,0.2,0.0,False,5,0.1,0.2,0.0,0022400362,2024-12-19,1,9,2.42,1.6
0022400363,96.04826995418824,93.03112313937754,88.61410108383924,96.79319677103264,7.434168870348989,-3.762073631655079,122.0409090909091,124.68945454545457,0.5891372844307656,0.5801856594110115,0.6200873362445415,0.6773641420624733,0.5581675708257987,0.5503175863437872,0.2396294804671768,0.2156074014481094,9.6688889716563,12.07363165507909,4,6,0,0,-1.2471603686167994,-0.3077501444124602,0.2243135565756234,-0.1721100443568269,0.672184405940594,0.4946960767806028,0.5838707955239911,0.5585247094382326,22.029542920847263,16.497503631082065,False,5,0.8,0.8,1.0,True,5,0.3,0.2,0.0,0022400363,2024-12-19,0,-9,1.08,8.27
0022400374,99.7006722458912,96.23588516518348,90.9571114044025,95.0601454421814,8.743560841488723,1.1757397230020763,123.0535185185185,118.75301886792452,0.6159902706080126,0.5899460798828094,0.6482701812191104,0.6045987376014428,0.5874154539864727,0.5623918685121108,0.2342007434944238,0.1940874035989717,10.624705600845164,11.47140648658783,4,4,0,0,-0.0372151644609822,-0.6469657723316815,-0.1052067696000556,-0.723424982512285,0.6190405685519692,0.5574538856970064,0.6277507626941433,0.6021483549610295,21.36554172951232,23.74116295510781,False,5,0.8,0.8,1.0,False,5,0.4,0.6,0.6666666666666666,0022400374,2024-12-20,1,23,1.27,3.96
0022400375,91.77291012497004,95.0358232629414,92.49801384632843,84.6107085941479,-0.725103721358403,10.42511466879351,119.69660377358493,123.98833333333332,0.569435533090249,0.5826496227382609,0.6638013371537727,0.5955293125263602,0.5342436064152579,0.5498598317981578,0.2209850107066381,0.2456359102244389,11.428265173583526,9.633522867294865,2,6,0,0,-0.6932497978151779,-0.3323023520936704,-0.5280346786179425,-0.4466048846124227,0.4429917908178777,0.629303568621286,0.576894647955449,0.5785387873998153,19.30631808278867,21.440703744810293,True,4,0.4,0.2,0.0,True,4,0.8,0.8,0.6666666666666666,0022400375,2024-12-20,0,-7,1.94,1.89
0022400373,91.53943793045056,84.07389372451154,94.73990028850773,88.44117109988436,-3.2004623580571643,-4.367277375372817,119.19574074074072,126.37692307692306,0.5676475575354925,0.5401162154130105,0.586679263108172,0.6216216216216216,0.5294877313818338,0.5055913978494624,0.2521367521367521,0.2780117944397641,11.310371828473862,12.06707651104754,4,6,0,0,-1.3139152816255892,-1.5818099720143466,-0.3093380544465328,-0.4225362191576544,0.5111581690829126,0.5649237893112097,0.5737731246842918,0.5656445055390441,19.41320586205497,22.632228719948017,True,5,0.3,0.0,0.0,False,5,0.1,0.2,0.0,0022400373,2024-12-20,1,10,1.14,6.11
0022400378,89.65428636863831,92.12489240332906,91.51161036973316,86.52017835445595,-1.8573240010948435,5.604714048873107,130.19709090909092,133.81592592592594,0.5696216009028768,0.5929688168058604,0.692176143651133,0.6429447852760736,0.5340526628390417,0.5609610802223988,0.2635408245755861,0.2779713511420828,12.303025901989152,12.41340370824488,5,6,0,0,-0.511597708275781,-1.4810351968653033,-0.2043937451293006,-0.7989705980447069,0.5539108756622001,0.4456641053787047,0.5528122151639566,0.5899892528978318,18.818387799564277,18.303478157644825,False,5,0.4,0.6,0.6666666666666666,True,5,0.7,0.6,0.3333333333333333,0022400378,2024-12-21,0,-16,2.09,1.79
0022400379,87.31372123350839,88.25074621652577,92.28680040092564,93.81007752502065,-4.973079167417247,-5.559331308494862,120.27722222222222,127.24685185185184,0.556416797488226,0.5755592340050723,0.6572978303747534,0.6374133949191686,0.5191262768963268,0.5380216055920356,0.2576714801444043,0.2682132682132682,12.825309431760273,13.796455707992486,6,6,0,0,-1.6197574672147963,-0.925886261810175,-1.7848040630869133,-0.6005638342075753,0.333596837944664,0.5855373284231671,0.6006186874150874,0.6125803148403546,14.025213675213672,18.113539959510263,False,5,0.6,0.8,1.0,True,4,0.3,0.2,0.3333333333333333,0022400379,2024-12-21,0,-11,1.81,2.05
0022400380,99.7006722458912,91.53943793045056,90.9571114044025,94.73990028850773,8.743560841488723,-3.2004623580571643,123.0535185185185,119.19574074074072,0.6159902706080126,0.5676475575354925,0.6482701812191104,0.586679263108172,0.5874154539864727,0.5294877313818338,0.2342007434944238,0.2521367521367521,10.624705600845164,11.310371828473862,5,4,0,0,-0.0372151644609822,-1.3139152816255892,-0.1052067696000556,-0.3093380544465328,0.6190405685519692,0.5111581690829126,0.6277507626941433,0.5737731246842918,21.36554172951232,19.41320586205497,False,5,0.8,0.8,1.0,True,5,0.3,0.0,0.0,0022400380,2024-12-21,1,27,1.25,4.17
0022400382,96.23588516518348,85.89577334769325,95.0601454421814,96.51918441508964,1.1757397230020763,-10.623411067396384,118.75301886792452,126.38055555555556,0.5899460798828094,0.5447995895880267,0.6045987376014428,0.6319218241042345,0.5623918685121108,0.5109362224039248,0.1940874035989717,0.2455919395465995,11.47140648658783,12.64552241539735,5,3,0,0,-0.6469657723316815,-1.3657806447590064,-0.723424982512285,-0.9660125409063768,0.5574538856970064,0.5117798455751337,0.6021483549610295,0.5235055583290739,23.74116295510781,15.115530467506153,False,5,0.4,0.6,0.6666666666666666,False,5,0.3,0.2,0.0,0022400382,2024-12-21,1,11,1.27,3.98
0022400384,87.59851592386045,96.77033728132098,94.61273447942112,91.91290518322808,-7.014218555560676,4.85743209809289,126.23709090909092,122.37833333333334,0.5518014748577401,0.6013820031145851,0.6242696629213483,0.626207475850483,0.5166163141993958,0.567561940453883,0.2772108843537414,0.2536606373815676,11.291883670553531,10.71358855280301,5,5,0,0,-1.108868127955344,-0.6806131283464424,-0.7457100747749248,-0.3251719550641344,0.5172234723905141,0.7996884735202492,0.5565164654031994,0.6130867097812611,20.810237581284,22.85053504280818,True,4,0.1,0.2,0.3333333333333333,True,5,0.8,0.8,0.6666666666666666,0022400384,2024-12-21,0,-11,3.59,1.31
0022400387,95.41409843588306,90.30056817360378,96.91250403867134,89.92467723980396,-1.498405602788283,0.3758909337998236,118.64462962962963,125.7618181818182,0.592188880450114,0.5739458362738179,0.674408014571949,0.6155172413793103,0.5557592752372735,0.5418943533697632,0.2192676547515257,0.2529104777197912,11.784335730262017,12.245370035709636,5,5,0,0,-1.6300629043207049,-0.3246973309654458,-0.4381798155084285,-1.7273669396831564,0.5540706605222734,0.4802547770700637,0.6041148412317148,0.5920680627532027,23.619827144217385,18.473218982275583,True,5,0.3,0.2,0.0,True,5,0.6,0.8,1.0,0022400387,2024-12-21,0,-8,1.44,2.87
0022400390,87.59851592386045,96.9935482747512,94.61273447942112,92.46602178436784,-7.014218555560676,4.52752649038336,126.23709090909092,125.29418181818184,0.5518014748577401,0.6067185639178552,0.6242696629213483,0.682936507936508,0.5166163141993958,0.5753133845531743,0.2772108843537414,0.2439411998410806,11.291883670553531,11.27528231739702,5,3,0,0,-1.108868127955344,-0.169417766258908,-0.7457100747749248,-0.2666669290408974,0.5172234723905141,0.6958408138839018,0.5565164654031994,0.6310467436505082,20.810237581284,23.24582461189604,True,4,0.1,0.2,0.3333333333333333,False,5,0.8,1.0,1.0,0022400390,2024-12-22,0,-3,4.15,1.25
0022400395,89.65428636863831,91.17560318975912,91.51161036973316,88.38704591045665,-1.8573240010948435,2.788557279302481,130.19709090909092,122.31107142857142,0.5696216009028768,0.5802436558788113,0.692176143651133,0.6335570469798658,0.5340526628390417,0.5458196046128501,0.2635408245755861,0.2522159548751007,12.303025901989152,12.351410776386905,5,3,0,0,-0.511597708275781,-0.5265952903002631,-0.2043937451293006,-1.5168940903223134,0.5539108756622001,0.6290675844806007,0.5528122151639566,0.5881674552063767,18.818387799564277,20.26328563411897,False,5,0.4,0.6,0.6666666666666666,True,4,0.6,0.6,0.3333333333333333,0022400395,2024-12-23,1,13,2.31,1.65
0022400404,95.84732123823672,90.30056817360378,95.18013275423542,89.92467723980396,0.6671884840013083,0.3758909337998236,118.17673076923076,125.7618181818182,0.5920930943247525,0.5739458362738179,0.6469767441860466,0.6155172413793103,0.5556805399325084,0.5418943533697632,0.2188073394495412,0.2529104777197912,11.537478906266529,12.245370035709636,4,4,0,0,-0.7156498499204753,-0.3246973309654458,-0.4211646191993246,-1.7273669396831564,0.5025447690857682,0.4802547770700637,0.6069481896057375,0.5920680627532027,23.48684988179669,18.473218982275583,False,5,0.8,0.8,0.6666666666666666,True,5,0.6,0.8,1.0,0022400404,2024-12-23,0,-3,1.38,3.14
0022400403,87.72892389558605,96.31379281178634,87.48665753655015,95.96919963535775,0.2422663590358939,0.3445931764285736,127.5830909090909,120.45924528301887,0.5548945375878853,0.5906638796886167,0.7037533512064343,0.6666666666666666,0.5271771473913905,0.5587797619047619,0.2770750988142292,0.2195899772209567,10.916237118911456,11.105298276720852,2,5,0,0,0.2468311231895129,-0.8592670553152916,-0.3919269093429596,-0.5192734737678973,0.3513989434552925,0.6417668074050016,0.5725250266978864,0.5885955468363082,17.225230566534915,18.371216217498127,True,4,0.6,0.6,0.6666666666666666,True,5,0.6,0.4,0.3333333333333333,0022400403,2024-12-23,0,-6,1.46,2.78
0022400402,96.9935482747512,95.41409843588306,92.46602178436784,96.91250403867134,4.52752649038336,-1.498405602788283,125.29418181818184,118.64462962962963,0.6067185639178552,0.592188880450114,0.682936507936508,0.674408014571949,0.5753133845531743,0.5557592752372735,0.2439411998410806,0.2192676547515257,11.27528231739702,11.784335730262017,3,5,0,0,-0.169417766258908,-1.6300629043207049,-0.2666669290408974,-0.4381798155084285,0.6958408138839018,0.5540706605222734,0.6310467436505082,0.6041148412317148,23.24582461189604,23.619827144217385,False,5,0.8,1.0,1.0,True,5,0.3,0.2,0.0,0022400402,2024-12-23,1,27,1.54,2.56
0022400401,93.66530553246848,86.11048982330574,91.87294474758792,90.54074978924008,1.7923607848805694,-4.430259965934312,123.54017857142856,126.8138181818182,0.5871352150654547,0.5552309672075376,0.5966244725738397,0.5834470213733515,0.5533872598584428,0.5199754148740012,0.2480839048003227,0.286905754795663,11.47689083221913,12.58824676404636,3,3,0,0,-0.2982972535972823,-0.9703714611640124,-0.6537505732013555,-0.7944956321992944,0.3744002257973469,0.5668546781685467,0.6007683239307188,0.562628338095122,21.41157211651398,16.738075371992768,True,4,0.6,0.8,0.6666666666666666,False,5,0.6,0.4,0.0,0022400401,2024-12-23,1,24,1.12,6.67
0022400400,95.0358232629414,85.89577334769325,84.6107085941479,96.51918441508964,10.42511466879351,-10.623411067396384,123.98833333333332,126.38055555555556,0.5826496227382609,0.5447995895880267,0.5955293125263602,0.6319218241042345,0.5498598317981578,0.5109362224039248,0.2456359102244389,0.2455919395465995,9.633522867294865,12.64552241539735,5,4,0,0,-0.3323023520936704,-1.3657806447590064,-0.4466048846124227,-0.9660125409063768,0.629303568621286,0.5117798455751337,0.5785387873998153,0.5235055583290739,21.440703744810293,15.115530467506153,True,4,0.8,0.8,0.6666666666666666,False,5,0.3,0.2,0.0,0022400400,2024-12-23,1,18,1.05,11.01
0022400392,99.7006722458912,88.25074621652577,90.9571114044025,93.81007752502065,8.743560841488723,-5.559331308494862,123.0535185185185,127.24685185185184,0.6159902706080126,0.5755592340050723,0.6482701812191104,0.6374133949191686,0.5874154539864727,0.5380216055920356,0.2342007434944238,0.2682132682132682,10.624705600845164,13.796455707992486,4,5,0,0,-0.0372151644609822,-0.925886261810175,-0.1052067696000556,-0.6005638342075753,0.6190405685519692,0.5855373284231671,0.6277507626941433,0.6125803148403546,21.36554172951232,18.113539959510263,False,5,0.8,0.8,1.0,True,4,0.3,0.2,0.3333333333333333,0022400392,2024-12-23,1,11,1.09,8.02
0022400397,96.77033728132098,87.8825804325771,91.91290518322808,92.60838273506891,4.85743209809289,-4.725802302491813,122.37833333333334,125.80836363636364,0.6013820031145851,0.5600396383917717,0.626207475850483,0.6878814298169137,0.567561940453883,0.5300813008130081,0.2536606373815676,0.2648401826484018,10.71358855280301,12.342003566752318,3,3,0,0,-0.6806131283464424,-0.9923258901003822,-0.3251719550641344,-1.0948310149591711,0.7996884735202492,0.4701706946087544,0.6130867097812611,0.5828791542152769,22.85053504280818,18.94246031746032,True,5,0.8,0.8,0.6666666666666666,True,5,0.4,0.2,0.3333333333333333,0022400397,2024-12-23,1,14,1.11,7.2
0022400396,91.77291012497004,87.31372123350839,92.49801384632843,92.28680040092564,-0.725103721358403,-4.973079167417247,119.69660377358493,120.27722222222222,0.569435533090249,0.556416797488226,0.6638013371537727,0.6572978303747534,0.5342436064152579,0.5191262768963268,0.2209850107066381,0.2576714801444043,11.428265173583526,12.825309431760273,1,6,0,0,-0.6932497978151779,-1.6197574672147963,-0.5280346786179425,-1.7848040630869133,0.4429917908178777,0.333596837944664,0.576894647955449,0.6006186874150874,19.30631808278867,14.025213675213672,True,4,0.4,0.2,0.0,False,5,0.6,0.8,1.0,0022400396,2024-12-23,1,15,1.23,4.32
0022400394,90.47496335904911,92.06553189476423,95.61878915749972,94.29276484362066,-5.143825798450612,-2.2272329488564244,121.14926829268292,123.74536585365853,0.5632030639048746,0.5753001512456831,0.5842040565457898,0.6853473438412142,0.5265764508928571,0.5440097799511002,0.2611094085197671,0.2502094387042725,11.243940150429223,11.21500484866642,3,3,0,0,-1.3678790604953366,-0.4273321576084793,-0.9582794253618404,-0.1580354406889653,0.4057336688915636,0.4749095177540839,0.5677746067764566,0.5856933596533488,18.66230769230769,20.82816188480829,False,80,0.1,0.2,0.3333333333333333,False,80,0.3,0.4,0.6666666666666666,0022400394,2024-12-23,1,5,1.48,2.74
0022400398,93.03112313937754,96.23588516518348,96.79319677103264,95.0601454421814,-3.762073631655079,1.1757397230020763,124.68945454545457,118.75301886792452,0.5801856594110115,0.5899460798828094,0.6773641420624733,0.6045987376014428,0.5503175863437872,0.5623918685121108,0.2156074014481094,0.1940874035989717,12.07363165507909,11.47140648658783,4,4,0,0,-0.3077501444124602,-0.6469657723316815,-0.1721100443568269,-0.723424982512285,0.4946960767806028,0.5574538856970064,0.5585247094382326,0.6021483549610295,16.497503631082065,23.74116295510781,True,5,0.3,0.2,0.0,False,5,0.4,0.6,0.6666666666666666,0022400398,2024-12-23,0,-21,1.69,2.23
0022400408,87.72892389558605,95.84732123823672,87.48665753655015,95.18013275423542,0.2422663590358939,0.6671884840013083,127.5830909090909,118.17673076923076,0.5548945375878853,0.5920930943247525,0.7037533512064343,0.6469767441860466,0.5271771473913905,0.5556805399325084,0.2770750988142292,0.2188073394495412,10.916237118911456,11.537478906266529,1,4,0,0,0.2468311231895129,-0.7156498499204753,-0.3919269093429596,-0.4211646191993246,0.3513989434552925,0.5025447690857682,0.5725250266978864,0.6069481896057375,17.225230566534915,23.48684988179669,True,4,0.6,0.6,0.6666666666666666,False,5,0.8,0.8,0.6666666666666666,0022400408,2024-12-25,0,-2,1.6,2.4
0022400407,96.04826995418824,91.53943793045056,88.61410108383924,94.73990028850773,7.434168870348989,-3.2004623580571643,122.0409090909091,119.19574074074072,0.5891372844307656,0.5676475575354925,0.6200873362445415,0.586679263108172,0.5581675708257987,0.5294877313818338,0.2396294804671768,0.2521367521367521,9.6688889716563,11.310371828473862,2,4,0,0,-1.2471603686167994,-1.3139152816255892,0.2243135565756234,-0.3093380544465328,0.672184405940594,0.5111581690829126,0.5838707955239911,0.5737731246842918,22.029542920847263,19.41320586205497,False,5,0.8,0.8,1.0,True,5,0.3,0.0,0.0,0022400407,2024-12-25,0,-4,1.23,4.37
0022400406,93.66530553246848,91.17560318975912,91.87294474758792,88.38704591045665,1.7923607848805694,2.788557279302481,123.54017857142856,122.31107142857142,0.5871352150654547,0.5802436558788113,0.5966244725738397,0.6335570469798658,0.5533872598584428,0.5458196046128501,0.2480839048003227,0.2522159548751007,11.47689083221913,12.351410776386905,3,3,0,0,-0.2982972535972823,-0.5265952903002631,-0.6537505732013555,-1.5168940903223134,0.3744002257973469,0.6290675844806007,0.6007683239307188,0.5881674552063767,21.41157211651398,20.26328563411897,True,4,0.6,0.8,0.6666666666666666,True,4,0.6,0.6,0.3333333333333333,0022400406,2024-12-25,0,-6,1.49,2.71
0022400405,94.621126802675,92.06553189476423,91.27241197165552,94.29276484362066,3.348714831019465,-2.2272329488564244,122.3621951219512,123.74536585365853,0.5888672214200297,0.5753001512456831,0.634393470306783,0.6853473438412142,0.5561859193438141,0.5440097799511002,0.2545038604518158,0.2502094387042725,10.843457548063029,11.21500484866642,2,3,0,0,-0.8266804602119041,-0.4273321576084793,-0.2190939311933269,-0.1580354406889653,0.7638845144356955,0.4749095177540839,0.6044201110666073,0.5856933596533488,22.680103884372176,20.82816188480829,False,80,0.6,0.4,0.3333333333333333,False,80,0.3,0.4,0.6666666666666666,0022400405,2024-12-25,1,3,1.29,3.77
0022400410,96.31379281178634,95.0358232629414,95.96919963535775,84.6107085941479,0.3445931764285736,10.42511466879351,120.45924528301887,123.98833333333332,0.5906638796886167,0.5826496227382609,0.6666666666666666,0.5955293125263602,0.5587797619047619,0.5498598317981578,0.2195899772209567,0.2456359102244389,11.105298276720852,9.633522867294865,3,6,0,0,-0.8592670553152916,-0.3323023520936704,-0.5192734737678973,-0.4466048846124227,0.6417668074050016,0.629303568621286,0.5885955468363082,0.5785387873998153,18.371216217498127,21.440703744810293,True,5,0.6,0.4,0.3333333333333333,True,4,0.8,0.8,0.6666666666666666,0022400410,2024-12-26,0,-6,2.76,1.48
0022400412,85.89577334769325,84.07389372451154,96.51918441508964,88.44117109988436,-10.623411067396384,-4.367277375372817,126.38055555555556,126.37692307692306,0.5447995895880267,0.5401162154130105,0.6319218241042345,0.6216216216216216,0.5109362224039248,0.5055913978494624,0.2455919395465995,0.2780117944397641,12.64552241539735,12.06707651104754,3,4,0,0,-1.3657806447590064,-1.5818099720143466,-0.9660125409063768,-0.4225362191576544,0.5117798455751337,0.5649237893112097,0.5235055583290739,0.5656445055390441,15.115530467506153,22.632228719948017,False,5,0.3,0.2,0.0,False,5,0.1,0.2,0.0,0022400412,2024-12-26,1,3,2.61,1.53
0022400413,89.65428636863831,93.03112313937754,91.51161036973316,96.79319677103264,-1.8573240010948435,-3.762073631655079,130.19709090909092,124.68945454545457,0.5696216009028768,0.5801856594110115,0.692176143651133,0.6773641420624733,0.5340526628390417,0.5503175863437872,0.2635408245755861,0.2156074014481094,12.303025901989152,12.07363165507909,5,6,0,0,-0.511597708275781,-0.3077501444124602,-0.2043937451293006,-0.1721100443568269,0.5539108756622001,0.4946960767806028,0.5528122151639566,0.5585247094382326,18.818387799564277,16.497503631082065,False,5,0.4,0.6,0.6666666666666666,True,5,0.3,0.2,0.0,0022400413,2024-12-26,1,8,1.49,2.73
0022400415,96.23588516518348,87.31372123350839,95.0601454421814,92.28680040092564,1.1757397230020763,-4.973079167417247,118.75301886792452,120.27722222222222,0.5899460798828094,0.556416797488226,0.6045987376014428,0.6572978303747534,0.5623918685121108,0.5191262768963268,0.1940874035989717,0.2576714801444043,11.47140648658783,12.825309431760273,5,5,0,0,-0.6469657723316815,-1.6197574672147963,-0.723424982512285,-1.7848040630869133,0.5574538856970064,0.333596837944664,0.6021483549610295,0.6006186874150874,23.74116295510781,14.025213675213672,False,5,0.4,0.6,0.6666666666666666,False,5,0.6,0.8,1.0,0022400415,2024-12-26,0,-6,1.39,3.14
0022400416,87.59851592386045,85.32235335564559,94.61273447942112,82.22597762902942,-7.014218555560676,3.09637572661617,126.23709090909092,132.11927272727274,0.5518014748577401,0.5445857634741058,0.6242696629213483,0.5448185395714911,0.5166163141993958,0.5107275209674274,0.2772108843537414,0.306060606060606,11.291883670553531,10.472630790910692,5,3,0,0,-1.108868127955344,-1.4256459934397558,-0.7457100747749248,-0.366104600633451,0.5172234723905141,0.6168933881683012,0.5565164654031994,0.5430693046327304,20.810237581284,17.89965034965035,True,4,0.1,0.2,0.3333333333333333,True,4,0.3,0.4,0.6666666666666666,0022400416,2024-12-26,0,-17,3.24,1.36
0022400417,86.11048982330574,88.25074621652577,90.54074978924008,93.81007752502065,-4.430259965934312,-5.559331308494862,126.8138181818182,127.24685185185184,0.5552309672075376,0.5755592340050723,0.5834470213733515,0.6374133949191686,0.5199754148740012,0.5380216055920356,0.286905754795663,0.2682132682132682,12.58824676404636,13.796455707992486,3,6,0,0,-0.9703714611640124,-0.925886261810175,-0.7944956321992944,-0.6005638342075753,0.5668546781685467,0.5855373284231671,0.562628338095122,0.6125803148403546,16.738075371992768,18.113539959510263,False,5,0.6,0.4,0.0,True,4,0.3,0.2,0.3333333333333333,0022400417,2024-12-26,1,2,1.63,2.35
0022400418,93.11070649904904,90.30056817360378,92.5018555457624,89.92467723980396,0.6088509532866354,0.3758909337998236,125.42254545454546,125.7618181818182,0.5774998921065124,0.5739458362738179,0.6204869857262805,0.6155172413793103,0.541683247115002,0.5418943533697632,0.2471728594507269,0.2529104777197912,10.596905877441202,12.245370035709636,4,4,0,0,-0.584195887854638,-0.3246973309654458,-0.3271313908828107,-1.7273669396831564,0.5394795539033457,0.4802547770700637,0.5832250121206326,0.5920680627532027,21.98376068376068,18.473218982275583,True,4,0.5,0.6,0.6666666666666666,True,5,0.6,0.8,1.0,0022400418,2024-12-26,0,-1,1.51,2.64
0022400423,87.59851592386045,92.12489240332906,94.61273447942112,86.52017835445595,-7.014218555560676,5.604714048873107,126.23709090909092,133.81592592592594,0.5518014748577401,0.5929688168058604,0.6242696629213483,0.6429447852760736,0.5166163141993958,0.5609610802223988,0.2772108843537414,0.2779713511420828,11.291883670553531,12.41340370824488,5,6,0,0,-1.108868127955344,-1.4810351968653033,-0.7457100747749248,-0.7989705980447069,0.5172234723905141,0.4456641053787047,0.5565164654031994,0.5899892528978318,20.810237581284,18.303478157644825,True,4,0.1,0.2,0.3333333333333333,True,5,0.7,0.6,0.3333333333333333,0022400423,2024-12-27,0,-8,3.44,1.34
0022400422,85.32235335564559,91.17560318975912,82.22597762902942,88.38704591045665,3.09637572661617,2.788557279302481,132.11927272727274,122.31107142857142,0.5445857634741058,0.5802436558788113,0.5448185395714911,0.6335570469798658,0.5107275209674274,0.5458196046128501,0.306060606060606,0.2522159548751007,10.472630790910692,12.351410776386905,3,4,0,0,-1.4256459934397558,-0.5265952903002631,-0.366104600633451,-1.5168940903223134,0.6168933881683012,0.6290675844806007,0.5430693046327304,0.5881674552063767,17.89965034965035,20.26328563411897,True,4,0.3,0.4,0.6666666666666666,True,4,0.6,0.6,0.3333333333333333,0022400422,2024-12-27,0,-1,1.89,1.95
0022400420,96.04826995418824,96.31379281178634,88.61410108383924,95.96919963535775,7.434168870348989,0.3445931764285736,122.0409090909091,120.45924528301887,0.5891372844307656,0.5906638796886167,0.6200873362445415,0.6666666666666666,0.5581675708257987,0.5587797619047619,0.2396294804671768,0.2195899772209567,9.6688889716563,11.105298276720852,4,6,0,0,-1.2471603686167994,-0.8592670553152916,0.2243135565756234,-0.5192734737678973,0.672184405940594,0.6417668074050016,0.5838707955239911,0.5885955468363082,22.029542920847263,18.371216217498127,False,5,0.8,0.8,1.0,True,5,0.6,0.4,0.3333333333333333,0022400420,2024-12-27,1,37,1.15,5.71
0022400421,86.71916031624976,92.06553189476423,92.58495338555868,94.29276484362066,-5.865793069308924,-2.2272329488564244,121.2070731707317,123.74536585365853,0.5520583533173461,0.5753001512456831,0.66850291639663,0.6853473438412142,0.5159348441926346,0.5440097799511002,0.2639503985828166,0.2502094387042725,12.51637491976038,11.21500484866642,6,4,0,0,-1.6140361687841134,-0.4273321576084793,-1.639363752030331,-0.1580354406889653,0.2988261738261738,0.4749095177540839,0.5924198540329972,0.5856933596533488,12.95773188244874,20.82816188480829,False,80,0.3,0.2,0.0,False,80,0.3,0.4,0.6666666666666666,0022400421,2024-12-27,0,-9,3.6,1.31
0022400435,95.84732123823672,93.11070649904904,95.18013275423542,92.5018555457624,0.6671884840013083,0.6088509532866354,118.17673076923076,125.42254545454546,0.5920930943247525,0.5774998921065124,0.6469767441860466,0.6204869857262805,0.5556805399325084,0.541683247115002,0.2188073394495412,0.2471728594507269,11.537478906266529,10.596905877441202,6,3,0,0,-0.7156498499204753,-0.584195887854638,-0.4211646191993246,-0.3271313908828107,0.5025447690857682,0.5394795539033457,0.6069481896057375,0.5832250121206326,23.48684988179669,21.98376068376068,False,5,0.8,0.8,0.6666666666666666,True,4,0.5,0.6,0.6666666666666666,0022400435,2024-12-28,1,10,2.26,1.68
0022400427,89.65428636863831,91.77291012497004,91.51161036973316,92.49801384632843,-1.8573240010948435,-0.725103721358403,130.19709090909092,119.69660377358493,0.5696216009028768,0.569435533090249,0.692176143651133,0.6638013371537727,0.5340526628390417,0.5342436064152579,0.2635408245755861,0.2209850107066381,12.303025901989152,11.428265173583526,6,2,0,0,-0.511597708275781,-0.6932497978151779,-0.2043937451293006,-0.5280346786179425,0.5539108756622001,0.4429917908178777,0.5528122151639566,0.576894647955449,18.818387799564277,19.30631808278867,False,5,0.4,0.6,0.6666666666666666,True,4,0.4,0.2,0.0,0022400427,2024-12-28,1,10,1.9,1.95
0022400430,93.03112313937754,96.23588516518348,96.79319677103264,95.0601454421814,-3.762073631655079,1.1757397230020763,124.68945454545457,118.75301886792452,0.5801856594110115,0.5899460798828094,0.6773641420624733,0.6045987376014428,0.5503175863437872,0.5623918685121108,0.2156074014481094,0.1940874035989717,12.07363165507909,11.47140648658783,4,4,0,0,-0.3077501444124602,-0.6469657723316815,-0.1721100443568269,-0.723424982512285,0.4946960767806028,0.5574538856970064,0.5585247094382326,0.6021483549610295,16.497503631082065,23.74116295510781,True,5,0.3,0.2,0.0,False,5,0.4,0.6,0.6666666666666666,0022400430,2024-12-28,1,5,2.15,1.74
0022400431,87.72892389558605,95.41409843588306,87.48665753655015,96.91250403867134,0.2422663590358939,-1.498405602788283,127.5830909090909,118.64462962962963,0.5548945375878853,0.592188880450114,0.7037533512064343,0.674408014571949,0.5271771473913905,0.5557592752372735,0.2770750988142292,0.2192676547515257,10.916237118911456,11.784335730262017,1,5,0,0,0.2468311231895129,-1.6300629043207049,-0.3919269093429596,-0.4381798155084285,0.3513989434552925,0.5540706605222734,0.5725250266978864,0.6041148412317148,17.225230566534915,23.619827144217385,True,4,0.6,0.6,0.6666666666666666,True,5,0.3,0.2,0.0,0022400431,2024-12-28,1,4,1.4,3.05
0022400432,96.9935482747512,90.30056817360378,92.46602178436784,89.92467723980396,4.52752649038336,0.3758909337998236,125.29418181818184,125.7618181818182,0.6067185639178552,0.5739458362738179,0.682936507936508,0.6155172413793103,0.5753133845531743,0.5418943533697632,0.2439411998410806,0.2529104777197912,11.27528231739702,12.245370035709636,5,4,0,0,-0.169417766258908,-0.3246973309654458,-0.2666669290408974,-1.7273669396831564,0.6958408138839018,0.4802547770700637,0.6310467436505082,0.5920680627532027,23.24582461189604,18.473218982275583,False,5,0.8,1.0,1.0,True,5,0.6,0.8,1.0,0022400432,2024-12-28,1,13,1.41,3.03
0022400441,93.20587638585562,92.06553189476423,89.12836792253927,94.29276484362066,4.077508463316347,-2.2272329488564244,122.6239024390244,123.74536585365853,0.5880168047824363,0.5753001512456831,0.6367419738406659,0.6853473438412142,0.5542328042328042,0.5440097799511002,0.2498624105668684,0.2502094387042725,11.794939115837042,11.21500484866642,5,4,0,0,-0.4197448326727553,-0.4273321576084793,-1.283671497418105,-0.1580354406889653,0.6211786952410967,0.4749095177540839,0.601913366243219,0.5856933596533488,20.14954289732771,20.82816188480829,False,80,0.8,0.8,1.0,False,80,0.3,0.4,0.6666666666666666,0022400441,2024-12-29,1,2,1.43,2.92
0022400439,85.32235335564559,91.77291012497004,82.22597762902942,92.49801384632843,3.09637572661617,-0.725103721358403,132.11927272727274,119.69660377358493,0.5445857634741058,0.569435533090249,0.5448185395714911,0.6638013371537727,0.5107275209674274,0.5342436064152579,0.306060606060606,0.2209850107066381,10.472630790910692,11.428265173583526,3,2,0,0,-1.4256459934397558,-0.6932497978151779,-0.366104600633451,-0.5280346786179425,0.6168933881683012,0.4429917908178777,0.5430693046327304,0.576894647955449,17.89965034965035,19.30631808278867,True,4,0.3,0.4,0.6666666666666666,True,4,0.4,0.2,0.0,0022400439,2024-12-29,0,-4,1.28,3.84
0022400440,95.0358232629414,92.12489240332906,84.6107085941479,86.52017835445595,10.42511466879351,5.604714048873107,123.98833333333332,133.81592592592594,0.5826496227382609,0.5929688168058604,0.5955293125263602,0.6429447852760736,0.5498598317981578,0.5609610802223988,0.2456359102244389,0.2779713511420828,9.633522867294865,12.41340370824488,5,6,0,0,-0.3323023520936704,-1.4810351968653033,-0.4466048846124227,-0.7989705980447069,0.629303568621286,0.4456641053787047,0.5785387873998153,0.5899892528978318,21.440703744810293,18.303478157644825,True,4,0.8,0.8,0.6666666666666666,True,5,0.7,0.6,0.3333333333333333,0022400440,2024-12-29,1,24,1.32,3.54
0022400444,87.59851592386045,90.57858735497526,94.61273447942112,88.17505007369336,-7.014218555560676,2.4035372812818867,126.23709090909092,122.50462962962963,0.5518014748577401,0.5776646614221811,0.6242696629213483,0.604355716878403,0.5166163141993958,0.5418092386655261,0.2772108843537414,0.2406864796986186,11.291883670553531,13.000264540266809,5,5,0,0,-1.108868127955344,-0.613409826296257,-0.7457100747749248,-0.2558178358396731,0.5172234723905141,0.6544231764097258,0.5565164654031994,0.5848512391106784,20.810237581284,20.30798558739735,True,4,0.1,0.2,0.3333333333333333,True,4,0.6,0.6,1.0,0022400444,2024-12-30,0,-3,2.59,1.53
0022400449,96.04826995418824,87.8825804325771,88.61410108383924,92.60838273506891,7.434168870348989,-4.725802302491813,122.0409090909091,125.80836363636364,0.5891372844307656,0.5600396383917717,0.6200873362445415,0.6878814298169137,0.5581675708257987,0.5300813008130081,0.2396294804671768,0.2648401826484018,9.6688889716563,12.342003566752318,4,3,0,0,-1.2471603686167994,-0.9923258901003822,0.2243135565756234,-1.0948310149591711,0.672184405940594,0.4701706946087544,0.5838707955239911,0.5828791542152769,22.029542920847263,18.94246031746032,False,5,0.8,0.8,1.0,True,5,0.4,0.2,0.3333333333333333,0022400449,2024-12-31,1,54,1.06,10.29
0022400453,95.41409843588306,92.12489240332906,96.91250403867134,86.52017835445595,-1.498405602788283,5.604714048873107,118.64462962962963,133.81592592592594,0.592188880450114,0.5929688168058604,0.674408014571949,0.6429447852760736,0.5557592752372735,0.5609610802223988,0.2192676547515257,0.2779713511420828,11.784335730262017,12.41340370824488,5,6,0,0,-1.6300629043207049,-1.4810351968653033,-0.4381798155084285,-0.7989705980447069,0.5540706605222734,0.4456641053787047,0.6041148412317148,0.5899892528978318,23.619827144217385,18.303478157644825,True,5,0.3,0.2,0.0,True,5,0.7,0.6,0.3333333333333333,0022400453,2024-12-31,0,-5,1.46,2.81
0022400458,96.77033728132098,88.25074621652577,91.91290518322808,93.81007752502065,4.85743209809289,-5.559331308494862,122.37833333333334,127.24685185185184,0.6013820031145851,0.5755592340050723,0.626207475850483,0.6374133949191686,0.567561940453883,0.5380216055920356,0.2536606373815676,0.2682132682132682,10.71358855280301,13.796455707992486,2,6,0,0,-0.6806131283464424,-0.925886261810175,-0.3251719550641344,-0.6005638342075753,0.7996884735202492,0.5855373284231671,0.6130867097812611,0.6125803148403546,22.85053504280818,18.113539959510263,True,5,0.8,0.8,0.6666666666666666,True,4,0.3,0.2,0.3333333333333333,0022400458,2025-01-01,1,16,1.14,6.16
0022400463,91.77291012497004,96.31379281178634,92.49801384632843,95.96919963535775,-0.725103721358403,0.3445931764285736,119.69660377358493,120.45924528301887,0.569435533090249,0.5906638796886167,0.6638013371537727,0.6666666666666666,0.5342436064152579,0.5587797619047619,0.2209850107066381,0.2195899772209567,11.428265173583526,11.105298276720852,3,4,0,0,-0.6932497978151779,-0.8592670553152916,-0.5280346786179425,-0.5192734737678973,0.4429917908178777,0.6417668074050016,0.576894647955449,0.5885955468363082,19.30631808278867,18.371216217498127,True,4,0.4,0.2,0.0,True,5,0.6,0.4,0.3333333333333333,0022400463,2025-01-02,0,-13,1.76,2.12
0022400465,96.23588516518348,87.31372123350839,95.0601454421814,92.28680040092564,1.1757397230020763,-4.973079167417247,118.75301886792452,120.27722222222222,0.5899460798828094,0.556416797488226,0.6045987376014428,0.6572978303747534,0.5623918685121108,0.5191262768963268,0.1940874035989717,0.2576714801444043,11.47140648658783,12.825309431760273,5,6,0,0,-0.6469657723316815,-1.6197574672147963,-0.723424982512285,-1.7848040630869133,0.5574538856970064,0.333596837944664,0.6021483549610295,0.6006186874150874,23.74116295510781,14.025213675213672,False,5,0.4,0.6,0.6666666666666666,False,5,0.6,0.8,1.0,0022400465,2025-01-02,0,-3,1.13,6.47
0022400467,87.72892389558605,91.53943793045056,87.48665753655015,94.73990028850773,0.2422663590358939,-3.2004623580571643,127.5830909090909,119.19574074074072,0.5548945375878853,0.5676475575354925,0.7037533512064343,0.586679263108172,0.5271771473913905,0.5294877313818338,0.2770750988142292,0.2521367521367521,10.916237118911456,11.310371828473862,3,5,0,0,0.2468311231895129,-1.3139152816255892,-0.3919269093429596,-0.3093380544465328,0.3513989434552925,0.5111581690829126,0.5725250266978864,0.5737731246842918,17.225230566534915,19.41320586205497,True,4,0.6,0.6,0.6666666666666666,True,5,0.3,0.0,0.0,0022400467,2025-01-02,1,34,1.57,2.46
0022400468,95.84732123823672,86.11048982330574,95.18013275423542,90.54074978924008,0.6671884840013083,-4.430259965934312,118.17673076923076,126.8138181818182,0.5920930943247525,0.5552309672075376,0.6469767441860466,0.5834470213733515,0.5556805399325084,0.5199754148740012,0.2188073394495412,0.286905754795663,11.537478906266529,12.58824676404636,6,3,0,0,-0.7156498499204753,-0.9703714611640124,-0.4211646191993246,-0.7944956321992944,0.5025447690857682,0.5668546781685467,0.6069481896057375,0.562628338095122,23.48684988179669,16.738075371992768,False,5,0.8,0.8,0.6666666666666666,False,5,0.6,0.4,0.0,0022400468,2025-01-02,1,8,1.38,3.18
0022400475,96.36110794838034,92.06553189476423,93.25676605426467,94.29276484362066,3.104341894115666,-2.2272329488564244,125.31621951219512,123.74536585365853,0.6037834330899176,0.5753001512456831,0.6825993555316864,0.6853473438412142,0.5728260869565217,0.5440097799511002,0.2450013329778725,0.2502094387042725,11.37609929222951,11.21500484866642,5,4,0,0,-0.225556127416566,-0.4273321576084793,-0.2558380299587007,-0.1580354406889653,0.6939002221773379,0.4749095177540839,0.6357260014760153,0.5856933596533488,23.05813142081799,20.82816188480829,False,80,0.5,0.6,1.0,False,80,0.3,0.4,0.6666666666666666,0022400475,2025-01-03,0,-3,1.43,2.92
0022400469,90.30056817360378,84.07389372451154,89.92467723980396,88.44117109988436,0.3758909337998236,-4.367277375372817,125.7618181818182,126.37692307692306,0.5739458362738179,0.5401162154130105,0.6155172413793103,0.6216216216216216,0.5418943533697632,0.5055913978494624,0.2529104777197912,0.2780117944397641,12.245370035709636,12.06707651104754,5,6,0,0,-0.3246973309654458,-1.5818099720143466,-1.7273669396831564,-0.4225362191576544,0.4802547770700637,0.5649237893112097,0.5920680627532027,0.5656445055390441,18.473218982275583,22.632228719948017,True,5,0.6,0.8,1.0,False,5,0.1,0.2,0.0,0022400469,2025-01-03,1,4,1.32,3.51
0022400472,87.59851592386045,85.89577334769325,94.61273447942112,96.51918441508964,-7.014218555560676,-10.623411067396384,126.23709090909092,126.38055555555556,0.5518014748577401,0.5447995895880267,0.6242696629213483,0.6319218241042345,0.5166163141993958,0.5109362224039248,0.2772108843537414,0.2455919395465995,11.291883670553531,12.64552241539735,5,4,0,0,-1.108868127955344,-1.3657806447590064,-0.7457100747749248,-0.9660125409063768,0.5172234723905141,0.5117798455751337,0.5565164654031994,0.5235055583290739,20.810237581284,15.115530467506153,True,4,0.1,0.2,0.3333333333333333,False,5,0.3,0.2,0.0,0022400472,2025-01-03,1,12,1.33,3.47
0022400476,93.11070649904904,92.12489240332906,92.5018555457624,86.52017835445595,0.6088509532866354,5.604714048873107,125.42254545454546,133.81592592592594,0.5774998921065124,0.5929688168058604,0.6204869857262805,0.6429447852760736,0.541683247115002,0.5609610802223988,0.2471728594507269,0.2779713511420828,10.596905877441202,12.41340370824488,3,6,0,0,-0.584195887854638,-1.4810351968653033,-0.3271313908828107,-0.7989705980447069,0.5394795539033457,0.4456641053787047,0.5832250121206326,0.5899892528978318,21.98376068376068,18.303478157644825,True,4,0.5,0.6,0.6666666666666666,True,5,0.7,0.6,0.3333333333333333,0022400476,2025-01-03,1,5,1.64,2.32
0022400485,87.72892389558605,92.12489240332906,87.48665753655015,86.52017835445595,0.2422663590358939,5.604714048873107,127.5830909090909,133.81592592592594,0.5548945375878853,0.5929688168058604,0.7037533512064343,0.6429447852760736,0.5271771473913905,0.5609610802223988,0.2770750988142292,0.2779713511420828,10.916237118911456,12.41340370824488,4,6,0,0,0.2468311231895129,-1.4810351968653033,-0.3919269093429596,-0.7989705980447069,0.3513989434552925,0.4456641053787047,0.5725250266978864,0.5899892528978318,17.225230566534915,18.303478157644825,True,4,0.6,0.6,0.6666666666666666,True,5,0.7,0.6,0.3333333333333333,0022400485,2025-01-04,1,8,1.66,2.29
0022400483,96.23588516518348,86.11048982330574,95.0601454421814,90.54074978924008,1.1757397230020763,-4.430259965934312,118.75301886792452,126.8138181818182,0.5899460798828094,0.5552309672075376,0.6045987376014428,0.5834470213733515,0.5623918685121108,0.5199754148740012,0.1940874035989717,0.286905754795663,11.47140648658783,12.58824676404636,4,3,0,0,-0.6469657723316815,-0.9703714611640124,-0.723424982512285,-0.7944956321992944,0.5574538856970064,0.5668546781685467,0.6021483549610295,0.562628338095122,23.74116295510781,16.738075371992768,False,5,0.4,0.6,0.6666666666666666,False,5,0.6,0.4,0.0,0022400483,2025-01-04,0,-3,1.14,6.1
0022400482,93.03112313937754,96.77033728132098,96.79319677103264,91.91290518322808,-3.762073631655079,4.85743209809289,124.68945454545457,122.37833333333334,0.5801856594110115,0.6013820031145851,0.6773641420624733,0.626207475850483,0.5503175863437872,0.567561940453883,0.2156074014481094,0.2536606373815676,12.07363165507909,10.71358855280301,5,4,0,0,-0.3077501444124602,-0.6806131283464424,-0.1721100443568269,-0.3251719550641344,0.4946960767806028,0.7996884735202492,0.5585247094382326,0.6130867097812611,16.497503631082065,22.85053504280818,True,5,0.3,0.2,0.0,True,5,0.8,0.8,0.6666666666666666,0022400482,2025-01-04,1,13,2.85,1.44
0022400480,96.31379281178634,95.41409843588306,95.96919963535775,96.91250403867134,0.3445931764285736,-1.498405602788283,120.45924528301887,118.64462962962963,0.5906638796886167,0.592188880450114,0.6666666666666666,0.674408014571949,0.5587797619047619,0.5557592752372735,0.2195899772209567,0.2192676547515257,11.105298276720852,11.784335730262017,5,5,0,0,-0.8592670553152916,-1.6300629043207049,-0.5192734737678973,-0.4381798155084285,0.6417668074050016,0.5540706605222734,0.5885955468363082,0.6041148412317148,18.371216217498127,23.619827144217385,True,5,0.6,0.4,0.3333333333333333,True,5,0.3,0.2,0.0,0022400480,2025-01-04,1,18,1.68,2.24
0022400478,87.31372123350839,91.53943793045056,92.28680040092564,94.73990028850773,-4.973079167417247,-3.2004623580571643,120.27722222222222,119.19574074074072,0.556416797488226,0.5676475575354925,0.6572978303747534,0.586679263108172,0.5191262768963268,0.5294877313818338,0.2576714801444043,0.2521367521367521,12.825309431760273,11.310371828473862,6,5,0,0,-1.6197574672147963,-1.3139152816255892,-1.7848040630869133,-0.3093380544465328,0.333596837944664,0.5111581690829126,0.6006186874150874,0.5737731246842918,14.025213675213672,19.41320586205497,False,5,0.6,0.8,1.0,True,5,0.3,0.0,0.0,0022400478,2025-01-04,0,-29,4.15,1.25
0022400481,91.77291012497004,88.25074621652577,92.49801384632843,93.81007752502065,-0.725103721358403,-5.559331308494862,119.69660377358493,127.24685185185184,0.569435533090249,0.5755592340050723,0.6638013371537727,0.6374133949191686,0.5342436064152579,0.5380216055920356,0.2209850107066381,0.2682132682132682,11.428265173583526,13.796455707992486,2,4,0,0,-0.6932497978151779,-0.925886261810175,-0.5280346786179425,-0.6005638342075753,0.4429917908178777,0.5855373284231671,0.576894647955449,0.6125803148403546,19.30631808278867,18.113539959510263,True,4,0.4,0.2,0.0,True,4,0.3,0.2,0.3333333333333333,0022400481,2025-01-04,0,-36,1.27,3.93
0022400488,99.7006722458912,84.07389372451154,90.9571114044025,88.44117109988436,8.743560841488723,-4.367277375372817,123.0535185185185,126.37692307692306,0.6159902706080126,0.5401162154130105,0.6482701812191104,0.6216216216216216,0.5874154539864727,0.5055913978494624,0.2342007434944238,0.2780117944397641,10.624705600845164,12.06707651104754,4,4,0,0,-0.0372151644609822,-1.5818099720143466,-0.1052067696000556,-0.4225362191576544,0.6190405685519692,0.5649237893112097,0.6277507626941433,0.5656445055390441,21.36554172951232,22.632228719948017,False,5,0.8,0.8,1.0,False,5,0.1,0.2,0.0,0022400488,2025-01-05,1,10,1.07,9.63
0022400490,85.40040236728039,88.25074621652577,86.58814834800664,93.81007752502065,-1.1877459807262554,-5.559331308494862,121.7792857142857,127.24685185185184,0.5420861380830404,0.5755592340050723,0.6134533396494553,0.6374133949191686,0.5036412817311694,0.5380216055920356,0.2710120068610634,0.2682132682132682,12.068085705403805,13.796455707992486,6,6,0,0,-0.8754866578594961,-0.925886261810175,-0.4269999358817164,-0.6005638342075753,0.4031718061674009,0.5855373284231671,0.5677851683888917,0.6125803148403546,19.81688199827735,18.113539959510263,False,5,0.4,0.6,0.6666666666666666,True,4,0.3,0.2,0.3333333333333333,0022400490,2025-01-05,0,-13,1.26,3.99
0022400491,85.32235335564559,95.84732123823672,82.22597762902942,95.18013275423542,3.09637572661617,0.6671884840013083,132.11927272727274,118.17673076923076,0.5445857634741058,0.5920930943247525,0.5448185395714911,0.6469767441860466,0.5107275209674274,0.5556805399325084,0.306060606060606,0.2188073394495412,10.472630790910692,11.537478906266529,3,6,0,0,-1.4256459934397558,-0.7156498499204753,-0.366104600633451,-0.4211646191993246,0.6168933881683012,0.5025447690857682,0.5430693046327304,0.6069481896057375,17.89965034965035,23.48684988179669,True,4,0.3,0.4,0.6666666666666666,False,5,0.8,0.8,0.6666666666666666,0022400491,2025-01-05,1,4,1.55,2.51
0022400492,87.72892389558605,93.11070649904904,87.48665753655015,92.5018555457624,0.2422663590358939,0.6088509532866354,127.5830909090909,125.42254545454546,0.5548945375878853,0.5774998921065124,0.7037533512064343,0.6204869857262805,0.5271771473913905,0.541683247115002,0.2770750988142292,0.2471728594507269,10.916237118911456,10.596905877441202,4,5,0,0,0.2468311231895129,-0.584195887854638,-0.3919269093429596,-0.3271313908828107,0.3513989434552925,0.5394795539033457,0.5725250266978864,0.5832250121206326,17.225230566534915,21.98376068376068,True,4,0.6,0.6,0.6666666666666666,True,4,0.5,0.6,0.6666666666666666,0022400492,2025-01-05,0,-30,1.63,2.35
0022400496,96.77033728132098,85.40040236728039,91.91290518322808,86.58814834800664,4.85743209809289,-1.1877459807262554,122.37833333333334,121.7792857142857,0.6013820031145851,0.5420861380830404,0.626207475850483,0.6134533396494553,0.567561940453883,0.5036412817311694,0.2536606373815676,0.2710120068610634,10.71358855280301,12.068085705403805,3,6,0,0,-0.6806131283464424,-0.8754866578594961,-0.3251719550641344,-0.4269999358817164,0.7996884735202492,0.4031718061674009,0.6130867097812611,0.5677851683888917,22.85053504280818,19.81688199827735,True,5,0.8,0.8,0.6666666666666666,False,5,0.4,0.6,0.6666666666666666,0022400496,2025-01-06,0,-9,1.17,5.28
0022400494,91.53943793045056,95.41409843588306,94.73990028850773,96.91250403867134,-3.2004623580571643,-1.498405602788283,119.19574074074072,118.64462962962963,0.5676475575354925,0.592188880450114,0.586679263108172,0.674408014571949,0.5294877313818338,0.5557592752372735,0.2521367521367521,0.2192676547515257,11.310371828473862,11.784335730262017,5,4,0,0,-1.3139152816255892,-1.6300629043207049,-0.3093380544465328,-0.4381798155084285,0.5111581690829126,0.5540706605222734,0.5737731246842918,0.6041148412317148,19.41320586205497,23.619827144217385,True,5,0.3,0.0,0.0,True,5,0.3,0.2,0.0,0022400494,2025-01-06,0,-10,2.08,1.78
0022400495,87.31372123350839,96.31379281178634,92.28680040092564,95.96919963535775,-4.973079167417247,0.3445931764285736,120.27722222222222,120.45924528301887,0.556416797488226,0.5906638796886167,0.6572978303747534,0.6666666666666666,0.5191262768963268,0.5587797619047619,0.2576714801444043,0.2195899772209567,12.825309431760273,11.105298276720852,6,5,0,0,-1.6197574672147963,-0.8592670553152916,-1.7848040630869133,-0.5192734737678973,0.333596837944664,0.6417668074050016,0.6006186874150874,0.5885955468363082,14.025213675213672,18.371216217498127,False,5,0.6,0.8,1.0,True,5,0.6,0.4,0.3333333333333333,0022400495,2025-01-06,0,-14,5.24,1.18
0022400498,93.99127223900638,92.06553189476423,95.23670524590004,94.29276484362066,-1.2454330068936663,-2.2272329488564244,125.33597560975608,123.74536585365853,0.5849950584268356,0.5753001512456831,0.6725938470222975,0.6853473438412142,0.553479125248509,0.5440097799511002,0.2194148936170212,0.2502094387042725,11.705124275727192,11.21500484866642,5,4,0,0,-0.2898435728853433,-0.4273321576084793,0.0366004286118135,-0.1580354406889653,0.4822648877318581,0.4749095177540839,0.5735092430338794,0.5856933596533488,17.823781315562137,20.82816188480829,False,80,0.7,0.8,1.0,False,80,0.3,0.4,0.6666666666666666,0022400498,2025-01-06,1,4,2.23,1.69
0022400504,93.66530553246848,95.84732123823672,91.87294474758792,95.18013275423542,1.7923607848805694,0.6671884840013083,123.54017857142856,118.17673076923076,0.5871352150654547,0.5920930943247525,0.5966244725738397,0.6469767441860466,0.5533872598584428,0.5556805399325084,0.2480839048003227,0.2188073394495412,11.47689083221913,11.537478906266529,6,6,0,0,-0.2982972535972823,-0.7156498499204753,-0.6537505732013555,-0.4211646191993246,0.3744002257973469,0.5025447690857682,0.6007683239307188,0.6069481896057375,21.41157211651398,23.48684988179669,True,4,0.6,0.8,0.6666666666666666,False,5,0.8,0.8,0.6666666666666666,0022400504,2025-01-07,1,21,3.05,1.41
0022400505,87.59851592386045,91.17560318975912,94.61273447942112,88.38704591045665,-7.014218555560676,2.788557279302481,126.23709090909092,122.31107142857142,0.5518014748577401,0.5802436558788113,0.6242696629213483,0.6335570469798658,0.5166163141993958,0.5458196046128501,0.2772108843537414,0.2522159548751007,11.291883670553531,12.351410776386905,4,3,0,0,-1.108868127955344,-0.5265952903002631,-0.7457100747749248,-1.5168940903223134,0.5172234723905141,0.6290675844806007,0.5565164654031994,0.5881674552063767,20.810237581284,20.26328563411897,True,4,0.1,0.2,0.3333333333333333,True,4,0.6,0.6,0.3333333333333333,0022400505,2025-01-07,0,-7,2.46,1.58
0022400508,87.72892389558605,91.77291012497004,87.48665753655015,92.49801384632843,0.2422663590358939,-0.725103721358403,127.5830909090909,119.69660377358493,0.5548945375878853,0.569435533090249,0.7037533512064343,0.6638013371537727,0.5271771473913905,0.5342436064152579,0.2770750988142292,0.2209850107066381,10.916237118911456,11.428265173583526,4,2,0,0,0.2468311231895129,-0.6932497978151779,-0.3919269093429596,-0.5280346786179425,0.3513989434552925,0.4429917908178777,0.5725250266978864,0.576894647955449,17.225230566534915,19.30631808278867,True,4,0.6,0.6,0.6666666666666666,True,4,0.4,0.2,0.0,0022400508,2025-01-07,0,-16,1.26,4.04
0022400515,96.9935482747512,90.57858735497526,92.46602178436784,88.17505007369336,4.52752649038336,2.4035372812818867,125.29418181818184,122.50462962962963,0.6067185639178552,0.5776646614221811,0.682936507936508,0.604355716878403,0.5753133845531743,0.5418092386655261,0.2439411998410806,0.2406864796986186,11.27528231739702,13.000264540266809,6,5,0,0,-0.169417766258908,-0.613409826296257,-0.2666669290408974,-0.2558178358396731,0.6958408138839018,0.6544231764097258,0.6310467436505082,0.5848512391106784,23.24582461189604,20.30798558739735,False,5,0.8,1.0,1.0,True,4,0.6,0.6,1.0,0022400515,2025-01-08,1,23,2.5,1.56
0022400512,91.53943793045056,85.89577334769325,94.73990028850773,96.51918441508964,-3.2004623580571643,-10.623411067396384,119.19574074074072,126.38055555555556,0.5676475575354925,0.5447995895880267,0.586679263108172,0.6319218241042345,0.5294877313818338,0.5109362224039248,0.2521367521367521,0.2455919395465995,11.310371828473862,12.64552241539735,4,6,0,0,-1.3139152816255892,-1.3657806447590064,-0.3093380544465328,-0.9660125409063768,0.5111581690829126,0.5117798455751337,0.5737731246842918,0.5235055583290739,19.41320586205497,15.115530467506153,True,5,0.3,0.0,0.0,False,5,0.3,0.2,0.0,0022400512,2025-01-08,1,6,1.21,4.61
0022400516,98.07230761903382,92.06553189476423,95.97046234383704,94.29276484362066,2.1018452751967764,-2.2272329488564244,117.78268292682928,123.74536585365853,0.5982970767326107,0.5753001512456831,0.6066763425253991,0.6853473438412142,0.5684128777181587,0.5440097799511002,0.1895388076490438,0.2502094387042725,11.358247620152037,11.21500484866642,3,5,0,0,-0.5622394441034669,-0.4273321576084793,-0.5702674867217951,-0.1580354406889653,0.5394356366537043,0.4749095177540839,0.6072295195033269,0.5856933596533488,22.78294518785384,20.82816188480829,False,80,0.8,1.0,1.0,False,80,0.3,0.4,0.6666666666666666,0022400516,2025-01-08,1,16,1.53,2.58
0022400514,87.59851592386045,86.11048982330574,94.61273447942112,90.54074978924008,-7.014218555560676,-4.430259965934312,126.23709090909092,126.8138181818182,0.5518014748577401,0.5552309672075376,0.6242696629213483,0.5834470213733515,0.5166163141993958,0.5199754148740012,0.2772108843537414,0.286905754795663,11.291883670553531,12.58824676404636,5,3,0,0,-1.108868127955344,-0.9703714611640124,-0.7457100747749248,-0.7944956321992944,0.5172234723905141,0.5668546781685467,0.5565164654031994,0.562628338095122,20.810237581284,16.738075371992768,True,4,0.1,0.2,0.3333333333333333,False,5,0.6,0.4,0.0,0022400514,2025-01-08,0,-19,1.79,2.06
0022400509,99.7006722458912,95.0358232629414,90.9571114044025,84.6107085941479,8.743560841488723,10.42511466879351,123.0535185185185,123.98833333333332,0.6159902706080126,0.5826496227382609,0.6482701812191104,0.5955293125263602,0.5874154539864727,0.5498598317981578,0.2342007434944238,0.2456359102244389,10.624705600845164,9.633522867294865,3,6,0,0,-0.0372151644609822,-0.3323023520936704,-0.1052067696000556,-0.4466048846124227,0.6190405685519692,0.629303568621286,0.6277507626941433,0.5785387873998153,21.36554172951232,21.440703744810293,False,5,0.8,0.8,1.0,True,4,0.8,0.8,0.6666666666666666,0022400509,2025-01-08,1,7,1.68,2.25
0022400511,96.77033728132098,87.8825804325771,91.91290518322808,92.60838273506891,4.85743209809289,-4.725802302491813,122.37833333333334,125.80836363636364,0.6013820031145851,0.5600396383917717,0.626207475850483,0.6878814298169137,0.567561940453883,0.5300813008130081,0.2536606373815676,0.2648401826484018,10.71358855280301,12.342003566752318,3,4,0,0,-0.6806131283464424,-0.9923258901003822,-0.3251719550641344,-1.0948310149591711,0.7996884735202492,0.4701706946087544,0.6130867097812611,0.5828791542152769,22.85053504280818,18.94246031746032,True,5,0.8,0.8,0.6666666666666666,True,5,0.4,0.2,0.3333333333333333,0022400511,2025-01-08,1,14,1.14,6.19
0022400513,87.31372123350839,90.30056817360378,92.28680040092564,89.92467723980396,-4.973079167417247,0.3758909337998236,120.27722222222222,125.7618181818182,0.556416797488226,0.5739458362738179,0.6572978303747534,0.6155172413793103,0.5191262768963268,0.5418943533697632,0.2576714801444043,0.2529104777197912,12.825309431760273,12.245370035709636,6,4,0,0,-1.6197574672147963,-0.3246973309654458,-1.7848040630869133,-1.7273669396831564,0.333596837944664,0.4802547770700637,0.6006186874150874,0.5920680627532027,14.025213675213672,18.473218982275583,False,5,0.6,0.8,1.0,True,5,0.6,0.8,1.0,0022400513,2025-01-08,0,-15,4.17,1.24
0022400517,99.7006722458912,87.8825804325771,90.9571114044025,92.60838273506891,8.743560841488723,-4.725802302491813,123.0535185185185,125.80836363636364,0.6159902706080126,0.5600396383917717,0.6482701812191104,0.6878814298169137,0.5874154539864727,0.5300813008130081,0.2342007434944238,0.2648401826484018,10.624705600845164,12.342003566752318,2,6,0,0,-0.0372151644609822,-0.9923258901003822,-0.1052067696000556,-1.0948310149591711,0.6190405685519692,0.4701706946087544,0.6277507626941433,0.5828791542152769,21.36554172951232,18.94246031746032,False,5,0.8,0.8,1.0,True,5,0.4,0.2,0.3333333333333333,0022400517,2025-01-09,1,6,1.1,7.55
0022400521,93.66530553246848,86.11048982330574,91.87294474758792,90.54074978924008,1.7923607848805694,-4.430259965934312,123.54017857142856,126.8138181818182,0.5871352150654547,0.5552309672075376,0.5966244725738397,0.5834470213733515,0.5533872598584428,0.5199754148740012,0.2480839048003227,0.286905754795663,11.47689083221913,12.58824676404636,6,3,0,0,-0.2982972535972823,-0.9703714611640124,-0.6537505732013555,-0.7944956321992944,0.3744002257973469,0.5668546781685467,0.6007683239307188,0.562628338095122,21.41157211651398,16.738075371992768,True,4,0.6,0.8,0.6666666666666666,False,5,0.6,0.4,0.0,0022400521,2025-01-09,1,6,1.33,3.45
0022400531,96.9935482747512,87.31372123350839,92.46602178436784,92.28680040092564,4.52752649038336,-4.973079167417247,125.29418181818184,120.27722222222222,0.6067185639178552,0.556416797488226,0.682936507936508,0.6572978303747534,0.5753133845531743,0.5191262768963268,0.2439411998410806,0.2576714801444043,11.27528231739702,12.825309431760273,5,6,0,0,-0.169417766258908,-1.6197574672147963,-0.2666669290408974,-1.7848040630869133,0.6958408138839018,0.333596837944664,0.6310467436505082,0.6006186874150874,23.24582461189604,14.025213675213672,False,5,0.8,1.0,1.0,False,5,0.6,0.8,1.0,0022400531,2025-01-10,1,19,1.09,8.22
0022400528,96.04826995418824,93.11070649904904,88.61410108383924,92.5018555457624,7.434168870348989,0.6088509532866354,122.0409090909091,125.42254545454546,0.5891372844307656,0.5774998921065124,0.6200873362445415,0.6204869857262805,0.5581675708257987,0.541683247115002,0.2396294804671768,0.2471728594507269,9.6688889716563,10.596905877441202,4,3,0,0,-1.2471603686167994,-0.584195887854638,0.2243135565756234,-0.3271313908828107,0.672184405940594,0.5394795539033457,0.5838707955239911,0.5832250121206326,22.029542920847263,21.98376068376068,False,5,0.8,0.8,1.0,True,4,0.5,0.6,0.6666666666666666,0022400528,2025-01-10,0,-17,1.15,5.77
0022400529,96.77033728132098,95.0358232629414,91.91290518322808,84.6107085941479,4.85743209809289,10.42511466879351,122.37833333333334,123.98833333333332,0.6013820031145851,0.5826496227382609,0.626207475850483,0.5955293125263602,0.567561940453883,0.5498598317981578,0.2536606373815676,0.2456359102244389,10.71358855280301,9.633522867294865,3,6,0,0,-0.6806131283464424,-0.3323023520936704,-0.3251719550641344,-0.4466048846124227,0.7996884735202492,0.629303568621286,0.6130867097812611,0.5785387873998153,22.85053504280818,21.440703744810293,True,5,0.8,0.8,0.6666666666666666,True,4,0.8,0.8,0.6666666666666666,0022400529,2025-01-10,0,-25,2.24,1.68
0022400530,93.03112313937754,85.89577334769325,96.79319677103264,96.51918441508964,-3.762073631655079,-10.623411067396384,124.68945454545457,126.38055555555556,0.5801856594110115,0.5447995895880267,0.6773641420624733,0.6319218241042345,0.5503175863437872,0.5109362224039248,0.2156074014481094,0.2455919395465995,12.07363165507909,12.64552241539735,5,4,0,0,-0.3077501444124602,-1.3657806447590064,-0.1721100443568269,-0.9660125409063768,0.4946960767806028,0.5117798455751337,0.5585247094382326,0.5235055583290739,16.497503631082065,15.115530467506153,True,5,0.3,0.2,0.0,False,5,0.3,0.2,0.0,0022400530,2025-01-10,1,33,1.2,4.88
0022400535,91.17560318975912,92.12489240332906,88.38704591045665,86.52017835445595,2.788557279302481,5.604714048873107,122.31107142857142,133.81592592592594,0.5802436558788113,0.5929688168058604,0.6335570469798658,0.6429447852760736,0.5458196046128501,0.5609610802223988,0.2522159548751007,0.2779713511420828,12.351410776386905,12.41340370824488,4,5,0,0,-0.5265952903002631,-1.4810351968653033,-1.5168940903223134,-0.7989705980447069,0.6290675844806007,0.4456641053787047,0.5881674552063767,0.5899892528978318,20.26328563411897,18.303478157644825,True,4,0.6,0.6,0.3333333333333333,True,5,0.7,0.6,0.3333333333333333,0022400535,2025-01-11,0,-2,1.79,2.07
0022400533,95.41409843588306,88.25074621652577,96.91250403867134,93.81007752502065,-1.498405602788283,-5.559331308494862,118.64462962962963,127.24685185185184,0.592188880450114,0.5755592340050723,0.674408014571949,0.6374133949191686,0.5557592752372735,0.5380216055920356,0.2192676547515257,0.2682132682132682,11.784335730262017,13.796455707992486,4,6,0,0,-1.6300629043207049,-0.925886261810175,-0.4381798155084285,-0.6005638342075753,0.5540706605222734,0.5855373284231671,0.6041148412317148,0.6125803148403546,23.619827144217385,18.113539959510263,True,5,0.3,0.2,0.0,True,4,0.3,0.2,0.3333333333333333,0022400533,2025-01-11,1,8,1.18,5.23
0022400542,96.04826995418824,87.59851592386045,88.61410108383924,94.61273447942112,7.434168870348989,-7.014218555560676,122.0409090909091,126.23709090909092,0.5891372844307656,0.5518014748577401,0.6200873362445415,0.6242696629213483,0.5581675708257987,0.5166163141993958,0.2396294804671768,0.2772108843537414,9.6688889716563,11.291883670553531,4,4,0,0,-1.2471603686167994,-1.108868127955344,0.2243135565756234,-0.7457100747749248,0.672184405940594,0.5172234723905141,0.5838707955239911,0.5565164654031994,22.029542920847263,20.810237581284,False,5,0.8,0.8,1.0,True,4,0.1,0.2,0.3333333333333333,0022400542,2025-01-12,1,1,1.08,8.29
0022400544,85.40040236728039,91.53943793045056,86.58814834800664,94.73990028850773,-1.1877459807262554,-3.2004623580571643,121.7792857142857,119.19574074074072,0.5420861380830404,0.5676475575354925,0.6134533396494553,0.586679263108172,0.5036412817311694,0.5294877313818338,0.2710120068610634,0.2521367521367521,12.068085705403805,11.310371828473862,6,4,0,0,-0.8754866578594961,-1.3139152816255892,-0.4269999358817164,-0.3093380544465328,0.4031718061674009,0.5111581690829126,0.5677851683888917,0.5737731246842918,19.81688199827735,19.41320586205497,False,5,0.4,0.6,0.6666666666666666,True,5,0.3,0.0,0.0,0022400544,2025-01-12,1,5,1.83,2.04
0022400543,99.7006722458912,96.31379281178634,90.9571114044025,95.96919963535775,8.743560841488723,0.3445931764285736,123.0535185185185,120.45924528301887,0.6159902706080126,0.5906638796886167,0.6482701812191104,0.6666666666666666,0.5874154539864727,0.5587797619047619,0.2342007434944238,0.2195899772209567,10.624705600845164,11.105298276720852,4,5,0,0,-0.0372151644609822,-0.8592670553152916,-0.1052067696000556,-0.5192734737678973,0.6190405685519692,0.6417668074050016,0.6277507626941433,0.5885955468363082,21.36554172951232,18.371216217498127,False,5,0.8,0.8,1.0,True,5,0.6,0.4,0.3333333333333333,0022400543,2025-01-12,0,-15,1.25,4.17
0022400541,93.03112313937754,93.11070649904904,96.79319677103264,92.5018555457624,-3.762073631655079,0.6088509532866354,124.68945454545457,125.42254545454546,0.5801856594110115,0.5774998921065124,0.6773641420624733,0.6204869857262805,0.5503175863437872,0.541683247115002,0.2156074014481094,0.2471728594507269,12.07363165507909,10.596905877441202,6,2,0,0,-0.3077501444124602,-0.584195887854638,-0.1721100443568269,-0.3271313908828107,0.4946960767806028,0.5394795539033457,0.5585247094382326,0.5832250121206326,16.497503631082065,21.98376068376068,True,5,0.3,0.2,0.0,True,4,0.5,0.6,0.6666666666666666,0022400541,2025-01-12,0,-5,2.67,1.5
0022400547,95.41409843588306,84.07389372451154,96.91250403867134,88.44117109988436,-1.498405602788283,-4.367277375372817,118.64462962962963,126.37692307692306,0.592188880450114,0.5401162154130105,0.674408014571949,0.6216216216216216,0.5557592752372735,0.5055913978494624,0.2192676547515257,0.2780117944397641,11.784335730262017,12.06707651104754,4,4,0,0,-1.6300629043207049,-1.5818099720143466,-0.4381798155084285,-0.4225362191576544,0.5540706605222734,0.5649237893112097,0.6041148412317148,0.5656445055390441,23.619827144217385,22.632228719948017,True,5,0.3,0.2,0.0,False,5,0.1,0.2,0.0,0022400547,2025-01-12,1,7,1.35,3.28
0022400540,93.66530553246848,96.9935482747512,91.87294474758792,92.46602178436784,1.7923607848805694,4.52752649038336,123.54017857142856,125.29418181818184,0.5871352150654547,0.6067185639178552,0.5966244725738397,0.682936507936508,0.5533872598584428,0.5753133845531743,0.2480839048003227,0.2439411998410806,11.47689083221913,11.27528231739702,5,4,0,0,-0.2982972535972823,-0.169417766258908,-0.6537505732013555,-0.2666669290408974,0.3744002257973469,0.6958408138839018,0.6007683239307188,0.6310467436505082,21.41157211651398,23.24582461189604,True,4,0.6,0.8,0.6666666666666666,False,5,0.8,1.0,1.0,0022400540,2025-01-12,0,-11,2.96,1.42
0022400549,96.77033728132098,90.30056817360378,91.91290518322808,89.92467723980396,4.85743209809289,0.3758909337998236,122.37833333333334,125.7618181818182,0.6013820031145851,0.5739458362738179,0.626207475850483,0.6155172413793103,0.567561940453883,0.5418943533697632,0.2536606373815676,0.2529104777197912,10.71358855280301,12.245370035709636,4,5,0,0,-0.6806131283464424,-0.3246973309654458,-0.3251719550641344,-1.7273669396831564,0.7996884735202492,0.4802547770700637,0.6130867097812611,0.5920680627532027,22.85053504280818,18.473218982275583,True,5,0.8,0.8,0.6666666666666666,True,5,0.6,0.8,1.0,0022400549,2025-01-13,0,-5,1.31,3.64
0022400532,89.65428636863831,85.32235335564559,91.51161036973316,82.22597762902942,-1.8573240010948435,3.09637572661617,130.19709090909092,132.11927272727274,0.5696216009028768,0.5445857634741058,0.692176143651133,0.5448185395714911,0.5340526628390417,0.5107275209674274,0.2635408245755861,0.306060606060606,12.303025901989152,10.472630790910692,6,2,0,0,-0.511597708275781,-1.4256459934397558,-0.2043937451293006,-0.366104600633451,0.5539108756622001,0.6168933881683012,0.5528122151639566,0.5430693046327304,18.818387799564277,17.89965034965035,False,5,0.4,0.6,0.6666666666666666,True,4,0.3,0.4,0.6666666666666666,0022400532,2025-01-28,0,-4,2.57,1.53
0022400524,95.28646891507516,84.05564073389067,94.56756165411184,88.41950500892541,0.7189072609633357,-4.363864275034742,118.4925925925926,126.45944444444446,0.590547367768531,0.5395142491916685,0.6469002695417789,0.6219864995178399,0.5540394195364956,0.5048553719008264,0.2194907813871817,0.2769667477696674,11.736942456162284,12.037236355968316,3,7,0,0,-0.7558749886219989,-1.573589321298306,-0.4313109680403758,-0.4008772333843459,0.5070754716981132,0.56557984438681,0.6047159789219112,0.5675040618430285,23.440952380952385,22.84518881626725,False,1,0.7,0.6,0.3333333333333333,False,1,0.2,0.4,0.3333333333333333,0022400524,2025-02-19,0,-3,1.12,6.5
0022400538,91.583063117959,83.35127415098756,89.11666775478227,89.39821203575929,2.466395363176717,-6.046937884771716,121.635,126.86820895522388,0.5803779390492069,0.5357877478916355,0.6080257972053028,0.6319875776397516,0.5452380952380952,0.501244400199104,0.2402422611036339,0.2791994750656168,12.573780282861696,12.129169181322256,5,7,0,0,-0.6649800432896592,-1.4070488350202606,-0.1736366031650057,-0.730351754417298,0.6317645463176454,0.544089219330855,0.5886995593304677,0.5554916196521074,20.70998693977417,22.498337674438304,False,2,0.6,0.8,0.6666666666666666,False,2,0.3,0.6,0.6666666666666666,0022400538,2025-03-16,1,35,1.12,6.4
0022400537,95.26405088399466,92.06553189476423,94.2394859142808,94.29276484362066,1.0245649697138597,-2.2272329488564244,119.02731707317074,123.74536585365853,0.5926913721270596,0.5753001512456831,0.6349821215733016,0.6853473438412142,0.5568716997288425,0.5440097799511002,0.2276516240298936,0.2502094387042725,11.731268903223691,11.21500484866642,4,7,0,0,-0.8178880993529556,-0.4273321576084793,-0.4523047678054831,-0.1580354406889653,0.4538681948424068,0.4749095177540839,0.6129474957239536,0.5856933596533488,24.264683626875406,20.82816188480829,False,81,0.6,0.6,0.6666666666666666,False,81,0.3,0.4,0.6666666666666666,0022400537,2025-03-17,1,16,1.25,4.17
