season,date,home_team,away_team,home_score,away_score,result,odds_1,odds_x,odds_2
current,,ETO FC,Ferencvárosi TC,,,,3.65,3.6,1.88
current,2026-08-30,Puskás Akadémia FC,Ferencvárosi TC,1.0,2.0,A,3.95,3.7,1.73
current,2026-08-30,Kisvárda FC,ETO FC,1.0,1.0,D,3.05,3.4,2.08
current,2026-08-29,Újpest FC,Vasas FC,3.0,1.0,H,2.18,3.45,2.84
current,2026-08-29,Budapest Honvéd FC,Zalaegerszegi TE FC,1.0,0.0,H,1.98,3.35,3.25
current,2026-08-29,Nyíregyháza Spartacus,Paksi FC,1.0,1.0,D,2.25,3.65,2.63
current,2026-08-28,Debreceni VSC,MTK Budapest,2.0,2.0,D,2.39,3.35,2.57
current,2026-08-23,Kisvárda FC,Debreceni VSC,0.0,0.0,D,3.05,3.45,2.15
current,2026-08-23,ETO FC,Zalaegerszegi TE FC,3.0,0.0,H,1.67,4.05,4.27
current,2026-08-22,MTK Budapest,Nyíregyháza Spartacus,2.0,1.0,H,2.23,3.55,2.84
current,2026-08-22,Vasas FC,Puskás Akadémia FC,0.0,1.0,A,2.18,3.5,2.95
current,2026-08-21,Paksi FC,Újpest FC,2.0,0.0,H,1.93,3.8,3.33
current,2026-08-17,Zalaegerszegi TE FC,Ferencvárosi TC,0.0,1.0,A,5.13,3.95,1.58
current,2026-08-16,Puskás Akadémia FC,Paksi FC,3.0,2.0,H,2.32,3.45,2.72
current,2026-08-16,Debreceni VSC,ETO FC,1.0,1.0,D,2.39,3.45,2.67
current,2026-08-15,Nyíregyháza Spartacus,Kisvárda FC,2.0,1.0,H,1.82,3.63,3.95
current,2026-08-15,Újpest FC,MTK Budapest,1.0,1.0,D,1.95,3.65,3.35
current,2026-08-14,Budapest Honvéd FC,Vasas FC,1.0,2.0,A,2.53,3.35,2.48
current,2026-08-09,Debreceni VSC,Nyíregyháza Spartacus,1.0,0.0,H,2.28,3.25,2.78
current,2026-08-09,Paksi FC,Budapest Honvéd FC,2.0,2.0,D,2.0,3.45,3.25
current,2026-08-08,Kisvárda FC,Újpest FC,2.0,4.0,A,2.75,3.3,2.3
current,2026-08-08,Vasas FC,Zalaegerszegi TE FC,5.0,0.0,H,2.25,3.45,2.75
current,2026-08-07,MTK Budapest,Puskás Akadémia FC,2.0,3.0,A,2.55,3.5,2.48
current,2026-08-03,Zalaegerszegi TE FC,Paksi FC,5.0,2.0,H,2.73,3.63,2.28
current,2026-08-02,Ferencvárosi TC,Vasas FC,0.0,0.0,D,1.52,4.17,5.38
current,2026-08-02,ETO FC,Nyíregyháza Spartacus,4.0,0.0,H,2.05,3.55,3.1
current,2026-08-02,Újpest FC,Debreceni VSC,4.0,2.0,H,1.9,3.4,3.83
current,2026-08-01,Budapest Honvéd FC,MTK Budapest,3.0,3.0,D,2.55,3.45,2.45
current,2026-07-31,Puskás Akadémia FC,Kisvárda FC,0.0,2.0,A,1.78,3.4,4.27
current,2026-07-27,MTK Budapest,Zalaegerszegi TE FC,3.0,0.0,H,2.05,3.53,3.2
current,2026-07-26,Paksi FC,Ferencvárosi TC,4.0,2.0,H,3.9,4.0,1.73
current,2026-07-26,Debreceni VSC,Puskás Akadémia FC,0.0,2.0,A,2.39,3.3,2.78
current,2026-07-26,Vasas FC,ETO FC,2.0,2.0,D,3.1,3.5,2.1
current,2026-07-25,Kisvárda FC,Budapest Honvéd FC,1.0,1.0,D,2.53,3.3,2.59
current,2026-07-24,Nyíregyháza Spartacus,Újpest FC,2.0,1.0,H,2.47,3.45,2.57
2025-2026,2026-05-16,Debreceni VSC,Újpest FC,2.0,1.0,H,1.66,3.88,4.5
2025-2026,2026-05-16,Diósgyőri VTK,Paksi FC,1.0,3.0,A,6.59,5.14,1.36
2025-2026,2026-05-16,Ferencvárosi TC,Zalaegerszegi TE FC,3.0,0.0,H,1.27,5.66,8.82
2025-2026,2026-05-16,Kisvárda FC,ETO FC,0.0,1.0,A,7.05,5.09,1.35
2025-2026,2026-05-15,Puskás Akadémia FC,MTK Budapest,2.0,2.0,D,1.91,3.58,3.61
2025-2026,2026-05-15,Nyíregyháza Spartacus,Kazincbarcikai SC,2.0,2.0,D,1.32,5.12,7.84
2025-2026,2026-05-03,Újpest FC,Ferencvárosi TC,0.0,5.0,A,5.59,4.34,1.48
2025-2026,2026-05-03,Paksi FC,Debreceni VSC,5.0,2.0,H,2.03,3.7,3.15
2025-2026,2026-05-02,ETO FC,Diósgyőri VTK,4.0,0.0,H,1.08,10.61,17.7
2025-2026,2026-05-02,Kazincbarcikai SC,Kisvárda FC,2.0,1.0,H,3.89,3.45,1.87
2025-2026,2026-05-02,MTK Budapest,Nyíregyháza Spartacus,1.0,1.0,D,2.3,3.43,2.81
2025-2026,2026-05-01,Zalaegerszegi TE FC,Puskás Akadémia FC,1.0,3.0,A,2.24,3.27,3.04
2025-2026,2026-04-26,Debreceni VSC,ETO FC,1.0,1.0,D,3.45,3.58,1.94
2025-2026,2026-04-26,Ferencvárosi TC,Paksi FC,2.0,0.0,H,1.36,4.95,6.92
2025-2026,2026-04-25,Nyíregyháza Spartacus,Zalaegerszegi TE FC,2.0,1.0,H,2.19,3.42,3.01
2025-2026,2026-04-25,Puskás Akadémia FC,Újpest FC,2.0,0.0,H,2.31,3.38,2.82
2025-2026,2026-04-25,Kisvárda FC,Diósgyőri VTK,1.0,2.0,A,1.54,3.95,5.42
2025-2026,2026-04-24,Kazincbarcikai SC,MTK Budapest,0.0,0.0,D,4.38,3.88,1.68
2025-2026,2026-04-19,ETO FC,Ferencvárosi TC,1.0,0.0,H,2.79,3.39,2.34
2025-2026,2026-04-19,Paksi FC,Puskás Akadémia FC,1.0,0.0,H,2.11,3.66,2.99
2025-2026,2026-04-18,Diósgyőri VTK,Debreceni VSC,0.0,5.0,A,3.1,3.45,2.13
2025-2026,2026-04-18,MTK Budapest,Kisvárda FC,2.0,1.0,H,1.93,3.44,3.65
2025-2026,2026-04-18,Zalaegerszegi TE FC,Kazincbarcikai SC,4.0,0.0,H,1.38,4.56,7.2
2025-2026,2026-04-17,Újpest FC,Nyíregyháza Spartacus,7.0,2.0,H,2.18,3.44,3.01
2025-2026,2026-04-14,Ferencvárosi TC,Puskás Akadémia FC,2.0,1.0,H,1.35,4.72,7.89
2025-2026,2026-04-13,Kisvárda FC,Debreceni VSC,0.0,0.0,D,2.77,3.25,2.43
2025-2026,2026-04-11,Nyíregyháza Spartacus,Paksi FC,2.0,0.0,H,2.4,3.53,2.6
2025-2026,2026-04-11,MTK Budapest,Zalaegerszegi TE FC,3.0,0.0,H,2.53,3.28,2.61
2025-2026,2026-04-11,Kazincbarcikai SC,Újpest FC,0.0,3.0,A,4.73,3.75,1.65
2025-2026,2026-04-10,Ferencvárosi TC,Diósgyőri VTK,3.0,1.0,H,1.15,7.29,13.86
2025-2026,2026-04-10,Puskás Akadémia FC,ETO FC,1.0,4.0,A,3.87,3.65,1.82
2025-2026,2026-04-05,ETO FC,Nyíregyháza Spartacus,1.0,0.0,H,1.51,4.17,5.52
2025-2026,2026-04-05,Debreceni VSC,Ferencvárosi TC,0.0,2.0,A,4.64,3.86,1.65
2025-2026,2026-04-05,Diósgyőri VTK,Puskás Akadémia FC,1.0,2.0,A,2.64,3.31,2.48
2025-2026,2026-04-04,Újpest FC,MTK Budapest,2.0,2.0,D,1.98,3.45,3.46
2025-2026,2026-04-04,Paksi FC,Kazincbarcikai SC,5.0,1.0,H,1.4,4.62,6.42
2025-2026,2026-04-04,Zalaegerszegi TE FC,Kisvárda FC,2.0,0.0,H,1.9,3.34,3.84
2025-2026,2026-03-22,Kisvárda FC,Ferencvárosi TC,1.0,1.0,D,5.41,3.85,1.57
2025-2026,2026-03-22,Kazincbarcikai SC,ETO FC,1.0,3.0,A,7.89,5.04,1.32
2025-2026,2026-03-22,Puskás Akadémia FC,Debreceni VSC,1.0,1.0,D,2.14,3.38,3.16
2025-2026,2026-03-21,Zalaegerszegi TE FC,Újpest FC,2.0,0.0,H,2.29,3.3,2.93
2025-2026,2026-03-21,Nyíregyháza Spartacus,Diósgyőri VTK,3.0,1.0,H,1.88,3.43,3.89
2025-2026,2026-03-20,MTK Budapest,Paksi FC,0.0,2.0,A,2.88,3.75,2.14
2025-2026,2026-03-14,Debreceni VSC,Nyíregyháza Spartacus,1.0,1.0,D,2.13,3.31,3.24
2025-2026,2026-03-14,Paksi FC,Zalaegerszegi TE FC,1.0,1.0,D,1.89,3.61,3.55
2025-2026,2026-03-14,Újpest FC,Kisvárda FC,2.0,1.0,H,1.93,3.42,3.71
2025-2026,2026-03-13,ETO FC,MTK Budapest,0.0,0.0,D,1.42,4.62,6.18
2025-2026,2026-03-13,Diósgyőri VTK,Kazincbarcikai SC,0.0,4.0,A,1.59,3.86,5.22
2025-2026,2026-03-08,Nyíregyháza Spartacus,Ferencvárosi TC,1.0,3.0,A,5.34,3.69,1.61
2025-2026,2026-03-08,Kazincbarcikai SC,Debreceni VSC,0.0,3.0,A,4.73,3.8,1.66
2025-2026,2026-03-08,MTK Budapest,Diósgyőri VTK,1.0,1.0,D,2.15,3.44,3.07
2025-2026,2026-03-07,Újpest FC,Paksi FC,0.0,0.0,D,2.28,3.44,2.89
2025-2026,2026-03-07,Zalaegerszegi TE FC,ETO FC,2.0,1.0,H,3.03,3.51,2.16
2025-2026,2026-03-06,Kisvárda FC,Puskás Akadémia FC,1.0,0.0,H,2.84,3.01,2.52
2025-2026,2026-03-01,Ferencvárosi TC,Kazincbarcikai SC,2.0,1.0,H,1.16,7.18,14.16
2025-2026,2026-03-01,Puskás Akadémia FC,Nyíregyháza Spartacus,1.0,2.0,A,2.22,3.05,3.27
2025-2026,2026-02-28,ETO FC,Újpest FC,2.0,1.0,H,1.54,4.32,5.01
2025-2026,2026-02-28,Diósgyőri VTK,Zalaegerszegi TE FC,1.0,1.0,D,2.29,3.37,2.87
2025-2026,2026-02-28,Kisvárda FC,Paksi FC,2.0,1.0,H,2.62,3.43,2.44
2025-2026,2026-02-27,Debreceni VSC,MTK Budapest,2.0,2.0,D,1.87,3.72,3.56
2025-2026,2026-02-23,MTK Budapest,Ferencvárosi TC,1.0,3.0,A,4.79,4.17,1.58
2025-2026,2026-02-22,Paksi FC,ETO FC,3.0,4.0,A,2.45,3.58,2.53
2025-2026,2026-02-22,Zalaegerszegi TE FC,Debreceni VSC,1.0,1.0,D,2.14,3.49,3.05
2025-2026,2026-02-21,Újpest FC,Diósgyőri VTK,2.0,1.0,H,1.86,3.63,3.75
2025-2026,2026-02-21,Kazincbarcikai SC,Puskás Akadémia FC,0.0,2.0,A,4.84,3.59,1.66
2025-2026,2026-02-21,Nyíregyháza Spartacus,Kisvárda FC,2.0,2.0,D,2.1,3.25,3.35
2025-2026,2026-02-15,ETO FC,Kisvárda FC,1.0,0.0,H,1.49,4.28,5.61
2025-2026,2026-02-15,Kazincbarcikai SC,Nyíregyháza Spartacus,0.0,4.0,A,3.76,3.27,1.97
2025-2026,2026-02-14,Paksi FC,Diósgyőri VTK,1.0,2.0,A,1.55,4.31,4.93
2025-2026,2026-02-14,Zalaegerszegi TE FC,Ferencvárosi TC,3.0,1.0,H,4.56,3.83,1.67
2025-2026,2026-02-14,MTK Budapest,Puskás Akadémia FC,2.0,2.0,D,2.94,3.45,2.22
2025-2026,2026-02-13,Újpest FC,Debreceni VSC,2.0,1.0,H,2.11,3.44,3.18
2025-2026,2026-02-08,Nyíregyháza Spartacus,MTK Budapest,4.0,2.0,H,1.98,3.55,3.4
2025-2026,2026-02-08,Puskás Akadémia FC,Zalaegerszegi TE FC,0.0,1.0,A,1.86,3.55,3.86
2025-2026,2026-02-07,Ferencvárosi TC,Újpest FC,3.0,0.0,H,1.46,4.31,5.87
2025-2026,2026-02-07,Debreceni VSC,Paksi FC,1.0,0.0,H,3.08,3.48,2.15
2025-2026,2026-02-07,Diósgyőri VTK,ETO FC,1.0,1.0,D,4.69,4.18,1.6
2025-2026,2026-02-06,Kisvárda FC,Kazincbarcikai SC,1.0,0.0,H,1.66,3.74,4.81
2025-2026,2026-02-01,Zalaegerszegi TE FC,Nyíregyháza Spartacus,0.0,1.0,A,1.99,3.34,3.62
2025-2026,2026-02-01,Paksi FC,Ferencvárosi TC,0.0,1.0,A,2.68,3.64,2.32
2025-2026,2026-02-01,Diósgyőri VTK,Kisvárda FC,1.0,1.0,D,2.43,3.22,2.82
2025-2026,2026-01-31,Újpest FC,Puskás Akadémia FC,0.0,1.0,A,2.33,3.29,2.9
2025-2026,2026-01-31,ETO FC,Debreceni VSC,2.0,2.0,D,1.42,4.48,6.51
2025-2026,2026-01-31,MTK Budapest,Kazincbarcikai SC,1.0,3.0,A,1.59,4.15,4.78
2025-2026,2026-01-25,Ferencvárosi TC,ETO FC,1.0,3.0,A,1.89,3.62,3.64
2025-2026,2026-01-25,Kazincbarcikai SC,Zalaegerszegi TE FC,0.0,1.0,A,3.69,3.51,1.91
2025-2026,2026-01-25,Debreceni VSC,Diósgyőri VTK,3.0,2.0,H,1.75,3.74,4.14
2025-2026,2026-01-24,Puskás Akadémia FC,Paksi FC,1.0,2.0,A,2.35,3.58,2.66
2025-2026,2026-01-24,Kisvárda FC,MTK Budapest,2.0,3.0,A,1.99,3.49,3.46
2025-2026,2026-01-24,Nyíregyháza Spartacus,Újpest FC,1.0,1.0,D,2.69,3.14,2.57
2025-2026,2025-12-21,Debreceni VSC,Kisvárda FC,0.0,1.0,A,1.94,3.46,3.63
2025-2026,2025-12-21,Újpest FC,Kazincbarcikai SC,2.0,1.0,H,1.42,4.59,6.25
2025-2026,2025-12-20,ETO FC,Puskás Akadémia FC,2.0,0.0,H,1.8,3.78,3.89
2025-2026,2025-12-20,Paksi FC,Nyíregyháza Spartacus,2.0,1.0,H,1.66,3.83,4.64
2025-2026,2025-12-20,Zalaegerszegi TE FC,MTK Budapest,1.0,1.0,D,2.07,3.64,3.13
2025-2026,2025-12-19,Diósgyőri VTK,Ferencvárosi TC,0.0,1.0,A,6.46,4.68,1.41
2025-2026,2025-12-14,Kisvárda FC,Zalaegerszegi TE FC,3.0,3.0,D,2.42,3.31,2.76
2025-2026,2025-12-14,Ferencvárosi TC,Debreceni VSC,0.0,1.0,A,1.42,4.66,6.21
2025-2026,2025-12-14,Kazincbarcikai SC,Paksi FC,0.0,2.0,A,4.37,3.94,1.68
2025-2026,2025-12-13,MTK Budapest,Újpest FC,3.0,4.0,A,2.43,3.5,2.62
2025-2026,2025-12-13,Puskás Akadémia FC,Diósgyőri VTK,2.0,1.0,H,1.63,3.92,4.74
2025-2026,2025-12-13,Nyíregyháza Spartacus,ETO FC,0.0,1.0,A,4.0,3.44,1.86
2025-2026,2025-12-07,Újpest FC,Zalaegerszegi TE FC,0.0,2.0,A,1.92,3.6,3.59
2025-2026,2025-12-07,Ferencvárosi TC,Kisvárda FC,3.0,0.0,H,1.33,4.92,8.09
2025-2026,2025-12-07,ETO FC,Kazincbarcikai SC,3.0,1.0,H,1.18,6.54,12.95
2025-2026,2025-12-06,Paksi FC,MTK Budapest,3.0,1.0,H,1.71,4.01,4.06
2025-2026,2025-12-06,Debreceni VSC,Puskás Akadémia FC,0.0,1.0,A,2.88,3.3,2.35
2025-2026,2025-12-06,Diósgyőri VTK,Nyíregyháza Spartacus,2.0,0.0,H,2.38,3.17,2.93
2025-2026,2025-12-04,Kisvárda FC,Ferencvárosi TC,0.0,1.0,A,5.44,3.99,1.55
2025-2026,2025-11-30,Puskás Akadémia FC,Ferencvárosi TC,1.0,2.0,A,3.38,3.38,2.05
2025-2026,2025-11-30,Kisvárda FC,Újpest FC,3.0,0.0,H,2.65,3.29,2.49
2025-2026,2025-11-29,ETO FC,MTK Budapest,3.0,0.0,H,1.45,4.5,5.77
2025-2026,2025-11-29,Kazincbarcikai SC,Diósgyőri VTK,1.0,1.0,D,3.13,3.47,2.11
2025-2026,2025-11-29,Zalaegerszegi TE FC,Paksi FC,1.0,0.0,H,2.81,3.64,2.22
2025-2026,2025-11-28,Nyíregyháza Spartacus,Debreceni VSC,0.0,3.0,A,2.21,3.37,3.02
2025-2026,2025-11-23,Diósgyőri VTK,MTK Budapest,4.0,0.0,H,2.56,3.73,2.38
2025-2026,2025-11-23,Paksi FC,Újpest FC,1.0,3.0,A,1.84,3.86,3.61
2025-2026,2025-11-22,Ferencvárosi TC,Nyíregyháza Spartacus,1.0,3.0,A,1.21,5.87,11.19
2025-2026,2025-11-22,Debreceni VSC,Kazincbarcikai SC,2.0,1.0,H,1.65,3.88,4.62
2025-2026,2025-11-22,Puskás Akadémia FC,Kisvárda FC,2.0,0.0,H,1.9,3.47,3.76
2025-2026,2025-11-21,ETO FC,Zalaegerszegi TE FC,0.0,1.0,A,1.45,4.53,5.96
2025-2026,2025-11-09,Nyíregyháza Spartacus,Puskás Akadémia FC,1.0,1.0,D,3.07,3.27,2.24
2025-2026,2025-11-09,Kazincbarcikai SC,Ferencvárosi TC,1.0,3.0,A,7.7,5.04,1.34
2025-2026,2025-11-09,MTK Budapest,Debreceni VSC,3.0,0.0,H,2.07,3.71,3.06
2025-2026,2025-11-08,Paksi FC,Kisvárda FC,5.0,3.0,H,1.82,3.77,3.83
2025-2026,2025-11-08,Zalaegerszegi TE FC,Diósgyőri VTK,2.0,0.0,H,1.97,3.56,3.45
2025-2026,2025-11-08,Újpest FC,ETO FC,0.0,3.0,A,2.87,3.73,2.18
2025-2026,2025-11-02,Debreceni VSC,Zalaegerszegi TE FC,2.0,1.0,H,1.98,3.53,3.42
2025-2026,2025-11-02,Diósgyőri VTK,Újpest FC,1.0,3.0,A,2.83,3.58,2.22
2025-2026,2025-11-01,Ferencvárosi TC,MTK Budapest,4.0,1.0,H,1.4,4.84,6.21
2025-2026,2025-11-01,ETO FC,Paksi FC,0.0,0.0,D,1.86,3.91,3.5
2025-2026,2025-11-01,Kazincbarcikai SC,Puskás Akadémia FC,1.0,3.0,A,4.04,3.7,1.77
2025-2026,2025-10-31,Kisvárda FC,Nyíregyháza Spartacus,0.0,0.0,D,2.13,3.24,3.3
2025-2026,2025-10-26,Ferencvárosi TC,Zalaegerszegi TE FC,1.0,2.0,A,1.31,5.25,7.71
2025-2026,2025-10-26,Debreceni VSC,Újpest FC,5.0,2.0,H,2.53,3.49,2.51
2025-2026,2025-10-26,Kisvárda FC,ETO FC,3.0,2.0,H,3.62,3.56,1.91
2025-2026,2025-10-25,Nyíregyháza Spartacus,Kazincbarcikai SC,0.0,1.0,A,1.66,3.61,5.06
2025-2026,2025-10-25,Diósgyőri VTK,Paksi FC,2.0,1.0,H,3.98,4.05,1.72
2025-2026,2025-10-25,Puskás Akadémia FC,MTK Budapest,1.0,1.0,D,1.74,3.99,3.98
2025-2026,2025-10-19,Újpest FC,Ferencvárosi TC,1.0,1.0,D,3.98,3.8,1.78
2025-2026,2025-10-19,Zalaegerszegi TE FC,Puskás Akadémia FC,0.0,1.0,A,3.39,3.65,1.96
2025-2026,2025-10-19,Kazincbarcikai SC,Kisvárda FC,0.0,1.0,A,3.08,3.39,2.18
2025-2026,2025-10-18,ETO FC,Diósgyőri VTK,3.0,1.0,H,1.5,4.47,5.33
2025-2026,2025-10-18,Paksi FC,Debreceni VSC,1.0,1.0,D,1.63,4.25,4.38
2025-2026,2025-10-18,MTK Budapest,Nyíregyháza Spartacus,5.0,1.0,H,1.9,3.66,3.6
2025-2026,2025-10-05,Kisvárda FC,Diósgyőri VTK,1.0,0.0,H,2.05,3.57,3.25
2025-2026,2025-10-05,Ferencvárosi TC,Paksi FC,2.0,2.0,D,1.54,4.46,4.86
2025-2026,2025-10-04,Puskás Akadémia FC,Újpest FC,0.0,0.0,D,1.97,3.66,3.36
2025-2026,2025-10-04,Nyíregyháza Spartacus,Zalaegerszegi TE FC,3.0,1.0,H,2.27,3.34,2.96
2025-2026,2025-10-03,Kazincbarcikai SC,MTK Budapest,3.0,1.0,H,3.82,3.62,1.85
2025-2026,2025-09-28,ETO FC,Ferencvárosi TC,0.0,2.0,A,3.32,3.66,1.99
2025-2026,2025-09-28,MTK Budapest,Kisvárda FC,4.0,0.0,H,2.03,3.69,3.18
2025-2026,2025-09-27,Paksi FC,Puskás Akadémia FC,3.0,2.0,H,2.03,3.84,3.09
2025-2026,2025-09-27,Diósgyőri VTK,Debreceni VSC,0.0,0.0,D,2.6,3.59,2.39
2025-2026,2025-09-27,Zalaegerszegi TE FC,Kazincbarcikai SC,5.0,0.0,H,1.87,3.66,3.69
2025-2026,2025-09-26,Újpest FC,Nyíregyháza Spartacus,2.0,2.0,D,1.67,3.85,4.62
2025-2026,2025-09-21,MTK Budapest,Zalaegerszegi TE FC,1.0,0.0,H,2.01,3.7,3.25
2025-2026,2025-09-21,Kisvárda FC,Debreceni VSC,0.0,1.0,A,2.44,3.49,2.62
2025-2026,2025-09-20,Puskás Akadémia FC,ETO FC,0.0,2.0,A,2.15,3.85,2.84
2025-2026,2025-09-20,Kazincbarcikai SC,Újpest FC,2.0,0.0,H,4.01,3.73,1.79
2025-2026,2025-09-20,Nyíregyháza Spartacus,Paksi FC,1.0,1.0,D,3.38,3.81,1.92
2025-2026,2025-09-19,Ferencvárosi TC,Diósgyőri VTK,2.0,2.0,D,1.19,6.66,11.06
2025-2026,2025-08-31,Debreceni VSC,Ferencvárosi TC,0.0,3.0,A,4.2,3.85,1.73
2025-2026,2025-08-30,Újpest FC,MTK Budapest,1.0,2.0,A,1.76,3.81,4.09
2025-2026,2025-08-30,Diósgyőri VTK,Puskás Akadémia FC,1.0,1.0,D,3.34,3.73,1.96
2025-2026,2025-08-30,Zalaegerszegi TE FC,Kisvárda FC,1.0,2.0,A,2.09,3.51,3.23
2025-2026,2025-08-29,Paksi FC,Kazincbarcikai SC,3.0,0.0,H,1.42,4.81,6.27
2025-2026,2025-08-24,MTK Budapest,Paksi FC,2.0,3.0,A,2.56,3.88,2.35
2025-2026,2025-08-23,Nyíregyháza Spartacus,Diósgyőri VTK,1.0,4.0,A,1.97,3.5,3.52
2025-2026,2025-08-23,Zalaegerszegi TE FC,Újpest FC,1.0,4.0,A,2.29,3.49,2.82
2025-2026,2025-08-22,Puskás Akadémia FC,Debreceni VSC,1.0,3.0,A,1.61,4.1,4.74
2025-2026,2025-08-17,Paksi FC,Zalaegerszegi TE FC,2.0,2.0,D,1.87,3.85,3.57
2025-2026,2025-08-17,MTK Budapest,ETO FC,2.0,7.0,A,1.95,3.79,3.3
2025-2026,2025-08-17,Debreceni VSC,Nyíregyháza Spartacus,1.0,2.0,A,1.82,3.7,3.89
2025-2026,2025-08-16,Ferencvárosi TC,Puskás Akadémia FC,1.0,2.0,A,1.69,3.82,4.47
2025-2026,2025-08-16,Diósgyőri VTK,Kazincbarcikai SC,2.0,2.0,D,2.01,3.57,3.36
2025-2026,2025-08-15,Újpest FC,Kisvárda FC,0.0,1.0,A,1.77,3.8,4.12
2025-2026,2025-08-10,Újpest FC,Paksi FC,1.0,2.0,A,1.8,3.96,3.77
2025-2026,2025-08-10,Zalaegerszegi TE FC,ETO FC,1.0,1.0,D,1.98,3.74,3.31
2025-2026,2025-08-10,Kisvárda FC,Puskás Akadémia FC,2.0,1.0,H,3.88,3.83,1.8
2025-2026,2025-08-09,Nyíregyháza Spartacus,Ferencvárosi TC,1.0,4.0,A,5.19,4.03,1.57
2025-2026,2025-08-09,MTK Budapest,Diósgyőri VTK,5.0,0.0,H,1.78,3.94,3.85
2025-2026,2025-08-08,Kazincbarcikai SC,Debreceni VSC,1.0,2.0,A,2.95,3.51,2.21
2025-2026,2025-08-03,ETO FC,Újpest FC,1.0,1.0,D,2.4,3.45,2.68
2025-2026,2025-08-03,Kisvárda FC,Paksi FC,1.0,5.0,A,2.22,3.57,2.89
2025-2026,2025-08-03,Puskás Akadémia FC,Nyíregyháza Spartacus,3.0,2.0,H,1.71,3.78,4.42
2025-2026,2025-08-02,Ferencvárosi TC,Kazincbarcikai SC,3.0,0.0,H,1.24,6.24,9.34
2025-2026,2025-08-02,Diósgyőri VTK,Zalaegerszegi TE FC,2.0,2.0,D,2.82,3.66,2.22
2025-2026,2025-08-01,Debreceni VSC,MTK Budapest,1.0,0.0,H,2.22,3.67,2.82
2025-2026,2025-07-27,Puskás Akadémia FC,Kazincbarcikai SC,2.0,1.0,H,1.4,4.53,7.0
2025-2026,2025-07-27,Paksi FC,ETO FC,3.0,3.0,D,2.2,3.71,2.84
2025-2026,2025-07-27,Nyíregyháza Spartacus,Kisvárda FC,1.0,1.0,D,2.33,3.36,2.85
2025-2026,2025-07-26,MTK Budapest,Ferencvárosi TC,1.0,1.0,D,4.96,4.19,1.57
2025-2026,2025-07-26,Zalaegerszegi TE FC,Debreceni VSC,3.0,3.0,D,2.26,3.28,3.03
2025-2026,2025-07-25,Újpest FC,Diósgyőri VTK,3.0,1.0,H,1.71,3.75,4.37
2024-2025,2025-05-25,Nyíregyháza Spartacus,Zalaegerszegi TE FC,0.0,0.0,D,2.71,3.31,2.47
2024-2025,2025-05-24,Puskás Akadémia FC,Diósgyőri VTK,4.0,3.0,H,1.27,5.9,8.44
2024-2025,2025-05-24,ETO FC,Ferencvárosi TC,1.0,2.0,A,4.16,3.99,1.72
2024-2025,2025-05-24,Fehérvár FC,Debreceni VSC,0.0,3.0,A,2.75,3.42,2.4
2024-2025,2025-05-24,MTK Budapest,Újpest FC,1.0,3.0,A,2.0,3.78,3.23
2024-2025,2025-05-23,Paksi FC,Kecskeméti TE,1.0,1.0,D,1.27,5.73,8.95
2024-2025,2025-05-18,Ferencvárosi TC,Fehérvár FC,3.0,0.0,H,1.24,5.94,9.87
2024-2025,2025-05-18,Debreceni VSC,Paksi FC,0.0,0.0,D,1.73,3.94,4.16
2024-2025,2025-05-17,Diósgyőri VTK,MTK Budapest,2.0,1.0,H,2.63,3.81,2.31
2024-2025,2025-05-17,Zalaegerszegi TE FC,ETO FC,0.0,0.0,D,2.5,3.39,2.64
2024-2025,2025-05-16,Újpest FC,Nyíregyháza Spartacus,2.0,2.0,D,1.91,3.51,3.76
2024-2025,2025-05-16,Kecskeméti TE,Puskás Akadémia FC,0.0,1.0,A,7.78,5.48,1.31
2024-2025,2025-05-11,Nyíregyháza Spartacus,Diósgyőri VTK,1.0,0.0,H,1.93,3.51,3.7
2024-2025,2025-05-11,Zalaegerszegi TE FC,Újpest FC,0.0,0.0,D,2.06,3.33,3.51
2024-2025,2025-05-10,Paksi FC,Ferencvárosi TC,2.0,3.0,A,4.41,4.12,1.66
2024-2025,2025-05-10,MTK Budapest,Kecskeméti TE,2.0,1.0,H,1.99,3.64,3.39
2024-2025,2025-05-10,Puskás Akadémia FC,Debreceni VSC,4.0,2.0,H,1.8,3.68,4.14
2024-2025,2025-05-09,ETO FC,Fehérvár FC,1.0,0.0,H,1.73,3.86,4.22
2024-2025,2025-05-04,Fehérvár FC,Paksi FC,0.0,2.0,A,2.8,3.55,2.3
2024-2025,2025-05-04,Kecskeméti TE,Nyíregyháza Spartacus,2.0,2.0,D,1.98,3.36,3.72
2024-2025,2025-05-04,Diósgyőri VTK,Zalaegerszegi TE FC,1.0,1.0,D,2.99,3.49,2.21
2024-2025,2025-05-03,Ferencvárosi TC,Puskás Akadémia FC,1.0,1.0,D,1.6,3.91,5.27
2024-2025,2025-05-03,Debreceni VSC,MTK Budapest,0.0,0.0,D,1.88,3.83,3.55
2024-2025,2025-05-03,Újpest FC,ETO FC,2.0,3.0,A,2.47,3.48,2.64
2024-2025,2025-04-27,Zalaegerszegi TE FC,Kecskeméti TE,0.0,0.0,D,1.91,3.25,4.14
2024-2025,2025-04-27,MTK Budapest,Ferencvárosi TC,2.0,3.0,A,5.17,4.15,1.57
2024-2025,2025-04-26,Újpest FC,Diósgyőri VTK,1.0,1.0,D,1.86,3.61,3.87
2024-2025,2025-04-26,ETO FC,Paksi FC,2.0,0.0,H,2.56,3.59,2.49
2024-2025,2025-04-26,Puskás Akadémia FC,Fehérvár FC,3.0,1.0,H,1.54,4.0,5.67
2024-2025,2025-04-25,Nyíregyháza Spartacus,Debreceni VSC,1.0,0.0,H,3.78,3.33,1.97
2024-2025,2025-04-21,Kecskeméti TE,Újpest FC,0.0,0.0,D,2.44,3.19,2.89
2024-2025,2025-04-20,Ferencvárosi TC,Nyíregyháza Spartacus,7.0,0.0,H,1.26,5.65,10.11
2024-2025,2025-04-20,Fehérvár FC,MTK Budapest,1.0,1.0,D,2.46,3.48,2.66
2024-2025,2025-04-19,Paksi FC,Puskás Akadémia FC,2.0,2.0,D,2.37,3.58,2.71
2024-2025,2025-04-19,Diósgyőri VTK,ETO FC,2.0,4.0,A,2.36,3.44,2.82
2024-2025,2025-04-19,Debreceni VSC,Zalaegerszegi TE FC,4.0,3.0,H,1.97,3.47,3.62
2024-2025,2025-04-13,Nyíregyháza Spartacus,Fehérvár FC,1.0,0.0,H,2.4,3.09,3.01
2024-2025,2025-04-13,Újpest FC,Debreceni VSC,2.0,1.0,H,2.24,3.39,2.99
2024-2025,2025-04-12,Zalaegerszegi TE FC,Ferencvárosi TC,0.0,2.0,A,5.27,3.89,1.59
2024-2025,2025-04-12,ETO FC,Puskás Akadémia FC,2.0,0.0,H,2.75,3.46,2.38
2024-2025,2025-04-11,MTK Budapest,Paksi FC,1.0,2.0,A,2.26,3.66,2.78
2024-2025,2025-04-11,Diósgyőri VTK,Kecskeméti TE,2.0,1.0,H,2.26,3.31,3.04
2024-2025,2025-04-06,Ferencvárosi TC,Újpest FC,2.0,0.0,H,1.32,5.06,8.2
2024-2025,2025-04-06,Puskás Akadémia FC,MTK Budapest,1.0,1.0,D,1.67,3.83,4.6
2024-2025,2025-04-06,Fehérvár FC,Zalaegerszegi TE FC,0.0,2.0,A,2.59,3.24,2.62
2024-2025,2025-04-05,Debreceni VSC,Diósgyőri VTK,4.0,1.0,H,1.72,3.85,4.26
2024-2025,2025-04-05,Paksi FC,Nyíregyháza Spartacus,2.0,0.0,H,1.55,4.16,5.25
2024-2025,2025-04-05,Kecskeméti TE,ETO FC,1.0,1.0,D,2.61,3.23,2.61
2024-2025,2025-03-30,Diósgyőri VTK,Ferencvárosi TC,1.0,1.0,D,9.02,5.35,1.28
2024-2025,2025-03-30,Újpest FC,Fehérvár FC,2.0,2.0,D,2.06,3.3,3.49
2024-2025,2025-03-29,Nyíregyháza Spartacus,Puskás Akadémia FC,0.0,2.0,A,3.8,3.57,1.88
2024-2025,2025-03-29,Zalaegerszegi TE FC,Paksi FC,1.0,1.0,D,2.62,3.56,2.39
2024-2025,2025-03-29,ETO FC,MTK Budapest,2.0,1.0,H,2.06,3.5,3.24
2024-2025,2025-03-28,Kecskeméti TE,Debreceni VSC,1.0,3.0,A,2.65,3.29,2.51
2024-2025,2025-03-16,Puskás Akadémia FC,Zalaegerszegi TE FC,2.0,1.0,H,1.52,4.14,5.76
2024-2025,2025-03-16,MTK Budapest,Nyíregyháza Spartacus,3.0,0.0,H,1.71,3.66,4.61
2024-2025,2025-03-16,Ferencvárosi TC,Kecskeméti TE,4.0,0.0,H,1.32,5.0,8.77
2024-2025,2025-03-16,Fehérvár FC,Diósgyőri VTK,0.0,0.0,D,2.0,3.4,3.58
2024-2025,2025-03-14,Paksi FC,Újpest FC,6.0,1.0,H,1.82,3.72,3.97
2024-2025,2025-03-14,ETO FC,Debreceni VSC,0.0,0.0,D,2.0,3.56,3.4
2024-2025,2025-03-09,Debreceni VSC,Ferencvárosi TC,0.0,1.0,A,5.03,4.13,1.58
2024-2025,2025-03-09,Újpest FC,Puskás Akadémia FC,1.0,1.0,D,3.66,3.41,1.98
2024-2025,2025-03-08,Diósgyőri VTK,Paksi FC,0.0,2.0,A,2.68,3.62,2.37
2024-2025,2025-03-08,Zalaegerszegi TE FC,MTK Budapest,1.0,1.0,D,2.26,3.36,3.05
2024-2025,2025-03-08,Nyíregyháza Spartacus,ETO FC,0.0,1.0,A,2.8,3.38,2.39
2024-2025,2025-03-07,Kecskeméti TE,Fehérvár FC,2.0,2.0,D,2.03,3.24,3.69
2024-2025,2025-03-02,Ferencvárosi TC,ETO FC,2.0,2.0,D,1.38,4.49,8.1
2024-2025,2025-03-02,Kecskeméti TE,Paksi FC,2.0,2.0,D,2.98,3.38,2.27
2024-2025,2025-03-02,Debreceni VSC,Fehérvár FC,1.0,2.0,A,1.95,3.47,3.64
2024-2025,2025-03-01,Újpest FC,MTK Budapest,1.0,5.0,A,2.37,3.31,2.87
2024-2025,2025-03-01,Diósgyőri VTK,Puskás Akadémia FC,2.0,1.0,H,3.65,3.64,1.91
2024-2025,2025-03-01,Zalaegerszegi TE FC,Nyíregyháza Spartacus,0.0,0.0,D,1.74,3.49,4.72
2024-2025,2025-02-23,Fehérvár FC,Ferencvárosi TC,1.0,3.0,A,5.32,3.78,1.61
2024-2025,2025-02-23,ETO FC,Zalaegerszegi TE FC,2.0,0.0,H,2.01,3.41,3.52
2024-2025,2025-02-22,Nyíregyháza Spartacus,Újpest FC,0.0,0.0,D,2.31,3.11,3.15
2024-2025,2025-02-22,Paksi FC,Debreceni VSC,4.0,3.0,H,1.81,3.84,3.85
2024-2025,2025-02-22,Puskás Akadémia FC,Kecskeméti TE,4.0,2.0,H,1.58,3.62,6.0
2024-2025,2025-02-21,MTK Budapest,Diósgyőri VTK,4.0,0.0,H,2.19,3.3,3.14
2024-2025,2025-02-16,Ferencvárosi TC,Paksi FC,0.0,2.0,A,1.47,4.31,6.03
2024-2025,2025-02-16,Újpest FC,Zalaegerszegi TE FC,1.0,2.0,A,2.25,3.28,3.08
2024-2025,2025-02-15,Debreceni VSC,Puskás Akadémia FC,1.0,2.0,A,3.44,3.52,2.0
2024-2025,2025-02-15,Diósgyőri VTK,Nyíregyháza Spartacus,1.0,2.0,A,1.97,3.35,3.73
2024-2025,2025-02-15,Kecskeméti TE,MTK Budapest,5.0,0.0,H,2.77,3.09,2.57
2024-2025,2025-02-14,Fehérvár FC,ETO FC,0.0,1.0,A,2.17,3.37,3.15
2024-2025,2025-02-09,Puskás Akadémia FC,Ferencvárosi TC,1.0,0.0,H,3.03,3.3,2.29
2024-2025,2025-02-09,Zalaegerszegi TE FC,Diósgyőri VTK,2.0,1.0,H,2.28,3.23,3.06
2024-2025,2025-02-08,ETO FC,Újpest FC,3.0,0.0,H,2.32,3.32,2.93
2024-2025,2025-02-08,Paksi FC,Fehérvár FC,2.0,0.0,H,1.85,3.65,3.88
2024-2025,2025-02-08,Nyíregyháza Spartacus,Kecskeméti TE,0.0,0.0,D,2.04,3.26,3.61
2024-2025,2025-02-07,MTK Budapest,Debreceni VSC,0.0,2.0,A,1.99,3.55,3.47
2024-2025,2025-02-05,Zalaegerszegi TE FC,Ferencvárosi TC,2.0,2.0,D,5.45,3.76,1.6
2024-2025,2025-02-02,Ferencvárosi TC,MTK Budapest,0.0,0.0,D,1.51,4.15,5.89
2024-2025,2025-02-02,Kecskeméti TE,Zalaegerszegi TE FC,1.0,0.0,H,2.48,3.22,2.78
2024-2025,2025-02-02,Debreceni VSC,Nyíregyháza Spartacus,3.0,1.0,H,2.07,3.49,3.26
2024-2025,2025-02-01,Diósgyőri VTK,Újpest FC,1.0,1.0,D,2.45,3.23,2.81
2024-2025,2025-02-01,Fehérvár FC,Puskás Akadémia FC,1.0,0.0,H,3.83,3.36,1.93
2024-2025,2025-02-01,Paksi FC,ETO FC,1.0,1.0,D,1.89,3.78,3.55
2024-2025,2024-12-15,Nyíregyháza Spartacus,Ferencvárosi TC,0.0,1.0,A,5.47,4.13,1.55
2024-2025,2024-12-15,Újpest FC,Kecskeméti TE,1.0,1.0,D,1.69,3.67,4.79
2024-2025,2024-12-14,Puskás Akadémia FC,Paksi FC,3.0,1.0,H,1.71,3.96,4.18
2024-2025,2024-12-14,ETO FC,Diósgyőri VTK,3.0,4.0,A,2.34,3.47,2.82
2024-2025,2024-12-14,Zalaegerszegi TE FC,Debreceni VSC,2.0,1.0,H,2.18,3.49,3.06
2024-2025,2024-12-14,MTK Budapest,Fehérvár FC,3.0,2.0,H,2.11,3.52,3.16
2024-2025,2024-12-08,Ferencvárosi TC,Zalaegerszegi TE FC,1.0,0.0,H,1.24,5.51,10.91
2024-2025,2024-12-08,Debreceni VSC,Újpest FC,1.0,2.0,A,2.44,3.49,2.65
2024-2025,2024-12-08,Fehérvár FC,Nyíregyháza Spartacus,2.0,0.0,H,1.94,3.46,3.71
2024-2025,2024-12-07,Paksi FC,MTK Budapest,4.0,2.0,H,2.07,3.58,3.2
2024-2025,2024-12-07,Puskás Akadémia FC,ETO FC,0.0,3.0,A,1.49,4.06,6.29
2024-2025,2024-12-07,Kecskeméti TE,Diósgyőri VTK,0.0,0.0,D,2.51,3.44,2.6
2024-2025,2024-12-05,Debreceni VSC,Ferencvárosi TC,5.0,4.0,H,6.27,4.34,1.46
2024-2025,2024-12-04,ETO FC,Puskás Akadémia FC,0.0,2.0,A,3.25,3.52,2.08
2024-2025,2024-12-03,MTK Budapest,Paksi FC,3.0,1.0,H,2.47,3.53,2.58
2024-2025,2024-12-01,Újpest FC,Ferencvárosi TC,0.0,0.0,D,5.31,3.89,1.58
2024-2025,2024-12-01,Zalaegerszegi TE FC,Fehérvár FC,0.0,1.0,A,2.27,3.17,3.14
2024-2025,2024-11-30,Diósgyőri VTK,Debreceni VSC,3.0,1.0,H,2.15,3.51,3.07
2024-2025,2024-11-30,ETO FC,Kecskeméti TE,1.0,2.0,A,1.71,3.62,4.79
2024-2025,2024-11-30,MTK Budapest,Puskás Akadémia FC,0.0,1.0,A,3.39,3.57,2.01
2024-2025,2024-11-29,Nyíregyháza Spartacus,Paksi FC,4.0,2.0,H,3.02,3.52,2.19
2024-2025,2024-11-24,Debreceni VSC,Kecskeméti TE,2.0,2.0,D,1.78,3.78,4.11
2024-2025,2024-11-24,Ferencvárosi TC,Diósgyőri VTK,3.0,3.0,D,1.24,5.89,10.9
2024-2025,2024-11-24,Paksi FC,Zalaegerszegi TE FC,2.0,2.0,D,1.62,3.9,5.03
2024-2025,2024-11-23,Fehérvár FC,Újpest FC,0.0,1.0,A,2.32,3.22,2.97
2024-2025,2024-11-23,MTK Budapest,ETO FC,2.0,2.0,D,1.93,3.57,3.64
2024-2025,2024-11-23,Nyíregyháza Spartacus,Puskás Akadémia FC,0.0,3.0,A,3.59,3.51,1.96
2024-2025,2024-11-10,Kecskeméti TE,Ferencvárosi TC,0.0,1.0,A,9.21,4.77,1.32
2024-2025,2024-11-10,Diósgyőri VTK,Fehérvár FC,1.0,0.0,H,2.34,3.52,2.8
2024-2025,2024-11-09,Újpest FC,Paksi FC,0.0,0.0,D,2.29,3.62,2.77
2024-2025,2024-11-09,Debreceni VSC,ETO FC,2.0,2.0,D,2.06,3.5,3.39
2024-2025,2024-11-09,Zalaegerszegi TE FC,Puskás Akadémia FC,4.0,2.0,H,3.9,3.67,1.84
2024-2025,2024-11-08,Nyíregyháza Spartacus,MTK Budapest,2.0,0.0,H,2.65,3.54,2.42
2024-2025,2024-11-03,Fehérvár FC,Kecskeméti TE,6.0,1.0,H,1.9,3.46,3.91
2024-2025,2024-11-03,Ferencvárosi TC,Debreceni VSC,2.0,2.0,D,1.25,6.08,9.41
2024-2025,2024-11-03,Paksi FC,Diósgyőri VTK,3.0,4.0,A,1.59,4.15,4.97
2024-2025,2024-11-02,ETO FC,Nyíregyháza Spartacus,1.0,1.0,D,2.12,3.41,3.27
2024-2025,2024-11-02,Puskás Akadémia FC,Újpest FC,1.0,1.0,D,1.6,3.85,5.3
2024-2025,2024-11-02,MTK Budapest,Zalaegerszegi TE FC,1.0,1.0,D,1.89,3.51,3.86
2024-2025,2024-10-27,ETO FC,Ferencvárosi TC,1.0,1.0,D,5.74,3.99,1.55
2024-2025,2024-10-27,Paksi FC,Kecskeméti TE,1.0,0.0,H,1.58,4.13,5.06
2024-2025,2024-10-27,Nyíregyháza Spartacus,Zalaegerszegi TE FC,1.0,1.0,D,2.09,3.41,3.3
2024-2025,2024-10-26,MTK Budapest,Újpest FC,4.0,1.0,H,2.28,3.41,2.96
2024-2025,2024-10-26,Fehérvár FC,Debreceni VSC,2.0,0.0,H,2.13,3.55,3.13
2024-2025,2024-10-26,Puskás Akadémia FC,Diósgyőri VTK,1.0,1.0,D,1.37,4.48,8.42
2024-2025,2024-10-20,Ferencvárosi TC,Fehérvár FC,2.0,0.0,H,1.23,6.01,10.3
2024-2025,2024-10-20,Zalaegerszegi TE FC,ETO FC,1.0,2.0,A,2.04,3.47,3.42
2024-2025,2024-10-20,Kecskeméti TE,Puskás Akadémia FC,0.0,3.0,A,4.22,3.66,1.78
2024-2025,2024-10-19,Újpest FC,Nyíregyháza Spartacus,1.0,0.0,H,2.1,3.46,3.29
2024-2025,2024-10-19,Diósgyőri VTK,MTK Budapest,0.0,2.0,A,2.41,3.29,2.81
2024-2025,2024-10-19,Debreceni VSC,Paksi FC,0.0,5.0,A,2.23,3.5,2.98
2024-2025,2024-10-06,Paksi FC,Ferencvárosi TC,3.0,1.0,H,4.07,3.63,1.81
2024-2025,2024-10-06,Zalaegerszegi TE FC,Újpest FC,0.0,2.0,A,2.8,3.34,2.39
2024-2025,2024-10-05,Nyíregyháza Spartacus,Diósgyőri VTK,0.0,2.0,A,2.1,3.42,3.25
2024-2025,2024-10-05,MTK Budapest,Kecskeméti TE,3.0,1.0,H,1.82,3.63,3.97
2024-2025,2024-10-05,ETO FC,Fehérvár FC,3.0,1.0,H,2.02,3.57,3.35
2024-2025,2024-10-04,Puskás Akadémia FC,Debreceni VSC,1.0,0.0,H,1.6,4.03,4.92
2024-2025,2024-09-29,Ferencvárosi TC,Puskás Akadémia FC,3.0,0.0,H,1.59,3.97,5.26
2024-2025,2024-09-29,Fehérvár FC,Paksi FC,1.0,2.0,A,2.69,3.29,2.54
2024-2025,2024-09-28,Debreceni VSC,MTK Budapest,2.0,3.0,A,1.94,3.77,3.43
2024-2025,2024-09-28,Kecskeméti TE,Nyíregyháza Spartacus,0.0,2.0,A,2.33,3.38,2.89
2024-2025,2024-09-28,Diósgyőri VTK,Zalaegerszegi TE FC,2.0,1.0,H,2.21,3.42,3.04
2024-2025,2024-09-27,Újpest FC,ETO FC,0.0,0.0,D,1.86,3.67,3.81
2024-2025,2024-09-22,ETO FC,Paksi FC,2.0,1.0,H,2.41,3.56,2.64
2024-2025,2024-09-22,Puskás Akadémia FC,Fehérvár FC,3.0,0.0,H,1.6,3.91,5.07
2024-2025,2024-09-21,Nyíregyháza Spartacus,Debreceni VSC,3.0,2.0,H,2.88,3.36,2.31
2024-2025,2024-09-21,Újpest FC,Diósgyőri VTK,0.0,0.0,D,1.78,3.67,4.14
2024-2025,2024-09-21,Zalaegerszegi TE FC,Kecskeméti TE,2.0,1.0,H,2.16,3.29,3.27
2024-2025,2024-09-20,MTK Budapest,Ferencvárosi TC,1.0,3.0,A,5.81,4.17,1.51
2024-2025,2024-09-01,Ferencvárosi TC,Nyíregyháza Spartacus,2.0,1.0,H,1.28,5.49,8.88
2024-2025,2024-09-01,Paksi FC,Puskás Akadémia FC,2.0,1.0,H,2.55,3.44,2.52
2024-2025,2024-09-01,Kecskeméti TE,Újpest FC,1.0,3.0,A,2.45,3.23,2.79
2024-2025,2024-08-31,Diósgyőri VTK,ETO FC,0.0,0.0,D,2.34,3.57,2.73
2024-2025,2024-08-31,Debreceni VSC,Zalaegerszegi TE FC,3.0,1.0,H,1.93,3.57,3.6
2024-2025,2024-08-30,Fehérvár FC,MTK Budapest,1.0,0.0,H,2.17,3.51,3.01
2024-2025,2024-08-25,Nyíregyháza Spartacus,Fehérvár FC,3.0,3.0,D,2.92,3.38,2.3
2024-2025,2024-08-24,Diósgyőri VTK,Kecskeméti TE,1.0,0.0,H,2.29,3.19,3.09
2024-2025,2024-08-23,Újpest FC,Debreceni VSC,3.0,0.0,H,2.03,3.53,3.32
2024-2025,2024-08-18,Puskás Akadémia FC,MTK Budapest,1.0,0.0,H,1.71,3.68,4.5
2024-2025,2024-08-18,Paksi FC,Nyíregyháza Spartacus,2.0,1.0,H,1.67,4.0,4.43
2024-2025,2024-08-18,Fehérvár FC,Zalaegerszegi TE FC,1.0,1.0,D,2.14,3.36,3.23
2024-2025,2024-08-17,Ferencvárosi TC,Újpest FC,1.0,0.0,H,1.28,5.36,9.14
2024-2025,2024-08-17,Debreceni VSC,Diósgyőri VTK,0.0,1.0,A,1.87,3.66,3.77
2024-2025,2024-08-16,Kecskeméti TE,ETO FC,2.0,1.0,H,1.94,3.33,3.81
2024-2025,2024-08-11,Puskás Akadémia FC,Nyíregyháza Spartacus,3.0,1.0,H,1.76,3.68,4.21
2024-2025,2024-08-11,Újpest FC,Fehérvár FC,4.0,1.0,H,2.22,3.38,3.03
2024-2025,2024-08-11,ETO FC,MTK Budapest,1.0,2.0,A,2.72,3.39,2.41
2024-2025,2024-08-10,Zalaegerszegi TE FC,Paksi FC,3.0,1.0,H,2.59,3.24,2.66
2024-2025,2024-08-10,Diósgyőri VTK,Ferencvárosi TC,0.0,2.0,A,4.86,3.97,1.61
2024-2025,2024-08-09,Kecskeméti TE,Debreceni VSC,1.0,1.0,D,2.63,3.34,2.53
2024-2025,2024-08-04,Paksi FC,Újpest FC,2.0,1.0,H,1.76,3.78,4.06
2024-2025,2024-08-03,Ferencvárosi TC,Kecskeméti TE,1.0,0.0,H,1.24,5.97,9.93
2024-2025,2024-08-03,Fehérvár FC,Diósgyőri VTK,3.0,1.0,H,1.93,3.62,3.56
2024-2025,2024-08-02,ETO FC,Debreceni VSC,0.0,3.0,A,2.86,3.28,2.38
2024-2025,2024-07-28,Diósgyőri VTK,Paksi FC,2.0,2.0,D,2.7,3.51,2.37
2024-2025,2024-07-28,Kecskeméti TE,Fehérvár FC,0.0,0.0,D,2.38,3.25,2.86
2024-2025,2024-07-28,Újpest FC,Puskás Akadémia FC,1.0,2.0,A,3.37,3.45,2.03
2024-2025,2024-07-26,Nyíregyháza Spartacus,ETO FC,2.0,1.0,H,2.34,3.24,2.93
2024-2025,2024-07-26,Zalaegerszegi TE FC,MTK Budapest,0.0,1.0,A,2.18,3.5,3.01
2023-2024,2024-05-19,Ferencvárosi TC,Újpest FC,2.0,0.0,H,1.2,6.31,11.22
2023-2024,2024-05-19,Kecskeméti TE,Zalaegerszegi TE FC,2.0,1.0,H,1.84,3.94,3.58
2023-2024,2024-05-18,Puskás Akadémia FC,Debreceni VSC,4.0,1.0,H,1.36,4.76,7.39
2023-2024,2024-05-18,Fehérvár FC,Diósgyőri VTK,0.0,0.0,D,1.6,4.05,4.69
2023-2024,2024-05-18,Paksi FC,Kisvárda FC,2.0,1.0,H,1.47,4.68,5.39
2023-2024,2024-05-17,Mezőkövesd Zsóry FC,MTK Budapest,1.0,1.0,D,2.9,3.8,2.11
2023-2024,2024-05-12,Debreceni VSC,Fehérvár FC,1.0,0.0,H,2.0,3.63,3.29
2023-2024,2024-05-12,Kisvárda FC,Mezőkövesd Zsóry FC,4.0,3.0,H,1.6,4.2,4.69
2023-2024,2024-05-11,Diósgyőri VTK,Ferencvárosi TC,2.0,0.0,H,4.69,4.58,1.56
2023-2024,2024-05-11,Zalaegerszegi TE FC,Paksi FC,1.0,1.0,D,3.1,3.61,2.11
2023-2024,2024-05-11,MTK Budapest,Puskás Akadémia FC,1.0,3.0,A,5.58,4.56,1.48
2023-2024,2024-05-10,Újpest FC,Kecskeméti TE,0.0,3.0,A,2.5,3.44,2.64
2023-2024,2024-05-05,Ferencvárosi TC,Debreceni VSC,5.0,1.0,H,1.4,4.79,6.46
2023-2024,2024-05-05,Kecskeméti TE,Paksi FC,0.0,0.0,D,2.75,3.4,2.43
2023-2024,2024-05-04,Újpest FC,Diósgyőri VTK,7.0,0.0,H,2.36,3.58,2.65
2023-2024,2024-05-04,Puskás Akadémia FC,Kisvárda FC,4.0,2.0,H,1.64,3.79,4.88
2023-2024,2024-05-04,Mezőkövesd Zsóry FC,Zalaegerszegi TE FC,1.0,2.0,A,3.49,3.68,1.94
2023-2024,2024-05-03,Fehérvár FC,MTK Budapest,4.0,0.0,H,1.9,3.98,3.33
2023-2024,2024-04-28,MTK Budapest,Ferencvárosi TC,1.0,2.0,A,5.62,4.36,1.5
2023-2024,2024-04-28,Kisvárda FC,Fehérvár FC,1.0,0.0,H,2.79,3.35,2.39
2023-2024,2024-04-27,Debreceni VSC,Újpest FC,1.0,0.0,H,1.72,3.82,4.32
2023-2024,2024-04-27,Diósgyőri VTK,Kecskeméti TE,0.0,0.0,D,1.98,3.31,3.67
2023-2024,2024-04-27,Paksi FC,Mezőkövesd Zsóry FC,2.0,1.0,H,1.24,5.66,9.84
2023-2024,2024-04-26,Zalaegerszegi TE FC,Puskás Akadémia FC,1.0,0.0,H,3.75,3.62,1.88
2023-2024,2024-04-21,Újpest FC,MTK Budapest,1.0,2.0,A,2.28,3.58,2.79
2023-2024,2024-04-21,Fehérvár FC,Zalaegerszegi TE FC,1.0,1.0,D,1.97,3.51,3.54
2023-2024,2024-04-21,Kecskeméti TE,Mezőkövesd Zsóry FC,2.0,1.0,H,1.41,4.28,7.35
2023-2024,2024-04-20,Diósgyőri VTK,Debreceni VSC,5.0,3.0,H,2.75,3.35,2.41
2023-2024,2024-04-20,Ferencvárosi TC,Kisvárda FC,0.0,0.0,D,1.13,7.46,17.85
2023-2024,2024-04-20,Puskás Akadémia FC,Paksi FC,5.0,0.0,H,2.09,3.42,3.34
2023-2024,2024-04-14,Mezőkövesd Zsóry FC,Puskás Akadémia FC,0.0,4.0,A,5.96,3.9,1.54
2023-2024,2024-04-14,Zalaegerszegi TE FC,Ferencvárosi TC,2.0,3.0,A,6.45,4.29,1.45
2023-2024,2024-04-14,MTK Budapest,Diósgyőri VTK,1.0,1.0,D,2.23,3.49,2.92
2023-2024,2024-04-13,Paksi FC,Fehérvár FC,1.0,2.0,A,1.85,3.57,3.94
2023-2024,2024-04-13,Debreceni VSC,Kecskeméti TE,1.0,0.0,H,1.53,3.94,5.98
2023-2024,2024-04-13,Kisvárda FC,Újpest FC,4.0,1.0,H,2.46,3.36,2.69
2023-2024,2024-04-10,Ferencvárosi TC,Diósgyőri VTK,2.0,1.0,H,1.22,6.22,10.55
2023-2024,2024-04-07,Kecskeméti TE,Puskás Akadémia FC,1.0,2.0,A,3.91,3.54,1.84
2023-2024,2024-04-07,Ferencvárosi TC,Paksi FC,1.0,0.0,H,1.42,4.65,6.41
2023-2024,2024-04-06,Debreceni VSC,MTK Budapest,1.0,2.0,A,1.69,3.83,4.47
2023-2024,2024-04-06,Diósgyőri VTK,Kisvárda FC,1.0,1.0,D,1.92,3.56,3.69
2023-2024,2024-04-06,Fehérvár FC,Mezőkövesd Zsóry FC,5.0,0.0,H,1.66,3.71,4.8
2023-2024,2024-04-05,Újpest FC,Zalaegerszegi TE FC,1.0,5.0,A,1.86,3.72,3.75
2023-2024,2024-03-31,Mezőkövesd Zsóry FC,Ferencvárosi TC,0.0,3.0,A,9.89,5.19,1.27
2023-2024,2024-03-31,Paksi FC,Újpest FC,1.0,2.0,A,1.68,3.87,4.45
2023-2024,2024-03-30,Zalaegerszegi TE FC,Diósgyőri VTK,5.0,1.0,H,2.61,3.41,2.46
2023-2024,2024-03-30,MTK Budapest,Kecskeméti TE,2.0,2.0,D,2.19,3.37,3.09
2023-2024,2024-03-30,Kisvárda FC,Debreceni VSC,1.0,3.0,A,2.93,3.3,2.3
2023-2024,2024-03-29,Puskás Akadémia FC,Fehérvár FC,0.0,0.0,D,1.65,3.8,4.81
2023-2024,2024-03-17,MTK Budapest,Kisvárda FC,2.0,1.0,H,2.1,3.42,3.22
2023-2024,2024-03-17,Ferencvárosi TC,Puskás Akadémia FC,1.0,1.0,D,1.45,4.28,6.55
2023-2024,2024-03-17,Debreceni VSC,Zalaegerszegi TE FC,5.0,1.0,H,1.71,3.76,4.46
2023-2024,2024-03-16,Kecskeméti TE,Fehérvár FC,0.0,1.0,A,2.31,3.31,2.96
2023-2024,2024-03-16,Diósgyőri VTK,Paksi FC,2.0,1.0,H,2.6,3.52,2.46
2023-2024,2024-03-16,Újpest FC,Mezőkövesd Zsóry FC,2.0,2.0,D,1.84,3.52,4.03
2023-2024,2024-03-10,Zalaegerszegi TE FC,MTK Budapest,2.0,2.0,D,2.18,3.47,3.09
2023-2024,2024-03-10,Fehérvár FC,Ferencvárosi TC,0.0,2.0,A,6.71,4.48,1.43
2023-2024,2024-03-10,Paksi FC,Debreceni VSC,1.0,1.0,D,2.0,3.46,3.57
2023-2024,2024-03-09,Kecskeméti TE,Kisvárda FC,3.0,1.0,H,2.15,3.2,3.43
2023-2024,2024-03-09,Mezőkövesd Zsóry FC,Diósgyőri VTK,1.0,2.0,A,3.05,3.55,2.17
2023-2024,2024-03-08,Puskás Akadémia FC,Újpest FC,0.0,2.0,A,1.56,4.0,5.46
2023-2024,2024-03-03,Újpest FC,Fehérvár FC,2.0,0.0,H,2.15,3.4,3.06
2023-2024,2024-03-03,Ferencvárosi TC,Kecskeméti TE,2.0,0.0,H,1.24,5.99,9.52
2023-2024,2024-03-03,MTK Budapest,Paksi FC,0.0,2.0,A,3.26,3.61,2.01
2023-2024,2024-03-02,Diósgyőri VTK,Puskás Akadémia FC,1.0,1.0,D,2.88,3.35,2.28
2023-2024,2024-03-02,Kisvárda FC,Zalaegerszegi TE FC,1.0,0.0,H,2.03,3.31,3.42
2023-2024,2024-03-02,Debreceni VSC,Mezőkövesd Zsóry FC,0.0,1.0,A,1.55,3.78,5.73
2023-2024,2024-02-25,Újpest FC,Ferencvárosi TC,0.0,5.0,A,5.85,4.5,1.45
2023-2024,2024-02-25,Kisvárda FC,Paksi FC,0.0,1.0,A,3.41,3.59,1.97
2023-2024,2024-02-24,Debreceni VSC,Puskás Akadémia FC,1.0,0.0,H,2.47,3.22,2.75
2023-2024,2024-02-24,Diósgyőri VTK,Fehérvár FC,4.0,0.0,H,1.99,3.59,3.39
2023-2024,2024-02-24,Zalaegerszegi TE FC,Kecskeméti TE,3.0,1.0,H,2.37,3.17,2.95
2023-2024,2024-02-23,MTK Budapest,Mezőkövesd Zsóry FC,3.0,1.0,H,1.95,3.31,3.73
2023-2024,2024-02-18,Puskás Akadémia FC,MTK Budapest,6.0,1.0,H,1.6,3.85,5.28
2023-2024,2024-02-18,Fehérvár FC,Debreceni VSC,1.0,0.0,H,2.69,3.38,2.44
2023-2024,2024-02-17,Mezőkövesd Zsóry FC,Kisvárda FC,1.0,2.0,A,2.7,3.08,2.63
2023-2024,2024-02-17,Kecskeméti TE,Újpest FC,1.0,0.0,H,2.17,3.4,3.1
2023-2024,2024-02-16,Paksi FC,Zalaegerszegi TE FC,3.0,4.0,A,1.57,4.01,5.32
2023-2024,2024-02-11,Zalaegerszegi TE FC,Mezőkövesd Zsóry FC,1.0,1.0,D,1.95,3.29,3.83
2023-2024,2024-02-11,Diósgyőri VTK,Újpest FC,1.0,2.0,A,1.85,3.61,3.82
2023-2024,2024-02-11,Paksi FC,Kecskeméti TE,1.0,0.0,H,1.71,3.77,4.31
2023-2024,2024-02-10,Debreceni VSC,Ferencvárosi TC,1.0,2.0,A,4.58,3.78,1.68
2023-2024,2024-02-10,MTK Budapest,Fehérvár FC,0.0,2.0,A,2.41,3.49,2.63
2023-2024,2024-02-10,Kisvárda FC,Puskás Akadémia FC,0.0,2.0,A,3.21,3.32,2.13
2023-2024,2024-02-08,Kecskeméti TE,Diósgyőri VTK,2.0,1.0,H,2.09,3.61,3.1
2023-2024,2024-02-08,Mezőkövesd Zsóry FC,Paksi FC,0.0,1.0,A,3.54,3.73,1.89
2023-2024,2024-02-07,Puskás Akadémia FC,Zalaegerszegi TE FC,0.0,1.0,A,1.59,3.98,5.1
2023-2024,2024-02-07,Kisvárda FC,Fehérvár FC,1.0,2.0,A,2.13,3.46,3.16
2023-2024,2024-02-06,Ferencvárosi TC,MTK Budapest,5.0,1.0,H,1.31,5.08,8.53
2023-2024,2024-02-06,Újpest FC,Debreceni VSC,1.0,2.0,A,2.86,3.17,2.44
2023-2024,2024-02-04,Paksi FC,Puskás Akadémia FC,2.0,1.0,H,1.91,3.51,3.78
2023-2024,2024-02-04,Mezőkövesd Zsóry FC,Kecskeméti TE,0.0,3.0,A,2.4,3.43,2.74
2023-2024,2024-02-03,Debreceni VSC,Diósgyőri VTK,2.0,2.0,D,1.87,3.54,3.9
2023-2024,2024-02-03,Kisvárda FC,Ferencvárosi TC,1.0,3.0,A,6.08,4.13,1.5
2023-2024,2024-02-03,Zalaegerszegi TE FC,Fehérvár FC,3.0,1.0,H,2.17,3.6,2.96
2023-2024,2024-02-02,MTK Budapest,Újpest FC,3.0,0.0,H,2.12,3.45,3.2
2023-2024,2023-12-17,Puskás Akadémia FC,Mezőkövesd Zsóry FC,0.0,0.0,D,1.52,4.06,6.05
2023-2024,2023-12-17,Ferencvárosi TC,Zalaegerszegi TE FC,3.0,0.0,H,1.3,5.31,8.99
2023-2024,2023-12-17,Kecskeméti TE,Debreceni VSC,1.0,1.0,D,3.22,3.05,2.33
2023-2024,2023-12-16,Diósgyőri VTK,MTK Budapest,3.0,3.0,D,1.97,3.65,3.49
2023-2024,2023-12-16,Kisvárda FC,Újpest FC,4.0,0.0,H,2.56,3.19,2.74
2023-2024,2023-12-16,Fehérvár FC,Paksi FC,3.0,0.0,H,2.76,3.86,2.24
2023-2024,2023-12-10,Paksi FC,Ferencvárosi TC,3.0,2.0,H,3.86,3.57,1.88
2023-2024,2023-12-10,Mezőkövesd Zsóry FC,Fehérvár FC,0.0,2.0,A,3.0,3.4,2.27
2023-2024,2023-12-10,Kisvárda FC,Diósgyőri VTK,1.0,2.0,A,2.56,3.4,2.59
2023-2024,2023-12-09,Zalaegerszegi TE FC,Újpest FC,1.0,1.0,D,2.59,3.4,2.57
2023-2024,2023-12-09,MTK Budapest,Debreceni VSC,2.0,1.0,H,3.15,3.29,2.24
2023-2024,2023-12-08,Puskás Akadémia FC,Kecskeméti TE,3.0,0.0,H,1.65,3.83,4.98
2023-2024,2023-12-06,Mezőkövesd Zsóry FC,Ferencvárosi TC,0.0,2.0,A,7.83,4.8,1.36
2023-2024,2023-12-03,Ferencvárosi TC,Mezőkövesd Zsóry FC,0.0,0.0,D,1.23,5.89,11.16
2023-2024,2023-12-03,Diósgyőri VTK,Zalaegerszegi TE FC,0.0,3.0,A,1.82,3.8,3.94
2023-2024,2023-12-03,Újpest FC,Paksi FC,1.0,2.0,A,2.8,3.54,2.35
2023-2024,2023-12-02,Kisvárda FC,Debreceni VSC,0.0,0.0,D,3.58,3.23,2.09
2023-2024,2023-12-02,Fehérvár FC,Puskás Akadémia FC,3.0,1.0,H,3.25,3.5,2.11
2023-2024,2023-12-02,Kecskeméti TE,MTK Budapest,1.0,2.0,A,1.98,3.49,3.61
2023-2024,2023-11-26,Fehérvár FC,Kecskeméti TE,3.0,3.0,D,2.24,3.36,3.08
2023-2024,2023-11-26,Puskás Akadémia FC,Ferencvárosi TC,1.0,1.0,D,3.81,3.55,1.91
2023-2024,2023-11-25,Mezőkövesd Zsóry FC,Újpest FC,4.0,0.0,H,3.21,3.47,2.14
2023-2024,2023-11-25,Zalaegerszegi TE FC,Debreceni VSC,1.0,2.0,A,3.4,3.6,2.04
2023-2024,2023-11-25,Kisvárda FC,MTK Budapest,3.0,1.0,H,2.32,3.39,2.97
2023-2024,2023-11-24,Paksi FC,Diósgyőri VTK,4.0,1.0,H,1.78,3.84,4.16
2023-2024,2023-11-12,Debreceni VSC,Paksi FC,1.0,0.0,H,2.19,3.54,3.06
2023-2024,2023-11-12,Ferencvárosi TC,Fehérvár FC,0.0,1.0,A,1.34,5.13,7.87
2023-2024,2023-11-12,Kisvárda FC,Kecskeméti TE,1.0,2.0,A,2.68,3.33,2.55
2023-2024,2023-11-11,Újpest FC,Puskás Akadémia FC,1.0,2.0,A,2.56,3.44,2.62
2023-2024,2023-11-11,Diósgyőri VTK,Mezőkövesd Zsóry FC,2.0,0.0,H,1.58,4.18,5.15
2023-2024,2023-11-10,MTK Budapest,Zalaegerszegi TE FC,2.0,0.0,H,2.22,3.52,3.02
2023-2024,2023-11-05,Paksi FC,MTK Budapest,0.0,0.0,D,1.6,4.27,4.82
2023-2024,2023-11-05,Kecskeméti TE,Ferencvárosi TC,2.0,1.0,H,4.9,4.19,1.6
2023-2024,2023-11-05,Kisvárda FC,Zalaegerszegi TE FC,0.0,1.0,A,2.13,3.5,3.21
2023-2024,2023-11-04,Fehérvár FC,Újpest FC,2.0,1.0,H,2.47,3.67,2.57
2023-2024,2023-11-04,Puskás Akadémia FC,Diósgyőri VTK,0.0,0.0,D,1.74,3.9,4.31
2023-2024,2023-11-04,Mezőkövesd Zsóry FC,Debreceni VSC,2.0,1.0,H,4.46,3.96,1.7
2023-2024,2023-10-29,Ferencvárosi TC,Újpest FC,3.0,0.0,H,1.42,5.14,5.81
2023-2024,2023-10-29,Paksi FC,Kisvárda FC,3.0,1.0,H,1.61,3.92,5.08
2023-2024,2023-10-29,Mezőkövesd Zsóry FC,MTK Budapest,1.0,0.0,H,3.24,3.42,2.11
2023-2024,2023-10-28,Puskás Akadémia FC,Debreceni VSC,1.0,1.0,D,2.06,3.4,3.37
2023-2024,2023-10-28,Fehérvár FC,Diósgyőri VTK,4.0,0.0,H,2.38,3.56,2.71
2023-2024,2023-10-28,Kecskeméti TE,Zalaegerszegi TE FC,3.0,1.0,H,1.9,3.5,3.85
2023-2024,2023-10-22,Diósgyőri VTK,Ferencvárosi TC,1.0,2.0,A,5.44,4.43,1.52
2023-2024,2023-10-22,Debreceni VSC,Fehérvár FC,3.0,1.0,H,1.73,3.78,4.49
2023-2024,2023-10-22,MTK Budapest,Puskás Akadémia FC,0.0,5.0,A,3.74,3.59,1.92
2023-2024,2023-10-21,Újpest FC,Kecskeméti TE,5.0,3.0,H,2.06,3.46,3.47
2023-2024,2023-10-21,Zalaegerszegi TE FC,Paksi FC,2.0,5.0,A,2.69,3.47,2.46
2023-2024,2023-10-21,Kisvárda FC,Mezőkövesd Zsóry FC,2.0,1.0,H,1.83,3.55,4.14
2023-2024,2023-10-08,Ferencvárosi TC,Debreceni VSC,2.0,2.0,D,1.35,5.12,7.96
2023-2024,2023-10-08,Fehérvár FC,MTK Budapest,3.0,0.0,H,2.3,3.47,2.88
2023-2024,2023-10-07,Kecskeméti TE,Paksi FC,1.0,1.0,D,2.24,3.51,2.96
2023-2024,2023-10-07,Újpest FC,Diósgyőri VTK,2.0,0.0,H,2.16,3.5,3.13
2023-2024,2023-10-06,Puskás Akadémia FC,Kisvárda FC,1.0,0.0,H,1.68,3.7,4.91
2023-2024,2023-10-01,Diósgyőri VTK,Kecskeméti TE,3.0,1.0,H,2.07,3.43,3.48
2023-2024,2023-10-01,Fehérvár FC,Kisvárda FC,3.0,1.0,H,2.54,3.43,2.63
2023-2024,2023-09-30,Debreceni VSC,Újpest FC,1.0,2.0,A,2.02,3.42,3.57
2023-2024,2023-09-30,MTK Budapest,Ferencvárosi TC,1.0,6.0,A,5.95,4.15,1.52
2023-2024,2023-09-29,Zalaegerszegi TE FC,Puskás Akadémia FC,1.0,1.0,D,3.41,3.69,1.97
2023-2024,2023-09-27,Ferencvárosi TC,Kecskeméti TE,1.0,0.0,H,1.33,4.96,8.43
2023-2024,2023-09-27,Paksi FC,Debreceni VSC,2.0,0.0,H,2.15,3.65,3.06
2023-2024,2023-09-24,Ferencvárosi TC,Kisvárda FC,1.0,0.0,H,1.19,6.68,12.55
2023-2024,2023-09-24,Fehérvár FC,Zalaegerszegi TE FC,3.0,3.0,D,2.06,3.57,3.34
2023-2024,2023-09-23,Újpest FC,MTK Budapest,0.0,2.0,A,2.29,3.42,2.99
2023-2024,2023-09-23,Diósgyőri VTK,Debreceni VSC,3.0,1.0,H,2.32,3.36,2.95
2023-2024,2023-09-23,Puskás Akadémia FC,Paksi FC,0.0,2.0,A,1.94,3.71,3.53
2023-2024,2023-09-22,Kecskeméti TE,Mezőkövesd Zsóry FC,0.0,2.0,A,1.59,3.87,5.42
2023-2024,2023-09-03,Debreceni VSC,Kecskeméti TE,2.0,0.0,H,2.29,3.43,2.99
2023-2024,2023-09-03,Zalaegerszegi TE FC,Ferencvárosi TC,2.0,6.0,A,5.7,4.1,1.54
2023-2024,2023-09-03,Mezőkövesd Zsóry FC,Puskás Akadémia FC,1.0,3.0,A,3.97,3.65,1.85
2023-2024,2023-09-02,Paksi FC,Fehérvár FC,2.0,0.0,H,2.18,3.55,3.08
2023-2024,2023-09-02,MTK Budapest,Diósgyőri VTK,2.0,1.0,H,2.39,3.46,2.78
2023-2024,2023-09-01,Újpest FC,Kisvárda FC,3.0,2.0,H,2.13,3.41,3.34
2023-2024,2023-08-27,Fehérvár FC,Mezőkövesd Zsóry FC,2.0,0.0,H,1.77,3.73,4.23
2023-2024,2023-08-27,Ferencvárosi TC,Paksi FC,6.0,1.0,H,1.41,4.79,6.59
2023-2024,2023-08-27,Debreceni VSC,MTK Budapest,1.0,3.0,A,2.06,3.53,3.41
2023-2024,2023-08-26,Újpest FC,Zalaegerszegi TE FC,2.0,1.0,H,2.21,3.35,3.13
2023-2024,2023-08-26,Diósgyőri VTK,Kisvárda FC,2.0,0.0,H,1.84,3.61,4.06
2023-2024,2023-08-26,Kecskeméti TE,Puskás Akadémia FC,4.0,1.0,H,2.3,3.39,2.96
2023-2024,2023-08-21,Debreceni VSC,Kisvárda FC,4.0,1.0,H,2.47,3.33,2.76
2023-2024,2023-08-19,Paksi FC,Újpest FC,3.0,0.0,H,1.94,3.63,3.64
2023-2024,2023-08-19,MTK Budapest,Kecskeméti TE,1.0,0.0,H,2.46,3.39,2.72
2023-2024,2023-08-18,Zalaegerszegi TE FC,Diósgyőri VTK,1.0,3.0,A,2.23,3.38,3.11
2023-2024,2023-08-18,Puskás Akadémia FC,Fehérvár FC,2.0,2.0,D,1.8,3.65,4.18
2023-2024,2023-08-13,Kecskeméti TE,Fehérvár FC,1.0,0.0,H,2.13,3.4,3.31
2023-2024,2023-08-13,Ferencvárosi TC,Puskás Akadémia FC,1.0,2.0,A,1.52,4.11,5.89
2023-2024,2023-08-13,Debreceni VSC,Zalaegerszegi TE FC,1.0,0.0,H,2.06,3.37,3.54
2023-2024,2023-08-12,Diósgyőri VTK,Paksi FC,1.0,1.0,D,2.29,3.53,2.86
2023-2024,2023-08-12,Újpest FC,Mezőkövesd Zsóry FC,1.0,1.0,D,1.62,3.7,5.44
2023-2024,2023-08-11,MTK Budapest,Kisvárda FC,0.0,0.0,D,2.03,3.42,3.59
2023-2024,2023-08-06,Zalaegerszegi TE FC,MTK Budapest,2.0,1.0,H,2.22,3.46,3.04
2023-2024,2023-08-06,Fehérvár FC,Ferencvárosi TC,3.0,5.0,A,4.46,3.78,1.74
2023-2024,2023-08-05,Mezőkövesd Zsóry FC,Diósgyőri VTK,2.0,4.0,A,2.21,3.43,3.08
2023-2024,2023-08-04,Puskás Akadémia FC,Újpest FC,3.0,3.0,D,2.15,3.42,3.2
2023-2024,2023-07-31,Debreceni VSC,Mezőkövesd Zsóry FC,3.0,1.0,H,1.9,3.66,3.76
2023-2024,2023-07-30,Zalaegerszegi TE FC,Kisvárda FC,0.0,2.0,A,2.63,3.36,2.56
2023-2024,2023-07-29,Újpest FC,Fehérvár FC,2.0,1.0,H,2.25,3.33,3.13
2023-2024,2023-07-29,Diósgyőri VTK,Puskás Akadémia FC,0.0,1.0,A,2.64,3.44,2.55
2023-2024,2023-07-28,MTK Budapest,Paksi FC,1.0,1.0,D,2.47,3.87,2.48
2022-2023,2023-05-28,Mezőkövesd Zsóry FC,Ferencvárosi TC,1.0,0.0,H,4.25,4.02,1.71
2022-2023,2023-05-27,Debreceni VSC,Újpest FC,2.0,0.0,H,1.67,3.98,4.58
2022-2023,2023-05-27,Puskás Akadémia FC,Budapest Honvéd FC,2.0,1.0,H,1.78,3.73,4.17
2022-2023,2023-05-27,Vasas FC,Fehérvár FC,0.0,0.0,D,5.76,4.6,1.47
2022-2023,2023-05-26,Zalaegerszegi TE FC,Paksi FC,1.0,1.0,D,2.85,3.77,2.23
2022-2023,2023-05-26,Kecskeméti TE,Kisvárda FC,1.0,0.0,H,1.95,3.42,3.85
2022-2023,2023-05-21,Újpest FC,Kecskeméti TE,3.0,0.0,H,2.71,3.35,2.52
2022-2023,2023-05-21,Budapest Honvéd FC,Mezőkövesd Zsóry FC,2.0,3.0,A,2.11,3.14,3.7
2022-2023,2023-05-20,Ferencvárosi TC,Debreceni VSC,1.0,3.0,A,1.57,4.09,5.43
2022-2023,2023-05-20,Fehérvár FC,Zalaegerszegi TE FC,3.0,0.0,H,1.77,3.71,4.47
2022-2023,2023-05-19,Kisvárda FC,Vasas FC,2.0,1.0,H,1.72,3.79,4.56
2022-2023,2023-05-19,Paksi FC,Puskás Akadémia FC,0.0,2.0,A,2.17,3.48,3.19
2022-2023,2023-05-14,Puskás Akadémia FC,Fehérvár FC,2.0,1.0,H,2.38,3.37,2.83
2022-2023,2023-05-14,Kisvárda FC,Újpest FC,2.0,0.0,H,2.34,3.28,3.01
2022-2023,2023-05-14,Mezőkövesd Zsóry FC,Paksi FC,6.0,1.0,H,3.57,3.63,1.95
2022-2023,2023-05-13,Kecskeméti TE,Ferencvárosi TC,2.0,0.0,H,3.92,3.59,1.87
2022-2023,2023-05-13,Debreceni VSC,Budapest Honvéd FC,0.0,0.0,D,2.06,3.39,3.46
2022-2023,2023-05-13,Vasas FC,Zalaegerszegi TE FC,1.0,1.0,D,2.72,3.32,2.53
2022-2023,2023-05-07,Fehérvár FC,Mezőkövesd Zsóry FC,1.0,1.0,D,1.82,3.54,4.22
2022-2023,2023-05-07,Zalaegerszegi TE FC,Puskás Akadémia FC,2.0,1.0,H,2.83,3.34,2.39
2022-2023,2023-05-06,Ferencvárosi TC,Kisvárda FC,3.0,0.0,H,1.41,4.73,6.83
2022-2023,2023-05-06,Paksi FC,Debreceni VSC,0.0,0.0,D,1.99,3.7,3.41
2022-2023,2023-05-06,Újpest FC,Vasas FC,1.0,1.0,D,1.86,3.59,3.99
2022-2023,2023-05-05,Budapest Honvéd FC,Kecskeméti TE,1.0,0.0,H,2.42,3.39,2.79
2022-2023,2023-05-01,Újpest FC,Ferencvárosi TC,2.0,3.0,A,5.11,4.01,1.6
2022-2023,2023-04-30,Debreceni VSC,Fehérvár FC,2.0,0.0,H,2.15,3.51,3.12
2022-2023,2023-04-29,Vasas FC,Puskás Akadémia FC,2.0,2.0,D,3.58,3.4,2.03
2022-2023,2023-04-29,Kisvárda FC,Budapest Honvéd FC,2.0,2.0,D,2.03,3.35,3.61
2022-2023,2023-04-29,Mezőkövesd Zsóry FC,Zalaegerszegi TE FC,1.0,2.0,A,2.55,3.19,2.78
2022-2023,2023-04-28,Kecskeméti TE,Paksi FC,2.0,3.0,A,2.14,3.46,3.24
2022-2023,2023-04-23,Zalaegerszegi TE FC,Debreceni VSC,0.0,2.0,A,2.16,3.34,3.28
2022-2023,2023-04-23,Puskás Akadémia FC,Mezőkövesd Zsóry FC,2.0,1.0,H,1.67,3.76,5.07
2022-2023,2023-04-23,Paksi FC,Kisvárda FC,2.0,0.0,H,2.08,3.55,3.31
2022-2023,2023-04-22,Vasas FC,Ferencvárosi TC,0.0,1.0,A,6.44,4.55,1.45
2022-2023,2023-04-22,Fehérvár FC,Kecskeméti TE,1.0,2.0,A,2.68,3.38,2.53
2022-2023,2023-04-21,Budapest Honvéd FC,Újpest FC,0.0,1.0,A,2.18,3.37,3.23
2022-2023,2023-04-16,Újpest FC,Paksi FC,3.0,2.0,H,2.49,3.52,2.64
2022-2023,2023-04-16,Kisvárda FC,Fehérvár FC,0.0,0.0,D,2.12,3.39,3.36
2022-2023,2023-04-15,Ferencvárosi TC,Budapest Honvéd FC,3.0,0.0,H,1.4,4.74,7.51
2022-2023,2023-04-15,Mezőkövesd Zsóry FC,Vasas FC,1.0,4.0,A,2.11,3.3,3.46
2022-2023,2023-04-15,Kecskeméti TE,Zalaegerszegi TE FC,3.0,0.0,H,2.13,3.41,3.3
2022-2023,2023-04-14,Debreceni VSC,Puskás Akadémia FC,0.0,1.0,A,2.81,3.34,2.45
2022-2023,2023-04-09,Zalaegerszegi TE FC,Kisvárda FC,0.0,0.0,D,2.4,3.33,2.93
2022-2023,2023-04-09,Vasas FC,Budapest Honvéd FC,0.0,1.0,A,2.7,3.3,2.56
2022-2023,2023-04-08,Paksi FC,Ferencvárosi TC,3.0,2.0,H,4.83,4.2,1.62
2022-2023,2023-04-08,Fehérvár FC,Újpest FC,0.0,0.0,D,2.11,3.5,3.24
2022-2023,2023-04-08,Puskás Akadémia FC,Kecskeméti TE,0.0,3.0,A,2.02,3.45,3.65
2022-2023,2023-04-07,Mezőkövesd Zsóry FC,Debreceni VSC,0.0,1.0,A,2.43,3.4,2.81
2022-2023,2023-04-02,Debreceni VSC,Vasas FC,3.0,1.0,H,1.96,3.4,3.78
2022-2023,2023-04-02,Ferencvárosi TC,Fehérvár FC,2.0,2.0,D,1.38,4.84,7.15
2022-2023,2023-04-02,Kecskeméti TE,Mezőkövesd Zsóry FC,0.0,1.0,A,2.06,3.34,3.53
2022-2023,2023-04-01,Budapest Honvéd FC,Paksi FC,1.0,2.0,A,2.25,3.63,2.88
2022-2023,2023-04-01,Újpest FC,Zalaegerszegi TE FC,3.0,2.0,H,2.13,3.34,3.37
2022-2023,2023-04-01,Kisvárda FC,Puskás Akadémia FC,2.0,2.0,D,2.67,3.26,2.6
2022-2023,2023-03-19,Zalaegerszegi TE FC,Ferencvárosi TC,1.0,0.0,H,5.47,4.2,1.54
2022-2023,2023-03-19,Puskás Akadémia FC,Újpest FC,5.0,1.0,H,1.96,3.43,3.72
2022-2023,2023-03-19,Vasas FC,Paksi FC,2.0,3.0,A,2.62,3.49,2.48
2022-2023,2023-03-18,Fehérvár FC,Budapest Honvéd FC,2.0,0.0,H,2.11,3.34,3.34
2022-2023,2023-03-18,Debreceni VSC,Kecskeméti TE,1.0,2.0,A,2.26,3.32,3.03
2022-2023,2023-03-18,Mezőkövesd Zsóry FC,Kisvárda FC,1.0,1.0,D,2.89,3.26,2.38
2022-2023,2023-03-12,Ferencvárosi TC,Puskás Akadémia FC,1.0,2.0,A,1.54,3.98,6.02
2022-2023,2023-03-12,Újpest FC,Mezőkövesd Zsóry FC,1.0,0.0,H,2.04,3.24,3.68
2022-2023,2023-03-12,Kecskeméti TE,Vasas FC,2.0,0.0,H,2.06,3.28,3.59
2022-2023,2023-03-11,Budapest Honvéd FC,Zalaegerszegi TE FC,1.0,0.0,H,2.35,3.33,2.9
2022-2023,2023-03-11,Paksi FC,Fehérvár FC,2.0,1.0,H,2.05,3.48,3.42
2022-2023,2023-03-11,Kisvárda FC,Debreceni VSC,0.0,1.0,A,1.92,3.51,3.82
2022-2023,2023-03-05,Újpest FC,Debreceni VSC,1.0,1.0,D,2.06,3.42,3.38
2022-2023,2023-03-05,Budapest Honvéd FC,Puskás Akadémia FC,3.0,1.0,H,2.82,3.19,2.48
2022-2023,2023-03-04,Fehérvár FC,Vasas FC,2.0,1.0,H,1.97,3.31,3.81
2022-2023,2023-03-04,Paksi FC,Zalaegerszegi TE FC,3.0,1.0,H,2.46,3.42,2.67
2022-2023,2023-03-04,Kisvárda FC,Kecskeméti TE,0.0,1.0,A,1.83,3.54,4.17
2022-2023,2023-03-03,Ferencvárosi TC,Mezőkövesd Zsóry FC,1.0,1.0,D,1.26,5.68,9.95
2022-2023,2023-02-26,Debreceni VSC,Ferencvárosi TC,0.0,2.0,A,5.37,4.28,1.53
2022-2023,2023-02-26,Kecskeméti TE,Újpest FC,2.0,2.0,D,2.67,3.17,2.63
2022-2023,2023-02-25,Vasas FC,Kisvárda FC,2.0,2.0,D,3.07,3.14,2.37
2022-2023,2023-02-25,Puskás Akadémia FC,Paksi FC,1.0,4.0,A,1.83,3.54,4.16
2022-2023,2023-02-25,Zalaegerszegi TE FC,Fehérvár FC,2.0,1.0,H,2.25,3.32,3.16
2022-2023,2023-02-24,Mezőkövesd Zsóry FC,Budapest Honvéd FC,0.0,0.0,D,2.36,3.37,2.93
2022-2023,2023-02-19,Budapest Honvéd FC,Debreceni VSC,2.0,3.0,A,2.38,3.25,2.98
2022-2023,2023-02-19,Zalaegerszegi TE FC,Vasas FC,0.0,0.0,D,1.95,3.42,3.9
2022-2023,2023-02-18,Fehérvár FC,Puskás Akadémia FC,1.0,1.0,D,2.75,3.21,2.58
2022-2023,2023-02-18,Ferencvárosi TC,Kecskeméti TE,1.0,1.0,D,1.29,5.31,9.97
2022-2023,2023-02-18,Paksi FC,Mezőkövesd Zsóry FC,0.0,2.0,A,2.12,3.6,3.19
2022-2023,2023-02-17,Kisvárda FC,Újpest FC,2.0,1.0,H,2.07,3.22,3.72
2022-2023,2023-02-12,Vasas FC,Újpest FC,0.0,1.0,A,2.77,3.07,2.64
2022-2023,2023-02-12,Puskás Akadémia FC,Zalaegerszegi TE FC,1.0,0.0,H,1.87,3.58,3.97
2022-2023,2023-02-11,Debreceni VSC,Paksi FC,2.0,1.0,H,2.04,3.6,3.37
2022-2023,2023-02-11,Kisvárda FC,Ferencvárosi TC,0.0,0.0,D,3.81,3.76,1.85
2022-2023,2023-02-11,Kecskeméti TE,Budapest Honvéd FC,2.0,2.0,D,2.34,3.37,2.95
2022-2023,2023-02-10,Mezőkövesd Zsóry FC,Fehérvár FC,2.0,1.0,H,2.65,3.29,2.6
2022-2023,2023-02-05,Ferencvárosi TC,Újpest FC,3.0,1.0,H,1.34,5.02,7.83
2022-2023,2023-02-05,Zalaegerszegi TE FC,Mezőkövesd Zsóry FC,0.0,0.0,D,1.99,3.48,3.55
2022-2023,2023-02-04,Fehérvár FC,Debreceni VSC,1.0,1.0,D,1.99,3.58,3.43
2022-2023,2023-02-04,Budapest Honvéd FC,Kisvárda FC,1.0,1.0,D,3.11,3.29,2.22
2022-2023,2023-02-04,Paksi FC,Kecskeméti TE,0.0,0.0,D,2.01,3.39,3.56
2022-2023,2023-02-03,Puskás Akadémia FC,Vasas FC,1.0,1.0,D,1.64,3.67,5.27
2022-2023,2023-02-01,Paksi FC,Ferencvárosi TC,1.0,3.0,A,5.55,4.54,1.48
2022-2023,2023-01-29,Kecskeméti TE,Fehérvár FC,2.0,1.0,H,2.99,3.41,2.26
2022-2023,2023-01-29,Újpest FC,Budapest Honvéd FC,2.0,1.0,H,1.86,3.65,3.98
2022-2023,2023-01-29,Mezőkövesd Zsóry FC,Puskás Akadémia FC,1.0,0.0,H,3.63,3.53,1.98
2022-2023,2023-01-28,Ferencvárosi TC,Vasas FC,0.0,0.0,D,1.27,5.77,9.79
2022-2023,2023-01-28,Debreceni VSC,Zalaegerszegi TE FC,3.0,0.0,H,2.51,3.47,2.62
2022-2023,2023-01-28,Kisvárda FC,Paksi FC,2.0,2.0,D,1.88,3.74,3.75
2022-2023,2023-01-24,Zalaegerszegi TE FC,Ferencvárosi TC,1.0,2.0,A,4.69,3.87,1.68
2022-2023,2022-11-13,Vasas FC,Mezőkövesd Zsóry FC,1.0,0.0,H,2.26,3.2,3.15
2022-2023,2022-11-13,Budapest Honvéd FC,Ferencvárosi TC,0.0,2.0,A,5.7,4.42,1.48
2022-2023,2022-11-13,Fehérvár FC,Kisvárda FC,4.0,1.0,H,2.51,3.38,2.65
2022-2023,2022-11-12,Zalaegerszegi TE FC,Kecskeméti TE,0.0,0.0,D,1.9,3.57,3.74
2022-2023,2022-11-12,Paksi FC,Újpest FC,3.0,1.0,H,2.38,3.46,2.73
2022-2023,2022-11-12,Puskás Akadémia FC,Debreceni VSC,2.0,1.0,H,1.62,4.1,4.78
2022-2023,2022-11-10,Budapest Honvéd FC,Vasas FC,2.0,0.0,H,2.28,3.13,3.2
2022-2023,2022-11-09,Újpest FC,Fehérvár FC,2.0,1.0,H,2.39,3.33,2.82
2022-2023,2022-11-09,Ferencvárosi TC,Paksi FC,3.0,2.0,H,1.31,5.64,7.74
2022-2023,2022-11-09,Debreceni VSC,Mezőkövesd Zsóry FC,1.0,0.0,H,2.2,3.45,3.04
2022-2023,2022-11-08,Kecskeméti TE,Puskás Akadémia FC,1.0,1.0,D,3.48,3.51,1.99
2022-2023,2022-11-08,Kisvárda FC,Zalaegerszegi TE FC,0.0,3.0,A,1.93,3.48,3.75
2022-2023,2022-11-06,Fehérvár FC,Ferencvárosi TC,2.0,2.0,D,4.05,3.67,1.81
2022-2023,2022-11-06,Paksi FC,Budapest Honvéd FC,5.0,0.0,H,1.94,3.65,3.54
2022-2023,2022-11-06,Vasas FC,Debreceni VSC,0.0,3.0,A,2.3,3.28,3.01
2022-2023,2022-11-05,Zalaegerszegi TE FC,Újpest FC,1.0,0.0,H,2.25,3.46,2.93
2022-2023,2022-11-05,Puskás Akadémia FC,Kisvárda FC,0.0,1.0,A,1.83,3.58,4.12
2022-2023,2022-11-05,Mezőkövesd Zsóry FC,Kecskeméti TE,2.0,1.0,H,2.21,3.36,3.09
2022-2023,2022-10-30,Ferencvárosi TC,Zalaegerszegi TE FC,2.0,1.0,H,1.32,5.42,7.86
2022-2023,2022-10-30,Újpest FC,Puskás Akadémia FC,3.0,3.0,D,2.9,3.2,2.41
2022-2023,2022-10-29,Paksi FC,Vasas FC,0.0,1.0,A,2.04,3.52,3.36
2022-2023,2022-10-29,Kecskeméti TE,Debreceni VSC,2.0,2.0,D,2.14,3.39,3.23
2022-2023,2022-10-29,Budapest Honvéd FC,Fehérvár FC,0.0,1.0,A,2.89,3.37,2.33
2022-2023,2022-10-24,Debreceni VSC,Kisvárda FC,2.0,3.0,A,3.31,3.43,2.08
2022-2023,2022-10-24,Mezőkövesd Zsóry FC,Újpest FC,1.0,0.0,H,2.5,3.34,2.67
2022-2023,2022-10-22,Puskás Akadémia FC,Ferencvárosi TC,2.0,4.0,A,3.05,3.24,2.3
2022-2023,2022-10-22,Fehérvár FC,Paksi FC,1.0,1.0,D,1.88,3.77,3.6
2022-2023,2022-10-22,Zalaegerszegi TE FC,Budapest Honvéd FC,0.0,2.0,A,1.9,3.72,3.56
2022-2023,2022-10-21,Vasas FC,Kecskeméti TE,1.0,2.0,A,2.16,3.35,3.22
2022-2023,2022-10-16,Mezőkövesd Zsóry FC,Ferencvárosi TC,2.0,1.0,H,4.66,4.39,1.58
2022-2023,2022-10-16,Debreceni VSC,Újpest FC,4.0,1.0,H,2.93,3.2,2.38
2022-2023,2022-10-15,Vasas FC,Fehérvár FC,2.0,0.0,H,3.06,3.38,2.2
2022-2023,2022-10-15,Puskás Akadémia FC,Budapest Honvéd FC,1.0,0.0,H,1.6,3.78,5.41
2022-2023,2022-10-15,Zalaegerszegi TE FC,Paksi FC,3.0,0.0,H,2.04,3.67,3.19
2022-2023,2022-10-14,Kecskeméti TE,Kisvárda FC,3.0,3.0,D,2.97,3.22,2.32
2022-2023,2022-10-10,Fehérvár FC,Újpest FC,0.0,1.0,A,1.97,3.55,3.49
2022-2023,2022-10-09,Ferencvárosi TC,Debreceni VSC,2.0,0.0,H,1.3,5.43,8.42
2022-2023,2022-10-09,Paksi FC,Puskás Akadémia FC,1.0,3.0,A,2.75,3.61,2.31
2022-2023,2022-10-08,Budapest Honvéd FC,Mezőkövesd Zsóry FC,2.0,2.0,D,2.21,3.4,3.07
2022-2023,2022-10-08,Kisvárda FC,Vasas FC,2.0,0.0,H,1.8,3.61,4.13
2022-2023,2022-10-07,Újpest FC,Kecskeméti TE,1.0,2.0,A,1.84,3.6,3.95
2022-2023,2022-10-07,Fehérvár FC,Zalaegerszegi TE FC,1.0,1.0,D,1.83,3.73,3.89
2022-2023,2022-10-02,Puskás Akadémia FC,Fehérvár FC,1.0,1.0,D,2.13,3.36,3.26
2022-2023,2022-10-01,Debreceni VSC,Budapest Honvéd FC,4.0,3.0,H,2.35,3.26,2.94
2022-2023,2022-10-01,Újpest FC,Kisvárda FC,4.0,0.0,H,2.59,3.23,2.64
2022-2023,2022-09-30,Mezőkövesd Zsóry FC,Paksi FC,1.0,2.0,A,2.3,3.46,2.87
2022-2023,2022-09-11,Újpest FC,Vasas FC,2.0,1.0,H,2.04,3.27,3.58
2022-2023,2022-09-11,Zalaegerszegi TE FC,Puskás Akadémia FC,1.0,2.0,A,2.4,3.26,2.85
2022-2023,2022-09-10,Fehérvár FC,Mezőkövesd Zsóry FC,2.0,1.0,H,1.56,4.19,5.07
2022-2023,2022-09-10,Budapest Honvéd FC,Kecskeméti TE,0.0,0.0,D,1.78,3.68,4.15
2022-2023,2022-09-10,Paksi FC,Debreceni VSC,1.0,0.0,H,1.78,3.99,3.81
2022-2023,2022-09-04,Újpest FC,Ferencvárosi TC,0.0,6.0,A,5.67,4.17,1.51
2022-2023,2022-09-04,Kisvárda FC,Budapest Honvéd FC,0.0,1.0,A,1.7,3.61,4.83
2022-2023,2022-09-03,Debreceni VSC,Fehérvár FC,1.0,0.0,H,3.23,3.7,2.02
2022-2023,2022-09-03,Vasas FC,Puskás Akadémia FC,1.0,1.0,D,3.72,3.37,1.98
2022-2023,2022-09-03,Kecskeméti TE,Paksi FC,3.0,1.0,H,3.04,3.6,2.13
2022-2023,2022-09-02,Mezőkövesd Zsóry FC,Zalaegerszegi TE FC,0.0,5.0,A,1.98,3.57,3.45
2022-2023,2022-09-01,Budapest Honvéd FC,Újpest FC,0.0,0.0,D,2.73,3.45,2.41
2022-2023,2022-08-31,Fehérvár FC,Kecskeméti TE,2.0,1.0,H,1.28,5.39,9.09
2022-2023,2022-08-31,Paksi FC,Kisvárda FC,1.0,3.0,A,2.31,3.65,2.72
2022-2023,2022-08-30,Zalaegerszegi TE FC,Debreceni VSC,4.0,2.0,H,1.72,3.91,4.26
2022-2023,2022-08-30,Puskás Akadémia FC,Mezőkövesd Zsóry FC,1.0,0.0,H,1.58,3.93,5.37
2022-2023,2022-08-28,Ferencvárosi TC,Budapest Honvéd FC,3.0,1.0,H,1.39,4.71,6.98
2022-2023,2022-08-28,Kisvárda FC,Fehérvár FC,3.0,1.0,H,2.06,3.5,3.33
2022-2023,2022-08-27,Debreceni VSC,Puskás Akadémia FC,1.0,1.0,D,3.38,3.52,2.03
2022-2023,2022-08-27,Kecskeméti TE,Zalaegerszegi TE FC,3.0,1.0,H,3.07,3.31,2.26
2022-2023,2022-08-27,Mezőkövesd Zsóry FC,Vasas FC,1.0,1.0,D,2.34,3.28,2.93
2022-2023,2022-08-26,Újpest FC,Paksi FC,2.0,3.0,A,2.09,3.72,3.04
2022-2023,2022-08-22,Mezőkövesd Zsóry FC,Debreceni VSC,4.0,2.0,H,2.08,3.52,3.29
2022-2023,2022-08-21,Vasas FC,Budapest Honvéd FC,1.0,2.0,A,2.29,3.42,2.89
2022-2023,2022-08-21,Zalaegerszegi TE FC,Kisvárda FC,1.0,3.0,A,2.73,3.27,2.51
2022-2023,2022-08-19,Puskás Akadémia FC,Kecskeméti TE,1.0,1.0,D,1.36,4.54,8.16
2022-2023,2022-08-14,Ferencvárosi TC,Fehérvár FC,4.0,0.0,H,1.71,3.75,4.62
2022-2023,2022-08-14,Budapest Honvéd FC,Paksi FC,3.0,3.0,D,2.28,3.65,2.77
2022-2023,2022-08-14,Kisvárda FC,Puskás Akadémia FC,1.0,1.0,D,2.52,3.2,2.75
2022-2023,2022-08-13,Újpest FC,Zalaegerszegi TE FC,1.0,1.0,D,1.98,3.58,3.48
2022-2023,2022-08-13,Kecskeméti TE,Mezőkövesd Zsóry FC,1.0,0.0,H,2.81,3.35,2.38
2022-2023,2022-08-12,Debreceni VSC,Vasas FC,1.0,1.0,D,2.34,3.42,2.83
2022-2023,2022-08-07,Fehérvár FC,Budapest Honvéd FC,4.0,0.0,H,1.71,3.76,4.5
2022-2023,2022-08-07,Puskás Akadémia FC,Újpest FC,2.0,0.0,H,1.94,3.51,3.7
2022-2023,2022-08-07,Kisvárda FC,Mezőkövesd Zsóry FC,4.0,2.0,H,1.9,3.44,3.83
2022-2023,2022-08-06,Debreceni VSC,Kecskeméti TE,1.0,1.0,D,1.73,3.72,4.48
2022-2023,2022-08-05,Vasas FC,Paksi FC,2.0,2.0,D,2.55,3.48,2.52
2022-2023,2022-07-31,Ferencvárosi TC,Puskás Akadémia FC,1.0,0.0,H,1.62,3.76,5.14
2022-2023,2022-07-31,Paksi FC,Fehérvár FC,2.0,0.0,H,2.72,3.59,2.35
2022-2023,2022-07-31,Kisvárda FC,Debreceni VSC,2.0,2.0,D,1.68,3.71,4.73
2022-2023,2022-07-30,Újpest FC,Mezőkövesd Zsóry FC,1.0,1.0,D,1.97,3.55,3.5
2022-2023,2022-07-30,Kecskeméti TE,Vasas FC,0.0,0.0,D,2.81,3.41,2.38
2022-2023,2022-07-29,Budapest Honvéd FC,Zalaegerszegi TE FC,0.0,1.0,A,2.07,3.54,3.27
2021-2022,2022-05-15,MTK Budapest,Debreceni VSC,3.0,0.0,H,1.58,4.12,5.09
2021-2022,2022-05-15,Puskás Akadémia FC,Budapest Honvéd FC,1.0,2.0,A,2.19,3.07,3.52
2021-2022,2022-05-15,Kisvárda FC,Zalaegerszegi TE FC,2.0,1.0,H,1.86,3.64,3.9
2021-2022,2022-05-14,Fehérvár FC,Paksi FC,2.0,2.0,D,1.54,4.62,4.9
2021-2022,2022-05-14,Gyirmót FC Győr,Ferencvárosi TC,1.0,2.0,A,4.48,4.06,1.67
2021-2022,2022-05-13,Mezőkövesd Zsóry FC,Újpest FC,2.0,3.0,A,2.72,3.73,2.3
2021-2022,2022-05-08,Újpest FC,Fehérvár FC,1.0,1.0,D,2.73,3.38,2.46
2021-2022,2022-05-08,Zalaegerszegi TE FC,Gyirmót FC Győr,0.0,1.0,A,1.84,3.72,3.92
2021-2022,2022-05-08,Paksi FC,Kisvárda FC,0.0,1.0,A,2.58,3.71,2.42
2021-2022,2022-05-07,Ferencvárosi TC,MTK Budapest,0.0,3.0,A,1.25,5.77,9.77
2021-2022,2022-05-07,Budapest Honvéd FC,Mezőkövesd Zsóry FC,0.0,0.0,D,1.64,4.01,4.79
2021-2022,2022-05-07,Debreceni VSC,Puskás Akadémia FC,1.0,1.0,D,4.47,3.9,1.7
2021-2022,2022-05-05,Kisvárda FC,Újpest FC,2.0,1.0,H,2.43,3.33,2.79
2021-2022,2022-05-04,Ferencvárosi TC,Zalaegerszegi TE FC,5.0,3.0,H,1.37,4.78,7.21
2021-2022,2022-05-04,MTK Budapest,Puskás Akadémia FC,0.0,0.0,D,3.53,3.47,2.0
2021-2022,2022-05-04,Gyirmót FC Győr,Paksi FC,3.0,3.0,D,3.42,3.94,1.9
2021-2022,2022-05-03,Fehérvár FC,Budapest Honvéd FC,2.0,0.0,H,1.7,3.81,4.45
2021-2022,2022-05-03,Mezőkövesd Zsóry FC,Debreceni VSC,0.0,1.0,A,1.92,3.44,3.82
2021-2022,2022-05-01,Újpest FC,Gyirmót FC Győr,2.0,2.0,D,1.59,3.94,5.37
2021-2022,2022-05-01,Zalaegerszegi TE FC,MTK Budapest,2.0,3.0,A,1.86,3.62,3.96
2021-2022,2022-04-30,Debreceni VSC,Fehérvár FC,0.0,3.0,A,3.7,3.64,1.92
2021-2022,2022-04-30,Budapest Honvéd FC,Kisvárda FC,1.0,1.0,D,2.34,3.2,3.06
2021-2022,2022-04-30,Puskás Akadémia FC,Mezőkövesd Zsóry FC,3.0,1.0,H,1.61,3.78,5.44
2021-2022,2022-04-29,Paksi FC,Ferencvárosi TC,1.0,2.0,A,3.62,4.18,1.8
2021-2022,2022-04-24,Gyirmót FC Győr,Budapest Honvéd FC,1.0,1.0,D,3.31,3.28,2.17
2021-2022,2022-04-24,Ferencvárosi TC,Újpest FC,2.0,1.0,H,1.45,4.33,6.63
2021-2022,2022-04-23,Fehérvár FC,Puskás Akadémia FC,2.0,2.0,D,2.37,3.26,2.89
2021-2022,2022-04-23,Zalaegerszegi TE FC,Paksi FC,2.0,3.0,A,2.43,3.83,2.49
2021-2022,2022-04-23,Kisvárda FC,Debreceni VSC,1.0,0.0,H,1.69,3.79,4.55
2021-2022,2022-04-22,MTK Budapest,Mezőkövesd Zsóry FC,0.0,4.0,A,2.24,3.27,3.17
2021-2022,2022-04-17,Puskás Akadémia FC,Kisvárda FC,0.0,0.0,D,2.04,3.18,3.79
2021-2022,2022-04-17,Mezőkövesd Zsóry FC,Fehérvár FC,1.0,2.0,A,3.05,3.29,2.29
2021-2022,2022-04-16,Budapest Honvéd FC,Ferencvárosi TC,1.0,2.0,A,4.71,3.73,1.69
2021-2022,2022-04-16,Paksi FC,MTK Budapest,4.0,0.0,H,2.04,3.81,3.21
2021-2022,2022-04-16,Újpest FC,Zalaegerszegi TE FC,4.0,0.0,H,1.88,3.56,3.91
2021-2022,2022-04-15,Debreceni VSC,Gyirmót FC Győr,3.0,1.0,H,2.13,3.33,3.31
2021-2022,2022-04-10,MTK Budapest,Fehérvár FC,1.0,1.0,D,3.64,3.44,1.98
2021-2022,2022-04-10,Paksi FC,Újpest FC,1.0,3.0,A,2.17,3.75,2.93
2021-2022,2022-04-09,Ferencvárosi TC,Debreceni VSC,3.0,0.0,H,1.22,5.88,11.44
2021-2022,2022-04-09,Gyirmót FC Győr,Puskás Akadémia FC,1.0,1.0,D,4.08,3.32,1.92
2021-2022,2022-04-09,Kisvárda FC,Mezőkövesd Zsóry FC,1.0,2.0,A,1.73,3.63,4.56
2021-2022,2022-04-08,Zalaegerszegi TE FC,Budapest Honvéd FC,3.0,1.0,H,2.92,3.15,2.43
2021-2022,2022-04-03,Puskás Akadémia FC,Ferencvárosi TC,2.0,2.0,D,4.15,3.51,1.85
2021-2022,2022-04-03,Újpest FC,MTK Budapest,2.0,0.0,H,1.81,3.59,4.19
2021-2022,2022-04-02,Budapest Honvéd FC,Paksi FC,1.0,1.0,D,2.09,3.74,3.12
2021-2022,2022-04-02,Fehérvár FC,Kisvárda FC,5.0,3.0,H,2.39,3.15,3.01
2021-2022,2022-04-02,Debreceni VSC,Zalaegerszegi TE FC,0.0,0.0,D,2.52,3.32,2.72
2021-2022,2022-04-01,Mezőkövesd Zsóry FC,Gyirmót FC Győr,1.0,0.0,H,1.94,3.33,3.9
2021-2022,2022-03-20,Újpest FC,Budapest Honvéd FC,0.0,2.0,A,2.18,3.38,3.19
2021-2022,2022-03-20,Paksi FC,Debreceni VSC,0.0,1.0,A,1.6,4.49,4.54
2021-2022,2022-03-19,MTK Budapest,Kisvárda FC,0.0,0.0,D,3.12,3.2,2.3
2021-2022,2022-03-19,Gyirmót FC Győr,Fehérvár FC,0.0,2.0,A,4.14,3.36,1.87
2021-2022,2022-03-19,Zalaegerszegi TE FC,Puskás Akadémia FC,0.0,0.0,D,3.13,3.23,2.27
2021-2022,2022-03-18,Ferencvárosi TC,Mezőkövesd Zsóry FC,1.0,0.0,H,1.21,6.35,11.42
2021-2022,2022-03-13,Fehérvár FC,Ferencvárosi TC,0.0,2.0,A,4.28,3.62,1.78
2021-2022,2022-03-13,Kisvárda FC,Gyirmót FC Győr,1.0,0.0,H,1.44,4.22,7.48
2021-2022,2022-03-12,MTK Budapest,Budapest Honvéd FC,1.0,0.0,H,3.18,3.3,2.22
2021-2022,2022-03-12,Mezőkövesd Zsóry FC,Zalaegerszegi TE FC,0.0,0.0,D,2.39,3.3,2.89
2021-2022,2022-03-12,Debreceni VSC,Újpest FC,1.0,2.0,A,3.45,3.68,1.96
2021-2022,2022-03-11,Puskás Akadémia FC,Paksi FC,2.0,0.0,H,2.05,4.01,2.99
2021-2022,2022-03-06,Ferencvárosi TC,Kisvárda FC,2.0,1.0,H,1.56,3.85,5.76
2021-2022,2022-03-06,Zalaegerszegi TE FC,Fehérvár FC,2.0,0.0,H,3.14,3.42,2.18
2021-2022,2022-03-05,Budapest Honvéd FC,Debreceni VSC,4.0,2.0,H,1.78,3.8,4.17
2021-2022,2022-03-05,Újpest FC,Puskás Akadémia FC,2.0,1.0,H,2.64,3.26,2.59
2021-2022,2022-03-05,Paksi FC,Mezőkövesd Zsóry FC,4.0,0.0,H,1.84,4.08,3.56
2021-2022,2022-03-04,Gyirmót FC Győr,MTK Budapest,1.0,1.0,D,2.63,3.03,2.8
2021-2022,2022-02-27,Debreceni VSC,MTK Budapest,1.0,0.0,H,2.18,3.48,3.1
2021-2022,2022-02-27,Újpest FC,Mezőkövesd Zsóry FC,3.0,1.0,H,1.96,3.48,3.69
2021-2022,2022-02-26,Ferencvárosi TC,Gyirmót FC Győr,1.0,1.0,D,1.21,5.96,12.33
2021-2022,2022-02-26,Budapest Honvéd FC,Puskás Akadémia FC,0.0,0.0,D,2.56,3.37,2.61
2021-2022,2022-02-26,Zalaegerszegi TE FC,Kisvárda FC,0.0,0.0,D,2.96,3.34,2.33
2021-2022,2022-02-25,Paksi FC,Fehérvár FC,3.0,2.0,H,2.44,3.75,2.55
2021-2022,2022-02-20,Fehérvár FC,Újpest FC,1.0,2.0,A,1.85,3.68,3.88
2021-2022,2022-02-20,Puskás Akadémia FC,Debreceni VSC,0.0,2.0,A,1.54,4.03,5.68
2021-2022,2022-02-19,MTK Budapest,Ferencvárosi TC,0.0,0.0,D,6.38,4.26,1.47
2021-2022,2022-02-19,Gyirmót FC Győr,Zalaegerszegi TE FC,0.0,1.0,A,2.5,3.18,2.83
2021-2022,2022-02-19,Kisvárda FC,Paksi FC,3.0,3.0,D,1.77,3.95,3.97
2021-2022,2022-02-18,Mezőkövesd Zsóry FC,Budapest Honvéd FC,0.0,0.0,D,2.82,3.42,2.38
2021-2022,2022-02-13,Zalaegerszegi TE FC,Ferencvárosi TC,1.0,3.0,A,5.49,4.23,1.54
2021-2022,2022-02-13,Budapest Honvéd FC,Fehérvár FC,3.0,1.0,H,3.03,3.44,2.23
2021-2022,2022-02-12,Puskás Akadémia FC,MTK Budapest,1.0,2.0,A,1.47,4.23,6.2
2021-2022,2022-02-12,Debreceni VSC,Mezőkövesd Zsóry FC,1.0,4.0,A,2.43,3.37,2.76
2021-2022,2022-02-12,Paksi FC,Gyirmót FC Győr,2.0,3.0,A,1.63,4.25,4.51
2021-2022,2022-02-11,Újpest FC,Kisvárda FC,0.0,0.0,D,3.03,3.37,2.26
2021-2022,2022-02-06,Ferencvárosi TC,Paksi FC,0.0,3.0,A,1.31,5.45,7.78
2021-2022,2022-02-06,Mezőkövesd Zsóry FC,Puskás Akadémia FC,1.0,2.0,A,3.01,3.18,2.37
2021-2022,2022-02-05,Fehérvár FC,Debreceni VSC,1.0,2.0,A,1.35,4.81,7.98
2021-2022,2022-02-05,Gyirmót FC Győr,Újpest FC,1.0,0.0,H,2.92,3.21,2.4
2021-2022,2022-02-05,Kisvárda FC,Budapest Honvéd FC,3.0,2.0,H,1.88,3.54,3.89
2021-2022,2022-02-04,MTK Budapest,Zalaegerszegi TE FC,0.0,2.0,A,2.26,3.55,2.89
2021-2022,2022-01-30,Újpest FC,Ferencvárosi TC,0.0,1.0,A,4.8,3.87,1.64
2021-2022,2022-01-30,Mezőkövesd Zsóry FC,MTK Budapest,1.0,1.0,D,2.3,3.41,2.93
2021-2022,2022-01-30,Puskás Akadémia FC,Fehérvár FC,1.0,0.0,H,2.57,3.22,2.72
2021-2022,2022-01-29,Budapest Honvéd FC,Gyirmót FC Győr,0.0,1.0,A,1.58,4.03,5.13
2021-2022,2022-01-29,Debreceni VSC,Kisvárda FC,0.0,0.0,D,3.49,3.58,1.98
2021-2022,2022-01-29,Paksi FC,Zalaegerszegi TE FC,3.0,2.0,H,1.73,4.34,3.83
2021-2022,2022-01-27,Puskás Akadémia FC,Ferencvárosi TC,1.0,0.0,H,3.62,3.43,1.95
2021-2022,2021-12-19,Zalaegerszegi TE FC,Újpest FC,2.0,0.0,H,2.38,3.5,2.75
2021-2022,2021-12-19,Gyirmót FC Győr,Debreceni VSC,0.0,0.0,D,2.24,3.39,3.06
2021-2022,2021-12-19,Kisvárda FC,Puskás Akadémia FC,1.0,1.0,D,2.13,3.38,3.31
2021-2022,2021-12-18,Fehérvár FC,Mezőkövesd Zsóry FC,1.0,0.0,H,1.54,4.25,5.41
2021-2022,2021-12-18,MTK Budapest,Paksi FC,1.0,4.0,A,3.01,3.93,2.07
2021-2022,2021-12-18,Ferencvárosi TC,Budapest Honvéd FC,1.0,0.0,H,1.37,4.92,7.13
2021-2022,2021-12-12,Mezőkövesd Zsóry FC,Kisvárda FC,0.0,2.0,A,2.85,3.31,2.43
2021-2022,2021-12-12,Debreceni VSC,Ferencvárosi TC,2.0,0.0,H,7.07,5.18,1.36
2021-2022,2021-12-12,Újpest FC,Paksi FC,4.0,3.0,H,2.27,3.83,2.76
2021-2022,2021-12-11,MTK Budapest,Fehérvár FC,0.0,2.0,A,4.1,3.65,1.83
2021-2022,2021-12-11,Budapest Honvéd FC,Zalaegerszegi TE FC,2.0,2.0,D,1.85,3.72,3.94
2021-2022,2021-12-11,Puskás Akadémia FC,Gyirmót FC Győr,3.0,0.0,H,1.64,3.94,4.81
2021-2022,2021-12-05,MTK Budapest,Újpest FC,2.0,1.0,H,3.23,3.52,2.13
2021-2022,2021-12-05,Kisvárda FC,Fehérvár FC,2.0,1.0,H,2.64,3.25,2.63
2021-2022,2021-12-04,Zalaegerszegi TE FC,Debreceni VSC,2.0,1.0,H,2.1,3.67,3.16
2021-2022,2021-12-04,Ferencvárosi TC,Puskás Akadémia FC,1.0,1.0,D,1.47,4.41,5.94
2021-2022,2021-12-04,Gyirmót FC Győr,Mezőkövesd Zsóry FC,0.0,1.0,A,3.04,3.4,2.26
2021-2022,2021-12-03,Paksi FC,Budapest Honvéd FC,2.0,3.0,A,1.86,4.09,3.48
2021-2022,2021-11-28,Mezőkövesd Zsóry FC,Ferencvárosi TC,0.0,3.0,A,5.31,4.17,1.56
2021-2022,2021-11-28,Puskás Akadémia FC,Zalaegerszegi TE FC,1.0,1.0,D,1.66,4.0,4.69
2021-2022,2021-11-28,Debreceni VSC,Paksi FC,1.0,1.0,D,2.72,4.18,2.18
2021-2022,2021-11-27,Budapest Honvéd FC,Újpest FC,1.0,2.0,A,2.11,3.59,3.2
2021-2022,2021-11-27,Fehérvár FC,Gyirmót FC Győr,3.0,2.0,H,1.32,5.08,8.92
2021-2022,2021-11-27,Kisvárda FC,MTK Budapest,5.0,0.0,H,1.63,3.84,5.13
2021-2022,2021-11-21,Budapest Honvéd FC,MTK Budapest,3.0,0.0,H,1.87,3.67,3.86
2021-2022,2021-11-21,Ferencvárosi TC,Fehérvár FC,3.0,0.0,H,1.75,3.64,4.44
2021-2022,2021-11-20,Újpest FC,Debreceni VSC,3.0,1.0,H,2.12,3.54,3.2
2021-2022,2021-11-20,Gyirmót FC Győr,Kisvárda FC,1.0,1.0,D,3.86,3.38,1.94
2021-2022,2021-11-20,Paksi FC,Puskás Akadémia FC,4.0,1.0,H,2.49,3.71,2.52
2021-2022,2021-11-19,Zalaegerszegi TE FC,Mezőkövesd Zsóry FC,1.0,1.0,D,2.52,3.29,2.71
2021-2022,2021-11-07,Fehérvár FC,Zalaegerszegi TE FC,3.0,0.0,H,1.54,4.1,5.55
2021-2022,2021-11-07,Kisvárda FC,Ferencvárosi TC,0.0,4.0,A,3.44,3.31,2.1
2021-2022,2021-11-06,Puskás Akadémia FC,Újpest FC,2.0,1.0,H,1.83,3.65,4.05
2021-2022,2021-11-06,Debreceni VSC,Budapest Honvéd FC,5.0,3.0,H,2.91,3.42,2.32
2021-2022,2021-11-06,Mezőkövesd Zsóry FC,Paksi FC,2.0,1.0,H,2.46,3.75,2.51
2021-2022,2021-11-05,MTK Budapest,Gyirmót FC Győr,0.0,3.0,A,1.91,3.6,3.72
2021-2022,2021-10-31,Puskás Akadémia FC,Budapest Honvéd FC,3.0,1.0,H,2.02,3.56,3.37
2021-2022,2021-10-31,Kisvárda FC,Zalaegerszegi TE FC,5.0,0.0,H,1.88,3.59,3.82
2021-2022,2021-10-30,Gyirmót FC Győr,Ferencvárosi TC,0.0,2.0,A,7.54,4.91,1.36
2021-2022,2021-10-30,MTK Budapest,Debreceni VSC,1.0,1.0,D,2.02,3.6,3.36
2021-2022,2021-10-30,Mezőkövesd Zsóry FC,Újpest FC,2.0,2.0,D,2.24,3.45,3.02
2021-2022,2021-10-29,Fehérvár FC,Paksi FC,2.0,1.0,H,1.84,4.03,3.5
2021-2022,2021-10-24,Ferencvárosi TC,MTK Budapest,0.0,0.0,D,1.26,5.81,8.79
2021-2022,2021-10-24,Budapest Honvéd FC,Mezőkövesd Zsóry FC,2.0,3.0,A,1.77,3.68,4.29
2021-2022,2021-10-24,Debreceni VSC,Puskás Akadémia FC,0.0,3.0,A,2.78,3.56,2.34
2021-2022,2021-10-22,Újpest FC,Fehérvár FC,1.0,0.0,H,3.33,3.54,2.03
2021-2022,2021-10-22,Paksi FC,Kisvárda FC,2.0,2.0,D,2.0,3.76,3.22
2021-2022,2021-10-22,Zalaegerszegi TE FC,Gyirmót FC Győr,2.0,1.0,H,1.8,3.77,4.06
2021-2022,2021-10-17,Mezőkövesd Zsóry FC,Debreceni VSC,1.0,0.0,H,2.02,3.68,3.35
2021-2022,2021-10-17,Kisvárda FC,Újpest FC,0.0,0.0,D,1.89,3.6,3.76
2021-2022,2021-10-16,Fehérvár FC,Budapest Honvéd FC,2.0,1.0,H,1.92,3.54,3.81
2021-2022,2021-10-16,Ferencvárosi TC,Zalaegerszegi TE FC,1.0,2.0,A,1.26,5.85,9.08
2021-2022,2021-10-16,Gyirmót FC Győr,Paksi FC,2.0,1.0,H,3.54,3.98,1.87
2021-2022,2021-10-15,MTK Budapest,Puskás Akadémia FC,0.0,1.0,A,3.27,3.49,2.1
2021-2022,2021-10-03,Paksi FC,Ferencvárosi TC,1.0,3.0,A,3.77,4.09,1.78
2021-2022,2021-10-03,Zalaegerszegi TE FC,MTK Budapest,2.0,0.0,H,2.15,3.7,3.01
2021-2022,2021-10-02,Debreceni VSC,Fehérvár FC,1.0,1.0,D,3.21,3.56,2.11
2021-2022,2021-10-02,Puskás Akadémia FC,Mezőkövesd Zsóry FC,2.0,0.0,H,1.78,3.83,4.09
2021-2022,2021-10-02,Újpest FC,Gyirmót FC Győr,1.0,3.0,A,1.56,4.21,5.17
2021-2022,2021-10-01,Budapest Honvéd FC,Kisvárda FC,2.0,1.0,H,2.33,3.26,2.93
2021-2022,2021-09-26,Ferencvárosi TC,Újpest FC,3.0,1.0,H,1.28,5.63,8.72
2021-2022,2021-09-26,Kisvárda FC,Debreceni VSC,2.0,1.0,H,2.02,3.55,3.4
2021-2022,2021-09-25,Fehérvár FC,Puskás Akadémia FC,0.0,0.0,D,1.84,3.74,3.9
2021-2022,2021-09-25,Gyirmót FC Győr,Budapest Honvéd FC,2.0,4.0,A,5.58,4.09,1.56
2021-2022,2021-09-25,MTK Budapest,Mezőkövesd Zsóry FC,1.0,0.0,H,2.48,3.39,2.7
2021-2022,2021-09-24,Zalaegerszegi TE FC,Paksi FC,2.0,5.0,A,2.53,3.71,2.42
2021-2022,2021-09-22,Fehérvár FC,Ferencvárosi TC,0.0,1.0,A,3.39,3.58,1.98
2021-2022,2021-09-13,Újpest FC,Zalaegerszegi TE FC,2.0,2.0,D,1.84,3.77,3.79
2021-2022,2021-09-12,Puskás Akadémia FC,Kisvárda FC,0.0,1.0,A,2.21,3.36,3.11
2021-2022,2021-09-11,Mezőkövesd Zsóry FC,Fehérvár FC,2.0,2.0,D,3.39,3.55,2.0
2021-2022,2021-09-11,Paksi FC,MTK Budapest,3.0,2.0,H,1.81,3.92,3.71
2021-2022,2021-09-11,Budapest Honvéd FC,Ferencvárosi TC,0.0,1.0,A,3.53,3.61,1.95
2021-2022,2021-09-10,Debreceni VSC,Gyirmót FC Győr,5.0,0.0,H,1.74,3.85,4.16
2021-2022,2021-08-29,Paksi FC,Újpest FC,2.0,1.0,H,1.74,4.19,3.85
2021-2022,2021-08-29,Gyirmót FC Győr,Puskás Akadémia FC,0.0,1.0,A,3.05,3.4,2.22
2021-2022,2021-08-28,Fehérvár FC,MTK Budapest,2.0,1.0,H,1.46,4.48,6.18
2021-2022,2021-08-28,Ferencvárosi TC,Debreceni VSC,4.0,2.0,H,1.15,7.17,14.75
2021-2022,2021-08-28,Kisvárda FC,Mezőkövesd Zsóry FC,2.0,0.0,H,2.07,3.14,3.77
2021-2022,2021-08-27,Zalaegerszegi TE FC,Budapest Honvéd FC,1.0,3.0,A,2.3,3.54,2.83
2021-2022,2021-08-22,Újpest FC,MTK Budapest,1.0,2.0,A,2.22,3.39,3.07
2021-2022,2021-08-22,Mezőkövesd Zsóry FC,Gyirmót FC Győr,0.0,0.0,D,1.66,3.88,4.61
2021-2022,2021-08-21,Budapest Honvéd FC,Paksi FC,3.0,1.0,H,2.28,3.76,2.71
2021-2022,2021-08-21,Fehérvár FC,Kisvárda FC,2.0,1.0,H,1.69,3.72,4.68
2021-2022,2021-08-21,Debreceni VSC,Zalaegerszegi TE FC,1.0,2.0,A,1.76,4.15,3.78
2021-2022,2021-08-15,Újpest FC,Budapest Honvéd FC,1.0,1.0,D,2.44,3.39,2.74
2021-2022,2021-08-14,Gyirmót FC Győr,Fehérvár FC,1.0,1.0,D,5.09,4.11,1.58
2021-2022,2021-08-14,Ferencvárosi TC,Mezőkövesd Zsóry FC,4.0,1.0,H,1.52,4.29,5.42
2021-2022,2021-08-14,Paksi FC,Debreceni VSC,3.0,3.0,D,1.96,3.95,3.24
2021-2022,2021-08-13,MTK Budapest,Kisvárda FC,1.0,2.0,A,2.47,3.08,2.9
2021-2022,2021-08-08,Puskás Akadémia FC,Paksi FC,1.0,6.0,A,1.8,3.94,3.77
2021-2022,2021-08-08,Debreceni VSC,Újpest FC,2.0,2.0,D,2.07,3.57,3.23
2021-2022,2021-08-07,Mezőkövesd Zsóry FC,Zalaegerszegi TE FC,3.0,2.0,H,2.03,3.5,3.36
2021-2022,2021-08-06,Kisvárda FC,Gyirmót FC Győr,2.0,1.0,H,1.85,3.47,4.04
2021-2022,2021-08-01,Újpest FC,Puskás Akadémia FC,1.0,2.0,A,2.7,3.49,2.43
2021-2022,2021-08-01,Zalaegerszegi TE FC,Fehérvár FC,1.0,1.0,D,4.05,3.73,1.81
2021-2022,2021-07-31,Budapest Honvéd FC,Debreceni VSC,1.0,4.0,A,2.0,3.67,3.4
2021-2022,2021-07-31,Ferencvárosi TC,Kisvárda FC,1.0,2.0,A,1.35,4.75,8.14
2021-2022,2021-07-30,Paksi FC,Mezőkövesd Zsóry FC,2.0,3.0,A,2.11,3.66,3.13
2020-2021,2021-05-09,Puskás Akadémia FC,Budafoki MTE,5.0,0.0,H,1.26,5.75,9.49
2020-2021,2021-05-09,Diósgyőri VTK,Fehérvár FC,0.0,4.0,A,5.28,4.09,1.57
2020-2021,2021-05-09,Kisvárda FC,Paksi FC,5.0,1.0,H,3.19,3.48,2.14
2020-2021,2021-05-08,Újpest FC,Zalaegerszegi TE FC,5.0,4.0,H,2.13,3.71,3.02
2020-2021,2021-05-08,Budapest Honvéd FC,Ferencvárosi TC,1.0,2.0,A,3.97,3.69,1.83
2020-2021,2021-05-07,Mezőkövesd Zsóry FC,MTK Budapest,5.0,1.0,H,1.92,3.64,3.68
2020-2021,2021-05-02,Budafoki MTE,Budapest Honvéd FC,0.0,1.0,A,8.81,4.83,1.33
2020-2021,2021-05-01,Ferencvárosi TC,Mezőkövesd Zsóry FC,2.0,1.0,H,1.34,4.81,8.37
2020-2021,2021-05-01,Zalaegerszegi TE FC,Kisvárda FC,0.0,0.0,D,2.02,3.31,3.6
2020-2021,2021-04-30,Paksi FC,Puskás Akadémia FC,4.0,2.0,H,2.14,3.79,2.93
2020-2021,2021-04-29,MTK Budapest,Fehérvár FC,1.0,3.0,A,4.25,3.86,1.73
2020-2021,2021-04-29,Diósgyőri VTK,Újpest FC,0.0,0.0,D,1.51,4.41,5.45
2020-2021,2021-04-25,Budapest Honvéd FC,Mezőkövesd Zsóry FC,2.0,2.0,D,1.9,3.49,3.87
2020-2021,2021-04-25,Fehérvár FC,Ferencvárosi TC,1.0,2.0,A,2.78,3.21,2.49
2020-2021,2021-04-25,Budafoki MTE,Paksi FC,2.0,9.0,A,3.9,3.92,1.8
2020-2021,2021-04-24,Újpest FC,MTK Budapest,1.0,3.0,A,2.09,3.65,3.14
2020-2021,2021-04-24,Kisvárda FC,Diósgyőri VTK,0.0,1.0,A,3.0,3.26,2.33
2020-2021,2021-04-24,Puskás Akadémia FC,Zalaegerszegi TE FC,1.0,4.0,A,1.7,3.88,4.45
2020-2021,2021-04-21,Paksi FC,Budapest Honvéd FC,2.0,0.0,H,2.04,3.59,3.32
2020-2021,2021-04-21,Mezőkövesd Zsóry FC,Fehérvár FC,1.0,3.0,A,3.25,3.27,2.18
2020-2021,2021-04-21,Diósgyőri VTK,Puskás Akadémia FC,2.0,1.0,H,3.2,3.53,2.09
2020-2021,2021-04-21,MTK Budapest,Kisvárda FC,0.0,1.0,A,2.23,3.45,3.05
2020-2021,2021-04-20,Ferencvárosi TC,Újpest FC,3.0,0.0,H,1.44,4.34,6.67
2020-2021,2021-04-20,Zalaegerszegi TE FC,Budafoki MTE,5.0,0.0,H,1.76,3.73,4.22
2020-2021,2021-04-18,Budapest Honvéd FC,Fehérvár FC,2.0,3.0,A,3.72,3.54,1.92
2020-2021,2021-04-18,Puskás Akadémia FC,MTK Budapest,3.0,0.0,H,1.75,3.7,4.39
2020-2021,2021-04-17,Paksi FC,Zalaegerszegi TE FC,1.0,1.0,D,1.84,3.8,3.76
2020-2021,2021-04-17,Kisvárda FC,Ferencvárosi TC,0.0,0.0,D,6.85,4.02,1.48
2020-2021,2021-04-17,Újpest FC,Mezőkövesd Zsóry FC,3.0,0.0,H,2.65,3.23,2.61
2020-2021,2021-04-16,Budafoki MTE,Diósgyőri VTK,1.0,2.0,A,2.78,3.47,2.35
2020-2021,2021-04-11,Zalaegerszegi TE FC,Budapest Honvéd FC,0.0,1.0,A,2.37,3.51,2.73
2020-2021,2021-04-11,Diósgyőri VTK,Paksi FC,1.0,4.0,A,2.92,3.6,2.25
2020-2021,2021-04-10,Ferencvárosi TC,Puskás Akadémia FC,1.0,1.0,D,1.66,3.76,5.01
2020-2021,2021-04-10,Fehérvár FC,Újpest FC,4.0,0.0,H,1.61,4.01,5.0
2020-2021,2021-04-10,MTK Budapest,Budafoki MTE,0.0,0.0,D,1.68,3.94,4.65
2020-2021,2021-04-09,Mezőkövesd Zsóry FC,Kisvárda FC,0.0,1.0,A,2.1,3.23,3.48
2020-2021,2021-04-04,Puskás Akadémia FC,Mezőkövesd Zsóry FC,2.0,0.0,H,1.82,3.54,4.17
2020-2021,2021-04-04,Budafoki MTE,Ferencvárosi TC,0.0,4.0,A,9.3,5.22,1.29
2020-2021,2021-04-04,Kisvárda FC,Fehérvár FC,0.0,0.0,D,3.79,3.46,1.94
2020-2021,2021-04-03,Budapest Honvéd FC,Újpest FC,2.0,2.0,D,2.06,3.52,3.33
2020-2021,2021-04-03,Zalaegerszegi TE FC,Diósgyőri VTK,2.0,0.0,H,2.02,3.68,3.3
2020-2021,2021-04-03,Paksi FC,MTK Budapest,3.0,1.0,H,2.07,3.59,3.26
2020-2021,2021-03-14,Puskás Akadémia FC,Fehérvár FC,1.0,0.0,H,3.06,3.47,2.21
2020-2021,2021-03-14,Ferencvárosi TC,Paksi FC,5.0,2.0,H,1.36,4.94,7.52
2020-2021,2021-03-14,Mezőkövesd Zsóry FC,Budafoki MTE,2.0,1.0,H,1.64,3.73,5.13
2020-2021,2021-03-13,Diósgyőri VTK,Budapest Honvéd FC,0.0,0.0,D,2.42,3.4,2.74
2020-2021,2021-03-13,MTK Budapest,Zalaegerszegi TE FC,3.0,0.0,H,2.28,3.49,2.9
2020-2021,2021-03-13,Újpest FC,Kisvárda FC,3.0,0.0,H,2.45,3.18,2.9
2020-2021,2021-03-07,Budafoki MTE,Fehérvár FC,1.0,2.0,A,6.17,4.28,1.48
2020-2021,2021-03-07,Zalaegerszegi TE FC,Ferencvárosi TC,2.0,2.0,D,6.3,4.42,1.47
2020-2021,2021-03-07,Budapest Honvéd FC,Kisvárda FC,0.0,1.0,A,2.26,3.21,3.15
2020-2021,2021-03-06,Puskás Akadémia FC,Újpest FC,2.0,1.0,H,1.76,3.76,4.19
2020-2021,2021-03-06,Paksi FC,Mezőkövesd Zsóry FC,2.0,2.0,D,2.17,3.54,3.06
2020-2021,2021-03-05,Diósgyőri VTK,MTK Budapest,0.0,0.0,D,2.51,3.23,2.75
2020-2021,2021-03-03,Fehérvár FC,Paksi FC,2.0,2.0,D,1.75,3.82,4.23
2020-2021,2021-03-03,Újpest FC,Budafoki MTE,2.0,0.0,H,1.88,3.54,3.88
2020-2021,2021-03-03,Mezőkövesd Zsóry FC,Zalaegerszegi TE FC,2.0,0.0,H,2.12,3.4,3.35
2020-2021,2021-03-02,Ferencvárosi TC,Diósgyőri VTK,1.0,0.0,H,1.26,5.63,9.92
2020-2021,2021-03-02,Budapest Honvéd FC,MTK Budapest,3.0,2.0,H,2.33,3.42,2.86
2020-2021,2021-03-02,Kisvárda FC,Puskás Akadémia FC,0.0,1.0,A,3.31,3.37,2.11
2020-2021,2021-02-28,Zalaegerszegi TE FC,Fehérvár FC,0.0,2.0,A,3.91,3.76,1.82
2020-2021,2021-02-28,Paksi FC,Újpest FC,1.0,3.0,A,1.9,3.67,3.67
2020-2021,2021-02-27,MTK Budapest,Ferencvárosi TC,2.0,2.0,D,4.79,3.62,1.7
2020-2021,2021-02-27,Puskás Akadémia FC,Budapest Honvéd FC,1.0,2.0,A,1.91,3.6,3.63
2020-2021,2021-02-27,Budafoki MTE,Kisvárda FC,2.0,0.0,H,2.92,3.5,2.23
2020-2021,2021-02-26,Diósgyőri VTK,Mezőkövesd Zsóry FC,2.0,2.0,D,2.27,3.17,3.2
2020-2021,2021-02-21,Paksi FC,Kisvárda FC,3.0,0.0,H,2.13,3.57,3.13
2020-2021,2021-02-21,Budafoki MTE,Puskás Akadémia FC,0.0,3.0,A,4.03,3.86,1.77
2020-2021,2021-02-20,Ferencvárosi TC,Budapest Honvéd FC,1.0,0.0,H,1.31,5.22,8.98
2020-2021,2021-02-20,Fehérvár FC,Diósgyőri VTK,1.0,3.0,A,1.43,4.59,6.42
2020-2021,2021-02-20,Zalaegerszegi TE FC,Újpest FC,3.0,0.0,H,2.28,3.33,3.05
2020-2021,2021-02-19,MTK Budapest,Mezőkövesd Zsóry FC,0.0,0.0,D,2.34,3.2,3.04
2020-2021,2021-02-14,Fehérvár FC,MTK Budapest,1.0,2.0,A,1.47,4.34,6.52
2020-2021,2021-02-14,Mezőkövesd Zsóry FC,Ferencvárosi TC,2.0,2.0,D,5.71,3.7,1.62
2020-2021,2021-02-13,Budapest Honvéd FC,Budafoki MTE,2.0,3.0,A,1.81,3.53,4.35
2020-2021,2021-02-13,Kisvárda FC,Zalaegerszegi TE FC,2.0,1.0,H,2.45,3.07,2.99
2020-2021,2021-02-13,Puskás Akadémia FC,Paksi FC,3.0,2.0,H,2.09,3.2,3.69
2020-2021,2021-02-12,Újpest FC,Diósgyőri VTK,1.0,0.0,H,2.15,3.47,3.2
2020-2021,2021-02-07,Ferencvárosi TC,Fehérvár FC,2.0,0.0,H,2.03,3.11,3.92
2020-2021,2021-02-07,Zalaegerszegi TE FC,Puskás Akadémia FC,1.0,2.0,A,2.74,3.48,2.41
2020-2021,2021-02-07,Paksi FC,Budafoki MTE,4.0,1.0,H,1.74,3.97,4.17
2020-2021,2021-02-06,MTK Budapest,Újpest FC,1.0,3.0,A,1.96,3.61,3.57
2020-2021,2021-02-06,Mezőkövesd Zsóry FC,Budapest Honvéd FC,2.0,1.0,H,2.2,3.24,3.28
2020-2021,2021-02-06,Diósgyőri VTK,Kisvárda FC,2.0,0.0,H,2.78,3.52,2.36
2020-2021,2021-02-03,Budafoki MTE,Zalaegerszegi TE FC,3.0,1.0,H,3.46,3.57,2.0
2020-2021,2021-02-03,Újpest FC,Ferencvárosi TC,0.0,4.0,A,6.97,4.51,1.41
2020-2021,2021-02-03,Budapest Honvéd FC,Paksi FC,1.0,1.0,D,2.6,3.42,2.55
2020-2021,2021-02-03,Puskás Akadémia FC,Diósgyőri VTK,2.0,0.0,H,1.67,4.01,4.49
2020-2021,2021-02-02,Fehérvár FC,Mezőkövesd Zsóry FC,0.0,0.0,D,1.48,4.36,6.07
2020-2021,2021-02-02,Kisvárda FC,MTK Budapest,0.0,2.0,A,2.18,3.32,3.24
2020-2021,2021-01-31,Diósgyőri VTK,Budafoki MTE,1.0,1.0,D,1.92,3.58,3.69
2020-2021,2021-01-31,Zalaegerszegi TE FC,Paksi FC,4.0,4.0,D,2.25,3.47,2.98
2020-2021,2021-01-30,Fehérvár FC,Budapest Honvéd FC,1.0,2.0,A,1.35,5.03,7.69
2020-2021,2021-01-30,Ferencvárosi TC,Kisvárda FC,1.0,1.0,D,1.39,4.6,7.76
2020-2021,2021-01-30,Mezőkövesd Zsóry FC,Újpest FC,3.0,2.0,H,2.01,3.44,3.54
2020-2021,2021-01-30,MTK Budapest,Puskás Akadémia FC,0.0,1.0,A,2.73,3.43,2.41
2020-2021,2021-01-27,Budafoki MTE,Ferencvárosi TC,0.0,3.0,A,10.54,5.36,1.26
2020-2021,2021-01-27,Kisvárda FC,Fehérvár FC,2.0,1.0,H,4.59,3.87,1.69
2020-2021,2021-01-24,Budapest Honvéd FC,Zalaegerszegi TE FC,2.0,2.0,D,2.17,3.29,3.27
2020-2021,2021-01-24,Paksi FC,Diósgyőri VTK,2.0,1.0,H,2.03,3.69,3.27
2020-2021,2021-01-24,Budafoki MTE,MTK Budapest,2.0,2.0,D,3.1,3.42,2.18
2020-2021,2021-01-23,Újpest FC,Fehérvár FC,0.0,5.0,A,5.19,4.16,1.56
2020-2021,2021-01-23,Puskás Akadémia FC,Ferencvárosi TC,1.0,1.0,D,4.16,3.58,1.82
2020-2021,2021-01-23,Kisvárda FC,Mezőkövesd Zsóry FC,0.0,0.0,D,2.18,3.28,3.26
2020-2021,2021-01-20,Ferencvárosi TC,Diósgyőri VTK,0.0,1.0,A,1.2,6.5,12.17
2020-2021,2020-12-23,Budafoki MTE,Budapest Honvéd FC,1.0,2.0,A,2.68,3.35,2.51
2020-2021,2020-12-23,Újpest FC,Zalaegerszegi TE FC,3.0,2.0,H,2.78,3.47,2.38
2020-2021,2020-12-20,Újpest FC,Budapest Honvéd FC,2.0,1.0,H,2.51,3.28,2.73
2020-2021,2020-12-20,Mezőkövesd Zsóry FC,Puskás Akadémia FC,1.0,0.0,H,3.34,3.35,2.12
2020-2021,2020-12-19,Ferencvárosi TC,Budafoki MTE,2.0,1.0,H,1.17,7.13,14.07
2020-2021,2020-12-19,Diósgyőri VTK,Zalaegerszegi TE FC,1.0,3.0,A,3.1,3.46,2.19
2020-2021,2020-12-19,MTK Budapest,Paksi FC,3.0,1.0,H,2.54,3.59,2.53
2020-2021,2020-12-18,Fehérvár FC,Kisvárda FC,3.0,0.0,H,1.47,4.21,6.66
2020-2021,2020-12-16,Budafoki MTE,Mezőkövesd Zsóry FC,0.0,1.0,A,2.46,3.31,2.74
2020-2021,2020-12-16,Paksi FC,Ferencvárosi TC,1.0,3.0,A,4.64,3.79,1.69
2020-2021,2020-12-16,Budapest Honvéd FC,Diósgyőri VTK,5.0,1.0,H,1.91,3.53,3.75
2020-2021,2020-12-16,Zalaegerszegi TE FC,MTK Budapest,2.0,0.0,H,2.25,3.57,2.9
2020-2021,2020-12-15,Fehérvár FC,Puskás Akadémia FC,1.0,1.0,D,1.74,4.01,3.99
2020-2021,2020-12-15,Kisvárda FC,Újpest FC,1.0,1.0,D,1.97,3.55,3.5
2020-2021,2020-12-13,MTK Budapest,Diósgyőri VTK,1.0,0.0,H,1.78,4.13,3.73
2020-2021,2020-12-13,Mezőkövesd Zsóry FC,Paksi FC,4.0,3.0,H,2.89,3.5,2.25
2020-2021,2020-12-12,Fehérvár FC,Budafoki MTE,4.0,1.0,H,1.28,5.62,8.86
2020-2021,2020-12-12,Ferencvárosi TC,Zalaegerszegi TE FC,2.0,0.0,H,1.35,4.94,7.72
2020-2021,2020-12-12,Kisvárda FC,Budapest Honvéd FC,0.0,0.0,D,2.13,3.44,3.21
2020-2021,2020-12-11,Újpest FC,Puskás Akadémia FC,1.0,2.0,A,2.96,3.45,2.24
2020-2021,2020-12-06,Paksi FC,Fehérvár FC,1.0,0.0,H,4.11,4.06,1.71
2020-2021,2020-12-06,Budapest Honvéd FC,MTK Budapest,2.0,2.0,D,2.43,3.19,2.87
2020-2021,2020-12-05,Puskás Akadémia FC,Kisvárda FC,0.0,0.0,D,2.03,3.45,3.46
2020-2021,2020-12-05,Diósgyőri VTK,Ferencvárosi TC,1.0,3.0,A,6.28,4.06,1.49
2020-2021,2020-12-05,Zalaegerszegi TE FC,Mezőkövesd Zsóry FC,3.0,0.0,H,1.96,3.45,3.66
2020-2021,2020-12-04,Budafoki MTE,Újpest FC,1.0,1.0,D,2.62,3.59,2.42
2020-2021,2020-11-29,Budapest Honvéd FC,Puskás Akadémia FC,0.0,1.0,A,2.99,3.47,2.22
2020-2021,2020-11-29,Mezőkövesd Zsóry FC,Diósgyőri VTK,2.0,1.0,H,1.97,3.54,3.53
2020-2021,2020-11-28,Ferencvárosi TC,MTK Budapest,2.0,0.0,H,1.33,4.89,8.24
2020-2021,2020-11-28,Fehérvár FC,Zalaegerszegi TE FC,2.0,0.0,H,1.44,4.55,6.25
2020-2021,2020-11-28,Kisvárda FC,Budafoki MTE,0.0,0.0,D,1.64,3.98,4.71
2020-2021,2020-11-27,Újpest FC,Paksi FC,1.0,1.0,D,3.0,3.63,2.15
2020-2021,2020-11-22,Fehérvár FC,Diósgyőri VTK,3.0,0.0,H,1.31,5.34,8.05
2020-2021,2020-11-21,Budapest Honvéd FC,Ferencvárosi TC,0.0,1.0,A,6.49,4.02,1.49
2020-2021,2020-11-21,Mezőkövesd Zsóry FC,MTK Budapest,0.0,1.0,A,2.85,3.47,2.29
2020-2021,2020-11-21,Puskás Akadémia FC,Budafoki MTE,3.0,0.0,H,1.62,4.02,4.81
2020-2021,2020-11-20,Kisvárda FC,Paksi FC,3.0,1.0,H,2.3,3.39,2.9
2020-2021,2020-11-08,Ferencvárosi TC,Mezőkövesd Zsóry FC,3.0,0.0,H,1.35,4.85,8.22
2020-2021,2020-11-08,Zalaegerszegi TE FC,Kisvárda FC,1.0,2.0,A,2.31,3.44,2.87
2020-2021,2020-11-07,MTK Budapest,Fehérvár FC,3.0,1.0,H,3.61,3.84,1.88
2020-2021,2020-11-07,Paksi FC,Puskás Akadémia FC,6.0,2.0,H,2.42,3.71,2.59
2020-2021,2020-11-04,Puskás Akadémia FC,Budapest Honvéd FC,1.0,0.0,H,1.62,4.09,4.85
2020-2021,2020-11-01,Kisvárda FC,Diósgyőri VTK,1.0,0.0,H,1.78,3.78,4.0
2020-2021,2020-11-01,Újpest FC,MTK Budapest,0.0,4.0,A,4.17,4.21,1.7
2020-2021,2020-11-01,Budafoki MTE,Paksi FC,2.0,3.0,A,2.6,3.51,2.47
2020-2021,2020-10-31,Fehérvár FC,Ferencvárosi TC,1.0,1.0,D,2.43,3.23,2.82
2020-2021,2020-10-31,Budapest Honvéd FC,Mezőkövesd Zsóry FC,1.0,1.0,D,2.39,3.25,2.88
2020-2021,2020-10-31,Puskás Akadémia FC,Zalaegerszegi TE FC,1.0,2.0,A,1.82,3.89,3.71
2020-2021,2020-10-25,Diósgyőri VTK,Puskás Akadémia FC,3.0,0.0,H,3.45,3.74,1.95
2020-2021,2020-10-25,Mezőkövesd Zsóry FC,Fehérvár FC,1.0,2.0,A,5.22,4.0,1.58
2020-2021,2020-10-25,Zalaegerszegi TE FC,Budafoki MTE,1.0,3.0,A,1.65,4.0,4.72
2020-2021,2020-10-24,Ferencvárosi TC,Újpest FC,2.0,0.0,H,1.43,4.52,6.58
2020-2021,2020-10-24,Paksi FC,Budapest Honvéd FC,0.0,0.0,D,1.89,3.82,3.58
2020-2021,2020-10-24,MTK Budapest,Kisvárda FC,1.0,1.0,D,2.17,3.42,3.14
2020-2021,2020-10-18,Budapest Honvéd FC,Fehérvár FC,2.0,2.0,D,4.05,3.73,1.8
2020-2021,2020-10-18,Paksi FC,Zalaegerszegi TE FC,3.0,1.0,H,2.51,3.27,2.7
2020-2021,2020-10-17,Puskás Akadémia FC,MTK Budapest,0.0,3.0,A,1.72,4.0,4.17
2020-2021,2020-10-17,Újpest FC,Mezőkövesd Zsóry FC,1.0,0.0,H,2.18,3.12,3.43
2020-2021,2020-10-17,Budafoki MTE,Diósgyőri VTK,2.0,1.0,H,2.22,3.36,3.08
2020-2021,2020-10-16,Kisvárda FC,Ferencvárosi TC,0.0,2.0,A,4.14,3.41,1.86
2020-2021,2020-10-04,Fehérvár FC,Újpest FC,5.0,1.0,H,1.51,4.08,6.05
2020-2021,2020-10-04,Ferencvárosi TC,Puskás Akadémia FC,2.0,1.0,H,1.52,4.25,5.61
2020-2021,2020-10-04,Zalaegerszegi TE FC,Budapest Honvéd FC,2.0,4.0,A,1.95,3.68,3.48
2020-2021,2020-10-03,Diósgyőri VTK,Paksi FC,1.0,2.0,A,2.16,3.56,3.06
2020-2021,2020-10-03,Mezőkövesd Zsóry FC,Kisvárda FC,1.0,2.0,A,2.18,3.3,3.24
2020-2021,2020-10-02,MTK Budapest,Budafoki MTE,1.0,2.0,A,1.93,3.59,3.57
2020-2021,2020-09-27,Budapest Honvéd FC,Újpest FC,1.0,2.0,A,2.32,3.37,2.91
2020-2021,2020-09-26,Zalaegerszegi TE FC,Diósgyőri VTK,3.0,1.0,H,1.8,3.76,4.01
2020-2021,2020-09-26,Paksi FC,MTK Budapest,4.0,0.0,H,3.31,3.43,2.09
2020-2021,2020-09-25,Puskás Akadémia FC,Mezőkövesd Zsóry FC,1.0,0.0,H,1.99,3.49,3.53
2020-2021,2020-09-13,MTK Budapest,Zalaegerszegi TE FC,0.0,3.0,A,2.02,3.45,3.45
2020-2021,2020-09-13,Újpest FC,Kisvárda FC,2.0,4.0,A,2.0,3.22,3.78
2020-2021,2020-09-12,Fehérvár FC,Puskás Akadémia FC,3.0,1.0,H,1.59,3.92,5.16
2020-2021,2020-09-12,Diósgyőri VTK,Budapest Honvéd FC,2.0,4.0,A,2.38,3.3,2.83
2020-2021,2020-09-12,Mezőkövesd Zsóry FC,Budafoki MTE,1.0,0.0,H,1.84,3.52,4.03
2020-2021,2020-09-11,Ferencvárosi TC,Paksi FC,5.0,0.0,H,1.17,6.95,12.77
2020-2021,2020-09-04,Kisvárda FC,Puskás Akadémia FC,0.0,3.0,A,2.12,3.35,3.29
2020-2021,2020-08-30,Budapest Honvéd FC,Kisvárda FC,1.0,2.0,A,1.89,3.37,3.89
2020-2021,2020-08-30,Puskás Akadémia FC,Újpest FC,3.0,2.0,H,3.86,3.5,1.91
2020-2021,2020-08-30,Budafoki MTE,Fehérvár FC,1.0,4.0,A,5.98,4.36,1.46
2020-2021,2020-08-30,Zalaegerszegi TE FC,Ferencvárosi TC,1.0,2.0,A,4.3,3.73,1.71
2020-2021,2020-08-29,Paksi FC,Mezőkövesd Zsóry FC,1.0,2.0,A,2.52,3.17,2.67
2020-2021,2020-08-28,Diósgyőri VTK,MTK Budapest,1.0,1.0,D,2.42,3.34,2.69
2020-2021,2020-08-23,Újpest FC,Budafoki MTE,1.0,1.0,D,1.56,4.04,5.22
2020-2021,2020-08-22,Fehérvár FC,Paksi FC,1.0,1.0,D,1.43,4.32,6.75
2020-2021,2020-08-21,MTK Budapest,Budapest Honvéd FC,3.0,1.0,H,2.18,3.27,3.15
2020-2021,2020-08-21,Mezőkövesd Zsóry FC,Zalaegerszegi TE FC,1.0,1.0,D,2.02,3.42,3.38
2020-2021,2020-08-17,Budafoki MTE,Kisvárda FC,2.0,1.0,H,3.19,3.33,2.15
2020-2021,2020-08-16,Diósgyőri VTK,Mezőkövesd Zsóry FC,2.0,1.0,H,2.45,3.21,2.78
2020-2021,2020-08-15,Zalaegerszegi TE FC,Fehérvár FC,3.0,3.0,D,3.37,3.59,1.99
2020-2021,2020-08-15,Paksi FC,Újpest FC,1.0,2.0,A,2.37,3.23,2.89
2020-2021,2020-08-14,MTK Budapest,Ferencvárosi TC,1.0,1.0,D,4.98,3.78,1.62
2019-2020,2020-06-27,Ferencvárosi TC,Mezőkövesd Zsóry FC,1.0,0.0,H,1.73,3.89,4.0
2019-2020,2020-06-27,Puskás Akadémia FC,Budapest Honvéd FC,2.0,1.0,H,1.45,4.11,6.56
2019-2020,2020-06-27,Debreceni VSC,Paksi FC,1.0,1.0,D,1.91,3.46,3.67
2019-2020,2020-06-27,Diósgyőri VTK,Kisvárda FC,0.0,2.0,A,3.23,3.07,2.23
2019-2020,2020-06-27,Újpest FC,Kaposvári Rákóczi FC,5.0,0.0,H,1.18,6.59,10.56
2019-2020,2020-06-27,Zalaegerszegi TE FC,Fehérvár FC,1.0,1.0,D,2.46,3.74,2.46
2019-2020,2020-06-24,Paksi FC,Diósgyőri VTK,4.0,2.0,H,1.44,4.45,6.21
2019-2020,2020-06-24,Budapest Honvéd FC,Kaposvári Rákóczi FC,4.0,2.0,H,1.34,5.16,7.19
2019-2020,2020-06-24,Kisvárda FC,Puskás Akadémia FC,1.0,1.0,D,2.84,3.32,2.34
2019-2020,2020-06-24,Mezőkövesd Zsóry FC,Debreceni VSC,0.0,1.0,A,1.85,3.75,3.56
2019-2020,2020-06-23,Újpest FC,Zalaegerszegi TE FC,2.0,1.0,H,1.86,3.51,3.91
2019-2020,2020-06-23,Fehérvár FC,Ferencvárosi TC,1.0,0.0,H,2.4,3.23,2.85
2019-2020,2020-06-21,Debreceni VSC,Diósgyőri VTK,4.0,0.0,H,1.63,3.89,4.79
2019-2020,2020-06-21,Kaposvári Rákóczi FC,Kisvárda FC,1.0,2.0,A,5.91,4.42,1.47
2019-2020,2020-06-20,Ferencvárosi TC,Újpest FC,1.0,0.0,H,1.66,3.7,4.73
2019-2020,2020-06-20,Puskás Akadémia FC,Paksi FC,3.0,1.0,H,1.83,3.5,4.0
2019-2020,2020-06-20,Mezőkövesd Zsóry FC,Fehérvár FC,2.0,1.0,H,2.29,3.27,2.96
2019-2020,2020-06-19,Zalaegerszegi TE FC,Budapest Honvéd FC,2.0,0.0,H,1.99,3.49,3.38
2019-2020,2020-06-17,Újpest FC,Mezőkövesd Zsóry FC,1.0,1.0,D,2.85,2.96,2.55
2019-2020,2020-06-17,Fehérvár FC,Debreceni VSC,1.0,0.0,H,1.6,4.09,4.72
2019-2020,2020-06-17,Diósgyőri VTK,Puskás Akadémia FC,1.0,2.0,A,2.78,3.27,2.4
2019-2020,2020-06-17,Paksi FC,Kaposvári Rákóczi FC,3.0,0.0,H,1.16,6.69,13.99
2019-2020,2020-06-16,Budapest Honvéd FC,Ferencvárosi TC,0.0,2.0,A,3.43,3.39,2.02
2019-2020,2020-06-16,Kisvárda FC,Zalaegerszegi TE FC,0.0,1.0,A,2.55,2.85,2.97
2019-2020,2020-06-14,Fehérvár FC,Újpest FC,2.0,2.0,D,1.82,3.41,4.2
2019-2020,2020-06-14,Kaposvári Rákóczi FC,Diósgyőri VTK,3.0,0.0,H,5.91,4.4,1.47
2019-2020,2020-06-13,Zalaegerszegi TE FC,Paksi FC,3.0,3.0,D,1.99,3.37,3.59
2019-2020,2020-06-13,Debreceni VSC,Puskás Akadémia FC,2.0,2.0,D,2.73,3.36,2.42
2019-2020,2020-06-13,Ferencvárosi TC,Kisvárda FC,1.0,0.0,H,1.12,7.26,18.28
2019-2020,2020-06-12,Mezőkövesd Zsóry FC,Budapest Honvéd FC,1.0,2.0,A,1.87,3.37,4.12
2019-2020,2020-06-10,Paksi FC,Ferencvárosi TC,2.0,2.0,D,4.48,3.66,1.7
2019-2020,2020-06-10,Puskás Akadémia FC,Kaposvári Rákóczi FC,2.0,1.0,H,1.13,7.73,15.69
2019-2020,2020-06-10,Diósgyőri VTK,Zalaegerszegi TE FC,1.0,1.0,D,2.13,3.49,3.08
2019-2020,2020-06-09,Budapest Honvéd FC,Fehérvár FC,1.0,1.0,D,3.69,3.42,1.93
2019-2020,2020-06-09,Újpest FC,Debreceni VSC,3.0,1.0,H,2.15,3.31,3.18
2019-2020,2020-06-09,Kisvárda FC,Mezőkövesd Zsóry FC,1.0,1.0,D,2.46,2.99,2.9
2019-2020,2020-06-07,Ferencvárosi TC,Diósgyőri VTK,3.0,0.0,H,1.42,4.42,7.02
2019-2020,2020-06-07,Zalaegerszegi TE FC,Puskás Akadémia FC,2.0,0.0,H,2.44,3.51,2.58
2019-2020,2020-06-06,Újpest FC,Budapest Honvéd FC,1.0,0.0,H,2.01,3.39,3.53
2019-2020,2020-06-06,Fehérvár FC,Kisvárda FC,2.0,0.0,H,1.53,4.09,5.7
2019-2020,2020-06-06,Mezőkövesd Zsóry FC,Paksi FC,0.0,2.0,A,1.96,3.44,3.66
2019-2020,2020-06-05,Debreceni VSC,Kaposvári Rákóczi FC,1.0,1.0,D,1.15,7.5,12.66
2019-2020,2020-05-31,Puskás Akadémia FC,Ferencvárosi TC,1.0,1.0,D,3.4,3.51,2.03
2019-2020,2020-05-31,Budapest Honvéd FC,Debreceni VSC,3.0,1.0,H,2.66,3.44,2.43
2019-2020,2020-05-30,Paksi FC,Fehérvár FC,0.0,0.0,D,4.24,3.48,1.79
2019-2020,2020-05-30,Diósgyőri VTK,Mezőkövesd Zsóry FC,1.0,0.0,H,2.65,3.31,2.47
2019-2020,2020-05-30,Kisvárda FC,Újpest FC,1.0,0.0,H,2.49,3.17,2.74
2019-2020,2020-05-29,Kaposvári Rákóczi FC,Zalaegerszegi TE FC,0.0,6.0,A,5.54,4.53,1.47
2019-2020,2020-05-27,Újpest FC,Ferencvárosi TC,0.0,1.0,A,4.35,3.57,1.76
2019-2020,2020-05-23,Ferencvárosi TC,Debreceni VSC,2.0,1.0,H,1.33,4.86,8.3
2019-2020,2020-03-14,Fehérvár FC,Diósgyőri VTK,1.0,1.0,D,1.54,4.19,5.23
2019-2020,2020-03-14,Debreceni VSC,Zalaegerszegi TE FC,0.0,3.0,A,2.16,3.28,3.12
2019-2020,2020-03-14,Ferencvárosi TC,Kaposvári Rákóczi FC,5.0,0.0,H,1.08,9.24,22.22
2019-2020,2020-03-14,Budapest Honvéd FC,Kisvárda FC,1.0,5.0,A,1.99,3.11,3.89
2019-2020,2020-03-14,Mezőkövesd Zsóry FC,Puskás Akadémia FC,0.0,0.0,D,2.19,3.18,3.21
2019-2020,2020-03-14,Újpest FC,Paksi FC,1.0,1.0,D,2.09,3.2,3.41
2019-2020,2020-03-07,Zalaegerszegi TE FC,Ferencvárosi TC,1.0,1.0,D,4.11,3.79,1.71
2019-2020,2020-03-07,Debreceni VSC,Kisvárda FC,1.0,0.0,H,1.88,3.55,3.57
2019-2020,2020-03-07,Diósgyőri VTK,Újpest FC,2.0,1.0,H,2.2,3.39,2.92
2019-2020,2020-03-07,Paksi FC,Budapest Honvéd FC,0.0,0.0,D,2.62,3.18,2.54
2019-2020,2020-03-07,Kaposvári Rákóczi FC,Mezőkövesd Zsóry FC,0.0,4.0,A,5.34,4.03,1.53
2019-2020,2020-03-07,Puskás Akadémia FC,Fehérvár FC,1.0,4.0,A,2.65,3.28,2.43
2019-2020,2020-02-29,Ferencvárosi TC,Debreceni VSC,2.0,0.0,H,1.32,4.92,8.3
2019-2020,2020-02-29,Budapest Honvéd FC,Diósgyőri VTK,0.0,4.0,A,1.85,3.47,3.91
2019-2020,2020-02-29,Fehérvár FC,Kaposvári Rákóczi FC,3.0,0.0,H,1.22,5.71,10.96
2019-2020,2020-02-29,Kisvárda FC,Paksi FC,2.0,0.0,H,2.23,3.26,3.08
2019-2020,2020-02-29,Mezőkövesd Zsóry FC,Zalaegerszegi TE FC,1.0,2.0,A,1.67,3.72,4.7
2019-2020,2020-02-29,Újpest FC,Puskás Akadémia FC,2.0,3.0,A,2.6,3.16,2.62
2019-2020,2020-02-22,Mezőkövesd Zsóry FC,Ferencvárosi TC,3.0,0.0,H,3.41,3.4,1.98
2019-2020,2020-02-22,Paksi FC,Debreceni VSC,4.0,2.0,H,2.61,3.32,2.43
2019-2020,2020-02-22,Kisvárda FC,Diósgyőri VTK,2.0,2.0,D,2.14,3.5,2.95
2019-2020,2020-02-22,Budapest Honvéd FC,Puskás Akadémia FC,1.0,1.0,D,2.35,3.29,2.78
2019-2020,2020-02-22,Kaposvári Rákóczi FC,Újpest FC,0.0,1.0,A,4.27,3.68,1.73
2019-2020,2020-02-22,Fehérvár FC,Zalaegerszegi TE FC,4.0,1.0,H,1.55,4.0,5.1
2019-2020,2020-02-15,Ferencvárosi TC,Fehérvár FC,1.0,0.0,H,1.73,3.58,4.28
2019-2020,2020-02-15,Debreceni VSC,Mezőkövesd Zsóry FC,1.0,3.0,A,2.33,3.29,2.78
2019-2020,2020-02-15,Diósgyőri VTK,Paksi FC,2.0,0.0,H,1.91,3.31,3.83
2019-2020,2020-02-15,Kaposvári Rákóczi FC,Budapest Honvéd FC,0.0,1.0,A,4.76,3.89,1.61
2019-2020,2020-02-15,Puskás Akadémia FC,Kisvárda FC,3.0,1.0,H,1.57,3.88,5.07
2019-2020,2020-02-15,Zalaegerszegi TE FC,Újpest FC,2.0,1.0,H,2.64,3.29,2.45
2019-2020,2020-02-08,Diósgyőri VTK,Debreceni VSC,1.0,2.0,A,2.46,3.31,2.61
2019-2020,2020-02-08,Budapest Honvéd FC,Zalaegerszegi TE FC,2.0,0.0,H,1.78,3.63,3.98
2019-2020,2020-02-08,Kisvárda FC,Kaposvári Rákóczi FC,5.0,3.0,H,1.58,3.78,5.25
2019-2020,2020-02-08,Fehérvár FC,Mezőkövesd Zsóry FC,2.0,1.0,H,1.81,3.4,4.18
2019-2020,2020-02-08,Paksi FC,Puskás Akadémia FC,0.0,2.0,A,2.93,3.14,2.36
2019-2020,2020-02-05,Ferencvárosi TC,Budapest Honvéd FC,0.0,0.0,D,1.52,3.74,6.27
2019-2020,2020-02-05,Debreceni VSC,Fehérvár FC,1.0,1.0,D,3.0,3.24,2.26
2019-2020,2020-02-05,Puskás Akadémia FC,Diósgyőri VTK,2.0,2.0,D,1.71,3.52,4.59
2019-2020,2020-02-05,Kaposvári Rákóczi FC,Paksi FC,0.0,3.0,A,3.17,3.25,2.14
2019-2020,2020-02-05,Zalaegerszegi TE FC,Kisvárda FC,1.0,1.0,D,1.91,3.37,3.75
2019-2020,2020-02-04,Mezőkövesd Zsóry FC,Újpest FC,2.0,2.0,D,2.08,3.03,3.58
2019-2020,2020-02-01,Újpest FC,Fehérvár FC,0.0,1.0,A,2.83,3.17,2.36
2019-2020,2020-02-01,Puskás Akadémia FC,Debreceni VSC,0.0,0.0,D,2.0,3.52,3.28
2019-2020,2020-02-01,Diósgyőri VTK,Kaposvári Rákóczi FC,2.0,0.0,H,1.52,3.96,5.67
2019-2020,2020-02-01,Kisvárda FC,Ferencvárosi TC,1.0,2.0,A,5.38,3.83,1.55
2019-2020,2020-02-01,Budapest Honvéd FC,Mezőkövesd Zsóry FC,1.0,2.0,A,2.37,3.1,2.91
2019-2020,2020-02-01,Paksi FC,Zalaegerszegi TE FC,2.0,0.0,H,2.36,3.35,2.7
2019-2020,2020-01-25,Debreceni VSC,Újpest FC,4.0,0.0,H,2.77,3.33,2.34
2019-2020,2020-01-25,Fehérvár FC,Budapest Honvéd FC,0.0,0.0,D,1.71,3.68,4.35
2019-2020,2020-01-25,Kaposvári Rákóczi FC,Puskás Akadémia FC,1.0,1.0,D,4.46,3.87,1.63
2019-2020,2020-01-25,Zalaegerszegi TE FC,Diósgyőri VTK,1.0,3.0,A,1.71,3.67,4.27
2019-2020,2020-01-25,Mezőkövesd Zsóry FC,Kisvárda FC,1.0,0.0,H,1.73,3.51,4.33
2019-2020,2020-01-25,Ferencvárosi TC,Paksi FC,4.0,0.0,H,1.35,4.54,7.66
2019-2020,2019-12-15,Diósgyőri VTK,Ferencvárosi TC,0.0,1.0,A,4.63,3.89,1.61
2019-2020,2019-12-14,Budapest Honvéd FC,Újpest FC,0.0,0.0,D,2.46,3.03,2.82
2019-2020,2019-12-14,Kaposvári Rákóczi FC,Debreceni VSC,4.0,1.0,H,3.79,3.7,1.82
2019-2020,2019-12-14,Kisvárda FC,Fehérvár FC,0.0,2.0,A,3.56,3.39,1.93
2019-2020,2019-12-14,Paksi FC,Mezőkövesd Zsóry FC,1.0,0.0,H,2.56,3.18,2.59
2019-2020,2019-12-14,Puskás Akadémia FC,Zalaegerszegi TE FC,0.0,1.0,A,1.86,3.66,3.61
2019-2020,2019-12-08,Ferencvárosi TC,Puskás Akadémia FC,2.0,2.0,D,1.54,3.92,5.53
2019-2020,2019-12-07,Debreceni VSC,Budapest Honvéd FC,1.0,1.0,D,2.6,3.26,2.49
2019-2020,2019-12-07,Zalaegerszegi TE FC,Kaposvári Rákóczi FC,2.0,0.0,H,1.43,4.55,5.85
2019-2020,2019-12-07,Újpest FC,Kisvárda FC,1.0,0.0,H,1.62,3.68,4.95
2019-2020,2019-12-07,Fehérvár FC,Paksi FC,0.0,2.0,A,1.56,3.95,5.24
2019-2020,2019-12-07,Mezőkövesd Zsóry FC,Diósgyőri VTK,0.0,1.0,A,1.7,3.56,4.52
2019-2020,2019-12-01,Kaposvári Rákóczi FC,Ferencvárosi TC,2.0,3.0,A,7.98,5.1,1.29
2019-2020,2019-11-30,Diósgyőri VTK,Fehérvár FC,1.0,3.0,A,3.88,3.57,1.81
2019-2020,2019-11-30,Kisvárda FC,Budapest Honvéd FC,2.0,0.0,H,3.14,3.35,2.14
2019-2020,2019-11-30,Puskás Akadémia FC,Mezőkövesd Zsóry FC,1.0,1.0,D,1.87,3.54,3.71
2019-2020,2019-11-30,Paksi FC,Újpest FC,2.0,4.0,A,3.2,3.29,2.1
2019-2020,2019-11-30,Zalaegerszegi TE FC,Debreceni VSC,0.0,2.0,A,2.07,3.44,3.2
2019-2020,2019-11-24,Ferencvárosi TC,Zalaegerszegi TE FC,3.0,2.0,H,1.37,4.8,7.14
2019-2020,2019-11-23,Újpest FC,Diósgyőri VTK,0.0,2.0,A,1.57,3.84,5.45
2019-2020,2019-11-23,Kisvárda FC,Debreceni VSC,1.0,0.0,H,2.63,3.44,2.44
2019-2020,2019-11-23,Budapest Honvéd FC,Paksi FC,2.0,1.0,H,1.7,3.49,4.79
2019-2020,2019-11-23,Mezőkövesd Zsóry FC,Kaposvári Rákóczi FC,2.0,0.0,H,1.42,4.41,6.56
2019-2020,2019-11-23,Fehérvár FC,Puskás Akadémia FC,1.0,3.0,A,1.73,3.75,4.24
2019-2020,2019-11-10,Debreceni VSC,Ferencvárosi TC,1.0,6.0,A,3.09,3.47,2.13
2019-2020,2019-11-09,Budapest Honvéd FC,Diósgyőri VTK,1.0,0.0,H,1.59,3.91,4.85
2019-2020,2019-11-09,Kaposvári Rákóczi FC,Fehérvár FC,0.0,2.0,A,6.84,4.77,1.37
2019-2020,2019-11-09,Paksi FC,Kisvárda FC,1.0,1.0,D,2.23,3.24,3.02
2019-2020,2019-11-09,Zalaegerszegi TE FC,Mezőkövesd Zsóry FC,1.0,1.0,D,2.32,3.46,2.7
2019-2020,2019-11-09,Puskás Akadémia FC,Újpest FC,1.0,3.0,A,2.43,3.05,2.86
2019-2020,2019-11-02,Debreceni VSC,Paksi FC,3.0,1.0,H,1.79,3.56,4.02
2019-2020,2019-11-02,Diósgyőri VTK,Kisvárda FC,3.0,1.0,H,2.09,3.39,3.14
2019-2020,2019-11-02,Ferencvárosi TC,Mezőkövesd Zsóry FC,1.0,1.0,D,1.54,4.05,5.24
2019-2020,2019-11-02,Kaposvári Rákóczi FC,Újpest FC,2.0,3.0,A,6.18,4.08,1.45
2019-2020,2019-11-02,Zalaegerszegi TE FC,Fehérvár FC,3.0,3.0,D,3.49,3.72,1.87
2019-2020,2019-11-02,Puskás Akadémia FC,Budapest Honvéd FC,1.0,2.0,A,2.26,3.32,2.91
2019-2020,2019-10-27,Fehérvár FC,Ferencvárosi TC,1.0,2.0,A,2.34,3.24,2.91
2019-2020,2019-10-26,Paksi FC,Diósgyőri VTK,1.0,2.0,A,2.13,3.34,3.27
2019-2020,2019-10-26,Budapest Honvéd FC,Kaposvári Rákóczi FC,2.0,0.0,H,1.34,4.99,7.91
2019-2020,2019-10-26,Kisvárda FC,Puskás Akadémia FC,0.0,1.0,A,2.94,3.38,2.28
2019-2020,2019-10-26,Újpest FC,Zalaegerszegi TE FC,0.0,0.0,D,1.73,3.71,4.46
2019-2020,2019-10-26,Mezőkövesd Zsóry FC,Debreceni VSC,3.0,1.0,H,2.3,3.32,2.94
2019-2020,2019-10-19,Debreceni VSC,Diósgyőri VTK,2.0,1.0,H,1.72,3.75,4.18
2019-2020,2019-10-19,Zalaegerszegi TE FC,Budapest Honvéd FC,0.0,1.0,A,3.14,3.57,2.02
2019-2020,2019-10-19,Kaposvári Rákóczi FC,Kisvárda FC,0.0,2.0,A,2.94,3.48,2.15
2019-2020,2019-10-19,Puskás Akadémia FC,Paksi FC,4.0,2.0,H,1.71,3.79,4.3
2019-2020,2019-10-19,Mezőkövesd Zsóry FC,Fehérvár FC,0.0,0.0,D,3.21,3.3,2.1
2019-2020,2019-10-06,Budapest Honvéd FC,Ferencvárosi TC,0.0,0.0,D,3.33,3.35,2.06
2019-2020,2019-10-05,Fehérvár FC,Debreceni VSC,2.0,1.0,H,1.72,3.73,4.29
2019-2020,2019-10-05,Diósgyőri VTK,Puskás Akadémia FC,1.0,1.0,D,2.98,3.18,2.31
2019-2020,2019-10-05,Paksi FC,Kaposvári Rákóczi FC,2.0,1.0,H,1.64,3.89,4.73
2019-2020,2019-10-05,Kisvárda FC,Zalaegerszegi TE FC,3.0,3.0,D,2.46,3.37,2.63
2019-2020,2019-10-05,Újpest FC,Mezőkövesd Zsóry FC,1.0,2.0,A,2.02,3.12,3.81
2019-2020,2019-09-28,Fehérvár FC,Újpest FC,0.0,2.0,A,1.82,3.37,4.28
2019-2020,2019-09-28,Debreceni VSC,Puskás Akadémia FC,1.0,2.0,A,2.4,3.47,2.66
2019-2020,2019-09-28,Kaposvári Rákóczi FC,Diósgyőri VTK,2.0,0.0,H,3.34,3.41,2.05
2019-2020,2019-09-28,Zalaegerszegi TE FC,Paksi FC,3.0,1.0,H,1.97,3.44,3.49
2019-2020,2019-09-22,Zalaegerszegi TE FC,Ferencvárosi TC,1.0,2.0,A,3.98,3.98,1.7
2019-2020,2019-09-14,Paksi FC,Ferencvárosi TC,0.0,4.0,A,4.2,3.45,1.77
2019-2020,2019-09-14,Újpest FC,Debreceni VSC,3.0,2.0,H,2.08,3.28,3.31
2019-2020,2019-09-14,Diósgyőri VTK,Zalaegerszegi TE FC,1.0,0.0,H,2.73,3.34,2.39
2019-2020,2019-09-14,Budapest Honvéd FC,Fehérvár FC,0.0,1.0,A,3.38,3.31,2.03
2019-2020,2019-09-14,Puskás Akadémia FC,Kaposvári Rákóczi FC,2.0,0.0,H,1.26,5.21,9.41
2019-2020,2019-09-14,Kisvárda FC,Mezőkövesd Zsóry FC,1.0,2.0,A,2.61,3.14,2.55
2019-2020,2019-09-01,Ferencvárosi TC,Diósgyőri VTK,1.0,0.0,H,1.28,5.18,8.49
2019-2020,2019-08-31,Debreceni VSC,Kaposvári Rákóczi FC,0.0,1.0,A,1.32,4.98,7.58
2019-2020,2019-08-31,Újpest FC,Budapest Honvéd FC,2.0,3.0,A,2.17,3.17,3.26
2019-2020,2019-08-31,Fehérvár FC,Kisvárda FC,3.0,0.0,H,1.5,4.14,5.51
2019-2020,2019-08-31,Zalaegerszegi TE FC,Puskás Akadémia FC,1.0,1.0,D,2.4,3.41,2.64
2019-2020,2019-08-25,Puskás Akadémia FC,Ferencvárosi TC,4.0,1.0,H,3.59,3.26,2.0
2019-2020,2019-08-24,Budapest Honvéd FC,Debreceni VSC,2.0,3.0,A,2.0,3.42,3.42
2019-2020,2019-08-24,Diósgyőri VTK,Mezőkövesd Zsóry FC,0.0,3.0,A,2.77,3.07,2.5
2019-2020,2019-08-24,Kaposvári Rákóczi FC,Zalaegerszegi TE FC,0.0,4.0,A,3.74,3.59,1.87
2019-2020,2019-08-24,Kisvárda FC,Újpest FC,2.0,0.0,H,2.95,3.21,2.3
2019-2020,2019-08-24,Paksi FC,Fehérvár FC,0.0,2.0,A,3.14,3.16,2.19
2019-2020,2019-08-17,Fehérvár FC,Diósgyőri VTK,5.0,1.0,H,1.44,4.2,6.26
2019-2020,2019-08-17,Ferencvárosi TC,Kaposvári Rákóczi FC,1.0,0.0,H,1.2,6.07,11.59
2019-2020,2019-08-17,Budapest Honvéd FC,Kisvárda FC,1.0,3.0,A,1.61,3.72,5.21
2019-2020,2019-08-17,Mezőkövesd Zsóry FC,Puskás Akadémia FC,1.0,0.0,H,2.44,3.22,2.71
2019-2020,2019-08-17,Debreceni VSC,Zalaegerszegi TE FC,3.0,2.0,H,1.77,3.58,4.23
2019-2020,2019-08-11,Debreceni VSC,Kisvárda FC,4.0,1.0,H,1.88,3.4,3.78
2019-2020,2019-08-11,Paksi FC,Budapest Honvéd FC,3.0,1.0,H,2.71,3.15,2.49
2019-2020,2019-08-11,Puskás Akadémia FC,Fehérvár FC,0.0,2.0,A,3.32,3.33,2.05
2019-2020,2019-08-10,Diósgyőri VTK,Újpest FC,1.0,2.0,A,2.99,3.12,2.31
2019-2020,2019-08-10,Kaposvári Rákóczi FC,Mezőkövesd Zsóry FC,1.0,2.0,A,2.73,3.14,2.46
2019-2020,2019-08-04,Diósgyőri VTK,Budapest Honvéd FC,2.0,1.0,H,2.72,3.19,2.44
2019-2020,2019-08-04,Fehérvár FC,Kaposvári Rákóczi FC,4.0,2.0,H,1.22,5.72,10.38
2019-2020,2019-08-03,Kisvárda FC,Paksi FC,1.0,0.0,H,2.17,3.17,3.19
2019-2020,2019-08-03,Mezőkövesd Zsóry FC,Zalaegerszegi TE FC,1.0,0.0,H,2.04,3.38,3.3
2019-2020,2019-08-03,Újpest FC,Puskás Akadémia FC,1.0,3.0,A,2.03,3.32,3.4
2018-2019,2019-05-19,Debreceni VSC,Paksi FC,4.0,1.0,H,1.33,4.6,9.02
2018-2019,2019-05-19,Diósgyőri VTK,Újpest FC,3.0,0.0,H,2.86,3.3,2.33
2018-2019,2019-05-19,Puskás Akadémia FC,Ferencvárosi TC,1.0,1.0,D,3.72,3.69,1.85
2018-2019,2019-05-19,Szombathelyi Haladás,Fehérvár FC,1.0,1.0,D,3.93,3.68,1.81
2018-2019,2019-05-19,MTK Budapest,Budapest Honvéd FC,1.0,4.0,A,2.39,3.53,2.64
2018-2019,2019-05-19,Kisvárda FC,Mezőkövesd Zsóry FC,2.0,1.0,H,1.44,4.32,6.42
2018-2019,2019-05-11,Ferencvárosi TC,Debreceni VSC,2.0,1.0,H,1.44,4.43,6.53
2018-2019,2019-05-11,Budapest Honvéd FC,Diósgyőri VTK,4.0,4.0,D,1.82,3.54,3.97
2018-2019,2019-05-11,Mezőkövesd Zsóry FC,Szombathelyi Haladás,1.0,0.0,H,3.04,3.53,2.13
2018-2019,2019-05-11,Paksi FC,Kisvárda FC,1.0,0.0,H,2.62,3.12,2.67
2018-2019,2019-05-11,Fehérvár FC,MTK Budapest,4.0,2.0,H,1.76,3.82,3.97
2018-2019,2019-05-11,Újpest FC,Puskás Akadémia FC,0.0,1.0,A,1.77,3.5,4.38
2018-2019,2019-05-04,Ferencvárosi TC,Újpest FC,2.0,1.0,H,1.72,3.64,4.6
2018-2019,2019-05-04,Debreceni VSC,Kisvárda FC,1.0,3.0,A,2.03,3.39,3.37
2018-2019,2019-05-04,Diósgyőri VTK,Fehérvár FC,2.0,1.0,H,2.67,3.28,2.51
2018-2019,2019-05-04,Szombathelyi Haladás,Paksi FC,1.0,1.0,D,1.92,3.31,3.86
2018-2019,2019-05-04,Puskás Akadémia FC,Budapest Honvéd FC,2.0,2.0,D,2.36,3.14,2.96
2018-2019,2019-05-04,MTK Budapest,Mezőkövesd Zsóry FC,0.0,1.0,A,2.01,3.35,3.5
2018-2019,2019-04-27,Budapest Honvéd FC,Ferencvárosi TC,3.0,2.0,H,4.28,3.59,1.76
2018-2019,2019-04-27,Újpest FC,Debreceni VSC,1.0,1.0,D,1.83,3.32,4.23
2018-2019,2019-04-27,Mezőkövesd Zsóry FC,Diósgyőri VTK,3.0,0.0,H,2.38,3.2,2.89
2018-2019,2019-04-27,Kisvárda FC,Szombathelyi Haladás,1.0,2.0,A,2.48,3.11,2.79
2018-2019,2019-04-27,Paksi FC,MTK Budapest,1.0,0.0,H,2.02,3.33,3.51
2018-2019,2019-04-27,Fehérvár FC,Puskás Akadémia FC,1.0,1.0,D,1.73,3.63,4.4
2018-2019,2019-04-20,Ferencvárosi TC,Fehérvár FC,4.0,1.0,H,1.64,3.89,4.77
2018-2019,2019-04-20,Debreceni VSC,Szombathelyi Haladás,2.0,1.0,H,2.07,3.35,3.42
2018-2019,2019-04-20,Diósgyőri VTK,Paksi FC,1.0,0.0,H,2.01,3.29,3.63
2018-2019,2019-04-20,Újpest FC,Budapest Honvéd FC,0.0,0.0,D,1.77,3.46,4.53
2018-2019,2019-04-20,MTK Budapest,Kisvárda FC,0.0,1.0,A,2.05,3.34,3.48
2018-2019,2019-04-20,Puskás Akadémia FC,Mezőkövesd Zsóry FC,1.0,0.0,H,1.96,3.32,3.83
2018-2019,2019-04-13,Fehérvár FC,Újpest FC,2.0,1.0,H,1.99,3.17,3.94
2018-2019,2019-04-13,Budapest Honvéd FC,Debreceni VSC,1.0,1.0,D,2.07,3.33,3.45
2018-2019,2019-04-13,Kisvárda FC,Diósgyőri VTK,1.0,1.0,D,2.04,3.24,3.58
2018-2019,2019-04-13,Mezőkövesd Zsóry FC,Ferencvárosi TC,1.0,2.0,A,5.16,3.77,1.63
2018-2019,2019-04-13,Szombathelyi Haladás,MTK Budapest,1.0,0.0,H,1.78,3.55,4.38
2018-2019,2019-04-13,Paksi FC,Puskás Akadémia FC,0.0,0.0,D,2.29,3.2,3.07
2018-2019,2019-04-06,Budapest Honvéd FC,Fehérvár FC,0.0,1.0,A,3.13,3.27,2.18
2018-2019,2019-04-06,Debreceni VSC,MTK Budapest,3.0,1.0,H,1.97,3.44,3.52
2018-2019,2019-04-06,Diósgyőri VTK,Szombathelyi Haladás,0.0,1.0,A,2.21,3.36,3.08
2018-2019,2019-04-06,Ferencvárosi TC,Paksi FC,3.0,0.0,H,1.32,4.87,8.96
2018-2019,2019-04-06,Puskás Akadémia FC,Kisvárda FC,0.0,4.0,A,1.9,3.36,3.94
2018-2019,2019-04-06,Újpest FC,Mezőkövesd Zsóry FC,2.0,1.0,H,1.63,3.64,5.51
2018-2019,2019-03-30,Fehérvár FC,Debreceni VSC,2.0,1.0,H,1.66,3.53,5.18
2018-2019,2019-03-30,MTK Budapest,Diósgyőri VTK,2.0,1.0,H,1.8,3.58,4.22
2018-2019,2019-03-30,Kisvárda FC,Ferencvárosi TC,0.0,1.0,A,5.79,4.04,1.53
2018-2019,2019-03-30,Szombathelyi Haladás,Puskás Akadémia FC,3.0,0.0,H,2.99,3.46,2.2
2018-2019,2019-03-30,Paksi FC,Újpest FC,0.0,2.0,A,3.12,3.21,2.26
2018-2019,2019-03-30,Mezőkövesd Zsóry FC,Budapest Honvéd FC,3.0,1.0,H,2.23,3.19,3.21
2018-2019,2019-03-16,Debreceni VSC,Diósgyőri VTK,1.0,0.0,H,1.54,3.92,5.63
2018-2019,2019-03-16,Puskás Akadémia FC,MTK Budapest,3.0,2.0,H,2.34,3.16,2.94
2018-2019,2019-03-16,Ferencvárosi TC,Szombathelyi Haladás,2.0,0.0,H,1.18,6.56,12.2
2018-2019,2019-03-16,Budapest Honvéd FC,Paksi FC,3.0,0.0,H,2.01,3.14,3.74
2018-2019,2019-03-16,Újpest FC,Kisvárda FC,1.0,0.0,H,1.58,3.64,5.85
2018-2019,2019-03-16,Fehérvár FC,Mezőkövesd Zsóry FC,1.0,0.0,H,1.58,3.68,5.6
2018-2019,2019-03-09,MTK Budapest,Ferencvárosi TC,1.0,3.0,A,4.87,4.07,1.61
2018-2019,2019-03-09,Debreceni VSC,Mezőkövesd Zsóry FC,1.0,0.0,H,1.87,3.44,4.11
2018-2019,2019-03-09,Diósgyőri VTK,Puskás Akadémia FC,1.0,0.0,H,2.91,3.16,2.4
2018-2019,2019-03-09,Szombathelyi Haladás,Újpest FC,3.0,2.0,H,3.51,3.25,2.05
2018-2019,2019-03-09,Kisvárda FC,Budapest Honvéd FC,1.0,1.0,D,2.73,3.19,2.53
2018-2019,2019-03-09,Paksi FC,Fehérvár FC,2.0,2.0,D,3.97,3.27,1.93
2018-2019,2019-03-02,Ferencvárosi TC,Diósgyőri VTK,7.0,0.0,H,1.21,6.02,11.66
2018-2019,2019-03-02,Puskás Akadémia FC,Debreceni VSC,2.0,0.0,H,2.26,3.18,3.17
2018-2019,2019-03-02,Budapest Honvéd FC,Szombathelyi Haladás,1.0,3.0,A,1.71,3.57,4.76
2018-2019,2019-03-02,Fehérvár FC,Kisvárda FC,2.0,1.0,H,1.45,3.91,7.23
2018-2019,2019-03-02,Mezőkövesd Zsóry FC,Paksi FC,2.0,0.0,H,2.11,3.13,3.54
2018-2019,2019-03-02,Újpest FC,MTK Budapest,0.0,0.0,D,1.84,3.4,4.17
2018-2019,2019-02-23,Budapest Honvéd FC,MTK Budapest,2.0,1.0,H,2.21,3.24,3.2
2018-2019,2019-02-23,Paksi FC,Debreceni VSC,2.0,1.0,H,2.91,3.2,2.4
2018-2019,2019-02-23,Újpest FC,Diósgyőri VTK,5.0,0.0,H,1.51,3.97,6.25
2018-2019,2019-02-23,Ferencvárosi TC,Puskás Akadémia FC,4.0,0.0,H,1.4,4.4,7.64
2018-2019,2019-02-23,Fehérvár FC,Szombathelyi Haladás,1.0,0.0,H,1.28,5.14,10.0
2018-2019,2019-02-23,Mezőkövesd Zsóry FC,Kisvárda FC,2.0,2.0,D,1.84,3.27,4.46
2018-2019,2019-02-16,MTK Budapest,Fehérvár FC,1.0,3.0,A,3.01,3.42,2.22
2018-2019,2019-02-16,Diósgyőri VTK,Budapest Honvéd FC,2.0,1.0,H,2.74,3.07,2.57
2018-2019,2019-02-16,Szombathelyi Haladás,Mezőkövesd Zsóry FC,1.0,2.0,A,2.75,2.98,2.61
2018-2019,2019-02-16,Kisvárda FC,Paksi FC,0.0,0.0,D,2.6,2.78,2.97
2018-2019,2019-02-16,Puskás Akadémia FC,Újpest FC,0.0,1.0,A,3.36,3.01,2.22
2018-2019,2019-02-16,Debreceni VSC,Ferencvárosi TC,2.0,1.0,H,4.55,3.76,1.68
2018-2019,2019-02-09,Újpest FC,Ferencvárosi TC,1.0,1.0,D,3.66,3.09,2.09
2018-2019,2019-02-09,Kisvárda FC,Debreceni VSC,3.0,0.0,H,4.31,3.46,1.81
2018-2019,2019-02-09,Fehérvár FC,Diósgyőri VTK,1.0,2.0,A,1.29,5.1,10.13
2018-2019,2019-02-09,Paksi FC,Szombathelyi Haladás,1.0,1.0,D,1.92,3.33,3.89
2018-2019,2019-02-09,Budapest Honvéd FC,Puskás Akadémia FC,2.0,1.0,H,1.95,3.31,3.86
2018-2019,2019-02-09,Mezőkövesd Zsóry FC,MTK Budapest,2.0,3.0,A,2.07,3.33,3.45
2018-2019,2019-02-02,Ferencvárosi TC,Budapest Honvéd FC,1.0,0.0,H,1.43,4.28,7.37
2018-2019,2019-02-02,Debreceni VSC,Újpest FC,0.0,0.0,D,2.66,3.07,2.69
2018-2019,2019-02-02,Diósgyőri VTK,Mezőkövesd Zsóry FC,1.0,1.0,D,2.94,3.05,2.5
2018-2019,2019-02-02,Szombathelyi Haladás,Kisvárda FC,0.0,1.0,A,1.98,3.35,3.7
2018-2019,2019-02-02,Fehérvár FC,Puskás Akadémia FC,0.0,3.0,A,1.44,4.17,7.35
2018-2019,2019-02-02,MTK Budapest,Paksi FC,1.0,2.0,A,1.76,3.59,4.49
2018-2019,2018-12-16,Fehérvár FC,Ferencvárosi TC,2.0,1.0,H,3.17,3.0,2.4
2018-2019,2018-12-15,Budapest Honvéd FC,Újpest FC,2.0,2.0,D,2.87,2.99,2.56
2018-2019,2018-12-15,Szombathelyi Haladás,Debreceni VSC,0.0,2.0,A,3.37,3.35,2.1
2018-2019,2018-12-15,Paksi FC,Diósgyőri VTK,1.0,2.0,A,1.93,3.35,3.91
2018-2019,2018-12-15,Kisvárda FC,MTK Budapest,1.0,0.0,H,3.84,3.54,1.91
2018-2019,2018-12-15,Puskás Akadémia FC,Mezőkövesd Zsóry FC,2.0,0.0,H,2.21,3.21,3.27
2018-2019,2018-12-08,Újpest FC,Fehérvár FC,2.0,0.0,H,2.59,3.06,2.81
2018-2019,2018-12-08,Debreceni VSC,Budapest Honvéd FC,2.0,0.0,H,2.3,3.24,3.06
2018-2019,2018-12-08,Ferencvárosi TC,Mezőkövesd Zsóry FC,3.0,2.0,H,1.24,5.68,11.39
2018-2019,2018-12-08,Puskás Akadémia FC,Paksi FC,1.0,1.0,D,2.02,3.3,3.67
2018-2019,2018-12-08,Diósgyőri VTK,Kisvárda FC,1.0,1.0,D,1.88,3.37,4.11
2018-2019,2018-12-08,MTK Budapest,Szombathelyi Haladás,4.0,0.0,H,1.63,3.8,5.14
2018-2019,2018-12-02,Fehérvár FC,Budapest Honvéd FC,2.0,0.0,H,1.86,3.35,4.24
2018-2019,2018-12-01,Paksi FC,Ferencvárosi TC,0.0,3.0,A,5.9,4.1,1.52
2018-2019,2018-12-01,MTK Budapest,Debreceni VSC,0.0,1.0,A,2.48,3.4,2.68
2018-2019,2018-12-01,Szombathelyi Haladás,Diósgyőri VTK,1.0,1.0,D,1.97,3.47,3.63
2018-2019,2018-12-01,Kisvárda FC,Puskás Akadémia FC,1.0,0.0,H,2.74,3.16,2.55
2018-2019,2018-12-01,Mezőkövesd Zsóry FC,Újpest FC,0.0,0.0,D,3.47,3.16,2.13
2018-2019,2018-11-25,Debreceni VSC,Fehérvár FC,0.0,1.0,A,3.06,3.31,2.25
2018-2019,2018-11-24,Diósgyőri VTK,MTK Budapest,3.0,2.0,H,3.09,3.22,2.29
2018-2019,2018-11-24,Ferencvárosi TC,Kisvárda FC,2.0,0.0,H,1.17,6.76,14.22
2018-2019,2018-11-24,Puskás Akadémia FC,Szombathelyi Haladás,2.0,0.0,H,2.11,3.31,3.39
2018-2019,2018-11-24,Budapest Honvéd FC,Mezőkövesd Zsóry FC,1.0,1.0,D,1.7,3.75,4.61
2018-2019,2018-11-24,Újpest FC,Paksi FC,1.0,1.0,D,1.69,3.49,5.18
2018-2019,2018-11-21,Fehérvár FC,Újpest FC,1.0,0.0,H,1.67,3.81,4.6
2018-2019,2018-11-11,Mezőkövesd Zsóry FC,Fehérvár FC,1.0,0.0,H,4.23,3.87,1.74
2018-2019,2018-11-10,Szombathelyi Haladás,Ferencvárosi TC,1.0,0.0,H,6.14,4.87,1.44
2018-2019,2018-11-10,Paksi FC,Budapest Honvéd FC,0.0,0.0,D,3.14,3.12,2.32
2018-2019,2018-11-10,Kisvárda FC,Újpest FC,1.0,4.0,A,4.7,3.56,1.73
2018-2019,2018-11-10,MTK Budapest,Puskás Akadémia FC,3.0,2.0,H,1.8,3.58,4.19
2018-2019,2018-11-10,Diósgyőri VTK,Debreceni VSC,1.0,0.0,H,4.09,3.79,1.78
2018-2019,2018-11-03,Ferencvárosi TC,MTK Budapest,2.0,0.0,H,1.41,4.66,6.95
2018-2019,2018-11-03,Mezőkövesd Zsóry FC,Debreceni VSC,2.0,2.0,D,2.59,3.2,2.7
2018-2019,2018-11-03,Puskás Akadémia FC,Diósgyőri VTK,2.0,1.0,H,1.83,3.46,4.29
2018-2019,2018-11-03,Újpest FC,Szombathelyi Haladás,2.0,0.0,H,1.53,3.38,7.06
2018-2019,2018-11-03,Kisvárda FC,Budapest Honvéd FC,0.0,3.0,A,4.6,3.58,1.72
2018-2019,2018-11-03,Paksi FC,Fehérvár FC,0.0,4.0,A,4.54,3.5,1.77
2018-2019,2018-10-28,Kisvárda FC,Fehérvár FC,2.0,2.0,D,5.46,3.89,1.57
2018-2019,2018-10-27,Debreceni VSC,Puskás Akadémia FC,2.0,1.0,H,1.58,3.88,5.17
2018-2019,2018-10-27,Diósgyőri VTK,Ferencvárosi TC,1.0,4.0,A,8.2,4.9,1.34
2018-2019,2018-10-27,Szombathelyi Haladás,Budapest Honvéd FC,0.0,1.0,A,3.21,3.45,2.11
2018-2019,2018-10-27,Paksi FC,Mezőkövesd Zsóry FC,2.0,1.0,H,2.22,3.08,3.39
2018-2019,2018-10-27,MTK Budapest,Újpest FC,1.0,0.0,H,2.63,3.23,2.61
2018-2019,2018-10-20,Puskás Akadémia FC,Ferencvárosi TC,1.0,0.0,H,5.96,3.8,1.56
2018-2019,2018-10-20,Debreceni VSC,Paksi FC,2.0,1.0,H,1.91,3.43,3.94
2018-2019,2018-10-20,Diósgyőri VTK,Újpest FC,1.0,2.0,A,3.87,3.0,2.03
2018-2019,2018-10-20,Szombathelyi Haladás,Fehérvár FC,0.0,2.0,A,4.51,3.92,1.68
2018-2019,2018-10-20,MTK Budapest,Budapest Honvéd FC,1.0,1.0,D,2.36,3.18,3.0
2018-2019,2018-10-20,Kisvárda FC,Mezőkövesd Zsóry FC,1.0,2.0,A,2.6,3.17,2.69
2018-2019,2018-10-07,Fehérvár FC,MTK Budapest,0.0,3.0,A,1.49,4.19,6.11
2018-2019,2018-10-06,Ferencvárosi TC,Debreceni VSC,2.0,2.0,D,1.4,4.61,7.19
2018-2019,2018-10-06,Mezőkövesd Zsóry FC,Szombathelyi Haladás,2.0,0.0,H,1.75,3.69,4.38
2018-2019,2018-10-06,Paksi FC,Kisvárda FC,4.0,1.0,H,1.7,3.54,4.89
2018-2019,2018-10-06,Újpest FC,Puskás Akadémia FC,2.0,0.0,H,1.72,3.46,4.83
2018-2019,2018-10-06,Budapest Honvéd FC,Diósgyőri VTK,1.0,0.0,H,1.51,4.02,6.04
2018-2019,2018-09-30,Diósgyőri VTK,Fehérvár FC,0.0,1.0,A,5.25,4.17,1.56
2018-2019,2018-09-29,Ferencvárosi TC,Újpest FC,1.0,0.0,H,1.55,3.89,5.81
2018-2019,2018-09-29,Szombathelyi Haladás,Paksi FC,1.0,2.0,A,2.52,3.19,2.77
2018-2019,2018-09-29,Puskás Akadémia FC,Budapest Honvéd FC,1.0,0.0,H,3.25,3.26,2.04
2018-2019,2018-09-29,MTK Budapest,Mezőkövesd Zsóry FC,2.0,2.0,D,1.88,3.47,3.98
2018-2019,2018-09-29,Debreceni VSC,Kisvárda FC,3.0,1.0,H,1.88,3.5,3.92
2018-2019,2018-09-26,Fehérvár FC,Mezőkövesd Zsóry FC,3.0,1.0,H,1.41,4.53,6.82
2018-2019,2018-09-15,Budapest Honvéd FC,Ferencvárosi TC,0.0,1.0,A,3.58,3.54,1.93
2018-2019,2018-09-15,Újpest FC,Debreceni VSC,1.0,0.0,H,1.84,3.43,4.25
2018-2019,2018-09-15,Mezőkövesd Zsóry FC,Diósgyőri VTK,4.0,2.0,H,1.84,3.47,4.09
2018-2019,2018-09-15,Kisvárda FC,Szombathelyi Haladás,4.0,1.0,H,2.23,3.3,3.06
2018-2019,2018-09-15,Paksi FC,MTK Budapest,3.0,0.0,H,2.13,3.41,3.17
2018-2019,2018-09-15,Puskás Akadémia FC,Fehérvár FC,2.0,1.0,H,7.86,4.44,1.38
2018-2019,2018-09-02,Ferencvárosi TC,Fehérvár FC,2.0,2.0,D,2.3,3.3,3.01
2018-2019,2018-09-01,Diósgyőri VTK,Paksi FC,0.0,0.0,D,2.79,3.23,2.48
2018-2019,2018-09-01,Mezőkövesd Zsóry FC,Puskás Akadémia FC,2.0,0.0,H,2.15,3.32,3.28
2018-2019,2018-09-01,Debreceni VSC,Szombathelyi Haladás,1.0,1.0,D,1.81,3.73,4.01
2018-2019,2018-08-25,Szombathelyi Haladás,MTK Budapest,1.0,2.0,A,2.36,3.53,2.72
2018-2019,2018-08-25,Mezőkövesd Zsóry FC,Ferencvárosi TC,0.0,1.0,A,6.85,4.54,1.42
2018-2019,2018-08-25,Paksi FC,Puskás Akadémia FC,3.0,2.0,H,1.83,3.62,4.03
2018-2019,2018-08-25,Budapest Honvéd FC,Debreceni VSC,3.0,0.0,H,2.09,3.39,3.32
2018-2019,2018-08-18,Diósgyőri VTK,Szombathelyi Haladás,1.0,0.0,H,2.09,3.51,3.26
2018-2019,2018-08-18,Budapest Honvéd FC,Fehérvár FC,0.0,3.0,A,2.41,3.36,2.66
2018-2019,2018-08-18,Puskás Akadémia FC,Kisvárda FC,1.0,1.0,D,1.65,3.92,4.8
2018-2019,2018-08-18,Újpest FC,Mezőkövesd Zsóry FC,1.0,1.0,D,1.76,3.57,4.51
2018-2019,2018-08-18,Ferencvárosi TC,Paksi FC,1.0,1.0,D,1.31,5.01,9.34
2018-2019,2018-08-17,Debreceni VSC,MTK Budapest,3.0,3.0,D,2.27,3.28,3.08
2018-2019,2018-08-12,Mezőkövesd Zsóry FC,Budapest Honvéd FC,0.0,1.0,A,3.22,3.57,2.07
2018-2019,2018-08-12,Paksi FC,Újpest FC,1.0,1.0,D,2.55,3.2,2.73
2018-2019,2018-08-11,MTK Budapest,Diósgyőri VTK,1.0,0.0,H,1.62,4.0,4.82
2018-2019,2018-08-11,Kisvárda FC,Ferencvárosi TC,0.0,2.0,A,6.26,4.56,1.45
2018-2019,2018-08-11,Szombathelyi Haladás,Puskás Akadémia FC,2.0,1.0,H,2.38,3.41,2.78
2018-2019,2018-08-10,Fehérvár FC,Debreceni VSC,1.0,1.0,D,1.75,3.51,4.46
2018-2019,2018-08-05,Budapest Honvéd FC,Paksi FC,1.0,0.0,H,1.9,3.44,3.82
2018-2019,2018-08-04,Ferencvárosi TC,Szombathelyi Haladás,3.0,1.0,H,1.28,5.43,9.23
2018-2019,2018-08-04,Debreceni VSC,Diósgyőri VTK,2.0,0.0,H,1.73,3.79,4.38
2018-2019,2018-08-04,Puskás Akadémia FC,MTK Budapest,1.0,2.0,A,2.41,3.34,2.82
2018-2019,2018-07-29,MTK Budapest,Ferencvárosi TC,1.0,4.0,A,4.71,3.69,1.7
2018-2019,2018-07-29,Szombathelyi Haladás,Újpest FC,2.0,2.0,D,2.41,3.19,2.87
2018-2019,2018-07-29,Budapest Honvéd FC,Kisvárda FC,4.0,0.0,H,1.7,3.84,4.33
2018-2019,2018-07-28,Debreceni VSC,Mezőkövesd Zsóry FC,1.0,1.0,D,1.97,3.4,3.61
2018-2019,2018-07-28,Fehérvár FC,Paksi FC,1.0,1.0,D,1.42,4.31,7.23
2018-2019,2018-07-28,Diósgyőri VTK,Puskás Akadémia FC,2.0,2.0,D,2.3,3.36,2.92
2018-2019,2018-07-22,Újpest FC,MTK Budapest,0.0,2.0,A,2.17,3.4,3.05
2018-2019,2018-07-22,Ferencvárosi TC,Diósgyőri VTK,4.0,1.0,H,1.31,5.12,8.83
2018-2019,2018-07-21,Budapest Honvéd FC,Szombathelyi Haladás,3.0,2.0,H,1.8,3.62,4.11
2018-2019,2018-07-21,Fehérvár FC,Kisvárda FC,4.0,0.0,H,1.43,4.09,6.64
2018-2019,2018-07-21,Mezőkövesd Zsóry FC,Paksi FC,3.0,1.0,H,2.61,3.05,2.76
2018-2019,2018-07-21,Puskás Akadémia FC,Debreceni VSC,0.0,1.0,A,2.15,3.35,3.23
2017-2018,2018-06-02,Balmazújváros Sport Kft.,Ferencvárosi TC,3.0,3.0,D,2.3,3.46,2.77
2017-2018,2018-06-02,Újpest FC,Debreceni VSC,2.0,1.0,H,1.81,3.46,3.99
2017-2018,2018-06-02,Diósgyőri VTK,Fehérvár FC,2.0,1.0,H,1.96,3.69,3.4
2017-2018,2018-06-02,Szombathelyi Haladás,Mezőkövesd Zsóry FC,1.0,0.0,H,1.83,3.55,4.04
2017-2018,2018-06-02,Budapest Honvéd FC,Vasas FC,3.0,1.0,H,2.07,3.6,3.16
2017-2018,2018-06-02,Puskás Akadémia FC,Paksi FC,1.0,0.0,H,2.55,3.31,2.59
2017-2018,2018-05-27,Fehérvár FC,Budapest Honvéd FC,2.0,0.0,H,1.47,4.2,6.11
2017-2018,2018-05-27,Ferencvárosi TC,Diósgyőri VTK,4.0,0.0,H,1.22,5.78,11.27
2017-2018,2018-05-27,Paksi FC,Balmazújváros Sport Kft.,0.0,1.0,A,1.88,3.44,3.86
2017-2018,2018-05-27,Debreceni VSC,Puskás Akadémia FC,1.0,1.0,D,1.81,3.53,4.11
2017-2018,2018-05-27,Vasas FC,Szombathelyi Haladás,1.0,0.0,H,2.15,3.39,3.1
2017-2018,2018-05-27,Mezőkövesd Zsóry FC,Újpest FC,0.0,1.0,A,2.26,3.2,2.8
2017-2018,2018-05-19,Budapest Honvéd FC,Ferencvárosi TC,1.0,1.0,D,3.96,3.84,1.76
2017-2018,2018-05-19,Balmazújváros Sport Kft.,Debreceni VSC,4.0,0.0,H,2.82,3.35,2.33
2017-2018,2018-05-19,Diósgyőri VTK,Paksi FC,1.0,0.0,H,2.74,3.37,2.38
2017-2018,2018-05-19,Szombathelyi Haladás,Újpest FC,1.0,1.0,D,2.73,3.23,2.44
2017-2018,2018-05-19,Puskás Akadémia FC,Mezőkövesd Zsóry FC,1.0,2.0,A,2.31,3.31,2.87
2017-2018,2018-05-19,Vasas FC,Fehérvár FC,0.0,3.0,A,6.38,4.08,1.48
2017-2018,2018-05-12,Ferencvárosi TC,Vasas FC,1.0,1.0,D,1.19,6.59,11.54
2017-2018,2018-05-12,Mezőkövesd Zsóry FC,Balmazújváros Sport Kft.,1.0,0.0,H,2.14,3.29,3.21
2017-2018,2018-05-12,Debreceni VSC,Diósgyőri VTK,2.0,1.0,H,1.93,3.56,3.52
2017-2018,2018-05-12,Fehérvár FC,Szombathelyi Haladás,3.0,0.0,H,1.37,4.6,7.43
2017-2018,2018-05-12,Paksi FC,Budapest Honvéd FC,1.0,2.0,A,2.37,3.32,2.81
2017-2018,2018-05-12,Újpest FC,Puskás Akadémia FC,0.0,1.0,A,1.78,3.56,4.18
2017-2018,2018-05-05,Fehérvár FC,Ferencvárosi TC,0.0,0.0,D,2.16,3.27,3.2
2017-2018,2018-05-05,Balmazújváros Sport Kft.,Újpest FC,1.0,1.0,D,2.7,3.22,2.5
2017-2018,2018-05-05,Budapest Honvéd FC,Debreceni VSC,1.0,3.0,A,2.01,3.44,3.41
2017-2018,2018-05-05,Diósgyőri VTK,Mezőkövesd Zsóry FC,0.0,1.0,A,1.73,3.66,4.25
2017-2018,2018-05-05,Szombathelyi Haladás,Puskás Akadémia FC,3.0,2.0,H,2.18,3.31,3.12
2017-2018,2018-05-05,Vasas FC,Paksi FC,0.0,1.0,A,2.3,3.23,2.92
2017-2018,2018-04-28,Ferencvárosi TC,Szombathelyi Haladás,2.0,1.0,H,1.22,5.75,10.61
2017-2018,2018-04-28,Puskás Akadémia FC,Balmazújváros Sport Kft.,3.0,1.0,H,1.94,3.16,3.69
2017-2018,2018-04-28,Debreceni VSC,Vasas FC,2.0,3.0,A,1.94,3.42,3.59
2017-2018,2018-04-28,Újpest FC,Diósgyőri VTK,1.0,0.0,H,1.72,3.64,4.49
2017-2018,2018-04-28,Mezőkövesd Zsóry FC,Budapest Honvéd FC,1.0,2.0,A,2.9,3.12,2.37
2017-2018,2018-04-28,Paksi FC,Fehérvár FC,1.0,0.0,H,4.79,3.49,1.68
2017-2018,2018-04-21,Fehérvár FC,Debreceni VSC,1.0,0.0,H,1.35,4.62,7.83
2017-2018,2018-04-21,Szombathelyi Haladás,Balmazújváros Sport Kft.,0.0,0.0,D,1.89,3.38,3.82
2017-2018,2018-04-21,Diósgyőri VTK,Puskás Akadémia FC,0.0,1.0,A,1.85,3.52,3.88
2017-2018,2018-04-21,Ferencvárosi TC,Paksi FC,2.0,2.0,D,1.26,5.1,11.25
2017-2018,2018-04-21,Budapest Honvéd FC,Újpest FC,0.0,0.0,D,2.18,3.3,3.09
2017-2018,2018-04-21,Vasas FC,Mezőkövesd Zsóry FC,0.0,0.0,D,2.37,3.21,2.83
2017-2018,2018-04-14,Debreceni VSC,Ferencvárosi TC,1.0,1.0,D,4.77,3.58,1.69
2017-2018,2018-04-14,Balmazújváros Sport Kft.,Diósgyőri VTK,2.0,1.0,H,2.49,3.2,2.71
2017-2018,2018-04-14,Paksi FC,Szombathelyi Haladás,1.0,2.0,A,2.02,3.21,3.63
2017-2018,2018-04-14,Puskás Akadémia FC,Budapest Honvéd FC,1.0,1.0,D,2.14,3.33,3.19
2017-2018,2018-04-14,Mezőkövesd Zsóry FC,Fehérvár FC,0.0,0.0,D,5.24,3.88,1.57
2017-2018,2018-04-14,Újpest FC,Vasas FC,4.0,2.0,H,2.07,3.23,3.45
2017-2018,2018-04-11,Budapest Honvéd FC,Fehérvár FC,1.0,4.0,A,3.42,3.51,1.98
2017-2018,2018-04-07,Fehérvár FC,Újpest FC,3.0,0.0,H,1.46,4.09,6.47
2017-2018,2018-04-07,Budapest Honvéd FC,Balmazújváros Sport Kft.,2.0,0.0,H,1.84,3.46,4.02
2017-2018,2018-04-07,Paksi FC,Debreceni VSC,2.0,5.0,A,1.74,3.45,4.62
2017-2018,2018-04-07,Diósgyőri VTK,Szombathelyi Haladás,1.0,2.0,A,1.86,3.48,3.93
2017-2018,2018-04-07,Vasas FC,Puskás Akadémia FC,1.0,2.0,A,2.23,3.25,3.07
2017-2018,2018-04-07,Ferencvárosi TC,Mezőkövesd Zsóry FC,3.0,0.0,H,1.27,5.38,9.78
2017-2018,2018-03-31,Szombathelyi Haladás,Debreceni VSC,1.0,1.0,D,2.43,3.16,2.81
2017-2018,2018-03-31,Balmazújváros Sport Kft.,Vasas FC,1.0,1.0,D,2.31,3.08,3.07
2017-2018,2018-03-31,Diósgyőri VTK,Budapest Honvéd FC,1.0,1.0,D,2.11,3.42,3.16
2017-2018,2018-03-31,Újpest FC,Ferencvárosi TC,0.0,0.0,D,3.48,3.22,2.03
2017-2018,2018-03-31,Mezőkövesd Zsóry FC,Paksi FC,2.0,3.0,A,2.47,3.05,2.86
2017-2018,2018-03-31,Puskás Akadémia FC,Fehérvár FC,0.0,0.0,D,5.27,3.79,1.59
2017-2018,2018-03-17,Ferencvárosi TC,Puskás Akadémia FC,3.0,1.0,H,1.4,4.41,7.26
2017-2018,2018-03-17,Fehérvár FC,Balmazújváros Sport Kft.,1.0,0.0,H,1.34,4.72,8.03
2017-2018,2018-03-17,Debreceni VSC,Mezőkövesd Zsóry FC,2.0,3.0,A,2.06,3.38,3.33
2017-2018,2018-03-17,Vasas FC,Diósgyőri VTK,1.0,1.0,D,2.3,3.22,2.98
2017-2018,2018-03-17,Budapest Honvéd FC,Szombathelyi Haladás,2.0,1.0,H,1.79,3.41,4.36
2017-2018,2018-03-17,Paksi FC,Újpest FC,0.0,0.0,D,2.22,3.13,3.23
2017-2018,2018-03-10,Fehérvár FC,Diósgyőri VTK,4.0,1.0,H,1.51,4.05,5.95
2017-2018,2018-03-10,Ferencvárosi TC,Balmazújváros Sport Kft.,5.0,0.0,H,1.34,4.6,8.38
2017-2018,2018-03-10,Mezőkövesd Zsóry FC,Szombathelyi Haladás,2.0,1.0,H,2.08,3.21,3.44
2017-2018,2018-03-10,Vasas FC,Budapest Honvéd FC,2.0,1.0,H,2.76,3.31,2.4
2017-2018,2018-03-10,Paksi FC,Puskás Akadémia FC,3.0,1.0,H,2.24,3.15,3.17
2017-2018,2018-03-10,Debreceni VSC,Újpest FC,1.0,2.0,A,2.38,3.29,2.82
2017-2018,2018-03-03,Balmazújváros Sport Kft.,Paksi FC,0.0,0.0,D,2.25,3.1,3.2
2017-2018,2018-03-03,Puskás Akadémia FC,Debreceni VSC,0.0,0.0,D,1.99,3.41,3.48
2017-2018,2018-03-03,Diósgyőri VTK,Ferencvárosi TC,2.0,1.0,H,3.44,3.34,2.04
2017-2018,2018-03-03,Szombathelyi Haladás,Vasas FC,3.0,0.0,H,2.32,3.31,2.85
2017-2018,2018-03-03,Újpest FC,Mezőkövesd Zsóry FC,2.0,3.0,A,1.63,3.58,5.28
2017-2018,2018-02-24,Ferencvárosi TC,Budapest Honvéd FC,5.0,2.0,H,1.59,3.79,5.28
2017-2018,2018-02-24,Debreceni VSC,Balmazújváros Sport Kft.,0.0,2.0,A,1.85,3.46,3.97
2017-2018,2018-02-24,Paksi FC,Diósgyőri VTK,2.0,1.0,H,1.89,3.22,3.95
2017-2018,2018-02-24,Újpest FC,Szombathelyi Haladás,1.0,0.0,H,1.64,3.6,5.2
2017-2018,2018-02-24,Mezőkövesd Zsóry FC,Puskás Akadémia FC,0.0,0.0,D,2.51,3.28,2.64
2017-2018,2018-02-24,Fehérvár FC,Vasas FC,2.0,1.0,H,1.37,4.71,6.95
2017-2018,2017-12-09,Vasas FC,Ferencvárosi TC,0.0,2.0,A,5.57,3.95,1.53
2017-2018,2017-12-09,Diósgyőri VTK,Debreceni VSC,3.0,2.0,H,2.31,3.18,2.81
2017-2018,2017-12-09,Balmazújváros Sport Kft.,Mezőkövesd Zsóry FC,0.0,0.0,D,2.3,3.18,2.98
2017-2018,2017-12-09,Szombathelyi Haladás,Fehérvár FC,1.0,0.0,H,5.0,3.89,1.59
2017-2018,2017-12-09,Budapest Honvéd FC,Paksi FC,1.0,0.0,H,1.89,3.38,3.86
2017-2018,2017-12-09,Puskás Akadémia FC,Újpest FC,2.0,1.0,H,2.15,3.29,3.15
2017-2018,2017-12-02,Ferencvárosi TC,Fehérvár FC,3.0,1.0,H,2.42,3.23,2.75
2017-2018,2017-12-02,Újpest FC,Balmazújváros Sport Kft.,2.0,2.0,D,1.69,3.5,4.84
2017-2018,2017-12-02,Debreceni VSC,Budapest Honvéd FC,1.0,0.0,H,1.86,3.56,3.75
2017-2018,2017-12-02,Mezőkövesd Zsóry FC,Diósgyőri VTK,0.0,0.0,D,2.91,3.33,2.26
2017-2018,2017-12-02,Puskás Akadémia FC,Szombathelyi Haladás,1.0,3.0,A,1.68,3.53,4.81
2017-2018,2017-12-02,Paksi FC,Vasas FC,3.0,1.0,H,1.99,3.35,3.52
2017-2018,2017-11-25,Szombathelyi Haladás,Ferencvárosi TC,2.0,1.0,H,4.55,3.65,1.69
2017-2018,2017-11-25,Vasas FC,Debreceni VSC,1.0,5.0,A,2.27,3.33,2.9
2017-2018,2017-11-25,Budapest Honvéd FC,Mezőkövesd Zsóry FC,1.0,2.0,A,1.58,3.99,4.96
2017-2018,2017-11-25,Fehérvár FC,Paksi FC,2.0,0.0,H,1.37,4.33,7.66
2017-2018,2017-11-25,Balmazújváros Sport Kft.,Puskás Akadémia FC,2.0,2.0,D,2.53,3.2,2.73
2017-2018,2017-11-25,Diósgyőri VTK,Újpest FC,1.0,2.0,A,2.28,3.26,2.91
2017-2018,2017-11-18,Debreceni VSC,Fehérvár FC,2.0,5.0,A,2.87,3.25,2.32
2017-2018,2017-11-18,Balmazújváros Sport Kft.,Szombathelyi Haladás,2.0,1.0,H,2.09,3.15,3.44
2017-2018,2017-11-18,Puskás Akadémia FC,Diósgyőri VTK,1.0,0.0,H,2.03,3.44,3.36
2017-2018,2017-11-18,Paksi FC,Ferencvárosi TC,0.0,2.0,A,3.03,3.27,2.22
2017-2018,2017-11-18,Újpest FC,Budapest Honvéd FC,2.0,1.0,H,2.62,3.29,2.5
2017-2018,2017-11-18,Mezőkövesd Zsóry FC,Vasas FC,3.0,3.0,D,2.28,3.27,2.92
2017-2018,2017-11-04,Budapest Honvéd FC,Puskás Akadémia FC,4.0,3.0,H,1.9,3.33,3.84
2017-2018,2017-11-04,Diósgyőri VTK,Balmazújváros Sport Kft.,1.0,2.0,A,1.84,3.52,3.83
2017-2018,2017-11-04,Ferencvárosi TC,Debreceni VSC,2.0,1.0,H,1.63,3.75,4.8
2017-2018,2017-11-04,Szombathelyi Haladás,Paksi FC,1.0,2.0,A,2.73,3.17,2.47
2017-2018,2017-11-04,Fehérvár FC,Mezőkövesd Zsóry FC,4.0,0.0,H,1.24,5.64,9.91
2017-2018,2017-11-04,Vasas FC,Újpest FC,0.0,1.0,A,3.21,3.26,2.13
2017-2018,2017-10-28,Puskás Akadémia FC,Vasas FC,0.0,0.0,D,1.94,3.49,3.62
2017-2018,2017-10-28,Balmazújváros Sport Kft.,Budapest Honvéd FC,0.0,3.0,A,2.93,3.18,2.34
2017-2018,2017-10-28,Debreceni VSC,Paksi FC,3.0,2.0,H,1.97,3.44,3.47
2017-2018,2017-10-28,Szombathelyi Haladás,Diósgyőri VTK,0.0,3.0,A,2.86,3.26,2.38
2017-2018,2017-10-28,Mezőkövesd Zsóry FC,Ferencvárosi TC,0.0,1.0,A,4.43,3.67,1.71
2017-2018,2017-10-28,Újpest FC,Fehérvár FC,2.0,2.0,D,3.32,3.38,2.07
2017-2018,2017-10-21,Diósgyőri VTK,Budapest Honvéd FC,2.0,1.0,H,2.75,3.29,2.33
2017-2018,2017-10-21,Vasas FC,Balmazújváros Sport Kft.,1.0,2.0,A,1.83,3.47,3.97
2017-2018,2017-10-21,Debreceni VSC,Szombathelyi Haladás,1.0,1.0,D,1.54,3.89,5.72
2017-2018,2017-10-21,Ferencvárosi TC,Újpest FC,1.0,0.0,H,1.6,3.9,5.02
2017-2018,2017-10-21,Paksi FC,Mezőkövesd Zsóry FC,1.0,1.0,D,1.64,3.71,4.87
2017-2018,2017-10-21,Fehérvár FC,Puskás Akadémia FC,2.0,0.0,H,1.65,3.88,4.69
2017-2018,2017-10-14,Puskás Akadémia FC,Ferencvárosi TC,1.0,1.0,D,2.94,3.4,2.23
2017-2018,2017-10-14,Balmazújváros Sport Kft.,Fehérvár FC,1.0,1.0,D,3.61,3.43,1.92
2017-2018,2017-10-14,Mezőkövesd Zsóry FC,Debreceni VSC,0.0,2.0,A,2.96,3.33,2.23
2017-2018,2017-10-14,Diósgyőri VTK,Vasas FC,5.0,0.0,H,2.11,3.4,3.19
2017-2018,2017-10-14,Szombathelyi Haladás,Budapest Honvéd FC,1.0,2.0,A,3.2,3.36,2.11
2017-2018,2017-10-14,Újpest FC,Paksi FC,0.0,0.0,D,2.0,3.43,3.39
2017-2018,2017-09-30,Budapest Honvéd FC,Vasas FC,1.0,4.0,A,1.89,3.5,3.74
2017-2018,2017-09-30,Balmazújváros Sport Kft.,Ferencvárosi TC,2.0,3.0,A,4.09,3.38,1.83
2017-2018,2017-09-30,Újpest FC,Debreceni VSC,1.0,1.0,D,2.12,3.29,3.24
2017-2018,2017-09-30,Diósgyőri VTK,Fehérvár FC,2.0,3.0,A,3.01,3.39,2.19
2017-2018,2017-09-30,Szombathelyi Haladás,Mezőkövesd Zsóry FC,2.0,2.0,D,1.9,3.35,3.86
2017-2018,2017-09-30,Puskás Akadémia FC,Paksi FC,1.0,2.0,A,1.71,3.57,4.62
2017-2018,2017-09-23,Fehérvár FC,Budapest Honvéd FC,1.0,1.0,D,1.95,3.34,3.64
2017-2018,2017-09-23,Mezőkövesd Zsóry FC,Újpest FC,2.0,4.0,A,3.37,3.31,2.05
2017-2018,2017-09-23,Paksi FC,Balmazújváros Sport Kft.,1.0,0.0,H,1.93,3.44,3.62
2017-2018,2017-09-23,Debreceni VSC,Puskás Akadémia FC,3.0,0.0,H,2.43,3.31,2.66
2017-2018,2017-09-23,Ferencvárosi TC,Diósgyőri VTK,2.0,0.0,H,1.45,4.42,5.89
2017-2018,2017-09-16,Budapest Honvéd FC,Ferencvárosi TC,1.0,3.0,A,2.44,3.24,2.71
2017-2018,2017-09-16,Balmazújváros Sport Kft.,Debreceni VSC,0.0,1.0,A,2.66,3.17,2.52
2017-2018,2017-09-16,Diósgyőri VTK,Paksi FC,2.0,4.0,A,1.98,3.37,3.5
2017-2018,2017-09-16,Szombathelyi Haladás,Újpest FC,1.0,0.0,H,3.0,3.22,2.26
2017-2018,2017-09-16,Puskás Akadémia FC,Mezőkövesd Zsóry FC,1.0,0.0,H,1.47,4.13,6.49
2017-2018,2017-09-16,Vasas FC,Fehérvár FC,3.0,1.0,H,4.39,3.41,1.77
2017-2018,2017-09-10,Fehérvár FC,Szombathelyi Haladás,3.0,1.0,H,1.26,5.22,10.01
2017-2018,2017-09-10,Paksi FC,Budapest Honvéd FC,2.0,2.0,D,3.86,3.44,1.92
2017-2018,2017-09-09,Újpest FC,Puskás Akadémia FC,1.0,3.0,A,2.2,3.26,3.06
2017-2018,2017-09-09,Mezőkövesd Zsóry FC,Balmazújváros Sport Kft.,2.0,2.0,D,2.36,3.23,2.83
2017-2018,2017-09-09,Debreceni VSC,Diósgyőri VTK,3.0,1.0,H,2.09,3.39,3.21
2017-2018,2017-09-09,Ferencvárosi TC,Vasas FC,5.0,2.0,H,1.58,3.94,5.17
2017-2018,2017-09-06,Paksi FC,Fehérvár FC,1.0,4.0,A,5.89,3.77,1.54
2017-2018,2017-08-27,Fehérvár FC,Ferencvárosi TC,3.0,1.0,H,1.77,3.46,4.34
2017-2018,2017-08-26,Balmazújváros Sport Kft.,Újpest FC,0.0,1.0,A,2.73,3.31,2.39
2017-2018,2017-08-26,Diósgyőri VTK,Mezőkövesd Zsóry FC,2.0,1.0,H,1.74,3.69,4.21
2017-2018,2017-08-26,Szombathelyi Haladás,Puskás Akadémia FC,1.0,5.0,A,2.9,3.21,2.3
2017-2018,2017-08-26,Vasas FC,Paksi FC,3.0,1.0,H,1.91,3.37,3.77
2017-2018,2017-08-19,Újpest FC,Diósgyőri VTK,1.0,1.0,D,2.02,3.44,3.34
2017-2018,2017-08-19,Puskás Akadémia FC,Balmazújváros Sport Kft.,2.0,1.0,H,1.72,3.63,4.35
2017-2018,2017-08-18,Debreceni VSC,Vasas FC,4.0,1.0,H,2.33,3.2,2.88
2017-2018,2017-08-17,Ferencvárosi TC,Szombathelyi Haladás,2.0,0.0,H,1.36,4.49,7.7
2017-2018,2017-08-12,Szombathelyi Haladás,Balmazújváros Sport Kft.,3.0,1.0,H,1.85,3.41,3.93
2017-2018,2017-08-12,Diósgyőri VTK,Puskás Akadémia FC,2.0,2.0,D,2.32,3.18,2.84
2017-2018,2017-08-12,Ferencvárosi TC,Paksi FC,1.0,1.0,D,1.55,3.82,5.56
2017-2018,2017-08-12,Budapest Honvéd FC,Újpest FC,2.0,1.0,H,1.83,3.47,3.98
2017-2018,2017-08-12,Vasas FC,Mezőkövesd Zsóry FC,1.0,1.0,D,1.78,3.56,4.08
2017-2018,2017-08-06,Mezőkövesd Zsóry FC,Fehérvár FC,0.0,2.0,A,4.61,3.4,1.76
2017-2018,2017-08-06,Újpest FC,Vasas FC,1.0,0.0,H,2.15,3.34,3.16
2017-2018,2017-08-06,Debreceni VSC,Ferencvárosi TC,0.0,0.0,D,3.67,3.38,1.94
2017-2018,2017-08-05,Puskás Akadémia FC,Budapest Honvéd FC,0.0,2.0,A,2.72,3.14,2.49
2017-2018,2017-08-05,Paksi FC,Szombathelyi Haladás,2.0,0.0,H,2.12,3.22,3.15
2017-2018,2017-08-05,Balmazújváros Sport Kft.,Diósgyőri VTK,4.0,0.0,H,3.2,3.15,2.19
2017-2018,2017-07-30,Ferencvárosi TC,Mezőkövesd Zsóry FC,5.0,0.0,H,1.45,4.15,6.46
2017-2018,2017-07-30,Vasas FC,Puskás Akadémia FC,2.0,0.0,H,2.33,3.36,2.77
2017-2018,2017-07-30,Fehérvár FC,Újpest FC,2.0,2.0,D,1.59,3.81,5.19
2017-2018,2017-07-29,Budapest Honvéd FC,Balmazújváros Sport Kft.,2.0,2.0,D,1.41,4.22,7.4
2017-2018,2017-07-29,Paksi FC,Debreceni VSC,1.0,1.0,D,2.0,3.2,3.66
2017-2018,2017-07-23,Balmazújváros Sport Kft.,Vasas FC,0.0,1.0,A,3.21,3.23,2.14
2017-2018,2017-07-23,Újpest FC,Ferencvárosi TC,2.0,2.0,D,2.34,3.22,2.85
2017-2018,2017-07-23,Puskás Akadémia FC,Fehérvár FC,1.0,3.0,A,4.06,3.48,1.82
2017-2018,2017-07-22,Szombathelyi Haladás,Debreceni VSC,1.0,0.0,H,2.32,3.14,2.8
2017-2018,2017-07-22,Budapest Honvéd FC,Diósgyőri VTK,2.0,2.0,D,1.76,3.49,4.18
2017-2018,2017-07-22,Mezőkövesd Zsóry FC,Paksi FC,3.0,2.0,H,2.47,3.16,2.69
2017-2018,2017-07-16,Fehérvár FC,Balmazújváros Sport Kft.,1.0,1.0,D,1.29,5.23,8.29
2017-2018,2017-07-16,Vasas FC,Diósgyőri VTK,0.0,2.0,A,1.7,3.77,4.36
2017-2018,2017-07-16,Ferencvárosi TC,Puskás Akadémia FC,1.0,1.0,D,1.63,3.85,4.72
2017-2018,2017-07-15,Budapest Honvéd FC,Szombathelyi Haladás,2.0,0.0,H,1.76,3.47,4.33
2017-2018,2017-07-15,Debreceni VSC,Mezőkövesd Zsóry FC,1.0,2.0,A,1.78,3.64,4.03
2017-2018,2017-07-15,Paksi FC,Újpest FC,2.0,2.0,D,2.7,3.17,2.45
2016-2017,2017-05-27,Diósgyőri VTK,Debreceni VSC,1.0,3.0,A,2.69,3.25,2.43
2016-2017,2017-05-27,Ferencvárosi TC,Újpest FC,2.0,0.0,H,1.56,3.95,4.89
2016-2017,2017-05-27,Szombathelyi Haladás,Gyirmót FC Győr,1.0,2.0,A,1.33,4.58,8.37
2016-2017,2017-05-27,Budapest Honvéd FC,Fehérvár FC,1.0,0.0,H,2.79,3.2,2.38
2016-2017,2017-05-27,Vasas FC,Mezőkövesd Zsóry FC,1.0,1.0,D,1.36,4.41,7.55
2016-2017,2017-05-27,Paksi FC,MTK Budapest,1.0,1.0,D,3.59,3.28,1.87
2016-2017,2017-05-20,Fehérvár FC,Ferencvárosi TC,4.0,1.0,H,1.58,3.7,5.14
2016-2017,2017-05-20,Debreceni VSC,Budapest Honvéd FC,2.0,5.0,A,2.89,3.24,2.2
2016-2017,2017-05-20,MTK Budapest,Diósgyőri VTK,0.0,0.0,D,2.21,3.26,2.99
2016-2017,2017-05-20,Gyirmót FC Győr,Vasas FC,1.0,2.0,A,5.3,4.02,1.53
2016-2017,2017-05-20,Újpest FC,Szombathelyi Haladás,2.0,1.0,H,1.64,3.76,4.6
2016-2017,2017-05-20,Mezőkövesd Zsóry FC,Paksi FC,3.0,2.0,H,2.29,3.28,2.78
2016-2017,2017-05-13,Újpest FC,Fehérvár FC,0.0,3.0,A,2.84,3.33,2.24
2016-2017,2017-05-13,Ferencvárosi TC,Debreceni VSC,0.0,0.0,D,1.56,3.82,5.21
2016-2017,2017-05-13,Diósgyőri VTK,Mezőkövesd Zsóry FC,2.0,2.0,D,1.82,3.51,3.89
2016-2017,2017-05-13,Paksi FC,Gyirmót FC Győr,3.0,0.0,H,1.34,4.52,7.93
2016-2017,2017-05-13,Szombathelyi Haladás,Vasas FC,2.0,2.0,D,2.9,3.14,2.29
2016-2017,2017-05-13,Budapest Honvéd FC,MTK Budapest,2.0,1.0,H,1.43,4.05,7.33
2016-2017,2017-05-06,MTK Budapest,Ferencvárosi TC,1.0,3.0,A,4.04,3.37,1.85
2016-2017,2017-05-06,Debreceni VSC,Újpest FC,1.0,0.0,H,2.08,3.38,3.22
2016-2017,2017-05-06,Gyirmót FC Győr,Diósgyőri VTK,1.0,1.0,D,3.78,3.37,1.89
2016-2017,2017-05-06,Fehérvár FC,Szombathelyi Haladás,2.0,0.0,H,1.21,5.83,11.38
2016-2017,2017-05-06,Mezőkövesd Zsóry FC,Budapest Honvéd FC,1.0,5.0,A,4.4,3.52,1.73
2016-2017,2017-05-06,Vasas FC,Paksi FC,0.0,3.0,A,1.61,3.65,5.29
2016-2017,2017-04-29,Fehérvár FC,Debreceni VSC,3.0,2.0,H,1.39,4.48,6.97
2016-2017,2017-04-29,Diósgyőri VTK,Vasas FC,2.0,1.0,H,2.95,3.24,2.27
2016-2017,2017-04-29,Ferencvárosi TC,Mezőkövesd Zsóry FC,3.0,1.0,H,1.41,4.36,6.82
2016-2017,2017-04-29,Budapest Honvéd FC,Gyirmót FC Győr,1.0,0.0,H,1.25,5.39,10.57
2016-2017,2017-04-29,Szombathelyi Haladás,Paksi FC,2.0,0.0,H,2.27,3.15,3.05
2016-2017,2017-04-29,Újpest FC,MTK Budapest,1.0,2.0,A,1.93,3.28,3.79
2016-2017,2017-04-22,Vasas FC,Budapest Honvéd FC,1.0,0.0,H,2.73,3.01,2.56
2016-2017,2017-04-22,Debreceni VSC,Szombathelyi Haladás,4.0,2.0,H,1.88,3.2,4.15
2016-2017,2017-04-22,Paksi FC,Diósgyőri VTK,0.0,1.0,A,1.93,3.04,3.76
2016-2017,2017-04-22,Gyirmót FC Győr,Ferencvárosi TC,2.0,3.0,A,5.33,3.72,1.6
2016-2017,2017-04-22,Mezőkövesd Zsóry FC,Újpest FC,1.0,3.0,A,2.97,2.97,2.44
2016-2017,2017-04-22,MTK Budapest,Fehérvár FC,1.0,1.0,D,4.49,3.14,1.84
2016-2017,2017-04-15,Ferencvárosi TC,Vasas FC,1.0,2.0,A,1.72,3.62,4.35
2016-2017,2017-04-15,Debreceni VSC,MTK Budapest,0.0,0.0,D,1.88,3.31,3.98
2016-2017,2017-04-15,Szombathelyi Haladás,Diósgyőri VTK,2.0,0.0,H,2.05,3.39,3.23
2016-2017,2017-04-15,Újpest FC,Gyirmót FC Győr,2.0,2.0,D,1.5,3.92,6.18
2016-2017,2017-04-15,Budapest Honvéd FC,Paksi FC,2.0,0.0,H,1.57,3.71,5.7
2016-2017,2017-04-15,Fehérvár FC,Mezőkövesd Zsóry FC,1.0,1.0,D,1.23,5.63,10.74
2016-2017,2017-04-12,Mezőkövesd Zsóry FC,Debreceni VSC,2.0,1.0,H,2.76,2.98,2.52
2016-2017,2017-04-12,Paksi FC,Ferencvárosi TC,3.0,1.0,H,3.46,3.22,2.03
2016-2017,2017-04-12,Gyirmót FC Győr,Fehérvár FC,0.0,1.0,A,5.78,3.88,1.5
2016-2017,2017-04-12,MTK Budapest,Szombathelyi Haladás,0.0,0.0,D,1.9,3.26,3.84
2016-2017,2017-04-11,Diósgyőri VTK,Budapest Honvéd FC,2.0,0.0,H,3.99,3.5,1.8
2016-2017,2017-04-11,Vasas FC,Újpest FC,2.0,3.0,A,2.67,3.29,2.41
2016-2017,2017-04-08,Ferencvárosi TC,Diósgyőri VTK,1.0,1.0,D,1.22,5.74,11.47
2016-2017,2017-04-08,Debreceni VSC,Gyirmót FC Győr,2.0,1.0,H,1.58,3.7,5.55
2016-2017,2017-04-08,Szombathelyi Haladás,Budapest Honvéd FC,0.0,1.0,A,3.2,3.13,2.21
2016-2017,2017-04-08,MTK Budapest,Mezőkövesd Zsóry FC,2.0,0.0,H,1.84,3.28,4.2
2016-2017,2017-04-08,Újpest FC,Paksi FC,1.0,1.0,D,1.98,3.14,3.82
2016-2017,2017-04-08,Fehérvár FC,Vasas FC,1.0,2.0,A,1.52,3.91,5.98
2016-2017,2017-04-01,Budapest Honvéd FC,Ferencvárosi TC,2.0,1.0,H,2.3,3.01,3.13
2016-2017,2017-04-01,Vasas FC,Debreceni VSC,2.0,3.0,A,2.13,3.2,3.34
2016-2017,2017-04-01,Diósgyőri VTK,Újpest FC,3.0,1.0,H,3.74,3.31,1.94
2016-2017,2017-04-01,Gyirmót FC Győr,MTK Budapest,1.0,0.0,H,2.4,3.08,2.9
2016-2017,2017-04-01,Szombathelyi Haladás,Mezőkövesd Zsóry FC,4.0,2.0,H,2.05,3.28,3.39
2016-2017,2017-04-01,Paksi FC,Fehérvár FC,0.0,0.0,D,3.59,3.14,2.06
2016-2017,2017-03-16,Vasas FC,Szombathelyi Haladás,2.0,3.0,A,1.54,3.88,5.65
2016-2017,2017-03-11,Ferencvárosi TC,Szombathelyi Haladás,3.0,1.0,H,1.35,4.48,8.31
2016-2017,2017-03-11,Újpest FC,Budapest Honvéd FC,1.0,1.0,D,2.36,2.99,3.05
2016-2017,2017-03-11,Debreceni VSC,Paksi FC,1.0,3.0,A,1.59,3.49,5.85
2016-2017,2017-03-11,Fehérvár FC,Diósgyőri VTK,2.0,0.0,H,1.2,6.04,12.7
2016-2017,2017-03-11,Mezőkövesd Zsóry FC,Gyirmót FC Győr,1.0,1.0,D,2.12,3.13,3.36
2016-2017,2017-03-11,MTK Budapest,Vasas FC,1.0,0.0,H,2.75,3.08,2.5
2016-2017,2017-03-04,Újpest FC,Ferencvárosi TC,0.0,1.0,A,2.77,3.11,2.48
2016-2017,2017-03-04,Debreceni VSC,Diósgyőri VTK,3.0,0.0,H,1.61,3.67,5.19
2016-2017,2017-03-04,Gyirmót FC Győr,Szombathelyi Haladás,1.0,2.0,A,2.53,2.97,2.82
2016-2017,2017-03-04,Fehérvár FC,Budapest Honvéd FC,3.0,0.0,H,1.79,3.41,4.29
2016-2017,2017-03-04,Mezőkövesd Zsóry FC,Vasas FC,0.0,2.0,A,3.27,3.14,2.17
2016-2017,2017-03-04,MTK Budapest,Paksi FC,1.0,2.0,A,2.05,3.0,3.82
2016-2017,2017-02-25,Ferencvárosi TC,Fehérvár FC,0.0,0.0,D,2.22,3.15,3.16
2016-2017,2017-02-25,Budapest Honvéd FC,Debreceni VSC,1.0,0.0,H,1.88,3.29,3.99
2016-2017,2017-02-25,Diósgyőri VTK,MTK Budapest,2.0,3.0,A,2.48,3.07,2.78
2016-2017,2017-02-25,Vasas FC,Gyirmót FC Győr,1.0,1.0,D,1.57,3.83,5.42
2016-2017,2017-02-25,Szombathelyi Haladás,Újpest FC,0.0,2.0,A,2.78,3.08,2.48
2016-2017,2017-02-25,Paksi FC,Mezőkövesd Zsóry FC,5.0,0.0,H,2.07,3.03,3.67
2016-2017,2017-02-18,Debreceni VSC,Ferencvárosi TC,0.0,0.0,D,3.28,3.24,2.11
2016-2017,2017-02-18,Mezőkövesd Zsóry FC,Diósgyőri VTK,3.0,0.0,H,2.16,3.16,3.27
2016-2017,2017-02-18,Gyirmót FC Győr,Paksi FC,0.0,0.0,D,2.24,3.05,3.24
2016-2017,2017-02-18,MTK Budapest,Budapest Honvéd FC,1.0,2.0,A,3.13,3.05,2.28
2016-2017,2017-02-18,Fehérvár FC,Újpest FC,5.0,1.0,H,1.61,3.75,5.09
2016-2017,2016-12-10,Ferencvárosi TC,MTK Budapest,1.0,1.0,D,1.42,4.18,7.27
2016-2017,2016-12-10,Újpest FC,Debreceni VSC,2.0,0.0,H,1.85,3.34,4.07
2016-2017,2016-12-10,Diósgyőri VTK,Gyirmót FC Győr,1.0,0.0,H,1.97,3.29,3.55
2016-2017,2016-12-10,Szombathelyi Haladás,Fehérvár FC,1.0,1.0,D,4.54,3.58,1.7
2016-2017,2016-12-10,Budapest Honvéd FC,Mezőkövesd Zsóry FC,1.0,0.0,H,1.54,3.78,5.76
2016-2017,2016-12-10,Paksi FC,Vasas FC,1.0,0.0,H,2.61,3.04,2.66
2016-2017,2016-12-03,Debreceni VSC,Fehérvár FC,0.0,1.0,A,2.55,3.12,2.61
2016-2017,2016-12-03,Vasas FC,Diósgyőri VTK,3.0,0.0,H,1.42,4.25,6.97
2016-2017,2016-12-03,Mezőkövesd Zsóry FC,Ferencvárosi TC,2.0,0.0,H,3.71,3.39,1.93
2016-2017,2016-12-03,Gyirmót FC Győr,Budapest Honvéd FC,0.0,4.0,A,4.32,3.33,1.79
2016-2017,2016-12-03,Paksi FC,Szombathelyi Haladás,2.0,1.0,H,1.81,3.34,4.29
2016-2017,2016-12-03,MTK Budapest,Újpest FC,1.0,1.0,D,2.83,3.13,2.41
2016-2017,2016-11-26,Fehérvár FC,MTK Budapest,2.0,0.0,H,1.4,4.16,8.08
2016-2017,2016-11-26,Diósgyőri VTK,Paksi FC,2.0,0.0,H,2.69,3.13,2.55
2016-2017,2016-11-26,Ferencvárosi TC,Gyirmót FC Győr,2.0,0.0,H,1.19,6.03,12.76
2016-2017,2016-11-26,Budapest Honvéd FC,Vasas FC,2.0,1.0,H,2.0,3.21,3.67
2016-2017,2016-11-26,Szombathelyi Haladás,Debreceni VSC,1.0,0.0,H,2.55,3.12,2.66
2016-2017,2016-11-26,Újpest FC,Mezőkövesd Zsóry FC,1.0,1.0,D,1.65,3.79,4.73
2016-2017,2016-11-19,Vasas FC,Ferencvárosi TC,2.0,2.0,D,3.61,3.43,1.95
2016-2017,2016-11-19,MTK Budapest,Debreceni VSC,1.0,1.0,D,2.85,3.14,2.42
2016-2017,2016-11-19,Diósgyőri VTK,Szombathelyi Haladás,2.0,1.0,H,2.41,3.29,2.75
2016-2017,2016-11-19,Gyirmót FC Győr,Újpest FC,1.0,2.0,A,3.99,3.33,1.89
2016-2017,2016-11-19,Paksi FC,Budapest Honvéd FC,1.0,1.0,D,2.63,3.07,2.64
2016-2017,2016-11-19,Mezőkövesd Zsóry FC,Fehérvár FC,2.0,1.0,H,4.56,3.47,1.74
2016-2017,2016-11-05,Újpest FC,Vasas FC,2.0,2.0,D,2.17,3.27,3.16
2016-2017,2016-11-05,Debreceni VSC,Mezőkövesd Zsóry FC,0.0,0.0,D,1.71,3.61,4.57
2016-2017,2016-11-05,Budapest Honvéd FC,Diósgyőri VTK,2.0,0.0,H,1.58,3.83,5.28
2016-2017,2016-11-05,Ferencvárosi TC,Paksi FC,1.0,2.0,A,1.3,5.09,8.88
2016-2017,2016-11-05,Fehérvár FC,Gyirmót FC Győr,4.0,0.0,H,1.19,5.96,13.83
2016-2017,2016-11-05,Szombathelyi Haladás,MTK Budapest,1.0,1.0,D,2.27,3.17,3.07
2016-2017,2016-10-29,Gyirmót FC Győr,Debreceni VSC,1.0,2.0,A,3.08,3.19,2.19
2016-2017,2016-10-29,Mezőkövesd Zsóry FC,MTK Budapest,1.0,0.0,H,2.26,3.05,3.17
2016-2017,2016-10-29,Paksi FC,Újpest FC,1.0,1.0,D,2.85,3.05,2.47
2016-2017,2016-10-29,Vasas FC,Fehérvár FC,1.0,1.0,D,3.11,3.07,2.25
2016-2017,2016-10-29,Diósgyőri VTK,Ferencvárosi TC,2.0,3.0,A,4.6,3.7,1.65
2016-2017,2016-10-29,Budapest Honvéd FC,Szombathelyi Haladás,2.0,1.0,H,1.69,3.57,4.88
2016-2017,2016-10-22,Újpest FC,Diósgyőri VTK,4.0,4.0,D,1.58,3.84,5.45
2016-2017,2016-10-22,Ferencvárosi TC,Budapest Honvéd FC,3.0,2.0,H,1.64,3.77,4.86
2016-2017,2016-10-22,MTK Budapest,Gyirmót FC Győr,1.0,0.0,H,1.62,3.56,5.42
2016-2017,2016-10-22,Mezőkövesd Zsóry FC,Szombathelyi Haladás,3.0,0.0,H,2.59,3.11,2.65
2016-2017,2016-10-22,Debreceni VSC,Vasas FC,1.0,2.0,A,1.86,3.28,3.93
2016-2017,2016-10-22,Fehérvár FC,Paksi FC,5.0,1.0,H,1.44,4.02,7.02
2016-2017,2016-10-15,Paksi FC,Debreceni VSC,1.0,1.0,D,1.93,3.26,3.89
2016-2017,2016-10-15,Diósgyőri VTK,Fehérvár FC,2.0,0.0,H,6.4,3.93,1.49
2016-2017,2016-10-15,Szombathelyi Haladás,Ferencvárosi TC,2.0,0.0,H,5.37,3.76,1.58
2016-2017,2016-10-15,Budapest Honvéd FC,Újpest FC,1.0,1.0,D,2.29,3.13,3.04
2016-2017,2016-10-15,Vasas FC,MTK Budapest,3.0,2.0,H,1.99,3.27,3.61
2016-2017,2016-10-15,Gyirmót FC Győr,Mezőkövesd Zsóry FC,0.0,1.0,A,2.14,3.25,3.23
2016-2017,2016-09-24,Ferencvárosi TC,Újpest FC,3.0,3.0,D,1.54,3.96,5.43
2016-2017,2016-09-24,Szombathelyi Haladás,Gyirmót FC Győr,0.0,1.0,A,1.75,3.42,4.53
2016-2017,2016-09-24,Budapest Honvéd FC,Fehérvár FC,1.0,2.0,A,2.85,3.19,2.35
2016-2017,2016-09-24,Vasas FC,Mezőkövesd Zsóry FC,4.0,0.0,H,1.77,3.48,4.28
2016-2017,2016-09-24,Paksi FC,MTK Budapest,0.0,0.0,D,1.94,3.22,3.9
2016-2017,2016-09-21,Fehérvár FC,Ferencvárosi TC,1.0,1.0,D,2.57,3.13,2.64
2016-2017,2016-09-21,MTK Budapest,Diósgyőri VTK,1.0,0.0,H,1.87,3.34,4.01
2016-2017,2016-09-21,Gyirmót FC Győr,Vasas FC,1.0,0.0,H,3.38,3.25,2.07
2016-2017,2016-09-21,Újpest FC,Szombathelyi Haladás,1.0,1.0,D,2.12,3.14,3.39
2016-2017,2016-09-21,Mezőkövesd Zsóry FC,Paksi FC,1.0,3.0,A,2.63,3.02,2.66
2016-2017,2016-09-20,Debreceni VSC,Budapest Honvéd FC,0.0,1.0,A,2.44,3.17,2.75
2016-2017,2016-09-17,Ferencvárosi TC,Debreceni VSC,3.0,1.0,H,1.4,4.27,7.35
2016-2017,2016-09-17,Diósgyőri VTK,Mezőkövesd Zsóry FC,1.0,1.0,D,2.47,3.29,2.66
2016-2017,2016-09-17,Paksi FC,Gyirmót FC Győr,0.0,0.0,D,1.58,3.66,5.62
2016-2017,2016-09-17,Szombathelyi Haladás,Vasas FC,1.0,0.0,H,2.21,3.19,3.14
2016-2017,2016-09-17,Budapest Honvéd FC,MTK Budapest,5.0,0.0,H,2.09,3.15,3.45
2016-2017,2016-09-17,Újpest FC,Fehérvár FC,3.0,4.0,A,3.35,3.19,2.12
2016-2017,2016-09-10,MTK Budapest,Ferencvárosi TC,2.0,1.0,H,5.61,3.68,1.57
2016-2017,2016-09-10,Debreceni VSC,Újpest FC,2.0,1.0,H,2.37,3.0,2.82
2016-2017,2016-09-10,Gyirmót FC Győr,Diósgyőri VTK,1.0,0.0,H,2.14,3.3,3.2
2016-2017,2016-09-10,Fehérvár FC,Szombathelyi Haladás,3.0,0.0,H,1.56,3.79,5.61
2016-2017,2016-09-10,Mezőkövesd Zsóry FC,Budapest Honvéd FC,3.0,1.0,H,2.87,3.1,2.43
2016-2017,2016-09-10,Vasas FC,Paksi FC,1.0,0.0,H,2.19,3.15,3.21
2016-2017,2016-08-21,Fehérvár FC,Debreceni VSC,5.0,1.0,H,1.95,3.26,3.75
2016-2017,2016-08-21,Diósgyőri VTK,Vasas FC,1.0,1.0,D,2.76,3.22,2.37
2016-2017,2016-08-21,Ferencvárosi TC,Mezőkövesd Zsóry FC,2.0,2.0,D,1.25,5.31,9.67
2016-2017,2016-08-21,Budapest Honvéd FC,Gyirmót FC Győr,0.0,0.0,D,1.48,4.09,6.04
2016-2017,2016-08-21,Szombathelyi Haladás,Paksi FC,3.0,1.0,H,2.15,3.15,3.2
2016-2017,2016-08-21,Újpest FC,MTK Budapest,0.0,0.0,D,2.01,3.29,3.55
2016-2017,2016-08-17,Paksi FC,Diósgyőri VTK,2.0,1.0,H,1.71,3.58,4.59
2016-2017,2016-08-17,Gyirmót FC Győr,Ferencvárosi TC,0.0,1.0,A,9.6,5.21,1.28
2016-2017,2016-08-17,Vasas FC,Budapest Honvéd FC,2.0,0.0,H,2.21,3.22,3.15
2016-2017,2016-08-17,Mezőkövesd Zsóry FC,Újpest FC,0.0,2.0,A,3.09,3.07,2.32
2016-2017,2016-08-17,Debreceni VSC,Szombathelyi Haladás,0.0,1.0,A,1.83,3.42,4.13
2016-2017,2016-08-16,MTK Budapest,Fehérvár FC,1.0,0.0,H,3.85,3.16,1.89
2016-2017,2016-08-13,Debreceni VSC,MTK Budapest,1.0,1.0,D,1.75,3.54,4.46
2016-2017,2016-08-13,Szombathelyi Haladás,Diósgyőri VTK,3.0,1.0,H,1.99,3.29,3.62
2016-2017,2016-08-13,Újpest FC,Gyirmót FC Győr,3.0,1.0,H,1.61,3.7,5.22
2016-2017,2016-08-13,Budapest Honvéd FC,Paksi FC,3.0,1.0,H,2.07,3.17,3.49
2016-2017,2016-08-13,Fehérvár FC,Mezőkövesd Zsóry FC,2.0,0.0,H,1.55,3.88,5.61
2016-2017,2016-08-07,Mezőkövesd Zsóry FC,Debreceni VSC,0.0,1.0,A,2.85,3.22,2.34
2016-2017,2016-08-07,Gyirmót FC Győr,Fehérvár FC,0.0,4.0,A,4.8,3.66,1.64
2016-2017,2016-08-07,MTK Budapest,Szombathelyi Haladás,0.0,2.0,A,2.23,3.07,3.23
2016-2017,2016-08-06,Vasas FC,Újpest FC,0.0,1.0,A,1.87,3.39,3.95
2016-2017,2016-08-06,Diósgyőri VTK,Budapest Honvéd FC,0.0,3.0,A,2.53,3.16,2.7
2016-2017,2016-08-06,Paksi FC,Ferencvárosi TC,0.0,0.0,D,8.23,4.29,1.38
2016-2017,2016-07-31,Debreceni VSC,Gyirmót FC Győr,4.0,0.0,H,1.56,3.87,5.46
2016-2017,2016-07-31,MTK Budapest,Mezőkövesd Zsóry FC,0.0,1.0,A,1.7,3.51,4.77
2016-2017,2016-07-30,Ferencvárosi TC,Diósgyőri VTK,6.0,2.0,H,1.39,4.27,7.99
2016-2017,2016-07-30,Szombathelyi Haladás,Budapest Honvéd FC,1.0,1.0,D,2.64,3.03,2.66
2016-2017,2016-07-30,Újpest FC,Paksi FC,1.0,0.0,H,2.35,3.12,2.95
2016-2017,2016-07-24,Vasas FC,Debreceni VSC,3.0,1.0,H,2.93,3.18,2.34
2016-2017,2016-07-24,Gyirmót FC Győr,MTK Budapest,0.0,0.0,D,2.45,3.11,2.8
2016-2017,2016-07-24,Paksi FC,Fehérvár FC,1.0,1.0,D,3.46,3.24,2.03
2016-2017,2016-07-23,Budapest Honvéd FC,Ferencvárosi TC,0.0,1.0,A,5.24,3.66,1.56
2016-2017,2016-07-23,Diósgyőri VTK,Újpest FC,2.0,1.0,H,1.92,3.28,3.78
2016-2017,2016-07-23,Szombathelyi Haladás,Mezőkövesd Zsóry FC,1.0,1.0,D,1.85,3.39,3.91
2016-2017,2016-07-17,Debreceni VSC,Paksi FC,1.0,1.0,D,1.69,3.53,4.67
2016-2017,2016-07-17,Fehérvár FC,Diósgyőri VTK,1.0,2.0,A,1.52,3.71,6.15
2016-2017,2016-07-17,MTK Budapest,Vasas FC,0.0,1.0,A,1.92,3.31,3.78
2016-2017,2016-07-16,Mezőkövesd Zsóry FC,Gyirmót FC Győr,2.0,2.0,D,2.09,3.24,3.3
2016-2017,2016-07-16,Újpest FC,Budapest Honvéd FC,0.0,2.0,A,3.18,3.17,2.18
2015-2016,2016-04-30,Diósgyőri VTK,Paksi FC,0.0,2.0,A,2.11,3.51,3.02
2015-2016,2016-04-30,Bekescsaba 1912,Debreceni VSC,0.0,0.0,D,6.61,4.13,1.44
2015-2016,2016-04-30,Szombathelyi Haladás,Ferencvárosi TC,0.0,1.0,A,3.14,3.49,2.08
2015-2016,2016-04-30,Puskás Akadémia FC,Budapest Honvéd FC,2.0,1.0,H,1.7,3.71,4.34
2015-2016,2016-04-30,MTK Budapest,Vasas FC,0.0,2.0,A,1.94,3.54,3.41
2015-2016,2016-04-30,Újpest FC,Fehérvár FC,0.0,3.0,A,2.94,3.4,2.21
2015-2016,2016-04-23,Ferencvárosi TC,Újpest FC,2.0,2.0,D,1.61,3.74,4.83
2015-2016,2016-04-23,Budapest Honvéd FC,Bekescsaba 1912,2.0,1.0,H,1.82,3.62,3.62
2015-2016,2016-04-23,Debreceni VSC,Diósgyőri VTK,3.0,1.0,H,1.42,4.17,6.51
2015-2016,2016-04-23,Paksi FC,Szombathelyi Haladás,2.0,3.0,A,1.98,3.42,3.31
2015-2016,2016-04-23,Fehérvár FC,MTK Budapest,5.0,0.0,H,1.56,3.62,5.78
2015-2016,2016-04-23,Vasas FC,Puskás Akadémia FC,1.0,0.0,H,2.33,3.25,2.77
2015-2016,2016-04-20,Fehérvár FC,Ferencvárosi TC,1.0,0.0,H,2.77,3.24,2.34
2015-2016,2016-04-20,Diósgyőri VTK,Budapest Honvéd FC,1.0,2.0,A,2.05,3.25,3.4
2015-2016,2016-04-20,MTK Budapest,Puskás Akadémia FC,0.0,1.0,A,1.73,3.57,3.97
2015-2016,2016-04-20,Újpest FC,Paksi FC,1.0,1.0,D,1.7,3.47,4.66
2015-2016,2016-04-20,Szombathelyi Haladás,Debreceni VSC,2.0,2.0,D,2.95,3.12,2.33
2015-2016,2016-04-19,Bekescsaba 1912,Vasas FC,1.0,1.0,D,2.19,3.21,3.06
2015-2016,2016-04-16,Ferencvárosi TC,MTK Budapest,2.0,2.0,D,1.42,4.11,7.47
2015-2016,2016-04-16,Puskás Akadémia FC,Bekescsaba 1912,0.0,1.0,A,1.86,3.32,4.09
2015-2016,2016-04-16,Debreceni VSC,Újpest FC,1.0,0.0,H,2.25,3.13,3.12
2015-2016,2016-04-16,Vasas FC,Diósgyőri VTK,1.0,3.0,A,2.16,3.26,3.18
2015-2016,2016-04-16,Budapest Honvéd FC,Szombathelyi Haladás,0.0,1.0,A,1.73,3.51,4.51
2015-2016,2016-04-16,Paksi FC,Fehérvár FC,0.0,1.0,A,3.04,3.01,2.36
2015-2016,2016-04-12,MTK Budapest,Paksi FC,1.0,0.0,H,1.81,3.28,3.96
2015-2016,2016-04-10,Ferencvárosi TC,Budapest Honvéd FC,2.0,1.0,H,1.55,3.95,5.39
2015-2016,2016-04-09,Paksi FC,Debreceni VSC,0.0,1.0,A,2.68,3.09,2.57
2015-2016,2016-04-09,Szombathelyi Haladás,Bekescsaba 1912,1.0,0.0,H,1.82,3.28,4.35
2015-2016,2016-04-09,MTK Budapest,Diósgyőri VTK,0.0,0.0,D,2.12,3.26,3.28
2015-2016,2016-04-09,Újpest FC,Puskás Akadémia FC,2.0,2.0,D,1.6,3.67,5.54
2015-2016,2016-04-09,Fehérvár FC,Vasas FC,2.0,2.0,D,1.49,4.0,6.15
2015-2016,2016-04-06,MTK Budapest,Bekescsaba 1912,3.0,0.0,H,1.72,3.45,4.74
2015-2016,2016-04-06,Diósgyőri VTK,Puskás Akadémia FC,2.0,1.0,H,2.04,3.27,3.33
2015-2016,2016-04-06,Szombathelyi Haladás,Vasas FC,2.0,1.0,H,2.52,3.15,2.72
2015-2016,2016-04-06,Ferencvárosi TC,Paksi FC,5.0,2.0,H,1.42,4.25,6.78
2015-2016,2016-04-06,Újpest FC,Budapest Honvéd FC,2.0,0.0,H,1.88,3.44,3.85
2015-2016,2016-04-05,Fehérvár FC,Debreceni VSC,1.0,0.0,H,2.19,3.18,3.21
2015-2016,2016-04-02,Vasas FC,Újpest FC,3.0,2.0,H,3.74,3.35,1.92
2015-2016,2016-04-02,Bekescsaba 1912,Diósgyőri VTK,0.0,0.0,D,2.71,3.11,2.46
2015-2016,2016-04-02,Debreceni VSC,Ferencvárosi TC,2.0,1.0,H,3.3,3.16,2.16
2015-2016,2016-04-02,Puskás Akadémia FC,Szombathelyi Haladás,1.0,1.0,D,2.14,3.15,3.24
2015-2016,2016-04-02,Budapest Honvéd FC,Fehérvár FC,2.0,1.0,H,2.48,3.06,2.81
2015-2016,2016-04-02,Paksi FC,MTK Budapest,4.0,1.0,H,2.07,3.18,3.49
2015-2016,2016-03-20,MTK Budapest,Debreceni VSC,1.0,0.0,H,2.74,3.05,2.54
2015-2016,2016-03-19,Vasas FC,Ferencvárosi TC,1.0,4.0,A,5.29,3.69,1.6
2015-2016,2016-03-19,Bekescsaba 1912,Újpest FC,1.0,0.0,H,4.42,3.52,1.75
2015-2016,2016-03-19,Diósgyőri VTK,Szombathelyi Haladás,3.0,0.0,H,2.1,3.19,3.39
2015-2016,2016-03-19,Budapest Honvéd FC,Paksi FC,2.0,0.0,H,2.05,3.18,3.56
2015-2016,2016-03-19,Puskás Akadémia FC,Fehérvár FC,0.0,0.0,D,3.92,3.34,1.87
2015-2016,2016-03-12,Ferencvárosi TC,Puskás Akadémia FC,4.0,0.0,H,1.34,4.58,7.69
2015-2016,2016-03-12,Fehérvár FC,Bekescsaba 1912,1.0,1.0,D,1.35,4.41,8.94
2015-2016,2016-03-12,Debreceni VSC,Budapest Honvéd FC,0.0,3.0,A,1.69,3.53,4.87
2015-2016,2016-03-12,Újpest FC,Diósgyőri VTK,1.0,0.0,H,1.56,3.83,5.51
2015-2016,2016-03-12,MTK Budapest,Szombathelyi Haladás,3.0,1.0,H,2.37,3.07,3.03
2015-2016,2016-03-12,Paksi FC,Vasas FC,2.0,0.0,H,2.0,3.28,3.63
2015-2016,2016-03-09,Bekescsaba 1912,Ferencvárosi TC,0.0,1.0,A,5.6,3.76,1.56
2015-2016,2016-03-09,Diósgyőri VTK,Fehérvár FC,2.0,1.0,H,3.09,3.12,2.19
2015-2016,2016-03-09,Szombathelyi Haladás,Újpest FC,1.0,1.0,D,3.18,3.09,2.23
2015-2016,2016-03-09,MTK Budapest,Budapest Honvéd FC,1.0,0.0,H,2.0,3.31,3.56
2015-2016,2016-03-09,Puskás Akadémia FC,Paksi FC,2.0,1.0,H,2.51,3.16,2.63
2015-2016,2016-03-08,Vasas FC,Debreceni VSC,0.0,0.0,D,3.8,3.3,1.92
2015-2016,2016-03-05,Paksi FC,Bekescsaba 1912,0.0,2.0,A,1.7,3.5,4.76
2015-2016,2016-03-05,Debreceni VSC,Puskás Akadémia FC,4.0,2.0,H,1.54,3.77,5.82
2015-2016,2016-03-05,Ferencvárosi TC,Diósgyőri VTK,2.0,2.0,D,1.4,4.26,7.54
2015-2016,2016-03-05,Fehérvár FC,Szombathelyi Haladás,2.0,1.0,H,1.47,3.88,6.95
2015-2016,2016-03-05,Budapest Honvéd FC,Vasas FC,0.0,0.0,D,1.83,3.49,4.0
2015-2016,2016-03-05,MTK Budapest,Újpest FC,2.0,1.0,H,3.48,3.12,2.11
2015-2016,2016-02-27,Budapest Honvéd FC,Ferencvárosi TC,2.0,1.0,H,6.11,3.63,1.55
2015-2016,2016-02-27,MTK Budapest,Bekescsaba 1912,0.0,0.0,D,1.67,3.65,4.92
2015-2016,2016-02-27,Újpest FC,Debreceni VSC,1.0,1.0,D,2.03,3.22,3.6
2015-2016,2016-02-27,Szombathelyi Haladás,Diósgyőri VTK,2.0,1.0,H,2.25,3.13,3.13
2015-2016,2016-02-27,Paksi FC,Vasas FC,3.0,0.0,H,1.82,3.47,4.1
2015-2016,2016-02-27,Puskás Akadémia FC,Fehérvár FC,0.0,1.0,A,4.55,3.43,1.75
2015-2016,2016-02-20,Újpest FC,MTK Budapest,1.0,1.0,D,1.64,3.52,5.14
2015-2016,2016-02-20,Debreceni VSC,Paksi FC,2.0,0.0,H,1.56,3.74,5.55
2015-2016,2016-02-20,Ferencvárosi TC,Puskás Akadémia FC,2.0,0.0,H,1.28,4.89,10.62
2015-2016,2016-02-20,Vasas FC,Szombathelyi Haladás,1.0,0.0,H,2.11,3.14,3.45
2015-2016,2016-02-20,Diósgyőri VTK,Budapest Honvéd FC,2.0,1.0,H,2.21,3.22,3.09
2015-2016,2016-02-13,Újpest FC,Fehérvár FC,1.0,0.0,H,2.26,3.09,3.21
2015-2016,2016-02-13,Debreceni VSC,Vasas FC,4.0,0.0,H,1.44,4.27,6.56
2015-2016,2016-02-13,Puskás Akadémia FC,Diósgyőri VTK,1.0,0.0,H,2.21,3.26,3.09
2015-2016,2015-12-12,Ferencvárosi TC,Újpest FC,0.0,1.0,A,1.54,3.92,5.63
2015-2016,2015-12-12,Diósgyőri VTK,Bekescsaba 1912,2.0,0.0,H,1.82,3.52,4.03
2015-2016,2015-12-12,Debreceni VSC,MTK Budapest,3.0,1.0,H,1.57,3.66,5.67
2015-2016,2015-12-12,Szombathelyi Haladás,Puskás Akadémia FC,2.0,1.0,H,2.32,3.22,2.89
2015-2016,2015-12-12,Vasas FC,Budapest Honvéd FC,2.0,1.0,H,2.82,3.34,2.32
2015-2016,2015-12-12,Fehérvár FC,Paksi FC,1.0,0.0,H,1.54,3.59,6.19
2015-2016,2015-12-05,Debreceni VSC,Fehérvár FC,1.0,2.0,A,2.26,3.09,3.08
2015-2016,2015-12-05,Szombathelyi Haladás,Bekescsaba 1912,1.0,1.0,D,1.51,3.89,6.19
2015-2016,2015-12-05,Paksi FC,Ferencvárosi TC,0.0,5.0,A,7.2,3.98,1.44
2015-2016,2015-12-05,Puskás Akadémia FC,Budapest Honvéd FC,0.0,3.0,A,2.15,3.24,3.2
2015-2016,2015-12-05,MTK Budapest,Vasas FC,2.0,1.0,H,1.89,3.35,3.67
2015-2016,2015-12-05,Újpest FC,Diósgyőri VTK,2.0,1.0,H,1.37,4.41,7.8
2015-2016,2015-12-02,Vasas FC,Bekescsaba 1912,4.0,0.0,H,1.94,3.54,3.52
2015-2016,2015-12-02,Diósgyőri VTK,MTK Budapest,1.0,1.0,D,2.88,3.18,2.36
2015-2016,2015-12-02,Budapest Honvéd FC,Paksi FC,0.0,0.0,D,2.33,3.19,2.9
2015-2016,2015-12-02,Ferencvárosi TC,Fehérvár FC,1.0,0.0,H,1.41,3.97,7.96
2015-2016,2015-12-01,Puskás Akadémia FC,Újpest FC,1.0,1.0,D,3.63,3.42,1.95
2015-2016,2015-11-28,Ferencvárosi TC,Debreceni VSC,3.0,0.0,H,1.43,3.97,7.36
2015-2016,2015-11-28,Budapest Honvéd FC,Bekescsaba 1912,3.0,2.0,H,1.65,3.56,5.17
2015-2016,2015-11-28,Diósgyőri VTK,Paksi FC,1.0,1.0,D,2.69,3.21,2.48
2015-2016,2015-11-28,Szombathelyi Haladás,Újpest FC,0.0,3.0,A,2.88,3.01,2.43
2015-2016,2015-11-28,Fehérvár FC,MTK Budapest,1.0,0.0,H,1.46,3.89,6.98
2015-2016,2015-11-28,Vasas FC,Puskás Akadémia FC,2.0,4.0,A,2.18,3.28,3.06
2015-2016,2015-11-21,MTK Budapest,Ferencvárosi TC,1.0,0.0,H,6.23,3.85,1.51
2015-2016,2015-11-21,Bekescsaba 1912,Puskás Akadémia FC,2.0,1.0,H,2.6,3.27,2.52
2015-2016,2015-11-21,Debreceni VSC,Diósgyőri VTK,1.0,0.0,H,1.41,4.28,7.2
2015-2016,2015-11-21,Paksi FC,Szombathelyi Haladás,2.0,0.0,H,1.96,3.23,3.76
2015-2016,2015-11-21,Budapest Honvéd FC,Újpest FC,1.0,2.0,A,2.6,3.22,2.51
2015-2016,2015-11-21,Fehérvár FC,Vasas FC,2.0,0.0,H,1.35,4.43,8.56
2015-2016,2015-10-31,Bekescsaba 1912,Újpest FC,1.0,3.0,A,4.09,3.42,1.85
2015-2016,2015-10-31,Fehérvár FC,Diósgyőri VTK,2.0,1.0,H,1.36,4.28,8.46
2015-2016,2015-10-31,Ferencvárosi TC,Vasas FC,5.0,1.0,H,1.17,6.51,14.35
2015-2016,2015-10-31,MTK Budapest,Szombathelyi Haladás,0.0,1.0,A,2.14,3.2,3.37
2015-2016,2015-10-31,Debreceni VSC,Budapest Honvéd FC,0.0,0.0,D,1.79,3.43,4.36
2015-2016,2015-10-31,Paksi FC,Puskás Akadémia FC,4.0,2.0,H,1.91,3.32,3.9
2015-2016,2015-10-24,Bekescsaba 1912,Paksi FC,2.0,3.0,A,2.92,3.16,2.34
2015-2016,2015-10-24,Diósgyőri VTK,Ferencvárosi TC,0.0,2.0,A,9.54,4.67,1.32
2015-2016,2015-10-24,Szombathelyi Haladás,Fehérvár FC,1.0,0.0,H,3.83,3.2,1.95
2015-2016,2015-10-24,MTK Budapest,Budapest Honvéd FC,2.0,1.0,H,2.17,3.18,3.23
2015-2016,2015-10-24,Újpest FC,Vasas FC,2.0,0.0,H,1.81,3.36,4.03
2015-2016,2015-10-24,Puskás Akadémia FC,Debreceni VSC,1.0,1.0,D,3.41,3.25,2.04
2015-2016,2015-10-17,Ferencvárosi TC,Szombathelyi Haladás,3.0,1.0,H,1.19,5.5,14.8
2015-2016,2015-10-17,Debreceni VSC,Bekescsaba 1912,7.0,0.0,H,1.24,5.17,11.75
2015-2016,2015-10-17,Vasas FC,Diósgyőri VTK,0.0,1.0,A,1.66,3.66,4.72
2015-2016,2015-10-17,Fehérvár FC,Budapest Honvéd FC,3.0,0.0,H,1.75,3.4,4.38
2015-2016,2015-10-17,Puskás Akadémia FC,MTK Budapest,2.0,3.0,A,2.46,3.15,2.76
2015-2016,2015-10-17,Paksi FC,Újpest FC,1.0,0.0,H,2.44,3.11,2.83
2015-2016,2015-10-03,Bekescsaba 1912,MTK Budapest,1.0,1.0,D,4.41,3.32,1.84
2015-2016,2015-10-03,Debreceni VSC,Újpest FC,1.0,1.0,D,1.86,3.45,4.08
2015-2016,2015-10-03,Diósgyőri VTK,Szombathelyi Haladás,1.0,1.0,D,2.22,3.18,3.27
2015-2016,2015-10-03,Vasas FC,Paksi FC,1.0,2.0,A,2.09,3.21,3.55
2015-2016,2015-10-03,Fehérvár FC,Puskás Akadémia FC,3.0,2.0,H,1.36,4.15,9.55
2015-2016,2015-09-26,Újpest FC,MTK Budapest,2.0,2.0,D,1.9,3.41,3.86
2015-2016,2015-09-26,Bekescsaba 1912,Fehérvár FC,2.0,0.0,H,8.81,4.04,1.39
2015-2016,2015-09-26,Paksi FC,Debreceni VSC,1.0,1.0,D,2.7,3.16,2.51
2015-2016,2015-09-26,Budapest Honvéd FC,Diósgyőri VTK,2.0,1.0,H,1.59,3.7,5.43
2015-2016,2015-09-26,Puskás Akadémia FC,Ferencvárosi TC,0.0,0.0,D,7.75,4.25,1.4
2015-2016,2015-09-26,Szombathelyi Haladás,Vasas FC,1.0,1.0,D,2.17,3.09,3.26
2015-2016,2015-09-19,Fehérvár FC,Újpest FC,3.0,0.0,H,2.11,3.28,3.31
2015-2016,2015-09-19,Ferencvárosi TC,Bekescsaba 1912,1.0,0.0,H,1.11,9.25,16.0
2015-2016,2015-09-19,Vasas FC,Debreceni VSC,0.0,1.0,A,3.17,3.23,2.2
2015-2016,2015-09-19,Diósgyőri VTK,Puskás Akadémia FC,3.0,2.0,H,2.17,3.24,3.28
2015-2016,2015-09-19,Szombathelyi Haladás,Budapest Honvéd FC,0.0,0.0,D,2.45,3.11,2.81
2015-2016,2015-09-19,Paksi FC,MTK Budapest,0.0,0.0,D,2.33,3.14,3.04
2015-2016,2015-09-12,Újpest FC,Ferencvárosi TC,1.0,2.0,A,4.0,3.39,1.86
2015-2016,2015-09-12,Bekescsaba 1912,Diósgyőri VTK,1.0,1.0,D,3.27,3.36,2.12
2015-2016,2015-09-12,Debreceni VSC,MTK Budapest,1.0,0.0,H,1.64,3.67,4.91
2015-2016,2015-09-12,Budapest Honvéd FC,Vasas FC,0.0,1.0,A,1.95,3.34,3.73
2015-2016,2015-09-12,Paksi FC,Fehérvár FC,2.0,0.0,H,3.94,3.24,1.92
2015-2016,2015-08-29,Ferencvárosi TC,Paksi FC,2.0,0.0,H,1.18,5.94,14.34
2015-2016,2015-08-29,Bekescsaba 1912,Szombathelyi Haladás,0.0,1.0,A,4.36,3.53,1.76
2015-2016,2015-08-29,Diósgyőri VTK,Újpest FC,2.0,1.0,H,3.13,3.33,2.18
2015-2016,2015-08-29,Budapest Honvéd FC,Puskás Akadémia FC,0.0,0.0,D,1.65,3.62,4.81
2015-2016,2015-08-29,Vasas FC,MTK Budapest,0.0,1.0,A,2.85,3.21,2.41
2015-2016,2015-08-23,MTK Budapest,Fehérvár FC,1.0,0.0,H,2.53,3.33,2.61
2015-2016,2015-08-22,Debreceni VSC,Ferencvárosi TC,0.0,3.0,A,3.21,3.24,2.16
2015-2016,2015-08-22,Bekescsaba 1912,Budapest Honvéd FC,1.0,4.0,A,4.72,3.55,1.73
2015-2016,2015-08-22,Paksi FC,Diósgyőri VTK,1.0,1.0,D,1.99,3.46,3.42
2015-2016,2015-08-22,Újpest FC,Szombathelyi Haladás,0.0,0.0,D,1.77,3.47,4.38
2015-2016,2015-08-22,Puskás Akadémia FC,Vasas FC,1.0,0.0,H,2.33,3.34,2.84
2015-2016,2015-08-15,Ferencvárosi TC,MTK Budapest,2.0,0.0,H,1.38,4.38,7.73
2015-2016,2015-08-15,Puskás Akadémia FC,Bekescsaba 1912,1.0,2.0,A,1.46,4.01,6.77
2015-2016,2015-08-15,Diósgyőri VTK,Debreceni VSC,0.0,2.0,A,3.43,3.48,1.97
2015-2016,2015-08-15,Szombathelyi Haladás,Paksi FC,1.0,0.0,H,2.05,3.27,3.38
2015-2016,2015-08-15,Újpest FC,Budapest Honvéd FC,1.0,1.0,D,1.86,3.45,4.01
2015-2016,2015-08-15,Vasas FC,Fehérvár FC,2.0,1.0,H,3.14,3.36,2.14
2015-2016,2015-08-09,Debreceni VSC,Szombathelyi Haladás,0.0,1.0,A,1.41,4.31,6.99
2015-2016,2015-08-08,Fehérvár FC,Ferencvárosi TC,1.0,3.0,A,3.59,3.14,2.0
2015-2016,2015-08-08,Bekescsaba 1912,Vasas FC,0.0,2.0,A,3.0,3.37,2.2
2015-2016,2015-08-08,MTK Budapest,Diósgyőri VTK,5.0,0.0,H,2.02,3.44,3.36
2015-2016,2015-08-08,Paksi FC,Budapest Honvéd FC,3.0,1.0,H,2.37,3.16,2.91
2015-2016,2015-08-02,Budapest Honvéd FC,Debreceni VSC,3.0,3.0,D,2.49,3.19,2.72
2015-2016,2015-08-01,Vasas FC,Ferencvárosi TC,0.0,2.0,A,8.73,4.74,1.33
2015-2016,2015-08-01,Újpest FC,Bekescsaba 1912,2.0,0.0,H,1.38,4.34,8.15
2015-2016,2015-08-01,Diósgyőri VTK,Fehérvár FC,1.0,2.0,A,2.14,3.24,3.31
2015-2016,2015-08-01,Szombathelyi Haladás,MTK Budapest,2.0,2.0,D,2.72,3.16,2.52
2015-2016,2015-08-01,Puskás Akadémia FC,Paksi FC,1.0,0.0,H,2.1,3.25,3.36
2015-2016,2015-07-26,Debreceni VSC,Puskás Akadémia FC,1.0,1.0,D,1.4,4.21,7.34
2015-2016,2015-07-26,Ferencvárosi TC,Diósgyőri VTK,3.0,1.0,H,1.32,4.75,8.86
2015-2016,2015-07-25,Vasas FC,Újpest FC,1.0,3.0,A,2.83,3.26,2.36
2015-2016,2015-07-25,Paksi FC,Bekescsaba 1912,4.0,0.0,H,1.67,3.57,4.94
2015-2016,2015-07-25,Fehérvár FC,Szombathelyi Haladás,0.0,1.0,A,1.56,4.02,5.15
2015-2016,2015-07-25,Budapest Honvéd FC,MTK Budapest,2.0,1.0,H,2.64,3.11,2.61
2015-2016,2015-07-19,Bekescsaba 1912,Debreceni VSC,2.0,3.0,A,3.79,3.36,1.89
2015-2016,2015-07-19,Szombathelyi Haladás,Ferencvárosi TC,0.0,2.0,A,6.18,4.03,1.47
2015-2016,2015-07-18,Budapest Honvéd FC,Fehérvár FC,1.0,0.0,H,3.57,3.28,1.92
2015-2016,2015-07-18,Diósgyőri VTK,Vasas FC,2.0,1.0,H,1.77,3.56,4.12
2015-2016,2015-07-18,MTK Budapest,Puskás Akadémia FC,1.0,0.0,H,1.81,3.48,4.08
2015-2016,2015-07-18,Újpest FC,Paksi FC,0.0,0.0,D,1.94,3.34,3.62
