date,rank,team_id,team_name,points,profile_link
2025-10-13,1,7322,Vitality,950,https://www.hltv.org/team/9565/vitality
2025-10-13,2,20194,The MongolZ,708,https://www.hltv.org/team/6248/the-mongolz
2025-10-13,3,13666,MOUZ,625,https://www.hltv.org/team/4494/mouz
2025-10-13,4,3741,Falcons,608,https://www.hltv.org/team/11283/falcons
2025-10-13,5,7716,Spirit,557,https://www.hltv.org/team/7020/spirit
2025-10-13,6,2023,FURIA,535,https://www.hltv.org/team/8297/furia
2025-10-13,7,3972,G2,403,https://www.hltv.org/team/5995/g2
2025-10-13,8,150,Aurora,356,https://www.hltv.org/team/11861/aurora
2025-10-13,9,9816,Natus Vincere,328,https://www.hltv.org/team/4608/natus-vincere
2025-10-13,10,8374,3DMAX,273,https://www.hltv.org/team/4914/3dmax
2025-10-13,11,429,FaZe,246,https://www.hltv.org/team/6667/faze
2025-10-13,12,7592,Astralis,168,https://www.hltv.org/team/6665/astralis
2025-10-13,13,8520,Liquid,152,https://www.hltv.org/team/5973/liquid
2025-10-13,14,14736,paiN,146,https://www.hltv.org/team/4773/pain
2025-10-13,15,8552,TYLOO,122,https://www.hltv.org/team/4863/tyloo
2025-10-13,16,9278,GamerLegion,120,https://www.hltv.org/team/9928/gamerlegion
2025-10-13,17,8371,Gentle Mates,99,https://www.hltv.org/team/13404/gentle-mates
2025-10-13,18,12732,Virtus.pro,92,https://www.hltv.org/team/5378/virtuspro
2025-10-13,19,22643,Inner Circle,92,https://www.hltv.org/team/13117/inner-circle
2025-10-13,20,16612,HOTU,83,https://www.hltv.org/team/11581/hotu
2025-10-13,21,19187,HEROIC,81,https://www.hltv.org/team/7175/heroic
2025-10-13,22,19592,B8,81,https://www.hltv.org/team/11241/b8
2025-10-13,23,922,Ninjas in Pyjamas,78,https://www.hltv.org/team/4411/ninjas-in-pyjamas
2025-10-13,24,15370,M80,75,https://www.hltv.org/team/12376/m80
2025-10-13,25,15698,Legacy,74,https://www.hltv.org/team/12468/legacy
2025-10-13,26,16551,Lynn Vision,63,https://www.hltv.org/team/8840/lynn-vision
2025-10-13,27,7528,fnatic,60,https://www.hltv.org/team/4991/fnatic
2025-10-13,28,13776,PARIVISION,51,https://www.hltv.org/team/12467/parivision
2025-10-13,29,11630,Passion UA,51,https://www.hltv.org/team/12426/passion-ua
2025-10-13,30,2898,9INE,50,https://www.hltv.org/team/10278/9ine
2025-10-13,31,12708,ENCE,49,https://www.hltv.org/team/4869/ence
2025-10-13,32,11840,BetBoom,47,https://www.hltv.org/team/12394/betboom
2025-10-13,33,13602,OG,46,https://www.hltv.org/team/10503/og
2025-10-13,34,630,SAW,42,https://www.hltv.org/team/10567/saw
2025-10-13,35,10330,ECSTATIC,38,https://www.hltv.org/team/11419/ecstatic
2025-10-13,36,11154,MIBR,37,https://www.hltv.org/team/9215/mibr
2025-10-13,37,15203,ESC,36,https://www.hltv.org/team/4532/esc
2025-10-13,38,7687,NRG,33,https://www.hltv.org/team/6673/nrg
2025-10-13,39,4829,ex-Inner Circle,32,https://www.hltv.org/team/13459/ex-inner-circle
2025-10-13,40,19015,Monte,30,https://www.hltv.org/team/11811/monte
2025-10-13,41,4679,FlyQuest,29,https://www.hltv.org/team/12774/flyquest
2025-10-13,42,12521,Fluxo,28,https://www.hltv.org/team/11837/fluxo
2025-10-13,43,10566,Imperial,28,https://www.hltv.org/team/9455/imperial
2025-10-13,44,3849,EYEBALLERS,23,https://www.hltv.org/team/11737/eyeballers
2025-10-13,45,8507,Wildcard,23,https://www.hltv.org/team/12257/wildcard
2025-10-13,46,5794,BIG,23,https://www.hltv.org/team/7532/big
2025-10-13,47,9216,ODDIK,22,https://www.hltv.org/team/11768/oddik
2025-10-13,48,20422,BASEMENT BOYS,22,https://www.hltv.org/team/13181/basement-boys
2025-10-13,49,20584,FUT,21,https://www.hltv.org/team/13286/fut
2025-10-13,50,7168,GenOne,21,https://www.hltv.org/team/11609/genone
2025-10-13,51,5351,Zero Tenacity,21,https://www.hltv.org/team/11523/zero-tenacity
2025-10-13,52,9766,500,21,https://www.hltv.org/team/12000/500
2025-10-13,53,20387,Nemiga,20,https://www.hltv.org/team/7969/nemiga
2025-10-13,54,15072,The Huns,19,https://www.hltv.org/team/12510/the-huns
2025-10-13,55,3459,TPuDCATb TPu,19,https://www.hltv.org/team/13297/tpudcatb-tpu
2025-10-13,56,11199,SINNERS,18,https://www.hltv.org/team/10577/sinners
2025-10-13,57,20956,RUBY,18,https://www.hltv.org/team/12694/ruby
2025-10-13,58,7443,Alliance,18,https://www.hltv.org/team/12474/alliance
2025-10-13,59,12092,9z,17,https://www.hltv.org/team/9996/9z
2025-10-13,60,17316,Betera,17,https://www.hltv.org/team/12431/betera
2025-10-13,61,20066,Partizan,17,https://www.hltv.org/team/11838/partizan
2025-10-13,62,19750,RED Canids,17,https://www.hltv.org/team/7176/red-canids
2025-10-13,63,2161,BESTIA,17,https://www.hltv.org/team/12144/bestia
2025-10-13,64,20558,Sharks,16,https://www.hltv.org/team/8113/sharks
2025-10-13,65,9255,Johnny Speeds,16,https://www.hltv.org/team/12604/johnny-speeds
2025-10-13,66,2131,FAVBET,16,https://www.hltv.org/team/12818/favbet
2025-10-13,67,20071,Oramond,16,https://www.hltv.org/team/13470/oramond
2025-10-13,68,7028,Rare Atom,15,https://www.hltv.org/team/11514/rare-atom
2025-10-13,69,8528,1win,15,https://www.hltv.org/team/10621/1win
2025-10-13,70,7998,BC.Game,15,https://www.hltv.org/team/12878/bcgame
2025-10-13,71,18670,GUN5,15,https://www.hltv.org/team/12471/gun5
2025-10-13,72,12877,Rooster,14,https://www.hltv.org/team/9881/rooster
2025-10-13,73,12004,Sangal,14,https://www.hltv.org/team/10333/sangal
2025-10-13,74,11213,Keyd Stars,14,https://www.hltv.org/team/6033/keyd-stars
2025-10-13,75,3669,Venom,13,https://www.hltv.org/team/13419/venom
2025-10-13,76,9482,Gaimin Gladiators,13,https://www.hltv.org/team/11571/gaimin-gladiators
2025-10-13,77,9911,ECLOT,13,https://www.hltv.org/team/7441/eclot
2025-10-13,78,17508,CYBERSHOKE,13,https://www.hltv.org/team/12380/cybershoke
2025-10-13,79,12937,Marsborne,13,https://www.hltv.org/team/13124/marsborne
2025-10-13,80,21988,MOUZ NXT,12,https://www.hltv.org/team/11176/mouz-nxt
2025-10-13,81,14294,SemperFi,12,https://www.hltv.org/team/12901/semperfi
2025-10-13,82,16971,aimclub,12,https://www.hltv.org/team/6810/aimclub
2025-10-13,83,19229,Chinggis Warriors,12,https://www.hltv.org/team/12646/chinggis-warriors
2025-10-13,84,19872,ShindeN,12,https://www.hltv.org/team/12959/shinden
2025-10-13,85,10892,SkinRave,12,https://www.hltv.org/team/13414/skinrave
2025-10-13,86,16080,Betclic,11,https://www.hltv.org/team/12916/betclic
2025-10-13,87,19709,Getting Info,11,https://www.hltv.org/team/13106/getting-info
2025-10-13,88,19962,Nuclear TigeRES,11,https://www.hltv.org/team/13027/nuclear-tigeres
2025-10-13,89,9896,kONO,11,https://www.hltv.org/team/12858/kono
2025-10-13,90,16558,Kaleido,11,https://www.hltv.org/team/13331/kaleido
2025-10-13,91,22864,Spirit Academy,11,https://www.hltv.org/team/7900/spirit-academy
2025-10-13,92,9483,Galorys,11,https://www.hltv.org/team/12677/galorys
2025-10-13,93,10449,JiJieHao,10,https://www.hltv.org/team/10245/jijiehao
2025-10-13,94,18447,ARCRED,10,https://www.hltv.org/team/10459/arcred
2025-10-13,95,13843,Sashi,10,https://www.hltv.org/team/11712/sashi
2025-10-13,96,21367,FORZE Reload,10,https://www.hltv.org/team/12857/forze-reload
2025-10-13,97,11278,Phantom,10,https://www.hltv.org/team/13173/phantom
2025-10-13,98,14737,Dusty Roots,10,https://www.hltv.org/team/12548/dusty-roots
2025-10-13,99,10961,CPH Wolves,9,https://www.hltv.org/team/4548/cph-wolves
2025-10-13,100,6593,Fake do Biru,9,https://www.hltv.org/team/13081/fake-do-biru
2025-10-13,101,19575,K27,9,https://www.hltv.org/team/12895/k27
2025-10-13,102,22364,Yawara,9,https://www.hltv.org/team/11933/yawara
2025-10-13,103,12781,AM,9,https://www.hltv.org/team/13237/am
2025-10-13,104,13669,Metizport,8,https://www.hltv.org/team/11641/metizport
2025-10-13,105,1206,Nexus,8,https://www.hltv.org/team/7187/nexus
2025-10-13,106,7996,Nemesis,8,https://www.hltv.org/team/13355/nemesis
2025-10-13,107,10827,GameHunters,8,https://www.hltv.org/team/12988/gamehunters
2025-10-13,108,18322,Bounty Hunters,8,https://www.hltv.org/team/12776/bounty-hunters
2025-10-13,109,11940,NOVAQ,8,https://www.hltv.org/team/13178/novaq
2025-10-13,110,13250,BOSS,8,https://www.hltv.org/team/12534/boss
2025-10-13,111,14010,LP,7,https://www.hltv.org/team/13304/lp
2025-10-13,112,20199,SPARTA,7,https://www.hltv.org/team/13214/sparta
2025-10-13,113,13670,m1x,7,https://www.hltv.org/team/7376/m1x
2025-10-13,114,19060,FengDa,7,https://www.hltv.org/team/12899/fengda
2025-10-13,115,12102,LAG,7,https://www.hltv.org/team/11955/lag
2025-10-13,116,16921,AMKAL,7,https://www.hltv.org/team/12586/amkal
2025-10-13,117,19538,Eruption,7,https://www.hltv.org/team/12097/eruption
2025-10-13,118,12777,MANA,7,https://www.hltv.org/team/13310/mana
2025-10-13,119,20711,KHAN,7,https://www.hltv.org/team/11175/khan
2025-10-13,120,9221,KRÜ,6,https://www.hltv.org/team/10900/kr
2025-10-13,121,23136,regain,6,https://www.hltv.org/team/12554/regain
2025-10-13,122,22794,Take Flyte,6,https://www.hltv.org/team/11660/take-flyte
2025-10-13,123,20273,Zomblers,6,https://www.hltv.org/team/12164/zomblers
2025-10-13,124,17997,Procyon,6,https://www.hltv.org/team/10997/procyon
2025-10-13,125,13689,Phoenix,6,https://www.hltv.org/team/12909/phoenix
2025-10-13,126,21574,AaB,6,https://www.hltv.org/team/9621/aab
2025-10-13,127,22476,Dziuseppe,6,https://www.hltv.org/team/13465/dziuseppe
2025-10-13,128,11205,Rebels,6,https://www.hltv.org/team/12642/rebels
2025-10-13,129,17656,Dripmen,6,https://www.hltv.org/team/11553/dripmen
2025-10-13,130,17371,Bravado,6,https://www.hltv.org/team/5158/bravado
2025-10-13,131,20033,BIG Academy,6,https://www.hltv.org/team/10254/big-academy
2025-10-13,132,25298,BDB,6,https://www.hltv.org/team/13400/bdb
2025-10-13,133,12872,Ground Zero,6,https://www.hltv.org/team/8536/ground-zero
2025-10-13,134,11271,fish123,6,https://www.hltv.org/team/6298/fish123
2025-10-13,135,11013,WOPA,6,https://www.hltv.org/team/12787/wopa
2025-10-13,136,18090,Aether,6,https://www.hltv.org/team/12908/aether
2025-10-13,137,16392,TNC,5,https://www.hltv.org/team/13403/tnc
2025-10-13,138,8891,Tricked,5,https://www.hltv.org/team/4602/tricked
2025-10-13,139,16581,Shimmer,5,https://www.hltv.org/team/12190/shimmer
2025-10-13,140,24633,Rhyno YNG,5,https://www.hltv.org/team/13443/rhyno-yng
2025-10-13,141,19617,Leo,5,https://www.hltv.org/team/11446/leo
2025-10-13,142,10722,Just Swing,5,https://www.hltv.org/team/13053/just-swing
2025-10-13,143,7131,Alter Ego,5,https://www.hltv.org/team/9958/alter-ego
2025-10-13,144,22863,BRUTE,5,https://www.hltv.org/team/9139/brute
2025-10-13,145,15573,HyperSpirit,5,https://www.hltv.org/team/13012/hyperspirit
2025-10-13,146,19981,Fingers Crossed,5,https://www.hltv.org/team/13466/fingers-crossed
2025-10-13,147,11942,ALLINNERS,5,https://www.hltv.org/team/12812/allinners
2025-10-13,148,16865,Wanted Goons,5,https://www.hltv.org/team/12971/wanted-goons
2025-10-13,149,20281,Anonymo,5,https://www.hltv.org/team/10973/anonymo
2025-10-13,150,16768,Last Bullet,5,https://www.hltv.org/team/13433/last-bullet
2025-10-13,151,147,Mousquetaires,5,https://www.hltv.org/team/13251/mousquetaires
2025-10-13,152,19173,G2 Ares,5,https://www.hltv.org/team/12889/g2-ares
2025-10-13,153,12956,NomadS,5,https://www.hltv.org/team/12900/nomads
2025-10-13,154,18146,The QUBE,4,https://www.hltv.org/team/12825/the-qube
2025-10-13,155,17561,NSN,4,https://www.hltv.org/team/11275/nsn
2025-10-13,156,17846,WahWah,4,https://www.hltv.org/team/11878/wahwah
2025-10-13,157,16847,Wildcard Academy,4,https://www.hltv.org/team/13127/wildcard-academy
2025-10-13,158,15818,UNiTY,4,https://www.hltv.org/team/12267/unity
2025-10-13,159,21888,UnderDogs,4,https://www.hltv.org/team/13422/underdogs
2025-10-13,160,18510,Insilio,4,https://www.hltv.org/team/12124/insilio
2025-10-13,161,9108,Mindfreak,4,https://www.hltv.org/team/11668/mindfreak
2025-10-13,162,23316,Y5,4,https://www.hltv.org/team/13449/y5
2025-10-13,163,19028,TSG,4,https://www.hltv.org/team/13328/tsg
2025-10-13,164,23906,WDNMD,4,https://www.hltv.org/team/11544/wdnmd
2025-10-13,165,23114,THE,4,https://www.hltv.org/team/12955/the
2025-10-13,166,17324,anything else,4,https://www.hltv.org/team/13206/anything-else
2025-10-13,167,2544,Tropa do KinGui,4,https://www.hltv.org/team/13151/tropa-do-kingui
2025-10-13,168,8503,Mythic,4,https://www.hltv.org/team/5479/mythic
2025-10-13,169,17378,SportsBetExpert,4,https://www.hltv.org/team/13375/sportsbetexpert
2025-10-13,170,17293,Flame Sharks,4,https://www.hltv.org/team/13387/flame-sharks
2025-10-13,171,20883,Hesta,4,https://www.hltv.org/team/13153/hesta
2025-10-13,172,9353,Fire Flux,4,https://www.hltv.org/team/12960/fire-flux
2025-10-13,173,21038,Crashers,4,https://www.hltv.org/team/6788/crashers
2025-10-13,174,8850,FlyQuest RED,4,https://www.hltv.org/team/12301/flyquest-red
2025-10-13,175,15588,Legion,4,https://www.hltv.org/team/10287/legion
2025-10-13,176,13679,ALGO,3,https://www.hltv.org/team/13163/algo
2025-10-13,177,10838,Vasco,3,https://www.hltv.org/team/13413/vasco
2025-10-13,178,19664,Ursa,3,https://www.hltv.org/team/13231/ursa
2025-10-13,179,23637,VP.Prodigy,3,https://www.hltv.org/team/10864/vpprodigy
2025-10-13,180,16661,Players,3,https://www.hltv.org/team/11711/players
2025-10-13,181,22997,BORING PLAYERS,3,https://www.hltv.org/team/12948/boring-players
2025-10-13,182,9214,FULL SEND,3,https://www.hltv.org/team/9842/full-send
2025-10-13,183,25043,LASED,3,https://www.hltv.org/team/13268/lased
2025-10-13,184,16603,NuTorious,3,https://www.hltv.org/team/12973/nutorious
2025-10-13,185,17117,SKYFURY,3,https://www.hltv.org/team/12982/skyfury
2025-10-13,186,18989,DEPO,3,https://www.hltv.org/team/12536/depo
2025-10-13,187,14744,InControl,3,https://www.hltv.org/team/7720/incontrol
2025-10-13,188,22035,Lazer Cats,3,https://www.hltv.org/team/12087/lazer-cats
2025-10-13,189,20503,Four Magic,3,https://www.hltv.org/team/13451/four-magic
2025-10-13,190,20336,HAWAII,3,https://www.hltv.org/team/13378/hawaii
2025-10-13,191,9818,HAVU,3,https://www.hltv.org/team/7865/havu
2025-10-13,192,11258,Prestige,3,https://www.hltv.org/team/13159/prestige
2025-10-13,193,9144,FURY,3,https://www.hltv.org/team/10299/fury
2025-10-13,194,22810,MASONIC,3,https://www.hltv.org/team/10867/masonic
2025-10-13,195,21290,MIBR Academy,3,https://www.hltv.org/team/3044/mibr-academy
2025-10-13,196,24581,Northern Lights,3,https://www.hltv.org/team/13049/northern-lights
2025-10-13,197,24096,CSDE,3,https://www.hltv.org/team/13087/csde
2025-10-13,198,20582,Vantage,3,https://www.hltv.org/team/12455/vantage
2025-10-13,199,9616,MINLATE,3,https://www.hltv.org/team/6626/minlate
2025-10-13,200,11215,MIBR fe,3,https://www.hltv.org/team/10975/mibr-fe
2025-10-13,201,23001,Change The Game,3,https://www.hltv.org/team/13175/change-the-game
2025-10-13,202,15060,IHC,2,https://www.hltv.org/team/11585/ihc
2025-10-13,203,19171,INFINITE,2,https://www.hltv.org/team/10823/infinite
2025-10-13,204,22028,Overpeek,2,https://www.hltv.org/team/13391/overpeek
2025-10-13,205,16167,ScarX,2,https://www.hltv.org/team/13217/scarx
2025-10-13,206,25111,Aurora Young Blud,2,https://www.hltv.org/team/12366/aurora-young-blud
2025-10-13,207,16811,Young Ninjas,2,https://www.hltv.org/team/10960/young-ninjas
2025-10-13,208,10499,R2,2,https://www.hltv.org/team/13327/r2
2025-10-13,209,20750,Famalicão,2,https://www.hltv.org/team/13364/famalico
2025-10-13,210,11872,FURIA fe,2,https://www.hltv.org/team/10976/furia-fe
2025-10-13,211,21930,ENCE Academy,2,https://www.hltv.org/team/11790/ence-academy
2025-10-13,212,17071,Nocturnal,2,https://www.hltv.org/team/13398/nocturnal
2025-10-13,213,21849,BIG EQUIPA,2,https://www.hltv.org/team/11718/big-equipa
2025-10-13,214,23997,MAGICOS,2,https://www.hltv.org/team/13265/magicos
2025-10-13,215,20502,Peekaboo,2,https://www.hltv.org/team/13393/peekaboo
2025-10-13,216,24317,QUAZAR,2,https://www.hltv.org/team/11312/quazar
2025-10-13,217,18783,hindsight,2,https://www.hltv.org/team/13395/hindsight
2025-10-13,218,1572,NIP Impact,2,https://www.hltv.org/team/11917/nip-impact
2025-10-13,219,17642,Wave,2,https://www.hltv.org/team/13014/wave
2025-10-13,220,19297,RUSTEC,2,https://www.hltv.org/team/12834/rustec
2025-10-13,221,19998,Atrix,2,https://www.hltv.org/team/12533/atrix
2025-10-13,222,14954,Animus Victoria,2,https://www.hltv.org/team/13316/animus-victoria
2025-10-13,223,17325,VEXA,2,https://www.hltv.org/team/13476/vexa
2025-10-13,224,20475,The Glecs,2,https://www.hltv.org/team/13369/the-glecs
2025-10-13,225,22368,ODDIK Academy,2,https://www.hltv.org/team/13264/oddik-academy
2025-10-13,226,20899,Square Sausages,2,https://www.hltv.org/team/13434/square-sausages
2025-10-13,227,21931,CSDIILIT,2,https://www.hltv.org/team/13340/csdiilit
2025-10-13,228,19083,X7,1,https://www.hltv.org/team/13227/x7
2025-10-13,229,21705,Money Crew,1,https://www.hltv.org/team/13469/money-crew
2025-10-13,230,8640,Ghost,1,https://www.hltv.org/team/7801/ghost
2025-10-13,231,22814,XI,1,https://www.hltv.org/team/8947/xi
2025-10-13,232,18773,Flame Sharks fe,1,https://www.hltv.org/team/13406/flame-sharks-fe
2025-10-13,233,12758,Imperial Valkyries,1,https://www.hltv.org/team/12828/imperial-valkyries
2025-10-13,234,23440,shinigami,1,https://www.hltv.org/team/12420/shinigami
2025-10-13,235,23085,Arrival Seven,1,https://www.hltv.org/team/13353/arrival-seven
2025-10-13,236,22889,wwaves,1,https://www.hltv.org/team/13381/wwaves
2025-10-13,237,19707,Brazen,1,https://www.hltv.org/team/10462/brazen
2025-10-13,238,22972,LE-LUX,1,https://www.hltv.org/team/12731/le-lux
2025-10-13,239,8575,Eternal Fire,1,https://www.hltv.org/team/11251/eternal-fire
2025-10-13,240,9238,thekillaz fe,1,https://www.hltv.org/team/12912/thekillaz-fe
2025-10-13,241,22345,Dark Tigers,1,https://www.hltv.org/team/7842/dark-tigers
2025-10-13,242,21761,Curralzinho,1,https://www.hltv.org/team/13417/curralzinho
2025-10-13,243,15525,Lotus fe,1,https://www.hltv.org/team/12702/lotus-fe
2025-10-13,244,22023,Let Her Cook,1,https://www.hltv.org/team/12421/let-her-cook
2025-10-13,245,22092,888aura,1,https://www.hltv.org/team/13383/888aura
2025-10-13,246,23677,3DMAX Academy,1,https://www.hltv.org/team/13432/3dmax-academy
2025-10-13,247,1656,Nemesis Impact,1,https://www.hltv.org/team/13405/nemesis-impact
2025-10-13,248,21253,Bushido Wildcats,1,https://www.hltv.org/team/13281/bushido-wildcats
2025-10-13,249,21775,Glitchtech,1,https://www.hltv.org/team/13285/glitchtech
2025-10-13,250,8635,Black Mold,0,https://www.hltv.org/team/13143/black-mold
2025-10-13,251,19133,True Thunder,0,https://www.hltv.org/team/13421/true-thunder
2025-10-13,252,11532,JERSA,0,https://www.hltv.org/team/13302/jersa
2025-10-13,253,22505,Sangal Academy,0,https://www.hltv.org/team/13301/sangal-academy
2025-10-13,254,13156,Beyman,0,https://www.hltv.org/team/13445/beyman
2025-10-13,255,8642,Little Bocks,0,https://www.hltv.org/team/11497/little-bocks
2025-10-13,256,22110,NYX,0,https://www.hltv.org/team/13397/nyx
2025-10-13,257,23828,RED Canids Academy,0,https://www.hltv.org/team/13029/red-canids-academy
2025-10-13,258,23533,DanCompany,0,https://www.hltv.org/team/13361/dancompany
2025-10-13,259,23050,AKA HERO KAJO,0,https://www.hltv.org/team/13142/aka-hero-kajo
2025-10-13,260,21734,CAPIVARAS,0,https://www.hltv.org/team/12463/capivaras
2025-10-13,261,16343,Dusty Roses,0,https://www.hltv.org/team/13412/dusty-roses
2025-10-06,1,20194,The MongolZ,872,https://www.hltv.org/team/6248/the-mongolz
2025-10-06,2,7322,Vitality,837,https://www.hltv.org/team/9565/vitality
2025-10-06,3,7716,Spirit,648,https://www.hltv.org/team/7020/spirit
2025-10-06,4,13666,MOUZ,627,https://www.hltv.org/team/4494/mouz
2025-10-06,5,2023,FURIA,574,https://www.hltv.org/team/8297/furia
2025-10-06,6,3972,G2,500,https://www.hltv.org/team/5995/g2
2025-10-06,7,3741,Falcons,485,https://www.hltv.org/team/11283/falcons
2025-10-06,8,150,Aurora,433,https://www.hltv.org/team/11861/aurora
2025-10-06,9,9816,Natus Vincere,295,https://www.hltv.org/team/4608/natus-vincere
2025-10-06,10,8374,3DMAX,257,https://www.hltv.org/team/4914/3dmax
2025-10-06,11,7592,Astralis,201,https://www.hltv.org/team/6665/astralis
2025-10-06,12,8520,Liquid,183,https://www.hltv.org/team/5973/liquid
2025-10-06,13,14736,paiN,179,https://www.hltv.org/team/4773/pain
2025-10-06,14,429,FaZe,168,https://www.hltv.org/team/6667/faze
2025-10-06,15,9278,GamerLegion,150,https://www.hltv.org/team/9928/gamerlegion
2025-10-06,16,8552,TYLOO,145,https://www.hltv.org/team/4863/tyloo
2025-10-06,17,8371,Gentle Mates,126,https://www.hltv.org/team/13404/gentle-mates
2025-10-06,18,12732,Virtus.pro,111,https://www.hltv.org/team/5378/virtuspro
2025-10-06,19,19592,B8,99,https://www.hltv.org/team/11241/b8
2025-10-06,20,19187,HEROIC,98,https://www.hltv.org/team/7175/heroic
2025-10-06,21,15370,M80,96,https://www.hltv.org/team/12376/m80
2025-10-06,22,22643,Inner Circle,92,https://www.hltv.org/team/13117/inner-circle
2025-10-06,23,15698,Legacy,91,https://www.hltv.org/team/12468/legacy
2025-10-06,24,922,Ninjas in Pyjamas,90,https://www.hltv.org/team/4411/ninjas-in-pyjamas
2025-10-06,25,16612,HOTU,88,https://www.hltv.org/team/11581/hotu
2025-10-06,26,7528,fnatic,86,https://www.hltv.org/team/4991/fnatic
2025-10-06,27,16551,Lynn Vision,79,https://www.hltv.org/team/8840/lynn-vision
2025-10-06,28,2898,9INE,71,https://www.hltv.org/team/10278/9ine
2025-10-06,29,12708,ENCE,70,https://www.hltv.org/team/4869/ence
2025-10-06,30,13602,OG,67,https://www.hltv.org/team/10503/og
2025-10-06,31,13776,PARIVISION,64,https://www.hltv.org/team/12467/parivision
2025-10-06,32,11630,Passion UA,63,https://www.hltv.org/team/12426/passion-ua
2025-10-06,33,11840,BetBoom,56,https://www.hltv.org/team/12394/betboom
2025-10-06,34,10330,ECSTATIC,47,https://www.hltv.org/team/11419/ecstatic
2025-10-06,35,11154,MIBR,47,https://www.hltv.org/team/9215/mibr
2025-10-06,36,630,SAW,45,https://www.hltv.org/team/10567/saw
2025-10-06,37,5794,BIG,45,https://www.hltv.org/team/7532/big
2025-10-06,38,10566,Imperial,42,https://www.hltv.org/team/9455/imperial
2025-10-06,39,15203,ESC,41,https://www.hltv.org/team/4532/esc
2025-10-06,40,4829,ex-Inner Circle,39,https://www.hltv.org/team/13459/ex-inner-circle
2025-10-06,41,7687,NRG,39,https://www.hltv.org/team/6673/nrg
2025-10-06,42,19015,Monte,37,https://www.hltv.org/team/11811/monte
2025-10-06,43,4679,FlyQuest,36,https://www.hltv.org/team/12774/flyquest
2025-10-06,44,12521,Fluxo,35,https://www.hltv.org/team/11837/fluxo
2025-10-06,45,5351,Zero Tenacity,32,https://www.hltv.org/team/11523/zero-tenacity
2025-10-06,46,20584,FUT,29,https://www.hltv.org/team/13286/fut
2025-10-06,47,8507,Wildcard,29,https://www.hltv.org/team/12257/wildcard
2025-10-06,48,17316,Betera,28,https://www.hltv.org/team/12431/betera
2025-10-06,49,3849,EYEBALLERS,28,https://www.hltv.org/team/11737/eyeballers
2025-10-06,50,9216,ODDIK,27,https://www.hltv.org/team/11768/oddik
2025-10-06,51,20422,BASEMENT BOYS,26,https://www.hltv.org/team/13181/basement-boys
2025-10-06,52,15072,The Huns,25,https://www.hltv.org/team/12510/the-huns
2025-10-06,53,9766,500,25,https://www.hltv.org/team/12000/500
2025-10-06,54,7168,GenOne,25,https://www.hltv.org/team/11609/genone
2025-10-06,55,7443,Alliance,24,https://www.hltv.org/team/12474/alliance
2025-10-06,56,12092,9z,24,https://www.hltv.org/team/9996/9z
2025-10-06,57,20387,Nemiga,23,https://www.hltv.org/team/7969/nemiga
2025-10-06,58,20558,Sharks,23,https://www.hltv.org/team/8113/sharks
2025-10-06,59,3459,TPuDCATb TPu,23,https://www.hltv.org/team/13297/tpudcatb-tpu
2025-10-06,60,7998,BC.Game,22,https://www.hltv.org/team/12878/bcgame
2025-10-06,61,9255,Johnny Speeds,21,https://www.hltv.org/team/12604/johnny-speeds
2025-10-06,62,20066,Partizan,21,https://www.hltv.org/team/11838/partizan
2025-10-06,63,7028,Rare Atom,20,https://www.hltv.org/team/11514/rare-atom
2025-10-06,64,20071,Oramond,20,https://www.hltv.org/team/13470/oramond
2025-10-06,65,11199,SINNERS,19,https://www.hltv.org/team/10577/sinners
2025-10-06,66,19750,RED Canids,19,https://www.hltv.org/team/7176/red-canids
2025-10-06,67,2161,BESTIA,18,https://www.hltv.org/team/12144/bestia
2025-10-06,68,9483,Galorys,18,https://www.hltv.org/team/12677/galorys
2025-10-06,69,9482,Gaimin Gladiators,18,https://www.hltv.org/team/11571/gaimin-gladiators
2025-10-06,70,19872,ShindeN,18,https://www.hltv.org/team/12959/shinden
2025-10-06,71,12004,Sangal,17,https://www.hltv.org/team/10333/sangal
2025-10-06,72,17508,CYBERSHOKE,17,https://www.hltv.org/team/12380/cybershoke
2025-10-06,73,11213,Keyd Stars,17,https://www.hltv.org/team/6033/keyd-stars
2025-10-06,74,3669,Venom,17,https://www.hltv.org/team/13419/venom
2025-10-06,75,2131,FAVBET,17,https://www.hltv.org/team/12818/favbet
2025-10-06,76,12877,Rooster,17,https://www.hltv.org/team/9881/rooster
2025-10-06,77,20956,RUBY,17,https://www.hltv.org/team/12694/ruby
2025-10-06,78,16080,Betclic,16,https://www.hltv.org/team/12916/betclic
2025-10-06,79,18670,GUN5,16,https://www.hltv.org/team/12471/gun5
2025-10-06,80,8528,1win,16,https://www.hltv.org/team/10621/1win
2025-10-06,81,14294,SemperFi,16,https://www.hltv.org/team/12901/semperfi
2025-10-06,82,12937,Marsborne,16,https://www.hltv.org/team/13124/marsborne
2025-10-06,83,22864,Spirit Academy,15,https://www.hltv.org/team/7900/spirit-academy
2025-10-06,84,10449,JiJieHao,15,https://www.hltv.org/team/10245/jijiehao
2025-10-06,85,16971,aimclub,15,https://www.hltv.org/team/6810/aimclub
2025-10-06,86,10892,SkinRave,14,https://www.hltv.org/team/13414/skinrave
2025-10-06,87,16558,Kaleido,14,https://www.hltv.org/team/13331/kaleido
2025-10-06,88,1206,Nexus,14,https://www.hltv.org/team/7187/nexus
2025-10-06,89,13843,Sashi,14,https://www.hltv.org/team/11712/sashi
2025-10-06,90,8575,Eternal Fire,14,https://www.hltv.org/team/11251/eternal-fire
2025-10-06,91,19229,Chinggis Warriors,14,https://www.hltv.org/team/12646/chinggis-warriors
2025-10-06,92,14737,Dusty Roots,14,https://www.hltv.org/team/12548/dusty-roots
2025-10-06,93,19962,Nuclear TigeRES,14,https://www.hltv.org/team/13027/nuclear-tigeres
2025-10-06,94,21367,FORZE Reload,13,https://www.hltv.org/team/12857/forze-reload
2025-10-06,95,21988,MOUZ NXT,13,https://www.hltv.org/team/11176/mouz-nxt
2025-10-06,96,11278,Phantom,12,https://www.hltv.org/team/13173/phantom
2025-10-06,97,12102,LAG,12,https://www.hltv.org/team/11955/lag
2025-10-06,98,9896,kONO,12,https://www.hltv.org/team/12858/kono
2025-10-06,99,18447,ARCRED,12,https://www.hltv.org/team/10459/arcred
2025-10-06,100,9911,ECLOT,12,https://www.hltv.org/team/7441/eclot
2025-10-06,101,10961,CPH Wolves,12,https://www.hltv.org/team/4548/cph-wolves
2025-10-06,102,19575,K27,12,https://www.hltv.org/team/12895/k27
2025-10-06,103,6593,2GAME,11,https://www.hltv.org/team/12491/2game
2025-10-06,104,19709,Getting Info,11,https://www.hltv.org/team/13106/getting-info
2025-10-06,105,10827,GameHunters,11,https://www.hltv.org/team/12988/gamehunters
2025-10-06,106,12781,AM,11,https://www.hltv.org/team/13237/am
2025-10-06,107,24633,Rhyno YNG,11,https://www.hltv.org/team/13443/rhyno-yng
2025-10-06,108,23136,regain,11,https://www.hltv.org/team/12554/regain
2025-10-06,109,7996,Nemesis,10,https://www.hltv.org/team/13355/nemesis
2025-10-06,110,13250,BOSS,10,https://www.hltv.org/team/12534/boss
2025-10-06,111,13669,Metizport,10,https://www.hltv.org/team/11641/metizport
2025-10-06,112,20033,BIG Academy,10,https://www.hltv.org/team/10254/big-academy
2025-10-06,113,11940,NOVAQ,9,https://www.hltv.org/team/13178/novaq
2025-10-06,114,20199,SPARTA,9,https://www.hltv.org/team/13214/sparta
2025-10-06,115,22794,Take Flyte,9,https://www.hltv.org/team/11660/take-flyte
2025-10-06,116,19538,Eruption,9,https://www.hltv.org/team/12097/eruption
2025-10-06,117,21574,AaB,9,https://www.hltv.org/team/9621/aab
2025-10-06,118,8891,Tricked,9,https://www.hltv.org/team/4602/tricked
2025-10-06,119,16921,AMKAL,8,https://www.hltv.org/team/12586/amkal
2025-10-06,120,20711,KHAN,8,https://www.hltv.org/team/11175/khan
2025-10-06,121,12956,NomadS,8,https://www.hltv.org/team/12900/nomads
2025-10-06,122,13670,m1x,8,https://www.hltv.org/team/7376/m1x
2025-10-06,123,22476,Dziuseppe,8,https://www.hltv.org/team/13465/dziuseppe
2025-10-06,124,20273,Zomblers,8,https://www.hltv.org/team/12164/zomblers
2025-10-06,125,12777,MANA,8,https://www.hltv.org/team/13310/mana
2025-10-06,126,22364,Yawara,8,https://www.hltv.org/team/11933/yawara
2025-10-06,127,16581,Shimmer,8,https://www.hltv.org/team/12190/shimmer
2025-10-06,128,17656,Dripmen,8,https://www.hltv.org/team/11553/dripmen
2025-10-06,129,17371,Bravado,7,https://www.hltv.org/team/5158/bravado
2025-10-06,130,19060,FengDa,7,https://www.hltv.org/team/12899/fengda
2025-10-06,131,14010,LP,7,https://www.hltv.org/team/13304/lp
2025-10-06,132,11013,WOPA,7,https://www.hltv.org/team/12787/wopa
2025-10-06,133,19617,Leo,7,https://www.hltv.org/team/11446/leo
2025-10-06,134,25298,BDB,7,https://www.hltv.org/team/13400/bdb
2025-10-06,135,14744,InControl,7,https://www.hltv.org/team/7720/incontrol
2025-10-06,136,12872,Ground Zero,7,https://www.hltv.org/team/8536/ground-zero
2025-10-06,137,18322,Bounty Hunters,7,https://www.hltv.org/team/12776/bounty-hunters
2025-10-06,138,17997,Procyon,7,https://www.hltv.org/team/10997/procyon
2025-10-06,139,16392,TNC,7,https://www.hltv.org/team/13403/tnc
2025-10-06,140,9221,KRÜ,7,https://www.hltv.org/team/10900/kr
2025-10-06,141,7131,Alter Ego,7,https://www.hltv.org/team/9958/alter-ego
2025-10-06,142,23637,VP.Prodigy,6,https://www.hltv.org/team/10864/vpprodigy
2025-10-06,143,18510,Insilio,6,https://www.hltv.org/team/12124/insilio
2025-10-06,144,17561,NSN,6,https://www.hltv.org/team/11275/nsn
2025-10-06,145,17324,anything else,6,https://www.hltv.org/team/13206/anything-else
2025-10-06,146,16768,Last Bullet,6,https://www.hltv.org/team/13433/last-bullet
2025-10-06,147,15573,HyperSpirit,6,https://www.hltv.org/team/13012/hyperspirit
2025-10-06,148,19981,Fingers Crossed,6,https://www.hltv.org/team/13466/fingers-crossed
2025-10-06,149,15060,IHC,6,https://www.hltv.org/team/11585/ihc
2025-10-06,150,18090,Aether,6,https://www.hltv.org/team/12908/aether
2025-10-06,151,20281,Anonymo,6,https://www.hltv.org/team/10973/anonymo
2025-10-06,152,16847,Wildcard Academy,6,https://www.hltv.org/team/13127/wildcard-academy
2025-10-06,153,15818,UNiTY,6,https://www.hltv.org/team/12267/unity
2025-10-06,154,18146,The QUBE,6,https://www.hltv.org/team/12825/the-qube
2025-10-06,155,16865,Wanted Goons,6,https://www.hltv.org/team/12971/wanted-goons
2025-10-06,156,17846,WahWah,6,https://www.hltv.org/team/11878/wahwah
2025-10-06,157,8503,Mythic,5,https://www.hltv.org/team/5479/mythic
2025-10-06,158,9108,Mindfreak,5,https://www.hltv.org/team/11668/mindfreak
2025-10-06,159,21038,Crashers,5,https://www.hltv.org/team/6788/crashers
2025-10-06,160,22997,BORING PLAYERS,5,https://www.hltv.org/team/12948/boring-players
2025-10-06,161,13679,ALGO,5,https://www.hltv.org/team/13163/algo
2025-10-06,162,10838,Vasco,5,https://www.hltv.org/team/13413/vasco
2025-10-06,163,12588,ex-TALON,5,https://www.hltv.org/team/13212/ex-talon
2025-10-06,164,19173,G2 Ares,5,https://www.hltv.org/team/12889/g2-ares
2025-10-06,165,10499,R2,5,https://www.hltv.org/team/13327/r2
2025-10-06,166,22863,BRUTE,5,https://www.hltv.org/team/9139/brute
2025-10-06,167,11942,ALLINNERS,5,https://www.hltv.org/team/12812/allinners
2025-10-06,168,18989,DEPO,5,https://www.hltv.org/team/12536/depo
2025-10-06,169,20475,The Glecs,5,https://www.hltv.org/team/13369/the-glecs
2025-10-06,170,23316,Y5,5,https://www.hltv.org/team/13449/y5
2025-10-06,171,10722,Just Swing,5,https://www.hltv.org/team/13053/just-swing
2025-10-06,172,23906,WDNMD,5,https://www.hltv.org/team/11544/wdnmd
2025-10-06,173,23114,THE,5,https://www.hltv.org/team/12955/the
2025-10-06,174,9214,FULL SEND,5,https://www.hltv.org/team/9842/full-send
2025-10-06,175,15588,Legion,5,https://www.hltv.org/team/10287/legion
2025-10-06,176,17378,SportsBetExpert,5,https://www.hltv.org/team/13375/sportsbetexpert
2025-10-06,177,17293,Flame Sharks,5,https://www.hltv.org/team/13387/flame-sharks
2025-10-06,178,147,Mousquetaires,5,https://www.hltv.org/team/13251/mousquetaires
2025-10-06,179,20883,Hesta,5,https://www.hltv.org/team/13153/hesta
2025-10-06,180,9353,Fire Flux,5,https://www.hltv.org/team/12960/fire-flux
2025-10-06,181,8850,FlyQuest RED,5,https://www.hltv.org/team/12301/flyquest-red
2025-10-06,182,21888,UnderDogs,5,https://www.hltv.org/team/13422/underdogs
2025-10-06,183,19664,Ursa,4,https://www.hltv.org/team/13231/ursa
2025-10-06,184,6553,Players,4,https://www.hltv.org/team/11711/players
2025-10-06,185,11258,Prestige,4,https://www.hltv.org/team/13159/prestige
2025-10-06,186,25043,LASED,4,https://www.hltv.org/team/13268/lased
2025-10-06,187,16603,NuTorious,4,https://www.hltv.org/team/12973/nutorious
2025-10-06,188,20503,Four Magic,4,https://www.hltv.org/team/13451/four-magic
2025-10-06,189,22035,Lazer Cats,4,https://www.hltv.org/team/12087/lazer-cats
2025-10-06,190,20336,Max,4,https://www.hltv.org/team/13435/max
2025-10-06,191,9818,HAVU,4,https://www.hltv.org/team/7865/havu
2025-10-06,192,2544,Tropa do KinGui,3,https://www.hltv.org/team/13151/tropa-do-kingui
2025-10-06,193,11215,MIBR fe,3,https://www.hltv.org/team/10975/mibr-fe
2025-10-06,194,10611,Kitsune,3,https://www.hltv.org/team/12684/kitsune
2025-10-06,195,17117,SKYFURY,3,https://www.hltv.org/team/12982/skyfury
2025-10-06,196,24581,Northern Lights,3,https://www.hltv.org/team/13049/northern-lights
2025-10-06,197,18783,hindsight,3,https://www.hltv.org/team/13395/hindsight
2025-10-06,198,17071,Nocturnal,3,https://www.hltv.org/team/13398/nocturnal
2025-10-06,199,24096,CSDE,3,https://www.hltv.org/team/13087/csde
2025-10-06,200,20582,Vantage,3,https://www.hltv.org/team/12455/vantage
2025-10-06,201,20502,Peekaboo,3,https://www.hltv.org/team/13393/peekaboo
2025-10-06,202,9616,MINLATE,3,https://www.hltv.org/team/6626/minlate
2025-10-06,203,23001,Change The Game,3,https://www.hltv.org/team/13175/change-the-game
2025-10-06,204,21930,ENCE Academy,3,https://www.hltv.org/team/11790/ence-academy
2025-10-06,205,16902,Outfit 49,3,https://www.hltv.org/team/13294/outfit-49
2025-10-06,206,19171,INFINITE,3,https://www.hltv.org/team/10823/infinite
2025-10-06,207,22028,Overpeek,3,https://www.hltv.org/team/13391/overpeek
2025-10-06,208,16167,ScarX,3,https://www.hltv.org/team/13217/scarx
2025-10-06,209,14799,MONEY CREW,3,https://www.hltv.org/team/13368/money-crew
2025-10-06,210,16811,Young Ninjas,3,https://www.hltv.org/team/10960/young-ninjas
2025-10-06,211,19028,TSG,3,https://www.hltv.org/team/13328/tsg
2025-10-06,212,9144,FURY,3,https://www.hltv.org/team/10299/fury
2025-10-06,213,25321,Aurora Young Blud,3,https://www.hltv.org/team/12366/aurora-young-blud
2025-10-06,214,23085,Arrival Seven,3,https://www.hltv.org/team/13353/arrival-seven
2025-10-06,215,24317,QUAZAR,3,https://www.hltv.org/team/11312/quazar
2025-10-06,216,22810,MASONIC,3,https://www.hltv.org/team/10867/masonic
2025-10-06,217,12758,Imperial Valkyries,3,https://www.hltv.org/team/12828/imperial-valkyries
2025-10-06,218,11205,Rebels,3,https://www.hltv.org/team/12642/rebels
2025-10-06,219,14954,Animus Victoria,2,https://www.hltv.org/team/13316/animus-victoria
2025-10-06,220,21253,Bushido Wildcats,2,https://www.hltv.org/team/13281/bushido-wildcats
2025-10-06,221,17642,Wave,2,https://www.hltv.org/team/13014/wave
2025-10-06,222,11872,FURIA fe,2,https://www.hltv.org/team/10976/furia-fe
2025-10-06,223,1572,NIP Impact,2,https://www.hltv.org/team/11917/nip-impact
2025-10-06,224,19297,RUSTEC,2,https://www.hltv.org/team/12834/rustec
2025-10-06,225,8640,Ghost,2,https://www.hltv.org/team/7801/ghost
2025-10-06,226,23997,MAGICOS,2,https://www.hltv.org/team/13265/magicos
2025-10-06,227,21849,BIG EQUIPA,2,https://www.hltv.org/team/11718/big-equipa
2025-10-06,228,22368,ODDIK Academy,2,https://www.hltv.org/team/13264/oddik-academy
2025-10-06,229,20899,Square Sausages,2,https://www.hltv.org/team/13434/square-sausages
2025-10-06,230,19998,Atrix,2,https://www.hltv.org/team/12533/atrix
2025-10-06,231,21290,MIBR Academy,2,https://www.hltv.org/team/3044/mibr-academy
2025-10-06,232,21931,CSDIILIT,2,https://www.hltv.org/team/13340/csdiilit
2025-10-06,233,18773,Flame Sharks fe,2,https://www.hltv.org/team/13406/flame-sharks-fe
2025-10-06,234,22814,XI,2,https://www.hltv.org/team/8947/xi
2025-10-06,235,19083,X7,2,https://www.hltv.org/team/13227/x7
2025-10-06,236,9238,thekillaz fe,2,https://www.hltv.org/team/12912/thekillaz-fe
2025-10-06,237,23440,shinigami,1,https://www.hltv.org/team/12420/shinigami
2025-10-06,238,23224,Zomblers Academy,1,https://www.hltv.org/team/12873/zomblers-academy
2025-10-06,239,19707,Brazen,1,https://www.hltv.org/team/10462/brazen
2025-10-06,240,22023,Let Her Cook,1,https://www.hltv.org/team/12421/let-her-cook
2025-10-06,241,22972,LE-LUX,1,https://www.hltv.org/team/12731/le-lux
2025-10-06,242,20750,Famalicão,1,https://www.hltv.org/team/13364/famalico
2025-10-06,243,22345,Dark Tigers,1,https://www.hltv.org/team/7842/dark-tigers
2025-10-06,244,22889,wwaves,1,https://www.hltv.org/team/13381/wwaves
2025-10-06,245,15525,Lotus fe,1,https://www.hltv.org/team/12702/lotus-fe
2025-10-06,246,1656,Nemesis Impact,1,https://www.hltv.org/team/13405/nemesis-impact
2025-10-06,247,22505,Sangal Academy,1,https://www.hltv.org/team/13301/sangal-academy
2025-10-06,248,23677,3DMAX Academy,1,https://www.hltv.org/team/13432/3dmax-academy
2025-10-06,249,22092,888aura,1,https://www.hltv.org/team/13383/888aura
2025-10-06,250,21775,Glitchtech,1,https://www.hltv.org/team/13285/glitchtech
2025-10-06,251,21761,Curralzinho,1,https://www.hltv.org/team/13417/curralzinho
2025-10-06,252,23050,AKA HERO KAJO,1,https://www.hltv.org/team/13142/aka-hero-kajo
2025-10-06,253,19133,True Thunder,1,https://www.hltv.org/team/13421/true-thunder
2025-10-06,254,8635,Black Mold,1,https://www.hltv.org/team/13143/black-mold
2025-10-06,255,11532,JERSA,1,https://www.hltv.org/team/13302/jersa
2025-10-06,256,16343,Dusty Roses,1,https://www.hltv.org/team/13412/dusty-roses
2025-10-06,257,23533,DanCompany,1,https://www.hltv.org/team/13361/dancompany
2025-10-06,258,13156,Beyman,1,https://www.hltv.org/team/13445/beyman
2025-10-06,259,8642,Little Bocks,0,https://www.hltv.org/team/11497/little-bocks
2025-10-06,260,22110,NYX,0,https://www.hltv.org/team/13397/nyx
2025-10-06,261,23828,RED Canids Academy,0,https://www.hltv.org/team/13029/red-canids-academy
2025-10-06,262,21734,CAPIVARAS,0,https://www.hltv.org/team/12463/capivaras
2025-09-29,1,20194,The MongolZ,896,https://www.hltv.org/team/6248/the-mongolz
2025-09-29,2,7322,Vitality,880,https://www.hltv.org/team/9565/vitality
2025-09-29,3,13666,MOUZ,600,https://www.hltv.org/team/4494/mouz
2025-09-29,4,7716,Spirit,577,https://www.hltv.org/team/7020/spirit
2025-09-29,5,2023,FURIA,500,https://www.hltv.org/team/8297/furia
2025-09-29,6,3972,G2,432,https://www.hltv.org/team/5995/g2
2025-09-29,7,3741,Falcons,401,https://www.hltv.org/team/11283/falcons
2025-09-29,8,150,Aurora,389,https://www.hltv.org/team/11861/aurora
2025-09-29,9,9816,Natus Vincere,283,https://www.hltv.org/team/4608/natus-vincere
2025-09-29,10,14736,paiN,225,https://www.hltv.org/team/4773/pain
2025-09-29,11,8374,3DMAX,194,https://www.hltv.org/team/4914/3dmax
2025-09-29,12,7592,Astralis,178,https://www.hltv.org/team/6665/astralis
2025-09-29,13,8520,Liquid,175,https://www.hltv.org/team/5973/liquid
2025-09-29,14,429,FaZe,147,https://www.hltv.org/team/6667/faze
2025-09-29,15,8552,TYLOO,130,https://www.hltv.org/team/4863/tyloo
2025-09-29,16,12732,Virtus.pro,121,https://www.hltv.org/team/5378/virtuspro
2025-09-29,17,9278,GamerLegion,116,https://www.hltv.org/team/9928/gamerlegion
2025-09-29,18,19187,HEROIC,104,https://www.hltv.org/team/7175/heroic
2025-09-29,19,15698,Legacy,94,https://www.hltv.org/team/12468/legacy
2025-09-29,20,16551,Lynn Vision,86,https://www.hltv.org/team/8840/lynn-vision
2025-09-29,21,19592,B8,82,https://www.hltv.org/team/11241/b8
2025-09-29,22,15370,M80,80,https://www.hltv.org/team/12376/m80
2025-09-29,23,922,Ninjas in Pyjamas,76,https://www.hltv.org/team/4411/ninjas-in-pyjamas
2025-09-29,24,7528,fnatic,67,https://www.hltv.org/team/4991/fnatic
2025-09-29,25,13602,OG,65,https://www.hltv.org/team/10503/og
2025-09-29,26,12708,ENCE,62,https://www.hltv.org/team/4869/ence
2025-09-29,27,13776,PARIVISION,61,https://www.hltv.org/team/12467/parivision
2025-09-29,28,8371,Gentle Mates,55,https://www.hltv.org/team/13404/gentle-mates
2025-09-29,29,2898,9INE,54,https://www.hltv.org/team/10278/9ine
2025-09-29,30,11840,BetBoom,54,https://www.hltv.org/team/12394/betboom
2025-09-29,31,11630,Passion UA,47,https://www.hltv.org/team/12426/passion-ua
2025-09-29,32,630,SAW,42,https://www.hltv.org/team/10567/saw
2025-09-29,33,22643,Inner Circle,40,https://www.hltv.org/team/13117/inner-circle
2025-09-29,34,16612,HOTU,39,https://www.hltv.org/team/11581/hotu
2025-09-29,35,7687,NRG,38,https://www.hltv.org/team/6673/nrg
2025-09-29,36,10330,ECSTATIC,37,https://www.hltv.org/team/11419/ecstatic
2025-09-29,37,10566,Imperial,37,https://www.hltv.org/team/9455/imperial
2025-09-29,38,4829,ex-Inner Circle,36,https://www.hltv.org/team/13459/ex-inner-circle
2025-09-29,39,5794,BIG,34,https://www.hltv.org/team/7532/big
2025-09-29,40,20387,Nemiga,34,https://www.hltv.org/team/7969/nemiga
2025-09-29,41,15203,ESC,34,https://www.hltv.org/team/4532/esc
2025-09-29,42,4679,FlyQuest,33,https://www.hltv.org/team/12774/flyquest
2025-09-29,43,19015,Monte,33,https://www.hltv.org/team/11811/monte
2025-09-29,44,20584,FUT,33,https://www.hltv.org/team/13286/fut
2025-09-29,45,11154,MIBR,29,https://www.hltv.org/team/9215/mibr
2025-09-29,46,5351,Zero Tenacity,26,https://www.hltv.org/team/11523/zero-tenacity
2025-09-29,47,7998,BC.Game,26,https://www.hltv.org/team/12878/bcgame
2025-09-29,48,8507,Wildcard,24,https://www.hltv.org/team/12257/wildcard
2025-09-29,49,9766,500,24,https://www.hltv.org/team/12000/500
2025-09-29,50,17316,Betera,23,https://www.hltv.org/team/12431/betera
2025-09-29,51,7443,Alliance,23,https://www.hltv.org/team/12474/alliance
2025-09-29,52,7168,GenOne,23,https://www.hltv.org/team/11609/genone
2025-09-29,53,12092,9z,22,https://www.hltv.org/team/9996/9z
2025-09-29,54,20066,Partizan,22,https://www.hltv.org/team/11838/partizan
2025-09-29,55,15072,The Huns,21,https://www.hltv.org/team/12510/the-huns
2025-09-29,56,20071,Reason,20,https://www.hltv.org/team/4822/reason
2025-09-29,57,3459,TPuDCATb TPu,20,https://www.hltv.org/team/13297/tpudcatb-tpu
2025-09-29,58,9216,ODDIK,20,https://www.hltv.org/team/11768/oddik
2025-09-29,59,7028,Rare Atom,19,https://www.hltv.org/team/11514/rare-atom
2025-09-29,60,2161,BESTIA,19,https://www.hltv.org/team/12144/bestia
2025-09-29,61,20422,BASEMENT BOYS,19,https://www.hltv.org/team/13181/basement-boys
2025-09-29,62,3849,EYEBALLERS,19,https://www.hltv.org/team/11737/eyeballers
2025-09-29,63,12521,Fluxo,18,https://www.hltv.org/team/11837/fluxo
2025-09-29,64,9255,Johnny Speeds,17,https://www.hltv.org/team/12604/johnny-speeds
2025-09-29,65,11199,SINNERS,17,https://www.hltv.org/team/10577/sinners
2025-09-29,66,20558,Sharks,16,https://www.hltv.org/team/8113/sharks
2025-09-29,67,12004,Sangal,16,https://www.hltv.org/team/10333/sangal
2025-09-29,68,9483,Galorys,16,https://www.hltv.org/team/12677/galorys
2025-09-29,69,3669,Venom,16,https://www.hltv.org/team/13419/venom
2025-09-29,70,19229,Chinggis Warriors,16,https://www.hltv.org/team/12646/chinggis-warriors
2025-09-29,71,13843,Sashi,16,https://www.hltv.org/team/11712/sashi
2025-09-29,72,12937,Marsborne,15,https://www.hltv.org/team/13124/marsborne
2025-09-29,73,22864,Spirit Academy,15,https://www.hltv.org/team/7900/spirit-academy
2025-09-29,74,16080,Betclic,14,https://www.hltv.org/team/12916/betclic
2025-09-29,75,11213,Keyd Stars,14,https://www.hltv.org/team/6033/keyd-stars
2025-09-29,76,10892,SkinRave,14,https://www.hltv.org/team/13414/skinrave
2025-09-29,77,12877,Rooster,14,https://www.hltv.org/team/9881/rooster
2025-09-29,78,16971,aimclub,14,https://www.hltv.org/team/6810/aimclub
2025-09-29,79,8528,1win,14,https://www.hltv.org/team/10621/1win
2025-09-29,80,20956,RUBY,13,https://www.hltv.org/team/12694/ruby
2025-09-29,81,18447,ARCRED,13,https://www.hltv.org/team/10459/arcred
2025-09-29,82,18670,GUN5,13,https://www.hltv.org/team/12471/gun5
2025-09-29,83,9482,Gaimin Gladiators,13,https://www.hltv.org/team/11571/gaimin-gladiators
2025-09-29,84,2131,FAVBET,13,https://www.hltv.org/team/12818/favbet
2025-09-29,85,21367,FORZE Reload,12,https://www.hltv.org/team/12857/forze-reload
2025-09-29,86,14737,Dusty Roots,12,https://www.hltv.org/team/12548/dusty-roots
2025-09-29,87,19872,ShindeN,12,https://www.hltv.org/team/12959/shinden
2025-09-29,88,14294,SemperFi,12,https://www.hltv.org/team/12901/semperfi
2025-09-29,89,10449,JiJieHao,12,https://www.hltv.org/team/10245/jijiehao
2025-09-29,90,19575,K27,12,https://www.hltv.org/team/12895/k27
2025-09-29,91,12102,LAG,12,https://www.hltv.org/team/11955/lag
2025-09-29,92,11278,Phantom,11,https://www.hltv.org/team/13173/phantom
2025-09-29,93,19962,Nuclear TigeRES,11,https://www.hltv.org/team/13027/nuclear-tigeres
2025-09-29,94,1206,Nexus,11,https://www.hltv.org/team/7187/nexus
2025-09-29,95,8575,Eternal Fire,11,https://www.hltv.org/team/11251/eternal-fire
2025-09-29,96,17508,CYBERSHOKE,11,https://www.hltv.org/team/12380/cybershoke
2025-09-29,97,16753,CPH Wolves,11,https://www.hltv.org/team/4548/cph-wolves
2025-09-29,98,9911,ECLOT,11,https://www.hltv.org/team/7441/eclot
2025-09-29,99,9896,kONO,11,https://www.hltv.org/team/12858/kono
2025-09-29,100,13250,BOSS,10,https://www.hltv.org/team/12534/boss
2025-09-29,101,14273,AMKAL,10,https://www.hltv.org/team/12586/amkal
2025-09-29,102,19538,Eruption,10,https://www.hltv.org/team/12097/eruption
2025-09-29,103,24633,Rhyno YNG,10,https://www.hltv.org/team/13443/rhyno-yng
2025-09-29,104,12781,AM,10,https://www.hltv.org/team/13237/am
2025-09-29,105,13669,Metizport,10,https://www.hltv.org/team/11641/metizport
2025-09-29,106,19750,RED Canids,10,https://www.hltv.org/team/7176/red-canids
2025-09-29,107,7996,Nemesis,10,https://www.hltv.org/team/13355/nemesis
2025-09-29,108,10827,GameHunters,10,https://www.hltv.org/team/12988/gamehunters
2025-09-29,109,19709,Getting Info,9,https://www.hltv.org/team/13106/getting-info
2025-09-29,110,16558,Kaleido,9,https://www.hltv.org/team/13331/kaleido
2025-09-29,111,20033,BIG Academy,9,https://www.hltv.org/team/10254/big-academy
2025-09-29,112,20199,SPARTA,9,https://www.hltv.org/team/13214/sparta
2025-09-29,113,12956,NomadS,9,https://www.hltv.org/team/12900/nomads
2025-09-29,114,22476,Dziuseppe,8,https://www.hltv.org/team/13465/dziuseppe
2025-09-29,115,20711,KHAN,8,https://www.hltv.org/team/11175/khan
2025-09-29,116,23136,regain,8,https://www.hltv.org/team/12554/regain
2025-09-29,117,23637,VP.Prodigy,8,https://www.hltv.org/team/10864/vpprodigy
2025-09-29,118,6593,2GAME,8,https://www.hltv.org/team/12491/2game
2025-09-29,119,11940,NOVAQ,8,https://www.hltv.org/team/13178/novaq
2025-09-29,120,8891,Tricked,8,https://www.hltv.org/team/4602/tricked
2025-09-29,121,22794,Take Flyte,8,https://www.hltv.org/team/11660/take-flyte
2025-09-29,122,9221,KRÜ,7,https://www.hltv.org/team/10900/kr
2025-09-29,123,24581,Northern Lights,7,https://www.hltv.org/team/13049/northern-lights
2025-09-29,124,12777,MANA,7,https://www.hltv.org/team/13310/mana
2025-09-29,125,17656,Dripmen,7,https://www.hltv.org/team/11553/dripmen
2025-09-29,126,17371,Bravado,7,https://www.hltv.org/team/5158/bravado
2025-09-29,127,17997,Procyon,7,https://www.hltv.org/team/10997/procyon
2025-09-29,128,14010,Dashskins,7,https://www.hltv.org/team/13447/dashskins
2025-09-29,129,19617,Leo,7,https://www.hltv.org/team/11446/leo
2025-09-29,130,21574,AaB,7,https://www.hltv.org/team/9621/aab
2025-09-29,131,19060,FengDa,7,https://www.hltv.org/team/12899/fengda
2025-09-29,132,18322,Bounty Hunters,6,https://www.hltv.org/team/12776/bounty-hunters
2025-09-29,133,16392,TNC,6,https://www.hltv.org/team/13403/tnc
2025-09-29,134,20273,Zomblers,6,https://www.hltv.org/team/12164/zomblers
2025-09-29,135,20281,Anonymo,6,https://www.hltv.org/team/10973/anonymo
2025-09-29,136,16581,Shimmer,6,https://www.hltv.org/team/12190/shimmer
2025-09-29,137,11013,WOPA,6,https://www.hltv.org/team/12787/wopa
2025-09-29,138,18146,The QUBE,6,https://www.hltv.org/team/12825/the-qube
2025-09-29,139,7131,Alter Ego,6,https://www.hltv.org/team/9958/alter-ego
2025-09-29,140,16768,Last Bullet,6,https://www.hltv.org/team/13433/last-bullet
2025-09-29,141,13670,m1x,6,https://www.hltv.org/team/7376/m1x
2025-09-29,142,22364,Yawara,6,https://www.hltv.org/team/11933/yawara
2025-09-29,143,17324,anything else,6,https://www.hltv.org/team/13206/anything-else
2025-09-29,144,17561,NSN,6,https://www.hltv.org/team/11275/nsn
2025-09-29,145,16865,Wanted Goons,6,https://www.hltv.org/team/12971/wanted-goons
2025-09-29,146,18090,Aether,6,https://www.hltv.org/team/12908/aether
2025-09-29,147,21988,MOUZ NXT,6,https://www.hltv.org/team/11176/mouz-nxt
2025-09-29,148,14744,InControl,6,https://www.hltv.org/team/7720/incontrol
2025-09-29,149,22997,BORING PLAYERS,6,https://www.hltv.org/team/12948/boring-players
2025-09-29,150,12588,ex-TALON,6,https://www.hltv.org/team/13212/ex-talon
2025-09-29,151,15818,UNiTY,5,https://www.hltv.org/team/12267/unity
2025-09-29,152,15573,HyperSpirit,5,https://www.hltv.org/team/13012/hyperspirit
2025-09-29,153,25298,BDB,5,https://www.hltv.org/team/13400/bdb
2025-09-29,154,12872,Ground Zero,5,https://www.hltv.org/team/8536/ground-zero
2025-09-29,155,16847,Wildcard Academy,5,https://www.hltv.org/team/13127/wildcard-academy
2025-09-29,156,15060,IHC,5,https://www.hltv.org/team/11585/ihc
2025-09-29,157,147,Mousquetaires,5,https://www.hltv.org/team/13251/mousquetaires
2025-09-29,158,17846,WahWah,5,https://www.hltv.org/team/11878/wahwah
2025-09-29,159,20475,The Glecs,5,https://www.hltv.org/team/13369/the-glecs
2025-09-29,160,18510,Insilio,5,https://www.hltv.org/team/12124/insilio
2025-09-29,161,8503,Mythic,5,https://www.hltv.org/team/5479/mythic
2025-09-29,162,10722,Just Swing,5,https://www.hltv.org/team/13053/just-swing
2025-09-29,163,13679,ALGO,5,https://www.hltv.org/team/13163/algo
2025-09-29,164,23114,THE,5,https://www.hltv.org/team/12955/the
2025-09-29,165,10838,Vasco,5,https://www.hltv.org/team/13413/vasco
2025-09-29,166,11258,Prestige,5,https://www.hltv.org/team/13159/prestige
2025-09-29,167,11942,ALLINNERS,5,https://www.hltv.org/team/12812/allinners
2025-09-29,168,10499,R2,5,https://www.hltv.org/team/13327/r2
2025-09-29,169,23906,WDNMD,5,https://www.hltv.org/team/11544/wdnmd
2025-09-29,170,9108,Mindfreak,5,https://www.hltv.org/team/11668/mindfreak
2025-09-29,171,17378,SportsBetExpert,5,https://www.hltv.org/team/13375/sportsbetexpert
2025-09-29,172,22863,BRUTE,4,https://www.hltv.org/team/9139/brute
2025-09-29,173,17293,Flame Sharks,4,https://www.hltv.org/team/13387/flame-sharks
2025-09-29,174,18783,hindsight,4,https://www.hltv.org/team/13395/hindsight
2025-09-29,175,20582,Vantage,4,https://www.hltv.org/team/12455/vantage
2025-09-29,176,21038,Crashers,4,https://www.hltv.org/team/6788/crashers
2025-09-29,177,19173,G2 Ares,4,https://www.hltv.org/team/12889/g2-ares
2025-09-29,178,20883,Hesta,4,https://www.hltv.org/team/13153/hesta
2025-09-29,179,19664,Ursa,4,https://www.hltv.org/team/13231/ursa
2025-09-29,180,23316,Y5,4,https://www.hltv.org/team/13449/y5
2025-09-29,181,18989,DEPO,4,https://www.hltv.org/team/12536/depo
2025-09-29,182,15588,Legion,4,https://www.hltv.org/team/10287/legion
2025-09-29,183,6553,Players,4,https://www.hltv.org/team/11711/players
2025-09-29,184,9214,FULL SEND,4,https://www.hltv.org/team/9842/full-send
2025-09-29,185,25043,LASED,4,https://www.hltv.org/team/13268/lased
2025-09-29,186,17117,SKYFURY,4,https://www.hltv.org/team/12982/skyfury
2025-09-29,187,9353,Fire Flux,4,https://www.hltv.org/team/12960/fire-flux
2025-09-29,188,19975,Tropa do KinGui,4,https://www.hltv.org/team/13151/tropa-do-kingui
2025-09-29,189,22028,Overpeek,4,https://www.hltv.org/team/13391/overpeek
2025-09-29,190,8850,FlyQuest RED,4,https://www.hltv.org/team/12301/flyquest-red
2025-09-29,191,9818,HAVU,4,https://www.hltv.org/team/7865/havu
2025-09-29,192,21888,UnderDogs,4,https://www.hltv.org/team/13422/underdogs
2025-09-29,193,17071,Nocturnal,4,https://www.hltv.org/team/13398/nocturnal
2025-09-29,194,22035,Lazer Cats,3,https://www.hltv.org/team/12087/lazer-cats
2025-09-29,195,20336,Max,3,https://www.hltv.org/team/13435/max
2025-09-29,196,11215,MIBR fe,3,https://www.hltv.org/team/10975/mibr-fe
2025-09-29,197,10611,Kitsune,3,https://www.hltv.org/team/12684/kitsune
2025-09-29,198,16167,ScarX,3,https://www.hltv.org/team/13217/scarx
2025-09-29,199,24096,CSDE,3,https://www.hltv.org/team/13087/csde
2025-09-29,200,20502,Peekaboo,3,https://www.hltv.org/team/13393/peekaboo
2025-09-29,201,21253,Bushido Wildcats,3,https://www.hltv.org/team/13281/bushido-wildcats
2025-09-29,202,9616,MINLATE,3,https://www.hltv.org/team/6626/minlate
2025-09-29,203,21930,ENCE Academy,3,https://www.hltv.org/team/11790/ence-academy
2025-09-29,204,16902,Outfit 49,3,https://www.hltv.org/team/13294/outfit-49
2025-09-29,205,19297,RUSTEC,3,https://www.hltv.org/team/12834/rustec
2025-09-29,206,19171,INFINITE,3,https://www.hltv.org/team/10823/infinite
2025-09-29,207,19028,TSG,3,https://www.hltv.org/team/13328/tsg
2025-09-29,208,23085,Arrival Seven,3,https://www.hltv.org/team/13353/arrival-seven
2025-09-29,209,16811,Young Ninjas,3,https://www.hltv.org/team/10960/young-ninjas
2025-09-29,210,22810,MASONIC,3,https://www.hltv.org/team/10867/masonic
2025-09-29,211,25321,Aurora Young Blud,3,https://www.hltv.org/team/12366/aurora-young-blud
2025-09-29,212,12758,Imperial Valkyries,3,https://www.hltv.org/team/12828/imperial-valkyries
2025-09-29,213,24317,QUAZAR,3,https://www.hltv.org/team/11312/quazar
2025-09-29,214,22368,ODDIK Academy,2,https://www.hltv.org/team/13264/oddik-academy
2025-09-29,215,14954,Animus Victoria,2,https://www.hltv.org/team/13316/animus-victoria
2025-09-29,216,20899,Square Sausages,2,https://www.hltv.org/team/13434/square-sausages
2025-09-29,217,11205,Rebels,2,https://www.hltv.org/team/12642/rebels
2025-09-29,218,17642,Wave,2,https://www.hltv.org/team/13014/wave
2025-09-29,219,21849,BIG EQUIPA,2,https://www.hltv.org/team/11718/big-equipa
2025-09-29,220,9144,FURY,2,https://www.hltv.org/team/10299/fury
2025-09-29,221,22814,XI,2,https://www.hltv.org/team/8947/xi
2025-09-29,222,23997,MAGICOS,2,https://www.hltv.org/team/13265/magicos
2025-09-29,223,11872,FURIA fe,2,https://www.hltv.org/team/10976/furia-fe
2025-09-29,224,20503,Four Magic,2,https://www.hltv.org/team/13451/four-magic
2025-09-29,225,1572,NIP Impact,2,https://www.hltv.org/team/11917/nip-impact
2025-09-29,226,21931,CSDIILIT,2,https://www.hltv.org/team/13340/csdiilit
2025-09-29,227,8640,Ghost,2,https://www.hltv.org/team/7801/ghost
2025-09-29,228,23440,shinigami,2,https://www.hltv.org/team/12420/shinigami
2025-09-29,229,19998,Atrix,2,https://www.hltv.org/team/12533/atrix
2025-09-29,230,9238,thekillaz fe,2,https://www.hltv.org/team/12912/thekillaz-fe
2025-09-29,231,11532,JERSA,2,https://www.hltv.org/team/13302/jersa
2025-09-29,232,18773,Flame Sharks fe,1,https://www.hltv.org/team/13406/flame-sharks-fe
2025-09-29,233,23224,Zomblers Academy,1,https://www.hltv.org/team/12873/zomblers-academy
2025-09-29,234,19707,Brazen,1,https://www.hltv.org/team/10462/brazen
2025-09-29,235,22023,Let Her Cook,1,https://www.hltv.org/team/12421/let-her-cook
2025-09-29,236,22889,wwaves,1,https://www.hltv.org/team/13381/wwaves
2025-09-29,237,20750,Famalicão,1,https://www.hltv.org/team/13364/famalico
2025-09-29,238,15525,Lotus fe,1,https://www.hltv.org/team/12702/lotus-fe
2025-09-29,239,22345,Dark Tigers,1,https://www.hltv.org/team/7842/dark-tigers
2025-09-29,240,22498,Sangal Academy,1,https://www.hltv.org/team/13301/sangal-academy
2025-09-29,241,22972,LE-LUX,1,https://www.hltv.org/team/12731/le-lux
2025-09-29,242,23677,3DMAX Academy,1,https://www.hltv.org/team/13432/3dmax-academy
2025-09-29,243,22092,888aura,1,https://www.hltv.org/team/13383/888aura
2025-09-29,244,16603,NuTorious,1,https://www.hltv.org/team/12973/nutorious
2025-09-29,245,23050,AKA HERO KAJO,1,https://www.hltv.org/team/13142/aka-hero-kajo
2025-09-29,246,21761,Curralzinho,1,https://www.hltv.org/team/13417/curralzinho
2025-09-29,247,21775,Glitchtech,1,https://www.hltv.org/team/13285/glitchtech
2025-09-29,248,8635,Black Mold,1,https://www.hltv.org/team/13143/black-mold
2025-09-29,249,19083,X7,1,https://www.hltv.org/team/13227/x7
2025-09-29,250,16343,Dusty Roses,1,https://www.hltv.org/team/13412/dusty-roses
2025-09-29,251,19133,True Thunder,1,https://www.hltv.org/team/13421/true-thunder
2025-09-29,252,8642,Little Bocks,0,https://www.hltv.org/team/11497/little-bocks
2025-09-29,253,23533,DanCompany,0,https://www.hltv.org/team/13361/dancompany
2025-09-29,254,13156,Beyman,0,https://www.hltv.org/team/13445/beyman
2025-09-29,255,1656,Nemesis Impact,0,https://www.hltv.org/team/13405/nemesis-impact
2025-09-29,256,22110,NYX,0,https://www.hltv.org/team/13397/nyx
2025-09-29,257,23828,RED Canids Academy,0,https://www.hltv.org/team/13029/red-canids-academy
2025-09-29,258,21734,CAPIVARAS,0,https://www.hltv.org/team/12463/capivaras
2025-09-22,1,7322,Vitality,910,https://www.hltv.org/team/9565/vitality
2025-09-22,2,20194,The MongolZ,894,https://www.hltv.org/team/6248/the-mongolz
2025-09-22,3,7716,Spirit,650,https://www.hltv.org/team/7020/spirit
2025-09-22,4,13666,MOUZ,636,https://www.hltv.org/team/4494/mouz
2025-09-22,5,2023,FURIA,551,https://www.hltv.org/team/8297/furia
2025-09-22,6,3972,G2,447,https://www.hltv.org/team/5995/g2
2025-09-22,7,3741,Falcons,405,https://www.hltv.org/team/11283/falcons
2025-09-22,8,150,Aurora,395,https://www.hltv.org/team/11861/aurora
2025-09-22,9,9816,Natus Vincere,339,https://www.hltv.org/team/4608/natus-vincere
2025-09-22,10,14736,paiN,231,https://www.hltv.org/team/4773/pain
2025-09-22,11,429,FaZe,229,https://www.hltv.org/team/6667/faze
2025-09-22,12,8520,Liquid,207,https://www.hltv.org/team/5973/liquid
2025-09-22,13,8374,3DMAX,197,https://www.hltv.org/team/4914/3dmax
2025-09-22,14,7592,Astralis,185,https://www.hltv.org/team/6665/astralis
2025-09-22,15,8552,TYLOO,135,https://www.hltv.org/team/4863/tyloo
2025-09-22,16,12732,Virtus.pro,126,https://www.hltv.org/team/5378/virtuspro
2025-09-22,17,9278,GamerLegion,118,https://www.hltv.org/team/9928/gamerlegion
2025-09-22,18,19187,HEROIC,101,https://www.hltv.org/team/7175/heroic
2025-09-22,19,15698,Legacy,100,https://www.hltv.org/team/12468/legacy
2025-09-22,20,15370,M80,93,https://www.hltv.org/team/12376/m80
2025-09-22,21,16551,Lynn Vision,89,https://www.hltv.org/team/8840/lynn-vision
2025-09-22,22,19592,B8,81,https://www.hltv.org/team/11241/b8
2025-09-22,23,922,Ninjas in Pyjamas,79,https://www.hltv.org/team/4411/ninjas-in-pyjamas
2025-09-22,24,7528,fnatic,69,https://www.hltv.org/team/4991/fnatic
2025-09-22,25,13602,OG,54,https://www.hltv.org/team/10503/og
2025-09-22,26,8371,Gentle Mates,52,https://www.hltv.org/team/13404/gentle-mates
2025-09-22,27,13776,PARIVISION,50,https://www.hltv.org/team/12467/parivision
2025-09-22,28,11840,BetBoom,49,https://www.hltv.org/team/12394/betboom
2025-09-22,29,4679,FlyQuest,46,https://www.hltv.org/team/12774/flyquest
2025-09-22,30,630,SAW,46,https://www.hltv.org/team/10567/saw
2025-09-22,31,10330,ECSTATIC,43,https://www.hltv.org/team/11419/ecstatic
2025-09-22,32,12708,ENCE,42,https://www.hltv.org/team/4869/ence
2025-09-22,33,2898,9INE,41,https://www.hltv.org/team/10278/9ine
2025-09-22,34,10566,Imperial,40,https://www.hltv.org/team/9455/imperial
2025-09-22,35,20387,Nemiga,38,https://www.hltv.org/team/7969/nemiga
2025-09-22,36,7687,NRG,37,https://www.hltv.org/team/6673/nrg
2025-09-22,37,11630,Passion UA,37,https://www.hltv.org/team/12426/passion-ua
2025-09-22,38,15203,ESC,36,https://www.hltv.org/team/4532/esc
2025-09-22,39,5794,BIG,33,https://www.hltv.org/team/7532/big
2025-09-22,40,19015,Monte,32,https://www.hltv.org/team/11811/monte
2025-09-22,41,20584,FUT,30,https://www.hltv.org/team/13286/fut
2025-09-22,42,11154,MIBR,29,https://www.hltv.org/team/9215/mibr
2025-09-22,43,15072,The Huns,28,https://www.hltv.org/team/12510/the-huns
2025-09-22,44,12092,9z,27,https://www.hltv.org/team/9996/9z
2025-09-22,45,8507,Wildcard,27,https://www.hltv.org/team/12257/wildcard
2025-09-22,46,7998,BC.Game,25,https://www.hltv.org/team/12878/bcgame
2025-09-22,47,22643,TNL,24,https://www.hltv.org/team/12833/tnl
2025-09-22,48,20071,Reason,24,https://www.hltv.org/team/4822/reason
2025-09-22,49,7443,Alliance,22,https://www.hltv.org/team/12474/alliance
2025-09-22,50,7028,Rare Atom,21,https://www.hltv.org/team/11514/rare-atom
2025-09-22,51,9216,ODDIK,21,https://www.hltv.org/team/11768/oddik
2025-09-22,52,3849,EYEBALLERS,21,https://www.hltv.org/team/11737/eyeballers
2025-09-22,53,17316,Betera,21,https://www.hltv.org/team/12431/betera
2025-09-22,54,19229,Chinggis Warriors,20,https://www.hltv.org/team/12646/chinggis-warriors
2025-09-22,55,13026,Partizan,19,https://www.hltv.org/team/11838/partizan
2025-09-22,56,5351,Zero Tenacity,19,https://www.hltv.org/team/11523/zero-tenacity
2025-09-22,57,2161,BESTIA,19,https://www.hltv.org/team/12144/bestia
2025-09-22,58,12937,Marsborne,19,https://www.hltv.org/team/13124/marsborne
2025-09-22,59,12004,Sangal,18,https://www.hltv.org/team/10333/sangal
2025-09-22,60,9483,Galorys,17,https://www.hltv.org/team/12677/galorys
2025-09-22,61,22864,Spirit Academy,17,https://www.hltv.org/team/7900/spirit-academy
2025-09-22,62,13843,Sashi,17,https://www.hltv.org/team/11712/sashi
2025-09-22,63,16612,HOTU,17,https://www.hltv.org/team/11581/hotu
2025-09-22,64,19872,ShindeN,17,https://www.hltv.org/team/12959/shinden
2025-09-22,65,20558,Sharks,17,https://www.hltv.org/team/8113/sharks
2025-09-22,66,18447,ARCRED,16,https://www.hltv.org/team/10459/arcred
2025-09-22,67,3669,Venom,16,https://www.hltv.org/team/13419/venom
2025-09-22,68,23637,VP.Prodigy,16,https://www.hltv.org/team/10864/vpprodigy
2025-09-22,69,14494,SkinRave,16,https://www.hltv.org/team/13414/skinrave
2025-09-22,70,12521,Fluxo,15,https://www.hltv.org/team/11837/fluxo
2025-09-22,71,16971,aimclub,15,https://www.hltv.org/team/6810/aimclub
2025-09-22,72,3459,TPuDCATb TPu,15,https://www.hltv.org/team/13297/tpudcatb-tpu
2025-09-22,73,17508,CYBERSHOKE,15,https://www.hltv.org/team/12380/cybershoke
2025-09-22,74,11199,SINNERS,14,https://www.hltv.org/team/10577/sinners
2025-09-22,75,18670,GUN5,14,https://www.hltv.org/team/12471/gun5
2025-09-22,76,8575,Eternal Fire,14,https://www.hltv.org/team/11251/eternal-fire
2025-09-22,77,21367,FORZE Reload,14,https://www.hltv.org/team/12857/forze-reload
2025-09-22,78,10449,JiJieHao,14,https://www.hltv.org/team/10245/jijiehao
2025-09-22,79,19575,K27,13,https://www.hltv.org/team/12895/k27
2025-09-22,80,12102,LAG,13,https://www.hltv.org/team/11955/lag
2025-09-22,81,9766,500,13,https://www.hltv.org/team/12000/500
2025-09-22,82,13250,BOSS,13,https://www.hltv.org/team/12534/boss
2025-09-22,83,20956,RUBY,13,https://www.hltv.org/team/12694/ruby
2025-09-22,84,10892,Getting Info,12,https://www.hltv.org/team/13106/getting-info
2025-09-22,85,8528,1win,12,https://www.hltv.org/team/10621/1win
2025-09-22,86,9482,ex-W7M,12,https://www.hltv.org/team/13288/ex-w7m
2025-09-22,87,2131,FAVBET,12,https://www.hltv.org/team/12818/favbet
2025-09-22,88,12877,Rooster,12,https://www.hltv.org/team/9881/rooster
2025-09-22,89,15060,Eruption,12,https://www.hltv.org/team/12097/eruption
2025-09-22,90,11213,Keyd Stars,11,https://www.hltv.org/team/6033/keyd-stars
2025-09-22,91,8891,Tricked,11,https://www.hltv.org/team/4602/tricked
2025-09-22,92,14294,SemperFi,11,https://www.hltv.org/team/12901/semperfi
2025-09-22,93,14273,AMKAL,11,https://www.hltv.org/team/12586/amkal
2025-09-22,94,24633,Rhyno YNG,11,https://www.hltv.org/team/13443/rhyno-yng
2025-09-22,95,9255,Johnny Speeds,11,https://www.hltv.org/team/12604/johnny-speeds
2025-09-22,96,13669,Metizport,11,https://www.hltv.org/team/11641/metizport
2025-09-22,97,20258,Kaleido,11,https://www.hltv.org/team/13331/kaleido
2025-09-22,98,6593,2GAME,10,https://www.hltv.org/team/12491/2game
2025-09-22,99,1206,Nexus,10,https://www.hltv.org/team/7187/nexus
2025-09-22,100,10827,GameHunters,10,https://www.hltv.org/team/12988/gamehunters
2025-09-22,101,12956,NomadS,10,https://www.hltv.org/team/12900/nomads
2025-09-22,102,20199,SPARTA,10,https://www.hltv.org/team/13214/sparta
2025-09-22,103,16753,CPH Wolves,10,https://www.hltv.org/team/4548/cph-wolves
2025-09-22,104,23136,regain,9,https://www.hltv.org/team/12554/regain
2025-09-22,105,22364,Yawara,9,https://www.hltv.org/team/11933/yawara
2025-09-22,106,9911,ECLOT,9,https://www.hltv.org/team/7441/eclot
2025-09-22,107,19750,RED Canids,9,https://www.hltv.org/team/7176/red-canids
2025-09-22,108,18554,Dusty Roots,9,https://www.hltv.org/team/12548/dusty-roots
2025-09-22,109,19962,Nuclear TigeRES,9,https://www.hltv.org/team/13027/nuclear-tigeres
2025-09-22,110,22794,Take Flyte,8,https://www.hltv.org/team/11660/take-flyte
2025-09-22,111,20711,KHAN,8,https://www.hltv.org/team/11175/khan
2025-09-22,112,17656,Dripmen,8,https://www.hltv.org/team/11553/dripmen
2025-09-22,113,14010,Dashskins,8,https://www.hltv.org/team/13447/dashskins
2025-09-22,114,9221,KRÜ,8,https://www.hltv.org/team/10900/kr
2025-09-22,115,7131,Alter Ego,8,https://www.hltv.org/team/9958/alter-ego
2025-09-22,116,17371,Bravado,8,https://www.hltv.org/team/5158/bravado
2025-09-22,117,19060,FengDa,8,https://www.hltv.org/team/12899/fengda
2025-09-22,118,11940,NOVAQ,7,https://www.hltv.org/team/13178/novaq
2025-09-22,119,19173,G2 Ares,7,https://www.hltv.org/team/12889/g2-ares
2025-09-22,120,9896,kONO,7,https://www.hltv.org/team/12858/kono
2025-09-22,121,16581,Shimmer,7,https://www.hltv.org/team/12190/shimmer
2025-09-22,122,16392,TNC,7,https://www.hltv.org/team/13403/tnc
2025-09-22,123,18070,Betclic,7,https://www.hltv.org/team/12916/betclic
2025-09-22,124,20273,Legacy Kingdom,7,https://www.hltv.org/team/13356/legacy-kingdom
2025-09-22,125,11013,WOPA,7,https://www.hltv.org/team/12787/wopa
2025-09-22,126,12777,MANA,7,https://www.hltv.org/team/13310/mana
2025-09-22,127,16768,Last Bullet,7,https://www.hltv.org/team/13433/last-bullet
2025-09-22,128,23542,ALLINNERS,7,https://www.hltv.org/team/12812/allinners
2025-09-22,129,17324,anything else,7,https://www.hltv.org/team/13206/anything-else
2025-09-22,130,17561,UR,7,https://www.hltv.org/team/13116/ur
2025-09-22,131,11278,Phantom,7,https://www.hltv.org/team/13173/phantom
2025-09-22,132,21331,GenOne,6,https://www.hltv.org/team/11609/genone
2025-09-22,133,22476,QMISTRY,6,https://www.hltv.org/team/13245/qmistry
2025-09-22,134,16865,Wanted Goons,6,https://www.hltv.org/team/12971/wanted-goons
2025-09-22,135,18090,Aether,6,https://www.hltv.org/team/12908/aether
2025-09-22,136,22997,BORING PLAYERS,6,https://www.hltv.org/team/12948/boring-players
2025-09-22,137,12588,ex-TALON,6,https://www.hltv.org/team/13212/ex-talon
2025-09-22,138,14744,InControl,6,https://www.hltv.org/team/7720/incontrol
2025-09-22,139,15818,UNiTY,6,https://www.hltv.org/team/12267/unity
2025-09-22,140,25298,BDB,6,https://www.hltv.org/team/13400/bdb
2025-09-22,141,16847,Wildcard Academy,6,https://www.hltv.org/team/13127/wildcard-academy
2025-09-22,142,15062,IHC,6,https://www.hltv.org/team/11585/ihc
2025-09-22,143,20502,Peekaboo,6,https://www.hltv.org/team/13393/peekaboo
2025-09-22,144,17846,WahWah,6,https://www.hltv.org/team/11878/wahwah
2025-09-22,145,12781,AM,6,https://www.hltv.org/team/13237/am
2025-09-22,146,18510,Insilio,6,https://www.hltv.org/team/12124/insilio
2025-09-22,147,8503,Mythic,6,https://www.hltv.org/team/5479/mythic
2025-09-22,148,19617,Leo,6,https://www.hltv.org/team/11446/leo
2025-09-22,149,18322,Bounty Hunters,6,https://www.hltv.org/team/12776/bounty-hunters
2025-09-22,150,10722,Just Swing,6,https://www.hltv.org/team/13053/just-swing
2025-09-22,151,20281,Anonymo,6,https://www.hltv.org/team/10973/anonymo
2025-09-22,152,15778,m1x,6,https://www.hltv.org/team/7376/m1x
2025-09-22,153,17293,Flame Sharks,5,https://www.hltv.org/team/13387/flame-sharks
2025-09-22,154,10499,R2,5,https://www.hltv.org/team/13327/r2
2025-09-22,155,10838,Vasco,5,https://www.hltv.org/team/13413/vasco
2025-09-22,156,23906,WDNMD,5,https://www.hltv.org/team/11544/wdnmd
2025-09-22,157,17378,SportsBetExpert,5,https://www.hltv.org/team/13375/sportsbetexpert
2025-09-22,158,12872,Ground Zero,5,https://www.hltv.org/team/8536/ground-zero
2025-09-22,159,18783,hindsight,5,https://www.hltv.org/team/13395/hindsight
2025-09-22,160,15573,HyperSpirit,5,https://www.hltv.org/team/13012/hyperspirit
2025-09-22,161,6553,Players,5,https://www.hltv.org/team/11711/players
2025-09-22,162,9818,HAVU,5,https://www.hltv.org/team/7865/havu
2025-09-22,163,18146,The QUBE,5,https://www.hltv.org/team/12825/the-qube
2025-09-22,164,17997,LaChampionsLiga,5,https://www.hltv.org/team/12789/lachampionsliga
2025-09-22,165,7775,fish123,5,https://www.hltv.org/team/6298/fish123
2025-09-22,166,20883,Hesta,5,https://www.hltv.org/team/13153/hesta
2025-09-22,167,21988,MOUZ NXT,5,https://www.hltv.org/team/11176/mouz-nxt
2025-09-22,168,21574,AaB,5,https://www.hltv.org/team/9621/aab
2025-09-22,169,19664,Ursa,5,https://www.hltv.org/team/13231/ursa
2025-09-22,170,21888,UnderDogs,5,https://www.hltv.org/team/13422/underdogs
2025-09-22,171,18989,DEPO,5,https://www.hltv.org/team/12536/depo
2025-09-22,172,15588,Legion,4,https://www.hltv.org/team/10287/legion
2025-09-22,173,22176,SENZA,4,https://www.hltv.org/team/13352/senza
2025-09-22,174,25043,LASED,4,https://www.hltv.org/team/13268/lased
2025-09-22,175,22863,BRUTE,4,https://www.hltv.org/team/9139/brute
2025-09-22,176,9108,Mindfreak,4,https://www.hltv.org/team/11668/mindfreak
2025-09-22,177,17117,SKYFURY,4,https://www.hltv.org/team/12982/skyfury
2025-09-22,178,147,Mousquetaires,4,https://www.hltv.org/team/13251/mousquetaires
2025-09-22,179,19975,Tropa do KinGui,4,https://www.hltv.org/team/13151/tropa-do-kingui
2025-09-22,180,22028,Overpeek,4,https://www.hltv.org/team/13391/overpeek
2025-09-22,181,9214,FULL SEND,4,https://www.hltv.org/team/9842/full-send
2025-09-22,182,7935,Akimbo,4,https://www.hltv.org/team/12567/akimbo
2025-09-22,183,22035,Lazer Cats,4,https://www.hltv.org/team/12087/lazer-cats
2025-09-22,184,17071,Nocturnal,4,https://www.hltv.org/team/13398/nocturnal
2025-09-22,185,8850,FlyQuest RED,4,https://www.hltv.org/team/12301/flyquest-red
2025-09-22,186,20336,Max,4,https://www.hltv.org/team/13435/max
2025-09-22,187,23114,THE,4,https://www.hltv.org/team/12955/the
2025-09-22,188,10611,Kitsune,3,https://www.hltv.org/team/12684/kitsune
2025-09-22,189,16167,ScarX,3,https://www.hltv.org/team/13217/scarx
2025-09-22,190,24096,CSDE,3,https://www.hltv.org/team/13087/csde
2025-09-22,191,22810,MASONIC,3,https://www.hltv.org/team/10867/masonic
2025-09-22,192,21253,Bushido Wildcats,3,https://www.hltv.org/team/13281/bushido-wildcats
2025-09-22,193,11215,MIBR fe,3,https://www.hltv.org/team/10975/mibr-fe
2025-09-22,194,9616,MINLATE,3,https://www.hltv.org/team/6626/minlate
2025-09-22,195,23440,shinigami,3,https://www.hltv.org/team/12420/shinigami
2025-09-22,196,11258,Prestige,3,https://www.hltv.org/team/13159/prestige
2025-09-22,197,14954,Animus Victoria,3,https://www.hltv.org/team/13316/animus-victoria
2025-09-22,198,16902,Outfit 49,3,https://www.hltv.org/team/13294/outfit-49
2025-09-22,199,19297,RUSTEC,3,https://www.hltv.org/team/12834/rustec
2025-09-22,200,19028,TSG,3,https://www.hltv.org/team/13328/tsg
2025-09-22,201,19171,INFINITE,3,https://www.hltv.org/team/10823/infinite
2025-09-22,202,16811,Young Ninjas,3,https://www.hltv.org/team/10960/young-ninjas
2025-09-22,203,21038,Crashers,3,https://www.hltv.org/team/6788/crashers
2025-09-22,204,25321,Aurora Young Blud,3,https://www.hltv.org/team/12366/aurora-young-blud
2025-09-22,205,18442,Arrival Seven,3,https://www.hltv.org/team/13353/arrival-seven
2025-09-22,206,24317,QUAZAR,3,https://www.hltv.org/team/11312/quazar
2025-09-22,207,20582,DOG,3,https://www.hltv.org/team/13317/dog
2025-09-22,208,20033,BIG Academy,3,https://www.hltv.org/team/10254/big-academy
2025-09-22,209,11205,Rebels,3,https://www.hltv.org/team/12642/rebels
2025-09-22,210,17642,Wave,3,https://www.hltv.org/team/13014/wave
2025-09-22,211,21930,ENCE Academy,3,https://www.hltv.org/team/11790/ence-academy
2025-09-22,212,20815,Square Sausages,2,https://www.hltv.org/team/13434/square-sausages
2025-09-22,213,9144,FURY,2,https://www.hltv.org/team/10299/fury
2025-09-22,214,9238,thekillaz fe,2,https://www.hltv.org/team/12912/thekillaz-fe
2025-09-22,215,21849,BIG EQUIPA,2,https://www.hltv.org/team/11718/big-equipa
2025-09-22,216,12758,Imperial Valkyries,2,https://www.hltv.org/team/12828/imperial-valkyries
2025-09-22,217,21931,CSDIILIT,2,https://www.hltv.org/team/13340/csdiilit
2025-09-22,218,23997,MAGICOS,2,https://www.hltv.org/team/13265/magicos
2025-09-22,219,18773,Flame Sharks fe,2,https://www.hltv.org/team/13406/flame-sharks-fe
2025-09-22,220,20503,Four Magic,2,https://www.hltv.org/team/13451/four-magic
2025-09-22,221,11872,FURIA fe,2,https://www.hltv.org/team/10976/furia-fe
2025-09-22,222,1572,NIP Impact,2,https://www.hltv.org/team/11917/nip-impact
2025-09-22,223,11532,JERSA,2,https://www.hltv.org/team/13302/jersa
2025-09-22,224,19998,Atrix,2,https://www.hltv.org/team/12533/atrix
2025-09-22,225,8640,Ghost,2,https://www.hltv.org/team/7801/ghost
2025-09-22,226,15525,Lotus fe,1,https://www.hltv.org/team/12702/lotus-fe
2025-09-22,227,23224,Zomblers,1,https://www.hltv.org/team/12164/zomblers
2025-09-22,228,22889,wwaves,1,https://www.hltv.org/team/13381/wwaves
2025-09-22,229,7996,Nemesis,1,https://www.hltv.org/team/13355/nemesis
2025-09-22,230,23050,AKA HERO KAJO,1,https://www.hltv.org/team/13142/aka-hero-kajo
2025-09-22,231,23480,Famalicão,1,https://www.hltv.org/team/13364/famalico
2025-09-22,232,23316,Y5,1,https://www.hltv.org/team/13449/y5
2025-09-22,233,17210,Full House,1,https://www.hltv.org/team/13295/full-house
2025-09-22,234,9353,Fire Flux,1,https://www.hltv.org/team/12960/fire-flux
2025-09-22,235,22680,BASEMENT BOYS,1,https://www.hltv.org/team/13181/basement-boys
2025-09-22,236,21761,Curralzinho,1,https://www.hltv.org/team/13417/curralzinho
2025-09-22,237,22498,Sangal Academy,1,https://www.hltv.org/team/13301/sangal-academy
2025-09-22,238,8635,Black Mold,1,https://www.hltv.org/team/13143/black-mold
2025-09-22,239,22972,LE-LUX,1,https://www.hltv.org/team/12731/le-lux
2025-09-22,240,21290,MIBR Academy,1,https://www.hltv.org/team/3044/mibr-academy
2025-09-22,241,22092,888aura,1,https://www.hltv.org/team/13383/888aura
2025-09-22,242,16603,NuTorious,1,https://www.hltv.org/team/12973/nutorious
2025-09-22,243,16343,Dusty Roses,1,https://www.hltv.org/team/13412/dusty-roses
2025-09-22,244,21775,Glitchtech,1,https://www.hltv.org/team/13285/glitchtech
2025-09-22,245,22308,X7,1,https://www.hltv.org/team/13227/x7
2025-09-22,246,19133,True Thunder,1,https://www.hltv.org/team/13421/true-thunder
2025-09-22,247,8642,Little Bocks,1,https://www.hltv.org/team/11497/little-bocks
2025-09-22,248,20993,ODDIK Academy,1,https://www.hltv.org/team/13264/oddik-academy
2025-09-22,249,23533,DanCompany,1,https://www.hltv.org/team/13361/dancompany
2025-09-22,250,13156,Beyman,1,https://www.hltv.org/team/13445/beyman
2025-09-22,251,1656,Nemesis Impact,0,https://www.hltv.org/team/13405/nemesis-impact
2025-09-22,252,22110,NYX,0,https://www.hltv.org/team/13397/nyx
2025-09-22,253,23828,RED Canids Academy,0,https://www.hltv.org/team/13029/red-canids-academy
2025-09-22,254,22023,Let Her Cook,0,https://www.hltv.org/team/12421/let-her-cook
2025-09-22,255,21734,CAPIVARAS,0,https://www.hltv.org/team/12463/capivaras
2025-09-15,1,7322,Vitality,962,https://www.hltv.org/team/9565/vitality
2025-09-15,2,20194,The MongolZ,820,https://www.hltv.org/team/6248/the-mongolz
2025-09-15,3,13666,MOUZ,680,https://www.hltv.org/team/4494/mouz
2025-09-15,4,7716,Spirit,669,https://www.hltv.org/team/7020/spirit
2025-09-15,5,3972,G2,405,https://www.hltv.org/team/5995/g2
2025-09-15,6,2023,FURIA,398,https://www.hltv.org/team/8297/furia
2025-09-15,7,150,Aurora,385,https://www.hltv.org/team/11861/aurora
2025-09-15,8,3741,Falcons,363,https://www.hltv.org/team/11283/falcons
2025-09-15,9,9816,Natus Vincere,302,https://www.hltv.org/team/4608/natus-vincere
2025-09-15,10,429,FaZe,254,https://www.hltv.org/team/6667/faze
2025-09-15,11,8374,3DMAX,224,https://www.hltv.org/team/4914/3dmax
2025-09-15,12,14736,paiN,186,https://www.hltv.org/team/4773/pain
2025-09-15,13,9278,GamerLegion,159,https://www.hltv.org/team/9928/gamerlegion
2025-09-15,14,7592,Astralis,145,https://www.hltv.org/team/6665/astralis
2025-09-15,15,8520,Liquid,140,https://www.hltv.org/team/5973/liquid
2025-09-15,16,8552,TYLOO,134,https://www.hltv.org/team/4863/tyloo
2025-09-15,17,19187,HEROIC,116,https://www.hltv.org/team/7175/heroic
2025-09-15,18,12732,Virtus.pro,110,https://www.hltv.org/team/5378/virtuspro
2025-09-15,19,15370,M80,97,https://www.hltv.org/team/12376/m80
2025-09-15,20,15698,Legacy,94,https://www.hltv.org/team/12468/legacy
2025-09-15,21,16551,Lynn Vision,88,https://www.hltv.org/team/8840/lynn-vision
2025-09-15,22,922,Ninjas in Pyjamas,77,https://www.hltv.org/team/4411/ninjas-in-pyjamas
2025-09-15,23,7528,fnatic,75,https://www.hltv.org/team/4991/fnatic
2025-09-15,24,4679,FlyQuest,61,https://www.hltv.org/team/12774/flyquest
2025-09-15,25,19592,B8,57,https://www.hltv.org/team/11241/b8
2025-09-15,26,13602,OG,55,https://www.hltv.org/team/10503/og
2025-09-15,27,11840,BetBoom,48,https://www.hltv.org/team/12394/betboom
2025-09-15,28,630,SAW,47,https://www.hltv.org/team/10567/saw
2025-09-15,29,12708,ENCE,44,https://www.hltv.org/team/4869/ence
2025-09-15,30,10330,ECSTATIC,43,https://www.hltv.org/team/11419/ecstatic
2025-09-15,31,2898,9INE,41,https://www.hltv.org/team/10278/9ine
2025-09-15,32,10566,Imperial,41,https://www.hltv.org/team/9455/imperial
2025-09-15,33,13776,PARIVISION,41,https://www.hltv.org/team/12467/parivision
2025-09-15,34,8371,Gentle Mates,39,https://www.hltv.org/team/13404/gentle-mates
2025-09-15,35,7687,NRG,39,https://www.hltv.org/team/6673/nrg
2025-09-15,36,20387,Nemiga,37,https://www.hltv.org/team/7969/nemiga
2025-09-15,37,5794,BIG,35,https://www.hltv.org/team/7532/big
2025-09-15,38,11630,Passion UA,32,https://www.hltv.org/team/12426/passion-ua
2025-09-15,39,19015,Monte,32,https://www.hltv.org/team/11811/monte
2025-09-15,40,11154,MIBR,32,https://www.hltv.org/team/9215/mibr
2025-09-15,41,20584,FUT,30,https://www.hltv.org/team/13286/fut
2025-09-15,42,15072,The Huns,29,https://www.hltv.org/team/12510/the-huns
2025-09-15,43,7998,BC.Game,29,https://www.hltv.org/team/12878/bcgame
2025-09-15,44,8507,Wildcard,27,https://www.hltv.org/team/12257/wildcard
2025-09-15,45,12092,9z,25,https://www.hltv.org/team/9996/9z
2025-09-15,46,22643,TNL,24,https://www.hltv.org/team/12833/tnl
2025-09-15,47,17316,Betera,24,https://www.hltv.org/team/12431/betera
2025-09-15,48,9216,ODDIK,23,https://www.hltv.org/team/11768/oddik
2025-09-15,49,3849,EYEBALLERS,23,https://www.hltv.org/team/11737/eyeballers
2025-09-15,50,5351,Zero Tenacity,23,https://www.hltv.org/team/11523/zero-tenacity
2025-09-15,51,20071,Reason,22,https://www.hltv.org/team/4822/reason
2025-09-15,52,7028,Rare Atom,22,https://www.hltv.org/team/11514/rare-atom
2025-09-15,53,12937,Marsborne,21,https://www.hltv.org/team/13124/marsborne
2025-09-15,54,19229,Chinggis Warriors,21,https://www.hltv.org/team/12646/chinggis-warriors
2025-09-15,55,19872,ShindeN,19,https://www.hltv.org/team/12959/shinden
2025-09-15,56,3669,Venom,18,https://www.hltv.org/team/13419/venom
2025-09-15,57,14494,SkinRave,18,https://www.hltv.org/team/13414/skinrave
2025-09-15,58,22864,Spirit Academy,18,https://www.hltv.org/team/7900/spirit-academy
2025-09-15,59,9483,Galorys,17,https://www.hltv.org/team/12677/galorys
2025-09-15,60,12004,Sangal,17,https://www.hltv.org/team/10333/sangal
2025-09-15,61,13026,Partizan,17,https://www.hltv.org/team/11838/partizan
2025-09-15,62,7443,Alliance,17,https://www.hltv.org/team/12474/alliance
2025-09-15,63,2161,BESTIA,17,https://www.hltv.org/team/12144/bestia
2025-09-15,64,23637,VP.Prodigy,16,https://www.hltv.org/team/10864/vpprodigy
2025-09-15,65,13843,Sashi,16,https://www.hltv.org/team/11712/sashi
2025-09-15,66,16971,aimclub,16,https://www.hltv.org/team/6810/aimclub
2025-09-15,67,8575,Eternal Fire,16,https://www.hltv.org/team/11251/eternal-fire
2025-09-15,68,15203,ESC,16,https://www.hltv.org/team/4532/esc
2025-09-15,69,12521,Fluxo,16,https://www.hltv.org/team/11837/fluxo
2025-09-15,70,3459,TPuDCATb TPu,15,https://www.hltv.org/team/13297/tpudcatb-tpu
2025-09-15,71,18447,ARCRED,15,https://www.hltv.org/team/10459/arcred
2025-09-15,72,16612,HOTU,15,https://www.hltv.org/team/11581/hotu
2025-09-15,73,17508,CYBERSHOKE,15,https://www.hltv.org/team/12380/cybershoke
2025-09-15,74,11199,SINNERS,15,https://www.hltv.org/team/10577/sinners
2025-09-15,75,13250,BOSS,15,https://www.hltv.org/team/12534/boss
2025-09-15,76,20558,Sharks,14,https://www.hltv.org/team/8113/sharks
2025-09-15,77,11213,Keyd Stars,14,https://www.hltv.org/team/6033/keyd-stars
2025-09-15,78,10449,JiJieHao,14,https://www.hltv.org/team/10245/jijiehao
2025-09-15,79,21367,FORZE Reload,14,https://www.hltv.org/team/12857/forze-reload
2025-09-15,80,9482,ex-W7M,13,https://www.hltv.org/team/13288/ex-w7m
2025-09-15,81,8891,Tricked,13,https://www.hltv.org/team/4602/tricked
2025-09-15,82,10892,Getting Info,13,https://www.hltv.org/team/13106/getting-info
2025-09-15,83,8528,1win,13,https://www.hltv.org/team/10621/1win
2025-09-15,84,15060,Eruption,12,https://www.hltv.org/team/12097/eruption
2025-09-15,85,12877,Rooster,12,https://www.hltv.org/team/9881/rooster
2025-09-15,86,14273,AMKAL,12,https://www.hltv.org/team/12586/amkal
2025-09-15,87,10827,GameHunters,12,https://www.hltv.org/team/12988/gamehunters
2025-09-15,88,13669,Metizport,11,https://www.hltv.org/team/11641/metizport
2025-09-15,89,1206,Nexus,11,https://www.hltv.org/team/7187/nexus
2025-09-15,90,12102,LAG,11,https://www.hltv.org/team/11955/lag
2025-09-15,91,14294,SemperFi,11,https://www.hltv.org/team/12901/semperfi
2025-09-15,92,20258,Kaleido,11,https://www.hltv.org/team/13331/kaleido
2025-09-15,93,9255,Johnny Speeds,11,https://www.hltv.org/team/12604/johnny-speeds
2025-09-15,94,19575,K27,11,https://www.hltv.org/team/12895/k27
2025-09-15,95,9766,500,11,https://www.hltv.org/team/12000/500
2025-09-15,96,2131,FAVBET,10,https://www.hltv.org/team/12818/favbet
2025-09-15,97,20956,RUBY,10,https://www.hltv.org/team/12694/ruby
2025-09-15,98,12956,NomadS,10,https://www.hltv.org/team/12900/nomads
2025-09-15,99,7131,Alter Ego,10,https://www.hltv.org/team/9958/alter-ego
2025-09-15,100,16753,CPH Wolves,10,https://www.hltv.org/team/4548/cph-wolves
2025-09-15,101,19750,RED Canids,10,https://www.hltv.org/team/7176/red-canids
2025-09-15,102,18554,Dusty Roots,10,https://www.hltv.org/team/12548/dusty-roots
2025-09-15,103,23440,shinigami,9,https://www.hltv.org/team/12420/shinigami
2025-09-15,104,19962,Nuclear TigeRES,9,https://www.hltv.org/team/13027/nuclear-tigeres
2025-09-15,105,20199,SPARTA,9,https://www.hltv.org/team/13214/sparta
2025-09-15,106,18783,hindsight,9,https://www.hltv.org/team/13395/hindsight
2025-09-15,107,23136,ASPYRE,9,https://www.hltv.org/team/13358/aspyre
2025-09-15,108,22794,Take Flyte,9,https://www.hltv.org/team/11660/take-flyte
2025-09-15,109,22364,Yawara,8,https://www.hltv.org/team/11933/yawara
2025-09-15,110,22476,QMISTRY,8,https://www.hltv.org/team/13245/qmistry
2025-09-15,111,17656,Dripmen,8,https://www.hltv.org/team/11553/dripmen
2025-09-15,112,9221,KRÜ,8,https://www.hltv.org/team/10900/kr
2025-09-15,113,18322,Bounty Hunters,8,https://www.hltv.org/team/12776/bounty-hunters
2025-09-15,114,14010,ex-Galorys,8,https://www.hltv.org/team/13415/ex-galorys
2025-09-15,115,17371,Bravado,8,https://www.hltv.org/team/5158/bravado
2025-09-15,116,18670,GUN5,8,https://www.hltv.org/team/12471/gun5
2025-09-15,117,19060,FengDa,8,https://www.hltv.org/team/12899/fengda
2025-09-15,118,17561,UR,8,https://www.hltv.org/team/13116/ur
2025-09-15,119,11940,NOVAQ,8,https://www.hltv.org/team/13178/novaq
2025-09-15,120,19173,G2 Ares,8,https://www.hltv.org/team/12889/g2-ares
2025-09-15,121,6593,2GAME,8,https://www.hltv.org/team/12491/2game
2025-09-15,122,9896,kONO,8,https://www.hltv.org/team/12858/kono
2025-09-15,123,18070,Betclic,8,https://www.hltv.org/team/12916/betclic
2025-09-15,124,16392,TNC,7,https://www.hltv.org/team/13403/tnc
2025-09-15,125,20502,Peekaboo,7,https://www.hltv.org/team/13393/peekaboo
2025-09-15,126,20273,Legacy Kingdom,7,https://www.hltv.org/team/13356/legacy-kingdom
2025-09-15,127,21331,GenOne,7,https://www.hltv.org/team/11609/genone
2025-09-15,128,16865,Wanted Goons,7,https://www.hltv.org/team/12971/wanted-goons
2025-09-15,129,16847,Wildcard Academy,7,https://www.hltv.org/team/13127/wildcard-academy
2025-09-15,130,12777,MANA,7,https://www.hltv.org/team/13310/mana
2025-09-15,131,11013,WOPA,7,https://www.hltv.org/team/12787/wopa
2025-09-15,132,16768,Last Bullet,7,https://www.hltv.org/team/13433/last-bullet
2025-09-15,133,23542,ALLINNERS,7,https://www.hltv.org/team/12812/allinners
2025-09-15,134,17324,anything else,7,https://www.hltv.org/team/13206/anything-else
2025-09-15,135,11278,Phantom,7,https://www.hltv.org/team/13173/phantom
2025-09-15,136,20281,Anonymo,7,https://www.hltv.org/team/10973/anonymo
2025-09-15,137,15573,HyperSpirit,7,https://www.hltv.org/team/13012/hyperspirit
2025-09-15,138,22997,BORING PLAYERS,7,https://www.hltv.org/team/12948/boring-players
2025-09-15,139,12588,ex-TALON,6,https://www.hltv.org/team/13212/ex-talon
2025-09-15,140,14744,InControl,6,https://www.hltv.org/team/7720/incontrol
2025-09-15,141,16581,Shimmer,6,https://www.hltv.org/team/12190/shimmer
2025-09-15,142,18510,Insilio,6,https://www.hltv.org/team/12124/insilio
2025-09-15,143,25298,BDB,6,https://www.hltv.org/team/13400/bdb
2025-09-15,144,10838,Vasco,6,https://www.hltv.org/team/13413/vasco
2025-09-15,145,15062,IHC,6,https://www.hltv.org/team/11585/ihc
2025-09-15,146,17846,WahWah,6,https://www.hltv.org/team/11878/wahwah
2025-09-15,147,8503,Mythic,6,https://www.hltv.org/team/5479/mythic
2025-09-15,148,12781,AM,6,https://www.hltv.org/team/13237/am
2025-09-15,149,9911,ECLOT,6,https://www.hltv.org/team/7441/eclot
2025-09-15,150,10722,Just Swing,6,https://www.hltv.org/team/13053/just-swing
2025-09-15,151,18090,Aether,6,https://www.hltv.org/team/12908/aether
2025-09-15,152,22176,SENZA,6,https://www.hltv.org/team/13352/senza
2025-09-15,153,7775,fish123,6,https://www.hltv.org/team/6298/fish123
2025-09-15,154,12872,Ground Zero,6,https://www.hltv.org/team/8536/ground-zero
2025-09-15,155,6553,Players,6,https://www.hltv.org/team/11711/players
2025-09-15,156,23906,WDNMD,5,https://www.hltv.org/team/11544/wdnmd
2025-09-15,157,15818,UNiTY,5,https://www.hltv.org/team/12267/unity
2025-09-15,158,19617,Leo,5,https://www.hltv.org/team/11446/leo
2025-09-15,159,10499,R2,5,https://www.hltv.org/team/13327/r2
2025-09-15,160,22028,Overpeek,5,https://www.hltv.org/team/13391/overpeek
2025-09-15,161,20170,BIG Academy,5,https://www.hltv.org/team/10254/big-academy
2025-09-15,162,18146,The QUBE,5,https://www.hltv.org/team/12825/the-qube
2025-09-15,163,15778,m1x,5,https://www.hltv.org/team/7376/m1x
2025-09-15,164,20883,Hesta,5,https://www.hltv.org/team/13153/hesta
2025-09-15,165,21574,AaB,5,https://www.hltv.org/team/9621/aab
2025-09-15,166,19664,Ursa,5,https://www.hltv.org/team/13231/ursa
2025-09-15,167,18989,DEPO,5,https://www.hltv.org/team/12536/depo
2025-09-15,168,17997,LaChampionsLiga,5,https://www.hltv.org/team/12789/lachampionsliga
2025-09-15,169,147,Mousquetaires,5,https://www.hltv.org/team/13251/mousquetaires
2025-09-15,170,20711,KHAN,4,https://www.hltv.org/team/11175/khan
2025-09-15,171,25043,LASED,4,https://www.hltv.org/team/13268/lased
2025-09-15,172,20529,KZG,4,https://www.hltv.org/team/12152/kzg
2025-09-15,173,22863,BRUTE,4,https://www.hltv.org/team/9139/brute
2025-09-15,174,9108,Mindfreak,4,https://www.hltv.org/team/11668/mindfreak
2025-09-15,175,17117,SKYFURY,4,https://www.hltv.org/team/12982/skyfury
2025-09-15,176,15588,Legion,4,https://www.hltv.org/team/10287/legion
2025-09-15,177,19975,Tropa do KinGui,4,https://www.hltv.org/team/13151/tropa-do-kingui
2025-09-15,178,21888,UnderDogs,4,https://www.hltv.org/team/13422/underdogs
2025-09-15,179,9214,FULL SEND,4,https://www.hltv.org/team/9842/full-send
2025-09-15,180,19297,RUSTEC,4,https://www.hltv.org/team/12834/rustec
2025-09-15,181,7935,Akimbo,4,https://www.hltv.org/team/12567/akimbo
2025-09-15,182,22035,Lazer Cats,4,https://www.hltv.org/team/12087/lazer-cats
2025-09-15,183,8850,FlyQuest RED,4,https://www.hltv.org/team/12301/flyquest-red
2025-09-15,184,20336,Max,4,https://www.hltv.org/team/13435/max
2025-09-15,185,18442,Arrival Seven,4,https://www.hltv.org/team/13353/arrival-seven
2025-09-15,186,9616,MINLATE,4,https://www.hltv.org/team/6626/minlate
2025-09-15,187,24096,CSDE,4,https://www.hltv.org/team/13087/csde
2025-09-15,188,15732,Bushido Wildcats,4,https://www.hltv.org/team/13281/bushido-wildcats
2025-09-15,189,10611,Kitsune,4,https://www.hltv.org/team/12684/kitsune
2025-09-15,190,17071,Nocturnal,4,https://www.hltv.org/team/13398/nocturnal
2025-09-15,191,22810,MASONIC,4,https://www.hltv.org/team/10867/masonic
2025-09-15,192,16167,ScarX,3,https://www.hltv.org/team/13217/scarx
2025-09-15,193,21038,Crashers,3,https://www.hltv.org/team/6788/crashers
2025-09-15,194,11258,Prestige,3,https://www.hltv.org/team/13159/prestige
2025-09-15,195,14954,Animus Victoria,3,https://www.hltv.org/team/13316/animus-victoria
2025-09-15,196,16902,Outfit 49,3,https://www.hltv.org/team/13294/outfit-49
2025-09-15,197,19028,TSG,3,https://www.hltv.org/team/13328/tsg
2025-09-15,198,19171,INFINITE,3,https://www.hltv.org/team/10823/infinite
2025-09-15,199,11215,MIBR fe,3,https://www.hltv.org/team/10975/mibr-fe
2025-09-15,200,16811,Young Ninjas,3,https://www.hltv.org/team/10960/young-ninjas
2025-09-15,201,25321,Aurora Young Blud,3,https://www.hltv.org/team/12366/aurora-young-blud
2025-09-15,202,23480,Famalicão,3,https://www.hltv.org/team/13364/famalico
2025-09-15,203,24317,QUAZAR,3,https://www.hltv.org/team/11312/quazar
2025-09-15,204,20582,DOG,3,https://www.hltv.org/team/13317/dog
2025-09-15,205,11205,Rebels,3,https://www.hltv.org/team/12642/rebels
2025-09-15,206,21930,ENCE Academy,3,https://www.hltv.org/team/11790/ence-academy
2025-09-15,207,17642,Wave,3,https://www.hltv.org/team/13014/wave
2025-09-15,208,9144,FURY,3,https://www.hltv.org/team/10299/fury
2025-09-15,209,21290,MIBR Academy,2,https://www.hltv.org/team/3044/mibr-academy
2025-09-15,210,21849,BIG EQUIPA,2,https://www.hltv.org/team/11718/big-equipa
2025-09-15,211,11872,FURIA fe,2,https://www.hltv.org/team/10976/furia-fe
2025-09-15,212,9238,thekillaz fe,2,https://www.hltv.org/team/12912/thekillaz-fe
2025-09-15,213,23997,MAGICOS,2,https://www.hltv.org/team/13265/magicos
2025-09-15,214,24089,paiN Academy,2,https://www.hltv.org/team/11905/pain-academy
2025-09-15,215,12758,Imperial Valkyries,2,https://www.hltv.org/team/12828/imperial-valkyries
2025-09-15,216,18773,Flame Sharks fe,2,https://www.hltv.org/team/13406/flame-sharks-fe
2025-09-15,217,8640,Ghost,2,https://www.hltv.org/team/7801/ghost
2025-09-15,218,17293,Flame Sharks,2,https://www.hltv.org/team/13387/flame-sharks
2025-09-15,219,1572,NIP Impact,2,https://www.hltv.org/team/11917/nip-impact
2025-09-15,220,23050,AKA HERO KAJO,2,https://www.hltv.org/team/13142/aka-hero-kajo
2025-09-15,221,21988,MOUZ NXT,2,https://www.hltv.org/team/11176/mouz-nxt
2025-09-15,222,20503,Quem Sao Elas,2,https://www.hltv.org/team/11756/quem-sao-elas
2025-09-15,223,22889,wwaves,2,https://www.hltv.org/team/13381/wwaves
2025-09-15,224,11532,JERSA,2,https://www.hltv.org/team/13302/jersa
2025-09-15,225,23224,Zomblers,1,https://www.hltv.org/team/12164/zomblers
2025-09-15,226,21761,Curralzinho,1,https://www.hltv.org/team/13417/curralzinho
2025-09-15,227,23316,modeame,1,https://www.hltv.org/team/13290/modeame
2025-09-15,228,23114,THE,1,https://www.hltv.org/team/12955/the
2025-09-15,229,19998,Atrix,1,https://www.hltv.org/team/12533/atrix
2025-09-15,230,15525,Legacy Lotus,1,https://www.hltv.org/team/13418/legacy-lotus
2025-09-15,231,8635,Black Mold,1,https://www.hltv.org/team/13143/black-mold
2025-09-15,232,22092,888aura,1,https://www.hltv.org/team/13383/888aura
2025-09-15,233,17210,Full House,1,https://www.hltv.org/team/13295/full-house
2025-09-15,234,9353,Fire Flux,1,https://www.hltv.org/team/12960/fire-flux
2025-09-15,235,16343,Dusty Roses,1,https://www.hltv.org/team/13412/dusty-roses
2025-09-15,236,22680,BASEMENT BOYS,1,https://www.hltv.org/team/13181/basement-boys
2025-09-15,237,22498,Sangal Academy,1,https://www.hltv.org/team/13301/sangal-academy
2025-09-15,238,22972,LE-LUX,1,https://www.hltv.org/team/12731/le-lux
2025-09-15,239,19133,True Thunder,1,https://www.hltv.org/team/13421/true-thunder
2025-09-15,240,23828,RED Canids Academy,1,https://www.hltv.org/team/13029/red-canids-academy
2025-09-15,241,21775,Glitchtech,1,https://www.hltv.org/team/13285/glitchtech
2025-09-15,242,22308,X7,1,https://www.hltv.org/team/13227/x7
2025-09-15,243,8642,Little Bocks,1,https://www.hltv.org/team/11497/little-bocks
2025-09-15,244,20993,ODDIK Academy,1,https://www.hltv.org/team/13264/oddik-academy
2025-09-15,245,20129,way2go,1,https://www.hltv.org/team/13080/way2go
2025-09-15,246,23533,DanCompany,1,https://www.hltv.org/team/13361/dancompany
2025-09-15,247,22110,NYX,0,https://www.hltv.org/team/13397/nyx
2025-09-15,248,22023,Let Her Cook,0,https://www.hltv.org/team/12421/let-her-cook
2025-09-15,249,1656,Nemesis Impact,0,https://www.hltv.org/team/13405/nemesis-impact
2025-09-15,250,21734,CAPIVARAS,0,https://www.hltv.org/team/12463/capivaras
2025-09-08,1,7322,Vitality,1000,https://www.hltv.org/team/9565/vitality
2025-09-08,2,20194,The MongolZ,800,https://www.hltv.org/team/6248/the-mongolz
2025-09-08,3,13666,MOUZ,685,https://www.hltv.org/team/4494/mouz
2025-09-08,4,7716,Spirit,655,https://www.hltv.org/team/7020/spirit
2025-09-08,5,3972,G2,385,https://www.hltv.org/team/5995/g2
2025-09-08,6,150,Aurora,359,https://www.hltv.org/team/11861/aurora
2025-09-08,7,2023,FURIA,352,https://www.hltv.org/team/8297/furia
2025-09-08,8,3741,Falcons,319,https://www.hltv.org/team/11283/falcons
2025-09-08,9,9816,Natus Vincere,293,https://www.hltv.org/team/4608/natus-vincere
2025-09-08,10,429,FaZe,221,https://www.hltv.org/team/6667/faze
2025-09-08,11,8374,3DMAX,206,https://www.hltv.org/team/4914/3dmax
2025-09-08,12,14736,paiN,179,https://www.hltv.org/team/4773/pain
2025-09-08,13,7592,Astralis,172,https://www.hltv.org/team/6665/astralis
2025-09-08,14,8552,TYLOO,171,https://www.hltv.org/team/4863/tyloo
2025-09-08,15,9278,GamerLegion,140,https://www.hltv.org/team/9928/gamerlegion
2025-09-08,16,8520,Liquid,125,https://www.hltv.org/team/5973/liquid
2025-09-08,17,19187,HEROIC,110,https://www.hltv.org/team/7175/heroic
2025-09-08,18,16551,Lynn Vision,105,https://www.hltv.org/team/8840/lynn-vision
2025-09-08,19,15370,M80,100,https://www.hltv.org/team/12376/m80
2025-09-08,20,12732,Virtus.pro,97,https://www.hltv.org/team/5378/virtuspro
2025-09-08,21,922,Ninjas in Pyjamas,87,https://www.hltv.org/team/4411/ninjas-in-pyjamas
2025-09-08,22,15698,Legacy,80,https://www.hltv.org/team/12468/legacy
2025-09-08,23,11840,BetBoom,76,https://www.hltv.org/team/12394/betboom
2025-09-08,24,630,SAW,72,https://www.hltv.org/team/10567/saw
2025-09-08,25,7528,fnatic,62,https://www.hltv.org/team/4991/fnatic
2025-09-08,26,4679,FlyQuest,57,https://www.hltv.org/team/12774/flyquest
2025-09-08,27,19592,B8,55,https://www.hltv.org/team/11241/b8
2025-09-08,28,13776,PARIVISION,46,https://www.hltv.org/team/12467/parivision
2025-09-08,29,11630,Passion UA,44,https://www.hltv.org/team/12426/passion-ua
2025-09-08,30,13602,OG,44,https://www.hltv.org/team/10503/og
2025-09-08,31,22643,TNL,44,https://www.hltv.org/team/12833/tnl
2025-09-08,32,8371,Gentle Mates,42,https://www.hltv.org/team/13404/gentle-mates
2025-09-08,33,11154,MIBR,40,https://www.hltv.org/team/9215/mibr
2025-09-08,34,5794,BIG,40,https://www.hltv.org/team/7532/big
2025-09-08,35,12708,ENCE,39,https://www.hltv.org/team/4869/ence
2025-09-08,36,7687,NRG,38,https://www.hltv.org/team/6673/nrg
2025-09-08,37,10566,Imperial,36,https://www.hltv.org/team/9455/imperial
2025-09-08,38,20387,Nemiga,35,https://www.hltv.org/team/7969/nemiga
2025-09-08,39,20584,FUT,32,https://www.hltv.org/team/13286/fut
2025-09-08,40,2898,9INE,30,https://www.hltv.org/team/10278/9ine
2025-09-08,41,9216,ODDIK,28,https://www.hltv.org/team/11768/oddik
2025-09-08,42,19015,Monte,28,https://www.hltv.org/team/11811/monte
2025-09-08,43,7028,Rare Atom,25,https://www.hltv.org/team/11514/rare-atom
2025-09-08,44,3849,EYEBALLERS,24,https://www.hltv.org/team/11737/eyeballers
2025-09-08,45,15072,The Huns,23,https://www.hltv.org/team/12510/the-huns
2025-09-08,46,8507,Wildcard,23,https://www.hltv.org/team/12257/wildcard
2025-09-08,47,10330,ECSTATIC,23,https://www.hltv.org/team/11419/ecstatic
2025-09-08,48,7998,BC.Game,23,https://www.hltv.org/team/12878/bcgame
2025-09-08,49,12521,Fluxo,22,https://www.hltv.org/team/11837/fluxo
2025-09-08,50,7443,Alliance,22,https://www.hltv.org/team/12474/alliance
2025-09-08,51,14494,SkinRave,22,https://www.hltv.org/team/13414/skinrave
2025-09-08,52,5351,Zero Tenacity,22,https://www.hltv.org/team/11523/zero-tenacity
2025-09-08,53,3669,Venom,22,https://www.hltv.org/team/13419/venom
2025-09-08,54,13026,Partizan,22,https://www.hltv.org/team/11838/partizan
2025-09-08,55,12937,Marsborne,22,https://www.hltv.org/team/13124/marsborne
2025-09-08,56,17316,Betera,21,https://www.hltv.org/team/12431/betera
2025-09-08,57,13843,Sashi,20,https://www.hltv.org/team/11712/sashi
2025-09-08,58,15203,ESC,20,https://www.hltv.org/team/4532/esc
2025-09-08,59,12092,9z,19,https://www.hltv.org/team/9996/9z
2025-09-08,60,19229,Chinggis Warriors,19,https://www.hltv.org/team/12646/chinggis-warriors
2025-09-08,61,20071,Reason,18,https://www.hltv.org/team/4822/reason
2025-09-08,62,2161,BESTIA,17,https://www.hltv.org/team/12144/bestia
2025-09-08,63,9255,Johnny Speeds,17,https://www.hltv.org/team/12604/johnny-speeds
2025-09-08,64,23637,VP.Prodigy,17,https://www.hltv.org/team/10864/vpprodigy
2025-09-08,65,11213,Keyd Stars,16,https://www.hltv.org/team/6033/keyd-stars
2025-09-08,66,3459,TPuDCATb TPu,16,https://www.hltv.org/team/13297/tpudcatb-tpu
2025-09-08,67,22864,Spirit Academy,16,https://www.hltv.org/team/7900/spirit-academy
2025-09-08,68,20558,Sharks,15,https://www.hltv.org/team/8113/sharks
2025-09-08,69,16612,HOTU,15,https://www.hltv.org/team/11581/hotu
2025-09-08,70,16971,aimclub,15,https://www.hltv.org/team/6810/aimclub
2025-09-08,71,19872,ShindeN,14,https://www.hltv.org/team/12959/shinden
2025-09-08,72,18070,Betclic,14,https://www.hltv.org/team/12916/betclic
2025-09-08,73,21367,FORZE Reload,13,https://www.hltv.org/team/12857/forze-reload
2025-09-08,74,19750,RED Canids,13,https://www.hltv.org/team/7176/red-canids
2025-09-08,75,12102,LAG,13,https://www.hltv.org/team/11955/lag
2025-09-08,76,13982,CYBERSHOKE,13,https://www.hltv.org/team/12380/cybershoke
2025-09-08,77,10892,Getting Info,13,https://www.hltv.org/team/13106/getting-info
2025-09-08,78,8575,Eternal Fire,13,https://www.hltv.org/team/11251/eternal-fire
2025-09-08,79,16753,CPH Wolves,12,https://www.hltv.org/team/4548/cph-wolves
2025-09-08,80,9482,ex-W7M,12,https://www.hltv.org/team/13288/ex-w7m
2025-09-08,81,11199,SINNERS,12,https://www.hltv.org/team/10577/sinners
2025-09-08,82,13689,Chicken Coop,12,https://www.hltv.org/team/13107/chicken-coop
2025-09-08,83,21574,AaB,12,https://www.hltv.org/team/9621/aab
2025-09-08,84,15060,Eruption,12,https://www.hltv.org/team/12097/eruption
2025-09-08,85,18554,Dusty Roots,12,https://www.hltv.org/team/12548/dusty-roots
2025-09-08,86,9483,Galorys,12,https://www.hltv.org/team/12677/galorys
2025-09-08,87,13250,BOSS,12,https://www.hltv.org/team/12534/boss
2025-09-08,88,20956,RUBY,12,https://www.hltv.org/team/12694/ruby
2025-09-08,89,10449,JiJieHao,12,https://www.hltv.org/team/10245/jijiehao
2025-09-08,90,18447,ARCRED,12,https://www.hltv.org/team/10459/arcred
2025-09-08,91,1206,Nexus,11,https://www.hltv.org/team/7187/nexus
2025-09-08,92,6593,2GAME,11,https://www.hltv.org/team/12491/2game
2025-09-08,93,8528,1win,11,https://www.hltv.org/team/10621/1win
2025-09-08,94,10827,GameHunters,11,https://www.hltv.org/team/12988/gamehunters
2025-09-08,95,20336,HAWAII,11,https://www.hltv.org/team/13378/hawaii
2025-09-08,96,12004,Sangal,11,https://www.hltv.org/team/10333/sangal
2025-09-08,97,13669,Metizport,11,https://www.hltv.org/team/11641/metizport
2025-09-08,98,14273,AMKAL,11,https://www.hltv.org/team/12586/amkal
2025-09-08,99,9766,500,11,https://www.hltv.org/team/12000/500
2025-09-08,100,20258,Kaleido,10,https://www.hltv.org/team/13331/kaleido
2025-09-08,101,8429,hypewrld,10,https://www.hltv.org/team/12570/hypewrld
2025-09-08,102,8891,Tricked,10,https://www.hltv.org/team/4602/tricked
2025-09-08,103,12956,NomadS,10,https://www.hltv.org/team/12900/nomads
2025-09-08,104,14744,InControl,10,https://www.hltv.org/team/7720/incontrol
2025-09-08,105,22794,Take Flyte,9,https://www.hltv.org/team/11660/take-flyte
2025-09-08,106,15062,IHC,9,https://www.hltv.org/team/11585/ihc
2025-09-08,107,19575,K27,9,https://www.hltv.org/team/12895/k27
2025-09-08,108,18670,GUN5,9,https://www.hltv.org/team/12471/gun5
2025-09-08,109,23136,ASPYRE,9,https://www.hltv.org/team/13358/aspyre
2025-09-08,110,9221,KRÜ,9,https://www.hltv.org/team/10900/kr
2025-09-08,111,20199,SPARTA,9,https://www.hltv.org/team/13214/sparta
2025-09-08,112,14294,SemperFi,9,https://www.hltv.org/team/12901/semperfi
2025-09-08,113,22176,SENZA,9,https://www.hltv.org/team/13352/senza
2025-09-08,114,7775,fish123,9,https://www.hltv.org/team/6298/fish123
2025-09-08,115,21331,GenOne,9,https://www.hltv.org/team/11609/genone
2025-09-08,116,23440,shinigami,8,https://www.hltv.org/team/12420/shinigami
2025-09-08,117,22028,Overpeek,8,https://www.hltv.org/team/13391/overpeek
2025-09-08,118,4829,Inner Circle,8,https://www.hltv.org/team/13117/inner-circle
2025-09-08,119,15778,m1x,8,https://www.hltv.org/team/7376/m1x
2025-09-08,120,18783,hindsight,8,https://www.hltv.org/team/13395/hindsight
2025-09-08,121,9896,kONO,8,https://www.hltv.org/team/12858/kono
2025-09-08,122,19962,Nuclear TigeRES,8,https://www.hltv.org/team/13027/nuclear-tigeres
2025-09-08,123,12777,MANA,8,https://www.hltv.org/team/13310/mana
2025-09-08,124,14010,ex-Galorys,8,https://www.hltv.org/team/13415/ex-galorys
2025-09-08,125,17561,UR,8,https://www.hltv.org/team/13116/ur
2025-09-08,126,22476,QMISTRY,7,https://www.hltv.org/team/13245/qmistry
2025-09-08,127,17371,Bravado,7,https://www.hltv.org/team/5158/bravado
2025-09-08,128,16768,Last Bullet,7,https://www.hltv.org/team/13433/last-bullet
2025-09-08,129,19173,G2 Ares,7,https://www.hltv.org/team/12889/g2-ares
2025-09-08,130,20273,Legacy Kingdom,7,https://www.hltv.org/team/13356/legacy-kingdom
2025-09-08,131,12877,Rooster,7,https://www.hltv.org/team/9881/rooster
2025-09-08,132,18322,Bounty Hunters,7,https://www.hltv.org/team/12776/bounty-hunters
2025-09-08,133,16392,TNC,7,https://www.hltv.org/team/13403/tnc
2025-09-08,134,17324,anything else,7,https://www.hltv.org/team/13206/anything-else
2025-09-08,135,20502,Peekaboo,7,https://www.hltv.org/team/13393/peekaboo
2025-09-08,136,20129,way2go,7,https://www.hltv.org/team/13080/way2go
2025-09-08,137,23001,Change The Game,7,https://www.hltv.org/team/13175/change-the-game
2025-09-08,138,20883,Hesta,7,https://www.hltv.org/team/13153/hesta
2025-09-08,139,18146,The QUBE,7,https://www.hltv.org/team/12825/the-qube
2025-09-08,140,19060,FengDa,6,https://www.hltv.org/team/12899/fengda
2025-09-08,141,16847,Wildcard Academy,6,https://www.hltv.org/team/13127/wildcard-academy
2025-09-08,142,15732,Bushido Wildcats,6,https://www.hltv.org/team/13281/bushido-wildcats
2025-09-08,143,23542,ALLINNERS,6,https://www.hltv.org/team/12812/allinners
2025-09-08,144,22740,Lithuanian Wolves,6,https://www.hltv.org/team/13182/lithuanian-wolves
2025-09-08,145,7131,Alter Ego,6,https://www.hltv.org/team/9958/alter-ego
2025-09-08,146,15573,HyperSpirit,6,https://www.hltv.org/team/13012/hyperspirit
2025-09-08,147,10722,Just Swing,6,https://www.hltv.org/team/13053/just-swing
2025-09-08,148,18090,Aether,6,https://www.hltv.org/team/12908/aether
2025-09-08,149,11278,Phantom,6,https://www.hltv.org/team/13173/phantom
2025-09-08,150,147,Mousquetaires,6,https://www.hltv.org/team/13251/mousquetaires
2025-09-08,151,20711,KHAN,6,https://www.hltv.org/team/11175/khan
2025-09-08,152,13679,ALGO,6,https://www.hltv.org/team/13163/algo
2025-09-08,153,25298,BDB,6,https://www.hltv.org/team/13400/bdb
2025-09-08,154,7935,Akimbo,6,https://www.hltv.org/team/12567/akimbo
2025-09-08,155,20170,BIG Academy,6,https://www.hltv.org/team/10254/big-academy
2025-09-08,156,23316,modeame,6,https://www.hltv.org/team/13290/modeame
2025-09-08,157,19617,Leo,6,https://www.hltv.org/team/11446/leo
2025-09-08,158,10838,Vasco,6,https://www.hltv.org/team/13413/vasco
2025-09-08,159,17846,WahWah,6,https://www.hltv.org/team/11878/wahwah
2025-09-08,160,15818,UNiTY,5,https://www.hltv.org/team/12267/unity
2025-09-08,161,23545,ASTRAL,5,https://www.hltv.org/team/13333/astral
2025-09-08,162,6553,Players,5,https://www.hltv.org/team/11711/players
2025-09-08,163,18510,Insilio,5,https://www.hltv.org/team/12124/insilio
2025-09-08,164,8503,Mythic,5,https://www.hltv.org/team/5479/mythic
2025-09-08,165,11258,Prestige,5,https://www.hltv.org/team/13159/prestige
2025-09-08,166,22364,Yawara,5,https://www.hltv.org/team/11933/yawara
2025-09-08,167,7266,AM,5,https://www.hltv.org/team/13237/am
2025-09-08,168,11940,NOVAQ,5,https://www.hltv.org/team/13178/novaq
2025-09-08,169,22997,BORING PLAYERS,5,https://www.hltv.org/team/12948/boring-players
2025-09-08,170,12588,ex-TALON,5,https://www.hltv.org/team/13212/ex-talon
2025-09-08,171,11013,WOPA,5,https://www.hltv.org/team/12787/wopa
2025-09-08,172,16902,Outfit 49,5,https://www.hltv.org/team/13294/outfit-49
2025-09-08,173,23906,WDNMD,5,https://www.hltv.org/team/11544/wdnmd
2025-09-08,174,21350,WATERMELON,5,https://www.hltv.org/team/13326/watermelon
2025-09-08,175,16581,Shimmer,5,https://www.hltv.org/team/12190/shimmer
2025-09-08,176,9911,ECLOT,5,https://www.hltv.org/team/7441/eclot
2025-09-08,177,18442,Arrival Seven,5,https://www.hltv.org/team/13353/arrival-seven
2025-09-08,178,9214,FULL SEND,5,https://www.hltv.org/team/9842/full-send
2025-09-08,179,12872,Ground Zero,5,https://www.hltv.org/team/8536/ground-zero
2025-09-08,180,20033,Volt,4,https://www.hltv.org/team/13090/volt
2025-09-08,181,18989,DEPO,4,https://www.hltv.org/team/12536/depo
2025-09-08,182,20529,KZG,4,https://www.hltv.org/team/12152/kzg
2025-09-08,183,22810,MASONIC,4,https://www.hltv.org/team/10867/masonic
2025-09-08,184,1656,Nemesis Impact,4,https://www.hltv.org/team/13405/nemesis-impact
2025-09-08,185,10499,R2,4,https://www.hltv.org/team/13327/r2
2025-09-08,186,14954,Animus Victoria,4,https://www.hltv.org/team/13316/animus-victoria
2025-09-08,187,19664,Ursa,4,https://www.hltv.org/team/13231/ursa
2025-09-08,188,19975,Tropa do KinGui,4,https://www.hltv.org/team/13151/tropa-do-kingui
2025-09-08,189,2131,FAVBET,4,https://www.hltv.org/team/12818/favbet
2025-09-08,190,25043,LASED,4,https://www.hltv.org/team/13268/lased
2025-09-08,191,22035,Lazer Cats,4,https://www.hltv.org/team/12087/lazer-cats
2025-09-08,192,9144,FURY,4,https://www.hltv.org/team/10299/fury
2025-09-08,193,17997,LaChampionsLiga,4,https://www.hltv.org/team/12789/lachampionsliga
2025-09-08,194,17117,SKYFURY,4,https://www.hltv.org/team/12982/skyfury
2025-09-08,195,16811,Young Ninjas,4,https://www.hltv.org/team/10960/young-ninjas
2025-09-08,196,15588,Legion,4,https://www.hltv.org/team/10287/legion
2025-09-08,197,16865,Wanted Goons,4,https://www.hltv.org/team/12971/wanted-goons
2025-09-08,198,19297,RUSTEC,4,https://www.hltv.org/team/12834/rustec
2025-09-08,199,17656,Dripmen,4,https://www.hltv.org/team/11553/dripmen
2025-09-08,200,23252,QUAZAR,4,https://www.hltv.org/team/11312/quazar
2025-09-08,201,22863,BRUTE,3,https://www.hltv.org/team/9139/brute
2025-09-08,202,9108,Mindfreak,3,https://www.hltv.org/team/11668/mindfreak
2025-09-08,203,10611,Kitsune,3,https://www.hltv.org/team/12684/kitsune
2025-09-08,204,16167,ScarX,3,https://www.hltv.org/team/13217/scarx
2025-09-08,205,24096,CSDE,3,https://www.hltv.org/team/13087/csde
2025-09-08,206,22814,XI,3,https://www.hltv.org/team/8947/xi
2025-09-08,207,20281,Anonymo,3,https://www.hltv.org/team/10973/anonymo
2025-09-08,208,19171,INFINITE,3,https://www.hltv.org/team/10823/infinite
2025-09-08,209,23480,Famalicão,3,https://www.hltv.org/team/13364/famalico
2025-09-08,210,25321,Aurora Young Blud,3,https://www.hltv.org/team/12366/aurora-young-blud
2025-09-08,211,9616,MINLATE,3,https://www.hltv.org/team/6626/minlate
2025-09-08,212,9353,Fire Flux,3,https://www.hltv.org/team/12960/fire-flux
2025-09-08,213,17071,Nocturnal,3,https://www.hltv.org/team/13398/nocturnal
2025-09-08,214,21038,Crashers,3,https://www.hltv.org/team/6788/crashers
2025-09-08,215,19028,TSG,3,https://www.hltv.org/team/13328/tsg
2025-09-08,216,11215,MIBR fe,3,https://www.hltv.org/team/10975/mibr-fe
2025-09-08,217,21888,UnderDogs,3,https://www.hltv.org/team/13422/underdogs
2025-09-08,218,17642,Wave,2,https://www.hltv.org/team/13014/wave
2025-09-08,219,21290,MIBR Academy,2,https://www.hltv.org/team/3044/mibr-academy
2025-09-08,220,21930,ENCE Academy,2,https://www.hltv.org/team/11790/ence-academy
2025-09-08,221,20006,HAVENs,2,https://www.hltv.org/team/12855/havens
2025-09-08,222,8640,Ghost,2,https://www.hltv.org/team/7801/ghost
2025-09-08,223,12758,Imperial Valkyries,2,https://www.hltv.org/team/12828/imperial-valkyries
2025-09-08,224,20582,DOG,2,https://www.hltv.org/team/13317/dog
2025-09-08,225,16343,Dusty Roses,2,https://www.hltv.org/team/13412/dusty-roses
2025-09-08,226,23997,MAGICOS,2,https://www.hltv.org/team/13265/magicos
2025-09-08,227,24089,paiN Academy,2,https://www.hltv.org/team/11905/pain-academy
2025-09-08,228,15525,Legacy Lotus,2,https://www.hltv.org/team/13418/legacy-lotus
2025-09-08,229,21849,BIG EQUIPA,2,https://www.hltv.org/team/11718/big-equipa
2025-09-08,230,17293,Flame Sharks,2,https://www.hltv.org/team/13387/flame-sharks
2025-09-08,231,21775,Glitchtech,2,https://www.hltv.org/team/13285/glitchtech
2025-09-08,232,8635,Black Mold,2,https://www.hltv.org/team/13143/black-mold
2025-09-08,233,22092,888aura,2,https://www.hltv.org/team/13383/888aura
2025-09-08,234,8850,FlyQuest RED,2,https://www.hltv.org/team/12301/flyquest-red
2025-09-08,235,19998,Atrix,2,https://www.hltv.org/team/12533/atrix
2025-09-08,236,21761,Curralzinho,2,https://www.hltv.org/team/13417/curralzinho
2025-09-08,237,23050,AKA HERO KAJO,2,https://www.hltv.org/team/13142/aka-hero-kajo
2025-09-08,238,21988,MOUZ NXT,2,https://www.hltv.org/team/11176/mouz-nxt
2025-09-08,239,9238,thekillaz fe,2,https://www.hltv.org/team/12912/thekillaz-fe
2025-09-08,240,18773,Flame Sharks fe,1,https://www.hltv.org/team/13406/flame-sharks-fe
2025-09-08,241,12736,Bärendienst,1,https://www.hltv.org/team/13299/brendienst
2025-09-08,242,24043,seoul,1,https://www.hltv.org/team/13194/seoul
2025-09-08,243,11532,JERSA,1,https://www.hltv.org/team/13302/jersa
2025-09-08,244,24310,XDM,1,https://www.hltv.org/team/13242/xdm
2025-09-08,245,22680,BASEMENT BOYS,1,https://www.hltv.org/team/13181/basement-boys
2025-09-08,246,11872,FURIA fe,1,https://www.hltv.org/team/10976/furia-fe
2025-09-08,247,23224,Zomblers,1,https://www.hltv.org/team/12164/zomblers
2025-09-08,248,17644,Rounds,1,https://www.hltv.org/team/12457/rounds
2025-09-08,249,1572,NIP Impact,1,https://www.hltv.org/team/11917/nip-impact
2025-09-08,250,24024,GENESIS,1,https://www.hltv.org/team/13076/genesis
2025-09-08,251,25194,drosselfamily,1,https://www.hltv.org/team/13334/drosselfamily
2025-09-08,252,17210,Full House,1,https://www.hltv.org/team/13295/full-house
2025-09-08,253,22889,wwaves,1,https://www.hltv.org/team/13381/wwaves
2025-09-08,254,20503,Quem Sao Elas,1,https://www.hltv.org/team/11756/quem-sao-elas
2025-09-08,255,22498,Sangal Academy,1,https://www.hltv.org/team/13301/sangal-academy
2025-09-08,256,19133,True Thunder,1,https://www.hltv.org/team/13421/true-thunder
2025-09-08,257,23828,RED Canids Academy,1,https://www.hltv.org/team/13029/red-canids-academy
2025-09-08,258,22972,LE-LUX,1,https://www.hltv.org/team/12731/le-lux
2025-09-08,259,6536,BURN,1,https://www.hltv.org/team/13228/burn
2025-09-08,260,22308,X7,1,https://www.hltv.org/team/13227/x7
2025-09-08,261,14950,DXA,1,https://www.hltv.org/team/12276/dxa
2025-09-08,262,8642,Little Bocks,1,https://www.hltv.org/team/11497/little-bocks
2025-09-08,263,23533,DanCompany,1,https://www.hltv.org/team/13361/dancompany
2025-09-08,264,20993,ODDIK Academy,1,https://www.hltv.org/team/13264/oddik-academy
2025-09-08,265,21734,CAPIVARAS,0,https://www.hltv.org/team/12463/capivaras
2025-09-08,266,22110,NYX,0,https://www.hltv.org/team/13397/nyx
2025-09-02,1,7322,Vitality,989,https://www.hltv.org/team/9565/vitality
2025-09-02,2,7716,Spirit,823,https://www.hltv.org/team/7020/spirit
2025-09-02,3,20194,The MongolZ,822,https://www.hltv.org/team/6248/the-mongolz
2025-09-02,4,13666,MOUZ,697,https://www.hltv.org/team/4494/mouz
2025-09-02,5,2023,FURIA,371,https://www.hltv.org/team/8297/furia
2025-09-02,6,150,Aurora,361,https://www.hltv.org/team/11861/aurora
2025-09-02,7,9816,Natus Vincere,319,https://www.hltv.org/team/4608/natus-vincere
2025-09-02,8,3741,Falcons,306,https://www.hltv.org/team/11283/falcons
2025-09-02,9,429,FaZe,252,https://www.hltv.org/team/6667/faze
2025-09-02,10,8374,3DMAX,210,https://www.hltv.org/team/4914/3dmax
2025-09-02,11,14736,paiN,209,https://www.hltv.org/team/4773/pain
2025-09-02,12,3972,G2,204,https://www.hltv.org/team/5995/g2
2025-09-02,13,7592,Astralis,170,https://www.hltv.org/team/6665/astralis
2025-09-02,14,8552,TYLOO,165,https://www.hltv.org/team/4863/tyloo
2025-09-02,15,9278,GamerLegion,140,https://www.hltv.org/team/9928/gamerlegion
2025-09-02,16,8520,Liquid,126,https://www.hltv.org/team/5973/liquid
2025-09-02,17,16551,Lynn Vision,117,https://www.hltv.org/team/8840/lynn-vision
2025-09-02,18,19310,HEROIC,116,https://www.hltv.org/team/7175/heroic
2025-09-02,19,12732,Virtus.pro,106,https://www.hltv.org/team/5378/virtuspro
2025-09-02,20,15698,Legacy,105,https://www.hltv.org/team/12468/legacy
2025-09-02,21,15370,M80,89,https://www.hltv.org/team/12376/m80
2025-09-02,22,922,Ninjas in Pyjamas,81,https://www.hltv.org/team/4411/ninjas-in-pyjamas
2025-09-02,23,11840,BetBoom,71,https://www.hltv.org/team/12394/betboom
2025-09-02,24,630,SAW,69,https://www.hltv.org/team/10567/saw
2025-09-02,25,7528,fnatic,67,https://www.hltv.org/team/4991/fnatic
2025-09-02,26,19592,B8,54,https://www.hltv.org/team/11241/b8
2025-09-02,27,4679,FlyQuest,54,https://www.hltv.org/team/12774/flyquest
2025-09-02,28,11154,MIBR,49,https://www.hltv.org/team/9215/mibr
2025-09-02,29,11630,Passion UA,44,https://www.hltv.org/team/12426/passion-ua
2025-09-02,30,13776,PARIVISION,43,https://www.hltv.org/team/12467/parivision
2025-09-02,31,20387,Nemiga,43,https://www.hltv.org/team/7969/nemiga
2025-09-02,32,8371,Gentle Mates,42,https://www.hltv.org/team/13404/gentle-mates
2025-09-02,33,13602,OG,41,https://www.hltv.org/team/10503/og
2025-09-02,34,22643,TNL,41,https://www.hltv.org/team/12833/tnl
2025-09-02,35,5794,BIG,37,https://www.hltv.org/team/7532/big
2025-09-02,36,12708,ENCE,34,https://www.hltv.org/team/4869/ence
2025-09-02,37,2898,9INE,34,https://www.hltv.org/team/10278/9ine
2025-09-02,38,10566,Imperial,33,https://www.hltv.org/team/9455/imperial
2025-09-02,39,10330,ECSTATIC,30,https://www.hltv.org/team/11419/ecstatic
2025-09-02,40,20584,FUT,30,https://www.hltv.org/team/13286/fut
2025-09-02,41,19015,Monte,26,https://www.hltv.org/team/11811/monte
2025-09-02,42,7687,NRG,24,https://www.hltv.org/team/6673/nrg
2025-09-02,43,7443,Alliance,23,https://www.hltv.org/team/12474/alliance
2025-09-02,44,9216,ODDIK,23,https://www.hltv.org/team/11768/oddik
2025-09-02,45,13026,Partizan,23,https://www.hltv.org/team/11838/partizan
2025-09-02,46,7028,Rare Atom,22,https://www.hltv.org/team/11514/rare-atom
2025-09-02,47,13843,Sashi,22,https://www.hltv.org/team/11712/sashi
2025-09-02,48,8507,Wildcard,21,https://www.hltv.org/team/12257/wildcard
2025-09-02,49,7998,BC.Game,21,https://www.hltv.org/team/12878/bcgame
2025-09-02,50,3849,EYEBALLERS,21,https://www.hltv.org/team/11737/eyeballers
2025-09-02,51,5351,Zero Tenacity,20,https://www.hltv.org/team/11523/zero-tenacity
2025-09-02,52,12521,Fluxo,20,https://www.hltv.org/team/11837/fluxo
2025-09-02,53,3669,KOLESIE,20,https://www.hltv.org/team/13314/kolesie
2025-09-02,54,17316,Betera,19,https://www.hltv.org/team/12431/betera
2025-09-02,55,12937,Marsborne,18,https://www.hltv.org/team/13124/marsborne
2025-09-02,56,14494,BLUEJAYS,18,https://www.hltv.org/team/5347/bluejays
2025-09-02,57,12092,9z,17,https://www.hltv.org/team/9996/9z
2025-09-02,58,15203,ESC,17,https://www.hltv.org/team/4532/esc
2025-09-02,59,15072,The Huns,17,https://www.hltv.org/team/12510/the-huns
2025-09-02,60,9255,Johnny Speeds,17,https://www.hltv.org/team/12604/johnny-speeds
2025-09-02,61,20558,Sharks,17,https://www.hltv.org/team/8113/sharks
2025-09-02,62,2161,BESTIA,16,https://www.hltv.org/team/12144/bestia
2025-09-02,63,19229,Chinggis Warriors,15,https://www.hltv.org/team/12646/chinggis-warriors
2025-09-02,64,23637,VP.Prodigy,15,https://www.hltv.org/team/10864/vpprodigy
2025-09-02,65,3459,TPuDCATb TPu,14,https://www.hltv.org/team/13297/tpudcatb-tpu
2025-09-02,66,13982,CYBERSHOKE,14,https://www.hltv.org/team/12380/cybershoke
2025-09-02,67,22864,Spirit Academy,14,https://www.hltv.org/team/7900/spirit-academy
2025-09-02,68,16080,Betclic,14,https://www.hltv.org/team/12916/betclic
2025-09-02,69,16612,HOTU,14,https://www.hltv.org/team/11581/hotu
2025-09-02,70,16835,RED Canids,14,https://www.hltv.org/team/7176/red-canids
2025-09-02,71,9483,SELVA,14,https://www.hltv.org/team/12447/selva
2025-09-02,72,16548,aimclub,13,https://www.hltv.org/team/6810/aimclub
2025-09-02,73,11213,Keyd Stars,13,https://www.hltv.org/team/6033/keyd-stars
2025-09-02,74,1206,Nexus,13,https://www.hltv.org/team/7187/nexus
2025-09-02,75,20071,Reason,13,https://www.hltv.org/team/4822/reason
2025-09-02,76,19872,ShindeN,13,https://www.hltv.org/team/12959/shinden
2025-09-02,77,20956,RUBY,13,https://www.hltv.org/team/12694/ruby
2025-09-02,78,13250,BOSS,12,https://www.hltv.org/team/12534/boss
2025-09-02,79,12102,LAG,12,https://www.hltv.org/team/11955/lag
2025-09-02,80,10892,Getting Info,12,https://www.hltv.org/team/13106/getting-info
2025-09-02,81,13240,GUN5,12,https://www.hltv.org/team/12471/gun5
2025-09-02,82,13689,Chicken Coop,12,https://www.hltv.org/team/13107/chicken-coop
2025-09-02,83,11199,SINNERS,11,https://www.hltv.org/team/10577/sinners
2025-09-02,84,6593,2GAME,11,https://www.hltv.org/team/12491/2game
2025-09-02,85,12004,Sangal,11,https://www.hltv.org/team/10333/sangal
2025-09-02,86,13669,Metizport,11,https://www.hltv.org/team/11641/metizport
2025-09-02,87,21574,AaB,11,https://www.hltv.org/team/9621/aab
2025-09-02,88,16753,CPH Wolves,11,https://www.hltv.org/team/4548/cph-wolves
2025-09-02,89,10449,JiJieHao,11,https://www.hltv.org/team/10245/jijiehao
2025-09-02,90,18554,Dusty Roots,11,https://www.hltv.org/team/12548/dusty-roots
2025-09-02,91,20336,HAWAII,10,https://www.hltv.org/team/13378/hawaii
2025-09-02,92,15060,Eruption,10,https://www.hltv.org/team/12097/eruption
2025-09-02,93,18447,ARCRED,10,https://www.hltv.org/team/10459/arcred
2025-09-02,94,9482,ex-W7M,10,https://www.hltv.org/team/13288/ex-w7m
2025-09-02,95,8575,Eternal Fire,10,https://www.hltv.org/team/11251/eternal-fire
2025-09-02,96,9766,500,10,https://www.hltv.org/team/12000/500
2025-09-02,97,20258,Kaleido,9,https://www.hltv.org/team/13331/kaleido
2025-09-02,98,9221,KRÜ,9,https://www.hltv.org/team/10900/kr
2025-09-02,99,8429,hypewrld,9,https://www.hltv.org/team/12570/hypewrld
2025-09-02,100,21367,FORZE Reload,9,https://www.hltv.org/team/12857/forze-reload
2025-09-02,101,15062,IHC,9,https://www.hltv.org/team/11585/ihc
2025-09-02,102,12956,NomadS,9,https://www.hltv.org/team/12900/nomads
2025-09-02,103,14744,InControl,9,https://www.hltv.org/team/7720/incontrol
2025-09-02,104,8528,1win,9,https://www.hltv.org/team/10621/1win
2025-09-02,105,9896,kONO,9,https://www.hltv.org/team/12858/kono
2025-09-02,106,8891,Tricked,9,https://www.hltv.org/team/4602/tricked
2025-09-02,107,20199,SPARTA,8,https://www.hltv.org/team/13214/sparta
2025-09-02,108,10827,GameHunters,8,https://www.hltv.org/team/12988/gamehunters
2025-09-02,109,11139,SemperFi,8,https://www.hltv.org/team/12901/semperfi
2025-09-02,110,14273,AMKAL,8,https://www.hltv.org/team/12586/amkal
2025-09-02,111,23136,ASPYRE,8,https://www.hltv.org/team/13358/aspyre
2025-09-02,112,7775,fish123,8,https://www.hltv.org/team/6298/fish123
2025-09-02,113,17561,UR,8,https://www.hltv.org/team/13116/ur
2025-09-02,114,21331,GenOne,8,https://www.hltv.org/team/11609/genone
2025-09-02,115,23440,shinigami,8,https://www.hltv.org/team/12420/shinigami
2025-09-02,116,11278,Phantom,8,https://www.hltv.org/team/13173/phantom
2025-09-02,117,18783,hindsight,7,https://www.hltv.org/team/13395/hindsight
2025-09-02,118,15778,m1x,7,https://www.hltv.org/team/7376/m1x
2025-09-02,119,15573,HyperSpirit,7,https://www.hltv.org/team/13012/hyperspirit
2025-09-02,120,19575,K27,7,https://www.hltv.org/team/12895/k27
2025-09-02,121,20711,KHAN,7,https://www.hltv.org/team/11175/khan
2025-09-02,122,19962,Nuclear TigeRES,7,https://www.hltv.org/team/13027/nuclear-tigeres
2025-09-02,123,11940,NOVAQ,7,https://www.hltv.org/team/13178/novaq
2025-09-02,124,22476,QMISTRY,7,https://www.hltv.org/team/13245/qmistry
2025-09-02,125,17371,Bravado,7,https://www.hltv.org/team/5158/bravado
2025-09-02,126,9911,ECLOT,7,https://www.hltv.org/team/7441/eclot
2025-09-02,127,22176,SENZA,7,https://www.hltv.org/team/13352/senza
2025-09-02,128,12777,MANA,6,https://www.hltv.org/team/13310/mana
2025-09-02,129,20883,Hesta,6,https://www.hltv.org/team/13153/hesta
2025-09-02,130,19173,G2 Ares,6,https://www.hltv.org/team/12889/g2-ares
2025-09-02,131,15732,Bushido Wildcats,6,https://www.hltv.org/team/13281/bushido-wildcats
2025-09-02,132,18510,Insilio,6,https://www.hltv.org/team/12124/insilio
2025-09-02,133,18322,Bounty Hunters,6,https://www.hltv.org/team/12776/bounty-hunters
2025-09-02,134,16392,TNC,6,https://www.hltv.org/team/13403/tnc
2025-09-02,135,17324,anything else,6,https://www.hltv.org/team/13206/anything-else
2025-09-02,136,20502,Peekaboo,6,https://www.hltv.org/team/13393/peekaboo
2025-09-02,137,13679,ALGO,6,https://www.hltv.org/team/13163/algo
2025-09-02,138,2131,FAVBET,6,https://www.hltv.org/team/12818/favbet
2025-09-02,139,8605,TBO,6,https://www.hltv.org/team/13354/tbo
2025-09-02,140,20129,way2go,6,https://www.hltv.org/team/13080/way2go
2025-09-02,141,16847,Wildcard Academy,6,https://www.hltv.org/team/13127/wildcard-academy
2025-09-02,142,20273,Legacy Kingdom,6,https://www.hltv.org/team/13356/legacy-kingdom
2025-09-02,143,23001,Change The Game,6,https://www.hltv.org/team/13175/change-the-game
2025-09-02,144,20521,Galorys,6,https://www.hltv.org/team/12677/galorys
2025-09-02,145,18146,The QUBE,6,https://www.hltv.org/team/12825/the-qube
2025-09-02,146,19060,FengDa,6,https://www.hltv.org/team/12899/fengda
2025-09-02,147,23542,ALLINNERS,6,https://www.hltv.org/team/12812/allinners
2025-09-02,148,147,Mousquetaires,6,https://www.hltv.org/team/13251/mousquetaires
2025-09-02,149,7935,Akimbo,6,https://www.hltv.org/team/12567/akimbo
2025-09-02,150,7131,Alter Ego,6,https://www.hltv.org/team/9958/alter-ego
2025-09-02,151,11258,Prestige,5,https://www.hltv.org/team/13159/prestige
2025-09-02,152,12588,ex-TALON,5,https://www.hltv.org/team/13212/ex-talon
2025-09-02,153,12877,Rooster,5,https://www.hltv.org/team/9881/rooster
2025-09-02,154,19617,Leo,5,https://www.hltv.org/team/11446/leo
2025-09-02,155,25298,BDB,5,https://www.hltv.org/team/13400/bdb
2025-09-02,156,20170,BIG Academy,5,https://www.hltv.org/team/10254/big-academy
2025-09-02,157,22997,BORING PLAYERS,5,https://www.hltv.org/team/12948/boring-players
2025-09-02,158,15818,UNiTY,5,https://www.hltv.org/team/12267/unity
2025-09-02,159,17846,WahWah,5,https://www.hltv.org/team/11878/wahwah
2025-09-02,160,18090,Aether,5,https://www.hltv.org/team/12908/aether
2025-09-02,161,23545,ASTRAL,5,https://www.hltv.org/team/13333/astral
2025-09-02,162,9214,FULL SEND,5,https://www.hltv.org/team/9842/full-send
2025-09-02,163,10722,Just Swing,5,https://www.hltv.org/team/13053/just-swing
2025-09-02,164,6553,Players,5,https://www.hltv.org/team/11711/players
2025-09-02,165,22364,Yawara,5,https://www.hltv.org/team/11933/yawara
2025-09-02,166,23906,WDNMD,5,https://www.hltv.org/team/11544/wdnmd
2025-09-02,167,10838,StragaSonhoS,4,https://www.hltv.org/team/13349/stragasonhos
2025-09-02,168,22794,Take Flyte,4,https://www.hltv.org/team/11660/take-flyte
2025-09-02,169,23316,modeame,4,https://www.hltv.org/team/13290/modeame
2025-09-02,170,18442,Arrival Seven,4,https://www.hltv.org/team/13353/arrival-seven
2025-09-02,171,23480,Famalicão,4,https://www.hltv.org/team/13364/famalico
2025-09-02,172,11013,WOPA,4,https://www.hltv.org/team/12787/wopa
2025-09-02,173,20033,Volt,4,https://www.hltv.org/team/13090/volt
2025-09-02,174,21575,HEROIC Academy,4,https://www.hltv.org/team/13233/heroic-academy
2025-09-02,175,14954,Animus Victoria,4,https://www.hltv.org/team/13316/animus-victoria
2025-09-02,176,18989,DEPO,4,https://www.hltv.org/team/12536/depo
2025-09-02,177,10499,R2,4,https://www.hltv.org/team/13327/r2
2025-09-02,178,8503,Mythic,4,https://www.hltv.org/team/5479/mythic
2025-09-02,179,11215,MIBR fe,4,https://www.hltv.org/team/10975/mibr-fe
2025-09-02,180,19297,RUSTEC,4,https://www.hltv.org/team/12834/rustec
2025-09-02,181,20529,KZG,4,https://www.hltv.org/team/12152/kzg
2025-09-02,182,20815,8Sins,4,https://www.hltv.org/team/13024/8sins
2025-09-02,183,21930,ENCE Academy,3,https://www.hltv.org/team/11790/ence-academy
2025-09-02,184,16865,Wanted Goons,3,https://www.hltv.org/team/12971/wanted-goons
2025-09-02,185,9353,Fire Flux,3,https://www.hltv.org/team/12960/fire-flux
2025-09-02,186,22810,MASONIC,3,https://www.hltv.org/team/10867/masonic
2025-09-02,187,17656,Dripmen,3,https://www.hltv.org/team/11553/dripmen
2025-09-02,188,16902,Outfit 49,3,https://www.hltv.org/team/13294/outfit-49
2025-09-02,189,17997,LaChampionsLiga,3,https://www.hltv.org/team/12789/lachampionsliga
2025-09-02,190,12758,Imperial Valkyries,3,https://www.hltv.org/team/12828/imperial-valkyries
2025-09-02,191,22863,BRUTE,3,https://www.hltv.org/team/9139/brute
2025-09-02,192,17117,SKYFURY,3,https://www.hltv.org/team/12982/skyfury
2025-09-02,193,4829,Inner Circle,3,https://www.hltv.org/team/13117/inner-circle
2025-09-02,194,10611,Kitsune,3,https://www.hltv.org/team/12684/kitsune
2025-09-02,195,12872,Ground Zero,3,https://www.hltv.org/team/8536/ground-zero
2025-09-02,196,16581,Shimmer,3,https://www.hltv.org/team/12190/shimmer
2025-09-02,197,20029,MIBR Academy,3,https://www.hltv.org/team/3044/mibr-academy
2025-09-02,198,16167,ScarX,3,https://www.hltv.org/team/13217/scarx
2025-09-02,199,9108,Mindfreak,3,https://www.hltv.org/team/11668/mindfreak
2025-09-02,200,22814,XI,3,https://www.hltv.org/team/8947/xi
2025-09-02,201,21038,Crashers,3,https://www.hltv.org/team/6788/crashers
2025-09-02,202,20281,Anonymo,3,https://www.hltv.org/team/10973/anonymo
2025-09-02,203,9144,FURY,3,https://www.hltv.org/team/10299/fury
2025-09-02,204,19171,INFINITE,3,https://www.hltv.org/team/10823/infinite
2025-09-02,205,1656,Nemesis Impact,3,https://www.hltv.org/team/13405/nemesis-impact
2025-09-02,206,19028,TSG,2,https://www.hltv.org/team/13328/tsg
2025-09-02,207,22035,Lazer Cats,2,https://www.hltv.org/team/12087/lazer-cats
2025-09-02,208,15588,Legion,2,https://www.hltv.org/team/10287/legion
2025-09-02,209,17642,Wave,2,https://www.hltv.org/team/13014/wave
2025-09-02,210,22740,Lithuanian Wolves,2,https://www.hltv.org/team/13182/lithuanian-wolves
2025-09-02,211,21775,Glitchtech,2,https://www.hltv.org/team/13285/glitchtech
2025-09-02,212,20006,HAVENs,2,https://www.hltv.org/team/12855/havens
2025-09-02,213,17071,Nocturnal,2,https://www.hltv.org/team/13398/nocturnal
2025-09-02,214,11532,JERSA,2,https://www.hltv.org/team/13302/jersa
2025-09-02,215,24298,Bad Luck,2,https://www.hltv.org/team/13342/bad-luck
2025-09-02,216,16343,Messitas,2,https://www.hltv.org/team/13144/messitas
2025-09-02,217,13298,Fisher College,2,https://www.hltv.org/team/12769/fisher-college
2025-09-02,218,20582,DOG,2,https://www.hltv.org/team/13317/dog
2025-09-02,219,22028,Overpeek,2,https://www.hltv.org/team/13391/overpeek
2025-09-02,220,8640,Ghost,2,https://www.hltv.org/team/7801/ghost
2025-09-02,221,24089,paiN Academy,2,https://www.hltv.org/team/11905/pain-academy
2025-09-02,222,15525,Lotus fe,2,https://www.hltv.org/team/12702/lotus-fe
2025-09-02,223,21849,BIG EQUIPA,2,https://www.hltv.org/team/11718/big-equipa
2025-09-02,224,8635,Black Mold,2,https://www.hltv.org/team/13143/black-mold
2025-09-02,225,22092,888aura,2,https://www.hltv.org/team/13383/888aura
2025-09-02,226,8850,FlyQuest RED,2,https://www.hltv.org/team/12301/flyquest-red
2025-09-02,227,19998,Atrix,1,https://www.hltv.org/team/12533/atrix
2025-09-02,228,21761,justWgirls,1,https://www.hltv.org/team/13389/justwgirls
2025-09-02,229,21988,MOUZ NXT,1,https://www.hltv.org/team/11176/mouz-nxt
2025-09-02,230,9238,thekillaz fe,1,https://www.hltv.org/team/12912/thekillaz-fe
2025-09-02,231,18773,Flame Sharks fe,1,https://www.hltv.org/team/13406/flame-sharks-fe
2025-09-02,232,12736,Bärendienst,1,https://www.hltv.org/team/13299/brendienst
2025-09-02,233,24043,seoul,1,https://www.hltv.org/team/13194/seoul
2025-09-02,234,1572,NIP Impact,1,https://www.hltv.org/team/11917/nip-impact
2025-09-02,235,24310,XDM,1,https://www.hltv.org/team/13242/xdm
2025-09-02,236,17293,Flame Sharks,1,https://www.hltv.org/team/13387/flame-sharks
2025-09-02,237,21213,BASEMENT BOYS,1,https://www.hltv.org/team/13181/basement-boys
2025-09-02,238,11872,FURIA fe,1,https://www.hltv.org/team/10976/furia-fe
2025-09-02,239,23224,Zomblers,1,https://www.hltv.org/team/12164/zomblers
2025-09-02,240,17644,Rounds,1,https://www.hltv.org/team/12457/rounds
2025-09-02,241,24024,GENESIS,1,https://www.hltv.org/team/13076/genesis
2025-09-02,242,25194,drosselfamily,1,https://www.hltv.org/team/13334/drosselfamily
2025-09-02,243,23050,AKA HERO KAJO,1,https://www.hltv.org/team/13142/aka-hero-kajo
2025-09-02,244,9616,MINLATE,1,https://www.hltv.org/team/6626/minlate
2025-09-02,245,23997,MAGICOS,1,https://www.hltv.org/team/13265/magicos
2025-09-02,246,17210,Full House,1,https://www.hltv.org/team/13295/full-house
2025-09-02,247,22889,wwaves,1,https://www.hltv.org/team/13381/wwaves
2025-09-02,248,20503,Quem Sao Elas,1,https://www.hltv.org/team/11756/quem-sao-elas
2025-09-02,249,22498,Sangal Academy,1,https://www.hltv.org/team/13301/sangal-academy
2025-09-02,250,22972,LE-LUX,1,https://www.hltv.org/team/12731/le-lux
2025-09-02,251,24096,CSDE,1,https://www.hltv.org/team/13087/csde
2025-09-02,252,23828,RED Canids Academy,1,https://www.hltv.org/team/13029/red-canids-academy
2025-09-02,253,6536,BURN,1,https://www.hltv.org/team/13228/burn
2025-09-02,254,25321,Aurora Young Blud,1,https://www.hltv.org/team/12366/aurora-young-blud
2025-09-02,255,23533,DanCompany,1,https://www.hltv.org/team/13361/dancompany
2025-09-02,256,23355,Northern Lights,1,https://www.hltv.org/team/13049/northern-lights
2025-09-02,257,22308,X7,1,https://www.hltv.org/team/13227/x7
2025-09-02,258,14950,DXA,1,https://www.hltv.org/team/12276/dxa
2025-09-02,259,8642,Little Bocks,1,https://www.hltv.org/team/11497/little-bocks
2025-09-02,260,20993,ODDIK Academy,0,https://www.hltv.org/team/13264/oddik-academy
2025-09-02,261,20411,CSKejsaren,0,https://www.hltv.org/team/13289/cskejsaren
2025-09-02,262,21734,CAPIVARAS,0,https://www.hltv.org/team/12463/capivaras
2025-09-02,263,22110,NYX,0,https://www.hltv.org/team/13397/nyx
2025-08-25,1,7322,Vitality,961,https://www.hltv.org/team/9565/vitality
2025-08-25,2,7716,Spirit,822,https://www.hltv.org/team/7020/spirit
2025-08-25,3,20194,The MongolZ,797,https://www.hltv.org/team/6248/the-mongolz
2025-08-25,4,13666,MOUZ,666,https://www.hltv.org/team/4494/mouz
2025-08-25,5,150,Aurora,354,https://www.hltv.org/team/11861/aurora
2025-08-25,6,9816,Natus Vincere,322,https://www.hltv.org/team/4608/natus-vincere
2025-08-25,7,3741,Falcons,317,https://www.hltv.org/team/11283/falcons
2025-08-25,8,2023,FURIA,302,https://www.hltv.org/team/8297/furia
2025-08-25,9,429,FaZe,219,https://www.hltv.org/team/6667/faze
2025-08-25,10,14736,paiN,213,https://www.hltv.org/team/4773/pain
2025-08-25,11,7592,Astralis,190,https://www.hltv.org/team/6665/astralis
2025-08-25,12,8374,3DMAX,175,https://www.hltv.org/team/4914/3dmax
2025-08-25,13,3972,G2,156,https://www.hltv.org/team/5995/g2
2025-08-25,14,8552,TYLOO,150,https://www.hltv.org/team/4863/tyloo
2025-08-25,15,8918,Virtus.pro,146,https://www.hltv.org/team/5378/virtuspro
2025-08-25,16,9278,GamerLegion,137,https://www.hltv.org/team/9928/gamerlegion
2025-08-25,17,15698,Legacy,135,https://www.hltv.org/team/12468/legacy
2025-08-25,18,19310,HEROIC,128,https://www.hltv.org/team/7175/heroic
2025-08-25,19,8520,Liquid,122,https://www.hltv.org/team/5973/liquid
2025-08-25,20,16551,Lynn Vision,114,https://www.hltv.org/team/8840/lynn-vision
2025-08-25,21,922,Ninjas in Pyjamas,82,https://www.hltv.org/team/4411/ninjas-in-pyjamas
2025-08-25,22,19592,B8,75,https://www.hltv.org/team/11241/b8
2025-08-25,23,11840,BetBoom,66,https://www.hltv.org/team/12394/betboom
2025-08-25,24,630,SAW,64,https://www.hltv.org/team/10567/saw
2025-08-25,25,11154,MIBR,58,https://www.hltv.org/team/9215/mibr
2025-08-25,26,20387,Nemiga,56,https://www.hltv.org/team/7969/nemiga
2025-08-25,27,4679,FlyQuest,46,https://www.hltv.org/team/12774/flyquest
2025-08-25,28,11630,Passion UA,46,https://www.hltv.org/team/12426/passion-ua
2025-08-25,29,13602,OG,44,https://www.hltv.org/team/10503/og
2025-08-25,30,15370,M80,40,https://www.hltv.org/team/12376/m80
2025-08-25,31,22643,TNL,38,https://www.hltv.org/team/12833/tnl
2025-08-25,32,5794,BIG,37,https://www.hltv.org/team/7532/big
2025-08-25,33,8371,Iberian Soul,36,https://www.hltv.org/team/13104/iberian-soul
2025-08-25,34,7528,fnatic,35,https://www.hltv.org/team/4991/fnatic
2025-08-25,35,13776,PARIVISION,33,https://www.hltv.org/team/12467/parivision
2025-08-25,36,10961,ECSTATIC,30,https://www.hltv.org/team/11419/ecstatic
2025-08-25,37,8507,Wildcard,30,https://www.hltv.org/team/12257/wildcard
2025-08-25,38,10566,Imperial,30,https://www.hltv.org/team/9455/imperial
2025-08-25,39,20584,FUT,26,https://www.hltv.org/team/13286/fut
2025-08-25,40,7687,NRG,25,https://www.hltv.org/team/6673/nrg
2025-08-25,41,2898,9INE,25,https://www.hltv.org/team/10278/9ine
2025-08-25,42,13026,Partizan,23,https://www.hltv.org/team/11838/partizan
2025-08-25,43,12708,ENCE,22,https://www.hltv.org/team/4869/ence
2025-08-25,44,9216,ODDIK,21,https://www.hltv.org/team/11768/oddik
2025-08-25,45,7028,Rare Atom,21,https://www.hltv.org/team/11514/rare-atom
2025-08-25,46,7443,Alliance,21,https://www.hltv.org/team/12474/alliance
2025-08-25,47,13843,Sashi,21,https://www.hltv.org/team/11712/sashi
2025-08-25,48,5351,Zero Tenacity,20,https://www.hltv.org/team/11523/zero-tenacity
2025-08-25,49,7998,BC.Game,20,https://www.hltv.org/team/12878/bcgame
2025-08-25,50,12521,Fluxo,19,https://www.hltv.org/team/11837/fluxo
2025-08-25,51,19229,Chinggis Warriors,19,https://www.hltv.org/team/12646/chinggis-warriors
2025-08-25,52,3669,KOLESIE,18,https://www.hltv.org/team/13314/kolesie
2025-08-25,53,20558,Sharks,17,https://www.hltv.org/team/8113/sharks
2025-08-25,54,17316,Betera,17,https://www.hltv.org/team/12431/betera
2025-08-25,55,14494,BLUEJAYS,16,https://www.hltv.org/team/5347/bluejays
2025-08-25,56,15203,ESC,16,https://www.hltv.org/team/4532/esc
2025-08-25,57,12937,Marsborne,16,https://www.hltv.org/team/13124/marsborne
2025-08-25,58,23637,VP.Prodigy,15,https://www.hltv.org/team/10864/vpprodigy
2025-08-25,59,18752,HOTU,15,https://www.hltv.org/team/11581/hotu
2025-08-25,60,12092,9z,15,https://www.hltv.org/team/9996/9z
2025-08-25,61,9255,Johnny Speeds,14,https://www.hltv.org/team/12604/johnny-speeds
2025-08-25,62,16080,Betclic,14,https://www.hltv.org/team/12916/betclic
2025-08-25,63,13982,CYBERSHOKE,14,https://www.hltv.org/team/12380/cybershoke
2025-08-25,64,15072,The Huns,13,https://www.hltv.org/team/12510/the-huns
2025-08-25,65,16835,RED Canids,13,https://www.hltv.org/team/7176/red-canids
2025-08-25,66,11213,Flamengo,13,https://www.hltv.org/team/12065/flamengo
2025-08-25,67,19015,Monte,13,https://www.hltv.org/team/11811/monte
2025-08-25,68,3849,EYEBALLERS,13,https://www.hltv.org/team/11737/eyeballers
2025-08-25,69,9483,SELVA,12,https://www.hltv.org/team/12447/selva
2025-08-25,70,12102,LAG,12,https://www.hltv.org/team/11955/lag
2025-08-25,71,19872,ShindeN,12,https://www.hltv.org/team/12959/shinden
2025-08-25,72,2161,BESTIA,12,https://www.hltv.org/team/12144/bestia
2025-08-25,73,20956,RUBY,12,https://www.hltv.org/team/12694/ruby
2025-08-25,74,15060,Eruption,12,https://www.hltv.org/team/12097/eruption
2025-08-25,75,3459,TPuDCATb TPu,11,https://www.hltv.org/team/13297/tpudcatb-tpu
2025-08-25,76,13240,GUN5,11,https://www.hltv.org/team/12471/gun5
2025-08-25,77,13689,Chicken Coop,11,https://www.hltv.org/team/13107/chicken-coop
2025-08-25,78,22864,Spirit Academy,11,https://www.hltv.org/team/7900/spirit-academy
2025-08-25,79,1206,Nexus,11,https://www.hltv.org/team/7187/nexus
2025-08-25,80,11199,SINNERS,10,https://www.hltv.org/team/10577/sinners
2025-08-25,81,13250,BOSS,10,https://www.hltv.org/team/12534/boss
2025-08-25,82,10330,m1x,10,https://www.hltv.org/team/7376/m1x
2025-08-25,83,6593,2GAME,10,https://www.hltv.org/team/12491/2game
2025-08-25,84,16753,CPH Wolves,10,https://www.hltv.org/team/4548/cph-wolves
2025-08-25,85,20071,Reason,10,https://www.hltv.org/team/4822/reason
2025-08-25,86,14744,InControl,10,https://www.hltv.org/team/7720/incontrol
2025-08-25,87,13669,Metizport,10,https://www.hltv.org/team/11641/metizport
2025-08-25,88,12004,Sangal,10,https://www.hltv.org/team/10333/sangal
2025-08-25,89,21574,AaB,10,https://www.hltv.org/team/9621/aab
2025-08-25,90,10449,JiJieHao,10,https://www.hltv.org/team/10245/jijiehao
2025-08-25,91,8575,Eternal Fire,10,https://www.hltv.org/team/11251/eternal-fire
2025-08-25,92,18554,Dusty Roots,10,https://www.hltv.org/team/12548/dusty-roots
2025-08-25,93,9482,ex-W7M,9,https://www.hltv.org/team/13288/ex-w7m
2025-08-25,94,9766,500,9,https://www.hltv.org/team/12000/500
2025-08-25,95,20336,HAWAII,9,https://www.hltv.org/team/13378/hawaii
2025-08-25,96,9221,KRÜ,9,https://www.hltv.org/team/10900/kr
2025-08-25,97,8429,hypewrld,9,https://www.hltv.org/team/12570/hypewrld
2025-08-25,98,20199,SPARTA,9,https://www.hltv.org/team/13214/sparta
2025-08-25,99,15062,IHC,8,https://www.hltv.org/team/11585/ihc
2025-08-25,100,8891,Tricked,8,https://www.hltv.org/team/4602/tricked
2025-08-25,101,10892,Getting Info,8,https://www.hltv.org/team/13106/getting-info
2025-08-25,102,23136,ASPYRE,8,https://www.hltv.org/team/13358/aspyre
2025-08-25,103,14394,Bounty Hunters,8,https://www.hltv.org/team/12776/bounty-hunters
2025-08-25,104,9896,kONO,8,https://www.hltv.org/team/12858/kono
2025-08-25,105,12956,NomadS,8,https://www.hltv.org/team/12900/nomads
2025-08-25,106,10827,GameHunters,8,https://www.hltv.org/team/12988/gamehunters
2025-08-25,107,18447,ARCRED,8,https://www.hltv.org/team/10459/arcred
2025-08-25,108,2131,FAVBET,8,https://www.hltv.org/team/12818/favbet
2025-08-25,109,21367,FORZE Reload,7,https://www.hltv.org/team/12857/forze-reload
2025-08-25,110,11139,SemperFi,7,https://www.hltv.org/team/12901/semperfi
2025-08-25,111,8528,1win,7,https://www.hltv.org/team/10621/1win
2025-08-25,112,7775,fish123,7,https://www.hltv.org/team/6298/fish123
2025-08-25,113,18510,Insilio,7,https://www.hltv.org/team/12124/insilio
2025-08-25,114,17561,UR,7,https://www.hltv.org/team/13116/ur
2025-08-25,115,20711,KHAN,7,https://www.hltv.org/team/11175/khan
2025-08-25,116,23440,shinigami,7,https://www.hltv.org/team/12420/shinigami
2025-08-25,117,21331,GenOne,7,https://www.hltv.org/team/11609/genone
2025-08-25,118,147,Mousquetaires,7,https://www.hltv.org/team/13251/mousquetaires
2025-08-25,119,22476,QMISTRY,7,https://www.hltv.org/team/13245/qmistry
2025-08-25,120,18783,hindsight,7,https://www.hltv.org/team/13395/hindsight
2025-08-25,121,16847,Wildcard Academy,7,https://www.hltv.org/team/13127/wildcard-academy
2025-08-25,122,20421,Leo,7,https://www.hltv.org/team/11446/leo
2025-08-25,123,12777,MANA,6,https://www.hltv.org/team/13310/mana
2025-08-25,124,9911,ECLOT,6,https://www.hltv.org/team/7441/eclot
2025-08-25,125,22176,SENZA,6,https://www.hltv.org/team/13352/senza
2025-08-25,126,15732,Bushido Wildcats,6,https://www.hltv.org/team/13281/bushido-wildcats
2025-08-25,127,19962,Nuclear TigeRES,6,https://www.hltv.org/team/13027/nuclear-tigeres
2025-08-25,128,20883,Hesta,6,https://www.hltv.org/team/13153/hesta
2025-08-25,129,11258,Prestige,6,https://www.hltv.org/team/13159/prestige
2025-08-25,130,21575,HEROIC Academy,6,https://www.hltv.org/team/13233/heroic-academy
2025-08-25,131,16392,TNC,6,https://www.hltv.org/team/13403/tnc
2025-08-25,132,17324,anything else,6,https://www.hltv.org/team/13206/anything-else
2025-08-25,133,20502,Peekaboo,6,https://www.hltv.org/team/13393/peekaboo
2025-08-25,134,22136,ENERGYULTRA,6,https://www.hltv.org/team/12253/energyultra
2025-08-25,135,8605,TBO,6,https://www.hltv.org/team/13354/tbo
2025-08-25,136,20129,way2go,5,https://www.hltv.org/team/13080/way2go
2025-08-25,137,20273,Legacy Kingdom,5,https://www.hltv.org/team/13356/legacy-kingdom
2025-08-25,138,23001,Change The Game,5,https://www.hltv.org/team/13175/change-the-game
2025-08-25,139,19173,G2 Ares,5,https://www.hltv.org/team/12889/g2-ares
2025-08-25,140,20521,Galorys,5,https://www.hltv.org/team/12677/galorys
2025-08-25,141,14273,AMKAL,5,https://www.hltv.org/team/12586/amkal
2025-08-25,142,23906,WDNMD,5,https://www.hltv.org/team/11544/wdnmd
2025-08-25,143,7131,Alter Ego,5,https://www.hltv.org/team/9958/alter-ego
2025-08-25,144,13679,ALGO,5,https://www.hltv.org/team/13163/algo
2025-08-25,145,11278,Phantom,5,https://www.hltv.org/team/13173/phantom
2025-08-25,146,12588,ex-TALON,5,https://www.hltv.org/team/13212/ex-talon
2025-08-25,147,25298,BDB,5,https://www.hltv.org/team/13400/bdb
2025-08-25,148,10828,Players,5,https://www.hltv.org/team/11711/players
2025-08-25,149,19575,K27,5,https://www.hltv.org/team/12895/k27
2025-08-25,150,9214,FULL SEND,5,https://www.hltv.org/team/9842/full-send
2025-08-25,151,20170,BIG Academy,5,https://www.hltv.org/team/10254/big-academy
2025-08-25,152,12877,Rooster,5,https://www.hltv.org/team/9881/rooster
2025-08-25,153,15818,UNiTY,5,https://www.hltv.org/team/12267/unity
2025-08-25,154,18090,Aether,5,https://www.hltv.org/team/12908/aether
2025-08-25,155,7935,Akimbo,4,https://www.hltv.org/team/12567/akimbo
2025-08-25,156,22794,Take Flyte,4,https://www.hltv.org/team/11660/take-flyte
2025-08-25,157,23545,ASTRAL,4,https://www.hltv.org/team/13333/astral
2025-08-25,158,11940,NOVAQ,4,https://www.hltv.org/team/13178/novaq
2025-08-25,159,20054,Rhyno,4,https://www.hltv.org/team/10947/rhyno
2025-08-25,160,22364,Yawara,4,https://www.hltv.org/team/11933/yawara
2025-08-25,161,18146,The QUBE,4,https://www.hltv.org/team/12825/the-qube
2025-08-25,162,10838,StragaSonhoS,4,https://www.hltv.org/team/13349/stragasonhos
2025-08-25,163,22997,BORING PLAYERS,4,https://www.hltv.org/team/12948/boring-players
2025-08-25,164,18442,Arrival Seven,4,https://www.hltv.org/team/13353/arrival-seven
2025-08-25,165,23480,Famalicão,4,https://www.hltv.org/team/13364/famalico
2025-08-25,166,19060,FengDa,4,https://www.hltv.org/team/12899/fengda
2025-08-25,167,9353,Fire Flux,4,https://www.hltv.org/team/12960/fire-flux
2025-08-25,168,3329,Lilmix,4,https://www.hltv.org/team/9735/lilmix
2025-08-25,169,19297,RUSTEC,4,https://www.hltv.org/team/12834/rustec
2025-08-25,170,20033,Volt,4,https://www.hltv.org/team/13090/volt
2025-08-25,171,20258,Kaleido,4,https://www.hltv.org/team/13331/kaleido
2025-08-25,172,11013,WOPA,3,https://www.hltv.org/team/12787/wopa
2025-08-25,173,10499,R2,3,https://www.hltv.org/team/13327/r2
2025-08-25,174,8503,Mythic,3,https://www.hltv.org/team/5479/mythic
2025-08-25,175,11215,MIBR fe,3,https://www.hltv.org/team/10975/mibr-fe
2025-08-25,176,15573,HyperSpirit,3,https://www.hltv.org/team/13012/hyperspirit
2025-08-25,177,20815,8Sins,3,https://www.hltv.org/team/13024/8sins
2025-08-25,178,22810,MASONIC,3,https://www.hltv.org/team/10867/masonic
2025-08-25,179,23316,modeame,3,https://www.hltv.org/team/13290/modeame
2025-08-25,180,14954,Animus Victoria,3,https://www.hltv.org/team/13316/animus-victoria
2025-08-25,181,16865,Wanted Goons,3,https://www.hltv.org/team/12971/wanted-goons
2025-08-25,182,12758,Imperial Valkyries,3,https://www.hltv.org/team/12828/imperial-valkyries
2025-08-25,183,17656,Dripmen,3,https://www.hltv.org/team/11553/dripmen
2025-08-25,184,16902,Outfit 49,3,https://www.hltv.org/team/13294/outfit-49
2025-08-25,185,16811,Young Ninjas,3,https://www.hltv.org/team/10960/young-ninjas
2025-08-25,186,20529,KZG,3,https://www.hltv.org/team/12152/kzg
2025-08-25,187,22863,BRUTE,3,https://www.hltv.org/team/9139/brute
2025-08-25,188,4829,Inner Circle,3,https://www.hltv.org/team/13117/inner-circle
2025-08-25,189,9108,Mindfreak,3,https://www.hltv.org/team/11668/mindfreak
2025-08-25,190,17450,Nordix,3,https://www.hltv.org/team/12766/nordix
2025-08-25,191,12872,Ground Zero,3,https://www.hltv.org/team/8536/ground-zero
2025-08-25,192,16581,Shimmer,3,https://www.hltv.org/team/12190/shimmer
2025-08-25,193,20029,MIBR Academy,3,https://www.hltv.org/team/3044/mibr-academy
2025-08-25,194,16167,ScarX,3,https://www.hltv.org/team/13217/scarx
2025-08-25,195,20281,Anonymo,3,https://www.hltv.org/team/10973/anonymo
2025-08-25,196,9144,FURY,3,https://www.hltv.org/team/10299/fury
2025-08-25,197,21930,ENCE Academy,2,https://www.hltv.org/team/11790/ence-academy
2025-08-25,198,17117,SKYFURY,2,https://www.hltv.org/team/12982/skyfury
2025-08-25,199,10722,Just Swing,2,https://www.hltv.org/team/13053/just-swing
2025-08-25,200,1656,Zerance,2,https://www.hltv.org/team/13271/zerance
2025-08-25,201,15588,Legion,2,https://www.hltv.org/team/10287/legion
2025-08-25,202,19664,Ursa,2,https://www.hltv.org/team/13231/ursa
2025-08-25,203,19028,TSG,2,https://www.hltv.org/team/13328/tsg
2025-08-25,204,21038,Crashers,2,https://www.hltv.org/team/6788/crashers
2025-08-25,205,22035,Lazer Cats,2,https://www.hltv.org/team/12087/lazer-cats
2025-08-25,206,17997,LaChampionsLiga,2,https://www.hltv.org/team/12789/lachampionsliga
2025-08-25,207,17642,Wave,2,https://www.hltv.org/team/13014/wave
2025-08-25,208,22740,Lithuanian Wolves,2,https://www.hltv.org/team/13182/lithuanian-wolves
2025-08-25,209,21775,Glitchtech,2,https://www.hltv.org/team/13285/glitchtech
2025-08-25,210,20006,HAVENs,2,https://www.hltv.org/team/12855/havens
2025-08-25,211,17071,Nocturnal,2,https://www.hltv.org/team/13398/nocturnal
2025-08-25,212,11532,JERSA,2,https://www.hltv.org/team/13302/jersa
2025-08-25,213,24298,Bad Luck,2,https://www.hltv.org/team/13342/bad-luck
2025-08-25,214,16343,Messitas,2,https://www.hltv.org/team/13144/messitas
2025-08-25,215,13298,Fisher College,2,https://www.hltv.org/team/12769/fisher-college
2025-08-25,216,20582,DOG,2,https://www.hltv.org/team/13317/dog
2025-08-25,217,22028,Overpeek,2,https://www.hltv.org/team/13391/overpeek
2025-08-25,218,8640,Ghost,2,https://www.hltv.org/team/7801/ghost
2025-08-25,219,24089,paiN Academy,1,https://www.hltv.org/team/11905/pain-academy
2025-08-25,220,15525,Lotus fe,1,https://www.hltv.org/team/12702/lotus-fe
2025-08-25,221,21849,BIG EQUIPA,1,https://www.hltv.org/team/11718/big-equipa
2025-08-25,222,8635,Black Mold,1,https://www.hltv.org/team/13143/black-mold
2025-08-25,223,22092,888aura,1,https://www.hltv.org/team/13383/888aura
2025-08-25,224,8850,FlyQuest RED,1,https://www.hltv.org/team/12301/flyquest-red
2025-08-25,225,19998,Atrix,1,https://www.hltv.org/team/12533/atrix
2025-08-25,226,21761,justWgirls,1,https://www.hltv.org/team/13389/justwgirls
2025-08-25,227,21988,MOUZ NXT,1,https://www.hltv.org/team/11176/mouz-nxt
2025-08-25,228,9238,thekillaz fe,1,https://www.hltv.org/team/12912/thekillaz-fe
2025-08-25,229,15762,Victores Sumus,1,https://www.hltv.org/team/12929/victores-sumus
2025-08-25,230,23252,QUAZAR,1,https://www.hltv.org/team/11312/quazar
2025-08-25,231,18773,Needachance,1,https://www.hltv.org/team/13385/needachance
2025-08-25,232,12736,Bärendienst,1,https://www.hltv.org/team/13299/brendienst
2025-08-25,233,20946,BAKS,1,https://www.hltv.org/team/11699/baks
2025-08-25,234,1572,NIP Impact,1,https://www.hltv.org/team/11917/nip-impact
2025-08-25,235,24043,seoul,1,https://www.hltv.org/team/13194/seoul
2025-08-25,236,24310,XDM,1,https://www.hltv.org/team/13242/xdm
2025-08-25,237,23741,Northern Lights,1,https://www.hltv.org/team/13049/northern-lights
2025-08-25,238,17293,Flame Sharks,1,https://www.hltv.org/team/13387/flame-sharks
2025-08-25,239,12237,XP Academy,1,https://www.hltv.org/team/13287/xp-academy
2025-08-25,240,21213,BASEMENT BOYS,1,https://www.hltv.org/team/13181/basement-boys
2025-08-25,241,11872,FURIA fe,1,https://www.hltv.org/team/10976/furia-fe
2025-08-25,242,23224,Zomblers,1,https://www.hltv.org/team/12164/zomblers
2025-08-25,243,17644,Rounds,1,https://www.hltv.org/team/12457/rounds
2025-08-25,244,24024,GENESIS,1,https://www.hltv.org/team/13076/genesis
2025-08-25,245,25194,drosselfamily,1,https://www.hltv.org/team/13334/drosselfamily
2025-08-25,246,23050,AKA HERO KAJO,1,https://www.hltv.org/team/13142/aka-hero-kajo
2025-08-25,247,22498,Sangal Academy,1,https://www.hltv.org/team/13301/sangal-academy
2025-08-25,248,9616,MINLATE,1,https://www.hltv.org/team/6626/minlate
2025-08-25,249,23997,MAGICOS,1,https://www.hltv.org/team/13265/magicos
2025-08-25,250,17210,Full House,1,https://www.hltv.org/team/13295/full-house
2025-08-25,251,22889,wwaves,1,https://www.hltv.org/team/13381/wwaves
2025-08-25,252,20503,Quem Sao Elas,1,https://www.hltv.org/team/11756/quem-sao-elas
2025-08-25,253,23828,RED Canids Academy,1,https://www.hltv.org/team/13029/red-canids-academy
2025-08-25,254,22972,LE-LUX,1,https://www.hltv.org/team/12731/le-lux
2025-08-25,255,24096,CSDE,1,https://www.hltv.org/team/13087/csde
2025-08-25,256,6536,BURN,1,https://www.hltv.org/team/13228/burn
2025-08-25,257,23533,DanCompany,1,https://www.hltv.org/team/13361/dancompany
2025-08-25,258,22308,X7,1,https://www.hltv.org/team/13227/x7
2025-08-25,259,14950,DXA,1,https://www.hltv.org/team/12276/dxa
2025-08-25,260,8642,Little Bocks,1,https://www.hltv.org/team/11497/little-bocks
2025-08-25,261,20411,CSKejsaren,0,https://www.hltv.org/team/13289/cskejsaren
2025-08-25,262,21734,CAPIVARAS,0,https://www.hltv.org/team/12463/capivaras
2025-08-25,263,15831,SAW Myst,0,https://www.hltv.org/team/13140/saw-myst
2025-08-25,264,22110,NYX,0,https://www.hltv.org/team/13397/nyx
2025-08-18,1,7322,Vitality,944,https://www.hltv.org/team/9565/vitality
2025-08-18,2,7716,Spirit,850,https://www.hltv.org/team/7020/spirit
2025-08-18,3,13666,MOUZ,667,https://www.hltv.org/team/4494/mouz
2025-08-18,4,20194,The MongolZ,616,https://www.hltv.org/team/6248/the-mongolz
2025-08-18,5,9816,Natus Vincere,332,https://www.hltv.org/team/4608/natus-vincere
2025-08-18,6,2023,FURIA,297,https://www.hltv.org/team/8297/furia
2025-08-18,7,429,FaZe,267,https://www.hltv.org/team/6667/faze
2025-08-18,8,150,Aurora,242,https://www.hltv.org/team/11861/aurora
2025-08-18,9,3741,Falcons,231,https://www.hltv.org/team/11283/falcons
2025-08-18,10,14736,paiN,207,https://www.hltv.org/team/4773/pain
2025-08-18,11,7592,Astralis,188,https://www.hltv.org/team/6665/astralis
2025-08-18,12,3972,G2,161,https://www.hltv.org/team/5995/g2
2025-08-18,13,9278,GamerLegion,153,https://www.hltv.org/team/9928/gamerlegion
2025-08-18,14,8374,3DMAX,147,https://www.hltv.org/team/4914/3dmax
2025-08-18,15,8918,Virtus.pro,141,https://www.hltv.org/team/5378/virtuspro
2025-08-18,16,8520,Liquid,138,https://www.hltv.org/team/5973/liquid
2025-08-18,17,15698,Legacy,129,https://www.hltv.org/team/12468/legacy
2025-08-18,18,8552,TYLOO,119,https://www.hltv.org/team/4863/tyloo
2025-08-18,19,16551,Lynn Vision,108,https://www.hltv.org/team/8840/lynn-vision
2025-08-18,20,19310,HEROIC,88,https://www.hltv.org/team/7175/heroic
2025-08-18,21,922,Ninjas in Pyjamas,79,https://www.hltv.org/team/4411/ninjas-in-pyjamas
2025-08-18,22,19592,B8,71,https://www.hltv.org/team/11241/b8
2025-08-18,23,630,SAW,61,https://www.hltv.org/team/10567/saw
2025-08-18,24,11154,MIBR,58,https://www.hltv.org/team/9215/mibr
2025-08-18,25,11840,BetBoom,57,https://www.hltv.org/team/12394/betboom
2025-08-18,26,11630,Complexity,54,https://www.hltv.org/team/5005/complexity
2025-08-18,27,20387,Nemiga,52,https://www.hltv.org/team/7969/nemiga
2025-08-18,28,4679,FlyQuest,47,https://www.hltv.org/team/12774/flyquest
2025-08-18,29,5794,BIG,42,https://www.hltv.org/team/7532/big
2025-08-18,30,13602,OG,41,https://www.hltv.org/team/10503/og
2025-08-18,31,15370,M80,38,https://www.hltv.org/team/12376/m80
2025-08-18,32,7528,fnatic,37,https://www.hltv.org/team/4991/fnatic
2025-08-18,33,8371,Iberian Soul,35,https://www.hltv.org/team/13104/iberian-soul
2025-08-18,34,22643,TNL,35,https://www.hltv.org/team/12833/tnl
2025-08-18,35,14176,FUT,30,https://www.hltv.org/team/13286/fut
2025-08-18,36,13776,PARIVISION,30,https://www.hltv.org/team/12467/parivision
2025-08-18,37,10566,Imperial,29,https://www.hltv.org/team/9455/imperial
2025-08-18,38,10961,ECSTATIC,28,https://www.hltv.org/team/11419/ecstatic
2025-08-18,39,8507,Wildcard,27,https://www.hltv.org/team/12257/wildcard
2025-08-18,40,13026,Partizan,26,https://www.hltv.org/team/11838/partizan
2025-08-18,41,12708,ENCE,24,https://www.hltv.org/team/4869/ence
2025-08-18,42,2898,9INE,24,https://www.hltv.org/team/10278/9ine
2025-08-18,43,7687,NRG,24,https://www.hltv.org/team/6673/nrg
2025-08-18,44,9216,ODDIK,20,https://www.hltv.org/team/11768/oddik
2025-08-18,45,7028,Rare Atom,19,https://www.hltv.org/team/11514/rare-atom
2025-08-18,46,13843,Sashi,18,https://www.hltv.org/team/11712/sashi
2025-08-18,47,19229,Chinggis Warriors,18,https://www.hltv.org/team/12646/chinggis-warriors
2025-08-18,48,7443,Alliance,17,https://www.hltv.org/team/12474/alliance
2025-08-18,49,3669,KOLESIE,17,https://www.hltv.org/team/13314/kolesie
2025-08-18,50,5351,Zero Tenacity,17,https://www.hltv.org/team/11523/zero-tenacity
2025-08-18,51,20558,Sharks,16,https://www.hltv.org/team/8113/sharks
2025-08-18,52,12521,Fluxo,16,https://www.hltv.org/team/11837/fluxo
2025-08-18,53,1206,Nexus,15,https://www.hltv.org/team/7187/nexus
2025-08-18,54,18752,HOTU,15,https://www.hltv.org/team/11581/hotu
2025-08-18,55,17316,Betera,15,https://www.hltv.org/team/12431/betera
2025-08-18,56,14494,BLUEJAYS,14,https://www.hltv.org/team/5347/bluejays
2025-08-18,57,13982,CYBERSHOKE,14,https://www.hltv.org/team/12380/cybershoke
2025-08-18,58,12937,Marsborne,14,https://www.hltv.org/team/13124/marsborne
2025-08-18,59,16080,Betclic,14,https://www.hltv.org/team/12916/betclic
2025-08-18,60,12092,9z,14,https://www.hltv.org/team/9996/9z
2025-08-18,61,9255,Johnny Speeds,14,https://www.hltv.org/team/12604/johnny-speeds
2025-08-18,62,15203,ESC,13,https://www.hltv.org/team/4532/esc
2025-08-18,63,7998,BC.Game,13,https://www.hltv.org/team/12878/bcgame
2025-08-18,64,23637,VP.Prodigy,13,https://www.hltv.org/team/10864/vpprodigy
2025-08-18,65,3459,TPuDCATb TPu,12,https://www.hltv.org/team/13297/tpudcatb-tpu
2025-08-18,66,15072,The Huns,12,https://www.hltv.org/team/12510/the-huns
2025-08-18,67,16835,RED Canids,12,https://www.hltv.org/team/7176/red-canids
2025-08-18,68,12004,Sangal,12,https://www.hltv.org/team/10333/sangal
2025-08-18,69,9483,SELVA,12,https://www.hltv.org/team/12447/selva
2025-08-18,70,20956,RUBY,11,https://www.hltv.org/team/12694/ruby
2025-08-18,71,2161,BESTIA,11,https://www.hltv.org/team/12144/bestia
2025-08-18,72,11213,Flamengo,11,https://www.hltv.org/team/12065/flamengo
2025-08-18,73,15060,Eruption,11,https://www.hltv.org/team/12097/eruption
2025-08-18,74,3849,EYEBALLERS,11,https://www.hltv.org/team/11737/eyeballers
2025-08-18,75,19872,ShindeN,11,https://www.hltv.org/team/12959/shinden
2025-08-18,76,17622,LAG,11,https://www.hltv.org/team/11955/lag
2025-08-18,77,11199,SINNERS,10,https://www.hltv.org/team/10577/sinners
2025-08-18,78,13240,GUN5,10,https://www.hltv.org/team/12471/gun5
2025-08-18,79,18554,Dusty Roots,10,https://www.hltv.org/team/12548/dusty-roots
2025-08-18,80,10449,JiJieHao,10,https://www.hltv.org/team/10245/jijiehao
2025-08-18,81,19015,Monte,10,https://www.hltv.org/team/11811/monte
2025-08-18,82,10330,m1x,10,https://www.hltv.org/team/7376/m1x
2025-08-18,83,13689,Chicken Coop,10,https://www.hltv.org/team/13107/chicken-coop
2025-08-18,84,6593,2GAME,10,https://www.hltv.org/team/12491/2game
2025-08-18,85,20071,Reason,10,https://www.hltv.org/team/4822/reason
2025-08-18,86,14744,InControl,9,https://www.hltv.org/team/7720/incontrol
2025-08-18,87,16753,CPH Wolves,9,https://www.hltv.org/team/4548/cph-wolves
2025-08-18,88,22864,Spirit Academy,9,https://www.hltv.org/team/7900/spirit-academy
2025-08-18,89,21574,AaB,9,https://www.hltv.org/team/9621/aab
2025-08-18,90,9766,500,9,https://www.hltv.org/team/12000/500
2025-08-18,91,8891,Tricked,9,https://www.hltv.org/team/4602/tricked
2025-08-18,92,13250,BOSS,9,https://www.hltv.org/team/12534/boss
2025-08-18,93,15062,IHC,9,https://www.hltv.org/team/11585/ihc
2025-08-18,94,9482,ex-W7M,9,https://www.hltv.org/team/13288/ex-w7m
2025-08-18,95,9896,kONO,9,https://www.hltv.org/team/12858/kono
2025-08-18,96,20336,HAWAII,9,https://www.hltv.org/team/13378/hawaii
2025-08-18,97,13669,Metizport,8,https://www.hltv.org/team/11641/metizport
2025-08-18,98,9221,KRÜ,8,https://www.hltv.org/team/10900/kr
2025-08-18,99,8429,hypewrld,8,https://www.hltv.org/team/12570/hypewrld
2025-08-18,100,2131,FAVBET,8,https://www.hltv.org/team/12818/favbet
2025-08-18,101,19173,G2 Ares,8,https://www.hltv.org/team/12889/g2-ares
2025-08-18,102,18510,Insilio,7,https://www.hltv.org/team/12124/insilio
2025-08-18,103,14394,Bounty Hunters,7,https://www.hltv.org/team/12776/bounty-hunters
2025-08-18,104,20421,Leo,7,https://www.hltv.org/team/11446/leo
2025-08-18,105,20199,SPARTA,7,https://www.hltv.org/team/13214/sparta
2025-08-18,106,12956,NomadS,7,https://www.hltv.org/team/12900/nomads
2025-08-18,107,10827,GameHunters,7,https://www.hltv.org/team/12988/gamehunters
2025-08-18,108,17561,UR,7,https://www.hltv.org/team/13116/ur
2025-08-18,109,8575,Eternal Fire,7,https://www.hltv.org/team/11251/eternal-fire
2025-08-18,110,10892,Getting Info,7,https://www.hltv.org/team/13106/getting-info
2025-08-18,111,11139,SemperFi,7,https://www.hltv.org/team/12901/semperfi
2025-08-18,112,12777,MANA,7,https://www.hltv.org/team/13310/mana
2025-08-18,113,7775,fish123,7,https://www.hltv.org/team/6298/fish123
2025-08-18,114,21367,FORZE Reload,6,https://www.hltv.org/team/12857/forze-reload
2025-08-18,115,18447,ARCRED,6,https://www.hltv.org/team/10459/arcred
2025-08-18,116,147,Mousquetaires,6,https://www.hltv.org/team/13251/mousquetaires
2025-08-18,117,22476,QMISTRY,6,https://www.hltv.org/team/13245/qmistry
2025-08-18,118,21331,GenOne,6,https://www.hltv.org/team/11609/genone
2025-08-18,119,23136,ASPYRE,6,https://www.hltv.org/team/13358/aspyre
2025-08-18,120,22176,SENZA,6,https://www.hltv.org/team/13352/senza
2025-08-18,121,9911,ECLOT,6,https://www.hltv.org/team/7441/eclot
2025-08-18,122,15732,Bushido Wildcats,6,https://www.hltv.org/team/13281/bushido-wildcats
2025-08-18,123,8528,1win,6,https://www.hltv.org/team/10621/1win
2025-08-18,124,20711,KHAN,6,https://www.hltv.org/team/11175/khan
2025-08-18,125,19575,K27,5,https://www.hltv.org/team/12895/k27
2025-08-18,126,11258,Prestige,5,https://www.hltv.org/team/13159/prestige
2025-08-18,127,21575,HEROIC Academy,5,https://www.hltv.org/team/13233/heroic-academy
2025-08-18,128,17324,anything else,5,https://www.hltv.org/team/13206/anything-else
2025-08-18,129,13679,ALGO,5,https://www.hltv.org/team/13163/algo
2025-08-18,130,8605,TBO,5,https://www.hltv.org/team/13354/tbo
2025-08-18,131,20129,way2go,5,https://www.hltv.org/team/13080/way2go
2025-08-18,132,23001,Change The Game,5,https://www.hltv.org/team/13175/change-the-game
2025-08-18,133,20521,Galorys,5,https://www.hltv.org/team/12677/galorys
2025-08-18,134,20883,Hesta,5,https://www.hltv.org/team/13153/hesta
2025-08-18,135,20946,BAKS,5,https://www.hltv.org/team/11699/baks
2025-08-18,136,11013,WOPA,5,https://www.hltv.org/team/12787/wopa
2025-08-18,137,19284,BIG Academy,5,https://www.hltv.org/team/10254/big-academy
2025-08-18,138,7131,Alter Ego,5,https://www.hltv.org/team/9958/alter-ego
2025-08-18,139,9214,Marca Registrada,5,https://www.hltv.org/team/12927/marca-registrada
2025-08-18,140,11278,Phantom,5,https://www.hltv.org/team/13173/phantom
2025-08-18,141,12588,ex-TALON,5,https://www.hltv.org/team/13212/ex-talon
2025-08-18,142,16847,Wildcard Academy,5,https://www.hltv.org/team/13127/wildcard-academy
2025-08-18,143,15818,UNiTY,5,https://www.hltv.org/team/12267/unity
2025-08-18,144,14273,AMKAL,4,https://www.hltv.org/team/12586/amkal
2025-08-18,145,12877,Rooster,4,https://www.hltv.org/team/9881/rooster
2025-08-18,146,9353,Fire Flux,4,https://www.hltv.org/team/12960/fire-flux
2025-08-18,147,10828,Players,4,https://www.hltv.org/team/11711/players
2025-08-18,148,20273,Legacy Kingdom,4,https://www.hltv.org/team/13356/legacy-kingdom
2025-08-18,149,22544,Take Flyte,4,https://www.hltv.org/team/11660/take-flyte
2025-08-18,150,11940,NOVAQ,4,https://www.hltv.org/team/13178/novaq
2025-08-18,151,22136,ENERGYULTRA,4,https://www.hltv.org/team/12253/energyultra
2025-08-18,152,7935,Akimbo,4,https://www.hltv.org/team/12567/akimbo
2025-08-18,153,23545,ASTRAL,4,https://www.hltv.org/team/13333/astral
2025-08-18,154,20054,Rhyno,4,https://www.hltv.org/team/10947/rhyno
2025-08-18,155,22364,Yawara,4,https://www.hltv.org/team/11933/yawara
2025-08-18,156,18090,Aether,4,https://www.hltv.org/team/12908/aether
2025-08-18,157,18146,The QUBE,4,https://www.hltv.org/team/12825/the-qube
2025-08-18,158,10838,StragaSonhoS,4,https://www.hltv.org/team/13349/stragasonhos
2025-08-18,159,19962,Nuclear TigeRES,4,https://www.hltv.org/team/13027/nuclear-tigeres
2025-08-18,160,22997,BORING PLAYERS,4,https://www.hltv.org/team/12948/boring-players
2025-08-18,161,18442,Arrival Seven,4,https://www.hltv.org/team/13353/arrival-seven
2025-08-18,162,23480,Famalicão,4,https://www.hltv.org/team/13364/famalico
2025-08-18,163,19060,FengDa,4,https://www.hltv.org/team/12899/fengda
2025-08-18,164,3329,Lilmix,4,https://www.hltv.org/team/9735/lilmix
2025-08-18,165,20815,8Sins,3,https://www.hltv.org/team/13024/8sins
2025-08-18,166,19297,RUSTEC,3,https://www.hltv.org/team/12834/rustec
2025-08-18,167,17450,Nordix,3,https://www.hltv.org/team/12766/nordix
2025-08-18,168,20033,Volt,3,https://www.hltv.org/team/13090/volt
2025-08-18,169,20258,Kaleido,3,https://www.hltv.org/team/13331/kaleido
2025-08-18,170,17117,SKYFURY,3,https://www.hltv.org/team/12982/skyfury
2025-08-18,171,10499,R2,3,https://www.hltv.org/team/13327/r2
2025-08-18,172,8503,Mythic,3,https://www.hltv.org/team/5479/mythic
2025-08-18,173,11215,MIBR fe,3,https://www.hltv.org/team/10975/mibr-fe
2025-08-18,174,13229,MIGHT,3,https://www.hltv.org/team/12483/might
2025-08-18,175,15573,HyperSpirit,3,https://www.hltv.org/team/13012/hyperspirit
2025-08-18,176,22810,MASONIC,3,https://www.hltv.org/team/10867/masonic
2025-08-18,177,23316,modeame,3,https://www.hltv.org/team/13290/modeame
2025-08-18,178,16811,Young Ninjas,3,https://www.hltv.org/team/10960/young-ninjas
2025-08-18,179,16865,Wanted Goons,3,https://www.hltv.org/team/12971/wanted-goons
2025-08-18,180,14954,Animus Victoria,3,https://www.hltv.org/team/13316/animus-victoria
2025-08-18,181,12758,Imperial Valkyries,3,https://www.hltv.org/team/12828/imperial-valkyries
2025-08-18,182,16581,Shimmer,3,https://www.hltv.org/team/12190/shimmer
2025-08-18,183,16902,Outfit 49,3,https://www.hltv.org/team/13294/outfit-49
2025-08-18,184,21038,Crashers,3,https://www.hltv.org/team/6788/crashers
2025-08-18,185,20529,KZG,3,https://www.hltv.org/team/12152/kzg
2025-08-18,186,4829,Inner Circle,3,https://www.hltv.org/team/13117/inner-circle
2025-08-18,187,21930,ENCE Academy,3,https://www.hltv.org/team/11790/ence-academy
2025-08-18,188,9108,Mindfreak,3,https://www.hltv.org/team/11668/mindfreak
2025-08-18,189,12872,Ground Zero,3,https://www.hltv.org/team/8536/ground-zero
2025-08-18,190,20029,MIBR Academy,2,https://www.hltv.org/team/3044/mibr-academy
2025-08-18,191,20281,Anonymo,2,https://www.hltv.org/team/10973/anonymo
2025-08-18,192,1656,Zerance,2,https://www.hltv.org/team/13271/zerance
2025-08-18,193,9144,FURY,2,https://www.hltv.org/team/10299/fury
2025-08-18,194,10722,Just Swing,2,https://www.hltv.org/team/13053/just-swing
2025-08-18,195,15588,Legion,2,https://www.hltv.org/team/10287/legion
2025-08-18,196,16946,benched,2,https://www.hltv.org/team/11138/benched
2025-08-18,197,16167,ScarX,2,https://www.hltv.org/team/13217/scarx
2025-08-18,198,22863,BRUTE,2,https://www.hltv.org/team/9139/brute
2025-08-18,199,21775,Glitchtech,2,https://www.hltv.org/team/13285/glitchtech
2025-08-18,200,17997,LaChampionsLiga,2,https://www.hltv.org/team/12789/lachampionsliga
2025-08-18,201,24089,paiN Academy,2,https://www.hltv.org/team/11905/pain-academy
2025-08-18,202,22740,Lithuanian Wolves,2,https://www.hltv.org/team/13182/lithuanian-wolves
2025-08-18,203,23252,QUAZAR,2,https://www.hltv.org/team/11312/quazar
2025-08-18,204,20006,HAVENs,2,https://www.hltv.org/team/12855/havens
2025-08-18,205,17071,girl kissers,2,https://www.hltv.org/team/13270/girl-kissers
2025-08-18,206,8850,FlyQuest RED,2,https://www.hltv.org/team/12301/flyquest-red
2025-08-18,207,19664,Ursa,2,https://www.hltv.org/team/13231/ursa
2025-08-18,208,11532,JERSA,2,https://www.hltv.org/team/13302/jersa
2025-08-18,209,24298,Bad Luck,2,https://www.hltv.org/team/13342/bad-luck
2025-08-18,210,16343,Messitas,2,https://www.hltv.org/team/13144/messitas
2025-08-18,211,13298,Fisher College,2,https://www.hltv.org/team/12769/fisher-college
2025-08-18,212,20582,DOG,1,https://www.hltv.org/team/13317/dog
2025-08-18,213,8640,Ghost,1,https://www.hltv.org/team/7801/ghost
2025-08-18,214,15762,Victores Sumus,1,https://www.hltv.org/team/12929/victores-sumus
2025-08-18,215,21849,BIG EQUIPA,1,https://www.hltv.org/team/11718/big-equipa
2025-08-18,216,22092,888aura,1,https://www.hltv.org/team/13383/888aura
2025-08-18,217,21988,MOUZ NXT,1,https://www.hltv.org/team/11176/mouz-nxt
2025-08-18,218,9238,thekillaz fe,1,https://www.hltv.org/team/12912/thekillaz-fe
2025-08-18,219,1572,NIP Impact,1,https://www.hltv.org/team/11917/nip-impact
2025-08-18,220,18773,Needachance,1,https://www.hltv.org/team/13385/needachance
2025-08-18,221,12237,XP Academy,1,https://www.hltv.org/team/13287/xp-academy
2025-08-18,222,24096,CSDE,1,https://www.hltv.org/team/13087/csde
2025-08-18,223,12736,Bärendienst,1,https://www.hltv.org/team/13299/brendienst
2025-08-18,224,24043,seoul,1,https://www.hltv.org/team/13194/seoul
2025-08-18,225,24310,XDM,1,https://www.hltv.org/team/13242/xdm
2025-08-18,226,23741,Northern Lights,1,https://www.hltv.org/team/13049/northern-lights
2025-08-18,227,21213,BASEMENT BOYS,1,https://www.hltv.org/team/13181/basement-boys
2025-08-18,228,11872,FURIA fe,1,https://www.hltv.org/team/10976/furia-fe
2025-08-18,229,23224,Zomblers,1,https://www.hltv.org/team/12164/zomblers
2025-08-18,230,17644,Rounds,1,https://www.hltv.org/team/12457/rounds
2025-08-18,231,24024,GENESIS,1,https://www.hltv.org/team/13076/genesis
2025-08-18,232,25194,drosselfamily,1,https://www.hltv.org/team/13334/drosselfamily
2025-08-18,233,23828,RED Canids Academy,1,https://www.hltv.org/team/13029/red-canids-academy
2025-08-18,234,23050,AKA HERO KAJO,1,https://www.hltv.org/team/13142/aka-hero-kajo
2025-08-18,235,22498,Sangal Academy,1,https://www.hltv.org/team/13301/sangal-academy
2025-08-18,236,9616,MINLATE,1,https://www.hltv.org/team/6626/minlate
2025-08-18,237,23997,MAGICOS,1,https://www.hltv.org/team/13265/magicos
2025-08-18,238,17210,Full House,1,https://www.hltv.org/team/13295/full-house
2025-08-18,239,22889,wwaves,1,https://www.hltv.org/team/13381/wwaves
2025-08-18,240,20503,Quem Sao Elas,1,https://www.hltv.org/team/11756/quem-sao-elas
2025-08-18,241,19028,TSG,1,https://www.hltv.org/team/13328/tsg
2025-08-18,242,22972,LE-LUX,1,https://www.hltv.org/team/12731/le-lux
2025-08-18,243,6536,BURN,1,https://www.hltv.org/team/13228/burn
2025-08-18,244,21084,X7,1,https://www.hltv.org/team/13227/x7
2025-08-18,245,14950,DXA,1,https://www.hltv.org/team/12276/dxa
2025-08-18,246,20411,CSKejsaren,0,https://www.hltv.org/team/13289/cskejsaren
2025-08-18,247,22028,CS2News Ladies,0,https://www.hltv.org/team/13168/cs2news-ladies
2025-08-18,248,15831,SAW Myst,0,https://www.hltv.org/team/13140/saw-myst
2025-08-11,1,7322,Vitality,1000,https://www.hltv.org/team/9565/vitality
2025-08-11,2,13666,MOUZ,671,https://www.hltv.org/team/4494/mouz
2025-08-11,3,7716,Spirit,636,https://www.hltv.org/team/7020/spirit
2025-08-11,4,20194,The MongolZ,526,https://www.hltv.org/team/6248/the-mongolz
2025-08-11,5,9816,Natus Vincere,337,https://www.hltv.org/team/4608/natus-vincere
2025-08-11,6,2023,FURIA,300,https://www.hltv.org/team/8297/furia
2025-08-11,7,150,Aurora,271,https://www.hltv.org/team/11861/aurora
2025-08-11,8,429,FaZe,269,https://www.hltv.org/team/6667/faze
2025-08-11,9,3741,Falcons,250,https://www.hltv.org/team/11283/falcons
2025-08-11,10,14736,paiN,208,https://www.hltv.org/team/4773/pain
2025-08-11,11,7592,Astralis,190,https://www.hltv.org/team/6665/astralis
2025-08-11,12,3972,G2,169,https://www.hltv.org/team/5995/g2
2025-08-11,13,9278,GamerLegion,166,https://www.hltv.org/team/9928/gamerlegion
2025-08-11,14,8374,3DMAX,150,https://www.hltv.org/team/4914/3dmax
2025-08-11,15,8520,Liquid,145,https://www.hltv.org/team/5973/liquid
2025-08-11,16,8918,Virtus.pro,143,https://www.hltv.org/team/5378/virtuspro
2025-08-11,17,15698,Legacy,124,https://www.hltv.org/team/12468/legacy
2025-08-11,18,8552,TYLOO,115,https://www.hltv.org/team/4863/tyloo
2025-08-11,19,16551,Lynn Vision,99,https://www.hltv.org/team/8840/lynn-vision
2025-08-11,20,19310,HEROIC,98,https://www.hltv.org/team/7175/heroic
2025-08-11,21,922,Ninjas in Pyjamas,81,https://www.hltv.org/team/4411/ninjas-in-pyjamas
2025-08-11,22,19592,B8,70,https://www.hltv.org/team/11241/b8
2025-08-11,23,630,SAW,65,https://www.hltv.org/team/10567/saw
2025-08-11,24,11154,MIBR,58,https://www.hltv.org/team/9215/mibr
2025-08-11,25,11840,BetBoom,56,https://www.hltv.org/team/12394/betboom
2025-08-11,26,11630,Complexity,54,https://www.hltv.org/team/5005/complexity
2025-08-11,27,20387,Nemiga,54,https://www.hltv.org/team/7969/nemiga
2025-08-11,28,4679,FlyQuest,46,https://www.hltv.org/team/12774/flyquest
2025-08-11,29,5794,BIG,45,https://www.hltv.org/team/7532/big
2025-08-11,30,22643,TNL,35,https://www.hltv.org/team/12833/tnl
2025-08-11,31,15370,M80,35,https://www.hltv.org/team/12376/m80
2025-08-11,32,13602,OG,34,https://www.hltv.org/team/10503/og
2025-08-11,33,16885,Passion UA,33,https://www.hltv.org/team/12426/passion-ua
2025-08-11,34,7528,fnatic,32,https://www.hltv.org/team/4991/fnatic
2025-08-11,35,10961,ECSTATIC,31,https://www.hltv.org/team/11419/ecstatic
2025-08-11,36,14176,FUT,27,https://www.hltv.org/team/13286/fut
2025-08-11,37,8507,Wildcard,27,https://www.hltv.org/team/12257/wildcard
2025-08-11,38,8371,Iberian Soul,24,https://www.hltv.org/team/13104/iberian-soul
2025-08-11,39,13026,Partizan,23,https://www.hltv.org/team/11838/partizan
2025-08-11,40,10566,Imperial,23,https://www.hltv.org/team/9455/imperial
2025-08-11,41,13776,PARIVISION,23,https://www.hltv.org/team/12467/parivision
2025-08-11,42,7687,NRG,22,https://www.hltv.org/team/6673/nrg
2025-08-11,43,19229,Chinggis Warriors,19,https://www.hltv.org/team/12646/chinggis-warriors
2025-08-11,44,13843,Sashi,18,https://www.hltv.org/team/11712/sashi
2025-08-11,45,12708,ENCE,17,https://www.hltv.org/team/4869/ence
2025-08-11,46,7443,Alliance,17,https://www.hltv.org/team/12474/alliance
2025-08-11,47,7028,Rare Atom,16,https://www.hltv.org/team/11514/rare-atom
2025-08-11,48,12521,Fluxo,16,https://www.hltv.org/team/11837/fluxo
2025-08-11,49,3669,KOLESIE,16,https://www.hltv.org/team/13314/kolesie
2025-08-11,50,9216,ODDIK,16,https://www.hltv.org/team/11768/oddik
2025-08-11,51,20558,Sharks,14,https://www.hltv.org/team/8113/sharks
2025-08-11,52,5351,Zero Tenacity,14,https://www.hltv.org/team/11523/zero-tenacity
2025-08-11,53,13982,CYBERSHOKE,13,https://www.hltv.org/team/12380/cybershoke
2025-08-11,54,12937,Marsborne,13,https://www.hltv.org/team/13124/marsborne
2025-08-11,55,15203,ESC,13,https://www.hltv.org/team/4532/esc
2025-08-11,56,1206,Nexus,13,https://www.hltv.org/team/7187/nexus
2025-08-11,57,18752,HOTU,13,https://www.hltv.org/team/11581/hotu
2025-08-11,58,3459,TPuDCATb TPu,12,https://www.hltv.org/team/13297/tpudcatb-tpu
2025-08-11,59,14494,BLUEJAYS,12,https://www.hltv.org/team/5347/bluejays
2025-08-11,60,15060,Eruption,12,https://www.hltv.org/team/12097/eruption
2025-08-11,61,7998,BC.Game,12,https://www.hltv.org/team/12878/bcgame
2025-08-11,62,15072,The Huns,12,https://www.hltv.org/team/12510/the-huns
2025-08-11,63,2898,9INE,12,https://www.hltv.org/team/10278/9ine
2025-08-11,64,23637,VP.Prodigy,12,https://www.hltv.org/team/10864/vpprodigy
2025-08-11,65,16835,RED Canids,11,https://www.hltv.org/team/7176/red-canids
2025-08-11,66,2161,BESTIA,11,https://www.hltv.org/team/12144/bestia
2025-08-11,67,12004,Sangal,11,https://www.hltv.org/team/10333/sangal
2025-08-11,68,12092,9z,11,https://www.hltv.org/team/9996/9z
2025-08-11,69,9255,Johnny Speeds,11,https://www.hltv.org/team/12604/johnny-speeds
2025-08-11,70,8891,Tricked,10,https://www.hltv.org/team/4602/tricked
2025-08-11,71,16080,Betclic,10,https://www.hltv.org/team/12916/betclic
2025-08-11,72,19015,Monte,10,https://www.hltv.org/team/11811/monte
2025-08-11,73,13240,GUN5,10,https://www.hltv.org/team/12471/gun5
2025-08-11,74,10892,Getting Info,9,https://www.hltv.org/team/13106/getting-info
2025-08-11,75,17316,Betera,9,https://www.hltv.org/team/12431/betera
2025-08-11,76,14799,LAG,9,https://www.hltv.org/team/11955/lag
2025-08-11,77,10330,m1x,9,https://www.hltv.org/team/7376/m1x
2025-08-11,78,3849,EYEBALLERS,9,https://www.hltv.org/team/11737/eyeballers
2025-08-11,79,13669,Metizport,9,https://www.hltv.org/team/11641/metizport
2025-08-11,80,9896,The Last Resort,9,https://www.hltv.org/team/6089/the-last-resort
2025-08-11,81,11213,Flamengo,9,https://www.hltv.org/team/12065/flamengo
2025-08-11,82,20956,RUBY,9,https://www.hltv.org/team/12694/ruby
2025-08-11,83,20336,ALASKA,9,https://www.hltv.org/team/13105/alaska
2025-08-11,84,16753,CPH Wolves,9,https://www.hltv.org/team/4548/cph-wolves
2025-08-11,85,6593,2GAME,9,https://www.hltv.org/team/12491/2game
2025-08-11,86,11199,SINNERS,8,https://www.hltv.org/team/10577/sinners
2025-08-11,87,13689,Chicken Coop,8,https://www.hltv.org/team/13107/chicken-coop
2025-08-11,88,9766,500,8,https://www.hltv.org/team/12000/500
2025-08-11,89,21574,AaB,8,https://www.hltv.org/team/9621/aab
2025-08-11,90,20054,Rhyno,8,https://www.hltv.org/team/10947/rhyno
2025-08-11,91,20071,Reason,8,https://www.hltv.org/team/4822/reason
2025-08-11,92,18510,Insilio,7,https://www.hltv.org/team/12124/insilio
2025-08-11,93,22864,Spirit Academy,7,https://www.hltv.org/team/7900/spirit-academy
2025-08-11,94,8429,hypewrld,7,https://www.hltv.org/team/12570/hypewrld
2025-08-11,95,14744,InControl,7,https://www.hltv.org/team/7720/incontrol
2025-08-11,96,20199,SPARTA,7,https://www.hltv.org/team/13214/sparta
2025-08-11,97,2131,FAVBET,7,https://www.hltv.org/team/12818/favbet
2025-08-11,98,23480,Famalicão,7,https://www.hltv.org/team/13364/famalico
2025-08-11,99,19872,ShindeN,7,https://www.hltv.org/team/12959/shinden
2025-08-11,100,14394,Bounty Hunters,7,https://www.hltv.org/team/12776/bounty-hunters
2025-08-11,101,21367,FORZE Reload,7,https://www.hltv.org/team/12857/forze-reload
2025-08-11,102,13250,BOSS,7,https://www.hltv.org/team/12534/boss
2025-08-11,103,19173,G2 Ares,7,https://www.hltv.org/team/12889/g2-ares
2025-08-11,104,11139,SemperFi,7,https://www.hltv.org/team/12901/semperfi
2025-08-11,105,8575,Eternal Fire,7,https://www.hltv.org/team/11251/eternal-fire
2025-08-11,106,12777,MANA,7,https://www.hltv.org/team/13310/mana
2025-08-11,107,9483,SELVA,7,https://www.hltv.org/team/12447/selva
2025-08-11,108,18554,Dusty Roots,7,https://www.hltv.org/team/12548/dusty-roots
2025-08-11,109,15062,IHC,7,https://www.hltv.org/team/11585/ihc
2025-08-11,110,9482,ex-W7M,7,https://www.hltv.org/team/13288/ex-w7m
2025-08-11,111,17561,UR,7,https://www.hltv.org/team/13116/ur
2025-08-11,112,18101,Marius,6,https://www.hltv.org/team/13291/marius
2025-08-11,113,20421,Leo,6,https://www.hltv.org/team/11446/leo
2025-08-11,114,8528,1win,6,https://www.hltv.org/team/10621/1win
2025-08-11,115,9221,KRÜ,6,https://www.hltv.org/team/10900/kr
2025-08-11,116,7775,fish123,6,https://www.hltv.org/team/6298/fish123
2025-08-11,117,18447,ARCRED,6,https://www.hltv.org/team/10459/arcred
2025-08-11,118,15732,Bushido Wildcats,6,https://www.hltv.org/team/13281/bushido-wildcats
2025-08-11,119,11013,WOPA,6,https://www.hltv.org/team/12787/wopa
2025-08-11,120,22176,SENZA,6,https://www.hltv.org/team/13352/senza
2025-08-11,121,9353,Fire Flux,6,https://www.hltv.org/team/12960/fire-flux
2025-08-11,122,147,Mousquetaires,5,https://www.hltv.org/team/13251/mousquetaires
2025-08-11,123,10827,GameHunters,5,https://www.hltv.org/team/12988/gamehunters
2025-08-11,124,13317,ECLOT,5,https://www.hltv.org/team/7441/eclot
2025-08-11,125,12956,NomadS,5,https://www.hltv.org/team/12900/nomads
2025-08-11,126,6553,Keyd Stars,5,https://www.hltv.org/team/6033/keyd-stars
2025-08-11,127,22476,QMISTRY,5,https://www.hltv.org/team/13245/qmistry
2025-08-11,128,21331,GenOne,5,https://www.hltv.org/team/11609/genone
2025-08-11,129,19575,K27,5,https://www.hltv.org/team/12895/k27
2025-08-11,130,8605,TBO,5,https://www.hltv.org/team/13354/tbo
2025-08-11,131,20129,way2go,5,https://www.hltv.org/team/13080/way2go
2025-08-11,132,20521,Galorys,5,https://www.hltv.org/team/12677/galorys
2025-08-11,133,23001,Change The Game,5,https://www.hltv.org/team/13175/change-the-game
2025-08-11,134,16847,Wildcard Academy,5,https://www.hltv.org/team/13127/wildcard-academy
2025-08-11,135,11258,Prestige,5,https://www.hltv.org/team/13159/prestige
2025-08-11,136,20946,BAKS,5,https://www.hltv.org/team/11699/baks
2025-08-11,137,10449,JiJieHao,5,https://www.hltv.org/team/10245/jijiehao
2025-08-11,138,7131,Alter Ego,4,https://www.hltv.org/team/9958/alter-ego
2025-08-11,139,20883,Hesta,4,https://www.hltv.org/team/13153/hesta
2025-08-11,140,11278,Phantom,4,https://www.hltv.org/team/13173/phantom
2025-08-11,141,12588,ex-TALON,4,https://www.hltv.org/team/13212/ex-talon
2025-08-11,142,17450,Nordix,4,https://www.hltv.org/team/12766/nordix
2025-08-11,143,14273,AMKAL,4,https://www.hltv.org/team/12586/amkal
2025-08-11,144,9214,Marca Registrada,4,https://www.hltv.org/team/12927/marca-registrada
2025-08-11,145,10828,Players,4,https://www.hltv.org/team/11711/players
2025-08-11,146,21930,ENCE Academy,4,https://www.hltv.org/team/11790/ence-academy
2025-08-11,147,22136,ENERGYULTRA,4,https://www.hltv.org/team/12253/energyultra
2025-08-11,148,11940,NOVAQ,4,https://www.hltv.org/team/13178/novaq
2025-08-11,149,12877,Rooster,4,https://www.hltv.org/team/9881/rooster
2025-08-11,150,18090,Aether,4,https://www.hltv.org/team/12908/aether
2025-08-11,151,23545,ASTRAL,4,https://www.hltv.org/team/13333/astral
2025-08-11,152,17324,anything else,4,https://www.hltv.org/team/13206/anything-else
2025-08-11,153,22364,Yawara,4,https://www.hltv.org/team/11933/yawara
2025-08-11,154,19284,BIG Academy,4,https://www.hltv.org/team/10254/big-academy
2025-08-11,155,17117,SKYFURY,4,https://www.hltv.org/team/12982/skyfury
2025-08-11,156,18146,The QUBE,4,https://www.hltv.org/team/12825/the-qube
2025-08-11,157,20273,Legacy Kingdom,4,https://www.hltv.org/team/13356/legacy-kingdom
2025-08-11,158,21575,HEROIC Academy,4,https://www.hltv.org/team/13233/heroic-academy
2025-08-11,159,23316,modeame,3,https://www.hltv.org/team/13290/modeame
2025-08-11,160,20815,8Sins,3,https://www.hltv.org/team/13024/8sins
2025-08-11,161,20475,ex-SABRE,3,https://www.hltv.org/team/13298/ex-sabre
2025-08-11,162,22878,Nuclear TigeRES,3,https://www.hltv.org/team/13027/nuclear-tigeres
2025-08-11,163,15818,UNiTY,3,https://www.hltv.org/team/12267/unity
2025-08-11,164,3329,Lilmix,3,https://www.hltv.org/team/9735/lilmix
2025-08-11,165,10838,StragaSonhoS,3,https://www.hltv.org/team/13349/stragasonhos
2025-08-11,166,19297,RUSTEC,3,https://www.hltv.org/team/12834/rustec
2025-08-11,167,20033,Volt,3,https://www.hltv.org/team/13090/volt
2025-08-11,168,22810,MASONIC,3,https://www.hltv.org/team/10867/masonic
2025-08-11,169,11872,FURIA fe,3,https://www.hltv.org/team/10976/furia-fe
2025-08-11,170,9298,1ADL,3,https://www.hltv.org/team/10912/1adl
2025-08-11,171,22544,Take Flyte,3,https://www.hltv.org/team/11660/take-flyte
2025-08-11,172,16865,Wanted Goons,3,https://www.hltv.org/team/12971/wanted-goons
2025-08-11,173,16581,Shimmer,3,https://www.hltv.org/team/12190/shimmer
2025-08-11,174,7935,Akimbo,3,https://www.hltv.org/team/12567/akimbo
2025-08-11,175,15573,HyperSpirit,3,https://www.hltv.org/team/13012/hyperspirit
2025-08-11,176,18442,Arrival Seven,3,https://www.hltv.org/team/13353/arrival-seven
2025-08-11,177,16811,Young Ninjas,3,https://www.hltv.org/team/10960/young-ninjas
2025-08-11,178,14954,Animus Victoria,3,https://www.hltv.org/team/13316/animus-victoria
2025-08-11,179,19060,FengDa,3,https://www.hltv.org/team/12899/fengda
2025-08-11,180,12872,Ground Zero,3,https://www.hltv.org/team/8536/ground-zero
2025-08-11,181,16902,Outfit 49,3,https://www.hltv.org/team/13294/outfit-49
2025-08-11,182,4829,Inner Circle,3,https://www.hltv.org/team/13117/inner-circle
2025-08-11,183,20529,KZG,2,https://www.hltv.org/team/12152/kzg
2025-08-11,184,1656,Zerance,2,https://www.hltv.org/team/13271/zerance
2025-08-11,185,15588,Legion,2,https://www.hltv.org/team/10287/legion
2025-08-11,186,20029,MIBR Academy,2,https://www.hltv.org/team/3044/mibr-academy
2025-08-11,187,12102,MIGHT,2,https://www.hltv.org/team/12483/might
2025-08-11,188,12736,Bärendienst,2,https://www.hltv.org/team/13299/brendienst
2025-08-11,189,16147,kONO,2,https://www.hltv.org/team/12858/kono
2025-08-11,190,9108,Mindfreak,2,https://www.hltv.org/team/11668/mindfreak
2025-08-11,191,20281,Anonymo,2,https://www.hltv.org/team/10973/anonymo
2025-08-11,192,9144,FURY,2,https://www.hltv.org/team/10299/fury
2025-08-11,193,12758,Imperial Valkyries,2,https://www.hltv.org/team/12828/imperial-valkyries
2025-08-11,194,10722,Just Swing,2,https://www.hltv.org/team/13053/just-swing
2025-08-11,195,16946,benched,2,https://www.hltv.org/team/11138/benched
2025-08-11,196,16167,ScarX,2,https://www.hltv.org/team/13217/scarx
2025-08-11,197,13298,Fisher College,2,https://www.hltv.org/team/12769/fisher-college
2025-08-11,198,1572,NIP Impact,2,https://www.hltv.org/team/11917/nip-impact
2025-08-11,199,10499,R2,2,https://www.hltv.org/team/13327/r2
2025-08-11,200,8503,Mythic,2,https://www.hltv.org/team/5479/mythic
2025-08-11,201,22787,XPERION NXT,2,https://www.hltv.org/team/13032/xperion-nxt
2025-08-11,202,21775,Glitchtech,2,https://www.hltv.org/team/13285/glitchtech
2025-08-11,203,17997,LaChampionsLiga,2,https://www.hltv.org/team/12789/lachampionsliga
2025-08-11,204,24089,paiN Academy,2,https://www.hltv.org/team/11905/pain-academy
2025-08-11,205,20320,Underground,2,https://www.hltv.org/team/12707/underground
2025-08-11,206,21038,Crashers,2,https://www.hltv.org/team/6788/crashers
2025-08-11,207,22740,Lithuanian Wolves,2,https://www.hltv.org/team/13182/lithuanian-wolves
2025-08-11,208,23252,QUAZAR,2,https://www.hltv.org/team/11312/quazar
2025-08-11,209,11532,JERSA,2,https://www.hltv.org/team/13302/jersa
2025-08-11,210,20006,HAVENs,2,https://www.hltv.org/team/12855/havens
2025-08-11,211,19664,Ursa,2,https://www.hltv.org/team/13231/ursa
2025-08-11,212,24298,Bad Luck,1,https://www.hltv.org/team/13342/bad-luck
2025-08-11,213,8850,FlyQuest RED,1,https://www.hltv.org/team/12301/flyquest-red
2025-08-11,214,22863,BRUTE,1,https://www.hltv.org/team/9139/brute
2025-08-11,215,20258,Kaleido,1,https://www.hltv.org/team/13331/kaleido
2025-08-11,216,12237,XP Academy,1,https://www.hltv.org/team/13287/xp-academy
2025-08-11,217,15762,Victores Sumus,1,https://www.hltv.org/team/12929/victores-sumus
2025-08-11,218,24096,CSDE,1,https://www.hltv.org/team/13087/csde
2025-08-11,219,24043,seoul,1,https://www.hltv.org/team/13194/seoul
2025-08-11,220,24310,XDM,1,https://www.hltv.org/team/13242/xdm
2025-08-11,221,23741,Northern Lights,1,https://www.hltv.org/team/13049/northern-lights
2025-08-11,222,21213,BASEMENT BOYS,1,https://www.hltv.org/team/13181/basement-boys
2025-08-11,223,12010,Reveal,1,https://www.hltv.org/team/12287/reveal
2025-08-11,224,17644,Rounds,1,https://www.hltv.org/team/12457/rounds
2025-08-11,225,24024,GENESIS,1,https://www.hltv.org/team/13076/genesis
2025-08-11,226,25194,drosselfamily,1,https://www.hltv.org/team/13334/drosselfamily
2025-08-11,227,17071,girl kissers,1,https://www.hltv.org/team/13270/girl-kissers
2025-08-11,228,23828,RED Canids Academy,1,https://www.hltv.org/team/13029/red-canids-academy
2025-08-11,229,9616,MINLATE,1,https://www.hltv.org/team/6626/minlate
2025-08-11,230,798,ALGO,1,https://www.hltv.org/team/13163/algo
2025-08-11,231,17210,Full House,1,https://www.hltv.org/team/13295/full-house
2025-08-11,232,23997,MAGICOS,1,https://www.hltv.org/team/13265/magicos
2025-08-11,233,16343,Messitas,1,https://www.hltv.org/team/13144/messitas
2025-08-11,234,20582,DOG,1,https://www.hltv.org/team/13317/dog
2025-08-11,235,11215,MIBR fe,1,https://www.hltv.org/team/10975/mibr-fe
2025-08-11,236,19028,TSG,1,https://www.hltv.org/team/13328/tsg
2025-08-11,237,22972,LE-LUX,1,https://www.hltv.org/team/12731/le-lux
2025-08-11,238,22498,Sangal Academy,1,https://www.hltv.org/team/13301/sangal-academy
2025-08-11,239,22589,ASPYRE,1,https://www.hltv.org/team/13358/aspyre
2025-08-11,240,6536,BURN,1,https://www.hltv.org/team/13228/burn
2025-08-11,241,17846,WahWah,1,https://www.hltv.org/team/11878/wahwah
2025-08-11,242,14950,DXA,0,https://www.hltv.org/team/12276/dxa
2025-08-11,243,8640,Ghost,0,https://www.hltv.org/team/7801/ghost
2025-08-11,244,20411,CSKejsaren,0,https://www.hltv.org/team/13289/cskejsaren
2025-08-11,245,22028,CS2News Ladies,0,https://www.hltv.org/team/13168/cs2news-ladies
2025-08-11,246,840,BORING PLAYERS,0,https://www.hltv.org/team/12948/boring-players
2025-08-11,247,23050,AKA HERO KAJO,0,https://www.hltv.org/team/13142/aka-hero-kajo
2025-08-04,1,7322,Vitality,1000,https://www.hltv.org/team/9565/vitality
2025-08-04,2,13666,MOUZ,655,https://www.hltv.org/team/4494/mouz
2025-08-04,3,7716,Spirit,653,https://www.hltv.org/team/7020/spirit
2025-08-04,4,20194,The MongolZ,492,https://www.hltv.org/team/6248/the-mongolz
2025-08-04,5,9816,Natus Vincere,351,https://www.hltv.org/team/4608/natus-vincere
2025-08-04,6,2023,FURIA,308,https://www.hltv.org/team/8297/furia
2025-08-04,7,429,FaZe,280,https://www.hltv.org/team/6667/faze
2025-08-04,8,3741,Falcons,263,https://www.hltv.org/team/11283/falcons
2025-08-04,9,150,Aurora,255,https://www.hltv.org/team/11861/aurora
2025-08-04,10,14736,paiN,201,https://www.hltv.org/team/4773/pain
2025-08-04,11,3972,G2,181,https://www.hltv.org/team/5995/g2
2025-08-04,12,7592,Astralis,181,https://www.hltv.org/team/6665/astralis
2025-08-04,13,9278,GamerLegion,173,https://www.hltv.org/team/9928/gamerlegion
2025-08-04,14,8374,3DMAX,160,https://www.hltv.org/team/4914/3dmax
2025-08-04,15,8552,TYLOO,124,https://www.hltv.org/team/4863/tyloo
2025-08-04,16,15698,Legacy,124,https://www.hltv.org/team/12468/legacy
2025-08-04,17,8520,Liquid,109,https://www.hltv.org/team/5973/liquid
2025-08-04,18,8918,Virtus.pro,109,https://www.hltv.org/team/5378/virtuspro
2025-08-04,19,16551,Lynn Vision,96,https://www.hltv.org/team/8840/lynn-vision
2025-08-04,20,19310,HEROIC,96,https://www.hltv.org/team/7175/heroic
2025-08-04,21,922,Ninjas in Pyjamas,94,https://www.hltv.org/team/4411/ninjas-in-pyjamas
2025-08-04,22,11154,MIBR,74,https://www.hltv.org/team/9215/mibr
2025-08-04,23,11630,Complexity,68,https://www.hltv.org/team/5005/complexity
2025-08-04,24,19592,B8,64,https://www.hltv.org/team/11241/b8
2025-08-04,25,630,SAW,63,https://www.hltv.org/team/10567/saw
2025-08-04,26,11840,BetBoom,60,https://www.hltv.org/team/12394/betboom
2025-08-04,27,20387,Nemiga,57,https://www.hltv.org/team/7969/nemiga
2025-08-04,28,4679,FlyQuest,50,https://www.hltv.org/team/12774/flyquest
2025-08-04,29,5794,BIG,46,https://www.hltv.org/team/7532/big
2025-08-04,30,15370,M80,36,https://www.hltv.org/team/12376/m80
2025-08-04,31,22643,TNL,35,https://www.hltv.org/team/12833/tnl
2025-08-04,32,10961,ECSTATIC,31,https://www.hltv.org/team/11419/ecstatic
2025-08-04,33,16885,Passion UA,30,https://www.hltv.org/team/12426/passion-ua
2025-08-04,34,8507,Wildcard,27,https://www.hltv.org/team/12257/wildcard
2025-08-04,35,13602,OG,26,https://www.hltv.org/team/10503/og
2025-08-04,36,8371,Iberian Soul,26,https://www.hltv.org/team/13104/iberian-soul
2025-08-04,37,7528,fnatic,26,https://www.hltv.org/team/4991/fnatic
2025-08-04,38,10566,Imperial,24,https://www.hltv.org/team/9455/imperial
2025-08-04,39,7687,NRG,23,https://www.hltv.org/team/6673/nrg
2025-08-04,40,13776,PARIVISION,22,https://www.hltv.org/team/12467/parivision
2025-08-04,41,14176,FUT,22,https://www.hltv.org/team/13286/fut
2025-08-04,42,19229,Chinggis Warriors,19,https://www.hltv.org/team/12646/chinggis-warriors
2025-08-04,43,13026,Partizan,19,https://www.hltv.org/team/11838/partizan
2025-08-04,44,7443,Alliance,19,https://www.hltv.org/team/12474/alliance
2025-08-04,45,9216,ODDIK,18,https://www.hltv.org/team/11768/oddik
2025-08-04,46,12708,ENCE,17,https://www.hltv.org/team/4869/ence
2025-08-04,47,7028,Rare Atom,17,https://www.hltv.org/team/11514/rare-atom
2025-08-04,48,18752,HOTU,17,https://www.hltv.org/team/11581/hotu
2025-08-04,49,13843,Sashi,16,https://www.hltv.org/team/11712/sashi
2025-08-04,50,12521,Fluxo,16,https://www.hltv.org/team/11837/fluxo
2025-08-04,51,3669,KOLESIE,16,https://www.hltv.org/team/13314/kolesie
2025-08-04,52,13982,CYBERSHOKE,16,https://www.hltv.org/team/12380/cybershoke
2025-08-04,53,20558,Sharks,16,https://www.hltv.org/team/8113/sharks
2025-08-04,54,5351,Zero Tenacity,16,https://www.hltv.org/team/11523/zero-tenacity
2025-08-04,55,15203,ESC,15,https://www.hltv.org/team/4532/esc
2025-08-04,56,1206,Nexus,15,https://www.hltv.org/team/7187/nexus
2025-08-04,57,3459,TPuDCATb TPu,13,https://www.hltv.org/team/13297/tpudcatb-tpu
2025-08-04,58,16080,Betclic,13,https://www.hltv.org/team/12916/betclic
2025-08-04,59,16835,RED Canids,13,https://www.hltv.org/team/7176/red-canids
2025-08-04,60,2898,9INE,13,https://www.hltv.org/team/10278/9ine
2025-08-04,61,15060,Eruption,13,https://www.hltv.org/team/12097/eruption
2025-08-04,62,14494,BLUEJAYS,13,https://www.hltv.org/team/5347/bluejays
2025-08-04,63,8891,Tricked,12,https://www.hltv.org/team/4602/tricked
2025-08-04,64,12004,Sangal,12,https://www.hltv.org/team/10333/sangal
2025-08-04,65,12937,Marsborne,12,https://www.hltv.org/team/13124/marsborne
2025-08-04,66,7998,BC.Game,12,https://www.hltv.org/team/12878/bcgame
2025-08-04,67,23637,VP.Prodigy,12,https://www.hltv.org/team/10864/vpprodigy
2025-08-04,68,15072,The Huns,11,https://www.hltv.org/team/12510/the-huns
2025-08-04,69,10330,m1x,11,https://www.hltv.org/team/7376/m1x
2025-08-04,70,13240,GUN5,11,https://www.hltv.org/team/12471/gun5
2025-08-04,71,19015,Monte,11,https://www.hltv.org/team/11811/monte
2025-08-04,72,12092,9z,10,https://www.hltv.org/team/9996/9z
2025-08-04,73,20956,RUBY,10,https://www.hltv.org/team/12694/ruby
2025-08-04,74,22864,Spirit Academy,10,https://www.hltv.org/team/7900/spirit-academy
2025-08-04,75,9255,Johnny Speeds,10,https://www.hltv.org/team/12604/johnny-speeds
2025-08-04,76,10892,Getting Info,10,https://www.hltv.org/team/13106/getting-info
2025-08-04,77,6593,2GAME,10,https://www.hltv.org/team/12491/2game
2025-08-04,78,17316,Betera,10,https://www.hltv.org/team/12431/betera
2025-08-04,79,13669,Metizport,10,https://www.hltv.org/team/11641/metizport
2025-08-04,80,14799,LAG,10,https://www.hltv.org/team/11955/lag
2025-08-04,81,9896,The Last Resort,9,https://www.hltv.org/team/6089/the-last-resort
2025-08-04,82,2161,BESTIA,9,https://www.hltv.org/team/12144/bestia
2025-08-04,83,2131,FAVBET,9,https://www.hltv.org/team/12818/favbet
2025-08-04,84,11213,Flamengo,9,https://www.hltv.org/team/12065/flamengo
2025-08-04,85,20336,ALASKA,9,https://www.hltv.org/team/13105/alaska
2025-08-04,86,20199,SPARTA,9,https://www.hltv.org/team/13214/sparta
2025-08-04,87,13689,Chicken Coop,8,https://www.hltv.org/team/13107/chicken-coop
2025-08-04,88,16753,CPH Wolves,8,https://www.hltv.org/team/4548/cph-wolves
2025-08-04,89,21574,AaB,8,https://www.hltv.org/team/9621/aab
2025-08-04,90,3849,EYEBALLERS,8,https://www.hltv.org/team/11737/eyeballers
2025-08-04,91,20054,Rhyno,8,https://www.hltv.org/team/10947/rhyno
2025-08-04,92,12777,MANA,8,https://www.hltv.org/team/13310/mana
2025-08-04,93,21431,AMKAL,8,https://www.hltv.org/team/12586/amkal
2025-08-04,94,18510,Insilio,8,https://www.hltv.org/team/12124/insilio
2025-08-04,95,8429,hypewrld,8,https://www.hltv.org/team/12570/hypewrld
2025-08-04,96,11199,SINNERS,8,https://www.hltv.org/team/10577/sinners
2025-08-04,97,15062,IHC,8,https://www.hltv.org/team/11585/ihc
2025-08-04,98,8575,Eternal Fire,8,https://www.hltv.org/team/11251/eternal-fire
2025-08-04,99,19872,ShindeN,7,https://www.hltv.org/team/12959/shinden
2025-08-04,100,19173,G2 Ares,7,https://www.hltv.org/team/12889/g2-ares
2025-08-04,101,20330,InControl,7,https://www.hltv.org/team/7720/incontrol
2025-08-04,102,13317,ECLOT,7,https://www.hltv.org/team/7441/eclot
2025-08-04,103,13250,BOSS,7,https://www.hltv.org/team/12534/boss
2025-08-04,104,11139,SemperFi,7,https://www.hltv.org/team/12901/semperfi
2025-08-04,105,14394,Bounty Hunters,7,https://www.hltv.org/team/12776/bounty-hunters
2025-08-04,106,8528,1win,7,https://www.hltv.org/team/10621/1win
2025-08-04,107,10449,JiJieHao,7,https://www.hltv.org/team/10245/jijiehao
2025-08-04,108,17561,UR,7,https://www.hltv.org/team/13116/ur
2025-08-04,109,9482,ex-W7M,7,https://www.hltv.org/team/13288/ex-w7m
2025-08-04,110,18554,Dusty Roots,7,https://www.hltv.org/team/12548/dusty-roots
2025-08-04,111,9353,Fire Flux,7,https://www.hltv.org/team/12960/fire-flux
2025-08-04,112,18101,Marius,7,https://www.hltv.org/team/13291/marius
2025-08-04,113,7775,fish123,6,https://www.hltv.org/team/6298/fish123
2025-08-04,114,20421,Leo,6,https://www.hltv.org/team/11446/leo
2025-08-04,115,21367,FORZE Reload,6,https://www.hltv.org/team/12857/forze-reload
2025-08-04,116,20071,Reason,6,https://www.hltv.org/team/4822/reason
2025-08-04,117,6553,Keyd Stars,6,https://www.hltv.org/team/6033/keyd-stars
2025-08-04,118,10827,GameHunters,6,https://www.hltv.org/team/12988/gamehunters
2025-08-04,119,9766,500,6,https://www.hltv.org/team/12000/500
2025-08-04,120,22176,SENZA,6,https://www.hltv.org/team/13352/senza
2025-08-04,121,9221,KRÜ,6,https://www.hltv.org/team/10900/kr
2025-08-04,122,11013,WOPA,6,https://www.hltv.org/team/12787/wopa
2025-08-04,123,15732,Bushido Wildcats,6,https://www.hltv.org/team/13281/bushido-wildcats
2025-08-04,124,21100,Elevate,5,https://www.hltv.org/team/5775/elevate
2025-08-04,125,22476,QMISTRY,5,https://www.hltv.org/team/13245/qmistry
2025-08-04,126,147,Mousquetaires,5,https://www.hltv.org/team/13251/mousquetaires
2025-08-04,127,9483,SELVA,5,https://www.hltv.org/team/12447/selva
2025-08-04,128,20129,way2go,5,https://www.hltv.org/team/13080/way2go
2025-08-04,129,11258,Prestige,5,https://www.hltv.org/team/13159/prestige
2025-08-04,130,20521,Galorys,5,https://www.hltv.org/team/12677/galorys
2025-08-04,131,23001,Change The Game,5,https://www.hltv.org/team/13175/change-the-game
2025-08-04,132,21909,undeRRRated,5,https://www.hltv.org/team/13225/underrrated
2025-08-04,133,16847,Wildcard Academy,5,https://www.hltv.org/team/13127/wildcard-academy
2025-08-04,134,20946,BAKS,5,https://www.hltv.org/team/11699/baks
2025-08-04,135,21331,GenOne,5,https://www.hltv.org/team/11609/genone
2025-08-04,136,7131,Alter Ego,5,https://www.hltv.org/team/9958/alter-ego
2025-08-04,137,18150,NomadS,5,https://www.hltv.org/team/12900/nomads
2025-08-04,138,11278,Phantom,4,https://www.hltv.org/team/13173/phantom
2025-08-04,139,20475,ex-SABRE,4,https://www.hltv.org/team/13298/ex-sabre
2025-08-04,140,21445,Hesta,4,https://www.hltv.org/team/13153/hesta
2025-08-04,141,17450,Nordix,4,https://www.hltv.org/team/12766/nordix
2025-08-04,142,8605,TBO,4,https://www.hltv.org/team/13354/tbo
2025-08-04,143,21930,ENCE Academy,4,https://www.hltv.org/team/11790/ence-academy
2025-08-04,144,10828,Players,4,https://www.hltv.org/team/11711/players
2025-08-04,145,22136,ENERGYULTRA,4,https://www.hltv.org/team/12253/energyultra
2025-08-04,146,11940,NOVAQ,4,https://www.hltv.org/team/13178/novaq
2025-08-04,147,19284,BIG Academy,4,https://www.hltv.org/team/10254/big-academy
2025-08-04,148,18090,Aether,4,https://www.hltv.org/team/12908/aether
2025-08-04,149,23545,ASTRAL,4,https://www.hltv.org/team/13333/astral
2025-08-04,150,21575,HEROIC Academy,4,https://www.hltv.org/team/13233/heroic-academy
2025-08-04,151,9214,Marca Registrada,4,https://www.hltv.org/team/12927/marca-registrada
2025-08-04,152,17324,anything else,4,https://www.hltv.org/team/13206/anything-else
2025-08-04,153,19575,K27,4,https://www.hltv.org/team/12895/k27
2025-08-04,154,18146,The QUBE,4,https://www.hltv.org/team/12825/the-qube
2025-08-04,155,12588,ex-TALON,4,https://www.hltv.org/team/13212/ex-talon
2025-08-04,156,22878,Nuclear TigeRES,4,https://www.hltv.org/team/13027/nuclear-tigeres
2025-08-04,157,23316,modeame,3,https://www.hltv.org/team/13290/modeame
2025-08-04,158,15818,UNiTY,3,https://www.hltv.org/team/12267/unity
2025-08-04,159,3329,Lilmix,3,https://www.hltv.org/team/9735/lilmix
2025-08-04,160,22810,MASONIC,3,https://www.hltv.org/team/10867/masonic
2025-08-04,161,20815,8Sins,3,https://www.hltv.org/team/13024/8sins
2025-08-04,162,12736,Bärendienst,3,https://www.hltv.org/team/13299/brendienst
2025-08-04,163,12877,Rooster,3,https://www.hltv.org/team/9881/rooster
2025-08-04,164,20033,Volt,3,https://www.hltv.org/team/13090/volt
2025-08-04,165,16581,Supernova Comets,3,https://www.hltv.org/team/13146/supernova-comets
2025-08-04,166,18442,Arrival Seven,3,https://www.hltv.org/team/13353/arrival-seven
2025-08-04,167,18447,ARCRED,3,https://www.hltv.org/team/10459/arcred
2025-08-04,168,12872,Ground Zero,3,https://www.hltv.org/team/8536/ground-zero
2025-08-04,169,19060,FengDa,3,https://www.hltv.org/team/12899/fengda
2025-08-04,170,11872,FURIA fe,3,https://www.hltv.org/team/10976/furia-fe
2025-08-04,171,17117,SKYFURY,3,https://www.hltv.org/team/12982/skyfury
2025-08-04,172,22544,Take Flyte,3,https://www.hltv.org/team/11660/take-flyte
2025-08-04,173,9298,1ADL,3,https://www.hltv.org/team/10912/1adl
2025-08-04,174,16865,Wanted Goons,3,https://www.hltv.org/team/12971/wanted-goons
2025-08-04,175,20273,Legacy Kingdom,3,https://www.hltv.org/team/13356/legacy-kingdom
2025-08-04,176,22283,WiLD,3,https://www.hltv.org/team/4903/wild
2025-08-04,177,22345,Dark Tigers,3,https://www.hltv.org/team/7842/dark-tigers
2025-08-04,178,7935,Akimbo,3,https://www.hltv.org/team/12567/akimbo
2025-08-04,179,19297,RUSTEC,3,https://www.hltv.org/team/12834/rustec
2025-08-04,180,14954,Animus Victoria,3,https://www.hltv.org/team/13316/animus-victoria
2025-08-04,181,22364,Yawara,3,https://www.hltv.org/team/11933/yawara
2025-08-04,182,20029,MIBR Academy,3,https://www.hltv.org/team/3044/mibr-academy
2025-08-04,183,21038,Crashers,3,https://www.hltv.org/team/6788/crashers
2025-08-04,184,16811,Young Ninjas,3,https://www.hltv.org/team/10960/young-ninjas
2025-08-04,185,19975,Tropa do KinGui,3,https://www.hltv.org/team/13151/tropa-do-kingui
2025-08-04,186,16902,Outfit 49,3,https://www.hltv.org/team/13294/outfit-49
2025-08-04,187,20529,KZG,3,https://www.hltv.org/team/12152/kzg
2025-08-04,188,1656,Zerance,2,https://www.hltv.org/team/13271/zerance
2025-08-04,189,15588,Legion,2,https://www.hltv.org/team/10287/legion
2025-08-04,190,12758,Imperial Valkyries,2,https://www.hltv.org/team/12828/imperial-valkyries
2025-08-04,191,16147,kONO,2,https://www.hltv.org/team/12858/kono
2025-08-04,192,12102,MIGHT,2,https://www.hltv.org/team/12483/might
2025-08-04,193,20281,Anonymo,2,https://www.hltv.org/team/10973/anonymo
2025-08-04,194,9144,FURY,2,https://www.hltv.org/team/10299/fury
2025-08-04,195,1572,NIP Impact,2,https://www.hltv.org/team/11917/nip-impact
2025-08-04,196,16946,benched,2,https://www.hltv.org/team/11138/benched
2025-08-04,197,16167,ScarX,2,https://www.hltv.org/team/13217/scarx
2025-08-04,198,8503,Mythic,2,https://www.hltv.org/team/5479/mythic
2025-08-04,199,22787,XPERION NXT,2,https://www.hltv.org/team/13032/xperion-nxt
2025-08-04,200,24298,Bad Luck,2,https://www.hltv.org/team/13342/bad-luck
2025-08-04,201,21775,Glitchtech,2,https://www.hltv.org/team/13285/glitchtech
2025-08-04,202,17997,LaChampionsLiga,2,https://www.hltv.org/team/12789/lachampionsliga
2025-08-04,203,24089,paiN Academy,2,https://www.hltv.org/team/11905/pain-academy
2025-08-04,204,9108,Mindfreak,2,https://www.hltv.org/team/11668/mindfreak
2025-08-04,205,20320,Underground,2,https://www.hltv.org/team/12707/underground
2025-08-04,206,22740,Lithuanian Wolves,2,https://www.hltv.org/team/13182/lithuanian-wolves
2025-08-04,207,13298,Fisher College,2,https://www.hltv.org/team/12769/fisher-college
2025-08-04,208,23252,QUAZAR,2,https://www.hltv.org/team/11312/quazar
2025-08-04,209,23997,MAGICOS,2,https://www.hltv.org/team/13265/magicos
2025-08-04,210,20006,HAVENs,2,https://www.hltv.org/team/12855/havens
2025-08-04,211,4829,Inner Circle,2,https://www.hltv.org/team/13117/inner-circle
2025-08-04,212,19664,Ursa,2,https://www.hltv.org/team/13231/ursa
2025-08-04,213,12600,E9,2,https://www.hltv.org/team/12688/e9
2025-08-04,214,8850,FlyQuest RED,1,https://www.hltv.org/team/12301/flyquest-red
2025-08-04,215,11532,JERSA,1,https://www.hltv.org/team/13302/jersa
2025-08-04,216,20258,Kaleido,1,https://www.hltv.org/team/13331/kaleido
2025-08-04,217,22863,BRUTE,1,https://www.hltv.org/team/9139/brute
2025-08-04,218,10499,R2,1,https://www.hltv.org/team/13327/r2
2025-08-04,219,12237,XP Academy,1,https://www.hltv.org/team/13287/xp-academy
2025-08-04,220,24096,CSDE,1,https://www.hltv.org/team/13087/csde
2025-08-04,221,24043,seoul,1,https://www.hltv.org/team/13194/seoul
2025-08-04,222,24310,XDM,1,https://www.hltv.org/team/13242/xdm
2025-08-04,223,23741,Northern Lights,1,https://www.hltv.org/team/13049/northern-lights
2025-08-04,224,15762,Victores Sumus,1,https://www.hltv.org/team/12929/victores-sumus
2025-08-04,225,12010,Reveal,1,https://www.hltv.org/team/12287/reveal
2025-08-04,226,21213,BASEMENT BOYS,1,https://www.hltv.org/team/13181/basement-boys
2025-08-04,227,17644,Rounds,1,https://www.hltv.org/team/12457/rounds
2025-08-04,228,5187,Steel Helmet,1,https://www.hltv.org/team/11273/steel-helmet
2025-08-04,229,24024,GENESIS,1,https://www.hltv.org/team/13076/genesis
2025-08-04,230,25194,drosselfamily,1,https://www.hltv.org/team/13334/drosselfamily
2025-08-04,231,17071,girl kissers,1,https://www.hltv.org/team/13270/girl-kissers
2025-08-04,232,23828,RED Canids Academy,1,https://www.hltv.org/team/13029/red-canids-academy
2025-08-04,233,20582,DOG,1,https://www.hltv.org/team/13317/dog
2025-08-04,234,9616,MINLATE,1,https://www.hltv.org/team/6626/minlate
2025-08-04,235,798,ALGO,1,https://www.hltv.org/team/13163/algo
2025-08-04,236,17210,Full House,1,https://www.hltv.org/team/13295/full-house
2025-08-04,237,16343,Messitas,1,https://www.hltv.org/team/13144/messitas
2025-08-04,238,11215,MIBR fe,1,https://www.hltv.org/team/10975/mibr-fe
2025-08-04,239,19028,TSG,1,https://www.hltv.org/team/13328/tsg
2025-08-04,240,22972,LE-LUX,1,https://www.hltv.org/team/12731/le-lux
2025-08-04,241,22498,Sangal Academy,1,https://www.hltv.org/team/13301/sangal-academy
2025-08-04,242,22589,regain,1,https://www.hltv.org/team/12554/regain
2025-08-04,243,6536,BURN,1,https://www.hltv.org/team/13228/burn
2025-08-04,244,17846,WahWah,1,https://www.hltv.org/team/11878/wahwah
2025-08-04,245,14950,DXA,0,https://www.hltv.org/team/12276/dxa
2025-08-04,246,19290,2070,0,https://www.hltv.org/team/13052/2070
2025-08-04,247,8640,Ghost,0,https://www.hltv.org/team/7801/ghost
2025-08-04,248,20411,CSKejsaren,0,https://www.hltv.org/team/13289/cskejsaren
2025-08-04,249,22028,CS2News Ladies,0,https://www.hltv.org/team/13168/cs2news-ladies
2025-08-04,250,23050,AKA HERO KAJO,0,https://www.hltv.org/team/13142/aka-hero-kajo
2025-07-28,1,7322,Vitality,1000,https://www.hltv.org/team/9565/vitality
2025-07-28,2,13666,MOUZ,552,https://www.hltv.org/team/4494/mouz
2025-07-28,3,20194,The MongolZ,515,https://www.hltv.org/team/6248/the-mongolz
2025-07-28,4,7716,Spirit,433,https://www.hltv.org/team/7020/spirit
2025-07-28,5,150,Aurora,282,https://www.hltv.org/team/11861/aurora
2025-07-28,6,3741,Falcons,281,https://www.hltv.org/team/11283/falcons
2025-07-28,7,429,FaZe,263,https://www.hltv.org/team/6667/faze
2025-07-28,8,2023,FURIA,257,https://www.hltv.org/team/8297/furia
2025-07-28,9,9816,Natus Vincere,242,https://www.hltv.org/team/4608/natus-vincere
2025-07-28,10,14736,paiN,219,https://www.hltv.org/team/4773/pain
2025-07-28,11,7592,Astralis,208,https://www.hltv.org/team/6665/astralis
2025-07-28,12,9278,GamerLegion,173,https://www.hltv.org/team/9928/gamerlegion
2025-07-28,13,8374,3DMAX,163,https://www.hltv.org/team/4914/3dmax
2025-07-28,14,3972,G2,150,https://www.hltv.org/team/5995/g2
2025-07-28,15,8552,TYLOO,145,https://www.hltv.org/team/4863/tyloo
2025-07-28,16,15698,Legacy,131,https://www.hltv.org/team/12468/legacy
2025-07-28,17,8918,Virtus.pro,129,https://www.hltv.org/team/5378/virtuspro
2025-07-28,18,8520,Liquid,123,https://www.hltv.org/team/5973/liquid
2025-07-28,19,16551,Lynn Vision,110,https://www.hltv.org/team/8840/lynn-vision
2025-07-28,20,19310,HEROIC,101,https://www.hltv.org/team/7175/heroic
2025-07-28,21,922,Ninjas in Pyjamas,90,https://www.hltv.org/team/4411/ninjas-in-pyjamas
2025-07-28,22,11154,MIBR,84,https://www.hltv.org/team/9215/mibr
2025-07-28,23,11630,Complexity,74,https://www.hltv.org/team/5005/complexity
2025-07-28,24,19592,B8,73,https://www.hltv.org/team/11241/b8
2025-07-28,25,630,SAW,69,https://www.hltv.org/team/10567/saw
2025-07-28,26,11840,BetBoom,61,https://www.hltv.org/team/12394/betboom
2025-07-28,27,20387,Nemiga,59,https://www.hltv.org/team/7969/nemiga
2025-07-28,28,5794,BIG,59,https://www.hltv.org/team/7532/big
2025-07-28,29,4679,FlyQuest,46,https://www.hltv.org/team/12774/flyquest
2025-07-28,30,22643,TNL,38,https://www.hltv.org/team/12833/tnl
2025-07-28,31,15370,M80,38,https://www.hltv.org/team/12376/m80
2025-07-28,32,14390,ODDIK,36,https://www.hltv.org/team/11768/oddik
2025-07-28,33,16885,Passion UA,34,https://www.hltv.org/team/12426/passion-ua
2025-07-28,34,13602,OG,34,https://www.hltv.org/team/10503/og
2025-07-28,35,10961,ECSTATIC,33,https://www.hltv.org/team/11419/ecstatic
2025-07-28,36,18752,HOTU,31,https://www.hltv.org/team/11581/hotu
2025-07-28,37,8507,Wildcard,31,https://www.hltv.org/team/12257/wildcard
2025-07-28,38,8371,Iberian Soul,27,https://www.hltv.org/team/13104/iberian-soul
2025-07-28,39,13776,PARIVISION,27,https://www.hltv.org/team/12467/parivision
2025-07-28,40,7528,fnatic,26,https://www.hltv.org/team/4991/fnatic
2025-07-28,41,7687,NRG,26,https://www.hltv.org/team/6673/nrg
2025-07-28,42,20584,ex-NAVI Junior,24,https://www.hltv.org/team/13332/ex-navi-junior
2025-07-28,43,10566,Imperial,24,https://www.hltv.org/team/9455/imperial
2025-07-28,44,12521,Fluxo,22,https://www.hltv.org/team/11837/fluxo
2025-07-28,45,7443,Alliance,20,https://www.hltv.org/team/12474/alliance
2025-07-28,46,7028,Rare Atom,20,https://www.hltv.org/team/11514/rare-atom
2025-07-28,47,13843,Sashi,19,https://www.hltv.org/team/11712/sashi
2025-07-28,48,19229,Chinggis Warriors,19,https://www.hltv.org/team/12646/chinggis-warriors
2025-07-28,49,3669,KOLESIE,18,https://www.hltv.org/team/13314/kolesie
2025-07-28,50,13026,Partizan,18,https://www.hltv.org/team/11838/partizan
2025-07-28,51,15203,ESC,17,https://www.hltv.org/team/4532/esc
2025-07-28,52,12708,ENCE,17,https://www.hltv.org/team/4869/ence
2025-07-28,53,5351,Zero Tenacity,17,https://www.hltv.org/team/11523/zero-tenacity
2025-07-28,54,1206,Nexus,17,https://www.hltv.org/team/7187/nexus
2025-07-28,55,20558,Sharks,16,https://www.hltv.org/team/8113/sharks
2025-07-28,56,14494,BLUEJAYS,16,https://www.hltv.org/team/5347/bluejays
2025-07-28,57,3459,TPuDCATb TPu,16,https://www.hltv.org/team/13297/tpudcatb-tpu
2025-07-28,58,2898,9INE,15,https://www.hltv.org/team/10278/9ine
2025-07-28,59,10449,JiJieHao,15,https://www.hltv.org/team/10245/jijiehao
2025-07-28,60,22864,Spirit Academy,15,https://www.hltv.org/team/7900/spirit-academy
2025-07-28,61,13982,CYBERSHOKE,15,https://www.hltv.org/team/12380/cybershoke
2025-07-28,62,17316,Betera,13,https://www.hltv.org/team/12431/betera
2025-07-28,63,16080,Betclic,13,https://www.hltv.org/team/12916/betclic
2025-07-28,64,16835,RED Canids,13,https://www.hltv.org/team/7176/red-canids
2025-07-28,65,12004,Sangal,13,https://www.hltv.org/team/10333/sangal
2025-07-28,66,13240,GUN5,13,https://www.hltv.org/team/12471/gun5
2025-07-28,67,9618,BC.Game,12,https://www.hltv.org/team/12878/bcgame
2025-07-28,68,2131,FAVBET,12,https://www.hltv.org/team/12818/favbet
2025-07-28,69,12937,Marsborne,12,https://www.hltv.org/team/13124/marsborne
2025-07-28,70,19015,Monte,12,https://www.hltv.org/team/11811/monte
2025-07-28,71,20956,RUBY,12,https://www.hltv.org/team/12694/ruby
2025-07-28,72,8891,Tricked,11,https://www.hltv.org/team/4602/tricked
2025-07-28,73,9255,Johnny Speeds,11,https://www.hltv.org/team/12604/johnny-speeds
2025-07-28,74,10330,m1x,10,https://www.hltv.org/team/7376/m1x
2025-07-28,75,10892,Getting Info,10,https://www.hltv.org/team/13106/getting-info
2025-07-28,76,2161,BESTIA,10,https://www.hltv.org/team/12144/bestia
2025-07-28,77,12092,9z,10,https://www.hltv.org/team/9996/9z
2025-07-28,78,9896,The Last Resort,10,https://www.hltv.org/team/6089/the-last-resort
2025-07-28,79,18447,ARCRED,10,https://www.hltv.org/team/10459/arcred
2025-07-28,80,14394,Bounty Hunters,10,https://www.hltv.org/team/12776/bounty-hunters
2025-07-28,81,21431,AMKAL,9,https://www.hltv.org/team/12586/amkal
2025-07-28,82,6593,2GAME,9,https://www.hltv.org/team/12491/2game
2025-07-28,83,23637,VP.Prodigy,9,https://www.hltv.org/team/10864/vpprodigy
2025-07-28,84,13669,Metizport,9,https://www.hltv.org/team/11641/metizport
2025-07-28,85,13689,Chicken Coop,9,https://www.hltv.org/team/13107/chicken-coop
2025-07-28,86,20336,ALASKA,9,https://www.hltv.org/team/13105/alaska
2025-07-28,87,16753,CPH Wolves,9,https://www.hltv.org/team/4548/cph-wolves
2025-07-28,88,14799,LAG,9,https://www.hltv.org/team/11955/lag
2025-07-28,89,11213,Flamengo,9,https://www.hltv.org/team/12065/flamengo
2025-07-28,90,21574,AaB,9,https://www.hltv.org/team/9621/aab
2025-07-28,91,20054,Rhyno,9,https://www.hltv.org/team/10947/rhyno
2025-07-28,92,15072,The Huns,9,https://www.hltv.org/team/12510/the-huns
2025-07-28,93,20199,SPARTA,9,https://www.hltv.org/team/13214/sparta
2025-07-28,94,3849,EYEBALLERS,8,https://www.hltv.org/team/11737/eyeballers
2025-07-28,95,8429,hypewrld,8,https://www.hltv.org/team/12570/hypewrld
2025-07-28,96,12777,MANA,8,https://www.hltv.org/team/13310/mana
2025-07-28,97,10827,GameHunters,8,https://www.hltv.org/team/12988/gamehunters
2025-07-28,98,11139,SemperFi,8,https://www.hltv.org/team/12901/semperfi
2025-07-28,99,11199,SINNERS,8,https://www.hltv.org/team/10577/sinners
2025-07-28,100,13317,ECLOT,8,https://www.hltv.org/team/7441/eclot
2025-07-28,101,8528,1win,8,https://www.hltv.org/team/10621/1win
2025-07-28,102,15062,IHC,8,https://www.hltv.org/team/11585/ihc
2025-07-28,103,9353,Fire Flux,8,https://www.hltv.org/team/12960/fire-flux
2025-07-28,104,20330,InControl,8,https://www.hltv.org/team/7720/incontrol
2025-07-28,105,18510,Insilio,7,https://www.hltv.org/team/12124/insilio
2025-07-28,106,21367,FORZE Reload,7,https://www.hltv.org/team/12857/forze-reload
2025-07-28,107,7775,fish123,7,https://www.hltv.org/team/6298/fish123
2025-07-28,108,13287,Elevate,7,https://www.hltv.org/team/5775/elevate
2025-07-28,109,17561,UR,7,https://www.hltv.org/team/13116/ur
2025-07-28,110,6553,Keyd Stars,7,https://www.hltv.org/team/6033/keyd-stars
2025-07-28,111,9766,500,7,https://www.hltv.org/team/12000/500
2025-07-28,112,8575,Eternal Fire,7,https://www.hltv.org/team/11251/eternal-fire
2025-07-28,113,18101,Marius,7,https://www.hltv.org/team/13291/marius
2025-07-28,114,20071,Reason,7,https://www.hltv.org/team/4822/reason
2025-07-28,115,9483,SELVA,7,https://www.hltv.org/team/12447/selva
2025-07-28,116,18554,Dusty Roots,7,https://www.hltv.org/team/12548/dusty-roots
2025-07-28,117,9482,ex-W7M,6,https://www.hltv.org/team/13288/ex-w7m
2025-07-28,118,9221,KRÜ,6,https://www.hltv.org/team/10900/kr
2025-07-28,119,13250,BOSS,6,https://www.hltv.org/team/12534/boss
2025-07-28,120,20421,Leo,6,https://www.hltv.org/team/11446/leo
2025-07-28,121,284,FUT,6,https://www.hltv.org/team/13286/fut
2025-07-28,122,19575,K27,6,https://www.hltv.org/team/12895/k27
2025-07-28,123,15732,Bushido Wildcats,6,https://www.hltv.org/team/13281/bushido-wildcats
2025-07-28,124,19173,G2 Ares,6,https://www.hltv.org/team/12889/g2-ares
2025-07-28,125,11013,WOPA,6,https://www.hltv.org/team/12787/wopa
2025-07-28,126,18150,NomadS,6,https://www.hltv.org/team/12900/nomads
2025-07-28,127,22476,QMISTRY,5,https://www.hltv.org/team/13245/qmistry
2025-07-28,128,11258,Prestige,5,https://www.hltv.org/team/13159/prestige
2025-07-28,129,11940,NOVAQ,5,https://www.hltv.org/team/13178/novaq
2025-07-28,130,20129,way2go,5,https://www.hltv.org/team/13080/way2go
2025-07-28,131,21909,undeRRRated,5,https://www.hltv.org/team/13225/underrrated
2025-07-28,132,23237,Wildcard Academy,5,https://www.hltv.org/team/13127/wildcard-academy
2025-07-28,133,19872,ShindeN,5,https://www.hltv.org/team/12959/shinden
2025-07-28,134,17324,anything else,5,https://www.hltv.org/team/13206/anything-else
2025-07-28,135,11278,Phantom,5,https://www.hltv.org/team/13173/phantom
2025-07-28,136,21445,Hesta,5,https://www.hltv.org/team/13153/hesta
2025-07-28,137,17450,Nordix,5,https://www.hltv.org/team/12766/nordix
2025-07-28,138,22176,ROSY,4,https://www.hltv.org/team/13300/rosy
2025-07-28,139,10722,Wings Up,4,https://www.hltv.org/team/10851/wings-up
2025-07-28,140,20475,ex-SABRE,4,https://www.hltv.org/team/13298/ex-sabre
2025-07-28,141,16147,kONO,4,https://www.hltv.org/team/12858/kono
2025-07-28,142,20521,Galorys,4,https://www.hltv.org/team/12677/galorys
2025-07-28,143,21331,GenOne,4,https://www.hltv.org/team/11609/genone
2025-07-28,144,22136,ENERGYULTRA,4,https://www.hltv.org/team/12253/energyultra
2025-07-28,145,9214,Marca Registrada,4,https://www.hltv.org/team/12927/marca-registrada
2025-07-28,146,19284,BIG Academy,4,https://www.hltv.org/team/10254/big-academy
2025-07-28,147,7131,Alter Ego,4,https://www.hltv.org/team/9958/alter-ego
2025-07-28,148,21930,ENCE Academy,4,https://www.hltv.org/team/11790/ence-academy
2025-07-28,149,23545,ASTRAL,4,https://www.hltv.org/team/13333/astral
2025-07-28,150,20946,BAKS,4,https://www.hltv.org/team/11699/baks
2025-07-28,151,10828,Players,4,https://www.hltv.org/team/11711/players
2025-07-28,152,21575,HEROIC Academy,4,https://www.hltv.org/team/13233/heroic-academy
2025-07-28,153,18146,The QUBE,4,https://www.hltv.org/team/12825/the-qube
2025-07-28,154,4829,Inner Circle,4,https://www.hltv.org/team/13117/inner-circle
2025-07-28,155,12588,ex-TALON,4,https://www.hltv.org/team/13212/ex-talon
2025-07-28,156,18442,Lycus Empire,4,https://www.hltv.org/team/13330/lycus-empire
2025-07-28,157,22878,Nuclear TigeRES,4,https://www.hltv.org/team/13027/nuclear-tigeres
2025-07-28,158,3329,Lilmix,4,https://www.hltv.org/team/9735/lilmix
2025-07-28,159,18090,Aether,4,https://www.hltv.org/team/12908/aether
2025-07-28,160,16946,benched,4,https://www.hltv.org/team/11138/benched
2025-07-28,161,23316,modeame,4,https://www.hltv.org/team/13290/modeame
2025-07-28,162,20815,8Sins,4,https://www.hltv.org/team/13024/8sins
2025-07-28,163,16893,Tsunami,4,https://www.hltv.org/team/12180/tsunami
2025-07-28,164,12736,Bärendienst,4,https://www.hltv.org/team/13299/brendienst
2025-07-28,165,12877,Rooster,4,https://www.hltv.org/team/9881/rooster
2025-07-28,166,20033,Volt,3,https://www.hltv.org/team/13090/volt
2025-07-28,167,11872,FURIA fe,3,https://www.hltv.org/team/10976/furia-fe
2025-07-28,168,21038,Crashers,3,https://www.hltv.org/team/6788/crashers
2025-07-28,169,15818,UNiTY,3,https://www.hltv.org/team/12267/unity
2025-07-28,170,17117,SKYFURY,3,https://www.hltv.org/team/12982/skyfury
2025-07-28,171,22544,Take Flyte,3,https://www.hltv.org/team/11660/take-flyte
2025-07-28,172,9298,1ADL,3,https://www.hltv.org/team/10912/1adl
2025-07-28,173,22283,WiLD,3,https://www.hltv.org/team/4903/wild
2025-07-28,174,22345,Dark Tigers,3,https://www.hltv.org/team/7842/dark-tigers
2025-07-28,175,20029,MIBR Academy,3,https://www.hltv.org/team/3044/mibr-academy
2025-07-28,176,7935,Akimbo,3,https://www.hltv.org/team/12567/akimbo
2025-07-28,177,23001,Change The Game,3,https://www.hltv.org/team/13175/change-the-game
2025-07-28,178,19297,RUSTEC,3,https://www.hltv.org/team/12834/rustec
2025-07-28,179,14954,Animus Victoria,3,https://www.hltv.org/team/13316/animus-victoria
2025-07-28,180,19060,FengDa,3,https://www.hltv.org/team/12899/fengda
2025-07-28,181,22810,MASONIC,3,https://www.hltv.org/team/10867/masonic
2025-07-28,182,22740,Lithuanian Wolves,3,https://www.hltv.org/team/13182/lithuanian-wolves
2025-07-28,183,12102,MIGHT,3,https://www.hltv.org/team/12483/might
2025-07-28,184,5187,Steel Helmet,3,https://www.hltv.org/team/11273/steel-helmet
2025-07-28,185,12600,E9,3,https://www.hltv.org/team/12688/e9
2025-07-28,186,19975,Tropa do KinGui,3,https://www.hltv.org/team/13151/tropa-do-kingui
2025-07-28,187,16902,Outfit 49,3,https://www.hltv.org/team/13294/outfit-49
2025-07-28,188,15317,Illuminar,3,https://www.hltv.org/team/8813/illuminar
2025-07-28,189,20529,KZG,3,https://www.hltv.org/team/12152/kzg
2025-07-28,190,12872,Ground Zero,3,https://www.hltv.org/team/8536/ground-zero
2025-07-28,191,12758,Imperial Valkyries,3,https://www.hltv.org/team/12828/imperial-valkyries
2025-07-28,192,16865,Wanted Goons,3,https://www.hltv.org/team/12971/wanted-goons
2025-07-28,193,1656,Zerance,3,https://www.hltv.org/team/13271/zerance
2025-07-28,194,16811,Young Ninjas,3,https://www.hltv.org/team/10960/young-ninjas
2025-07-28,195,15588,Legion,3,https://www.hltv.org/team/10287/legion
2025-07-28,196,16581,Supernova Comets,3,https://www.hltv.org/team/13146/supernova-comets
2025-07-28,197,12317,Maestro,2,https://www.hltv.org/team/7848/maestro
2025-07-28,198,15060,Eruption,2,https://www.hltv.org/team/12097/eruption
2025-07-28,199,22814,Kronjyllands,2,https://www.hltv.org/team/12797/kronjyllands
2025-07-28,200,20281,Anonymo,2,https://www.hltv.org/team/10973/anonymo
2025-07-28,201,9144,FURY,2,https://www.hltv.org/team/10299/fury
2025-07-28,202,20258,Kaleido,2,https://www.hltv.org/team/13331/kaleido
2025-07-28,203,1572,NIP Impact,2,https://www.hltv.org/team/11917/nip-impact
2025-07-28,204,16167,ScarX,2,https://www.hltv.org/team/13217/scarx
2025-07-28,205,23997,MAGICOS,2,https://www.hltv.org/team/13265/magicos
2025-07-28,206,8503,Mythic,2,https://www.hltv.org/team/5479/mythic
2025-07-28,207,22787,XPERION NXT,2,https://www.hltv.org/team/13032/xperion-nxt
2025-07-28,208,21775,Glitchtech,2,https://www.hltv.org/team/13285/glitchtech
2025-07-28,209,17997,LaChampionsLiga,2,https://www.hltv.org/team/12789/lachampionsliga
2025-07-28,210,9108,Mindfreak,2,https://www.hltv.org/team/11668/mindfreak
2025-07-28,211,20320,Underground,2,https://www.hltv.org/team/12707/underground
2025-07-28,212,13298,Fisher College,2,https://www.hltv.org/team/12769/fisher-college
2025-07-28,213,22566,paiN Academy,2,https://www.hltv.org/team/11905/pain-academy
2025-07-28,214,23252,QUAZAR,2,https://www.hltv.org/team/11312/quazar
2025-07-28,215,22364,Yawara,2,https://www.hltv.org/team/11933/yawara
2025-07-28,216,20006,HAVENs,2,https://www.hltv.org/team/12855/havens
2025-07-28,217,19664,Ursa,2,https://www.hltv.org/team/13231/ursa
2025-07-28,218,23809,GATERON,2,https://www.hltv.org/team/13102/gateron
2025-07-28,219,8850,FlyQuest RED,1,https://www.hltv.org/team/12301/flyquest-red
2025-07-28,220,11532,JERSA,1,https://www.hltv.org/team/13302/jersa
2025-07-28,221,10499,R2,1,https://www.hltv.org/team/13327/r2
2025-07-28,222,22863,BRUTE,1,https://www.hltv.org/team/9139/brute
2025-07-28,223,12237,XP Academy,1,https://www.hltv.org/team/13287/xp-academy
2025-07-28,224,24096,CSDE,1,https://www.hltv.org/team/13087/csde
2025-07-28,225,24043,seoul,1,https://www.hltv.org/team/13194/seoul
2025-07-28,226,24310,XDM,1,https://www.hltv.org/team/13242/xdm
2025-07-28,227,24298,Bad Luck,1,https://www.hltv.org/team/13342/bad-luck
2025-07-28,228,15762,Victores Sumus,1,https://www.hltv.org/team/12929/victores-sumus
2025-07-28,229,12010,Reveal,1,https://www.hltv.org/team/12287/reveal
2025-07-28,230,21213,BASEMENT BOYS,1,https://www.hltv.org/team/13181/basement-boys
2025-07-28,231,17644,Rounds,1,https://www.hltv.org/team/12457/rounds
2025-07-28,232,24024,GENESIS,1,https://www.hltv.org/team/13076/genesis
2025-07-28,233,25194,drosselfamily,1,https://www.hltv.org/team/13334/drosselfamily
2025-07-28,234,17071,girl kissers,1,https://www.hltv.org/team/13270/girl-kissers
2025-07-28,235,23828,RED Canids Academy,1,https://www.hltv.org/team/13029/red-canids-academy
2025-07-28,236,20582,DOG,1,https://www.hltv.org/team/13317/dog
2025-07-28,237,9616,MINLATE,1,https://www.hltv.org/team/6626/minlate
2025-07-28,238,798,ALGO,1,https://www.hltv.org/team/13163/algo
2025-07-28,239,16343,Messitas,1,https://www.hltv.org/team/13144/messitas
2025-07-28,240,11215,MIBR fe,1,https://www.hltv.org/team/10975/mibr-fe
2025-07-28,241,19028,TSG,1,https://www.hltv.org/team/13328/tsg
2025-07-28,242,19981,Grannys Knockers,1,https://www.hltv.org/team/12805/grannys-knockers
2025-07-28,243,22972,LE-LUX,1,https://www.hltv.org/team/12731/le-lux
2025-07-28,244,22498,Sangal Academy,1,https://www.hltv.org/team/13301/sangal-academy
2025-07-28,245,22589,regain,1,https://www.hltv.org/team/12554/regain
2025-07-28,246,6536,BURN,1,https://www.hltv.org/team/13228/burn
2025-07-28,247,17846,WahWah,1,https://www.hltv.org/team/11878/wahwah
2025-07-28,248,14950,DXA,1,https://www.hltv.org/team/12276/dxa
2025-07-28,249,19290,2070,1,https://www.hltv.org/team/13052/2070
2025-07-28,250,25042,LASED,0,https://www.hltv.org/team/13268/lased
2025-07-28,251,8640,Ghost,0,https://www.hltv.org/team/7801/ghost
2025-07-28,252,20411,CSKejsaren,0,https://www.hltv.org/team/13289/cskejsaren
2025-07-28,253,22028,CS2News Ladies,0,https://www.hltv.org/team/13168/cs2news-ladies
2025-07-28,254,23050,AKA HERO KAJO,0,https://www.hltv.org/team/13142/aka-hero-kajo
2025-07-21,1,7322,Vitality,1000,https://www.hltv.org/team/9565/vitality
2025-07-21,2,13666,MOUZ,534,https://www.hltv.org/team/4494/mouz
2025-07-21,3,20194,The MongolZ,459,https://www.hltv.org/team/6248/the-mongolz
2025-07-21,4,7716,Spirit,406,https://www.hltv.org/team/7020/spirit
2025-07-21,5,150,Aurora,290,https://www.hltv.org/team/11861/aurora
2025-07-21,6,3741,Falcons,274,https://www.hltv.org/team/11283/falcons
2025-07-21,7,9816,Natus Vincere,238,https://www.hltv.org/team/4608/natus-vincere
2025-07-21,8,429,FaZe,218,https://www.hltv.org/team/6667/faze
2025-07-21,9,2023,FURIA,205,https://www.hltv.org/team/8297/furia
2025-07-21,10,14736,paiN,193,https://www.hltv.org/team/4773/pain
2025-07-21,11,7592,Astralis,175,https://www.hltv.org/team/6665/astralis
2025-07-21,12,3972,G2,149,https://www.hltv.org/team/5995/g2
2025-07-21,13,9278,GamerLegion,138,https://www.hltv.org/team/9928/gamerlegion
2025-07-21,14,8374,3DMAX,127,https://www.hltv.org/team/4914/3dmax
2025-07-21,15,8918,Virtus.pro,122,https://www.hltv.org/team/5378/virtuspro
2025-07-21,16,8552,TYLOO,118,https://www.hltv.org/team/4863/tyloo
2025-07-21,17,15698,Legacy,115,https://www.hltv.org/team/12468/legacy
2025-07-21,18,8520,Liquid,100,https://www.hltv.org/team/5973/liquid
2025-07-21,19,16551,Lynn Vision,100,https://www.hltv.org/team/8840/lynn-vision
2025-07-21,20,11154,MIBR,81,https://www.hltv.org/team/9215/mibr
2025-07-21,21,19310,HEROIC,81,https://www.hltv.org/team/7175/heroic
2025-07-21,22,19592,B8,71,https://www.hltv.org/team/11241/b8
2025-07-21,23,11630,Complexity,70,https://www.hltv.org/team/5005/complexity
2025-07-21,24,11840,BetBoom,58,https://www.hltv.org/team/12394/betboom
2025-07-21,25,5794,BIG,57,https://www.hltv.org/team/7532/big
2025-07-21,26,630,SAW,55,https://www.hltv.org/team/10567/saw
2025-07-21,27,20387,Nemiga,52,https://www.hltv.org/team/7969/nemiga
2025-07-21,28,922,Ninjas in Pyjamas,46,https://www.hltv.org/team/4411/ninjas-in-pyjamas
2025-07-21,29,15370,M80,36,https://www.hltv.org/team/12376/m80
2025-07-21,30,22643,TNL,34,https://www.hltv.org/team/12833/tnl
2025-07-21,31,8711,Wildcard,34,https://www.hltv.org/team/12257/wildcard
2025-07-21,32,16885,Passion UA,32,https://www.hltv.org/team/12426/passion-ua
2025-07-21,33,10961,ECSTATIC,32,https://www.hltv.org/team/11419/ecstatic
2025-07-21,34,4679,FlyQuest,31,https://www.hltv.org/team/12774/flyquest
2025-07-21,35,14390,ODDIK,30,https://www.hltv.org/team/11768/oddik
2025-07-21,36,18752,HOTU,29,https://www.hltv.org/team/11581/hotu
2025-07-21,37,13602,OG,28,https://www.hltv.org/team/10503/og
2025-07-21,38,10566,Imperial,24,https://www.hltv.org/team/9455/imperial
2025-07-21,39,7528,fnatic,24,https://www.hltv.org/team/4991/fnatic
2025-07-21,40,7687,NRG,24,https://www.hltv.org/team/6673/nrg
2025-07-21,41,13776,PARIVISION,23,https://www.hltv.org/team/12467/parivision
2025-07-21,42,20584,ex-NAVI Junior,21,https://www.hltv.org/team/13332/ex-navi-junior
2025-07-21,43,19229,Chinggis Warriors,21,https://www.hltv.org/team/12646/chinggis-warriors
2025-07-21,44,12521,Fluxo,21,https://www.hltv.org/team/11837/fluxo
2025-07-21,45,8371,Iberian Soul,19,https://www.hltv.org/team/13104/iberian-soul
2025-07-21,46,7412,ENCE,19,https://www.hltv.org/team/4869/ence
2025-07-21,47,13843,Sashi,19,https://www.hltv.org/team/11712/sashi
2025-07-21,48,7443,Alliance,18,https://www.hltv.org/team/12474/alliance
2025-07-21,49,7028,Rare Atom,16,https://www.hltv.org/team/11514/rare-atom
2025-07-21,50,17508,CYBERSHOKE,16,https://www.hltv.org/team/12380/cybershoke
2025-07-21,51,5351,Zero Tenacity,15,https://www.hltv.org/team/11523/zero-tenacity
2025-07-21,52,3669,KOLESIE,15,https://www.hltv.org/team/13314/kolesie
2025-07-21,53,1206,Nexus,15,https://www.hltv.org/team/7187/nexus
2025-07-21,54,10449,JiJieHao,15,https://www.hltv.org/team/10245/jijiehao
2025-07-21,55,22864,Spirit Academy,14,https://www.hltv.org/team/7900/spirit-academy
2025-07-21,56,3459,TPuDCATb TPu,14,https://www.hltv.org/team/13297/tpudcatb-tpu
2025-07-21,57,20558,Sharks,14,https://www.hltv.org/team/8113/sharks
2025-07-21,58,15203,ESC,14,https://www.hltv.org/team/4532/esc
2025-07-21,59,14494,BLUEJAYS,14,https://www.hltv.org/team/5347/bluejays
2025-07-21,60,2898,9INE,13,https://www.hltv.org/team/10278/9ine
2025-07-21,61,15060,Eruption,13,https://www.hltv.org/team/12097/eruption
2025-07-21,62,13026,Partizan,13,https://www.hltv.org/team/11838/partizan
2025-07-21,63,12092,9z,12,https://www.hltv.org/team/9996/9z
2025-07-21,64,9618,BC.Game,12,https://www.hltv.org/team/12878/bcgame
2025-07-21,65,2131,FAVBET,12,https://www.hltv.org/team/12818/favbet
2025-07-21,66,12004,Sangal,12,https://www.hltv.org/team/10333/sangal
2025-07-21,67,13240,GUN5,12,https://www.hltv.org/team/12471/gun5
2025-07-21,68,20956,RUBY,12,https://www.hltv.org/team/12694/ruby
2025-07-21,69,15072,The Huns,12,https://www.hltv.org/team/12510/the-huns
2025-07-21,70,16080,Betclic,11,https://www.hltv.org/team/12916/betclic
2025-07-21,71,9216,RED Canids,11,https://www.hltv.org/team/7176/red-canids
2025-07-21,72,17316,Betera,10,https://www.hltv.org/team/12431/betera
2025-07-21,73,12937,Marsborne,10,https://www.hltv.org/team/13124/marsborne
2025-07-21,74,9255,Johnny Speeds,9,https://www.hltv.org/team/12604/johnny-speeds
2025-07-21,75,8891,Tricked,9,https://www.hltv.org/team/4602/tricked
2025-07-21,76,19926,Monte,9,https://www.hltv.org/team/11811/monte
2025-07-21,77,10330,m1x,9,https://www.hltv.org/team/7376/m1x
2025-07-21,78,6593,2GAME,9,https://www.hltv.org/team/12491/2game
2025-07-21,79,9896,The Last Resort,8,https://www.hltv.org/team/6089/the-last-resort
2025-07-21,80,21431,AMKAL,8,https://www.hltv.org/team/12586/amkal
2025-07-21,81,2161,BESTIA,8,https://www.hltv.org/team/12144/bestia
2025-07-21,82,10892,Getting Info,8,https://www.hltv.org/team/13106/getting-info
2025-07-21,83,20199,SPARTA,8,https://www.hltv.org/team/13214/sparta
2025-07-21,84,23637,VP.Prodigy,8,https://www.hltv.org/team/10864/vpprodigy
2025-07-21,85,13669,Metizport,8,https://www.hltv.org/team/11641/metizport
2025-07-21,86,13317,ECLOT,8,https://www.hltv.org/team/7441/eclot
2025-07-21,87,20336,NXT,8,https://www.hltv.org/team/13303/nxt
2025-07-21,88,21574,AaB,8,https://www.hltv.org/team/9621/aab
2025-07-21,89,18447,ARCRED,8,https://www.hltv.org/team/10459/arcred
2025-07-21,90,14799,LAG,8,https://www.hltv.org/team/11955/lag
2025-07-21,91,11219,500,8,https://www.hltv.org/team/12000/500
2025-07-21,92,16753,CPH Wolves,8,https://www.hltv.org/team/4548/cph-wolves
2025-07-21,93,8528,1win,7,https://www.hltv.org/team/10621/1win
2025-07-21,94,3849,EYEBALLERS,7,https://www.hltv.org/team/11737/eyeballers
2025-07-21,95,12777,MANA,7,https://www.hltv.org/team/13310/mana
2025-07-21,96,11139,SemperFi,7,https://www.hltv.org/team/12901/semperfi
2025-07-21,97,21367,FORZE Reload,7,https://www.hltv.org/team/12857/forze-reload
2025-07-21,98,9353,Fire Flux,7,https://www.hltv.org/team/12960/fire-flux
2025-07-21,99,15062,IHC,7,https://www.hltv.org/team/11585/ihc
2025-07-21,100,13689,Chicken Coop,7,https://www.hltv.org/team/13107/chicken-coop
2025-07-21,101,20330,InControl,7,https://www.hltv.org/team/7720/incontrol
2025-07-21,102,20071,Reason,7,https://www.hltv.org/team/4822/reason
2025-07-21,103,8575,Eternal Fire,7,https://www.hltv.org/team/11251/eternal-fire
2025-07-21,104,11213,Flamengo,7,https://www.hltv.org/team/12065/flamengo
2025-07-21,105,14394,Bounty Hunters,6,https://www.hltv.org/team/12776/bounty-hunters
2025-07-21,106,8429,hypewrld,6,https://www.hltv.org/team/12570/hypewrld
2025-07-21,107,18510,Insilio,6,https://www.hltv.org/team/12124/insilio
2025-07-21,108,10827,GameHunters,6,https://www.hltv.org/team/12988/gamehunters
2025-07-21,109,17561,UR,6,https://www.hltv.org/team/13116/ur
2025-07-21,110,9483,SELVA,6,https://www.hltv.org/team/12447/selva
2025-07-21,111,9221,KRÜ,6,https://www.hltv.org/team/10900/kr
2025-07-21,112,6553,Keyd Stars,6,https://www.hltv.org/team/6033/keyd-stars
2025-07-21,113,11199,SINNERS,6,https://www.hltv.org/team/10577/sinners
2025-07-21,114,20054,Rhyno,6,https://www.hltv.org/team/10947/rhyno
2025-07-21,115,7775,fish123,6,https://www.hltv.org/team/6298/fish123
2025-07-21,116,13287,Elevate,5,https://www.hltv.org/team/5775/elevate
2025-07-21,117,20421,Leo,5,https://www.hltv.org/team/11446/leo
2025-07-21,118,284,FUT,5,https://www.hltv.org/team/13286/fut
2025-07-21,119,20129,way2go,5,https://www.hltv.org/team/13080/way2go
2025-07-21,120,9482,ex-W7M,5,https://www.hltv.org/team/13288/ex-w7m
2025-07-21,121,19575,K27,5,https://www.hltv.org/team/12895/k27
2025-07-21,122,15732,Bushido Wildcats,5,https://www.hltv.org/team/13281/bushido-wildcats
2025-07-21,123,18101,Marius,5,https://www.hltv.org/team/13291/marius
2025-07-21,124,19079,BOSS,5,https://www.hltv.org/team/12534/boss
2025-07-21,125,11013,WOPA,5,https://www.hltv.org/team/12787/wopa
2025-07-21,126,19173,G2 Ares,5,https://www.hltv.org/team/12889/g2-ares
2025-07-21,127,18554,Dusty Roots,5,https://www.hltv.org/team/12548/dusty-roots
2025-07-21,128,22476,QMISTRY,5,https://www.hltv.org/team/13245/qmistry
2025-07-21,129,11258,Prestige,5,https://www.hltv.org/team/13159/prestige
2025-07-21,130,11940,NOVAQ,4,https://www.hltv.org/team/13178/novaq
2025-07-21,131,21909,undeRRRated,4,https://www.hltv.org/team/13225/underrrated
2025-07-21,132,23237,Wildcard Academy,4,https://www.hltv.org/team/13127/wildcard-academy
2025-07-21,133,14010,LP,4,https://www.hltv.org/team/13304/lp
2025-07-21,134,12877,Rooster,4,https://www.hltv.org/team/9881/rooster
2025-07-21,135,13914,Cyber Empire,4,https://www.hltv.org/team/13249/cyber-empire
2025-07-21,136,17324,anything else,4,https://www.hltv.org/team/13206/anything-else
2025-07-21,137,11278,Phantom,4,https://www.hltv.org/team/13173/phantom
2025-07-21,138,20475,ex-SABRE,4,https://www.hltv.org/team/13298/ex-sabre
2025-07-21,139,21445,Hesta,4,https://www.hltv.org/team/13153/hesta
2025-07-21,140,20521,Galorys,4,https://www.hltv.org/team/12677/galorys
2025-07-21,141,17450,Nordix,4,https://www.hltv.org/team/12766/nordix
2025-07-21,142,18150,NomadS,4,https://www.hltv.org/team/12900/nomads
2025-07-21,143,10722,Wings Up,4,https://www.hltv.org/team/10851/wings-up
2025-07-21,144,21331,GenOne,4,https://www.hltv.org/team/11609/genone
2025-07-21,145,22176,ROSY,4,https://www.hltv.org/team/13300/rosy
2025-07-21,146,19872,ShindeN,4,https://www.hltv.org/team/12959/shinden
2025-07-21,147,22136,ENERGYULTRA,4,https://www.hltv.org/team/12253/energyultra
2025-07-21,148,9214,Marca Registrada,4,https://www.hltv.org/team/12927/marca-registrada
2025-07-21,149,19284,BIG Academy,4,https://www.hltv.org/team/10254/big-academy
2025-07-21,150,13250,Party Astronauts,4,https://www.hltv.org/team/8038/party-astronauts
2025-07-21,151,7131,Alter Ego,4,https://www.hltv.org/team/9958/alter-ego
2025-07-21,152,21930,ENCE Academy,4,https://www.hltv.org/team/11790/ence-academy
2025-07-21,153,23545,ASTRAL,4,https://www.hltv.org/team/13333/astral
2025-07-21,154,23316,modeame,3,https://www.hltv.org/team/13290/modeame
2025-07-21,155,20946,BAKS,3,https://www.hltv.org/team/11699/baks
2025-07-21,156,15818,UNiTY,3,https://www.hltv.org/team/12267/unity
2025-07-21,157,21575,HEROIC Academy,3,https://www.hltv.org/team/13233/heroic-academy
2025-07-21,158,19060,FengDa,3,https://www.hltv.org/team/12899/fengda
2025-07-21,159,16147,kONO,3,https://www.hltv.org/team/12858/kono
2025-07-21,160,4829,Inner Circle,3,https://www.hltv.org/team/13117/inner-circle
2025-07-21,161,18146,The QUBE,3,https://www.hltv.org/team/12825/the-qube
2025-07-21,162,12588,ex-TALON,3,https://www.hltv.org/team/13212/ex-talon
2025-07-21,163,22878,Nuclear TigeRES,3,https://www.hltv.org/team/13027/nuclear-tigeres
2025-07-21,164,3329,Lilmix,3,https://www.hltv.org/team/9735/lilmix
2025-07-21,165,10828,Players,3,https://www.hltv.org/team/11711/players
2025-07-21,166,16946,benched,3,https://www.hltv.org/team/11138/benched
2025-07-21,167,16893,Tsunami,3,https://www.hltv.org/team/12180/tsunami
2025-07-21,168,20815,8Sins,3,https://www.hltv.org/team/13024/8sins
2025-07-21,169,12736,Bärendienst,3,https://www.hltv.org/team/13299/brendienst
2025-07-21,170,20033,Volt,3,https://www.hltv.org/team/13090/volt
2025-07-21,171,11872,FURIA fe,3,https://www.hltv.org/team/10976/furia-fe
2025-07-21,172,12758,Imperial Valkyries,3,https://www.hltv.org/team/12828/imperial-valkyries
2025-07-21,173,18090,Aether,3,https://www.hltv.org/team/12908/aether
2025-07-21,174,18442,Lycus Empire,3,https://www.hltv.org/team/13330/lycus-empire
2025-07-21,175,17117,SKYFURY,3,https://www.hltv.org/team/12982/skyfury
2025-07-21,176,9298,1ADL,3,https://www.hltv.org/team/10912/1adl
2025-07-21,177,19831,Crashers,3,https://www.hltv.org/team/6788/crashers
2025-07-21,178,22283,WiLD,3,https://www.hltv.org/team/4903/wild
2025-07-21,179,23226,Take Flyte,3,https://www.hltv.org/team/11660/take-flyte
2025-07-21,180,22345,Dark Tigers,3,https://www.hltv.org/team/7842/dark-tigers
2025-07-21,181,7935,Akimbo,3,https://www.hltv.org/team/12567/akimbo
2025-07-21,182,21931,CSDIILIT,3,https://www.hltv.org/team/13340/csdiilit
2025-07-21,183,19297,RUSTEC,3,https://www.hltv.org/team/12834/rustec
2025-07-21,184,23001,Change The Game,3,https://www.hltv.org/team/13175/change-the-game
2025-07-21,185,14954,Animus Victoria,3,https://www.hltv.org/team/13316/animus-victoria
2025-07-21,186,20238,Only One Word,2,https://www.hltv.org/team/11263/only-one-word
2025-07-21,187,22810,MASONIC,2,https://www.hltv.org/team/10867/masonic
2025-07-21,188,12872,Housebets,2,https://www.hltv.org/team/12921/housebets
2025-07-21,189,22740,Lithuanian Wolves,2,https://www.hltv.org/team/13182/lithuanian-wolves
2025-07-21,190,5187,Steel Helmet,2,https://www.hltv.org/team/11273/steel-helmet
2025-07-21,191,12102,MIGHT,2,https://www.hltv.org/team/12483/might
2025-07-21,192,12600,E9,2,https://www.hltv.org/team/12688/e9
2025-07-21,193,19975,Tropa do KinGui,2,https://www.hltv.org/team/13151/tropa-do-kingui
2025-07-21,194,20029,MIBR Academy,2,https://www.hltv.org/team/3044/mibr-academy
2025-07-21,195,16902,Outfit 49,2,https://www.hltv.org/team/13294/outfit-49
2025-07-21,196,15317,Illuminar,2,https://www.hltv.org/team/8813/illuminar
2025-07-21,197,20529,KZG,2,https://www.hltv.org/team/12152/kzg
2025-07-21,198,16865,Wanted Goons,2,https://www.hltv.org/team/12971/wanted-goons
2025-07-21,199,16581,Supernova Comets,2,https://www.hltv.org/team/13146/supernova-comets
2025-07-21,200,1656,Zerance,2,https://www.hltv.org/team/13271/zerance
2025-07-21,201,16811,Young Ninjas,2,https://www.hltv.org/team/10960/young-ninjas
2025-07-21,202,20437,megoshort,2,https://www.hltv.org/team/11018/megoshort
2025-07-21,203,22814,Kronjyllands,2,https://www.hltv.org/team/12797/kronjyllands
2025-07-21,204,20281,Anonymo,2,https://www.hltv.org/team/10973/anonymo
2025-07-21,205,9144,FURY,2,https://www.hltv.org/team/10299/fury
2025-07-21,206,20258,Kaleido,2,https://www.hltv.org/team/13331/kaleido
2025-07-21,207,23997,MAGICOS,2,https://www.hltv.org/team/13265/magicos
2025-07-21,208,1572,NIP Impact,2,https://www.hltv.org/team/11917/nip-impact
2025-07-21,209,22364,Yawara,2,https://www.hltv.org/team/11933/yawara
2025-07-21,210,12317,Maestro,2,https://www.hltv.org/team/7848/maestro
2025-07-21,211,8503,Mythic,2,https://www.hltv.org/team/5479/mythic
2025-07-21,212,22787,XPERION NXT,2,https://www.hltv.org/team/13032/xperion-nxt
2025-07-21,213,17997,LaChampionsLiga,2,https://www.hltv.org/team/12789/lachampionsliga
2025-07-21,214,21775,Glitchtech,2,https://www.hltv.org/team/13285/glitchtech
2025-07-21,215,9108,Mindfreak,2,https://www.hltv.org/team/11668/mindfreak
2025-07-21,216,9818,HAVU,2,https://www.hltv.org/team/7865/havu
2025-07-21,217,20320,Underground,2,https://www.hltv.org/team/12707/underground
2025-07-21,218,23252,QUAZAR,2,https://www.hltv.org/team/11312/quazar
2025-07-21,219,22529,XI,2,https://www.hltv.org/team/8947/xi
2025-07-21,220,22566,paiN Academy,1,https://www.hltv.org/team/11905/pain-academy
2025-07-21,221,23386,ALLINNERS,1,https://www.hltv.org/team/12812/allinners
2025-07-21,222,20006,HAVENs,1,https://www.hltv.org/team/12855/havens
2025-07-21,223,19664,Ursa,1,https://www.hltv.org/team/13231/ursa
2025-07-21,224,11532,Infinity,1,https://www.hltv.org/team/9963/infinity
2025-07-21,225,22655,ODDIK Academy,1,https://www.hltv.org/team/13264/oddik-academy
2025-07-21,226,23809,GATERON,1,https://www.hltv.org/team/13102/gateron
2025-07-21,227,13298,Fisher College,1,https://www.hltv.org/team/12769/fisher-college
2025-07-21,228,8850,FlyQuest RED,1,https://www.hltv.org/team/12301/flyquest-red
2025-07-21,229,12898,Victores Sumus,1,https://www.hltv.org/team/12929/victores-sumus
2025-07-21,230,22863,BRUTE,1,https://www.hltv.org/team/9139/brute
2025-07-21,231,19563,Flshbck,1,https://www.hltv.org/team/13189/flshbck
2025-07-21,232,12237,XP Academy,1,https://www.hltv.org/team/13287/xp-academy
2025-07-21,233,24096,CSDE,1,https://www.hltv.org/team/13087/csde
2025-07-21,234,24043,seoul,1,https://www.hltv.org/team/13194/seoul
2025-07-21,235,24310,XDM,1,https://www.hltv.org/team/13242/xdm
2025-07-21,236,12010,Reveal,1,https://www.hltv.org/team/12287/reveal
2025-07-21,237,21213,BASEMENT BOYS,1,https://www.hltv.org/team/13181/basement-boys
2025-07-21,238,17644,Rounds,1,https://www.hltv.org/team/12457/rounds
2025-07-21,239,25194,drosselfamily,1,https://www.hltv.org/team/13334/drosselfamily
2025-07-21,240,23828,RED Canids Academy,1,https://www.hltv.org/team/13029/red-canids-academy
2025-07-21,241,17071,girl kissers,1,https://www.hltv.org/team/13270/girl-kissers
2025-07-21,242,20582,DOG,1,https://www.hltv.org/team/13317/dog
2025-07-21,243,9616,MINLATE,1,https://www.hltv.org/team/6626/minlate
2025-07-21,244,798,ALGO,1,https://www.hltv.org/team/13163/algo
2025-07-21,245,16343,Messitas,1,https://www.hltv.org/team/13144/messitas
2025-07-21,246,11215,MIBR fe,1,https://www.hltv.org/team/10975/mibr-fe
2025-07-21,247,19028,TSG,1,https://www.hltv.org/team/13328/tsg
2025-07-21,248,19981,Grannys Knockers,1,https://www.hltv.org/team/12805/grannys-knockers
2025-07-21,249,22972,LE-LUX,1,https://www.hltv.org/team/12731/le-lux
2025-07-21,250,22498,Sangal Academy,1,https://www.hltv.org/team/13301/sangal-academy
2025-07-21,251,24024,GENESIS,1,https://www.hltv.org/team/13076/genesis
2025-07-21,252,6536,BURN,0,https://www.hltv.org/team/13228/burn
2025-07-21,253,17846,WahWah,0,https://www.hltv.org/team/11878/wahwah
2025-07-21,254,14950,DXA,0,https://www.hltv.org/team/12276/dxa
2025-07-21,255,19290,2070,0,https://www.hltv.org/team/13052/2070
2025-07-21,256,25042,LASED,0,https://www.hltv.org/team/13268/lased
2025-07-21,257,8640,Ghost,0,https://www.hltv.org/team/7801/ghost
2025-07-21,258,24256,Arrow,0,https://www.hltv.org/team/12764/arrow
2025-07-21,259,20411,CSKejsaren,0,https://www.hltv.org/team/13289/cskejsaren
2025-07-21,260,22028,CS2News Ladies,0,https://www.hltv.org/team/13168/cs2news-ladies
2025-07-21,261,23050,AKA HERO KAJO,0,https://www.hltv.org/team/13142/aka-hero-kajo
2025-07-14,1,7322,Vitality,1000,https://www.hltv.org/team/9565/vitality
2025-07-14,2,13666,MOUZ,535,https://www.hltv.org/team/4494/mouz
2025-07-14,3,20194,The MongolZ,459,https://www.hltv.org/team/6248/the-mongolz
2025-07-14,4,7716,Spirit,408,https://www.hltv.org/team/7020/spirit
2025-07-14,5,150,Aurora,291,https://www.hltv.org/team/11861/aurora
2025-07-14,6,3741,Falcons,274,https://www.hltv.org/team/11283/falcons
2025-07-14,7,9816,Natus Vincere,240,https://www.hltv.org/team/4608/natus-vincere
2025-07-14,8,429,FaZe,219,https://www.hltv.org/team/6667/faze
2025-07-14,9,2023,FURIA,212,https://www.hltv.org/team/8297/furia
2025-07-14,10,14736,paiN,194,https://www.hltv.org/team/4773/pain
2025-07-14,11,3972,G2,149,https://www.hltv.org/team/5995/g2
2025-07-14,12,7592,Astralis,138,https://www.hltv.org/team/6665/astralis
2025-07-14,13,8918,Virtus.pro,130,https://www.hltv.org/team/5378/virtuspro
2025-07-14,14,9278,GamerLegion,126,https://www.hltv.org/team/9928/gamerlegion
2025-07-14,15,8374,3DMAX,114,https://www.hltv.org/team/4914/3dmax
2025-07-14,16,15698,Legacy,113,https://www.hltv.org/team/12468/legacy
2025-07-14,17,8520,Liquid,104,https://www.hltv.org/team/5973/liquid
2025-07-14,18,19310,HEROIC,87,https://www.hltv.org/team/7175/heroic
2025-07-14,19,11154,MIBR,80,https://www.hltv.org/team/9215/mibr
2025-07-14,20,16551,Lynn Vision,79,https://www.hltv.org/team/8840/lynn-vision
2025-07-14,21,19592,B8,71,https://www.hltv.org/team/11241/b8
2025-07-14,22,8552,TYLOO,56,https://www.hltv.org/team/4863/tyloo
2025-07-14,23,20387,Nemiga,52,https://www.hltv.org/team/7969/nemiga
2025-07-14,24,11630,Complexity,51,https://www.hltv.org/team/5005/complexity
2025-07-14,25,5794,BIG,49,https://www.hltv.org/team/7532/big
2025-07-14,26,922,Ninjas in Pyjamas,46,https://www.hltv.org/team/4411/ninjas-in-pyjamas
2025-07-14,27,8711,Wildcard,34,https://www.hltv.org/team/12257/wildcard
2025-07-14,28,14390,ODDIK,33,https://www.hltv.org/team/11768/oddik
2025-07-14,29,18752,HOTU,33,https://www.hltv.org/team/11581/hotu
2025-07-14,30,15370,M80,32,https://www.hltv.org/team/12376/m80
2025-07-14,31,10961,ECSTATIC,32,https://www.hltv.org/team/11419/ecstatic
2025-07-14,32,16885,Passion UA,31,https://www.hltv.org/team/12426/passion-ua
2025-07-14,33,4679,FlyQuest,31,https://www.hltv.org/team/12774/flyquest
2025-07-14,34,11840,BetBoom,30,https://www.hltv.org/team/12394/betboom
2025-07-14,35,13602,OG,27,https://www.hltv.org/team/10503/og
2025-07-14,36,22643,TNL,27,https://www.hltv.org/team/12833/tnl
2025-07-14,37,7528,fnatic,24,https://www.hltv.org/team/4991/fnatic
2025-07-14,38,7687,NRG,23,https://www.hltv.org/team/6673/nrg
2025-07-14,39,10566,Imperial,21,https://www.hltv.org/team/9455/imperial
2025-07-14,40,19229,Chinggis Warriors,21,https://www.hltv.org/team/12646/chinggis-warriors
2025-07-14,41,20584,ex-NAVI Junior,20,https://www.hltv.org/team/13332/ex-navi-junior
2025-07-14,42,7412,ENCE,19,https://www.hltv.org/team/4869/ence
2025-07-14,43,10449,JiJieHao,18,https://www.hltv.org/team/10245/jijiehao
2025-07-14,44,13776,PARIVISION,17,https://www.hltv.org/team/12467/parivision
2025-07-14,45,8371,Iberian Soul,17,https://www.hltv.org/team/13104/iberian-soul
2025-07-14,46,17508,CYBERSHOKE,16,https://www.hltv.org/team/12380/cybershoke
2025-07-14,47,630,SAW,16,https://www.hltv.org/team/10567/saw
2025-07-14,48,13843,Sashi,15,https://www.hltv.org/team/11712/sashi
2025-07-14,49,12521,Fluxo,15,https://www.hltv.org/team/11837/fluxo
2025-07-14,50,1206,Nexus,15,https://www.hltv.org/team/7187/nexus
2025-07-14,51,5351,Zero Tenacity,15,https://www.hltv.org/team/11523/zero-tenacity
2025-07-14,52,22864,Spirit Academy,14,https://www.hltv.org/team/7900/spirit-academy
2025-07-14,53,7443,Alliance,14,https://www.hltv.org/team/12474/alliance
2025-07-14,54,7028,Rare Atom,14,https://www.hltv.org/team/11514/rare-atom
2025-07-14,55,15060,Eruption,13,https://www.hltv.org/team/12097/eruption
2025-07-14,56,3459,TPuDCATb TPu,13,https://www.hltv.org/team/13297/tpudcatb-tpu
2025-07-14,57,2898,9INE,13,https://www.hltv.org/team/10278/9ine
2025-07-14,58,9618,BC.Game,12,https://www.hltv.org/team/12878/bcgame
2025-07-14,59,12004,Sangal,12,https://www.hltv.org/team/10333/sangal
2025-07-14,60,2131,FAVBET,12,https://www.hltv.org/team/12818/favbet
2025-07-14,61,15203,ESC,12,https://www.hltv.org/team/4532/esc
2025-07-14,62,15072,The Huns,12,https://www.hltv.org/team/12510/the-huns
2025-07-14,63,13026,Partizan,11,https://www.hltv.org/team/11838/partizan
2025-07-14,64,20558,Sharks,11,https://www.hltv.org/team/8113/sharks
2025-07-14,65,17316,Betera,11,https://www.hltv.org/team/12431/betera
2025-07-14,66,13240,GUN5,10,https://www.hltv.org/team/12471/gun5
2025-07-14,67,12092,9z,10,https://www.hltv.org/team/9996/9z
2025-07-14,68,14494,BLUEJAYS,10,https://www.hltv.org/team/5347/bluejays
2025-07-14,69,9255,Johnny Speeds,9,https://www.hltv.org/team/12604/johnny-speeds
2025-07-14,70,10330,m1x,9,https://www.hltv.org/team/7376/m1x
2025-07-14,71,8891,Tricked,9,https://www.hltv.org/team/4602/tricked
2025-07-14,72,19926,Monte,9,https://www.hltv.org/team/11811/monte
2025-07-14,73,9216,RED Canids,9,https://www.hltv.org/team/7176/red-canids
2025-07-14,74,20956,RUBY,9,https://www.hltv.org/team/12694/ruby
2025-07-14,75,16080,Betclic,9,https://www.hltv.org/team/12916/betclic
2025-07-14,76,2161,BESTIA,8,https://www.hltv.org/team/12144/bestia
2025-07-14,77,21431,AMKAL,8,https://www.hltv.org/team/12586/amkal
2025-07-14,78,16753,CPH Wolves,8,https://www.hltv.org/team/4548/cph-wolves
2025-07-14,79,13669,Metizport,8,https://www.hltv.org/team/11641/metizport
2025-07-14,80,18447,ARCRED,8,https://www.hltv.org/team/10459/arcred
2025-07-14,81,11219,500,8,https://www.hltv.org/team/12000/500
2025-07-14,82,19069,ECLOT,7,https://www.hltv.org/team/7441/eclot
2025-07-14,83,8528,1win,7,https://www.hltv.org/team/10621/1win
2025-07-14,84,12937,Marsborne,7,https://www.hltv.org/team/13124/marsborne
2025-07-14,85,12777,MANA,7,https://www.hltv.org/team/13310/mana
2025-07-14,86,6593,2GAME,7,https://www.hltv.org/team/12491/2game
2025-07-14,87,21367,FORZE Reload,7,https://www.hltv.org/team/12857/forze-reload
2025-07-14,88,20071,Reason,7,https://www.hltv.org/team/4822/reason
2025-07-14,89,9896,WildLotus,7,https://www.hltv.org/team/13184/wildlotus
2025-07-14,90,18510,Insilio,7,https://www.hltv.org/team/12124/insilio
2025-07-14,91,9353,Fire Flux,7,https://www.hltv.org/team/12960/fire-flux
2025-07-14,92,15062,IHC,7,https://www.hltv.org/team/11585/ihc
2025-07-14,93,20199,SPARTA,7,https://www.hltv.org/team/13214/sparta
2025-07-14,94,8575,Eternal Fire,7,https://www.hltv.org/team/11251/eternal-fire
2025-07-14,95,11213,Flamengo,7,https://www.hltv.org/team/12065/flamengo
2025-07-14,96,3849,EYEBALLERS,6,https://www.hltv.org/team/11737/eyeballers
2025-07-14,97,14394,Bounty Hunters,6,https://www.hltv.org/team/12776/bounty-hunters
2025-07-14,98,9221,KRÜ,6,https://www.hltv.org/team/10900/kr
2025-07-14,99,11139,SemperFi,6,https://www.hltv.org/team/12901/semperfi
2025-07-14,100,17561,UR,6,https://www.hltv.org/team/13116/ur
2025-07-14,101,14799,LAG,6,https://www.hltv.org/team/11955/lag
2025-07-14,102,7775,fish123,6,https://www.hltv.org/team/6298/fish123
2025-07-14,103,8429,hypewrld,6,https://www.hltv.org/team/12570/hypewrld
2025-07-14,104,11199,SINNERS,6,https://www.hltv.org/team/10577/sinners
2025-07-14,105,20054,Rhyno,6,https://www.hltv.org/team/10947/rhyno
2025-07-14,106,20421,Leo,6,https://www.hltv.org/team/11446/leo
2025-07-14,107,20336,NXT,5,https://www.hltv.org/team/13303/nxt
2025-07-14,108,11739,ex-W7M,5,https://www.hltv.org/team/13288/ex-w7m
2025-07-14,109,19575,K27,5,https://www.hltv.org/team/12895/k27
2025-07-14,110,6553,Keyd Stars,5,https://www.hltv.org/team/6033/keyd-stars
2025-07-14,111,9483,SELVA,5,https://www.hltv.org/team/12447/selva
2025-07-14,112,11013,WOPA,5,https://www.hltv.org/team/12787/wopa
2025-07-14,113,18101,Marius,5,https://www.hltv.org/team/13291/marius
2025-07-14,114,15732,Bushido Wildcats,5,https://www.hltv.org/team/13281/bushido-wildcats
2025-07-14,115,19079,BOSS,5,https://www.hltv.org/team/12534/boss
2025-07-14,116,19173,G2 Ares,5,https://www.hltv.org/team/12889/g2-ares
2025-07-14,117,10827,GameHunters,5,https://www.hltv.org/team/12988/gamehunters
2025-07-14,118,22476,QMISTRY,5,https://www.hltv.org/team/13245/qmistry
2025-07-14,119,11258,Prestige,5,https://www.hltv.org/team/13159/prestige
2025-07-14,120,14010,LP,5,https://www.hltv.org/team/13304/lp
2025-07-14,121,13914,Cyber Empire,5,https://www.hltv.org/team/13249/cyber-empire
2025-07-14,122,11940,NOVAQ,5,https://www.hltv.org/team/13178/novaq
2025-07-14,123,12877,Rooster,4,https://www.hltv.org/team/9881/rooster
2025-07-14,124,12588,ex-TALON,4,https://www.hltv.org/team/13212/ex-talon
2025-07-14,125,3669,KOLESIE,4,https://www.hltv.org/team/13314/kolesie
2025-07-14,126,21574,AaB,4,https://www.hltv.org/team/9621/aab
2025-07-14,127,21909,undeRRRated,4,https://www.hltv.org/team/13225/underrrated
2025-07-14,128,23237,Wildcard Academy,4,https://www.hltv.org/team/13127/wildcard-academy
2025-07-14,129,13287,Elevate,4,https://www.hltv.org/team/5775/elevate
2025-07-14,130,17324,anything else,4,https://www.hltv.org/team/13206/anything-else
2025-07-14,131,11278,Phantom,4,https://www.hltv.org/team/13173/phantom
2025-07-14,132,20475,ex-SABRE,4,https://www.hltv.org/team/13298/ex-sabre
2025-07-14,133,17450,Nordix,4,https://www.hltv.org/team/12766/nordix
2025-07-14,134,19284,BIG Academy,4,https://www.hltv.org/team/10254/big-academy
2025-07-14,135,18554,Dusty Roots,4,https://www.hltv.org/team/12548/dusty-roots
2025-07-14,136,18150,NomadS,4,https://www.hltv.org/team/12900/nomads
2025-07-14,137,10722,Wings Up,4,https://www.hltv.org/team/10851/wings-up
2025-07-14,138,21331,GenOne,4,https://www.hltv.org/team/11609/genone
2025-07-14,139,7131,Alter Ego,4,https://www.hltv.org/team/9958/alter-ego
2025-07-14,140,22176,ROSY,4,https://www.hltv.org/team/13300/rosy
2025-07-14,141,21445,Hesta,4,https://www.hltv.org/team/13153/hesta
2025-07-14,142,9214,Marca Registrada,4,https://www.hltv.org/team/12927/marca-registrada
2025-07-14,143,13250,Party Astronauts,4,https://www.hltv.org/team/8038/party-astronauts
2025-07-14,144,21930,ENCE Academy,4,https://www.hltv.org/team/11790/ence-academy
2025-07-14,145,23316,modeame,3,https://www.hltv.org/team/13290/modeame
2025-07-14,146,20946,BAKS,3,https://www.hltv.org/team/11699/baks
2025-07-14,147,15818,UNiTY,3,https://www.hltv.org/team/12267/unity
2025-07-14,148,16147,kONO,3,https://www.hltv.org/team/12858/kono
2025-07-14,149,21575,HEROIC Academy,3,https://www.hltv.org/team/13233/heroic-academy
2025-07-14,150,19872,ShindeN,3,https://www.hltv.org/team/12959/shinden
2025-07-14,151,19060,FengDa,3,https://www.hltv.org/team/12899/fengda
2025-07-14,152,4829,Inner Circle,3,https://www.hltv.org/team/13117/inner-circle
2025-07-14,153,18146,The QUBE,3,https://www.hltv.org/team/12825/the-qube
2025-07-14,154,22459,Nuclear TigeRES,3,https://www.hltv.org/team/13027/nuclear-tigeres
2025-07-14,155,16946,benched,3,https://www.hltv.org/team/11138/benched
2025-07-14,156,20521,Galorys,3,https://www.hltv.org/team/12677/galorys
2025-07-14,157,3329,Lilmix,3,https://www.hltv.org/team/9735/lilmix
2025-07-14,158,19297,RUSTEC,3,https://www.hltv.org/team/12834/rustec
2025-07-14,159,12736,Bärendienst,3,https://www.hltv.org/team/13299/brendienst
2025-07-14,160,22136,ENERGYULTRA,3,https://www.hltv.org/team/12253/energyultra
2025-07-14,161,14954,Animus Victoria,3,https://www.hltv.org/team/13316/animus-victoria
2025-07-14,162,18090,Aether,3,https://www.hltv.org/team/12908/aether
2025-07-14,163,11872,FURIA fe,3,https://www.hltv.org/team/10976/furia-fe
2025-07-14,164,13170,Volt,3,https://www.hltv.org/team/13090/volt
2025-07-14,165,12758,Imperial Valkyries,3,https://www.hltv.org/team/12828/imperial-valkyries
2025-07-14,166,18442,Lycus Empire,3,https://www.hltv.org/team/13330/lycus-empire
2025-07-14,167,9298,1ADL,3,https://www.hltv.org/team/10912/1adl
2025-07-14,168,16893,Tsunami,3,https://www.hltv.org/team/12180/tsunami
2025-07-14,169,17087,SKYFURY,3,https://www.hltv.org/team/12982/skyfury
2025-07-14,170,19831,Crashers,3,https://www.hltv.org/team/6788/crashers
2025-07-14,171,22283,WiLD,3,https://www.hltv.org/team/4903/wild
2025-07-14,172,23226,Take Flyte,3,https://www.hltv.org/team/11660/take-flyte
2025-07-14,173,22345,Dark Tigers,3,https://www.hltv.org/team/7842/dark-tigers
2025-07-14,174,284,FUT,3,https://www.hltv.org/team/13286/fut
2025-07-14,175,21931,ex-UHKA,3,https://www.hltv.org/team/13246/ex-uhka
2025-07-14,176,22740,Lithuanian Wolves,3,https://www.hltv.org/team/13182/lithuanian-wolves
2025-07-14,177,21705,Akimbo,3,https://www.hltv.org/team/12567/akimbo
2025-07-14,178,23001,Change The Game,3,https://www.hltv.org/team/13175/change-the-game
2025-07-14,179,20529,KZG,3,https://www.hltv.org/team/12152/kzg
2025-07-14,180,12872,Housebets,2,https://www.hltv.org/team/12921/housebets
2025-07-14,181,20238,Only One Word,2,https://www.hltv.org/team/11263/only-one-word
2025-07-14,182,22810,MASONIC,2,https://www.hltv.org/team/10867/masonic
2025-07-14,183,5187,Steel Helmet,2,https://www.hltv.org/team/11273/steel-helmet
2025-07-14,184,12600,E9,2,https://www.hltv.org/team/12688/e9
2025-07-14,185,19975,Tropa do KinGui,2,https://www.hltv.org/team/13151/tropa-do-kingui
2025-07-14,186,12102,MIGHT,2,https://www.hltv.org/team/12483/might
2025-07-14,187,16661,Players,2,https://www.hltv.org/team/11711/players
2025-07-14,188,16902,Outfit 49,2,https://www.hltv.org/team/13294/outfit-49
2025-07-14,189,15317,Illuminar,2,https://www.hltv.org/team/8813/illuminar
2025-07-14,190,16865,Wanted Goons,2,https://www.hltv.org/team/12971/wanted-goons
2025-07-14,191,16581,Supernova Comets,2,https://www.hltv.org/team/13146/supernova-comets
2025-07-14,192,13689,Chicken Coop,2,https://www.hltv.org/team/13107/chicken-coop
2025-07-14,193,23997,MAGICOS,2,https://www.hltv.org/team/13265/magicos
2025-07-14,194,20029,MIBR Academy,2,https://www.hltv.org/team/3044/mibr-academy
2025-07-14,195,20281,Anonymo,2,https://www.hltv.org/team/10973/anonymo
2025-07-14,196,1656,Zerance,2,https://www.hltv.org/team/13271/zerance
2025-07-14,197,16811,Young Ninjas,2,https://www.hltv.org/team/10960/young-ninjas
2025-07-14,198,20437,megoshort,2,https://www.hltv.org/team/11018/megoshort
2025-07-14,199,22814,Kronjyllands,2,https://www.hltv.org/team/12797/kronjyllands
2025-07-14,200,9144,FURY,2,https://www.hltv.org/team/10299/fury
2025-07-14,201,20258,Kaleido,2,https://www.hltv.org/team/13331/kaleido
2025-07-14,202,10892,Getting Info,2,https://www.hltv.org/team/13106/getting-info
2025-07-14,203,22364,Yawara,2,https://www.hltv.org/team/11933/yawara
2025-07-14,204,12317,Maestro,2,https://www.hltv.org/team/7848/maestro
2025-07-14,205,8503,Mythic,2,https://www.hltv.org/team/5479/mythic
2025-07-14,206,10730,777,2,https://www.hltv.org/team/10943/777
2025-07-14,207,1572,NIP Impact,2,https://www.hltv.org/team/11917/nip-impact
2025-07-14,208,22787,XPERION NXT,2,https://www.hltv.org/team/13032/xperion-nxt
2025-07-14,209,17997,LaChampionsLiga,2,https://www.hltv.org/team/12789/lachampionsliga
2025-07-14,210,20815,8Sins,2,https://www.hltv.org/team/13024/8sins
2025-07-14,211,9108,Mindfreak,2,https://www.hltv.org/team/11668/mindfreak
2025-07-14,212,9818,HAVU,2,https://www.hltv.org/team/7865/havu
2025-07-14,213,20320,Underground,2,https://www.hltv.org/team/12707/underground
2025-07-14,214,23252,QUAZAR,2,https://www.hltv.org/team/11312/quazar
2025-07-14,215,22529,XI,2,https://www.hltv.org/team/8947/xi
2025-07-14,216,22566,paiN Academy,1,https://www.hltv.org/team/11905/pain-academy
2025-07-14,217,23386,ALLINNERS,1,https://www.hltv.org/team/12812/allinners
2025-07-14,218,19664,Ursa,1,https://www.hltv.org/team/13231/ursa
2025-07-14,219,11532,Infinity,1,https://www.hltv.org/team/9963/infinity
2025-07-14,220,18399,HAVENs,1,https://www.hltv.org/team/12855/havens
2025-07-14,221,22655,ODDIK Academy,1,https://www.hltv.org/team/13264/oddik-academy
2025-07-14,222,23809,GATERON,1,https://www.hltv.org/team/13102/gateron
2025-07-14,223,13298,Fisher College,1,https://www.hltv.org/team/12769/fisher-college
2025-07-14,224,8850,FlyQuest RED,1,https://www.hltv.org/team/12301/flyquest-red
2025-07-14,225,12898,Victores Sumus,1,https://www.hltv.org/team/12929/victores-sumus
2025-07-14,226,22863,BRUTE,1,https://www.hltv.org/team/9139/brute
2025-07-14,227,19563,Flshbck,1,https://www.hltv.org/team/13189/flshbck
2025-07-14,228,12237,XP Academy,1,https://www.hltv.org/team/13287/xp-academy
2025-07-14,229,24096,CSDE,1,https://www.hltv.org/team/13087/csde
2025-07-14,230,24878,seoul,1,https://www.hltv.org/team/13194/seoul
2025-07-14,231,24310,XDM,1,https://www.hltv.org/team/13242/xdm
2025-07-14,232,12010,Reveal,1,https://www.hltv.org/team/12287/reveal
2025-07-14,233,21213,BASEMENT BOYS,1,https://www.hltv.org/team/13181/basement-boys
2025-07-14,234,23828,RED Canids Academy,1,https://www.hltv.org/team/13029/red-canids-academy
2025-07-14,235,17071,girl kissers,1,https://www.hltv.org/team/13270/girl-kissers
2025-07-14,236,20582,DOG,1,https://www.hltv.org/team/13317/dog
2025-07-14,237,13679,ALGO,1,https://www.hltv.org/team/13163/algo
2025-07-14,238,16343,Messitas,1,https://www.hltv.org/team/13144/messitas
2025-07-14,239,11215,MIBR fe,1,https://www.hltv.org/team/10975/mibr-fe
2025-07-14,240,19028,TSG,1,https://www.hltv.org/team/13328/tsg
2025-07-14,241,19981,Grannys Knockers,1,https://www.hltv.org/team/12805/grannys-knockers
2025-07-14,242,22972,LE-LUX,1,https://www.hltv.org/team/12731/le-lux
2025-07-14,243,22498,Sangal Academy,1,https://www.hltv.org/team/13301/sangal-academy
2025-07-14,244,6536,BURN,0,https://www.hltv.org/team/13228/burn
2025-07-14,245,17846,WahWah,0,https://www.hltv.org/team/11878/wahwah
2025-07-14,246,14950,DXA,0,https://www.hltv.org/team/12276/dxa
2025-07-14,247,19290,2070,0,https://www.hltv.org/team/13052/2070
2025-07-14,248,25042,LASED,0,https://www.hltv.org/team/13268/lased
2025-07-14,249,8640,Ghost,0,https://www.hltv.org/team/7801/ghost
2025-07-14,250,24256,Arrow,0,https://www.hltv.org/team/12764/arrow
2025-07-14,251,20411,CSKejsaren,0,https://www.hltv.org/team/13289/cskejsaren
2025-07-14,252,24024,GENESIS,0,https://www.hltv.org/team/13076/genesis
2025-07-14,253,18786,BIG EQUIPA,0,https://www.hltv.org/team/11718/big-equipa
2025-07-14,254,22028,CS2News Ladies,0,https://www.hltv.org/team/13168/cs2news-ladies
2025-07-14,255,23050,AKA HERO KAJO,0,https://www.hltv.org/team/13142/aka-hero-kajo
2025-07-07,1,7322,Vitality,1000,https://www.hltv.org/team/9565/vitality
2025-07-07,2,13666,MOUZ,535,https://www.hltv.org/team/4494/mouz
2025-07-07,3,20194,The MongolZ,459,https://www.hltv.org/team/6248/the-mongolz
2025-07-07,4,7716,Spirit,411,https://www.hltv.org/team/7020/spirit
2025-07-07,5,150,Aurora,292,https://www.hltv.org/team/11861/aurora
2025-07-07,6,9816,Natus Vincere,285,https://www.hltv.org/team/4608/natus-vincere
2025-07-07,7,3741,Falcons,273,https://www.hltv.org/team/11283/falcons
2025-07-07,8,429,FaZe,219,https://www.hltv.org/team/6667/faze
2025-07-07,9,2023,FURIA,212,https://www.hltv.org/team/8297/furia
2025-07-07,10,2553,G2,198,https://www.hltv.org/team/5995/g2
2025-07-07,11,14736,paiN,193,https://www.hltv.org/team/4773/pain
2025-07-07,12,7592,Astralis,139,https://www.hltv.org/team/6665/astralis
2025-07-07,13,8918,Virtus.pro,131,https://www.hltv.org/team/5378/virtuspro
2025-07-07,14,9278,GamerLegion,126,https://www.hltv.org/team/9928/gamerlegion
2025-07-07,15,8374,3DMAX,115,https://www.hltv.org/team/4914/3dmax
2025-07-07,16,15698,Legacy,113,https://www.hltv.org/team/12468/legacy
2025-07-07,17,8520,Liquid,104,https://www.hltv.org/team/5973/liquid
2025-07-07,18,19310,HEROIC,87,https://www.hltv.org/team/7175/heroic
2025-07-07,19,11154,MIBR,80,https://www.hltv.org/team/9215/mibr
2025-07-07,20,16551,Lynn Vision,79,https://www.hltv.org/team/8840/lynn-vision
2025-07-07,21,19592,B8,71,https://www.hltv.org/team/11241/b8
2025-07-07,22,8552,TYLOO,56,https://www.hltv.org/team/4863/tyloo
2025-07-07,23,922,Ninjas in Pyjamas,53,https://www.hltv.org/team/4411/ninjas-in-pyjamas
2025-07-07,24,20387,Nemiga,52,https://www.hltv.org/team/7969/nemiga
2025-07-07,25,11630,Complexity,51,https://www.hltv.org/team/5005/complexity
2025-07-07,26,5794,BIG,46,https://www.hltv.org/team/7532/big
2025-07-07,27,10588,FlyQuest,36,https://www.hltv.org/team/12774/flyquest
2025-07-07,28,11840,BetBoom,35,https://www.hltv.org/team/12394/betboom
2025-07-07,29,8711,Wildcard,34,https://www.hltv.org/team/12257/wildcard
2025-07-07,30,13602,OG,32,https://www.hltv.org/team/10503/og
2025-07-07,31,10961,ECSTATIC,32,https://www.hltv.org/team/11419/ecstatic
2025-07-07,32,14390,ODDIK,31,https://www.hltv.org/team/11768/oddik
2025-07-07,33,16885,Passion UA,31,https://www.hltv.org/team/12426/passion-ua
2025-07-07,34,15370,M80,30,https://www.hltv.org/team/12376/m80
2025-07-07,35,7687,NRG,29,https://www.hltv.org/team/6673/nrg
2025-07-07,36,7528,fnatic,29,https://www.hltv.org/team/4991/fnatic
2025-07-07,37,18752,HOTU,28,https://www.hltv.org/team/11581/hotu
2025-07-07,38,22643,TNL,23,https://www.hltv.org/team/12833/tnl
2025-07-07,39,7412,ENCE,23,https://www.hltv.org/team/4869/ence
2025-07-07,40,10566,Imperial,23,https://www.hltv.org/team/9455/imperial
2025-07-07,41,19229,Chinggis Warriors,22,https://www.hltv.org/team/12646/chinggis-warriors
2025-07-07,42,12521,Fluxo,20,https://www.hltv.org/team/11837/fluxo
2025-07-07,43,20584,NAVI Junior,20,https://www.hltv.org/team/10371/navi-junior
2025-07-07,44,10449,JiJieHao,18,https://www.hltv.org/team/10245/jijiehao
2025-07-07,45,8371,Iberian Soul,17,https://www.hltv.org/team/13104/iberian-soul
2025-07-07,46,12004,Astrum,16,https://www.hltv.org/team/13235/astrum
2025-07-07,47,630,SAW,16,https://www.hltv.org/team/10567/saw
2025-07-07,48,13776,PARIVISION,16,https://www.hltv.org/team/12467/parivision
2025-07-07,49,17508,CYBERSHOKE,16,https://www.hltv.org/team/12380/cybershoke
2025-07-07,50,1206,Nexus,15,https://www.hltv.org/team/7187/nexus
2025-07-07,51,5351,Zero Tenacity,15,https://www.hltv.org/team/11523/zero-tenacity
2025-07-07,52,22864,Spirit Academy,14,https://www.hltv.org/team/7900/spirit-academy
2025-07-07,53,7028,Rare Atom,14,https://www.hltv.org/team/11514/rare-atom
2025-07-07,54,13843,Sashi,14,https://www.hltv.org/team/11712/sashi
2025-07-07,55,15060,Eruption,14,https://www.hltv.org/team/12097/eruption
2025-07-07,56,2898,9INE,13,https://www.hltv.org/team/10278/9ine
2025-07-07,57,15072,The Huns,13,https://www.hltv.org/team/12510/the-huns
2025-07-07,58,9618,BC.Game,12,https://www.hltv.org/team/12878/bcgame
2025-07-07,59,7443,Alliance,12,https://www.hltv.org/team/12474/alliance
2025-07-07,60,2131,FAVBET,12,https://www.hltv.org/team/12818/favbet
2025-07-07,61,3459,TPuDCATb TPu,12,https://www.hltv.org/team/13297/tpudcatb-tpu
2025-07-07,62,13026,Partizan,12,https://www.hltv.org/team/11838/partizan
2025-07-07,63,9255,Johnny Speeds,11,https://www.hltv.org/team/12604/johnny-speeds
2025-07-07,64,11217,500,10,https://www.hltv.org/team/12000/500
2025-07-07,65,20956,RUBY,10,https://www.hltv.org/team/12694/ruby
2025-07-07,66,17316,Betera,10,https://www.hltv.org/team/12431/betera
2025-07-07,67,18070,Betclic,10,https://www.hltv.org/team/12916/betclic
2025-07-07,68,20558,Sharks,10,https://www.hltv.org/team/8113/sharks
2025-07-07,69,8891,Tricked,9,https://www.hltv.org/team/4602/tricked
2025-07-07,70,19926,Monte,9,https://www.hltv.org/team/11811/monte
2025-07-07,71,15203,ESC,9,https://www.hltv.org/team/4532/esc
2025-07-07,72,13240,GUN5,9,https://www.hltv.org/team/12471/gun5
2025-07-07,73,18447,ARCRED,9,https://www.hltv.org/team/10459/arcred
2025-07-07,74,14494,BLUEJAYS,9,https://www.hltv.org/team/5347/bluejays
2025-07-07,75,21431,AMKAL,8,https://www.hltv.org/team/12586/amkal
2025-07-07,76,12092,9z,8,https://www.hltv.org/team/9996/9z
2025-07-07,77,14394,Bounty Hunters,8,https://www.hltv.org/team/12776/bounty-hunters
2025-07-07,78,2161,BESTIA,8,https://www.hltv.org/team/12144/bestia
2025-07-07,79,14218,Metizport,8,https://www.hltv.org/team/11641/metizport
2025-07-07,80,19069,ECLOT,7,https://www.hltv.org/team/7441/eclot
2025-07-07,81,12945,Sangal,7,https://www.hltv.org/team/10333/sangal
2025-07-07,82,21367,FORZE Reload,7,https://www.hltv.org/team/12857/forze-reload
2025-07-07,83,9896,WildLotus,7,https://www.hltv.org/team/13184/wildlotus
2025-07-07,84,19079,BOSS,7,https://www.hltv.org/team/12534/boss
2025-07-07,85,8575,Eternal Fire,7,https://www.hltv.org/team/11251/eternal-fire
2025-07-07,86,9353,Fire Flux,7,https://www.hltv.org/team/12960/fire-flux
2025-07-07,87,6593,2GAME,7,https://www.hltv.org/team/12491/2game
2025-07-07,88,20071,Reason,7,https://www.hltv.org/team/4822/reason
2025-07-07,89,16753,CPH Wolves,7,https://www.hltv.org/team/4548/cph-wolves
2025-07-07,90,18510,Insilio,7,https://www.hltv.org/team/12124/insilio
2025-07-07,91,3849,EYEBALLERS,7,https://www.hltv.org/team/11737/eyeballers
2025-07-07,92,12777,MANA,7,https://www.hltv.org/team/13310/mana
2025-07-07,93,8528,1win,7,https://www.hltv.org/team/10621/1win
2025-07-07,94,20199,SPARTA,7,https://www.hltv.org/team/13214/sparta
2025-07-07,95,9216,RED Canids,6,https://www.hltv.org/team/7176/red-canids
2025-07-07,96,9221,KRÜ,6,https://www.hltv.org/team/10900/kr
2025-07-07,97,7775,fish123,6,https://www.hltv.org/team/6298/fish123
2025-07-07,98,20336,NXT,6,https://www.hltv.org/team/13303/nxt
2025-07-07,99,11213,Flamengo,6,https://www.hltv.org/team/12065/flamengo
2025-07-07,100,11199,SINNERS,6,https://www.hltv.org/team/10577/sinners
2025-07-07,101,20054,Rhyno,6,https://www.hltv.org/team/10947/rhyno
2025-07-07,102,20421,Leo,6,https://www.hltv.org/team/11446/leo
2025-07-07,103,12937,Marsborne,6,https://www.hltv.org/team/13124/marsborne
2025-07-07,104,14799,LAG,5,https://www.hltv.org/team/11955/lag
2025-07-07,105,19575,K27,5,https://www.hltv.org/team/12895/k27
2025-07-07,106,10827,GameHunters,5,https://www.hltv.org/team/12988/gamehunters
2025-07-07,107,11258,Prestige,5,https://www.hltv.org/team/13159/prestige
2025-07-07,108,10892,Getting Info,5,https://www.hltv.org/team/13106/getting-info
2025-07-07,109,15732,Bushido Wildcats,5,https://www.hltv.org/team/13281/bushido-wildcats
2025-07-07,110,19173,G2 Ares,5,https://www.hltv.org/team/12889/g2-ares
2025-07-07,111,8151,Preasy,5,https://www.hltv.org/team/12334/preasy
2025-07-07,112,12877,Rooster,5,https://www.hltv.org/team/9881/rooster
2025-07-07,113,22476,QMISTRY,5,https://www.hltv.org/team/13245/qmistry
2025-07-07,114,18101,Marius,5,https://www.hltv.org/team/13291/marius
2025-07-07,115,13914,Cyber Empire,5,https://www.hltv.org/team/13249/cyber-empire
2025-07-07,116,9483,SELVA,4,https://www.hltv.org/team/12447/selva
2025-07-07,117,3669,KOLESIE,4,https://www.hltv.org/team/13314/kolesie
2025-07-07,118,23237,Wildcard Academy,4,https://www.hltv.org/team/13127/wildcard-academy
2025-07-07,119,10722,Wings Up,4,https://www.hltv.org/team/10851/wings-up
2025-07-07,120,17324,anything else,4,https://www.hltv.org/team/13206/anything-else
2025-07-07,121,21909,undeRRRated,4,https://www.hltv.org/team/13225/underrrated
2025-07-07,122,11940,NOVAQ,4,https://www.hltv.org/team/13178/novaq
2025-07-07,123,11739,ex-W7M,4,https://www.hltv.org/team/13288/ex-w7m
2025-07-07,124,6553,Keyd Stars,4,https://www.hltv.org/team/6033/keyd-stars
2025-07-07,125,14010,LP,4,https://www.hltv.org/team/13304/lp
2025-07-07,126,11013,WOPA,4,https://www.hltv.org/team/12787/wopa
2025-07-07,127,11278,Phantom,4,https://www.hltv.org/team/13173/phantom
2025-07-07,128,20475,ex-SABRE,4,https://www.hltv.org/team/13298/ex-sabre
2025-07-07,129,17450,Nordix,4,https://www.hltv.org/team/12766/nordix
2025-07-07,130,21233,ENCE Academy,4,https://www.hltv.org/team/11790/ence-academy
2025-07-07,131,8598,FengDa,4,https://www.hltv.org/team/12899/fengda
2025-07-07,132,13250,Party Astronauts,4,https://www.hltv.org/team/8038/party-astronauts
2025-07-07,133,21331,GenOne,4,https://www.hltv.org/team/11609/genone
2025-07-07,134,20946,BAKS,3,https://www.hltv.org/team/11699/baks
2025-07-07,135,21575,HEROIC Academy,3,https://www.hltv.org/team/13233/heroic-academy
2025-07-07,136,18554,Dusty Roots,3,https://www.hltv.org/team/12548/dusty-roots
2025-07-07,137,16147,kONO,3,https://www.hltv.org/team/12858/kono
2025-07-07,138,19872,ShindeN,3,https://www.hltv.org/team/12959/shinden
2025-07-07,139,4829,Inner Circle,3,https://www.hltv.org/team/13117/inner-circle
2025-07-07,140,14954,Animus Victoria,3,https://www.hltv.org/team/13316/animus-victoria
2025-07-07,141,11872,FURIA fe,3,https://www.hltv.org/team/10976/furia-fe
2025-07-07,142,13287,Elevate,3,https://www.hltv.org/team/5775/elevate
2025-07-07,143,9108,Mindfreak,3,https://www.hltv.org/team/11668/mindfreak
2025-07-07,144,19284,BIG Academy,3,https://www.hltv.org/team/10254/big-academy
2025-07-07,145,9214,Marca Registrada,3,https://www.hltv.org/team/12927/marca-registrada
2025-07-07,146,16946,benched,3,https://www.hltv.org/team/11138/benched
2025-07-07,147,19831,Crashers,3,https://www.hltv.org/team/6788/crashers
2025-07-07,148,3329,Lilmix,3,https://www.hltv.org/team/9735/lilmix
2025-07-07,149,19297,RUSTEC,3,https://www.hltv.org/team/12834/rustec
2025-07-07,150,12736,Bärendienst,3,https://www.hltv.org/team/13299/brendienst
2025-07-07,151,13281,inputprayers,3,https://www.hltv.org/team/13280/inputprayers
2025-07-07,152,16893,Tsunami,3,https://www.hltv.org/team/12180/tsunami
2025-07-07,153,15818,UNiTY,3,https://www.hltv.org/team/12267/unity
2025-07-07,154,12758,Imperial Valkyries,3,https://www.hltv.org/team/12828/imperial-valkyries
2025-07-07,155,9298,1ADL,3,https://www.hltv.org/team/10912/1adl
2025-07-07,156,17087,SKYFURY,3,https://www.hltv.org/team/12982/skyfury
2025-07-07,157,23316,modeame,3,https://www.hltv.org/team/13290/modeame
2025-07-07,158,13170,Volt,3,https://www.hltv.org/team/13090/volt
2025-07-07,159,22283,WiLD,3,https://www.hltv.org/team/4903/wild
2025-07-07,160,23226,Take Flyte,3,https://www.hltv.org/team/11660/take-flyte
2025-07-07,161,22345,Dark Tigers,3,https://www.hltv.org/team/7842/dark-tigers
2025-07-07,162,284,FUT,3,https://www.hltv.org/team/13286/fut
2025-07-07,163,21931,ex-UHKA,3,https://www.hltv.org/team/13246/ex-uhka
2025-07-07,164,22740,Lithuanian Wolves,3,https://www.hltv.org/team/13182/lithuanian-wolves
2025-07-07,165,21705,Akimbo,3,https://www.hltv.org/team/12567/akimbo
2025-07-07,166,20281,Anonymo,2,https://www.hltv.org/team/10973/anonymo
2025-07-07,167,20238,Only One Word,2,https://www.hltv.org/team/11263/only-one-word
2025-07-07,168,12102,MIGHT,2,https://www.hltv.org/team/12483/might
2025-07-07,169,21445,Hesta,2,https://www.hltv.org/team/13153/hesta
2025-07-07,170,13689,Chicken Coop,2,https://www.hltv.org/team/13107/chicken-coop
2025-07-07,171,5187,Steel Helmet,2,https://www.hltv.org/team/11273/steel-helmet
2025-07-07,172,12600,E9,2,https://www.hltv.org/team/12688/e9
2025-07-07,173,19975,Tropa do KinGui,2,https://www.hltv.org/team/13151/tropa-do-kingui
2025-07-07,174,22176,ROSY,2,https://www.hltv.org/team/13300/rosy
2025-07-07,175,15317,Illuminar,2,https://www.hltv.org/team/8813/illuminar
2025-07-07,176,13618,Young Ninjas,2,https://www.hltv.org/team/10960/young-ninjas
2025-07-07,177,16865,Wanted Goons,2,https://www.hltv.org/team/12971/wanted-goons
2025-07-07,178,20258,NinJa,2,https://www.hltv.org/team/13211/ninja
2025-07-07,179,23997,MAGICOS,2,https://www.hltv.org/team/13265/magicos
2025-07-07,180,20029,MIBR Academy,2,https://www.hltv.org/team/3044/mibr-academy
2025-07-07,181,20437,megoshort,2,https://www.hltv.org/team/11018/megoshort
2025-07-07,182,12872,Housebets,2,https://www.hltv.org/team/12921/housebets
2025-07-07,183,18090,Aether,2,https://www.hltv.org/team/12908/aether
2025-07-07,184,16581,Supernova Comets,2,https://www.hltv.org/team/13146/supernova-comets
2025-07-07,185,22814,Kronjyllands,2,https://www.hltv.org/team/12797/kronjyllands
2025-07-07,186,22364,Yawara,2,https://www.hltv.org/team/11933/yawara
2025-07-07,187,16661,Players,2,https://www.hltv.org/team/11711/players
2025-07-07,188,12317,Maestro,2,https://www.hltv.org/team/7848/maestro
2025-07-07,189,10730,777,2,https://www.hltv.org/team/10943/777
2025-07-07,190,1572,NIP Impact,2,https://www.hltv.org/team/11917/nip-impact
2025-07-07,191,22787,XPERION NXT,2,https://www.hltv.org/team/13032/xperion-nxt
2025-07-07,192,20815,8Sins,2,https://www.hltv.org/team/13024/8sins
2025-07-07,193,9325,Skinvault,2,https://www.hltv.org/team/13252/skinvault
2025-07-07,194,22136,ENERGYULTRA,2,https://www.hltv.org/team/12253/energyultra
2025-07-07,195,22810,MASONIC,2,https://www.hltv.org/team/10867/masonic
2025-07-07,196,9818,HAVU,2,https://www.hltv.org/team/7865/havu
2025-07-07,197,22529,XI,2,https://www.hltv.org/team/8947/xi
2025-07-07,198,23252,QUAZAR,2,https://www.hltv.org/team/11312/quazar
2025-07-07,199,18150,NomadS,2,https://www.hltv.org/team/12900/nomads
2025-07-07,200,22566,paiN Academy,1,https://www.hltv.org/team/11905/pain-academy
2025-07-07,201,23386,ALLINNERS,1,https://www.hltv.org/team/12812/allinners
2025-07-07,202,8429,hypewrld,1,https://www.hltv.org/team/12570/hypewrld
2025-07-07,203,19664,Ursa,1,https://www.hltv.org/team/13231/ursa
2025-07-07,204,11532,Infinity,1,https://www.hltv.org/team/9963/infinity
2025-07-07,205,18399,HAVENs,1,https://www.hltv.org/team/12855/havens
2025-07-07,206,9144,FURY,1,https://www.hltv.org/team/10299/fury
2025-07-07,207,22655,ODDIK Academy,1,https://www.hltv.org/team/13264/oddik-academy
2025-07-07,208,23809,GATERON,1,https://www.hltv.org/team/13102/gateron
2025-07-07,209,18442,LFO 4,1,https://www.hltv.org/team/13219/lfo-4
2025-07-07,210,20302,AaB,1,https://www.hltv.org/team/9621/aab
2025-07-07,211,13298,Fisher College,1,https://www.hltv.org/team/12769/fisher-college
2025-07-07,212,8850,FlyQuest RED,1,https://www.hltv.org/team/12301/flyquest-red
2025-07-07,213,23001,Change The Game,1,https://www.hltv.org/team/13175/change-the-game
2025-07-07,214,1656,Zerance,1,https://www.hltv.org/team/13271/zerance
2025-07-07,215,11139,SemperFi,1,https://www.hltv.org/team/12901/semperfi
2025-07-07,216,20502,Spray and Slay,1,https://www.hltv.org/team/13187/spray-and-slay
2025-07-07,217,23204,BRUTE,1,https://www.hltv.org/team/9139/brute
2025-07-07,218,19563,Flshbck,1,https://www.hltv.org/team/13189/flshbck
2025-07-07,219,12237,XP Academy,1,https://www.hltv.org/team/13287/xp-academy
2025-07-07,220,17997,LaChampionsLiga,1,https://www.hltv.org/team/12789/lachampionsliga
2025-07-07,221,24310,XDM,1,https://www.hltv.org/team/13242/xdm
2025-07-07,222,12010,Reveal,1,https://www.hltv.org/team/12287/reveal
2025-07-07,223,12898,Victores Sumus,1,https://www.hltv.org/team/12929/victores-sumus
2025-07-07,224,23828,RED Canids Academy,1,https://www.hltv.org/team/13029/red-canids-academy
2025-07-07,225,17071,girl kissers,1,https://www.hltv.org/team/13270/girl-kissers
2025-07-07,226,13679,ALGO,1,https://www.hltv.org/team/13163/algo
2025-07-07,227,16343,Messitas,1,https://www.hltv.org/team/13144/messitas
2025-07-07,228,16341,MIBR fe,1,https://www.hltv.org/team/10975/mibr-fe
2025-07-07,229,19981,Grannys Knockers,1,https://www.hltv.org/team/12805/grannys-knockers
2025-07-07,230,22498,Sangal Academy,1,https://www.hltv.org/team/13301/sangal-academy
2025-07-07,231,17846,WahWah,0,https://www.hltv.org/team/11878/wahwah
2025-07-07,232,12588,ex-TALON,0,https://www.hltv.org/team/13212/ex-talon
2025-07-07,233,19290,2070,0,https://www.hltv.org/team/13052/2070
2025-07-07,234,25042,LASED,0,https://www.hltv.org/team/13268/lased
2025-07-07,235,8640,Ghost,0,https://www.hltv.org/team/7801/ghost
2025-07-07,236,24256,Arrow,0,https://www.hltv.org/team/12764/arrow
2025-07-07,237,22972,LE-LUX,0,https://www.hltv.org/team/12731/le-lux
2025-07-07,238,20411,CSKejsaren,0,https://www.hltv.org/team/13289/cskejsaren
2025-07-07,239,24024,GENESIS,0,https://www.hltv.org/team/13076/genesis
2025-07-07,240,18786,BIG EQUIPA,0,https://www.hltv.org/team/11718/big-equipa
2025-07-07,241,22028,CS2News Ladies,0,https://www.hltv.org/team/13168/cs2news-ladies
2025-07-07,242,11955,Linx Legacy,0,https://www.hltv.org/team/11456/linx-legacy
2025-07-07,243,23050,AKA HERO KAJO,0,https://www.hltv.org/team/13142/aka-hero-kajo
2025-07-07,244,8503,Mythic,0,https://www.hltv.org/team/5479/mythic
2025-06-30,1,7322,Vitality,1000,https://www.hltv.org/team/9565/vitality
2025-06-30,2,13666,MOUZ,535,https://www.hltv.org/team/4494/mouz
2025-06-30,3,7716,Spirit,490,https://www.hltv.org/team/7020/spirit
2025-06-30,4,20194,The MongolZ,459,https://www.hltv.org/team/6248/the-mongolz
2025-06-30,5,150,Aurora,294,https://www.hltv.org/team/11861/aurora
2025-06-30,6,9816,Natus Vincere,288,https://www.hltv.org/team/4608/natus-vincere
2025-06-30,7,3741,Falcons,273,https://www.hltv.org/team/11283/falcons
2025-06-30,8,429,FaZe,219,https://www.hltv.org/team/6667/faze
2025-06-30,9,2023,FURIA,212,https://www.hltv.org/team/8297/furia
2025-06-30,10,2553,G2,200,https://www.hltv.org/team/5995/g2
2025-06-30,11,14736,paiN,193,https://www.hltv.org/team/4773/pain
2025-06-30,12,7592,Astralis,139,https://www.hltv.org/team/6665/astralis
2025-06-30,13,8918,Virtus.pro,131,https://www.hltv.org/team/5378/virtuspro
2025-06-30,14,9278,GamerLegion,126,https://www.hltv.org/team/9928/gamerlegion
2025-06-30,15,8374,3DMAX,115,https://www.hltv.org/team/4914/3dmax
2025-06-30,16,15698,Legacy,113,https://www.hltv.org/team/12468/legacy
2025-06-30,17,8520,Liquid,105,https://www.hltv.org/team/5973/liquid
2025-06-30,18,19310,HEROIC,87,https://www.hltv.org/team/7175/heroic
2025-06-30,19,11154,MIBR,81,https://www.hltv.org/team/9215/mibr
2025-06-30,20,16551,Lynn Vision,78,https://www.hltv.org/team/8840/lynn-vision
2025-06-30,21,19592,B8,71,https://www.hltv.org/team/11241/b8
2025-06-30,22,20387,Nemiga,61,https://www.hltv.org/team/7969/nemiga
2025-06-30,23,8552,TYLOO,56,https://www.hltv.org/team/4863/tyloo
2025-06-30,24,922,Ninjas in Pyjamas,53,https://www.hltv.org/team/4411/ninjas-in-pyjamas
2025-06-30,25,11630,Complexity,51,https://www.hltv.org/team/5005/complexity
2025-06-30,26,5794,BIG,47,https://www.hltv.org/team/7532/big
2025-06-30,27,8507,Wildcard,45,https://www.hltv.org/team/12257/wildcard
2025-06-30,28,10588,FlyQuest,36,https://www.hltv.org/team/12774/flyquest
2025-06-30,29,11840,BetBoom,35,https://www.hltv.org/team/12394/betboom
2025-06-30,30,15370,M80,33,https://www.hltv.org/team/12376/m80
2025-06-30,31,13602,OG,32,https://www.hltv.org/team/10503/og
2025-06-30,32,10961,ECSTATIC,32,https://www.hltv.org/team/11419/ecstatic
2025-06-30,33,16885,Passion UA,31,https://www.hltv.org/team/12426/passion-ua
2025-06-30,34,14390,ODDIK,30,https://www.hltv.org/team/11768/oddik
2025-06-30,35,7687,NRG,29,https://www.hltv.org/team/6673/nrg
2025-06-30,36,7528,fnatic,29,https://www.hltv.org/team/4991/fnatic
2025-06-30,37,18752,HOTU,28,https://www.hltv.org/team/11581/hotu
2025-06-30,38,12822,Imperial,24,https://www.hltv.org/team/9455/imperial
2025-06-30,39,22643,TNL,23,https://www.hltv.org/team/12833/tnl
2025-06-30,40,7412,ENCE,23,https://www.hltv.org/team/4869/ence
2025-06-30,41,19229,Chinggis Warriors,22,https://www.hltv.org/team/12646/chinggis-warriors
2025-06-30,42,12521,Fluxo,20,https://www.hltv.org/team/11837/fluxo
2025-06-30,43,20584,NAVI Junior,20,https://www.hltv.org/team/10371/navi-junior
2025-06-30,44,13239,PARIVISION,19,https://www.hltv.org/team/12467/parivision
2025-06-30,45,1206,Nexus,18,https://www.hltv.org/team/7187/nexus
2025-06-30,46,10449,JiJieHao,18,https://www.hltv.org/team/10245/jijiehao
2025-06-30,47,8371,Iberian Soul,17,https://www.hltv.org/team/13104/iberian-soul
2025-06-30,48,12004,Astrum,16,https://www.hltv.org/team/13235/astrum
2025-06-30,49,630,SAW,16,https://www.hltv.org/team/10567/saw
2025-06-30,50,17508,CYBERSHOKE,16,https://www.hltv.org/team/12380/cybershoke
2025-06-30,51,5351,Zero Tenacity,15,https://www.hltv.org/team/11523/zero-tenacity
2025-06-30,52,2898,9INE,15,https://www.hltv.org/team/10278/9ine
2025-06-30,53,10938,Sashi,15,https://www.hltv.org/team/11712/sashi
2025-06-30,54,22864,Spirit Academy,14,https://www.hltv.org/team/7900/spirit-academy
2025-06-30,55,15060,Eruption,14,https://www.hltv.org/team/12097/eruption
2025-06-30,56,15072,The Huns,13,https://www.hltv.org/team/12510/the-huns
2025-06-30,57,7028,Rare Atom,13,https://www.hltv.org/team/11514/rare-atom
2025-06-30,58,9618,BC.Game,12,https://www.hltv.org/team/12878/bcgame
2025-06-30,59,2131,FAVBET,12,https://www.hltv.org/team/12818/favbet
2025-06-30,60,13026,Partizan,12,https://www.hltv.org/team/11838/partizan
2025-06-30,61,3459,TPuDCATb TPu,11,https://www.hltv.org/team/13297/tpudcatb-tpu
2025-06-30,62,7443,Alliance,11,https://www.hltv.org/team/12474/alliance
2025-06-30,63,9255,Johnny Speeds,11,https://www.hltv.org/team/12604/johnny-speeds
2025-06-30,64,11217,500,10,https://www.hltv.org/team/12000/500
2025-06-30,65,20956,RUBY,10,https://www.hltv.org/team/12694/ruby
2025-06-30,66,17316,Betera,10,https://www.hltv.org/team/12431/betera
2025-06-30,67,18070,Betclic,10,https://www.hltv.org/team/12916/betclic
2025-06-30,68,21431,AMKAL,10,https://www.hltv.org/team/12586/amkal
2025-06-30,69,20558,Sharks,10,https://www.hltv.org/team/8113/sharks
2025-06-30,70,12092,9z,9,https://www.hltv.org/team/9996/9z
2025-06-30,71,8891,Tricked,9,https://www.hltv.org/team/4602/tricked
2025-06-30,72,19926,Monte,9,https://www.hltv.org/team/11811/monte
2025-06-30,73,13240,GUN5,9,https://www.hltv.org/team/12471/gun5
2025-06-30,74,18447,ARCRED,9,https://www.hltv.org/team/10459/arcred
2025-06-30,75,14494,BLUEJAYS,9,https://www.hltv.org/team/5347/bluejays
2025-06-30,76,15203,ESC,9,https://www.hltv.org/team/4532/esc
2025-06-30,77,2161,BESTIA,8,https://www.hltv.org/team/12144/bestia
2025-06-30,78,14218,Metizport,8,https://www.hltv.org/team/11641/metizport
2025-06-30,79,19079,BOSS,8,https://www.hltv.org/team/12534/boss
2025-06-30,80,8488,SINNERS,8,https://www.hltv.org/team/10577/sinners
2025-06-30,81,9896,WildLotus,8,https://www.hltv.org/team/13184/wildlotus
2025-06-30,82,19069,ECLOT,8,https://www.hltv.org/team/7441/eclot
2025-06-30,83,12945,Sangal,7,https://www.hltv.org/team/10333/sangal
2025-06-30,84,14394,Bounty Hunters,7,https://www.hltv.org/team/12776/bounty-hunters
2025-06-30,85,8575,Eternal Fire,7,https://www.hltv.org/team/11251/eternal-fire
2025-06-30,86,9353,Fire Flux,7,https://www.hltv.org/team/12960/fire-flux
2025-06-30,87,6593,2GAME,7,https://www.hltv.org/team/12491/2game
2025-06-30,88,20071,M1,7,https://www.hltv.org/team/11034/m1
2025-06-30,89,18510,Insilio,7,https://www.hltv.org/team/12124/insilio
2025-06-30,90,12777,KS,7,https://www.hltv.org/team/12255/ks
2025-06-30,91,9216,RED Canids,7,https://www.hltv.org/team/7176/red-canids
2025-06-30,92,20199,SPARTA,7,https://www.hltv.org/team/13214/sparta
2025-06-30,93,8528,1win,7,https://www.hltv.org/team/10621/1win
2025-06-30,94,16753,CPH Wolves,7,https://www.hltv.org/team/4548/cph-wolves
2025-06-30,95,9221,KRÜ,6,https://www.hltv.org/team/10900/kr
2025-06-30,96,20054,Rhyno,6,https://www.hltv.org/team/10947/rhyno
2025-06-30,97,20421,Leo,6,https://www.hltv.org/team/11446/leo
2025-06-30,98,12937,Marsborne,6,https://www.hltv.org/team/13124/marsborne
2025-06-30,99,3849,EYEBALLERS,6,https://www.hltv.org/team/11737/eyeballers
2025-06-30,100,11213,Flamengo,6,https://www.hltv.org/team/12065/flamengo
2025-06-30,101,14799,LAG,5,https://www.hltv.org/team/11955/lag
2025-06-30,102,20336,NXT,5,https://www.hltv.org/team/13303/nxt
2025-06-30,103,19575,K27,5,https://www.hltv.org/team/12895/k27
2025-06-30,104,21367,FORZE Reload,5,https://www.hltv.org/team/12857/forze-reload
2025-06-30,105,10827,GameHunters,5,https://www.hltv.org/team/12988/gamehunters
2025-06-30,106,7775,fish123,5,https://www.hltv.org/team/6298/fish123
2025-06-30,107,15732,Bushido Wildcats,5,https://www.hltv.org/team/13281/bushido-wildcats
2025-06-30,108,12877,Rooster,5,https://www.hltv.org/team/9881/rooster
2025-06-30,109,22998,FengDa,5,https://www.hltv.org/team/12899/fengda
2025-06-30,110,19173,G2 Ares,5,https://www.hltv.org/team/12889/g2-ares
2025-06-30,111,8151,Preasy,5,https://www.hltv.org/team/12334/preasy
2025-06-30,112,10892,Getting Info,5,https://www.hltv.org/team/13106/getting-info
2025-06-30,113,11258,Prestige,5,https://www.hltv.org/team/13159/prestige
2025-06-30,114,9483,SELVA,5,https://www.hltv.org/team/12447/selva
2025-06-30,115,20475,ex-SABRE,5,https://www.hltv.org/team/13298/ex-sabre
2025-06-30,116,11739,ex-W7M,5,https://www.hltv.org/team/13288/ex-w7m
2025-06-30,117,13914,Cyber Empire,5,https://www.hltv.org/team/13249/cyber-empire
2025-06-30,118,3669,Rebels,4,https://www.hltv.org/team/12642/rebels
2025-06-30,119,11940,NOVAQ,4,https://www.hltv.org/team/13178/novaq
2025-06-30,120,20018,Wildcard Academy,4,https://www.hltv.org/team/13127/wildcard-academy
2025-06-30,121,17324,anything else,4,https://www.hltv.org/team/13206/anything-else
2025-06-30,122,21909,undeRRRated,4,https://www.hltv.org/team/13225/underrrated
2025-06-30,123,6553,Keyd Stars,4,https://www.hltv.org/team/6033/keyd-stars
2025-06-30,124,14010,LP,4,https://www.hltv.org/team/13304/lp
2025-06-30,125,18101,Marius,4,https://www.hltv.org/team/13291/marius
2025-06-30,126,11013,WOPA,4,https://www.hltv.org/team/12787/wopa
2025-06-30,127,11278,Phantom,4,https://www.hltv.org/team/13173/phantom
2025-06-30,128,21331,GenOne,4,https://www.hltv.org/team/11609/genone
2025-06-30,129,17450,Nordix,4,https://www.hltv.org/team/12766/nordix
2025-06-30,130,21233,ENCE Academy,4,https://www.hltv.org/team/11790/ence-academy
2025-06-30,131,13250,Party Astronauts,4,https://www.hltv.org/team/8038/party-astronauts
2025-06-30,132,16768,DogEvil,4,https://www.hltv.org/team/13148/dogevil
2025-06-30,133,20946,BAKS,3,https://www.hltv.org/team/11699/baks
2025-06-30,134,18554,Dusty Roots,3,https://www.hltv.org/team/12548/dusty-roots
2025-06-30,135,16147,kONO,3,https://www.hltv.org/team/12858/kono
2025-06-30,136,19872,ShindeN,3,https://www.hltv.org/team/12959/shinden
2025-06-30,137,11872,FURIA fe,3,https://www.hltv.org/team/10976/furia-fe
2025-06-30,138,22476,QMISTRY,3,https://www.hltv.org/team/13245/qmistry
2025-06-30,139,21575,HEROIC Academy,3,https://www.hltv.org/team/13233/heroic-academy
2025-06-30,140,12736,Bärendienst,3,https://www.hltv.org/team/13299/brendienst
2025-06-30,141,13287,Elevate,3,https://www.hltv.org/team/5775/elevate
2025-06-30,142,9214,Marca Registrada,3,https://www.hltv.org/team/12927/marca-registrada
2025-06-30,143,16946,benched,3,https://www.hltv.org/team/11138/benched
2025-06-30,144,19831,América,3,https://www.hltv.org/team/4326/amrica
2025-06-30,145,3329,Lilmix,3,https://www.hltv.org/team/9735/lilmix
2025-06-30,146,19297,RUSTEC,3,https://www.hltv.org/team/12834/rustec
2025-06-30,147,13281,inputprayers,3,https://www.hltv.org/team/13280/inputprayers
2025-06-30,148,16893,Tsunami,3,https://www.hltv.org/team/12180/tsunami
2025-06-30,149,15818,UNiTY,3,https://www.hltv.org/team/12267/unity
2025-06-30,150,12758,Imperial Valkyries,3,https://www.hltv.org/team/12828/imperial-valkyries
2025-06-30,151,22835,Take Flyte,3,https://www.hltv.org/team/11660/take-flyte
2025-06-30,152,9298,1ADL,3,https://www.hltv.org/team/10912/1adl
2025-06-30,153,17087,SKYFURY,3,https://www.hltv.org/team/12982/skyfury
2025-06-30,154,22283,WiLD,3,https://www.hltv.org/team/4903/wild
2025-06-30,155,22345,Dark Tigers,3,https://www.hltv.org/team/7842/dark-tigers
2025-06-30,156,284,FUT,3,https://www.hltv.org/team/13286/fut
2025-06-30,157,21931,ex-UHKA,3,https://www.hltv.org/team/13246/ex-uhka
2025-06-30,158,22740,Lithuanian Wolves,3,https://www.hltv.org/team/13182/lithuanian-wolves
2025-06-30,159,21705,Akimbo,3,https://www.hltv.org/team/12567/akimbo
2025-06-30,160,13689,Chicken Coop,3,https://www.hltv.org/team/13107/chicken-coop
2025-06-30,161,20238,Only One Word,2,https://www.hltv.org/team/11263/only-one-word
2025-06-30,162,12102,MIGHT,2,https://www.hltv.org/team/12483/might
2025-06-30,163,5187,Steel Helmet,2,https://www.hltv.org/team/11273/steel-helmet
2025-06-30,164,12600,E9,2,https://www.hltv.org/team/12688/e9
2025-06-30,165,19975,Tropa do KinGui,2,https://www.hltv.org/team/13151/tropa-do-kingui
2025-06-30,166,23316,modeame,2,https://www.hltv.org/team/13290/modeame
2025-06-30,167,15317,Illuminar,2,https://www.hltv.org/team/8813/illuminar
2025-06-30,168,13618,Young Ninjas,2,https://www.hltv.org/team/10960/young-ninjas
2025-06-30,169,16865,Wanted Goons,2,https://www.hltv.org/team/12971/wanted-goons
2025-06-30,170,20258,NinJa,2,https://www.hltv.org/team/13211/ninja
2025-06-30,171,23997,MAGICOS,2,https://www.hltv.org/team/13265/magicos
2025-06-30,172,20029,MIBR Academy,2,https://www.hltv.org/team/3044/mibr-academy
2025-06-30,173,22176,ROSY,2,https://www.hltv.org/team/13300/rosy
2025-06-30,174,20437,megoshort,2,https://www.hltv.org/team/11018/megoshort
2025-06-30,175,12872,Housebets,2,https://www.hltv.org/team/12921/housebets
2025-06-30,176,22364,Yawara,2,https://www.hltv.org/team/11933/yawara
2025-06-30,177,18090,Aether,2,https://www.hltv.org/team/12908/aether
2025-06-30,178,22811,Kronjyllands,2,https://www.hltv.org/team/12797/kronjyllands
2025-06-30,179,16581,Supernova Comets,2,https://www.hltv.org/team/13146/supernova-comets
2025-06-30,180,16661,Players,2,https://www.hltv.org/team/11711/players
2025-06-30,181,21445,Hesta,2,https://www.hltv.org/team/13153/hesta
2025-06-30,182,1572,NIP Impact,2,https://www.hltv.org/team/11917/nip-impact
2025-06-30,183,12317,Maestro,2,https://www.hltv.org/team/7848/maestro
2025-06-30,184,10730,777,2,https://www.hltv.org/team/10943/777
2025-06-30,185,22787,XPERION NXT,2,https://www.hltv.org/team/13032/xperion-nxt
2025-06-30,186,20815,8Sins,2,https://www.hltv.org/team/13024/8sins
2025-06-30,187,9325,Skinvault,2,https://www.hltv.org/team/13252/skinvault
2025-06-30,188,23334,MASONIC,2,https://www.hltv.org/team/10867/masonic
2025-06-30,189,7653,Eco Warriors,2,https://www.hltv.org/team/13121/eco-warriors
2025-06-30,190,9818,HAVU,2,https://www.hltv.org/team/7865/havu
2025-06-30,191,23252,QUAZAR,2,https://www.hltv.org/team/11312/quazar
2025-06-30,192,18150,NomadS,2,https://www.hltv.org/team/12900/nomads
2025-06-30,193,22529,XI,2,https://www.hltv.org/team/8947/xi
2025-06-30,194,22566,paiN Academy,1,https://www.hltv.org/team/11905/pain-academy
2025-06-30,195,23386,ALLINNERS,1,https://www.hltv.org/team/12812/allinners
2025-06-30,196,8429,hypewrld,1,https://www.hltv.org/team/12570/hypewrld
2025-06-30,197,19664,Ursa,1,https://www.hltv.org/team/13231/ursa
2025-06-30,198,11532,Infinity,1,https://www.hltv.org/team/9963/infinity
2025-06-30,199,18399,HAVENs,1,https://www.hltv.org/team/12855/havens
2025-06-30,200,9144,FURY,1,https://www.hltv.org/team/10299/fury
2025-06-30,201,22655,ODDIK Academy,1,https://www.hltv.org/team/13264/oddik-academy
2025-06-30,202,13298,Fisher College,1,https://www.hltv.org/team/12769/fisher-college
2025-06-30,203,23809,GATERON,1,https://www.hltv.org/team/13102/gateron
2025-06-30,204,18442,LFO 4,1,https://www.hltv.org/team/13219/lfo-4
2025-06-30,205,8850,FlyQuest RED,1,https://www.hltv.org/team/12301/flyquest-red
2025-06-30,206,22136,ENERGYULTRA,1,https://www.hltv.org/team/12253/energyultra
2025-06-30,207,23001,Change The Game,1,https://www.hltv.org/team/13175/change-the-game
2025-06-30,208,1656,Zerance,1,https://www.hltv.org/team/13271/zerance
2025-06-30,209,20166,Spray and Slay,1,https://www.hltv.org/team/13187/spray-and-slay
2025-06-30,210,11139,SemperFi,1,https://www.hltv.org/team/12901/semperfi
2025-06-30,211,19563,Flshbck,1,https://www.hltv.org/team/13189/flshbck
2025-06-30,212,12237,XP Academy,1,https://www.hltv.org/team/13287/xp-academy
2025-06-30,213,23204,BRUTE,1,https://www.hltv.org/team/9139/brute
2025-06-30,214,17997,LaChampionsLiga,1,https://www.hltv.org/team/12789/lachampionsliga
2025-06-30,215,12010,Reveal,1,https://www.hltv.org/team/12287/reveal
2025-06-30,216,12898,Victores Sumus,1,https://www.hltv.org/team/12929/victores-sumus
2025-06-30,217,23828,RED Canids Academy,1,https://www.hltv.org/team/13029/red-canids-academy
2025-06-30,218,17071,girl kissers,1,https://www.hltv.org/team/13270/girl-kissers
2025-06-30,219,13679,ALGO,1,https://www.hltv.org/team/13163/algo
2025-06-30,220,16343,Messitas,1,https://www.hltv.org/team/13144/messitas
2025-06-30,221,16341,MIBR fe,1,https://www.hltv.org/team/10975/mibr-fe
2025-06-30,222,19981,Grannys Knockers,1,https://www.hltv.org/team/12805/grannys-knockers
2025-06-30,223,13170,Volt,1,https://www.hltv.org/team/13090/volt
2025-06-30,224,22505,Sangal Academy,1,https://www.hltv.org/team/13301/sangal-academy
2025-06-30,225,17846,WahWah,0,https://www.hltv.org/team/11878/wahwah
2025-06-30,226,12588,ex-TALON,0,https://www.hltv.org/team/13212/ex-talon
2025-06-30,227,19290,2070,0,https://www.hltv.org/team/13052/2070
2025-06-30,228,25042,LASED,0,https://www.hltv.org/team/13268/lased
2025-06-30,229,8640,Ghost,0,https://www.hltv.org/team/7801/ghost
2025-06-30,230,24256,Arrow,0,https://www.hltv.org/team/12764/arrow
2025-06-30,231,20411,CSKejsaren,0,https://www.hltv.org/team/13289/cskejsaren
2025-06-30,232,24024,GENESIS,0,https://www.hltv.org/team/13076/genesis
2025-06-30,233,18229,DMS,0,https://www.hltv.org/team/12747/dms
2025-06-30,234,18786,BIG EQUIPA,0,https://www.hltv.org/team/11718/big-equipa
2025-06-30,235,18774,CS2News Ladies,0,https://www.hltv.org/team/13168/cs2news-ladies
2025-06-30,236,11955,Linx Legacy,0,https://www.hltv.org/team/11456/linx-legacy
2025-06-30,237,23050,AKA HERO KAJO,0,https://www.hltv.org/team/13142/aka-hero-kajo
2025-06-30,238,8503,Mythic,0,https://www.hltv.org/team/5479/mythic
2025-06-23,1,7322,Vitality,1000,https://www.hltv.org/team/9565/vitality
2025-06-23,2,13666,MOUZ,536,https://www.hltv.org/team/4494/mouz
2025-06-23,3,7716,Spirit,493,https://www.hltv.org/team/7020/spirit
2025-06-23,4,20194,The MongolZ,459,https://www.hltv.org/team/6248/the-mongolz
2025-06-23,5,150,Aurora,295,https://www.hltv.org/team/11861/aurora
2025-06-23,6,9816,Natus Vincere,290,https://www.hltv.org/team/4608/natus-vincere
2025-06-23,7,3741,Falcons,273,https://www.hltv.org/team/11283/falcons
2025-06-23,8,429,FaZe,220,https://www.hltv.org/team/6667/faze
2025-06-23,9,2023,FURIA,212,https://www.hltv.org/team/8297/furia
2025-06-23,10,2553,G2,201,https://www.hltv.org/team/5995/g2
2025-06-23,11,14736,paiN,193,https://www.hltv.org/team/4773/pain
2025-06-23,12,8918,Virtus.pro,153,https://www.hltv.org/team/5378/virtuspro
2025-06-23,13,7592,Astralis,139,https://www.hltv.org/team/6665/astralis
2025-06-23,14,9278,GamerLegion,126,https://www.hltv.org/team/9928/gamerlegion
2025-06-23,15,8374,3DMAX,115,https://www.hltv.org/team/4914/3dmax
2025-06-23,16,15698,Legacy,112,https://www.hltv.org/team/12468/legacy
2025-06-23,17,8520,Liquid,105,https://www.hltv.org/team/5973/liquid
2025-06-23,18,19310,HEROIC,87,https://www.hltv.org/team/7175/heroic
2025-06-23,19,11154,MIBR,81,https://www.hltv.org/team/9215/mibr
2025-06-23,20,16551,Lynn Vision,78,https://www.hltv.org/team/8840/lynn-vision
2025-06-23,21,19592,B8,71,https://www.hltv.org/team/11241/b8
2025-06-23,22,20387,Nemiga,60,https://www.hltv.org/team/7969/nemiga
2025-06-23,23,8552,TYLOO,56,https://www.hltv.org/team/4863/tyloo
2025-06-23,24,922,Ninjas in Pyjamas,53,https://www.hltv.org/team/4411/ninjas-in-pyjamas
2025-06-23,25,11630,Complexity,51,https://www.hltv.org/team/5005/complexity
2025-06-23,26,5794,BIG,46,https://www.hltv.org/team/7532/big
2025-06-23,27,8507,Wildcard,45,https://www.hltv.org/team/12257/wildcard
2025-06-23,28,10588,FlyQuest,36,https://www.hltv.org/team/12774/flyquest
2025-06-23,29,14390,ODDIK,36,https://www.hltv.org/team/11768/oddik
2025-06-23,30,11840,BetBoom,36,https://www.hltv.org/team/12394/betboom
2025-06-23,31,15370,M80,33,https://www.hltv.org/team/12376/m80
2025-06-23,32,13602,OG,32,https://www.hltv.org/team/10503/og
2025-06-23,33,10961,ECSTATIC,32,https://www.hltv.org/team/11419/ecstatic
2025-06-23,34,16885,Passion UA,31,https://www.hltv.org/team/12426/passion-ua
2025-06-23,35,7687,NRG,29,https://www.hltv.org/team/6673/nrg
2025-06-23,36,7528,fnatic,29,https://www.hltv.org/team/4991/fnatic
2025-06-23,37,18752,HOTU,28,https://www.hltv.org/team/11581/hotu
2025-06-23,38,12822,Imperial,28,https://www.hltv.org/team/9455/imperial
2025-06-23,39,7412,ENCE,24,https://www.hltv.org/team/4869/ence
2025-06-23,40,22643,TNL,23,https://www.hltv.org/team/12833/tnl
2025-06-23,41,20584,NAVI Junior,23,https://www.hltv.org/team/10371/navi-junior
2025-06-23,42,19229,Chinggis Warriors,22,https://www.hltv.org/team/12646/chinggis-warriors
2025-06-23,43,12521,Fluxo,20,https://www.hltv.org/team/11837/fluxo
2025-06-23,44,13239,PARIVISION,19,https://www.hltv.org/team/12467/parivision
2025-06-23,45,12004,Astrum,19,https://www.hltv.org/team/13235/astrum
2025-06-23,46,10449,JiJieHao,18,https://www.hltv.org/team/10245/jijiehao
2025-06-23,47,1206,Nexus,18,https://www.hltv.org/team/7187/nexus
2025-06-23,48,2898,9INE,17,https://www.hltv.org/team/10278/9ine
2025-06-23,49,8371,Iberian Soul,16,https://www.hltv.org/team/13104/iberian-soul
2025-06-23,50,630,SAW,16,https://www.hltv.org/team/10567/saw
2025-06-23,51,17508,CYBERSHOKE,16,https://www.hltv.org/team/12380/cybershoke
2025-06-23,52,5351,Zero Tenacity,15,https://www.hltv.org/team/11523/zero-tenacity
2025-06-23,53,10938,Sashi,15,https://www.hltv.org/team/11712/sashi
2025-06-23,54,22864,Spirit Academy,14,https://www.hltv.org/team/7900/spirit-academy
2025-06-23,55,7028,Rare Atom,14,https://www.hltv.org/team/11514/rare-atom
2025-06-23,56,15060,Eruption,14,https://www.hltv.org/team/12097/eruption
2025-06-23,57,9618,BC.Game,14,https://www.hltv.org/team/12878/bcgame
2025-06-23,58,7443,Alliance,13,https://www.hltv.org/team/12474/alliance
2025-06-23,59,15072,The Huns,13,https://www.hltv.org/team/12510/the-huns
2025-06-23,60,2131,FAVBET,12,https://www.hltv.org/team/12818/favbet
2025-06-23,61,12092,9z,12,https://www.hltv.org/team/9996/9z
2025-06-23,62,13026,Partizan,12,https://www.hltv.org/team/11838/partizan
2025-06-23,63,3459,TPuDCATb TPu,11,https://www.hltv.org/team/13297/tpudcatb-tpu
2025-06-23,64,20956,RUBY,11,https://www.hltv.org/team/12694/ruby
2025-06-23,65,20558,Sharks,11,https://www.hltv.org/team/8113/sharks
2025-06-23,66,11217,500,10,https://www.hltv.org/team/12000/500
2025-06-23,67,17316,Betera,10,https://www.hltv.org/team/12431/betera
2025-06-23,68,18070,Betclic,10,https://www.hltv.org/team/12916/betclic
2025-06-23,69,21431,AMKAL,10,https://www.hltv.org/team/12586/amkal
2025-06-23,70,8891,Tricked,9,https://www.hltv.org/team/4602/tricked
2025-06-23,71,19926,Monte,9,https://www.hltv.org/team/11811/monte
2025-06-23,72,14494,BLUEJAYS,9,https://www.hltv.org/team/5347/bluejays
2025-06-23,73,9255,Johnny Speeds,9,https://www.hltv.org/team/12604/johnny-speeds
2025-06-23,74,18447,ARCRED,9,https://www.hltv.org/team/10459/arcred
2025-06-23,75,13240,GUN5,9,https://www.hltv.org/team/12471/gun5
2025-06-23,76,12945,Sangal,8,https://www.hltv.org/team/10333/sangal
2025-06-23,77,14394,Bounty Hunters,8,https://www.hltv.org/team/12776/bounty-hunters
2025-06-23,78,8212,Fire Flux,8,https://www.hltv.org/team/12960/fire-flux
2025-06-23,79,12777,KS,8,https://www.hltv.org/team/12255/ks
2025-06-23,80,14218,Metizport,8,https://www.hltv.org/team/11641/metizport
2025-06-23,81,8488,SINNERS,8,https://www.hltv.org/team/10577/sinners
2025-06-23,82,9896,WildLotus,8,https://www.hltv.org/team/13184/wildlotus
2025-06-23,83,19069,ECLOT,8,https://www.hltv.org/team/7441/eclot
2025-06-23,84,8575,Eternal Fire,7,https://www.hltv.org/team/11251/eternal-fire
2025-06-23,85,15203,ESC,7,https://www.hltv.org/team/4532/esc
2025-06-23,86,18710,BOSS,7,https://www.hltv.org/team/12534/boss
2025-06-23,87,20071,M1,7,https://www.hltv.org/team/11034/m1
2025-06-23,88,18510,Insilio,7,https://www.hltv.org/team/12124/insilio
2025-06-23,89,20199,SPARTA,7,https://www.hltv.org/team/13214/sparta
2025-06-23,90,8528,1win,7,https://www.hltv.org/team/10621/1win
2025-06-23,91,13669,CPH Wolves,6,https://www.hltv.org/team/4548/cph-wolves
2025-06-23,92,10827,GameHunters,6,https://www.hltv.org/team/12988/gamehunters
2025-06-23,93,20683,Rhyno,6,https://www.hltv.org/team/10947/rhyno
2025-06-23,94,3849,EYEBALLERS,6,https://www.hltv.org/team/11737/eyeballers
2025-06-23,95,20421,Leo,6,https://www.hltv.org/team/11446/leo
2025-06-23,96,12937,Marsborne,6,https://www.hltv.org/team/13124/marsborne
2025-06-23,97,12708,Bad News Eagles,6,https://www.hltv.org/team/11518/bad-news-eagles
2025-06-23,98,9216,RED Canids,6,https://www.hltv.org/team/7176/red-canids
2025-06-23,99,14799,LAG,5,https://www.hltv.org/team/11955/lag
2025-06-23,100,19575,K27,5,https://www.hltv.org/team/12895/k27
2025-06-23,101,9221,KRÜ,5,https://www.hltv.org/team/10900/kr
2025-06-23,102,12877,Rooster,5,https://www.hltv.org/team/9881/rooster
2025-06-23,103,22998,FengDa,5,https://www.hltv.org/team/12899/fengda
2025-06-23,104,19173,G2 Ares,5,https://www.hltv.org/team/12889/g2-ares
2025-06-23,105,6553,Keyd Stars,5,https://www.hltv.org/team/6033/keyd-stars
2025-06-23,106,20018,Wildcard Academy,5,https://www.hltv.org/team/13127/wildcard-academy
2025-06-23,107,2161,BESTIA,5,https://www.hltv.org/team/12144/bestia
2025-06-23,108,20336,NXT,5,https://www.hltv.org/team/13303/nxt
2025-06-23,109,20475,ex-SABRE,5,https://www.hltv.org/team/13298/ex-sabre
2025-06-23,110,13914,Cyber Empire,5,https://www.hltv.org/team/13249/cyber-empire
2025-06-23,111,3669,Rebels,4,https://www.hltv.org/team/12642/rebels
2025-06-23,112,11940,NOVAQ,4,https://www.hltv.org/team/13178/novaq
2025-06-23,113,19297,RUSTEC,4,https://www.hltv.org/team/12834/rustec
2025-06-23,114,8151,Preasy,4,https://www.hltv.org/team/12334/preasy
2025-06-23,115,17324,anything else,4,https://www.hltv.org/team/13206/anything-else
2025-06-23,116,22940,Prestige,4,https://www.hltv.org/team/13159/prestige
2025-06-23,117,21909,undeRRRated,4,https://www.hltv.org/team/13225/underrrated
2025-06-23,118,11739,ex-W7M,4,https://www.hltv.org/team/13288/ex-w7m
2025-06-23,119,18101,Marius,4,https://www.hltv.org/team/13291/marius
2025-06-23,120,20677,ENCE Academy,4,https://www.hltv.org/team/11790/ence-academy
2025-06-23,121,6593,2GAME,4,https://www.hltv.org/team/12491/2game
2025-06-23,122,11213,Flamengo,4,https://www.hltv.org/team/12065/flamengo
2025-06-23,123,10892,Getting Info,4,https://www.hltv.org/team/13106/getting-info
2025-06-23,124,15732,Bushido Wildcats,4,https://www.hltv.org/team/13281/bushido-wildcats
2025-06-23,125,11278,Phantom,4,https://www.hltv.org/team/13173/phantom
2025-06-23,126,14010,LP,4,https://www.hltv.org/team/13304/lp
2025-06-23,127,21367,FORZE Reload,4,https://www.hltv.org/team/12857/forze-reload
2025-06-23,128,13250,Party Astronauts,4,https://www.hltv.org/team/8038/party-astronauts
2025-06-23,129,17450,Nordix,4,https://www.hltv.org/team/12766/nordix
2025-06-23,130,20946,BAKS,4,https://www.hltv.org/team/11699/baks
2025-06-23,131,9214,Marca Registrada,4,https://www.hltv.org/team/12927/marca-registrada
2025-06-23,132,16768,DogEvil,4,https://www.hltv.org/team/13148/dogevil
2025-06-23,133,19872,ShindeN,3,https://www.hltv.org/team/12959/shinden
2025-06-23,134,22811,Kronjyllands,3,https://www.hltv.org/team/12797/kronjyllands
2025-06-23,135,18554,Dusty Roots,3,https://www.hltv.org/team/12548/dusty-roots
2025-06-23,136,16147,kONO,3,https://www.hltv.org/team/12858/kono
2025-06-23,137,21988,Leça,3,https://www.hltv.org/team/13210/lea
2025-06-23,138,14242,WOPA,3,https://www.hltv.org/team/12787/wopa
2025-06-23,139,21575,HEROIC Academy,3,https://www.hltv.org/team/13233/heroic-academy
2025-06-23,140,12736,Bärendienst,3,https://www.hltv.org/team/13299/brendienst
2025-06-23,141,22476,QMISTRY,3,https://www.hltv.org/team/13245/qmistry
2025-06-23,142,9108,Mindfreak,3,https://www.hltv.org/team/11668/mindfreak
2025-06-23,143,13077,Volt,3,https://www.hltv.org/team/13090/volt
2025-06-23,144,19857,Tsunami,3,https://www.hltv.org/team/12180/tsunami
2025-06-23,145,21331,GenOne,3,https://www.hltv.org/team/11609/genone
2025-06-23,146,3329,Lilmix,3,https://www.hltv.org/team/9735/lilmix
2025-06-23,147,16946,benched,3,https://www.hltv.org/team/11138/benched
2025-06-23,148,19831,América,3,https://www.hltv.org/team/4326/amrica
2025-06-23,149,1646,Imperial Valkyries,3,https://www.hltv.org/team/12828/imperial-valkyries
2025-06-23,150,11872,FURIA fe,3,https://www.hltv.org/team/10976/furia-fe
2025-06-23,151,13281,inputprayers,3,https://www.hltv.org/team/13280/inputprayers
2025-06-23,152,15818,UNiTY,3,https://www.hltv.org/team/12267/unity
2025-06-23,153,14094,Portuguese Family,3,https://www.hltv.org/team/11862/portuguese-family
2025-06-23,154,22835,Take Flyte,3,https://www.hltv.org/team/11660/take-flyte
2025-06-23,155,9298,1ADL,3,https://www.hltv.org/team/10912/1adl
2025-06-23,156,17087,SKYFURY,3,https://www.hltv.org/team/12982/skyfury
2025-06-23,157,22283,WiLD,3,https://www.hltv.org/team/4903/wild
2025-06-23,158,22345,Dark Tigers,3,https://www.hltv.org/team/7842/dark-tigers
2025-06-23,159,284,FUT,3,https://www.hltv.org/team/13286/fut
2025-06-23,160,21931,ex-UHKA,3,https://www.hltv.org/team/13246/ex-uhka
2025-06-23,161,22740,Lithuanian Wolves,3,https://www.hltv.org/team/13182/lithuanian-wolves
2025-06-23,162,13287,Elevate,3,https://www.hltv.org/team/5775/elevate
2025-06-23,163,13689,Chicken Coop,3,https://www.hltv.org/team/13107/chicken-coop
2025-06-23,164,5187,Steel Helmet,3,https://www.hltv.org/team/11273/steel-helmet
2025-06-23,165,20238,Only One Word,2,https://www.hltv.org/team/11263/only-one-word
2025-06-23,166,12102,MIGHT,2,https://www.hltv.org/team/12483/might
2025-06-23,167,12600,E9,2,https://www.hltv.org/team/12688/e9
2025-06-23,168,19975,Tropa do KinGui,2,https://www.hltv.org/team/13151/tropa-do-kingui
2025-06-23,169,23316,modeame,2,https://www.hltv.org/team/13290/modeame
2025-06-23,170,15317,Illuminar,2,https://www.hltv.org/team/8813/illuminar
2025-06-23,171,16865,Wanted Goons,2,https://www.hltv.org/team/12971/wanted-goons
2025-06-23,172,13618,Young Ninjas,2,https://www.hltv.org/team/10960/young-ninjas
2025-06-23,173,20258,NinJa,2,https://www.hltv.org/team/13211/ninja
2025-06-23,174,23997,MAGICOS,2,https://www.hltv.org/team/13265/magicos
2025-06-23,175,21705,Akimbo,2,https://www.hltv.org/team/12567/akimbo
2025-06-23,176,22176,ROSY,2,https://www.hltv.org/team/13300/rosy
2025-06-23,177,20029,MIBR Academy,2,https://www.hltv.org/team/3044/mibr-academy
2025-06-23,178,20437,megoshort,2,https://www.hltv.org/team/11018/megoshort
2025-06-23,179,12872,Housebets,2,https://www.hltv.org/team/12921/housebets
2025-06-23,180,22364,Yawara,2,https://www.hltv.org/team/11933/yawara
2025-06-23,181,18090,Aether,2,https://www.hltv.org/team/12908/aether
2025-06-23,182,16581,Supernova Comets,2,https://www.hltv.org/team/13146/supernova-comets
2025-06-23,183,21445,Hesta,2,https://www.hltv.org/team/13153/hesta
2025-06-23,184,16661,Players,2,https://www.hltv.org/team/11711/players
2025-06-23,185,1572,NIP Impact,2,https://www.hltv.org/team/11917/nip-impact
2025-06-23,186,12317,Maestro,2,https://www.hltv.org/team/7848/maestro
2025-06-23,187,10730,777,2,https://www.hltv.org/team/10943/777
2025-06-23,188,22787,XPERION NXT,2,https://www.hltv.org/team/13032/xperion-nxt
2025-06-23,189,20815,8Sins,2,https://www.hltv.org/team/13024/8sins
2025-06-23,190,22529,XI,2,https://www.hltv.org/team/8947/xi
2025-06-23,191,9325,Skinvault,2,https://www.hltv.org/team/13252/skinvault
2025-06-23,192,11258,MASONIC,2,https://www.hltv.org/team/10867/masonic
2025-06-23,193,7653,Eco Warriors,2,https://www.hltv.org/team/13121/eco-warriors
2025-06-23,194,9818,HAVU,2,https://www.hltv.org/team/7865/havu
2025-06-23,195,23252,QUAZAR,2,https://www.hltv.org/team/11312/quazar
2025-06-23,196,18150,NomadS,2,https://www.hltv.org/team/12900/nomads
2025-06-23,197,22566,paiN Academy,1,https://www.hltv.org/team/11905/pain-academy
2025-06-23,198,23386,ALLINNERS,1,https://www.hltv.org/team/12812/allinners
2025-06-23,199,8429,hypewrld,1,https://www.hltv.org/team/12570/hypewrld
2025-06-23,200,19664,Ursa,1,https://www.hltv.org/team/13231/ursa
2025-06-23,201,11532,Infinity,1,https://www.hltv.org/team/9963/infinity
2025-06-23,202,18399,HAVENs,1,https://www.hltv.org/team/12855/havens
2025-06-23,203,9144,FURY,1,https://www.hltv.org/team/10299/fury
2025-06-23,204,22655,ODDIK Academy,1,https://www.hltv.org/team/13264/oddik-academy
2025-06-23,205,13298,Fisher College,1,https://www.hltv.org/team/12769/fisher-college
2025-06-23,206,23809,GATERON,1,https://www.hltv.org/team/13102/gateron
2025-06-23,207,18442,LFO 4,1,https://www.hltv.org/team/13219/lfo-4
2025-06-23,208,8850,FlyQuest RED,1,https://www.hltv.org/team/12301/flyquest-red
2025-06-23,209,22136,ENERGYULTRA,1,https://www.hltv.org/team/12253/energyultra
2025-06-23,210,23001,Change The Game,1,https://www.hltv.org/team/13175/change-the-game
2025-06-23,211,9616,MINLATE,1,https://www.hltv.org/team/6626/minlate
2025-06-23,212,1656,Zerance,1,https://www.hltv.org/team/13271/zerance
2025-06-23,213,20166,Spray and Slay,1,https://www.hltv.org/team/13187/spray-and-slay
2025-06-23,214,11139,SemperFi,1,https://www.hltv.org/team/12901/semperfi
2025-06-23,215,19563,Flshbck,1,https://www.hltv.org/team/13189/flshbck
2025-06-23,216,12237,XP Academy,1,https://www.hltv.org/team/13287/xp-academy
2025-06-23,217,23828,RED Canids Academy,1,https://www.hltv.org/team/13029/red-canids-academy
2025-06-23,218,23204,BRUTE,1,https://www.hltv.org/team/9139/brute
2025-06-23,219,17997,LaChampionsLiga,1,https://www.hltv.org/team/12789/lachampionsliga
2025-06-23,220,12010,Reveal,1,https://www.hltv.org/team/12287/reveal
2025-06-23,221,17071,girl kissers,1,https://www.hltv.org/team/13270/girl-kissers
2025-06-23,222,13679,ALGO,1,https://www.hltv.org/team/13163/algo
2025-06-23,223,16343,Messitas,1,https://www.hltv.org/team/13144/messitas
2025-06-23,224,16341,MIBR fe,1,https://www.hltv.org/team/10975/mibr-fe
2025-06-23,225,19981,Grannys Knockers,1,https://www.hltv.org/team/12805/grannys-knockers
2025-06-23,226,22505,Sangal Academy,1,https://www.hltv.org/team/13301/sangal-academy
2025-06-23,227,17846,WahWah,0,https://www.hltv.org/team/11878/wahwah
2025-06-23,228,12588,ex-TALON,0,https://www.hltv.org/team/13212/ex-talon
2025-06-23,229,19290,2070,0,https://www.hltv.org/team/13052/2070
2025-06-23,230,25042,LASED,0,https://www.hltv.org/team/13268/lased
2025-06-23,231,8640,Ghost,0,https://www.hltv.org/team/7801/ghost
2025-06-23,232,24256,Arrow,0,https://www.hltv.org/team/12764/arrow
2025-06-23,233,20411,CSKejsaren,0,https://www.hltv.org/team/13289/cskejsaren
2025-06-23,234,16764,BIG EQUIPA,0,https://www.hltv.org/team/11718/big-equipa
2025-06-23,235,24024,GENESIS,0,https://www.hltv.org/team/13076/genesis
2025-06-23,236,18229,DMS,0,https://www.hltv.org/team/12747/dms
2025-06-23,237,18774,CS2News Ladies,0,https://www.hltv.org/team/13168/cs2news-ladies
2025-06-23,238,12898,Victores Sumus,0,https://www.hltv.org/team/12929/victores-sumus
2025-06-23,239,11013,Linx Legacy,0,https://www.hltv.org/team/11456/linx-legacy
2025-06-23,240,23050,AKA HERO KAJO,0,https://www.hltv.org/team/13142/aka-hero-kajo
2025-06-23,241,8503,Mythic,0,https://www.hltv.org/team/5479/mythic
2025-06-16,1,7322,Vitality,1000,https://www.hltv.org/team/9565/vitality
2025-06-16,2,13666,MOUZ,568,https://www.hltv.org/team/4494/mouz
2025-06-16,3,7716,Spirit,555,https://www.hltv.org/team/7020/spirit
2025-06-16,4,3741,Falcons,440,https://www.hltv.org/team/11283/falcons
2025-06-16,5,20194,The MongolZ,379,https://www.hltv.org/team/6248/the-mongolz
2025-06-16,6,150,Aurora,373,https://www.hltv.org/team/11861/aurora
2025-06-16,7,9816,Natus Vincere,293,https://www.hltv.org/team/4608/natus-vincere
2025-06-16,8,2553,G2,253,https://www.hltv.org/team/5995/g2
2025-06-16,9,429,FaZe,196,https://www.hltv.org/team/6667/faze
2025-06-16,10,2023,FURIA,166,https://www.hltv.org/team/8297/furia
2025-06-16,11,9278,GamerLegion,165,https://www.hltv.org/team/9928/gamerlegion
2025-06-16,12,8918,Virtus.pro,161,https://www.hltv.org/team/5378/virtuspro
2025-06-16,13,8520,Liquid,147,https://www.hltv.org/team/5973/liquid
2025-06-16,14,7592,Astralis,145,https://www.hltv.org/team/6665/astralis
2025-06-16,15,19164,HEROIC,142,https://www.hltv.org/team/7175/heroic
2025-06-16,16,8374,3DMAX,133,https://www.hltv.org/team/4914/3dmax
2025-06-16,17,15698,Legacy,99,https://www.hltv.org/team/12468/legacy
2025-06-16,18,11154,MIBR,96,https://www.hltv.org/team/9215/mibr
2025-06-16,19,14736,paiN,96,https://www.hltv.org/team/4773/pain
2025-06-16,20,19592,B8,80,https://www.hltv.org/team/11241/b8
2025-06-16,21,11630,Complexity,75,https://www.hltv.org/team/5005/complexity
2025-06-16,22,16551,Lynn Vision,72,https://www.hltv.org/team/8840/lynn-vision
2025-06-16,23,922,Ninjas in Pyjamas,63,https://www.hltv.org/team/4411/ninjas-in-pyjamas
2025-06-16,24,20387,Nemiga,62,https://www.hltv.org/team/7969/nemiga
2025-06-16,25,8552,TYLOO,61,https://www.hltv.org/team/4863/tyloo
2025-06-16,26,5794,BIG,54,https://www.hltv.org/team/7532/big
2025-06-16,27,8507,Wildcard,51,https://www.hltv.org/team/12257/wildcard
2025-06-16,28,10588,FlyQuest,50,https://www.hltv.org/team/12774/flyquest
2025-06-16,29,11840,BetBoom,43,https://www.hltv.org/team/12394/betboom
2025-06-16,30,15370,M80,39,https://www.hltv.org/team/12376/m80
2025-06-16,31,13602,OG,38,https://www.hltv.org/team/10503/og
2025-06-16,32,14390,ODDIK,37,https://www.hltv.org/team/11768/oddik
2025-06-16,33,16885,Passion UA,35,https://www.hltv.org/team/12426/passion-ua
2025-06-16,34,7687,NRG,33,https://www.hltv.org/team/6673/nrg
2025-06-16,35,10961,ECSTATIC,33,https://www.hltv.org/team/11419/ecstatic
2025-06-16,36,18752,HOTU,29,https://www.hltv.org/team/11581/hotu
2025-06-16,37,7528,fnatic,28,https://www.hltv.org/team/4991/fnatic
2025-06-16,38,19229,Chinggis Warriors,27,https://www.hltv.org/team/12646/chinggis-warriors
2025-06-16,39,7412,ENCE,26,https://www.hltv.org/team/4869/ence
2025-06-16,40,12822,Imperial,26,https://www.hltv.org/team/9455/imperial
2025-06-16,41,630,SAW,22,https://www.hltv.org/team/10567/saw
2025-06-16,42,12521,Fluxo,21,https://www.hltv.org/team/11837/fluxo
2025-06-16,43,22643,TNL,20,https://www.hltv.org/team/12833/tnl
2025-06-16,44,2898,9INE,19,https://www.hltv.org/team/10278/9ine
2025-06-16,45,10449,JiJieHao,19,https://www.hltv.org/team/10245/jijiehao
2025-06-16,46,13239,PARIVISION,19,https://www.hltv.org/team/12467/parivision
2025-06-16,47,20584,NAVI Junior,18,https://www.hltv.org/team/10371/navi-junior
2025-06-16,48,12004,Astrum,18,https://www.hltv.org/team/13235/astrum
2025-06-16,49,22864,Spirit Academy,17,https://www.hltv.org/team/7900/spirit-academy
2025-06-16,50,1206,Nexus,17,https://www.hltv.org/team/7187/nexus
2025-06-16,51,7028,Rare Atom,17,https://www.hltv.org/team/11514/rare-atom
2025-06-16,52,10938,Sashi,15,https://www.hltv.org/team/11712/sashi
2025-06-16,53,15072,The Huns,14,https://www.hltv.org/team/12510/the-huns
2025-06-16,54,17508,CYBERSHOKE,14,https://www.hltv.org/team/12380/cybershoke
2025-06-16,55,20558,Sharks,14,https://www.hltv.org/team/8113/sharks
2025-06-16,56,15060,Eruption,14,https://www.hltv.org/team/12097/eruption
2025-06-16,57,13026,Partizan,14,https://www.hltv.org/team/11838/partizan
2025-06-16,58,5351,Zero Tenacity,13,https://www.hltv.org/team/11523/zero-tenacity
2025-06-16,59,7443,Alliance,13,https://www.hltv.org/team/12474/alliance
2025-06-16,60,3459,TPuDCATb TPu,13,https://www.hltv.org/team/13297/tpudcatb-tpu
2025-06-16,61,8371,Iberian Soul,12,https://www.hltv.org/team/13104/iberian-soul
2025-06-16,62,18070,Betclic,12,https://www.hltv.org/team/12916/betclic
2025-06-16,63,2131,FAVBET,12,https://www.hltv.org/team/12818/favbet
2025-06-16,64,12092,9z,12,https://www.hltv.org/team/9996/9z
2025-06-16,65,9766,Metizport,11,https://www.hltv.org/team/11641/metizport
2025-06-16,66,9255,Johnny Speeds,10,https://www.hltv.org/team/12604/johnny-speeds
2025-06-16,67,17316,Betera,10,https://www.hltv.org/team/12431/betera
2025-06-16,68,20956,RUBY,10,https://www.hltv.org/team/12694/ruby
2025-06-16,69,8891,Tricked,10,https://www.hltv.org/team/4602/tricked
2025-06-16,70,14494,BLUEJAYS,9,https://www.hltv.org/team/5347/bluejays
2025-06-16,71,11217,500,9,https://www.hltv.org/team/12000/500
2025-06-16,72,18710,BOSS,9,https://www.hltv.org/team/12534/boss
2025-06-16,73,8488,SINNERS,9,https://www.hltv.org/team/10577/sinners
2025-06-16,74,14394,Bounty Hunters,9,https://www.hltv.org/team/12776/bounty-hunters
2025-06-16,75,19926,Monte,9,https://www.hltv.org/team/11811/monte
2025-06-16,76,13240,GUN5,9,https://www.hltv.org/team/12471/gun5
2025-06-16,77,18447,ARCRED,9,https://www.hltv.org/team/10459/arcred
2025-06-16,78,21431,AMKAL,8,https://www.hltv.org/team/12586/amkal
2025-06-16,79,12777,KS,8,https://www.hltv.org/team/12255/ks
2025-06-16,80,8212,Fire Flux,8,https://www.hltv.org/team/12960/fire-flux
2025-06-16,81,9618,BC.Game,8,https://www.hltv.org/team/12878/bcgame
2025-06-16,82,12945,Sangal,8,https://www.hltv.org/team/10333/sangal
2025-06-16,83,19069,ECLOT,8,https://www.hltv.org/team/7441/eclot
2025-06-16,84,9896,WildLotus,7,https://www.hltv.org/team/13184/wildlotus
2025-06-16,85,20071,M1,7,https://www.hltv.org/team/11034/m1
2025-06-16,86,20258,NinJa,7,https://www.hltv.org/team/13211/ninja
2025-06-16,87,10827,GameHunters,6,https://www.hltv.org/team/12988/gamehunters
2025-06-16,88,8528,1win,6,https://www.hltv.org/team/10621/1win
2025-06-16,89,15203,ESC,6,https://www.hltv.org/team/4532/esc
2025-06-16,90,12937,Marsborne,6,https://www.hltv.org/team/13124/marsborne
2025-06-16,91,20683,Rhyno,6,https://www.hltv.org/team/10947/rhyno
2025-06-16,92,18510,Insilio,6,https://www.hltv.org/team/12124/insilio
2025-06-16,93,20199,SPARTA,6,https://www.hltv.org/team/13214/sparta
2025-06-16,94,10892,Getting Info,6,https://www.hltv.org/team/13106/getting-info
2025-06-16,95,8575,Eternal Fire,6,https://www.hltv.org/team/11251/eternal-fire
2025-06-16,96,3849,EYEBALLERS,6,https://www.hltv.org/team/11737/eyeballers
2025-06-16,97,798,Inner Circle,5,https://www.hltv.org/team/13117/inner-circle
2025-06-16,98,2161,BESTIA,5,https://www.hltv.org/team/12144/bestia
2025-06-16,99,12708,Bad News Eagles,5,https://www.hltv.org/team/11518/bad-news-eagles
2025-06-16,100,18442,LFO 4,5,https://www.hltv.org/team/13219/lfo-4
2025-06-16,101,20421,Leo,5,https://www.hltv.org/team/11446/leo
2025-06-16,102,20677,ENCE Academy,5,https://www.hltv.org/team/11790/ence-academy
2025-06-16,103,19575,K27,5,https://www.hltv.org/team/12895/k27
2025-06-16,104,13669,CPH Wolves,5,https://www.hltv.org/team/4548/cph-wolves
2025-06-16,105,12877,Rooster,5,https://www.hltv.org/team/9881/rooster
2025-06-16,106,9216,RED Canids,5,https://www.hltv.org/team/7176/red-canids
2025-06-16,107,22998,FengDa,5,https://www.hltv.org/team/12899/fengda
2025-06-16,108,19173,G2 Ares,5,https://www.hltv.org/team/12889/g2-ares
2025-06-16,109,6553,Keyd Stars,5,https://www.hltv.org/team/6033/keyd-stars
2025-06-16,110,11940,NOVAQ,5,https://www.hltv.org/team/13178/novaq
2025-06-16,111,20018,Wildcard Academy,5,https://www.hltv.org/team/13127/wildcard-academy
2025-06-16,112,14799,LAG,4,https://www.hltv.org/team/11955/lag
2025-06-16,113,3669,Rebels,4,https://www.hltv.org/team/12642/rebels
2025-06-16,114,21575,HEROIC Academy,4,https://www.hltv.org/team/13233/heroic-academy
2025-06-16,115,16147,kONO,4,https://www.hltv.org/team/12858/kono
2025-06-16,116,8151,Preasy,4,https://www.hltv.org/team/12334/preasy
2025-06-16,117,22940,Prestige,4,https://www.hltv.org/team/13159/prestige
2025-06-16,118,17324,anything else,4,https://www.hltv.org/team/13206/anything-else
2025-06-16,119,19872,ShindeN,4,https://www.hltv.org/team/12959/shinden
2025-06-16,120,21909,undeRRRated,4,https://www.hltv.org/team/13225/underrrated
2025-06-16,121,8429,hypewrld,4,https://www.hltv.org/team/12570/hypewrld
2025-06-16,122,11739,ex-W7M,4,https://www.hltv.org/team/13288/ex-w7m
2025-06-16,123,21367,FORZE Reload,4,https://www.hltv.org/team/12857/forze-reload
2025-06-16,124,20475,ex-SABRE,4,https://www.hltv.org/team/13298/ex-sabre
2025-06-16,125,18150,NomadS,4,https://www.hltv.org/team/12900/nomads
2025-06-16,126,10774,Only One Word,4,https://www.hltv.org/team/11263/only-one-word
2025-06-16,127,17450,Nordix,4,https://www.hltv.org/team/12766/nordix
2025-06-16,128,9298,1ADL,4,https://www.hltv.org/team/10912/1adl
2025-06-16,129,20336,NXT,4,https://www.hltv.org/team/13303/nxt
2025-06-16,130,13287,Elevate,4,https://www.hltv.org/team/5775/elevate
2025-06-16,131,9221,KRÜ,4,https://www.hltv.org/team/10900/kr
2025-06-16,132,6593,2GAME,3,https://www.hltv.org/team/12491/2game
2025-06-16,133,11532,Infinity,3,https://www.hltv.org/team/9963/infinity
2025-06-16,134,15818,UNiTY,3,https://www.hltv.org/team/12267/unity
2025-06-16,135,13250,Party Astronauts,3,https://www.hltv.org/team/8038/party-astronauts
2025-06-16,136,18101,Marius,3,https://www.hltv.org/team/13291/marius
2025-06-16,137,20946,BAKS,3,https://www.hltv.org/team/11699/baks
2025-06-16,138,16768,DogEvil,3,https://www.hltv.org/team/13148/dogevil
2025-06-16,139,8943,Shika,3,https://www.hltv.org/team/13147/shika
2025-06-16,140,24081,QMISTRY,3,https://www.hltv.org/team/13245/qmistry
2025-06-16,141,13914,Cyber Empire,3,https://www.hltv.org/team/13249/cyber-empire
2025-06-16,142,21988,Leça,3,https://www.hltv.org/team/13210/lea
2025-06-16,143,9108,Mindfreak,3,https://www.hltv.org/team/11668/mindfreak
2025-06-16,144,12736,Bärendienst,3,https://www.hltv.org/team/13299/brendienst
2025-06-16,145,1646,Imperial Valkyries,3,https://www.hltv.org/team/12828/imperial-valkyries
2025-06-16,146,14242,WOPA,3,https://www.hltv.org/team/12787/wopa
2025-06-16,147,11213,Flamengo,3,https://www.hltv.org/team/12065/flamengo
2025-06-16,148,13077,Volt,3,https://www.hltv.org/team/13090/volt
2025-06-16,149,16946,benched,3,https://www.hltv.org/team/11138/benched
2025-06-16,150,12317,Maestro,3,https://www.hltv.org/team/7848/maestro
2025-06-16,151,12102,MIGHT,3,https://www.hltv.org/team/12483/might
2025-06-16,152,22740,Lithuanian Wolves,3,https://www.hltv.org/team/13182/lithuanian-wolves
2025-06-16,153,19831,América,3,https://www.hltv.org/team/4326/amrica
2025-06-16,154,9214,Marca Registrada,3,https://www.hltv.org/team/12927/marca-registrada
2025-06-16,155,13689,Chicken Coop,3,https://www.hltv.org/team/13107/chicken-coop
2025-06-16,156,14010,LP,3,https://www.hltv.org/team/13304/lp
2025-06-16,157,16581,Supernova Comets,3,https://www.hltv.org/team/13146/supernova-comets
2025-06-16,158,11872,FURIA fe,3,https://www.hltv.org/team/10976/furia-fe
2025-06-16,159,15732,Bushido Wildcats,3,https://www.hltv.org/team/13281/bushido-wildcats
2025-06-16,160,13281,inputprayers,3,https://www.hltv.org/team/13280/inputprayers
2025-06-16,161,20521,Galorys,3,https://www.hltv.org/team/12677/galorys
2025-06-16,162,13298,Fisher College,3,https://www.hltv.org/team/12769/fisher-college
2025-06-16,163,22835,Take Flyte,3,https://www.hltv.org/team/11660/take-flyte
2025-06-16,164,17087,SKYFURY,3,https://www.hltv.org/team/12982/skyfury
2025-06-16,165,14094,Portuguese Family,3,https://www.hltv.org/team/11862/portuguese-family
2025-06-16,166,22283,WiLD,3,https://www.hltv.org/team/4903/wild
2025-06-16,167,284,FUT,3,https://www.hltv.org/team/13286/fut
2025-06-16,168,22345,Dark Tigers,3,https://www.hltv.org/team/7842/dark-tigers
2025-06-16,169,23001,Change The Game,2,https://www.hltv.org/team/13175/change-the-game
2025-06-16,170,5187,Steel Helmet,2,https://www.hltv.org/team/11273/steel-helmet
2025-06-16,171,12600,E9,2,https://www.hltv.org/team/12688/e9
2025-06-16,172,20029,MIBR Academy,2,https://www.hltv.org/team/3044/mibr-academy
2025-06-16,173,19975,Tropa do KinGui,2,https://www.hltv.org/team/13151/tropa-do-kingui
2025-06-16,174,22811,Kronjyllands,2,https://www.hltv.org/team/12797/kronjyllands
2025-06-16,175,24024,GENESIS,2,https://www.hltv.org/team/13076/genesis
2025-06-16,176,23316,modeame,2,https://www.hltv.org/team/13290/modeame
2025-06-16,177,13618,Young Ninjas,2,https://www.hltv.org/team/10960/young-ninjas
2025-06-16,178,15317,Illuminar,2,https://www.hltv.org/team/8813/illuminar
2025-06-16,179,23997,MAGICOS,2,https://www.hltv.org/team/13265/magicos
2025-06-16,180,21705,Akimbo,2,https://www.hltv.org/team/12567/akimbo
2025-06-16,181,16861,ENERGYULTRA,2,https://www.hltv.org/team/12253/energyultra
2025-06-16,182,21445,Hesta,2,https://www.hltv.org/team/13153/hesta
2025-06-16,183,12872,Housebets,2,https://www.hltv.org/team/12921/housebets
2025-06-16,184,9571,Daaku,2,https://www.hltv.org/team/13229/daaku
2025-06-16,185,20437,megoshort,2,https://www.hltv.org/team/11018/megoshort
2025-06-16,186,19857,Tsunami,2,https://www.hltv.org/team/12180/tsunami
2025-06-16,187,8850,FlyQuest RED,2,https://www.hltv.org/team/12301/flyquest-red
2025-06-16,188,16661,Players,2,https://www.hltv.org/team/11711/players
2025-06-16,189,23680,ROSY,2,https://www.hltv.org/team/13300/rosy
2025-06-16,190,9818,HAVU,2,https://www.hltv.org/team/7865/havu
2025-06-16,191,20815,8Sins,2,https://www.hltv.org/team/13024/8sins
2025-06-16,192,1572,NIP Impact,2,https://www.hltv.org/team/11917/nip-impact
2025-06-16,193,21931,ex-UHKA,2,https://www.hltv.org/team/13246/ex-uhka
2025-06-16,194,7653,Eco Warriors,2,https://www.hltv.org/team/13121/eco-warriors
2025-06-16,195,22787,XPERION NXT,2,https://www.hltv.org/team/13032/xperion-nxt
2025-06-16,196,16865,Wanted Goons,2,https://www.hltv.org/team/12971/wanted-goons
2025-06-16,197,9325,Skinvault,2,https://www.hltv.org/team/13252/skinvault
2025-06-16,198,11258,MASONIC,2,https://www.hltv.org/team/10867/masonic
2025-06-16,199,24984,Reverse Sweep,2,https://www.hltv.org/team/13244/reverse-sweep
2025-06-16,200,18090,Aether,2,https://www.hltv.org/team/12908/aether
2025-06-16,201,22364,Yawara,2,https://www.hltv.org/team/11933/yawara
2025-06-16,202,10730,777,2,https://www.hltv.org/team/10943/777
2025-06-16,203,24310,XDM,1,https://www.hltv.org/team/13242/xdm
2025-06-16,204,23252,QUAZAR,1,https://www.hltv.org/team/11312/quazar
2025-06-16,205,23809,GATERON,1,https://www.hltv.org/team/13102/gateron
2025-06-16,206,8598,Just Swing,1,https://www.hltv.org/team/13053/just-swing
2025-06-16,207,22566,paiN Academy,1,https://www.hltv.org/team/11905/pain-academy
2025-06-16,208,23386,ALLINNERS,1,https://www.hltv.org/team/12812/allinners
2025-06-16,209,24979,Exusiai,1,https://www.hltv.org/team/13243/exusiai
2025-06-16,210,19664,Ursa,1,https://www.hltv.org/team/13231/ursa
2025-06-16,211,18399,HAVENs,1,https://www.hltv.org/team/12855/havens
2025-06-16,212,9144,FURY,1,https://www.hltv.org/team/10299/fury
2025-06-16,213,22655,ODDIK Academy,1,https://www.hltv.org/team/13264/oddik-academy
2025-06-16,214,3329,Lilmix,1,https://www.hltv.org/team/9735/lilmix
2025-06-16,215,11139,SemperFi,1,https://www.hltv.org/team/12901/semperfi
2025-06-16,216,16851,Nii Kerge,1,https://www.hltv.org/team/13078/nii-kerge
2025-06-16,217,18554,Dusty Roots,1,https://www.hltv.org/team/12548/dusty-roots
2025-06-16,218,16343,Messitas,1,https://www.hltv.org/team/13144/messitas
2025-06-16,219,9616,MINLATE,1,https://www.hltv.org/team/6626/minlate
2025-06-16,220,1656,Zerance,1,https://www.hltv.org/team/13271/zerance
2025-06-16,221,20166,Spray and Slay,1,https://www.hltv.org/team/13187/spray-and-slay
2025-06-16,222,19563,Flshbck,1,https://www.hltv.org/team/13189/flshbck
2025-06-16,223,12237,XP Academy,1,https://www.hltv.org/team/13287/xp-academy
2025-06-16,224,21331,GenOne,1,https://www.hltv.org/team/11609/genone
2025-06-16,225,23828,RED Canids Academy,1,https://www.hltv.org/team/13029/red-canids-academy
2025-06-16,226,23204,BRUTE,1,https://www.hltv.org/team/9139/brute
2025-06-16,227,10499,VELOX,1,https://www.hltv.org/team/10978/velox
2025-06-16,228,12010,Reveal,1,https://www.hltv.org/team/12287/reveal
2025-06-16,229,16341,MIBR fe,1,https://www.hltv.org/team/10975/mibr-fe
2025-06-16,230,19981,Grannys Knockers,1,https://www.hltv.org/team/12805/grannys-knockers
2025-06-16,231,12588,ex-TALON,1,https://www.hltv.org/team/13212/ex-talon
2025-06-16,232,23276,M1Z,1,https://www.hltv.org/team/13079/m1z
2025-06-16,233,17997,LaChampionsLiga,1,https://www.hltv.org/team/12789/lachampionsliga
2025-06-16,234,22529,XI,1,https://www.hltv.org/team/8947/xi
2025-06-16,235,22589,regain,1,https://www.hltv.org/team/12554/regain
2025-06-16,236,17846,WahWah,0,https://www.hltv.org/team/11878/wahwah
2025-06-16,237,17071,girl kissers,0,https://www.hltv.org/team/13270/girl-kissers
2025-06-16,238,19290,2070,0,https://www.hltv.org/team/13052/2070
2025-06-16,239,25042,LASED,0,https://www.hltv.org/team/13268/lased
2025-06-16,240,24256,Arrow,0,https://www.hltv.org/team/12764/arrow
2025-06-16,241,20411,CSKejsaren,0,https://www.hltv.org/team/13289/cskejsaren
2025-06-16,242,16764,BIG EQUIPA,0,https://www.hltv.org/team/11718/big-equipa
2025-06-16,243,18229,DMS,0,https://www.hltv.org/team/12747/dms
2025-06-16,244,18774,CS2News Ladies,0,https://www.hltv.org/team/13168/cs2news-ladies
2025-06-16,245,12898,Victores Sumus,0,https://www.hltv.org/team/12929/victores-sumus
2025-06-16,246,11013,Linx Legacy,0,https://www.hltv.org/team/11456/linx-legacy
2025-06-16,247,23050,AKA HERO KAJO,0,https://www.hltv.org/team/13142/aka-hero-kajo
2025-06-16,248,8640,Ghost,0,https://www.hltv.org/team/7801/ghost
2025-06-16,249,8503,Mythic,0,https://www.hltv.org/team/5479/mythic
2025-06-09,1,7322,Vitality,1000,https://www.hltv.org/team/9565/vitality
2025-06-09,2,13666,MOUZ,571,https://www.hltv.org/team/4494/mouz
2025-06-09,3,7716,Spirit,540,https://www.hltv.org/team/7020/spirit
2025-06-09,4,3741,Falcons,437,https://www.hltv.org/team/11283/falcons
2025-06-09,5,20194,The MongolZ,387,https://www.hltv.org/team/6248/the-mongolz
2025-06-09,6,150,Aurora,370,https://www.hltv.org/team/11861/aurora
2025-06-09,7,9816,Natus Vincere,294,https://www.hltv.org/team/4608/natus-vincere
2025-06-09,8,2553,G2,251,https://www.hltv.org/team/5995/g2
2025-06-09,9,9278,GamerLegion,186,https://www.hltv.org/team/9928/gamerlegion
2025-06-09,10,8520,Liquid,172,https://www.hltv.org/team/5973/liquid
2025-06-09,11,429,FaZe,167,https://www.hltv.org/team/6667/faze
2025-06-09,12,19164,HEROIC,135,https://www.hltv.org/team/7175/heroic
2025-06-09,13,8918,Virtus.pro,134,https://www.hltv.org/team/5378/virtuspro
2025-06-09,14,7592,Astralis,134,https://www.hltv.org/team/6665/astralis
2025-06-09,15,2023,FURIA,125,https://www.hltv.org/team/8297/furia
2025-06-09,16,8374,3DMAX,115,https://www.hltv.org/team/4914/3dmax
2025-06-09,17,11154,MIBR,94,https://www.hltv.org/team/9215/mibr
2025-06-09,18,19592,B8,83,https://www.hltv.org/team/11241/b8
2025-06-09,19,11630,Complexity,75,https://www.hltv.org/team/5005/complexity
2025-06-09,20,922,Ninjas in Pyjamas,64,https://www.hltv.org/team/4411/ninjas-in-pyjamas
2025-06-09,21,15698,Legacy,60,https://www.hltv.org/team/12468/legacy
2025-06-09,22,14736,paiN,59,https://www.hltv.org/team/4773/pain
2025-06-09,23,8552,TYLOO,57,https://www.hltv.org/team/4863/tyloo
2025-06-09,24,16551,Lynn Vision,53,https://www.hltv.org/team/8840/lynn-vision
2025-06-09,25,5794,BIG,53,https://www.hltv.org/team/7532/big
2025-06-09,26,8507,Wildcard,52,https://www.hltv.org/team/12257/wildcard
2025-06-09,27,10588,FlyQuest,51,https://www.hltv.org/team/12774/flyquest
2025-06-09,28,11840,BetBoom,46,https://www.hltv.org/team/12394/betboom
2025-06-09,29,20387,Nemiga,42,https://www.hltv.org/team/7969/nemiga
2025-06-09,30,13602,OG,40,https://www.hltv.org/team/10503/og
2025-06-09,31,15370,M80,38,https://www.hltv.org/team/12376/m80
2025-06-09,32,7687,NRG,33,https://www.hltv.org/team/6673/nrg
2025-06-09,33,7412,ENCE,33,https://www.hltv.org/team/4869/ence
2025-06-09,34,14390,ODDIK,30,https://www.hltv.org/team/11768/oddik
2025-06-09,35,18752,HOTU,29,https://www.hltv.org/team/11581/hotu
2025-06-09,36,12822,Imperial,28,https://www.hltv.org/team/9455/imperial
2025-06-09,37,19229,Chinggis Warriors,28,https://www.hltv.org/team/12646/chinggis-warriors
2025-06-09,38,630,SAW,26,https://www.hltv.org/team/10567/saw
2025-06-09,39,20584,NAVI Junior,24,https://www.hltv.org/team/10371/navi-junior
2025-06-09,40,12521,Fluxo,23,https://www.hltv.org/team/11837/fluxo
2025-06-09,41,10961,ECSTATIC,22,https://www.hltv.org/team/11419/ecstatic
2025-06-09,42,10449,JiJieHao,21,https://www.hltv.org/team/10245/jijiehao
2025-06-09,43,16885,Passion UA,20,https://www.hltv.org/team/12426/passion-ua
2025-06-09,44,13239,PARIVISION,19,https://www.hltv.org/team/12467/parivision
2025-06-09,45,7528,fnatic,18,https://www.hltv.org/team/4991/fnatic
2025-06-09,46,22643,TNL,18,https://www.hltv.org/team/12833/tnl
2025-06-09,47,12004,Astrum,18,https://www.hltv.org/team/13235/astrum
2025-06-09,48,7028,Rare Atom,17,https://www.hltv.org/team/11514/rare-atom
2025-06-09,49,1206,Nexus,17,https://www.hltv.org/team/7187/nexus
2025-06-09,50,22864,Spirit Academy,16,https://www.hltv.org/team/7900/spirit-academy
2025-06-09,51,2898,9INE,15,https://www.hltv.org/team/10278/9ine
2025-06-09,52,15060,Eruption,14,https://www.hltv.org/team/12097/eruption
2025-06-09,53,10938,Sashi,13,https://www.hltv.org/team/11712/sashi
2025-06-09,54,20558,Sharks,13,https://www.hltv.org/team/8113/sharks
2025-06-09,55,2161,BESTIA,12,https://www.hltv.org/team/12144/bestia
2025-06-09,56,17508,CYBERSHOKE,12,https://www.hltv.org/team/12380/cybershoke
2025-06-09,57,3459,TPuDCATb TPu,12,https://www.hltv.org/team/13297/tpudcatb-tpu
2025-06-09,58,9766,Metizport,12,https://www.hltv.org/team/11641/metizport
2025-06-09,59,5351,Zero Tenacity,12,https://www.hltv.org/team/11523/zero-tenacity
2025-06-09,60,15072,The Huns,12,https://www.hltv.org/team/12510/the-huns
2025-06-09,61,12092,9z,12,https://www.hltv.org/team/9996/9z
2025-06-09,62,13026,Partizan,12,https://www.hltv.org/team/11838/partizan
2025-06-09,63,18070,Betclic,11,https://www.hltv.org/team/12916/betclic
2025-06-09,64,8371,Iberian Soul,10,https://www.hltv.org/team/13104/iberian-soul
2025-06-09,65,17316,Betera,10,https://www.hltv.org/team/12431/betera
2025-06-09,66,2131,FAVBET,10,https://www.hltv.org/team/12818/favbet
2025-06-09,67,11217,500,10,https://www.hltv.org/team/12000/500
2025-06-09,68,8891,Tricked,10,https://www.hltv.org/team/4602/tricked
2025-06-09,69,8488,SINNERS,10,https://www.hltv.org/team/10577/sinners
2025-06-09,70,9618,BC.Game,9,https://www.hltv.org/team/12878/bcgame
2025-06-09,71,8212,Fire Flux,9,https://www.hltv.org/team/12960/fire-flux
2025-06-09,72,14394,Bounty Hunters,9,https://www.hltv.org/team/12776/bounty-hunters
2025-06-09,73,7443,Alliance,9,https://www.hltv.org/team/12474/alliance
2025-06-09,74,20956,RUBY,9,https://www.hltv.org/team/12694/ruby
2025-06-09,75,12777,Kubix,9,https://www.hltv.org/team/12847/kubix
2025-06-09,76,18447,ARCRED,8,https://www.hltv.org/team/10459/arcred
2025-06-09,77,14494,BLUEJAYS,8,https://www.hltv.org/team/5347/bluejays
2025-06-09,78,19069,ECLOT,8,https://www.hltv.org/team/7441/eclot
2025-06-09,79,12945,Sangal,8,https://www.hltv.org/team/10333/sangal
2025-06-09,80,9255,Johnny Speeds,8,https://www.hltv.org/team/12604/johnny-speeds
2025-06-09,81,10827,GameHunters,8,https://www.hltv.org/team/12988/gamehunters
2025-06-09,82,19926,Monte,8,https://www.hltv.org/team/11811/monte
2025-06-09,83,21431,AMKAL,8,https://www.hltv.org/team/12586/amkal
2025-06-09,84,13240,GUN5,7,https://www.hltv.org/team/12471/gun5
2025-06-09,85,12937,Marsborne,7,https://www.hltv.org/team/13124/marsborne
2025-06-09,86,20258,NinJa,7,https://www.hltv.org/team/13211/ninja
2025-06-09,87,20071,M1,7,https://www.hltv.org/team/11034/m1
2025-06-09,88,23085,LFO 4,6,https://www.hltv.org/team/13219/lfo-4
2025-06-09,89,8528,1win,6,https://www.hltv.org/team/10621/1win
2025-06-09,90,15203,ESC,6,https://www.hltv.org/team/4532/esc
2025-06-09,91,10892,Getting Info,6,https://www.hltv.org/team/13106/getting-info
2025-06-09,92,20683,Rhyno,6,https://www.hltv.org/team/10947/rhyno
2025-06-09,93,20199,SPARTA,6,https://www.hltv.org/team/13214/sparta
2025-06-09,94,11139,SemperFi,6,https://www.hltv.org/team/12901/semperfi
2025-06-09,95,18150,NomadS,6,https://www.hltv.org/team/12900/nomads
2025-06-09,96,8575,Eternal Fire,6,https://www.hltv.org/team/11251/eternal-fire
2025-06-09,97,18510,Insilio,5,https://www.hltv.org/team/12124/insilio
2025-06-09,98,16147,kONO,5,https://www.hltv.org/team/12858/kono
2025-06-09,99,12708,Bad News Eagles,5,https://www.hltv.org/team/11518/bad-news-eagles
2025-06-09,100,11940,NOVAQ,5,https://www.hltv.org/team/13178/novaq
2025-06-09,101,798,Inner Circle,5,https://www.hltv.org/team/13117/inner-circle
2025-06-09,102,20421,Leo,5,https://www.hltv.org/team/11446/leo
2025-06-09,103,19575,K27,5,https://www.hltv.org/team/12895/k27
2025-06-09,104,20677,ENCE Academy,5,https://www.hltv.org/team/11790/ence-academy
2025-06-09,105,9216,RED Canids,5,https://www.hltv.org/team/7176/red-canids
2025-06-09,106,8598,Just Swing,5,https://www.hltv.org/team/13053/just-swing
2025-06-09,107,22998,FengDa,5,https://www.hltv.org/team/12899/fengda
2025-06-09,108,19173,G2 Ares,5,https://www.hltv.org/team/12889/g2-ares
2025-06-09,109,6553,Keyd Stars,5,https://www.hltv.org/team/6033/keyd-stars
2025-06-09,110,13298,Fisher College,5,https://www.hltv.org/team/12769/fisher-college
2025-06-09,111,24310,XDM,5,https://www.hltv.org/team/13242/xdm
2025-06-09,112,24979,Exusiai,5,https://www.hltv.org/team/13243/exusiai
2025-06-09,113,10774,Only One Word,5,https://www.hltv.org/team/11263/only-one-word
2025-06-09,114,20018,Wildcard Academy,5,https://www.hltv.org/team/13127/wildcard-academy
2025-06-09,115,24984,Reverse Sweep,4,https://www.hltv.org/team/13244/reverse-sweep
2025-06-09,116,14799,LAG,4,https://www.hltv.org/team/11955/lag
2025-06-09,117,3849,EYEBALLERS,4,https://www.hltv.org/team/11737/eyeballers
2025-06-09,118,21575,HEROIC Academy,4,https://www.hltv.org/team/13233/heroic-academy
2025-06-09,119,9571,Daaku,4,https://www.hltv.org/team/13229/daaku
2025-06-09,120,9896,WildLotus,4,https://www.hltv.org/team/13184/wildlotus
2025-06-09,121,12877,Rooster,4,https://www.hltv.org/team/9881/rooster
2025-06-09,122,17324,anything else,4,https://www.hltv.org/team/13206/anything-else
2025-06-09,123,13669,CPH Wolves,4,https://www.hltv.org/team/4548/cph-wolves
2025-06-09,124,21909,undeRRRated,4,https://www.hltv.org/team/13225/underrrated
2025-06-09,125,8429,hypewrld,4,https://www.hltv.org/team/12570/hypewrld
2025-06-09,126,11739,ex-W7M,4,https://www.hltv.org/team/13288/ex-w7m
2025-06-09,127,21367,FORZE Reload,4,https://www.hltv.org/team/12857/forze-reload
2025-06-09,128,24081,QMISTRY,4,https://www.hltv.org/team/13245/qmistry
2025-06-09,129,13250,Party Astronauts,4,https://www.hltv.org/team/8038/party-astronauts
2025-06-09,130,22835,Take Flyte,4,https://www.hltv.org/team/11660/take-flyte
2025-06-09,131,17450,Nordix,4,https://www.hltv.org/team/12766/nordix
2025-06-09,132,12588,ex-TALON,4,https://www.hltv.org/team/13212/ex-talon
2025-06-09,133,11532,Infinity,4,https://www.hltv.org/team/9963/infinity
2025-06-09,134,9298,1ADL,4,https://www.hltv.org/team/10912/1adl
2025-06-09,135,20336,PERPLEXITY,4,https://www.hltv.org/team/13273/perplexity
2025-06-09,136,20475,SABRE,3,https://www.hltv.org/team/13250/sabre
2025-06-09,137,23001,Change The Game,3,https://www.hltv.org/team/13175/change-the-game
2025-06-09,138,20946,BAKS,3,https://www.hltv.org/team/11699/baks
2025-06-09,139,16768,DogEvil,3,https://www.hltv.org/team/13148/dogevil
2025-06-09,140,8943,Shika,3,https://www.hltv.org/team/13147/shika
2025-06-09,141,13689,Chicken Coop,3,https://www.hltv.org/team/13107/chicken-coop
2025-06-09,142,13914,Cyber Empire,3,https://www.hltv.org/team/13249/cyber-empire
2025-06-09,143,21988,Leça,3,https://www.hltv.org/team/13210/lea
2025-06-09,144,22940,Prestige,3,https://www.hltv.org/team/13159/prestige
2025-06-09,145,9108,Mindfreak,3,https://www.hltv.org/team/11668/mindfreak
2025-06-09,146,13618,Young Ninjas,3,https://www.hltv.org/team/10960/young-ninjas
2025-06-09,147,12736,ex-Permitta,3,https://www.hltv.org/team/13272/ex-permitta
2025-06-09,148,15732,Bushido Wildcats,3,https://www.hltv.org/team/13281/bushido-wildcats
2025-06-09,149,14242,WOPA,3,https://www.hltv.org/team/12787/wopa
2025-06-09,150,15818,UNiTY,3,https://www.hltv.org/team/12267/unity
2025-06-09,151,18090,SUPER EVIL GANG,3,https://www.hltv.org/team/13177/super-evil-gang
2025-06-09,152,6593,2GAME,3,https://www.hltv.org/team/12491/2game
2025-06-09,153,14010,NITRO,3,https://www.hltv.org/team/12915/nitro
2025-06-09,154,12317,Maestro,3,https://www.hltv.org/team/7848/maestro
2025-06-09,155,16946,benched,3,https://www.hltv.org/team/11138/benched
2025-06-09,156,22740,Lithuanian Wolves,3,https://www.hltv.org/team/13182/lithuanian-wolves
2025-06-09,157,284,FUT,3,https://www.hltv.org/team/13286/fut
2025-06-09,158,14094,Portuguese Family,3,https://www.hltv.org/team/11862/portuguese-family
2025-06-09,159,19831,América,3,https://www.hltv.org/team/4326/amrica
2025-06-09,160,11872,FURIA fe,3,https://www.hltv.org/team/10976/furia-fe
2025-06-09,161,13281,inputprayers,3,https://www.hltv.org/team/13280/inputprayers
2025-06-09,162,16581,Supernova Comets,3,https://www.hltv.org/team/13146/supernova-comets
2025-06-09,163,20521,Galorys,3,https://www.hltv.org/team/12677/galorys
2025-06-09,164,11213,Flamengo,3,https://www.hltv.org/team/12065/flamengo
2025-06-09,165,22283,WiLD,3,https://www.hltv.org/team/4903/wild
2025-06-09,166,23809,GATERON,3,https://www.hltv.org/team/13102/gateron
2025-06-09,167,22345,Dark Tigers,2,https://www.hltv.org/team/7842/dark-tigers
2025-06-09,168,13077,Volt,2,https://www.hltv.org/team/13090/volt
2025-06-09,169,23680,-72c,2,https://www.hltv.org/team/12546/72c
2025-06-09,170,12102,MIGHT,2,https://www.hltv.org/team/12483/might
2025-06-09,171,5187,Steel Helmet,2,https://www.hltv.org/team/11273/steel-helmet
2025-06-09,172,1646,Imperial Valkyries,2,https://www.hltv.org/team/12828/imperial-valkyries
2025-06-09,173,12600,E9,2,https://www.hltv.org/team/12688/e9
2025-06-09,174,23316,modeame,2,https://www.hltv.org/team/13290/modeame
2025-06-09,175,19975,Tropa do KinGui,2,https://www.hltv.org/team/13151/tropa-do-kingui
2025-06-09,176,22811,Kronjyllands,2,https://www.hltv.org/team/12797/kronjyllands
2025-06-09,177,24024,GENESIS,2,https://www.hltv.org/team/13076/genesis
2025-06-09,178,15317,Illuminar,2,https://www.hltv.org/team/8813/illuminar
2025-06-09,179,19857,Tsunami,2,https://www.hltv.org/team/12180/tsunami
2025-06-09,180,23997,MAGICOS,2,https://www.hltv.org/team/13265/magicos
2025-06-09,181,16861,ENERGYULTRA,2,https://www.hltv.org/team/12253/energyultra
2025-06-09,182,21445,Hesta,2,https://www.hltv.org/team/13153/hesta
2025-06-09,183,12872,Housebets,2,https://www.hltv.org/team/12921/housebets
2025-06-09,184,20437,megoshort,2,https://www.hltv.org/team/11018/megoshort
2025-06-09,185,17087,SKYFURY,2,https://www.hltv.org/team/12982/skyfury
2025-06-09,186,20029,MIBR Academy,2,https://www.hltv.org/team/3044/mibr-academy
2025-06-09,187,22364,Yawara,2,https://www.hltv.org/team/11933/yawara
2025-06-09,188,8151,Preasy,2,https://www.hltv.org/team/12334/preasy
2025-06-09,189,8850,FlyQuest RED,2,https://www.hltv.org/team/12301/flyquest-red
2025-06-09,190,3329,Lilmix,2,https://www.hltv.org/team/9735/lilmix
2025-06-09,191,9214,Marca Registrada,2,https://www.hltv.org/team/12927/marca-registrada
2025-06-09,192,9818,HAVU,2,https://www.hltv.org/team/7865/havu
2025-06-09,193,9144,FURY,2,https://www.hltv.org/team/10299/fury
2025-06-09,194,20815,8Sins,2,https://www.hltv.org/team/13024/8sins
2025-06-09,195,1572,NIP Impact,2,https://www.hltv.org/team/11917/nip-impact
2025-06-09,196,21931,ex-UHKA,2,https://www.hltv.org/team/13246/ex-uhka
2025-06-09,197,22787,XPERION NXT,2,https://www.hltv.org/team/13032/xperion-nxt
2025-06-09,198,9221,KRÜ,2,https://www.hltv.org/team/10900/kr
2025-06-09,199,9325,Skinvault,2,https://www.hltv.org/team/13252/skinvault
2025-06-09,200,10730,777,2,https://www.hltv.org/team/10943/777
2025-06-09,201,11258,MASONIC,1,https://www.hltv.org/team/10867/masonic
2025-06-09,202,18101,Marius,1,https://www.hltv.org/team/13291/marius
2025-06-09,203,23252,QUAZAR,1,https://www.hltv.org/team/11312/quazar
2025-06-09,204,16661,Players,1,https://www.hltv.org/team/11711/players
2025-06-09,205,22566,paiN Academy,1,https://www.hltv.org/team/11905/pain-academy
2025-06-09,206,23386,ALLINNERS,1,https://www.hltv.org/team/12812/allinners
2025-06-09,207,19664,Ursa,1,https://www.hltv.org/team/13231/ursa
2025-06-09,208,18399,HAVENs,1,https://www.hltv.org/team/12855/havens
2025-06-09,209,19563,Flshbck,1,https://www.hltv.org/team/13189/flshbck
2025-06-09,210,22655,ODDIK Academy,1,https://www.hltv.org/team/13264/oddik-academy
2025-06-09,211,18146,The QUBE,1,https://www.hltv.org/team/12825/the-qube
2025-06-09,212,1656,Zerance,1,https://www.hltv.org/team/13271/zerance
2025-06-09,213,16851,Nii Kerge,1,https://www.hltv.org/team/13078/nii-kerge
2025-06-09,214,21705,Akimbo,1,https://www.hltv.org/team/12567/akimbo
2025-06-09,215,9616,MINLATE,1,https://www.hltv.org/team/6626/minlate
2025-06-09,216,12237,XP Academy,1,https://www.hltv.org/team/13287/xp-academy
2025-06-09,217,21331,GenOne,1,https://www.hltv.org/team/11609/genone
2025-06-09,218,23828,RED Canids Academy,1,https://www.hltv.org/team/13029/red-canids-academy
2025-06-09,219,23204,BRUTE,1,https://www.hltv.org/team/9139/brute
2025-06-09,220,10499,VELOX,1,https://www.hltv.org/team/10978/velox
2025-06-09,221,12010,Reveal,1,https://www.hltv.org/team/12287/reveal
2025-06-09,222,12898,Victores Sumus,1,https://www.hltv.org/team/12929/victores-sumus
2025-06-09,223,16865,Wanted Goons,1,https://www.hltv.org/team/12971/wanted-goons
2025-06-09,224,16341,MIBR fe,1,https://www.hltv.org/team/10975/mibr-fe
2025-06-09,225,19981,Grannys Knockers,1,https://www.hltv.org/team/12805/grannys-knockers
2025-06-09,226,3669,Rebels,1,https://www.hltv.org/team/12642/rebels
2025-06-09,227,23276,M1Z,1,https://www.hltv.org/team/13079/m1z
2025-06-09,228,22589,regain,0,https://www.hltv.org/team/12554/regain
2025-06-09,229,7653,Eco Warriors,0,https://www.hltv.org/team/13121/eco-warriors
2025-06-09,230,17846,WahWah,0,https://www.hltv.org/team/11878/wahwah
2025-06-09,231,22529,XI,0,https://www.hltv.org/team/8947/xi
2025-06-09,232,19290,2070,0,https://www.hltv.org/team/13052/2070
2025-06-09,233,25042,LASED,0,https://www.hltv.org/team/13268/lased
2025-06-09,234,18229,DMS,0,https://www.hltv.org/team/12747/dms
2025-06-09,235,24256,Arrow,0,https://www.hltv.org/team/12764/arrow
2025-06-09,236,16764,BIG EQUIPA,0,https://www.hltv.org/team/11718/big-equipa
2025-06-09,237,11013,Linx Legacy,0,https://www.hltv.org/team/11456/linx-legacy
2025-06-09,238,23744,st4rboys,0,https://www.hltv.org/team/12983/st4rboys
2025-06-09,239,20529,KZG,0,https://www.hltv.org/team/12152/kzg
2025-06-09,240,8503,Mythic,0,https://www.hltv.org/team/5479/mythic
2025-06-02,1,7322,Vitality,1000,https://www.hltv.org/team/9565/vitality
2025-06-02,2,13666,MOUZ,571,https://www.hltv.org/team/4494/mouz
2025-06-02,3,7716,Spirit,543,https://www.hltv.org/team/7020/spirit
2025-06-02,4,3741,Falcons,496,https://www.hltv.org/team/11283/falcons
2025-06-02,5,20194,The MongolZ,398,https://www.hltv.org/team/6248/the-mongolz
2025-06-02,6,150,Aurora,361,https://www.hltv.org/team/11861/aurora
2025-06-02,7,9816,Natus Vincere,298,https://www.hltv.org/team/4608/natus-vincere
2025-06-02,8,2553,G2,265,https://www.hltv.org/team/5995/g2
2025-06-02,9,9278,GamerLegion,192,https://www.hltv.org/team/9928/gamerlegion
2025-06-02,10,429,FaZe,177,https://www.hltv.org/team/6667/faze
2025-06-02,11,8520,Liquid,168,https://www.hltv.org/team/5973/liquid
2025-06-02,12,7592,Astralis,129,https://www.hltv.org/team/6665/astralis
2025-06-02,13,8918,Virtus.pro,129,https://www.hltv.org/team/5378/virtuspro
2025-06-02,14,8374,3DMAX,118,https://www.hltv.org/team/4914/3dmax
2025-06-02,15,19164,HEROIC,117,https://www.hltv.org/team/7175/heroic
2025-06-02,16,2023,FURIA,115,https://www.hltv.org/team/8297/furia
2025-06-02,17,11630,Complexity,98,https://www.hltv.org/team/5005/complexity
2025-06-02,18,11154,MIBR,96,https://www.hltv.org/team/9215/mibr
2025-06-02,19,922,Ninjas in Pyjamas,61,https://www.hltv.org/team/4411/ninjas-in-pyjamas
2025-06-02,20,14736,paiN,56,https://www.hltv.org/team/4773/pain
2025-06-02,21,5794,BIG,53,https://www.hltv.org/team/7532/big
2025-06-02,22,10588,FlyQuest,49,https://www.hltv.org/team/12774/flyquest
2025-06-02,23,19592,B8,48,https://www.hltv.org/team/11241/b8
2025-06-02,24,8507,Wildcard,46,https://www.hltv.org/team/12257/wildcard
2025-06-02,25,8552,TYLOO,36,https://www.hltv.org/team/4863/tyloo
2025-06-02,26,15370,M80,35,https://www.hltv.org/team/12376/m80
2025-06-02,27,630,SAW,35,https://www.hltv.org/team/10567/saw
2025-06-02,28,14390,ODDIK,34,https://www.hltv.org/team/11768/oddik
2025-06-02,29,7412,ENCE,32,https://www.hltv.org/team/4869/ence
2025-06-02,30,16551,Lynn Vision,30,https://www.hltv.org/team/8840/lynn-vision
2025-06-02,31,15698,Legacy,29,https://www.hltv.org/team/12468/legacy
2025-06-02,32,18752,HOTU,29,https://www.hltv.org/team/11581/hotu
2025-06-02,33,11840,BetBoom,28,https://www.hltv.org/team/12394/betboom
2025-06-02,34,7687,NRG,26,https://www.hltv.org/team/6673/nrg
2025-06-02,35,10961,ECSTATIC,24,https://www.hltv.org/team/11419/ecstatic
2025-06-02,36,20584,NAVI Junior,23,https://www.hltv.org/team/10371/navi-junior
2025-06-02,37,19229,Chinggis Warriors,23,https://www.hltv.org/team/12646/chinggis-warriors
2025-06-02,38,13239,PARIVISION,22,https://www.hltv.org/team/12467/parivision
2025-06-02,39,12822,Imperial,22,https://www.hltv.org/team/9455/imperial
2025-06-02,40,18070,Betclic,21,https://www.hltv.org/team/12916/betclic
2025-06-02,41,10449,JiJieHao,21,https://www.hltv.org/team/10245/jijiehao
2025-06-02,42,13602,OG,21,https://www.hltv.org/team/10503/og
2025-06-02,43,16885,Passion UA,20,https://www.hltv.org/team/12426/passion-ua
2025-06-02,44,22643,TNL,19,https://www.hltv.org/team/12833/tnl
2025-06-02,45,12521,Fluxo,18,https://www.hltv.org/team/11837/fluxo
2025-06-02,46,12004,Astrum,18,https://www.hltv.org/team/13235/astrum
2025-06-02,47,7028,Rare Atom,18,https://www.hltv.org/team/11514/rare-atom
2025-06-02,48,7528,fnatic,18,https://www.hltv.org/team/4991/fnatic
2025-06-02,49,20387,Nemiga,18,https://www.hltv.org/team/7969/nemiga
2025-06-02,50,22864,Spirit Academy,17,https://www.hltv.org/team/7900/spirit-academy
2025-06-02,51,1206,Nexus,15,https://www.hltv.org/team/7187/nexus
2025-06-02,52,13843,Sashi,15,https://www.hltv.org/team/11712/sashi
2025-06-02,53,2898,9INE,14,https://www.hltv.org/team/10278/9ine
2025-06-02,54,3459,RUSH B,13,https://www.hltv.org/team/12559/rush-b
2025-06-02,55,9766,Metizport,13,https://www.hltv.org/team/11641/metizport
2025-06-02,56,20558,Sharks,13,https://www.hltv.org/team/8113/sharks
2025-06-02,57,15072,The Huns,13,https://www.hltv.org/team/12510/the-huns
2025-06-02,58,17508,CYBERSHOKE,13,https://www.hltv.org/team/12380/cybershoke
2025-06-02,59,2161,BESTIA,12,https://www.hltv.org/team/12144/bestia
2025-06-02,60,15060,Eruption,12,https://www.hltv.org/team/12097/eruption
2025-06-02,61,12092,9z,12,https://www.hltv.org/team/9996/9z
2025-06-02,62,5351,Zero Tenacity,11,https://www.hltv.org/team/11523/zero-tenacity
2025-06-02,63,13026,Partizan,11,https://www.hltv.org/team/11838/partizan
2025-06-02,64,8371,Iberian Soul,11,https://www.hltv.org/team/13104/iberian-soul
2025-06-02,65,9618,BC.Game,11,https://www.hltv.org/team/12878/bcgame
2025-06-02,66,8488,SINNERS,11,https://www.hltv.org/team/10577/sinners
2025-06-02,67,16432,ECLOT,11,https://www.hltv.org/team/7441/eclot
2025-06-02,68,9255,Johnny Speeds,11,https://www.hltv.org/team/12604/johnny-speeds
2025-06-02,69,11217,500,10,https://www.hltv.org/team/12000/500
2025-06-02,70,8891,Tricked,10,https://www.hltv.org/team/4602/tricked
2025-06-02,71,10892,Getting Info,10,https://www.hltv.org/team/13106/getting-info
2025-06-02,72,17316,Betera,10,https://www.hltv.org/team/12431/betera
2025-06-02,73,2131,FAVBET,10,https://www.hltv.org/team/12818/favbet
2025-06-02,74,10827,GameHunters,9,https://www.hltv.org/team/12988/gamehunters
2025-06-02,75,20956,RUBY,9,https://www.hltv.org/team/12694/ruby
2025-06-02,76,12945,Sangal,9,https://www.hltv.org/team/10333/sangal
2025-06-02,77,7443,Alliance,9,https://www.hltv.org/team/12474/alliance
2025-06-02,78,14394,Bounty Hunters,9,https://www.hltv.org/team/12776/bounty-hunters
2025-06-02,79,13240,GUN5,8,https://www.hltv.org/team/12471/gun5
2025-06-02,80,18447,ARCRED,8,https://www.hltv.org/team/10459/arcred
2025-06-02,81,12937,Marsborne,8,https://www.hltv.org/team/13124/marsborne
2025-06-02,82,8212,Fire Flux,8,https://www.hltv.org/team/12960/fire-flux
2025-06-02,83,18510,Insilio,7,https://www.hltv.org/team/12124/insilio
2025-06-02,84,23085,LFO 4,7,https://www.hltv.org/team/13219/lfo-4
2025-06-02,85,19926,Monte,7,https://www.hltv.org/team/11811/monte
2025-06-02,86,20258,NinJa,7,https://www.hltv.org/team/13211/ninja
2025-06-02,87,8528,1win,7,https://www.hltv.org/team/10621/1win
2025-06-02,88,22998,FengDa,7,https://www.hltv.org/team/12899/fengda
2025-06-02,89,12777,Kubix,6,https://www.hltv.org/team/12847/kubix
2025-06-02,90,20071,M1,6,https://www.hltv.org/team/11034/m1
2025-06-02,91,15203,ESC,6,https://www.hltv.org/team/4532/esc
2025-06-02,92,20199,SPARTA,6,https://www.hltv.org/team/13214/sparta
2025-06-02,93,20683,Rhyno,6,https://www.hltv.org/team/10947/rhyno
2025-06-02,94,11139,SemperFi,6,https://www.hltv.org/team/12901/semperfi
2025-06-02,95,21909,undeRRRated,6,https://www.hltv.org/team/13225/underrrated
2025-06-02,96,12793,Fisher College,5,https://www.hltv.org/team/12769/fisher-college
2025-06-02,97,11940,NOVAQ,5,https://www.hltv.org/team/13178/novaq
2025-06-02,98,12708,Bad News Eagles,5,https://www.hltv.org/team/11518/bad-news-eagles
2025-06-02,99,8598,Just Swing,5,https://www.hltv.org/team/13053/just-swing
2025-06-02,100,18150,NomadS,5,https://www.hltv.org/team/12900/nomads
2025-06-02,101,16147,kONO,5,https://www.hltv.org/team/12858/kono
2025-06-02,102,13689,Chicken Coop,5,https://www.hltv.org/team/13107/chicken-coop
2025-06-02,103,9571,Daaku,5,https://www.hltv.org/team/13229/daaku
2025-06-02,104,16835,Swingers,5,https://www.hltv.org/team/13109/swingers
2025-06-02,105,20677,ENCE Academy,5,https://www.hltv.org/team/11790/ence-academy
2025-06-02,106,19173,G2 Ares,5,https://www.hltv.org/team/12889/g2-ares
2025-06-02,107,9216,RED Canids,5,https://www.hltv.org/team/7176/red-canids
2025-06-02,108,24310,XDM,5,https://www.hltv.org/team/13242/xdm
2025-06-02,109,24979,Exusiai,5,https://www.hltv.org/team/13243/exusiai
2025-06-02,110,18090,SUPER EVIL GANG,5,https://www.hltv.org/team/13177/super-evil-gang
2025-06-02,111,21348,AMKAL,5,https://www.hltv.org/team/12586/amkal
2025-06-02,112,24984,Reverse Sweep,4,https://www.hltv.org/team/13244/reverse-sweep
2025-06-02,113,20421,Leo,4,https://www.hltv.org/team/11446/leo
2025-06-02,114,10774,Only One Word,4,https://www.hltv.org/team/11263/only-one-word
2025-06-02,115,19575,K27,4,https://www.hltv.org/team/12895/k27
2025-06-02,116,10938,ex-Astralis Talent,4,https://www.hltv.org/team/12690/ex-astralis-talent
2025-06-02,117,20336,PERPLEXITY,4,https://www.hltv.org/team/13273/perplexity
2025-06-02,118,798,Inner Circle,4,https://www.hltv.org/team/13117/inner-circle
2025-06-02,119,12877,Rooster,4,https://www.hltv.org/team/9881/rooster
2025-06-02,120,17324,anything else,4,https://www.hltv.org/team/13206/anything-else
2025-06-02,121,8429,hypewrld,4,https://www.hltv.org/team/12570/hypewrld
2025-06-02,122,11739,ex-W7M,4,https://www.hltv.org/team/13288/ex-w7m
2025-06-02,123,14010,NITRO,4,https://www.hltv.org/team/12915/nitro
2025-06-02,124,9896,WildLotus,4,https://www.hltv.org/team/13184/wildlotus
2025-06-02,125,21367,FORZE Reload,4,https://www.hltv.org/team/12857/forze-reload
2025-06-02,126,16167,ScarX,4,https://www.hltv.org/team/13217/scarx
2025-06-02,127,14799,Vagrants,4,https://www.hltv.org/team/12611/vagrants
2025-06-02,128,12588,ex-TALON,4,https://www.hltv.org/team/13212/ex-talon
2025-06-02,129,9298,1ADL,4,https://www.hltv.org/team/10912/1adl
2025-06-02,130,11532,Infinity,4,https://www.hltv.org/team/9963/infinity
2025-06-02,131,3849,EYEBALLERS,4,https://www.hltv.org/team/11737/eyeballers
2025-06-02,132,23680,-72c,4,https://www.hltv.org/team/12546/72c
2025-06-02,133,13170,CPH Wolves,4,https://www.hltv.org/team/4548/cph-wolves
2025-06-02,134,284,FUT,4,https://www.hltv.org/team/13286/fut
2025-06-02,135,17450,Nordix,4,https://www.hltv.org/team/12766/nordix
2025-06-02,136,20946,BAKS,3,https://www.hltv.org/team/11699/baks
2025-06-02,137,20475,SABRE,3,https://www.hltv.org/team/13250/sabre
2025-06-02,138,23001,Change The Game,3,https://www.hltv.org/team/13175/change-the-game
2025-06-02,139,9108,Mindfreak,3,https://www.hltv.org/team/11668/mindfreak
2025-06-02,140,16581,Supernova Comets,3,https://www.hltv.org/team/13146/supernova-comets
2025-06-02,141,14242,WOPA,3,https://www.hltv.org/team/12787/wopa
2025-06-02,142,8575,Eternal Fire,3,https://www.hltv.org/team/11251/eternal-fire
2025-06-02,143,8943,Shika,3,https://www.hltv.org/team/13147/shika
2025-06-02,144,16768,DogEvil,3,https://www.hltv.org/team/13148/dogevil
2025-06-02,145,17087,SKYFURY,3,https://www.hltv.org/team/12982/skyfury
2025-06-02,146,21575,HEROIC Academy,3,https://www.hltv.org/team/13233/heroic-academy
2025-06-02,147,13250,Party Astronauts,3,https://www.hltv.org/team/8038/party-astronauts
2025-06-02,148,13914,Cyber Empire,3,https://www.hltv.org/team/13249/cyber-empire
2025-06-02,149,13618,Young Ninjas,3,https://www.hltv.org/team/10960/young-ninjas
2025-06-02,150,21988,Leça,3,https://www.hltv.org/team/13210/lea
2025-06-02,151,15818,UNiTY,3,https://www.hltv.org/team/12267/unity
2025-06-02,152,12736,ex-Permitta,3,https://www.hltv.org/team/13272/ex-permitta
2025-06-02,153,20018,Wildcard Academy,3,https://www.hltv.org/team/13127/wildcard-academy
2025-06-02,154,6593,2GAME,3,https://www.hltv.org/team/12491/2game
2025-06-02,155,12317,Maestro,3,https://www.hltv.org/team/7848/maestro
2025-06-02,156,14094,Portuguese Family,3,https://www.hltv.org/team/11862/portuguese-family
2025-06-02,157,22740,Lithuanian Wolves,3,https://www.hltv.org/team/13182/lithuanian-wolves
2025-06-02,158,19831,América,3,https://www.hltv.org/team/4326/amrica
2025-06-02,159,12102,MIGHT,3,https://www.hltv.org/team/12483/might
2025-06-02,160,23316,modeame,3,https://www.hltv.org/team/13290/modeame
2025-06-02,161,16946,benched,3,https://www.hltv.org/team/11138/benched
2025-06-02,162,11872,FURIA fe,3,https://www.hltv.org/team/10976/furia-fe
2025-06-02,163,1646,Imperial Valkyries,3,https://www.hltv.org/team/12828/imperial-valkyries
2025-06-02,164,13077,Volt,3,https://www.hltv.org/team/13090/volt
2025-06-02,165,20521,Galorys,3,https://www.hltv.org/team/12677/galorys
2025-06-02,166,13281,inputprayers,3,https://www.hltv.org/team/13280/inputprayers
2025-06-02,167,16865,Wanted Goons,3,https://www.hltv.org/team/12971/wanted-goons
2025-06-02,168,11213,Flamengo,3,https://www.hltv.org/team/12065/flamengo
2025-06-02,169,22283,WiLD,3,https://www.hltv.org/team/4903/wild
2025-06-02,170,23809,GATERON,3,https://www.hltv.org/team/13102/gateron
2025-06-02,171,22345,Dark Tigers,2,https://www.hltv.org/team/7842/dark-tigers
2025-06-02,172,15732,Bushido Wildcats,2,https://www.hltv.org/team/13281/bushido-wildcats
2025-06-02,173,12872,Housebets,2,https://www.hltv.org/team/12921/housebets
2025-06-02,174,5187,Steel Helmet,2,https://www.hltv.org/team/11273/steel-helmet
2025-06-02,175,12600,E9,2,https://www.hltv.org/team/12688/e9
2025-06-02,176,8327,Illuminar,2,https://www.hltv.org/team/8813/illuminar
2025-06-02,177,6553,Tropa do KinGui,2,https://www.hltv.org/team/13151/tropa-do-kingui
2025-06-02,178,8850,FlyQuest RED,2,https://www.hltv.org/team/12301/flyquest-red
2025-06-02,179,22811,Kronjyllands,2,https://www.hltv.org/team/12797/kronjyllands
2025-06-02,180,24024,GENESIS,2,https://www.hltv.org/team/13076/genesis
2025-06-02,181,9144,FURY,2,https://www.hltv.org/team/10299/fury
2025-06-02,182,19857,Tsunami,2,https://www.hltv.org/team/12180/tsunami
2025-06-02,183,23997,MAGICOS,2,https://www.hltv.org/team/13265/magicos
2025-06-02,184,16861,ENERGYULTRA,2,https://www.hltv.org/team/12253/energyultra
2025-06-02,185,695,JANO,2,https://www.hltv.org/team/11827/jano
2025-06-02,186,20437,megoshort,2,https://www.hltv.org/team/11018/megoshort
2025-06-02,187,21445,Hesta,2,https://www.hltv.org/team/13153/hesta
2025-06-02,188,20815,8Sins,2,https://www.hltv.org/team/13024/8sins
2025-06-02,189,20029,MIBR Academy,2,https://www.hltv.org/team/3044/mibr-academy
2025-06-02,190,22364,Yawara,2,https://www.hltv.org/team/11933/yawara
2025-06-02,191,9818,HAVU,2,https://www.hltv.org/team/7865/havu
2025-06-02,192,10730,777,2,https://www.hltv.org/team/10943/777
2025-06-02,193,21931,ex-UHKA,2,https://www.hltv.org/team/13246/ex-uhka
2025-06-02,194,22787,XPERION NXT,2,https://www.hltv.org/team/13032/xperion-nxt
2025-06-02,195,9325,Skinvault,2,https://www.hltv.org/team/13252/skinvault
2025-06-02,196,23252,QUAZAR,2,https://www.hltv.org/team/11312/quazar
2025-06-02,197,8151,Preasy,2,https://www.hltv.org/team/12334/preasy
2025-06-02,198,24646,Delta,1,https://www.hltv.org/team/13057/delta
2025-06-02,199,1656,Zerance,1,https://www.hltv.org/team/13271/zerance
2025-06-02,200,16661,Players,1,https://www.hltv.org/team/11711/players
2025-06-02,201,22566,paiN Academy,1,https://www.hltv.org/team/11905/pain-academy
2025-06-02,202,23386,ALLINNERS,1,https://www.hltv.org/team/12812/allinners
2025-06-02,203,9221,KRÜ,1,https://www.hltv.org/team/10900/kr
2025-06-02,204,3329,Lilmix,1,https://www.hltv.org/team/9735/lilmix
2025-06-02,205,8726,Twenty Seven,1,https://www.hltv.org/team/13236/twenty-seven
2025-06-02,206,18399,HAVENs,1,https://www.hltv.org/team/12855/havens
2025-06-02,207,19563,Flshbck,1,https://www.hltv.org/team/13189/flshbck
2025-06-02,208,22655,ODDIK Academy,1,https://www.hltv.org/team/13264/oddik-academy
2025-06-02,209,19998,O PLANO,1,https://www.hltv.org/team/10994/o-plano
2025-06-02,210,23585,Floripa Stars,1,https://www.hltv.org/team/12867/floripa-stars
2025-06-02,211,17071,girl kissers,1,https://www.hltv.org/team/13270/girl-kissers
2025-06-02,212,22889,Lumen fe,1,https://www.hltv.org/team/12913/lumen-fe
2025-06-02,213,16851,Nii Kerge,1,https://www.hltv.org/team/13078/nii-kerge
2025-06-02,214,1572,NIP Impact,1,https://www.hltv.org/team/11917/nip-impact
2025-06-02,215,18783,Let Her Cook,1,https://www.hltv.org/team/12421/let-her-cook
2025-06-02,216,23050,AKA HERO KAJO,1,https://www.hltv.org/team/13142/aka-hero-kajo
2025-06-02,217,20281,Anonymo,1,https://www.hltv.org/team/10973/anonymo
2025-06-02,218,23160,Worms,1,https://www.hltv.org/team/13218/worms
2025-06-02,219,16764,BIG EQUIPA,1,https://www.hltv.org/team/11718/big-equipa
2025-06-02,220,22940,Prestige,1,https://www.hltv.org/team/13159/prestige
2025-06-02,221,18146,The QUBE,1,https://www.hltv.org/team/12825/the-qube
2025-06-02,222,20572,Akimbo,1,https://www.hltv.org/team/12567/akimbo
2025-06-02,223,20330,InControl,1,https://www.hltv.org/team/7720/incontrol
2025-06-02,224,7653,Eco Warriors,1,https://www.hltv.org/team/13121/eco-warriors
2025-06-02,225,9616,MINLATE,1,https://www.hltv.org/team/6626/minlate
2025-06-02,226,12237,XP Academy,1,https://www.hltv.org/team/13287/xp-academy
2025-06-02,227,23828,RED Canids Academy,1,https://www.hltv.org/team/13029/red-canids-academy
2025-06-02,228,23204,BRUTE,1,https://www.hltv.org/team/9139/brute
2025-06-02,229,10499,VELOX,1,https://www.hltv.org/team/10978/velox
2025-06-02,230,12010,Reveal,1,https://www.hltv.org/team/12287/reveal
2025-06-02,231,12898,Victores Sumus,1,https://www.hltv.org/team/12929/victores-sumus
2025-06-02,232,21331,GenOne,1,https://www.hltv.org/team/11609/genone
2025-06-02,233,19664,Ursa,1,https://www.hltv.org/team/13231/ursa
2025-06-02,234,18229,DMS,1,https://www.hltv.org/team/12747/dms
2025-06-02,235,19981,Grannys Knockers,1,https://www.hltv.org/team/12805/grannys-knockers
2025-06-02,236,3669,Rebels,1,https://www.hltv.org/team/12642/rebels
2025-06-02,237,23276,M1Z,1,https://www.hltv.org/team/13079/m1z
2025-06-02,238,22589,regain,0,https://www.hltv.org/team/12554/regain
2025-06-02,239,17846,WahWah,0,https://www.hltv.org/team/11878/wahwah
2025-06-02,240,22529,XI,0,https://www.hltv.org/team/8947/xi
2025-06-02,241,16341,MIBR fe,0,https://www.hltv.org/team/10975/mibr-fe
2025-06-02,242,19290,2070,0,https://www.hltv.org/team/13052/2070
2025-06-02,243,25042,LASED,0,https://www.hltv.org/team/13268/lased
2025-06-02,244,21727,Akuma,0,https://www.hltv.org/team/13134/akuma
2025-06-02,245,20166,Spray and Slay,0,https://www.hltv.org/team/13187/spray-and-slay
2025-06-02,246,24256,Arrow,0,https://www.hltv.org/team/12764/arrow
2025-06-02,247,22110,Nyx Empyre,0,https://www.hltv.org/team/13176/nyx-empyre
2025-06-02,248,23744,st4rboys,0,https://www.hltv.org/team/12983/st4rboys
2025-06-02,249,16343,Messitas,0,https://www.hltv.org/team/13144/messitas
2025-06-02,250,8640,Ghost,0,https://www.hltv.org/team/7801/ghost
2025-06-02,251,23679,MEGA JUNERS,0,https://www.hltv.org/team/13135/mega-juners
2025-06-02,252,10285,nomercy fe,0,https://www.hltv.org/team/13122/nomercy-fe
2025-06-02,253,24416,Brave Bears,0,https://www.hltv.org/team/13145/brave-bears
2025-06-02,254,8635,Black Mold,0,https://www.hltv.org/team/13143/black-mold
2025-06-02,255,18774,CS2News Ladies,0,https://www.hltv.org/team/13168/cs2news-ladies
2025-06-02,256,20529,KZG,0,https://www.hltv.org/team/12152/kzg
2025-06-02,257,8503,Mythic,0,https://www.hltv.org/team/5479/mythic
2025-05-26,1,7322,Vitality,1000,https://www.hltv.org/team/9565/vitality
2025-05-26,2,13666,MOUZ,571,https://www.hltv.org/team/4494/mouz
2025-05-26,3,7716,Spirit,546,https://www.hltv.org/team/7020/spirit
2025-05-26,4,3741,Falcons,479,https://www.hltv.org/team/11283/falcons
2025-05-26,5,20194,The MongolZ,386,https://www.hltv.org/team/6248/the-mongolz
2025-05-26,6,150,Aurora,371,https://www.hltv.org/team/11861/aurora
2025-05-26,7,9816,Natus Vincere,301,https://www.hltv.org/team/4608/natus-vincere
2025-05-26,8,2553,G2,276,https://www.hltv.org/team/5995/g2
2025-05-26,9,9278,GamerLegion,196,https://www.hltv.org/team/9928/gamerlegion
2025-05-26,10,429,FaZe,181,https://www.hltv.org/team/6667/faze
2025-05-26,11,8520,Liquid,161,https://www.hltv.org/team/5973/liquid
2025-05-26,12,8374,3DMAX,139,https://www.hltv.org/team/4914/3dmax
2025-05-26,13,7592,Astralis,134,https://www.hltv.org/team/6665/astralis
2025-05-26,14,8918,Virtus.pro,133,https://www.hltv.org/team/5378/virtuspro
2025-05-26,15,11630,Complexity,125,https://www.hltv.org/team/5005/complexity
2025-05-26,16,19164,HEROIC,117,https://www.hltv.org/team/7175/heroic
2025-05-26,17,2023,FURIA,117,https://www.hltv.org/team/8297/furia
2025-05-26,18,11154,MIBR,96,https://www.hltv.org/team/9215/mibr
2025-05-26,19,922,Ninjas in Pyjamas,65,https://www.hltv.org/team/4411/ninjas-in-pyjamas
2025-05-26,20,14736,paiN,56,https://www.hltv.org/team/4773/pain
2025-05-26,21,5794,BIG,56,https://www.hltv.org/team/7532/big
2025-05-26,22,10588,FlyQuest,49,https://www.hltv.org/team/12774/flyquest
2025-05-26,23,19592,B8,48,https://www.hltv.org/team/11241/b8
2025-05-26,24,8507,Wildcard,44,https://www.hltv.org/team/12257/wildcard
2025-05-26,25,15370,M80,41,https://www.hltv.org/team/12376/m80
2025-05-26,26,18070,Betclic,40,https://www.hltv.org/team/12916/betclic
2025-05-26,27,8552,TYLOO,39,https://www.hltv.org/team/4863/tyloo
2025-05-26,28,15698,Legacy,39,https://www.hltv.org/team/12468/legacy
2025-05-26,29,630,SAW,35,https://www.hltv.org/team/10567/saw
2025-05-26,30,18752,HOTU,32,https://www.hltv.org/team/11581/hotu
2025-05-26,31,16551,Lynn Vision,32,https://www.hltv.org/team/8840/lynn-vision
2025-05-26,32,7412,ENCE,31,https://www.hltv.org/team/4869/ence
2025-05-26,33,11840,BetBoom,30,https://www.hltv.org/team/12394/betboom
2025-05-26,34,14390,ODDIK,29,https://www.hltv.org/team/11768/oddik
2025-05-26,35,7687,NRG,26,https://www.hltv.org/team/6673/nrg
2025-05-26,36,7028,Rare Atom,25,https://www.hltv.org/team/11514/rare-atom
2025-05-26,37,19229,Chinggis Warriors,24,https://www.hltv.org/team/12646/chinggis-warriors
2025-05-26,38,10961,ECSTATIC,24,https://www.hltv.org/team/11419/ecstatic
2025-05-26,39,13239,PARIVISION,23,https://www.hltv.org/team/12467/parivision
2025-05-26,40,13602,OG,22,https://www.hltv.org/team/10503/og
2025-05-26,41,12822,Imperial,21,https://www.hltv.org/team/9455/imperial
2025-05-26,42,20387,Nemiga,20,https://www.hltv.org/team/7969/nemiga
2025-05-26,43,12521,Fluxo,19,https://www.hltv.org/team/11837/fluxo
2025-05-26,44,10449,JiJieHao,19,https://www.hltv.org/team/10245/jijiehao
2025-05-26,45,22864,Spirit Academy,18,https://www.hltv.org/team/7900/spirit-academy
2025-05-26,46,15072,The Huns,18,https://www.hltv.org/team/12510/the-huns
2025-05-26,47,20584,NAVI Junior,18,https://www.hltv.org/team/10371/navi-junior
2025-05-26,48,22643,TNL,17,https://www.hltv.org/team/12833/tnl
2025-05-26,49,16885,Passion UA,17,https://www.hltv.org/team/12426/passion-ua
2025-05-26,50,12004,Astrum,15,https://www.hltv.org/team/13235/astrum
2025-05-26,51,13843,Sashi,15,https://www.hltv.org/team/11712/sashi
2025-05-26,52,20558,Sharks,15,https://www.hltv.org/team/8113/sharks
2025-05-26,53,9766,Metizport,15,https://www.hltv.org/team/11641/metizport
2025-05-26,54,7528,fnatic,13,https://www.hltv.org/team/4991/fnatic
2025-05-26,55,2161,BESTIA,13,https://www.hltv.org/team/12144/bestia
2025-05-26,56,5351,Zero Tenacity,13,https://www.hltv.org/team/11523/zero-tenacity
2025-05-26,57,2898,9INE,13,https://www.hltv.org/team/10278/9ine
2025-05-26,58,1206,Nexus,13,https://www.hltv.org/team/7187/nexus
2025-05-26,59,15060,Eruption,12,https://www.hltv.org/team/12097/eruption
2025-05-26,60,17508,CYBERSHOKE,12,https://www.hltv.org/team/12380/cybershoke
2025-05-26,61,10892,Getting Info,12,https://www.hltv.org/team/13106/getting-info
2025-05-26,62,9618,BC.Game,12,https://www.hltv.org/team/12878/bcgame
2025-05-26,63,3459,RUSH B,12,https://www.hltv.org/team/12559/rush-b
2025-05-26,64,8488,SINNERS,12,https://www.hltv.org/team/10577/sinners
2025-05-26,65,12092,9z,11,https://www.hltv.org/team/9996/9z
2025-05-26,66,9656,Monte,11,https://www.hltv.org/team/11811/monte
2025-05-26,67,16432,ECLOT,11,https://www.hltv.org/team/7441/eclot
2025-05-26,68,13046,Moneyball,11,https://www.hltv.org/team/13262/moneyball
2025-05-26,69,9255,Johnny Speeds,11,https://www.hltv.org/team/12604/johnny-speeds
2025-05-26,70,11217,500,10,https://www.hltv.org/team/12000/500
2025-05-26,71,12937,Marsborne,9,https://www.hltv.org/team/13124/marsborne
2025-05-26,72,2131,FAVBET,9,https://www.hltv.org/team/12818/favbet
2025-05-26,73,10827,GameHunters,9,https://www.hltv.org/team/12988/gamehunters
2025-05-26,74,20956,RUBY,9,https://www.hltv.org/team/12694/ruby
2025-05-26,75,12945,Sangal,9,https://www.hltv.org/team/10333/sangal
2025-05-26,76,13240,GUN5,9,https://www.hltv.org/team/12471/gun5
2025-05-26,77,7443,Alliance,8,https://www.hltv.org/team/12474/alliance
2025-05-26,78,13026,Partizan,8,https://www.hltv.org/team/11838/partizan
2025-05-26,79,3669,Rebels,8,https://www.hltv.org/team/12642/rebels
2025-05-26,80,8371,Iberian Soul,8,https://www.hltv.org/team/13104/iberian-soul
2025-05-26,81,23085,LFO 4,8,https://www.hltv.org/team/13219/lfo-4
2025-05-26,82,22998,FengDa,8,https://www.hltv.org/team/12899/fengda
2025-05-26,83,8212,Fire Flux,8,https://www.hltv.org/team/12960/fire-flux
2025-05-26,84,17316,Betera,7,https://www.hltv.org/team/12431/betera
2025-05-26,85,16835,Swingers,7,https://www.hltv.org/team/13109/swingers
2025-05-26,86,14394,Bounty Hunters,7,https://www.hltv.org/team/12776/bounty-hunters
2025-05-26,87,8891,Tricked,7,https://www.hltv.org/team/4602/tricked
2025-05-26,88,18447,ARCRED,7,https://www.hltv.org/team/10459/arcred
2025-05-26,89,15203,ESC,7,https://www.hltv.org/team/4532/esc
2025-05-26,90,12793,Fisher College,7,https://www.hltv.org/team/12769/fisher-college
2025-05-26,91,18510,Insilio,6,https://www.hltv.org/team/12124/insilio
2025-05-26,92,20199,SPARTA,6,https://www.hltv.org/team/13214/sparta
2025-05-26,93,20683,Rhyno,6,https://www.hltv.org/team/10947/rhyno
2025-05-26,94,8528,1win,6,https://www.hltv.org/team/10621/1win
2025-05-26,95,18150,NomadS,6,https://www.hltv.org/team/12900/nomads
2025-05-26,96,11139,SemperFi,6,https://www.hltv.org/team/12901/semperfi
2025-05-26,97,13689,Bad News Capybaras,6,https://www.hltv.org/team/13112/bad-news-capybaras
2025-05-26,98,11940,NOVAQ,6,https://www.hltv.org/team/13178/novaq
2025-05-26,99,12777,Kubix,6,https://www.hltv.org/team/12847/kubix
2025-05-26,100,284,Mousquetaires,6,https://www.hltv.org/team/13251/mousquetaires
2025-05-26,101,20071,M1,5,https://www.hltv.org/team/11034/m1
2025-05-26,102,19575,K27,5,https://www.hltv.org/team/12895/k27
2025-05-26,103,10938,ex-Astralis Talent,5,https://www.hltv.org/team/12690/ex-astralis-talent
2025-05-26,104,20258,NinJa,5,https://www.hltv.org/team/13211/ninja
2025-05-26,105,9216,RED Canids,5,https://www.hltv.org/team/7176/red-canids
2025-05-26,106,12877,Rooster,5,https://www.hltv.org/team/9881/rooster
2025-05-26,107,13170,CPH Wolves,5,https://www.hltv.org/team/4548/cph-wolves
2025-05-26,108,14010,NITRO,5,https://www.hltv.org/team/12915/nitro
2025-05-26,109,13618,Young Ninjas,5,https://www.hltv.org/team/10960/young-ninjas
2025-05-26,110,24310,XDM,5,https://www.hltv.org/team/13242/xdm
2025-05-26,111,24979,Exusiai,5,https://www.hltv.org/team/13243/exusiai
2025-05-26,112,18090,SUPER EVIL GANG,5,https://www.hltv.org/team/13177/super-evil-gang
2025-05-26,113,22364,Yawara,5,https://www.hltv.org/team/11933/yawara
2025-05-26,114,24984,Reverse Sweep,4,https://www.hltv.org/team/13244/reverse-sweep
2025-05-26,115,20677,ENCE Academy,4,https://www.hltv.org/team/11790/ence-academy
2025-05-26,116,21348,AMKAL,4,https://www.hltv.org/team/12586/amkal
2025-05-26,117,9108,Mindfreak,4,https://www.hltv.org/team/11668/mindfreak
2025-05-26,118,16147,kONO,4,https://www.hltv.org/team/12858/kono
2025-05-26,119,20336,PERPLEXITY,4,https://www.hltv.org/team/13273/perplexity
2025-05-26,120,8598,Just Swing,4,https://www.hltv.org/team/13053/just-swing
2025-05-26,121,17324,anything else,4,https://www.hltv.org/team/13206/anything-else
2025-05-26,122,14799,Vagrants,4,https://www.hltv.org/team/12611/vagrants
2025-05-26,123,8429,hypewrld,4,https://www.hltv.org/team/12570/hypewrld
2025-05-26,124,13250,Party Astronauts,4,https://www.hltv.org/team/8038/party-astronauts
2025-05-26,125,7996,WildLotus,4,https://www.hltv.org/team/13184/wildlotus
2025-05-26,126,20018,Wildcard Academy,4,https://www.hltv.org/team/13127/wildcard-academy
2025-05-26,127,20421,Leo,4,https://www.hltv.org/team/11446/leo
2025-05-26,128,16167,ScarX,4,https://www.hltv.org/team/13217/scarx
2025-05-26,129,12588,ex-TALON,4,https://www.hltv.org/team/13212/ex-talon
2025-05-26,130,16581,Supernova Comets,4,https://www.hltv.org/team/13146/supernova-comets
2025-05-26,131,9298,1ADL,4,https://www.hltv.org/team/10912/1adl
2025-05-26,132,18989,DEPO,4,https://www.hltv.org/team/12536/depo
2025-05-26,133,21367,FORZE Reload,4,https://www.hltv.org/team/12857/forze-reload
2025-05-26,134,11739,W7M,4,https://www.hltv.org/team/8574/w7m
2025-05-26,135,23001,Change The Game,3,https://www.hltv.org/team/13175/change-the-game
2025-05-26,136,14242,WOPA,3,https://www.hltv.org/team/12787/wopa
2025-05-26,137,8943,Shika,3,https://www.hltv.org/team/13147/shika
2025-05-26,138,16768,DogEvil,3,https://www.hltv.org/team/13148/dogevil
2025-05-26,139,9221,KRÜ,3,https://www.hltv.org/team/10900/kr
2025-05-26,140,20475,SABRE,3,https://www.hltv.org/team/13250/sabre
2025-05-26,141,10774,Only One Word,3,https://www.hltv.org/team/11263/only-one-word
2025-05-26,142,21575,HEROIC Academy,3,https://www.hltv.org/team/13233/heroic-academy
2025-05-26,143,15818,UNiTY,3,https://www.hltv.org/team/12267/unity
2025-05-26,144,12872,Housebets,3,https://www.hltv.org/team/12921/housebets
2025-05-26,145,13914,Cyber Empire,3,https://www.hltv.org/team/13249/cyber-empire
2025-05-26,146,21988,Leça,3,https://www.hltv.org/team/13210/lea
2025-05-26,147,9144,FURY,3,https://www.hltv.org/team/10299/fury
2025-05-26,148,1646,Imperial Valkyries,3,https://www.hltv.org/team/12828/imperial-valkyries
2025-05-26,149,6593,2GAME,3,https://www.hltv.org/team/12491/2game
2025-05-26,150,12317,Maestro,3,https://www.hltv.org/team/7848/maestro
2025-05-26,151,11872,FURIA fe,3,https://www.hltv.org/team/10976/furia-fe
2025-05-26,152,12736,ex-Permitta,3,https://www.hltv.org/team/13272/ex-permitta
2025-05-26,153,16946,benched,3,https://www.hltv.org/team/11138/benched
2025-05-26,154,22410,harizma,3,https://www.hltv.org/team/13115/harizma
2025-05-26,155,22740,Lithuanian Wolves,3,https://www.hltv.org/team/13182/lithuanian-wolves
2025-05-26,156,20739,ALTERNATE aTTaX,3,https://www.hltv.org/team/4501/alternate-attax
2025-05-26,157,17450,Nordix,3,https://www.hltv.org/team/12766/nordix
2025-05-26,158,12102,MIGHT,3,https://www.hltv.org/team/12483/might
2025-05-26,159,24646,Delta,3,https://www.hltv.org/team/13057/delta
2025-05-26,160,20572,Akimbo,3,https://www.hltv.org/team/12567/akimbo
2025-05-26,161,20320,Underground,3,https://www.hltv.org/team/12707/underground
2025-05-26,162,23585,Floripa Stars,3,https://www.hltv.org/team/12867/floripa-stars
2025-05-26,163,23316,RAGE,3,https://www.hltv.org/team/12996/rage
2025-05-26,164,11213,Flamengo,3,https://www.hltv.org/team/12065/flamengo
2025-05-26,165,14094,Portuguese Family,3,https://www.hltv.org/team/11862/portuguese-family
2025-05-26,166,11532,Infinity,3,https://www.hltv.org/team/9963/infinity
2025-05-26,167,23680,-72c,3,https://www.hltv.org/team/12546/72c
2025-05-26,168,20521,Galorys,3,https://www.hltv.org/team/12677/galorys
2025-05-26,169,16865,Wanted Goons,3,https://www.hltv.org/team/12971/wanted-goons
2025-05-26,170,17087,SKYFURY,3,https://www.hltv.org/team/12982/skyfury
2025-05-26,171,22283,WiLD,3,https://www.hltv.org/team/4903/wild
2025-05-26,172,23809,GATERON,3,https://www.hltv.org/team/13102/gateron
2025-05-26,173,22345,Dark Tigers,2,https://www.hltv.org/team/7842/dark-tigers
2025-05-26,174,798,Inner Circle,2,https://www.hltv.org/team/13117/inner-circle
2025-05-26,175,5187,Steel Helmet,2,https://www.hltv.org/team/11273/steel-helmet
2025-05-26,176,12600,E9,2,https://www.hltv.org/team/12688/e9
2025-05-26,177,20330,InControl,2,https://www.hltv.org/team/7720/incontrol
2025-05-26,178,6553,Tropa do KinGui,2,https://www.hltv.org/team/13151/tropa-do-kingui
2025-05-26,179,18554,Dusty Roots,2,https://www.hltv.org/team/12548/dusty-roots
2025-05-26,180,8850,FlyQuest RED,2,https://www.hltv.org/team/12301/flyquest-red
2025-05-26,181,16971,Volt,2,https://www.hltv.org/team/13090/volt
2025-05-26,182,8327,Illuminar,2,https://www.hltv.org/team/8813/illuminar
2025-05-26,183,3849,EYEBALLERS,2,https://www.hltv.org/team/11737/eyeballers
2025-05-26,184,22811,Kronjyllands,2,https://www.hltv.org/team/12797/kronjyllands
2025-05-26,185,24024,GENESIS,2,https://www.hltv.org/team/13076/genesis
2025-05-26,186,21445,Hesta,2,https://www.hltv.org/team/13153/hesta
2025-05-26,187,19857,Tsunami,2,https://www.hltv.org/team/12180/tsunami
2025-05-26,188,19831,América,2,https://www.hltv.org/team/4326/amrica
2025-05-26,189,23997,MAGICOS,2,https://www.hltv.org/team/13265/magicos
2025-05-26,190,695,JANO,2,https://www.hltv.org/team/11827/jano
2025-05-26,191,20437,megoshort,2,https://www.hltv.org/team/11018/megoshort
2025-05-26,192,19173,G2 Ares,2,https://www.hltv.org/team/12889/g2-ares
2025-05-26,193,20029,MIBR Academy,2,https://www.hltv.org/team/3044/mibr-academy
2025-05-26,194,16861,Viperio,2,https://www.hltv.org/team/9506/viperio
2025-05-26,195,15732,Bushido Wildcats,2,https://www.hltv.org/team/13281/bushido-wildcats
2025-05-26,196,9818,HAVU,2,https://www.hltv.org/team/7865/havu
2025-05-26,197,10499,VELOX,2,https://www.hltv.org/team/10978/velox
2025-05-26,198,16661,Players,2,https://www.hltv.org/team/11711/players
2025-05-26,199,21931,ex-UHKA,2,https://www.hltv.org/team/13246/ex-uhka
2025-05-26,200,22787,XPERION NXT,2,https://www.hltv.org/team/13032/xperion-nxt
2025-05-26,201,8151,Preasy,2,https://www.hltv.org/team/12334/preasy
2025-05-26,202,1656,Zerance,2,https://www.hltv.org/team/13271/zerance
2025-05-26,203,23386,ALLINNERS,1,https://www.hltv.org/team/12812/allinners
2025-05-26,204,19998,O PLANO,1,https://www.hltv.org/team/10994/o-plano
2025-05-26,205,3329,Lilmix,1,https://www.hltv.org/team/9735/lilmix
2025-05-26,206,16774,ODDIK Academy,1,https://www.hltv.org/team/13264/oddik-academy
2025-05-26,207,8726,Twenty Seven,1,https://www.hltv.org/team/13236/twenty-seven
2025-05-26,208,18399,HAVENs,1,https://www.hltv.org/team/12855/havens
2025-05-26,209,19872,ShindeN,1,https://www.hltv.org/team/12959/shinden
2025-05-26,210,19563,Flshbck,1,https://www.hltv.org/team/13189/flshbck
2025-05-26,211,1572,NIP Impact,1,https://www.hltv.org/team/11917/nip-impact
2025-05-26,212,10730,777,1,https://www.hltv.org/team/10943/777
2025-05-26,213,22889,Lumen fe,1,https://www.hltv.org/team/12913/lumen-fe
2025-05-26,214,21397,THE,1,https://www.hltv.org/team/12955/the
2025-05-26,215,16764,BIG EQUIPA,1,https://www.hltv.org/team/11718/big-equipa
2025-05-26,216,20815,8Sins,1,https://www.hltv.org/team/13024/8sins
2025-05-26,217,16851,Nii Kerge,1,https://www.hltv.org/team/13078/nii-kerge
2025-05-26,218,18783,Let Her Cook,1,https://www.hltv.org/team/12421/let-her-cook
2025-05-26,219,22035,Lazer Cats,1,https://www.hltv.org/team/12087/lazer-cats
2025-05-26,220,20281,Anonymo,1,https://www.hltv.org/team/10973/anonymo
2025-05-26,221,22940,Prestige,1,https://www.hltv.org/team/13159/prestige
2025-05-26,222,18146,The QUBE,1,https://www.hltv.org/team/12825/the-qube
2025-05-26,223,20946,BAKS,1,https://www.hltv.org/team/11699/baks
2025-05-26,224,7653,Eco Warriors,1,https://www.hltv.org/team/13121/eco-warriors
2025-05-26,225,23160,Worms,1,https://www.hltv.org/team/13218/worms
2025-05-26,226,9325,Skinvault,1,https://www.hltv.org/team/13252/skinvault
2025-05-26,227,16341,MIBR fe,1,https://www.hltv.org/team/10975/mibr-fe
2025-05-26,228,12010,Reveal,1,https://www.hltv.org/team/12287/reveal
2025-05-26,229,24081,QMISTRY,1,https://www.hltv.org/team/13245/qmistry
2025-05-26,230,17071,girl kissers,1,https://www.hltv.org/team/13270/girl-kissers
2025-05-26,231,23679,MEGA JUNERS,1,https://www.hltv.org/team/13135/mega-juners
2025-05-26,232,23050,AKA HERO KAJO,1,https://www.hltv.org/team/13142/aka-hero-kajo
2025-05-26,233,12898,Victores Sumus,1,https://www.hltv.org/team/12929/victores-sumus
2025-05-26,234,22775,Justice For Tomorrow,1,https://www.hltv.org/team/13113/justice-for-tomorrow
2025-05-26,235,19981,Grannys Knockers,1,https://www.hltv.org/team/12805/grannys-knockers
2025-05-26,236,18229,DMS,1,https://www.hltv.org/team/12747/dms
2025-05-26,237,23276,M1Z,1,https://www.hltv.org/team/13079/m1z
2025-05-26,238,22589,regain,0,https://www.hltv.org/team/12554/regain
2025-05-26,239,23204,BRUTE,0,https://www.hltv.org/team/9139/brute
2025-05-26,240,17846,WahWah,0,https://www.hltv.org/team/11878/wahwah
2025-05-26,241,22529,XI,0,https://www.hltv.org/team/8947/xi
2025-05-26,242,19290,2070,0,https://www.hltv.org/team/13052/2070
2025-05-26,243,25042,LASED,0,https://www.hltv.org/team/13268/lased
2025-05-26,244,21727,Akuma,0,https://www.hltv.org/team/13134/akuma
2025-05-26,245,20166,Spray and Slay,0,https://www.hltv.org/team/13187/spray-and-slay
2025-05-26,246,24256,Arrow,0,https://www.hltv.org/team/12764/arrow
2025-05-26,247,8640,Ghost,0,https://www.hltv.org/team/7801/ghost
2025-05-26,248,22110,Nyx Empyre,0,https://www.hltv.org/team/13176/nyx-empyre
2025-05-26,249,8635,Black Mold,0,https://www.hltv.org/team/13143/black-mold
2025-05-26,250,23744,st4rboys,0,https://www.hltv.org/team/12983/st4rboys
2025-05-26,251,16343,Messitas,0,https://www.hltv.org/team/13144/messitas
2025-05-26,252,10285,nomercy fe,0,https://www.hltv.org/team/13122/nomercy-fe
2025-05-26,253,18774,CS2News Ladies,0,https://www.hltv.org/team/13168/cs2news-ladies
2025-05-26,254,24416,Brave Bears,0,https://www.hltv.org/team/13145/brave-bears
2025-05-26,255,20529,KZG,0,https://www.hltv.org/team/12152/kzg
2025-05-26,256,8503,Mythic,0,https://www.hltv.org/team/5479/mythic
2025-05-19,1,7322,Vitality,1000,https://www.hltv.org/team/9565/vitality
2025-05-19,2,7716,Spirit,655,https://www.hltv.org/team/7020/spirit
2025-05-19,3,13666,MOUZ,567,https://www.hltv.org/team/4494/mouz
2025-05-19,4,3741,Falcons,484,https://www.hltv.org/team/11283/falcons
2025-05-19,5,150,Aurora,372,https://www.hltv.org/team/11861/aurora
2025-05-19,6,20194,The MongolZ,361,https://www.hltv.org/team/6248/the-mongolz
2025-05-19,7,9816,Natus Vincere,355,https://www.hltv.org/team/4608/natus-vincere
2025-05-19,8,2553,G2,303,https://www.hltv.org/team/5995/g2
2025-05-19,9,429,FaZe,215,https://www.hltv.org/team/6667/faze
2025-05-19,10,8520,Liquid,177,https://www.hltv.org/team/5973/liquid
2025-05-19,11,9278,GamerLegion,168,https://www.hltv.org/team/9928/gamerlegion
2025-05-19,12,7592,Astralis,167,https://www.hltv.org/team/6665/astralis
2025-05-19,13,8918,Virtus.pro,155,https://www.hltv.org/team/5378/virtuspro
2025-05-19,14,8374,3DMAX,152,https://www.hltv.org/team/4914/3dmax
2025-05-19,15,11630,Complexity,140,https://www.hltv.org/team/5005/complexity
2025-05-19,16,2023,FURIA,123,https://www.hltv.org/team/8297/furia
2025-05-19,17,11154,MIBR,111,https://www.hltv.org/team/9215/mibr
2025-05-19,18,922,Ninjas in Pyjamas,78,https://www.hltv.org/team/4411/ninjas-in-pyjamas
2025-05-19,19,19164,HEROIC,74,https://www.hltv.org/team/7175/heroic
2025-05-19,20,14736,paiN,74,https://www.hltv.org/team/4773/pain
2025-05-19,21,5794,BIG,65,https://www.hltv.org/team/7532/big
2025-05-19,22,19592,B8,58,https://www.hltv.org/team/11241/b8
2025-05-19,23,8507,Wildcard,56,https://www.hltv.org/team/12257/wildcard
2025-05-19,24,10588,FlyQuest,56,https://www.hltv.org/team/12774/flyquest
2025-05-19,25,15370,M80,50,https://www.hltv.org/team/12376/m80
2025-05-19,26,630,SAW,46,https://www.hltv.org/team/10567/saw
2025-05-19,27,18070,Betclic,45,https://www.hltv.org/team/12916/betclic
2025-05-19,28,14390,ODDIK,44,https://www.hltv.org/team/11768/oddik
2025-05-19,29,8552,TYLOO,43,https://www.hltv.org/team/4863/tyloo
2025-05-19,30,18752,HOTU,40,https://www.hltv.org/team/11581/hotu
2025-05-19,31,15698,Legacy,37,https://www.hltv.org/team/12468/legacy
2025-05-19,32,11840,BetBoom,37,https://www.hltv.org/team/12394/betboom
2025-05-19,33,7412,ENCE,35,https://www.hltv.org/team/4869/ence
2025-05-19,34,16551,Lynn Vision,34,https://www.hltv.org/team/8840/lynn-vision
2025-05-19,35,7028,Rare Atom,29,https://www.hltv.org/team/11514/rare-atom
2025-05-19,36,7687,NRG,29,https://www.hltv.org/team/6673/nrg
2025-05-19,37,19229,Chinggis Warriors,29,https://www.hltv.org/team/12646/chinggis-warriors
2025-05-19,38,20387,Nemiga,27,https://www.hltv.org/team/7969/nemiga
2025-05-19,39,12822,Imperial,27,https://www.hltv.org/team/9455/imperial
2025-05-19,40,13239,PARIVISION,26,https://www.hltv.org/team/12467/parivision
2025-05-19,41,10961,ECSTATIC,24,https://www.hltv.org/team/11419/ecstatic
2025-05-19,42,10449,JiJieHao,24,https://www.hltv.org/team/10245/jijiehao
2025-05-19,43,12521,Fluxo,23,https://www.hltv.org/team/11837/fluxo
2025-05-19,44,9766,Metizport,23,https://www.hltv.org/team/11641/metizport
2025-05-19,45,13602,OG,22,https://www.hltv.org/team/10503/og
2025-05-19,46,15072,The Huns,21,https://www.hltv.org/team/12510/the-huns
2025-05-19,47,22643,TNL,20,https://www.hltv.org/team/12833/tnl
2025-05-19,48,20584,NAVI Junior,20,https://www.hltv.org/team/10371/navi-junior
2025-05-19,49,22864,Spirit Academy,20,https://www.hltv.org/team/7900/spirit-academy
2025-05-19,50,7528,fnatic,18,https://www.hltv.org/team/4991/fnatic
2025-05-19,51,12004,Astrum,18,https://www.hltv.org/team/13235/astrum
2025-05-19,52,20558,Sharks,17,https://www.hltv.org/team/8113/sharks
2025-05-19,53,18706,BLUEJAYS,17,https://www.hltv.org/team/5347/bluejays
2025-05-19,54,2898,9INE,16,https://www.hltv.org/team/10278/9ine
2025-05-19,55,16885,Passion UA,16,https://www.hltv.org/team/12426/passion-ua
2025-05-19,56,10892,Getting Info,15,https://www.hltv.org/team/13106/getting-info
2025-05-19,57,2161,BESTIA,15,https://www.hltv.org/team/12144/bestia
2025-05-19,58,14388,ECLOT,15,https://www.hltv.org/team/7441/eclot
2025-05-19,59,13843,Sashi,15,https://www.hltv.org/team/11712/sashi
2025-05-19,60,12937,Marsborne,14,https://www.hltv.org/team/13124/marsborne
2025-05-19,61,15060,Eruption,14,https://www.hltv.org/team/12097/eruption
2025-05-19,62,13046,Moneyball,14,https://www.hltv.org/team/13262/moneyball
2025-05-19,63,8371,Iberian Soul,14,https://www.hltv.org/team/13104/iberian-soul
2025-05-19,64,5351,Zero Tenacity,13,https://www.hltv.org/team/11523/zero-tenacity
2025-05-19,65,13240,GUN5,13,https://www.hltv.org/team/12471/gun5
2025-05-19,66,1206,Nexus,13,https://www.hltv.org/team/7187/nexus
2025-05-19,67,3459,RUSH B,13,https://www.hltv.org/team/12559/rush-b
2025-05-19,68,9483,Solid,13,https://www.hltv.org/team/12233/solid
2025-05-19,69,17508,CYBERSHOKE,13,https://www.hltv.org/team/12380/cybershoke
2025-05-19,70,9656,Monte,12,https://www.hltv.org/team/11811/monte
2025-05-19,71,8488,SINNERS,12,https://www.hltv.org/team/10577/sinners
2025-05-19,72,2131,FAVBET,11,https://www.hltv.org/team/12818/favbet
2025-05-19,73,11217,500,11,https://www.hltv.org/team/12000/500
2025-05-19,74,12092,9z,11,https://www.hltv.org/team/9996/9z
2025-05-19,75,9618,BC.Game,11,https://www.hltv.org/team/12878/bcgame
2025-05-19,76,10827,GameHunters,10,https://www.hltv.org/team/12988/gamehunters
2025-05-19,77,20956,RUBY,10,https://www.hltv.org/team/12694/ruby
2025-05-19,78,13026,Partizan,10,https://www.hltv.org/team/11838/partizan
2025-05-19,79,9255,Johnny Speeds,9,https://www.hltv.org/team/12604/johnny-speeds
2025-05-19,80,16835,Swingers,9,https://www.hltv.org/team/13109/swingers
2025-05-19,81,3669,Rebels,9,https://www.hltv.org/team/12642/rebels
2025-05-19,82,7996,WildLotus,9,https://www.hltv.org/team/13184/wildlotus
2025-05-19,83,11940,NOVAQ,9,https://www.hltv.org/team/13178/novaq
2025-05-19,84,12945,Sangal,9,https://www.hltv.org/team/10333/sangal
2025-05-19,85,11139,SemperFi,9,https://www.hltv.org/team/12901/semperfi
2025-05-19,86,21348,AMKAL,8,https://www.hltv.org/team/12586/amkal
2025-05-19,87,18150,NomadS,8,https://www.hltv.org/team/12900/nomads
2025-05-19,88,23085,LFO 4,8,https://www.hltv.org/team/13219/lfo-4
2025-05-19,89,8212,Fire Flux,8,https://www.hltv.org/team/12960/fire-flux
2025-05-19,90,9216,RED Canids,8,https://www.hltv.org/team/7176/red-canids
2025-05-19,91,22998,FengDa,8,https://www.hltv.org/team/12899/fengda
2025-05-19,92,14394,Bounty Hunters,8,https://www.hltv.org/team/12776/bounty-hunters
2025-05-19,93,8503,Mythic,8,https://www.hltv.org/team/5479/mythic
2025-05-19,94,17316,Betera,8,https://www.hltv.org/team/12431/betera
2025-05-19,95,18447,ARCRED,8,https://www.hltv.org/team/10459/arcred
2025-05-19,96,18510,Insilio,8,https://www.hltv.org/team/12124/insilio
2025-05-19,97,8891,Tricked,7,https://www.hltv.org/team/4602/tricked
2025-05-19,98,14799,Vagrants,7,https://www.hltv.org/team/12611/vagrants
2025-05-19,99,20683,Rhyno,7,https://www.hltv.org/team/10947/rhyno
2025-05-19,100,15203,ESC,7,https://www.hltv.org/team/4532/esc
2025-05-19,101,12877,Rooster,7,https://www.hltv.org/team/9881/rooster
2025-05-19,102,13689,Bad News Capybaras,6,https://www.hltv.org/team/13112/bad-news-capybaras
2025-05-19,103,13250,Party Astronauts,6,https://www.hltv.org/team/8038/party-astronauts
2025-05-19,104,284,Mousquetaires,6,https://www.hltv.org/team/13251/mousquetaires
2025-05-19,105,8528,1win,6,https://www.hltv.org/team/10621/1win
2025-05-19,106,18090,SUPER EVIL GANG,6,https://www.hltv.org/team/13177/super-evil-gang
2025-05-19,107,20258,NinJa,6,https://www.hltv.org/team/13211/ninja
2025-05-19,108,7443,Alliance,6,https://www.hltv.org/team/12474/alliance
2025-05-19,109,16768,DogEvil,6,https://www.hltv.org/team/13148/dogevil
2025-05-19,110,21397,THE,6,https://www.hltv.org/team/12955/the
2025-05-19,111,22589,regain,6,https://www.hltv.org/team/12554/regain
2025-05-19,112,6593,2GAME,6,https://www.hltv.org/team/12491/2game
2025-05-19,113,20071,M1,6,https://www.hltv.org/team/11034/m1
2025-05-19,114,19575,K27,6,https://www.hltv.org/team/12895/k27
2025-05-19,115,14010,NITRO,6,https://www.hltv.org/team/12915/nitro
2025-05-19,116,12588,ex-TALON,6,https://www.hltv.org/team/13212/ex-talon
2025-05-19,117,13618,Young Ninjas,6,https://www.hltv.org/team/10960/young-ninjas
2025-05-19,118,12777,Kubix,6,https://www.hltv.org/team/12847/kubix
2025-05-19,119,9108,Mindfreak,5,https://www.hltv.org/team/11668/mindfreak
2025-05-19,120,10938,ex-Astralis Talent,5,https://www.hltv.org/team/12690/ex-astralis-talent
2025-05-19,121,15118,GhoulsW,5,https://www.hltv.org/team/12377/ghoulsw
2025-05-19,122,24310,XDM,5,https://www.hltv.org/team/13242/xdm
2025-05-19,123,24979,Exusiai,5,https://www.hltv.org/team/13243/exusiai
2025-05-19,124,12102,MIGHT,5,https://www.hltv.org/team/12483/might
2025-05-19,125,24984,Reverse Sweep,5,https://www.hltv.org/team/13244/reverse-sweep
2025-05-19,126,20199,SPARTA,5,https://www.hltv.org/team/13214/sparta
2025-05-19,127,13170,CPH Wolves,5,https://www.hltv.org/team/4548/cph-wolves
2025-05-19,128,19857,Tsunami,5,https://www.hltv.org/team/12180/tsunami
2025-05-19,129,21575,HEROIC Academy,5,https://www.hltv.org/team/13233/heroic-academy
2025-05-19,130,22364,Yawara,5,https://www.hltv.org/team/11933/yawara
2025-05-19,131,8943,Shika,5,https://www.hltv.org/team/13147/shika
2025-05-19,132,17324,anything else,5,https://www.hltv.org/team/13206/anything-else
2025-05-19,133,11213,Flamengo,5,https://www.hltv.org/team/12065/flamengo
2025-05-19,134,16147,kONO,5,https://www.hltv.org/team/12858/kono
2025-05-19,135,8429,hypewrld,5,https://www.hltv.org/team/12570/hypewrld
2025-05-19,136,12872,Housebets,4,https://www.hltv.org/team/12921/housebets
2025-05-19,137,8598,Just Swing,4,https://www.hltv.org/team/13053/just-swing
2025-05-19,138,20421,Leo,4,https://www.hltv.org/team/11446/leo
2025-05-19,139,10774,Only One Word,4,https://www.hltv.org/team/11263/only-one-word
2025-05-19,140,18989,DEPO,4,https://www.hltv.org/team/12536/depo
2025-05-19,141,1646,Imperial Valkyries,4,https://www.hltv.org/team/12828/imperial-valkyries
2025-05-19,142,17997,LaChampionsLiga,4,https://www.hltv.org/team/12789/lachampionsliga
2025-05-19,143,23001,Change The Game,4,https://www.hltv.org/team/13175/change-the-game
2025-05-19,144,9144,FURY,4,https://www.hltv.org/team/10299/fury
2025-05-19,145,20336,PERPLEXITY,4,https://www.hltv.org/team/13273/perplexity
2025-05-19,146,15818,UNiTY,4,https://www.hltv.org/team/12267/unity
2025-05-19,147,20475,SABRE,4,https://www.hltv.org/team/13250/sabre
2025-05-19,148,21445,Hesta,4,https://www.hltv.org/team/13153/hesta
2025-05-19,149,11739,W7M,4,https://www.hltv.org/team/8574/w7m
2025-05-19,150,16581,Supernova Comets,4,https://www.hltv.org/team/13146/supernova-comets
2025-05-19,151,20572,Akimbo,4,https://www.hltv.org/team/12567/akimbo
2025-05-19,152,16167,ScarX,4,https://www.hltv.org/team/13217/scarx
2025-05-19,153,13914,Cyber Empire,4,https://www.hltv.org/team/13249/cyber-empire
2025-05-19,154,20330,InControl,4,https://www.hltv.org/team/7720/incontrol
2025-05-19,155,21988,Leça,4,https://www.hltv.org/team/13210/lea
2025-05-19,156,12736,ex-Permitta,3,https://www.hltv.org/team/13272/ex-permitta
2025-05-19,157,18554,Dusty Roots,3,https://www.hltv.org/team/12548/dusty-roots
2025-05-19,158,9221,KRÜ,3,https://www.hltv.org/team/10900/kr
2025-05-19,159,12317,Maestro,3,https://www.hltv.org/team/7848/maestro
2025-05-19,160,16946,benched,3,https://www.hltv.org/team/11138/benched
2025-05-19,161,22740,Lithuanian Wolves,3,https://www.hltv.org/team/13182/lithuanian-wolves
2025-05-19,162,8850,FlyQuest RED,3,https://www.hltv.org/team/12301/flyquest-red
2025-05-19,163,14094,Portuguese Family,3,https://www.hltv.org/team/11862/portuguese-family
2025-05-19,164,19872,ShindeN,3,https://www.hltv.org/team/12959/shinden
2025-05-19,165,19831,América,3,https://www.hltv.org/team/4326/amrica
2025-05-19,166,20018,Wildcard Academy,3,https://www.hltv.org/team/13127/wildcard-academy
2025-05-19,167,8327,Illuminar,3,https://www.hltv.org/team/8813/illuminar
2025-05-19,168,17087,SKYFURY,3,https://www.hltv.org/team/12982/skyfury
2025-05-19,169,15062,IHC,3,https://www.hltv.org/team/11585/ihc
2025-05-19,170,16661,Players,3,https://www.hltv.org/team/11711/players
2025-05-19,171,21367,FORZE Reload,3,https://www.hltv.org/team/12857/forze-reload
2025-05-19,172,9298,1ADL,3,https://www.hltv.org/team/10912/1adl
2025-05-19,173,22283,WiLD,3,https://www.hltv.org/team/4903/wild
2025-05-19,174,23809,GATERON,3,https://www.hltv.org/team/13102/gateron
2025-05-19,175,16865,Wanted Goons,3,https://www.hltv.org/team/12971/wanted-goons
2025-05-19,176,798,Inner Circle,3,https://www.hltv.org/team/13117/inner-circle
2025-05-19,177,20677,ENCE Academy,3,https://www.hltv.org/team/11790/ence-academy
2025-05-19,178,10499,VELOX,3,https://www.hltv.org/team/10978/velox
2025-05-19,179,13287,Elevate,3,https://www.hltv.org/team/5775/elevate
2025-05-19,180,6536,BURN,3,https://www.hltv.org/team/13228/burn
2025-05-19,181,19563,Flshbck,3,https://www.hltv.org/team/13189/flshbck
2025-05-19,182,9214,Marca Registrada,3,https://www.hltv.org/team/12927/marca-registrada
2025-05-19,183,12600,E9,3,https://www.hltv.org/team/12688/e9
2025-05-19,184,14242,WOPA,3,https://www.hltv.org/team/12787/wopa
2025-05-19,185,11532,Infinity,3,https://www.hltv.org/team/9963/infinity
2025-05-19,186,24646,Delta,3,https://www.hltv.org/team/13057/delta
2025-05-19,187,23386,ALLINNERS,3,https://www.hltv.org/team/12812/allinners
2025-05-19,188,22430,Nuclear TigeRES,3,https://www.hltv.org/team/13027/nuclear-tigeres
2025-05-19,189,23680,-72c,2,https://www.hltv.org/team/12546/72c
2025-05-19,190,22811,Kronjyllands,2,https://www.hltv.org/team/12797/kronjyllands
2025-05-19,191,24024,GENESIS,2,https://www.hltv.org/team/13076/genesis
2025-05-19,192,11872,FURIA fe,2,https://www.hltv.org/team/10976/furia-fe
2025-05-19,193,5187,Steel Helmet,2,https://www.hltv.org/team/11273/steel-helmet
2025-05-19,194,6553,Tropa do KinGui,2,https://www.hltv.org/team/13151/tropa-do-kingui
2025-05-19,195,22410,harizma,2,https://www.hltv.org/team/13115/harizma
2025-05-19,196,22035,Lazer Cats,2,https://www.hltv.org/team/12087/lazer-cats
2025-05-19,197,20320,Underground,2,https://www.hltv.org/team/12707/underground
2025-05-19,198,18146,The QUBE,2,https://www.hltv.org/team/12825/the-qube
2025-05-19,199,23997,MAGICOS,2,https://www.hltv.org/team/13265/magicos
2025-05-19,200,695,JANO,2,https://www.hltv.org/team/11827/jano
2025-05-19,201,17450,Nordix,2,https://www.hltv.org/team/12766/nordix
2025-05-19,202,20437,megoshort,2,https://www.hltv.org/team/11018/megoshort
2025-05-19,203,23316,RAGE,2,https://www.hltv.org/team/12996/rage
2025-05-19,204,20029,MIBR Academy,2,https://www.hltv.org/team/3044/mibr-academy
2025-05-19,205,19173,G2 Ares,2,https://www.hltv.org/team/12889/g2-ares
2025-05-19,206,20815,8Sins,2,https://www.hltv.org/team/13024/8sins
2025-05-19,207,16971,Volt,2,https://www.hltv.org/team/13090/volt
2025-05-19,208,24878,seoul,2,https://www.hltv.org/team/13194/seoul
2025-05-19,209,20521,Galorys,2,https://www.hltv.org/team/12677/galorys
2025-05-19,210,23585,Floripa Stars,2,https://www.hltv.org/team/12867/floripa-stars
2025-05-19,211,15732,Eternal Fire Academy,2,https://www.hltv.org/team/11458/eternal-fire-academy
2025-05-19,212,9818,HAVU,2,https://www.hltv.org/team/7865/havu
2025-05-19,213,16861,Viperio,2,https://www.hltv.org/team/9506/viperio
2025-05-19,214,12898,Victores Sumus,2,https://www.hltv.org/team/12929/victores-sumus
2025-05-19,215,21931,ex-UHKA,2,https://www.hltv.org/team/13246/ex-uhka
2025-05-19,216,23637,VP.Prodigy,2,https://www.hltv.org/team/10864/vpprodigy
2025-05-19,217,3329,Lilmix,2,https://www.hltv.org/team/9735/lilmix
2025-05-19,218,16774,ODDIK Academy,1,https://www.hltv.org/team/13264/oddik-academy
2025-05-19,219,1656,Zerance,1,https://www.hltv.org/team/13271/zerance
2025-05-19,220,8726,Twenty Seven,1,https://www.hltv.org/team/13236/twenty-seven
2025-05-19,221,18399,HAVENs,1,https://www.hltv.org/team/12855/havens
2025-05-19,222,10730,777,1,https://www.hltv.org/team/10943/777
2025-05-19,223,18783,Let Her Cook,1,https://www.hltv.org/team/12421/let-her-cook
2025-05-19,224,7653,Eco Warriors,1,https://www.hltv.org/team/13121/eco-warriors
2025-05-19,225,2498,Martians,1,https://www.hltv.org/team/13230/martians
2025-05-19,226,16764,BIG EQUIPA,1,https://www.hltv.org/team/11718/big-equipa
2025-05-19,227,3849,EYEBALLERS,1,https://www.hltv.org/team/11737/eyeballers
2025-05-19,228,16851,Nii Kerge,1,https://www.hltv.org/team/13078/nii-kerge
2025-05-19,229,20281,Anonymo,1,https://www.hltv.org/team/10973/anonymo
2025-05-19,230,19998,O PLANO,1,https://www.hltv.org/team/10994/o-plano
2025-05-19,231,16341,MIBR fe,1,https://www.hltv.org/team/10975/mibr-fe
2025-05-19,232,22940,Prestige,1,https://www.hltv.org/team/13159/prestige
2025-05-19,233,17071,girl kissers,1,https://www.hltv.org/team/13270/girl-kissers
2025-05-19,234,20946,BAKS,1,https://www.hltv.org/team/11699/baks
2025-05-19,235,1572,NIP Impact,1,https://www.hltv.org/team/11917/nip-impact
2025-05-19,236,22889,Lumen fe,1,https://www.hltv.org/team/12913/lumen-fe
2025-05-19,237,23160,Worms,1,https://www.hltv.org/team/13218/worms
2025-05-19,238,24081,QMISTRY,1,https://www.hltv.org/team/13245/qmistry
2025-05-19,239,23744,st4rboys,1,https://www.hltv.org/team/12983/st4rboys
2025-05-19,240,8640,Ghost,1,https://www.hltv.org/team/7801/ghost
2025-05-19,241,18229,DMS,1,https://www.hltv.org/team/12747/dms
2025-05-19,242,19981,Grannys Knockers,1,https://www.hltv.org/team/12805/grannys-knockers
2025-05-19,243,21084,X7,1,https://www.hltv.org/team/13227/x7
2025-05-19,244,8151,Preasy,1,https://www.hltv.org/team/12334/preasy
2025-05-19,245,23050,AKA HERO KAJO,1,https://www.hltv.org/team/13142/aka-hero-kajo
2025-05-19,246,23679,MEGA JUNERS,1,https://www.hltv.org/team/13135/mega-juners
2025-05-19,247,23276,M1Z,1,https://www.hltv.org/team/13079/m1z
2025-05-19,248,22775,Justice For Tomorrow,1,https://www.hltv.org/team/13113/justice-for-tomorrow
2025-05-19,249,23204,BRUTE,1,https://www.hltv.org/team/9139/brute
2025-05-19,250,19290,2070,0,https://www.hltv.org/team/13052/2070
2025-05-19,251,25042,LASED,0,https://www.hltv.org/team/13268/lased
2025-05-19,252,9325,Skinvault,0,https://www.hltv.org/team/13252/skinvault
2025-05-19,253,24056,Reason,0,https://www.hltv.org/team/4822/reason
2025-05-19,254,20166,Spray and Slay,0,https://www.hltv.org/team/13187/spray-and-slay
2025-05-19,255,22529,XI,0,https://www.hltv.org/team/8947/xi
2025-05-19,256,21727,Akuma,0,https://www.hltv.org/team/13134/akuma
2025-05-19,257,18774,CS2News Ladies,0,https://www.hltv.org/team/13168/cs2news-ladies
2025-05-19,258,22110,Nyx Empyre,0,https://www.hltv.org/team/13176/nyx-empyre
2025-05-19,259,8635,Black Mold,0,https://www.hltv.org/team/13143/black-mold
2025-05-19,260,20503,Quem Sao Elas,0,https://www.hltv.org/team/11756/quem-sao-elas
2025-05-19,261,16343,Messitas,0,https://www.hltv.org/team/13144/messitas
2025-05-19,262,10285,nomercy fe,0,https://www.hltv.org/team/13122/nomercy-fe
2025-05-19,263,24416,Brave Bears,0,https://www.hltv.org/team/13145/brave-bears
2025-05-19,264,8575,Eternal Fire,0,https://www.hltv.org/team/11251/eternal-fire
2025-05-19,265,20529,KZG,0,https://www.hltv.org/team/12152/kzg
2025-05-12,1,7322,Vitality,1000,https://www.hltv.org/team/9565/vitality
2025-05-12,2,13666,MOUZ,568,https://www.hltv.org/team/4494/mouz
2025-05-12,3,7716,Spirit,555,https://www.hltv.org/team/7020/spirit
2025-05-12,4,3741,Falcons,451,https://www.hltv.org/team/11283/falcons
2025-05-12,5,150,Aurora,351,https://www.hltv.org/team/11861/aurora
2025-05-12,6,9816,Natus Vincere,347,https://www.hltv.org/team/4608/natus-vincere
2025-05-12,7,20194,The MongolZ,343,https://www.hltv.org/team/6248/the-mongolz
2025-05-12,8,2553,G2,309,https://www.hltv.org/team/5995/g2
2025-05-12,9,429,FaZe,209,https://www.hltv.org/team/6667/faze
2025-05-12,10,8520,Liquid,172,https://www.hltv.org/team/5973/liquid
2025-05-12,11,9278,GamerLegion,161,https://www.hltv.org/team/9928/gamerlegion
2025-05-12,12,8918,Virtus.pro,157,https://www.hltv.org/team/5378/virtuspro
2025-05-12,13,8374,3DMAX,141,https://www.hltv.org/team/4914/3dmax
2025-05-12,14,11630,Complexity,127,https://www.hltv.org/team/5005/complexity
2025-05-12,15,7592,Astralis,88,https://www.hltv.org/team/6665/astralis
2025-05-12,16,14736,paiN,69,https://www.hltv.org/team/4773/pain
2025-05-12,17,19164,HEROIC,68,https://www.hltv.org/team/7175/heroic
2025-05-12,18,11154,MIBR,66,https://www.hltv.org/team/9215/mibr
2025-05-12,19,2023,FURIA,62,https://www.hltv.org/team/8297/furia
2025-05-12,20,5794,BIG,57,https://www.hltv.org/team/7532/big
2025-05-12,21,15370,M80,56,https://www.hltv.org/team/12376/m80
2025-05-12,22,8507,Wildcard,54,https://www.hltv.org/team/12257/wildcard
2025-05-12,23,19592,B8,51,https://www.hltv.org/team/11241/b8
2025-05-12,24,10588,FlyQuest,49,https://www.hltv.org/team/12774/flyquest
2025-05-12,25,630,SAW,46,https://www.hltv.org/team/10567/saw
2025-05-12,26,11840,BetBoom,34,https://www.hltv.org/team/12394/betboom
2025-05-12,27,8552,TYLOO,33,https://www.hltv.org/team/4863/tyloo
2025-05-12,28,18070,Betclic,32,https://www.hltv.org/team/12916/betclic
2025-05-12,29,15698,Legacy,31,https://www.hltv.org/team/12468/legacy
2025-05-12,30,922,Ninjas in Pyjamas,30,https://www.hltv.org/team/4411/ninjas-in-pyjamas
2025-05-12,31,14390,ODDIK,29,https://www.hltv.org/team/11768/oddik
2025-05-12,32,7028,Rare Atom,29,https://www.hltv.org/team/11514/rare-atom
2025-05-12,33,16551,Lynn Vision,29,https://www.hltv.org/team/8840/lynn-vision
2025-05-12,34,12822,Imperial,28,https://www.hltv.org/team/9455/imperial
2025-05-12,35,7412,ENCE,26,https://www.hltv.org/team/4869/ence
2025-05-12,36,18752,HOTU,25,https://www.hltv.org/team/11581/hotu
2025-05-12,37,19229,Chinggis Warriors,25,https://www.hltv.org/team/12646/chinggis-warriors
2025-05-12,38,7687,NRG,24,https://www.hltv.org/team/6673/nrg
2025-05-12,39,10961,ECSTATIC,23,https://www.hltv.org/team/11419/ecstatic
2025-05-12,40,20387,Nemiga,22,https://www.hltv.org/team/7969/nemiga
2025-05-12,41,12521,Fluxo,21,https://www.hltv.org/team/11837/fluxo
2025-05-12,42,13602,OG,21,https://www.hltv.org/team/10503/og
2025-05-12,43,9766,Metizport,20,https://www.hltv.org/team/11641/metizport
2025-05-12,44,20584,NAVI Junior,19,https://www.hltv.org/team/10371/navi-junior
2025-05-12,45,10449,JiJieHao,19,https://www.hltv.org/team/10245/jijiehao
2025-05-12,46,15072,The Huns,19,https://www.hltv.org/team/12510/the-huns
2025-05-12,47,22643,TNL,19,https://www.hltv.org/team/12833/tnl
2025-05-12,48,13239,PARIVISION,18,https://www.hltv.org/team/12467/parivision
2025-05-12,49,7528,fnatic,16,https://www.hltv.org/team/4991/fnatic
2025-05-12,50,22864,Spirit Academy,16,https://www.hltv.org/team/7900/spirit-academy
2025-05-12,51,12004,Astrum,16,https://www.hltv.org/team/13235/astrum
2025-05-12,52,18706,BLUEJAYS,15,https://www.hltv.org/team/5347/bluejays
2025-05-12,53,20558,Sharks,14,https://www.hltv.org/team/8113/sharks
2025-05-12,54,10892,Getting Info,14,https://www.hltv.org/team/13106/getting-info
2025-05-12,55,13843,Sashi,13,https://www.hltv.org/team/11712/sashi
2025-05-12,56,9483,Solid,13,https://www.hltv.org/team/12233/solid
2025-05-12,57,2161,BESTIA,13,https://www.hltv.org/team/12144/bestia
2025-05-12,58,16885,Passion UA,12,https://www.hltv.org/team/12426/passion-ua
2025-05-12,59,15060,Eruption,12,https://www.hltv.org/team/12097/eruption
2025-05-12,60,12937,Marsborne,12,https://www.hltv.org/team/13124/marsborne
2025-05-12,61,8488,SINNERS,12,https://www.hltv.org/team/10577/sinners
2025-05-12,62,13046,Moneyball,12,https://www.hltv.org/team/13262/moneyball
2025-05-12,63,14388,ECLOT,12,https://www.hltv.org/team/7441/eclot
2025-05-12,64,2898,9INE,12,https://www.hltv.org/team/10278/9ine
2025-05-12,65,13240,GUN5,11,https://www.hltv.org/team/12471/gun5
2025-05-12,66,11217,500,11,https://www.hltv.org/team/12000/500
2025-05-12,67,3459,RUSH B,11,https://www.hltv.org/team/12559/rush-b
2025-05-12,68,2476,Partizan,11,https://www.hltv.org/team/11838/partizan
2025-05-12,69,5351,Zero Tenacity,11,https://www.hltv.org/team/11523/zero-tenacity
2025-05-12,70,17316,Betera,10,https://www.hltv.org/team/12431/betera
2025-05-12,71,11139,SemperFi,10,https://www.hltv.org/team/12901/semperfi
2025-05-12,72,1206,Nexus,10,https://www.hltv.org/team/7187/nexus
2025-05-12,73,9656,Monte,10,https://www.hltv.org/team/11811/monte
2025-05-12,74,12092,9z,10,https://www.hltv.org/team/9996/9z
2025-05-12,75,9618,BC.Game,9,https://www.hltv.org/team/12878/bcgame
2025-05-12,76,8371,Iberian Soul,9,https://www.hltv.org/team/13104/iberian-soul
2025-05-12,77,12793,Fisher College,9,https://www.hltv.org/team/12769/fisher-college
2025-05-12,78,17508,CYBERSHOKE,9,https://www.hltv.org/team/12380/cybershoke
2025-05-12,79,7996,WildLotus,8,https://www.hltv.org/team/13184/wildlotus
2025-05-12,80,20956,RUBY,8,https://www.hltv.org/team/12694/ruby
2025-05-12,81,10827,GameHunters,8,https://www.hltv.org/team/12988/gamehunters
2025-05-12,82,2131,FAVBET,8,https://www.hltv.org/team/12818/favbet
2025-05-12,83,9255,Johnny Speeds,8,https://www.hltv.org/team/12604/johnny-speeds
2025-05-12,84,23085,LFO 4,7,https://www.hltv.org/team/13219/lfo-4
2025-05-12,85,11940,NOVAQ,7,https://www.hltv.org/team/13178/novaq
2025-05-12,86,16835,Swingers,7,https://www.hltv.org/team/13109/swingers
2025-05-12,87,21348,AMKAL,7,https://www.hltv.org/team/12586/amkal
2025-05-12,88,18150,NomadS,7,https://www.hltv.org/team/12900/nomads
2025-05-12,89,8891,Tricked,7,https://www.hltv.org/team/4602/tricked
2025-05-12,90,14394,Bounty Hunters,7,https://www.hltv.org/team/12776/bounty-hunters
2025-05-12,91,14799,Vagrants,7,https://www.hltv.org/team/12611/vagrants
2025-05-12,92,12588,ex-TALON,7,https://www.hltv.org/team/13212/ex-talon
2025-05-12,93,18510,Insilio,7,https://www.hltv.org/team/12124/insilio
2025-05-12,94,22998,FengDa,7,https://www.hltv.org/team/12899/fengda
2025-05-12,95,12945,Sangal,7,https://www.hltv.org/team/10333/sangal
2025-05-12,96,12877,Rooster,7,https://www.hltv.org/team/9881/rooster
2025-05-12,97,8503,Mythic,6,https://www.hltv.org/team/5479/mythic
2025-05-12,98,18447,ARCRED,6,https://www.hltv.org/team/10459/arcred
2025-05-12,99,9216,RED Canids,6,https://www.hltv.org/team/7176/red-canids
2025-05-12,100,3669,Rebels,6,https://www.hltv.org/team/12642/rebels
2025-05-12,101,13250,Party Astronauts,6,https://www.hltv.org/team/8038/party-astronauts
2025-05-12,102,8212,Fire Flux,6,https://www.hltv.org/team/12960/fire-flux
2025-05-12,103,21397,THE,6,https://www.hltv.org/team/12955/the
2025-05-12,104,19123,SUPER EVIL GANG,6,https://www.hltv.org/team/13177/super-evil-gang
2025-05-12,105,15118,GhoulsW,5,https://www.hltv.org/team/12377/ghoulsw
2025-05-12,106,13689,Bad News Capybaras,5,https://www.hltv.org/team/13112/bad-news-capybaras
2025-05-12,107,22589,regain,5,https://www.hltv.org/team/12554/regain
2025-05-12,108,20421,Leo,5,https://www.hltv.org/team/11446/leo
2025-05-12,109,20258,NinJa,5,https://www.hltv.org/team/13211/ninja
2025-05-12,110,16768,DogEvil,5,https://www.hltv.org/team/13148/dogevil
2025-05-12,111,12872,Housebets,5,https://www.hltv.org/team/12921/housebets
2025-05-12,112,20683,Rhyno,5,https://www.hltv.org/team/10947/rhyno
2025-05-12,113,284,Mousquetaires,5,https://www.hltv.org/team/13251/mousquetaires
2025-05-12,114,13618,Young Ninjas,5,https://www.hltv.org/team/10960/young-ninjas
2025-05-12,115,19575,K27,5,https://www.hltv.org/team/12895/k27
2025-05-12,116,9108,Mindfreak,5,https://www.hltv.org/team/11668/mindfreak
2025-05-12,117,8598,Just Swing,5,https://www.hltv.org/team/13053/just-swing
2025-05-12,118,14010,NITRO,5,https://www.hltv.org/team/12915/nitro
2025-05-12,119,13170,CPH Wolves,4,https://www.hltv.org/team/4548/cph-wolves
2025-05-12,120,21445,Hesta,4,https://www.hltv.org/team/13153/hesta
2025-05-12,121,6593,2GAME,4,https://www.hltv.org/team/12491/2game
2025-05-12,122,15203,ESC,4,https://www.hltv.org/team/4532/esc
2025-05-12,123,8528,1win,4,https://www.hltv.org/team/10621/1win
2025-05-12,124,12102,MIGHT,4,https://www.hltv.org/team/12483/might
2025-05-12,125,19857,Tsunami,4,https://www.hltv.org/team/12180/tsunami
2025-05-12,126,12777,Kubix,4,https://www.hltv.org/team/12847/kubix
2025-05-12,127,24310,XDM,4,https://www.hltv.org/team/13242/xdm
2025-05-12,128,24979,Exusiai,4,https://www.hltv.org/team/13243/exusiai
2025-05-12,129,24984,Reverse Sweep,4,https://www.hltv.org/team/13244/reverse-sweep
2025-05-12,130,17324,anything else,4,https://www.hltv.org/team/13206/anything-else
2025-05-12,131,10774,Only One Word,4,https://www.hltv.org/team/11263/only-one-word
2025-05-12,132,20572,Akimbo,4,https://www.hltv.org/team/12567/akimbo
2025-05-12,133,21575,HEROIC Academy,4,https://www.hltv.org/team/13233/heroic-academy
2025-05-12,134,10938,ex-Astralis Talent,4,https://www.hltv.org/team/12690/ex-astralis-talent
2025-05-12,135,20071,M1,4,https://www.hltv.org/team/11034/m1
2025-05-12,136,7443,Alliance,4,https://www.hltv.org/team/12474/alliance
2025-05-12,137,22364,Yawara,4,https://www.hltv.org/team/11933/yawara
2025-05-12,138,8429,hypewrld,4,https://www.hltv.org/team/12570/hypewrld
2025-05-12,139,16147,kONO,4,https://www.hltv.org/team/12858/kono
2025-05-12,140,1646,Imperial Valkyries,4,https://www.hltv.org/team/12828/imperial-valkyries
2025-05-12,141,22430,Nuclear TigeRES,4,https://www.hltv.org/team/13027/nuclear-tigeres
2025-05-12,142,20475,SABRE,4,https://www.hltv.org/team/13250/sabre
2025-05-12,143,9221,KRÜ,3,https://www.hltv.org/team/10900/kr
2025-05-12,144,8943,Shika,3,https://www.hltv.org/team/13147/shika
2025-05-12,145,18989,DEPO,3,https://www.hltv.org/team/12536/depo
2025-05-12,146,15818,UNiTY,3,https://www.hltv.org/team/12267/unity
2025-05-12,147,17997,LaChampionsLiga,3,https://www.hltv.org/team/12789/lachampionsliga
2025-05-12,148,798,Inner Circle,3,https://www.hltv.org/team/13117/inner-circle
2025-05-12,149,23001,Change The Game,3,https://www.hltv.org/team/13175/change-the-game
2025-05-12,150,9144,FURY,3,https://www.hltv.org/team/10299/fury
2025-05-12,151,16581,Supernova Comets,3,https://www.hltv.org/team/13146/supernova-comets
2025-05-12,152,20199,SPARTA,3,https://www.hltv.org/team/13214/sparta
2025-05-12,153,11213,Flamengo,3,https://www.hltv.org/team/12065/flamengo
2025-05-12,154,3849,EYEBALLERS,3,https://www.hltv.org/team/11737/eyeballers
2025-05-12,155,11532,Infinity,3,https://www.hltv.org/team/9963/infinity
2025-05-12,156,16167,ScarX,3,https://www.hltv.org/team/13217/scarx
2025-05-12,157,13914,Cyber Empire,3,https://www.hltv.org/team/13249/cyber-empire
2025-05-12,158,21988,Leça,3,https://www.hltv.org/team/13210/lea
2025-05-12,159,18554,Dusty Roots,3,https://www.hltv.org/team/12548/dusty-roots
2025-05-12,160,21367,FORZE Reload,3,https://www.hltv.org/team/12857/forze-reload
2025-05-12,161,20815,8Sins,3,https://www.hltv.org/team/13024/8sins
2025-05-12,162,16661,Players,3,https://www.hltv.org/team/11711/players
2025-05-12,163,22035,Lazer Cats,3,https://www.hltv.org/team/12087/lazer-cats
2025-05-12,164,12317,Maestro,3,https://www.hltv.org/team/7848/maestro
2025-05-12,165,20330,InControl,3,https://www.hltv.org/team/7720/incontrol
2025-05-12,166,8850,FlyQuest RED,3,https://www.hltv.org/team/12301/flyquest-red
2025-05-12,167,16946,benched,3,https://www.hltv.org/team/11138/benched
2025-05-12,168,22740,Lithuanian Wolves,3,https://www.hltv.org/team/13182/lithuanian-wolves
2025-05-12,169,14094,Portuguese Family,3,https://www.hltv.org/team/11862/portuguese-family
2025-05-12,170,12600,E9,3,https://www.hltv.org/team/12688/e9
2025-05-12,171,23386,ALLINNERS,3,https://www.hltv.org/team/12812/allinners
2025-05-12,172,19872,ShindeN,3,https://www.hltv.org/team/12959/shinden
2025-05-12,173,22410,harizma,3,https://www.hltv.org/team/13115/harizma
2025-05-12,174,20018,Wildcard Academy,3,https://www.hltv.org/team/13127/wildcard-academy
2025-05-12,175,15062,IHC,2,https://www.hltv.org/team/11585/ihc
2025-05-12,176,17087,SKYFURY,2,https://www.hltv.org/team/12982/skyfury
2025-05-12,177,9298,1ADL,2,https://www.hltv.org/team/10912/1adl
2025-05-12,178,23809,GATERON,2,https://www.hltv.org/team/13102/gateron
2025-05-12,179,5187,Steel Helmet,2,https://www.hltv.org/team/11273/steel-helmet
2025-05-12,180,23680,-72c,2,https://www.hltv.org/team/12546/72c
2025-05-12,181,14242,WOPA,2,https://www.hltv.org/team/12787/wopa
2025-05-12,182,10499,VELOX,2,https://www.hltv.org/team/10978/velox
2025-05-12,183,13287,Elevate,2,https://www.hltv.org/team/5775/elevate
2025-05-12,184,6536,BURN,2,https://www.hltv.org/team/13228/burn
2025-05-12,185,11872,FURIA fe,2,https://www.hltv.org/team/10976/furia-fe
2025-05-12,186,24646,Delta,2,https://www.hltv.org/team/13057/delta
2025-05-12,187,16971,Volt,2,https://www.hltv.org/team/13090/volt
2025-05-12,188,16865,Wanted Goons,2,https://www.hltv.org/team/12971/wanted-goons
2025-05-12,189,22811,Kronjyllands,2,https://www.hltv.org/team/12797/kronjyllands
2025-05-12,190,24024,GENESIS,2,https://www.hltv.org/team/13076/genesis
2025-05-12,191,20320,Underground,2,https://www.hltv.org/team/12707/underground
2025-05-12,192,19173,G2 Ares,2,https://www.hltv.org/team/12889/g2-ares
2025-05-12,193,695,JANO,2,https://www.hltv.org/team/11827/jano
2025-05-12,194,20677,ENCE Academy,2,https://www.hltv.org/team/11790/ence-academy
2025-05-12,195,17450,Nordix,2,https://www.hltv.org/team/12766/nordix
2025-05-12,196,24081,QMISTRY,2,https://www.hltv.org/team/13245/qmistry
2025-05-12,197,23316,RAGE,2,https://www.hltv.org/team/12996/rage
2025-05-12,198,20437,megoshort,2,https://www.hltv.org/team/11018/megoshort
2025-05-12,199,19563,Flshbck,2,https://www.hltv.org/team/13189/flshbck
2025-05-12,200,24878,seoul,2,https://www.hltv.org/team/13194/seoul
2025-05-12,201,20521,Galorys,2,https://www.hltv.org/team/12677/galorys
2025-05-12,202,8151,Preasy,2,https://www.hltv.org/team/12334/preasy
2025-05-12,203,15732,Eternal Fire Academy,2,https://www.hltv.org/team/11458/eternal-fire-academy
2025-05-12,204,19831,América,2,https://www.hltv.org/team/4326/amrica
2025-05-12,205,9818,HAVU,2,https://www.hltv.org/team/7865/havu
2025-05-12,206,16861,Viperio,2,https://www.hltv.org/team/9506/viperio
2025-05-12,207,18146,The QUBE,2,https://www.hltv.org/team/12825/the-qube
2025-05-12,208,23585,Floripa Stars,2,https://www.hltv.org/team/12867/floripa-stars
2025-05-12,209,20029,MIBR Academy,2,https://www.hltv.org/team/3044/mibr-academy
2025-05-12,210,21931,ex-UHKA,2,https://www.hltv.org/team/13246/ex-uhka
2025-05-12,211,1656,Prototype Blaze,1,https://www.hltv.org/team/13133/prototype-blaze
2025-05-12,212,23637,VP.Prodigy,1,https://www.hltv.org/team/10864/vpprodigy
2025-05-12,213,12898,Victores Sumus,1,https://www.hltv.org/team/12929/victores-sumus
2025-05-12,214,3329,Lilmix,1,https://www.hltv.org/team/9735/lilmix
2025-05-12,215,18399,HAVENs,1,https://www.hltv.org/team/12855/havens
2025-05-12,216,8726,Twenty Seven,1,https://www.hltv.org/team/13236/twenty-seven
2025-05-12,217,9214,Marca Registrada,1,https://www.hltv.org/team/12927/marca-registrada
2025-05-12,218,16764,BIG EQUIPA,1,https://www.hltv.org/team/11718/big-equipa
2025-05-12,219,10730,777,1,https://www.hltv.org/team/10943/777
2025-05-12,220,16341,MIBR fe,1,https://www.hltv.org/team/10975/mibr-fe
2025-05-12,221,11739,W7M,1,https://www.hltv.org/team/8574/w7m
2025-05-12,222,2498,Martians,1,https://www.hltv.org/team/13230/martians
2025-05-12,223,17071,girl kissers,1,https://www.hltv.org/team/13270/girl-kissers
2025-05-12,224,19998,O PLANO,1,https://www.hltv.org/team/10994/o-plano
2025-05-12,225,22889,Lumen fe,1,https://www.hltv.org/team/12913/lumen-fe
2025-05-12,226,16851,Nii Kerge,1,https://www.hltv.org/team/13078/nii-kerge
2025-05-12,227,20281,Anonymo,1,https://www.hltv.org/team/10973/anonymo
2025-05-12,228,7653,Eco Warriors,1,https://www.hltv.org/team/13121/eco-warriors
2025-05-12,229,22940,Prestige,1,https://www.hltv.org/team/13159/prestige
2025-05-12,230,20946,BAKS,1,https://www.hltv.org/team/11699/baks
2025-05-12,231,1572,NIP Impact,1,https://www.hltv.org/team/11917/nip-impact
2025-05-12,232,18783,Let Her Cook,1,https://www.hltv.org/team/12421/let-her-cook
2025-05-12,233,21909,undeRRRated,1,https://www.hltv.org/team/13225/underrrated
2025-05-12,234,23160,Worms,1,https://www.hltv.org/team/13218/worms
2025-05-12,235,20503,Quem Sao Elas,1,https://www.hltv.org/team/11756/quem-sao-elas
2025-05-12,236,6553,Tropa do KinGui,1,https://www.hltv.org/team/13151/tropa-do-kingui
2025-05-12,237,23744,st4rboys,1,https://www.hltv.org/team/12983/st4rboys
2025-05-12,238,19981,Grannys Knockers,1,https://www.hltv.org/team/12805/grannys-knockers
2025-05-12,239,22775,Justice For Tomorrow,1,https://www.hltv.org/team/13113/justice-for-tomorrow
2025-05-12,240,9521,ATOX,1,https://www.hltv.org/team/12312/atox
2025-05-12,241,22308,X7,1,https://www.hltv.org/team/13227/x7
2025-05-12,242,23050,AKA HERO KAJO,1,https://www.hltv.org/team/13142/aka-hero-kajo
2025-05-12,243,23276,M1Z,0,https://www.hltv.org/team/13079/m1z
2025-05-12,244,18774,CS2News Ladies,0,https://www.hltv.org/team/13168/cs2news-ladies
2025-05-12,245,18229,DMS,0,https://www.hltv.org/team/12747/dms
2025-05-12,246,8640,Ghost,0,https://www.hltv.org/team/7801/ghost
2025-05-12,247,23679,MEGA JUNERS,0,https://www.hltv.org/team/13135/mega-juners
2025-05-12,248,25042,LASED,0,https://www.hltv.org/team/13268/lased
2025-05-12,249,9325,Skinvault,0,https://www.hltv.org/team/13252/skinvault
2025-05-12,250,23204,BRUTE,0,https://www.hltv.org/team/9139/brute
2025-05-12,251,24056,Reason,0,https://www.hltv.org/team/4822/reason
2025-05-12,252,20166,Spray and Slay,0,https://www.hltv.org/team/13187/spray-and-slay
2025-05-12,253,21727,Akuma,0,https://www.hltv.org/team/13134/akuma
2025-05-12,254,22529,XI,0,https://www.hltv.org/team/8947/xi
2025-05-12,255,22461,ANTARCTICA,0,https://www.hltv.org/team/13207/antarctica
2025-05-12,256,22110,Nyx Empyre,0,https://www.hltv.org/team/13176/nyx-empyre
2025-05-12,257,8635,Black Mold,0,https://www.hltv.org/team/13143/black-mold
2025-05-12,258,16343,Messitas,0,https://www.hltv.org/team/13144/messitas
2025-05-12,259,9238,thekillaz fe,0,https://www.hltv.org/team/12912/thekillaz-fe
2025-05-12,260,10285,nomercy fe,0,https://www.hltv.org/team/13122/nomercy-fe
2025-05-12,261,24416,Brave Bears,0,https://www.hltv.org/team/13145/brave-bears
2025-05-12,262,8575,Eternal Fire,0,https://www.hltv.org/team/11251/eternal-fire
2025-05-12,263,20529,KZG,0,https://www.hltv.org/team/12152/kzg
2025-05-05,1,7322,Vitality,1000,https://www.hltv.org/team/9565/vitality
2025-05-05,2,7716,Spirit,562,https://www.hltv.org/team/7020/spirit
2025-05-05,3,13666,MOUZ,530,https://www.hltv.org/team/4494/mouz
2025-05-05,4,3741,Falcons,403,https://www.hltv.org/team/11283/falcons
2025-05-05,5,9816,Natus Vincere,363,https://www.hltv.org/team/4608/natus-vincere
2025-05-05,6,150,Aurora,348,https://www.hltv.org/team/11861/aurora
2025-05-05,7,20194,The MongolZ,335,https://www.hltv.org/team/6248/the-mongolz
2025-05-05,8,2553,G2,286,https://www.hltv.org/team/5995/g2
2025-05-05,9,429,FaZe,203,https://www.hltv.org/team/6667/faze
2025-05-05,10,9278,GamerLegion,164,https://www.hltv.org/team/9928/gamerlegion
2025-05-05,11,8520,Liquid,163,https://www.hltv.org/team/5973/liquid
2025-05-05,12,8918,Virtus.pro,163,https://www.hltv.org/team/5378/virtuspro
2025-05-05,13,8374,3DMAX,127,https://www.hltv.org/team/4914/3dmax
2025-05-05,14,11630,Complexity,114,https://www.hltv.org/team/5005/complexity
2025-05-05,15,7592,Astralis,79,https://www.hltv.org/team/6665/astralis
2025-05-05,16,14736,paiN,63,https://www.hltv.org/team/4773/pain
2025-05-05,17,19164,HEROIC,61,https://www.hltv.org/team/7175/heroic
2025-05-05,18,11154,MIBR,58,https://www.hltv.org/team/9215/mibr
2025-05-05,19,15370,M80,51,https://www.hltv.org/team/12376/m80
2025-05-05,20,2023,FURIA,50,https://www.hltv.org/team/8297/furia
2025-05-05,21,8507,Wildcard,48,https://www.hltv.org/team/12257/wildcard
2025-05-05,22,5794,BIG,48,https://www.hltv.org/team/7532/big
2025-05-05,23,10588,FlyQuest,46,https://www.hltv.org/team/12774/flyquest
2025-05-05,24,630,SAW,42,https://www.hltv.org/team/10567/saw
2025-05-05,25,19592,B8,38,https://www.hltv.org/team/11241/b8
2025-05-05,26,18070,Betclic,32,https://www.hltv.org/team/12916/betclic
2025-05-05,27,11840,BetBoom,32,https://www.hltv.org/team/12394/betboom
2025-05-05,28,15698,Legacy,25,https://www.hltv.org/team/12468/legacy
2025-05-05,29,12822,Imperial,25,https://www.hltv.org/team/9455/imperial
2025-05-05,30,7028,Rare Atom,24,https://www.hltv.org/team/11514/rare-atom
2025-05-05,31,13602,OG,24,https://www.hltv.org/team/10503/og
2025-05-05,32,7412,ENCE,23,https://www.hltv.org/team/4869/ence
2025-05-05,33,19229,Chinggis Warriors,23,https://www.hltv.org/team/12646/chinggis-warriors
2025-05-05,34,8552,TYLOO,23,https://www.hltv.org/team/4863/tyloo
2025-05-05,35,16551,Lynn Vision,20,https://www.hltv.org/team/8840/lynn-vision
2025-05-05,36,9766,Metizport,20,https://www.hltv.org/team/11641/metizport
2025-05-05,37,20387,Nemiga,19,https://www.hltv.org/team/7969/nemiga
2025-05-05,38,7687,NRG,17,https://www.hltv.org/team/6673/nrg
2025-05-05,39,922,Ninjas in Pyjamas,16,https://www.hltv.org/team/4411/ninjas-in-pyjamas
2025-05-05,40,20584,NAVI Junior,16,https://www.hltv.org/team/10371/navi-junior
2025-05-05,41,15072,The Huns,16,https://www.hltv.org/team/12510/the-huns
2025-05-05,42,10961,ECSTATIC,15,https://www.hltv.org/team/11419/ecstatic
2025-05-05,43,22643,TNL,15,https://www.hltv.org/team/12833/tnl
2025-05-05,44,12004,Astrum,15,https://www.hltv.org/team/13235/astrum
2025-05-05,45,10449,JiJieHao,15,https://www.hltv.org/team/10245/jijiehao
2025-05-05,46,12521,Fluxo,14,https://www.hltv.org/team/11837/fluxo
2025-05-05,47,7528,fnatic,14,https://www.hltv.org/team/4991/fnatic
2025-05-05,48,13239,PARIVISION,13,https://www.hltv.org/team/12467/parivision
2025-05-05,49,14388,ECLOT,13,https://www.hltv.org/team/7441/eclot
2025-05-05,50,10892,Getting Info,12,https://www.hltv.org/team/13106/getting-info
2025-05-05,51,18706,BLUEJAYS,12,https://www.hltv.org/team/5347/bluejays
2025-05-05,52,20558,Sharks,12,https://www.hltv.org/team/8113/sharks
2025-05-05,53,11217,500,12,https://www.hltv.org/team/12000/500
2025-05-05,54,2161,BESTIA,12,https://www.hltv.org/team/12144/bestia
2025-05-05,55,22864,Spirit Academy,11,https://www.hltv.org/team/7900/spirit-academy
2025-05-05,56,9618,BC.Game,11,https://www.hltv.org/team/12878/bcgame
2025-05-05,57,15060,Eruption,11,https://www.hltv.org/team/12097/eruption
2025-05-05,58,13843,Sashi,10,https://www.hltv.org/team/11712/sashi
2025-05-05,59,14390,ODDIK,10,https://www.hltv.org/team/11768/oddik
2025-05-05,60,12937,Marsborne,10,https://www.hltv.org/team/13124/marsborne
2025-05-05,61,13240,GUN5,10,https://www.hltv.org/team/12471/gun5
2025-05-05,62,2476,Partizan,10,https://www.hltv.org/team/11838/partizan
2025-05-05,63,16885,Passion UA,9,https://www.hltv.org/team/12426/passion-ua
2025-05-05,64,3459,RUSH B,9,https://www.hltv.org/team/12559/rush-b
2025-05-05,65,8488,SINNERS,9,https://www.hltv.org/team/10577/sinners
2025-05-05,66,8371,Iberian Soul,9,https://www.hltv.org/team/13104/iberian-soul
2025-05-05,67,9483,Solid,9,https://www.hltv.org/team/12233/solid
2025-05-05,68,12092,9z,9,https://www.hltv.org/team/9996/9z
2025-05-05,69,2898,9INE,9,https://www.hltv.org/team/10278/9ine
2025-05-05,70,11139,SemperFi,9,https://www.hltv.org/team/12901/semperfi
2025-05-05,71,1206,Nexus,8,https://www.hltv.org/team/7187/nexus
2025-05-05,72,13046,Moneyball,8,https://www.hltv.org/team/13262/moneyball
2025-05-05,73,19591,LFO 4,8,https://www.hltv.org/team/13219/lfo-4
2025-05-05,74,12793,Fisher College,8,https://www.hltv.org/team/12769/fisher-college
2025-05-05,75,18752,HOTU,7,https://www.hltv.org/team/11581/hotu
2025-05-05,76,5351,Zero Tenacity,7,https://www.hltv.org/team/11523/zero-tenacity
2025-05-05,77,20956,RUBY,7,https://www.hltv.org/team/12694/ruby
2025-05-05,78,17508,CYBERSHOKE,7,https://www.hltv.org/team/12380/cybershoke
2025-05-05,79,14799,Vagrants,7,https://www.hltv.org/team/12611/vagrants
2025-05-05,80,9656,Monte,7,https://www.hltv.org/team/11811/monte
2025-05-05,81,21348,AMKAL,6,https://www.hltv.org/team/12586/amkal
2025-05-05,82,7996,WildLotus,6,https://www.hltv.org/team/13184/wildlotus
2025-05-05,83,9255,Johnny Speeds,6,https://www.hltv.org/team/12604/johnny-speeds
2025-05-05,84,8891,Tricked,6,https://www.hltv.org/team/4602/tricked
2025-05-05,85,12877,Rooster,6,https://www.hltv.org/team/9881/rooster
2025-05-05,86,12588,ex-TALON,6,https://www.hltv.org/team/13212/ex-talon
2025-05-05,87,10827,GameHunters,6,https://www.hltv.org/team/12988/gamehunters
2025-05-05,88,11940,NOVAQ,6,https://www.hltv.org/team/13178/novaq
2025-05-05,89,16835,Swingers,6,https://www.hltv.org/team/13109/swingers
2025-05-05,90,22998,FengDa,6,https://www.hltv.org/team/12899/fengda
2025-05-05,91,18510,Insilio,6,https://www.hltv.org/team/12124/insilio
2025-05-05,92,8503,Mythic,5,https://www.hltv.org/team/5479/mythic
2025-05-05,93,2131,FAVBET,5,https://www.hltv.org/team/12818/favbet
2025-05-05,94,18150,NomadS,5,https://www.hltv.org/team/12900/nomads
2025-05-05,95,17316,Betera,5,https://www.hltv.org/team/12431/betera
2025-05-05,96,12945,Sangal,5,https://www.hltv.org/team/10333/sangal
2025-05-05,97,9216,RED Canids,5,https://www.hltv.org/team/7176/red-canids
2025-05-05,98,23001,Change The Game,5,https://www.hltv.org/team/13175/change-the-game
2025-05-05,99,3669,Rebels,5,https://www.hltv.org/team/12642/rebels
2025-05-05,100,13689,Bad News Capybaras,5,https://www.hltv.org/team/13112/bad-news-capybaras
2025-05-05,101,8212,Fire Flux,5,https://www.hltv.org/team/12960/fire-flux
2025-05-05,102,19123,SUPER EVIL GANG,5,https://www.hltv.org/team/13177/super-evil-gang
2025-05-05,103,21397,THE,5,https://www.hltv.org/team/12955/the
2025-05-05,104,8598,Just Swing,5,https://www.hltv.org/team/13053/just-swing
2025-05-05,105,13250,Party Astronauts,5,https://www.hltv.org/team/8038/party-astronauts
2025-05-05,106,13618,Young Ninjas,5,https://www.hltv.org/team/10960/young-ninjas
2025-05-05,107,20421,Leo,4,https://www.hltv.org/team/11446/leo
2025-05-05,108,16768,DogEvil,4,https://www.hltv.org/team/13148/dogevil
2025-05-05,109,8528,1win,4,https://www.hltv.org/team/10621/1win
2025-05-05,110,12872,Housebets,4,https://www.hltv.org/team/12921/housebets
2025-05-05,111,15118,GhoulsW,4,https://www.hltv.org/team/12377/ghoulsw
2025-05-05,112,18442,Chicken Coop,4,https://www.hltv.org/team/13107/chicken-coop
2025-05-05,113,284,Mousquetaires,4,https://www.hltv.org/team/13251/mousquetaires
2025-05-05,114,17305,benched,4,https://www.hltv.org/team/11138/benched
2025-05-05,115,20258,NinJa,4,https://www.hltv.org/team/13211/ninja
2025-05-05,116,12777,Kubix,4,https://www.hltv.org/team/12847/kubix
2025-05-05,117,9108,Mindfreak,4,https://www.hltv.org/team/11668/mindfreak
2025-05-05,118,12102,MIGHT,4,https://www.hltv.org/team/12483/might
2025-05-05,119,14010,NITRO,4,https://www.hltv.org/team/12915/nitro
2025-05-05,120,14394,Bounty Hunters,4,https://www.hltv.org/team/12776/bounty-hunters
2025-05-05,121,20475,SABRE,4,https://www.hltv.org/team/13250/sabre
2025-05-05,122,7443,Alliance,4,https://www.hltv.org/team/12474/alliance
2025-05-05,123,23809,GATERON,4,https://www.hltv.org/team/13102/gateron
2025-05-05,124,15203,ESC,4,https://www.hltv.org/team/4532/esc
2025-05-05,125,16147,kONO,4,https://www.hltv.org/team/12858/kono
2025-05-05,126,24310,XDM,4,https://www.hltv.org/team/13242/xdm
2025-05-05,127,24979,Exusiai,4,https://www.hltv.org/team/13243/exusiai
2025-05-05,128,22364,Yawara,4,https://www.hltv.org/team/11933/yawara
2025-05-05,129,10938,ex-Astralis Talent,4,https://www.hltv.org/team/12690/ex-astralis-talent
2025-05-05,130,24984,Reverse Sweep,4,https://www.hltv.org/team/13244/reverse-sweep
2025-05-05,131,21445,Hesta,4,https://www.hltv.org/team/13153/hesta
2025-05-05,132,20330,InControl,4,https://www.hltv.org/team/7720/incontrol
2025-05-05,133,22589,regain,3,https://www.hltv.org/team/12554/regain
2025-05-05,134,1646,Imperial Valkyries,3,https://www.hltv.org/team/12828/imperial-valkyries
2025-05-05,135,22459,Chimera,3,https://www.hltv.org/team/13098/chimera
2025-05-05,136,21575,HEROIC Academy,3,https://www.hltv.org/team/13233/heroic-academy
2025-05-05,137,15818,UNiTY,3,https://www.hltv.org/team/12267/unity
2025-05-05,138,10774,Only One Word,3,https://www.hltv.org/team/11263/only-one-word
2025-05-05,139,20572,Akimbo,3,https://www.hltv.org/team/12567/akimbo
2025-05-05,140,6593,2GAME,3,https://www.hltv.org/team/12491/2game
2025-05-05,141,8429,hypewrld,3,https://www.hltv.org/team/12570/hypewrld
2025-05-05,142,16814,Flamengo,3,https://www.hltv.org/team/12065/flamengo
2025-05-05,143,22430,Nuclear TigeRES,3,https://www.hltv.org/team/13027/nuclear-tigeres
2025-05-05,144,19857,Tsunami,3,https://www.hltv.org/team/12180/tsunami
2025-05-05,145,16581,Supernova Comets,3,https://www.hltv.org/team/13146/supernova-comets
2025-05-05,146,19872,ShindeN,3,https://www.hltv.org/team/12959/shinden
2025-05-05,147,11532,Infinity,3,https://www.hltv.org/team/9963/infinity
2025-05-05,148,17997,LaChampionsLiga,3,https://www.hltv.org/team/12789/lachampionsliga
2025-05-05,149,15062,IHC,3,https://www.hltv.org/team/11585/ihc
2025-05-05,150,18989,DEPO,3,https://www.hltv.org/team/12536/depo
2025-05-05,151,3849,EYEBALLERS,3,https://www.hltv.org/team/11737/eyeballers
2025-05-05,152,9221,KRÜ,3,https://www.hltv.org/team/10900/kr
2025-05-05,153,21988,Leça,3,https://www.hltv.org/team/13210/lea
2025-05-05,154,24081,QMISTRY,3,https://www.hltv.org/team/13245/qmistry
2025-05-05,155,9144,MANTRA,3,https://www.hltv.org/team/12472/mantra
2025-05-05,156,8943,Shika,3,https://www.hltv.org/team/13147/shika
2025-05-05,157,20071,M1,3,https://www.hltv.org/team/11034/m1
2025-05-05,158,20199,SPARTA,3,https://www.hltv.org/team/13214/sparta
2025-05-05,159,16865,Wanted Goons,3,https://www.hltv.org/team/12971/wanted-goons
2025-05-05,160,16167,ScarX,3,https://www.hltv.org/team/13217/scarx
2025-05-05,161,13914,Cyber Empire,3,https://www.hltv.org/team/13249/cyber-empire
2025-05-05,162,13170,CPH Wolves,3,https://www.hltv.org/team/4548/cph-wolves
2025-05-05,163,20018,Wildcard Academy,2,https://www.hltv.org/team/13127/wildcard-academy
2025-05-05,164,20815,8Sins,2,https://www.hltv.org/team/13024/8sins
2025-05-05,165,12317,Maestro,2,https://www.hltv.org/team/7848/maestro
2025-05-05,166,16661,Players,2,https://www.hltv.org/team/11711/players
2025-05-05,167,18554,Dusty Roots,2,https://www.hltv.org/team/12548/dusty-roots
2025-05-05,168,20677,ENCE Academy,2,https://www.hltv.org/team/11790/ence-academy
2025-05-05,169,8850,FlyQuest RED,2,https://www.hltv.org/team/12301/flyquest-red
2025-05-05,170,18447,ARCRED,2,https://www.hltv.org/team/10459/arcred
2025-05-05,171,23386,ALLINNERS,2,https://www.hltv.org/team/12812/allinners
2025-05-05,172,22410,harizma,2,https://www.hltv.org/team/13115/harizma
2025-05-05,173,22035,Lazer Cats,2,https://www.hltv.org/team/12087/lazer-cats
2025-05-05,174,17087,SKYFURY,2,https://www.hltv.org/team/12982/skyfury
2025-05-05,175,9298,1ADL,2,https://www.hltv.org/team/10912/1adl
2025-05-05,176,23680,-72c,2,https://www.hltv.org/team/12546/72c
2025-05-05,177,24646,Delta,2,https://www.hltv.org/team/13057/delta
2025-05-05,178,10499,VELOX,2,https://www.hltv.org/team/10978/velox
2025-05-05,179,11872,FURIA fe,2,https://www.hltv.org/team/10976/furia-fe
2025-05-05,180,21100,Elevate,2,https://www.hltv.org/team/5775/elevate
2025-05-05,181,6536,BURN,2,https://www.hltv.org/team/13228/burn
2025-05-05,182,14094,Portuguese Family,2,https://www.hltv.org/team/11862/portuguese-family
2025-05-05,183,14242,WOPA,2,https://www.hltv.org/team/12787/wopa
2025-05-05,184,21367,FORZE Reload,2,https://www.hltv.org/team/12857/forze-reload
2025-05-05,185,695,JANO,2,https://www.hltv.org/team/11827/jano
2025-05-05,186,8151,Preasy,2,https://www.hltv.org/team/12334/preasy
2025-05-05,187,798,Inner Circle,2,https://www.hltv.org/team/13117/inner-circle
2025-05-05,188,24024,GENESIS,2,https://www.hltv.org/team/13076/genesis
2025-05-05,189,20320,Underground,2,https://www.hltv.org/team/12707/underground
2025-05-05,190,17450,Nordix,2,https://www.hltv.org/team/12766/nordix
2025-05-05,191,9214,Marca Registrada,2,https://www.hltv.org/team/12927/marca-registrada
2025-05-05,192,23316,RAGE,2,https://www.hltv.org/team/12996/rage
2025-05-05,193,20437,megoshort,2,https://www.hltv.org/team/11018/megoshort
2025-05-05,194,19563,Flshbck,2,https://www.hltv.org/team/13189/flshbck
2025-05-05,195,24878,seoul,1,https://www.hltv.org/team/13194/seoul
2025-05-05,196,20521,Galorys,1,https://www.hltv.org/team/12677/galorys
2025-05-05,197,16861,Viperio,1,https://www.hltv.org/team/9506/viperio
2025-05-05,198,22811,Kronjyllands,1,https://www.hltv.org/team/12797/kronjyllands
2025-05-05,199,15732,Eternal Fire Academy,1,https://www.hltv.org/team/11458/eternal-fire-academy
2025-05-05,200,19831,América,1,https://www.hltv.org/team/4326/amrica
2025-05-05,201,9818,HAVU,1,https://www.hltv.org/team/7865/havu
2025-05-05,202,18146,The QUBE,1,https://www.hltv.org/team/12825/the-qube
2025-05-05,203,20029,MIBR Academy,1,https://www.hltv.org/team/3044/mibr-academy
2025-05-05,204,16971,Volt,1,https://www.hltv.org/team/13090/volt
2025-05-05,205,21931,ex-UHKA,1,https://www.hltv.org/team/13246/ex-uhka
2025-05-05,206,23585,Floripa Stars,1,https://www.hltv.org/team/12867/floripa-stars
2025-05-05,207,12708,Bad News Eagles,1,https://www.hltv.org/team/11518/bad-news-eagles
2025-05-05,208,1656,Prototype Blaze,1,https://www.hltv.org/team/13133/prototype-blaze
2025-05-05,209,23637,VP.Prodigy,1,https://www.hltv.org/team/10864/vpprodigy
2025-05-05,210,12898,Victores Sumus,1,https://www.hltv.org/team/12929/victores-sumus
2025-05-05,211,3329,Lilmix,1,https://www.hltv.org/team/9735/lilmix
2025-05-05,212,16341,MIBR fe,1,https://www.hltv.org/team/10975/mibr-fe
2025-05-05,213,18399,HAVENs,1,https://www.hltv.org/team/12855/havens
2025-05-05,214,9616,MINLATE,1,https://www.hltv.org/team/6626/minlate
2025-05-05,215,8726,Twenty Seven,1,https://www.hltv.org/team/13236/twenty-seven
2025-05-05,216,19998,O PLANO,1,https://www.hltv.org/team/10994/o-plano
2025-05-05,217,5187,Steel Helmet,1,https://www.hltv.org/team/11273/steel-helmet
2025-05-05,218,22889,Lumen fe,1,https://www.hltv.org/team/12913/lumen-fe
2025-05-05,219,16764,BIG EQUIPA,1,https://www.hltv.org/team/11718/big-equipa
2025-05-05,220,19973,2070,1,https://www.hltv.org/team/13052/2070
2025-05-05,221,10730,777,1,https://www.hltv.org/team/10943/777
2025-05-05,222,19575,K27,1,https://www.hltv.org/team/12895/k27
2025-05-05,223,20683,Rhyno,1,https://www.hltv.org/team/10947/rhyno
2025-05-05,224,11739,W7M,1,https://www.hltv.org/team/8574/w7m
2025-05-05,225,2498,Martians,1,https://www.hltv.org/team/13230/martians
2025-05-05,226,1572,NIP Impact,1,https://www.hltv.org/team/11917/nip-impact
2025-05-05,227,16851,Nii Kerge,1,https://www.hltv.org/team/13078/nii-kerge
2025-05-05,228,20281,Anonymo,1,https://www.hltv.org/team/10973/anonymo
2025-05-05,229,7653,Eco Warriors,1,https://www.hltv.org/team/13121/eco-warriors
2025-05-05,230,19297,RUSTEC,1,https://www.hltv.org/team/12834/rustec
2025-05-05,231,22940,Prestige,1,https://www.hltv.org/team/13159/prestige
2025-05-05,232,17071,Nouns fe,1,https://www.hltv.org/team/12556/nouns-fe
2025-05-05,233,21909,undeRRRated,1,https://www.hltv.org/team/13225/underrrated
2025-05-05,234,23204,BRUTE,1,https://www.hltv.org/team/9139/brute
2025-05-05,235,23160,Worms,1,https://www.hltv.org/team/13218/worms
2025-05-05,236,16349,Lausanne,1,https://www.hltv.org/team/11645/lausanne
2025-05-05,237,23050,AKA HERO KAJO,1,https://www.hltv.org/team/13142/aka-hero-kajo
2025-05-05,238,18783,Let Her Cook,1,https://www.hltv.org/team/12421/let-her-cook
2025-05-05,239,18229,DMS,1,https://www.hltv.org/team/12747/dms
2025-05-05,240,21023,PCIFIC,1,https://www.hltv.org/team/13054/pcific
2025-05-05,241,9521,ATOX,1,https://www.hltv.org/team/12312/atox
2025-05-05,242,6553,Tropa do KinGui,1,https://www.hltv.org/team/13151/tropa-do-kingui
2025-05-05,243,23744,st4rboys,0,https://www.hltv.org/team/12983/st4rboys
2025-05-05,244,22775,Justice For Tomorrow,0,https://www.hltv.org/team/13113/justice-for-tomorrow
2025-05-05,245,22308,X7,0,https://www.hltv.org/team/13227/x7
2025-05-05,246,20503,Quem Sao Elas,0,https://www.hltv.org/team/11756/quem-sao-elas
2025-05-05,247,23276,M1Z,0,https://www.hltv.org/team/13079/m1z
2025-05-05,248,18774,CS2News Ladies,0,https://www.hltv.org/team/13168/cs2news-ladies
2025-05-05,249,16343,Messitas,0,https://www.hltv.org/team/13144/messitas
2025-05-05,250,8640,Ghost,0,https://www.hltv.org/team/7801/ghost
2025-05-05,251,8635,Black Mold,0,https://www.hltv.org/team/13143/black-mold
2025-05-05,252,9325,Skinvault,0,https://www.hltv.org/team/13252/skinvault
2025-05-05,253,23679,MEGA JUNERS,0,https://www.hltv.org/team/13135/mega-juners
2025-05-05,254,24056,Reason,0,https://www.hltv.org/team/4822/reason
2025-05-05,255,22529,XI,0,https://www.hltv.org/team/8947/xi
2025-05-05,256,20166,Spray and Slay,0,https://www.hltv.org/team/13187/spray-and-slay
2025-05-05,257,21727,Akuma,0,https://www.hltv.org/team/13134/akuma
2025-05-05,258,22461,ANTARCTICA,0,https://www.hltv.org/team/13207/antarctica
2025-05-05,259,9238,thekillaz fe,0,https://www.hltv.org/team/12912/thekillaz-fe
2025-05-05,260,22110,Nyx Empyre,0,https://www.hltv.org/team/13176/nyx-empyre
2025-05-05,261,10285,nomercy fe,0,https://www.hltv.org/team/13122/nomercy-fe
2025-05-05,262,24416,Brave Bears,0,https://www.hltv.org/team/13145/brave-bears
2025-05-05,263,20529,KZG,0,https://www.hltv.org/team/12152/kzg
2025-05-05,264,14819,Blahaj,0,https://www.hltv.org/team/13202/blahaj
2025-04-28,1,7322,Vitality,1000,https://www.hltv.org/team/9565/vitality
2025-04-28,2,7716,Spirit,645,https://www.hltv.org/team/7020/spirit
2025-04-28,3,13666,MOUZ,582,https://www.hltv.org/team/4494/mouz
2025-04-28,4,9816,Natus Vincere,431,https://www.hltv.org/team/4608/natus-vincere
2025-04-28,5,150,Aurora,413,https://www.hltv.org/team/11861/aurora
2025-04-28,6,20194,The MongolZ,407,https://www.hltv.org/team/6248/the-mongolz
2025-04-28,7,2553,G2,338,https://www.hltv.org/team/5995/g2
2025-04-28,8,3741,Falcons,331,https://www.hltv.org/team/11283/falcons
2025-04-28,9,429,FaZe,269,https://www.hltv.org/team/6667/faze
2025-04-28,10,8520,Liquid,199,https://www.hltv.org/team/5973/liquid
2025-04-28,11,9278,GamerLegion,198,https://www.hltv.org/team/9928/gamerlegion
2025-04-28,12,8918,Virtus.pro,186,https://www.hltv.org/team/5378/virtuspro
2025-04-28,13,8374,3DMAX,168,https://www.hltv.org/team/4914/3dmax
2025-04-28,14,11630,Complexity,129,https://www.hltv.org/team/5005/complexity
2025-04-28,15,7592,Astralis,92,https://www.hltv.org/team/6665/astralis
2025-04-28,16,14736,paiN,78,https://www.hltv.org/team/4773/pain
2025-04-28,17,2023,FURIA,68,https://www.hltv.org/team/8297/furia
2025-04-28,18,11154,MIBR,68,https://www.hltv.org/team/9215/mibr
2025-04-28,19,630,SAW,58,https://www.hltv.org/team/10567/saw
2025-04-28,20,15370,M80,55,https://www.hltv.org/team/12376/m80
2025-04-28,21,10588,FlyQuest,53,https://www.hltv.org/team/12774/flyquest
2025-04-28,22,19164,HEROIC,46,https://www.hltv.org/team/7175/heroic
2025-04-28,23,5794,BIG,44,https://www.hltv.org/team/7532/big
2025-04-28,24,18070,Betclic,42,https://www.hltv.org/team/12916/betclic
2025-04-28,25,11840,BetBoom,39,https://www.hltv.org/team/12394/betboom
2025-04-28,26,8552,TYLOO,35,https://www.hltv.org/team/4863/tyloo
2025-04-28,27,13602,OG,33,https://www.hltv.org/team/10503/og
2025-04-28,28,19592,B8,33,https://www.hltv.org/team/11241/b8
2025-04-28,29,7028,Rare Atom,32,https://www.hltv.org/team/11514/rare-atom
2025-04-28,30,8507,Wildcard,31,https://www.hltv.org/team/12257/wildcard
2025-04-28,31,20387,Nemiga,31,https://www.hltv.org/team/7969/nemiga
2025-04-28,32,15698,Legacy,30,https://www.hltv.org/team/12468/legacy
2025-04-28,33,7412,ENCE,27,https://www.hltv.org/team/4869/ence
2025-04-28,34,12822,Imperial,25,https://www.hltv.org/team/9455/imperial
2025-04-28,35,16551,Lynn Vision,24,https://www.hltv.org/team/8840/lynn-vision
2025-04-28,36,20584,NAVI Junior,23,https://www.hltv.org/team/10371/navi-junior
2025-04-28,37,9766,Metizport,23,https://www.hltv.org/team/11641/metizport
2025-04-28,38,7687,NRG,20,https://www.hltv.org/team/6673/nrg
2025-04-28,39,7528,fnatic,19,https://www.hltv.org/team/4991/fnatic
2025-04-28,40,922,Ninjas in Pyjamas,19,https://www.hltv.org/team/4411/ninjas-in-pyjamas
2025-04-28,41,12521,Fluxo,17,https://www.hltv.org/team/11837/fluxo
2025-04-28,42,8488,SINNERS,16,https://www.hltv.org/team/10577/sinners
2025-04-28,43,13239,PARIVISION,16,https://www.hltv.org/team/12467/parivision
2025-04-28,44,14388,ECLOT,16,https://www.hltv.org/team/7441/eclot
2025-04-28,45,19229,Chinggis Warriors,15,https://www.hltv.org/team/12646/chinggis-warriors
2025-04-28,46,10961,ECSTATIC,15,https://www.hltv.org/team/11419/ecstatic
2025-04-28,47,22643,TNL,15,https://www.hltv.org/team/12833/tnl
2025-04-28,48,18706,BLUEJAYS,15,https://www.hltv.org/team/5347/bluejays
2025-04-28,49,15072,The Huns,15,https://www.hltv.org/team/12510/the-huns
2025-04-28,50,9618,BC.Game,14,https://www.hltv.org/team/12878/bcgame
2025-04-28,51,20558,Sharks,14,https://www.hltv.org/team/8113/sharks
2025-04-28,52,12004,Astrum,14,https://www.hltv.org/team/13235/astrum
2025-04-28,53,10892,Getting Info,14,https://www.hltv.org/team/13106/getting-info
2025-04-28,54,2161,BESTIA,14,https://www.hltv.org/team/12144/bestia
2025-04-28,55,2898,9INE,13,https://www.hltv.org/team/10278/9ine
2025-04-28,56,11217,500,13,https://www.hltv.org/team/12000/500
2025-04-28,57,7805,Nouns,13,https://www.hltv.org/team/11948/nouns
2025-04-28,58,2476,Partizan,12,https://www.hltv.org/team/11838/partizan
2025-04-28,59,22864,Spirit Academy,12,https://www.hltv.org/team/7900/spirit-academy
2025-04-28,60,14390,ODDIK,11,https://www.hltv.org/team/11768/oddik
2025-04-28,61,12793,Fisher College,11,https://www.hltv.org/team/12769/fisher-college
2025-04-28,62,18752,HOTU,11,https://www.hltv.org/team/11581/hotu
2025-04-28,63,13240,GUN5,11,https://www.hltv.org/team/12471/gun5
2025-04-28,64,5351,Zero Tenacity,10,https://www.hltv.org/team/11523/zero-tenacity
2025-04-28,65,19591,LFO 4,10,https://www.hltv.org/team/13219/lfo-4
2025-04-28,66,13843,Sashi,10,https://www.hltv.org/team/11712/sashi
2025-04-28,67,9483,Solid,10,https://www.hltv.org/team/12233/solid
2025-04-28,68,12937,Marsborne,9,https://www.hltv.org/team/13124/marsborne
2025-04-28,69,1206,Nexus,9,https://www.hltv.org/team/7187/nexus
2025-04-28,70,11139,SemperFi,9,https://www.hltv.org/team/12901/semperfi
2025-04-28,71,3459,RUSH B,9,https://www.hltv.org/team/12559/rush-b
2025-04-28,72,12092,9z,9,https://www.hltv.org/team/9996/9z
2025-04-28,73,8371,Iberian Soul,9,https://www.hltv.org/team/13104/iberian-soul
2025-04-28,74,20421,Leo,9,https://www.hltv.org/team/11446/leo
2025-04-28,75,10449,JiJieHao,8,https://www.hltv.org/team/10245/jijiehao
2025-04-28,76,9656,Monte,8,https://www.hltv.org/team/11811/monte
2025-04-28,77,8503,Mythic,8,https://www.hltv.org/team/5479/mythic
2025-04-28,78,17508,CYBERSHOKE,8,https://www.hltv.org/team/12380/cybershoke
2025-04-28,79,21431,AMKAL,8,https://www.hltv.org/team/12586/amkal
2025-04-28,80,18638,Eruption,8,https://www.hltv.org/team/12097/eruption
2025-04-28,81,16885,Passion UA,8,https://www.hltv.org/team/12426/passion-ua
2025-04-28,82,14799,Vagrants,8,https://www.hltv.org/team/12611/vagrants
2025-04-28,83,16835,Swingers,7,https://www.hltv.org/team/13109/swingers
2025-04-28,84,7996,WildLotus,7,https://www.hltv.org/team/13184/wildlotus
2025-04-28,85,18150,NomadS,7,https://www.hltv.org/team/12900/nomads
2025-04-28,86,9216,RED Canids,7,https://www.hltv.org/team/7176/red-canids
2025-04-28,87,19123,SUPER EVIL GANG,7,https://www.hltv.org/team/13177/super-evil-gang
2025-04-28,88,13250,Party Astronauts,7,https://www.hltv.org/team/8038/party-astronauts
2025-04-28,89,8891,Tricked,6,https://www.hltv.org/team/4602/tricked
2025-04-28,90,11940,NOVAQ,6,https://www.hltv.org/team/13178/novaq
2025-04-28,91,9255,Johnny Speeds,6,https://www.hltv.org/team/12604/johnny-speeds
2025-04-28,92,12588,ex-TALON,6,https://www.hltv.org/team/13212/ex-talon
2025-04-28,93,22998,FengDa,6,https://www.hltv.org/team/12899/fengda
2025-04-28,94,20956,RUBY,6,https://www.hltv.org/team/12694/ruby
2025-04-28,95,8212,Fire Flux,6,https://www.hltv.org/team/12960/fire-flux
2025-04-28,96,13689,Bad News Capybaras,6,https://www.hltv.org/team/13112/bad-news-capybaras
2025-04-28,97,17316,Betera,6,https://www.hltv.org/team/12431/betera
2025-04-28,98,10827,GameHunters,6,https://www.hltv.org/team/12988/gamehunters
2025-04-28,99,18510,Insilio,6,https://www.hltv.org/team/12124/insilio
2025-04-28,100,12877,Rooster,6,https://www.hltv.org/team/9881/rooster
2025-04-28,101,23001,Change The Game,6,https://www.hltv.org/team/13175/change-the-game
2025-04-28,102,16768,DogEvil,6,https://www.hltv.org/team/13148/dogevil
2025-04-28,103,8598,Just Swing,5,https://www.hltv.org/team/13053/just-swing
2025-04-28,104,21397,THE,5,https://www.hltv.org/team/12955/the
2025-04-28,105,18442,Chicken Coop,5,https://www.hltv.org/team/13107/chicken-coop
2025-04-28,106,16147,kONO,5,https://www.hltv.org/team/12858/kono
2025-04-28,107,13618,Young Ninjas,5,https://www.hltv.org/team/10960/young-ninjas
2025-04-28,108,12872,Housebets,5,https://www.hltv.org/team/12921/housebets
2025-04-28,109,23223,Immigrants peek,5,https://www.hltv.org/team/13067/immigrants-peek
2025-04-28,110,16814,Flamengo,5,https://www.hltv.org/team/12065/flamengo
2025-04-28,111,12102,MIGHT,5,https://www.hltv.org/team/12483/might
2025-04-28,112,3669,Rebels,5,https://www.hltv.org/team/12642/rebels
2025-04-28,113,284,GenOne,5,https://www.hltv.org/team/11609/genone
2025-04-28,114,2131,FAVBET,5,https://www.hltv.org/team/12818/favbet
2025-04-28,115,13046,Daaku,5,https://www.hltv.org/team/13229/daaku
2025-04-28,116,9108,Mindfreak,5,https://www.hltv.org/team/11668/mindfreak
2025-04-28,117,15118,GhoulsW,5,https://www.hltv.org/team/12377/ghoulsw
2025-04-28,118,12777,Kubix,5,https://www.hltv.org/team/12847/kubix
2025-04-28,119,6593,2GAME,5,https://www.hltv.org/team/12491/2game
2025-04-28,120,22544,Take Flyte,4,https://www.hltv.org/team/11660/take-flyte
2025-04-28,121,20258,NinJa,4,https://www.hltv.org/team/13211/ninja
2025-04-28,122,17305,benched,4,https://www.hltv.org/team/11138/benched
2025-04-28,123,9221,KRÜ,4,https://www.hltv.org/team/10900/kr
2025-04-28,124,22408,LFO 2,4,https://www.hltv.org/team/13114/lfo-2
2025-04-28,125,22459,Chimera,4,https://www.hltv.org/team/13098/chimera
2025-04-28,126,10938,Astralis Talent,4,https://www.hltv.org/team/10954/astralis-talent
2025-04-28,127,21445,Hesta,4,https://www.hltv.org/team/13153/hesta
2025-04-28,128,14010,NITRO,4,https://www.hltv.org/team/12915/nitro
2025-04-28,129,20475,SABRE,4,https://www.hltv.org/team/13250/sabre
2025-04-28,130,12094,Dusty Roots,4,https://www.hltv.org/team/12548/dusty-roots
2025-04-28,131,23809,GATERON,4,https://www.hltv.org/team/13102/gateron
2025-04-28,132,3849,EYEBALLERS,4,https://www.hltv.org/team/11737/eyeballers
2025-04-28,133,24751,Exusiai,4,https://www.hltv.org/team/13243/exusiai
2025-04-28,134,8528,1win,4,https://www.hltv.org/team/10621/1win
2025-04-28,135,1646,Imperial Valkyries,4,https://www.hltv.org/team/12828/imperial-valkyries
2025-04-28,136,24310,XDM,4,https://www.hltv.org/team/13242/xdm
2025-04-28,137,14394,Bounty Hunters,4,https://www.hltv.org/team/12776/bounty-hunters
2025-04-28,138,24984,Reverse Sweep,4,https://www.hltv.org/team/13244/reverse-sweep
2025-04-28,139,19133,Gods Reign,4,https://www.hltv.org/team/12415/gods-reign
2025-04-28,140,19872,ShindeN,4,https://www.hltv.org/team/12959/shinden
2025-04-28,141,7443,Alliance,4,https://www.hltv.org/team/12474/alliance
2025-04-28,142,12945,Sangal,4,https://www.hltv.org/team/10333/sangal
2025-04-28,143,22430,Nuclear TigeRES,4,https://www.hltv.org/team/13027/nuclear-tigeres
2025-04-28,144,10774,Only One Word,4,https://www.hltv.org/team/11263/only-one-word
2025-04-28,145,20572,Akimbo,4,https://www.hltv.org/team/12567/akimbo
2025-04-28,146,12317,Maestro,4,https://www.hltv.org/team/7848/maestro
2025-04-28,147,20330,InControl,3,https://www.hltv.org/team/7720/incontrol
2025-04-28,148,9214,Marca Registrada,3,https://www.hltv.org/team/12927/marca-registrada
2025-04-28,149,15203,ESC,3,https://www.hltv.org/team/4532/esc
2025-04-28,150,24081,QMISTRY,3,https://www.hltv.org/team/13245/qmistry
2025-04-28,151,19857,Tsunami,3,https://www.hltv.org/team/12180/tsunami
2025-04-28,152,16581,Supernova Comets,3,https://www.hltv.org/team/13146/supernova-comets
2025-04-28,153,15818,UNiTY,3,https://www.hltv.org/team/12267/unity
2025-04-28,154,23316,RAGE,3,https://www.hltv.org/team/12996/rage
2025-04-28,155,21575,HEROIC Academy,3,https://www.hltv.org/team/13233/heroic-academy
2025-04-28,156,21023,PCIFIC,3,https://www.hltv.org/team/13054/pcific
2025-04-28,157,18447,ARCRED,3,https://www.hltv.org/team/10459/arcred
2025-04-28,158,24646,Delta,3,https://www.hltv.org/team/13057/delta
2025-04-28,159,11532,LOBOARMY,3,https://www.hltv.org/team/13198/loboarmy
2025-04-28,160,22589,regain,3,https://www.hltv.org/team/12554/regain
2025-04-28,161,9144,MANTRA,3,https://www.hltv.org/team/12472/mantra
2025-04-28,162,15062,IHC,3,https://www.hltv.org/team/11585/ihc
2025-04-28,163,18989,DEPO,3,https://www.hltv.org/team/12536/depo
2025-04-28,164,21988,Leça,3,https://www.hltv.org/team/13210/lea
2025-04-28,165,8943,Shika,3,https://www.hltv.org/team/13147/shika
2025-04-28,166,21367,FORZE Reload,3,https://www.hltv.org/team/12857/forze-reload
2025-04-28,167,13170,CPH Wolves,3,https://www.hltv.org/team/4548/cph-wolves
2025-04-28,168,17997,LaChampionsLiga,3,https://www.hltv.org/team/12789/lachampionsliga
2025-04-28,169,22364,Yawara,3,https://www.hltv.org/team/11933/yawara
2025-04-28,170,20018,Wildcard Academy,3,https://www.hltv.org/team/13127/wildcard-academy
2025-04-28,171,16865,Wanted Goons,3,https://www.hltv.org/team/12971/wanted-goons
2025-04-28,172,16167,ScarX,3,https://www.hltv.org/team/13217/scarx
2025-04-28,173,14094,Portuguese Family,3,https://www.hltv.org/team/11862/portuguese-family
2025-04-28,174,19831,América,3,https://www.hltv.org/team/4326/amrica
2025-04-28,175,20815,8Sins,3,https://www.hltv.org/team/13024/8sins
2025-04-28,176,24024,GENESIS,3,https://www.hltv.org/team/13076/genesis
2025-04-28,177,20677,ENCE Academy,3,https://www.hltv.org/team/11790/ence-academy
2025-04-28,178,22035,Lazer Cats,3,https://www.hltv.org/team/12087/lazer-cats
2025-04-28,179,16661,Players,3,https://www.hltv.org/team/11711/players
2025-04-28,180,11739,W7M,2,https://www.hltv.org/team/8574/w7m
2025-04-28,181,23386,ALLINNERS,2,https://www.hltv.org/team/12812/allinners
2025-04-28,182,21100,Elevate,2,https://www.hltv.org/team/5775/elevate
2025-04-28,183,695,JANO,2,https://www.hltv.org/team/11827/jano
2025-04-28,184,22410,harizma,2,https://www.hltv.org/team/13115/harizma
2025-04-28,185,12708,Bad News Eagles,2,https://www.hltv.org/team/11518/bad-news-eagles
2025-04-28,186,9325,ex-Heimo,2,https://www.hltv.org/team/13203/ex-heimo
2025-04-28,187,23160,Worms,2,https://www.hltv.org/team/13218/worms
2025-04-28,188,20521,Galorys,2,https://www.hltv.org/team/12677/galorys
2025-04-28,189,8850,FlyQuest RED,2,https://www.hltv.org/team/12301/flyquest-red
2025-04-28,190,17087,SKYFURY,2,https://www.hltv.org/team/12982/skyfury
2025-04-28,191,9298,1ADL,2,https://www.hltv.org/team/10912/1adl
2025-04-28,192,6553,Tropa do KinGui,2,https://www.hltv.org/team/13151/tropa-do-kingui
2025-04-28,193,11872,FURIA fe,2,https://www.hltv.org/team/10976/furia-fe
2025-04-28,194,14242,WOPA,2,https://www.hltv.org/team/12787/wopa
2025-04-28,195,23585,Floripa Stars,2,https://www.hltv.org/team/12867/floripa-stars
2025-04-28,196,22566,paiN Academy,2,https://www.hltv.org/team/11905/pain-academy
2025-04-28,197,6536,BURN,2,https://www.hltv.org/team/13228/burn
2025-04-28,198,21775,LFO 3,2,https://www.hltv.org/team/13154/lfo-3
2025-04-28,199,8151,Preasy,2,https://www.hltv.org/team/12334/preasy
2025-04-28,200,798,Inner Circle,2,https://www.hltv.org/team/13117/inner-circle
2025-04-28,201,20320,Underground,2,https://www.hltv.org/team/12707/underground
2025-04-28,202,24878,seoul,2,https://www.hltv.org/team/13194/seoul
2025-04-28,203,19575,K27,2,https://www.hltv.org/team/12895/k27
2025-04-28,204,20071,M1,2,https://www.hltv.org/team/11034/m1
2025-04-28,205,10499,VELOX,2,https://www.hltv.org/team/10978/velox
2025-04-28,206,17450,Nordix,2,https://www.hltv.org/team/12766/nordix
2025-04-28,207,21213,BASEMENT BOYS,2,https://www.hltv.org/team/13181/basement-boys
2025-04-28,208,19563,Flshbck,2,https://www.hltv.org/team/13189/flshbck
2025-04-28,209,16861,Viperio,2,https://www.hltv.org/team/9506/viperio
2025-04-28,210,15732,Eternal Fire Academy,2,https://www.hltv.org/team/11458/eternal-fire-academy
2025-04-28,211,22811,Kronjyllands,2,https://www.hltv.org/team/12797/kronjyllands
2025-04-28,212,23680,-72c,1,https://www.hltv.org/team/12546/72c
2025-04-28,213,18146,The QUBE,1,https://www.hltv.org/team/12825/the-qube
2025-04-28,214,20029,MIBR Academy,1,https://www.hltv.org/team/3044/mibr-academy
2025-04-28,215,16971,Volt,1,https://www.hltv.org/team/13090/volt
2025-04-28,216,9818,HAVU,1,https://www.hltv.org/team/7865/havu
2025-04-28,217,1656,Prototype Blaze,1,https://www.hltv.org/team/13133/prototype-blaze
2025-04-28,218,16341,MIBR fe,1,https://www.hltv.org/team/10975/mibr-fe
2025-04-28,219,23637,VP.Prodigy,1,https://www.hltv.org/team/10864/vpprodigy
2025-04-28,220,3329,Lilmix,1,https://www.hltv.org/team/9735/lilmix
2025-04-28,221,16764,BIG EQUIPA,1,https://www.hltv.org/team/11718/big-equipa
2025-04-28,222,22889,Lumen fe,1,https://www.hltv.org/team/12913/lumen-fe
2025-04-28,223,12898,Victores Sumus,1,https://www.hltv.org/team/12929/victores-sumus
2025-04-28,224,20683,Rhyno,1,https://www.hltv.org/team/10947/rhyno
2025-04-28,225,8726,Twenty Seven,1,https://www.hltv.org/team/13236/twenty-seven
2025-04-28,226,5187,Steel Helmet,1,https://www.hltv.org/team/11273/steel-helmet
2025-04-28,227,20199,SPARTA,1,https://www.hltv.org/team/13214/sparta
2025-04-28,228,20351,KZG,1,https://www.hltv.org/team/12152/kzg
2025-04-28,229,10730,777,1,https://www.hltv.org/team/10943/777
2025-04-28,230,2498,Martians,1,https://www.hltv.org/team/13230/martians
2025-04-28,231,19998,O PLANO,1,https://www.hltv.org/team/10994/o-plano
2025-04-28,232,1572,NIP Impact,1,https://www.hltv.org/team/11917/nip-impact
2025-04-28,233,16851,Nii Kerge,1,https://www.hltv.org/team/13078/nii-kerge
2025-04-28,234,19973,2070,1,https://www.hltv.org/team/13052/2070
2025-04-28,235,20281,Anonymo,1,https://www.hltv.org/team/10973/anonymo
2025-04-28,236,19297,RUSTEC,1,https://www.hltv.org/team/12834/rustec
2025-04-28,237,17916,Aether,1,https://www.hltv.org/team/12908/aether
2025-04-28,238,22940,Prestige,1,https://www.hltv.org/team/13159/prestige
2025-04-28,239,21909,undeRRRated,1,https://www.hltv.org/team/13225/underrrated
2025-04-28,240,18229,DMS,1,https://www.hltv.org/team/12747/dms
2025-04-28,241,7653,Eco Warriors,1,https://www.hltv.org/team/13121/eco-warriors
2025-04-28,242,17071,Nouns fe,1,https://www.hltv.org/team/12556/nouns-fe
2025-04-28,243,9616,MINLATE,1,https://www.hltv.org/team/6626/minlate
2025-04-28,244,23204,BRUTE,1,https://www.hltv.org/team/9139/brute
2025-04-28,245,16349,Lausanne,1,https://www.hltv.org/team/11645/lausanne
2025-04-28,246,9521,ATOX,1,https://www.hltv.org/team/12312/atox
2025-04-28,247,23050,AKA HERO KAJO,1,https://www.hltv.org/team/13142/aka-hero-kajo
2025-04-28,248,20503,Quem Sao Elas,1,https://www.hltv.org/team/11756/quem-sao-elas
2025-04-28,249,18783,Let Her Cook,1,https://www.hltv.org/team/12421/let-her-cook
2025-04-28,250,8640,Ghost,1,https://www.hltv.org/team/7801/ghost
2025-04-28,251,8635,Black Mold,1,https://www.hltv.org/team/13143/black-mold
2025-04-28,252,23744,st4rboys,1,https://www.hltv.org/team/12983/st4rboys
2025-04-28,253,22775,Justice For Tomorrow,0,https://www.hltv.org/team/13113/justice-for-tomorrow
2025-04-28,254,22308,X7,0,https://www.hltv.org/team/13227/x7
2025-04-28,255,23276,M1Z,0,https://www.hltv.org/team/13079/m1z
2025-04-28,256,18774,CS2News Ladies,0,https://www.hltv.org/team/13168/cs2news-ladies
2025-04-28,257,21727,Akuma,0,https://www.hltv.org/team/13134/akuma
2025-04-28,258,9238,thekillaz fe,0,https://www.hltv.org/team/12912/thekillaz-fe
2025-04-28,259,16343,Messitas,0,https://www.hltv.org/team/13144/messitas
2025-04-28,260,24056,Reason,0,https://www.hltv.org/team/4822/reason
2025-04-28,261,23679,MEGA JUNERS,0,https://www.hltv.org/team/13135/mega-juners
2025-04-28,262,22529,XI,0,https://www.hltv.org/team/8947/xi
2025-04-28,263,20166,Spray and Slay,0,https://www.hltv.org/team/13187/spray-and-slay
2025-04-28,264,22461,ANTARCTICA,0,https://www.hltv.org/team/13207/antarctica
2025-04-28,265,22110,Nyx Empyre,0,https://www.hltv.org/team/13176/nyx-empyre
2025-04-28,266,10285,nomercy fe,0,https://www.hltv.org/team/13122/nomercy-fe
2025-04-28,267,24416,Brave Bears,0,https://www.hltv.org/team/13145/brave-bears
2025-04-28,268,14819,Blahaj,0,https://www.hltv.org/team/13202/blahaj
2025-04-21,1,7322,Vitality,1000,https://www.hltv.org/team/9565/vitality
2025-04-21,2,7716,Spirit,849,https://www.hltv.org/team/7020/spirit
2025-04-21,3,13666,MOUZ,629,https://www.hltv.org/team/4494/mouz
2025-04-21,4,150,Aurora,544,https://www.hltv.org/team/11861/aurora
2025-04-21,5,9816,Natus Vincere,534,https://www.hltv.org/team/4608/natus-vincere
2025-04-21,6,2553,G2,430,https://www.hltv.org/team/5995/g2
2025-04-21,7,20194,The MongolZ,419,https://www.hltv.org/team/6248/the-mongolz
2025-04-21,8,429,FaZe,303,https://www.hltv.org/team/6667/faze
2025-04-21,9,3741,Falcons,254,https://www.hltv.org/team/11283/falcons
2025-04-21,10,8918,Virtus.pro,233,https://www.hltv.org/team/5378/virtuspro
2025-04-21,11,8374,3DMAX,198,https://www.hltv.org/team/4914/3dmax
2025-04-21,12,9278,GamerLegion,188,https://www.hltv.org/team/9928/gamerlegion
2025-04-21,13,8520,Liquid,164,https://www.hltv.org/team/5973/liquid
2025-04-21,14,11630,Complexity,138,https://www.hltv.org/team/5005/complexity
2025-04-21,15,7592,Astralis,134,https://www.hltv.org/team/6665/astralis
2025-04-21,16,2023,FURIA,103,https://www.hltv.org/team/8297/furia
2025-04-21,17,18141,paiN,101,https://www.hltv.org/team/4773/pain
2025-04-21,18,630,SAW,88,https://www.hltv.org/team/10567/saw
2025-04-21,19,15370,M80,80,https://www.hltv.org/team/12376/m80
2025-04-21,20,11154,MIBR,75,https://www.hltv.org/team/9215/mibr
2025-04-21,21,8552,TYLOO,62,https://www.hltv.org/team/4863/tyloo
2025-04-21,22,19164,HEROIC,56,https://www.hltv.org/team/7175/heroic
2025-04-21,23,18070,Betclic,52,https://www.hltv.org/team/12916/betclic
2025-04-21,24,5794,BIG,49,https://www.hltv.org/team/7532/big
2025-04-21,25,11840,BetBoom,46,https://www.hltv.org/team/12394/betboom
2025-04-21,26,10588,FlyQuest,44,https://www.hltv.org/team/12774/flyquest
2025-04-21,27,20387,Nemiga,41,https://www.hltv.org/team/7969/nemiga
2025-04-21,28,13602,OG,40,https://www.hltv.org/team/10503/og
2025-04-21,29,8507,Wildcard,39,https://www.hltv.org/team/12257/wildcard
2025-04-21,30,7028,Rare Atom,39,https://www.hltv.org/team/11514/rare-atom
2025-04-21,31,15698,Legacy,38,https://www.hltv.org/team/12468/legacy
2025-04-21,32,19592,B8,37,https://www.hltv.org/team/11241/b8
2025-04-21,33,16551,Lynn Vision,35,https://www.hltv.org/team/8840/lynn-vision
2025-04-21,34,12822,Imperial,33,https://www.hltv.org/team/9455/imperial
2025-04-21,35,20584,NAVI Junior,33,https://www.hltv.org/team/10371/navi-junior
2025-04-21,36,7412,ENCE,32,https://www.hltv.org/team/4869/ence
2025-04-21,37,7687,NRG,27,https://www.hltv.org/team/6673/nrg
2025-04-21,38,9766,Metizport,26,https://www.hltv.org/team/11641/metizport
2025-04-21,39,7528,fnatic,23,https://www.hltv.org/team/4991/fnatic
2025-04-21,40,12027,9 Pandas,23,https://www.hltv.org/team/11883/9-pandas
2025-04-21,41,8248,BC.Game,21,https://www.hltv.org/team/12878/bcgame
2025-04-21,42,12521,Fluxo,21,https://www.hltv.org/team/11837/fluxo
2025-04-21,43,13239,PARIVISION,20,https://www.hltv.org/team/12467/parivision
2025-04-21,44,10961,ECSTATIC,20,https://www.hltv.org/team/11419/ecstatic
2025-04-21,45,18706,BLUEJAYS,20,https://www.hltv.org/team/5347/bluejays
2025-04-21,46,11217,500,19,https://www.hltv.org/team/12000/500
2025-04-21,47,8488,SINNERS,18,https://www.hltv.org/team/10577/sinners
2025-04-21,48,14388,ECLOT,18,https://www.hltv.org/team/7441/eclot
2025-04-21,49,19229,Chinggis Warriors,18,https://www.hltv.org/team/12646/chinggis-warriors
2025-04-21,50,15072,The Huns,18,https://www.hltv.org/team/12510/the-huns
2025-04-21,51,10892,Getting Info,17,https://www.hltv.org/team/13106/getting-info
2025-04-21,52,22643,TNL,16,https://www.hltv.org/team/12833/tnl
2025-04-21,53,2161,BESTIA,16,https://www.hltv.org/team/12144/bestia
2025-04-21,54,22864,Spirit Academy,16,https://www.hltv.org/team/7900/spirit-academy
2025-04-21,55,7805,Nouns,16,https://www.hltv.org/team/11948/nouns
2025-04-21,56,2898,9INE,16,https://www.hltv.org/team/10278/9ine
2025-04-21,57,12937,Marsborne,15,https://www.hltv.org/team/13124/marsborne
2025-04-21,58,922,Ninjas in Pyjamas,15,https://www.hltv.org/team/4411/ninjas-in-pyjamas
2025-04-21,59,14390,ODDIK,14,https://www.hltv.org/team/11768/oddik
2025-04-21,60,8371,Iberian Soul,14,https://www.hltv.org/team/13104/iberian-soul
2025-04-21,61,20558,Sharks,14,https://www.hltv.org/team/8113/sharks
2025-04-21,62,13240,GUN5,13,https://www.hltv.org/team/12471/gun5
2025-04-21,63,5351,Zero Tenacity,13,https://www.hltv.org/team/11523/zero-tenacity
2025-04-21,64,17508,CYBERSHOKE,13,https://www.hltv.org/team/12380/cybershoke
2025-04-21,65,18752,HOTU,13,https://www.hltv.org/team/11581/hotu
2025-04-21,66,2476,Partizan,13,https://www.hltv.org/team/11838/partizan
2025-04-21,67,19591,LFO 4,12,https://www.hltv.org/team/13219/lfo-4
2025-04-21,68,9483,Solid,12,https://www.hltv.org/team/12233/solid
2025-04-21,69,20421,Leo,11,https://www.hltv.org/team/11446/leo
2025-04-21,70,11139,SemperFi,11,https://www.hltv.org/team/12901/semperfi
2025-04-21,71,12793,Fisher College,11,https://www.hltv.org/team/12769/fisher-college
2025-04-21,72,12092,9z,11,https://www.hltv.org/team/9996/9z
2025-04-21,73,18638,Eruption,11,https://www.hltv.org/team/12097/eruption
2025-04-21,74,1206,Nexus,11,https://www.hltv.org/team/7187/nexus
2025-04-21,75,9108,Mindfreak,10,https://www.hltv.org/team/11668/mindfreak
2025-04-21,76,13843,Sashi,10,https://www.hltv.org/team/11712/sashi
2025-04-21,77,8503,Mythic,10,https://www.hltv.org/team/5479/mythic
2025-04-21,78,21431,AMKAL,10,https://www.hltv.org/team/12586/amkal
2025-04-21,79,14799,Vagrants,10,https://www.hltv.org/team/12611/vagrants
2025-04-21,80,9656,Monte,10,https://www.hltv.org/team/11811/monte
2025-04-21,81,3459,RUSH B,10,https://www.hltv.org/team/12559/rush-b
2025-04-21,82,16835,Swingers,10,https://www.hltv.org/team/13109/swingers
2025-04-21,83,10449,JiJieHao,9,https://www.hltv.org/team/10245/jijiehao
2025-04-21,84,12872,Housebets,9,https://www.hltv.org/team/12921/housebets
2025-04-21,85,19123,SUPER EVIL GANG,9,https://www.hltv.org/team/13177/super-evil-gang
2025-04-21,86,2131,FAVBET,9,https://www.hltv.org/team/12818/favbet
2025-04-21,87,17316,Betera,9,https://www.hltv.org/team/12431/betera
2025-04-21,88,9521,ATOX,9,https://www.hltv.org/team/12312/atox
2025-04-21,89,13689,Bad News Capybaras,8,https://www.hltv.org/team/13112/bad-news-capybaras
2025-04-21,90,16814,Flamengo,8,https://www.hltv.org/team/12065/flamengo
2025-04-21,91,22998,FengDa,8,https://www.hltv.org/team/12899/fengda
2025-04-21,92,12588,ex-TALON,8,https://www.hltv.org/team/13212/ex-talon
2025-04-21,93,9216,RED Canids,8,https://www.hltv.org/team/7176/red-canids
2025-04-21,94,11940,NOVAQ,8,https://www.hltv.org/team/13178/novaq
2025-04-21,95,7996,WildLotus,8,https://www.hltv.org/team/13184/wildlotus
2025-04-21,96,9255,Johnny Speeds,8,https://www.hltv.org/team/12604/johnny-speeds
2025-04-21,97,16768,DogEvil,8,https://www.hltv.org/team/13148/dogevil
2025-04-21,98,8212,Fire Flux,8,https://www.hltv.org/team/12960/fire-flux
2025-04-21,99,13250,Party Astronauts,8,https://www.hltv.org/team/8038/party-astronauts
2025-04-21,100,12877,Rooster,8,https://www.hltv.org/team/9881/rooster
2025-04-21,101,22544,Take Flyte,7,https://www.hltv.org/team/11660/take-flyte
2025-04-21,102,20956,RUBY,7,https://www.hltv.org/team/12694/ruby
2025-04-21,103,18510,Insilio,7,https://www.hltv.org/team/12124/insilio
2025-04-21,104,19133,Gods Reign,7,https://www.hltv.org/team/12415/gods-reign
2025-04-21,105,12102,MIGHT,7,https://www.hltv.org/team/12483/might
2025-04-21,106,21397,THE,7,https://www.hltv.org/team/12955/the
2025-04-21,107,8891,Tricked,7,https://www.hltv.org/team/4602/tricked
2025-04-21,108,16885,Passion UA,7,https://www.hltv.org/team/12426/passion-ua
2025-04-21,109,23809,GATERON,7,https://www.hltv.org/team/13102/gateron
2025-04-21,110,8598,Just Swing,6,https://www.hltv.org/team/13053/just-swing
2025-04-21,111,18150,NomadS,6,https://www.hltv.org/team/12900/nomads
2025-04-21,112,7443,Alliance,6,https://www.hltv.org/team/12474/alliance
2025-04-21,113,13618,Young Ninjas,6,https://www.hltv.org/team/10960/young-ninjas
2025-04-21,114,3849,EYEBALLERS,6,https://www.hltv.org/team/11737/eyeballers
2025-04-21,115,14394,Bounty Hunters,6,https://www.hltv.org/team/12776/bounty-hunters
2025-04-21,116,23223,Immigrants peek,6,https://www.hltv.org/team/13067/immigrants-peek
2025-04-21,117,22459,Chimera,6,https://www.hltv.org/team/13098/chimera
2025-04-21,118,18442,Chicken Coop,6,https://www.hltv.org/team/13107/chicken-coop
2025-04-21,119,12094,Dusty Roots,6,https://www.hltv.org/team/12548/dusty-roots
2025-04-21,120,284,GenOne,6,https://www.hltv.org/team/11609/genone
2025-04-21,121,12945,Sangal,6,https://www.hltv.org/team/10333/sangal
2025-04-21,122,3669,Rebels,6,https://www.hltv.org/team/12642/rebels
2025-04-21,123,10827,GameHunters,6,https://www.hltv.org/team/12988/gamehunters
2025-04-21,124,15118,GhoulsW,6,https://www.hltv.org/team/12377/ghoulsw
2025-04-21,125,6593,2GAME,6,https://www.hltv.org/team/12491/2game
2025-04-21,126,20167,NEVERMORE,5,https://www.hltv.org/team/13157/nevermore
2025-04-21,127,17305,benched,5,https://www.hltv.org/team/11138/benched
2025-04-21,128,16102,GTZ,5,https://www.hltv.org/team/9466/gtz
2025-04-21,129,9221,KRÜ,5,https://www.hltv.org/team/10900/kr
2025-04-21,130,22408,LFO 2,5,https://www.hltv.org/team/13114/lfo-2
2025-04-21,131,16147,kONO,5,https://www.hltv.org/team/12858/kono
2025-04-21,132,10774,Only One Word,5,https://www.hltv.org/team/11263/only-one-word
2025-04-21,133,18447,ARCRED,5,https://www.hltv.org/team/10459/arcred
2025-04-21,134,20572,Akimbo,5,https://www.hltv.org/team/12567/akimbo
2025-04-21,135,1646,Imperial Valkyries,5,https://www.hltv.org/team/12828/imperial-valkyries
2025-04-21,136,16581,Supernova Comets,5,https://www.hltv.org/team/13146/supernova-comets
2025-04-21,137,21445,Hesta,5,https://www.hltv.org/team/13153/hesta
2025-04-21,138,10938,Astralis Talent,5,https://www.hltv.org/team/10954/astralis-talent
2025-04-21,139,19872,ShindeN,5,https://www.hltv.org/team/12959/shinden
2025-04-21,140,14010,NITRO,5,https://www.hltv.org/team/12915/nitro
2025-04-21,141,16865,Wanted Goons,5,https://www.hltv.org/team/12971/wanted-goons
2025-04-21,142,8528,1win,5,https://www.hltv.org/team/10621/1win
2025-04-21,143,13170,CPH Wolves,5,https://www.hltv.org/team/4548/cph-wolves
2025-04-21,144,12777,Kubix,5,https://www.hltv.org/team/12847/kubix
2025-04-21,145,20258,NinJa,5,https://www.hltv.org/team/13211/ninja
2025-04-21,146,22430,Nuclear TigeRES,5,https://www.hltv.org/team/13027/nuclear-tigeres
2025-04-21,147,23316,Spray Jutsu,4,https://www.hltv.org/team/13204/spray-jutsu
2025-04-21,148,9214,Marca Registrada,4,https://www.hltv.org/team/12927/marca-registrada
2025-04-21,149,15203,ESC,4,https://www.hltv.org/team/4532/esc
2025-04-21,150,3329,Lilmix,4,https://www.hltv.org/team/9735/lilmix
2025-04-21,151,24081,QMISTRY,4,https://www.hltv.org/team/13245/qmistry
2025-04-21,152,19857,Tsunami,4,https://www.hltv.org/team/12180/tsunami
2025-04-21,153,20018,Wildcard Academy,4,https://www.hltv.org/team/13127/wildcard-academy
2025-04-21,154,21023,PCIFIC,4,https://www.hltv.org/team/13054/pcific
2025-04-21,155,20330,InControl,4,https://www.hltv.org/team/7720/incontrol
2025-04-21,156,23001,Change The Game,4,https://www.hltv.org/team/13175/change-the-game
2025-04-21,157,22589,regain,4,https://www.hltv.org/team/12554/regain
2025-04-21,158,24646,Delta,4,https://www.hltv.org/team/13057/delta
2025-04-21,159,11532,LOBOARMY,4,https://www.hltv.org/team/13198/loboarmy
2025-04-21,160,12708,Bad News Eagles,4,https://www.hltv.org/team/11518/bad-news-eagles
2025-04-21,161,15062,IHC,4,https://www.hltv.org/team/11585/ihc
2025-04-21,162,18989,DEPO,4,https://www.hltv.org/team/12536/depo
2025-04-21,163,8726,Twenty Seven,4,https://www.hltv.org/team/13236/twenty-seven
2025-04-21,164,8943,Shika,4,https://www.hltv.org/team/13147/shika
2025-04-21,165,9144,MANTRA,4,https://www.hltv.org/team/12472/mantra
2025-04-21,166,22364,Yawara,4,https://www.hltv.org/team/11933/yawara
2025-04-21,167,12612,UNiTY,4,https://www.hltv.org/team/12267/unity
2025-04-21,168,21988,Leça,4,https://www.hltv.org/team/13210/lea
2025-04-21,169,17997,LaChampionsLiga,4,https://www.hltv.org/team/12789/lachampionsliga
2025-04-21,170,21100,Elevate,3,https://www.hltv.org/team/5775/elevate
2025-04-21,171,16167,ScarX,3,https://www.hltv.org/team/13217/scarx
2025-04-21,172,21367,FORZE Reload,3,https://www.hltv.org/team/12857/forze-reload
2025-04-21,173,19831,América,3,https://www.hltv.org/team/4326/amrica
2025-04-21,174,20815,8Sins,3,https://www.hltv.org/team/13024/8sins
2025-04-21,175,22035,Lazer Cats,3,https://www.hltv.org/team/12087/lazer-cats
2025-04-21,176,11739,W7M,3,https://www.hltv.org/team/8574/w7m
2025-04-21,177,23680,-72c,3,https://www.hltv.org/team/12546/72c
2025-04-21,178,23386,ALLINNERS,3,https://www.hltv.org/team/12812/allinners
2025-04-21,179,695,JANO,3,https://www.hltv.org/team/11827/jano
2025-04-21,180,16661,Players,3,https://www.hltv.org/team/11711/players
2025-04-21,181,14242,WOPA,3,https://www.hltv.org/team/12787/wopa
2025-04-21,182,23160,Worms,3,https://www.hltv.org/team/13218/worms
2025-04-21,183,22410,harizma,3,https://www.hltv.org/team/13115/harizma
2025-04-21,184,23585,Floripa Stars,3,https://www.hltv.org/team/12867/floripa-stars
2025-04-21,185,11872,FURIA fe,3,https://www.hltv.org/team/10976/furia-fe
2025-04-21,186,17087,SKYFURY,3,https://www.hltv.org/team/12982/skyfury
2025-04-21,187,6553,Tropa do KinGui,3,https://www.hltv.org/team/13151/tropa-do-kingui
2025-04-21,188,20351,KZG,3,https://www.hltv.org/team/12152/kzg
2025-04-21,189,23961,paiN Academy,3,https://www.hltv.org/team/11905/pain-academy
2025-04-21,190,20336,ALASKA,3,https://www.hltv.org/team/13105/alaska
2025-04-21,191,9325,ex-Heimo,3,https://www.hltv.org/team/13203/ex-heimo
2025-04-21,192,6536,BURN,2,https://www.hltv.org/team/13228/burn
2025-04-21,193,21775,LFO 3,2,https://www.hltv.org/team/13154/lfo-3
2025-04-21,194,18146,The QUBE,2,https://www.hltv.org/team/12825/the-qube
2025-04-21,195,798,Inner Circle,2,https://www.hltv.org/team/13117/inner-circle
2025-04-21,196,24878,seoul,2,https://www.hltv.org/team/13194/seoul
2025-04-21,197,19575,K27,2,https://www.hltv.org/team/12895/k27
2025-04-21,198,20071,M1,2,https://www.hltv.org/team/11034/m1
2025-04-21,199,19563,Flshbck,2,https://www.hltv.org/team/13189/flshbck
2025-04-21,200,20677,ENCE Academy,2,https://www.hltv.org/team/11790/ence-academy
2025-04-21,201,12898,Victores Sumus,2,https://www.hltv.org/team/12929/victores-sumus
2025-04-21,202,8850,FlyQuest RED,2,https://www.hltv.org/team/12301/flyquest-red
2025-04-21,203,21213,BASEMENT BOYS,2,https://www.hltv.org/team/13181/basement-boys
2025-04-21,204,15732,Eternal Fire Academy,2,https://www.hltv.org/team/11458/eternal-fire-academy
2025-04-21,205,20320,Underground,2,https://www.hltv.org/team/12707/underground
2025-04-21,206,20521,Galorys,2,https://www.hltv.org/team/12677/galorys
2025-04-21,207,16971,Volt,2,https://www.hltv.org/team/13090/volt
2025-04-21,208,10499,VELOX,2,https://www.hltv.org/team/10978/velox
2025-04-21,209,8151,Preasy,2,https://www.hltv.org/team/12334/preasy
2025-04-21,210,16861,Viperio,2,https://www.hltv.org/team/9506/viperio
2025-04-21,211,19002,Amped,2,https://www.hltv.org/team/13006/amped
2025-04-21,212,16341,MIBR fe,2,https://www.hltv.org/team/10975/mibr-fe
2025-04-21,213,20683,Rhyno,2,https://www.hltv.org/team/10947/rhyno
2025-04-21,214,18437,Revel,2,https://www.hltv.org/team/11194/revel
2025-04-21,215,23637,VP.Prodigy,2,https://www.hltv.org/team/10864/vpprodigy
2025-04-21,216,19973,2070,2,https://www.hltv.org/team/13052/2070
2025-04-21,217,1656,Prototype Blaze,1,https://www.hltv.org/team/13133/prototype-blaze
2025-04-21,218,22889,Lumen fe,1,https://www.hltv.org/team/12913/lumen-fe
2025-04-21,219,1572,NIP Impact,1,https://www.hltv.org/team/11917/nip-impact
2025-04-21,220,5187,Steel Helmet,1,https://www.hltv.org/team/11273/steel-helmet
2025-04-21,221,20199,SPARTA,1,https://www.hltv.org/team/13214/sparta
2025-04-21,222,19998,O PLANO,1,https://www.hltv.org/team/10994/o-plano
2025-04-21,223,16764,BIG EQUIPA,1,https://www.hltv.org/team/11718/big-equipa
2025-04-21,224,2498,Martians,1,https://www.hltv.org/team/13230/martians
2025-04-21,225,14819,Blahaj,1,https://www.hltv.org/team/13202/blahaj
2025-04-21,226,19297,RUSTEC,1,https://www.hltv.org/team/12834/rustec
2025-04-21,227,20029,MIBR Academy,1,https://www.hltv.org/team/3044/mibr-academy
2025-04-21,228,17916,Aether,1,https://www.hltv.org/team/12908/aether
2025-04-21,229,7653,Eco Warriors,1,https://www.hltv.org/team/13121/eco-warriors
2025-04-21,230,21909,undeRRRated,1,https://www.hltv.org/team/13225/underrrated
2025-04-21,231,18229,DMS,1,https://www.hltv.org/team/12747/dms
2025-04-21,232,9616,MINLATE,1,https://www.hltv.org/team/6626/minlate
2025-04-21,233,23204,BRUTE,1,https://www.hltv.org/team/9139/brute
2025-04-21,234,16349,Lausanne,1,https://www.hltv.org/team/11645/lausanne
2025-04-21,235,8640,Ghost,1,https://www.hltv.org/team/7801/ghost
2025-04-21,236,17071,Nouns fe,1,https://www.hltv.org/team/12556/nouns-fe
2025-04-21,237,8635,Black Mold,1,https://www.hltv.org/team/13143/black-mold
2025-04-21,238,9238,thekillaz fe,1,https://www.hltv.org/team/12912/thekillaz-fe
2025-04-21,239,23050,AKA HERO KAJO,1,https://www.hltv.org/team/13142/aka-hero-kajo
2025-04-21,240,20503,Quem Sao Elas,1,https://www.hltv.org/team/11756/quem-sao-elas
2025-04-21,241,22775,Justice For Tomorrow,1,https://www.hltv.org/team/13113/justice-for-tomorrow
2025-04-21,242,18783,Let Her Cook,1,https://www.hltv.org/team/12421/let-her-cook
2025-04-21,243,23744,st4rboys,1,https://www.hltv.org/team/12983/st4rboys
2025-04-21,244,22308,X7,1,https://www.hltv.org/team/13227/x7
2025-04-21,245,22811,Kronjyllands,1,https://www.hltv.org/team/12797/kronjyllands
2025-04-21,246,20166,Spray and Slay,1,https://www.hltv.org/team/13187/spray-and-slay
2025-04-21,247,21727,Akuma,1,https://www.hltv.org/team/13134/akuma
2025-04-21,248,18774,CS2News Ladies,0,https://www.hltv.org/team/13168/cs2news-ladies
2025-04-21,249,16343,Messitas,0,https://www.hltv.org/team/13144/messitas
2025-04-21,250,24056,Reason,0,https://www.hltv.org/team/4822/reason
2025-04-21,251,23679,MEGA JUNERS,0,https://www.hltv.org/team/13135/mega-juners
2025-04-21,252,22529,XI,0,https://www.hltv.org/team/8947/xi
2025-04-21,253,22461,ANTARCTICA,0,https://www.hltv.org/team/13207/antarctica
2025-04-21,254,10285,nomercy fe,0,https://www.hltv.org/team/13122/nomercy-fe
2025-04-21,255,22110,Nyx Empyre,0,https://www.hltv.org/team/13176/nyx-empyre
2025-04-21,256,24416,Brave Bears,0,https://www.hltv.org/team/13145/brave-bears
2025-04-14,1,7322,Vitality,1000,https://www.hltv.org/team/9565/vitality
2025-04-14,2,7716,Spirit,860,https://www.hltv.org/team/7020/spirit
2025-04-14,3,13666,MOUZ,656,https://www.hltv.org/team/4494/mouz
2025-04-14,4,150,Aurora,551,https://www.hltv.org/team/11861/aurora
2025-04-14,5,9816,Natus Vincere,542,https://www.hltv.org/team/4608/natus-vincere
2025-04-14,6,2553,G2,446,https://www.hltv.org/team/5995/g2
2025-04-14,7,20194,The MongolZ,415,https://www.hltv.org/team/6248/the-mongolz
2025-04-14,8,429,FaZe,300,https://www.hltv.org/team/6667/faze
2025-04-14,9,3741,Falcons,264,https://www.hltv.org/team/11283/falcons
2025-04-14,10,8918,Virtus.pro,233,https://www.hltv.org/team/5378/virtuspro
2025-04-14,11,8374,3DMAX,200,https://www.hltv.org/team/4914/3dmax
2025-04-14,12,9278,GamerLegion,189,https://www.hltv.org/team/9928/gamerlegion
2025-04-14,13,8520,Liquid,162,https://www.hltv.org/team/5973/liquid
2025-04-14,14,7592,Astralis,160,https://www.hltv.org/team/6665/astralis
2025-04-14,15,11630,Complexity,137,https://www.hltv.org/team/5005/complexity
2025-04-14,16,18141,paiN,120,https://www.hltv.org/team/4773/pain
2025-04-14,17,2023,FURIA,108,https://www.hltv.org/team/8297/furia
2025-04-14,18,630,SAW,106,https://www.hltv.org/team/10567/saw
2025-04-14,19,15370,M80,82,https://www.hltv.org/team/12376/m80
2025-04-14,20,11154,MIBR,76,https://www.hltv.org/team/9215/mibr
2025-04-14,21,19164,HEROIC,75,https://www.hltv.org/team/7175/heroic
2025-04-14,22,8552,TYLOO,63,https://www.hltv.org/team/4863/tyloo
2025-04-14,23,11840,BetBoom,60,https://www.hltv.org/team/12394/betboom
2025-04-14,24,18070,Betclic,52,https://www.hltv.org/team/12916/betclic
2025-04-14,25,5794,BIG,52,https://www.hltv.org/team/7532/big
2025-04-14,26,10588,FlyQuest,45,https://www.hltv.org/team/12774/flyquest
2025-04-14,27,15698,Legacy,41,https://www.hltv.org/team/12468/legacy
2025-04-14,28,7028,Rare Atom,41,https://www.hltv.org/team/11514/rare-atom
2025-04-14,29,20387,Nemiga,40,https://www.hltv.org/team/7969/nemiga
2025-04-14,30,13602,OG,39,https://www.hltv.org/team/10503/og
2025-04-14,31,8507,Wildcard,35,https://www.hltv.org/team/12257/wildcard
2025-04-14,32,12822,Imperial,32,https://www.hltv.org/team/9455/imperial
2025-04-14,33,16551,Lynn Vision,31,https://www.hltv.org/team/8840/lynn-vision
2025-04-14,34,19592,B8,30,https://www.hltv.org/team/11241/b8
2025-04-14,35,8248,BC.Game,27,https://www.hltv.org/team/12878/bcgame
2025-04-14,36,20584,NAVI Junior,25,https://www.hltv.org/team/10371/navi-junior
2025-04-14,37,7687,NRG,24,https://www.hltv.org/team/6673/nrg
2025-04-14,38,7412,ENCE,24,https://www.hltv.org/team/4869/ence
2025-04-14,39,13239,PARIVISION,24,https://www.hltv.org/team/12467/parivision
2025-04-14,40,9766,Metizport,23,https://www.hltv.org/team/11641/metizport
2025-04-14,41,11217,500,23,https://www.hltv.org/team/12000/500
2025-04-14,42,7528,fnatic,23,https://www.hltv.org/team/4991/fnatic
2025-04-14,43,12027,9 Pandas,22,https://www.hltv.org/team/11883/9-pandas
2025-04-14,44,15072,The Huns,22,https://www.hltv.org/team/12510/the-huns
2025-04-14,45,8488,SINNERS,20,https://www.hltv.org/team/10577/sinners
2025-04-14,46,10961,ECSTATIC,20,https://www.hltv.org/team/11419/ecstatic
2025-04-14,47,18706,BLUEJAYS,19,https://www.hltv.org/team/5347/bluejays
2025-04-14,48,10892,Getting Info,19,https://www.hltv.org/team/13106/getting-info
2025-04-14,49,2898,9INE,18,https://www.hltv.org/team/10278/9ine
2025-04-14,50,22864,Spirit Academy,18,https://www.hltv.org/team/7900/spirit-academy
2025-04-14,51,7805,Nouns,18,https://www.hltv.org/team/11948/nouns
2025-04-14,52,17508,CYBERSHOKE,18,https://www.hltv.org/team/12380/cybershoke
2025-04-14,53,22643,TNL,17,https://www.hltv.org/team/12833/tnl
2025-04-14,54,20558,Sharks,17,https://www.hltv.org/team/8113/sharks
2025-04-14,55,14388,ECLOT,16,https://www.hltv.org/team/7441/eclot
2025-04-14,56,12521,Fluxo,16,https://www.hltv.org/team/11837/fluxo
2025-04-14,57,8371,Iberian Soul,16,https://www.hltv.org/team/13104/iberian-soul
2025-04-14,58,14390,ODDIK,15,https://www.hltv.org/team/11768/oddik
2025-04-14,59,922,Ninjas in Pyjamas,15,https://www.hltv.org/team/4411/ninjas-in-pyjamas
2025-04-14,60,13240,GUN5,15,https://www.hltv.org/team/12471/gun5
2025-04-14,61,5351,Zero Tenacity,14,https://www.hltv.org/team/11523/zero-tenacity
2025-04-14,62,18752,HOTU,14,https://www.hltv.org/team/11581/hotu
2025-04-14,63,12937,Marsborne,14,https://www.hltv.org/team/13124/marsborne
2025-04-14,64,19229,Chinggis Warriors,14,https://www.hltv.org/team/12646/chinggis-warriors
2025-04-14,65,2476,Partizan,14,https://www.hltv.org/team/11838/partizan
2025-04-14,66,20421,Leo,13,https://www.hltv.org/team/11446/leo
2025-04-14,67,9483,Solid,13,https://www.hltv.org/team/12233/solid
2025-04-14,68,19591,LFO 4,13,https://www.hltv.org/team/13219/lfo-4
2025-04-14,69,8565,RED Canids,12,https://www.hltv.org/team/7176/red-canids
2025-04-14,70,3459,RUSH B,12,https://www.hltv.org/team/12559/rush-b
2025-04-14,71,12793,Fisher College,12,https://www.hltv.org/team/12769/fisher-college
2025-04-14,72,12092,9z,12,https://www.hltv.org/team/9996/9z
2025-04-14,73,13843,Sashi,11,https://www.hltv.org/team/11712/sashi
2025-04-14,74,8503,Mythic,11,https://www.hltv.org/team/5479/mythic
2025-04-14,75,14799,Vagrants,11,https://www.hltv.org/team/12611/vagrants
2025-04-14,76,16835,Swingers,10,https://www.hltv.org/team/13109/swingers
2025-04-14,77,9656,Monte,10,https://www.hltv.org/team/11811/monte
2025-04-14,78,11139,SemperFi,10,https://www.hltv.org/team/12901/semperfi
2025-04-14,79,9255,Johnny Speeds,10,https://www.hltv.org/team/12604/johnny-speeds
2025-04-14,80,8212,Fire Flux,10,https://www.hltv.org/team/12960/fire-flux
2025-04-14,81,2131,FAVBET,10,https://www.hltv.org/team/12818/favbet
2025-04-14,82,21431,AMKAL,10,https://www.hltv.org/team/12586/amkal
2025-04-14,83,16768,DogEvil,10,https://www.hltv.org/team/13148/dogevil
2025-04-14,84,12872,Housebets,9,https://www.hltv.org/team/12921/housebets
2025-04-14,85,17316,Betera,9,https://www.hltv.org/team/12431/betera
2025-04-14,86,9108,Mindfreak,9,https://www.hltv.org/team/11668/mindfreak
2025-04-14,87,10449,JiJieHao,9,https://www.hltv.org/team/10245/jijiehao
2025-04-14,88,2161,BESTIA,9,https://www.hltv.org/team/12144/bestia
2025-04-14,89,7996,WildLotus,9,https://www.hltv.org/team/13184/wildlotus
2025-04-14,90,16814,Flamengo,9,https://www.hltv.org/team/12065/flamengo
2025-04-14,91,11485,ex-TALON,9,https://www.hltv.org/team/13212/ex-talon
2025-04-14,92,22998,FengDa,9,https://www.hltv.org/team/12899/fengda
2025-04-14,93,19123,SUPER EVIL GANG,8,https://www.hltv.org/team/13177/super-evil-gang
2025-04-14,94,1206,Nexus,8,https://www.hltv.org/team/7187/nexus
2025-04-14,95,18638,Eruption,8,https://www.hltv.org/team/12097/eruption
2025-04-14,96,13689,Bad News Capybaras,8,https://www.hltv.org/team/13112/bad-news-capybaras
2025-04-14,97,9521,ATOX,8,https://www.hltv.org/team/12312/atox
2025-04-14,98,20956,RUBY,8,https://www.hltv.org/team/12694/ruby
2025-04-14,99,21213,BASEMENT BOYS,8,https://www.hltv.org/team/13181/basement-boys
2025-04-14,100,13250,Party Astronauts,8,https://www.hltv.org/team/8038/party-astronauts
2025-04-14,101,22544,Take Flyte,8,https://www.hltv.org/team/11660/take-flyte
2025-04-14,102,18447,ARCRED,8,https://www.hltv.org/team/10459/arcred
2025-04-14,103,12102,MIGHT,8,https://www.hltv.org/team/12483/might
2025-04-14,104,21397,THE,7,https://www.hltv.org/team/12955/the
2025-04-14,105,8891,Tricked,7,https://www.hltv.org/team/4602/tricked
2025-04-14,106,12877,Rooster,7,https://www.hltv.org/team/9881/rooster
2025-04-14,107,19133,Gods Reign,7,https://www.hltv.org/team/12415/gods-reign
2025-04-14,108,7443,Alliance,7,https://www.hltv.org/team/12474/alliance
2025-04-14,109,11940,NOVAQ,7,https://www.hltv.org/team/13178/novaq
2025-04-14,110,22459,Chimera,7,https://www.hltv.org/team/13098/chimera
2025-04-14,111,16885,Passion UA,7,https://www.hltv.org/team/12426/passion-ua
2025-04-14,112,15118,GhoulsW,6,https://www.hltv.org/team/12377/ghoulsw
2025-04-14,113,3669,Rebels,6,https://www.hltv.org/team/12642/rebels
2025-04-14,114,18150,NomadS,6,https://www.hltv.org/team/12900/nomads
2025-04-14,115,20572,Akimbo,6,https://www.hltv.org/team/12567/akimbo
2025-04-14,116,23223,Immigrants peek,6,https://www.hltv.org/team/13067/immigrants-peek
2025-04-14,117,18510,Insilio,6,https://www.hltv.org/team/12124/insilio
2025-04-14,118,16865,Wanted Goons,6,https://www.hltv.org/team/12971/wanted-goons
2025-04-14,119,284,GenOne,6,https://www.hltv.org/team/11609/genone
2025-04-14,120,14394,Bounty Hunters,6,https://www.hltv.org/team/12776/bounty-hunters
2025-04-14,121,16102,GTZ,6,https://www.hltv.org/team/9466/gtz
2025-04-14,122,12945,Sangal,6,https://www.hltv.org/team/10333/sangal
2025-04-14,123,18442,Chicken Coop,6,https://www.hltv.org/team/13107/chicken-coop
2025-04-14,124,12094,Dusty Roots,6,https://www.hltv.org/team/12548/dusty-roots
2025-04-14,125,22408,LFO 2,6,https://www.hltv.org/team/13114/lfo-2
2025-04-14,126,3849,EYEBALLERS,6,https://www.hltv.org/team/11737/eyeballers
2025-04-14,127,6593,2GAME,6,https://www.hltv.org/team/12491/2game
2025-04-14,128,20167,NEVERMORE,6,https://www.hltv.org/team/13157/nevermore
2025-04-14,129,17305,benched,6,https://www.hltv.org/team/11138/benched
2025-04-14,130,1646,Imperial Valkyries,6,https://www.hltv.org/team/12828/imperial-valkyries
2025-04-14,131,10827,GameHunters,6,https://www.hltv.org/team/12988/gamehunters
2025-04-14,132,13170,CPH Wolves,6,https://www.hltv.org/team/4548/cph-wolves
2025-04-14,133,21445,Hesta,6,https://www.hltv.org/team/13153/hesta
2025-04-14,134,9221,KRÜ,6,https://www.hltv.org/team/10900/kr
2025-04-14,135,19872,ShindeN,6,https://www.hltv.org/team/12959/shinden
2025-04-14,136,10774,Only One Word,5,https://www.hltv.org/team/11263/only-one-word
2025-04-14,137,7168,Mercenaires,5,https://www.hltv.org/team/13172/mercenaires
2025-04-14,138,16581,Supernova Comets,5,https://www.hltv.org/team/13146/supernova-comets
2025-04-14,139,13618,Young Ninjas,5,https://www.hltv.org/team/10960/young-ninjas
2025-04-14,140,8598,Just Swing,5,https://www.hltv.org/team/13053/just-swing
2025-04-14,141,22364,Yawara,5,https://www.hltv.org/team/11933/yawara
2025-04-14,142,24081,Garden Garage,5,https://www.hltv.org/team/13191/garden-garage
2025-04-14,143,16147,kONO,5,https://www.hltv.org/team/12858/kono
2025-04-14,144,695,JANO,5,https://www.hltv.org/team/11827/jano
2025-04-14,145,14010,UNO MILLE,5,https://www.hltv.org/team/11555/uno-mille
2025-04-14,146,798,Inner Circle,5,https://www.hltv.org/team/13117/inner-circle
2025-04-14,147,8528,1win,5,https://www.hltv.org/team/10621/1win
2025-04-14,148,22430,Nuclear TigeRES,5,https://www.hltv.org/team/13027/nuclear-tigeres
2025-04-14,149,10938,Astralis Talent,5,https://www.hltv.org/team/10954/astralis-talent
2025-04-14,150,23316,Spray Jutsu,5,https://www.hltv.org/team/13204/spray-jutsu
2025-04-14,151,8943,Shika,5,https://www.hltv.org/team/13147/shika
2025-04-14,152,9214,Marca Registrada,4,https://www.hltv.org/team/12927/marca-registrada
2025-04-14,153,15203,ESC,4,https://www.hltv.org/team/4532/esc
2025-04-14,154,12708,Bad News Eagles,4,https://www.hltv.org/team/11518/bad-news-eagles
2025-04-14,155,19857,Tsunami,4,https://www.hltv.org/team/12180/tsunami
2025-04-14,156,12777,Kubix,4,https://www.hltv.org/team/12847/kubix
2025-04-14,157,23680,-72c,4,https://www.hltv.org/team/12546/72c
2025-04-14,158,20018,Wildcard Academy,4,https://www.hltv.org/team/13127/wildcard-academy
2025-04-14,159,17087,SKYFURY,4,https://www.hltv.org/team/12982/skyfury
2025-04-14,160,21023,PCIFIC,4,https://www.hltv.org/team/13054/pcific
2025-04-14,161,8151,Preasy,4,https://www.hltv.org/team/12334/preasy
2025-04-14,162,20330,InControl,4,https://www.hltv.org/team/7720/incontrol
2025-04-14,163,22589,regain,4,https://www.hltv.org/team/12554/regain
2025-04-14,164,24646,Delta,4,https://www.hltv.org/team/13057/delta
2025-04-14,165,20258,NinJa,4,https://www.hltv.org/team/13211/ninja
2025-04-14,166,23001,Change The Game,4,https://www.hltv.org/team/13175/change-the-game
2025-04-14,167,15062,IHC,4,https://www.hltv.org/team/11585/ihc
2025-04-14,168,18989,DEPO,4,https://www.hltv.org/team/12536/depo
2025-04-14,169,8726,Twenty Seven,4,https://www.hltv.org/team/13236/twenty-seven
2025-04-14,170,20278,Elevate,4,https://www.hltv.org/team/5775/elevate
2025-04-14,171,20815,8Sins,4,https://www.hltv.org/team/13024/8sins
2025-04-14,172,21988,Leça,4,https://www.hltv.org/team/13210/lea
2025-04-14,173,17997,LaChampionsLiga,4,https://www.hltv.org/team/12789/lachampionsliga
2025-04-14,174,9144,MANTRA,4,https://www.hltv.org/team/12472/mantra
2025-04-14,175,12612,UNiTY,4,https://www.hltv.org/team/12267/unity
2025-04-14,176,20336,ALASKA,4,https://www.hltv.org/team/13105/alaska
2025-04-14,177,22410,harizma,4,https://www.hltv.org/team/13115/harizma
2025-04-14,178,16167,ScarX,4,https://www.hltv.org/team/13217/scarx
2025-04-14,179,12736,Permitta,3,https://www.hltv.org/team/12009/permitta
2025-04-14,180,21367,FORZE Reload,3,https://www.hltv.org/team/12857/forze-reload
2025-04-14,181,19831,América,3,https://www.hltv.org/team/4326/amrica
2025-04-14,182,16661,Players,3,https://www.hltv.org/team/11711/players
2025-04-14,183,11532,LOBOARMY,3,https://www.hltv.org/team/13198/loboarmy
2025-04-14,184,23160,Worms,3,https://www.hltv.org/team/13218/worms
2025-04-14,185,14242,WOPA,3,https://www.hltv.org/team/12787/wopa
2025-04-14,186,11739,W7M,3,https://www.hltv.org/team/8574/w7m
2025-04-14,187,18146,The QUBE,3,https://www.hltv.org/team/12825/the-qube
2025-04-14,188,23386,ALLINNERS,3,https://www.hltv.org/team/12812/allinners
2025-04-14,189,22566,paiN Academy,3,https://www.hltv.org/team/11905/pain-academy
2025-04-14,190,12705,Volt,3,https://www.hltv.org/team/13090/volt
2025-04-14,191,20351,KZG,3,https://www.hltv.org/team/12152/kzg
2025-04-14,192,11872,FURIA fe,3,https://www.hltv.org/team/10976/furia-fe
2025-04-14,193,19575,K27,3,https://www.hltv.org/team/12895/k27
2025-04-14,194,23585,Floripa Stars,3,https://www.hltv.org/team/12867/floripa-stars
2025-04-14,195,6553,Tropa do KinGui,3,https://www.hltv.org/team/13151/tropa-do-kingui
2025-04-14,196,24325,PLUSH,3,https://www.hltv.org/team/13174/plush
2025-04-14,197,20677,ENCE Academy,3,https://www.hltv.org/team/11790/ence-academy
2025-04-14,198,22191,Lazer Cats,3,https://www.hltv.org/team/12087/lazer-cats
2025-04-14,199,6536,BURN,3,https://www.hltv.org/team/13228/burn
2025-04-14,200,21775,LFO 3,3,https://www.hltv.org/team/13154/lfo-3
2025-04-14,201,9325,ex-Heimo,3,https://www.hltv.org/team/13203/ex-heimo
2025-04-14,202,20320,Underground,2,https://www.hltv.org/team/12707/underground
2025-04-14,203,24878,seoul,2,https://www.hltv.org/team/13194/seoul
2025-04-14,204,20071,M1,2,https://www.hltv.org/team/11034/m1
2025-04-14,205,16861,Viperio,2,https://www.hltv.org/team/9506/viperio
2025-04-14,206,8850,FlyQuest RED,2,https://www.hltv.org/team/12301/flyquest-red
2025-04-14,207,20521,Galorys,2,https://www.hltv.org/team/12677/galorys
2025-04-14,208,12898,Victores Sumus,2,https://www.hltv.org/team/12929/victores-sumus
2025-04-14,209,16079,Flshbck,2,https://www.hltv.org/team/13189/flshbck
2025-04-14,210,10499,VELOX,2,https://www.hltv.org/team/10978/velox
2025-04-14,211,20029,MIBR Academy,2,https://www.hltv.org/team/3044/mibr-academy
2025-04-14,212,1572,NIP Impact,2,https://www.hltv.org/team/11917/nip-impact
2025-04-14,213,19002,Amped,2,https://www.hltv.org/team/13006/amped
2025-04-14,214,16341,MIBR fe,2,https://www.hltv.org/team/10975/mibr-fe
2025-04-14,215,18437,Revel,2,https://www.hltv.org/team/11194/revel
2025-04-14,216,23637,VP.Prodigy,2,https://www.hltv.org/team/10864/vpprodigy
2025-04-14,217,19973,2070,2,https://www.hltv.org/team/13052/2070
2025-04-14,218,20683,Rhyno,2,https://www.hltv.org/team/10947/rhyno
2025-04-14,219,1656,Prototype Blaze,2,https://www.hltv.org/team/13133/prototype-blaze
2025-04-14,220,22889,Lumen fe,1,https://www.hltv.org/team/12913/lumen-fe
2025-04-14,221,9818,HAVU,1,https://www.hltv.org/team/7865/havu
2025-04-14,222,5187,Steel Helmet,1,https://www.hltv.org/team/11273/steel-helmet
2025-04-14,223,20199,SPARTA,1,https://www.hltv.org/team/13214/sparta
2025-04-14,224,19998,O PLANO,1,https://www.hltv.org/team/10994/o-plano
2025-04-14,225,16764,BIG EQUIPA,1,https://www.hltv.org/team/11718/big-equipa
2025-04-14,226,2498,Martians,1,https://www.hltv.org/team/13230/martians
2025-04-14,227,11258,MASONIC,1,https://www.hltv.org/team/10867/masonic
2025-04-14,228,14819,Blahaj,1,https://www.hltv.org/team/13202/blahaj
2025-04-14,229,19297,RUSTEC,1,https://www.hltv.org/team/12834/rustec
2025-04-14,230,17916,Aether,1,https://www.hltv.org/team/12908/aether
2025-04-14,231,7653,Eco Warriors,1,https://www.hltv.org/team/13121/eco-warriors
2025-04-14,232,21909,undeRRRated,1,https://www.hltv.org/team/13225/underrrated
2025-04-14,233,18229,DMS,1,https://www.hltv.org/team/12747/dms
2025-04-14,234,9616,MINLATE,1,https://www.hltv.org/team/6626/minlate
2025-04-14,235,23204,BRUTE,1,https://www.hltv.org/team/9139/brute
2025-04-14,236,16349,Lausanne,1,https://www.hltv.org/team/11645/lausanne
2025-04-14,237,8640,Ghost,1,https://www.hltv.org/team/7801/ghost
2025-04-14,238,17071,Nouns fe,1,https://www.hltv.org/team/12556/nouns-fe
2025-04-14,239,8635,Black Mold,1,https://www.hltv.org/team/13143/black-mold
2025-04-14,240,9238,thekillaz fe,1,https://www.hltv.org/team/12912/thekillaz-fe
2025-04-14,241,23050,AKA HERO KAJO,1,https://www.hltv.org/team/13142/aka-hero-kajo
2025-04-14,242,20503,Quem Sao Elas,1,https://www.hltv.org/team/11756/quem-sao-elas
2025-04-14,243,18783,Let Her Cook,1,https://www.hltv.org/team/12421/let-her-cook
2025-04-14,244,22775,Justice For Tomorrow,1,https://www.hltv.org/team/13113/justice-for-tomorrow
2025-04-14,245,17652,Belfast Storm,1,https://www.hltv.org/team/12934/belfast-storm
2025-04-14,246,23744,st4rboys,1,https://www.hltv.org/team/12983/st4rboys
2025-04-14,247,22308,X7,1,https://www.hltv.org/team/13227/x7
2025-04-14,248,22811,Kronjyllands,1,https://www.hltv.org/team/12797/kronjyllands
2025-04-14,249,20166,Spray and Slay,1,https://www.hltv.org/team/13187/spray-and-slay
2025-04-14,250,21727,Akuma,1,https://www.hltv.org/team/13134/akuma
2025-04-14,251,18774,CS2News Ladies,0,https://www.hltv.org/team/13168/cs2news-ladies
2025-04-14,252,16343,Messitas,0,https://www.hltv.org/team/13144/messitas
2025-04-14,253,24056,Reason,0,https://www.hltv.org/team/4822/reason
2025-04-14,254,23679,MEGA JUNERS,0,https://www.hltv.org/team/13135/mega-juners
2025-04-14,255,22461,ANTARCTICA,0,https://www.hltv.org/team/13207/antarctica
2025-04-14,256,10285,nomercy fe,0,https://www.hltv.org/team/13122/nomercy-fe
2025-04-14,257,22110,Nyx Empyre,0,https://www.hltv.org/team/13176/nyx-empyre
2025-04-14,258,24416,Brave Bears,0,https://www.hltv.org/team/13145/brave-bears
2025-04-07,1,7322,Vitality,962,https://www.hltv.org/team/9565/vitality
2025-04-07,2,7716,Spirit,904,https://www.hltv.org/team/7020/spirit
2025-04-07,3,13666,MOUZ,660,https://www.hltv.org/team/4494/mouz
2025-04-07,4,150,Aurora,529,https://www.hltv.org/team/11861/aurora
2025-04-07,5,9816,Natus Vincere,522,https://www.hltv.org/team/4608/natus-vincere
2025-04-07,6,2553,G2,480,https://www.hltv.org/team/5995/g2
2025-04-07,7,20194,The MongolZ,436,https://www.hltv.org/team/6248/the-mongolz
2025-04-07,8,429,FaZe,320,https://www.hltv.org/team/6667/faze
2025-04-07,9,3741,Falcons,227,https://www.hltv.org/team/11283/falcons
2025-04-07,10,8918,Virtus.pro,205,https://www.hltv.org/team/5378/virtuspro
2025-04-07,11,8520,Liquid,178,https://www.hltv.org/team/5973/liquid
2025-04-07,12,8374,3DMAX,167,https://www.hltv.org/team/4914/3dmax
2025-04-07,13,7592,Astralis,157,https://www.hltv.org/team/6665/astralis
2025-04-07,14,9278,GamerLegion,155,https://www.hltv.org/team/9928/gamerlegion
2025-04-07,15,2023,FURIA,131,https://www.hltv.org/team/8297/furia
2025-04-07,16,18141,paiN,128,https://www.hltv.org/team/4773/pain
2025-04-07,17,630,SAW,105,https://www.hltv.org/team/10567/saw
2025-04-07,18,15370,M80,85,https://www.hltv.org/team/12376/m80
2025-04-07,19,11154,MIBR,82,https://www.hltv.org/team/9215/mibr
2025-04-07,20,19164,HEROIC,71,https://www.hltv.org/team/7175/heroic
2025-04-07,21,11630,Complexity,66,https://www.hltv.org/team/5005/complexity
2025-04-07,22,5794,BIG,63,https://www.hltv.org/team/7532/big
2025-04-07,23,11840,BetBoom,57,https://www.hltv.org/team/12394/betboom
2025-04-07,24,8552,TYLOO,56,https://www.hltv.org/team/4863/tyloo
2025-04-07,25,8507,Wildcard,49,https://www.hltv.org/team/12257/wildcard
2025-04-07,26,10588,FlyQuest,40,https://www.hltv.org/team/12774/flyquest
2025-04-07,27,20387,Nemiga,37,https://www.hltv.org/team/7969/nemiga
2025-04-07,28,13602,OG,37,https://www.hltv.org/team/10503/og
2025-04-07,29,7028,Rare Atom,34,https://www.hltv.org/team/11514/rare-atom
2025-04-07,30,18070,Betclic,33,https://www.hltv.org/team/12916/betclic
2025-04-07,31,15698,Legacy,32,https://www.hltv.org/team/12468/legacy
2025-04-07,32,19592,B8,31,https://www.hltv.org/team/11241/b8
2025-04-07,33,16551,Lynn Vision,31,https://www.hltv.org/team/8840/lynn-vision
2025-04-07,34,8248,BC.Game,30,https://www.hltv.org/team/12878/bcgame
2025-04-07,35,12822,Imperial,29,https://www.hltv.org/team/9455/imperial
2025-04-07,36,7687,NRG,26,https://www.hltv.org/team/6673/nrg
2025-04-07,37,20584,NAVI Junior,26,https://www.hltv.org/team/10371/navi-junior
2025-04-07,38,11217,500,25,https://www.hltv.org/team/12000/500
2025-04-07,39,7412,ENCE,25,https://www.hltv.org/team/4869/ence
2025-04-07,40,13239,PARIVISION,23,https://www.hltv.org/team/12467/parivision
2025-04-07,41,17622,BLUEJAYS,23,https://www.hltv.org/team/5347/bluejays
2025-04-07,42,7528,fnatic,22,https://www.hltv.org/team/4991/fnatic
2025-04-07,43,9766,Metizport,22,https://www.hltv.org/team/11641/metizport
2025-04-07,44,22864,Spirit Academy,22,https://www.hltv.org/team/7900/spirit-academy
2025-04-07,45,15072,The Huns,22,https://www.hltv.org/team/12510/the-huns
2025-04-07,46,2898,9INE,20,https://www.hltv.org/team/10278/9ine
2025-04-07,47,10961,ECSTATIC,19,https://www.hltv.org/team/11419/ecstatic
2025-04-07,48,12027,9 Pandas,19,https://www.hltv.org/team/11883/9-pandas
2025-04-07,49,17508,CYBERSHOKE,19,https://www.hltv.org/team/12380/cybershoke
2025-04-07,50,922,Ninjas in Pyjamas,18,https://www.hltv.org/team/4411/ninjas-in-pyjamas
2025-04-07,51,8488,SINNERS,17,https://www.hltv.org/team/10577/sinners
2025-04-07,52,12521,Fluxo,17,https://www.hltv.org/team/11837/fluxo
2025-04-07,53,7805,Nouns,16,https://www.hltv.org/team/11948/nouns
2025-04-07,54,20558,Sharks,16,https://www.hltv.org/team/8113/sharks
2025-04-07,55,10892,Getting Info,16,https://www.hltv.org/team/13106/getting-info
2025-04-07,56,14388,ECLOT,16,https://www.hltv.org/team/7441/eclot
2025-04-07,57,2476,Partizan,16,https://www.hltv.org/team/11838/partizan
2025-04-07,58,5351,Zero Tenacity,16,https://www.hltv.org/team/11523/zero-tenacity
2025-04-07,59,15060,Chinggis Warriors,16,https://www.hltv.org/team/12646/chinggis-warriors
2025-04-07,60,8371,Iberian Soul,15,https://www.hltv.org/team/13104/iberian-soul
2025-04-07,61,13240,GUN5,15,https://www.hltv.org/team/12471/gun5
2025-04-07,62,14390,ODDIK,15,https://www.hltv.org/team/11768/oddik
2025-04-07,63,18752,HOTU,14,https://www.hltv.org/team/11581/hotu
2025-04-07,64,16848,Monte,14,https://www.hltv.org/team/11811/monte
2025-04-07,65,9521,ATOX,14,https://www.hltv.org/team/12312/atox
2025-04-07,66,20421,Leo,13,https://www.hltv.org/team/11446/leo
2025-04-07,67,12937,Marsborne,12,https://www.hltv.org/team/13124/marsborne
2025-04-07,68,12092,9z,12,https://www.hltv.org/team/9996/9z
2025-04-07,69,8565,RED Canids,12,https://www.hltv.org/team/7176/red-canids
2025-04-07,70,3459,RUSH B,12,https://www.hltv.org/team/12559/rush-b
2025-04-07,71,22643,TNL,12,https://www.hltv.org/team/12833/tnl
2025-04-07,72,11139,SemperFi,11,https://www.hltv.org/team/12901/semperfi
2025-04-07,73,13843,Sashi,11,https://www.hltv.org/team/11712/sashi
2025-04-07,74,9483,Solid,11,https://www.hltv.org/team/12233/solid
2025-04-07,75,8503,Mythic,11,https://www.hltv.org/team/5479/mythic
2025-04-07,76,16835,Swingers,10,https://www.hltv.org/team/13109/swingers
2025-04-07,77,19591,LFO 4,10,https://www.hltv.org/team/13219/lfo-4
2025-04-07,78,14799,Vagrants,10,https://www.hltv.org/team/12611/vagrants
2025-04-07,79,8212,Fire Flux,10,https://www.hltv.org/team/12960/fire-flux
2025-04-07,80,21431,AMKAL,10,https://www.hltv.org/team/12586/amkal
2025-04-07,81,1206,Nexus,10,https://www.hltv.org/team/7187/nexus
2025-04-07,82,1646,Imperial Valkyries,10,https://www.hltv.org/team/12828/imperial-valkyries
2025-04-07,83,17316,Betera,10,https://www.hltv.org/team/12431/betera
2025-04-07,84,12872,Housebets,10,https://www.hltv.org/team/12921/housebets
2025-04-07,85,16768,DogEvil,10,https://www.hltv.org/team/13148/dogevil
2025-04-07,86,12793,Fisher College,10,https://www.hltv.org/team/12769/fisher-college
2025-04-07,87,2131,FAVBET,10,https://www.hltv.org/team/12818/favbet
2025-04-07,88,20956,RUBY,9,https://www.hltv.org/team/12694/ruby
2025-04-07,89,9108,Mindfreak,9,https://www.hltv.org/team/11668/mindfreak
2025-04-07,90,3669,Rebels,9,https://www.hltv.org/team/12642/rebels
2025-04-07,91,18638,Eruption,9,https://www.hltv.org/team/12097/eruption
2025-04-07,92,2161,BESTIA,9,https://www.hltv.org/team/12144/bestia
2025-04-07,93,10449,JiJieHao,9,https://www.hltv.org/team/10245/jijiehao
2025-04-07,94,16814,Flamengo,9,https://www.hltv.org/team/12065/flamengo
2025-04-07,95,11485,ex-TALON,9,https://www.hltv.org/team/13212/ex-talon
2025-04-07,96,7996,WildLotus,9,https://www.hltv.org/team/13184/wildlotus
2025-04-07,97,13250,Party Astronauts,9,https://www.hltv.org/team/8038/party-astronauts
2025-04-07,98,12102,MIGHT,8,https://www.hltv.org/team/12483/might
2025-04-07,99,23223,Immigrants peek,8,https://www.hltv.org/team/13067/immigrants-peek
2025-04-07,100,12877,Rooster,8,https://www.hltv.org/team/9881/rooster
2025-04-07,101,21213,BASEMENT BOYS,8,https://www.hltv.org/team/13181/basement-boys
2025-04-07,102,21445,Hesta,8,https://www.hltv.org/team/13153/hesta
2025-04-07,103,22544,Take Flyte,8,https://www.hltv.org/team/11660/take-flyte
2025-04-07,104,18447,ARCRED,8,https://www.hltv.org/team/10459/arcred
2025-04-07,105,21397,THE,7,https://www.hltv.org/team/12955/the
2025-04-07,106,11940,NOVAQ,7,https://www.hltv.org/team/13178/novaq
2025-04-07,107,22998,FengDa,7,https://www.hltv.org/team/12899/fengda
2025-04-07,108,8891,Tricked,7,https://www.hltv.org/team/4602/tricked
2025-04-07,109,16885,Passion UA,7,https://www.hltv.org/team/12426/passion-ua
2025-04-07,110,13689,Bad News Capybaras,7,https://www.hltv.org/team/13112/bad-news-capybaras
2025-04-07,111,9255,Johnny Speeds,7,https://www.hltv.org/team/12604/johnny-speeds
2025-04-07,112,7443,Alliance,7,https://www.hltv.org/team/12474/alliance
2025-04-07,113,13170,CPH Wolves,7,https://www.hltv.org/team/4548/cph-wolves
2025-04-07,114,19123,SUPER EVIL GANG,7,https://www.hltv.org/team/13177/super-evil-gang
2025-04-07,115,19133,Gods Reign,7,https://www.hltv.org/team/12415/gods-reign
2025-04-07,116,14394,Bounty Hunters,7,https://www.hltv.org/team/12776/bounty-hunters
2025-04-07,117,16147,kONO,6,https://www.hltv.org/team/12858/kono
2025-04-07,118,15118,GhoulsW,6,https://www.hltv.org/team/12377/ghoulsw
2025-04-07,119,20572,Akimbo,6,https://www.hltv.org/team/12567/akimbo
2025-04-07,120,18150,NomadS,6,https://www.hltv.org/team/12900/nomads
2025-04-07,121,19872,ShindeN,6,https://www.hltv.org/team/12959/shinden
2025-04-07,122,20167,NEVERMORE,6,https://www.hltv.org/team/13157/nevermore
2025-04-07,123,22459,Chimera,6,https://www.hltv.org/team/13098/chimera
2025-04-07,124,284,GenOne,6,https://www.hltv.org/team/11609/genone
2025-04-07,125,22364,Yawara,6,https://www.hltv.org/team/11933/yawara
2025-04-07,126,10774,Only One Word,6,https://www.hltv.org/team/11263/only-one-word
2025-04-07,127,22408,LFO 2,6,https://www.hltv.org/team/13114/lfo-2
2025-04-07,128,6593,2GAME,6,https://www.hltv.org/team/12491/2game
2025-04-07,129,16102,GTZ,6,https://www.hltv.org/team/9466/gtz
2025-04-07,130,12094,Dusty Roots,6,https://www.hltv.org/team/12548/dusty-roots
2025-04-07,131,7168,Mercenaires,6,https://www.hltv.org/team/13172/mercenaires
2025-04-07,132,20946,BAKS,6,https://www.hltv.org/team/11699/baks
2025-04-07,133,19590,ALGO,5,https://www.hltv.org/team/13163/algo
2025-04-07,134,17305,benched,5,https://www.hltv.org/team/11138/benched
2025-04-07,135,23316,Spray Jutsu,5,https://www.hltv.org/team/13204/spray-jutsu
2025-04-07,136,13618,Young Ninjas,5,https://www.hltv.org/team/10960/young-ninjas
2025-04-07,137,24081,Garden Garage,5,https://www.hltv.org/team/13191/garden-garage
2025-04-07,138,8528,1win,5,https://www.hltv.org/team/10621/1win
2025-04-07,139,695,JANO,5,https://www.hltv.org/team/11827/jano
2025-04-07,140,12708,Bad News Eagles,5,https://www.hltv.org/team/11518/bad-news-eagles
2025-04-07,141,14010,UNO MILLE,5,https://www.hltv.org/team/11555/uno-mille
2025-04-07,142,3849,EYEBALLERS,5,https://www.hltv.org/team/11737/eyeballers
2025-04-07,143,798,Inner Circle,5,https://www.hltv.org/team/13117/inner-circle
2025-04-07,144,18442,Chicken Coop,5,https://www.hltv.org/team/13107/chicken-coop
2025-04-07,145,9221,KRÜ,5,https://www.hltv.org/team/10900/kr
2025-04-07,146,12945,Sangal,5,https://www.hltv.org/team/10333/sangal
2025-04-07,147,21367,FORZE Reload,5,https://www.hltv.org/team/12857/forze-reload
2025-04-07,148,16865,Wanted Goons,5,https://www.hltv.org/team/12971/wanted-goons
2025-04-07,149,16581,Supernova Comets,5,https://www.hltv.org/team/13146/supernova-comets
2025-04-07,150,8598,Just Swing,5,https://www.hltv.org/team/13053/just-swing
2025-04-07,151,20281,Dark Cloud,5,https://www.hltv.org/team/13158/dark-cloud
2025-04-07,152,11532,LOBOARMY,5,https://www.hltv.org/team/13198/loboarmy
2025-04-07,153,12025,TGM,5,https://www.hltv.org/team/13160/tgm
2025-04-07,154,8726,Twenty Seven,5,https://www.hltv.org/team/13236/twenty-seven
2025-04-07,155,9445,AK BARS,5,https://www.hltv.org/team/12997/ak-bars
2025-04-07,156,23680,-72c,5,https://www.hltv.org/team/12546/72c
2025-04-07,157,9214,Marca Registrada,4,https://www.hltv.org/team/12927/marca-registrada
2025-04-07,158,15203,ESC,4,https://www.hltv.org/team/4532/esc
2025-04-07,159,8943,Shika,4,https://www.hltv.org/team/13147/shika
2025-04-07,160,19857,Tsunami,4,https://www.hltv.org/team/12180/tsunami
2025-04-07,161,12777,Kubix,4,https://www.hltv.org/team/12847/kubix
2025-04-07,162,20018,Wildcard Academy,4,https://www.hltv.org/team/13127/wildcard-academy
2025-04-07,163,22430,Nuclear TigeRES,4,https://www.hltv.org/team/13027/nuclear-tigeres
2025-04-07,164,21023,PCIFIC,4,https://www.hltv.org/team/13054/pcific
2025-04-07,165,18510,Insilio,4,https://www.hltv.org/team/12124/insilio
2025-04-07,166,19575,K27,4,https://www.hltv.org/team/12895/k27
2025-04-07,167,20330,InControl,4,https://www.hltv.org/team/7720/incontrol
2025-04-07,168,15062,IHC,4,https://www.hltv.org/team/11585/ihc
2025-04-07,169,22589,regain,4,https://www.hltv.org/team/12554/regain
2025-04-07,170,24646,Delta,4,https://www.hltv.org/team/13057/delta
2025-04-07,171,9656,Adventurers,4,https://www.hltv.org/team/13118/adventurers
2025-04-07,172,20815,8Sins,4,https://www.hltv.org/team/13024/8sins
2025-04-07,173,10827,GameHunters,4,https://www.hltv.org/team/12988/gamehunters
2025-04-07,174,20258,NinJa,4,https://www.hltv.org/team/13211/ninja
2025-04-07,175,20278,Elevate,4,https://www.hltv.org/team/5775/elevate
2025-04-07,176,9616,MINLATE,4,https://www.hltv.org/team/6626/minlate
2025-04-07,177,23001,Change The Game,4,https://www.hltv.org/team/13175/change-the-game
2025-04-07,178,21988,Leça,4,https://www.hltv.org/team/13210/lea
2025-04-07,179,17997,LaChampionsLiga,4,https://www.hltv.org/team/12789/lachampionsliga
2025-04-07,180,10938,Astralis Talent,4,https://www.hltv.org/team/10954/astralis-talent
2025-04-07,181,16661,Players,4,https://www.hltv.org/team/11711/players
2025-04-07,182,8151,Preasy,4,https://www.hltv.org/team/12334/preasy
2025-04-07,183,12612,UNiTY,4,https://www.hltv.org/team/12267/unity
2025-04-07,184,23160,Worms,4,https://www.hltv.org/team/13218/worms
2025-04-07,185,22410,harizma,4,https://www.hltv.org/team/13115/harizma
2025-04-07,186,12736,Permitta,3,https://www.hltv.org/team/12009/permitta
2025-04-07,187,19831,América,3,https://www.hltv.org/team/4326/amrica
2025-04-07,188,20396,Vantage,3,https://www.hltv.org/team/12455/vantage
2025-04-07,189,9144,MANTRA,3,https://www.hltv.org/team/12472/mantra
2025-04-07,190,18146,The QUBE,3,https://www.hltv.org/team/12825/the-qube
2025-04-07,191,11739,W7M,3,https://www.hltv.org/team/8574/w7m
2025-04-07,192,23384,ALLINNERS,3,https://www.hltv.org/team/12812/allinners
2025-04-07,193,22566,paiN Academy,3,https://www.hltv.org/team/11905/pain-academy
2025-04-07,194,12705,Volt,3,https://www.hltv.org/team/13090/volt
2025-04-07,195,20677,ENCE Academy,3,https://www.hltv.org/team/11790/ence-academy
2025-04-07,196,20336,ALASKA,3,https://www.hltv.org/team/13105/alaska
2025-04-07,197,23585,Floripa Stars,3,https://www.hltv.org/team/12867/floripa-stars
2025-04-07,198,6553,Tropa do KinGui,3,https://www.hltv.org/team/13151/tropa-do-kingui
2025-04-07,199,11872,FURIA fe,3,https://www.hltv.org/team/10976/furia-fe
2025-04-07,200,14242,WOPA,3,https://www.hltv.org/team/12787/wopa
2025-04-07,201,24325,PLUSH,3,https://www.hltv.org/team/13174/plush
2025-04-07,202,22191,Lazer Cats,3,https://www.hltv.org/team/12087/lazer-cats
2025-04-07,203,6536,BURN,3,https://www.hltv.org/team/13228/burn
2025-04-07,204,21775,LFO 3,3,https://www.hltv.org/team/13154/lfo-3
2025-04-07,205,20029,MIBR Academy,3,https://www.hltv.org/team/3044/mibr-academy
2025-04-07,206,9325,ex-Heimo,3,https://www.hltv.org/team/13203/ex-heimo
2025-04-07,207,20320,Underground,2,https://www.hltv.org/team/12707/underground
2025-04-07,208,1572,NIP Impact,2,https://www.hltv.org/team/11917/nip-impact
2025-04-07,209,24878,seoul,2,https://www.hltv.org/team/13194/seoul
2025-04-07,210,16861,Viperio,2,https://www.hltv.org/team/9506/viperio
2025-04-07,211,20351,KZG,2,https://www.hltv.org/team/12152/kzg
2025-04-07,212,20071,devils.one,2,https://www.hltv.org/team/9862/devilsone
2025-04-07,213,12898,Victores Sumus,2,https://www.hltv.org/team/12929/victores-sumus
2025-04-07,214,20199,SPARTA,2,https://www.hltv.org/team/13214/sparta
2025-04-07,215,8850,FlyQuest RED,2,https://www.hltv.org/team/12301/flyquest-red
2025-04-07,216,15762,Flshbck,2,https://www.hltv.org/team/13189/flshbck
2025-04-07,217,20521,Galorys,2,https://www.hltv.org/team/12677/galorys
2025-04-07,218,16341,MIBR fe,2,https://www.hltv.org/team/10975/mibr-fe
2025-04-07,219,10499,VELOX,2,https://www.hltv.org/team/10978/velox
2025-04-07,220,19002,Amped,2,https://www.hltv.org/team/13006/amped
2025-04-07,221,18437,Revel,2,https://www.hltv.org/team/11194/revel
2025-04-07,222,19973,2070,2,https://www.hltv.org/team/13052/2070
2025-04-07,223,20683,Rhyno,2,https://www.hltv.org/team/10947/rhyno
2025-04-07,224,19998,O PLANO,2,https://www.hltv.org/team/10994/o-plano
2025-04-07,225,22775,Justice For Tomorrow,2,https://www.hltv.org/team/13113/justice-for-tomorrow
2025-04-07,226,9818,HAVU,1,https://www.hltv.org/team/7865/havu
2025-04-07,227,5187,Steel Helmet,1,https://www.hltv.org/team/11273/steel-helmet
2025-04-07,228,22889,Lumen fe,1,https://www.hltv.org/team/12913/lumen-fe
2025-04-07,229,2498,Martians,1,https://www.hltv.org/team/13230/martians
2025-04-07,230,11258,MASONIC,1,https://www.hltv.org/team/10867/masonic
2025-04-07,231,1656,Prototype Blaze,1,https://www.hltv.org/team/13133/prototype-blaze
2025-04-07,232,7653,Eco Warriors,1,https://www.hltv.org/team/13121/eco-warriors
2025-04-07,233,16764,BIG EQUIPA,1,https://www.hltv.org/team/11718/big-equipa
2025-04-07,234,14819,Blahaj,1,https://www.hltv.org/team/13202/blahaj
2025-04-07,235,17916,Aether,1,https://www.hltv.org/team/12908/aether
2025-04-07,236,19297,RUSTEC,1,https://www.hltv.org/team/12834/rustec
2025-04-07,237,9238,thekillaz fe,1,https://www.hltv.org/team/12912/thekillaz-fe
2025-04-07,238,9241,Quem Sao Elas,1,https://www.hltv.org/team/11756/quem-sao-elas
2025-04-07,239,21909,undeRRRated,1,https://www.hltv.org/team/13225/underrrated
2025-04-07,240,8640,Ghost,1,https://www.hltv.org/team/7801/ghost
2025-04-07,241,8635,Black Mold,1,https://www.hltv.org/team/13143/black-mold
2025-04-07,242,23204,BRUTE,1,https://www.hltv.org/team/9139/brute
2025-04-07,243,18229,DMS,1,https://www.hltv.org/team/12747/dms
2025-04-07,244,16349,Lausanne,1,https://www.hltv.org/team/11645/lausanne
2025-04-07,245,23063,Bounty Hunters fe,1,https://www.hltv.org/team/13186/bounty-hunters-fe
2025-04-07,246,8566,NITRO,1,https://www.hltv.org/team/12915/nitro
2025-04-07,247,17652,Belfast Storm,1,https://www.hltv.org/team/12934/belfast-storm
2025-04-07,248,17071,Nouns fe,1,https://www.hltv.org/team/12556/nouns-fe
2025-04-07,249,23744,st4rboys,1,https://www.hltv.org/team/12983/st4rboys
2025-04-07,250,22308,X7,1,https://www.hltv.org/team/13227/x7
2025-04-07,251,22811,Kronjyllands,1,https://www.hltv.org/team/12797/kronjyllands
2025-04-07,252,23050,AKA HERO KAJO,1,https://www.hltv.org/team/13142/aka-hero-kajo
2025-04-07,253,20166,Spray and Slay,1,https://www.hltv.org/team/13187/spray-and-slay
2025-04-07,254,21727,Akuma,1,https://www.hltv.org/team/13134/akuma
2025-04-07,255,18774,CS2News Ladies,1,https://www.hltv.org/team/13168/cs2news-ladies
2025-04-07,256,18783,Let Her Cook,1,https://www.hltv.org/team/12421/let-her-cook
2025-04-07,257,16343,Messitas,0,https://www.hltv.org/team/13144/messitas
2025-04-07,258,24056,Reason,0,https://www.hltv.org/team/4822/reason
2025-04-07,259,23679,MEGA JUNERS,0,https://www.hltv.org/team/13135/mega-juners
2025-04-07,260,22461,ANTARCTICA,0,https://www.hltv.org/team/13207/antarctica
2025-04-07,261,10285,nomercy fe,0,https://www.hltv.org/team/13122/nomercy-fe
2025-04-07,262,22110,Nyx Empyre,0,https://www.hltv.org/team/13176/nyx-empyre
2025-04-07,263,24416,Brave Bears,0,https://www.hltv.org/team/13145/brave-bears
2025-03-31,1,7322,Vitality,962,https://www.hltv.org/team/9565/vitality
2025-03-31,2,7716,Spirit,909,https://www.hltv.org/team/7020/spirit
2025-03-31,3,13666,MOUZ,627,https://www.hltv.org/team/4494/mouz
2025-03-31,4,9816,Natus Vincere,530,https://www.hltv.org/team/4608/natus-vincere
2025-03-31,5,150,Eternal Fire,514,https://www.hltv.org/team/11251/eternal-fire
2025-03-31,6,2553,G2,451,https://www.hltv.org/team/5995/g2
2025-03-31,7,20194,The MongolZ,427,https://www.hltv.org/team/6248/the-mongolz
2025-03-31,8,429,FaZe,317,https://www.hltv.org/team/6667/faze
2025-03-31,9,3741,Falcons,228,https://www.hltv.org/team/11283/falcons
2025-03-31,10,4679,Liquid,213,https://www.hltv.org/team/5973/liquid
2025-03-31,11,8918,Virtus.pro,188,https://www.hltv.org/team/5378/virtuspro
2025-03-31,12,7592,Astralis,156,https://www.hltv.org/team/6665/astralis
2025-03-31,13,9278,GamerLegion,144,https://www.hltv.org/team/9928/gamerlegion
2025-03-31,14,8374,3DMAX,133,https://www.hltv.org/team/4914/3dmax
2025-03-31,15,2023,FURIA,127,https://www.hltv.org/team/8297/furia
2025-03-31,16,18141,paiN,124,https://www.hltv.org/team/4773/pain
2025-03-31,17,630,SAW,88,https://www.hltv.org/team/10567/saw
2025-03-31,18,11154,MIBR,80,https://www.hltv.org/team/9215/mibr
2025-03-31,19,15370,M80,76,https://www.hltv.org/team/12376/m80
2025-03-31,20,19164,HEROIC,68,https://www.hltv.org/team/7175/heroic
2025-03-31,21,5794,BIG,60,https://www.hltv.org/team/7532/big
2025-03-31,22,11840,BetBoom,54,https://www.hltv.org/team/12394/betboom
2025-03-31,23,8507,Wildcard,51,https://www.hltv.org/team/12257/wildcard
2025-03-31,24,8552,TYLOO,45,https://www.hltv.org/team/4863/tyloo
2025-03-31,25,11630,Complexity,40,https://www.hltv.org/team/5005/complexity
2025-03-31,26,10588,FlyQuest,38,https://www.hltv.org/team/12774/flyquest
2025-03-31,27,12822,Imperial,33,https://www.hltv.org/team/9455/imperial
2025-03-31,28,8248,BC.Game,31,https://www.hltv.org/team/12878/bcgame
2025-03-31,29,20387,Nemiga,30,https://www.hltv.org/team/7969/nemiga
2025-03-31,30,19592,B8,29,https://www.hltv.org/team/11241/b8
2025-03-31,31,19044,OG,28,https://www.hltv.org/team/10503/og
2025-03-31,32,11217,500,27,https://www.hltv.org/team/12000/500
2025-03-31,33,16551,Lynn Vision,24,https://www.hltv.org/team/8840/lynn-vision
2025-03-31,34,7028,Rare Atom,24,https://www.hltv.org/team/11514/rare-atom
2025-03-31,35,13239,PARIVISION,24,https://www.hltv.org/team/12467/parivision
2025-03-31,36,7687,NRG,22,https://www.hltv.org/team/6673/nrg
2025-03-31,37,20584,NAVI Junior,21,https://www.hltv.org/team/10371/navi-junior
2025-03-31,38,7528,fnatic,21,https://www.hltv.org/team/4991/fnatic
2025-03-31,39,7412,ENCE,20,https://www.hltv.org/team/4869/ence
2025-03-31,40,12004,Aurora,19,https://www.hltv.org/team/11861/aurora
2025-03-31,41,17622,BLUEJAYS,19,https://www.hltv.org/team/5347/bluejays
2025-03-31,42,22864,Spirit Academy,18,https://www.hltv.org/team/7900/spirit-academy
2025-03-31,43,9766,Metizport,18,https://www.hltv.org/team/11641/metizport
2025-03-31,44,2898,9INE,18,https://www.hltv.org/team/10278/9ine
2025-03-31,45,15698,Legacy,18,https://www.hltv.org/team/12468/legacy
2025-03-31,46,12027,9 Pandas,17,https://www.hltv.org/team/11883/9-pandas
2025-03-31,47,15072,The Huns,16,https://www.hltv.org/team/12510/the-huns
2025-03-31,48,10961,ECSTATIC,16,https://www.hltv.org/team/11419/ecstatic
2025-03-31,49,17508,CYBERSHOKE,15,https://www.hltv.org/team/12380/cybershoke
2025-03-31,50,18070,Betclic,15,https://www.hltv.org/team/12916/betclic
2025-03-31,51,14388,ECLOT,14,https://www.hltv.org/team/7441/eclot
2025-03-31,52,17008,Passion UA,14,https://www.hltv.org/team/12426/passion-ua
2025-03-31,53,5351,Zero Tenacity,14,https://www.hltv.org/team/11523/zero-tenacity
2025-03-31,54,922,Ninjas in Pyjamas,14,https://www.hltv.org/team/4411/ninjas-in-pyjamas
2025-03-31,55,7805,Nouns,13,https://www.hltv.org/team/11948/nouns
2025-03-31,56,16848,Monte,13,https://www.hltv.org/team/11811/monte
2025-03-31,57,20558,Sharks,13,https://www.hltv.org/team/8113/sharks
2025-03-31,58,15060,Chinggis Warriors,13,https://www.hltv.org/team/12646/chinggis-warriors
2025-03-31,59,13240,GUN5,13,https://www.hltv.org/team/12471/gun5
2025-03-31,60,8371,Iberian Soul,12,https://www.hltv.org/team/13104/iberian-soul
2025-03-31,61,12937,Marsborne,12,https://www.hltv.org/team/13124/marsborne
2025-03-31,62,12521,Fluxo,12,https://www.hltv.org/team/11837/fluxo
2025-03-31,63,8488,SINNERS,12,https://www.hltv.org/team/10577/sinners
2025-03-31,64,14390,ODDIK,12,https://www.hltv.org/team/11768/oddik
2025-03-31,65,9521,ATOX,11,https://www.hltv.org/team/12312/atox
2025-03-31,66,10892,Getting Info,11,https://www.hltv.org/team/13106/getting-info
2025-03-31,67,3459,RUSH B,11,https://www.hltv.org/team/12559/rush-b
2025-03-31,68,8565,RED Canids,11,https://www.hltv.org/team/7176/red-canids
2025-03-31,69,1646,Imperial Valkyries,11,https://www.hltv.org/team/12828/imperial-valkyries
2025-03-31,70,2476,Partizan,11,https://www.hltv.org/team/11838/partizan
2025-03-31,71,20421,Leo,11,https://www.hltv.org/team/11446/leo
2025-03-31,72,18752,HOTU,11,https://www.hltv.org/team/11581/hotu
2025-03-31,73,22643,TNL,10,https://www.hltv.org/team/12833/tnl
2025-03-31,74,11139,SemperFi,10,https://www.hltv.org/team/12901/semperfi
2025-03-31,75,13843,Sashi,10,https://www.hltv.org/team/11712/sashi
2025-03-31,76,9483,Solid,10,https://www.hltv.org/team/12233/solid
2025-03-31,77,12092,9z,10,https://www.hltv.org/team/9996/9z
2025-03-31,78,8212,Fire Flux,9,https://www.hltv.org/team/12960/fire-flux
2025-03-31,79,16768,DogEvil,9,https://www.hltv.org/team/13148/dogevil
2025-03-31,80,2131,FAVBET,9,https://www.hltv.org/team/12818/favbet
2025-03-31,81,19591,LFO 4,8,https://www.hltv.org/team/13219/lfo-4
2025-03-31,82,21431,AMKAL,8,https://www.hltv.org/team/12586/amkal
2025-03-31,83,11485,ex-TALON,8,https://www.hltv.org/team/13212/ex-talon
2025-03-31,84,21445,Hesta,8,https://www.hltv.org/team/13153/hesta
2025-03-31,85,12793,Fisher College,8,https://www.hltv.org/team/12769/fisher-college
2025-03-31,86,13317,JiJieHao,8,https://www.hltv.org/team/10245/jijiehao
2025-03-31,87,2161,BESTIA,8,https://www.hltv.org/team/12144/bestia
2025-03-31,88,14799,Vagrants,8,https://www.hltv.org/team/12611/vagrants
2025-03-31,89,20956,RUBY,7,https://www.hltv.org/team/12694/ruby
2025-03-31,90,20167,NEVERMORE,7,https://www.hltv.org/team/13157/nevermore
2025-03-31,91,17316,Betera,7,https://www.hltv.org/team/12431/betera
2025-03-31,92,18447,ARCRED,7,https://www.hltv.org/team/10459/arcred
2025-03-31,93,12877,Rooster,7,https://www.hltv.org/team/9881/rooster
2025-03-31,94,12102,MIGHT,7,https://www.hltv.org/team/12483/might
2025-03-31,95,13250,Party Astronauts,7,https://www.hltv.org/team/8038/party-astronauts
2025-03-31,96,13669,CPH Wolves,7,https://www.hltv.org/team/4548/cph-wolves
2025-03-31,97,12872,Housebets,7,https://www.hltv.org/team/12921/housebets
2025-03-31,98,16814,Flamengo,7,https://www.hltv.org/team/12065/flamengo
2025-03-31,99,18638,Eruption,7,https://www.hltv.org/team/12097/eruption
2025-03-31,100,23223,Immigrants peek,7,https://www.hltv.org/team/13067/immigrants-peek
2025-03-31,101,1206,Nexus,7,https://www.hltv.org/team/7187/nexus
2025-03-31,102,21397,THE,7,https://www.hltv.org/team/12955/the
2025-03-31,103,7443,Alliance,7,https://www.hltv.org/team/12474/alliance
2025-03-31,104,8503,Mythic,7,https://www.hltv.org/team/5479/mythic
2025-03-31,105,9108,Mindfreak,7,https://www.hltv.org/team/11668/mindfreak
2025-03-31,106,3669,Rebels,7,https://www.hltv.org/team/12642/rebels
2025-03-31,107,21213,BASEMENT BOYS,6,https://www.hltv.org/team/13181/basement-boys
2025-03-31,108,16835,Swingers,6,https://www.hltv.org/team/13109/swingers
2025-03-31,109,22544,Take Flyte,6,https://www.hltv.org/team/11660/take-flyte
2025-03-31,110,19133,Gods Reign,6,https://www.hltv.org/team/12415/gods-reign
2025-03-31,111,16147,kONO,6,https://www.hltv.org/team/12858/kono
2025-03-31,112,8891,Tricked,6,https://www.hltv.org/team/4602/tricked
2025-03-31,113,7996,WildLotus,6,https://www.hltv.org/team/13184/wildlotus
2025-03-31,114,19123,SUPER EVIL GANG,6,https://www.hltv.org/team/13177/super-evil-gang
2025-03-31,115,16102,GTZ,6,https://www.hltv.org/team/9466/gtz
2025-03-31,116,7168,Mercenaires,5,https://www.hltv.org/team/13172/mercenaires
2025-03-31,117,12094,Dusty Roots,5,https://www.hltv.org/team/12548/dusty-roots
2025-03-31,118,11532,LOBOARMY,5,https://www.hltv.org/team/13198/loboarmy
2025-03-31,119,11940,NOVAQ,5,https://www.hltv.org/team/13178/novaq
2025-03-31,120,15118,GhoulsW,5,https://www.hltv.org/team/12377/ghoulsw
2025-03-31,121,19872,ShindeN,5,https://www.hltv.org/team/12959/shinden
2025-03-31,122,6593,2GAME,5,https://www.hltv.org/team/12491/2game
2025-03-31,123,14394,Bounty Hunters,5,https://www.hltv.org/team/12776/bounty-hunters
2025-03-31,124,22998,FengDa,5,https://www.hltv.org/team/12899/fengda
2025-03-31,125,9255,Johnny Speeds,5,https://www.hltv.org/team/12604/johnny-speeds
2025-03-31,126,24081,Garden Garage,5,https://www.hltv.org/team/13191/garden-garage
2025-03-31,127,20572,Akimbo,5,https://www.hltv.org/team/12567/akimbo
2025-03-31,128,20258,NinJa,5,https://www.hltv.org/team/13211/ninja
2025-03-31,129,22408,LFO 2,5,https://www.hltv.org/team/13114/lfo-2
2025-03-31,130,20278,Elevate,5,https://www.hltv.org/team/5775/elevate
2025-03-31,131,8598,Just Swing,5,https://www.hltv.org/team/13053/just-swing
2025-03-31,132,10774,Only One Word,5,https://www.hltv.org/team/11263/only-one-word
2025-03-31,133,20946,BAKS,5,https://www.hltv.org/team/11699/baks
2025-03-31,134,19590,ALGO,4,https://www.hltv.org/team/13163/algo
2025-03-31,135,13689,Bad News Capybaras,4,https://www.hltv.org/team/13112/bad-news-capybaras
2025-03-31,136,23316,Spray Jutsu,4,https://www.hltv.org/team/13204/spray-jutsu
2025-03-31,137,18442,Chicken Coop,4,https://www.hltv.org/team/13107/chicken-coop
2025-03-31,138,22459,Chimera,4,https://www.hltv.org/team/13098/chimera
2025-03-31,139,19978,NomadS,4,https://www.hltv.org/team/12900/nomads
2025-03-31,140,8528,1win,4,https://www.hltv.org/team/10621/1win
2025-03-31,141,18510,Insilio,4,https://www.hltv.org/team/12124/insilio
2025-03-31,142,695,JANO,4,https://www.hltv.org/team/11827/jano
2025-03-31,143,17305,benched,4,https://www.hltv.org/team/11138/benched
2025-03-31,144,23384,ALLINNERS,4,https://www.hltv.org/team/12812/allinners
2025-03-31,145,23680,-72c,4,https://www.hltv.org/team/12546/72c
2025-03-31,146,12708,Bad News Eagles,4,https://www.hltv.org/team/11518/bad-news-eagles
2025-03-31,147,3849,EYEBALLERS,4,https://www.hltv.org/team/11737/eyeballers
2025-03-31,148,13618,Young Ninjas,4,https://www.hltv.org/team/10960/young-ninjas
2025-03-31,149,798,Inner Circle,4,https://www.hltv.org/team/13117/inner-circle
2025-03-31,150,19575,K27,4,https://www.hltv.org/team/12895/k27
2025-03-31,151,12945,Sangal,4,https://www.hltv.org/team/10333/sangal
2025-03-31,152,16865,Wanted Goons,4,https://www.hltv.org/team/12971/wanted-goons
2025-03-31,153,21367,FORZE Reload,4,https://www.hltv.org/team/12857/forze-reload
2025-03-31,154,10479,Al-Ittihad,4,https://www.hltv.org/team/12958/al-ittihad
2025-03-31,155,12777,Kubix,4,https://www.hltv.org/team/12847/kubix
2025-03-31,156,12612,UNiTY,4,https://www.hltv.org/team/12267/unity
2025-03-31,157,19857,Tsunami,4,https://www.hltv.org/team/12180/tsunami
2025-03-31,158,22364,Yawara,4,https://www.hltv.org/team/11933/yawara
2025-03-31,159,20281,Dark Cloud,4,https://www.hltv.org/team/13158/dark-cloud
2025-03-31,160,16581,Supernova Comets,4,https://www.hltv.org/team/13146/supernova-comets
2025-03-31,161,12025,TGM,4,https://www.hltv.org/team/13160/tgm
2025-03-31,162,8726,LEON,4,https://www.hltv.org/team/12670/leon
2025-03-31,163,9445,AK BARS,4,https://www.hltv.org/team/12997/ak-bars
2025-03-31,164,9214,Marca Registrada,4,https://www.hltv.org/team/12927/marca-registrada
2025-03-31,165,15203,ESC,4,https://www.hltv.org/team/4532/esc
2025-03-31,166,15062,IHC,4,https://www.hltv.org/team/11585/ihc
2025-03-31,167,8943,Shika,4,https://www.hltv.org/team/13147/shika
2025-03-31,168,14010,UNO MILLE,4,https://www.hltv.org/team/11555/uno-mille
2025-03-31,169,20431,LAG,4,https://www.hltv.org/team/11955/lag
2025-03-31,170,9221,KRÜ,4,https://www.hltv.org/team/10900/kr
2025-03-31,171,16861,Viperio,4,https://www.hltv.org/team/9506/viperio
2025-03-31,172,21023,PCIFIC,3,https://www.hltv.org/team/13054/pcific
2025-03-31,173,22430,Nuclear TigeRES,3,https://www.hltv.org/team/13027/nuclear-tigeres
2025-03-31,174,17997,Prasso,3,https://www.hltv.org/team/13166/prasso
2025-03-31,175,20330,InControl,3,https://www.hltv.org/team/7720/incontrol
2025-03-31,176,23160,Worms,3,https://www.hltv.org/team/13218/worms
2025-03-31,177,20336,ALASKA,3,https://www.hltv.org/team/13105/alaska
2025-03-31,178,22589,regain,3,https://www.hltv.org/team/12554/regain
2025-03-31,179,19831,América,3,https://www.hltv.org/team/4326/amrica
2025-03-31,180,20815,8Sins,3,https://www.hltv.org/team/13024/8sins
2025-03-31,181,9656,Adventurers,3,https://www.hltv.org/team/13118/adventurers
2025-03-31,182,21775,LFO 3,3,https://www.hltv.org/team/13154/lfo-3
2025-03-31,183,12736,Permitta,3,https://www.hltv.org/team/12009/permitta
2025-03-31,184,9616,MINLATE,3,https://www.hltv.org/team/6626/minlate
2025-03-31,185,20677,ENCE Academy,3,https://www.hltv.org/team/11790/ence-academy
2025-03-31,186,23001,Change The Game,3,https://www.hltv.org/team/13175/change-the-game
2025-03-31,187,20396,Vantage,3,https://www.hltv.org/team/12455/vantage
2025-03-31,188,21988,Leça,3,https://www.hltv.org/team/13210/lea
2025-03-31,189,16661,Players,3,https://www.hltv.org/team/11711/players
2025-03-31,190,284,GenOne,3,https://www.hltv.org/team/11609/genone
2025-03-31,191,8151,Preasy,3,https://www.hltv.org/team/12334/preasy
2025-03-31,192,20018,Wildcard Academy,3,https://www.hltv.org/team/13127/wildcard-academy
2025-03-31,193,10827,GameHunters,3,https://www.hltv.org/team/12988/gamehunters
2025-03-31,194,18146,The QUBE,3,https://www.hltv.org/team/12825/the-qube
2025-03-31,195,11739,W7M,3,https://www.hltv.org/team/8574/w7m
2025-03-31,196,22410,harizma,2,https://www.hltv.org/team/13115/harizma
2025-03-31,197,22566,paiN Academy,2,https://www.hltv.org/team/11905/pain-academy
2025-03-31,198,22191,Lazer Cats,2,https://www.hltv.org/team/12087/lazer-cats
2025-03-31,199,9144,MANTRA,2,https://www.hltv.org/team/12472/mantra
2025-03-31,200,14242,WOPA,2,https://www.hltv.org/team/12787/wopa
2025-03-31,201,24281,PLUSH,2,https://www.hltv.org/team/13174/plush
2025-03-31,202,20521,Galorys,2,https://www.hltv.org/team/12677/galorys
2025-03-31,203,6553,Tropa do KinGui,2,https://www.hltv.org/team/13151/tropa-do-kingui
2025-03-31,204,6536,BURN,2,https://www.hltv.org/team/13228/burn
2025-03-31,205,10938,Astralis Talent,2,https://www.hltv.org/team/10954/astralis-talent
2025-03-31,206,20029,MIBR Academy,2,https://www.hltv.org/team/3044/mibr-academy
2025-03-31,207,9325,ex-Heimo,2,https://www.hltv.org/team/13203/ex-heimo
2025-03-31,208,1572,NIP Impact,2,https://www.hltv.org/team/11917/nip-impact
2025-03-31,209,7653,Eco Warriors,2,https://www.hltv.org/team/13121/eco-warriors
2025-03-31,210,8566,NITRO,2,https://www.hltv.org/team/12915/nitro
2025-03-31,211,23585,Floripa Stars,2,https://www.hltv.org/team/12867/floripa-stars
2025-03-31,212,24878,seoul,2,https://www.hltv.org/team/13194/seoul
2025-03-31,213,20071,devils.one,2,https://www.hltv.org/team/9862/devilsone
2025-03-31,214,12898,Victores Sumus,2,https://www.hltv.org/team/12929/victores-sumus
2025-03-31,215,20351,KZG,2,https://www.hltv.org/team/12152/kzg
2025-03-31,216,8850,FlyQuest RED,2,https://www.hltv.org/team/12301/flyquest-red
2025-03-31,217,15762,Flshbck,2,https://www.hltv.org/team/13189/flshbck
2025-03-31,218,20199,SPARTA,2,https://www.hltv.org/team/13214/sparta
2025-03-31,219,11872,FURIA fe,2,https://www.hltv.org/team/10976/furia-fe
2025-03-31,220,16341,MIBR fe,2,https://www.hltv.org/team/10975/mibr-fe
2025-03-31,221,19002,Amped,1,https://www.hltv.org/team/13006/amped
2025-03-31,222,18437,Revel,1,https://www.hltv.org/team/11194/revel
2025-03-31,223,19973,2070,1,https://www.hltv.org/team/13052/2070
2025-03-31,224,22775,Justice For Tomorrow,1,https://www.hltv.org/team/13113/justice-for-tomorrow
2025-03-31,225,20683,Rhyno,1,https://www.hltv.org/team/10947/rhyno
2025-03-31,226,20320,Underground,1,https://www.hltv.org/team/12707/underground
2025-03-31,227,10499,VELOX,1,https://www.hltv.org/team/10978/velox
2025-03-31,228,16424,Nostalgia,1,https://www.hltv.org/team/13208/nostalgia
2025-03-31,229,9818,HAVU,1,https://www.hltv.org/team/7865/havu
2025-03-31,230,24646,Delta,1,https://www.hltv.org/team/13057/delta
2025-03-31,231,5187,Steel Helmet,1,https://www.hltv.org/team/11273/steel-helmet
2025-03-31,232,19998,O PLANO,1,https://www.hltv.org/team/10994/o-plano
2025-03-31,233,12705,Volt,1,https://www.hltv.org/team/13090/volt
2025-03-31,234,2498,Martians,1,https://www.hltv.org/team/13230/martians
2025-03-31,235,11258,MASONIC,1,https://www.hltv.org/team/10867/masonic
2025-03-31,236,8635,Black Mold,1,https://www.hltv.org/team/13143/black-mold
2025-03-31,237,9238,thekillaz fe,1,https://www.hltv.org/team/12912/thekillaz-fe
2025-03-31,238,22889,Lumen fe,1,https://www.hltv.org/team/12913/lumen-fe
2025-03-31,239,14819,Blahaj,1,https://www.hltv.org/team/13202/blahaj
2025-03-31,240,17916,Aether,1,https://www.hltv.org/team/12908/aether
2025-03-31,241,19297,RUSTEC,1,https://www.hltv.org/team/12834/rustec
2025-03-31,242,18229,DMS,1,https://www.hltv.org/team/12747/dms
2025-03-31,243,8640,Ghost,1,https://www.hltv.org/team/7801/ghost
2025-03-31,244,1656,Prototype Blaze,1,https://www.hltv.org/team/13133/prototype-blaze
2025-03-31,245,21909,undeRRRated,1,https://www.hltv.org/team/13225/underrrated
2025-03-31,246,16764,BIG EQUIPA,1,https://www.hltv.org/team/11718/big-equipa
2025-03-31,247,23050,AKA HERO KAJO,1,https://www.hltv.org/team/13142/aka-hero-kajo
2025-03-31,248,23204,BRUTE,1,https://www.hltv.org/team/9139/brute
2025-03-31,249,23063,Bounty Hunters fe,1,https://www.hltv.org/team/13186/bounty-hunters-fe
2025-03-31,250,16349,Lausanne,1,https://www.hltv.org/team/11645/lausanne
2025-03-31,251,20166,Spray and Slay,1,https://www.hltv.org/team/13187/spray-and-slay
2025-03-31,252,9241,Quem Sao Elas,1,https://www.hltv.org/team/11756/quem-sao-elas
2025-03-31,253,17071,Nouns fe,1,https://www.hltv.org/team/12556/nouns-fe
2025-03-31,254,18774,CS2News Ladies,1,https://www.hltv.org/team/13168/cs2news-ladies
2025-03-31,255,17652,Belfast Storm,1,https://www.hltv.org/team/12934/belfast-storm
2025-03-31,256,23744,st4rboys,1,https://www.hltv.org/team/12983/st4rboys
2025-03-31,257,22308,X7,1,https://www.hltv.org/team/13227/x7
2025-03-31,258,22811,Kronjyllands,0,https://www.hltv.org/team/12797/kronjyllands
2025-03-31,259,21727,Akuma,0,https://www.hltv.org/team/13134/akuma
2025-03-31,260,10285,nomercy fe,0,https://www.hltv.org/team/13122/nomercy-fe
2025-03-31,261,18783,Let Her Cook,0,https://www.hltv.org/team/12421/let-her-cook
2025-03-31,262,16343,Messitas,0,https://www.hltv.org/team/13144/messitas
2025-03-31,263,21034,Reason,0,https://www.hltv.org/team/4822/reason
2025-03-31,264,23679,MEGA JUNERS,0,https://www.hltv.org/team/13135/mega-juners
2025-03-31,265,22110,Nyx Empyre,0,https://www.hltv.org/team/13176/nyx-empyre
2025-03-31,266,22461,ANTARCTICA,0,https://www.hltv.org/team/13207/antarctica
2025-03-31,267,22605,SAW Myst,0,https://www.hltv.org/team/13140/saw-myst
2025-03-31,268,24416,Brave Bears,0,https://www.hltv.org/team/13145/brave-bears
2025-03-24,1,7716,Spirit,921,https://www.hltv.org/team/7020/spirit
2025-03-24,2,7322,Vitality,834,https://www.hltv.org/team/9565/vitality
2025-03-24,3,9816,Natus Vincere,545,https://www.hltv.org/team/4608/natus-vincere
2025-03-24,4,13666,MOUZ,499,https://www.hltv.org/team/4494/mouz
2025-03-24,5,150,Eternal Fire,482,https://www.hltv.org/team/11251/eternal-fire
2025-03-24,6,20194,The MongolZ,462,https://www.hltv.org/team/6248/the-mongolz
2025-03-24,7,2553,G2,424,https://www.hltv.org/team/5995/g2
2025-03-24,8,429,FaZe,350,https://www.hltv.org/team/6667/faze
2025-03-24,9,4679,Liquid,242,https://www.hltv.org/team/5973/liquid
2025-03-24,10,3741,Falcons,235,https://www.hltv.org/team/11283/falcons
2025-03-24,11,8918,Virtus.pro,203,https://www.hltv.org/team/5378/virtuspro
2025-03-24,12,7592,Astralis,182,https://www.hltv.org/team/6665/astralis
2025-03-24,13,9278,GamerLegion,178,https://www.hltv.org/team/9928/gamerlegion
2025-03-24,14,8374,3DMAX,161,https://www.hltv.org/team/4914/3dmax
2025-03-24,15,2023,FURIA,146,https://www.hltv.org/team/8297/furia
2025-03-24,16,18141,paiN,138,https://www.hltv.org/team/4773/pain
2025-03-24,17,11154,MIBR,91,https://www.hltv.org/team/9215/mibr
2025-03-24,18,630,SAW,91,https://www.hltv.org/team/10567/saw
2025-03-24,19,19164,HEROIC,79,https://www.hltv.org/team/7175/heroic
2025-03-24,20,5794,BIG,74,https://www.hltv.org/team/7532/big
2025-03-24,21,15370,M80,60,https://www.hltv.org/team/12376/m80
2025-03-24,22,8507,Wildcard,59,https://www.hltv.org/team/12257/wildcard
2025-03-24,23,11840,BetBoom,58,https://www.hltv.org/team/12394/betboom
2025-03-24,24,8552,TYLOO,47,https://www.hltv.org/team/4863/tyloo
2025-03-24,25,11630,Complexity,44,https://www.hltv.org/team/5005/complexity
2025-03-24,26,10588,FlyQuest,40,https://www.hltv.org/team/12774/flyquest
2025-03-24,27,8248,BC.Game,33,https://www.hltv.org/team/12878/bcgame
2025-03-24,28,19044,OG,32,https://www.hltv.org/team/10503/og
2025-03-24,29,19592,B8,30,https://www.hltv.org/team/11241/b8
2025-03-24,30,11217,500,30,https://www.hltv.org/team/12000/500
2025-03-24,31,12822,Imperial,29,https://www.hltv.org/team/9455/imperial
2025-03-24,32,20387,Nemiga,29,https://www.hltv.org/team/7969/nemiga
2025-03-24,33,13239,PARIVISION,28,https://www.hltv.org/team/12467/parivision
2025-03-24,34,7028,Rare Atom,25,https://www.hltv.org/team/11514/rare-atom
2025-03-24,35,7412,ENCE,23,https://www.hltv.org/team/4869/ence
2025-03-24,36,16551,Lynn Vision,23,https://www.hltv.org/team/8840/lynn-vision
2025-03-24,37,20584,NAVI Junior,22,https://www.hltv.org/team/10371/navi-junior
2025-03-24,38,7528,fnatic,21,https://www.hltv.org/team/4991/fnatic
2025-03-24,39,7687,NRG,20,https://www.hltv.org/team/6673/nrg
2025-03-24,40,22864,Spirit Academy,19,https://www.hltv.org/team/7900/spirit-academy
2025-03-24,41,17622,BLUEJAYS,19,https://www.hltv.org/team/5347/bluejays
2025-03-24,42,18070,Betclic,18,https://www.hltv.org/team/12916/betclic
2025-03-24,43,15698,Legacy,18,https://www.hltv.org/team/12468/legacy
2025-03-24,44,2898,9INE,17,https://www.hltv.org/team/10278/9ine
2025-03-24,45,10961,ECSTATIC,16,https://www.hltv.org/team/11419/ecstatic
2025-03-24,46,12027,9 Pandas,16,https://www.hltv.org/team/11883/9-pandas
2025-03-24,47,14388,ECLOT,16,https://www.hltv.org/team/7441/eclot
2025-03-24,48,12004,Aurora,15,https://www.hltv.org/team/11861/aurora
2025-03-24,49,17508,CYBERSHOKE,15,https://www.hltv.org/team/12380/cybershoke
2025-03-24,50,8488,SINNERS,15,https://www.hltv.org/team/10577/sinners
2025-03-24,51,5351,Zero Tenacity,15,https://www.hltv.org/team/11523/zero-tenacity
2025-03-24,52,20558,Sharks,15,https://www.hltv.org/team/8113/sharks
2025-03-24,53,16848,Monte,14,https://www.hltv.org/team/11811/monte
2025-03-24,54,17008,Passion UA,14,https://www.hltv.org/team/12426/passion-ua
2025-03-24,55,1646,Imperial Valkyries,13,https://www.hltv.org/team/12828/imperial-valkyries
2025-03-24,56,12521,Fluxo,12,https://www.hltv.org/team/11837/fluxo
2025-03-24,57,9521,ATOX,12,https://www.hltv.org/team/12312/atox
2025-03-24,58,10892,Getting Info,12,https://www.hltv.org/team/13106/getting-info
2025-03-24,59,9483,Solid,12,https://www.hltv.org/team/12233/solid
2025-03-24,60,7805,Nouns,12,https://www.hltv.org/team/11948/nouns
2025-03-24,61,15060,Chinggis Warriors,12,https://www.hltv.org/team/12646/chinggis-warriors
2025-03-24,62,9766,Metizport,11,https://www.hltv.org/team/11641/metizport
2025-03-24,63,20421,Leo,11,https://www.hltv.org/team/11446/leo
2025-03-24,64,13240,GUN5,11,https://www.hltv.org/team/12471/gun5
2025-03-24,65,2476,Partizan,11,https://www.hltv.org/team/11838/partizan
2025-03-24,66,3459,RUSH B,11,https://www.hltv.org/team/12559/rush-b
2025-03-24,67,19591,LFO 4,11,https://www.hltv.org/team/13219/lfo-4
2025-03-24,68,12092,9z,11,https://www.hltv.org/team/9996/9z
2025-03-24,69,12937,Marsborne,10,https://www.hltv.org/team/13124/marsborne
2025-03-24,70,15072,The Huns,10,https://www.hltv.org/team/12510/the-huns
2025-03-24,71,922,Ninjas in Pyjamas,10,https://www.hltv.org/team/4411/ninjas-in-pyjamas
2025-03-24,72,13843,Sashi,10,https://www.hltv.org/team/11712/sashi
2025-03-24,73,2131,FAVBET,9,https://www.hltv.org/team/12818/favbet
2025-03-24,74,8565,RED Canids,9,https://www.hltv.org/team/7176/red-canids
2025-03-24,75,11139,SemperFi,9,https://www.hltv.org/team/12901/semperfi
2025-03-24,76,8371,Iberian Soul,9,https://www.hltv.org/team/13104/iberian-soul
2025-03-24,77,13669,CPH Wolves,9,https://www.hltv.org/team/4548/cph-wolves
2025-03-24,78,18447,ARCRED,9,https://www.hltv.org/team/10459/arcred
2025-03-24,79,14390,ODDIK,9,https://www.hltv.org/team/11768/oddik
2025-03-24,80,18752,HOTU,9,https://www.hltv.org/team/11581/hotu
2025-03-24,81,17316,Betera,9,https://www.hltv.org/team/12431/betera
2025-03-24,82,22643,TNL,9,https://www.hltv.org/team/12833/tnl
2025-03-24,83,8212,Fire Flux,9,https://www.hltv.org/team/12960/fire-flux
2025-03-24,84,7443,Alliance,8,https://www.hltv.org/team/12474/alliance
2025-03-24,85,21445,Hesta,8,https://www.hltv.org/team/13153/hesta
2025-03-24,86,3669,Rebels,8,https://www.hltv.org/team/12642/rebels
2025-03-24,87,13250,Party Astronauts,8,https://www.hltv.org/team/8038/party-astronauts
2025-03-24,88,2161,BESTIA,8,https://www.hltv.org/team/12144/bestia
2025-03-24,89,20956,RUBY,8,https://www.hltv.org/team/12694/ruby
2025-03-24,90,20167,NEVERMORE,8,https://www.hltv.org/team/13157/nevermore
2025-03-24,91,12793,Fisher College,8,https://www.hltv.org/team/12769/fisher-college
2025-03-24,92,11485,ex-TALON,8,https://www.hltv.org/team/13212/ex-talon
2025-03-24,93,19133,Gods Reign,8,https://www.hltv.org/team/12415/gods-reign
2025-03-24,94,7168,Mercenaires,8,https://www.hltv.org/team/13172/mercenaires
2025-03-24,95,1206,Nexus,8,https://www.hltv.org/team/7187/nexus
2025-03-24,96,12872,Housebets,7,https://www.hltv.org/team/12921/housebets
2025-03-24,97,16768,DogEvil,7,https://www.hltv.org/team/13148/dogevil
2025-03-24,98,23223,Immigrants peek,7,https://www.hltv.org/team/13067/immigrants-peek
2025-03-24,99,16147,kONO,7,https://www.hltv.org/team/12858/kono
2025-03-24,100,9108,Mindfreak,7,https://www.hltv.org/team/11668/mindfreak
2025-03-24,101,11532,LOBOARMY,7,https://www.hltv.org/team/13198/loboarmy
2025-03-24,102,21213,BASEMENT BOYS,7,https://www.hltv.org/team/13181/basement-boys
2025-03-24,103,13317,JiJieHao,7,https://www.hltv.org/team/10245/jijiehao
2025-03-24,104,18638,Eruption,7,https://www.hltv.org/team/12097/eruption
2025-03-24,105,22544,Take Flyte,7,https://www.hltv.org/team/11660/take-flyte
2025-03-24,106,21431,AMKAL,7,https://www.hltv.org/team/12586/amkal
2025-03-24,107,8891,Tricked,7,https://www.hltv.org/team/4602/tricked
2025-03-24,108,14799,Vagrants,6,https://www.hltv.org/team/12611/vagrants
2025-03-24,109,12877,Rooster,6,https://www.hltv.org/team/9881/rooster
2025-03-24,110,16814,Flamengo,6,https://www.hltv.org/team/12065/flamengo
2025-03-24,111,11271,WildLotus,6,https://www.hltv.org/team/13184/wildlotus
2025-03-24,112,16102,GTZ,6,https://www.hltv.org/team/9466/gtz
2025-03-24,113,14394,Bounty Hunters,6,https://www.hltv.org/team/12776/bounty-hunters
2025-03-24,114,20572,Akimbo,6,https://www.hltv.org/team/12567/akimbo
2025-03-24,115,16835,Swingers,6,https://www.hltv.org/team/13109/swingers
2025-03-24,116,19575,K27,6,https://www.hltv.org/team/12895/k27
2025-03-24,117,12102,MIGHT,6,https://www.hltv.org/team/12483/might
2025-03-24,118,23680,-72c,6,https://www.hltv.org/team/12546/72c
2025-03-24,119,16865,Wanted Goons,5,https://www.hltv.org/team/12971/wanted-goons
2025-03-24,120,8503,Mythic,5,https://www.hltv.org/team/5479/mythic
2025-03-24,121,15118,GhoulsW,5,https://www.hltv.org/team/12377/ghoulsw
2025-03-24,122,22998,FengDa,5,https://www.hltv.org/team/12899/fengda
2025-03-24,123,9255,Johnny Speeds,5,https://www.hltv.org/team/12604/johnny-speeds
2025-03-24,124,8598,Just Swing,5,https://www.hltv.org/team/13053/just-swing
2025-03-24,125,24081,Garden Garage,5,https://www.hltv.org/team/13191/garden-garage
2025-03-24,126,20278,Elevate,5,https://www.hltv.org/team/5775/elevate
2025-03-24,127,22408,LFO 2,5,https://www.hltv.org/team/13114/lfo-2
2025-03-24,128,23114,THE,5,https://www.hltv.org/team/12955/the
2025-03-24,129,12094,Dusty Roots,5,https://www.hltv.org/team/12548/dusty-roots
2025-03-24,130,19123,SUPER EVIL GANG,5,https://www.hltv.org/team/13177/super-evil-gang
2025-03-24,131,20946,BAKS,5,https://www.hltv.org/team/11699/baks
2025-03-24,132,13689,Bad News Capybaras,5,https://www.hltv.org/team/13112/bad-news-capybaras
2025-03-24,133,16581,Supernova Comets,5,https://www.hltv.org/team/13146/supernova-comets
2025-03-24,134,19590,ALGO,5,https://www.hltv.org/team/13163/algo
2025-03-24,135,19872,ShindeN,5,https://www.hltv.org/team/12959/shinden
2025-03-24,136,9221,KRÜ,5,https://www.hltv.org/team/10900/kr
2025-03-24,137,23316,Spray Jutsu,5,https://www.hltv.org/team/13204/spray-jutsu
2025-03-24,138,8528,1win,5,https://www.hltv.org/team/10621/1win
2025-03-24,139,23160,Worms,5,https://www.hltv.org/team/13218/worms
2025-03-24,140,17305,benched,4,https://www.hltv.org/team/11138/benched
2025-03-24,141,12708,Bad News Eagles,4,https://www.hltv.org/team/11518/bad-news-eagles
2025-03-24,142,20258,NinJa,4,https://www.hltv.org/team/13211/ninja
2025-03-24,143,8151,Preasy,4,https://www.hltv.org/team/12334/preasy
2025-03-24,144,3849,EYEBALLERS,4,https://www.hltv.org/team/11737/eyeballers
2025-03-24,145,10774,Only One Word,4,https://www.hltv.org/team/11263/only-one-word
2025-03-24,146,798,Inner Circle,4,https://www.hltv.org/team/13117/inner-circle
2025-03-24,147,23384,ALLINNERS,4,https://www.hltv.org/team/12812/allinners
2025-03-24,148,16861,Viperio,4,https://www.hltv.org/team/9506/viperio
2025-03-24,149,22459,Chimera,4,https://www.hltv.org/team/13098/chimera
2025-03-24,150,9214,Marca Registrada,4,https://www.hltv.org/team/12927/marca-registrada
2025-03-24,151,21367,FORZE Reload,4,https://www.hltv.org/team/12857/forze-reload
2025-03-24,152,15861,IHC,4,https://www.hltv.org/team/11585/ihc
2025-03-24,153,10479,Al-Ittihad,4,https://www.hltv.org/team/12958/al-ittihad
2025-03-24,154,6593,2GAME,4,https://www.hltv.org/team/12491/2game
2025-03-24,155,12777,Kubix,4,https://www.hltv.org/team/12847/kubix
2025-03-24,156,12025,TGM,4,https://www.hltv.org/team/13160/tgm
2025-03-24,157,8726,LEON,4,https://www.hltv.org/team/12670/leon
2025-03-24,158,9445,AK BARS,4,https://www.hltv.org/team/12997/ak-bars
2025-03-24,159,12612,UNiTY,4,https://www.hltv.org/team/12267/unity
2025-03-24,160,9656,Adventurers,4,https://www.hltv.org/team/13118/adventurers
2025-03-24,161,15203,ESC,4,https://www.hltv.org/team/4532/esc
2025-03-24,162,18510,Insilio,4,https://www.hltv.org/team/12124/insilio
2025-03-24,163,21023,PCIFIC,4,https://www.hltv.org/team/13054/pcific
2025-03-24,164,20431,LAG,4,https://www.hltv.org/team/11955/lag
2025-03-24,165,20677,ENCE Academy,4,https://www.hltv.org/team/11790/ence-academy
2025-03-24,166,22430,Nuclear TigeRES,4,https://www.hltv.org/team/13027/nuclear-tigeres
2025-03-24,167,22364,Yawara,4,https://www.hltv.org/team/11933/yawara
2025-03-24,168,19831,América,3,https://www.hltv.org/team/4326/amrica
2025-03-24,169,20521,Galorys,3,https://www.hltv.org/team/12677/galorys
2025-03-24,170,20018,Wildcard Academy,3,https://www.hltv.org/team/13127/wildcard-academy
2025-03-24,171,21775,LFO 3,3,https://www.hltv.org/team/13154/lfo-3
2025-03-24,172,11739,W7M,3,https://www.hltv.org/team/8574/w7m
2025-03-24,173,695,JANO,3,https://www.hltv.org/team/11827/jano
2025-03-24,174,9616,MINLATE,3,https://www.hltv.org/team/6626/minlate
2025-03-24,175,8943,Shika,3,https://www.hltv.org/team/13147/shika
2025-03-24,176,23001,Change The Game,3,https://www.hltv.org/team/13175/change-the-game
2025-03-24,177,19978,NomadS,3,https://www.hltv.org/team/12900/nomads
2025-03-24,178,21988,Leça,3,https://www.hltv.org/team/13210/lea
2025-03-24,179,14010,UNO MILLE,3,https://www.hltv.org/team/11555/uno-mille
2025-03-24,180,284,GenOne,3,https://www.hltv.org/team/11609/genone
2025-03-24,181,20815,8Sins,3,https://www.hltv.org/team/13024/8sins
2025-03-24,182,11733,Floripa Stars,3,https://www.hltv.org/team/12867/floripa-stars
2025-03-24,183,20336,ALASKA,3,https://www.hltv.org/team/13105/alaska
2025-03-24,184,20396,Vantage,3,https://www.hltv.org/team/12455/vantage
2025-03-24,185,10827,GameHunters,3,https://www.hltv.org/team/12988/gamehunters
2025-03-24,186,20330,InControl,3,https://www.hltv.org/team/7720/incontrol
2025-03-24,187,22410,harizma,3,https://www.hltv.org/team/13115/harizma
2025-03-24,188,20281,Dark Cloud,3,https://www.hltv.org/team/13158/dark-cloud
2025-03-24,189,17997,Prasso,3,https://www.hltv.org/team/13166/prasso
2025-03-24,190,12736,Permitta,3,https://www.hltv.org/team/12009/permitta
2025-03-24,191,16661,Players,3,https://www.hltv.org/team/11711/players
2025-03-24,192,6553,Tropa do KinGui,3,https://www.hltv.org/team/13151/tropa-do-kingui
2025-03-24,193,18146,The QUBE,3,https://www.hltv.org/team/12825/the-qube
2025-03-24,194,20199,SPARTA,2,https://www.hltv.org/team/13214/sparta
2025-03-24,195,18442,Chicken Coop,2,https://www.hltv.org/team/13107/chicken-coop
2025-03-24,196,19857,Tsunami,2,https://www.hltv.org/team/12180/tsunami
2025-03-24,197,12945,Sangal,2,https://www.hltv.org/team/10333/sangal
2025-03-24,198,24281,PLUSH,2,https://www.hltv.org/team/13174/plush
2025-03-24,199,9144,MANTRA,2,https://www.hltv.org/team/12472/mantra
2025-03-24,200,24878,seoul,2,https://www.hltv.org/team/13194/seoul
2025-03-24,201,22566,paiN Academy,2,https://www.hltv.org/team/11905/pain-academy
2025-03-24,202,20029,MIBR Academy,2,https://www.hltv.org/team/3044/mibr-academy
2025-03-24,203,14242,WOPA,2,https://www.hltv.org/team/12787/wopa
2025-03-24,204,10938,Astralis Talent,2,https://www.hltv.org/team/10954/astralis-talent
2025-03-24,205,8566,NITRO,2,https://www.hltv.org/team/12915/nitro
2025-03-24,206,11872,FURIA fe,2,https://www.hltv.org/team/10976/furia-fe
2025-03-24,207,21575,XI,2,https://www.hltv.org/team/8947/xi
2025-03-24,208,9325,ex-Heimo,2,https://www.hltv.org/team/13203/ex-heimo
2025-03-24,209,22191,Lazer Cats,2,https://www.hltv.org/team/12087/lazer-cats
2025-03-24,210,7653,Eco Warriors,2,https://www.hltv.org/team/13121/eco-warriors
2025-03-24,211,16424,Nostalgia,2,https://www.hltv.org/team/13208/nostalgia
2025-03-24,212,20071,devils.one,2,https://www.hltv.org/team/9862/devilsone
2025-03-24,213,1572,NIP Impact,2,https://www.hltv.org/team/11917/nip-impact
2025-03-24,214,20351,KZG,2,https://www.hltv.org/team/12152/kzg
2025-03-24,215,8850,FlyQuest RED,2,https://www.hltv.org/team/12301/flyquest-red
2025-03-24,216,19002,Amped,2,https://www.hltv.org/team/13006/amped
2025-03-24,217,12898,Victores Sumus,1,https://www.hltv.org/team/12929/victores-sumus
2025-03-24,218,16341,MIBR fe,1,https://www.hltv.org/team/10975/mibr-fe
2025-03-24,219,22775,Justice For Tomorrow,1,https://www.hltv.org/team/13113/justice-for-tomorrow
2025-03-24,220,23828,RED Canids Academy,1,https://www.hltv.org/team/13029/red-canids-academy
2025-03-24,221,20320,Underground,1,https://www.hltv.org/team/12707/underground
2025-03-24,222,18437,Revel,1,https://www.hltv.org/team/11194/revel
2025-03-24,223,20683,Rhyno,1,https://www.hltv.org/team/10947/rhyno
2025-03-24,224,11940,NOVAQ,1,https://www.hltv.org/team/13178/novaq
2025-03-24,225,19973,2070,1,https://www.hltv.org/team/13052/2070
2025-03-24,226,19998,O PLANO,1,https://www.hltv.org/team/10994/o-plano
2025-03-24,227,15762,Flshbck,1,https://www.hltv.org/team/13189/flshbck
2025-03-24,228,9818,HAVU,1,https://www.hltv.org/team/7865/havu
2025-03-24,229,24646,Delta,1,https://www.hltv.org/team/13057/delta
2025-03-24,230,22889,Lumen fe,1,https://www.hltv.org/team/12913/lumen-fe
2025-03-24,231,8635,Black Mold,1,https://www.hltv.org/team/13143/black-mold
2025-03-24,232,12705,Volt,1,https://www.hltv.org/team/13090/volt
2025-03-24,233,11258,MASONIC,1,https://www.hltv.org/team/10867/masonic
2025-03-24,234,22589,regain,1,https://www.hltv.org/team/12554/regain
2025-03-24,235,23050,AKA HERO KAJO,1,https://www.hltv.org/team/13142/aka-hero-kajo
2025-03-24,236,14819,Blahaj,1,https://www.hltv.org/team/13202/blahaj
2025-03-24,237,19297,RUSTEC,1,https://www.hltv.org/team/12834/rustec
2025-03-24,238,17916,Aether,1,https://www.hltv.org/team/12908/aether
2025-03-24,239,18229,DMS,1,https://www.hltv.org/team/12747/dms
2025-03-24,240,8640,Ghost,1,https://www.hltv.org/team/7801/ghost
2025-03-24,241,1656,Prototype Blaze,1,https://www.hltv.org/team/13133/prototype-blaze
2025-03-24,242,20166,Spray and Slay,1,https://www.hltv.org/team/13187/spray-and-slay
2025-03-24,243,21909,undeRRRated,1,https://www.hltv.org/team/13225/underrrated
2025-03-24,244,16764,BIG EQUIPA,1,https://www.hltv.org/team/11718/big-equipa
2025-03-24,245,9241,Quem Sao Elas,1,https://www.hltv.org/team/11756/quem-sao-elas
2025-03-24,246,23204,BRUTE,1,https://www.hltv.org/team/9139/brute
2025-03-24,247,21727,Akuma,1,https://www.hltv.org/team/13134/akuma
2025-03-24,248,16349,Lausanne,1,https://www.hltv.org/team/11645/lausanne
2025-03-24,249,9238,thekillaz fe,1,https://www.hltv.org/team/12912/thekillaz-fe
2025-03-24,250,18774,CS2News Ladies,1,https://www.hltv.org/team/13168/cs2news-ladies
2025-03-24,251,17071,Nouns fe,1,https://www.hltv.org/team/12556/nouns-fe
2025-03-24,252,10499,VELOX,1,https://www.hltv.org/team/10978/velox
2025-03-24,253,17652,Belfast Storm,1,https://www.hltv.org/team/12934/belfast-storm
2025-03-24,254,23063,Bounty Hunters fe,1,https://www.hltv.org/team/13186/bounty-hunters-fe
2025-03-24,255,22811,Kronjyllands,1,https://www.hltv.org/team/12797/kronjyllands
2025-03-24,256,16343,Messitas,0,https://www.hltv.org/team/13144/messitas
2025-03-24,257,22092,nomercy fe,0,https://www.hltv.org/team/13122/nomercy-fe
2025-03-24,258,23679,MEGA JUNERS,0,https://www.hltv.org/team/13135/mega-juners
2025-03-24,259,22110,Nyx Empyre,0,https://www.hltv.org/team/13176/nyx-empyre
2025-03-24,260,22422,9z Academy,0,https://www.hltv.org/team/11006/9z-academy
2025-03-24,261,22461,ANTARCTICA,0,https://www.hltv.org/team/13207/antarctica
2025-03-24,262,23744,st4rboys,0,https://www.hltv.org/team/12983/st4rboys
2025-03-24,263,18783,Let Her Cook,0,https://www.hltv.org/team/12421/let-her-cook
2025-03-24,264,23060,Lotus fe,0,https://www.hltv.org/team/12702/lotus-fe
2025-03-24,265,22605,SAW Myst,0,https://www.hltv.org/team/13140/saw-myst
2025-03-24,266,24416,Brave Bears,0,https://www.hltv.org/team/13145/brave-bears
2025-03-17,1,7716,Spirit,985,https://www.hltv.org/team/7020/spirit
2025-03-17,2,7322,Vitality,838,https://www.hltv.org/team/9565/vitality
2025-03-17,3,9816,Natus Vincere,562,https://www.hltv.org/team/4608/natus-vincere
2025-03-17,4,13666,MOUZ,518,https://www.hltv.org/team/4494/mouz
2025-03-17,5,150,Eternal Fire,514,https://www.hltv.org/team/11251/eternal-fire
2025-03-17,6,20194,The MongolZ,492,https://www.hltv.org/team/6248/the-mongolz
2025-03-17,7,2553,G2,437,https://www.hltv.org/team/5995/g2
2025-03-17,8,429,FaZe,373,https://www.hltv.org/team/6667/faze
2025-03-17,9,4679,Liquid,266,https://www.hltv.org/team/5973/liquid
2025-03-17,10,3741,Falcons,259,https://www.hltv.org/team/11283/falcons
2025-03-17,11,8918,Virtus.pro,215,https://www.hltv.org/team/5378/virtuspro
2025-03-17,12,7592,Astralis,207,https://www.hltv.org/team/6665/astralis
2025-03-17,13,9278,GamerLegion,203,https://www.hltv.org/team/9928/gamerlegion
2025-03-17,14,8374,3DMAX,188,https://www.hltv.org/team/4914/3dmax
2025-03-17,15,2023,FURIA,165,https://www.hltv.org/team/8297/furia
2025-03-17,16,18141,paiN,152,https://www.hltv.org/team/4773/pain
2025-03-17,17,630,SAW,106,https://www.hltv.org/team/10567/saw
2025-03-17,18,11154,MIBR,103,https://www.hltv.org/team/9215/mibr
2025-03-17,19,19164,HEROIC,87,https://www.hltv.org/team/7175/heroic
2025-03-17,20,5794,BIG,84,https://www.hltv.org/team/7532/big
2025-03-17,21,8507,Wildcard,68,https://www.hltv.org/team/12257/wildcard
2025-03-17,22,8552,TYLOO,64,https://www.hltv.org/team/4863/tyloo
2025-03-17,23,11840,BetBoom,64,https://www.hltv.org/team/12394/betboom
2025-03-17,24,15370,M80,58,https://www.hltv.org/team/12376/m80
2025-03-17,25,11630,Complexity,51,https://www.hltv.org/team/5005/complexity
2025-03-17,26,10588,FlyQuest,46,https://www.hltv.org/team/12774/flyquest
2025-03-17,27,8248,BC.Game,41,https://www.hltv.org/team/12878/bcgame
2025-03-17,28,11217,500,39,https://www.hltv.org/team/12000/500
2025-03-17,29,19044,OG,39,https://www.hltv.org/team/10503/og
2025-03-17,30,13239,PARIVISION,38,https://www.hltv.org/team/12467/parivision
2025-03-17,31,19592,B8,38,https://www.hltv.org/team/11241/b8
2025-03-17,32,20387,Nemiga,37,https://www.hltv.org/team/7969/nemiga
2025-03-17,33,7528,fnatic,31,https://www.hltv.org/team/4991/fnatic
2025-03-17,34,12822,Imperial,31,https://www.hltv.org/team/9455/imperial
2025-03-17,35,16551,Lynn Vision,30,https://www.hltv.org/team/8840/lynn-vision
2025-03-17,36,20584,NAVI Junior,29,https://www.hltv.org/team/10371/navi-junior
2025-03-17,37,7687,NRG,28,https://www.hltv.org/team/6673/nrg
2025-03-17,38,7412,ENCE,27,https://www.hltv.org/team/4869/ence
2025-03-17,39,7028,Rare Atom,26,https://www.hltv.org/team/11514/rare-atom
2025-03-17,40,22864,Spirit Academy,26,https://www.hltv.org/team/7900/spirit-academy
2025-03-17,41,17622,BLUEJAYS,25,https://www.hltv.org/team/5347/bluejays
2025-03-17,42,18070,Betclic,24,https://www.hltv.org/team/12916/betclic
2025-03-17,43,5351,Zero Tenacity,22,https://www.hltv.org/team/11523/zero-tenacity
2025-03-17,44,15698,Legacy,22,https://www.hltv.org/team/12468/legacy
2025-03-17,45,8488,SINNERS,22,https://www.hltv.org/team/10577/sinners
2025-03-17,46,12027,9 Pandas,22,https://www.hltv.org/team/11883/9-pandas
2025-03-17,47,12004,Aurora,21,https://www.hltv.org/team/11861/aurora
2025-03-17,48,14388,ECLOT,20,https://www.hltv.org/team/7441/eclot
2025-03-17,49,17008,Passion UA,20,https://www.hltv.org/team/12426/passion-ua
2025-03-17,50,2898,9INE,20,https://www.hltv.org/team/10278/9ine
2025-03-17,51,9521,ATOX,19,https://www.hltv.org/team/12312/atox
2025-03-17,52,16848,Monte,19,https://www.hltv.org/team/11811/monte
2025-03-17,53,10961,ECSTATIC,19,https://www.hltv.org/team/11419/ecstatic
2025-03-17,54,17508,CYBERSHOKE,19,https://www.hltv.org/team/12380/cybershoke
2025-03-17,55,20558,Sharks,18,https://www.hltv.org/team/8113/sharks
2025-03-17,56,12937,Marsborne,17,https://www.hltv.org/team/13124/marsborne
2025-03-17,57,7805,Nouns,17,https://www.hltv.org/team/11948/nouns
2025-03-17,58,10892,Getting Info,16,https://www.hltv.org/team/13106/getting-info
2025-03-17,59,2131,FAVBET,16,https://www.hltv.org/team/12818/favbet
2025-03-17,60,1646,Imperial Valkyries,16,https://www.hltv.org/team/12828/imperial-valkyries
2025-03-17,61,12521,Fluxo,16,https://www.hltv.org/team/11837/fluxo
2025-03-17,62,2476,Partizan,15,https://www.hltv.org/team/11838/partizan
2025-03-17,63,8212,Fire Flux,15,https://www.hltv.org/team/12960/fire-flux
2025-03-17,64,15060,Chinggis Warriors,15,https://www.hltv.org/team/12646/chinggis-warriors
2025-03-17,65,9483,Solid,15,https://www.hltv.org/team/12233/solid
2025-03-17,66,13843,Sashi,14,https://www.hltv.org/team/11712/sashi
2025-03-17,67,9766,Metizport,14,https://www.hltv.org/team/11641/metizport
2025-03-17,68,19591,Chill Guys,14,https://www.hltv.org/team/13110/chill-guys
2025-03-17,69,8371,Iberian Soul,14,https://www.hltv.org/team/13104/iberian-soul
2025-03-17,70,23680,-72c,14,https://www.hltv.org/team/12546/72c
2025-03-17,71,13240,GUN5,14,https://www.hltv.org/team/12471/gun5
2025-03-17,72,15072,The Huns,13,https://www.hltv.org/team/12510/the-huns
2025-03-17,73,3459,RUSH B,13,https://www.hltv.org/team/12559/rush-b
2025-03-17,74,13250,Party Astronauts,13,https://www.hltv.org/team/8038/party-astronauts
2025-03-17,75,12092,9z,13,https://www.hltv.org/team/9996/9z
2025-03-17,76,922,Ninjas in Pyjamas,13,https://www.hltv.org/team/4411/ninjas-in-pyjamas
2025-03-17,77,13669,CPH Wolves,12,https://www.hltv.org/team/4548/cph-wolves
2025-03-17,78,20421,Leo,12,https://www.hltv.org/team/11446/leo
2025-03-17,79,7443,Alliance,12,https://www.hltv.org/team/12474/alliance
2025-03-17,80,16147,kONO,12,https://www.hltv.org/team/12858/kono
2025-03-17,81,18752,HOTU,12,https://www.hltv.org/team/11581/hotu
2025-03-17,82,21431,AMKAL,12,https://www.hltv.org/team/12586/amkal
2025-03-17,83,3669,Rebels,11,https://www.hltv.org/team/12642/rebels
2025-03-17,84,18447,ARCRED,11,https://www.hltv.org/team/10459/arcred
2025-03-17,85,21445,Hesta,11,https://www.hltv.org/team/13153/hesta
2025-03-17,86,13298,Fisher College,11,https://www.hltv.org/team/12769/fisher-college
2025-03-17,87,17316,Betera,11,https://www.hltv.org/team/12431/betera
2025-03-17,88,8565,RED Canids,11,https://www.hltv.org/team/7176/red-canids
2025-03-17,89,14390,ODDIK,11,https://www.hltv.org/team/11768/oddik
2025-03-17,90,2161,BESTIA,11,https://www.hltv.org/team/12144/bestia
2025-03-17,91,20956,RUBY,10,https://www.hltv.org/team/12694/ruby
2025-03-17,92,16865,Wanted Goons,10,https://www.hltv.org/team/12971/wanted-goons
2025-03-17,93,12588,Housebets,10,https://www.hltv.org/team/12921/housebets
2025-03-17,94,16768,DogEvil,10,https://www.hltv.org/team/13148/dogevil
2025-03-17,95,23223,Immigrants peek,10,https://www.hltv.org/team/13067/immigrants-peek
2025-03-17,96,20167,NEVERMORE,10,https://www.hltv.org/team/13157/nevermore
2025-03-17,97,16814,Flamengo,10,https://www.hltv.org/team/12065/flamengo
2025-03-17,98,1206,Nexus,9,https://www.hltv.org/team/7187/nexus
2025-03-17,99,20258,NinJa,9,https://www.hltv.org/team/13211/ninja
2025-03-17,100,21213,BASEMENT BOYS,9,https://www.hltv.org/team/13181/basement-boys
2025-03-17,101,18638,Eruption,9,https://www.hltv.org/team/12097/eruption
2025-03-17,102,11139,SemperFi,9,https://www.hltv.org/team/12901/semperfi
2025-03-17,103,22544,Take Flyte,9,https://www.hltv.org/team/11660/take-flyte
2025-03-17,104,11532,LOBOARMY,9,https://www.hltv.org/team/13198/loboarmy
2025-03-17,105,13317,JiJieHao,9,https://www.hltv.org/team/10245/jijiehao
2025-03-17,106,12102,MIGHT,9,https://www.hltv.org/team/12483/might
2025-03-17,107,9214,Marca Registrada,9,https://www.hltv.org/team/12927/marca-registrada
2025-03-17,108,20278,Elevate,9,https://www.hltv.org/team/5775/elevate
2025-03-17,109,22643,TNL,8,https://www.hltv.org/team/12833/tnl
2025-03-17,110,14799,Vagrants,8,https://www.hltv.org/team/12611/vagrants
2025-03-17,111,12877,Rooster,8,https://www.hltv.org/team/9881/rooster
2025-03-17,112,19133,Gods Reign,8,https://www.hltv.org/team/12415/gods-reign
2025-03-17,113,23160,Aetheris,8,https://www.hltv.org/team/13111/aetheris
2025-03-17,114,14394,Bounty Hunters,8,https://www.hltv.org/team/12776/bounty-hunters
2025-03-17,115,9108,Mindfreak,8,https://www.hltv.org/team/11668/mindfreak
2025-03-17,116,16102,GTZ,8,https://www.hltv.org/team/9466/gtz
2025-03-17,117,16835,Swingers,8,https://www.hltv.org/team/13109/swingers
2025-03-17,118,19575,K27,8,https://www.hltv.org/team/12895/k27
2025-03-17,119,9220,adalYamigos,8,https://www.hltv.org/team/12544/adalyamigos
2025-03-17,120,24081,Garden Garage,8,https://www.hltv.org/team/13191/garden-garage
2025-03-17,121,8891,Tricked,7,https://www.hltv.org/team/4602/tricked
2025-03-17,122,19177,Akimbo,7,https://www.hltv.org/team/12567/akimbo
2025-03-17,123,22998,FengDa,7,https://www.hltv.org/team/12899/fengda
2025-03-17,124,8598,Just Swing,7,https://www.hltv.org/team/13053/just-swing
2025-03-17,125,23316,Spray Jutsu,7,https://www.hltv.org/team/13204/spray-jutsu
2025-03-17,126,13685,Bad News Capybaras,7,https://www.hltv.org/team/13112/bad-news-capybaras
2025-03-17,127,9255,Johnny Speeds,7,https://www.hltv.org/team/12604/johnny-speeds
2025-03-17,128,8151,Preasy,7,https://www.hltv.org/team/12334/preasy
2025-03-17,129,9221,KRÜ,7,https://www.hltv.org/team/10900/kr
2025-03-17,130,8503,Mythic,7,https://www.hltv.org/team/5479/mythic
2025-03-17,131,20946,BAKS,6,https://www.hltv.org/team/11699/baks
2025-03-17,132,19872,ShindeN,6,https://www.hltv.org/team/12959/shinden
2025-03-17,133,12777,Kubix,6,https://www.hltv.org/team/12847/kubix
2025-03-17,134,12094,Dusty Roots,6,https://www.hltv.org/team/12548/dusty-roots
2025-03-17,135,19590,ALGO,6,https://www.hltv.org/team/13163/algo
2025-03-17,136,22364,Yawara,6,https://www.hltv.org/team/11933/yawara
2025-03-17,137,17305,benched,6,https://www.hltv.org/team/11138/benched
2025-03-17,138,16581,Supernova Comets,6,https://www.hltv.org/team/13146/supernova-comets
2025-03-17,139,798,Inner Circle,6,https://www.hltv.org/team/13117/inner-circle
2025-03-17,140,21367,FORZE Reload,6,https://www.hltv.org/team/12857/forze-reload
2025-03-17,141,8528,1win,6,https://www.hltv.org/team/10621/1win
2025-03-17,142,12708,Bad News Eagles,6,https://www.hltv.org/team/11518/bad-news-eagles
2025-03-17,143,8726,LEON,6,https://www.hltv.org/team/12670/leon
2025-03-17,144,15203,ESC,6,https://www.hltv.org/team/4532/esc
2025-03-17,145,284,GenOne,6,https://www.hltv.org/team/11609/genone
2025-03-17,146,11271,WildLotus,6,https://www.hltv.org/team/13184/wildlotus
2025-03-17,147,12612,UNiTY,6,https://www.hltv.org/team/12267/unity
2025-03-17,148,16861,Viperio,6,https://www.hltv.org/team/9506/viperio
2025-03-17,149,20677,ENCE Academy,6,https://www.hltv.org/team/11790/ence-academy
2025-03-17,150,22459,Chimera,5,https://www.hltv.org/team/13098/chimera
2025-03-17,151,19978,NomadS,5,https://www.hltv.org/team/12900/nomads
2025-03-17,152,15861,IHC,5,https://www.hltv.org/team/11585/ihc
2025-03-17,153,6593,2GAME,5,https://www.hltv.org/team/12491/2game
2025-03-17,154,12025,TGM,5,https://www.hltv.org/team/13160/tgm
2025-03-17,155,9445,AK BARS,5,https://www.hltv.org/team/12997/ak-bars
2025-03-17,156,10827,GameHunters,5,https://www.hltv.org/team/12988/gamehunters
2025-03-17,157,20431,LAG,5,https://www.hltv.org/team/11955/lag
2025-03-17,158,20396,Vantage,5,https://www.hltv.org/team/12455/vantage
2025-03-17,159,20336,ALASKA,5,https://www.hltv.org/team/13105/alaska
2025-03-17,160,10479,Al-Ittihad,5,https://www.hltv.org/team/12958/al-ittihad
2025-03-17,161,18510,Insilio,5,https://www.hltv.org/team/12124/insilio
2025-03-17,162,9656,Adventurers,5,https://www.hltv.org/team/13118/adventurers
2025-03-17,163,21023,PCIFIC,5,https://www.hltv.org/team/13054/pcific
2025-03-17,164,10774,Only One Word,5,https://www.hltv.org/team/11263/only-one-word
2025-03-17,165,11733,Floripa Stars,5,https://www.hltv.org/team/12867/floripa-stars
2025-03-17,166,19123,SUPER EVIL GANG,5,https://www.hltv.org/team/13177/super-evil-gang
2025-03-17,167,11739,W7M,5,https://www.hltv.org/team/8574/w7m
2025-03-17,168,23114,THE,5,https://www.hltv.org/team/12955/the
2025-03-17,169,19812,LFO 3,5,https://www.hltv.org/team/13154/lfo-3
2025-03-17,170,19831,América,5,https://www.hltv.org/team/4326/amrica
2025-03-17,171,20521,Galorys,5,https://www.hltv.org/team/12677/galorys
2025-03-17,172,20018,Wildcard Academy,4,https://www.hltv.org/team/13127/wildcard-academy
2025-03-17,173,12736,Permitta,4,https://www.hltv.org/team/12009/permitta
2025-03-17,174,9616,Virtual Cottage,4,https://www.hltv.org/team/13162/virtual-cottage
2025-03-17,175,23001,Change The Game,4,https://www.hltv.org/team/13175/change-the-game
2025-03-17,176,21988,Leça,4,https://www.hltv.org/team/13210/lea
2025-03-17,177,3849,EYEBALLERS,4,https://www.hltv.org/team/11737/eyeballers
2025-03-17,178,695,JANO,4,https://www.hltv.org/team/11827/jano
2025-03-17,179,14010,UNO MILLE,4,https://www.hltv.org/team/11555/uno-mille
2025-03-17,180,8943,Shika,4,https://www.hltv.org/team/13147/shika
2025-03-17,181,16661,Players,4,https://www.hltv.org/team/11711/players
2025-03-17,182,22410,harizma,4,https://www.hltv.org/team/13115/harizma
2025-03-17,183,22430,Nuclear TigeRES,4,https://www.hltv.org/team/13027/nuclear-tigeres
2025-03-17,184,18146,The QUBE,4,https://www.hltv.org/team/12825/the-qube
2025-03-17,185,17997,Prasso,4,https://www.hltv.org/team/13166/prasso
2025-03-17,186,20815,8Sins,4,https://www.hltv.org/team/13024/8sins
2025-03-17,187,22408,LFO 2,4,https://www.hltv.org/team/13114/lfo-2
2025-03-17,188,19857,Tsunami,4,https://www.hltv.org/team/12180/tsunami
2025-03-17,189,6553,Tropa do KinGui,3,https://www.hltv.org/team/13151/tropa-do-kingui
2025-03-17,190,10938,Astralis Talent,3,https://www.hltv.org/team/10954/astralis-talent
2025-03-17,191,20351,KZG,3,https://www.hltv.org/team/12152/kzg
2025-03-17,192,20199,FLuffy Gangsters,3,https://www.hltv.org/team/6668/fluffy-gangsters
2025-03-17,193,14242,WOPA,3,https://www.hltv.org/team/12787/wopa
2025-03-17,194,24281,PLUSH,3,https://www.hltv.org/team/13174/plush
2025-03-17,195,20330,InControl,3,https://www.hltv.org/team/7720/incontrol
2025-03-17,196,8566,NITRO,3,https://www.hltv.org/team/12915/nitro
2025-03-17,197,18437,Revel,3,https://www.hltv.org/team/11194/revel
2025-03-17,198,20281,Dark Cloud,3,https://www.hltv.org/team/13158/dark-cloud
2025-03-17,199,18442,Chicken Coop,3,https://www.hltv.org/team/13107/chicken-coop
2025-03-17,200,24878,seoul,3,https://www.hltv.org/team/13194/seoul
2025-03-17,201,8575,Sangal,3,https://www.hltv.org/team/10333/sangal
2025-03-17,202,22566,paiN Academy,3,https://www.hltv.org/team/11905/pain-academy
2025-03-17,203,20029,MIBR Academy,3,https://www.hltv.org/team/3044/mibr-academy
2025-03-17,204,11872,FURIA fe,3,https://www.hltv.org/team/10976/furia-fe
2025-03-17,205,9325,ex-Heimo,3,https://www.hltv.org/team/13203/ex-heimo
2025-03-17,206,16424,Nostalgia,3,https://www.hltv.org/team/13208/nostalgia
2025-03-17,207,20071,devils.one,3,https://www.hltv.org/team/9862/devilsone
2025-03-17,208,1572,NIP Impact,3,https://www.hltv.org/team/11917/nip-impact
2025-03-17,209,9144,MANTRA,2,https://www.hltv.org/team/12472/mantra
2025-03-17,210,7653,Eco Warriors,2,https://www.hltv.org/team/13121/eco-warriors
2025-03-17,211,12898,Victores Sumus,2,https://www.hltv.org/team/12929/victores-sumus
2025-03-17,212,20320,Underground,2,https://www.hltv.org/team/12707/underground
2025-03-17,213,17087,Lazer Cats,2,https://www.hltv.org/team/12087/lazer-cats
2025-03-17,214,15762,Flshbck,2,https://www.hltv.org/team/13189/flshbck
2025-03-17,215,22775,Justice For Tomorrow,2,https://www.hltv.org/team/13113/justice-for-tomorrow
2025-03-17,216,8635,Black Mold,2,https://www.hltv.org/team/13143/black-mold
2025-03-17,217,23828,RED Canids Academy,2,https://www.hltv.org/team/13029/red-canids-academy
2025-03-17,218,8850,FlyQuest RED,2,https://www.hltv.org/team/12301/flyquest-red
2025-03-17,219,20683,Rhyno,2,https://www.hltv.org/team/10947/rhyno
2025-03-17,220,16341,MIBR fe,2,https://www.hltv.org/team/10975/mibr-fe
2025-03-17,221,19973,2070,2,https://www.hltv.org/team/13052/2070
2025-03-17,222,11940,NOVAQ,2,https://www.hltv.org/team/13178/novaq
2025-03-17,223,18229,DMS,2,https://www.hltv.org/team/12747/dms
2025-03-17,224,24646,Delta,2,https://www.hltv.org/team/13057/delta
2025-03-17,225,19998,O PLANO,2,https://www.hltv.org/team/10994/o-plano
2025-03-17,226,21575,XI,2,https://www.hltv.org/team/8947/xi
2025-03-17,227,19084,Volt,2,https://www.hltv.org/team/13090/volt
2025-03-17,228,8640,Ghost,2,https://www.hltv.org/team/7801/ghost
2025-03-17,229,22589,regain,2,https://www.hltv.org/team/12554/regain
2025-03-17,230,11258,MASONIC,1,https://www.hltv.org/team/10867/masonic
2025-03-17,231,23050,AKA HERO KAJO,1,https://www.hltv.org/team/13142/aka-hero-kajo
2025-03-17,232,22889,Lumen fe,1,https://www.hltv.org/team/12913/lumen-fe
2025-03-17,233,14819,Blahaj,1,https://www.hltv.org/team/13202/blahaj
2025-03-17,234,19297,RUSTEC,1,https://www.hltv.org/team/12834/rustec
2025-03-17,235,20166,Spray and Slay,1,https://www.hltv.org/team/13187/spray-and-slay
2025-03-17,236,21727,Akuma,1,https://www.hltv.org/team/13134/akuma
2025-03-17,237,9238,thekillaz fe,1,https://www.hltv.org/team/12912/thekillaz-fe
2025-03-17,238,9818,HAVU,1,https://www.hltv.org/team/7865/havu
2025-03-17,239,23204,BRUTE,1,https://www.hltv.org/team/9139/brute
2025-03-17,240,16349,Lausanne,1,https://www.hltv.org/team/11645/lausanne
2025-03-17,241,1656,Prototype Blaze,1,https://www.hltv.org/team/13133/prototype-blaze
2025-03-17,242,17916,Aether,1,https://www.hltv.org/team/12908/aether
2025-03-17,243,23063,Bounty Hunters fe,1,https://www.hltv.org/team/13186/bounty-hunters-fe
2025-03-17,244,16764,BIG EQUIPA,1,https://www.hltv.org/team/11718/big-equipa
2025-03-17,245,10499,VELOX,1,https://www.hltv.org/team/10978/velox
2025-03-17,246,17652,Belfast Storm,1,https://www.hltv.org/team/12934/belfast-storm
2025-03-17,247,9241,Quem Sao Elas,1,https://www.hltv.org/team/11756/quem-sao-elas
2025-03-17,248,18774,CS2News Ladies,1,https://www.hltv.org/team/13168/cs2news-ladies
2025-03-17,249,22092,nomercy fe,1,https://www.hltv.org/team/13122/nomercy-fe
2025-03-17,250,22811,Kronjyllands,1,https://www.hltv.org/team/12797/kronjyllands
2025-03-17,251,16343,Messitas,1,https://www.hltv.org/team/13144/messitas
2025-03-17,252,17071,Nouns fe,1,https://www.hltv.org/team/12556/nouns-fe
2025-03-17,253,23060,Lotus fe,1,https://www.hltv.org/team/12702/lotus-fe
2025-03-17,254,23679,MEGA JUNERS,1,https://www.hltv.org/team/13135/mega-juners
2025-03-17,255,22110,Nyx Empyre,0,https://www.hltv.org/team/13176/nyx-empyre
2025-03-17,256,22422,9z Academy,0,https://www.hltv.org/team/11006/9z-academy
2025-03-17,257,23744,st4rboys,0,https://www.hltv.org/team/12983/st4rboys
2025-03-17,258,18783,Let Her Cook,0,https://www.hltv.org/team/12421/let-her-cook
2025-03-17,259,22605,SAW Myst,0,https://www.hltv.org/team/13140/saw-myst
2025-03-17,260,24416,Brave Bears,0,https://www.hltv.org/team/13145/brave-bears
2025-03-10,1,7716,Spirit,1000,https://www.hltv.org/team/7020/spirit
2025-03-10,2,7322,Vitality,661,https://www.hltv.org/team/9565/vitality
2025-03-10,3,9816,Natus Vincere,568,https://www.hltv.org/team/4608/natus-vincere
2025-03-10,4,150,Eternal Fire,516,https://www.hltv.org/team/11251/eternal-fire
2025-03-10,5,2553,G2,438,https://www.hltv.org/team/5995/g2
2025-03-10,6,20194,The MongolZ,418,https://www.hltv.org/team/6248/the-mongolz
2025-03-10,7,429,FaZe,402,https://www.hltv.org/team/6667/faze
2025-03-10,8,13666,MOUZ,370,https://www.hltv.org/team/4494/mouz
2025-03-10,9,3741,Falcons,256,https://www.hltv.org/team/11283/falcons
2025-03-10,10,8918,Virtus.pro,234,https://www.hltv.org/team/5378/virtuspro
2025-03-10,11,7592,Astralis,228,https://www.hltv.org/team/6665/astralis
2025-03-10,12,4679,Liquid,221,https://www.hltv.org/team/5973/liquid
2025-03-10,13,18141,paiN,203,https://www.hltv.org/team/4773/pain
2025-03-10,14,9278,GamerLegion,196,https://www.hltv.org/team/9928/gamerlegion
2025-03-10,15,8374,3DMAX,176,https://www.hltv.org/team/4914/3dmax
2025-03-10,16,2023,FURIA,173,https://www.hltv.org/team/8297/furia
2025-03-10,17,11154,MIBR,107,https://www.hltv.org/team/9215/mibr
2025-03-10,18,19164,HEROIC,104,https://www.hltv.org/team/7175/heroic
2025-03-10,19,630,SAW,99,https://www.hltv.org/team/10567/saw
2025-03-10,20,5794,BIG,97,https://www.hltv.org/team/7532/big
2025-03-10,21,11840,BetBoom,88,https://www.hltv.org/team/12394/betboom
2025-03-10,22,8507,Wildcard,78,https://www.hltv.org/team/12257/wildcard
2025-03-10,23,8552,TYLOO,65,https://www.hltv.org/team/4863/tyloo
2025-03-10,24,15370,M80,61,https://www.hltv.org/team/12376/m80
2025-03-10,25,9115,FlyQuest,61,https://www.hltv.org/team/12774/flyquest
2025-03-10,26,11630,Complexity,54,https://www.hltv.org/team/5005/complexity
2025-03-10,27,20387,Nemiga,43,https://www.hltv.org/team/7969/nemiga
2025-03-10,28,19592,B8,42,https://www.hltv.org/team/11241/b8
2025-03-10,29,11217,500,37,https://www.hltv.org/team/12000/500
2025-03-10,30,12822,Imperial,36,https://www.hltv.org/team/9455/imperial
2025-03-10,31,13239,PARIVISION,34,https://www.hltv.org/team/12467/parivision
2025-03-10,32,7028,Rare Atom,32,https://www.hltv.org/team/11514/rare-atom
2025-03-10,33,8248,BC.Game,32,https://www.hltv.org/team/12878/bcgame
2025-03-10,34,16551,Lynn Vision,32,https://www.hltv.org/team/8840/lynn-vision
2025-03-10,35,7528,fnatic,31,https://www.hltv.org/team/4991/fnatic
2025-03-10,36,7687,NRG,30,https://www.hltv.org/team/6673/nrg
2025-03-10,37,22864,Spirit Academy,28,https://www.hltv.org/team/7900/spirit-academy
2025-03-10,38,20584,NAVI Junior,27,https://www.hltv.org/team/10371/navi-junior
2025-03-10,39,17622,BLUEJAYS,26,https://www.hltv.org/team/5347/bluejays
2025-03-10,40,19044,OG,26,https://www.hltv.org/team/10503/og
2025-03-10,41,7412,ENCE,24,https://www.hltv.org/team/4869/ence
2025-03-10,42,8488,SINNERS,23,https://www.hltv.org/team/10577/sinners
2025-03-10,43,5351,Zero Tenacity,23,https://www.hltv.org/team/11523/zero-tenacity
2025-03-10,44,17008,Passion UA,23,https://www.hltv.org/team/12426/passion-ua
2025-03-10,45,15698,Legacy,22,https://www.hltv.org/team/12468/legacy
2025-03-10,46,9521,ATOX,22,https://www.hltv.org/team/12312/atox
2025-03-10,47,17508,CYBERSHOKE,21,https://www.hltv.org/team/12380/cybershoke
2025-03-10,48,12027,9 Pandas,21,https://www.hltv.org/team/11883/9-pandas
2025-03-10,49,16848,Monte,21,https://www.hltv.org/team/11811/monte
2025-03-10,50,12004,Aurora,20,https://www.hltv.org/team/11861/aurora
2025-03-10,51,20558,Sharks,19,https://www.hltv.org/team/8113/sharks
2025-03-10,52,18070,Betclic,19,https://www.hltv.org/team/12916/betclic
2025-03-10,53,2898,9INE,19,https://www.hltv.org/team/10278/9ine
2025-03-10,54,12937,Marsborne,17,https://www.hltv.org/team/13124/marsborne
2025-03-10,55,10892,Getting Info,17,https://www.hltv.org/team/13106/getting-info
2025-03-10,56,13669,CPH Wolves,17,https://www.hltv.org/team/4548/cph-wolves
2025-03-10,57,8212,Fire Flux,17,https://www.hltv.org/team/12960/fire-flux
2025-03-10,58,1646,Imperial Valkyries,17,https://www.hltv.org/team/12828/imperial-valkyries
2025-03-10,59,10961,ECSTATIC,16,https://www.hltv.org/team/11419/ecstatic
2025-03-10,60,14388,ECLOT,16,https://www.hltv.org/team/7441/eclot
2025-03-10,61,2476,Partizan,16,https://www.hltv.org/team/11838/partizan
2025-03-10,62,2131,FAVBET,16,https://www.hltv.org/team/12818/favbet
2025-03-10,63,7805,Nouns,16,https://www.hltv.org/team/11948/nouns
2025-03-10,64,12521,Fluxo,16,https://www.hltv.org/team/11837/fluxo
2025-03-10,65,15072,The Huns,16,https://www.hltv.org/team/12510/the-huns
2025-03-10,66,13843,Sashi,15,https://www.hltv.org/team/11712/sashi
2025-03-10,67,922,Ninjas in Pyjamas,15,https://www.hltv.org/team/4411/ninjas-in-pyjamas
2025-03-10,68,9483,Solid,15,https://www.hltv.org/team/12233/solid
2025-03-10,69,19591,Chill Guys,15,https://www.hltv.org/team/13110/chill-guys
2025-03-10,70,15060,Chinggis Warriors,15,https://www.hltv.org/team/12646/chinggis-warriors
2025-03-10,71,3669,Rebels,14,https://www.hltv.org/team/12642/rebels
2025-03-10,72,23680,-72c,14,https://www.hltv.org/team/12546/72c
2025-03-10,73,12092,9z,14,https://www.hltv.org/team/9996/9z
2025-03-10,74,13250,Party Astronauts,14,https://www.hltv.org/team/8038/party-astronauts
2025-03-10,75,20421,Leo,13,https://www.hltv.org/team/11446/leo
2025-03-10,76,8371,Iberian Soul,13,https://www.hltv.org/team/13104/iberian-soul
2025-03-10,77,17316,Betera,13,https://www.hltv.org/team/12431/betera
2025-03-10,78,18752,HOTU,13,https://www.hltv.org/team/11581/hotu
2025-03-10,79,21445,Hesta,13,https://www.hltv.org/team/13153/hesta
2025-03-10,80,14990,SemperFi,12,https://www.hltv.org/team/12901/semperfi
2025-03-10,81,13240,GUN5,12,https://www.hltv.org/team/12471/gun5
2025-03-10,82,3459,RUSH B,12,https://www.hltv.org/team/12559/rush-b
2025-03-10,83,8565,RED Canids,12,https://www.hltv.org/team/7176/red-canids
2025-03-10,84,14390,ODDIK,12,https://www.hltv.org/team/11768/oddik
2025-03-10,85,20600,AMKAL,12,https://www.hltv.org/team/12586/amkal
2025-03-10,86,18447,ARCRED,12,https://www.hltv.org/team/10459/arcred
2025-03-10,87,2161,BESTIA,12,https://www.hltv.org/team/12144/bestia
2025-03-10,88,10479,Al-Ittihad,12,https://www.hltv.org/team/12958/al-ittihad
2025-03-10,89,9766,Metizport,12,https://www.hltv.org/team/11641/metizport
2025-03-10,90,13298,Fisher College,12,https://www.hltv.org/team/12769/fisher-college
2025-03-10,91,13317,JiJieHao,11,https://www.hltv.org/team/10245/jijiehao
2025-03-10,92,7443,Alliance,11,https://www.hltv.org/team/12474/alliance
2025-03-10,93,16147,kONO,11,https://www.hltv.org/team/12858/kono
2025-03-10,94,16865,Wanted Goons,11,https://www.hltv.org/team/12971/wanted-goons
2025-03-10,95,23223,Immigrants peek,11,https://www.hltv.org/team/13067/immigrants-peek
2025-03-10,96,12588,Housebets,10,https://www.hltv.org/team/12921/housebets
2025-03-10,97,16768,DogEvil,10,https://www.hltv.org/team/13148/dogevil
2025-03-10,98,20258,UR,10,https://www.hltv.org/team/13116/ur
2025-03-10,99,21213,BASEMENT BOYS,10,https://www.hltv.org/team/13181/basement-boys
2025-03-10,100,16102,GTZ,10,https://www.hltv.org/team/9466/gtz
2025-03-10,101,18638,Eruption,10,https://www.hltv.org/team/12097/eruption
2025-03-10,102,19133,Gods Reign,9,https://www.hltv.org/team/12415/gods-reign
2025-03-10,103,22544,Take Flyte,9,https://www.hltv.org/team/11660/take-flyte
2025-03-10,104,16814,Flamengo,9,https://www.hltv.org/team/12065/flamengo
2025-03-10,105,19575,K27,9,https://www.hltv.org/team/12895/k27
2025-03-10,106,12102,MIGHT,9,https://www.hltv.org/team/12483/might
2025-03-10,107,14394,Bounty Hunters,9,https://www.hltv.org/team/12776/bounty-hunters
2025-03-10,108,20956,RUBY,9,https://www.hltv.org/team/12694/ruby
2025-03-10,109,20278,Elevate,9,https://www.hltv.org/team/5775/elevate
2025-03-10,110,11532,LOBOARMY,9,https://www.hltv.org/team/13198/loboarmy
2025-03-10,111,14799,Vagrants,9,https://www.hltv.org/team/12611/vagrants
2025-03-10,112,20167,NEVERMORE,9,https://www.hltv.org/team/13157/nevermore
2025-03-10,113,9214,Marca Registrada,9,https://www.hltv.org/team/12927/marca-registrada
2025-03-10,114,12877,Rooster,9,https://www.hltv.org/team/9881/rooster
2025-03-10,115,9220,adalYamigos,8,https://www.hltv.org/team/12544/adalyamigos
2025-03-10,116,23160,Aetheris,8,https://www.hltv.org/team/13111/aetheris
2025-03-10,117,798,Inner Circle,8,https://www.hltv.org/team/13117/inner-circle
2025-03-10,118,8151,Preasy,8,https://www.hltv.org/team/12334/preasy
2025-03-10,119,23316,Spray Jutsu,8,https://www.hltv.org/team/13204/spray-jutsu
2025-03-10,120,9108,Mindfreak,8,https://www.hltv.org/team/11668/mindfreak
2025-03-10,121,9255,Johnny Speeds,8,https://www.hltv.org/team/12604/johnny-speeds
2025-03-10,122,19177,Akimbo,8,https://www.hltv.org/team/12567/akimbo
2025-03-10,123,8891,Tricked,8,https://www.hltv.org/team/4602/tricked
2025-03-10,124,9221,KRÜ,8,https://www.hltv.org/team/10900/kr
2025-03-10,125,10663,Real Original,8,https://www.hltv.org/team/13095/real-original
2025-03-10,126,11271,WildLotus,8,https://www.hltv.org/team/13184/wildlotus
2025-03-10,127,22998,FengDa,8,https://www.hltv.org/team/12899/fengda
2025-03-10,128,13685,Bad News Capybaras,8,https://www.hltv.org/team/13112/bad-news-capybaras
2025-03-10,129,16835,Swingers,8,https://www.hltv.org/team/13109/swingers
2025-03-10,130,22643,TNL,7,https://www.hltv.org/team/12833/tnl
2025-03-10,131,2544,UNO MILLE,7,https://www.hltv.org/team/11555/uno-mille
2025-03-10,132,1206,Nexus,7,https://www.hltv.org/team/7187/nexus
2025-03-10,133,21367,FORZE Reload,7,https://www.hltv.org/team/12857/forze-reload
2025-03-10,134,22459,Chimera,7,https://www.hltv.org/team/13098/chimera
2025-03-10,135,8503,Mythic,7,https://www.hltv.org/team/5479/mythic
2025-03-10,136,20946,BAKS,7,https://www.hltv.org/team/11699/baks
2025-03-10,137,16581,Supernova Comets,7,https://www.hltv.org/team/13146/supernova-comets
2025-03-10,138,19590,ALGO,7,https://www.hltv.org/team/13163/algo
2025-03-10,139,9656,Adventurers,7,https://www.hltv.org/team/13118/adventurers
2025-03-10,140,284,GenOne,7,https://www.hltv.org/team/11609/genone
2025-03-10,141,12708,Bad News Eagles,6,https://www.hltv.org/team/11518/bad-news-eagles
2025-03-10,142,21023,PCIFIC,6,https://www.hltv.org/team/13054/pcific
2025-03-10,143,19978,NomadS,6,https://www.hltv.org/team/12900/nomads
2025-03-10,144,24081,Garden Garage,6,https://www.hltv.org/team/13191/garden-garage
2025-03-10,145,8598,Just Swing,6,https://www.hltv.org/team/13053/just-swing
2025-03-10,146,6593,2GAME,6,https://www.hltv.org/team/12491/2game
2025-03-10,147,8726,LEON,6,https://www.hltv.org/team/12670/leon
2025-03-10,148,8943,Shika,6,https://www.hltv.org/team/13147/shika
2025-03-10,149,22364,Yawara,6,https://www.hltv.org/team/11933/yawara
2025-03-10,150,20336,ALASKA,6,https://www.hltv.org/team/13105/alaska
2025-03-10,151,12612,UNiTY,6,https://www.hltv.org/team/12267/unity
2025-03-10,152,16861,Viperio,6,https://www.hltv.org/team/9506/viperio
2025-03-10,153,12094,Dusty Roots,6,https://www.hltv.org/team/12548/dusty-roots
2025-03-10,154,22008,GameAgents,6,https://www.hltv.org/team/6652/gameagents
2025-03-10,155,20677,ENCE Academy,6,https://www.hltv.org/team/11790/ence-academy
2025-03-10,156,12025,TGM,5,https://www.hltv.org/team/13160/tgm
2025-03-10,157,15203,ESC,5,https://www.hltv.org/team/4532/esc
2025-03-10,158,9445,AK BARS,5,https://www.hltv.org/team/12997/ak-bars
2025-03-10,159,15861,IHC,5,https://www.hltv.org/team/11585/ihc
2025-03-10,160,18510,Insilio,5,https://www.hltv.org/team/12124/insilio
2025-03-10,161,20396,Vantage,5,https://www.hltv.org/team/12455/vantage
2025-03-10,162,20431,LAG,5,https://www.hltv.org/team/11955/lag
2025-03-10,163,10827,GameHunters,5,https://www.hltv.org/team/12988/gamehunters
2025-03-10,164,10774,Only One Word,5,https://www.hltv.org/team/11263/only-one-word
2025-03-10,165,11733,Floripa Stars,5,https://www.hltv.org/team/12867/floripa-stars
2025-03-10,166,23651,Blaze Warriors,5,https://www.hltv.org/team/12964/blaze-warriors
2025-03-10,167,3849,EYEBALLERS,5,https://www.hltv.org/team/11737/eyeballers
2025-03-10,168,19123,SUPER EVIL GANG,5,https://www.hltv.org/team/13177/super-evil-gang
2025-03-10,169,9616,Virtual Cottage,5,https://www.hltv.org/team/13162/virtual-cottage
2025-03-10,170,695,JANO,5,https://www.hltv.org/team/11827/jano
2025-03-10,171,11739,W7M,5,https://www.hltv.org/team/8574/w7m
2025-03-10,172,23114,THE,5,https://www.hltv.org/team/12955/the
2025-03-10,173,19812,LFO 3,5,https://www.hltv.org/team/13154/lfo-3
2025-03-10,174,19831,América,5,https://www.hltv.org/team/4326/amrica
2025-03-10,175,12736,Permitta,5,https://www.hltv.org/team/12009/permitta
2025-03-10,176,20521,Galorys,5,https://www.hltv.org/team/12677/galorys
2025-03-10,177,19872,ShindeN,5,https://www.hltv.org/team/12959/shinden
2025-03-10,178,23001,Change The Game,5,https://www.hltv.org/team/13175/change-the-game
2025-03-10,179,16415,benched,5,https://www.hltv.org/team/11138/benched
2025-03-10,180,22410,harizma,4,https://www.hltv.org/team/13115/harizma
2025-03-10,181,8528,1win,4,https://www.hltv.org/team/10621/1win
2025-03-10,182,20018,Wildcard Academy,4,https://www.hltv.org/team/13127/wildcard-academy
2025-03-10,183,14242,WOPA,4,https://www.hltv.org/team/12787/wopa
2025-03-10,184,18146,The QUBE,4,https://www.hltv.org/team/12825/the-qube
2025-03-10,185,22408,LFO 2,4,https://www.hltv.org/team/13114/lfo-2
2025-03-10,186,16661,Players,4,https://www.hltv.org/team/11711/players
2025-03-10,187,10938,Astralis Talent,4,https://www.hltv.org/team/10954/astralis-talent
2025-03-10,188,20815,8Sins,4,https://www.hltv.org/team/13024/8sins
2025-03-10,189,19857,Tsunami,4,https://www.hltv.org/team/12180/tsunami
2025-03-10,190,17997,Prasso,4,https://www.hltv.org/team/13166/prasso
2025-03-10,191,9325,ex-Heimo,4,https://www.hltv.org/team/13203/ex-heimo
2025-03-10,192,6553,Tropa do KinGui,4,https://www.hltv.org/team/13151/tropa-do-kingui
2025-03-10,193,18442,Chicken Coop,4,https://www.hltv.org/team/13107/chicken-coop
2025-03-10,194,20351,KZG,4,https://www.hltv.org/team/12152/kzg
2025-03-10,195,22430,Nuclear TigeRES,4,https://www.hltv.org/team/13027/nuclear-tigeres
2025-03-10,196,8566,NITRO,3,https://www.hltv.org/team/12915/nitro
2025-03-10,197,24281,PLUSH,3,https://www.hltv.org/team/13174/plush
2025-03-10,198,20199,FLuffy Gangsters,3,https://www.hltv.org/team/6668/fluffy-gangsters
2025-03-10,199,24878,seoul,3,https://www.hltv.org/team/13194/seoul
2025-03-10,200,8575,Sangal,3,https://www.hltv.org/team/10333/sangal
2025-03-10,201,19624,ONi,3,https://www.hltv.org/team/12952/oni
2025-03-10,202,20029,MIBR Academy,3,https://www.hltv.org/team/3044/mibr-academy
2025-03-10,203,11872,FURIA fe,3,https://www.hltv.org/team/10976/furia-fe
2025-03-10,204,20330,InControl,3,https://www.hltv.org/team/7720/incontrol
2025-03-10,205,22566,paiN Academy,3,https://www.hltv.org/team/11905/pain-academy
2025-03-10,206,9144,MANTRA,3,https://www.hltv.org/team/12472/mantra
2025-03-10,207,15762,Flshbck,3,https://www.hltv.org/team/13189/flshbck
2025-03-10,208,20281,Dark Cloud,2,https://www.hltv.org/team/13158/dark-cloud
2025-03-10,209,11940,NOVAQ,2,https://www.hltv.org/team/13178/novaq
2025-03-10,210,7653,Eco Warriors,2,https://www.hltv.org/team/13121/eco-warriors
2025-03-10,211,17087,Lazer Cats,2,https://www.hltv.org/team/12087/lazer-cats
2025-03-10,212,20320,Underground,2,https://www.hltv.org/team/12707/underground
2025-03-10,213,22775,Justice For Tomorrow,2,https://www.hltv.org/team/13113/justice-for-tomorrow
2025-03-10,214,18437,Revel,2,https://www.hltv.org/team/11194/revel
2025-03-10,215,23631,Amped,2,https://www.hltv.org/team/13006/amped
2025-03-10,216,22589,regain,2,https://www.hltv.org/team/12554/regain
2025-03-10,217,20683,Rhyno,2,https://www.hltv.org/team/10947/rhyno
2025-03-10,218,12898,Victores Sumus,2,https://www.hltv.org/team/12929/victores-sumus
2025-03-10,219,8640,Ghost,2,https://www.hltv.org/team/7801/ghost
2025-03-10,220,17916,Aether,2,https://www.hltv.org/team/12908/aether
2025-03-10,221,23828,RED Canids Academy,2,https://www.hltv.org/team/13029/red-canids-academy
2025-03-10,222,8635,Black Mold,2,https://www.hltv.org/team/13143/black-mold
2025-03-10,223,19973,2070,2,https://www.hltv.org/team/13052/2070
2025-03-10,224,18229,DMS,2,https://www.hltv.org/team/12747/dms
2025-03-10,225,21575,XI,2,https://www.hltv.org/team/8947/xi
2025-03-10,226,8850,FlyQuest RED,2,https://www.hltv.org/team/12301/flyquest-red
2025-03-10,227,16764,BIG EQUIPA,2,https://www.hltv.org/team/11718/big-equipa
2025-03-10,228,19084,Volt,2,https://www.hltv.org/team/13090/volt
2025-03-10,229,11258,MASONIC,2,https://www.hltv.org/team/10867/masonic
2025-03-10,230,9238,thekillaz fe,1,https://www.hltv.org/team/12912/thekillaz-fe
2025-03-10,231,1572,NIP Impact,1,https://www.hltv.org/team/11917/nip-impact
2025-03-10,232,16341,MIBR fe,1,https://www.hltv.org/team/10975/mibr-fe
2025-03-10,233,3329,Lilmix,1,https://www.hltv.org/team/9735/lilmix
2025-03-10,234,20166,Spray and Slay,1,https://www.hltv.org/team/13187/spray-and-slay
2025-03-10,235,21727,Akuma,1,https://www.hltv.org/team/13134/akuma
2025-03-10,236,9818,HAVU,1,https://www.hltv.org/team/7865/havu
2025-03-10,237,23050,AKA HERO KAJO,1,https://www.hltv.org/team/13142/aka-hero-kajo
2025-03-10,238,23063,Bounty Hunters fe,1,https://www.hltv.org/team/13186/bounty-hunters-fe
2025-03-10,239,9241,Quem Sao Elas,1,https://www.hltv.org/team/11756/quem-sao-elas
2025-03-10,240,19998,O PLANO,1,https://www.hltv.org/team/10994/o-plano
2025-03-10,241,22889,Lumen fe,1,https://www.hltv.org/team/12913/lumen-fe
2025-03-10,242,1656,Prototype Blaze,1,https://www.hltv.org/team/13133/prototype-blaze
2025-03-10,243,18774,CS2News Ladies,1,https://www.hltv.org/team/13168/cs2news-ladies
2025-03-10,244,10499,VELOX,1,https://www.hltv.org/team/10978/velox
2025-03-10,245,22092,nomercy fe,1,https://www.hltv.org/team/13122/nomercy-fe
2025-03-10,246,17071,Nouns fe,1,https://www.hltv.org/team/12556/nouns-fe
2025-03-10,247,23679,MEGA JUNERS,1,https://www.hltv.org/team/13135/mega-juners
2025-03-10,248,22110,Nyx Empyre,1,https://www.hltv.org/team/13176/nyx-empyre
2025-03-10,249,23060,Lotus fe,1,https://www.hltv.org/team/12702/lotus-fe
2025-03-10,250,22422,9z Academy,0,https://www.hltv.org/team/11006/9z-academy
2025-03-10,251,23744,st4rboys,0,https://www.hltv.org/team/12983/st4rboys
2025-03-10,252,23204,BRUTE,0,https://www.hltv.org/team/9139/brute
2025-03-10,253,18783,Let Her Cook,0,https://www.hltv.org/team/12421/let-her-cook
2025-03-10,254,22605,SAW Myst,0,https://www.hltv.org/team/13140/saw-myst
2025-03-10,255,16343,Messitas,0,https://www.hltv.org/team/13144/messitas
2025-03-10,256,24416,Brave Bears,0,https://www.hltv.org/team/13145/brave-bears
2025-03-03,1,7716,Spirit,1000,https://www.hltv.org/team/7020/spirit
2025-03-03,2,7322,Vitality,663,https://www.hltv.org/team/9565/vitality
2025-03-03,3,9816,Natus Vincere,587,https://www.hltv.org/team/4608/natus-vincere
2025-03-03,4,150,Eternal Fire,537,https://www.hltv.org/team/11251/eternal-fire
2025-03-03,5,2553,G2,434,https://www.hltv.org/team/5995/g2
2025-03-03,6,429,FaZe,428,https://www.hltv.org/team/6667/faze
2025-03-03,7,20194,The MongolZ,407,https://www.hltv.org/team/6248/the-mongolz
2025-03-03,8,13666,MOUZ,363,https://www.hltv.org/team/4494/mouz
2025-03-03,9,3741,Falcons,276,https://www.hltv.org/team/11283/falcons
2025-03-03,10,8918,Virtus.pro,258,https://www.hltv.org/team/5378/virtuspro
2025-03-03,11,7592,Astralis,255,https://www.hltv.org/team/6665/astralis
2025-03-03,12,4679,Liquid,211,https://www.hltv.org/team/5973/liquid
2025-03-03,13,18141,paiN,206,https://www.hltv.org/team/4773/pain
2025-03-03,14,9278,GamerLegion,194,https://www.hltv.org/team/9928/gamerlegion
2025-03-03,15,2023,FURIA,159,https://www.hltv.org/team/8297/furia
2025-03-03,16,8374,3DMAX,153,https://www.hltv.org/team/4914/3dmax
2025-03-03,17,19164,HEROIC,119,https://www.hltv.org/team/7175/heroic
2025-03-03,18,5794,BIG,113,https://www.hltv.org/team/7532/big
2025-03-03,19,11154,MIBR,103,https://www.hltv.org/team/9215/mibr
2025-03-03,20,11840,BetBoom,90,https://www.hltv.org/team/12394/betboom
2025-03-03,21,630,SAW,86,https://www.hltv.org/team/10567/saw
2025-03-03,22,8507,Wildcard,81,https://www.hltv.org/team/12257/wildcard
2025-03-03,23,15370,M80,69,https://www.hltv.org/team/12376/m80
2025-03-03,24,9115,FlyQuest,60,https://www.hltv.org/team/12774/flyquest
2025-03-03,25,8552,TYLOO,54,https://www.hltv.org/team/4863/tyloo
2025-03-03,26,19592,B8,50,https://www.hltv.org/team/11241/b8
2025-03-03,27,11630,Complexity,48,https://www.hltv.org/team/5005/complexity
2025-03-03,28,11217,500,43,https://www.hltv.org/team/12000/500
2025-03-03,29,12822,Imperial,43,https://www.hltv.org/team/9455/imperial
2025-03-03,30,13239,PARIVISION,43,https://www.hltv.org/team/12467/parivision
2025-03-03,31,16551,Lynn Vision,35,https://www.hltv.org/team/8840/lynn-vision
2025-03-03,32,8248,BC.Game,35,https://www.hltv.org/team/12878/bcgame
2025-03-03,33,7028,Rare Atom,33,https://www.hltv.org/team/11514/rare-atom
2025-03-03,34,7687,NRG,31,https://www.hltv.org/team/6673/nrg
2025-03-03,35,22864,Spirit Academy,31,https://www.hltv.org/team/7900/spirit-academy
2025-03-03,36,17622,BLUEJAYS,30,https://www.hltv.org/team/5347/bluejays
2025-03-03,37,9521,ATOX,30,https://www.hltv.org/team/12312/atox
2025-03-03,38,20387,Nemiga,30,https://www.hltv.org/team/7969/nemiga
2025-03-03,39,7528,fnatic,25,https://www.hltv.org/team/4991/fnatic
2025-03-03,40,15698,Legacy,25,https://www.hltv.org/team/12468/legacy
2025-03-03,41,17508,CYBERSHOKE,24,https://www.hltv.org/team/12380/cybershoke
2025-03-03,42,12004,Aurora,24,https://www.hltv.org/team/11861/aurora
2025-03-03,43,7412,ENCE,24,https://www.hltv.org/team/4869/ence
2025-03-03,44,19044,OG,24,https://www.hltv.org/team/10503/og
2025-03-03,45,12937,Marsborne,23,https://www.hltv.org/team/13124/marsborne
2025-03-03,46,20558,Sharks,23,https://www.hltv.org/team/8113/sharks
2025-03-03,47,13669,CPH Wolves,23,https://www.hltv.org/team/4548/cph-wolves
2025-03-03,48,5351,Zero Tenacity,22,https://www.hltv.org/team/11523/zero-tenacity
2025-03-03,49,17008,Passion UA,22,https://www.hltv.org/team/12426/passion-ua
2025-03-03,50,20584,NAVI Junior,22,https://www.hltv.org/team/10371/navi-junior
2025-03-03,51,8488,SINNERS,22,https://www.hltv.org/team/10577/sinners
2025-03-03,52,10892,Getting Info,22,https://www.hltv.org/team/13106/getting-info
2025-03-03,53,1646,Imperial Valkyries,21,https://www.hltv.org/team/12828/imperial-valkyries
2025-03-03,54,8212,Fire Flux,21,https://www.hltv.org/team/12960/fire-flux
2025-03-03,55,15072,The Huns,21,https://www.hltv.org/team/12510/the-huns
2025-03-03,56,16848,Monte,20,https://www.hltv.org/team/11811/monte
2025-03-03,57,12027,9 Pandas,20,https://www.hltv.org/team/11883/9-pandas
2025-03-03,58,9483,Solid,20,https://www.hltv.org/team/12233/solid
2025-03-03,59,2131,FAVBET,20,https://www.hltv.org/team/12818/favbet
2025-03-03,60,2476,Partizan,19,https://www.hltv.org/team/11838/partizan
2025-03-03,61,3669,Rebels,19,https://www.hltv.org/team/12642/rebels
2025-03-03,62,23680,-72c,19,https://www.hltv.org/team/12546/72c
2025-03-03,63,12521,Fluxo,18,https://www.hltv.org/team/11837/fluxo
2025-03-03,64,10961,ECSTATIC,17,https://www.hltv.org/team/11419/ecstatic
2025-03-03,65,13843,Sashi,17,https://www.hltv.org/team/11712/sashi
2025-03-03,66,8371,Iberian Soul,17,https://www.hltv.org/team/13104/iberian-soul
2025-03-03,67,17316,Betera,17,https://www.hltv.org/team/12431/betera
2025-03-03,68,14990,SemperFi,17,https://www.hltv.org/team/12901/semperfi
2025-03-03,69,15060,Chinggis Warriors,17,https://www.hltv.org/team/12646/chinggis-warriors
2025-03-03,70,7805,Nouns,17,https://www.hltv.org/team/11948/nouns
2025-03-03,71,18447,ARCRED,17,https://www.hltv.org/team/10459/arcred
2025-03-03,72,3459,RUSH B,16,https://www.hltv.org/team/12559/rush-b
2025-03-03,73,21445,Hesta,16,https://www.hltv.org/team/13153/hesta
2025-03-03,74,19591,Chill Guys,16,https://www.hltv.org/team/13110/chill-guys
2025-03-03,75,14390,ODDIK,16,https://www.hltv.org/team/11768/oddik
2025-03-03,76,922,Ninjas in Pyjamas,15,https://www.hltv.org/team/4411/ninjas-in-pyjamas
2025-03-03,77,14388,ECLOT,15,https://www.hltv.org/team/7441/eclot
2025-03-03,78,2898,9INE,15,https://www.hltv.org/team/10278/9ine
2025-03-03,79,18070,Betclic,15,https://www.hltv.org/team/12916/betclic
2025-03-03,80,10479,Al-Ittihad,15,https://www.hltv.org/team/12958/al-ittihad
2025-03-03,81,2161,BESTIA,15,https://www.hltv.org/team/12144/bestia
2025-03-03,82,13250,Party Astronauts,14,https://www.hltv.org/team/8038/party-astronauts
2025-03-03,83,8565,RED Canids,14,https://www.hltv.org/team/7176/red-canids
2025-03-03,84,20600,AMKAL,14,https://www.hltv.org/team/12586/amkal
2025-03-03,85,13240,GUN5,14,https://www.hltv.org/team/12471/gun5
2025-03-03,86,12092,9z,14,https://www.hltv.org/team/9996/9z
2025-03-03,87,7443,Alliance,14,https://www.hltv.org/team/12474/alliance
2025-03-03,88,20167,NEVERMORE,13,https://www.hltv.org/team/13157/nevermore
2025-03-03,89,9766,Metizport,13,https://www.hltv.org/team/11641/metizport
2025-03-03,90,23223,Immigrants peek,13,https://www.hltv.org/team/13067/immigrants-peek
2025-03-03,91,21213,BASEMENT BOYS,13,https://www.hltv.org/team/13181/basement-boys
2025-03-03,92,20278,Elevate,13,https://www.hltv.org/team/5775/elevate
2025-03-03,93,12588,Housebets,13,https://www.hltv.org/team/12921/housebets
2025-03-03,94,20258,UR,13,https://www.hltv.org/team/13116/ur
2025-03-03,95,22544,Take Flyte,12,https://www.hltv.org/team/11660/take-flyte
2025-03-03,96,14394,Bounty Hunters,12,https://www.hltv.org/team/12776/bounty-hunters
2025-03-03,97,16147,kONO,12,https://www.hltv.org/team/12858/kono
2025-03-03,98,19575,K27,12,https://www.hltv.org/team/12895/k27
2025-03-03,99,19133,Gods Reign,12,https://www.hltv.org/team/12415/gods-reign
2025-03-03,100,16102,GTZ,12,https://www.hltv.org/team/9466/gtz
2025-03-03,101,12102,MIGHT,12,https://www.hltv.org/team/12483/might
2025-03-03,102,13317,JiJieHao,12,https://www.hltv.org/team/10245/jijiehao
2025-03-03,103,16768,DogEvil,11,https://www.hltv.org/team/13148/dogevil
2025-03-03,104,11532,LOBOARMY,11,https://www.hltv.org/team/13198/loboarmy
2025-03-03,105,11485,TALON,11,https://www.hltv.org/team/8210/talon
2025-03-03,106,9220,adalYamigos,11,https://www.hltv.org/team/12544/adalyamigos
2025-03-03,107,798,Inner Circle,11,https://www.hltv.org/team/13117/inner-circle
2025-03-03,108,12877,Rooster,11,https://www.hltv.org/team/9881/rooster
2025-03-03,109,22643,TNL,11,https://www.hltv.org/team/12833/tnl
2025-03-03,110,8891,Tricked,10,https://www.hltv.org/team/4602/tricked
2025-03-03,111,19177,Akimbo,10,https://www.hltv.org/team/12567/akimbo
2025-03-03,112,18638,Eruption,10,https://www.hltv.org/team/12097/eruption
2025-03-03,113,10663,Real Original,10,https://www.hltv.org/team/13095/real-original
2025-03-03,114,14799,Vagrants,10,https://www.hltv.org/team/12611/vagrants
2025-03-03,115,22998,FengDa,10,https://www.hltv.org/team/12899/fengda
2025-03-03,116,9255,Johnny Speeds,10,https://www.hltv.org/team/12604/johnny-speeds
2025-03-03,117,8151,Preasy,10,https://www.hltv.org/team/12334/preasy
2025-03-03,118,9108,Mindfreak,10,https://www.hltv.org/team/11668/mindfreak
2025-03-03,119,284,GenOne,10,https://www.hltv.org/team/11609/genone
2025-03-03,120,22364,Yawara,10,https://www.hltv.org/team/11933/yawara
2025-03-03,121,18510,Insilio,10,https://www.hltv.org/team/12124/insilio
2025-03-03,122,16814,Flamengo,9,https://www.hltv.org/team/12065/flamengo
2025-03-03,123,3849,EYEBALLERS,9,https://www.hltv.org/team/11737/eyeballers
2025-03-03,124,20421,Leo,9,https://www.hltv.org/team/11446/leo
2025-03-03,125,20956,RUBY,9,https://www.hltv.org/team/12694/ruby
2025-03-03,126,18752,HOTU,9,https://www.hltv.org/team/11581/hotu
2025-03-03,127,23160,Aetheris,9,https://www.hltv.org/team/13111/aetheris
2025-03-03,128,20946,BAKS,9,https://www.hltv.org/team/11699/baks
2025-03-03,129,11271,WildLotus,9,https://www.hltv.org/team/13184/wildlotus
2025-03-03,130,12708,Bad News Eagles,9,https://www.hltv.org/team/11518/bad-news-eagles
2025-03-03,131,2544,UNO MILLE,9,https://www.hltv.org/team/11555/uno-mille
2025-03-03,132,20336,ALASKA,9,https://www.hltv.org/team/13105/alaska
2025-03-03,133,13685,Bad News Capybaras,9,https://www.hltv.org/team/13112/bad-news-capybaras
2025-03-03,134,19590,ALGO,9,https://www.hltv.org/team/13163/algo
2025-03-03,135,8575,Sangal,9,https://www.hltv.org/team/10333/sangal
2025-03-03,136,16581,Supernova Comets,8,https://www.hltv.org/team/13146/supernova-comets
2025-03-03,137,20677,ENCE Academy,8,https://www.hltv.org/team/11790/ence-academy
2025-03-03,138,19812,LFO 3,8,https://www.hltv.org/team/13154/lfo-3
2025-03-03,139,19978,NomadS,8,https://www.hltv.org/team/12900/nomads
2025-03-03,140,9656,Adventurers,8,https://www.hltv.org/team/13118/adventurers
2025-03-03,141,16861,Viperio,8,https://www.hltv.org/team/9506/viperio
2025-03-03,142,9221,KRÜ,8,https://www.hltv.org/team/10900/kr
2025-03-03,143,8598,Just Swing,8,https://www.hltv.org/team/13053/just-swing
2025-03-03,144,22459,Chimera,8,https://www.hltv.org/team/13098/chimera
2025-03-03,145,8943,Shika,8,https://www.hltv.org/team/13147/shika
2025-03-03,146,16835,Swingers,8,https://www.hltv.org/team/13109/swingers
2025-03-03,147,22008,GameAgents,7,https://www.hltv.org/team/6652/gameagents
2025-03-03,148,21367,FORZE Reload,7,https://www.hltv.org/team/12857/forze-reload
2025-03-03,149,9445,AK BARS,7,https://www.hltv.org/team/12997/ak-bars
2025-03-03,150,1206,Nexus,7,https://www.hltv.org/team/7187/nexus
2025-03-03,151,20521,Galorys,7,https://www.hltv.org/team/12677/galorys
2025-03-03,152,15861,IHC,7,https://www.hltv.org/team/11585/ihc
2025-03-03,153,22244,MCS,7,https://www.hltv.org/team/13005/mcs
2025-03-03,154,12612,UNiTY,7,https://www.hltv.org/team/12267/unity
2025-03-03,155,23651,Blaze Warriors,7,https://www.hltv.org/team/12964/blaze-warriors
2025-03-03,156,20245,ESC,6,https://www.hltv.org/team/4532/esc
2025-03-03,157,23114,THE,6,https://www.hltv.org/team/12955/the
2025-03-03,158,10774,Only One Word,6,https://www.hltv.org/team/11263/only-one-word
2025-03-03,159,695,JANO,6,https://www.hltv.org/team/11827/jano
2025-03-03,160,20396,Vantage,6,https://www.hltv.org/team/12455/vantage
2025-03-03,161,11733,Floripa Stars,6,https://www.hltv.org/team/12867/floripa-stars
2025-03-03,162,23001,Change The Game,6,https://www.hltv.org/team/13175/change-the-game
2025-03-03,163,20431,LAG,6,https://www.hltv.org/team/11955/lag
2025-03-03,164,8528,1win,6,https://www.hltv.org/team/10621/1win
2025-03-03,165,22410,harizma,6,https://www.hltv.org/team/13115/harizma
2025-03-03,166,19123,SUPER EVIL GANG,6,https://www.hltv.org/team/13177/super-evil-gang
2025-03-03,167,18146,The QUBE,5,https://www.hltv.org/team/12825/the-qube
2025-03-03,168,14242,WOPA,5,https://www.hltv.org/team/12787/wopa
2025-03-03,169,12094,Dusty Roots,5,https://www.hltv.org/team/12548/dusty-roots
2025-03-03,170,19872,ShindeN,5,https://www.hltv.org/team/12959/shinden
2025-03-03,171,20018,Wildcard Academy,5,https://www.hltv.org/team/13127/wildcard-academy
2025-03-03,172,22408,LFO 2,5,https://www.hltv.org/team/13114/lfo-2
2025-03-03,173,17997,Prasso,5,https://www.hltv.org/team/13166/prasso
2025-03-03,174,20815,8Sins,5,https://www.hltv.org/team/13024/8sins
2025-03-03,175,19857,Tsunami,5,https://www.hltv.org/team/12180/tsunami
2025-03-03,176,16661,Players,5,https://www.hltv.org/team/11711/players
2025-03-03,177,10827,GameHunters,5,https://www.hltv.org/team/12988/gamehunters
2025-03-03,178,18442,Chicken Coop,5,https://www.hltv.org/team/13107/chicken-coop
2025-03-03,179,10938,Astralis Talent,5,https://www.hltv.org/team/10954/astralis-talent
2025-03-03,180,10838,Familia Maquininha,5,https://www.hltv.org/team/13137/familia-maquininha
2025-03-03,181,20351,KZG,5,https://www.hltv.org/team/12152/kzg
2025-03-03,182,5187,Steel Helmet,4,https://www.hltv.org/team/11273/steel-helmet
2025-03-03,183,8566,NITRO,4,https://www.hltv.org/team/12915/nitro
2025-03-03,184,20029,MIBR Academy,4,https://www.hltv.org/team/3044/mibr-academy
2025-03-03,185,24281,PLUSH,4,https://www.hltv.org/team/13174/plush
2025-03-03,186,20683,Rhyno,4,https://www.hltv.org/team/10947/rhyno
2025-03-03,187,8503,Mythic,4,https://www.hltv.org/team/5479/mythic
2025-03-03,188,19624,ONi,4,https://www.hltv.org/team/12952/oni
2025-03-03,189,9325,ex-Heimo,4,https://www.hltv.org/team/13203/ex-heimo
2025-03-03,190,22775,Justice For Tomorrow,4,https://www.hltv.org/team/13113/justice-for-tomorrow
2025-03-03,191,7653,Eco Warriors,4,https://www.hltv.org/team/13121/eco-warriors
2025-03-03,192,20330,InControl,4,https://www.hltv.org/team/7720/incontrol
2025-03-03,193,11872,FURIA fe,4,https://www.hltv.org/team/10976/furia-fe
2025-03-03,194,12736,Permitta,4,https://www.hltv.org/team/12009/permitta
2025-03-03,195,20199,FLuffy Gangsters,3,https://www.hltv.org/team/6668/fluffy-gangsters
2025-03-03,196,15762,Flshbck,3,https://www.hltv.org/team/13189/flshbck
2025-03-03,197,9144,MANTRA,3,https://www.hltv.org/team/12472/mantra
2025-03-03,198,20281,Dark Cloud,3,https://www.hltv.org/team/13158/dark-cloud
2025-03-03,199,20320,Underground,3,https://www.hltv.org/team/12707/underground
2025-03-03,200,11940,NOVAQ,3,https://www.hltv.org/team/13178/novaq
2025-03-03,201,19973,2070,3,https://www.hltv.org/team/13052/2070
2025-03-03,202,18437,Revel,3,https://www.hltv.org/team/11194/revel
2025-03-03,203,23631,Amped,3,https://www.hltv.org/team/13006/amped
2025-03-03,204,22566,paiN Academy,3,https://www.hltv.org/team/11905/pain-academy
2025-03-03,205,8850,FlyQuest RED,3,https://www.hltv.org/team/12301/flyquest-red
2025-03-03,206,12898,Victores Sumus,3,https://www.hltv.org/team/12929/victores-sumus
2025-03-03,207,23828,RED Canids Academy,3,https://www.hltv.org/team/13029/red-canids-academy
2025-03-03,208,22430,Nuclear TigeRES,3,https://www.hltv.org/team/13027/nuclear-tigeres
2025-03-03,209,22589,regain,2,https://www.hltv.org/team/12554/regain
2025-03-03,210,8640,Ghost,2,https://www.hltv.org/team/7801/ghost
2025-03-03,211,8635,Black Mold,2,https://www.hltv.org/team/13143/black-mold
2025-03-03,212,19084,Volt,2,https://www.hltv.org/team/13090/volt
2025-03-03,213,6553,Tropa do KinGui,2,https://www.hltv.org/team/13151/tropa-do-kingui
2025-03-03,214,11258,MASONIC,2,https://www.hltv.org/team/10867/masonic
2025-03-03,215,17916,Aether,2,https://www.hltv.org/team/12908/aether
2025-03-03,216,1572,NIP Impact,2,https://www.hltv.org/team/11917/nip-impact
2025-03-03,217,9238,thekillaz fe,2,https://www.hltv.org/team/12912/thekillaz-fe
2025-03-03,218,3329,Lilmix,2,https://www.hltv.org/team/9735/lilmix
2025-03-03,219,17087,Lazer Cats,2,https://www.hltv.org/team/12087/lazer-cats
2025-03-03,220,20166,Spray and Slay,2,https://www.hltv.org/team/13187/spray-and-slay
2025-03-03,221,9818,HAVU,2,https://www.hltv.org/team/7865/havu
2025-03-03,222,16341,MIBR fe,2,https://www.hltv.org/team/10975/mibr-fe
2025-03-03,223,19998,Atrix,2,https://www.hltv.org/team/12533/atrix
2025-03-03,224,16415,benched,1,https://www.hltv.org/team/11138/benched
2025-03-03,225,23050,AKA HERO KAJO,1,https://www.hltv.org/team/13142/aka-hero-kajo
2025-03-03,226,22092,nomercy fe,1,https://www.hltv.org/team/13122/nomercy-fe
2025-03-03,227,17071,Nouns fe,1,https://www.hltv.org/team/12556/nouns-fe
2025-03-03,228,18774,CS2News Ladies,1,https://www.hltv.org/team/13168/cs2news-ladies
2025-03-03,229,21727,Akuma,1,https://www.hltv.org/team/13134/akuma
2025-03-03,230,10499,VELOX,1,https://www.hltv.org/team/10978/velox
2025-03-03,231,1656,Prototype Blaze,1,https://www.hltv.org/team/13133/prototype-blaze
2025-03-03,232,23679,MEGA JUNERS,1,https://www.hltv.org/team/13135/mega-juners
2025-03-03,233,22110,Nyx Empyre,1,https://www.hltv.org/team/13176/nyx-empyre
2025-03-03,234,16764,BIG EQUIPA,1,https://www.hltv.org/team/11718/big-equipa
2025-03-03,235,23060,Lotus fe,1,https://www.hltv.org/team/12702/lotus-fe
2025-03-03,236,23063,Bounty Hunters fe,1,https://www.hltv.org/team/13186/bounty-hunters-fe
2025-03-03,237,22889,Lumen fe,1,https://www.hltv.org/team/12913/lumen-fe
2025-03-03,238,9241,Quem Sao Elas,1,https://www.hltv.org/team/11756/quem-sao-elas
2025-03-03,239,22422,9z Academy,1,https://www.hltv.org/team/11006/9z-academy
2025-03-03,240,23204,BRUTE,1,https://www.hltv.org/team/9139/brute
2025-03-03,241,23744,st4rboys,0,https://www.hltv.org/team/12983/st4rboys
2025-03-03,242,22605,SAW Myst,0,https://www.hltv.org/team/13140/saw-myst
2025-03-03,243,16343,Messitas,0,https://www.hltv.org/team/13144/messitas
2025-03-03,244,24416,Brave Bears,0,https://www.hltv.org/team/13145/brave-bears
2025-02-24,1,7716,Spirit,1000,https://www.hltv.org/team/7020/spirit
2025-02-24,2,7322,Vitality,659,https://www.hltv.org/team/9565/vitality
2025-02-24,3,9816,Natus Vincere,574,https://www.hltv.org/team/4608/natus-vincere
2025-02-24,4,150,Eternal Fire,530,https://www.hltv.org/team/11251/eternal-fire
2025-02-24,5,2553,G2,483,https://www.hltv.org/team/5995/g2
2025-02-24,6,429,FaZe,419,https://www.hltv.org/team/6667/faze
2025-02-24,7,20194,The MongolZ,399,https://www.hltv.org/team/6248/the-mongolz
2025-02-24,8,13666,MOUZ,357,https://www.hltv.org/team/4494/mouz
2025-02-24,9,7592,Astralis,283,https://www.hltv.org/team/6665/astralis
2025-02-24,10,3741,Falcons,271,https://www.hltv.org/team/11283/falcons
2025-02-24,11,8918,Virtus.pro,253,https://www.hltv.org/team/5378/virtuspro
2025-02-24,12,4679,Liquid,206,https://www.hltv.org/team/5973/liquid
2025-02-24,13,18141,paiN,202,https://www.hltv.org/team/4773/pain
2025-02-24,14,9278,GamerLegion,165,https://www.hltv.org/team/9928/gamerlegion
2025-02-24,15,2023,FURIA,158,https://www.hltv.org/team/8297/furia
2025-02-24,16,8374,3DMAX,142,https://www.hltv.org/team/4914/3dmax
2025-02-24,17,19164,HEROIC,114,https://www.hltv.org/team/7175/heroic
2025-02-24,18,5794,BIG,111,https://www.hltv.org/team/7532/big
2025-02-24,19,11154,MIBR,89,https://www.hltv.org/team/9215/mibr
2025-02-24,20,11840,BetBoom,88,https://www.hltv.org/team/12394/betboom
2025-02-24,21,8507,Wildcard,80,https://www.hltv.org/team/12257/wildcard
2025-02-24,22,630,SAW,58,https://www.hltv.org/team/10567/saw
2025-02-24,23,9115,FlyQuest,53,https://www.hltv.org/team/12774/flyquest
2025-02-24,24,11630,Complexity,48,https://www.hltv.org/team/5005/complexity
2025-02-24,25,19592,B8,48,https://www.hltv.org/team/11241/b8
2025-02-24,26,15370,M80,43,https://www.hltv.org/team/12376/m80
2025-02-24,27,12822,Imperial,43,https://www.hltv.org/team/9455/imperial
2025-02-24,28,13239,PARIVISION,42,https://www.hltv.org/team/12467/parivision
2025-02-24,29,11217,500,38,https://www.hltv.org/team/12000/500
2025-02-24,30,8248,BC.Game,36,https://www.hltv.org/team/12878/bcgame
2025-02-24,31,7028,Rare Atom,31,https://www.hltv.org/team/11514/rare-atom
2025-02-24,32,22864,Spirit Academy,28,https://www.hltv.org/team/7900/spirit-academy
2025-02-24,33,16551,Lynn Vision,26,https://www.hltv.org/team/8840/lynn-vision
2025-02-24,34,9521,ATOX,25,https://www.hltv.org/team/12312/atox
2025-02-24,35,20387,Nemiga,24,https://www.hltv.org/team/7969/nemiga
2025-02-24,36,19044,OG,24,https://www.hltv.org/team/10503/og
2025-02-24,37,7412,ENCE,24,https://www.hltv.org/team/4869/ence
2025-02-24,38,7528,fnatic,24,https://www.hltv.org/team/4991/fnatic
2025-02-24,39,20558,Sharks,22,https://www.hltv.org/team/8113/sharks
2025-02-24,40,8488,SINNERS,22,https://www.hltv.org/team/10577/sinners
2025-02-24,41,17008,Passion UA,22,https://www.hltv.org/team/12426/passion-ua
2025-02-24,42,5351,Zero Tenacity,22,https://www.hltv.org/team/11523/zero-tenacity
2025-02-24,43,15698,Legacy,22,https://www.hltv.org/team/12468/legacy
2025-02-24,44,17508,CYBERSHOKE,22,https://www.hltv.org/team/12380/cybershoke
2025-02-24,45,17622,BLUEJAYS,22,https://www.hltv.org/team/5347/bluejays
2025-02-24,46,7687,NRG,21,https://www.hltv.org/team/6673/nrg
2025-02-24,47,12004,Aurora,21,https://www.hltv.org/team/11861/aurora
2025-02-24,48,15072,The Huns,20,https://www.hltv.org/team/12510/the-huns
2025-02-24,49,10479,Al-Ittihad,20,https://www.hltv.org/team/12958/al-ittihad
2025-02-24,50,13669,CPH Wolves,20,https://www.hltv.org/team/4548/cph-wolves
2025-02-24,51,16848,Monte,20,https://www.hltv.org/team/11811/monte
2025-02-24,52,9483,Solid,20,https://www.hltv.org/team/12233/solid
2025-02-24,53,1646,Imperial Valkyries,20,https://www.hltv.org/team/12828/imperial-valkyries
2025-02-24,54,8212,Fire Flux,20,https://www.hltv.org/team/12960/fire-flux
2025-02-24,55,2476,Partizan,19,https://www.hltv.org/team/11838/partizan
2025-02-24,56,12027,9 Pandas,19,https://www.hltv.org/team/11883/9-pandas
2025-02-24,57,3669,Rebels,19,https://www.hltv.org/team/12642/rebels
2025-02-24,58,8604,TYLOO,18,https://www.hltv.org/team/4863/tyloo
2025-02-24,59,13843,Sashi,18,https://www.hltv.org/team/11712/sashi
2025-02-24,60,12521,Fluxo,18,https://www.hltv.org/team/11837/fluxo
2025-02-24,61,2161,BESTIA,18,https://www.hltv.org/team/12144/bestia
2025-02-24,62,10892,Getting Info,17,https://www.hltv.org/team/13106/getting-info
2025-02-24,63,23680,-72c,17,https://www.hltv.org/team/12546/72c
2025-02-24,64,2898,9INE,17,https://www.hltv.org/team/10278/9ine
2025-02-24,65,21445,Hesta,16,https://www.hltv.org/team/13153/hesta
2025-02-24,66,20584,NAVI Junior,16,https://www.hltv.org/team/10371/navi-junior
2025-02-24,67,14990,SemperFi,16,https://www.hltv.org/team/12901/semperfi
2025-02-24,68,922,Ninjas in Pyjamas,16,https://www.hltv.org/team/4411/ninjas-in-pyjamas
2025-02-24,69,3459,RUSH B,16,https://www.hltv.org/team/12559/rush-b
2025-02-24,70,14390,ODDIK,16,https://www.hltv.org/team/11768/oddik
2025-02-24,71,7805,Nouns,15,https://www.hltv.org/team/11948/nouns
2025-02-24,72,12937,Marsborne,15,https://www.hltv.org/team/13124/marsborne
2025-02-24,73,14388,ECLOT,15,https://www.hltv.org/team/7441/eclot
2025-02-24,74,2131,FAVBET,15,https://www.hltv.org/team/12818/favbet
2025-02-24,75,17316,Betera,15,https://www.hltv.org/team/12431/betera
2025-02-24,76,18447,ARCRED,15,https://www.hltv.org/team/10459/arcred
2025-02-24,77,10961,ECSTATIC,14,https://www.hltv.org/team/11419/ecstatic
2025-02-24,78,15060,Chinggis Warriors,14,https://www.hltv.org/team/12646/chinggis-warriors
2025-02-24,79,8565,RED Canids,14,https://www.hltv.org/team/7176/red-canids
2025-02-24,80,16147,kONO,14,https://www.hltv.org/team/12858/kono
2025-02-24,81,19591,Chill Guys,14,https://www.hltv.org/team/13110/chill-guys
2025-02-24,82,12092,9z,14,https://www.hltv.org/team/9996/9z
2025-02-24,83,20600,AMKAL,14,https://www.hltv.org/team/12586/amkal
2025-02-24,84,20258,UR,14,https://www.hltv.org/team/13116/ur
2025-02-24,85,18070,Betclic,13,https://www.hltv.org/team/12916/betclic
2025-02-24,86,20167,NEVERMORE,13,https://www.hltv.org/team/13157/nevermore
2025-02-24,87,9766,Metizport,13,https://www.hltv.org/team/11641/metizport
2025-02-24,88,23223,Immigrants peek,13,https://www.hltv.org/team/13067/immigrants-peek
2025-02-24,89,21213,BASEMENT BOYS,13,https://www.hltv.org/team/13181/basement-boys
2025-02-24,90,19575,K27,12,https://www.hltv.org/team/12895/k27
2025-02-24,91,8371,Iberian Soul,12,https://www.hltv.org/team/13104/iberian-soul
2025-02-24,92,20278,Elevate,12,https://www.hltv.org/team/5775/elevate
2025-02-24,93,11329,Swingers,12,https://www.hltv.org/team/13109/swingers
2025-02-24,94,13240,GUN5,11,https://www.hltv.org/team/12471/gun5
2025-02-24,95,11532,Exceritus,11,https://www.hltv.org/team/13082/exceritus
2025-02-24,96,9220,adalYamigos,11,https://www.hltv.org/team/12544/adalyamigos
2025-02-24,97,7443,Alliance,11,https://www.hltv.org/team/12474/alliance
2025-02-24,98,798,Inner Circle,11,https://www.hltv.org/team/13117/inner-circle
2025-02-24,99,22643,TNL,11,https://www.hltv.org/team/12833/tnl
2025-02-24,100,284,GenOne,11,https://www.hltv.org/team/11609/genone
2025-02-24,101,15062,NomadS,10,https://www.hltv.org/team/12900/nomads
2025-02-24,102,18510,Insilio,10,https://www.hltv.org/team/12124/insilio
2025-02-24,103,13317,JiJieHao,10,https://www.hltv.org/team/10245/jijiehao
2025-02-24,104,16816,Tropa do VSM,10,https://www.hltv.org/team/13138/tropa-do-vsm
2025-02-24,105,12877,Rooster,10,https://www.hltv.org/team/9881/rooster
2025-02-24,106,11271,WildLotus,10,https://www.hltv.org/team/13184/wildlotus
2025-02-24,107,14394,Bounty Hunters,10,https://www.hltv.org/team/12776/bounty-hunters
2025-02-24,108,8082,TALON,10,https://www.hltv.org/team/8210/talon
2025-02-24,109,10663,Real Original,10,https://www.hltv.org/team/13095/real-original
2025-02-24,110,22008,GameAgents,10,https://www.hltv.org/team/6652/gameagents
2025-02-24,111,21367,FORZE Reload,10,https://www.hltv.org/team/12857/forze-reload
2025-02-24,112,8151,Preasy,10,https://www.hltv.org/team/12334/preasy
2025-02-24,113,22364,Yawara,10,https://www.hltv.org/team/11933/yawara
2025-02-24,114,9255,Johnny Speeds,10,https://www.hltv.org/team/12604/johnny-speeds
2025-02-24,115,18752,HOTU,9,https://www.hltv.org/team/11581/hotu
2025-02-24,116,12102,MIGHT,9,https://www.hltv.org/team/12483/might
2025-02-24,117,19133,Gods Reign,9,https://www.hltv.org/team/12415/gods-reign
2025-02-24,118,20336,ALASKA,9,https://www.hltv.org/team/13105/alaska
2025-02-24,119,19177,Akimbo,9,https://www.hltv.org/team/12567/akimbo
2025-02-24,120,19060,Shika,9,https://www.hltv.org/team/13147/shika
2025-02-24,121,16102,GTZ,9,https://www.hltv.org/team/9466/gtz
2025-02-24,122,16768,DogEvil,9,https://www.hltv.org/team/13148/dogevil
2025-02-24,123,8598,Just Swing,9,https://www.hltv.org/team/13053/just-swing
2025-02-24,124,16861,Viperio,9,https://www.hltv.org/team/9506/viperio
2025-02-24,125,23160,Aetheris,9,https://www.hltv.org/team/13111/aetheris
2025-02-24,126,20946,BAKS,9,https://www.hltv.org/team/11699/baks
2025-02-24,127,14799,Vagrants,9,https://www.hltv.org/team/12611/vagrants
2025-02-24,128,8891,Tricked,9,https://www.hltv.org/team/4602/tricked
2025-02-24,129,19590,ALGO,9,https://www.hltv.org/team/13163/algo
2025-02-24,130,9221,KRÜ,9,https://www.hltv.org/team/10900/kr
2025-02-24,131,20677,ENCE Academy,8,https://www.hltv.org/team/11790/ence-academy
2025-02-24,132,2544,UNO MILLE,8,https://www.hltv.org/team/11555/uno-mille
2025-02-24,133,19812,LFO 3,8,https://www.hltv.org/team/13154/lfo-3
2025-02-24,134,20396,Vantage,8,https://www.hltv.org/team/12455/vantage
2025-02-24,135,22998,FengDa,8,https://www.hltv.org/team/12899/fengda
2025-02-24,136,18638,Eruption,8,https://www.hltv.org/team/12097/eruption
2025-02-24,137,12588,Housebets,8,https://www.hltv.org/team/12921/housebets
2025-02-24,138,20245,ESC,8,https://www.hltv.org/team/4532/esc
2025-02-24,139,20421,Leo,8,https://www.hltv.org/team/11446/leo
2025-02-24,140,3849,EYEBALLERS,8,https://www.hltv.org/team/11737/eyeballers
2025-02-24,141,12708,Bad News Eagles,7,https://www.hltv.org/team/11518/bad-news-eagles
2025-02-24,142,9445,AK BARS,7,https://www.hltv.org/team/12997/ak-bars
2025-02-24,143,22459,Chimera,7,https://www.hltv.org/team/13098/chimera
2025-02-24,144,13685,Bad News Capybaras,7,https://www.hltv.org/team/13112/bad-news-capybaras
2025-02-24,145,20521,Galorys,7,https://www.hltv.org/team/12677/galorys
2025-02-24,146,15861,IHC,7,https://www.hltv.org/team/11585/ihc
2025-02-24,147,1206,Nexus,7,https://www.hltv.org/team/7187/nexus
2025-02-24,148,22244,MCS,7,https://www.hltv.org/team/13005/mcs
2025-02-24,149,17997,Prasso,7,https://www.hltv.org/team/13166/prasso
2025-02-24,150,12612,UNiTY,7,https://www.hltv.org/team/12267/unity
2025-02-24,151,23651,Blaze Warriors,7,https://www.hltv.org/team/12964/blaze-warriors
2025-02-24,152,695,JANO,6,https://www.hltv.org/team/11827/jano
2025-02-24,153,9656,Adventurers,6,https://www.hltv.org/team/13118/adventurers
2025-02-24,154,22410,harizma,6,https://www.hltv.org/team/13115/harizma
2025-02-24,155,23114,THE,6,https://www.hltv.org/team/12955/the
2025-02-24,156,11733,Floripa Stars,6,https://www.hltv.org/team/12867/floripa-stars
2025-02-24,157,8528,1win,6,https://www.hltv.org/team/10621/1win
2025-02-24,158,14242,WOPA,6,https://www.hltv.org/team/12787/wopa
2025-02-24,159,22408,LFO 2,5,https://www.hltv.org/team/13114/lfo-2
2025-02-24,160,20029,MIBR Academy,5,https://www.hltv.org/team/3044/mibr-academy
2025-02-24,161,20815,8Sins,5,https://www.hltv.org/team/13024/8sins
2025-02-24,162,18146,The QUBE,5,https://www.hltv.org/team/12825/the-qube
2025-02-24,163,19857,Tsunami,5,https://www.hltv.org/team/12180/tsunami
2025-02-24,164,20683,Rhyno,5,https://www.hltv.org/team/10947/rhyno
2025-02-24,165,10827,GameHunters,5,https://www.hltv.org/team/12988/gamehunters
2025-02-24,166,12094,Dusty Roots,5,https://www.hltv.org/team/12548/dusty-roots
2025-02-24,167,10938,Astralis Talent,5,https://www.hltv.org/team/10954/astralis-talent
2025-02-24,168,8745,Mindfreak,5,https://www.hltv.org/team/11668/mindfreak
2025-02-24,169,18442,Chicken Coop,5,https://www.hltv.org/team/13107/chicken-coop
2025-02-24,170,10838,Familia Maquininha,5,https://www.hltv.org/team/13137/familia-maquininha
2025-02-24,171,16661,Players,5,https://www.hltv.org/team/11711/players
2025-02-24,172,19872,ShindeN,5,https://www.hltv.org/team/12959/shinden
2025-02-24,173,5187,Steel Helmet,4,https://www.hltv.org/team/11273/steel-helmet
2025-02-24,174,8566,NITRO,4,https://www.hltv.org/team/12915/nitro
2025-02-24,175,24281,PLUSH,4,https://www.hltv.org/team/13174/plush
2025-02-24,176,22775,Justice For Tomorrow,4,https://www.hltv.org/team/13113/justice-for-tomorrow
2025-02-24,177,12736,Permitta,4,https://www.hltv.org/team/12009/permitta
2025-02-24,178,19123,SUPER EVIL GANG,4,https://www.hltv.org/team/13177/super-evil-gang
2025-02-24,179,8503,Mythic,4,https://www.hltv.org/team/5479/mythic
2025-02-24,180,19624,ONi,4,https://www.hltv.org/team/12952/oni
2025-02-24,181,20199,FLuffy Gangsters,4,https://www.hltv.org/team/6668/fluffy-gangsters
2025-02-24,182,9325,Heimo,4,https://www.hltv.org/team/12522/heimo
2025-02-24,183,20330,InControl,4,https://www.hltv.org/team/7720/incontrol
2025-02-24,184,7653,Eco Warriors,4,https://www.hltv.org/team/13121/eco-warriors
2025-02-24,185,9144,MANTRA,3,https://www.hltv.org/team/12472/mantra
2025-02-24,186,20320,Underground,3,https://www.hltv.org/team/12707/underground
2025-02-24,187,11940,NOVAQ,3,https://www.hltv.org/team/13178/novaq
2025-02-24,188,23204,BRUTE,3,https://www.hltv.org/team/9139/brute
2025-02-24,189,20281,Dark Cloud,3,https://www.hltv.org/team/13158/dark-cloud
2025-02-24,190,20431,LAG,3,https://www.hltv.org/team/11955/lag
2025-02-24,191,10774,Only One Word,3,https://www.hltv.org/team/11263/only-one-word
2025-02-24,192,23828,RED Canids Academy,3,https://www.hltv.org/team/13029/red-canids-academy
2025-02-24,193,22430,Nuclear TigeRES,3,https://www.hltv.org/team/13027/nuclear-tigeres
2025-02-24,194,20351,KZG,3,https://www.hltv.org/team/12152/kzg
2025-02-24,195,22589,regain,2,https://www.hltv.org/team/12554/regain
2025-02-24,196,16581,Supernova Comets,2,https://www.hltv.org/team/13146/supernova-comets
2025-02-24,197,23050,AKA HERO KAJO,2,https://www.hltv.org/team/13142/aka-hero-kajo
2025-02-24,198,8635,Black Mold,2,https://www.hltv.org/team/13143/black-mold
2025-02-24,199,8640,Ghost,2,https://www.hltv.org/team/7801/ghost
2025-02-24,200,17071,Nouns fe,2,https://www.hltv.org/team/12556/nouns-fe
2025-02-24,201,19084,Volt,2,https://www.hltv.org/team/13090/volt
2025-02-24,202,18437,Revel,2,https://www.hltv.org/team/11194/revel
2025-02-24,203,6553,Tropa do KinGui,2,https://www.hltv.org/team/13151/tropa-do-kingui
2025-02-24,204,11258,MASONIC,2,https://www.hltv.org/team/10867/masonic
2025-02-24,205,17916,Aether,2,https://www.hltv.org/team/12908/aether
2025-02-24,206,3329,Lilmix,2,https://www.hltv.org/team/9735/lilmix
2025-02-24,207,17087,Lazer Cats,2,https://www.hltv.org/team/12087/lazer-cats
2025-02-24,208,18774,CS2News Ladies,2,https://www.hltv.org/team/13168/cs2news-ladies
2025-02-24,209,9818,HAVU,2,https://www.hltv.org/team/7865/havu
2025-02-24,210,8850,FlyQuest RED,2,https://www.hltv.org/team/12301/flyquest-red
2025-02-24,211,16415,benched,1,https://www.hltv.org/team/11138/benched
2025-02-24,212,22092,nomercy fe,1,https://www.hltv.org/team/13122/nomercy-fe
2025-02-24,213,23679,MEGA JUNERS,1,https://www.hltv.org/team/13135/mega-juners
2025-02-24,214,1656,Prototype Blaze,1,https://www.hltv.org/team/13133/prototype-blaze
2025-02-24,215,16564,DXA,1,https://www.hltv.org/team/12276/dxa
2025-02-24,216,22566,paiN Academy,1,https://www.hltv.org/team/11905/pain-academy
2025-02-24,217,20166,Spray and Slay,1,https://www.hltv.org/team/13187/spray-and-slay
2025-02-24,218,21727,Akuma,1,https://www.hltv.org/team/13134/akuma
2025-02-24,219,22110,Nyx Empyre,1,https://www.hltv.org/team/13176/nyx-empyre
2025-02-24,220,19998,Atrix,1,https://www.hltv.org/team/12533/atrix
2025-02-24,221,16764,BIG EQUIPA,1,https://www.hltv.org/team/11718/big-equipa
2025-02-24,222,23060,Lotus fe,1,https://www.hltv.org/team/12702/lotus-fe
2025-02-24,223,16341,MIBR fe,1,https://www.hltv.org/team/10975/mibr-fe
2025-02-24,224,12898,Victores Sumus,1,https://www.hltv.org/team/12929/victores-sumus
2025-02-24,225,22422,9z Academy,1,https://www.hltv.org/team/11006/9z-academy
2025-02-24,226,11872,FURIA fe,0,https://www.hltv.org/team/10976/furia-fe
2025-02-24,227,1572,NIP Impact,0,https://www.hltv.org/team/11917/nip-impact
2025-02-24,228,23744,st4rboys,0,https://www.hltv.org/team/12983/st4rboys
2025-02-24,229,22605,SAW Myst,0,https://www.hltv.org/team/13140/saw-myst
2025-02-17,1,7716,Spirit,995,https://www.hltv.org/team/7020/spirit
2025-02-17,2,7322,Vitality,656,https://www.hltv.org/team/9565/vitality
2025-02-17,3,9816,Natus Vincere,575,https://www.hltv.org/team/4608/natus-vincere
2025-02-17,4,150,Eternal Fire,516,https://www.hltv.org/team/11251/eternal-fire
2025-02-17,5,2553,G2,482,https://www.hltv.org/team/5995/g2
2025-02-17,6,429,FaZe,392,https://www.hltv.org/team/6667/faze
2025-02-17,7,20194,The MongolZ,383,https://www.hltv.org/team/6248/the-mongolz
2025-02-17,8,8918,Virtus.pro,257,https://www.hltv.org/team/5378/virtuspro
2025-02-17,9,13666,MOUZ,229,https://www.hltv.org/team/4494/mouz
2025-02-17,10,7592,Astralis,207,https://www.hltv.org/team/6665/astralis
2025-02-17,11,4679,Liquid,204,https://www.hltv.org/team/5973/liquid
2025-02-17,12,3741,Falcons,173,https://www.hltv.org/team/11283/falcons
2025-02-17,13,18141,paiN,170,https://www.hltv.org/team/4773/pain
2025-02-17,14,9278,GamerLegion,162,https://www.hltv.org/team/9928/gamerlegion
2025-02-17,15,2023,FURIA,157,https://www.hltv.org/team/8297/furia
2025-02-17,16,8374,3DMAX,141,https://www.hltv.org/team/4914/3dmax
2025-02-17,17,19164,HEROIC,107,https://www.hltv.org/team/7175/heroic
2025-02-17,18,5794,BIG,105,https://www.hltv.org/team/7532/big
2025-02-17,19,11154,MIBR,93,https://www.hltv.org/team/9215/mibr
2025-02-17,20,11840,BetBoom,87,https://www.hltv.org/team/12394/betboom
2025-02-17,21,8507,Wildcard,75,https://www.hltv.org/team/12257/wildcard
2025-02-17,22,630,SAW,58,https://www.hltv.org/team/10567/saw
2025-02-17,23,9115,FlyQuest,52,https://www.hltv.org/team/12774/flyquest
2025-02-17,24,11630,Complexity,46,https://www.hltv.org/team/5005/complexity
2025-02-17,25,19592,B8,43,https://www.hltv.org/team/11241/b8
2025-02-17,26,15370,M80,42,https://www.hltv.org/team/12376/m80
2025-02-17,27,11217,500,38,https://www.hltv.org/team/12000/500
2025-02-17,28,12822,Imperial,37,https://www.hltv.org/team/9455/imperial
2025-02-17,29,13239,PARIVISION,35,https://www.hltv.org/team/12467/parivision
2025-02-17,30,8248,BC.Game,31,https://www.hltv.org/team/12878/bcgame
2025-02-17,31,9521,ATOX,30,https://www.hltv.org/team/12312/atox
2025-02-17,32,7028,Rare Atom,28,https://www.hltv.org/team/11514/rare-atom
2025-02-17,33,22864,Spirit Academy,25,https://www.hltv.org/team/7900/spirit-academy
2025-02-17,34,7412,ENCE,24,https://www.hltv.org/team/4869/ence
2025-02-17,35,7528,fnatic,24,https://www.hltv.org/team/4991/fnatic
2025-02-17,36,17008,Passion UA,24,https://www.hltv.org/team/12426/passion-ua
2025-02-17,37,16551,Lynn Vision,23,https://www.hltv.org/team/8840/lynn-vision
2025-02-17,38,15698,Legacy,23,https://www.hltv.org/team/12468/legacy
2025-02-17,39,5351,Zero Tenacity,21,https://www.hltv.org/team/11523/zero-tenacity
2025-02-17,40,20387,Nemiga,21,https://www.hltv.org/team/7969/nemiga
2025-02-17,41,8488,SINNERS,20,https://www.hltv.org/team/10577/sinners
2025-02-17,42,16848,Monte,20,https://www.hltv.org/team/11811/monte
2025-02-17,43,7687,NRG,20,https://www.hltv.org/team/6673/nrg
2025-02-17,44,2161,BESTIA,20,https://www.hltv.org/team/12144/bestia
2025-02-17,45,19044,OG,19,https://www.hltv.org/team/10503/og
2025-02-17,46,2476,Partizan,19,https://www.hltv.org/team/11838/partizan
2025-02-17,47,15072,The Huns,19,https://www.hltv.org/team/12510/the-huns
2025-02-17,48,1646,Imperial Valkyries,19,https://www.hltv.org/team/12828/imperial-valkyries
2025-02-17,49,3669,Rebels,19,https://www.hltv.org/team/12642/rebels
2025-02-17,50,13669,CPH Wolves,19,https://www.hltv.org/team/4548/cph-wolves
2025-02-17,51,9483,Solid,18,https://www.hltv.org/team/12233/solid
2025-02-17,52,17622,BOSS,18,https://www.hltv.org/team/12534/boss
2025-02-17,53,12004,Aurora,18,https://www.hltv.org/team/11861/aurora
2025-02-17,54,8604,TYLOO,18,https://www.hltv.org/team/4863/tyloo
2025-02-17,55,21445,Hesta,17,https://www.hltv.org/team/13153/hesta
2025-02-17,56,8212,Fire Flux,17,https://www.hltv.org/team/12960/fire-flux
2025-02-17,57,12521,Fluxo,16,https://www.hltv.org/team/11837/fluxo
2025-02-17,58,12937,Marsborne,16,https://www.hltv.org/team/13124/marsborne
2025-02-17,59,20558,Sharks,16,https://www.hltv.org/team/8113/sharks
2025-02-17,60,13843,Sashi,16,https://www.hltv.org/team/11712/sashi
2025-02-17,61,922,Ninjas in Pyjamas,16,https://www.hltv.org/team/4411/ninjas-in-pyjamas
2025-02-17,62,20258,UR,16,https://www.hltv.org/team/13116/ur
2025-02-17,63,12092,9z,16,https://www.hltv.org/team/9996/9z
2025-02-17,64,8565,RED Canids,15,https://www.hltv.org/team/7176/red-canids
2025-02-17,65,10961,ECSTATIC,15,https://www.hltv.org/team/11419/ecstatic
2025-02-17,66,20600,AMKAL,15,https://www.hltv.org/team/12586/amkal
2025-02-17,67,2131,FAVBET,15,https://www.hltv.org/team/12818/favbet
2025-02-17,68,14990,SemperFi,15,https://www.hltv.org/team/12901/semperfi
2025-02-17,69,17316,Betera,15,https://www.hltv.org/team/12431/betera
2025-02-17,70,23680,-72c,15,https://www.hltv.org/team/12546/72c
2025-02-17,71,12027,9 Pandas,14,https://www.hltv.org/team/11883/9-pandas
2025-02-17,72,14388,ECLOT,14,https://www.hltv.org/team/7441/eclot
2025-02-17,73,18638,Eruption,14,https://www.hltv.org/team/12097/eruption
2025-02-17,74,2898,9INE,14,https://www.hltv.org/team/10278/9ine
2025-02-17,75,17508,CYBERSHOKE,14,https://www.hltv.org/team/12380/cybershoke
2025-02-17,76,20167,NEVERMORE,13,https://www.hltv.org/team/13157/nevermore
2025-02-17,77,10892,Getting Info,13,https://www.hltv.org/team/13106/getting-info
2025-02-17,78,16147,kONO,13,https://www.hltv.org/team/12858/kono
2025-02-17,79,20584,NAVI Junior,13,https://www.hltv.org/team/10371/navi-junior
2025-02-17,80,18070,Betclic,13,https://www.hltv.org/team/12916/betclic
2025-02-17,81,3459,RUSH B,13,https://www.hltv.org/team/12559/rush-b
2025-02-17,82,9766,Metizport,13,https://www.hltv.org/team/11641/metizport
2025-02-17,83,22886,K27,13,https://www.hltv.org/team/12895/k27
2025-02-17,84,23223,Immigrants peek,13,https://www.hltv.org/team/13067/immigrants-peek
2025-02-17,85,7805,Nouns,13,https://www.hltv.org/team/11948/nouns
2025-02-17,86,20278,Elevate,12,https://www.hltv.org/team/5775/elevate
2025-02-17,87,19591,Chill Guys,12,https://www.hltv.org/team/13110/chill-guys
2025-02-17,88,12877,Rooster,12,https://www.hltv.org/team/9881/rooster
2025-02-17,89,15060,Chinggis Warriors,12,https://www.hltv.org/team/12646/chinggis-warriors
2025-02-17,90,22643,TNL,11,https://www.hltv.org/team/12833/tnl
2025-02-17,91,11532,Exceritus,11,https://www.hltv.org/team/13082/exceritus
2025-02-17,92,18510,Insilio,11,https://www.hltv.org/team/12124/insilio
2025-02-17,93,9220,adalYamigos,11,https://www.hltv.org/team/12544/adalyamigos
2025-02-17,94,14390,ODDIK,10,https://www.hltv.org/team/11768/oddik
2025-02-17,95,18447,ARCRED,10,https://www.hltv.org/team/10459/arcred
2025-02-17,96,10449,JiJieHao,10,https://www.hltv.org/team/10245/jijiehao
2025-02-17,97,7443,Alliance,10,https://www.hltv.org/team/12474/alliance
2025-02-17,98,14394,Bounty Hunters,10,https://www.hltv.org/team/12776/bounty-hunters
2025-02-17,99,284,GenOne,10,https://www.hltv.org/team/11609/genone
2025-02-17,100,10663,Real Original,10,https://www.hltv.org/team/13095/real-original
2025-02-17,101,11329,Swingers,10,https://www.hltv.org/team/13109/swingers
2025-02-17,102,21367,FORZE Reload,10,https://www.hltv.org/team/12857/forze-reload
2025-02-17,103,18670,GUN5,10,https://www.hltv.org/team/12471/gun5
2025-02-17,104,19133,Gods Reign,9,https://www.hltv.org/team/12415/gods-reign
2025-02-17,105,12102,MIGHT,9,https://www.hltv.org/team/12483/might
2025-02-17,106,8371,Iberian Soul,9,https://www.hltv.org/team/13104/iberian-soul
2025-02-17,107,8598,Just Swing,9,https://www.hltv.org/team/13053/just-swing
2025-02-17,108,15062,NomadS,9,https://www.hltv.org/team/12900/nomads
2025-02-17,109,3849,EYEBALLERS,9,https://www.hltv.org/team/11737/eyeballers
2025-02-17,110,20336,ALASKA,9,https://www.hltv.org/team/13105/alaska
2025-02-17,111,9221,KRÜ,9,https://www.hltv.org/team/10900/kr
2025-02-17,112,23160,Aetheris,9,https://www.hltv.org/team/13111/aetheris
2025-02-17,113,20946,BAKS,9,https://www.hltv.org/team/11699/baks
2025-02-17,114,16102,GTZ,8,https://www.hltv.org/team/9466/gtz
2025-02-17,115,16816,Tropa do VSM,8,https://www.hltv.org/team/13138/tropa-do-vsm
2025-02-17,116,19590,ALGO,8,https://www.hltv.org/team/13163/algo
2025-02-17,117,19812,LFO 3,8,https://www.hltv.org/team/13154/lfo-3
2025-02-17,118,2544,UNO MILLE,8,https://www.hltv.org/team/11555/uno-mille
2025-02-17,119,22998,FengDa,8,https://www.hltv.org/team/12899/fengda
2025-02-17,120,14799,Vagrants,8,https://www.hltv.org/team/12611/vagrants
2025-02-17,121,16861,Viperio,8,https://www.hltv.org/team/9506/viperio
2025-02-17,122,16768,Fated Rise,8,https://www.hltv.org/team/13097/fated-rise
2025-02-17,123,20677,ENCE Academy,8,https://www.hltv.org/team/11790/ence-academy
2025-02-17,124,19177,Akimbo,7,https://www.hltv.org/team/12567/akimbo
2025-02-17,125,12612,UNiTY,7,https://www.hltv.org/team/12267/unity
2025-02-17,126,12708,Bad News Eagles,7,https://www.hltv.org/team/11518/bad-news-eagles
2025-02-17,127,1206,Nexus,7,https://www.hltv.org/team/7187/nexus
2025-02-17,128,22364,Yawara,7,https://www.hltv.org/team/11933/yawara
2025-02-17,129,19060,Shika,7,https://www.hltv.org/team/13147/shika
2025-02-17,130,9445,AK BARS,7,https://www.hltv.org/team/12997/ak-bars
2025-02-17,131,13685,Bad News Capybaras,7,https://www.hltv.org/team/13112/bad-news-capybaras
2025-02-17,132,20521,Galorys,7,https://www.hltv.org/team/12677/galorys
2025-02-17,133,12588,Housebets,7,https://www.hltv.org/team/12921/housebets
2025-02-17,134,8151,Preasy,7,https://www.hltv.org/team/12334/preasy
2025-02-17,135,20683,Rhyno,7,https://www.hltv.org/team/10947/rhyno
2025-02-17,136,22244,MCS,7,https://www.hltv.org/team/13005/mcs
2025-02-17,137,17997,Prasso,6,https://www.hltv.org/team/13166/prasso
2025-02-17,138,8528,1win,6,https://www.hltv.org/team/10621/1win
2025-02-17,139,23651,Blaze Warriors,6,https://www.hltv.org/team/12964/blaze-warriors
2025-02-17,140,20245,ESC,6,https://www.hltv.org/team/4532/esc
2025-02-17,141,9656,Adventurers,6,https://www.hltv.org/team/13118/adventurers
2025-02-17,142,22459,Chimera,6,https://www.hltv.org/team/13098/chimera
2025-02-17,143,11733,Floripa Stars,6,https://www.hltv.org/team/12867/floripa-stars
2025-02-17,144,9255,Johnny Speeds,6,https://www.hltv.org/team/12604/johnny-speeds
2025-02-17,145,20396,Vantage,6,https://www.hltv.org/team/12455/vantage
2025-02-17,146,22008,GameAgents,5,https://www.hltv.org/team/6652/gameagents
2025-02-17,147,15861,IHC,5,https://www.hltv.org/team/11585/ihc
2025-02-17,148,8745,Mindfreak,5,https://www.hltv.org/team/11668/mindfreak
2025-02-17,149,12094,Dusty Roots,5,https://www.hltv.org/team/12548/dusty-roots
2025-02-17,150,19857,Tsunami,5,https://www.hltv.org/team/12180/tsunami
2025-02-17,151,20421,Leo,5,https://www.hltv.org/team/11446/leo
2025-02-17,152,14242,WOPA,5,https://www.hltv.org/team/12787/wopa
2025-02-17,153,22410,harizma,5,https://www.hltv.org/team/13115/harizma
2025-02-17,154,10938,Astralis Talent,5,https://www.hltv.org/team/10954/astralis-talent
2025-02-17,155,10827,GameHunters,5,https://www.hltv.org/team/12988/gamehunters
2025-02-17,156,23114,THE,5,https://www.hltv.org/team/12955/the
2025-02-17,157,695,JANO,5,https://www.hltv.org/team/11827/jano
2025-02-17,158,22775,Justice For Tomorrow,5,https://www.hltv.org/team/13113/justice-for-tomorrow
2025-02-17,159,18442,Chicken Coop,5,https://www.hltv.org/team/13107/chicken-coop
2025-02-17,160,10838,Familia Maquininha,5,https://www.hltv.org/team/13137/familia-maquininha
2025-02-17,161,19872,ShindeN,5,https://www.hltv.org/team/12959/shinden
2025-02-17,162,20199,FLuffy Gangsters,4,https://www.hltv.org/team/6668/fluffy-gangsters
2025-02-17,163,5187,Steel Helmet,4,https://www.hltv.org/team/11273/steel-helmet
2025-02-17,164,13290,2070,4,https://www.hltv.org/team/13052/2070
2025-02-17,165,8566,NITRO,4,https://www.hltv.org/team/12915/nitro
2025-02-17,166,12736,Permitta,4,https://www.hltv.org/team/12009/permitta
2025-02-17,167,20029,MIBR Academy,4,https://www.hltv.org/team/3044/mibr-academy
2025-02-17,168,19123,Alter Iron,4,https://www.hltv.org/team/12968/alter-iron
2025-02-17,169,22408,LFO 2,4,https://www.hltv.org/team/13114/lfo-2
2025-02-17,170,8503,Mythic,4,https://www.hltv.org/team/5479/mythic
2025-02-17,171,19624,ONi,4,https://www.hltv.org/team/12952/oni
2025-02-17,172,16661,Players,4,https://www.hltv.org/team/11711/players
2025-02-17,173,9144,MANTRA,4,https://www.hltv.org/team/12472/mantra
2025-02-17,174,18146,The QUBE,4,https://www.hltv.org/team/12825/the-qube
2025-02-17,175,20330,InControl,4,https://www.hltv.org/team/7720/incontrol
2025-02-17,176,9325,Heimo,3,https://www.hltv.org/team/12522/heimo
2025-02-17,177,7653,Eco Warriors,3,https://www.hltv.org/team/13121/eco-warriors
2025-02-17,178,23204,BRUTE,3,https://www.hltv.org/team/9139/brute
2025-02-17,179,20431,LAG,3,https://www.hltv.org/team/11955/lag
2025-02-17,180,20281,Dark Cloud,3,https://www.hltv.org/team/13158/dark-cloud
2025-02-17,181,20351,KZG,3,https://www.hltv.org/team/12152/kzg
2025-02-17,182,23828,RED Canids Academy,3,https://www.hltv.org/team/13029/red-canids-academy
2025-02-17,183,20320,Underground,3,https://www.hltv.org/team/12707/underground
2025-02-17,184,22430,Nuclear TigeRES,2,https://www.hltv.org/team/13027/nuclear-tigeres
2025-02-17,185,22589,regain,2,https://www.hltv.org/team/12554/regain
2025-02-17,186,16581,Supernova Comets,2,https://www.hltv.org/team/13146/supernova-comets
2025-02-17,187,23050,AKA HERO KAJO,2,https://www.hltv.org/team/13142/aka-hero-kajo
2025-02-17,188,8635,Black Mold,2,https://www.hltv.org/team/13143/black-mold
2025-02-17,189,8640,Ghost,2,https://www.hltv.org/team/7801/ghost
2025-02-17,190,17071,Nouns fe,2,https://www.hltv.org/team/12556/nouns-fe
2025-02-17,191,18437,Revel,2,https://www.hltv.org/team/11194/revel
2025-02-17,192,9896,Mission Possible,2,https://www.hltv.org/team/13001/mission-possible
2025-02-17,193,17916,Aether,2,https://www.hltv.org/team/12908/aether
2025-02-17,194,3329,Lilmix,2,https://www.hltv.org/team/9735/lilmix
2025-02-17,195,8082,TALON,2,https://www.hltv.org/team/8210/talon
2025-02-17,196,18774,CS2News Ladies,2,https://www.hltv.org/team/13168/cs2news-ladies
2025-02-17,197,8850,FlyQuest RED,2,https://www.hltv.org/team/12301/flyquest-red
2025-02-17,198,16415,benched,1,https://www.hltv.org/team/11138/benched
2025-02-17,199,22092,nomercy fe,1,https://www.hltv.org/team/13122/nomercy-fe
2025-02-17,200,23679,MEGA JUNERS,1,https://www.hltv.org/team/13135/mega-juners
2025-02-17,201,1656,Prototype Blaze,1,https://www.hltv.org/team/13133/prototype-blaze
2025-02-17,202,16564,DXA,1,https://www.hltv.org/team/12276/dxa
2025-02-17,203,22566,paiN Academy,1,https://www.hltv.org/team/11905/pain-academy
2025-02-17,204,20166,Vamos fe,1,https://www.hltv.org/team/13120/vamos-fe
2025-02-17,205,20238,The Art of War,1,https://www.hltv.org/team/12884/the-art-of-war
2025-02-17,206,21727,Akuma,1,https://www.hltv.org/team/13134/akuma
2025-02-17,207,22110,Unjustified fe,1,https://www.hltv.org/team/12945/unjustified-fe
2025-02-17,208,9818,HAVU,1,https://www.hltv.org/team/7865/havu
2025-02-17,209,12898,Victores Sumus,1,https://www.hltv.org/team/12929/victores-sumus
2025-02-17,210,19998,Atrix,1,https://www.hltv.org/team/12533/atrix
2025-02-17,211,16764,BIG EQUIPA,1,https://www.hltv.org/team/11718/big-equipa
2025-02-17,212,23060,Lotus fe,1,https://www.hltv.org/team/12702/lotus-fe
2025-02-17,213,16341,MIBR fe,1,https://www.hltv.org/team/10975/mibr-fe
2025-02-17,214,22422,9z Academy,1,https://www.hltv.org/team/11006/9z-academy
2025-02-17,215,11872,FURIA fe,0,https://www.hltv.org/team/10976/furia-fe
2025-02-17,216,1572,NIP Impact,0,https://www.hltv.org/team/11917/nip-impact
2025-02-17,217,22605,SAW Myst,0,https://www.hltv.org/team/13140/saw-myst
2025-02-17,218,8891,Tricked,0,https://www.hltv.org/team/4602/tricked
2025-02-10,1,7716,Spirit,1000,https://www.hltv.org/team/7020/spirit
2025-02-10,2,7322,Vitality,615,https://www.hltv.org/team/9565/vitality
2025-02-10,3,9816,Natus Vincere,547,https://www.hltv.org/team/4608/natus-vincere
2025-02-10,4,2553,G2,498,https://www.hltv.org/team/5995/g2
2025-02-10,5,150,Eternal Fire,417,https://www.hltv.org/team/11251/eternal-fire
2025-02-10,6,429,FaZe,373,https://www.hltv.org/team/6667/faze
2025-02-10,7,20194,The MongolZ,360,https://www.hltv.org/team/6248/the-mongolz
2025-02-10,8,13666,MOUZ,233,https://www.hltv.org/team/4494/mouz
2025-02-10,9,4679,Liquid,215,https://www.hltv.org/team/5973/liquid
2025-02-10,10,8918,Virtus.pro,208,https://www.hltv.org/team/5378/virtuspro
2025-02-10,11,7592,Astralis,180,https://www.hltv.org/team/6665/astralis
2025-02-10,12,2023,FURIA,169,https://www.hltv.org/team/8297/furia
2025-02-10,13,9278,GamerLegion,161,https://www.hltv.org/team/9928/gamerlegion
2025-02-10,14,3741,Falcons,153,https://www.hltv.org/team/11283/falcons
2025-02-10,15,18141,paiN,151,https://www.hltv.org/team/4773/pain
2025-02-10,16,8374,3DMAX,121,https://www.hltv.org/team/4914/3dmax
2025-02-10,17,11154,MIBR,105,https://www.hltv.org/team/9215/mibr
2025-02-10,18,5794,BIG,94,https://www.hltv.org/team/7532/big
2025-02-10,19,11840,BetBoom,87,https://www.hltv.org/team/12394/betboom
2025-02-10,20,19164,HEROIC,85,https://www.hltv.org/team/7175/heroic
2025-02-10,21,8507,Wildcard,73,https://www.hltv.org/team/12257/wildcard
2025-02-10,22,9115,FlyQuest,53,https://www.hltv.org/team/12774/flyquest
2025-02-10,23,11630,Complexity,47,https://www.hltv.org/team/5005/complexity
2025-02-10,24,630,SAW,47,https://www.hltv.org/team/10567/saw
2025-02-10,25,17008,Passion UA,45,https://www.hltv.org/team/12426/passion-ua
2025-02-10,26,12822,Imperial,35,https://www.hltv.org/team/9455/imperial
2025-02-10,27,19592,B8,34,https://www.hltv.org/team/11241/b8
2025-02-10,28,7028,Rare Atom,33,https://www.hltv.org/team/11514/rare-atom
2025-02-10,29,15370,M80,33,https://www.hltv.org/team/12376/m80
2025-02-10,30,7412,ENCE,28,https://www.hltv.org/team/4869/ence
2025-02-10,31,7528,fnatic,26,https://www.hltv.org/team/4991/fnatic
2025-02-10,32,13239,PARIVISION,26,https://www.hltv.org/team/12467/parivision
2025-02-10,33,11217,500,24,https://www.hltv.org/team/12000/500
2025-02-10,34,22864,Spirit Academy,22,https://www.hltv.org/team/7900/spirit-academy
2025-02-10,35,20387,Nemiga,20,https://www.hltv.org/team/7969/nemiga
2025-02-10,36,14388,ECLOT,20,https://www.hltv.org/team/7441/eclot
2025-02-10,37,8248,BC.Game,20,https://www.hltv.org/team/12878/bcgame
2025-02-10,38,16080,Monte,20,https://www.hltv.org/team/11811/monte
2025-02-10,39,12027,9 Pandas,20,https://www.hltv.org/team/11883/9-pandas
2025-02-10,40,13843,Sashi,18,https://www.hltv.org/team/11712/sashi
2025-02-10,41,12092,9z,18,https://www.hltv.org/team/9996/9z
2025-02-10,42,7687,NRG,18,https://www.hltv.org/team/6673/nrg
2025-02-10,43,9521,ATOX,17,https://www.hltv.org/team/12312/atox
2025-02-10,44,12004,Aurora,17,https://www.hltv.org/team/11861/aurora
2025-02-10,45,19044,OG,17,https://www.hltv.org/team/10503/og
2025-02-10,46,20584,NAVI Junior,16,https://www.hltv.org/team/10371/navi-junior
2025-02-10,47,8488,SINNERS,15,https://www.hltv.org/team/10577/sinners
2025-02-10,48,8212,Fire Flux,15,https://www.hltv.org/team/12960/fire-flux
2025-02-10,49,2161,BESTIA,15,https://www.hltv.org/team/12144/bestia
2025-02-10,50,16551,Lynn Vision,15,https://www.hltv.org/team/8840/lynn-vision
2025-02-10,51,20558,Sharks,15,https://www.hltv.org/team/8113/sharks
2025-02-10,52,8604,TYLOO,14,https://www.hltv.org/team/4863/tyloo
2025-02-10,53,2898,9INE,14,https://www.hltv.org/team/10278/9ine
2025-02-10,54,12521,Fluxo,14,https://www.hltv.org/team/11837/fluxo
2025-02-10,55,17622,BOSS,14,https://www.hltv.org/team/12534/boss
2025-02-10,56,10961,ECSTATIC,14,https://www.hltv.org/team/11419/ecstatic
2025-02-10,57,13669,CPH Wolves,14,https://www.hltv.org/team/4548/cph-wolves
2025-02-10,58,9483,Solid,13,https://www.hltv.org/team/12233/solid
2025-02-10,59,15698,Legacy,13,https://www.hltv.org/team/12468/legacy
2025-02-10,60,18070,Betclic,13,https://www.hltv.org/team/12916/betclic
2025-02-10,61,2131,FAVBET,13,https://www.hltv.org/team/12818/favbet
2025-02-10,62,13250,Party Astronauts,13,https://www.hltv.org/team/8038/party-astronauts
2025-02-10,63,18670,GUN5,13,https://www.hltv.org/team/12471/gun5
2025-02-10,64,5351,Zero Tenacity,12,https://www.hltv.org/team/11523/zero-tenacity
2025-02-10,65,20600,AMKAL,12,https://www.hltv.org/team/12586/amkal
2025-02-10,66,7805,Nouns,12,https://www.hltv.org/team/11948/nouns
2025-02-10,67,8565,RED Canids,12,https://www.hltv.org/team/7176/red-canids
2025-02-10,68,20258,UR,11,https://www.hltv.org/team/13116/ur
2025-02-10,69,21445,Hesta,11,https://www.hltv.org/team/13153/hesta
2025-02-10,70,1646,Imperial Valkyries,11,https://www.hltv.org/team/12828/imperial-valkyries
2025-02-10,71,12937,Marsborne,11,https://www.hltv.org/team/13124/marsborne
2025-02-10,72,20167,NEVERMORE,11,https://www.hltv.org/team/13157/nevermore
2025-02-10,73,17316,Betera,10,https://www.hltv.org/team/12431/betera
2025-02-10,74,23680,-72c,10,https://www.hltv.org/team/12546/72c
2025-02-10,75,3669,Rebels,10,https://www.hltv.org/team/12642/rebels
2025-02-10,76,17508,CYBERSHOKE,10,https://www.hltv.org/team/12380/cybershoke
2025-02-10,77,18638,Eruption,10,https://www.hltv.org/team/12097/eruption
2025-02-10,78,15072,The Huns,9,https://www.hltv.org/team/12510/the-huns
2025-02-10,79,9766,Metizport,9,https://www.hltv.org/team/11641/metizport
2025-02-10,80,8371,Iberian Soul,9,https://www.hltv.org/team/13104/iberian-soul
2025-02-10,81,22459,Chimera,9,https://www.hltv.org/team/13098/chimera
2025-02-10,82,10449,JiJieHao,9,https://www.hltv.org/team/10245/jijiehao
2025-02-10,83,3459,RUSH B,9,https://www.hltv.org/team/12559/rush-b
2025-02-10,84,19591,Chill Guys,9,https://www.hltv.org/team/13110/chill-guys
2025-02-10,85,284,GenOne,8,https://www.hltv.org/team/11609/genone
2025-02-10,86,14990,SemperFi,8,https://www.hltv.org/team/12901/semperfi
2025-02-10,87,22886,K27,8,https://www.hltv.org/team/12895/k27
2025-02-10,88,1206,Nexus,8,https://www.hltv.org/team/7187/nexus
2025-02-10,89,20278,Elevate,8,https://www.hltv.org/team/5775/elevate
2025-02-10,90,12877,Rooster,8,https://www.hltv.org/team/9881/rooster
2025-02-10,91,12102,MIGHT,8,https://www.hltv.org/team/12483/might
2025-02-10,92,20336,ALASKA,8,https://www.hltv.org/team/13105/alaska
2025-02-10,93,7443,Alliance,8,https://www.hltv.org/team/12474/alliance
2025-02-10,94,10892,Getting Info,8,https://www.hltv.org/team/13106/getting-info
2025-02-10,95,2476,Partizan,8,https://www.hltv.org/team/11838/partizan
2025-02-10,96,9220,adalYamigos,8,https://www.hltv.org/team/12544/adalyamigos
2025-02-10,97,9221,KRÜ,8,https://www.hltv.org/team/10900/kr
2025-02-10,98,16102,GTZ,8,https://www.hltv.org/team/9466/gtz
2025-02-10,99,11271,moneyF,7,https://www.hltv.org/team/13128/moneyf
2025-02-10,100,15060,Chinggis Warriors,7,https://www.hltv.org/team/12646/chinggis-warriors
2025-02-10,101,922,Ninjas in Pyjamas,7,https://www.hltv.org/team/4411/ninjas-in-pyjamas
2025-02-10,102,18510,Insilio,7,https://www.hltv.org/team/12124/insilio
2025-02-10,103,18447,ARCRED,7,https://www.hltv.org/team/10459/arcred
2025-02-10,104,16147,kONO,7,https://www.hltv.org/team/12858/kono
2025-02-10,105,14390,ODDIK,7,https://www.hltv.org/team/11768/oddik
2025-02-10,106,22643,TNL,7,https://www.hltv.org/team/12833/tnl
2025-02-10,107,3849,EYEBALLERS,7,https://www.hltv.org/team/11737/eyeballers
2025-02-10,108,20683,Rhyno,7,https://www.hltv.org/team/10947/rhyno
2025-02-10,109,10663,Real Original,7,https://www.hltv.org/team/13095/real-original
2025-02-10,110,19133,Gods Reign,6,https://www.hltv.org/team/12415/gods-reign
2025-02-10,111,14242,WOPA,6,https://www.hltv.org/team/12787/wopa
2025-02-10,112,23160,Aetheris,6,https://www.hltv.org/team/13111/aetheris
2025-02-10,113,11498,PORTUGAL,6,https://www.hltv.org/team/11174/portugal
2025-02-10,114,14394,Bounty Hunters,6,https://www.hltv.org/team/12776/bounty-hunters
2025-02-10,115,13685,Bad News Capybaras,6,https://www.hltv.org/team/13112/bad-news-capybaras
2025-02-10,116,13298,Fisher College,6,https://www.hltv.org/team/12769/fisher-college
2025-02-10,117,20677,ENCE Academy,6,https://www.hltv.org/team/11790/ence-academy
2025-02-10,118,695,JANO,6,https://www.hltv.org/team/11827/jano
2025-02-10,119,12612,UNiTY,6,https://www.hltv.org/team/12267/unity
2025-02-10,120,8598,Just Swing,6,https://www.hltv.org/team/13053/just-swing
2025-02-10,121,16816,Tropa do VSM,6,https://www.hltv.org/team/13138/tropa-do-vsm
2025-02-10,122,20199,FLuffy Gangsters,6,https://www.hltv.org/team/6668/fluffy-gangsters
2025-02-10,123,22430,Nuclear TigeRES,5,https://www.hltv.org/team/13027/nuclear-tigeres
2025-02-10,124,20572,Akimbo,5,https://www.hltv.org/team/12567/akimbo
2025-02-10,125,14799,Vagrants,5,https://www.hltv.org/team/12611/vagrants
2025-02-10,126,22998,FengDa,5,https://www.hltv.org/team/12899/fengda
2025-02-10,127,16768,Fated Rise,5,https://www.hltv.org/team/13097/fated-rise
2025-02-10,128,11329,Swingers,5,https://www.hltv.org/team/13109/swingers
2025-02-10,129,20421,Leo,5,https://www.hltv.org/team/11446/leo
2025-02-10,130,19123,Alter Iron,5,https://www.hltv.org/team/12968/alter-iron
2025-02-10,131,8745,Mindfreak,5,https://www.hltv.org/team/11668/mindfreak
2025-02-10,132,12588,Housebets,5,https://www.hltv.org/team/12921/housebets
2025-02-10,133,15062,NomadS,5,https://www.hltv.org/team/12900/nomads
2025-02-10,134,12736,Permitta,5,https://www.hltv.org/team/12009/permitta
2025-02-10,135,19060,Shika,5,https://www.hltv.org/team/13147/shika
2025-02-10,136,9656,Adventurers,5,https://www.hltv.org/team/13118/adventurers
2025-02-10,137,20521,Galorys,5,https://www.hltv.org/team/12677/galorys
2025-02-10,138,2544,UNO MILLE,5,https://www.hltv.org/team/11555/uno-mille
2025-02-10,139,20006,hypewrld,5,https://www.hltv.org/team/12570/hypewrld
2025-02-10,140,22364,Yawara,4,https://www.hltv.org/team/11933/yawara
2025-02-10,141,20245,ESC,4,https://www.hltv.org/team/4532/esc
2025-02-10,142,23651,Blaze Warriors,4,https://www.hltv.org/team/12964/blaze-warriors
2025-02-10,143,10938,Astralis Talent,4,https://www.hltv.org/team/10954/astralis-talent
2025-02-10,144,22008,GameAgents,4,https://www.hltv.org/team/6652/gameagents
2025-02-10,145,8528,1win,4,https://www.hltv.org/team/10621/1win
2025-02-10,146,10570,Players,4,https://www.hltv.org/team/11711/players
2025-02-10,147,20396,Vantage,4,https://www.hltv.org/team/12455/vantage
2025-02-10,148,9255,Johnny Speeds,4,https://www.hltv.org/team/12604/johnny-speeds
2025-02-10,149,8566,NITRO,4,https://www.hltv.org/team/12915/nitro
2025-02-10,150,22410,harizma,4,https://www.hltv.org/team/13115/harizma
2025-02-10,151,16384,RAGE,4,https://www.hltv.org/team/12996/rage
2025-02-10,152,22544,Take Flyte,4,https://www.hltv.org/team/11660/take-flyte
2025-02-10,153,22244,MCS,4,https://www.hltv.org/team/13005/mcs
2025-02-10,154,10838,Familia Maquininha,4,https://www.hltv.org/team/13137/familia-maquininha
2025-02-10,155,12094,Dusty Roots,4,https://www.hltv.org/team/12548/dusty-roots
2025-02-10,156,11733,Floripa Stars,4,https://www.hltv.org/team/12867/floripa-stars
2025-02-10,157,12777,Kubix,4,https://www.hltv.org/team/12847/kubix
2025-02-10,158,8151,Preasy,4,https://www.hltv.org/team/12334/preasy
2025-02-10,159,15861,IHC,4,https://www.hltv.org/team/11585/ihc
2025-02-10,160,20273,Tsunami,4,https://www.hltv.org/team/12180/tsunami
2025-02-10,161,16861,Viperio,4,https://www.hltv.org/team/9506/viperio
2025-02-10,162,10827,GameHunters,3,https://www.hltv.org/team/12988/gamehunters
2025-02-10,163,21367,FORZE Reload,3,https://www.hltv.org/team/12857/forze-reload
2025-02-10,164,11872,FURIA fe,3,https://www.hltv.org/team/10976/furia-fe
2025-02-10,165,23114,THE,3,https://www.hltv.org/team/12955/the
2025-02-10,166,17652,Belfast Storm,3,https://www.hltv.org/team/12934/belfast-storm
2025-02-10,167,9325,Heimo,3,https://www.hltv.org/team/12522/heimo
2025-02-10,168,19872,ShindeN,3,https://www.hltv.org/team/12959/shinden
2025-02-10,169,18442,Chicken Coop,3,https://www.hltv.org/team/13107/chicken-coop
2025-02-10,170,5187,Steel Helmet,3,https://www.hltv.org/team/11273/steel-helmet
2025-02-10,171,23204,BRUTE,3,https://www.hltv.org/team/9139/brute
2025-02-10,172,22775,Justice For Tomorrow,3,https://www.hltv.org/team/13113/justice-for-tomorrow
2025-02-10,173,20029,MIBR Academy,3,https://www.hltv.org/team/3044/mibr-academy
2025-02-10,174,8503,Mythic,3,https://www.hltv.org/team/5479/mythic
2025-02-10,175,10499,VELOX,3,https://www.hltv.org/team/10978/velox
2025-02-10,176,19624,ONi,3,https://www.hltv.org/team/12952/oni
2025-02-10,177,12809,Enterprise Gen,3,https://www.hltv.org/team/13013/enterprise-gen
2025-02-10,178,9144,MANTRA,3,https://www.hltv.org/team/12472/mantra
2025-02-10,179,18146,The QUBE,2,https://www.hltv.org/team/12825/the-qube
2025-02-10,180,18989,DEPO,2,https://www.hltv.org/team/12536/depo
2025-02-10,181,20330,InControl,2,https://www.hltv.org/team/7720/incontrol
2025-02-10,182,13290,2070,2,https://www.hltv.org/team/13052/2070
2025-02-10,183,7653,Eco Warriors,2,https://www.hltv.org/team/13121/eco-warriors
2025-02-10,184,17997,LaChampionsLiga,2,https://www.hltv.org/team/12789/lachampionsliga
2025-02-10,185,20351,KZG,2,https://www.hltv.org/team/12152/kzg
2025-02-10,186,23828,RED Canids Academy,2,https://www.hltv.org/team/13029/red-canids-academy
2025-02-10,187,16412,Dragon EC,2,https://www.hltv.org/team/13060/dragon-ec
2025-02-10,188,11532,Exceritus,2,https://www.hltv.org/team/13082/exceritus
2025-02-10,189,22408,LFO 2,2,https://www.hltv.org/team/13114/lfo-2
2025-02-10,190,16581,Supernova Comets,2,https://www.hltv.org/team/13146/supernova-comets
2025-02-10,191,16764,BIG EQUIPA,2,https://www.hltv.org/team/11718/big-equipa
2025-02-10,192,22422,9z Academy,2,https://www.hltv.org/team/11006/9z-academy
2025-02-10,193,22566,paiN Academy,2,https://www.hltv.org/team/11905/pain-academy
2025-02-10,194,20320,Underground,2,https://www.hltv.org/team/12707/underground
2025-02-10,195,20431,LAG,2,https://www.hltv.org/team/11955/lag
2025-02-10,196,8082,TALON,2,https://www.hltv.org/team/8210/talon
2025-02-10,197,22589,regain,2,https://www.hltv.org/team/12554/regain
2025-02-10,198,17087,Lazer Cats,2,https://www.hltv.org/team/12087/lazer-cats
2025-02-10,199,23050,AKA HERO KAJO,1,https://www.hltv.org/team/13142/aka-hero-kajo
2025-02-10,200,8635,Black Mold,1,https://www.hltv.org/team/13143/black-mold
2025-02-10,201,24024,GENESIS,1,https://www.hltv.org/team/13076/genesis
2025-02-10,202,23276,M1Z,1,https://www.hltv.org/team/13079/m1z
2025-02-10,203,8640,Ghost,1,https://www.hltv.org/team/7801/ghost
2025-02-10,204,17071,Nouns fe,1,https://www.hltv.org/team/12556/nouns-fe
2025-02-10,205,13914,EC BANGA,1,https://www.hltv.org/team/12568/ec-banga
2025-02-10,206,18437,Revel,1,https://www.hltv.org/team/11194/revel
2025-02-10,207,20238,The Art of War,1,https://www.hltv.org/team/12884/the-art-of-war
2025-02-10,208,17916,Aether,1,https://www.hltv.org/team/12908/aether
2025-02-10,209,24015,Galorys Academy,1,https://www.hltv.org/team/13058/galorys-academy
2025-02-10,210,1572,NIP Impact,1,https://www.hltv.org/team/11917/nip-impact
2025-02-10,211,21250,PCIFIC,1,https://www.hltv.org/team/13054/pcific
2025-02-10,212,24646,Delta,1,https://www.hltv.org/team/13057/delta
2025-02-10,213,3329,Lilmix,1,https://www.hltv.org/team/9735/lilmix
2025-02-10,214,23744,st4rboys,1,https://www.hltv.org/team/12983/st4rboys
2025-02-10,215,18774,OneDay fe,1,https://www.hltv.org/team/12887/oneday-fe
2025-02-10,216,8850,FlyQuest RED,1,https://www.hltv.org/team/12301/flyquest-red
2025-02-10,217,16341,MIBR fe,1,https://www.hltv.org/team/10975/mibr-fe
2025-02-10,218,20437,megoshort,1,https://www.hltv.org/team/11018/megoshort
2025-02-10,219,20374,Kario Mart,1,https://www.hltv.org/team/13028/kario-mart
2025-02-10,220,147,Onyx Ravens,1,https://www.hltv.org/team/12594/onyx-ravens
2025-02-10,221,23679,MEGA JUNERS,1,https://www.hltv.org/team/13135/mega-juners
2025-02-10,222,1656,Prototype Blaze,1,https://www.hltv.org/team/13133/prototype-blaze
2025-02-10,223,18399,HAVENs,1,https://www.hltv.org/team/12855/havens
2025-02-10,224,16564,DXA,1,https://www.hltv.org/team/12276/dxa
2025-02-10,225,20166,Vamos fe,1,https://www.hltv.org/team/13120/vamos-fe
2025-02-10,226,21727,Akuma,1,https://www.hltv.org/team/13134/akuma
2025-02-10,227,22110,Unjustified fe,1,https://www.hltv.org/team/12945/unjustified-fe
2025-02-10,228,22092,nomercy fe,1,https://www.hltv.org/team/13122/nomercy-fe
2025-02-10,229,14090,HyperSpirit,1,https://www.hltv.org/team/13012/hyperspirit
2025-02-10,230,9818,HAVU,1,https://www.hltv.org/team/7865/havu
2025-02-10,231,19831,América,1,https://www.hltv.org/team/4326/amrica
2025-02-10,232,9445,AK BARS,1,https://www.hltv.org/team/12997/ak-bars
2025-02-10,233,24559,BESTIA Academy,1,https://www.hltv.org/team/13026/bestia-academy
2025-02-10,234,20815,8Sins,0,https://www.hltv.org/team/13024/8sins
2025-02-10,235,12898,Victores Sumus,0,https://www.hltv.org/team/12929/victores-sumus
2025-02-10,236,23060,Lotus fe,0,https://www.hltv.org/team/12702/lotus-fe
2025-02-10,237,19998,Atrix,0,https://www.hltv.org/team/12533/atrix
2025-02-10,238,22605,SAW Myst,0,https://www.hltv.org/team/13140/saw-myst
2025-02-03,1,7716,Spirit,1000,https://www.hltv.org/team/7020/spirit
2025-02-03,2,2553,G2,597,https://www.hltv.org/team/5995/g2
2025-02-03,3,9816,Natus Vincere,579,https://www.hltv.org/team/4608/natus-vincere
2025-02-03,4,7322,Vitality,433,https://www.hltv.org/team/9565/vitality
2025-02-03,5,429,FaZe,402,https://www.hltv.org/team/6667/faze
2025-02-03,6,150,Eternal Fire,383,https://www.hltv.org/team/11251/eternal-fire
2025-02-03,7,13666,MOUZ,356,https://www.hltv.org/team/4494/mouz
2025-02-03,8,20194,The MongolZ,326,https://www.hltv.org/team/6248/the-mongolz
2025-02-03,9,4679,Liquid,256,https://www.hltv.org/team/5973/liquid
2025-02-03,10,2023,FURIA,253,https://www.hltv.org/team/8297/furia
2025-02-03,11,3741,Falcons,200,https://www.hltv.org/team/11283/falcons
2025-02-03,12,18141,paiN,198,https://www.hltv.org/team/4773/pain
2025-02-03,13,7592,Astralis,186,https://www.hltv.org/team/6665/astralis
2025-02-03,14,8918,Virtus.pro,174,https://www.hltv.org/team/5378/virtuspro
2025-02-03,15,13138,3DMAX,150,https://www.hltv.org/team/4914/3dmax
2025-02-03,16,11154,MIBR,146,https://www.hltv.org/team/9215/mibr
2025-02-03,17,9278,GamerLegion,130,https://www.hltv.org/team/9928/gamerlegion
2025-02-03,18,5794,BIG,115,https://www.hltv.org/team/7532/big
2025-02-03,19,11840,BetBoom,114,https://www.hltv.org/team/12394/betboom
2025-02-03,20,8507,Wildcard,106,https://www.hltv.org/team/12257/wildcard
2025-02-03,21,19164,HEROIC,100,https://www.hltv.org/team/7175/heroic
2025-02-03,22,9115,FlyQuest,74,https://www.hltv.org/team/12774/flyquest
2025-02-03,23,11630,Complexity,73,https://www.hltv.org/team/5005/complexity
2025-02-03,24,630,SAW,65,https://www.hltv.org/team/10567/saw
2025-02-03,25,17008,Passion UA,52,https://www.hltv.org/team/12426/passion-ua
2025-02-03,26,12781,M80,47,https://www.hltv.org/team/12376/m80
2025-02-03,27,12822,Imperial,44,https://www.hltv.org/team/9455/imperial
2025-02-03,28,12092,9z,41,https://www.hltv.org/team/9996/9z
2025-02-03,29,7028,Rare Atom,39,https://www.hltv.org/team/11514/rare-atom
2025-02-03,30,19592,B8,38,https://www.hltv.org/team/11241/b8
2025-02-03,31,7528,fnatic,33,https://www.hltv.org/team/4991/fnatic
2025-02-03,32,7412,ENCE,33,https://www.hltv.org/team/4869/ence
2025-02-03,33,20387,Nemiga,31,https://www.hltv.org/team/7969/nemiga
2025-02-03,34,22864,Spirit Academy,27,https://www.hltv.org/team/7900/spirit-academy
2025-02-03,35,2161,BESTIA,26,https://www.hltv.org/team/12144/bestia
2025-02-03,36,8488,SINNERS,25,https://www.hltv.org/team/10577/sinners
2025-02-03,37,14388,ECLOT,25,https://www.hltv.org/team/7441/eclot
2025-02-03,38,8565,RED Canids,25,https://www.hltv.org/team/7176/red-canids
2025-02-03,39,12027,9 Pandas,23,https://www.hltv.org/team/11883/9-pandas
2025-02-03,40,16551,Lynn Vision,23,https://www.hltv.org/team/8840/lynn-vision
2025-02-03,41,16080,Monte,23,https://www.hltv.org/team/11811/monte
2025-02-03,42,13239,PARIVISION,22,https://www.hltv.org/team/12467/parivision
2025-02-03,43,9221,KRÜ,22,https://www.hltv.org/team/10900/kr
2025-02-03,44,13843,Sashi,21,https://www.hltv.org/team/11712/sashi
2025-02-03,45,11217,500,21,https://www.hltv.org/team/12000/500
2025-02-03,46,9521,ATOX,21,https://www.hltv.org/team/12312/atox
2025-02-03,47,17622,BOSS,20,https://www.hltv.org/team/12534/boss
2025-02-03,48,7687,NRG,20,https://www.hltv.org/team/6673/nrg
2025-02-03,49,20584,NAVI Junior,18,https://www.hltv.org/team/10371/navi-junior
2025-02-03,50,8212,Fire Flux,18,https://www.hltv.org/team/12960/fire-flux
2025-02-03,51,12521,Fluxo,17,https://www.hltv.org/team/11837/fluxo
2025-02-03,52,19044,OG,17,https://www.hltv.org/team/10503/og
2025-02-03,53,1206,Nexus,17,https://www.hltv.org/team/7187/nexus
2025-02-03,54,10961,ECSTATIC,17,https://www.hltv.org/team/11419/ecstatic
2025-02-03,55,12004,Aurora,16,https://www.hltv.org/team/11861/aurora
2025-02-03,56,8604,TYLOO,16,https://www.hltv.org/team/4863/tyloo
2025-02-03,57,15698,Legacy,16,https://www.hltv.org/team/12468/legacy
2025-02-03,58,20558,Sharks,16,https://www.hltv.org/team/8113/sharks
2025-02-03,59,2131,FAVBET,16,https://www.hltv.org/team/12818/favbet
2025-02-03,60,2476,Partizan,15,https://www.hltv.org/team/11838/partizan
2025-02-03,61,20600,AMKAL,15,https://www.hltv.org/team/12586/amkal
2025-02-03,62,3669,Rebels,15,https://www.hltv.org/team/12642/rebels
2025-02-03,63,16102,GTZ,14,https://www.hltv.org/team/9466/gtz
2025-02-03,64,18670,GUN5,14,https://www.hltv.org/team/12471/gun5
2025-02-03,65,19231,Betera,14,https://www.hltv.org/team/12431/betera
2025-02-03,66,7805,Nouns,14,https://www.hltv.org/team/11948/nouns
2025-02-03,67,2898,9INE,14,https://www.hltv.org/team/10278/9ine
2025-02-03,68,9483,Solid,14,https://www.hltv.org/team/12233/solid
2025-02-03,69,18070,Betclic,13,https://www.hltv.org/team/12916/betclic
2025-02-03,70,5351,Zero Tenacity,13,https://www.hltv.org/team/11523/zero-tenacity
2025-02-03,71,9766,Metizport,13,https://www.hltv.org/team/11641/metizport
2025-02-03,72,1646,Imperial Valkyries,13,https://www.hltv.org/team/12828/imperial-valkyries
2025-02-03,73,13669,CPH Wolves,13,https://www.hltv.org/team/4548/cph-wolves
2025-02-03,74,20258,UR,13,https://www.hltv.org/team/13116/ur
2025-02-03,75,13250,Party Astronauts,12,https://www.hltv.org/team/8038/party-astronauts
2025-02-03,76,284,GenOne,12,https://www.hltv.org/team/11609/genone
2025-02-03,77,22459,Chimera,12,https://www.hltv.org/team/13098/chimera
2025-02-03,78,15072,The Huns,12,https://www.hltv.org/team/12510/the-huns
2025-02-03,79,23680,-72c,12,https://www.hltv.org/team/12546/72c
2025-02-03,80,8248,BC.Game,11,https://www.hltv.org/team/12878/bcgame
2025-02-03,81,8371,Iberian Soul,11,https://www.hltv.org/team/13104/iberian-soul
2025-02-03,82,10449,JiJieHao,10,https://www.hltv.org/team/10245/jijiehao
2025-02-03,83,17508,CYBERSHOKE,10,https://www.hltv.org/team/12380/cybershoke
2025-02-03,84,12937,Marsborne,10,https://www.hltv.org/team/13124/marsborne
2025-02-03,85,19709,timbermen,10,https://www.hltv.org/team/10464/timbermen
2025-02-03,86,12102,MIGHT,10,https://www.hltv.org/team/12483/might
2025-02-03,87,18638,Eruption,10,https://www.hltv.org/team/12097/eruption
2025-02-03,88,20278,Elevate,10,https://www.hltv.org/team/5775/elevate
2025-02-03,89,20683,Rhyno,9,https://www.hltv.org/team/10947/rhyno
2025-02-03,90,11271,moneyF,9,https://www.hltv.org/team/13128/moneyf
2025-02-03,91,3459,RUSH B,9,https://www.hltv.org/team/12559/rush-b
2025-02-03,92,18447,ARCRED,9,https://www.hltv.org/team/10459/arcred
2025-02-03,93,19591,Chill Guys,9,https://www.hltv.org/team/13110/chill-guys
2025-02-03,94,14242,WOPA,8,https://www.hltv.org/team/12787/wopa
2025-02-03,95,20199,FLuffy Gangsters,8,https://www.hltv.org/team/6668/fluffy-gangsters
2025-02-03,96,9656,Adventurers,8,https://www.hltv.org/team/13118/adventurers
2025-02-03,97,922,Ninjas in Pyjamas,8,https://www.hltv.org/team/4411/ninjas-in-pyjamas
2025-02-03,98,16147,kONO,8,https://www.hltv.org/team/12858/kono
2025-02-03,99,14990,SemperFi,8,https://www.hltv.org/team/12901/semperfi
2025-02-03,100,13685,Bad News Capybaras,8,https://www.hltv.org/team/13112/bad-news-capybaras
2025-02-03,101,22886,K27,8,https://www.hltv.org/team/12895/k27
2025-02-03,102,10663,Real Original,8,https://www.hltv.org/team/13095/real-original
2025-02-03,103,11329,Swingers,8,https://www.hltv.org/team/13109/swingers
2025-02-03,104,12877,Rooster,8,https://www.hltv.org/team/9881/rooster
2025-02-03,105,7996,Endpoint,8,https://www.hltv.org/team/7234/endpoint
2025-02-03,106,12588,Housebets,8,https://www.hltv.org/team/12921/housebets
2025-02-03,107,9220,adalYamigos,8,https://www.hltv.org/team/12544/adalyamigos
2025-02-03,108,11498,PORTUGAL,8,https://www.hltv.org/team/11174/portugal
2025-02-03,109,12612,UNiTY,8,https://www.hltv.org/team/12267/unity
2025-02-03,110,18510,Insilio,8,https://www.hltv.org/team/12124/insilio
2025-02-03,111,9217,Tropa do Taco,8,https://www.hltv.org/team/13025/tropa-do-taco
2025-02-03,112,23160,Aetheris,7,https://www.hltv.org/team/13111/aetheris
2025-02-03,113,3849,EYEBALLERS,7,https://www.hltv.org/team/11737/eyeballers
2025-02-03,114,13298,Fisher College,7,https://www.hltv.org/team/12769/fisher-college
2025-02-03,115,20421,Leo,7,https://www.hltv.org/team/11446/leo
2025-02-03,116,20336,ALASKA,7,https://www.hltv.org/team/13105/alaska
2025-02-03,117,695,JANO,7,https://www.hltv.org/team/11827/jano
2025-02-03,118,8745,Mindfreak,7,https://www.hltv.org/team/11668/mindfreak
2025-02-03,119,7443,Alliance,7,https://www.hltv.org/team/12474/alliance
2025-02-03,120,14390,ODDIK,7,https://www.hltv.org/team/11768/oddik
2025-02-03,121,14394,Bounty Hunters,7,https://www.hltv.org/team/12776/bounty-hunters
2025-02-03,122,20572,Akimbo,7,https://www.hltv.org/team/12567/akimbo
2025-02-03,123,22430,Nuclear TigeRES,6,https://www.hltv.org/team/13027/nuclear-tigeres
2025-02-03,124,15060,Chinggis Warriors,6,https://www.hltv.org/team/12646/chinggis-warriors
2025-02-03,125,20677,ENCE Academy,6,https://www.hltv.org/team/11790/ence-academy
2025-02-03,126,10938,Astralis Talent,6,https://www.hltv.org/team/10954/astralis-talent
2025-02-03,127,22998,FengDa,6,https://www.hltv.org/team/12899/fengda
2025-02-03,128,15062,NomadS,6,https://www.hltv.org/team/12900/nomads
2025-02-03,129,8598,Just Swing,6,https://www.hltv.org/team/13053/just-swing
2025-02-03,130,21108,Kubix,6,https://www.hltv.org/team/12847/kubix
2025-02-03,131,20396,Vantage,6,https://www.hltv.org/team/12455/vantage
2025-02-03,132,14799,Vagrants,6,https://www.hltv.org/team/12611/vagrants
2025-02-03,133,12736,Permitta,6,https://www.hltv.org/team/12009/permitta
2025-02-03,134,8082,TALON,6,https://www.hltv.org/team/8210/talon
2025-02-03,135,2544,UNO MILLE,6,https://www.hltv.org/team/11555/uno-mille
2025-02-03,136,22364,Yawara,5,https://www.hltv.org/team/11933/yawara
2025-02-03,137,20006,hypewrld,5,https://www.hltv.org/team/12570/hypewrld
2025-02-03,138,19123,Alter Iron,5,https://www.hltv.org/team/12968/alter-iron
2025-02-03,139,12094,Dusty Roots,5,https://www.hltv.org/team/12548/dusty-roots
2025-02-03,140,23651,Blaze Warriors,5,https://www.hltv.org/team/12964/blaze-warriors
2025-02-03,141,19133,Gods Reign,5,https://www.hltv.org/team/12415/gods-reign
2025-02-03,142,22008,GameAgents,5,https://www.hltv.org/team/6652/gameagents
2025-02-03,143,8528,1win,5,https://www.hltv.org/team/10621/1win
2025-02-03,144,10570,Players,5,https://www.hltv.org/team/11711/players
2025-02-03,145,22410,harizma,5,https://www.hltv.org/team/13115/harizma
2025-02-03,146,13457,DUSTY,5,https://www.hltv.org/team/10125/dusty
2025-02-03,147,22643,TNL,5,https://www.hltv.org/team/12833/tnl
2025-02-03,148,9255,Johnny Speeds,5,https://www.hltv.org/team/12604/johnny-speeds
2025-02-03,149,16384,RAGE,5,https://www.hltv.org/team/12996/rage
2025-02-03,150,22544,Take Flyte,5,https://www.hltv.org/team/11660/take-flyte
2025-02-03,151,8151,Preasy,4,https://www.hltv.org/team/12334/preasy
2025-02-03,152,11733,Floripa Stars,4,https://www.hltv.org/team/12867/floripa-stars
2025-02-03,153,23114,THE,4,https://www.hltv.org/team/12955/the
2025-02-03,154,10838,E-Xolos LAZER,4,https://www.hltv.org/team/12722/e-xolos-lazer
2025-02-03,155,12599,Fated Rise,4,https://www.hltv.org/team/13097/fated-rise
2025-02-03,156,20245,ESC,4,https://www.hltv.org/team/4532/esc
2025-02-03,157,21367,FORZE Reload,4,https://www.hltv.org/team/12857/forze-reload
2025-02-03,158,10827,GameHunters,4,https://www.hltv.org/team/12988/gamehunters
2025-02-03,159,11872,FURIA fe,4,https://www.hltv.org/team/10976/furia-fe
2025-02-03,160,17652,Belfast Storm,4,https://www.hltv.org/team/12934/belfast-storm
2025-02-03,161,20351,KZG,4,https://www.hltv.org/team/12152/kzg
2025-02-03,162,17132,Bad News Chickens,4,https://www.hltv.org/team/12890/bad-news-chickens
2025-02-03,163,15901,Anonymo,4,https://www.hltv.org/team/10973/anonymo
2025-02-03,164,9325,Heimo,4,https://www.hltv.org/team/12522/heimo
2025-02-03,165,18752,HOTU,4,https://www.hltv.org/team/11581/hotu
2025-02-03,166,18891,Patins da Ferrari,4,https://www.hltv.org/team/11011/patins-da-ferrari
2025-02-03,167,19173,G2 Ares,4,https://www.hltv.org/team/12889/g2-ares
2025-02-03,168,15861,IHC,4,https://www.hltv.org/team/11585/ihc
2025-02-03,169,19872,ShindeN,4,https://www.hltv.org/team/12959/shinden
2025-02-03,170,8566,NITRO,4,https://www.hltv.org/team/12915/nitro
2025-02-03,171,5187,Steel Helmet,4,https://www.hltv.org/team/11273/steel-helmet
2025-02-03,172,23204,BRUTE,3,https://www.hltv.org/team/9139/brute
2025-02-03,173,22775,Justice For Tomorrow,3,https://www.hltv.org/team/13113/justice-for-tomorrow
2025-02-03,174,20029,MIBR Academy,3,https://www.hltv.org/team/3044/mibr-academy
2025-02-03,175,20273,Tsunami,3,https://www.hltv.org/team/12180/tsunami
2025-02-03,176,8503,Mythic,3,https://www.hltv.org/team/5479/mythic
2025-02-03,177,19624,ONi,3,https://www.hltv.org/team/12952/oni
2025-02-03,178,12809,Enterprise Gen,3,https://www.hltv.org/team/13013/enterprise-gen
2025-02-03,179,18146,The QUBE,3,https://www.hltv.org/team/12825/the-qube
2025-02-03,180,9144,MANTRA,3,https://www.hltv.org/team/12472/mantra
2025-02-03,181,22408,LFO 2,3,https://www.hltv.org/team/13114/lfo-2
2025-02-03,182,18989,DEPO,3,https://www.hltv.org/team/12536/depo
2025-02-03,183,18442,Chicken Coop,3,https://www.hltv.org/team/13107/chicken-coop
2025-02-03,184,13290,2070,3,https://www.hltv.org/team/13052/2070
2025-02-03,185,10499,VELOX,3,https://www.hltv.org/team/10978/velox
2025-02-03,186,23828,RED Canids Academy,3,https://www.hltv.org/team/13029/red-canids-academy
2025-02-03,187,16412,Dragon EC,3,https://www.hltv.org/team/13060/dragon-ec
2025-02-03,188,16764,BIG EQUIPA,2,https://www.hltv.org/team/11718/big-equipa
2025-02-03,189,1656,Prototype Blaze,2,https://www.hltv.org/team/13133/prototype-blaze
2025-02-03,190,22422,9z Academy,2,https://www.hltv.org/team/11006/9z-academy
2025-02-03,191,17997,LaChampionsLiga,2,https://www.hltv.org/team/12789/lachampionsliga
2025-02-03,192,20431,LAG,2,https://www.hltv.org/team/11955/lag
2025-02-03,193,20330,InControl,2,https://www.hltv.org/team/7720/incontrol
2025-02-03,194,22566,paiN Academy,2,https://www.hltv.org/team/11905/pain-academy
2025-02-03,195,16861,Viperio,2,https://www.hltv.org/team/9506/viperio
2025-02-03,196,16581,Shimmer,2,https://www.hltv.org/team/12190/shimmer
2025-02-03,197,22589,regain,2,https://www.hltv.org/team/12554/regain
2025-02-03,198,17087,Lazer Cats,2,https://www.hltv.org/team/12087/lazer-cats
2025-02-03,199,20320,Underground,2,https://www.hltv.org/team/12707/underground
2025-02-03,200,14175,WW,2,https://www.hltv.org/team/12967/ww
2025-02-03,201,24024,GENESIS,2,https://www.hltv.org/team/13076/genesis
2025-02-03,202,23276,M1Z,2,https://www.hltv.org/team/13079/m1z
2025-02-03,203,8640,Ghost,2,https://www.hltv.org/team/7801/ghost
2025-02-03,204,17071,Nouns fe,2,https://www.hltv.org/team/12556/nouns-fe
2025-02-03,205,13914,EC BANGA,2,https://www.hltv.org/team/12568/ec-banga
2025-02-03,206,18437,Revel,2,https://www.hltv.org/team/11194/revel
2025-02-03,207,7653,Eco Warriors,2,https://www.hltv.org/team/13121/eco-warriors
2025-02-03,208,17916,Aether,2,https://www.hltv.org/team/12908/aether
2025-02-03,209,24015,Galorys Academy,1,https://www.hltv.org/team/13058/galorys-academy
2025-02-03,210,20238,The Art of War,1,https://www.hltv.org/team/12884/the-art-of-war
2025-02-03,211,21250,PCIFIC,1,https://www.hltv.org/team/13054/pcific
2025-02-03,212,24646,Delta,1,https://www.hltv.org/team/13057/delta
2025-02-03,213,3329,Lilmix,1,https://www.hltv.org/team/9735/lilmix
2025-02-03,214,23744,st4rboys,1,https://www.hltv.org/team/12983/st4rboys
2025-02-03,215,1572,NIP Impact,1,https://www.hltv.org/team/11917/nip-impact
2025-02-03,216,9709,Þór,1,https://www.hltv.org/team/11674/r
2025-02-03,217,16341,MIBR fe,1,https://www.hltv.org/team/10975/mibr-fe
2025-02-03,218,20437,megoshort,1,https://www.hltv.org/team/11018/megoshort
2025-02-03,219,16424,ROYALS,1,https://www.hltv.org/team/7555/royals
2025-02-03,220,20374,Kario Mart,1,https://www.hltv.org/team/13028/kario-mart
2025-02-03,221,147,Onyx Ravens,1,https://www.hltv.org/team/12594/onyx-ravens
2025-02-03,222,8850,FlyQuest RED,1,https://www.hltv.org/team/12301/flyquest-red
2025-02-03,223,18399,HAVENs,1,https://www.hltv.org/team/12855/havens
2025-02-03,224,21727,Akuma,1,https://www.hltv.org/team/13134/akuma
2025-02-03,225,14090,HyperSpirit,1,https://www.hltv.org/team/13012/hyperspirit
2025-02-03,226,9818,HAVU,1,https://www.hltv.org/team/7865/havu
2025-02-03,227,19831,América,1,https://www.hltv.org/team/4326/amrica
2025-02-03,228,9445,AK BARS,1,https://www.hltv.org/team/12997/ak-bars
2025-02-03,229,24559,BESTIA Academy,1,https://www.hltv.org/team/13026/bestia-academy
2025-02-03,230,12898,Victores Sumus,1,https://www.hltv.org/team/12929/victores-sumus
2025-02-03,231,20815,8Sins,1,https://www.hltv.org/team/13024/8sins
2025-02-03,232,23060,Lotus fe,0,https://www.hltv.org/team/12702/lotus-fe
2025-02-03,233,19998,Atrix,0,https://www.hltv.org/team/12533/atrix
2025-02-03,234,22110,Unjustified fe,0,https://www.hltv.org/team/12945/unjustified-fe
2025-01-27,1,7716,Spirit,1000,https://www.hltv.org/team/7020/spirit
2025-01-27,2,2553,G2,600,https://www.hltv.org/team/5995/g2
2025-01-27,3,9816,Natus Vincere,576,https://www.hltv.org/team/4608/natus-vincere
2025-01-27,4,7322,Vitality,406,https://www.hltv.org/team/9565/vitality
2025-01-27,5,429,FaZe,402,https://www.hltv.org/team/6667/faze
2025-01-27,6,13666,MOUZ,375,https://www.hltv.org/team/4494/mouz
2025-01-27,7,150,Eternal Fire,354,https://www.hltv.org/team/11251/eternal-fire
2025-01-27,8,20194,The MongolZ,308,https://www.hltv.org/team/6248/the-mongolz
2025-01-27,9,2023,FURIA,236,https://www.hltv.org/team/8297/furia
2025-01-27,10,4679,Liquid,231,https://www.hltv.org/team/5973/liquid
2025-01-27,11,3741,Falcons,207,https://www.hltv.org/team/11283/falcons
2025-01-27,12,18141,paiN,201,https://www.hltv.org/team/4773/pain
2025-01-27,13,7592,Astralis,169,https://www.hltv.org/team/6665/astralis
2025-01-27,14,11154,MIBR,147,https://www.hltv.org/team/9215/mibr
2025-01-27,15,8918,Virtus.pro,120,https://www.hltv.org/team/5378/virtuspro
2025-01-27,16,11840,BetBoom,113,https://www.hltv.org/team/12394/betboom
2025-01-27,17,13138,3DMAX,108,https://www.hltv.org/team/4914/3dmax
2025-01-27,18,8507,Wildcard,104,https://www.hltv.org/team/12257/wildcard
2025-01-27,19,19164,HEROIC,96,https://www.hltv.org/team/7175/heroic
2025-01-27,20,5794,BIG,95,https://www.hltv.org/team/7532/big
2025-01-27,21,9278,GamerLegion,91,https://www.hltv.org/team/9928/gamerlegion
2025-01-27,22,9115,FlyQuest,84,https://www.hltv.org/team/12774/flyquest
2025-01-27,23,11630,Complexity,83,https://www.hltv.org/team/5005/complexity
2025-01-27,24,630,SAW,72,https://www.hltv.org/team/10567/saw
2025-01-27,25,17008,Passion UA,56,https://www.hltv.org/team/12426/passion-ua
2025-01-27,26,12822,Imperial,50,https://www.hltv.org/team/9455/imperial
2025-01-27,27,12781,M80,49,https://www.hltv.org/team/12376/m80
2025-01-27,28,12092,9z,43,https://www.hltv.org/team/9996/9z
2025-01-27,29,7028,Rare Atom,43,https://www.hltv.org/team/11514/rare-atom
2025-01-27,30,7528,fnatic,37,https://www.hltv.org/team/4991/fnatic
2025-01-27,31,19592,B8,36,https://www.hltv.org/team/11241/b8
2025-01-27,32,20387,Nemiga,34,https://www.hltv.org/team/7969/nemiga
2025-01-27,33,7412,ENCE,33,https://www.hltv.org/team/4869/ence
2025-01-27,34,12027,9 Pandas,29,https://www.hltv.org/team/11883/9-pandas
2025-01-27,35,22864,Spirit Academy,27,https://www.hltv.org/team/7900/spirit-academy
2025-01-27,36,11217,500,27,https://www.hltv.org/team/12000/500
2025-01-27,37,2161,BESTIA,27,https://www.hltv.org/team/12144/bestia
2025-01-27,38,14388,ECLOT,27,https://www.hltv.org/team/7441/eclot
2025-01-27,39,20584,NAVI Junior,25,https://www.hltv.org/team/10371/navi-junior
2025-01-27,40,13843,Sashi,25,https://www.hltv.org/team/11712/sashi
2025-01-27,41,16551,Lynn Vision,25,https://www.hltv.org/team/8840/lynn-vision
2025-01-27,42,8565,RED Canids,25,https://www.hltv.org/team/7176/red-canids
2025-01-27,43,9521,ATOX,22,https://www.hltv.org/team/12312/atox
2025-01-27,44,9221,KRÜ,22,https://www.hltv.org/team/10900/kr
2025-01-27,45,7687,NRG,21,https://www.hltv.org/team/6673/nrg
2025-01-27,46,8488,SINNERS,21,https://www.hltv.org/team/10577/sinners
2025-01-27,47,17622,BOSS,20,https://www.hltv.org/team/12534/boss
2025-01-27,48,12521,Fluxo,20,https://www.hltv.org/team/11837/fluxo
2025-01-27,49,8212,Fire Flux,20,https://www.hltv.org/team/12960/fire-flux
2025-01-27,50,16080,Monte,19,https://www.hltv.org/team/11811/monte
2025-01-27,51,15698,Legacy,19,https://www.hltv.org/team/12468/legacy
2025-01-27,52,12004,Aurora,19,https://www.hltv.org/team/11861/aurora
2025-01-27,53,19044,OG,18,https://www.hltv.org/team/10503/og
2025-01-27,54,1206,Nexus,18,https://www.hltv.org/team/7187/nexus
2025-01-27,55,9766,Metizport,17,https://www.hltv.org/team/11641/metizport
2025-01-27,56,8604,TYLOO,17,https://www.hltv.org/team/4863/tyloo
2025-01-27,57,5351,Zero Tenacity,17,https://www.hltv.org/team/11523/zero-tenacity
2025-01-27,58,2476,Partizan,16,https://www.hltv.org/team/11838/partizan
2025-01-27,59,16102,GTZ,16,https://www.hltv.org/team/9466/gtz
2025-01-27,60,18670,GUN5,16,https://www.hltv.org/team/12471/gun5
2025-01-27,61,2898,9INE,16,https://www.hltv.org/team/10278/9ine
2025-01-27,62,7805,Nouns,15,https://www.hltv.org/team/11948/nouns
2025-01-27,63,10961,ECSTATIC,15,https://www.hltv.org/team/11419/ecstatic
2025-01-27,64,20558,Sharks,15,https://www.hltv.org/team/8113/sharks
2025-01-27,65,2131,FAVBET,15,https://www.hltv.org/team/12818/favbet
2025-01-27,66,20600,AMKAL,15,https://www.hltv.org/team/12586/amkal
2025-01-27,67,13250,Party Astronauts,14,https://www.hltv.org/team/8038/party-astronauts
2025-01-27,68,20258,UR,13,https://www.hltv.org/team/13116/ur
2025-01-27,69,284,GenOne,13,https://www.hltv.org/team/11609/genone
2025-01-27,70,22459,Chimera,13,https://www.hltv.org/team/13098/chimera
2025-01-27,71,3669,Rebels,13,https://www.hltv.org/team/12642/rebels
2025-01-27,72,8082,TALON,13,https://www.hltv.org/team/8210/talon
2025-01-27,73,23680,-72c,13,https://www.hltv.org/team/12546/72c
2025-01-27,74,8371,Iberian Soul,12,https://www.hltv.org/team/13104/iberian-soul
2025-01-27,75,15072,The Huns,12,https://www.hltv.org/team/12510/the-huns
2025-01-27,76,12937,Marsborne,12,https://www.hltv.org/team/13124/marsborne
2025-01-27,77,18070,Betclic,12,https://www.hltv.org/team/12916/betclic
2025-01-27,78,13669,CPH Wolves,12,https://www.hltv.org/team/4548/cph-wolves
2025-01-27,79,10449,JiJieHao,11,https://www.hltv.org/team/10245/jijiehao
2025-01-27,80,8248,BC.Game,11,https://www.hltv.org/team/12878/bcgame
2025-01-27,81,9656,Adventurers,11,https://www.hltv.org/team/13118/adventurers
2025-01-27,82,12102,MIGHT,11,https://www.hltv.org/team/12483/might
2025-01-27,83,17508,CYBERSHOKE,11,https://www.hltv.org/team/12380/cybershoke
2025-01-27,84,18638,Eruption,11,https://www.hltv.org/team/12097/eruption
2025-01-27,85,20278,Elevate,11,https://www.hltv.org/team/5775/elevate
2025-01-27,86,19709,timbermen,10,https://www.hltv.org/team/10464/timbermen
2025-01-27,87,20683,Rhyno,10,https://www.hltv.org/team/10947/rhyno
2025-01-27,88,11329,Swingers,10,https://www.hltv.org/team/13109/swingers
2025-01-27,89,14242,WOPA,9,https://www.hltv.org/team/12787/wopa
2025-01-27,90,13239,PARIVISION,9,https://www.hltv.org/team/12467/parivision
2025-01-27,91,1646,Imperial Valkyries,9,https://www.hltv.org/team/12828/imperial-valkyries
2025-01-27,92,9483,Solid,9,https://www.hltv.org/team/12233/solid
2025-01-27,93,3459,RUSH B,9,https://www.hltv.org/team/12559/rush-b
2025-01-27,94,20199,FLuffy Gangsters,9,https://www.hltv.org/team/6668/fluffy-gangsters
2025-01-27,95,20421,Leo,9,https://www.hltv.org/team/11446/leo
2025-01-27,96,11498,PORTUGAL,9,https://www.hltv.org/team/11174/portugal
2025-01-27,97,14990,SemperFi,9,https://www.hltv.org/team/12901/semperfi
2025-01-27,98,12877,Rooster,9,https://www.hltv.org/team/9881/rooster
2025-01-27,99,12612,UNiTY,9,https://www.hltv.org/team/12267/unity
2025-01-27,100,16147,kONO,9,https://www.hltv.org/team/12858/kono
2025-01-27,101,3849,EYEBALLERS,9,https://www.hltv.org/team/11737/eyeballers
2025-01-27,102,9217,Tropa do Taco,9,https://www.hltv.org/team/13025/tropa-do-taco
2025-01-27,103,10663,Real Original,8,https://www.hltv.org/team/13095/real-original
2025-01-27,104,14390,ODDIK,8,https://www.hltv.org/team/11768/oddik
2025-01-27,105,18510,Insilio,8,https://www.hltv.org/team/12124/insilio
2025-01-27,106,13685,Bad News Capybaras,8,https://www.hltv.org/team/13112/bad-news-capybaras
2025-01-27,107,11271,Into the Breach,8,https://www.hltv.org/team/11164/into-the-breach
2025-01-27,108,13882,Esprots,8,https://www.hltv.org/team/12854/esprots
2025-01-27,109,922,Ninjas in Pyjamas,8,https://www.hltv.org/team/4411/ninjas-in-pyjamas
2025-01-27,110,12736,Permitta,8,https://www.hltv.org/team/12009/permitta
2025-01-27,111,13298,Fisher College,8,https://www.hltv.org/team/12769/fisher-college
2025-01-27,112,20336,ALASKA,8,https://www.hltv.org/team/13105/alaska
2025-01-27,113,23160,Aetheris,8,https://www.hltv.org/team/13111/aetheris
2025-01-27,114,695,JANO,7,https://www.hltv.org/team/11827/jano
2025-01-27,115,7443,Alliance,7,https://www.hltv.org/team/12474/alliance
2025-01-27,116,10938,Astralis Talent,7,https://www.hltv.org/team/10954/astralis-talent
2025-01-27,117,20351,KZG,7,https://www.hltv.org/team/12152/kzg
2025-01-27,118,7996,Endpoint,7,https://www.hltv.org/team/7234/endpoint
2025-01-27,119,15060,Chinggis Warriors,7,https://www.hltv.org/team/12646/chinggis-warriors
2025-01-27,120,22430,Nuclear TigeRES,7,https://www.hltv.org/team/13027/nuclear-tigeres
2025-01-27,121,21108,Kubix,7,https://www.hltv.org/team/12847/kubix
2025-01-27,122,22998,FengDa,7,https://www.hltv.org/team/12899/fengda
2025-01-27,123,9220,adalYamigos,7,https://www.hltv.org/team/12544/adalyamigos
2025-01-27,124,15062,NomadS,7,https://www.hltv.org/team/12900/nomads
2025-01-27,125,8598,Just Swing,7,https://www.hltv.org/team/13053/just-swing
2025-01-27,126,20677,ENCE Academy,6,https://www.hltv.org/team/11790/ence-academy
2025-01-27,127,20396,Vantage,6,https://www.hltv.org/team/12455/vantage
2025-01-27,128,22364,Yawara,6,https://www.hltv.org/team/11933/yawara
2025-01-27,129,19591,Chill Guys,6,https://www.hltv.org/team/13110/chill-guys
2025-01-27,130,19123,Alter Iron,6,https://www.hltv.org/team/12968/alter-iron
2025-01-27,131,2544,UNO MILLE,6,https://www.hltv.org/team/11555/uno-mille
2025-01-27,132,20006,hypewrld,6,https://www.hltv.org/team/12570/hypewrld
2025-01-27,133,12094,Dusty Roots,6,https://www.hltv.org/team/12548/dusty-roots
2025-01-27,134,23651,Blaze Warriors,6,https://www.hltv.org/team/12964/blaze-warriors
2025-01-27,135,10570,Players,6,https://www.hltv.org/team/11711/players
2025-01-27,136,8745,Mindfreak,5,https://www.hltv.org/team/11668/mindfreak
2025-01-27,137,22408,LFO 2,5,https://www.hltv.org/team/13114/lfo-2
2025-01-27,138,20572,Akimbo,5,https://www.hltv.org/team/12567/akimbo
2025-01-27,139,8528,1win,5,https://www.hltv.org/team/10621/1win
2025-01-27,140,22410,harizma,5,https://www.hltv.org/team/13115/harizma
2025-01-27,141,13457,DUSTY,5,https://www.hltv.org/team/10125/dusty
2025-01-27,142,22643,TNL,5,https://www.hltv.org/team/12833/tnl
2025-01-27,143,15901,Anonymo,5,https://www.hltv.org/team/10973/anonymo
2025-01-27,144,9255,Johnny Speeds,5,https://www.hltv.org/team/12604/johnny-speeds
2025-01-27,145,16384,RAGE,5,https://www.hltv.org/team/12996/rage
2025-01-27,146,14394,Bounty Hunters,5,https://www.hltv.org/team/12776/bounty-hunters
2025-01-27,147,22544,Take Flyte,5,https://www.hltv.org/team/11660/take-flyte
2025-01-27,148,10827,GameHunters,5,https://www.hltv.org/team/12988/gamehunters
2025-01-27,149,22008,GameAgents,5,https://www.hltv.org/team/6652/gameagents
2025-01-27,150,19133,Gods Reign,5,https://www.hltv.org/team/12415/gods-reign
2025-01-27,151,23114,THE,5,https://www.hltv.org/team/12955/the
2025-01-27,152,10838,E-Xolos LAZER,5,https://www.hltv.org/team/12722/e-xolos-lazer
2025-01-27,153,12599,Fated Rise,4,https://www.hltv.org/team/13097/fated-rise
2025-01-27,154,18447,ARCRED,4,https://www.hltv.org/team/10459/arcred
2025-01-27,155,17132,Bad News Chickens,4,https://www.hltv.org/team/12890/bad-news-chickens
2025-01-27,156,21367,FORZE Reload,4,https://www.hltv.org/team/12857/forze-reload
2025-01-27,157,17652,Belfast Storm,4,https://www.hltv.org/team/12934/belfast-storm
2025-01-27,158,9325,Heimo,4,https://www.hltv.org/team/12522/heimo
2025-01-27,159,11872,FURIA fe,4,https://www.hltv.org/team/10976/furia-fe
2025-01-27,160,14799,Vagrants,4,https://www.hltv.org/team/12611/vagrants
2025-01-27,161,19173,G2 Ares,4,https://www.hltv.org/team/12889/g2-ares
2025-01-27,162,15861,IHC,4,https://www.hltv.org/team/11585/ihc
2025-01-27,163,18752,HOTU,4,https://www.hltv.org/team/11581/hotu
2025-01-27,164,20029,MIBR Academy,4,https://www.hltv.org/team/3044/mibr-academy
2025-01-27,165,19872,ShindeN,4,https://www.hltv.org/team/12959/shinden
2025-01-27,166,8566,NITRO,4,https://www.hltv.org/team/12915/nitro
2025-01-27,167,5187,Steel Helmet,4,https://www.hltv.org/team/11273/steel-helmet
2025-01-27,168,23204,BRUTE,4,https://www.hltv.org/team/9139/brute
2025-01-27,169,22775,Justice For Tomorrow,4,https://www.hltv.org/team/13113/justice-for-tomorrow
2025-01-27,170,19624,ONi,3,https://www.hltv.org/team/12952/oni
2025-01-27,171,12809,Enterprise Gen,3,https://www.hltv.org/team/13013/enterprise-gen
2025-01-27,172,20245,ESC,3,https://www.hltv.org/team/4532/esc
2025-01-27,173,18442,Chicken Coop,3,https://www.hltv.org/team/13107/chicken-coop
2025-01-27,174,18146,The QUBE,3,https://www.hltv.org/team/12825/the-qube
2025-01-27,175,10499,VELOX,3,https://www.hltv.org/team/10978/velox
2025-01-27,176,18989,DEPO,3,https://www.hltv.org/team/12536/depo
2025-01-27,177,20273,Tsunami,3,https://www.hltv.org/team/12180/tsunami
2025-01-27,178,18891,Patins da Ferrari,3,https://www.hltv.org/team/11011/patins-da-ferrari
2025-01-27,179,13290,2070,3,https://www.hltv.org/team/13052/2070
2025-01-27,180,20374,Kario Mart,3,https://www.hltv.org/team/13028/kario-mart
2025-01-27,181,8503,Mythic,3,https://www.hltv.org/team/5479/mythic
2025-01-27,182,22422,9z Academy,3,https://www.hltv.org/team/11006/9z-academy
2025-01-27,183,11733,JOGA DE TERNO,3,https://www.hltv.org/team/12907/joga-de-terno
2025-01-27,184,23384,ALLINNERS,3,https://www.hltv.org/team/12812/allinners
2025-01-27,185,8151,Preasy,3,https://www.hltv.org/team/12334/preasy
2025-01-27,186,16412,Dragon EC,3,https://www.hltv.org/team/13060/dragon-ec
2025-01-27,187,20330,InControl,3,https://www.hltv.org/team/7720/incontrol
2025-01-27,188,16764,BIG EQUIPA,3,https://www.hltv.org/team/11718/big-equipa
2025-01-27,189,20320,Underground,2,https://www.hltv.org/team/12707/underground
2025-01-27,190,22886,K27,2,https://www.hltv.org/team/12895/k27
2025-01-27,191,20431,LAG,2,https://www.hltv.org/team/11955/lag
2025-01-27,192,22566,paiN Academy,2,https://www.hltv.org/team/11905/pain-academy
2025-01-27,193,17997,LaChampionsLiga,2,https://www.hltv.org/team/12789/lachampionsliga
2025-01-27,194,16861,Viperio,2,https://www.hltv.org/team/9506/viperio
2025-01-27,195,22589,regain,2,https://www.hltv.org/team/12554/regain
2025-01-27,196,23828,RED Canids Academy,2,https://www.hltv.org/team/13029/red-canids-academy
2025-01-27,197,16581,Shimmer,2,https://www.hltv.org/team/12190/shimmer
2025-01-27,198,17087,Lazer Cats,2,https://www.hltv.org/team/12087/lazer-cats
2025-01-27,199,14175,WW,2,https://www.hltv.org/team/12967/ww
2025-01-27,200,13914,EC BANGA,2,https://www.hltv.org/team/12568/ec-banga
2025-01-27,201,24024,GENESIS,2,https://www.hltv.org/team/13076/genesis
2025-01-27,202,23276,M1Z,2,https://www.hltv.org/team/13079/m1z
2025-01-27,203,18437,Revel,2,https://www.hltv.org/team/11194/revel
2025-01-27,204,8953,Dewa United,2,https://www.hltv.org/team/12658/dewa-united
2025-01-27,205,12588,Housebets,2,https://www.hltv.org/team/12921/housebets
2025-01-27,206,17916,Aether,2,https://www.hltv.org/team/12908/aether
2025-01-27,207,9245,Clutch,2,https://www.hltv.org/team/11656/clutch
2025-01-27,208,24015,Galorys Academy,2,https://www.hltv.org/team/13058/galorys-academy
2025-01-27,209,21250,PCIFIC,1,https://www.hltv.org/team/13054/pcific
2025-01-27,210,24646,Delta,1,https://www.hltv.org/team/13057/delta
2025-01-27,211,23744,st4rboys,1,https://www.hltv.org/team/12983/st4rboys
2025-01-27,212,7653,Eco Warriors,1,https://www.hltv.org/team/13121/eco-warriors
2025-01-27,213,13281,Betera,1,https://www.hltv.org/team/12431/betera
2025-01-27,214,1572,NIP Impact,1,https://www.hltv.org/team/11917/nip-impact
2025-01-27,215,9709,Þór,1,https://www.hltv.org/team/11674/r
2025-01-27,216,16341,MIBR fe,1,https://www.hltv.org/team/10975/mibr-fe
2025-01-27,217,3329,Lilmix,1,https://www.hltv.org/team/9735/lilmix
2025-01-27,218,1656,Permitta W,1,https://www.hltv.org/team/12777/permitta-w
2025-01-27,219,20437,megoshort,1,https://www.hltv.org/team/11018/megoshort
2025-01-27,220,16424,ROYALS,1,https://www.hltv.org/team/7555/royals
2025-01-27,221,147,Onyx Ravens,1,https://www.hltv.org/team/12594/onyx-ravens
2025-01-27,222,8850,FlyQuest RED,1,https://www.hltv.org/team/12301/flyquest-red
2025-01-27,223,18399,HAVENs,1,https://www.hltv.org/team/12855/havens
2025-01-27,224,9144,MANTRA,1,https://www.hltv.org/team/12472/mantra
2025-01-27,225,14090,HyperSpirit,1,https://www.hltv.org/team/13012/hyperspirit
2025-01-27,226,9818,HAVU,1,https://www.hltv.org/team/7865/havu
2025-01-27,227,19831,América,1,https://www.hltv.org/team/4326/amrica
2025-01-27,228,20238,The Art of War,1,https://www.hltv.org/team/12884/the-art-of-war
2025-01-27,229,24559,BESTIA Academy,1,https://www.hltv.org/team/13026/bestia-academy
2025-01-27,230,9445,AK BARS,1,https://www.hltv.org/team/12997/ak-bars
2025-01-27,231,12898,Victores Sumus,1,https://www.hltv.org/team/12929/victores-sumus
2025-01-27,232,20815,8Sins,1,https://www.hltv.org/team/13024/8sins
2025-01-27,233,18773,K27 fe,1,https://www.hltv.org/team/13051/k27-fe
2025-01-27,234,23060,Lotus fe,0,https://www.hltv.org/team/12702/lotus-fe
2025-01-27,235,19998,Atrix,0,https://www.hltv.org/team/12533/atrix
2025-01-27,236,22110,Unjustified fe,0,https://www.hltv.org/team/12945/unjustified-fe
2025-01-20,1,7716,Spirit,1000,https://www.hltv.org/team/7020/spirit
2025-01-20,2,2553,G2,837,https://www.hltv.org/team/5995/g2
2025-01-20,3,9816,Natus Vincere,724,https://www.hltv.org/team/4608/natus-vincere
2025-01-20,4,7322,Vitality,588,https://www.hltv.org/team/9565/vitality
2025-01-20,5,13666,MOUZ,572,https://www.hltv.org/team/4494/mouz
2025-01-20,6,429,FaZe,551,https://www.hltv.org/team/6667/faze
2025-01-20,7,20194,The MongolZ,410,https://www.hltv.org/team/6248/the-mongolz
2025-01-20,8,2023,FURIA,298,https://www.hltv.org/team/8297/furia
2025-01-20,9,4679,Liquid,295,https://www.hltv.org/team/5973/liquid
2025-01-20,10,3741,Falcons,262,https://www.hltv.org/team/11283/falcons
2025-01-20,11,7592,Astralis,261,https://www.hltv.org/team/6665/astralis
2025-01-20,12,18141,paiN,244,https://www.hltv.org/team/4773/pain
2025-01-20,13,150,Eternal Fire,205,https://www.hltv.org/team/11251/eternal-fire
2025-01-20,14,11154,MIBR,180,https://www.hltv.org/team/9215/mibr
2025-01-20,15,8918,Virtus.pro,153,https://www.hltv.org/team/5378/virtuspro
2025-01-20,16,11840,BetBoom,142,https://www.hltv.org/team/12394/betboom
2025-01-20,17,13138,3DMAX,135,https://www.hltv.org/team/4914/3dmax
2025-01-20,18,8507,Wildcard,124,https://www.hltv.org/team/12257/wildcard
2025-01-20,19,19164,HEROIC,118,https://www.hltv.org/team/7175/heroic
2025-01-20,20,5794,BIG,116,https://www.hltv.org/team/7532/big
2025-01-20,21,9278,GamerLegion,107,https://www.hltv.org/team/9928/gamerlegion
2025-01-20,22,9115,FlyQuest,103,https://www.hltv.org/team/12774/flyquest
2025-01-20,23,11630,Complexity,102,https://www.hltv.org/team/5005/complexity
2025-01-20,24,630,SAW,93,https://www.hltv.org/team/10567/saw
2025-01-20,25,9219,Imperial,67,https://www.hltv.org/team/9455/imperial
2025-01-20,26,12781,M80,63,https://www.hltv.org/team/12376/m80
2025-01-20,27,17008,Passion UA,58,https://www.hltv.org/team/12426/passion-ua
2025-01-20,28,12092,9z,54,https://www.hltv.org/team/9996/9z
2025-01-20,29,7528,fnatic,48,https://www.hltv.org/team/4991/fnatic
2025-01-20,30,7028,Rare Atom,47,https://www.hltv.org/team/11514/rare-atom
2025-01-20,31,19592,B8,42,https://www.hltv.org/team/11241/b8
2025-01-20,32,20387,Nemiga,42,https://www.hltv.org/team/7969/nemiga
2025-01-20,33,7412,ENCE,42,https://www.hltv.org/team/4869/ence
2025-01-20,34,8565,RED Canids,38,https://www.hltv.org/team/7176/red-canids
2025-01-20,35,12027,9 Pandas,36,https://www.hltv.org/team/11883/9-pandas
2025-01-20,36,2161,BESTIA,34,https://www.hltv.org/team/12144/bestia
2025-01-20,37,14388,ECLOT,33,https://www.hltv.org/team/7441/eclot
2025-01-20,38,11217,500,30,https://www.hltv.org/team/12000/500
2025-01-20,39,22864,Spirit Academy,29,https://www.hltv.org/team/7900/spirit-academy
2025-01-20,40,20584,NAVI Junior,28,https://www.hltv.org/team/10371/navi-junior
2025-01-20,41,16551,Lynn Vision,27,https://www.hltv.org/team/8840/lynn-vision
2025-01-20,42,13843,Sashi,25,https://www.hltv.org/team/11712/sashi
2025-01-20,43,19044,OG,24,https://www.hltv.org/team/10503/og
2025-01-20,44,9221,KRÜ,23,https://www.hltv.org/team/10900/kr
2025-01-20,45,8604,TYLOO,23,https://www.hltv.org/team/4863/tyloo
2025-01-20,46,15698,Legacy,22,https://www.hltv.org/team/12468/legacy
2025-01-20,47,7687,NRG,22,https://www.hltv.org/team/6673/nrg
2025-01-20,48,9521,ATOX,22,https://www.hltv.org/team/12312/atox
2025-01-20,49,12521,Fluxo,22,https://www.hltv.org/team/11837/fluxo
2025-01-20,50,16080,Monte,21,https://www.hltv.org/team/11811/monte
2025-01-20,51,18670,GUN5,21,https://www.hltv.org/team/12471/gun5
2025-01-20,52,12004,Aurora,21,https://www.hltv.org/team/11861/aurora
2025-01-20,53,8488,SINNERS,20,https://www.hltv.org/team/10577/sinners
2025-01-20,54,9766,Metizport,20,https://www.hltv.org/team/11641/metizport
2025-01-20,55,2898,9INE,20,https://www.hltv.org/team/10278/9ine
2025-01-20,56,17622,BOSS,20,https://www.hltv.org/team/12534/boss
2025-01-20,57,1206,Nexus,19,https://www.hltv.org/team/7187/nexus
2025-01-20,58,8212,Fire Flux,19,https://www.hltv.org/team/12960/fire-flux
2025-01-20,59,16102,GTZ,18,https://www.hltv.org/team/9466/gtz
2025-01-20,60,2476,Partizan,18,https://www.hltv.org/team/11838/partizan
2025-01-20,61,20558,Sharks,16,https://www.hltv.org/team/8113/sharks
2025-01-20,62,10961,ECSTATIC,16,https://www.hltv.org/team/11419/ecstatic
2025-01-20,63,3669,Rebels,16,https://www.hltv.org/team/12642/rebels
2025-01-20,64,7805,Nouns,15,https://www.hltv.org/team/11948/nouns
2025-01-20,65,2757,BC.Game,15,https://www.hltv.org/team/12878/bcgame
2025-01-20,66,22459,Chimera,15,https://www.hltv.org/team/13098/chimera
2025-01-20,67,8082,TALON,14,https://www.hltv.org/team/8210/talon
2025-01-20,68,2131,FAVBET,14,https://www.hltv.org/team/12818/favbet
2025-01-20,69,10449,JiJieHao,13,https://www.hltv.org/team/10245/jijiehao
2025-01-20,70,11271,Into the Breach,13,https://www.hltv.org/team/11164/into-the-breach
2025-01-20,71,20600,AMKAL,13,https://www.hltv.org/team/12586/amkal
2025-01-20,72,12102,MIGHT,13,https://www.hltv.org/team/12483/might
2025-01-20,73,5351,Zero Tenacity,13,https://www.hltv.org/team/11523/zero-tenacity
2025-01-20,74,18070,Betclic,12,https://www.hltv.org/team/12916/betclic
2025-01-20,75,18638,Eruption,12,https://www.hltv.org/team/12097/eruption
2025-01-20,76,17508,CYBERSHOKE,12,https://www.hltv.org/team/12380/cybershoke
2025-01-20,77,10569,GenOne,12,https://www.hltv.org/team/11609/genone
2025-01-20,78,14242,WOPA,11,https://www.hltv.org/team/12787/wopa
2025-01-20,79,20683,Rhyno,11,https://www.hltv.org/team/10947/rhyno
2025-01-20,80,8371,Iberian Soul,11,https://www.hltv.org/team/13104/iberian-soul
2025-01-20,81,14799,FLUFFY AIMERS,11,https://www.hltv.org/team/12245/fluffy-aimers
2025-01-20,82,12612,UNiTY,11,https://www.hltv.org/team/12267/unity
2025-01-20,83,1646,Imperial Valkyries,11,https://www.hltv.org/team/12828/imperial-valkyries
2025-01-20,84,13669,CPH Wolves,10,https://www.hltv.org/team/4548/cph-wolves
2025-01-20,85,20421,Leo,10,https://www.hltv.org/team/11446/leo
2025-01-20,86,13250,Party Astronauts,10,https://www.hltv.org/team/8038/party-astronauts
2025-01-20,87,20199,FLuffy Gangsters,10,https://www.hltv.org/team/6668/fluffy-gangsters
2025-01-20,88,14990,SemperFi,10,https://www.hltv.org/team/12901/semperfi
2025-01-20,89,3849,EYEBALLERS,10,https://www.hltv.org/team/11737/eyeballers
2025-01-20,90,18510,Insilio,10,https://www.hltv.org/team/12124/insilio
2025-01-20,91,15072,The Huns,9,https://www.hltv.org/team/12510/the-huns
2025-01-20,92,7996,Endpoint,9,https://www.hltv.org/team/7234/endpoint
2025-01-20,93,10663,Real Original,9,https://www.hltv.org/team/13095/real-original
2025-01-20,94,14390,ODDIK,9,https://www.hltv.org/team/11768/oddik
2025-01-20,95,9483,Solid,9,https://www.hltv.org/team/12233/solid
2025-01-20,96,13882,Esprots,9,https://www.hltv.org/team/12854/esprots
2025-01-20,97,695,JANO,9,https://www.hltv.org/team/11827/jano
2025-01-20,98,9217,Tropa do Taco,9,https://www.hltv.org/team/13025/tropa-do-taco
2025-01-20,99,13298,Fisher College,9,https://www.hltv.org/team/12769/fisher-college
2025-01-20,100,16147,kONO,9,https://www.hltv.org/team/12858/kono
2025-01-20,101,8745,Mindfreak,8,https://www.hltv.org/team/11668/mindfreak
2025-01-20,102,19709,timbermen,8,https://www.hltv.org/team/10464/timbermen
2025-01-20,103,13685,Bad News Capybaras,8,https://www.hltv.org/team/13112/bad-news-capybaras
2025-01-20,104,18560,ALASKA,8,https://www.hltv.org/team/13105/alaska
2025-01-20,105,19123,Alter Iron,8,https://www.hltv.org/team/12968/alter-iron
2025-01-20,106,16269,Metizport X,8,https://www.hltv.org/team/12514/metizport-x
2025-01-20,107,922,Ninjas in Pyjamas,8,https://www.hltv.org/team/4411/ninjas-in-pyjamas
2025-01-20,108,21108,Kubix,8,https://www.hltv.org/team/12847/kubix
2025-01-20,109,7443,Alliance,8,https://www.hltv.org/team/12474/alliance
2025-01-20,110,10938,Astralis Talent,7,https://www.hltv.org/team/10954/astralis-talent
2025-01-20,111,11498,PORTUGAL,7,https://www.hltv.org/team/11174/portugal
2025-01-20,112,22408,LFO 2,7,https://www.hltv.org/team/13114/lfo-2
2025-01-20,113,10570,Players,7,https://www.hltv.org/team/11711/players
2025-01-20,114,20006,hypewrld,6,https://www.hltv.org/team/12570/hypewrld
2025-01-20,115,20677,ENCE Academy,6,https://www.hltv.org/team/11790/ence-academy
2025-01-20,116,15901,Anonymo,6,https://www.hltv.org/team/10973/anonymo
2025-01-20,117,12094,Dusty Roots,6,https://www.hltv.org/team/12548/dusty-roots
2025-01-20,118,19664,NewBALLS,6,https://www.hltv.org/team/10235/newballs
2025-01-20,119,3459,RUSH B,6,https://www.hltv.org/team/12559/rush-b
2025-01-20,120,23651,Blaze Warriors,6,https://www.hltv.org/team/12964/blaze-warriors
2025-01-20,121,22430,Nuclear TigeRES,6,https://www.hltv.org/team/13027/nuclear-tigeres
2025-01-20,122,18447,ARCRED,6,https://www.hltv.org/team/10459/arcred
2025-01-20,123,13457,DUSTY,6,https://www.hltv.org/team/10125/dusty
2025-01-20,124,22643,TNL,6,https://www.hltv.org/team/12833/tnl
2025-01-20,125,8528,1win,6,https://www.hltv.org/team/10621/1win
2025-01-20,126,16384,RAGE,6,https://www.hltv.org/team/12996/rage
2025-01-20,127,9491,Take Flyte,6,https://www.hltv.org/team/11660/take-flyte
2025-01-20,128,15060,Chinggis Warriors,5,https://www.hltv.org/team/12646/chinggis-warriors
2025-01-20,129,23160,Aetheris,5,https://www.hltv.org/team/13111/aetheris
2025-01-20,130,2544,UNO MILLE,5,https://www.hltv.org/team/11555/uno-mille
2025-01-20,131,17132,Bad News Chickens,5,https://www.hltv.org/team/12890/bad-news-chickens
2025-01-20,132,10838,E-Xolos LAZER,5,https://www.hltv.org/team/12722/e-xolos-lazer
2025-01-20,133,12599,Fated Rise,5,https://www.hltv.org/team/13097/fated-rise
2025-01-20,134,18752,HOTU,5,https://www.hltv.org/team/11581/hotu
2025-01-20,135,21367,FORZE Reload,5,https://www.hltv.org/team/12857/forze-reload
2025-01-20,136,17652,Belfast Storm,5,https://www.hltv.org/team/12934/belfast-storm
2025-01-20,137,9325,Heimo,5,https://www.hltv.org/team/12522/heimo
2025-01-20,138,10827,GameHunters,5,https://www.hltv.org/team/12988/gamehunters
2025-01-20,139,19133,Gods Reign,5,https://www.hltv.org/team/12415/gods-reign
2025-01-20,140,11872,FURIA fe,5,https://www.hltv.org/team/10976/furia-fe
2025-01-20,141,19872,ShindeN,5,https://www.hltv.org/team/12959/shinden
2025-01-20,142,20572,Akimbo,4,https://www.hltv.org/team/12567/akimbo
2025-01-20,143,20029,MIBR Academy,4,https://www.hltv.org/team/3044/mibr-academy
2025-01-20,144,19173,G2 Ares,4,https://www.hltv.org/team/12889/g2-ares
2025-01-20,145,15861,IHC,4,https://www.hltv.org/team/11585/ihc
2025-01-20,146,22364,Yawara,4,https://www.hltv.org/team/11933/yawara
2025-01-20,147,19928,BRUTE,4,https://www.hltv.org/team/9139/brute
2025-01-20,148,5187,Steel Helmet,4,https://www.hltv.org/team/11273/steel-helmet
2025-01-20,149,9220,adalYamigos,4,https://www.hltv.org/team/12544/adalyamigos
2025-01-20,150,8598,Just Swing,4,https://www.hltv.org/team/13053/just-swing
2025-01-20,151,22589,regain,4,https://www.hltv.org/team/12554/regain
2025-01-20,152,19624,ONi,4,https://www.hltv.org/team/12952/oni
2025-01-20,153,8566,NITRO,4,https://www.hltv.org/team/12915/nitro
2025-01-20,154,8151,Preasy,4,https://www.hltv.org/team/12334/preasy
2025-01-20,155,20245,ESC,4,https://www.hltv.org/team/4532/esc
2025-01-20,156,10499,VELOX,4,https://www.hltv.org/team/10978/velox
2025-01-20,157,22422,9z Academy,4,https://www.hltv.org/team/11006/9z-academy
2025-01-20,158,18989,DEPO,3,https://www.hltv.org/team/12536/depo
2025-01-20,159,13290,2070,3,https://www.hltv.org/team/13052/2070
2025-01-20,160,14394,Bounty Hunters,3,https://www.hltv.org/team/12776/bounty-hunters
2025-01-20,161,20374,Kario Mart,3,https://www.hltv.org/team/13028/kario-mart
2025-01-20,162,23384,ALLINNERS,3,https://www.hltv.org/team/12812/allinners
2025-01-20,163,16412,Dragon EC,3,https://www.hltv.org/team/13060/dragon-ec
2025-01-20,164,18442,Chicken Coop,3,https://www.hltv.org/team/13107/chicken-coop
2025-01-20,165,18891,Patins da Ferrari,3,https://www.hltv.org/team/11011/patins-da-ferrari
2025-01-20,166,8503,Mythic,3,https://www.hltv.org/team/5479/mythic
2025-01-20,167,16764,BIG EQUIPA,3,https://www.hltv.org/team/11718/big-equipa
2025-01-20,168,11733,JOGA DE TERNO,3,https://www.hltv.org/team/12907/joga-de-terno
2025-01-20,169,23828,RED Canids Academy,3,https://www.hltv.org/team/13029/red-canids-academy
2025-01-20,170,22566,paiN Academy,3,https://www.hltv.org/team/11905/pain-academy
2025-01-20,171,22886,K27,3,https://www.hltv.org/team/12895/k27
2025-01-20,172,12809,Enterprise Gen,3,https://www.hltv.org/team/13013/enterprise-gen
2025-01-20,173,16861,Viperio,3,https://www.hltv.org/team/9506/viperio
2025-01-20,174,16581,Shimmer,3,https://www.hltv.org/team/12190/shimmer
2025-01-20,175,17916,Aether,2,https://www.hltv.org/team/12908/aether
2025-01-20,176,20273,Tsunami,2,https://www.hltv.org/team/12180/tsunami
2025-01-20,177,18885,Kitsune,2,https://www.hltv.org/team/12684/kitsune
2025-01-20,178,17997,LaChampionsLiga,2,https://www.hltv.org/team/12789/lachampionsliga
2025-01-20,179,20330,InControl,2,https://www.hltv.org/team/7720/incontrol
2025-01-20,180,12588,Housebets,2,https://www.hltv.org/team/12921/housebets
2025-01-20,181,11258,MASONIC,2,https://www.hltv.org/team/10867/masonic
2025-01-20,182,17087,Lazer Cats,2,https://www.hltv.org/team/12087/lazer-cats
2025-01-20,183,14175,WW,2,https://www.hltv.org/team/12967/ww
2025-01-20,184,13914,EC BANGA,2,https://www.hltv.org/team/12568/ec-banga
2025-01-20,185,12877,Rooster,2,https://www.hltv.org/team/9881/rooster
2025-01-20,186,24024,GENESIS,2,https://www.hltv.org/team/13076/genesis
2025-01-20,187,23276,M1Z,2,https://www.hltv.org/team/13079/m1z
2025-01-20,188,8953,Dewa United,2,https://www.hltv.org/team/12658/dewa-united
2025-01-20,189,9245,Clutch,2,https://www.hltv.org/team/11656/clutch
2025-01-20,190,13239,PARIVISION,2,https://www.hltv.org/team/12467/parivision
2025-01-20,191,24015,Galorys Academy,2,https://www.hltv.org/team/13058/galorys-academy
2025-01-20,192,21250,PCIFIC,2,https://www.hltv.org/team/13054/pcific
2025-01-20,193,24646,Delta,2,https://www.hltv.org/team/13057/delta
2025-01-20,194,23744,st4rboys,2,https://www.hltv.org/team/12983/st4rboys
2025-01-20,195,13281,Betera,2,https://www.hltv.org/team/12431/betera
2025-01-20,196,1572,NIP Impact,2,https://www.hltv.org/team/11917/nip-impact
2025-01-20,197,16341,MIBR fe,2,https://www.hltv.org/team/10975/mibr-fe
2025-01-20,198,9709,Þór,2,https://www.hltv.org/team/11674/r
2025-01-20,199,3329,Lilmix,1,https://www.hltv.org/team/9735/lilmix
2025-01-20,200,21636,PeeP,1,https://www.hltv.org/team/12877/peep
2025-01-20,201,20071,devils.one,1,https://www.hltv.org/team/9862/devilsone
2025-01-20,202,1656,Permitta W,1,https://www.hltv.org/team/12777/permitta-w
2025-01-20,203,20437,megoshort,1,https://www.hltv.org/team/11018/megoshort
2025-01-20,204,16424,ROYALS,1,https://www.hltv.org/team/7555/royals
2025-01-20,205,147,Onyx Ravens,1,https://www.hltv.org/team/12594/onyx-ravens
2025-01-20,206,20431,LAG,1,https://www.hltv.org/team/11955/lag
2025-01-20,207,8850,FlyQuest RED,1,https://www.hltv.org/team/12301/flyquest-red
2025-01-20,208,18399,HAVENs,1,https://www.hltv.org/team/12855/havens
2025-01-20,209,10730,INFURITY,1,https://www.hltv.org/team/8488/infurity
2025-01-20,210,20238,The Art of War,1,https://www.hltv.org/team/12884/the-art-of-war
2025-01-20,211,18437,Revel,1,https://www.hltv.org/team/11194/revel
2025-01-20,212,18090,Vagrants,1,https://www.hltv.org/team/12611/vagrants
2025-01-20,213,14090,HyperSpirit,1,https://www.hltv.org/team/13012/hyperspirit
2025-01-20,214,19831,América,1,https://www.hltv.org/team/4326/amrica
2025-01-20,215,23687,QUAZAR,1,https://www.hltv.org/team/11312/quazar
2025-01-20,216,21648,SKYFURY,1,https://www.hltv.org/team/12982/skyfury
2025-01-20,217,22008,GameAgents,1,https://www.hltv.org/team/6652/gameagents
2025-01-20,218,9445,AK BARS,1,https://www.hltv.org/team/12997/ak-bars
2025-01-20,219,12898,Victores Sumus,1,https://www.hltv.org/team/12929/victores-sumus
2025-01-20,220,15062,NomadS,1,https://www.hltv.org/team/12900/nomads
2025-01-20,221,20815,8Sins,1,https://www.hltv.org/team/13024/8sins
2025-01-20,222,18773,K27 fe,1,https://www.hltv.org/team/13051/k27-fe
2025-01-20,223,8726,LEON,1,https://www.hltv.org/team/12670/leon
2025-01-20,224,24559,BESTIA Academy,1,https://www.hltv.org/team/13026/bestia-academy
2025-01-20,225,19998,Atrix,0,https://www.hltv.org/team/12533/atrix
2025-01-20,226,22110,Unjustified fe,0,https://www.hltv.org/team/12945/unjustified-fe
2025-01-20,227,23060,Lotus fe,0,https://www.hltv.org/team/12702/lotus-fe
2025-01-20,228,20351,KZG,0,https://www.hltv.org/team/12152/kzg
2025-01-20,229,24369,Teamwork,0,https://www.hltv.org/team/12949/teamwork
2025-01-20,230,23680,-72c,0,https://www.hltv.org/team/12546/72c
2025-01-13,1,7716,Spirit,996,https://www.hltv.org/team/7020/spirit
2025-01-13,2,2553,G2,844,https://www.hltv.org/team/5995/g2
2025-01-13,3,9816,Natus Vincere,806,https://www.hltv.org/team/4608/natus-vincere
2025-01-13,4,13666,MOUZ,619,https://www.hltv.org/team/4494/mouz
2025-01-13,5,429,FaZe,577,https://www.hltv.org/team/6667/faze
2025-01-13,6,7322,Vitality,571,https://www.hltv.org/team/9565/vitality
2025-01-13,7,20194,The MongolZ,447,https://www.hltv.org/team/6248/the-mongolz
2025-01-13,8,4679,Liquid,320,https://www.hltv.org/team/5973/liquid
2025-01-13,9,2023,FURIA,310,https://www.hltv.org/team/8297/furia
2025-01-13,10,3741,Falcons,274,https://www.hltv.org/team/11283/falcons
2025-01-13,11,7592,Astralis,261,https://www.hltv.org/team/6665/astralis
2025-01-13,12,11154,MIBR,221,https://www.hltv.org/team/9215/mibr
2025-01-13,13,150,Eternal Fire,217,https://www.hltv.org/team/11251/eternal-fire
2025-01-13,14,18141,paiN,175,https://www.hltv.org/team/4773/pain
2025-01-13,15,13138,3DMAX,163,https://www.hltv.org/team/4914/3dmax
2025-01-13,16,8918,Virtus.pro,150,https://www.hltv.org/team/5378/virtuspro
2025-01-13,17,8507,Wildcard,138,https://www.hltv.org/team/12257/wildcard
2025-01-13,18,630,SAW,136,https://www.hltv.org/team/10567/saw
2025-01-13,19,11630,Complexity,135,https://www.hltv.org/team/5005/complexity
2025-01-13,20,9278,GamerLegion,117,https://www.hltv.org/team/9928/gamerlegion
2025-01-13,21,5794,BIG,107,https://www.hltv.org/team/7532/big
2025-01-13,22,9115,FlyQuest,91,https://www.hltv.org/team/12774/flyquest
2025-01-13,23,12781,M80,86,https://www.hltv.org/team/12376/m80
2025-01-13,24,9219,Imperial,83,https://www.hltv.org/team/9455/imperial
2025-01-13,25,19592,B8,63,https://www.hltv.org/team/11241/b8
2025-01-13,26,11840,BetBoom,59,https://www.hltv.org/team/12394/betboom
2025-01-13,27,17008,Passion UA,54,https://www.hltv.org/team/12426/passion-ua
2025-01-13,28,12092,9z,53,https://www.hltv.org/team/9996/9z
2025-01-13,29,7528,fnatic,51,https://www.hltv.org/team/4991/fnatic
2025-01-13,30,8565,RED Canids,49,https://www.hltv.org/team/7176/red-canids
2025-01-13,31,7028,Rare Atom,48,https://www.hltv.org/team/11514/rare-atom
2025-01-13,32,19164,HEROIC,43,https://www.hltv.org/team/7175/heroic
2025-01-13,33,20387,Nemiga,42,https://www.hltv.org/team/7969/nemiga
2025-01-13,34,7412,ENCE,42,https://www.hltv.org/team/4869/ence
2025-01-13,35,2161,BESTIA,42,https://www.hltv.org/team/12144/bestia
2025-01-13,36,12027,9 Pandas,37,https://www.hltv.org/team/11883/9-pandas
2025-01-13,37,8604,TYLOO,36,https://www.hltv.org/team/4863/tyloo
2025-01-13,38,14388,ECLOT,35,https://www.hltv.org/team/7441/eclot
2025-01-13,39,16080,Monte,34,https://www.hltv.org/team/11811/monte
2025-01-13,40,20584,NAVI Junior,32,https://www.hltv.org/team/10371/navi-junior
2025-01-13,41,19044,OG,32,https://www.hltv.org/team/10503/og
2025-01-13,42,16551,Lynn Vision,31,https://www.hltv.org/team/8840/lynn-vision
2025-01-13,43,9521,ATOX,30,https://www.hltv.org/team/12312/atox
2025-01-13,44,11217,500,29,https://www.hltv.org/team/12000/500
2025-01-13,45,22864,Spirit Academy,29,https://www.hltv.org/team/7900/spirit-academy
2025-01-13,46,15698,Legacy,27,https://www.hltv.org/team/12468/legacy
2025-01-13,47,13843,Sashi,27,https://www.hltv.org/team/11712/sashi
2025-01-13,48,7687,NRG,27,https://www.hltv.org/team/6673/nrg
2025-01-13,49,9221,KRÜ,25,https://www.hltv.org/team/10900/kr
2025-01-13,50,18670,GUN5,23,https://www.hltv.org/team/12471/gun5
2025-01-13,51,8488,SINNERS,23,https://www.hltv.org/team/10577/sinners
2025-01-13,52,1206,Nexus,22,https://www.hltv.org/team/7187/nexus
2025-01-13,53,20558,Sharks,22,https://www.hltv.org/team/8113/sharks
2025-01-13,54,2898,9INE,22,https://www.hltv.org/team/10278/9ine
2025-01-13,55,17622,BOSS,21,https://www.hltv.org/team/12534/boss
2025-01-13,56,12004,Aurora,20,https://www.hltv.org/team/11861/aurora
2025-01-13,57,2476,Partizan,20,https://www.hltv.org/team/11838/partizan
2025-01-13,58,16102,GTZ,19,https://www.hltv.org/team/9466/gtz
2025-01-13,59,9766,Metizport,18,https://www.hltv.org/team/11641/metizport
2025-01-13,60,10961,ECSTATIC,18,https://www.hltv.org/team/11419/ecstatic
2025-01-13,61,12521,Fluxo,18,https://www.hltv.org/team/11837/fluxo
2025-01-13,62,8212,Fire Flux,17,https://www.hltv.org/team/12960/fire-flux
2025-01-13,63,7805,Nouns,16,https://www.hltv.org/team/11948/nouns
2025-01-13,64,8082,TALON,15,https://www.hltv.org/team/8210/talon
2025-01-13,65,22459,Chimera,15,https://www.hltv.org/team/13098/chimera
2025-01-13,66,2131,FAVBET,15,https://www.hltv.org/team/12818/favbet
2025-01-13,67,5351,Zero Tenacity,14,https://www.hltv.org/team/11523/zero-tenacity
2025-01-13,68,11271,Into the Breach,14,https://www.hltv.org/team/11164/into-the-breach
2025-01-13,69,12102,MIGHT,14,https://www.hltv.org/team/12483/might
2025-01-13,70,8998,Iberian Soul,14,https://www.hltv.org/team/13104/iberian-soul
2025-01-13,71,3669,Rebels,13,https://www.hltv.org/team/12642/rebels
2025-01-13,72,18638,Eruption,13,https://www.hltv.org/team/12097/eruption
2025-01-13,73,20948,CYBERSHOKE,13,https://www.hltv.org/team/12380/cybershoke
2025-01-13,74,20421,L&G,13,https://www.hltv.org/team/12266/lg
2025-01-13,75,18070,Betclic,13,https://www.hltv.org/team/12916/betclic
2025-01-13,76,20283,los kogutos,12,https://www.hltv.org/team/10854/los-kogutos
2025-01-13,77,10569,GenOne,12,https://www.hltv.org/team/11609/genone
2025-01-13,78,20683,Rhyno,12,https://www.hltv.org/team/10947/rhyno
2025-01-13,79,14390,ODDIK,12,https://www.hltv.org/team/11768/oddik
2025-01-13,80,14799,FLUFFY AIMERS,12,https://www.hltv.org/team/12245/fluffy-aimers
2025-01-13,81,7996,Endpoint,12,https://www.hltv.org/team/7234/endpoint
2025-01-13,82,7253,Undone,12,https://www.hltv.org/team/13056/undone
2025-01-13,83,20600,AMKAL,12,https://www.hltv.org/team/12586/amkal
2025-01-13,84,2757,BC.Game,12,https://www.hltv.org/team/12878/bcgame
2025-01-13,85,20199,FLuffy Gangsters,11,https://www.hltv.org/team/6668/fluffy-gangsters
2025-01-13,86,12612,UNiTY,11,https://www.hltv.org/team/12267/unity
2025-01-13,87,13250,Party Astronauts,11,https://www.hltv.org/team/8038/party-astronauts
2025-01-13,88,14242,WOPA,11,https://www.hltv.org/team/12787/wopa
2025-01-13,89,3849,EYEBALLERS,10,https://www.hltv.org/team/11737/eyeballers
2025-01-13,90,18510,Insilio,10,https://www.hltv.org/team/12124/insilio
2025-01-13,91,9483,Solid,10,https://www.hltv.org/team/12233/solid
2025-01-13,92,15072,The Huns,10,https://www.hltv.org/team/12510/the-huns
2025-01-13,93,13882,Esprots,10,https://www.hltv.org/team/12854/esprots
2025-01-13,94,13298,Fisher College,9,https://www.hltv.org/team/12769/fisher-college
2025-01-13,95,16147,kONO,9,https://www.hltv.org/team/12858/kono
2025-01-13,96,10449,JiJieHao,9,https://www.hltv.org/team/10245/jijiehao
2025-01-13,97,19709,timbermen,9,https://www.hltv.org/team/10464/timbermen
2025-01-13,98,8745,Mindfreak,9,https://www.hltv.org/team/11668/mindfreak
2025-01-13,99,12094,Dusty Roots,9,https://www.hltv.org/team/12548/dusty-roots
2025-01-13,100,16269,Metizport X,9,https://www.hltv.org/team/12514/metizport-x
2025-01-13,101,7443,Alliance,9,https://www.hltv.org/team/12474/alliance
2025-01-13,102,21108,Kubix,8,https://www.hltv.org/team/12847/kubix
2025-01-13,103,19123,Alter Iron,8,https://www.hltv.org/team/12968/alter-iron
2025-01-13,104,9217,Tropa do Taco,8,https://www.hltv.org/team/13025/tropa-do-taco
2025-01-13,105,22408,ex-GR,8,https://www.hltv.org/team/13064/ex-gr
2025-01-13,106,11498,PORTUGAL,8,https://www.hltv.org/team/11174/portugal
2025-01-13,107,10570,Players,8,https://www.hltv.org/team/11711/players
2025-01-13,108,10938,Astralis Talent,7,https://www.hltv.org/team/10954/astralis-talent
2025-01-13,109,15901,Anonymo,7,https://www.hltv.org/team/10973/anonymo
2025-01-13,110,20006,hypewrld,7,https://www.hltv.org/team/12570/hypewrld
2025-01-13,111,3459,RUSH B,7,https://www.hltv.org/team/12559/rush-b
2025-01-13,112,22430,Nuclear TigeRES,7,https://www.hltv.org/team/13027/nuclear-tigeres
2025-01-13,113,17113,CPH Wolves,7,https://www.hltv.org/team/4548/cph-wolves
2025-01-13,114,23086,Make Your Mind,6,https://www.hltv.org/team/13059/make-your-mind
2025-01-13,115,18447,ARCRED,6,https://www.hltv.org/team/10459/arcred
2025-01-13,116,18752,HOTU,6,https://www.hltv.org/team/11581/hotu
2025-01-13,117,18928,GameAgents,6,https://www.hltv.org/team/6652/gameagents
2025-01-13,118,13457,DUSTY,6,https://www.hltv.org/team/10125/dusty
2025-01-13,119,20677,ENCE Academy,6,https://www.hltv.org/team/11790/ence-academy
2025-01-13,120,8528,1win,6,https://www.hltv.org/team/10621/1win
2025-01-13,121,16384,RAGE,6,https://www.hltv.org/team/12996/rage
2025-01-13,122,9491,Take Flyte,6,https://www.hltv.org/team/11660/take-flyte
2025-01-13,123,19664,NewBALLS,6,https://www.hltv.org/team/10235/newballs
2025-01-13,124,1646,Imperial Valkyries,6,https://www.hltv.org/team/12828/imperial-valkyries
2025-01-13,125,19872,ShindeN,6,https://www.hltv.org/team/12959/shinden
2025-01-13,126,10827,GameHunters,6,https://www.hltv.org/team/12988/gamehunters
2025-01-13,127,21367,FORZE Reload,5,https://www.hltv.org/team/12857/forze-reload
2025-01-13,128,17652,Belfast Storm,5,https://www.hltv.org/team/12934/belfast-storm
2025-01-13,129,13281,Betera,5,https://www.hltv.org/team/12431/betera
2025-01-13,130,19928,BRUTE,5,https://www.hltv.org/team/9139/brute
2025-01-13,131,11872,FURIA fe,5,https://www.hltv.org/team/10976/furia-fe
2025-01-13,132,22783,regnum4games,5,https://www.hltv.org/team/13015/regnum4games
2025-01-13,133,17132,Bad News Chickens,5,https://www.hltv.org/team/12890/bad-news-chickens
2025-01-13,134,20029,MIBR Academy,5,https://www.hltv.org/team/3044/mibr-academy
2025-01-13,135,19173,G2 Ares,5,https://www.hltv.org/team/12889/g2-ares
2025-01-13,136,9325,Heimo,5,https://www.hltv.org/team/12522/heimo
2025-01-13,137,22364,Yawara,5,https://www.hltv.org/team/11933/yawara
2025-01-13,138,5187,Steel Helmet,5,https://www.hltv.org/team/11273/steel-helmet
2025-01-13,139,695,JANO,4,https://www.hltv.org/team/11827/jano
2025-01-13,140,22643,TNL,4,https://www.hltv.org/team/12833/tnl
2025-01-13,141,8598,Just Swing,4,https://www.hltv.org/team/13053/just-swing
2025-01-13,142,12877,Rooster,4,https://www.hltv.org/team/9881/rooster
2025-01-13,143,10499,VELOX,4,https://www.hltv.org/team/10978/velox
2025-01-13,144,22422,9z Academy,4,https://www.hltv.org/team/11006/9z-academy
2025-01-13,145,8566,NITRO,4,https://www.hltv.org/team/12915/nitro
2025-01-13,146,18989,DEPO,4,https://www.hltv.org/team/12536/depo
2025-01-13,147,15060,Chinggis Warriors,4,https://www.hltv.org/team/12646/chinggis-warriors
2025-01-13,148,20374,Kario Mart,3,https://www.hltv.org/team/13028/kario-mart
2025-01-13,149,15861,IHC,3,https://www.hltv.org/team/11585/ihc
2025-01-13,150,23384,ALLINNERS,3,https://www.hltv.org/team/12812/allinners
2025-01-13,151,16412,Dragon EC,3,https://www.hltv.org/team/13060/dragon-ec
2025-01-13,152,13290,2070,3,https://www.hltv.org/team/13052/2070
2025-01-13,153,20815,8Sins,3,https://www.hltv.org/team/13024/8sins
2025-01-13,154,22410,SGGT,3,https://www.hltv.org/team/12689/sggt
2025-01-13,155,20096,Insomnia,3,https://www.hltv.org/team/13000/insomnia
2025-01-13,156,8151,Preasy,3,https://www.hltv.org/team/12334/preasy
2025-01-13,157,18891,Patins da Ferrari,3,https://www.hltv.org/team/11011/patins-da-ferrari
2025-01-13,158,16764,BIG EQUIPA,3,https://www.hltv.org/team/11718/big-equipa
2025-01-13,159,15118,ADEPTS,3,https://www.hltv.org/team/12817/adepts
2025-01-13,160,11733,JOGA DE TERNO,3,https://www.hltv.org/team/12907/joga-de-terno
2025-01-13,161,23828,RED Canids Academy,3,https://www.hltv.org/team/13029/red-canids-academy
2025-01-13,162,22566,paiN Academy,3,https://www.hltv.org/team/11905/pain-academy
2025-01-13,163,16581,Shimmer,3,https://www.hltv.org/team/12190/shimmer
2025-01-13,164,22886,K27,3,https://www.hltv.org/team/12895/k27
2025-01-13,165,12809,Enterprise Gen,3,https://www.hltv.org/team/13013/enterprise-gen
2025-01-13,166,16861,Viperio,3,https://www.hltv.org/team/9506/viperio
2025-01-13,167,19133,Gods Reign,3,https://www.hltv.org/team/12415/gods-reign
2025-01-13,168,18885,Kitsune,3,https://www.hltv.org/team/12684/kitsune
2025-01-13,169,17997,LaChampionsLiga,3,https://www.hltv.org/team/12789/lachampionsliga
2025-01-13,170,14175,WW,3,https://www.hltv.org/team/12967/ww
2025-01-13,171,17642,Wave,2,https://www.hltv.org/team/13014/wave
2025-01-13,172,1572,NIP Impact,2,https://www.hltv.org/team/11917/nip-impact
2025-01-13,173,11258,MASONIC,2,https://www.hltv.org/team/10867/masonic
2025-01-13,174,17087,Lazer Cats,2,https://www.hltv.org/team/12087/lazer-cats
2025-01-13,175,13914,EC BANGA,2,https://www.hltv.org/team/12568/ec-banga
2025-01-13,176,12588,Housebets,2,https://www.hltv.org/team/12921/housebets
2025-01-13,177,24024,GENESIS,2,https://www.hltv.org/team/13076/genesis
2025-01-13,178,23276,M1Z,2,https://www.hltv.org/team/13079/m1z
2025-01-13,179,3329,Lilmix,2,https://www.hltv.org/team/9735/lilmix
2025-01-13,180,17287,Fluxo Demons,2,https://www.hltv.org/team/12461/fluxo-demons
2025-01-13,181,8953,Dewa United,2,https://www.hltv.org/team/12658/dewa-united
2025-01-13,182,20739,ALTERNATE aTTaX,2,https://www.hltv.org/team/4501/alternate-attax
2025-01-13,183,9245,Clutch,2,https://www.hltv.org/team/11656/clutch
2025-01-13,184,23714,Galorys Academy,2,https://www.hltv.org/team/13058/galorys-academy
2025-01-13,185,1656,Permitta W,2,https://www.hltv.org/team/12777/permitta-w
2025-01-13,186,21250,PCIFIC,2,https://www.hltv.org/team/13054/pcific
2025-01-13,187,24646,Delta,2,https://www.hltv.org/team/13057/delta
2025-01-13,188,23085,Revenge Nation,2,https://www.hltv.org/team/12762/revenge-nation
2025-01-13,189,9709,Þór,2,https://www.hltv.org/team/11674/r
2025-01-13,190,21636,PeeP,1,https://www.hltv.org/team/12877/peep
2025-01-13,191,20071,devils.one,1,https://www.hltv.org/team/9862/devilsone
2025-01-13,192,20437,megoshort,1,https://www.hltv.org/team/11018/megoshort
2025-01-13,193,14394,Bounty Hunters,1,https://www.hltv.org/team/12776/bounty-hunters
2025-01-13,194,16424,ROYALS,1,https://www.hltv.org/team/7555/royals
2025-01-13,195,23744,st4rboys,1,https://www.hltv.org/team/12983/st4rboys
2025-01-13,196,147,Onyx Ravens,1,https://www.hltv.org/team/12594/onyx-ravens
2025-01-13,197,14090,HyperSpirit,1,https://www.hltv.org/team/13012/hyperspirit
2025-01-13,198,8850,FlyQuest RED,1,https://www.hltv.org/team/12301/flyquest-red
2025-01-13,199,18399,HAVENs,1,https://www.hltv.org/team/12855/havens
2025-01-13,200,10730,INFURITY,1,https://www.hltv.org/team/8488/infurity
2025-01-13,201,10838,E-Xolos LAZER,1,https://www.hltv.org/team/12722/e-xolos-lazer
2025-01-13,202,18090,Vagrants,1,https://www.hltv.org/team/12611/vagrants
2025-01-13,203,20238,The Art of War,1,https://www.hltv.org/team/12884/the-art-of-war
2025-01-13,204,21085,América,1,https://www.hltv.org/team/4326/amrica
2025-01-13,205,23687,QUAZAR,1,https://www.hltv.org/team/11312/quazar
2025-01-13,206,21648,SKYFURY,1,https://www.hltv.org/team/12982/skyfury
2025-01-13,207,9445,AK BARS,1,https://www.hltv.org/team/12997/ak-bars
2025-01-13,208,18773,K27 fe,1,https://www.hltv.org/team/13051/k27-fe
2025-01-13,209,8726,LEON,1,https://www.hltv.org/team/12670/leon
2025-01-13,210,24559,BESTIA Academy,1,https://www.hltv.org/team/13026/bestia-academy
2025-01-13,211,22092,Crescent fe,1,https://www.hltv.org/team/12808/crescent-fe
2025-01-13,212,12898,Victores Sumus,1,https://www.hltv.org/team/12929/victores-sumus
2025-01-13,213,20351,KZG,0,https://www.hltv.org/team/12152/kzg
2025-01-13,214,22028,OneDay fe,0,https://www.hltv.org/team/12887/oneday-fe
2025-01-13,215,23060,Lotus fe,0,https://www.hltv.org/team/12702/lotus-fe
2025-01-13,216,8503,Mythic,0,https://www.hltv.org/team/5479/mythic
2025-01-13,217,22110,Unjustified fe,0,https://www.hltv.org/team/12945/unjustified-fe
2025-01-13,218,24369,Teamwork,0,https://www.hltv.org/team/12949/teamwork
2025-01-13,219,23680,-72c,0,https://www.hltv.org/team/12546/72c
2025-01-13,220,20572,Akimbo,0,https://www.hltv.org/team/12567/akimbo
2025-01-13,221,14140,Bromo,0,https://www.hltv.org/team/12898/bromo
2025-01-06,1,7716,Spirit,996,https://www.hltv.org/team/7020/spirit
2025-01-06,2,2553,G2,842,https://www.hltv.org/team/5995/g2
2025-01-06,3,9816,Natus Vincere,810,https://www.hltv.org/team/4608/natus-vincere
2025-01-06,4,7322,Vitality,686,https://www.hltv.org/team/9565/vitality
2025-01-06,5,13666,MOUZ,621,https://www.hltv.org/team/4494/mouz
2025-01-06,6,429,FaZe,578,https://www.hltv.org/team/6667/faze
2025-01-06,7,20194,The MongolZ,446,https://www.hltv.org/team/6248/the-mongolz
2025-01-06,8,4679,Liquid,319,https://www.hltv.org/team/5973/liquid
2025-01-06,9,2023,FURIA,309,https://www.hltv.org/team/8297/furia
2025-01-06,10,3741,Falcons,274,https://www.hltv.org/team/11283/falcons
2025-01-06,11,7592,Astralis,261,https://www.hltv.org/team/6665/astralis
2025-01-06,12,11154,MIBR,220,https://www.hltv.org/team/9215/mibr
2025-01-06,13,150,Eternal Fire,218,https://www.hltv.org/team/11251/eternal-fire
2025-01-06,14,18141,paiN,175,https://www.hltv.org/team/4773/pain
2025-01-06,15,13138,3DMAX,163,https://www.hltv.org/team/4914/3dmax
2025-01-06,16,8738,Complexity,158,https://www.hltv.org/team/5005/complexity
2025-01-06,17,8918,Virtus.pro,150,https://www.hltv.org/team/5378/virtuspro
2025-01-06,18,16486,GamerLegion,138,https://www.hltv.org/team/9928/gamerlegion
2025-01-06,19,8507,Wildcard,137,https://www.hltv.org/team/12257/wildcard
2025-01-06,20,630,SAW,136,https://www.hltv.org/team/10567/saw
2025-01-06,21,5794,BIG,108,https://www.hltv.org/team/7532/big
2025-01-06,22,9115,FlyQuest,92,https://www.hltv.org/team/12774/flyquest
2025-01-06,23,12781,M80,86,https://www.hltv.org/team/12376/m80
2025-01-06,24,9219,Imperial,83,https://www.hltv.org/team/9455/imperial
2025-01-06,25,19592,B8,63,https://www.hltv.org/team/11241/b8
2025-01-06,26,11840,Cloud9,61,https://www.hltv.org/team/5752/cloud9
2025-01-06,27,15662,BetBoom,59,https://www.hltv.org/team/12394/betboom
2025-01-06,28,7528,fnatic,56,https://www.hltv.org/team/4991/fnatic
2025-01-06,29,17008,Passion UA,54,https://www.hltv.org/team/12426/passion-ua
2025-01-06,30,12092,9z,53,https://www.hltv.org/team/9996/9z
2025-01-06,31,9278,Ninjas in Pyjamas,50,https://www.hltv.org/team/4411/ninjas-in-pyjamas
2025-01-06,32,8565,RED Canids,49,https://www.hltv.org/team/7176/red-canids
2025-01-06,33,19187,Sangal,43,https://www.hltv.org/team/10333/sangal
2025-01-06,34,20387,Nemiga,42,https://www.hltv.org/team/7969/nemiga
2025-01-06,35,7028,Rare Atom,42,https://www.hltv.org/team/11514/rare-atom
2025-01-06,36,7412,ENCE,42,https://www.hltv.org/team/4869/ence
2025-01-06,37,2161,BESTIA,40,https://www.hltv.org/team/12144/bestia
2025-01-06,38,17011,9 Pandas,37,https://www.hltv.org/team/11883/9-pandas
2025-01-06,39,8604,TYLOO,36,https://www.hltv.org/team/4863/tyloo
2025-01-06,40,19069,ECLOT,34,https://www.hltv.org/team/7441/eclot
2025-01-06,41,16080,Monte,34,https://www.hltv.org/team/11811/monte
2025-01-06,42,20584,NAVI Junior,33,https://www.hltv.org/team/10371/navi-junior
2025-01-06,43,16551,Lynn Vision,32,https://www.hltv.org/team/8840/lynn-vision
2025-01-06,44,19044,OG,31,https://www.hltv.org/team/10503/og
2025-01-06,45,11217,500,29,https://www.hltv.org/team/12000/500
2025-01-06,46,22864,Spirit Academy,29,https://www.hltv.org/team/7900/spirit-academy
2025-01-06,47,9521,ATOX,28,https://www.hltv.org/team/12312/atox
2025-01-06,48,18670,GUN5,27,https://www.hltv.org/team/12471/gun5
2025-01-06,49,13843,Sashi,27,https://www.hltv.org/team/11712/sashi
2025-01-06,50,7687,NRG,26,https://www.hltv.org/team/6673/nrg
2025-01-06,51,15698,Legacy,26,https://www.hltv.org/team/12468/legacy
2025-01-06,52,9221,KRÜ,25,https://www.hltv.org/team/10900/kr
2025-01-06,53,1206,Nexus,24,https://www.hltv.org/team/7187/nexus
2025-01-06,54,14218,Metizport,24,https://www.hltv.org/team/11641/metizport
2025-01-06,55,11199,SINNERS,23,https://www.hltv.org/team/10577/sinners
2025-01-06,56,2898,9INE,22,https://www.hltv.org/team/10278/9ine
2025-01-06,57,10961,ECSTATIC,22,https://www.hltv.org/team/11419/ecstatic
2025-01-06,58,20558,Sharks,22,https://www.hltv.org/team/8113/sharks
2025-01-06,59,17622,BOSS,21,https://www.hltv.org/team/12534/boss
2025-01-06,60,12004,Aurora,20,https://www.hltv.org/team/11861/aurora
2025-01-06,61,12521,Fluxo,20,https://www.hltv.org/team/11837/fluxo
2025-01-06,62,2476,Partizan,19,https://www.hltv.org/team/11838/partizan
2025-01-06,63,16102,PEGADA,19,https://www.hltv.org/team/13089/pegada
2025-01-06,64,22803,Aurora Young Blud,18,https://www.hltv.org/team/12366/aurora-young-blud
2025-01-06,65,13239,PARIVISION,18,https://www.hltv.org/team/12467/parivision
2025-01-06,66,8212,Fire Flux,17,https://www.hltv.org/team/12960/fire-flux
2025-01-06,67,7805,Nouns,16,https://www.hltv.org/team/11948/nouns
2025-01-06,68,8082,TALON,15,https://www.hltv.org/team/8210/talon
2025-01-06,69,2131,FAVBET,15,https://www.hltv.org/team/12818/favbet
2025-01-06,70,11271,Into the Breach,14,https://www.hltv.org/team/11164/into-the-breach
2025-01-06,71,12102,MIGHT,14,https://www.hltv.org/team/12483/might
2025-01-06,72,5351,Zero Tenacity,14,https://www.hltv.org/team/11523/zero-tenacity
2025-01-06,73,3669,Rebels,13,https://www.hltv.org/team/12642/rebels
2025-01-06,74,18638,Eruption,13,https://www.hltv.org/team/12097/eruption
2025-01-06,75,7253,Undone,13,https://www.hltv.org/team/13056/undone
2025-01-06,76,9254,KOI,13,https://www.hltv.org/team/12591/koi
2025-01-06,77,20948,CYBERSHOKE,13,https://www.hltv.org/team/12380/cybershoke
2025-01-06,78,20421,L&G,13,https://www.hltv.org/team/12266/lg
2025-01-06,79,18070,Betclic,13,https://www.hltv.org/team/12916/betclic
2025-01-06,80,20283,los kogutos,13,https://www.hltv.org/team/10854/los-kogutos
2025-01-06,81,20199,FLuffy Gangsters,12,https://www.hltv.org/team/6668/fluffy-gangsters
2025-01-06,82,14390,ODDIK,12,https://www.hltv.org/team/11768/oddik
2025-01-06,83,20683,Rhyno,12,https://www.hltv.org/team/10947/rhyno
2025-01-06,84,14799,FLUFFY AIMERS,12,https://www.hltv.org/team/12245/fluffy-aimers
2025-01-06,85,7996,Endpoint,12,https://www.hltv.org/team/7234/endpoint
2025-01-06,86,20600,DMS,12,https://www.hltv.org/team/12747/dms
2025-01-06,87,2757,BC.Game,12,https://www.hltv.org/team/12878/bcgame
2025-01-06,88,12612,UNiTY,11,https://www.hltv.org/team/12267/unity
2025-01-06,89,10449,JiJieHao,11,https://www.hltv.org/team/10245/jijiehao
2025-01-06,90,13250,Party Astronauts,11,https://www.hltv.org/team/8038/party-astronauts
2025-01-06,91,9483,Solid,11,https://www.hltv.org/team/12233/solid
2025-01-06,92,14242,WOPA,11,https://www.hltv.org/team/12787/wopa
2025-01-06,93,10569,GenOne,10,https://www.hltv.org/team/11609/genone
2025-01-06,94,16147,kONO,10,https://www.hltv.org/team/12858/kono
2025-01-06,95,15072,The Huns,10,https://www.hltv.org/team/12510/the-huns
2025-01-06,96,13882,Esprots,10,https://www.hltv.org/team/12854/esprots
2025-01-06,97,13298,Fisher College,9,https://www.hltv.org/team/12769/fisher-college
2025-01-06,98,9217,Tropa do Taco,9,https://www.hltv.org/team/13025/tropa-do-taco
2025-01-06,99,12094,Dusty Roots,9,https://www.hltv.org/team/12548/dusty-roots
2025-01-06,100,19709,timbermen,9,https://www.hltv.org/team/10464/timbermen
2025-01-06,101,18510,Insilio,9,https://www.hltv.org/team/12124/insilio
2025-01-06,102,8745,Mindfreak,9,https://www.hltv.org/team/11668/mindfreak
2025-01-06,103,16269,Metizport X,9,https://www.hltv.org/team/12514/metizport-x
2025-01-06,104,7443,Alliance,9,https://www.hltv.org/team/12474/alliance
2025-01-06,105,21108,Kubix,8,https://www.hltv.org/team/12847/kubix
2025-01-06,106,19123,Alter Iron,8,https://www.hltv.org/team/12968/alter-iron
2025-01-06,107,22408,ex-GR,8,https://www.hltv.org/team/13064/ex-gr
2025-01-06,108,16487,CPH Wolves,8,https://www.hltv.org/team/4548/cph-wolves
2025-01-06,109,11498,PORTUGAL,8,https://www.hltv.org/team/11174/portugal
2025-01-06,110,10570,Players,8,https://www.hltv.org/team/11711/players
2025-01-06,111,15901,Anonymo,7,https://www.hltv.org/team/10973/anonymo
2025-01-06,112,10938,Astralis Talent,7,https://www.hltv.org/team/10954/astralis-talent
2025-01-06,113,3849,EYEBALLERS,7,https://www.hltv.org/team/11737/eyeballers
2025-01-06,114,20006,hypewrld,7,https://www.hltv.org/team/12570/hypewrld
2025-01-06,115,3459,RUSH B,7,https://www.hltv.org/team/12559/rush-b
2025-01-06,116,10827,GameHunters,7,https://www.hltv.org/team/12988/gamehunters
2025-01-06,117,22430,Nuclear TigeRES,7,https://www.hltv.org/team/13027/nuclear-tigeres
2025-01-06,118,10818,inSanitY,7,https://www.hltv.org/team/2516/insanity
2025-01-06,119,23086,Make Your Mind,6,https://www.hltv.org/team/13059/make-your-mind
2025-01-06,120,18447,ARCRED,6,https://www.hltv.org/team/10459/arcred
2025-01-06,121,18752,HOTU,6,https://www.hltv.org/team/11581/hotu
2025-01-06,122,18928,GameAgents,6,https://www.hltv.org/team/6652/gameagents
2025-01-06,123,13457,DUSTY,6,https://www.hltv.org/team/10125/dusty
2025-01-06,124,8528,1win,6,https://www.hltv.org/team/10621/1win
2025-01-06,125,16384,RAGE,6,https://www.hltv.org/team/12996/rage
2025-01-06,126,22544,Take Flyte Kings,6,https://www.hltv.org/team/13074/take-flyte-kings
2025-01-06,127,19664,NewBALLS,6,https://www.hltv.org/team/10235/newballs
2025-01-06,128,19928,BRUTE,6,https://www.hltv.org/team/9139/brute
2025-01-06,129,1646,Imperial Valkyries,6,https://www.hltv.org/team/12828/imperial-valkyries
2025-01-06,130,21367,FORZE Reload,5,https://www.hltv.org/team/12857/forze-reload
2025-01-06,131,13281,Betera,5,https://www.hltv.org/team/12431/betera
2025-01-06,132,17652,Belfast Storm,5,https://www.hltv.org/team/12934/belfast-storm
2025-01-06,133,20677,ENCE Academy,5,https://www.hltv.org/team/11790/ence-academy
2025-01-06,134,11872,FURIA fe,5,https://www.hltv.org/team/10976/furia-fe
2025-01-06,135,22783,regnum4games,5,https://www.hltv.org/team/13015/regnum4games
2025-01-06,136,19872,ShindeN,5,https://www.hltv.org/team/12959/shinden
2025-01-06,137,20029,MIBR Academy,5,https://www.hltv.org/team/3044/mibr-academy
2025-01-06,138,19173,G2 Ares,5,https://www.hltv.org/team/12889/g2-ares
2025-01-06,139,9325,Heimo,5,https://www.hltv.org/team/12522/heimo
2025-01-06,140,22364,Yawara,5,https://www.hltv.org/team/11933/yawara
2025-01-06,141,695,JANO,4,https://www.hltv.org/team/11827/jano
2025-01-06,142,8598,Just Swing,4,https://www.hltv.org/team/13053/just-swing
2025-01-06,143,15831,NAVI Javelins,4,https://www.hltv.org/team/11675/navi-javelins
2025-01-06,144,22422,9z Academy,4,https://www.hltv.org/team/11006/9z-academy
2025-01-06,145,10499,VELOX,4,https://www.hltv.org/team/10978/velox
2025-01-06,146,17132,Bad News Chickens,4,https://www.hltv.org/team/12890/bad-news-chickens
2025-01-06,147,12877,Rooster,4,https://www.hltv.org/team/9881/rooster
2025-01-06,148,8566,NITRO,4,https://www.hltv.org/team/12915/nitro
2025-01-06,149,18989,DEPO,4,https://www.hltv.org/team/12536/depo
2025-01-06,150,15060,Chinggis Warriors,4,https://www.hltv.org/team/12646/chinggis-warriors
2025-01-06,151,20374,Kario Mart,3,https://www.hltv.org/team/13028/kario-mart
2025-01-06,152,15861,IHC,3,https://www.hltv.org/team/11585/ihc
2025-01-06,153,23384,ALLINNERS,3,https://www.hltv.org/team/12812/allinners
2025-01-06,154,16412,Dragon EC,3,https://www.hltv.org/team/13060/dragon-ec
2025-01-06,155,13290,2070,3,https://www.hltv.org/team/13052/2070
2025-01-06,156,20815,8Sins,3,https://www.hltv.org/team/13024/8sins
2025-01-06,157,22410,SGGT,3,https://www.hltv.org/team/12689/sggt
2025-01-06,158,20096,Insomnia,3,https://www.hltv.org/team/13000/insomnia
2025-01-06,159,18891,Patins da Ferrari,3,https://www.hltv.org/team/11011/patins-da-ferrari
2025-01-06,160,16764,BIG EQUIPA,3,https://www.hltv.org/team/11718/big-equipa
2025-01-06,161,15118,ADEPTS,3,https://www.hltv.org/team/12817/adepts
2025-01-06,162,11733,JOGA DE TERNO,3,https://www.hltv.org/team/12907/joga-de-terno
2025-01-06,163,23828,RED Canids Academy,3,https://www.hltv.org/team/13029/red-canids-academy
2025-01-06,164,7414,Denial,3,https://www.hltv.org/team/12864/denial
2025-01-06,165,16581,Shimmer,3,https://www.hltv.org/team/12190/shimmer
2025-01-06,166,22566,paiN Academy,3,https://www.hltv.org/team/11905/pain-academy
2025-01-06,167,22886,K27,3,https://www.hltv.org/team/12895/k27
2025-01-06,168,12809,Enterprise Gen,3,https://www.hltv.org/team/13013/enterprise-gen
2025-01-06,169,16861,Viperio,3,https://www.hltv.org/team/9506/viperio
2025-01-06,170,8151,Preasy,3,https://www.hltv.org/team/12334/preasy
2025-01-06,171,19133,Gods Reign,3,https://www.hltv.org/team/12415/gods-reign
2025-01-06,172,18885,Kitsune,3,https://www.hltv.org/team/12684/kitsune
2025-01-06,173,17997,LaChampionsLiga,3,https://www.hltv.org/team/12789/lachampionsliga
2025-01-06,174,14175,WW,3,https://www.hltv.org/team/12967/ww
2025-01-06,175,17642,Wave,2,https://www.hltv.org/team/13014/wave
2025-01-06,176,1572,NIP Impact,2,https://www.hltv.org/team/11917/nip-impact
2025-01-06,177,18442,Wanted Goons,2,https://www.hltv.org/team/12971/wanted-goons
2025-01-06,178,11258,MASONIC,2,https://www.hltv.org/team/10867/masonic
2025-01-06,179,17087,Lazer Cats,2,https://www.hltv.org/team/12087/lazer-cats
2025-01-06,180,13914,EC BANGA,2,https://www.hltv.org/team/12568/ec-banga
2025-01-06,181,12588,Housebets,2,https://www.hltv.org/team/12921/housebets
2025-01-06,182,24024,GENESIS,2,https://www.hltv.org/team/13076/genesis
2025-01-06,183,23276,M1Z,2,https://www.hltv.org/team/13079/m1z
2025-01-06,184,3329,Lilmix,2,https://www.hltv.org/team/9735/lilmix
2025-01-06,185,17287,Fluxo Demons,2,https://www.hltv.org/team/12461/fluxo-demons
2025-01-06,186,8953,Dewa United,2,https://www.hltv.org/team/12658/dewa-united
2025-01-06,187,16741,Wu-Tang,2,https://www.hltv.org/team/12459/wu-tang
2025-01-06,188,20739,ALTERNATE aTTaX,2,https://www.hltv.org/team/4501/alternate-attax
2025-01-06,189,9245,Clutch,2,https://www.hltv.org/team/11656/clutch
2025-01-06,190,23714,Galorys Academy,2,https://www.hltv.org/team/13058/galorys-academy
2025-01-06,191,1656,Permitta W,2,https://www.hltv.org/team/12777/permitta-w
2025-01-06,192,21250,PCIFIC,2,https://www.hltv.org/team/13054/pcific
2025-01-06,193,24646,Delta,2,https://www.hltv.org/team/13057/delta
2025-01-06,194,23085,Revenge Nation,2,https://www.hltv.org/team/12762/revenge-nation
2025-01-06,195,9709,Þór,2,https://www.hltv.org/team/11674/r
2025-01-06,196,22643,TNL,2,https://www.hltv.org/team/12833/tnl
2025-01-06,197,21636,PeeP,1,https://www.hltv.org/team/12877/peep
2025-01-06,198,20071,devils.one,1,https://www.hltv.org/team/9862/devilsone
2025-01-06,199,20437,megoshort,1,https://www.hltv.org/team/11018/megoshort
2025-01-06,200,14737,Bounty Hunters,1,https://www.hltv.org/team/12776/bounty-hunters
2025-01-06,201,16424,ROYALS,1,https://www.hltv.org/team/7555/royals
2025-01-06,202,23744,st4rboys,1,https://www.hltv.org/team/12983/st4rboys
2025-01-06,203,147,Onyx Ravens,1,https://www.hltv.org/team/12594/onyx-ravens
2025-01-06,204,14090,HyperSpirit,1,https://www.hltv.org/team/13012/hyperspirit
2025-01-06,205,8850,FlyQuest RED,1,https://www.hltv.org/team/12301/flyquest-red
2025-01-06,206,18399,HAVENs,1,https://www.hltv.org/team/12855/havens
2025-01-06,207,10730,INFURITY,1,https://www.hltv.org/team/8488/infurity
2025-01-06,208,18090,Vagrants,1,https://www.hltv.org/team/12611/vagrants
2025-01-06,209,20238,The Art of War,1,https://www.hltv.org/team/12884/the-art-of-war
2025-01-06,210,21085,América,1,https://www.hltv.org/team/4326/amrica
2025-01-06,211,23687,QUAZAR,1,https://www.hltv.org/team/11312/quazar
2025-01-06,212,21648,SKYFURY,1,https://www.hltv.org/team/12982/skyfury
2025-01-06,213,9445,AK BARS,1,https://www.hltv.org/team/12997/ak-bars
2025-01-06,214,18773,K27 fe,1,https://www.hltv.org/team/13051/k27-fe
2025-01-06,215,8726,LEON,1,https://www.hltv.org/team/12670/leon
2025-01-06,216,24559,BESTIA Academy,1,https://www.hltv.org/team/13026/bestia-academy
2025-01-06,217,22092,Crescent fe,1,https://www.hltv.org/team/12808/crescent-fe
2025-01-06,218,12898,Victores Sumus,1,https://www.hltv.org/team/12929/victores-sumus
2025-01-06,219,10838,E-Xolos LAZER,0,https://www.hltv.org/team/12722/e-xolos-lazer
2025-01-06,220,16341,MIBR fe,0,https://www.hltv.org/team/10975/mibr-fe
2025-01-06,221,20351,KZG,0,https://www.hltv.org/team/12152/kzg
2025-01-06,222,22028,OneDay fe,0,https://www.hltv.org/team/12887/oneday-fe
2025-01-06,223,23060,Lotus fe,0,https://www.hltv.org/team/12702/lotus-fe
2025-01-06,224,8503,Mythic,0,https://www.hltv.org/team/5479/mythic
2025-01-06,225,22110,Unjustified fe,0,https://www.hltv.org/team/12945/unjustified-fe
2025-01-06,226,24369,Teamwork,0,https://www.hltv.org/team/12949/teamwork
2025-01-06,227,23680,-72c,0,https://www.hltv.org/team/12546/72c
2025-01-06,228,20572,Akimbo,0,https://www.hltv.org/team/12567/akimbo
2025-01-06,229,14140,Bromo,0,https://www.hltv.org/team/12898/bromo
