event_id,menu_hint,event_name,event_dt,selection_id,selection_name,win_lose,bsp,ppwap,morningwap,ppmax,ppmin,ipmax,ipmin,morningtradedvol,pptradedvol,iptradedvol
254491421,Townsville (AUS) 27th Feb,To Be Placed,27-02-2026 05:23,95579737,14. Aint Nobody,0,103.43166174,1.0000,47.6252,1.00,1001.00,1.00,1001.00,33.68,0.00,0.00
254491429,Townsville (AUS) 27th Feb,To Be Placed,27-02-2026 06:43,56644890,9. Brave Intent,0,15.63795591,1.0000,8.8213,1.00,1001.00,1.00,1001.00,228.38,0.00,0.00
254491429,Townsville (AUS) 27th Feb,To Be Placed,27-02-2026 06:43,74744669,10. Colours Of Autumn,0,4.60000000,1.0000,3.3639,1.00,1001.00,1.00,1001.00,651.08,0.00,0.00
254523462,Wagga (AUS) 27th Feb,To Be Placed,27-02-2026 03:38,88653225,4. Im On No Sleep,1,2.26529340,1.0000,1.7492,1.00,1001.00,1.00,1001.00,79.72,0.00,0.00
254526964,Newcastle (AUS) 27th Feb,To Be Placed,27-02-2026 07:52,3125099,2. Radiant Amber,0,9.80000000,1.0000,2.1922,1.00,1001.00,1.00,1001.00,37.22,0.00,0.00
254530259,Gloucester Park (AUS) 27th Feb,To Be Placed,27-02-2026 09:55,40939223,4. Follow Rocknroll,1,16.50000000,1.0000,5.2692,1.00,1001.00,1.00,1001.00,22.80,0.00,0.00
254491092,Goulburn (AUS) 27th Feb,To Be Placed,27-02-2026 03:10,95578789,4. Royaltown,1,1.64550758,1.0000,1.1692,1.00,1001.00,1.00,1001.00,577.34,0.00,0.00
254527629,Ararat (AUS) 27th Feb,To Be Placed,27-02-2026 08:37,43379161,6. Ataboy Charlie,1,1.77314840,1.0000,1.8325,1.00,1001.00,1.00,1001.00,720.29,0.00,0.00
254530047,Parkes (AUS) 27th Feb,To Be Placed,27-02-2026 09:40,84433138,3. Stella May,0,25.00000000,1.0000,6.0406,1.00,1001.00,1.00,1001.00,2.46,0.00,0.00
254527625,Ararat (AUS) 27th Feb,To Be Placed,27-02-2026 07:37,22153910,5. Neds Beach,1,7.50012876,1.0000,4.3613,1.00,1001.00,1.00,1001.00,156.46,0.00,0.00
254493118,Kyneton (AUS) 27th Feb,To Be Placed,27-02-2026 05:50,95579708,3. Symphonite,0,2.96000000,1.0000,2.5677,1.00,1001.00,1.00,1001.00,1906.90,0.00,0.00
254491633,Canterbury (AUS) 27th Feb,To Be Placed,27-02-2026 08:30,5294835,3. One Step Closer,1,2.38000000,1.0000,1.7083,1.00,1001.00,1.00,1001.00,221.40,0.00,0.00
254530053,Parkes (AUS) 27th Feb,To Be Placed,27-02-2026 11:05,76338718,3. Chasin You,0,2.62391406,1.0000,1.0000,1.00,1001.00,1.00,1001.00,0.00,0.00,0.00
254491649,Canterbury (AUS) 27th Feb,To Be Placed,27-02-2026 09:30,95578845,9. La Signora Dane,0,9.16877048,1.0000,5.6777,1.00,1001.00,1.00,1001.00,177.37,0.00,0.00
254523453,Wagga (AUS) 27th Feb,To Be Placed,27-02-2026 01:53,94183151,5. Savoy Ballroom,1,6.20000000,1.0000,2.3905,1.00,1001.00,1.00,1001.00,11.23,0.00,0.00
254523459,Wagga (AUS) 27th Feb,To Be Placed,27-02-2026 03:03,58352068,3. Pirani Princess,1,1.67582332,1.0000,1.2198,1.00,1001.00,1.00,1001.00,105.54,0.00,0.00
254529470,Albion Park (AUS) 27th Feb,To Be Placed,27-02-2026 03:48,81602523,2. Luvn Osman,0,11.00000000,1.0000,10.6403,1.00,1001.00,1.00,1001.00,57.41,0.00,0.00
254530041,Parkes (AUS) 27th Feb,To Be Placed,27-02-2026 08:10,78792213,8. Excuse To Cullect,0,7.80000000,1.0000,4.8762,1.00,1001.00,1.00,1001.00,16.10,0.00,0.00
254496714,Port Lincoln (AUS) 27th Feb,To Be Placed,27-02-2026 03:00,95514558,12. Love To Lie,1,1.70436534,1.0000,1.2107,1.00,1001.00,1.00,1001.00,1733.13,0.00,0.00
254493775,Cranbourne (AUS) 27th Feb,To Be Placed,27-02-2026 07:15,1418794,7. Balance,0,1.14558849,1.0000,1.0960,1.00,1001.00,1.00,1001.00,6385.95,0.00,0.00
254527627,Ararat (AUS) 27th Feb,To Be Placed,27-02-2026 08:07,28329788,3. Calypso Mistress,0,2.14000000,1.0000,1.9448,1.00,1001.00,1.00,1001.00,733.15,0.00,0.00
254530972,Northam (AUS) 27th Feb,To Be Placed,27-02-2026 11:10,78792467,4. Sweet Duncan,0,14.50000000,1.0000,1.0000,1.00,1001.00,1.00,1001.00,0.00,0.00,0.00
254491433,Townsville (AUS) 27th Feb,To Be Placed,27-02-2026 07:40,8350891,3. Super Twenty Three,0,8.81050655,1.0000,5.6403,1.00,1001.00,1.00,1001.00,230.86,0.00,0.00
254523462,Wagga (AUS) 27th Feb,To Be Placed,27-02-2026 03:38,94647353,1. Bets On Heaven,0,7.20000000,1.0000,5.2396,1.00,1001.00,1.00,1001.00,131.43,0.00,0.00
254529464,Albion Park (AUS) 27th Feb,To Be Placed,27-02-2026 02:38,21530479,7. Milly An Eyre,0,11.50000000,1.0000,3.2088,1.00,1001.00,1.00,1001.00,6.56,0.00,0.00
254526964,Newcastle (AUS) 27th Feb,To Be Placed,27-02-2026 07:52,39000650,1. Luke John,0,12.76894727,1.0000,6.1977,1.00,1001.00,1.00,1001.00,69.52,0.00,0.00
254491633,Canterbury (AUS) 27th Feb,To Be Placed,27-02-2026 08:30,82857142,2. Pleasure Artist,0,1.97440672,1.0000,1.3852,1.00,1001.00,1.00,1001.00,322.88,0.00,0.00
254491413,Townsville (AUS) 27th Feb,To Be Placed,27-02-2026 04:06,95579731,7. Belindas Rubi,0,14.50000000,1.0000,10.7370,1.00,1001.00,1.00,1001.00,520.84,0.00,0.00
254491665,Canterbury (AUS) 27th Feb,To Be Placed,27-02-2026 10:30,58407051,6. Fioprospero,0,5.70000000,1.0000,3.4537,1.00,1001.00,1.00,1001.00,864.38,0.00,0.00
254491405,Townsville (AUS) 27th Feb,To Be Placed,27-02-2026 02:56,5596322,3. Mooloolaba,1,2.00756923,1.0000,1.4344,1.00,1001.00,1.00,1001.00,1735.75,0.00,0.00
254491609,Canterbury (AUS) 27th Feb,To Be Placed,27-02-2026 07:00,95578822,3. Concrete Storm,0,2.44000000,1.0000,1.6150,1.00,1001.00,1.00,1001.00,627.70,0.00,0.00
254491633,Canterbury (AUS) 27th Feb,To Be Placed,27-02-2026 08:30,50528419,9. Knifes Edge,0,4.51668242,1.0000,2.7049,1.00,1001.00,1.00,1001.00,353.78,0.00,0.00
254529464,Albion Park (AUS) 27th Feb,To Be Placed,27-02-2026 02:38,93791457,1. Ogden,0,6.00000000,1.0000,2.8691,1.00,1001.00,1.00,1001.00,8.10,0.00,0.00
254491421,Townsville (AUS) 27th Feb,To Be Placed,27-02-2026 05:23,95263582,2. Oh So Thrilling,0,7.57718581,1.0000,5.3475,1.00,1001.00,1.00,1001.00,341.81,0.00,0.00
254523453,Wagga (AUS) 27th Feb,To Be Placed,27-02-2026 01:53,655684,7. Bulletin,0,7.12928714,1.0000,1.6904,1.00,1001.00,1.00,1001.00,6.52,0.00,0.00
254491089,Goulburn (AUS) 27th Feb,To Be Placed,27-02-2026 02:35,68599407,3. Party Doll,1,3.30000000,1.0000,1.3406,1.00,1001.00,1.00,1001.00,297.36,0.00,0.00
254493090,Kyneton (AUS) 27th Feb,To Be Placed,27-02-2026 03:20,95579684,8. Wizardess,0,9.27806016,1.0000,4.4854,1.00,1001.00,1.00,1001.00,172.78,0.00,0.00
254523456,Wagga (AUS) 27th Feb,To Be Placed,27-02-2026 02:28,65488212,10. Go Colour My World,1,2.66000000,1.0000,2.2387,1.00,1001.00,1.00,1001.00,74.44,0.00,0.00
254491421,Townsville (AUS) 27th Feb,To Be Placed,27-02-2026 05:23,83345333,13. Supid Date,1,2.32745886,1.0000,1.8143,1.00,1001.00,1.00,1001.00,911.31,0.00,0.00
254491421,Townsville (AUS) 27th Feb,To Be Placed,27-02-2026 05:23,27788418,5. Vouchers,1,1.85498256,1.0000,1.6075,1.00,1001.00,1.00,1001.00,2165.16,0.00,0.00
254529479,Albion Park (AUS) 27th Feb,To Be Placed,27-02-2026 05:43,45192866,2. Franco Macho,1,2.44000000,1.0000,2.3496,1.00,1001.00,1.00,1001.00,10.80,0.00,0.00
254530041,Parkes (AUS) 27th Feb,To Be Placed,27-02-2026 08:10,59417344,10. Potter,0,9.00000000,1.0000,,1.00,1001.00,1.00,1001.00,5.00,0.00,0.00
254530968,Northam (AUS) 27th Feb,To Be Placed,27-02-2026 10:04,58423214,5. Allwoods Chevron,0,4.30000000,1.0000,2.6849,1.00,1001.00,1.00,1001.00,20.62,0.00,0.00
254526979,Newcastle (AUS) 27th Feb,To Be Placed,27-02-2026 10:18,76392631,8. Slick And Suave,0,22.00000000,1.0000,,1.00,1001.00,1.00,1001.00,1.90,0.00,0.00
254491417,Townsville (AUS) 27th Feb,To Be Placed,27-02-2026 04:43,9163860,5. Sweet Kisses,1,1.88000000,1.0000,1.7475,1.00,1001.00,1.00,1001.00,2291.38,0.00,0.00
254496738,Port Lincoln (AUS) 27th Feb,To Be Placed,27-02-2026 05:30,212560,7. Elderberry,0,5.06633751,1.0000,3.1449,1.00,1001.00,1.00,1001.00,322.80,0.00,0.00
254491625,Canterbury (AUS) 27th Feb,To Be Placed,27-02-2026 08:00,95578838,13. Sweet Bubbles,1,4.48792715,1.0000,3.0377,1.00,1001.00,1.00,1001.00,435.68,0.00,0.00
254530978,Northam (AUS) 27th Feb,To Be Placed,27-02-2026 12:40,67909020,6. Batavia West,1,2.32000000,1.0000,1.0000,1.00,1001.00,1.00,1001.00,0.00,0.00,0.00
254496720,Port Lincoln (AUS) 27th Feb,To Be Placed,27-02-2026 03:50,70891164,4. Fortis In Armis,0,4.22749073,1.0000,2.7468,1.00,1001.00,1.00,1001.00,522.67,0.00,0.00
254491665,Canterbury (AUS) 27th Feb,To Be Placed,27-02-2026 10:30,95578849,2. Osheamus,0,5.10000000,1.0000,3.5036,1.00,1001.00,1.00,1001.00,1602.20,0.00,0.00
254493104,Kyneton (AUS) 27th Feb,To Be Placed,27-02-2026 04:30,43714737,9. Turfie,0,3.60000000,1.0000,2.8960,1.00,1001.00,1.00,1001.00,675.62,0.00,0.00
254527633,Ararat (AUS) 27th Feb,To Be Placed,27-02-2026 09:37,54092336,1. Madrigal,1,2.82000000,1.0000,1.9573,1.00,1001.00,1.00,1001.00,197.22,0.00,0.00
254496720,Port Lincoln (AUS) 27th Feb,To Be Placed,27-02-2026 03:50,2089154,5. Navy Gold,0,2.36025129,1.0000,1.9108,1.00,1001.00,1.00,1001.00,1104.88,0.00,0.00
254491095,Goulburn (AUS) 27th Feb,To Be Placed,27-02-2026 03:45,6691242,10. Into The Fire,0,8.40000000,1.0000,7.4083,1.00,1001.00,1.00,1001.00,271.10,0.00,0.00
254523453,Wagga (AUS) 27th Feb,To Be Placed,27-02-2026 01:53,6892513,3. Yankee Babe,0,15.56033333,1.0000,5.3321,1.00,1001.00,1.00,1001.00,16.62,0.00,0.00
254493083,Kyneton (AUS) 27th Feb,To Be Placed,27-02-2026 02:45,95579676,5. Ideas Galore,0,5.30000000,1.0000,4.5325,1.00,1001.00,1.00,1001.00,804.69,0.00,0.00
254496720,Port Lincoln (AUS) 27th Feb,To Be Placed,27-02-2026 03:50,54339879,8. Razella,0,6.17798884,1.0000,5.4007,1.00,1001.00,1.00,1001.00,838.17,0.00,0.00
254491413,Townsville (AUS) 27th Feb,To Be Placed,27-02-2026 04:06,95579734,15. Van Der Woodsen,0,20.31606747,1.0000,15.1121,1.00,1001.00,1.00,1001.00,618.42,0.00,0.00
254529464,Albion Park (AUS) 27th Feb,To Be Placed,27-02-2026 02:38,1353856,9. Ignite,1,2.78855856,1.0000,1.9387,1.00,1001.00,1.00,1001.00,148.64,0.00,0.00
254496750,Port Lincoln (AUS) 27th Feb,To Be Placed,27-02-2026 06:50,41512744,6. Chef Militaire,1,2.66594946,1.0000,2.2623,1.00,1001.00,1.00,1001.00,608.47,0.00,0.00
254491413,Townsville (AUS) 27th Feb,To Be Placed,27-02-2026 04:06,92996621,2. Radio Waves,0,10.52678078,1.0000,7.1458,1.00,1001.00,1.00,1001.00,227.94,0.00,0.00
254491617,Canterbury (AUS) 27th Feb,To Be Placed,27-02-2026 07:30,4428391,7. Great Heights,0,2.52000000,1.0000,2.0571,1.00,1001.00,1.00,1001.00,213.08,0.00,0.00
254526973,Newcastle (AUS) 27th Feb,To Be Placed,27-02-2026 09:22,16421211,10. Bulletproof Boy,1,2.14000000,1.0000,2.0505,1.00,1001.00,1.00,1001.00,899.69,0.00,0.00
254529479,Albion Park (AUS) 27th Feb,To Be Placed,27-02-2026 05:43,61558101,8. Shards Matrix,0,7.00000000,1.0000,4.6881,1.00,1001.00,1.00,1001.00,49.82,0.00,0.00
254491665,Canterbury (AUS) 27th Feb,To Be Placed,27-02-2026 10:30,57113247,1. Knights Armour,1,24.00000000,1.0000,17.4368,1.00,1001.00,1.00,1001.00,108.29,0.00,0.00
254526970,Newcastle (AUS) 27th Feb,To Be Placed,27-02-2026 08:52,95579064,6. Ultimate Crusader,0,11.00000000,1.0000,4.1934,1.00,1001.00,1.00,1001.00,14.06,0.00,0.00
254496726,Port Lincoln (AUS) 27th Feb,To Be Placed,27-02-2026 04:20,41408517,8. Oriedos,1,3.35000000,1.0000,2.8050,1.00,1001.00,1.00,1001.00,107.90,0.00,0.00
254496708,Port Lincoln (AUS) 27th Feb,To Be Placed,27-02-2026 02:25,82538248,3. La Perentie,0,6.96242116,1.0000,4.6226,1.00,1001.00,1.00,1001.00,449.99,0.00,0.00
254491101,Goulburn (AUS) 27th Feb,To Be Placed,27-02-2026 05:00,68568033,7. Midnight Affair,0,2.60527636,1.0000,1.9395,1.00,1001.00,1.00,1001.00,433.02,0.00,0.00
254496738,Port Lincoln (AUS) 27th Feb,To Be Placed,27-02-2026 05:30,50353569,8. All Clubs,0,2.56897300,1.0000,1.3420,1.00,1001.00,1.00,1001.00,2255.17,0.00,0.00
254523471,Wagga (AUS) 27th Feb,To Be Placed,27-02-2026 05:33,25181981,7. Im Alrite,0,11.00621685,1.0000,7.4981,1.00,1001.00,1.00,1001.00,22.26,0.00,0.00
254523453,Wagga (AUS) 27th Feb,To Be Placed,27-02-2026 01:53,92510147,2. Ellens Delight,0,2.80000000,1.0000,1.0165,1.00,1001.00,1.00,1001.00,46.06,0.00,0.00
254526979,Newcastle (AUS) 27th Feb,To Be Placed,27-02-2026 10:18,95579075,4. Babling Babling,1,2.53276632,1.0000,1.4908,1.00,1001.00,1.00,1001.00,448.92,0.00,0.00
254493076,Kyneton (AUS) 27th Feb,To Be Placed,27-02-2026 02:10,86695301,5. Fondled,1,1.22242499,1.0000,1.2163,1.00,1001.00,1.00,1001.00,1714.56,0.00,0.00
254491665,Canterbury (AUS) 27th Feb,To Be Placed,27-02-2026 10:30,2164195,11. Malabar,0,5.29534682,1.0000,3.8339,1.00,1001.00,1.00,1001.00,581.02,0.00,0.00
254527627,Ararat (AUS) 27th Feb,To Be Placed,27-02-2026 08:07,57451483,1. Caledonian Ranger,1,1.32000000,1.0000,1.3865,1.00,1001.00,1.00,1001.00,1432.11,0.00,0.00
254527625,Ararat (AUS) 27th Feb,To Be Placed,27-02-2026 07:37,85815274,6. Livermere,0,1.92856000,1.0000,1.3869,1.00,1001.00,1.00,1001.00,79.32,0.00,0.00
254530970,Northam (AUS) 27th Feb,To Be Placed,27-02-2026 10:33,46159153,4. Galvinston John,1,1.34000000,1.0000,1.2358,1.00,1001.00,1.00,1001.00,196.00,0.00,0.00
254491609,Canterbury (AUS) 27th Feb,To Be Placed,27-02-2026 07:00,4080169,4. Forest King,1,5.40710940,1.0000,3.3354,1.00,1001.00,1.00,1001.00,391.68,0.00,0.00
254530041,Parkes (AUS) 27th Feb,To Be Placed,27-02-2026 08:10,81489892,6. Rocknroll Bling,0,40.00000000,1.0000,16.7417,1.00,1001.00,1.00,1001.00,32.84,0.00,0.00
254493076,Kyneton (AUS) 27th Feb,To Be Placed,27-02-2026 02:10,95579667,14. Himalayan,0,9.24031372,1.0000,9.1322,1.00,1001.00,1.00,1001.00,687.49,0.00,0.00
254491649,Canterbury (AUS) 27th Feb,To Be Placed,27-02-2026 09:30,94984943,3. Maybe Moet,1,1.30340220,1.0000,1.1388,1.00,1001.00,1.00,1001.00,3750.31,0.00,0.00
254491413,Townsville (AUS) 27th Feb,To Be Placed,27-02-2026 04:06,784699,1. King Canute,0,26.83371460,1.0000,18.4178,1.00,1001.00,1.00,1001.00,288.32,0.00,0.00
254491421,Townsville (AUS) 27th Feb,To Be Placed,27-02-2026 05:23,59354802,3. Looming One,0,4.76891076,1.0000,3.2048,1.00,1001.00,1.00,1001.00,421.60,0.00,0.00
254493090,Kyneton (AUS) 27th Feb,To Be Placed,27-02-2026 03:20,80934262,7. Adamana,1,1.42000000,1.0000,1.2560,1.00,1001.00,1.00,1001.00,4735.97,0.00,0.00
254530277,Gloucester Park (AUS) 27th Feb,To Be Placed,27-02-2026 13:25,42770274,6. Valhalla Miss,0,27.00000000,1.0000,1.0000,1.00,1001.00,1.00,1001.00,0.00,0.00,0.00
254530274,Gloucester Park (AUS) 27th Feb,To Be Placed,27-02-2026 12:55,49460372,3. Haveyoumetted,0,6.60000000,1.0000,1.0000,1.00,1001.00,1.00,1001.00,0.00,0.00,0.00
254529473,Albion Park (AUS) 27th Feb,To Be Placed,27-02-2026 04:23,46814648,10. Lulu Lucifer,1,1.26000000,1.0000,1.2331,1.00,1001.00,1.00,1001.00,40.10,0.00,0.00
254526961,Newcastle (AUS) 27th Feb,To Be Placed,27-02-2026 07:22,50852962,3. Deecee Rockin,0,23.00000000,1.0000,17.6290,1.00,1001.00,1.00,1001.00,18.60,0.00,0.00
254491086,Goulburn (AUS) 27th Feb,To Be Placed,27-02-2026 02:00,83409934,4. Closethedoordarcy,0,6.24934769,1.0000,4.6186,1.00,1001.00,1.00,1001.00,235.90,0.00,0.00
254493794,Cranbourne (AUS) 27th Feb,To Be Placed,27-02-2026 08:15,95228135,8. Rapid Cheval,0,2.27350834,1.0000,2.0247,1.00,1001.00,1.00,1001.00,792.74,0.00,0.00
254493830,Cranbourne (AUS) 27th Feb,To Be Placed,27-02-2026 10:15,62840245,1. A Little Deep,0,1.80199751,1.0000,1.6327,1.00,1001.00,1.00,1001.00,3391.36,0.00,0.00
254493083,Kyneton (AUS) 27th Feb,To Be Placed,27-02-2026 02:45,2083453,11. Irish Wave,0,9.92634790,1.0000,6.1181,1.00,1001.00,1.00,1001.00,440.46,0.00,0.00
254526973,Newcastle (AUS) 27th Feb,To Be Placed,27-02-2026 09:22,18165641,7. Max Delight,0,2.08531159,1.0000,2.4495,1.00,1001.00,1.00,1001.00,821.10,0.00,0.00
254526979,Newcastle (AUS) 27th Feb,To Be Placed,27-02-2026 10:18,95579073,2. Wicked Legend,0,1.89000000,1.0000,1.6340,1.00,1001.00,1.00,1001.00,263.29,0.00,0.00
254530274,Gloucester Park (AUS) 27th Feb,To Be Placed,27-02-2026 12:55,50747178,2. Your Grace,0,70.00000000,1.0000,1.0000,1.00,1001.00,1.00,1001.00,0.00,0.00,0.00
254523471,Wagga (AUS) 27th Feb,To Be Placed,27-02-2026 05:33,5663119,5. Scheming,0,7.20000000,1.0000,3.9379,1.00,1001.00,1.00,1001.00,12.24,0.00,0.00
254491417,Townsville (AUS) 27th Feb,To Be Placed,27-02-2026 04:43,48289907,7. Burraneer Buoy,1,2.48044243,1.0000,1.8323,1.00,1001.00,1.00,1001.00,998.34,0.00,0.00
254491101,Goulburn (AUS) 27th Feb,To Be Placed,27-02-2026 05:00,77728654,11. Great Week,0,15.84249877,1.0000,7.8279,1.00,1001.00,1.00,1001.00,298.49,0.00,0.00
254526970,Newcastle (AUS) 27th Feb,To Be Placed,27-02-2026 08:52,95579063,5. Passion And Pain,1,1.66082910,1.0000,1.2140,1.00,1001.00,1.00,1001.00,5698.72,0.00,0.00
254523468,Wagga (AUS) 27th Feb,To Be Placed,27-02-2026 04:53,61343778,4. Fay Irene,0,7.00000000,1.0000,3.0754,1.00,1001.00,1.00,1001.00,54.58,0.00,0.00
254527625,Ararat (AUS) 27th Feb,To Be Placed,27-02-2026 07:37,55132616,7. Bettorpatchmeup,1,8.00000000,1.0000,1.9574,1.00,1001.00,1.00,1001.00,7.05,0.00,0.00
254527627,Ararat (AUS) 27th Feb,To Be Placed,27-02-2026 08:07,44364049,6. Rosberg,0,4.80000000,1.0000,4.0195,1.00,1001.00,1.00,1001.00,104.12,0.00,0.00
254530268,Gloucester Park (AUS) 27th Feb,To Be Placed,27-02-2026 11:40,56646337,8. Hotly Pursued,1,2.69959148,1.0000,1.0000,1.00,1001.00,1.00,1001.00,0.00,0.00,0.00
254526985,Newcastle (AUS) 27th Feb,To Be Placed,27-02-2026 11:15,68125195,1. Barrys Rose,1,1.71205998,1.0000,1.0000,1.00,1001.00,1.00,1001.00,0.00,0.00,0.00
254496714,Port Lincoln (AUS) 27th Feb,To Be Placed,27-02-2026 03:00,74813683,4. Its A Solid Deel,0,3.03898045,1.0000,1.6989,1.00,1001.00,1.00,1001.00,310.07,0.00,0.00
254523450,Wagga (AUS) 27th Feb,To Be Placed,27-02-2026 01:23,63578550,5. Tinnysmedad,0,17.45667348,1.0000,5.9095,1.00,1001.00,1.00,1001.00,19.34,0.00,0.00
254493076,Kyneton (AUS) 27th Feb,To Be Placed,27-02-2026 02:10,95579665,10. Her Legacy,0,3.08290995,1.0000,2.2749,1.00,1001.00,1.00,1001.00,671.16,0.00,0.00
254530968,Northam (AUS) 27th Feb,To Be Placed,27-02-2026 10:04,16053358,3. Cracka Tinny,1,2.58000000,1.0000,2.1707,1.00,1001.00,1.00,1001.00,92.24,0.00,0.00
254523453,Wagga (AUS) 27th Feb,To Be Placed,27-02-2026 01:53,72383510,9. Chrissy Eve,1,2.60000000,1.0000,2.2894,1.00,1001.00,1.00,1001.00,188.30,0.00,0.00
254530041,Parkes (AUS) 27th Feb,To Be Placed,27-02-2026 08:10,47843158,5. Burrabadine Bullet,0,5.10000000,1.0000,4.7784,1.00,1001.00,1.00,1001.00,97.44,0.00,0.00
254493775,Cranbourne (AUS) 27th Feb,To Be Placed,27-02-2026 07:15,95578998,4. Juvenal,1,2.00421457,1.0000,1.8776,1.00,1001.00,1.00,1001.00,2203.86,0.00,0.00
254526970,Newcastle (AUS) 27th Feb,To Be Placed,27-02-2026 08:52,95579066,8. Micks Cruza,0,5.30000000,1.0000,4.0043,1.00,1001.00,1.00,1001.00,35.82,0.00,0.00
254493076,Kyneton (AUS) 27th Feb,To Be Placed,27-02-2026 02:10,71757440,6. Sparkles,0,8.00000000,1.0000,5.0038,1.00,1001.00,1.00,1001.00,434.05,0.00,0.00
254530039,Parkes (AUS) 27th Feb,To Be Placed,27-02-2026 07:44,62912655,4. Royal Focus,0,4.70000000,1.0000,4.1548,1.00,1001.00,1.00,1001.00,37.44,0.00,0.00
254493812,Cranbourne (AUS) 27th Feb,To Be Placed,27-02-2026 09:15,75435577,2. Villa Seventynine,0,8.35406675,1.0000,7.5795,1.00,1001.00,1.00,1001.00,394.84,0.00,0.00
254523471,Wagga (AUS) 27th Feb,To Be Placed,27-02-2026 05:33,44941111,4. Norms Lady,1,2.71000000,1.0000,2.5263,1.00,1001.00,1.00,1001.00,21.10,0.00,0.00
254526973,Newcastle (AUS) 27th Feb,To Be Placed,27-02-2026 09:22,95579071,2. Lux Aeterna,0,6.60000000,1.0000,5.7893,1.00,1001.00,1.00,1001.00,555.74,0.00,0.00
254526961,Newcastle (AUS) 27th Feb,To Be Placed,27-02-2026 07:22,34975763,1. Captain Dorian,0,3.40000000,1.0000,2.8628,1.00,1001.00,1.00,1001.00,179.46,0.00,0.00
254491401,Townsville (AUS) 27th Feb,To Be Placed,27-02-2026 02:21,95579725,7. High Sobriety,1,1.79204908,1.0000,1.3471,1.00,1001.00,1.00,1001.00,894.53,0.00,0.00
254491089,Goulburn (AUS) 27th Feb,To Be Placed,27-02-2026 02:35,80639297,8. Merchant Reign,0,6.03357161,1.0000,5.1251,1.00,1001.00,1.00,1001.00,672.96,0.00,0.00
254530045,Parkes (AUS) 27th Feb,To Be Placed,27-02-2026 09:05,53977098,3. Diamond Bikini,1,17.00000000,1.0000,6.2674,1.00,1001.00,1.00,1001.00,16.86,0.00,0.00
254523465,Wagga (AUS) 27th Feb,To Be Placed,27-02-2026 04:13,95542621,2. Kalypso Rainbow,0,6.80000000,1.0000,2.5018,1.00,1001.00,1.00,1001.00,2.20,0.00,0.00
254493076,Kyneton (AUS) 27th Feb,To Be Placed,27-02-2026 02:10,87858207,2. Il Patrigno,1,2.52629246,1.0000,2.0915,1.00,1001.00,1.00,1001.00,394.01,0.00,0.00
254530974,Northam (AUS) 27th Feb,To Be Placed,27-02-2026 11:48,45543244,7. Captains Cote,1,4.50000000,1.0000,1.0000,1.00,1001.00,1.00,1001.00,0.00,0.00,0.00
254530274,Gloucester Park (AUS) 27th Feb,To Be Placed,27-02-2026 12:55,66019397,12. Lil Happy Fella,0,2.88000000,1.0000,1.0000,1.00,1001.00,1.00,1001.00,0.00,0.00,0.00
254527625,Ararat (AUS) 27th Feb,To Be Placed,27-02-2026 07:37,40583766,8. Ittakesluv,0,3.89459178,1.0000,1.4641,1.00,1001.00,1.00,1001.00,36.05,0.00,0.00
254523468,Wagga (AUS) 27th Feb,To Be Placed,27-02-2026 04:53,75718814,8. Beach Delight,0,7.60000000,1.0000,1.7139,1.00,1001.00,1.00,1001.00,11.58,0.00,0.00
254491107,Goulburn (AUS) 27th Feb,To Be Placed,27-02-2026 06:20,95578801,5. Nafanua,0,1.55000000,1.0000,1.3952,1.00,1001.00,1.00,1001.00,2466.75,0.00,0.00
254491397,Townsville (AUS) 27th Feb,To Be Placed,27-02-2026 01:45,95579723,4. I Swim I Win,0,4.10000000,1.0000,3.4039,1.00,1001.00,1.00,1001.00,452.04,0.00,0.00
254530259,Gloucester Park (AUS) 27th Feb,To Be Placed,27-02-2026 09:55,41385248,7. Louie Lebeau,0,7.00000000,1.0000,4.9521,1.00,1001.00,1.00,1001.00,154.14,0.00,0.00
254523450,Wagga (AUS) 27th Feb,To Be Placed,27-02-2026 01:23,95264929,8. The Kid Billy,0,11.00000000,1.0000,,1.00,1001.00,1.00,1001.00,4.00,0.00,0.00
254529485,Albion Park (AUS) 27th Feb,To Be Placed,27-02-2026 06:53,41420388,2. Merge Right,1,4.40000000,1.0000,2.0107,1.00,1001.00,1.00,1001.00,17.04,0.00,0.00
254523465,Wagga (AUS) 27th Feb,To Be Placed,27-02-2026 04:13,53884355,9. Sara Ta Sloy,0,13.00000000,1.0000,5.4952,1.00,1001.00,1.00,1001.00,12.54,0.00,0.00
254529479,Albion Park (AUS) 27th Feb,To Be Placed,27-02-2026 05:43,50854175,4. English Dance,0,1.88339123,1.0000,1.2164,1.00,1001.00,1.00,1001.00,283.55,0.00,0.00
254493821,Cranbourne (AUS) 27th Feb,To Be Placed,27-02-2026 09:45,54670714,1. Shirshov,1,3.81958887,1.0000,3.1309,1.00,1001.00,1.00,1001.00,680.05,0.00,0.00
254496726,Port Lincoln (AUS) 27th Feb,To Be Placed,27-02-2026 04:20,12709424,2. Diamonds Are,0,3.25000000,1.0000,2.6036,1.00,1001.00,1.00,1001.00,242.01,0.00,0.00
254493090,Kyneton (AUS) 27th Feb,To Be Placed,27-02-2026 03:20,95579685,9. Yatchaw,0,5.34477710,1.0000,3.8352,1.00,1001.00,1.00,1001.00,358.62,0.00,0.00
254493125,Kyneton (AUS) 27th Feb,To Be Placed,27-02-2026 06:30,95579716,11. Ideelistic,0,27.30014263,1.0000,20.2024,1.00,1001.00,1.00,1001.00,287.94,0.00,0.00
254527625,Ararat (AUS) 27th Feb,To Be Placed,27-02-2026 07:37,1463979,11. Sea Hunter,0,15.44003564,1.0000,11.6618,1.00,1001.00,1.00,1001.00,126.46,0.00,0.00
254496744,Port Lincoln (AUS) 27th Feb,To Be Placed,27-02-2026 06:10,28276428,2. Excelman,1,3.96343413,1.0000,2.9850,1.00,1001.00,1.00,1001.00,543.19,0.00,0.00
254530049,Parkes (AUS) 27th Feb,To Be Placed,27-02-2026 10:12,95581937,5. Justaquickschooner,0,13.91347929,1.0000,11.0636,1.00,1001.00,1.00,1001.00,42.90,0.00,0.00
254493775,Cranbourne (AUS) 27th Feb,To Be Placed,27-02-2026 07:15,94985113,9. Love Me Tomorrow,0,4.03208241,1.0000,3.1004,1.00,1001.00,1.00,1001.00,1807.49,0.00,0.00
254530277,Gloucester Park (AUS) 27th Feb,To Be Placed,27-02-2026 13:25,42769586,5. My Little Big Man,1,2.03284771,1.0000,1.0000,1.00,1001.00,1.00,1001.00,0.00,0.00,0.00
254527623,Ararat (AUS) 27th Feb,To Be Placed,27-02-2026 07:03,50836149,6. Muselet,0,7.20000000,1.0000,4.1000,1.00,1001.00,1.00,1001.00,6.44,0.00,0.00
254491397,Townsville (AUS) 27th Feb,To Be Placed,27-02-2026 01:45,74774050,6. Shes Got Lyrics,1,1.82000000,1.0000,1.7537,1.00,1001.00,1.00,1001.00,492.28,0.00,0.00
254493118,Kyneton (AUS) 27th Feb,To Be Placed,27-02-2026 05:50,74227069,6. Jackies Maid,1,2.46409883,1.0000,1.9912,1.00,1001.00,1.00,1001.00,2251.07,0.00,0.00
254523474,Wagga (AUS) 27th Feb,To Be Placed,27-02-2026 06:13,68865622,4. Octagonise,0,5.50000000,1.0000,1.0465,1.00,1001.00,1.00,1001.00,9.02,0.00,0.00
254491433,Townsville (AUS) 27th Feb,To Be Placed,27-02-2026 07:40,2280408,4. Ultimate,1,4.16239834,1.0000,3.3939,1.00,1001.00,1.00,1001.00,347.36,0.00,0.00
254493076,Kyneton (AUS) 27th Feb,To Be Placed,27-02-2026 02:10,95579669,16. Gypsy Moon,0,41.39450599,1.0000,26.3615,1.00,1001.00,1.00,1001.00,317.69,0.00,0.00
254526985,Newcastle (AUS) 27th Feb,To Be Placed,27-02-2026 11:15,69438094,3. Robust Easton,0,6.00000000,1.0000,1.0000,1.00,1001.00,1.00,1001.00,0.00,0.00,0.00
254493821,Cranbourne (AUS) 27th Feb,To Be Placed,27-02-2026 09:45,86586377,8. Gentle Steel,1,1.40177701,1.0000,1.2396,1.00,1001.00,1.00,1001.00,4167.64,0.00,0.00
254530043,Parkes (AUS) 27th Feb,To Be Placed,27-02-2026 08:40,2078010,5. Romero,0,5.10000000,1.0000,3.6720,1.00,1001.00,1.00,1001.00,58.74,0.00,0.00
254496732,Port Lincoln (AUS) 27th Feb,To Be Placed,27-02-2026 04:50,40961495,15. Broadway Lane,1,3.85000000,1.0000,2.7051,1.00,1001.00,1.00,1001.00,218.98,0.00,0.00
254491107,Goulburn (AUS) 27th Feb,To Be Placed,27-02-2026 06:20,95578806,11. Wave Dancer,1,2.78000000,1.0000,2.5373,1.00,1001.00,1.00,1001.00,320.65,0.00,0.00
254530978,Northam (AUS) 27th Feb,To Be Placed,27-02-2026 12:40,71662239,4. Watching Lippy,0,4.39916920,1.0000,1.0000,1.00,1001.00,1.00,1001.00,0.00,0.00,0.00
254493104,Kyneton (AUS) 27th Feb,To Be Placed,27-02-2026 04:30,9563946,4. Patsys Star,0,2.55251626,1.0000,2.3400,1.00,1001.00,1.00,1001.00,1408.43,0.00,0.00
254496726,Port Lincoln (AUS) 27th Feb,To Be Placed,27-02-2026 04:20,71618707,7. Agreeance,0,2.02428473,1.0000,1.6718,1.00,1001.00,1.00,1001.00,756.75,0.00,0.00
254493097,Kyneton (AUS) 27th Feb,To Be Placed,27-02-2026 03:55,95343708,7. Sonic Bender,0,1.85153947,1.0000,1.4597,1.00,1001.00,1.00,1001.00,5608.82,0.00,0.00
254526979,Newcastle (AUS) 27th Feb,To Be Placed,27-02-2026 10:18,87424360,1. Roobee,0,4.70000000,1.0000,1.8523,1.00,1001.00,1.00,1001.00,139.76,0.00,0.00
254523456,Wagga (AUS) 27th Feb,To Be Placed,27-02-2026 02:28,48200557,4. Test Of Fire,0,2.42000000,1.0000,2.2627,1.00,1001.00,1.00,1001.00,18.96,0.00,0.00
254530259,Gloucester Park (AUS) 27th Feb,To Be Placed,27-02-2026 09:55,39017864,2. The Wildcard,0,28.00000000,1.0000,,1.00,1001.00,1.00,1001.00,1.48,0.00,0.00
254530039,Parkes (AUS) 27th Feb,To Be Placed,27-02-2026 07:44,36256807,10. Springfield Desire,0,13.22600000,1.0000,9.1802,1.00,1001.00,1.00,1001.00,32.79,0.00,0.00
254491086,Goulburn (AUS) 27th Feb,To Be Placed,27-02-2026 02:00,95578784,6. Cruizingthestars,1,1.24000000,1.0000,1.2166,1.00,1001.00,1.00,1001.00,948.44,0.00,0.00
254496750,Port Lincoln (AUS) 27th Feb,To Be Placed,27-02-2026 06:50,78000179,1. Monarchs Brae,0,22.37401681,1.0000,14.7676,1.00,1001.00,1.00,1001.00,713.73,0.00,0.00
254526985,Newcastle (AUS) 27th Feb,To Be Placed,27-02-2026 11:15,25125556,8. Next To Me,0,2.51457479,1.0000,1.0000,1.00,1001.00,1.00,1001.00,0.00,0.00,0.00
254491421,Townsville (AUS) 27th Feb,To Be Placed,27-02-2026 05:23,4242339,6. Flourish,0,14.00000000,1.0000,9.0088,1.00,1001.00,1.00,1001.00,555.93,0.00,0.00
254493104,Kyneton (AUS) 27th Feb,To Be Placed,27-02-2026 04:30,95579701,10. French Graffiti,0,8.80000000,1.0000,6.6474,1.00,1001.00,1.00,1001.00,149.95,0.00,0.00
254491665,Canterbury (AUS) 27th Feb,To Be Placed,27-02-2026 10:30,47392978,5. Ivans Hero,0,1.90000000,1.0000,1.4045,1.00,1001.00,1.00,1001.00,2725.52,0.00,0.00
254491098,Goulburn (AUS) 27th Feb,To Be Placed,27-02-2026 04:20,77021304,2. Son O War,0,21.64360346,1.0000,5.3366,1.00,1001.00,1.00,1001.00,102.25,0.00,0.00
254529473,Albion Park (AUS) 27th Feb,To Be Placed,27-02-2026 04:23,50115622,4. Miss Hattie,1,2.28000000,1.0000,1.7670,1.00,1001.00,1.00,1001.00,39.42,0.00,0.00
254523450,Wagga (AUS) 27th Feb,To Be Placed,27-02-2026 01:23,95542617,4. Im The Sniper,0,7.40000000,1.0000,3.3292,1.00,1001.00,1.00,1001.00,12.70,0.00,0.00
254530035,Parkes (AUS) 27th Feb,To Be Placed,27-02-2026 06:38,57114737,6. Mohawk Park,0,15.00000000,1.0000,4.1183,1.00,1001.00,1.00,1001.00,15.92,0.00,0.00
254530262,Gloucester Park (AUS) 27th Feb,To Be Placed,27-02-2026 10:25,95546380,7. Seaspirit,0,6.48797956,1.0000,2.5966,1.00,1001.00,1.00,1001.00,337.71,0.00,0.00
254491433,Townsville (AUS) 27th Feb,To Be Placed,27-02-2026 07:40,95579758,15. Shes A Sweet Star,1,2.26000000,1.0000,2.0063,1.00,1001.00,1.00,1001.00,1675.78,0.00,0.00
254527627,Ararat (AUS) 27th Feb,To Be Placed,27-02-2026 08:07,95541167,10. Lucky Vincent,0,10.00000000,1.0000,9.0765,1.00,1001.00,1.00,1001.00,184.40,0.00,0.00
254529476,Albion Park (AUS) 27th Feb,To Be Placed,27-02-2026 05:03,67485964,2. Buddy Perfect,1,1.58000000,1.0000,1.2594,1.00,1001.00,1.00,1001.00,34.06,0.00,0.00
254523456,Wagga (AUS) 27th Feb,To Be Placed,27-02-2026 02:28,62072212,8. Significant Laz,0,7.60000000,1.0000,1.9453,1.00,1001.00,1.00,1001.00,7.24,0.00,0.00
254529482,Albion Park (AUS) 27th Feb,To Be Placed,27-02-2026 06:23,42336139,4. Diego Delgado,0,3.75000000,1.0000,1.5346,1.00,1001.00,1.00,1001.00,18.40,0.00,0.00
254493839,Cranbourne (AUS) 27th Feb,To Be Placed,27-02-2026 10:45,74774088,9. Vizie,1,4.60000000,1.0000,3.5598,1.00,1001.00,1.00,1001.00,327.90,0.00,0.00
254496744,Port Lincoln (AUS) 27th Feb,To Be Placed,27-02-2026 06:10,78916290,14. Tyusix,1,1.81809763,1.0000,1.3504,1.00,1001.00,1.00,1001.00,6229.83,0.00,0.00
254491617,Canterbury (AUS) 27th Feb,To Be Placed,27-02-2026 07:30,87093584,4. Rajwa,1,1.64000000,1.0000,1.3105,1.00,1001.00,1.00,1001.00,1065.91,0.00,0.00
254527623,Ararat (AUS) 27th Feb,To Be Placed,27-02-2026 07:03,62357152,10. Too The Max,0,3.07492212,1.0000,1.5653,1.00,1001.00,1.00,1001.00,42.28,0.00,0.00
254493111,Kyneton (AUS) 27th Feb,To Be Placed,27-02-2026 05:10,93320821,2. Its Gnarly,0,4.35472357,1.0000,3.7007,1.00,1001.00,1.00,1001.00,1982.84,0.00,0.00
254491429,Townsville (AUS) 27th Feb,To Be Placed,27-02-2026 06:43,92241760,5. Baggage Handler,0,5.30000000,1.0000,4.5165,1.00,1001.00,1.00,1001.00,2079.90,0.00,0.00
254493812,Cranbourne (AUS) 27th Feb,To Be Placed,27-02-2026 09:15,71223182,8. Supidos Choice,0,19.50000000,1.0000,14.6942,1.00,1001.00,1.00,1001.00,680.23,0.00,0.00
254493839,Cranbourne (AUS) 27th Feb,To Be Placed,27-02-2026 10:45,75481573,7. Madame Lexis,0,4.90000000,1.0000,3.6729,1.00,1001.00,1.00,1001.00,485.65,0.00,0.00
254491413,Townsville (AUS) 27th Feb,To Be Placed,27-02-2026 04:06,75757968,10. Princess Shanghai,0,3.64491200,1.0000,3.1594,1.00,1001.00,1.00,1001.00,845.76,0.00,0.00
254491657,Canterbury (AUS) 27th Feb,To Be Placed,27-02-2026 10:00,51783911,4. Kimberley Secrets,1,1.45000000,1.0000,1.3319,1.00,1001.00,1.00,1001.00,1698.69,0.00,0.00
254491409,Townsville (AUS) 27th Feb,To Be Placed,27-02-2026 03:31,94486554,6. Tambos Sister,0,2.98000000,1.0000,2.4199,1.00,1001.00,1.00,1001.00,1956.54,0.00,0.00
254491421,Townsville (AUS) 27th Feb,To Be Placed,27-02-2026 05:23,89392822,12. Valubious,0,5.50000000,1.0000,3.9031,1.00,1001.00,1.00,1001.00,330.66,0.00,0.00
254493821,Cranbourne (AUS) 27th Feb,To Be Placed,27-02-2026 09:45,95579015,6. Hello Romeo,0,2.71287835,1.0000,2.6414,1.00,1001.00,1.00,1001.00,2217.81,0.00,0.00
254491397,Townsville (AUS) 27th Feb,To Be Placed,27-02-2026 01:45,74571856,5. Shadyvale Al,0,8.00000000,1.0000,6.6313,1.00,1001.00,1.00,1001.00,603.23,0.00,0.00
254491429,Townsville (AUS) 27th Feb,To Be Placed,27-02-2026 06:43,54085516,12. Tow The Line,1,19.40185164,1.0000,8.3207,1.00,1001.00,1.00,1001.00,226.82,0.00,0.00
254530274,Gloucester Park (AUS) 27th Feb,To Be Placed,27-02-2026 12:55,2279101,10. Manhattan Moon,1,5.54316546,1.0000,1.0000,1.00,1001.00,1.00,1001.00,0.00,0.00,0.00
254527633,Ararat (AUS) 27th Feb,To Be Placed,27-02-2026 09:37,5188945,10. Pesci,0,4.95361096,1.0000,2.1056,1.00,1001.00,1.00,1001.00,36.21,0.00,0.00
254491409,Townsville (AUS) 27th Feb,To Be Placed,27-02-2026 03:31,95579729,7. Cryptic Mistress,0,30.00000000,1.0000,27.7615,1.00,1001.00,1.00,1001.00,189.80,0.00,0.00
254527635,Ararat (AUS) 27th Feb,To Be Placed,27-02-2026 10:07,95541172,8. Hawkesdale Deed,0,9.40000000,1.0000,9.0748,1.00,1001.00,1.00,1001.00,143.56,0.00,0.00
254530976,Northam (AUS) 27th Feb,To Be Placed,27-02-2026 12:15,42916355,3. Our Major Jack,0,18.50000000,1.0000,1.0000,1.00,1001.00,1.00,1001.00,0.00,0.00,0.00
254491421,Townsville (AUS) 27th Feb,To Be Placed,27-02-2026 05:23,8796027,9. Winning Saga,0,15.80301528,1.0000,9.9904,1.00,1001.00,1.00,1001.00,376.09,0.00,0.00
254493784,Cranbourne (AUS) 27th Feb,To Be Placed,27-02-2026 07:45,95579009,10. Broadhurst,0,2.28000000,1.0000,2.0680,1.00,1001.00,1.00,1001.00,1095.95,0.00,0.00
254526979,Newcastle (AUS) 27th Feb,To Be Placed,27-02-2026 10:18,72892166,5. Franco Styles,0,23.00000000,1.0000,14.1698,1.00,1001.00,1.00,1001.00,60.86,0.00,0.00
254553700,Newcastle (AUS) 27th Feb,To Be Placed,27-02-2026 09:48,39820909,2. Sunny Gee,0,13.50000000,1.0000,6.0115,1.00,1001.00,1.00,1001.00,8.66,0.00,0.00
254496720,Port Lincoln (AUS) 27th Feb,To Be Placed,27-02-2026 03:50,36201597,10. Muffla,1,4.20000000,1.0000,2.4421,1.00,1001.00,1.00,1001.00,223.37,0.00,0.00
254527635,Ararat (AUS) 27th Feb,To Be Placed,27-02-2026 10:07,95541171,6. Keayang Alabama,0,1.37910000,1.0000,1.1713,1.00,1001.00,1.00,1001.00,172.80,0.00,0.00
254527631,Ararat (AUS) 27th Feb,To Be Placed,27-02-2026 09:07,67571551,5. Avant Guard,1,8.84000000,1.0000,2.2200,1.00,1001.00,1.00,1001.00,31.62,0.00,0.00
254530972,Northam (AUS) 27th Feb,To Be Placed,27-02-2026 11:10,44062048,2. Reddy To Fly,0,2.37000000,1.0000,1.0000,1.00,1001.00,1.00,1001.00,0.00,0.00,0.00
254491409,Townsville (AUS) 27th Feb,To Be Placed,27-02-2026 03:31,1371346,3. Gone Country,0,2.10000000,1.0000,1.8475,1.00,1001.00,1.00,1001.00,1788.23,0.00,0.00
254491095,Goulburn (AUS) 27th Feb,To Be Placed,27-02-2026 03:45,83345878,5. Zoutempus,1,1.64232080,1.0000,1.5895,1.00,1001.00,1.00,1001.00,1928.39,0.00,0.00
254491425,Townsville (AUS) 27th Feb,To Be Placed,27-02-2026 06:03,95579738,5. Coles Best,1,2.40000000,1.0000,1.9897,1.00,1001.00,1.00,1001.00,677.79,0.00,0.00
254493775,Cranbourne (AUS) 27th Feb,To Be Placed,27-02-2026 07:15,95578999,5. See See Magic,0,4.60000000,1.0000,3.8759,1.00,1001.00,1.00,1001.00,1441.16,0.00,0.00
254496738,Port Lincoln (AUS) 27th Feb,To Be Placed,27-02-2026 05:30,41749087,2. Tydeus,1,2.00115420,1.0000,1.8103,1.00,1001.00,1.00,1001.00,2817.28,0.00,0.00
254530039,Parkes (AUS) 27th Feb,To Be Placed,27-02-2026 07:44,40186650,3. Peaksart,0,2.94423553,1.0000,1.6631,1.00,1001.00,1.00,1001.00,77.72,0.00,0.00
254496714,Port Lincoln (AUS) 27th Feb,To Be Placed,27-02-2026 03:00,65204366,6. Wrath,0,12.08812320,1.0000,5.1994,1.00,1001.00,1.00,1001.00,109.89,0.00,0.00
254491092,Goulburn (AUS) 27th Feb,To Be Placed,27-02-2026 03:10,79561566,9. Zouwase,0,7.01963894,1.0000,4.9320,1.00,1001.00,1.00,1001.00,112.32,0.00,0.00
254529485,Albion Park (AUS) 27th Feb,To Be Placed,27-02-2026 06:53,38104679,9. Brian Christopher,0,5.10000000,1.0000,2.3945,1.00,1001.00,1.00,1001.00,18.20,0.00,0.00
254491657,Canterbury (AUS) 27th Feb,To Be Placed,27-02-2026 10:00,80362793,2. Piastri,0,6.35786231,1.0000,3.6816,1.00,1001.00,1.00,1001.00,1116.45,0.00,0.00
254530049,Parkes (AUS) 27th Feb,To Be Placed,27-02-2026 10:12,95581935,1. King Shoobee,0,2.66000000,1.0000,2.4373,1.00,1001.00,1.00,1001.00,82.86,0.00,0.00
254530047,Parkes (AUS) 27th Feb,To Be Placed,27-02-2026 09:40,74901093,8. Last Flite,0,2.22000000,1.0000,1.6100,1.00,1001.00,1.00,1001.00,21.08,0.00,0.00
254529485,Albion Park (AUS) 27th Feb,To Be Placed,27-02-2026 06:53,2540893,4. San Saba,0,5.90000000,1.0000,3.4500,1.00,1001.00,1.00,1001.00,8.16,0.00,0.00
254529476,Albion Park (AUS) 27th Feb,To Be Placed,27-02-2026 05:03,24916457,6. Cardlesfromheaven,0,4.90000000,1.0000,2.7370,1.00,1001.00,1.00,1001.00,14.36,0.00,0.00
254493784,Cranbourne (AUS) 27th Feb,To Be Placed,27-02-2026 07:45,95579008,6. Customer Service,1,3.32024044,1.0000,2.9526,1.00,1001.00,1.00,1001.00,288.58,0.00,0.00
254529473,Albion Park (AUS) 27th Feb,To Be Placed,27-02-2026 04:23,27334915,3. My Ultimate Louie,0,2.44000000,1.0000,2.4800,1.00,1001.00,1.00,1001.00,10.56,0.00,0.00
254527633,Ararat (AUS) 27th Feb,To Be Placed,27-02-2026 09:37,42139973,8. Maxy Wants To Play,0,3.70227920,1.0000,2.7297,1.00,1001.00,1.00,1001.00,39.18,0.00,0.00
254529479,Albion Park (AUS) 27th Feb,To Be Placed,27-02-2026 05:43,49892847,7. Mach Assassin,0,5.50000000,1.0000,,1.00,1001.00,1.00,1001.00,8.88,0.00,0.00
254491413,Townsville (AUS) 27th Feb,To Be Placed,27-02-2026 04:06,58671594,9. Middle Child,0,1.88496504,1.0000,1.5213,1.00,1001.00,1.00,1001.00,1929.52,0.00,0.00
254493111,Kyneton (AUS) 27th Feb,To Be Placed,27-02-2026 05:10,8598969,6. Eyes Wide Shut,1,3.67892261,1.0000,2.8933,1.00,1001.00,1.00,1001.00,183.38,0.00,0.00
254496744,Port Lincoln (AUS) 27th Feb,To Be Placed,27-02-2026 06:10,47841815,1. Ichibansan,0,12.77746002,1.0000,5.6268,1.00,1001.00,1.00,1001.00,411.26,0.00,0.00
254493104,Kyneton (AUS) 27th Feb,To Be Placed,27-02-2026 04:30,95579702,11. Mahogwise Honour,0,15.50000000,1.0000,12.4570,1.00,1001.00,1.00,1001.00,274.60,0.00,0.00
254491417,Townsville (AUS) 27th Feb,To Be Placed,27-02-2026 04:43,82603761,9. Savvy Thinker,0,84.48406492,1.0000,36.3814,1.00,1001.00,1.00,1001.00,407.40,0.00,0.00
254530274,Gloucester Park (AUS) 27th Feb,To Be Placed,27-02-2026 12:55,58250978,6. Skip A Beat,0,6.45100624,1.0000,1.0000,1.00,1001.00,1.00,1001.00,0.00,0.00,0.00
254530277,Gloucester Park (AUS) 27th Feb,To Be Placed,27-02-2026 13:25,49748902,3. Trunkey Carrawa,0,1.56450657,1.0000,1.0000,1.00,1001.00,1.00,1001.00,0.00,0.00,0.00
254530045,Parkes (AUS) 27th Feb,To Be Placed,27-02-2026 09:05,72643166,2. Jackys Hat,0,10.50000000,1.0000,5.0692,1.00,1001.00,1.00,1001.00,30.14,0.00,0.00
254529470,Albion Park (AUS) 27th Feb,To Be Placed,27-02-2026 03:48,95542645,9. Bubba Nay,1,2.22000000,1.0000,1.7522,1.00,1001.00,1.00,1001.00,20.88,0.00,0.00
254530277,Gloucester Park (AUS) 27th Feb,To Be Placed,27-02-2026 13:25,39876774,8. Getn Wiggy Withit,0,2.54000000,1.0000,1.0000,1.00,1001.00,1.00,1001.00,0.00,0.00,0.00
254530262,Gloucester Park (AUS) 27th Feb,To Be Placed,27-02-2026 10:25,94183677,4. Made For Me,1,16.00000000,1.0000,2.9161,1.00,1001.00,1.00,1001.00,3.10,0.00,0.00
254530037,Parkes (AUS) 27th Feb,To Be Placed,27-02-2026 07:10,76766098,10. Smoking Shannon,0,6.99550000,1.0000,3.6783,1.00,1001.00,1.00,1001.00,37.72,0.00,0.00
254526982,Newcastle (AUS) 27th Feb,To Be Placed,27-02-2026 10:48,80680355,2. Stellar Stride,1,1.10000000,1.0000,1.0500,1.00,1001.00,1.00,1001.00,224.48,0.00,0.00
254496750,Port Lincoln (AUS) 27th Feb,To Be Placed,27-02-2026 06:50,84430954,9. Warm Breeze,0,3.55000000,1.0000,2.6719,1.00,1001.00,1.00,1001.00,1164.44,0.00,0.00
254530035,Parkes (AUS) 27th Feb,To Be Placed,27-02-2026 06:38,70456958,10. Rocket Me,0,4.78225819,1.0000,2.1688,1.00,1001.00,1.00,1001.00,51.16,0.00,0.00
254493111,Kyneton (AUS) 27th Feb,To Be Placed,27-02-2026 05:10,68826189,1. Rock The Bar,0,3.12798697,1.0000,2.5618,1.00,1001.00,1.00,1001.00,5852.42,0.00,0.00
254491421,Townsville (AUS) 27th Feb,To Be Placed,27-02-2026 05:23,72478695,4. Tosinsky,0,18.00000000,1.0000,13.2389,1.00,1001.00,1.00,1001.00,158.70,0.00,0.00
254491104,Goulburn (AUS) 27th Feb,To Be Placed,27-02-2026 05:40,89435663,8. Youre On Mute,0,10.50000000,1.0000,3.4387,1.00,1001.00,1.00,1001.00,102.88,0.00,0.00
254529482,Albion Park (AUS) 27th Feb,To Be Placed,27-02-2026 06:23,40856935,1. Tommy Bligh,0,1.31598067,1.0000,1.1381,1.00,1001.00,1.00,1001.00,1618.38,0.00,0.00
254491101,Goulburn (AUS) 27th Feb,To Be Placed,27-02-2026 05:00,95578796,4. Party It Down,0,2.17087665,1.0000,1.2481,1.00,1001.00,1.00,1001.00,610.53,0.00,0.00
254491625,Canterbury (AUS) 27th Feb,To Be Placed,27-02-2026 08:00,95578837,11. Dezignation,0,3.80000000,1.0000,1.8668,1.00,1001.00,1.00,1001.00,228.48,0.00,0.00
254523465,Wagga (AUS) 27th Feb,To Be Placed,27-02-2026 04:13,85815290,3. Betathanaboughtone,0,4.20000000,1.0000,,1.00,1001.00,1.00,1001.00,12.50,0.00,0.00
254527623,Ararat (AUS) 27th Feb,To Be Placed,27-02-2026 07:03,20357274,9. Village Voice,1,9.80000000,1.0000,7.0588,1.00,1001.00,1.00,1001.00,41.20,0.00,0.00
254496726,Port Lincoln (AUS) 27th Feb,To Be Placed,27-02-2026 04:20,95514559,10. Bona Fide Star,0,2.27535055,1.0000,1.6841,1.00,1001.00,1.00,1001.00,402.57,0.00,0.00
254491425,Townsville (AUS) 27th Feb,To Be Placed,27-02-2026 06:03,72134204,9. Lucky Rolla,0,7.00000000,1.0000,3.6928,1.00,1001.00,1.00,1001.00,616.72,0.00,0.00
254496750,Port Lincoln (AUS) 27th Feb,To Be Placed,27-02-2026 06:50,3140017,11. The Last Dance,0,1.65031771,1.0000,1.6161,1.00,1001.00,1.00,1001.00,771.06,0.00,0.00
254523456,Wagga (AUS) 27th Feb,To Be Placed,27-02-2026 02:28,79768509,9. Jilliby Ryder,1,2.59752292,1.0000,2.3890,1.00,1001.00,1.00,1001.00,56.88,0.00,0.00
254527629,Ararat (AUS) 27th Feb,To Be Placed,27-02-2026 08:37,64085150,5. Wistful Lady,0,24.00000000,1.0000,22.3458,1.00,1001.00,1.00,1001.00,12.78,0.00,0.00
254523456,Wagga (AUS) 27th Feb,To Be Placed,27-02-2026 02:28,61249664,7. Judith Gwenda,0,13.00000000,1.0000,,1.00,1001.00,1.00,1001.00,3.32,0.00,0.00
254530265,Gloucester Park (AUS) 27th Feb,To Be Placed,27-02-2026 10:55,95546386,2. Ideal Whisper,1,1.17000000,1.0000,1.1950,1.00,1001.00,1.00,1001.00,1447.87,0.00,0.00
254491401,Townsville (AUS) 27th Feb,To Be Placed,27-02-2026 02:21,95579724,2. Amelias Prince,0,16.00000000,1.0000,7.7635,1.00,1001.00,1.00,1001.00,133.46,0.00,0.00
254496750,Port Lincoln (AUS) 27th Feb,To Be Placed,27-02-2026 06:50,90251994,10. Allouvre,0,3.40000000,1.0000,1.6471,1.00,1001.00,1.00,1001.00,370.00,0.00,0.00
254491104,Goulburn (AUS) 27th Feb,To Be Placed,27-02-2026 05:40,68958992,5. Devils Daughter,0,3.05000000,1.0000,1.6923,1.00,1001.00,1.00,1001.00,495.95,0.00,0.00
254530053,Parkes (AUS) 27th Feb,To Be Placed,27-02-2026 11:05,93828300,2. Rockamara,1,1.49757035,1.0000,1.4291,1.00,1001.00,1.00,1001.00,12.06,0.00,0.00
254527629,Ararat (AUS) 27th Feb,To Be Placed,27-02-2026 08:37,67503987,9. Sonarmi Joh,1,2.16719548,1.0000,1.6935,1.00,1001.00,1.00,1001.00,100.70,0.00,0.00
254526979,Newcastle (AUS) 27th Feb,To Be Placed,27-02-2026 10:18,7395465,7. Im Just Sayin,0,2.20085429,1.0000,1.5941,1.00,1001.00,1.00,1001.00,197.62,0.00,0.00
254530277,Gloucester Park (AUS) 27th Feb,To Be Placed,27-02-2026 13:25,9448777,1. Hotfoot It,0,3.95000000,1.0000,1.0000,1.00,1001.00,1.00,1001.00,0.00,0.00,0.00
254530283,Gloucester Park (AUS) 27th Feb,To Be Placed,27-02-2026 14:22,95546397,1. Girl Of Brightness,1,1.51000000,1.0000,1.0000,1.00,1001.00,1.00,1001.00,0.00,0.00,0.00
254523456,Wagga (AUS) 27th Feb,To Be Placed,27-02-2026 02:28,78922181,3. Sharper Memory,0,6.40000000,1.0000,3.3161,1.00,1001.00,1.00,1001.00,40.81,0.00,0.00
254493104,Kyneton (AUS) 27th Feb,To Be Placed,27-02-2026 04:30,94060400,2. Sinhalese,0,3.20000000,1.0000,2.4216,1.00,1001.00,1.00,1001.00,709.43,0.00,0.00
254529476,Albion Park (AUS) 27th Feb,To Be Placed,27-02-2026 05:03,39689813,4. Allmighty Max,0,5.10000000,1.0000,3.5195,1.00,1001.00,1.00,1001.00,36.14,0.00,0.00
254529464,Albion Park (AUS) 27th Feb,To Be Placed,27-02-2026 02:38,20220511,11. Cascata,0,3.28253414,1.0000,2.5857,1.00,1001.00,1.00,1001.00,93.00,0.00,0.00
254529482,Albion Park (AUS) 27th Feb,To Be Placed,27-02-2026 06:23,39008245,8. Jeffcoate,1,1.58571446,1.0000,1.1267,1.00,1001.00,1.00,1001.00,149.48,0.00,0.00
254530271,Gloucester Park (AUS) 27th Feb,To Be Placed,27-02-2026 12:29,61028806,1. Shes A Tiny Dancer,0,24.00000000,1.0000,1.0000,1.00,1001.00,1.00,1001.00,0.00,0.00,0.00
254530049,Parkes (AUS) 27th Feb,To Be Placed,27-02-2026 10:12,95581939,7. Mammals Dudley,0,42.00000000,1.0000,29.0742,1.00,1001.00,1.00,1001.00,3.77,0.00,0.00
254530277,Gloucester Park (AUS) 27th Feb,To Be Placed,27-02-2026 13:25,51939224,11. Tumblin Dice,0,2.17792043,1.0000,1.0000,1.00,1001.00,1.00,1001.00,0.00,0.00,0.00
254530041,Parkes (AUS) 27th Feb,To Be Placed,27-02-2026 08:10,53651165,4. Johnnys Blue,1,3.30000000,1.0000,2.7454,1.00,1001.00,1.00,1001.00,74.28,0.00,0.00
254527625,Ararat (AUS) 27th Feb,To Be Placed,27-02-2026 07:37,42589895,2. Alook To Like,0,30.00000000,1.0000,20.0779,1.00,1001.00,1.00,1001.00,8.72,0.00,0.00
254493803,Cranbourne (AUS) 27th Feb,To Be Placed,27-02-2026 08:45,95579012,3. Lyrics N Song,1,1.96919779,1.0000,1.6244,1.00,1001.00,1.00,1001.00,2791.40,0.00,0.00
254491649,Canterbury (AUS) 27th Feb,To Be Placed,27-02-2026 09:30,93466568,5. Lets Go Barbie,0,3.55000000,1.0000,2.6284,1.00,1001.00,1.00,1001.00,227.78,0.00,0.00
254496714,Port Lincoln (AUS) 27th Feb,To Be Placed,27-02-2026 03:00,78464656,2. Harlem Godfather,0,9.26754540,1.0000,2.9656,1.00,1001.00,1.00,1001.00,451.19,0.00,0.00
254491098,Goulburn (AUS) 27th Feb,To Be Placed,27-02-2026 04:20,95578792,5. Milchel,0,5.49662247,1.0000,3.9747,1.00,1001.00,1.00,1001.00,562.61,0.00,0.00
254491417,Townsville (AUS) 27th Feb,To Be Placed,27-02-2026 04:43,95579735,3. Beau Rain,1,1.74377265,1.0000,1.4172,1.00,1001.00,1.00,1001.00,2982.24,0.00,0.00
254493839,Cranbourne (AUS) 27th Feb,To Be Placed,27-02-2026 10:45,7661644,5. Achillea,0,5.20000000,1.0000,3.7267,1.00,1001.00,1.00,1001.00,1878.36,0.00,0.00
254493794,Cranbourne (AUS) 27th Feb,To Be Placed,27-02-2026 08:15,45942932,1. Blakmax,1,9.60000000,1.0000,4.0073,1.00,1001.00,1.00,1001.00,417.23,0.00,0.00
254491425,Townsville (AUS) 27th Feb,To Be Placed,27-02-2026 06:03,79293060,4. Outsmarted,1,3.56773316,1.0000,1.6010,1.00,1001.00,1.00,1001.00,597.49,0.00,0.00
254491107,Goulburn (AUS) 27th Feb,To Be Placed,27-02-2026 06:20,95578810,16. Tendi,0,6.60000000,1.0000,5.4725,1.00,1001.00,1.00,1001.00,299.30,0.00,0.00
254530978,Northam (AUS) 27th Feb,To Be Placed,27-02-2026 12:40,78792237,7. Wesmedad,0,1.62000000,1.0000,1.0000,1.00,1001.00,1.00,1001.00,0.00,0.00,0.00
254523462,Wagga (AUS) 27th Feb,To Be Placed,27-02-2026 03:38,82154549,5. Caties Son,1,3.90000000,1.0000,1.6373,1.00,1001.00,1.00,1001.00,22.66,0.00,0.00
254493083,Kyneton (AUS) 27th Feb,To Be Placed,27-02-2026 02:45,95579678,7. Lufitaah,1,1.24372388,1.0000,1.1354,1.00,1001.00,1.00,1001.00,3614.62,0.00,0.00
254491633,Canterbury (AUS) 27th Feb,To Be Placed,27-02-2026 08:30,44327618,10. Strobing,0,8.83255890,1.0000,6.8561,1.00,1001.00,1.00,1001.00,428.16,0.00,0.00
254491092,Goulburn (AUS) 27th Feb,To Be Placed,27-02-2026 03:10,59452993,2. Missile Defence,0,6.73344710,1.0000,4.3330,1.00,1001.00,1.00,1001.00,791.60,0.00,0.00
254493794,Cranbourne (AUS) 27th Feb,To Be Placed,27-02-2026 08:15,552350,3. Eye For An Eye,0,5.60000000,1.0000,4.0247,1.00,1001.00,1.00,1001.00,1009.26,0.00,0.00
254491609,Canterbury (AUS) 27th Feb,To Be Placed,27-02-2026 07:00,95578828,14. Doubella,0,8.70265826,1.0000,4.8662,1.00,1001.00,1.00,1001.00,209.07,0.00,0.00
254491086,Goulburn (AUS) 27th Feb,To Be Placed,27-02-2026 02:00,95578783,5. Millies Memory,0,2.20000000,1.0000,1.9617,1.00,1001.00,1.00,1001.00,383.50,0.00,0.00
254527629,Ararat (AUS) 27th Feb,To Be Placed,27-02-2026 08:37,51241893,10. Acool Investment,0,2.30000000,1.0000,1.7718,1.00,1001.00,1.00,1001.00,114.02,0.00,0.00
254496732,Port Lincoln (AUS) 27th Feb,To Be Placed,27-02-2026 04:50,45787621,7. The Hass,0,3.05000000,1.0000,2.7066,1.00,1001.00,1.00,1001.00,577.42,0.00,0.00
254523453,Wagga (AUS) 27th Feb,To Be Placed,27-02-2026 01:53,76391754,6. Lady Of Hope,0,2.70000000,1.0000,1.3623,1.00,1001.00,1.00,1001.00,46.84,0.00,0.00
254493775,Cranbourne (AUS) 27th Feb,To Be Placed,27-02-2026 07:15,95579002,10. Sheeze Ominous,0,52.67456942,1.0000,27.6976,1.00,1001.00,1.00,1001.00,259.90,0.00,0.00
254530268,Gloucester Park (AUS) 27th Feb,To Be Placed,27-02-2026 11:40,68191133,1. Goodtime Louis,0,8.60000000,1.0000,1.0000,1.00,1001.00,1.00,1001.00,0.00,0.00,0.00
254529470,Albion Park (AUS) 27th Feb,To Be Placed,27-02-2026 03:48,95542643,3. Vienna Opera,0,18.00000000,1.0000,14.0351,1.00,1001.00,1.00,1001.00,53.20,0.00,0.00
254529470,Albion Park (AUS) 27th Feb,To Be Placed,27-02-2026 03:48,87095979,6. Our Ultimate Kimmy,0,13.00000000,1.0000,1.2860,1.00,1001.00,1.00,1001.00,3.44,0.00,0.00
254493784,Cranbourne (AUS) 27th Feb,To Be Placed,27-02-2026 07:45,28208659,3. Palace Green,0,3.15000000,1.0000,2.7480,1.00,1001.00,1.00,1001.00,776.64,0.00,0.00
254530053,Parkes (AUS) 27th Feb,To Be Placed,27-02-2026 11:05,92461275,8. Stuckinafence,0,4.49092540,1.0000,1.0000,1.00,1001.00,1.00,1001.00,0.00,0.00,0.00
254526985,Newcastle (AUS) 27th Feb,To Be Placed,27-02-2026 11:15,62886307,5. Quickshift Girl,1,1.66052251,1.0000,1.0000,1.00,1001.00,1.00,1001.00,0.00,0.00,0.00
254530268,Gloucester Park (AUS) 27th Feb,To Be Placed,27-02-2026 11:40,8895995,6. Chivalry,0,5.32030222,1.0000,1.0000,1.00,1001.00,1.00,1001.00,0.00,0.00,0.00
254496744,Port Lincoln (AUS) 27th Feb,To Be Placed,27-02-2026 06:10,79258375,7. Vintage Kod,0,13.32702404,1.0000,7.8228,1.00,1001.00,1.00,1001.00,561.96,0.00,0.00
254493830,Cranbourne (AUS) 27th Feb,To Be Placed,27-02-2026 10:15,89348282,3. Pop Award,0,1.97000000,1.0000,1.8448,1.00,1001.00,1.00,1001.00,2030.25,0.00,0.00
254491086,Goulburn (AUS) 27th Feb,To Be Placed,27-02-2026 02:00,95578782,3. The Glen,0,2.62000000,1.0000,1.9391,1.00,1001.00,1.00,1001.00,50.01,0.00,0.00
254496708,Port Lincoln (AUS) 27th Feb,To Be Placed,27-02-2026 02:25,68322947,4. Macspark,0,14.50000000,1.0000,9.0066,1.00,1001.00,1.00,1001.00,558.47,0.00,0.00
254530039,Parkes (AUS) 27th Feb,To Be Placed,27-02-2026 07:44,77615859,7. Sergeant Stringer,0,3.66979642,1.0000,2.3475,1.00,1001.00,1.00,1001.00,81.46,0.00,0.00
254530968,Northam (AUS) 27th Feb,To Be Placed,27-02-2026 10:04,66269486,6. Heavenly Bliss,0,3.95000000,1.0000,3.0717,1.00,1001.00,1.00,1001.00,202.44,0.00,0.00
254526973,Newcastle (AUS) 27th Feb,To Be Placed,27-02-2026 09:22,48016192,3. Cheerstolou,0,2.18000000,1.0000,1.8186,1.00,1001.00,1.00,1001.00,4502.90,0.00,0.00
254526973,Newcastle (AUS) 27th Feb,To Be Placed,27-02-2026 09:22,84630598,5. Still Rollin,0,5.69251131,1.0000,5.5222,1.00,1001.00,1.00,1001.00,144.98,0.00,0.00
254491397,Townsville (AUS) 27th Feb,To Be Placed,27-02-2026 01:45,79257909,8. Lady De Vega,0,2.25238152,1.0000,2.0391,1.00,1001.00,1.00,1001.00,1237.10,0.00,0.00
254496708,Port Lincoln (AUS) 27th Feb,To Be Placed,27-02-2026 02:25,93167942,5. Nouveau Marche,0,12.00000000,1.0000,7.2992,1.00,1001.00,1.00,1001.00,75.42,0.00,0.00
254529473,Albion Park (AUS) 27th Feb,To Be Placed,27-02-2026 04:23,22758667,5. Rocknroll Da Gama,0,9.20000000,1.0000,,1.00,1001.00,1.00,1001.00,4.86,0.00,0.00
254491429,Townsville (AUS) 27th Feb,To Be Placed,27-02-2026 06:43,95579743,16. Carohvic,0,6.30809051,1.0000,3.9375,1.00,1001.00,1.00,1001.00,177.20,0.00,0.00
254493090,Kyneton (AUS) 27th Feb,To Be Placed,27-02-2026 03:20,95579686,10. Its All Calm,0,5.63356349,1.0000,2.1687,1.00,1001.00,1.00,1001.00,1140.94,0.00,0.00
254529467,Albion Park (AUS) 27th Feb,To Be Placed,27-02-2026 03:13,58314297,1. Cotchinellie,1,2.08000000,1.0000,1.8056,1.00,1001.00,1.00,1001.00,770.48,0.00,0.00
254526985,Newcastle (AUS) 27th Feb,To Be Placed,27-02-2026 11:15,43155234,6. Sporting Robyn,0,21.35787596,1.0000,1.0000,1.00,1001.00,1.00,1001.00,0.00,0.00,0.00
254493125,Kyneton (AUS) 27th Feb,To Be Placed,27-02-2026 06:30,55494089,4. Snappy Tycoon,0,3.45000000,1.0000,3.1518,1.00,1001.00,1.00,1001.00,4242.66,0.00,0.00
254493118,Kyneton (AUS) 27th Feb,To Be Placed,27-02-2026 05:50,72948722,16. Miss Himalaya,0,18.20637200,1.0000,6.3201,1.00,1001.00,1.00,1001.00,150.20,0.00,0.00
254493803,Cranbourne (AUS) 27th Feb,To Be Placed,27-02-2026 08:45,94921064,4. Sea Trader,0,2.82387790,1.0000,2.0470,1.00,1001.00,1.00,1001.00,1703.42,0.00,0.00
254493083,Kyneton (AUS) 27th Feb,To Be Placed,27-02-2026 02:45,95579672,1. Jive Dancer,1,2.15116192,1.0000,1.8482,1.00,1001.00,1.00,1001.00,873.88,0.00,0.00
254493118,Kyneton (AUS) 27th Feb,To Be Placed,27-02-2026 05:50,53642606,8. Snappy Pierro,1,2.94000000,1.0000,1.9541,1.00,1001.00,1.00,1001.00,1083.75,0.00,0.00
254523474,Wagga (AUS) 27th Feb,To Be Placed,27-02-2026 06:13,65872522,2. Yukon Be Serious,1,3.08307902,1.0000,2.3381,1.00,1001.00,1.00,1001.00,188.40,0.00,0.00
254526967,Newcastle (AUS) 27th Feb,To Be Placed,27-02-2026 08:22,42915234,5. Pet Kitty,0,1.78000000,1.0000,1.7377,1.00,1001.00,1.00,1001.00,2556.11,0.00,0.00
254530053,Parkes (AUS) 27th Feb,To Be Placed,27-02-2026 11:05,84183549,1. Promise Me Art,0,1.89500000,1.0000,1.0000,1.00,1001.00,1.00,1001.00,0.00,0.00,0.00
254491104,Goulburn (AUS) 27th Feb,To Be Placed,27-02-2026 05:40,62432512,1. County Kilkenny,0,4.40000000,1.0000,3.9885,1.00,1001.00,1.00,1001.00,426.33,0.00,0.00
254491095,Goulburn (AUS) 27th Feb,To Be Placed,27-02-2026 03:45,20849957,3. Vainstream,0,2.66000000,1.0000,1.3445,1.00,1001.00,1.00,1001.00,508.91,0.00,0.00
254526964,Newcastle (AUS) 27th Feb,To Be Placed,27-02-2026 07:52,61115204,9. Chevron Flies,0,4.90000000,1.0000,2.4325,1.00,1001.00,1.00,1001.00,27.56,0.00,0.00
254491104,Goulburn (AUS) 27th Feb,To Be Placed,27-02-2026 05:40,93871061,4. Astrogazer,1,1.75531066,1.0000,1.4653,1.00,1001.00,1.00,1001.00,2222.72,0.00,0.00
254491429,Townsville (AUS) 27th Feb,To Be Placed,27-02-2026 06:43,6633849,11. Materialist,1,3.87461738,1.0000,3.5236,1.00,1001.00,1.00,1001.00,992.28,0.00,0.00
254491641,Canterbury (AUS) 27th Feb,To Be Placed,27-02-2026 09:00,95578842,9. Mystery Lad,0,6.00000000,1.0000,3.3201,1.00,1001.00,1.00,1001.00,786.96,0.00,0.00
254523471,Wagga (AUS) 27th Feb,To Be Placed,27-02-2026 05:33,51150128,2. Tizzy Lizzie,0,1.43000000,1.0000,1.4560,1.00,1001.00,1.00,1001.00,542.58,0.00,0.00
254496714,Port Lincoln (AUS) 27th Feb,To Be Placed,27-02-2026 03:00,95514557,10. Grinzinger Gold,1,1.25787105,1.0000,1.1139,1.00,1001.00,1.00,1001.00,450.54,0.00,0.00
254530037,Parkes (AUS) 27th Feb,To Be Placed,27-02-2026 07:10,88419249,5. Koloura Clare,0,3.85275000,1.0000,2.9092,1.00,1001.00,1.00,1001.00,32.94,0.00,0.00
254553700,Newcastle (AUS) 27th Feb,To Be Placed,27-02-2026 09:48,75674826,1. Sunset Hill,1,2.96000000,1.0000,2.8133,1.00,1001.00,1.00,1001.00,24.00,0.00,0.00
254491095,Goulburn (AUS) 27th Feb,To Be Placed,27-02-2026 03:45,95343611,4. Howie Do It,0,1.39000000,1.0000,1.2667,1.00,1001.00,1.00,1001.00,2163.71,0.00,0.00
254529461,Albion Park (AUS) 27th Feb,To Be Placed,27-02-2026 02:03,94183695,3. Zeezeezoom,1,1.08000000,1.0000,1.1010,1.00,1001.00,1.00,1001.00,740.82,0.00,0.00
254523468,Wagga (AUS) 27th Feb,To Be Placed,27-02-2026 04:53,62302559,10. Major Allegiance,0,6.11673500,1.0000,2.1426,1.00,1001.00,1.00,1001.00,45.86,0.00,0.00
254529482,Albion Park (AUS) 27th Feb,To Be Placed,27-02-2026 06:23,2687102,10. Gentle Giant,0,6.40000000,1.0000,1.5400,1.00,1001.00,1.00,1001.00,7.40,0.00,0.00
254526964,Newcastle (AUS) 27th Feb,To Be Placed,27-02-2026 07:52,41298526,4. The Creek,0,11.00000000,1.0000,4.7866,1.00,1001.00,1.00,1001.00,108.30,0.00,0.00
254530978,Northam (AUS) 27th Feb,To Be Placed,27-02-2026 12:40,64999862,5. The Prototype,0,22.00000000,1.0000,1.0000,1.00,1001.00,1.00,1001.00,0.00,0.00,0.00
254529485,Albion Park (AUS) 27th Feb,To Be Placed,27-02-2026 06:53,80064908,7. Sporty Zara,1,2.00000000,1.0000,1.6315,1.00,1001.00,1.00,1001.00,7.46,0.00,0.00
254496720,Port Lincoln (AUS) 27th Feb,To Be Placed,27-02-2026 03:50,46108828,12. Sadlers Song,1,3.10442597,1.0000,2.6667,1.00,1001.00,1.00,1001.00,1096.09,0.00,0.00
254493812,Cranbourne (AUS) 27th Feb,To Be Placed,27-02-2026 09:15,48907989,1. Bons Your Back,0,14.11438369,1.0000,9.8754,1.00,1001.00,1.00,1001.00,1312.12,0.00,0.00
254491657,Canterbury (AUS) 27th Feb,To Be Placed,27-02-2026 10:00,4003903,7. Iron Will,0,3.50000000,1.0000,2.2978,1.00,1001.00,1.00,1001.00,266.15,0.00,0.00
254491101,Goulburn (AUS) 27th Feb,To Be Placed,27-02-2026 05:00,89708213,8. Tavijewel,1,4.60000000,1.0000,2.1627,1.00,1001.00,1.00,1001.00,271.32,0.00,0.00
254491657,Canterbury (AUS) 27th Feb,To Be Placed,27-02-2026 10:00,71651409,5. The Face,1,3.46786911,1.0000,2.6788,1.00,1001.00,1.00,1001.00,431.91,0.00,0.00
254491401,Townsville (AUS) 27th Feb,To Be Placed,27-02-2026 02:21,41729795,1. Airwaves,1,1.38000000,1.0000,1.3658,1.00,1001.00,1.00,1001.00,381.08,0.00,0.00
254496714,Port Lincoln (AUS) 27th Feb,To Be Placed,27-02-2026 03:00,55533268,5. Survey Lane,0,6.45303278,1.0000,2.5128,1.00,1001.00,1.00,1001.00,183.85,0.00,0.00
254493104,Kyneton (AUS) 27th Feb,To Be Placed,27-02-2026 04:30,51203295,1. Duke Of Bedford,1,3.01740907,1.0000,2.1017,1.00,1001.00,1.00,1001.00,1391.90,0.00,0.00
254526967,Newcastle (AUS) 27th Feb,To Be Placed,27-02-2026 08:22,62328222,10. Love Lou,0,2.82000000,1.0000,2.4352,1.00,1001.00,1.00,1001.00,222.88,0.00,0.00
254530974,Northam (AUS) 27th Feb,To Be Placed,27-02-2026 11:48,73992449,4. Sloanie Bel,0,6.60000000,1.0000,1.0000,1.00,1001.00,1.00,1001.00,0.00,0.00,0.00
254527633,Ararat (AUS) 27th Feb,To Be Placed,27-02-2026 09:37,68568873,5. Eastbro Chrissy,0,5.20000000,1.0000,2.2151,1.00,1001.00,1.00,1001.00,25.30,0.00,0.00
254530972,Northam (AUS) 27th Feb,To Be Placed,27-02-2026 11:10,28400870,8. Tux And Tails,1,2.10000000,1.0000,1.0000,1.00,1001.00,1.00,1001.00,0.00,0.00,0.00
254493076,Kyneton (AUS) 27th Feb,To Be Placed,27-02-2026 02:10,94735702,12. Toy Maker,0,4.20000000,1.0000,2.3925,1.00,1001.00,1.00,1001.00,430.00,0.00,0.00
254496744,Port Lincoln (AUS) 27th Feb,To Be Placed,27-02-2026 06:10,51294961,3. Im A Dexstar,0,3.30000000,1.0000,2.6953,1.00,1001.00,1.00,1001.00,610.29,0.00,0.00
254527623,Ararat (AUS) 27th Feb,To Be Placed,27-02-2026 07:03,61792602,1. Quick Decision,0,5.60000000,1.0000,2.7595,1.00,1001.00,1.00,1001.00,19.36,0.00,0.00
254493111,Kyneton (AUS) 27th Feb,To Be Placed,27-02-2026 05:10,300711,3. Elvis,0,2.64685846,1.0000,2.4397,1.00,1001.00,1.00,1001.00,1472.99,0.00,0.00
254491429,Townsville (AUS) 27th Feb,To Be Placed,27-02-2026 06:43,11907714,6. La Petite Maison,0,8.20000000,1.0000,6.6539,1.00,1001.00,1.00,1001.00,192.11,0.00,0.00
254493775,Cranbourne (AUS) 27th Feb,To Be Placed,27-02-2026 07:15,95579001,8. Carriedo,1,1.61114183,1.0000,1.4964,1.00,1001.00,1.00,1001.00,2059.38,0.00,0.00
254526973,Newcastle (AUS) 27th Feb,To Be Placed,27-02-2026 09:22,45564890,1. Helluva,0,2.82000000,1.0000,2.2301,1.00,1001.00,1.00,1001.00,887.60,0.00,0.00
254493104,Kyneton (AUS) 27th Feb,To Be Placed,27-02-2026 04:30,3347233,6. Star Ruler,0,4.60000000,1.0000,3.2656,1.00,1001.00,1.00,1001.00,427.25,0.00,0.00
254496732,Port Lincoln (AUS) 27th Feb,To Be Placed,27-02-2026 04:50,75392013,9. Bending Away,0,7.91486054,1.0000,5.4794,1.00,1001.00,1.00,1001.00,153.75,0.00,0.00
254527631,Ararat (AUS) 27th Feb,To Be Placed,27-02-2026 09:07,57848065,8. Our Marvella,1,126.00000000,1.0000,4.8000,1.00,1001.00,1.00,1001.00,5.54,0.00,0.00
254530047,Parkes (AUS) 27th Feb,To Be Placed,27-02-2026 09:40,73449951,4. Tenacity Red,0,3.35000000,1.0000,2.0420,1.00,1001.00,1.00,1001.00,95.83,0.00,0.00
254530271,Gloucester Park (AUS) 27th Feb,To Be Placed,27-02-2026 12:29,43845906,7. Alta Allure,0,6.20000000,1.0000,4.3999,1.00,1001.00,1.00,1001.00,4.36,0.00,0.00
254493083,Kyneton (AUS) 27th Feb,To Be Placed,27-02-2026 02:45,94985107,10. Temu Tilly,0,2.92000000,1.0000,2.2131,1.00,1001.00,1.00,1001.00,209.25,0.00,0.00
254529482,Albion Park (AUS) 27th Feb,To Be Placed,27-02-2026 06:23,74308440,12. The Harris Hawk,0,4.10000000,1.0000,1.3481,1.00,1001.00,1.00,1001.00,23.60,0.00,0.00
254496702,Port Lincoln (AUS) 27th Feb,To Be Placed,27-02-2026 01:50,95514555,7. Unclothed,0,4.40000000,1.0000,3.7408,1.00,1001.00,1.00,1001.00,612.74,0.00,0.00
254491649,Canterbury (AUS) 27th Feb,To Be Placed,27-02-2026 09:30,69066757,11. Maquisa,0,4.53655064,1.0000,2.9165,1.00,1001.00,1.00,1001.00,701.68,0.00,0.00
254496702,Port Lincoln (AUS) 27th Feb,To Be Placed,27-02-2026 01:50,95514553,4. Another Bride,1,1.57000000,1.0000,1.2318,1.00,1001.00,1.00,1001.00,442.82,0.00,0.00
254496744,Port Lincoln (AUS) 27th Feb,To Be Placed,27-02-2026 06:10,58844569,10. Super Valentine,0,4.90000000,1.0000,4.5682,1.00,1001.00,1.00,1001.00,2354.00,0.00,0.00
254496732,Port Lincoln (AUS) 27th Feb,To Be Placed,27-02-2026 04:50,57883471,3. Shuttle Run,0,3.80000000,1.0000,3.3082,1.00,1001.00,1.00,1001.00,526.64,0.00,0.00
254527635,Ararat (AUS) 27th Feb,To Be Placed,27-02-2026 10:07,53409803,7. Missmalachite,0,12.00000000,1.0000,3.6473,1.00,1001.00,1.00,1001.00,11.90,0.00,0.00
254491405,Townsville (AUS) 27th Feb,To Be Placed,27-02-2026 02:56,75119159,1. Release Le Missile,1,2.76969267,1.0000,2.4446,1.00,1001.00,1.00,1001.00,670.78,0.00,0.00
254496726,Port Lincoln (AUS) 27th Feb,To Be Placed,27-02-2026 04:20,43203517,5. Mr Trafficanti,1,2.60616889,1.0000,1.9885,1.00,1001.00,1.00,1001.00,619.78,0.00,0.00
254491417,Townsville (AUS) 27th Feb,To Be Placed,27-02-2026 04:43,60528976,1. Northern Pride,0,1.82000000,1.0000,1.8101,1.00,1001.00,1.00,1001.00,949.08,0.00,0.00
254496732,Port Lincoln (AUS) 27th Feb,To Be Placed,27-02-2026 04:50,82857357,8. Georgiegina,0,3.60000000,1.0000,2.7984,1.00,1001.00,1.00,1001.00,334.39,0.00,0.00
254530037,Parkes (AUS) 27th Feb,To Be Placed,27-02-2026 07:10,62362176,7. Enzed Flyer,0,8.17378622,1.0000,3.7958,1.00,1001.00,1.00,1001.00,25.26,0.00,0.00
254530047,Parkes (AUS) 27th Feb,To Be Placed,27-02-2026 09:40,90570180,10. Fox Trot,0,1.84000000,1.0000,1.7295,1.00,1001.00,1.00,1001.00,138.00,0.00,0.00
254491104,Goulburn (AUS) 27th Feb,To Be Placed,27-02-2026 05:40,95578798,9. Rule Of Faith,1,2.67591989,1.0000,1.8560,1.00,1001.00,1.00,1001.00,712.68,0.00,0.00
254527635,Ararat (AUS) 27th Feb,To Be Placed,27-02-2026 10:07,95541173,9. Majestic Cheddar,0,12.41867469,1.0000,7.5688,1.00,1001.00,1.00,1001.00,5.52,0.00,0.00
254493830,Cranbourne (AUS) 27th Feb,To Be Placed,27-02-2026 10:15,83642472,6. Soft Love,0,2.29542447,1.0000,1.6543,1.00,1001.00,1.00,1001.00,3872.54,0.00,0.00
254491625,Canterbury (AUS) 27th Feb,To Be Placed,27-02-2026 08:00,85778613,8. Procean,0,4.80000000,1.0000,2.8648,1.00,1001.00,1.00,1001.00,371.37,0.00,0.00
254491665,Canterbury (AUS) 27th Feb,To Be Placed,27-02-2026 10:30,2652564,9. Piperita,0,3.15000000,1.0000,2.1281,1.00,1001.00,1.00,1001.00,1901.33,0.00,0.00
254496714,Port Lincoln (AUS) 27th Feb,To Be Placed,27-02-2026 03:00,46520337,3. Im A Millennial,0,2.42572981,1.0000,1.8735,1.00,1001.00,1.00,1001.00,234.97,0.00,0.00
254530974,Northam (AUS) 27th Feb,To Be Placed,27-02-2026 11:48,43332428,6. American Monarch,1,1.36500000,1.0000,1.0000,1.00,1001.00,1.00,1001.00,0.00,0.00,0.00
254491657,Canterbury (AUS) 27th Feb,To Be Placed,27-02-2026 10:00,831692,8. Jaegers,0,1.78455367,1.0000,1.2568,1.00,1001.00,1.00,1001.00,2279.26,0.00,0.00
254530265,Gloucester Park (AUS) 27th Feb,To Be Placed,27-02-2026 10:55,95546392,11. Gatekeeper,0,4.80000000,1.0000,5.1992,1.00,1001.00,1.00,1001.00,143.45,0.00,0.00
254529476,Albion Park (AUS) 27th Feb,To Be Placed,27-02-2026 05:03,57081233,5. Gleneagle Vee Cee,0,3.80000000,1.0000,2.2107,1.00,1001.00,1.00,1001.00,23.79,0.00,0.00
254530043,Parkes (AUS) 27th Feb,To Be Placed,27-02-2026 08:40,61343775,1. Roll To The Top,0,3.65000000,1.0000,3.0133,1.00,1001.00,1.00,1001.00,195.79,0.00,0.00
254523453,Wagga (AUS) 27th Feb,To Be Placed,27-02-2026 01:53,90808368,1. Coogee,0,5.60000000,1.0000,3.6154,1.00,1001.00,1.00,1001.00,203.75,0.00,0.00
254530051,Parkes (AUS) 27th Feb,To Be Placed,27-02-2026 10:40,95581943,3. Outta The Ordinary,1,1.67000000,1.0000,1.6899,1.00,1001.00,1.00,1001.00,45.88,0.00,0.00
254493111,Kyneton (AUS) 27th Feb,To Be Placed,27-02-2026 05:10,58454213,4. Jaz Tycoon,0,4.30000000,1.0000,3.9755,1.00,1001.00,1.00,1001.00,920.94,0.00,0.00
254493097,Kyneton (AUS) 27th Feb,To Be Placed,27-02-2026 03:55,95579694,11. Princess Painton,1,2.18825828,1.0000,1.7677,1.00,1001.00,1.00,1001.00,1483.66,0.00,0.00
254526967,Newcastle (AUS) 27th Feb,To Be Placed,27-02-2026 08:22,69841775,9. Walter Warlock,0,2.90000000,1.0000,2.2476,1.00,1001.00,1.00,1001.00,179.70,0.00,0.00
254527623,Ararat (AUS) 27th Feb,To Be Placed,27-02-2026 07:03,1208576,5. Optimal,0,5.00000000,1.0000,3.6946,1.00,1001.00,1.00,1001.00,29.16,0.00,0.00
254529482,Albion Park (AUS) 27th Feb,To Be Placed,27-02-2026 06:23,40129380,2. Gracenava,0,15.70588235,1.0000,13.8395,1.00,1001.00,1.00,1001.00,37.58,0.00,0.00
254527625,Ararat (AUS) 27th Feb,To Be Placed,27-02-2026 07:37,61115189,3. Midnite Desire,1,2.14000000,1.0000,1.1512,1.00,1001.00,1.00,1001.00,99.66,0.00,0.00
254530968,Northam (AUS) 27th Feb,To Be Placed,27-02-2026 10:04,60860418,2. Satan Princess,1,8.00000000,1.0000,5.8520,1.00,1001.00,1.00,1001.00,32.98,0.00,0.00
254491417,Townsville (AUS) 27th Feb,To Be Placed,27-02-2026 04:43,45395928,8. Journalism,0,10.50000000,1.0000,5.6561,1.00,1001.00,1.00,1001.00,268.91,0.00,0.00
254491617,Canterbury (AUS) 27th Feb,To Be Placed,27-02-2026 07:30,95578834,3. Penpel,1,1.21000000,1.0000,1.0753,1.00,1001.00,1.00,1001.00,3666.50,0.00,0.00
254527627,Ararat (AUS) 27th Feb,To Be Placed,27-02-2026 08:07,40031622,2. Whata Optimist,0,2.46027924,1.0000,2.1890,1.00,1001.00,1.00,1001.00,162.00,0.00,0.00
254491625,Canterbury (AUS) 27th Feb,To Be Placed,27-02-2026 08:00,235286,5. El Paso,0,3.45005044,1.0000,1.6625,1.00,1001.00,1.00,1001.00,511.62,0.00,0.00
254491425,Townsville (AUS) 27th Feb,To Be Placed,27-02-2026 06:03,62135724,10. Time To Prophet,1,2.39534308,1.0000,1.5604,1.00,1001.00,1.00,1001.00,573.43,0.00,0.00
254496744,Port Lincoln (AUS) 27th Feb,To Be Placed,27-02-2026 06:10,95514563,17. Spangled Sipper,0,27.00000000,1.0000,16.3624,1.00,1001.00,1.00,1001.00,162.15,0.00,0.00
254523465,Wagga (AUS) 27th Feb,To Be Placed,27-02-2026 04:13,68570591,4. Kyleigh,1,1.97000000,1.0000,1.7212,1.00,1001.00,1.00,1001.00,514.60,0.00,0.00
254526970,Newcastle (AUS) 27th Feb,To Be Placed,27-02-2026 08:52,95579067,9. Ifsbutsandbilycans,1,2.49424379,1.0000,1.9445,1.00,1001.00,1.00,1001.00,434.84,0.00,0.00
254493118,Kyneton (AUS) 27th Feb,To Be Placed,27-02-2026 05:50,95579711,14. Final Quarter,0,21.00000000,1.0000,11.9662,1.00,1001.00,1.00,1001.00,307.46,0.00,0.00
254493812,Cranbourne (AUS) 27th Feb,To Be Placed,27-02-2026 09:15,82857509,6. Dont Russia,1,1.81000000,1.0000,1.6882,1.00,1001.00,1.00,1001.00,1099.22,0.00,0.00
254493111,Kyneton (AUS) 27th Feb,To Be Placed,27-02-2026 05:10,95579706,7. Runway Ruler,0,2.30065969,1.0000,1.8840,1.00,1001.00,1.00,1001.00,1574.38,0.00,0.00
254491421,Townsville (AUS) 27th Feb,To Be Placed,27-02-2026 05:23,58344008,8. Mission Ridge,0,23.67484923,1.0000,19.0386,1.00,1001.00,1.00,1001.00,186.55,0.00,0.00
254493794,Cranbourne (AUS) 27th Feb,To Be Placed,27-02-2026 08:15,87544165,9. Couldthisbetheone,0,9.00000000,1.0000,5.9041,1.00,1001.00,1.00,1001.00,567.85,0.00,0.00
254493090,Kyneton (AUS) 27th Feb,To Be Placed,27-02-2026 03:20,85814633,3. Pick Wisely,1,1.17000000,1.0000,1.1235,1.00,1001.00,1.00,1001.00,1260.83,0.00,0.00
254493076,Kyneton (AUS) 27th Feb,To Be Placed,27-02-2026 02:10,62394201,7. Tomorrows Prospect,0,17.48321628,1.0000,13.1237,1.00,1001.00,1.00,1001.00,137.69,0.00,0.00
254523474,Wagga (AUS) 27th Feb,To Be Placed,27-02-2026 06:13,66862329,8. Mikibequick,0,6.80000000,1.0000,4.3222,1.00,1001.00,1.00,1001.00,588.46,0.00,0.00
254530277,Gloucester Park (AUS) 27th Feb,To Be Placed,27-02-2026 13:25,38936731,4. Bettor Move Along,0,3.70000000,1.0000,1.0000,1.00,1001.00,1.00,1001.00,0.00,0.00,0.00
254530035,Parkes (AUS) 27th Feb,To Be Placed,27-02-2026 06:38,37797447,4. Rock Queen,1,2.60000000,1.0000,2.1761,1.00,1001.00,1.00,1001.00,106.79,0.00,0.00
254527623,Ararat (AUS) 27th Feb,To Be Placed,27-02-2026 07:03,95541143,12. Case Forty Eight,1,1.45000000,1.0000,1.3540,1.00,1001.00,1.00,1001.00,983.38,0.00,0.00
254493125,Kyneton (AUS) 27th Feb,To Be Placed,27-02-2026 06:30,81517929,2. Naval Force,0,2.92108412,1.0000,2.4873,1.00,1001.00,1.00,1001.00,1152.04,0.00,0.00
254530271,Gloucester Park (AUS) 27th Feb,To Be Placed,27-02-2026 12:29,62846658,4. Madam Publisher,1,6.80000000,1.0000,1.0000,1.00,1001.00,1.00,1001.00,0.00,0.00,0.00
254530274,Gloucester Park (AUS) 27th Feb,To Be Placed,27-02-2026 12:55,36341799,5. Jaspervellabeach,0,5.79515239,1.0000,1.0000,1.00,1001.00,1.00,1001.00,0.00,0.00,0.00
254530043,Parkes (AUS) 27th Feb,To Be Placed,27-02-2026 08:40,24902027,9. Kadar,0,9.20000000,1.0000,5.7609,1.00,1001.00,1.00,1001.00,20.38,0.00,0.00
254496720,Port Lincoln (AUS) 27th Feb,To Be Placed,27-02-2026 03:50,39307621,1. Star Casino,0,1.85000000,1.0000,1.7143,1.00,1001.00,1.00,1001.00,1346.32,0.00,0.00
254493111,Kyneton (AUS) 27th Feb,To Be Placed,27-02-2026 05:10,94984988,5. Ryanman,1,2.46348932,1.0000,2.2377,1.00,1001.00,1.00,1001.00,614.36,0.00,0.00
254491101,Goulburn (AUS) 27th Feb,To Be Placed,27-02-2026 05:00,1044417,10. Doutelle,1,3.20374917,1.0000,2.5005,1.00,1001.00,1.00,1001.00,2268.48,0.00,0.00
254493111,Kyneton (AUS) 27th Feb,To Be Placed,27-02-2026 05:10,78231322,8. Seattle Hope,0,3.55000000,1.0000,2.9324,1.00,1001.00,1.00,1001.00,517.86,0.00,0.00
254496750,Port Lincoln (AUS) 27th Feb,To Be Placed,27-02-2026 06:50,55713751,4. Overstrike,0,4.19886581,1.0000,2.7285,1.00,1001.00,1.00,1001.00,412.05,0.00,0.00
254491641,Canterbury (AUS) 27th Feb,To Be Placed,27-02-2026 09:00,87767965,1. Sacred Rocks,1,1.84000000,1.0000,1.6288,1.00,1001.00,1.00,1001.00,638.00,0.00,0.00
254491657,Canterbury (AUS) 27th Feb,To Be Placed,27-02-2026 10:00,75673468,6. Shalaa Gold,0,3.84506526,1.0000,2.6077,1.00,1001.00,1.00,1001.00,339.91,0.00,0.00
254493076,Kyneton (AUS) 27th Feb,To Be Placed,27-02-2026 02:10,95579663,8. Divine Empress,1,1.68000000,1.0000,1.5526,1.00,1001.00,1.00,1001.00,1085.31,0.00,0.00
254493090,Kyneton (AUS) 27th Feb,To Be Placed,27-02-2026 03:20,66580108,1. Bolshie,0,3.20000000,1.0000,2.3836,1.00,1001.00,1.00,1001.00,257.03,0.00,0.00
254491413,Townsville (AUS) 27th Feb,To Be Placed,27-02-2026 04:06,5335980,6. Arancia,0,7.96743594,1.0000,6.2835,1.00,1001.00,1.00,1001.00,938.98,0.00,0.00
254493125,Kyneton (AUS) 27th Feb,To Be Placed,27-02-2026 06:30,95579713,6. Camp Cable,1,2.02808965,1.0000,1.8956,1.00,1001.00,1.00,1001.00,4246.47,0.00,0.00
254496744,Port Lincoln (AUS) 27th Feb,To Be Placed,27-02-2026 06:10,95514560,12. Jamrock,0,8.40000000,1.0000,3.1414,1.00,1001.00,1.00,1001.00,208.28,0.00,0.00
254493097,Kyneton (AUS) 27th Feb,To Be Placed,27-02-2026 03:55,87858221,10. Lady Thinkabell,1,2.56446050,1.0000,2.3380,1.00,1001.00,1.00,1001.00,1505.14,0.00,0.00
254491429,Townsville (AUS) 27th Feb,To Be Placed,27-02-2026 06:43,85854654,13. Mind Over Matter,1,1.47622587,1.0000,1.2179,1.00,1001.00,1.00,1001.00,4315.76,0.00,0.00
254530041,Parkes (AUS) 27th Feb,To Be Placed,27-02-2026 08:10,43637014,3. Hazza Is Watching,1,2.42000000,1.0000,1.5595,1.00,1001.00,1.00,1001.00,96.54,0.00,0.00
254526982,Newcastle (AUS) 27th Feb,To Be Placed,27-02-2026 10:48,95579080,3. Ascot Showgirl,0,3.25000000,1.0000,2.6920,1.00,1001.00,1.00,1001.00,987.30,0.00,0.00
254530268,Gloucester Park (AUS) 27th Feb,To Be Placed,27-02-2026 11:40,67532853,4. Franco Encore,1,1.78000000,1.0000,1.0000,1.00,1001.00,1.00,1001.00,0.00,0.00,0.00
254530277,Gloucester Park (AUS) 27th Feb,To Be Placed,27-02-2026 13:25,21285661,9. Blue Blazer,0,8.00000000,1.0000,1.0000,1.00,1001.00,1.00,1001.00,0.00,0.00,0.00
254530974,Northam (AUS) 27th Feb,To Be Placed,27-02-2026 11:48,2538699,2. Elegant Eagle,0,13.00000000,1.0000,1.0000,1.00,1001.00,1.00,1001.00,0.00,0.00,0.00
254530283,Gloucester Park (AUS) 27th Feb,To Be Placed,27-02-2026 14:22,70180942,12. Switch Blade,0,32.00000000,1.0000,1.0000,1.00,1001.00,1.00,1001.00,0.00,0.00,0.00
254493111,Kyneton (AUS) 27th Feb,To Be Placed,27-02-2026 05:10,42217817,9. Diamanda,1,2.06649364,1.0000,1.9912,1.00,1001.00,1.00,1001.00,2010.63,0.00,0.00
254491107,Goulburn (AUS) 27th Feb,To Be Placed,27-02-2026 06:20,95578803,8. Lady Capitalist,0,1.82000000,1.0000,1.5676,1.00,1001.00,1.00,1001.00,2418.27,0.00,0.00
254493775,Cranbourne (AUS) 27th Feb,To Be Placed,27-02-2026 07:15,86018523,3. Silver Lightning,1,18.60510693,1.0000,11.0549,1.00,1001.00,1.00,1001.00,492.67,0.00,0.00
254493830,Cranbourne (AUS) 27th Feb,To Be Placed,27-02-2026 10:15,49949107,7. Celsius Star,1,1.89510790,1.0000,1.7529,1.00,1001.00,1.00,1001.00,1962.45,0.00,0.00
254526967,Newcastle (AUS) 27th Feb,To Be Placed,27-02-2026 08:22,41110723,7. Little Demon,1,4.50000000,1.0000,4.1138,1.00,1001.00,1.00,1001.00,128.08,0.00,0.00
254496738,Port Lincoln (AUS) 27th Feb,To Be Placed,27-02-2026 05:30,23052512,4. Messerschmitt,0,3.24139000,1.0000,2.4865,1.00,1001.00,1.00,1001.00,1295.13,0.00,0.00
254491092,Goulburn (AUS) 27th Feb,To Be Placed,27-02-2026 03:10,79330431,8. Performing Diva,1,8.52278327,1.0000,4.1431,1.00,1001.00,1.00,1001.00,649.38,0.00,0.00
254523465,Wagga (AUS) 27th Feb,To Be Placed,27-02-2026 04:13,72613409,7. Vincheska,1,2.62000000,1.0000,1.9722,1.00,1001.00,1.00,1001.00,201.52,0.00,0.00
254530262,Gloucester Park (AUS) 27th Feb,To Be Placed,27-02-2026 10:25,95546378,5. Woodbridge Rose,0,7.40000000,1.0000,1.3192,1.00,1001.00,1.00,1001.00,17.08,0.00,0.00
254530280,Gloucester Park (AUS) 27th Feb,To Be Placed,27-02-2026 13:50,95546395,5. El Raes Girl,0,9.60000000,1.0000,1.0000,1.00,1001.00,1.00,1001.00,0.00,0.00,0.00
254530268,Gloucester Park (AUS) 27th Feb,To Be Placed,27-02-2026 11:40,66544745,3. Blazing Reactor,0,7.40000000,1.0000,1.0000,1.00,1001.00,1.00,1001.00,0.00,0.00,0.00
254523450,Wagga (AUS) 27th Feb,To Be Placed,27-02-2026 01:23,94781506,3. Sheer Me,1,1.57000000,1.0000,1.3305,1.00,1001.00,1.00,1001.00,47.86,0.00,0.00
254530968,Northam (AUS) 27th Feb,To Be Placed,27-02-2026 10:04,72383634,7. Idontwanabeapirate,0,4.40000000,1.0000,1.3165,1.00,1001.00,1.00,1001.00,12.82,0.00,0.00
254526964,Newcastle (AUS) 27th Feb,To Be Placed,27-02-2026 07:52,579529,10. Nocturnal,1,1.23000000,1.0000,1.1681,1.00,1001.00,1.00,1001.00,672.65,0.00,0.00
254491095,Goulburn (AUS) 27th Feb,To Be Placed,27-02-2026 03:45,94735809,8. Magic Bertie,0,6.85875438,1.0000,2.1852,1.00,1001.00,1.00,1001.00,153.88,0.00,0.00
254493821,Cranbourne (AUS) 27th Feb,To Be Placed,27-02-2026 09:45,2403023,5. Egerton,0,3.38936573,1.0000,2.9575,1.00,1001.00,1.00,1001.00,6051.27,0.00,0.00
254493784,Cranbourne (AUS) 27th Feb,To Be Placed,27-02-2026 07:45,74538312,1. Red Aces,0,20.96369930,1.0000,11.6707,1.00,1001.00,1.00,1001.00,898.08,0.00,0.00
254530256,Gloucester Park (AUS) 27th Feb,To Be Placed,27-02-2026 09:27,78237331,1. Cee Dee Three,0,1.81303662,1.0000,1.5333,1.00,1001.00,1.00,1001.00,771.60,0.00,0.00
254529482,Albion Park (AUS) 27th Feb,To Be Placed,27-02-2026 06:23,39879781,3. Explanation Noted,0,3.90000000,1.0000,2.4638,1.00,1001.00,1.00,1001.00,25.60,0.00,0.00
254530259,Gloucester Park (AUS) 27th Feb,To Be Placed,27-02-2026 09:55,95546376,8. Kurious Boy,0,3.00000000,1.0000,1.0046,1.00,1001.00,1.00,1001.00,117.44,0.00,0.00
254491417,Townsville (AUS) 27th Feb,To Be Placed,27-02-2026 04:43,45590966,6. Tycoon Beau,0,1.85867004,1.0000,1.8549,1.00,1001.00,1.00,1001.00,461.38,0.00,0.00
254493830,Cranbourne (AUS) 27th Feb,To Be Placed,27-02-2026 10:15,42560851,5. Suparazi,0,3.49116564,1.0000,2.9851,1.00,1001.00,1.00,1001.00,1256.48,0.00,0.00
254491433,Townsville (AUS) 27th Feb,To Be Placed,27-02-2026 07:40,95579755,12. Mississippi Dream,0,5.29036372,1.0000,2.5895,1.00,1001.00,1.00,1001.00,376.81,0.00,0.00
254491405,Townsville (AUS) 27th Feb,To Be Placed,27-02-2026 02:56,95579727,7. Stellar Legend,0,11.00000000,1.0000,6.7443,1.00,1001.00,1.00,1001.00,184.92,0.00,0.00
254491089,Goulburn (AUS) 27th Feb,To Be Placed,27-02-2026 02:35,2500944,1. Savaii,0,1.59144875,1.0000,1.3201,1.00,1001.00,1.00,1001.00,1406.42,0.00,0.00
254491405,Townsville (AUS) 27th Feb,To Be Placed,27-02-2026 02:56,79891369,4. Unifies,0,2.98532657,1.0000,2.3710,1.00,1001.00,1.00,1001.00,319.20,0.00,0.00
254491417,Townsville (AUS) 27th Feb,To Be Placed,27-02-2026 04:43,1019320,4. Stats,0,3.20000000,1.0000,2.9632,1.00,1001.00,1.00,1001.00,819.11,0.00,0.00
254530974,Northam (AUS) 27th Feb,To Be Placed,27-02-2026 11:48,26825436,1. Goodonya Mate,0,1.47157543,1.0000,1.0000,1.00,1001.00,1.00,1001.00,0.00,0.00,0.00
254530972,Northam (AUS) 27th Feb,To Be Placed,27-02-2026 11:10,93829587,3. Global Heritage,0,14.50000000,1.0000,1.0000,1.00,1001.00,1.00,1001.00,0.00,0.00,0.00
254526964,Newcastle (AUS) 27th Feb,To Be Placed,27-02-2026 07:52,55982575,6. Tara Victory,1,1.18740171,1.0000,1.1724,1.00,1001.00,1.00,1001.00,487.04,0.00,0.00
254530970,Northam (AUS) 27th Feb,To Be Placed,27-02-2026 10:33,60541729,5. My Ultimate Kevvie,1,2.72000000,1.0000,2.4697,1.00,1001.00,1.00,1001.00,70.34,0.00,0.00
254491409,Townsville (AUS) 27th Feb,To Be Placed,27-02-2026 03:31,90286662,1. Better Blitzem,1,1.26408687,1.0000,1.1059,1.00,1001.00,1.00,1001.00,4338.43,0.00,0.00
254493083,Kyneton (AUS) 27th Feb,To Be Placed,27-02-2026 02:45,95579680,9. Woollen,0,6.31925188,1.0000,3.8896,1.00,1001.00,1.00,1001.00,875.84,0.00,0.00
254491104,Goulburn (AUS) 27th Feb,To Be Placed,27-02-2026 05:40,95578797,2. Burn The Sky,1,2.91347873,1.0000,2.3520,1.00,1001.00,1.00,1001.00,409.66,0.00,0.00
254530045,Parkes (AUS) 27th Feb,To Be Placed,27-02-2026 09:05,64547760,1. One Stunin Melody,0,8.00000000,1.0000,7.6739,1.00,1001.00,1.00,1001.00,376.40,0.00,0.00
254530277,Gloucester Park (AUS) 27th Feb,To Be Placed,27-02-2026 13:25,38014156,7. Trois Fontaine,1,5.10000000,1.0000,1.0000,1.00,1001.00,1.00,1001.00,0.00,0.00,0.00
254523462,Wagga (AUS) 27th Feb,To Be Placed,27-02-2026 03:38,88153292,9. Seaside Sid,0,3.85000000,1.0000,3.3747,1.00,1001.00,1.00,1001.00,365.67,0.00,0.00
254523468,Wagga (AUS) 27th Feb,To Be Placed,27-02-2026 04:53,83156945,7. Miki Loch,0,2.68000000,1.0000,2.2175,1.00,1001.00,1.00,1001.00,81.40,0.00,0.00
254496738,Port Lincoln (AUS) 27th Feb,To Be Placed,27-02-2026 05:30,40786234,11. Bonjour,0,28.64381000,1.0000,14.2041,1.00,1001.00,1.00,1001.00,211.86,0.00,0.00
254530268,Gloucester Park (AUS) 27th Feb,To Be Placed,27-02-2026 11:40,39395807,2. Whos The Dad,0,6.49939304,1.0000,1.0000,1.00,1001.00,1.00,1001.00,0.00,0.00,0.00
254491657,Canterbury (AUS) 27th Feb,To Be Placed,27-02-2026 10:00,85541465,1. Bevs Nine,1,1.40150942,1.0000,1.1713,1.00,1001.00,1.00,1001.00,1960.00,0.00,0.00
254530259,Gloucester Park (AUS) 27th Feb,To Be Placed,27-02-2026 09:55,42324720,6. Ideal Tomado,0,60.28125000,1.0000,,1.00,1001.00,1.00,1001.00,0.66,0.00,0.00
254491617,Canterbury (AUS) 27th Feb,To Be Placed,27-02-2026 07:30,5257745,6. Beverly Hills,0,2.02000000,1.0000,1.4755,1.00,1001.00,1.00,1001.00,893.16,0.00,0.00
254493821,Cranbourne (AUS) 27th Feb,To Be Placed,27-02-2026 09:45,82078438,10. Mrs Iglesia,1,2.72000000,1.0000,2.4595,1.00,1001.00,1.00,1001.00,1292.19,0.00,0.00
254496744,Port Lincoln (AUS) 27th Feb,To Be Placed,27-02-2026 06:10,80569383,11. Toorak Blaze,0,3.75000000,1.0000,2.2473,1.00,1001.00,1.00,1001.00,266.25,0.00,0.00
254491101,Goulburn (AUS) 27th Feb,To Be Placed,27-02-2026 05:00,5443153,1. Flashy Icon,0,2.38000000,1.0000,1.9377,1.00,1001.00,1.00,1001.00,812.68,0.00,0.00
254496702,Port Lincoln (AUS) 27th Feb,To Be Placed,27-02-2026 01:50,95514554,6. Spreadsheets,0,49.90152565,1.0000,28.8874,1.00,1001.00,1.00,1001.00,86.52,0.00,0.00
254526982,Newcastle (AUS) 27th Feb,To Be Placed,27-02-2026 10:48,83381476,7. Cee Whos Bettor,0,5.60000000,1.0000,,1.00,1001.00,1.00,1001.00,8.68,0.00,0.00
254493076,Kyneton (AUS) 27th Feb,To Be Placed,27-02-2026 02:10,95579670,17. Packers Journey,0,16.50000000,1.0000,12.9159,1.00,1001.00,1.00,1001.00,501.14,0.00,0.00
254491107,Goulburn (AUS) 27th Feb,To Be Placed,27-02-2026 06:20,95578805,10. Miss Maclaine,0,2.76000000,1.0000,2.0089,1.00,1001.00,1.00,1001.00,243.33,0.00,0.00
254491609,Canterbury (AUS) 27th Feb,To Be Placed,27-02-2026 07:00,95578830,16. Gold Globe,0,9.68271316,1.0000,6.7463,1.00,1001.00,1.00,1001.00,278.20,0.00,0.00
254530041,Parkes (AUS) 27th Feb,To Be Placed,27-02-2026 08:10,51205118,1. Holme Boy,1,1.52000000,1.0000,1.4168,1.00,1001.00,1.00,1001.00,126.64,0.00,0.00
254530972,Northam (AUS) 27th Feb,To Be Placed,27-02-2026 11:10,36894757,6. Vintage Blu,0,8.00000000,1.0000,1.0000,1.00,1001.00,1.00,1001.00,0.00,0.00,0.00
254530274,Gloucester Park (AUS) 27th Feb,To Be Placed,27-02-2026 12:55,68385523,8. Rakero Raider,0,6.85927835,1.0000,1.0000,1.00,1001.00,1.00,1001.00,0.00,0.00,0.00
254493097,Kyneton (AUS) 27th Feb,To Be Placed,27-02-2026 03:55,3090992,2. Luigi The Brave,1,3.09512885,1.0000,2.5543,1.00,1001.00,1.00,1001.00,1021.10,0.00,0.00
254527629,Ararat (AUS) 27th Feb,To Be Placed,27-02-2026 08:37,24730165,8. Floating Mountain,1,1.69000000,1.0000,1.3478,1.00,1001.00,1.00,1001.00,217.26,0.00,0.00
254530972,Northam (AUS) 27th Feb,To Be Placed,27-02-2026 11:10,52942530,5. Beyond Bling,0,1.46000000,1.0000,1.0000,1.00,1001.00,1.00,1001.00,0.00,0.00,0.00
254523459,Wagga (AUS) 27th Feb,To Be Placed,27-02-2026 03:03,32353803,9. The Banker,0,5.30722088,1.0000,3.6666,1.00,1001.00,1.00,1001.00,131.62,0.00,0.00
254496708,Port Lincoln (AUS) 27th Feb,To Be Placed,27-02-2026 02:25,89669479,1. El Explosivo,0,7.00000000,1.0000,2.7154,1.00,1001.00,1.00,1001.00,63.28,0.00,0.00
254526964,Newcastle (AUS) 27th Feb,To Be Placed,27-02-2026 07:52,52148703,5. Rocknroll Gig,1,2.76000000,1.0000,1.5537,1.00,1001.00,1.00,1001.00,177.02,0.00,0.00
254530274,Gloucester Park (AUS) 27th Feb,To Be Placed,27-02-2026 12:55,32635981,4. Burghley Shard,1,22.00000000,1.0000,1.0000,1.00,1001.00,1.00,1001.00,0.00,0.00,0.00
254530043,Parkes (AUS) 27th Feb,To Be Placed,27-02-2026 08:40,46081021,6. Vamos,1,3.75000000,1.0000,3.2958,1.00,1001.00,1.00,1001.00,110.22,0.00,0.00
254493118,Kyneton (AUS) 27th Feb,To Be Placed,27-02-2026 05:50,67477083,2. Crickets Chirping,0,4.00000000,1.0000,2.7905,1.00,1001.00,1.00,1001.00,173.59,0.00,0.00
254530256,Gloucester Park (AUS) 27th Feb,To Be Placed,27-02-2026 09:27,70680870,5. Reset The Bar,1,2.06000000,1.0000,1.6774,1.00,1001.00,1.00,1001.00,85.64,0.00,0.00
254523474,Wagga (AUS) 27th Feb,To Be Placed,27-02-2026 06:13,65488198,6. Triple Rock Saint,0,2.02500000,1.0000,1.8053,1.00,1001.00,1.00,1001.00,5.04,0.00,0.00
254491098,Goulburn (AUS) 27th Feb,To Be Placed,27-02-2026 04:20,94736067,9. Tartan Tiger,1,1.18825678,1.0000,1.0998,1.00,1001.00,1.00,1001.00,2144.19,0.00,0.00
254491433,Townsville (AUS) 27th Feb,To Be Placed,27-02-2026 07:40,3412616,1. Laser Beam,0,4.30000000,1.0000,2.7140,1.00,1001.00,1.00,1001.00,313.34,0.00,0.00
254493839,Cranbourne (AUS) 27th Feb,To Be Placed,27-02-2026 10:45,74264128,3. Grey Ice,1,1.75957950,1.0000,1.3364,1.00,1001.00,1.00,1001.00,1950.33,0.00,0.00
254493097,Kyneton (AUS) 27th Feb,To Be Placed,27-02-2026 03:55,95579696,13. Princess Of Sol,0,2.98000000,1.0000,2.4143,1.00,1001.00,1.00,1001.00,199.08,0.00,0.00
254530972,Northam (AUS) 27th Feb,To Be Placed,27-02-2026 11:10,81489906,10. Miss Knowall,1,2.94000000,1.0000,1.0000,1.00,1001.00,1.00,1001.00,0.00,0.00,0.00
254530037,Parkes (AUS) 27th Feb,To Be Placed,27-02-2026 07:10,36963720,8. Good Chat,0,3.20149787,1.0000,2.2443,1.00,1001.00,1.00,1001.00,112.46,0.00,0.00
254530280,Gloucester Park (AUS) 27th Feb,To Be Placed,27-02-2026 13:50,80616524,3. Drop The Ace,0,11.50000000,1.0000,1.0000,1.00,1001.00,1.00,1001.00,0.00,0.00,0.00
254530265,Gloucester Park (AUS) 27th Feb,To Be Placed,27-02-2026 10:55,95546391,10. Spychief,0,3.00000000,1.0000,3.2081,1.00,1001.00,1.00,1001.00,676.91,0.00,0.00
254530037,Parkes (AUS) 27th Feb,To Be Placed,27-02-2026 07:10,85321856,9. Mammals Reason,0,18.00000000,1.0000,8.7124,1.00,1001.00,1.00,1001.00,15.96,0.00,0.00
254530035,Parkes (AUS) 27th Feb,To Be Placed,27-02-2026 06:38,60049190,3. Nevertoolate,1,1.74000000,1.0000,1.2509,1.00,1001.00,1.00,1001.00,43.48,0.00,0.00
254493125,Kyneton (AUS) 27th Feb,To Be Placed,27-02-2026 06:30,95579714,7. Gatsby Crown,0,5.14737819,1.0000,3.9520,1.00,1001.00,1.00,1001.00,667.49,0.00,0.00
254496744,Port Lincoln (AUS) 27th Feb,To Be Placed,27-02-2026 06:10,41500017,4. Kokoro,0,8.00000000,1.0000,4.0567,1.00,1001.00,1.00,1001.00,475.51,0.00,0.00
254493784,Cranbourne (AUS) 27th Feb,To Be Placed,27-02-2026 07:45,95579007,5. Bergasun,1,5.14220950,1.0000,4.7055,1.00,1001.00,1.00,1001.00,2071.20,0.00,0.00
254526970,Newcastle (AUS) 27th Feb,To Be Placed,27-02-2026 08:52,8468552,4. No Good Reason,0,5.44334823,1.0000,3.7073,1.00,1001.00,1.00,1001.00,636.51,0.00,0.00
254491089,Goulburn (AUS) 27th Feb,To Be Placed,27-02-2026 02:35,51636135,2. Cyclone Rupert,1,2.18000000,1.0000,2.0107,1.00,1001.00,1.00,1001.00,354.26,0.00,0.00
254527631,Ararat (AUS) 27th Feb,To Be Placed,27-02-2026 09:07,93497069,10. Pinnie,0,9.10500000,1.0000,2.8298,1.00,1001.00,1.00,1001.00,284.26,0.00,0.00
254493104,Kyneton (AUS) 27th Feb,To Be Placed,27-02-2026 04:30,95579703,15. Star Of The Nile,0,42.00000000,1.0000,27.6940,1.00,1001.00,1.00,1001.00,127.49,0.00,0.00
254491429,Townsville (AUS) 27th Feb,To Be Placed,27-02-2026 06:43,187896,1. Chartwell,0,3.55000000,1.0000,2.9362,1.00,1001.00,1.00,1001.00,1325.23,0.00,0.00
254530271,Gloucester Park (AUS) 27th Feb,To Be Placed,27-02-2026 12:29,3411567,6. Penny Black,1,1.43000000,1.0000,1.0000,1.00,1001.00,1.00,1001.00,0.00,0.00,0.00
254527627,Ararat (AUS) 27th Feb,To Be Placed,27-02-2026 08:07,47989140,8. Senna Storm,0,10.72127642,1.0000,8.0446,1.00,1001.00,1.00,1001.00,186.39,0.00,0.00
254530972,Northam (AUS) 27th Feb,To Be Placed,27-02-2026 11:10,59423596,7. Dee Jays Big Boy,1,3.60000000,1.0000,1.0000,1.00,1001.00,1.00,1001.00,0.00,0.00,0.00
254530043,Parkes (AUS) 27th Feb,To Be Placed,27-02-2026 08:40,75676827,10. Seven Tee Two,0,7.60000000,1.0000,,1.00,1001.00,1.00,1001.00,6.06,0.00,0.00
254491409,Townsville (AUS) 27th Feb,To Be Placed,27-02-2026 03:31,95579728,5. Mersey Lass,0,35.95983725,1.0000,30.5331,1.00,1001.00,1.00,1001.00,318.70,0.00,0.00
254491107,Goulburn (AUS) 27th Feb,To Be Placed,27-02-2026 06:20,95578804,9. Mayleigh,0,2.60733137,1.0000,2.0169,1.00,1001.00,1.00,1001.00,985.72,0.00,0.00
254493784,Cranbourne (AUS) 27th Feb,To Be Placed,27-02-2026 07:45,93206593,9. Convo,0,1.96000000,1.0000,1.7842,1.00,1001.00,1.00,1001.00,1935.40,0.00,0.00
254493097,Kyneton (AUS) 27th Feb,To Be Placed,27-02-2026 03:55,42062942,6. Siva Tau,0,7.19160498,1.0000,5.7358,1.00,1001.00,1.00,1001.00,580.56,0.00,0.00
254530283,Gloucester Park (AUS) 27th Feb,To Be Placed,27-02-2026 14:22,63162596,7. Hughey,0,3.62846363,1.0000,1.0000,1.00,1001.00,1.00,1001.00,0.00,0.00,0.00
254530047,Parkes (AUS) 27th Feb,To Be Placed,27-02-2026 09:40,77770312,5. Harveys Tooth,0,10.00000000,1.0000,7.5280,1.00,1001.00,1.00,1001.00,154.89,0.00,0.00
254530268,Gloucester Park (AUS) 27th Feb,To Be Placed,27-02-2026 11:40,76627078,12. Rockandrollartist,0,2.64661948,1.0000,1.0000,1.00,1001.00,1.00,1001.00,0.00,0.00,0.00
254527625,Ararat (AUS) 27th Feb,To Be Placed,27-02-2026 07:37,21319473,4. Four Lonely Nights,0,1.50518756,1.0000,1.1437,1.00,1001.00,1.00,1001.00,377.73,0.00,0.00
254526982,Newcastle (AUS) 27th Feb,To Be Placed,27-02-2026 10:48,51204462,10. Girlsgotcurls,1,3.50000000,1.0000,1.5768,1.00,1001.00,1.00,1001.00,43.08,0.00,0.00
254530256,Gloucester Park (AUS) 27th Feb,To Be Placed,27-02-2026 09:27,53914834,9. Maddy Rocks,0,42.00000000,1.0000,14.4794,1.00,1001.00,1.00,1001.00,7.30,0.00,0.00
254491429,Townsville (AUS) 27th Feb,To Be Placed,27-02-2026 06:43,68156818,4. Talons,0,15.80602357,1.0000,6.8567,1.00,1001.00,1.00,1001.00,621.07,0.00,0.00
254529461,Albion Park (AUS) 27th Feb,To Be Placed,27-02-2026 02:03,77657593,1. Charmaway,0,95.00000000,1.0000,37.0998,1.00,1001.00,1.00,1001.00,79.12,0.00,0.00
254553700,Newcastle (AUS) 27th Feb,To Be Placed,27-02-2026 09:48,95579072,5. Kristal Josselyn,0,1.88500000,1.0000,1.6824,1.00,1001.00,1.00,1001.00,217.54,0.00,0.00
254493076,Kyneton (AUS) 27th Feb,To Be Placed,27-02-2026 02:10,95579664,9. Fairfolly,0,4.77100169,1.0000,3.7597,1.00,1001.00,1.00,1001.00,232.12,0.00,0.00
254526982,Newcastle (AUS) 27th Feb,To Be Placed,27-02-2026 10:48,55754954,8. Mystical Sunshine,0,10.00000000,1.0000,2.0006,1.00,1001.00,1.00,1001.00,14.75,0.00,0.00
254523456,Wagga (AUS) 27th Feb,To Be Placed,27-02-2026 02:28,95542618,5. Tuffasnails,0,9.60000000,1.0000,1.8099,1.00,1001.00,1.00,1001.00,13.30,0.00,0.00
254493794,Cranbourne (AUS) 27th Feb,To Be Placed,27-02-2026 08:15,75795954,7. Sotomayor,1,2.76692496,1.0000,2.3860,1.00,1001.00,1.00,1001.00,822.25,0.00,0.00
254491101,Goulburn (AUS) 27th Feb,To Be Placed,27-02-2026 05:00,829813,6. Pretty Please,0,3.80000000,1.0000,3.5883,1.00,1001.00,1.00,1001.00,535.35,0.00,0.00
254491421,Townsville (AUS) 27th Feb,To Be Placed,27-02-2026 05:23,94486569,15. Craicaro,0,8.60000000,1.0000,8.4330,1.00,1001.00,1.00,1001.00,345.51,0.00,0.00
254526967,Newcastle (AUS) 27th Feb,To Be Placed,27-02-2026 08:22,28230962,4. Spirit King,1,2.45298244,1.0000,1.5819,1.00,1001.00,1.00,1001.00,966.68,0.00,0.00
254530262,Gloucester Park (AUS) 27th Feb,To Be Placed,27-02-2026 10:25,95546377,3. All Out Of Aces,1,1.73000000,1.0000,1.2167,1.00,1001.00,1.00,1001.00,162.80,0.00,0.00
254529473,Albion Park (AUS) 27th Feb,To Be Placed,27-02-2026 04:23,42945197,6. Keayang Tara,0,27.00000000,1.0000,,1.00,1001.00,1.00,1001.00,1.52,0.00,0.00
254530259,Gloucester Park (AUS) 27th Feb,To Be Placed,27-02-2026 09:55,56254551,1. Xcite Me,0,2.49660429,1.0000,1.7402,1.00,1001.00,1.00,1001.00,151.96,0.00,0.00
254529473,Albion Park (AUS) 27th Feb,To Be Placed,27-02-2026 04:23,56576308,9. Amillionchances,1,1.11000000,1.0000,1.1729,1.00,1001.00,1.00,1001.00,58.80,0.00,0.00
254530256,Gloucester Park (AUS) 27th Feb,To Be Placed,27-02-2026 09:27,48106164,10. Dourado,0,2.45095252,1.0000,2.3566,1.00,1001.00,1.00,1001.00,2146.29,0.00,0.00
254491101,Goulburn (AUS) 27th Feb,To Be Placed,27-02-2026 05:00,1437375,2. Tabor,1,2.88000000,1.0000,1.4590,1.00,1001.00,1.00,1001.00,537.22,0.00,0.00
254530045,Parkes (AUS) 27th Feb,To Be Placed,27-02-2026 09:05,65520987,10. My Latin Lady,0,1.69000000,1.0000,1.6383,1.00,1001.00,1.00,1001.00,36.76,0.00,0.00
254527635,Ararat (AUS) 27th Feb,To Be Placed,27-02-2026 10:07,1083466,5. Cash King,1,32.00000000,1.0000,,1.00,1001.00,1.00,1001.00,1.28,0.00,0.00
254527635,Ararat (AUS) 27th Feb,To Be Placed,27-02-2026 10:07,81033637,3. Five Cent,0,17.00000000,1.0000,,1.00,1001.00,1.00,1001.00,2.50,0.00,0.00
254491433,Townsville (AUS) 27th Feb,To Be Placed,27-02-2026 07:40,95579754,11. Bubblesnfroth,0,1.64000000,1.0000,1.3670,1.00,1001.00,1.00,1001.00,1550.33,0.00,0.00
254527627,Ararat (AUS) 27th Feb,To Be Placed,27-02-2026 08:07,40685925,7. Asmileandawinx,1,3.95000000,1.0000,3.4142,1.00,1001.00,1.00,1001.00,83.70,0.00,0.00
254530274,Gloucester Park (AUS) 27th Feb,To Be Placed,27-02-2026 12:55,42571441,11. Wall Street Girl,0,10.70698022,1.0000,1.0000,1.00,1001.00,1.00,1001.00,0.00,0.00,0.00
254527625,Ararat (AUS) 27th Feb,To Be Placed,27-02-2026 07:37,42070735,1. My Darling Devine,0,11.60892129,1.0000,6.4684,1.00,1001.00,1.00,1001.00,66.11,0.00,0.00
254527623,Ararat (AUS) 27th Feb,To Be Placed,27-02-2026 07:03,18235188,3. Caledonian Terra,0,1.42000000,1.0000,1.3828,1.00,1001.00,1.00,1001.00,2416.00,0.00,0.00
254523456,Wagga (AUS) 27th Feb,To Be Placed,27-02-2026 02:28,51785185,1. Donnie Mac,0,1.80000000,1.0000,1.8453,1.00,1001.00,1.00,1001.00,14.76,0.00,0.00
254491401,Townsville (AUS) 27th Feb,To Be Placed,27-02-2026 02:21,95579726,8. Jot Girl,0,10.50000000,1.0000,6.1578,1.00,1001.00,1.00,1001.00,135.47,0.00,0.00
254496726,Port Lincoln (AUS) 27th Feb,To Be Placed,27-02-2026 04:20,43798288,6. The Art Of Flying,0,21.56930308,1.0000,18.5719,1.00,1001.00,1.00,1001.00,166.62,0.00,0.00
254493097,Kyneton (AUS) 27th Feb,To Be Placed,27-02-2026 03:55,95579695,12. Lady Colonist,0,9.61832396,1.0000,5.7073,1.00,1001.00,1.00,1001.00,562.19,0.00,0.00
254491625,Canterbury (AUS) 27th Feb,To Be Placed,27-02-2026 08:00,86017849,2. Sacro Catino,0,9.65060683,1.0000,8.3207,1.00,1001.00,1.00,1001.00,547.88,0.00,0.00
254496702,Port Lincoln (AUS) 27th Feb,To Be Placed,27-02-2026 01:50,95514551,2. Benign,0,5.40000000,1.0000,3.5156,1.00,1001.00,1.00,1001.00,269.30,0.00,0.00
254523453,Wagga (AUS) 27th Feb,To Be Placed,27-02-2026 01:53,73445297,8. Lewendon,0,5.20000000,1.0000,2.4306,1.00,1001.00,1.00,1001.00,18.40,0.00,0.00
254491092,Goulburn (AUS) 27th Feb,To Be Placed,27-02-2026 03:10,66069450,5. Bulla Vinaka,1,1.79000000,1.0000,1.4396,1.00,1001.00,1.00,1001.00,1624.40,0.00,0.00
254529467,Albion Park (AUS) 27th Feb,To Be Placed,27-02-2026 03:13,3113058,6. Lanai,0,3.15000000,1.0000,2.7346,1.00,1001.00,1.00,1001.00,328.10,0.00,0.00
254491617,Canterbury (AUS) 27th Feb,To Be Placed,27-02-2026 07:30,1083554,5. Andrea,1,3.75000000,1.0000,1.9046,1.00,1001.00,1.00,1001.00,580.88,0.00,0.00
254527633,Ararat (AUS) 27th Feb,To Be Placed,27-02-2026 09:37,95541168,9. Madigan,1,3.24324344,1.0000,1.8416,1.00,1001.00,1.00,1001.00,57.26,0.00,0.00
254527623,Ararat (AUS) 27th Feb,To Be Placed,27-02-2026 07:03,8211656,2. Shiralee,1,5.58834951,1.0000,1.8425,1.00,1001.00,1.00,1001.00,10.82,0.00,0.00
254491421,Townsville (AUS) 27th Feb,To Be Placed,27-02-2026 05:23,65292296,7. Miss Shu,0,3.50000000,1.0000,3.0681,1.00,1001.00,1.00,1001.00,1152.75,0.00,0.00
254491104,Goulburn (AUS) 27th Feb,To Be Placed,27-02-2026 05:40,94779880,7. Canadian Fling,0,2.28000000,1.0000,1.6688,1.00,1001.00,1.00,1001.00,2135.40,0.00,0.00
254491433,Townsville (AUS) 27th Feb,To Be Placed,27-02-2026 07:40,95579766,23. Vee Eight Power,0,65.00000000,1.0000,48.0391,1.00,1001.00,1.00,1001.00,52.62,0.00,0.00
254526961,Newcastle (AUS) 27th Feb,To Be Placed,27-02-2026 07:22,80148051,10. Fake Friends,1,1.77000000,1.0000,1.5917,1.00,1001.00,1.00,1001.00,338.26,0.00,0.00
254496750,Port Lincoln (AUS) 27th Feb,To Be Placed,27-02-2026 06:50,64051232,12. Riverside Rock,0,9.03764124,1.0000,7.3619,1.00,1001.00,1.00,1001.00,398.37,0.00,0.00
254491665,Canterbury (AUS) 27th Feb,To Be Placed,27-02-2026 10:30,59452986,7. Mornington Pier,1,2.14808741,1.0000,1.6758,1.00,1001.00,1.00,1001.00,1720.11,0.00,0.00
254527629,Ararat (AUS) 27th Feb,To Be Placed,27-02-2026 08:37,92207874,7. Lady Suspicious,0,7.80000000,1.0000,5.2512,1.00,1001.00,1.00,1001.00,143.18,0.00,0.00
254491641,Canterbury (AUS) 27th Feb,To Be Placed,27-02-2026 09:00,95301276,7. Slinky,0,1.93093240,1.0000,1.3415,1.00,1001.00,1.00,1001.00,400.00,0.00,0.00
254491649,Canterbury (AUS) 27th Feb,To Be Placed,27-02-2026 09:30,95578843,2. Southern Heiress,0,1.50000000,1.0000,1.3046,1.00,1001.00,1.00,1001.00,380.52,0.00,0.00
254529470,Albion Park (AUS) 27th Feb,To Be Placed,27-02-2026 03:48,84912819,8. Heavensent,0,8.57700381,1.0000,7.8820,1.00,1001.00,1.00,1001.00,73.92,0.00,0.00
254530053,Parkes (AUS) 27th Feb,To Be Placed,27-02-2026 11:05,95581949,9. Smooth Chakra,1,1.57000000,1.0000,1.0000,1.00,1001.00,1.00,1001.00,0.00,0.00,0.00
254530268,Gloucester Park (AUS) 27th Feb,To Be Placed,27-02-2026 11:40,61039346,5. Ima Fivestar General,0,4.80000000,1.0000,1.0000,1.00,1001.00,1.00,1001.00,0.00,0.00,0.00
254491089,Goulburn (AUS) 27th Feb,To Be Placed,27-02-2026 02:35,95578787,5. Media Frenzy,0,4.10000000,1.0000,1.7416,1.00,1001.00,1.00,1001.00,572.38,0.00,0.00
254529479,Albion Park (AUS) 27th Feb,To Be Placed,27-02-2026 05:43,55572463,9. Quik Change,0,1.72000000,1.0000,1.5659,1.00,1001.00,1.00,1001.00,63.44,0.00,0.00
254526967,Newcastle (AUS) 27th Feb,To Be Placed,27-02-2026 08:22,79491979,2. Sweet Rocky,0,4.30000000,1.0000,2.8456,1.00,1001.00,1.00,1001.00,121.06,0.00,0.00
254491107,Goulburn (AUS) 27th Feb,To Be Placed,27-02-2026 06:20,95578802,7. Eastern Beauty,1,8.19669006,1.0000,6.9860,1.00,1001.00,1.00,1001.00,1373.76,0.00,0.00
254530974,Northam (AUS) 27th Feb,To Be Placed,27-02-2026 11:48,53184251,3. Rising Spirit,0,4.56003579,1.0000,1.0000,1.00,1001.00,1.00,1001.00,0.00,0.00,0.00
254530968,Northam (AUS) 27th Feb,To Be Placed,27-02-2026 10:04,27386248,8. Swanbourne Spunk,0,1.96500000,1.0000,1.9600,1.00,1001.00,1.00,1001.00,0.58,0.00,0.00
254496702,Port Lincoln (AUS) 27th Feb,To Be Placed,27-02-2026 01:50,94409121,5. Bomba Cat,0,69.20916290,1.0000,22.5896,1.00,1001.00,1.00,1001.00,48.64,0.00,0.00
254530053,Parkes (AUS) 27th Feb,To Be Placed,27-02-2026 11:05,58250238,10. Aaron Mint,0,17.60736686,1.0000,17.4999,1.00,1001.00,1.00,1001.00,1.86,0.00,0.00
254530262,Gloucester Park (AUS) 27th Feb,To Be Placed,27-02-2026 10:25,95546383,10. Arvannas Wish,0,2.60000000,1.0000,2.1677,1.00,1001.00,1.00,1001.00,817.89,0.00,0.00
254526982,Newcastle (AUS) 27th Feb,To Be Placed,27-02-2026 10:48,155306,4. Summer Delight,0,1.49000000,1.0000,1.2479,1.00,1001.00,1.00,1001.00,37.56,0.00,0.00
254530045,Parkes (AUS) 27th Feb,To Be Placed,27-02-2026 09:05,73154756,7. Violet Jay,1,2.16000000,1.0000,1.7410,1.00,1001.00,1.00,1001.00,59.24,0.00,0.00
254491609,Canterbury (AUS) 27th Feb,To Be Placed,27-02-2026 07:00,95578827,13. Ektifire,0,3.70000000,1.0000,1.8283,1.00,1001.00,1.00,1001.00,214.85,0.00,0.00
254529485,Albion Park (AUS) 27th Feb,To Be Placed,27-02-2026 06:53,63417609,1. Lochinvar Jewells,0,2.32000000,1.0000,1.8586,1.00,1001.00,1.00,1001.00,116.38,0.00,0.00
254496720,Port Lincoln (AUS) 27th Feb,To Be Placed,27-02-2026 03:50,63640354,6. Cuban Lord,0,2.32272584,1.0000,1.4114,1.00,1001.00,1.00,1001.00,4778.07,0.00,0.00
254496720,Port Lincoln (AUS) 27th Feb,To Be Placed,27-02-2026 03:50,67077279,9. Lions Instinct,1,6.48175721,1.0000,5.7973,1.00,1001.00,1.00,1001.00,120.01,0.00,0.00
254529461,Albion Park (AUS) 27th Feb,To Be Placed,27-02-2026 02:03,7926125,7. Saturday Dance,0,55.00000000,1.0000,27.4419,1.00,1001.00,1.00,1001.00,71.28,0.00,0.00
254530256,Gloucester Park (AUS) 27th Feb,To Be Placed,27-02-2026 09:27,95546375,11. Major Thinker,0,3.30000000,1.0000,1.7793,1.00,1001.00,1.00,1001.00,63.03,0.00,0.00
254530972,Northam (AUS) 27th Feb,To Be Placed,27-02-2026 11:10,35727179,1. Bazza Mac,0,11.00000000,1.0000,1.0000,1.00,1001.00,1.00,1001.00,0.00,0.00,0.00
254493125,Kyneton (AUS) 27th Feb,To Be Placed,27-02-2026 06:30,95579719,17. Montgomery Bay,0,3.05000000,1.0000,1.9774,1.00,1001.00,1.00,1001.00,563.86,0.00,0.00
254527623,Ararat (AUS) 27th Feb,To Be Placed,27-02-2026 07:03,75943168,8. Huxham Chubb,0,7.40000000,1.0000,3.3389,1.00,1001.00,1.00,1001.00,13.44,0.00,0.00
254530259,Gloucester Park (AUS) 27th Feb,To Be Placed,27-02-2026 09:55,67908947,11. Swagger Man,0,8.44573933,1.0000,6.6880,1.00,1001.00,1.00,1001.00,31.22,0.00,0.00
254493118,Kyneton (AUS) 27th Feb,To Be Placed,27-02-2026 05:50,1137740,13. Balgowan,0,12.00000000,1.0000,6.9736,1.00,1001.00,1.00,1001.00,259.56,0.00,0.00
254496714,Port Lincoln (AUS) 27th Feb,To Be Placed,27-02-2026 03:00,93167941,1. Aquafox,1,2.02658261,1.0000,1.7001,1.00,1001.00,1.00,1001.00,497.87,0.00,0.00
254491609,Canterbury (AUS) 27th Feb,To Be Placed,27-02-2026 07:00,95578820,1. Euripedes,1,1.71000000,1.0000,1.5116,1.00,1001.00,1.00,1001.00,4225.61,0.00,0.00
254493812,Cranbourne (AUS) 27th Feb,To Be Placed,27-02-2026 09:15,94615294,3. Attachments,0,1.18360221,1.0000,1.1515,1.00,1001.00,1.00,1001.00,2961.30,0.00,0.00
254491609,Canterbury (AUS) 27th Feb,To Be Placed,27-02-2026 07:00,95300993,10. The Wildling,0,2.50000000,1.0000,2.1284,1.00,1001.00,1.00,1001.00,770.69,0.00,0.00
254493125,Kyneton (AUS) 27th Feb,To Be Placed,27-02-2026 06:30,95579712,5. Benefitsofmine,1,5.20000000,1.0000,2.4721,1.00,1001.00,1.00,1001.00,739.99,0.00,0.00
254491429,Townsville (AUS) 27th Feb,To Be Placed,27-02-2026 06:43,2378352,7. Mr Damage,0,70.00000000,1.0000,35.5226,1.00,1001.00,1.00,1001.00,68.57,0.00,0.00
254491401,Townsville (AUS) 27th Feb,To Be Placed,27-02-2026 02:21,92743566,10. Valadore,0,1.60000000,1.0000,1.2068,1.00,1001.00,1.00,1001.00,166.72,0.00,0.00
254496714,Port Lincoln (AUS) 27th Feb,To Be Placed,27-02-2026 03:00,62393780,8. Barbies Pearl,0,17.19190357,1.0000,4.0819,1.00,1001.00,1.00,1001.00,40.58,0.00,0.00
254493821,Cranbourne (AUS) 27th Feb,To Be Placed,27-02-2026 09:45,74814500,7. Blackberry Bomb,0,3.22211773,1.0000,2.5061,1.00,1001.00,1.00,1001.00,2195.96,0.00,0.00
254530049,Parkes (AUS) 27th Feb,To Be Placed,27-02-2026 10:12,2074382,3. Starbase,0,1.67000000,1.0000,1.1402,1.00,1001.00,1.00,1001.00,78.04,0.00,0.00
254526961,Newcastle (AUS) 27th Feb,To Be Placed,27-02-2026 07:22,72694443,6. Sweet Tara,0,4.70000000,1.0000,2.8428,1.00,1001.00,1.00,1001.00,34.02,0.00,0.00
254530037,Parkes (AUS) 27th Feb,To Be Placed,27-02-2026 07:10,79340498,2. Ultimate Cookie,0,2.62000000,1.0000,1.7054,1.00,1001.00,1.00,1001.00,94.94,0.00,0.00
254493118,Kyneton (AUS) 27th Feb,To Be Placed,27-02-2026 05:50,86306359,7. Rosies Prophecy,0,3.87837258,1.0000,1.7803,1.00,1001.00,1.00,1001.00,1608.52,0.00,0.00
254491633,Canterbury (AUS) 27th Feb,To Be Placed,27-02-2026 08:30,4872659,7. Powerhouse,1,1.28872885,1.0000,1.0803,1.00,1001.00,1.00,1001.00,2134.05,0.00,0.00
254493839,Cranbourne (AUS) 27th Feb,To Be Placed,27-02-2026 10:45,80329693,8. Luvya Mumma,0,2.60284611,1.0000,2.0338,1.00,1001.00,1.00,1001.00,1020.49,0.00,0.00
254529485,Albion Park (AUS) 27th Feb,To Be Placed,27-02-2026 06:53,62145117,3. Pennie Packer,0,2.42000000,1.0000,1.6355,1.00,1001.00,1.00,1001.00,61.28,0.00,0.00
254491089,Goulburn (AUS) 27th Feb,To Be Placed,27-02-2026 02:35,71085235,6. Romanticism,0,1.22942057,1.0000,1.1612,1.00,1001.00,1.00,1001.00,1937.10,0.00,0.00
254491104,Goulburn (AUS) 27th Feb,To Be Placed,27-02-2026 05:40,28287275,6. Chairmans List,0,6.00000000,1.0000,2.1992,1.00,1001.00,1.00,1001.00,415.30,0.00,0.00
254491092,Goulburn (AUS) 27th Feb,To Be Placed,27-02-2026 03:10,95578788,3. Ripping Missile,0,44.00000000,1.0000,17.9098,1.00,1001.00,1.00,1001.00,101.22,0.00,0.00
254491421,Townsville (AUS) 27th Feb,To Be Placed,27-02-2026 05:23,84471340,11. Store Beach,0,16.00000000,1.0000,10.6435,1.00,1001.00,1.00,1001.00,631.42,0.00,0.00
254491425,Townsville (AUS) 27th Feb,To Be Placed,27-02-2026 06:03,42138820,2. Captain Bond,0,4.85446271,1.0000,4.0233,1.00,1001.00,1.00,1001.00,1017.71,0.00,0.00
254553700,Newcastle (AUS) 27th Feb,To Be Placed,27-02-2026 09:48,39149822,3. Rakero Blaze,0,2.94000000,1.0000,1.9505,1.00,1001.00,1.00,1001.00,31.12,0.00,0.00
254493821,Cranbourne (AUS) 27th Feb,To Be Placed,27-02-2026 09:45,79738242,4. Cannyworth,0,2.27078632,1.0000,1.7466,1.00,1001.00,1.00,1001.00,1702.12,0.00,0.00
254493118,Kyneton (AUS) 27th Feb,To Be Placed,27-02-2026 05:50,68091485,10. Soho Princess,0,5.46161989,1.0000,4.0670,1.00,1001.00,1.00,1001.00,682.76,0.00,0.00
254530259,Gloucester Park (AUS) 27th Feb,To Be Placed,27-02-2026 09:55,70396422,10. Bettor Arcade,1,1.66000000,1.0000,1.3243,1.00,1001.00,1.00,1001.00,730.98,0.00,0.00
254523450,Wagga (AUS) 27th Feb,To Be Placed,27-02-2026 01:23,94183156,6. Chancetowin,0,2.04000000,1.0000,1.7328,1.00,1001.00,1.00,1001.00,151.46,0.00,0.00
254493097,Kyneton (AUS) 27th Feb,To Be Placed,27-02-2026 03:55,84982346,9. Downtherabbithole,0,24.00000000,1.0000,8.7819,1.00,1001.00,1.00,1001.00,248.63,0.00,0.00
254496744,Port Lincoln (AUS) 27th Feb,To Be Placed,27-02-2026 06:10,95514561,13. Talent Scout,0,9.82808800,1.0000,7.3824,1.00,1001.00,1.00,1001.00,667.52,0.00,0.00
254529464,Albion Park (AUS) 27th Feb,To Be Placed,27-02-2026 02:38,71192310,3. Lain,1,6.17230380,1.0000,3.9094,1.00,1001.00,1.00,1001.00,87.33,0.00,0.00
254491413,Townsville (AUS) 27th Feb,To Be Placed,27-02-2026 04:06,76006109,5. Who Asked Zou,0,2.59384748,1.0000,1.9662,1.00,1001.00,1.00,1001.00,1106.77,0.00,0.00
254493803,Cranbourne (AUS) 27th Feb,To Be Placed,27-02-2026 08:45,3059998,1. Tower Bridge,0,1.80000000,1.0000,1.4750,1.00,1001.00,1.00,1001.00,2069.29,0.00,0.00
254523459,Wagga (AUS) 27th Feb,To Be Placed,27-02-2026 03:03,41988612,1. Uncle Craigo,0,1.29483870,1.0000,1.2672,1.00,1001.00,1.00,1001.00,272.10,0.00,0.00
254493794,Cranbourne (AUS) 27th Feb,To Be Placed,27-02-2026 08:15,95579011,4. Humza Bey,0,1.94000000,1.0000,1.4343,1.00,1001.00,1.00,1001.00,1623.33,0.00,0.00
254529464,Albion Park (AUS) 27th Feb,To Be Placed,27-02-2026 02:38,95542641,12. Majestic Breeze,1,1.58360695,1.0000,1.4444,1.00,1001.00,1.00,1001.00,789.68,0.00,0.00
254523471,Wagga (AUS) 27th Feb,To Be Placed,27-02-2026 05:33,81850590,6. Waves Of Chance,0,7.20191365,1.0000,3.1413,1.00,1001.00,1.00,1001.00,21.22,0.00,0.00
254529473,Albion Park (AUS) 27th Feb,To Be Placed,27-02-2026 04:23,44563848,2. Three Chord Riff,0,9.80000000,1.0000,3.3182,1.00,1001.00,1.00,1001.00,6.46,0.00,0.00
254523471,Wagga (AUS) 27th Feb,To Be Placed,27-02-2026 05:33,2990306,10. Sparkling Sea,1,1.06000000,1.0000,1.0833,1.00,1001.00,1.00,1001.00,2381.14,0.00,0.00
254523456,Wagga (AUS) 27th Feb,To Be Placed,27-02-2026 02:28,72445092,6. Spirit Of Sahara,1,1.50000000,1.0000,1.4784,1.00,1001.00,1.00,1001.00,113.70,0.00,0.00
254530280,Gloucester Park (AUS) 27th Feb,To Be Placed,27-02-2026 13:50,95546394,2. Sweet Wish,1,1.99130345,1.0000,1.0000,1.00,1001.00,1.00,1001.00,0.00,0.00,0.00
254523453,Wagga (AUS) 27th Feb,To Be Placed,27-02-2026 01:53,1265850,4. Wicked Wizard,1,1.21000000,1.0000,1.1970,1.00,1001.00,1.00,1001.00,67.16,0.00,0.00
254526961,Newcastle (AUS) 27th Feb,To Be Placed,27-02-2026 07:22,30105444,8. Cheddar Valley,0,5.90000000,1.0000,1.9534,1.00,1001.00,1.00,1001.00,11.34,0.00,0.00
254491429,Townsville (AUS) 27th Feb,To Be Placed,27-02-2026 06:43,95579741,14. Hell Of A Bentley,0,5.84415512,1.0000,3.3003,1.00,1001.00,1.00,1001.00,187.72,0.00,0.00
254527631,Ararat (AUS) 27th Feb,To Be Placed,27-02-2026 09:07,56576922,3. Mitchell Wrap,0,125.97500000,1.0000,2.5963,1.00,1001.00,1.00,1001.00,88.00,0.00,0.00
254496744,Port Lincoln (AUS) 27th Feb,To Be Placed,27-02-2026 06:10,582093,6. Burning Bright,0,3.00000000,1.0000,2.0163,1.00,1001.00,1.00,1001.00,591.62,0.00,0.00
254530037,Parkes (AUS) 27th Feb,To Be Placed,27-02-2026 07:10,95581934,6. Bettingonya,1,2.98000000,1.0000,1.5799,1.00,1001.00,1.00,1001.00,92.90,0.00,0.00
254527625,Ararat (AUS) 27th Feb,To Be Placed,27-02-2026 07:37,50670671,9. Kimchi,0,6.36124552,1.0000,1.9748,1.00,1001.00,1.00,1001.00,61.92,0.00,0.00
254493839,Cranbourne (AUS) 27th Feb,To Be Placed,27-02-2026 10:45,82538611,1. Seafall,0,2.20000000,1.0000,1.9282,1.00,1001.00,1.00,1001.00,1304.19,0.00,0.00
254491104,Goulburn (AUS) 27th Feb,To Be Placed,27-02-2026 05:40,41046487,3. Victory At Omaha,0,4.70000000,1.0000,2.3613,1.00,1001.00,1.00,1001.00,435.79,0.00,0.00
254526979,Newcastle (AUS) 27th Feb,To Be Placed,27-02-2026 10:18,81310558,9. Line Of Courage,0,4.60000000,1.0000,2.6472,1.00,1001.00,1.00,1001.00,81.90,0.00,0.00
254529479,Albion Park (AUS) 27th Feb,To Be Placed,27-02-2026 05:43,39098604,5. My Ultimate Cobber,0,13.02872678,1.0000,1.5963,1.00,1001.00,1.00,1001.00,3.32,0.00,0.00
254491421,Townsville (AUS) 27th Feb,To Be Placed,27-02-2026 05:23,95579736,1. Rhegion,1,1.71000000,1.0000,1.4805,1.00,1001.00,1.00,1001.00,4502.45,0.00,0.00
254530041,Parkes (AUS) 27th Feb,To Be Placed,27-02-2026 08:10,9172606,7. Hudson River,0,5.80000000,1.0000,7.2764,1.00,1001.00,1.00,1001.00,788.50,0.00,0.00
254530259,Gloucester Park (AUS) 27th Feb,To Be Placed,27-02-2026 09:55,50836543,3. Lincoln River,1,1.19000000,1.0000,1.1414,1.00,1001.00,1.00,1001.00,1571.81,0.00,0.00
254493794,Cranbourne (AUS) 27th Feb,To Be Placed,27-02-2026 08:15,85507339,6. Silver Pledge,0,15.08362122,1.0000,6.3281,1.00,1001.00,1.00,1001.00,504.38,0.00,0.00
254530041,Parkes (AUS) 27th Feb,To Be Placed,27-02-2026 08:10,80611236,2. Centrefire,0,1.08000000,1.0000,1.0957,1.00,1001.00,1.00,1001.00,250.58,0.00,0.00
254530256,Gloucester Park (AUS) 27th Feb,To Be Placed,27-02-2026 09:27,90017759,12. Chasing Rex,1,3.60000000,1.0000,3.0507,1.00,1001.00,1.00,1001.00,77.06,0.00,0.00
254523450,Wagga (AUS) 27th Feb,To Be Placed,27-02-2026 01:23,94457838,2. Throwdown Hoedown,1,2.32000000,1.0000,2.0875,1.00,1001.00,1.00,1001.00,31.74,0.00,0.00
254530053,Parkes (AUS) 27th Feb,To Be Placed,27-02-2026 11:05,95581948,5. Sam The Man,0,20.84380472,1.0000,39.9999,1.00,1001.00,1.00,1001.00,1.08,0.00,0.00
254523474,Wagga (AUS) 27th Feb,To Be Placed,27-02-2026 06:13,65520716,7. Jilliby Fabio,0,14.50000000,1.0000,6.1743,1.00,1001.00,1.00,1001.00,5.14,0.00,0.00
254529470,Albion Park (AUS) 27th Feb,To Be Placed,27-02-2026 03:48,82643667,7. The Luvbug,0,19.50000000,1.0000,1.7105,1.00,1001.00,1.00,1001.00,2.28,0.00,0.00
254527629,Ararat (AUS) 27th Feb,To Be Placed,27-02-2026 08:37,47872236,1. That Other Thing,0,2.70000000,1.0000,2.3516,1.00,1001.00,1.00,1001.00,88.06,0.00,0.00
254527633,Ararat (AUS) 27th Feb,To Be Placed,27-02-2026 09:37,84401468,12. Meteor Moth,0,1.22000000,1.0000,1.0747,1.00,1001.00,1.00,1001.00,221.48,0.00,0.00
254530970,Northam (AUS) 27th Feb,To Be Placed,27-02-2026 10:33,54148362,7. Hot Cinder,0,8.00000000,1.0000,1.7614,1.00,1001.00,1.00,1001.00,5.70,0.00,0.00
254491401,Townsville (AUS) 27th Feb,To Be Placed,27-02-2026 02:21,95263570,4. Standard Gladiator,0,4.94550236,1.0000,3.7035,1.00,1001.00,1.00,1001.00,1497.38,0.00,0.00
254491625,Canterbury (AUS) 27th Feb,To Be Placed,27-02-2026 08:00,82115934,16. Okami Star,0,2.53190782,1.0000,1.9791,1.00,1001.00,1.00,1001.00,1166.46,0.00,0.00
254530265,Gloucester Park (AUS) 27th Feb,To Be Placed,27-02-2026 10:55,95546389,8. Hez The Boss,1,1.28000000,1.0000,1.2956,1.00,1001.00,1.00,1001.00,2143.19,0.00,0.00
254530280,Gloucester Park (AUS) 27th Feb,To Be Placed,27-02-2026 13:50,95546396,6. Ma Petite Dame,0,5.50000000,1.0000,1.0000,1.00,1001.00,1.00,1001.00,0.00,0.00,0.00
254491098,Goulburn (AUS) 27th Feb,To Be Placed,27-02-2026 04:20,94226115,1. Foursixty Squadron,0,23.00000000,1.0000,9.0281,1.00,1001.00,1.00,1001.00,63.86,0.00,0.00
254496750,Port Lincoln (AUS) 27th Feb,To Be Placed,27-02-2026 06:50,28500001,3. My Mate Sonny,1,1.87271373,1.0000,1.7989,1.00,1001.00,1.00,1001.00,2049.33,0.00,0.00
254493830,Cranbourne (AUS) 27th Feb,To Be Placed,27-02-2026 10:15,77023008,4. Give Me Space,0,2.40285159,1.0000,1.9080,1.00,1001.00,1.00,1001.00,5221.57,0.00,0.00
254491413,Townsville (AUS) 27th Feb,To Be Placed,27-02-2026 04:06,92504195,13. Omnipresent,0,66.23509639,1.0000,34.2694,1.00,1001.00,1.00,1001.00,78.00,0.00,0.00
254523459,Wagga (AUS) 27th Feb,To Be Placed,27-02-2026 03:03,42279638,4. Shaken Sands,1,5.00000000,1.0000,3.1329,1.00,1001.00,1.00,1001.00,21.42,0.00,0.00
254530968,Northam (AUS) 27th Feb,To Be Placed,27-02-2026 10:04,64809822,1. Ciao Babe,0,1.37000000,1.0000,1.4050,1.00,1001.00,1.00,1001.00,237.72,0.00,0.00
254530283,Gloucester Park (AUS) 27th Feb,To Be Placed,27-02-2026 14:22,64330202,9. Marbeechsam,1,4.61913799,1.0000,1.0000,1.00,1001.00,1.00,1001.00,0.00,0.00,0.00
254530039,Parkes (AUS) 27th Feb,To Be Placed,27-02-2026 07:44,22257443,8. Loyola Golf,1,1.26000000,1.0000,1.1382,1.00,1001.00,1.00,1001.00,3.16,0.00,0.00
254493118,Kyneton (AUS) 27th Feb,To Be Placed,27-02-2026 05:50,74264123,11. Thats All Good,0,2.11691495,1.0000,1.7375,1.00,1001.00,1.00,1001.00,5254.61,0.00,0.00
254526961,Newcastle (AUS) 27th Feb,To Be Placed,27-02-2026 07:22,84409638,2. Watsluvgottado,1,12.00000000,1.0000,2.7837,1.00,1001.00,1.00,1001.00,8.88,0.00,0.00
254526979,Newcastle (AUS) 27th Feb,To Be Placed,27-02-2026 10:18,95579077,10. Rocknroll Cowboy,1,1.39000000,1.0000,1.1940,1.00,1001.00,1.00,1001.00,487.54,0.00,0.00
254529470,Albion Park (AUS) 27th Feb,To Be Placed,27-02-2026 03:48,95542644,5. Barsby,1,1.10000000,1.0000,1.1267,1.00,1001.00,1.00,1001.00,5486.22,0.00,0.00
254526967,Newcastle (AUS) 27th Feb,To Be Placed,27-02-2026 08:22,41553569,11. Heavenly Reason,0,27.00000000,1.0000,20.1210,1.00,1001.00,1.00,1001.00,121.60,0.00,0.00
254491397,Townsville (AUS) 27th Feb,To Be Placed,27-02-2026 01:45,95579722,3. Parppy N Me,0,6.43606832,1.0000,4.6353,1.00,1001.00,1.00,1001.00,286.84,0.00,0.00
254496726,Port Lincoln (AUS) 27th Feb,To Be Placed,27-02-2026 04:20,78976342,13. Shinohara,0,2.77223210,1.0000,2.7096,1.00,1001.00,1.00,1001.00,511.47,0.00,0.00
254530256,Gloucester Park (AUS) 27th Feb,To Be Placed,27-02-2026 09:27,68323538,7. Swizzlestick,0,13.00000000,1.0000,7.4790,1.00,1001.00,1.00,1001.00,12.42,0.00,0.00
254491413,Townsville (AUS) 27th Feb,To Be Placed,27-02-2026 04:06,69128384,3. Storm Capital,1,1.38166776,1.0000,1.2308,1.00,1001.00,1.00,1001.00,4097.39,0.00,0.00
254496732,Port Lincoln (AUS) 27th Feb,To Be Placed,27-02-2026 04:50,82603923,2. Olive Baguette,1,2.20326830,1.0000,1.7330,1.00,1001.00,1.00,1001.00,1536.93,0.00,0.00
254496732,Port Lincoln (AUS) 27th Feb,To Be Placed,27-02-2026 04:50,43080749,12. Prophets Choice,0,5.95009654,1.0000,3.4813,1.00,1001.00,1.00,1001.00,289.83,0.00,0.00
254530970,Northam (AUS) 27th Feb,To Be Placed,27-02-2026 10:33,60463524,1. Major Buzz,0,1.38000000,1.0000,1.1702,1.00,1001.00,1.00,1001.00,297.64,0.00,0.00
254527623,Ararat (AUS) 27th Feb,To Be Placed,27-02-2026 07:03,36710746,7. She Will Wantano,0,14.00000000,1.0000,3.8029,1.00,1001.00,1.00,1001.00,5.38,0.00,0.00
254530039,Parkes (AUS) 27th Feb,To Be Placed,27-02-2026 07:44,41151978,6. Whataboutbronson,0,14.50000000,1.0000,,1.00,1001.00,1.00,1001.00,2.96,0.00,0.00
254529461,Albion Park (AUS) 27th Feb,To Be Placed,27-02-2026 02:03,86404035,6. Gottago Barney,0,5.40000000,1.0000,7.1916,1.00,1001.00,1.00,1001.00,53.48,0.00,0.00
254493784,Cranbourne (AUS) 27th Feb,To Be Placed,27-02-2026 07:45,78464481,7. Olney,1,3.55000000,1.0000,2.6588,1.00,1001.00,1.00,1001.00,827.93,0.00,0.00
254530035,Parkes (AUS) 27th Feb,To Be Placed,27-02-2026 06:38,61897271,7. Betting On Courage,0,1.39247053,1.0000,1.2195,1.00,1001.00,1.00,1001.00,590.67,0.00,0.00
254523462,Wagga (AUS) 27th Feb,To Be Placed,27-02-2026 03:38,95542619,3. Shez No Stranger,0,42.00000000,1.0000,21.6179,1.00,1001.00,1.00,1001.00,4.24,0.00,0.00
254530259,Gloucester Park (AUS) 27th Feb,To Be Placed,27-02-2026 09:55,74784771,12. Sugar Street,0,13.87580470,1.0000,5.6481,1.00,1001.00,1.00,1001.00,11.14,0.00,0.00
254523462,Wagga (AUS) 27th Feb,To Be Placed,27-02-2026 03:38,94647354,2. Kycorden,0,38.00000000,1.0000,17.3457,1.00,1001.00,1.00,1001.00,2.14,0.00,0.00
254526964,Newcastle (AUS) 27th Feb,To Be Placed,27-02-2026 07:52,84670652,7. Grumpyshannon,0,15.50000000,1.0000,3.0193,1.00,1001.00,1.00,1001.00,3.62,0.00,0.00
254530277,Gloucester Park (AUS) 27th Feb,To Be Placed,27-02-2026 13:25,80415787,12. Minor Catastrophe,0,7.84529630,1.0000,1.0000,1.00,1001.00,1.00,1001.00,0.00,0.00,0.00
254496714,Port Lincoln (AUS) 27th Feb,To Be Placed,27-02-2026 03:00,93573815,7. Me Names Kenny,0,20.26507222,1.0000,7.0165,1.00,1001.00,1.00,1001.00,64.38,0.00,0.00
254493090,Kyneton (AUS) 27th Feb,To Be Placed,27-02-2026 03:20,95579682,2. I Am Vengeance,0,5.97740195,1.0000,3.0808,1.00,1001.00,1.00,1001.00,662.90,0.00,0.00
254530271,Gloucester Park (AUS) 27th Feb,To Be Placed,27-02-2026 12:29,52285289,5. Water Lou,0,7.55234169,1.0000,1.0000,1.00,1001.00,1.00,1001.00,0.00,0.00,0.00
254496738,Port Lincoln (AUS) 27th Feb,To Be Placed,27-02-2026 05:30,41132372,10. Jonquest,0,11.45982000,1.0000,9.3693,1.00,1001.00,1.00,1001.00,271.52,0.00,0.00
254493839,Cranbourne (AUS) 27th Feb,To Be Placed,27-02-2026 10:45,85251008,2. Stage N Screen,1,1.58000000,1.0000,1.4484,1.00,1001.00,1.00,1001.00,2590.35,0.00,0.00
254526967,Newcastle (AUS) 27th Feb,To Be Placed,27-02-2026 08:22,66862327,3. The Greek General,1,1.76025411,1.0000,1.5455,1.00,1001.00,1.00,1001.00,174.36,0.00,0.00
254496720,Port Lincoln (AUS) 27th Feb,To Be Placed,27-02-2026 03:50,46836458,11. Flying Step,0,4.36717369,1.0000,2.7922,1.00,1001.00,1.00,1001.00,345.07,0.00,0.00
254491101,Goulburn (AUS) 27th Feb,To Be Placed,27-02-2026 05:00,91157382,12. Big Time Charlie,0,9.45297044,1.0000,4.4768,1.00,1001.00,1.00,1001.00,338.58,0.00,0.00
254526961,Newcastle (AUS) 27th Feb,To Be Placed,27-02-2026 07:22,8949673,7. Bodyline,0,3.95000000,1.0000,2.4137,1.00,1001.00,1.00,1001.00,70.82,0.00,0.00
254529464,Albion Park (AUS) 27th Feb,To Be Placed,27-02-2026 02:38,95542640,10. Moonshine Penny,0,9.80000000,1.0000,4.6342,1.00,1001.00,1.00,1001.00,80.20,0.00,0.00
254530283,Gloucester Park (AUS) 27th Feb,To Be Placed,27-02-2026 14:22,50747194,11. Priddah,0,4.78820000,1.0000,1.0000,1.00,1001.00,1.00,1001.00,0.00,0.00,0.00
254530976,Northam (AUS) 27th Feb,To Be Placed,27-02-2026 12:15,88419220,7. Goggins,0,10.97404265,1.0000,1.0000,1.00,1001.00,1.00,1001.00,0.00,0.00,0.00
254491413,Townsville (AUS) 27th Feb,To Be Placed,27-02-2026 04:06,74537341,11. Rock On Angel,1,2.35944713,1.0000,2.1358,1.00,1001.00,1.00,1001.00,3133.37,0.00,0.00
254493812,Cranbourne (AUS) 27th Feb,To Be Placed,27-02-2026 09:15,1158666,10. Statice,0,3.97966595,1.0000,3.9159,1.00,1001.00,1.00,1001.00,3182.85,0.00,0.00
254530268,Gloucester Park (AUS) 27th Feb,To Be Placed,27-02-2026 11:40,37467342,10. Longreach Bay,0,10.50000000,1.0000,1.0000,1.00,1001.00,1.00,1001.00,0.00,0.00,0.00
254530277,Gloucester Park (AUS) 27th Feb,To Be Placed,27-02-2026 13:25,27921969,10. Trittrittbangbang,1,5.52619126,1.0000,1.0000,1.00,1001.00,1.00,1001.00,0.00,0.00,0.00
254530277,Gloucester Park (AUS) 27th Feb,To Be Placed,27-02-2026 13:25,24611141,2. The Righteous,0,17.00000000,1.0000,1.0000,1.00,1001.00,1.00,1001.00,0.00,0.00,0.00
254529485,Albion Park (AUS) 27th Feb,To Be Placed,27-02-2026 06:53,78433955,6. Be Good Miki,0,2.61000000,1.0000,2.3800,1.00,1001.00,1.00,1001.00,0.26,0.00,0.00
254529470,Albion Park (AUS) 27th Feb,To Be Placed,27-02-2026 03:48,83156919,1. Shes My Mistake,0,1.81264920,1.0000,1.4539,1.00,1001.00,1.00,1001.00,690.96,0.00,0.00
254530970,Northam (AUS) 27th Feb,To Be Placed,27-02-2026 10:33,90542834,8. Blind Edition,0,2.16000000,1.0000,1.5800,1.00,1001.00,1.00,1001.00,32.28,0.00,0.00
254530265,Gloucester Park (AUS) 27th Feb,To Be Placed,27-02-2026 10:55,95546393,12. Leo Narrdo,0,1.96108314,1.0000,2.0530,1.00,1001.00,1.00,1001.00,8352.07,0.00,0.00
254493083,Kyneton (AUS) 27th Feb,To Be Placed,27-02-2026 02:45,95579679,8. Notiramisuforyou,0,3.92758230,1.0000,3.4446,1.00,1001.00,1.00,1001.00,363.83,0.00,0.00
254493118,Kyneton (AUS) 27th Feb,To Be Placed,27-02-2026 05:50,56645272,17. Masina,0,127.13834761,1.0000,38.8867,1.00,1001.00,1.00,1001.00,29.77,0.00,0.00
254530970,Northam (AUS) 27th Feb,To Be Placed,27-02-2026 10:33,8728100,2. Dunamis,1,2.12000000,1.0000,2.0041,1.00,1001.00,1.00,1001.00,114.68,0.00,0.00
254527629,Ararat (AUS) 27th Feb,To Be Placed,27-02-2026 08:37,69463805,4. Miss Avenger,0,13.00000000,1.0000,11.1688,1.00,1001.00,1.00,1001.00,32.76,0.00,0.00
254530976,Northam (AUS) 27th Feb,To Be Placed,27-02-2026 12:15,46994688,6. Major Freeway,1,1.50500000,1.0000,1.0000,1.00,1001.00,1.00,1001.00,0.00,0.00,0.00
254529464,Albion Park (AUS) 27th Feb,To Be Placed,27-02-2026 02:38,62099503,5. Itz Trixton Time,0,4.40000000,1.0000,2.9892,1.00,1001.00,1.00,1001.00,31.96,0.00,0.00
254530262,Gloucester Park (AUS) 27th Feb,To Be Placed,27-02-2026 10:25,95546384,11. Lightonthehill,0,90.00000000,1.0000,25.4408,1.00,1001.00,1.00,1001.00,10.98,0.00,0.00
254493118,Kyneton (AUS) 27th Feb,To Be Placed,27-02-2026 05:50,95579707,1. Olivias Scandal,0,5.95759761,1.0000,2.8077,1.00,1001.00,1.00,1001.00,674.32,0.00,0.00
254491625,Canterbury (AUS) 27th Feb,To Be Placed,27-02-2026 08:00,196982,4. Defendant,1,2.99768612,1.0000,1.8070,1.00,1001.00,1.00,1001.00,468.01,0.00,0.00
254496750,Port Lincoln (AUS) 27th Feb,To Be Placed,27-02-2026 06:50,95514566,8. There Goes My Hero,1,2.19416833,1.0000,1.5951,1.00,1001.00,1.00,1001.00,545.61,0.00,0.00
254491429,Townsville (AUS) 27th Feb,To Be Placed,27-02-2026 06:43,87205984,3. Remember Roy,0,53.24009732,1.0000,22.5050,1.00,1001.00,1.00,1001.00,419.59,0.00,0.00
254491609,Canterbury (AUS) 27th Feb,To Be Placed,27-02-2026 07:00,95578826,11. Affari,1,4.96150886,1.0000,3.2880,1.00,1001.00,1.00,1001.00,719.05,0.00,0.00
254530051,Parkes (AUS) 27th Feb,To Be Placed,27-02-2026 10:40,95581942,2. Aunty Mel,0,3.66549641,1.0000,2.7382,1.00,1001.00,1.00,1001.00,679.52,0.00,0.00
254523474,Wagga (AUS) 27th Feb,To Be Placed,27-02-2026 06:13,42023137,3. Repelling,0,458.45493224,1.0000,15.3061,1.00,1001.00,1.00,1001.00,77.86,0.00,0.00
254523465,Wagga (AUS) 27th Feb,To Be Placed,27-02-2026 04:13,59724128,10. Our Roku,0,2.18000000,1.0000,1.6355,1.00,1001.00,1.00,1001.00,96.88,0.00,0.00
254530049,Parkes (AUS) 27th Feb,To Be Placed,27-02-2026 10:12,5061008,2. Seastrike,1,1.40500000,1.0000,1.4578,1.00,1001.00,1.00,1001.00,34.98,0.00,0.00
254527631,Ararat (AUS) 27th Feb,To Be Placed,27-02-2026 09:07,91807920,1. Im Above The Law,0,126.52500000,1.0000,4.9353,1.00,1001.00,1.00,1001.00,118.95,0.00,0.00
254491098,Goulburn (AUS) 27th Feb,To Be Placed,27-02-2026 04:20,95578793,6. Vincentvangee,1,2.60000000,1.0000,1.5567,1.00,1001.00,1.00,1001.00,187.53,0.00,0.00
254530037,Parkes (AUS) 27th Feb,To Be Placed,27-02-2026 07:10,94922866,4. Merrywood Rosie,1,1.07000000,1.0000,1.0642,1.00,1001.00,1.00,1001.00,171.20,0.00,0.00
254530283,Gloucester Park (AUS) 27th Feb,To Be Placed,27-02-2026 14:22,35460620,3. Isaidboo,0,16.00000000,1.0000,1.0000,1.00,1001.00,1.00,1001.00,0.00,0.00,0.00
254530262,Gloucester Park (AUS) 27th Feb,To Be Placed,27-02-2026 10:25,11900486,12. Lady Em,0,150.00000000,1.0000,30.8072,1.00,1001.00,1.00,1001.00,27.08,0.00,0.00
254526964,Newcastle (AUS) 27th Feb,To Be Placed,27-02-2026 07:52,2333907,3. Upstream,0,7.61575020,1.0000,2.9314,1.00,1001.00,1.00,1001.00,225.19,0.00,0.00
254526982,Newcastle (AUS) 27th Feb,To Be Placed,27-02-2026 10:48,95579079,1. Ideal Agenda,1,6.20000000,1.0000,,1.00,1001.00,1.00,1001.00,7.68,0.00,0.00
254491633,Canterbury (AUS) 27th Feb,To Be Placed,27-02-2026 08:30,94688133,8. Semper Fortis,0,4.10000000,1.0000,2.8584,1.00,1001.00,1.00,1001.00,389.52,0.00,0.00
254493812,Cranbourne (AUS) 27th Feb,To Be Placed,27-02-2026 09:15,70138215,4. Markdel,1,3.35000000,1.0000,2.5622,1.00,1001.00,1.00,1001.00,753.86,0.00,0.00
254529461,Albion Park (AUS) 27th Feb,To Be Placed,27-02-2026 02:03,95229522,2. Doug Stewart,0,4.20609871,1.0000,3.1863,1.00,1001.00,1.00,1001.00,146.28,0.00,0.00
254530283,Gloucester Park (AUS) 27th Feb,To Be Placed,27-02-2026 14:22,42711014,10. Ideal Whitby,0,18.00000000,1.0000,1.0000,1.00,1001.00,1.00,1001.00,0.00,0.00,0.00
254491609,Canterbury (AUS) 27th Feb,To Be Placed,27-02-2026 07:00,95578829,15. Avengers,0,3.50000000,1.0000,2.4328,1.00,1001.00,1.00,1001.00,230.91,0.00,0.00
254530271,Gloucester Park (AUS) 27th Feb,To Be Placed,27-02-2026 12:29,775289,8. Little Darling,0,1.53152672,1.0000,1.0000,1.00,1001.00,1.00,1001.00,0.00,0.00,0.00
254526985,Newcastle (AUS) 27th Feb,To Be Placed,27-02-2026 11:15,41288261,7. Ripstone Snorter,0,15.00000000,1.0000,1.0000,1.00,1001.00,1.00,1001.00,0.00,0.00,0.00
254526985,Newcastle (AUS) 27th Feb,To Be Placed,27-02-2026 11:15,66019328,2. Penurious,0,1.81883172,1.0000,1.0000,1.00,1001.00,1.00,1001.00,0.00,0.00,0.00
254530049,Parkes (AUS) 27th Feb,To Be Placed,27-02-2026 10:12,95581938,6. Captain Kostecki,1,2.57000000,1.0000,2.3818,1.00,1001.00,1.00,1001.00,3.26,0.00,0.00
254491433,Townsville (AUS) 27th Feb,To Be Placed,27-02-2026 07:40,95579764,21. Ginger Mick,0,75.00000000,1.0000,34.2212,1.00,1001.00,1.00,1001.00,64.26,0.00,0.00
254493803,Cranbourne (AUS) 27th Feb,To Be Placed,27-02-2026 08:45,94409256,2. Fly By Light,0,1.47000000,1.0000,1.3553,1.00,1001.00,1.00,1001.00,1576.33,0.00,0.00
254529467,Albion Park (AUS) 27th Feb,To Be Placed,27-02-2026 03:13,56838832,2. Stillyourshot,0,1.46601411,1.0000,1.1767,1.00,1001.00,1.00,1001.00,1416.75,0.00,0.00
254530051,Parkes (AUS) 27th Feb,To Be Placed,27-02-2026 10:40,95581941,1. Nangara Tulhurst,1,1.44000000,1.0000,1.5407,1.00,1001.00,1.00,1001.00,653.45,0.00,0.00
254529467,Albion Park (AUS) 27th Feb,To Be Placed,27-02-2026 03:13,39879777,4. O B Legal,0,2.04000000,1.0000,1.5200,1.00,1001.00,1.00,1001.00,10.76,0.00,0.00
254523465,Wagga (AUS) 27th Feb,To Be Placed,27-02-2026 04:13,52874536,1. Cant Hear You,0,6.20000000,1.0000,3.6000,1.00,1001.00,1.00,1001.00,7.68,0.00,0.00
254526979,Newcastle (AUS) 27th Feb,To Be Placed,27-02-2026 10:18,95579078,11. Believe In Carmer,1,2.35408489,1.0000,1.5447,1.00,1001.00,1.00,1001.00,149.64,0.00,0.00
254491397,Townsville (AUS) 27th Feb,To Be Placed,27-02-2026 01:45,95579720,1. Coventry Lane,1,8.00000000,1.0000,6.9018,1.00,1001.00,1.00,1001.00,378.68,0.00,0.00
254496738,Port Lincoln (AUS) 27th Feb,To Be Placed,27-02-2026 05:30,56872632,3. Voltage Point,1,1.37539427,1.0000,1.2202,1.00,1001.00,1.00,1001.00,6447.14,0.00,0.00
254491425,Townsville (AUS) 27th Feb,To Be Placed,27-02-2026 06:03,84659189,7. Super Freeze,0,1.48541548,1.0000,1.3378,1.00,1001.00,1.00,1001.00,3034.59,0.00,0.00
254496738,Port Lincoln (AUS) 27th Feb,To Be Placed,27-02-2026 05:30,38015768,9. Evening Bride,0,5.64109012,1.0000,4.0307,1.00,1001.00,1.00,1001.00,227.67,0.00,0.00
254526967,Newcastle (AUS) 27th Feb,To Be Placed,27-02-2026 08:22,84240449,8. Vintage Edition,0,6.40000000,1.0000,6.0215,1.00,1001.00,1.00,1001.00,88.55,0.00,0.00
254523471,Wagga (AUS) 27th Feb,To Be Placed,27-02-2026 05:33,59467025,1. Heavens Badgirl,0,4.50000000,1.0000,2.7745,1.00,1001.00,1.00,1001.00,29.06,0.00,0.00
254523465,Wagga (AUS) 27th Feb,To Be Placed,27-02-2026 04:13,95542622,5. Im Butter Blue,1,1.84000000,1.0000,1.4008,1.00,1001.00,1.00,1001.00,90.11,0.00,0.00
254491092,Goulburn (AUS) 27th Feb,To Be Placed,27-02-2026 03:10,95578790,7. Group Chat,0,1.60000000,1.0000,1.1127,1.00,1001.00,1.00,1001.00,2345.73,0.00,0.00
254526970,Newcastle (AUS) 27th Feb,To Be Placed,27-02-2026 08:52,95579069,11. Mcweapon,0,67.93334460,1.0000,6.5870,1.00,1001.00,1.00,1001.00,173.81,0.00,0.00
254530262,Gloucester Park (AUS) 27th Feb,To Be Placed,27-02-2026 10:25,18533387,1. Miss Aura,0,1.54079092,1.0000,1.3032,1.00,1001.00,1.00,1001.00,2242.62,0.00,0.00
254523459,Wagga (AUS) 27th Feb,To Be Placed,27-02-2026 03:03,35384382,8. Sokys Falcon,0,7.36942675,1.0000,2.8892,1.00,1001.00,1.00,1001.00,9.68,0.00,0.00
254493104,Kyneton (AUS) 27th Feb,To Be Placed,27-02-2026 04:30,83903941,8. So Long Ago,1,1.87000000,1.0000,1.6872,1.00,1001.00,1.00,1001.00,5864.88,0.00,0.00
254491095,Goulburn (AUS) 27th Feb,To Be Placed,27-02-2026 03:45,72947906,7. Dame Annie,0,3.03581132,1.0000,2.2152,1.00,1001.00,1.00,1001.00,144.32,0.00,0.00
254523465,Wagga (AUS) 27th Feb,To Be Placed,27-02-2026 04:13,95542623,8. French Street,0,4.40000000,1.0000,3.3487,1.00,1001.00,1.00,1001.00,52.36,0.00,0.00
254491649,Canterbury (AUS) 27th Feb,To Be Placed,27-02-2026 09:30,95578844,8. Mercy Me,1,1.89000000,1.0000,1.2787,1.00,1001.00,1.00,1001.00,1119.37,0.00,0.00
254523468,Wagga (AUS) 27th Feb,To Be Placed,27-02-2026 04:53,81489680,5. Le Betty,0,1.92000000,1.0000,1.8700,1.00,1001.00,1.00,1001.00,8.00,0.00,0.00
254491433,Townsville (AUS) 27th Feb,To Be Placed,27-02-2026 07:40,95579762,19. Blondies Secret,0,11.00000000,1.0000,8.7175,1.00,1001.00,1.00,1001.00,108.55,0.00,0.00
254491104,Goulburn (AUS) 27th Feb,To Be Placed,27-02-2026 05:40,45168819,10. Battle Abbey,0,3.73517825,1.0000,2.2714,1.00,1001.00,1.00,1001.00,428.41,0.00,0.00
254530283,Gloucester Park (AUS) 27th Feb,To Be Placed,27-02-2026 14:22,45787665,8. Jingling Jewels,0,26.00000000,1.0000,1.0000,1.00,1001.00,1.00,1001.00,0.00,0.00,0.00
254493118,Kyneton (AUS) 27th Feb,To Be Placed,27-02-2026 05:50,83834674,5. Brutify,1,2.36000000,1.0000,2.0141,1.00,1001.00,1.00,1001.00,1425.54,0.00,0.00
254496702,Port Lincoln (AUS) 27th Feb,To Be Placed,27-02-2026 01:50,95514552,3. Oak Park Maddison,1,1.12209279,1.0000,1.0862,1.00,1001.00,1.00,1001.00,1777.82,0.00,0.00
254526985,Newcastle (AUS) 27th Feb,To Be Placed,27-02-2026 11:15,50854212,10. Sweetly Spoken,0,5.35963322,1.0000,1.0000,1.00,1001.00,1.00,1001.00,0.00,0.00,0.00
254530053,Parkes (AUS) 27th Feb,To Be Placed,27-02-2026 11:05,50704134,7. Doshi,1,1.90000000,1.0000,1.0000,1.00,1001.00,1.00,1001.00,0.00,0.00,0.00
254530035,Parkes (AUS) 27th Feb,To Be Placed,27-02-2026 06:38,62393285,9. Tulhurst Elvis,0,3.95000000,1.0000,1.4313,1.00,1001.00,1.00,1001.00,13.54,0.00,0.00
254530259,Gloucester Park (AUS) 27th Feb,To Be Placed,27-02-2026 09:55,75356045,9. Spyglass,0,2.99000000,1.0000,2.9000,1.00,1001.00,1.00,1001.00,11.60,0.00,0.00
254523462,Wagga (AUS) 27th Feb,To Be Placed,27-02-2026 03:38,95542620,6. Lookmeover,1,1.37100604,1.0000,1.1224,1.00,1001.00,1.00,1001.00,546.82,0.00,0.00
254493794,Cranbourne (AUS) 27th Feb,To Be Placed,27-02-2026 08:15,82078444,5. Sumo Sandy,0,1.42946926,1.0000,1.2925,1.00,1001.00,1.00,1001.00,2689.71,0.00,0.00
254496720,Port Lincoln (AUS) 27th Feb,To Be Placed,27-02-2026 03:50,27290780,7. Mount Madeira,0,26.71923197,1.0000,13.9159,1.00,1001.00,1.00,1001.00,402.73,0.00,0.00
254491433,Townsville (AUS) 27th Feb,To Be Placed,27-02-2026 07:40,95579759,16. Miss Kiyoshi,0,32.10789019,1.0000,24.1552,1.00,1001.00,1.00,1001.00,127.92,0.00,0.00
254527627,Ararat (AUS) 27th Feb,To Be Placed,27-02-2026 08:07,55458611,9. Reign Em In,0,3.95000000,1.0000,3.4196,1.00,1001.00,1.00,1001.00,157.62,0.00,0.00
254530047,Parkes (AUS) 27th Feb,To Be Placed,27-02-2026 09:40,95028871,1. I Am Tara,0,9.60000000,1.0000,6.2058,1.00,1001.00,1.00,1001.00,33.02,0.00,0.00
254530978,Northam (AUS) 27th Feb,To Be Placed,27-02-2026 12:40,56127601,3. Whoopsadaisy,0,5.90000000,1.0000,1.0000,1.00,1001.00,1.00,1001.00,0.00,0.00,0.00
254496726,Port Lincoln (AUS) 27th Feb,To Be Placed,27-02-2026 04:20,71082704,4. Explicable,1,1.81586691,1.0000,1.5928,1.00,1001.00,1.00,1001.00,722.94,0.00,0.00
254493839,Cranbourne (AUS) 27th Feb,To Be Placed,27-02-2026 10:45,85506537,4. En Flique,0,2.57313247,1.0000,1.9656,1.00,1001.00,1.00,1001.00,1081.28,0.00,0.00
254530265,Gloucester Park (AUS) 27th Feb,To Be Placed,27-02-2026 10:55,95546390,9. Jetpack,0,7.38884665,1.0000,8.6947,1.00,1001.00,1.00,1001.00,96.34,0.00,0.00
254491421,Townsville (AUS) 27th Feb,To Be Placed,27-02-2026 05:23,28276357,10. Seeress,0,5.13514439,1.0000,4.4944,1.00,1001.00,1.00,1001.00,802.82,0.00,0.00
254491429,Townsville (AUS) 27th Feb,To Be Placed,27-02-2026 06:43,630006,2. Maximum Power,0,9.20000000,1.0000,7.2705,1.00,1001.00,1.00,1001.00,2038.71,0.00,0.00
254491633,Canterbury (AUS) 27th Feb,To Be Placed,27-02-2026 08:30,72679033,5. Kenmare Bay,1,1.39000000,1.0000,1.2010,1.00,1001.00,1.00,1001.00,2286.85,0.00,0.00
254493812,Cranbourne (AUS) 27th Feb,To Be Placed,27-02-2026 09:15,606546,9. Thunder Hawk,1,2.30000000,1.0000,1.9908,1.00,1001.00,1.00,1001.00,1407.30,0.00,0.00
254530976,Northam (AUS) 27th Feb,To Be Placed,27-02-2026 12:15,42344011,5. Gota Good Warhol,0,2.44000000,1.0000,1.0000,1.00,1001.00,1.00,1001.00,0.00,0.00,0.00
254530045,Parkes (AUS) 27th Feb,To Be Placed,27-02-2026 09:05,40041928,5. Tulhurst Pebbles,0,5.80000000,1.0000,2.0383,1.00,1001.00,1.00,1001.00,12.52,0.00,0.00
254530976,Northam (AUS) 27th Feb,To Be Placed,27-02-2026 12:15,69912976,4. Rockin Le Monde,0,2.19000000,1.0000,1.0000,1.00,1001.00,1.00,1001.00,0.00,0.00,0.00
254493104,Kyneton (AUS) 27th Feb,To Be Placed,27-02-2026 04:30,95579704,16. Filadeel,1,1.65734463,1.0000,1.4975,1.00,1001.00,1.00,1001.00,2655.92,0.00,0.00
254491625,Canterbury (AUS) 27th Feb,To Be Placed,27-02-2026 08:00,86099312,12. Think I Do,1,3.58672762,1.0000,3.1407,1.00,1001.00,1.00,1001.00,4480.33,0.00,0.00
254526970,Newcastle (AUS) 27th Feb,To Be Placed,27-02-2026 08:52,95579070,12. Lochinvar Coogee,0,14.50000000,1.0000,7.6843,1.00,1001.00,1.00,1001.00,3.96,0.00,0.00
254530039,Parkes (AUS) 27th Feb,To Be Placed,27-02-2026 07:44,71343725,2. Phantom Star,1,2.26000000,1.0000,2.2132,1.00,1001.00,1.00,1001.00,219.42,0.00,0.00
254491405,Townsville (AUS) 27th Feb,To Be Placed,27-02-2026 02:56,6686709,2. Whirlwind,0,1.73718547,1.0000,1.6582,1.00,1001.00,1.00,1001.00,378.53,0.00,0.00
254496744,Port Lincoln (AUS) 27th Feb,To Be Placed,27-02-2026 06:10,74299696,15. Just A Brother,1,3.05000000,1.0000,2.3372,1.00,1001.00,1.00,1001.00,766.97,0.00,0.00
254530037,Parkes (AUS) 27th Feb,To Be Placed,27-02-2026 07:10,85779852,1. Lucky Lenny,1,4.30000000,1.0000,4.0750,1.00,1001.00,1.00,1001.00,304.46,0.00,0.00
254529479,Albion Park (AUS) 27th Feb,To Be Placed,27-02-2026 05:43,59658448,1. Vincent Time,1,4.00000000,1.0000,2.5714,1.00,1001.00,1.00,1001.00,37.60,0.00,0.00
254529482,Albion Park (AUS) 27th Feb,To Be Placed,27-02-2026 06:23,54712822,5. Rocktime,1,2.36000000,1.0000,2.3429,1.00,1001.00,1.00,1001.00,30.74,0.00,0.00
254530280,Gloucester Park (AUS) 27th Feb,To Be Placed,27-02-2026 13:50,92466580,7. Chefs Kiss,0,7.02705101,1.0000,1.0000,1.00,1001.00,1.00,1001.00,0.00,0.00,0.00
254523459,Wagga (AUS) 27th Feb,To Be Placed,27-02-2026 03:03,1386094,7. Burton,0,5.60000000,1.0000,3.1850,1.00,1001.00,1.00,1001.00,35.60,0.00,0.00
254491086,Goulburn (AUS) 27th Feb,To Be Placed,27-02-2026 02:00,76612217,2. Stormy Woo,1,41.09372762,1.0000,33.5398,1.00,1001.00,1.00,1001.00,51.90,0.00,0.00
254527625,Ararat (AUS) 27th Feb,To Be Placed,27-02-2026 07:37,95541158,10. Normandy Nugget,0,1.91000000,1.0000,1.7218,1.00,1001.00,1.00,1001.00,104.14,0.00,0.00
254530045,Parkes (AUS) 27th Feb,To Be Placed,27-02-2026 09:05,83711820,6. Sweet Sweet Tooth,0,25.00000000,1.0000,7.1118,1.00,1001.00,1.00,1001.00,7.33,0.00,0.00
254553700,Newcastle (AUS) 27th Feb,To Be Placed,27-02-2026 09:48,71109789,7. Watts Up Partytime,1,1.91000000,1.0000,1.3707,1.00,1001.00,1.00,1001.00,155.32,0.00,0.00
254493794,Cranbourne (AUS) 27th Feb,To Be Placed,27-02-2026 08:15,95579010,2. Curse It,1,2.00000000,1.0000,1.7227,1.00,1001.00,1.00,1001.00,2660.24,0.00,0.00
254493097,Kyneton (AUS) 27th Feb,To Be Placed,27-02-2026 03:55,95579692,5. Ottos Dream,0,7.40000000,1.0000,6.1593,1.00,1001.00,1.00,1001.00,379.30,0.00,0.00
254526973,Newcastle (AUS) 27th Feb,To Be Placed,27-02-2026 09:22,45529977,8. Bainbridge,1,12.79737085,1.0000,11.6132,1.00,1001.00,1.00,1001.00,80.27,0.00,0.00
254491625,Canterbury (AUS) 27th Feb,To Be Placed,27-02-2026 08:00,95578835,7. Velaris,0,2.98000000,1.0000,2.5594,1.00,1001.00,1.00,1001.00,431.67,0.00,0.00
254530256,Gloucester Park (AUS) 27th Feb,To Be Placed,27-02-2026 09:27,2067396,3. Sugar Shake,1,1.48000000,1.0000,1.2258,1.00,1001.00,1.00,1001.00,250.96,0.00,0.00
254493125,Kyneton (AUS) 27th Feb,To Be Placed,27-02-2026 06:30,95579718,13. Whiskey And Beer,0,5.27213330,1.0000,4.0945,1.00,1001.00,1.00,1001.00,570.46,0.00,0.00
254491098,Goulburn (AUS) 27th Feb,To Be Placed,27-02-2026 04:20,80129986,3. Yesglenn,0,1.44130929,1.0000,1.3738,1.00,1001.00,1.00,1001.00,1535.39,0.00,0.00
254529473,Albion Park (AUS) 27th Feb,To Be Placed,27-02-2026 04:23,44737002,7. Doc Harvey,0,50.00000000,1.0000,17.5325,1.00,1001.00,1.00,1001.00,3.38,0.00,0.00
254527635,Ararat (AUS) 27th Feb,To Be Placed,27-02-2026 10:07,49513074,1. Bubble Over,0,1.70000000,1.0000,1.7417,1.00,1001.00,1.00,1001.00,3757.12,0.00,0.00
254527631,Ararat (AUS) 27th Feb,To Be Placed,27-02-2026 09:07,76431576,2. Maximez,0,126.03000000,1.0000,2.0288,1.00,1001.00,1.00,1001.00,315.23,0.00,0.00
254529470,Albion Park (AUS) 27th Feb,To Be Placed,27-02-2026 03:48,95542647,11. The Blingster,0,28.76169938,1.0000,15.4997,1.00,1001.00,1.00,1001.00,34.06,0.00,0.00
254526961,Newcastle (AUS) 27th Feb,To Be Placed,27-02-2026 07:22,84697637,9. Rockin Bull,0,1.84000000,1.0000,1.2592,1.00,1001.00,1.00,1001.00,103.02,0.00,0.00
254530259,Gloucester Park (AUS) 27th Feb,To Be Placed,27-02-2026 09:55,64557352,5. The Beach Master,0,11.50000000,1.0000,5.1447,1.00,1001.00,1.00,1001.00,45.12,0.00,0.00
254491409,Townsville (AUS) 27th Feb,To Be Placed,27-02-2026 03:31,94985047,2. Dub Stepping,1,5.73132499,1.0000,4.5893,1.00,1001.00,1.00,1001.00,398.14,0.00,0.00
254491617,Canterbury (AUS) 27th Feb,To Be Placed,27-02-2026 07:30,94779887,1. Melanite,0,1.73587634,1.0000,1.7388,1.00,1001.00,1.00,1001.00,570.72,0.00,0.00
254530970,Northam (AUS) 27th Feb,To Be Placed,27-02-2026 10:33,39989769,3. Velvet Shadow,0,6.80000000,1.0000,1.5379,1.00,1001.00,1.00,1001.00,6.90,0.00,0.00
254491098,Goulburn (AUS) 27th Feb,To Be Placed,27-02-2026 04:20,3870298,4. Hammurabi,1,1.18536396,1.0000,1.1682,1.00,1001.00,1.00,1001.00,661.36,0.00,0.00
254530978,Northam (AUS) 27th Feb,To Be Placed,27-02-2026 12:40,79863818,1. Rocknroll Jewel,0,15.14787198,1.0000,1.0000,1.00,1001.00,1.00,1001.00,0.00,0.00,0.00
254529479,Albion Park (AUS) 27th Feb,To Be Placed,27-02-2026 05:43,77305229,3. Just A Cool Dude,1,2.32000000,1.0000,1.8584,1.00,1001.00,1.00,1001.00,47.76,0.00,0.00
254496750,Port Lincoln (AUS) 27th Feb,To Be Placed,27-02-2026 06:50,52696536,5. Bangerang Redback,0,15.08000072,1.0000,11.8115,1.00,1001.00,1.00,1001.00,251.60,0.00,0.00
254491413,Townsville (AUS) 27th Feb,To Be Placed,27-02-2026 04:06,95579730,4. Only Crunchie,0,34.19420432,1.0000,27.0416,1.00,1001.00,1.00,1001.00,321.95,0.00,0.00
254496738,Port Lincoln (AUS) 27th Feb,To Be Placed,27-02-2026 05:30,64795925,5. Lava Lad,1,2.30400267,1.0000,1.7205,1.00,1001.00,1.00,1001.00,1563.17,0.00,0.00
254496708,Port Lincoln (AUS) 27th Feb,To Be Placed,27-02-2026 02:25,95514556,8. Vasilias,1,2.02000000,1.0000,2.1066,1.00,1001.00,1.00,1001.00,389.76,0.00,0.00
254493097,Kyneton (AUS) 27th Feb,To Be Placed,27-02-2026 03:55,95579698,15. Shezonahigh,0,204.45400000,1.0000,82.9845,1.00,1001.00,1.00,1001.00,36.36,0.00,0.00
254526967,Newcastle (AUS) 27th Feb,To Be Placed,27-02-2026 08:22,17773880,1. Yesnomaybeso,0,6.05144169,1.0000,3.2817,1.00,1001.00,1.00,1001.00,290.93,0.00,0.00
254529476,Albion Park (AUS) 27th Feb,To Be Placed,27-02-2026 05:03,46261805,7. We Always Have Faith,1,6.91979404,1.0000,4.0364,1.00,1001.00,1.00,1001.00,251.03,0.00,0.00
254496732,Port Lincoln (AUS) 27th Feb,To Be Placed,27-02-2026 04:50,77688233,4. The Wirrulla Boy,1,1.49530295,1.0000,1.3953,1.00,1001.00,1.00,1001.00,3018.75,0.00,0.00
254491609,Canterbury (AUS) 27th Feb,To Be Placed,27-02-2026 07:00,5432410,5. Japan,0,11.00000000,1.0000,8.5857,1.00,1001.00,1.00,1001.00,192.09,0.00,0.00
254491397,Townsville (AUS) 27th Feb,To Be Placed,27-02-2026 01:45,52670174,10. Volare,0,3.33047885,1.0000,2.6225,1.00,1001.00,1.00,1001.00,305.03,0.00,0.00
254491095,Goulburn (AUS) 27th Feb,To Be Placed,27-02-2026 03:45,86695350,9. Shoreman,1,4.40000000,1.0000,1.7321,1.00,1001.00,1.00,1001.00,266.76,0.00,0.00
254523456,Wagga (AUS) 27th Feb,To Be Placed,27-02-2026 02:28,73445302,2. Captain Deejay,0,3.65000000,1.0000,1.4147,1.00,1001.00,1.00,1001.00,21.98,0.00,0.00
254493775,Cranbourne (AUS) 27th Feb,To Be Placed,27-02-2026 07:15,95579000,6. Salarae,0,2.20000000,1.0000,1.8813,1.00,1001.00,1.00,1001.00,1373.13,0.00,0.00
254523474,Wagga (AUS) 27th Feb,To Be Placed,27-02-2026 06:13,79771643,1. Usyk,1,1.35000000,1.0000,1.2955,1.00,1001.00,1.00,1001.00,379.68,0.00,0.00
254523471,Wagga (AUS) 27th Feb,To Be Placed,27-02-2026 05:33,68601984,3. Ozzie Corka,1,3.55000000,1.0000,3.5433,1.00,1001.00,1.00,1001.00,341.18,0.00,0.00
254529467,Albion Park (AUS) 27th Feb,To Be Placed,27-02-2026 03:13,95542642,3. Lieutenant Arden,0,27.00000000,1.0000,20.4040,1.00,1001.00,1.00,1001.00,12.92,0.00,0.00
254496708,Port Lincoln (AUS) 27th Feb,To Be Placed,27-02-2026 02:25,89435994,7. Offas Dyke,0,3.92329270,1.0000,3.0317,1.00,1001.00,1.00,1001.00,621.89,0.00,0.00
254493812,Cranbourne (AUS) 27th Feb,To Be Placed,27-02-2026 09:15,95579014,5. Street Conqueror,0,2.90072152,1.0000,1.8372,1.00,1001.00,1.00,1001.00,581.68,0.00,0.00
254523471,Wagga (AUS) 27th Feb,To Be Placed,27-02-2026 05:33,47801076,8. Far Out Bro,0,20.00000000,1.0000,10.3527,1.00,1001.00,1.00,1001.00,58.20,0.00,0.00
254530280,Gloucester Park (AUS) 27th Feb,To Be Placed,27-02-2026 13:50,85293850,4. Sovereign Jewel,0,2.16000000,1.0000,1.0000,1.00,1001.00,1.00,1001.00,0.00,0.00,0.00
254523468,Wagga (AUS) 27th Feb,To Be Placed,27-02-2026 04:53,56300008,6. Bubby To Base,0,2.43000000,1.0000,2.3600,1.00,1001.00,1.00,1001.00,1.28,0.00,0.00
254527633,Ararat (AUS) 27th Feb,To Be Placed,27-02-2026 09:37,38765434,6. Ata Rangi,1,1.55000000,1.0000,1.0770,1.00,1001.00,1.00,1001.00,37.38,0.00,0.00
254491641,Canterbury (AUS) 27th Feb,To Be Placed,27-02-2026 09:00,68638302,2. Diddle Dumpling,1,1.21483034,1.0000,1.0917,1.00,1001.00,1.00,1001.00,2205.52,0.00,0.00
254529482,Albion Park (AUS) 27th Feb,To Be Placed,27-02-2026 06:23,95542648,11. Jilliby Tsunami,0,10.00000000,1.0000,3.1739,1.00,1001.00,1.00,1001.00,6.44,0.00,0.00
254529473,Albion Park (AUS) 27th Feb,To Be Placed,27-02-2026 04:23,26100828,1. Todays Hero,0,19.00000000,1.0000,,1.00,1001.00,1.00,1001.00,2.22,0.00,0.00
254491401,Townsville (AUS) 27th Feb,To Be Placed,27-02-2026 02:21,94985062,6. Frosty Queen,0,38.93279225,1.0000,16.5163,1.00,1001.00,1.00,1001.00,509.81,0.00,0.00
254530262,Gloucester Park (AUS) 27th Feb,To Be Placed,27-02-2026 10:25,95546381,8. Edge Eleven,0,8.00000000,1.0000,4.3640,1.00,1001.00,1.00,1001.00,86.44,0.00,0.00
254530047,Parkes (AUS) 27th Feb,To Be Placed,27-02-2026 09:40,89110682,9. Rusty Veejay,1,8.61488019,1.0000,6.2109,1.00,1001.00,1.00,1001.00,88.02,0.00,0.00
254527631,Ararat (AUS) 27th Feb,To Be Placed,27-02-2026 09:07,46991818,7. More Wanted,1,9.89500000,1.0000,1.9233,1.00,1001.00,1.00,1001.00,424.98,0.00,0.00
254530049,Parkes (AUS) 27th Feb,To Be Placed,27-02-2026 10:12,95581936,4. Ezzra,0,1.92000000,1.0000,1.8500,1.00,1001.00,1.00,1001.00,3.64,0.00,0.00
254491429,Townsville (AUS) 27th Feb,To Be Placed,27-02-2026 06:43,95263576,8. Pro Forma,0,2.40000000,1.0000,1.9600,1.00,1001.00,1.00,1001.00,2030.91,0.00,0.00
254530268,Gloucester Park (AUS) 27th Feb,To Be Placed,27-02-2026 11:40,52720668,7. Thelittle Master,0,2.58000000,1.0000,1.0000,1.00,1001.00,1.00,1001.00,0.00,0.00,0.00
254491413,Townsville (AUS) 27th Feb,To Be Placed,27-02-2026 04:06,11498073,8. Just For Love,0,183.92189083,1.0000,59.1561,1.00,1001.00,1.00,1001.00,28.56,0.00,0.00
254493821,Cranbourne (AUS) 27th Feb,To Be Placed,27-02-2026 09:45,64738845,2. Core Concept,0,5.42372217,1.0000,3.2654,1.00,1001.00,1.00,1001.00,679.12,0.00,0.00
254491095,Goulburn (AUS) 27th Feb,To Be Placed,27-02-2026 03:45,95343608,6. Rippana,1,2.02000000,1.0000,1.5023,1.00,1001.00,1.00,1001.00,172.69,0.00,0.00
254530970,Northam (AUS) 27th Feb,To Be Placed,27-02-2026 10:33,39454813,6. Tiger Lou,0,13.00000000,1.0000,9.7782,1.00,1001.00,1.00,1001.00,29.04,0.00,0.00
254529485,Albion Park (AUS) 27th Feb,To Be Placed,27-02-2026 06:53,38588026,10. Studleigh Mark,1,1.57613674,1.0000,1.3586,1.00,1001.00,1.00,1001.00,377.54,0.00,0.00
254553700,Newcastle (AUS) 27th Feb,To Be Placed,27-02-2026 09:48,87733679,4. Speedy Lover,0,2.47701319,1.0000,1.7465,1.00,1001.00,1.00,1001.00,15.24,0.00,0.00
254529461,Albion Park (AUS) 27th Feb,To Be Placed,27-02-2026 02:03,95542637,4. My Ultimate Franco,1,2.56000000,1.0000,2.3911,1.00,1001.00,1.00,1001.00,2.36,0.00,0.00
254491425,Townsville (AUS) 27th Feb,To Be Placed,27-02-2026 06:03,49332911,8. Ruby Chicks,0,3.25000000,1.0000,1.7667,1.00,1001.00,1.00,1001.00,231.86,0.00,0.00
254530271,Gloucester Park (AUS) 27th Feb,To Be Placed,27-02-2026 12:29,40598344,3. Wonderful To Fly,0,5.99613280,1.0000,1.0000,1.00,1001.00,1.00,1001.00,0.00,0.00,0.00
254493784,Cranbourne (AUS) 27th Feb,To Be Placed,27-02-2026 07:45,95579005,2. Global Eclipse,0,1.45000000,1.0000,1.3379,1.00,1001.00,1.00,1001.00,2895.61,0.00,0.00
254530256,Gloucester Park (AUS) 27th Feb,To Be Placed,27-02-2026 09:27,72383643,2. Vinita Rose,0,3.67659365,1.0000,2.0547,1.00,1001.00,1.00,1001.00,468.08,0.00,0.00
254491417,Townsville (AUS) 27th Feb,To Be Placed,27-02-2026 04:43,68826220,2. Hopeful,0,83.51228725,1.0000,30.3637,1.00,1001.00,1.00,1001.00,46.49,0.00,0.00
254491425,Townsville (AUS) 27th Feb,To Be Placed,27-02-2026 06:03,64161903,6. Singular,0,3.34140797,1.0000,2.8639,1.00,1001.00,1.00,1001.00,4697.46,0.00,0.00
254491433,Townsville (AUS) 27th Feb,To Be Placed,27-02-2026 07:40,28287421,6. To Love Somebody,0,32.00000000,1.0000,12.4032,1.00,1001.00,1.00,1001.00,131.61,0.00,0.00
254527623,Ararat (AUS) 27th Feb,To Be Placed,27-02-2026 07:03,54975119,4. Famous Label,0,3.33691956,1.0000,2.3270,1.00,1001.00,1.00,1001.00,89.88,0.00,0.00
254526964,Newcastle (AUS) 27th Feb,To Be Placed,27-02-2026 07:52,81017094,8. A Buck Ten,0,2.48000000,1.0000,2.5488,1.00,1001.00,1.00,1001.00,2155.56,0.00,0.00
254530053,Parkes (AUS) 27th Feb,To Be Placed,27-02-2026 11:05,85508437,4. Bodeletos,0,7.60000000,1.0000,1.0000,1.00,1001.00,1.00,1001.00,0.00,0.00,0.00
254493090,Kyneton (AUS) 27th Feb,To Be Placed,27-02-2026 03:20,95579683,5. Titans Spirit,1,2.42000000,1.0000,1.9033,1.00,1001.00,1.00,1001.00,1505.07,0.00,0.00
254530972,Northam (AUS) 27th Feb,To Be Placed,27-02-2026 11:10,23585083,9. Tartan Robyn,0,3.04500000,1.0000,1.0000,1.00,1001.00,1.00,1001.00,0.00,0.00,0.00
254529470,Albion Park (AUS) 27th Feb,To Be Placed,27-02-2026 03:48,95542646,10. Sweet Dior,1,2.46000000,1.0000,2.1791,1.00,1001.00,1.00,1001.00,77.44,0.00,0.00
254529476,Albion Park (AUS) 27th Feb,To Be Placed,27-02-2026 05:03,58212069,8. Teddy Turpin,1,1.58000000,1.0000,1.0863,1.00,1001.00,1.00,1001.00,150.60,0.00,0.00
254523462,Wagga (AUS) 27th Feb,To Be Placed,27-02-2026 03:38,80720792,7. The Attractor,0,14.00000000,1.0000,10.5688,1.00,1001.00,1.00,1001.00,15.54,0.00,0.00
254529482,Albion Park (AUS) 27th Feb,To Be Placed,27-02-2026 06:23,41810588,9. Beau Steele,0,6.00000000,1.0000,3.7907,1.00,1001.00,1.00,1001.00,9.74,0.00,0.00
254491107,Goulburn (AUS) 27th Feb,To Be Placed,27-02-2026 06:20,95578807,12. Prankaj,0,16.50000000,1.0000,7.0524,1.00,1001.00,1.00,1001.00,37.54,0.00,0.00
254491092,Goulburn (AUS) 27th Feb,To Be Placed,27-02-2026 03:10,91157363,1. Maritime Express,0,1.42769394,1.0000,1.3320,1.00,1001.00,1.00,1001.00,1268.01,0.00,0.00
254530274,Gloucester Park (AUS) 27th Feb,To Be Placed,27-02-2026 12:55,49310516,1. Spudmeister,0,16.00000000,1.0000,1.0000,1.00,1001.00,1.00,1001.00,0.00,0.00,0.00
254530047,Parkes (AUS) 27th Feb,To Be Placed,27-02-2026 09:40,81019281,6. Bills Swan Song,1,1.70000000,1.0000,1.5481,1.00,1001.00,1.00,1001.00,22.76,0.00,0.00
254529470,Albion Park (AUS) 27th Feb,To Be Placed,27-02-2026 03:48,1187626,4. King Bling,0,2.16000000,1.0000,2.1572,1.00,1001.00,1.00,1001.00,77.98,0.00,0.00
254530968,Northam (AUS) 27th Feb,To Be Placed,27-02-2026 10:04,28373457,4. Dont Goin Thewater,1,1.62000000,1.0000,1.6184,1.00,1001.00,1.00,1001.00,92.54,0.00,0.00
254491397,Townsville (AUS) 27th Feb,To Be Placed,27-02-2026 01:45,95579721,2. Tyrannical,0,5.10000000,1.0000,2.8087,1.00,1001.00,1.00,1001.00,874.32,0.00,0.00
254496744,Port Lincoln (AUS) 27th Feb,To Be Placed,27-02-2026 06:10,47841817,8. I Need A Drink,0,3.75553600,1.0000,2.7888,1.00,1001.00,1.00,1001.00,1681.38,0.00,0.00
254491609,Canterbury (AUS) 27th Feb,To Be Placed,27-02-2026 07:00,2518527,8. Universe,0,2.22000000,1.0000,2.1711,1.00,1001.00,1.00,1001.00,1585.22,0.00,0.00
254491625,Canterbury (AUS) 27th Feb,To Be Placed,27-02-2026 08:00,95578836,9. Savvy Spy,0,1.53907756,1.0000,1.3835,1.00,1001.00,1.00,1001.00,3002.68,0.00,0.00
254491665,Canterbury (AUS) 27th Feb,To Be Placed,27-02-2026 10:30,11476072,12. Copacabana,0,2.28668056,1.0000,1.6554,1.00,1001.00,1.00,1001.00,803.84,0.00,0.00
254530280,Gloucester Park (AUS) 27th Feb,To Be Placed,27-02-2026 13:50,84484455,1. Miss Leopatra,1,1.14322747,1.0000,1.0000,1.00,1001.00,1.00,1001.00,0.00,0.00,0.00
254493775,Cranbourne (AUS) 27th Feb,To Be Placed,27-02-2026 07:15,4915106,1. On My Own,0,29.58823693,1.0000,16.8684,1.00,1001.00,1.00,1001.00,324.85,0.00,0.00
254493803,Cranbourne (AUS) 27th Feb,To Be Placed,27-02-2026 08:45,95579013,7. Arlington Row,1,2.28000000,1.0000,1.9258,1.00,1001.00,1.00,1001.00,1081.86,0.00,0.00
254493076,Kyneton (AUS) 27th Feb,To Be Placed,27-02-2026 02:10,95579666,13. Zephartie,0,22.00000000,1.0000,12.2254,1.00,1001.00,1.00,1001.00,151.01,0.00,0.00
254493830,Cranbourne (AUS) 27th Feb,To Be Placed,27-02-2026 10:15,53946774,8. Miss Icelandic,1,5.90000000,1.0000,3.6953,1.00,1001.00,1.00,1001.00,834.07,0.00,0.00
254496720,Port Lincoln (AUS) 27th Feb,To Be Placed,27-02-2026 03:50,54705033,2. Sir Lord,0,24.00000000,1.0000,18.2017,1.00,1001.00,1.00,1001.00,107.01,0.00,0.00
254526973,Newcastle (AUS) 27th Feb,To Be Placed,27-02-2026 09:22,67261050,4. Rakero Rocket,1,1.14000000,1.0000,1.1222,1.00,1001.00,1.00,1001.00,1768.99,0.00,0.00
254493104,Kyneton (AUS) 27th Feb,To Be Placed,27-02-2026 04:30,70927713,14. Horace,0,32.00000000,1.0000,22.0787,1.00,1001.00,1.00,1001.00,188.57,0.00,0.00
254496732,Port Lincoln (AUS) 27th Feb,To Be Placed,27-02-2026 04:50,93573831,11. Bulls On Parade,0,2.70000000,1.0000,2.3816,1.00,1001.00,1.00,1001.00,1097.38,0.00,0.00
254493803,Cranbourne (AUS) 27th Feb,To Be Placed,27-02-2026 08:45,84659302,5. Hotspur Reale,1,4.40000000,1.0000,1.7530,1.00,1001.00,1.00,1001.00,1637.51,0.00,0.00
254493125,Kyneton (AUS) 27th Feb,To Be Placed,27-02-2026 06:30,64546321,9. Stand By Me Ned,0,5.00000000,1.0000,4.4834,1.00,1001.00,1.00,1001.00,486.58,0.00,0.00
254523474,Wagga (AUS) 27th Feb,To Be Placed,27-02-2026 06:13,42880369,9. Kosimo,1,1.41135393,1.0000,1.1158,1.00,1001.00,1.00,1001.00,514.88,0.00,0.00
254529464,Albion Park (AUS) 27th Feb,To Be Placed,27-02-2026 02:38,95542639,8. Illusory Feat,0,15.00000000,1.0000,5.9295,1.00,1001.00,1.00,1001.00,2.84,0.00,0.00
254491405,Townsville (AUS) 27th Feb,To Be Placed,27-02-2026 02:56,81263649,6. Khamis,0,7.69704756,1.0000,5.2278,1.00,1001.00,1.00,1001.00,205.56,0.00,0.00
254493125,Kyneton (AUS) 27th Feb,To Be Placed,27-02-2026 06:30,95579715,10. Trust In Chad,0,7.36901317,1.0000,4.3207,1.00,1001.00,1.00,1001.00,809.94,0.00,0.00
254526985,Newcastle (AUS) 27th Feb,To Be Placed,27-02-2026 11:15,68951285,4. Mister Brillante,1,2.26742865,1.0000,1.0000,1.00,1001.00,1.00,1001.00,0.00,0.00,0.00
254530049,Parkes (AUS) 27th Feb,To Be Placed,27-02-2026 10:12,95581940,8. Stay Mysterious,1,2.32890401,1.0000,2.0041,1.00,1001.00,1.00,1001.00,317.43,0.00,0.00
254530043,Parkes (AUS) 27th Feb,To Be Placed,27-02-2026 08:40,74090333,2. Zolton,0,6.80000000,1.0000,4.4629,1.00,1001.00,1.00,1001.00,19.18,0.00,0.00
254529482,Albion Park (AUS) 27th Feb,To Be Placed,27-02-2026 06:23,28708215,6. Pocket Book,0,6.00000000,1.0000,3.8272,1.00,1001.00,1.00,1001.00,32.70,0.00,0.00
254526985,Newcastle (AUS) 27th Feb,To Be Placed,27-02-2026 11:15,40776378,9. Tackas Princess,0,9.95418327,1.0000,1.0000,1.00,1001.00,1.00,1001.00,0.00,0.00,0.00
254493125,Kyneton (AUS) 27th Feb,To Be Placed,27-02-2026 06:30,67289275,8. Geegee Jet By,1,5.26181725,1.0000,3.5425,1.00,1001.00,1.00,1001.00,678.70,0.00,0.00
254526970,Newcastle (AUS) 27th Feb,To Be Placed,27-02-2026 08:52,95579062,3. Bettorcheckherout,1,1.07000000,1.0000,1.0952,1.00,1001.00,1.00,1001.00,1905.58,0.00,0.00
254491101,Goulburn (AUS) 27th Feb,To Be Placed,27-02-2026 05:00,549209,5. Juan Pablo,0,7.60000000,1.0000,5.3408,1.00,1001.00,1.00,1001.00,253.52,0.00,0.00
254491413,Townsville (AUS) 27th Feb,To Be Placed,27-02-2026 04:06,95579732,12. Boom Bunny,1,9.40000000,1.0000,7.4787,1.00,1001.00,1.00,1001.00,1777.01,0.00,0.00
254491409,Townsville (AUS) 27th Feb,To Be Placed,27-02-2026 03:31,95263561,4. Scarlena,0,7.48658917,1.0000,5.3461,1.00,1001.00,1.00,1001.00,620.29,0.00,0.00
254530043,Parkes (AUS) 27th Feb,To Be Placed,27-02-2026 08:40,58372587,3. Tulhurst Timmy,0,14.50000000,1.0000,8.3858,1.00,1001.00,1.00,1001.00,8.76,0.00,0.00
254526961,Newcastle (AUS) 27th Feb,To Be Placed,27-02-2026 07:22,35934729,4. Ire Of The Dragon,0,4.10000000,1.0000,,1.00,1001.00,1.00,1001.00,12.90,0.00,0.00
254530043,Parkes (AUS) 27th Feb,To Be Placed,27-02-2026 08:40,81578698,7. Starlight Sass,1,1.27000000,1.0000,1.2087,1.00,1001.00,1.00,1001.00,60.70,0.00,0.00
254491641,Canterbury (AUS) 27th Feb,To Be Placed,27-02-2026 09:00,77082705,10. Burj,1,1.56000000,1.0000,1.4214,1.00,1001.00,1.00,1001.00,2112.62,0.00,0.00
254493097,Kyneton (AUS) 27th Feb,To Be Placed,27-02-2026 03:55,95579690,1. Duke Of Clarence,0,5.10000000,1.0000,4.2687,1.00,1001.00,1.00,1001.00,642.13,0.00,0.00
254491433,Townsville (AUS) 27th Feb,To Be Placed,27-02-2026 07:40,95579757,14. Wired For Fun,0,15.02015522,1.0000,7.2568,1.00,1001.00,1.00,1001.00,226.52,0.00,0.00
254496708,Port Lincoln (AUS) 27th Feb,To Be Placed,27-02-2026 02:25,89669481,6. Fashizlemanizle,1,1.20000000,1.0000,1.1818,1.00,1001.00,1.00,1001.00,322.84,0.00,0.00
254529476,Albion Park (AUS) 27th Feb,To Be Placed,27-02-2026 05:03,10585041,1. Captains Pick,0,1.71000000,1.0000,1.6163,1.00,1001.00,1.00,1001.00,1670.91,0.00,0.00
254523450,Wagga (AUS) 27th Feb,To Be Placed,27-02-2026 01:23,51659915,7. Alices Sweetheart,0,3.75000000,1.0000,1.9471,1.00,1001.00,1.00,1001.00,18.78,0.00,0.00
254523462,Wagga (AUS) 27th Feb,To Be Placed,27-02-2026 03:38,92418218,8. Capture Our Heart,0,1.91000000,1.0000,1.8993,1.00,1001.00,1.00,1001.00,1995.60,0.00,0.00
254530051,Parkes (AUS) 27th Feb,To Be Placed,27-02-2026 10:40,95581947,8. Shes A Delaney,1,1.11000000,1.0000,1.1039,1.00,1001.00,1.00,1001.00,166.10,0.00,0.00
254493784,Cranbourne (AUS) 27th Feb,To Be Placed,27-02-2026 07:45,2201206,8. Triple Time,0,4.06204451,1.0000,2.9387,1.00,1001.00,1.00,1001.00,743.74,0.00,0.00
254530265,Gloucester Park (AUS) 27th Feb,To Be Placed,27-02-2026 10:55,95033201,7. Rip Tide,1,7.80000000,1.0000,6.9323,1.00,1001.00,1.00,1001.00,1015.16,0.00,0.00
254530283,Gloucester Park (AUS) 27th Feb,To Be Placed,27-02-2026 14:22,38605575,6. Rellim,0,1.67000000,1.0000,1.0000,1.00,1001.00,1.00,1001.00,0.00,0.00,0.00
254523453,Wagga (AUS) 27th Feb,To Be Placed,27-02-2026 01:53,65788716,10. Kristysgirl,0,7.10932475,1.0000,1.0692,1.00,1001.00,1.00,1001.00,6.64,0.00,0.00
254530280,Gloucester Park (AUS) 27th Feb,To Be Placed,27-02-2026 13:50,80616761,8. Wishing Belle,1,1.15000000,1.0000,1.0000,1.00,1001.00,1.00,1001.00,0.00,0.00,0.00
254493104,Kyneton (AUS) 27th Feb,To Be Placed,27-02-2026 04:30,23582332,12. Hawkestone,0,7.63367886,1.0000,5.7750,1.00,1001.00,1.00,1001.00,688.23,0.00,0.00
254529461,Albion Park (AUS) 27th Feb,To Be Placed,27-02-2026 02:03,85293893,5. Lucky Luda,0,4.60000000,1.0000,2.3803,1.00,1001.00,1.00,1001.00,19.52,0.00,0.00
254493083,Kyneton (AUS) 27th Feb,To Be Placed,27-02-2026 02:45,95579677,6. Lucindra,0,5.24578636,1.0000,3.7311,1.00,1001.00,1.00,1001.00,451.25,0.00,0.00
254530265,Gloucester Park (AUS) 27th Feb,To Be Placed,27-02-2026 10:55,60415804,5. Russian Sniper,0,10.00000000,1.0000,10.3737,1.00,1001.00,1.00,1001.00,65.91,0.00,0.00
254491397,Townsville (AUS) 27th Feb,To Be Placed,27-02-2026 01:45,72878094,9. March Madness,1,1.23060160,1.0000,1.1360,1.00,1001.00,1.00,1001.00,2710.51,0.00,0.00
254530045,Parkes (AUS) 27th Feb,To Be Placed,27-02-2026 09:05,76338710,4. Shes No Honey,0,4.50000000,1.0000,3.5131,1.00,1001.00,1.00,1001.00,43.06,0.00,0.00
254529464,Albion Park (AUS) 27th Feb,To Be Placed,27-02-2026 02:38,68568932,6. No Remorse,0,7.73279182,1.0000,6.1168,1.00,1001.00,1.00,1001.00,54.24,0.00,0.00
254523450,Wagga (AUS) 27th Feb,To Be Placed,27-02-2026 01:23,84735702,1. Sports Look,1,1.17000000,1.0000,1.1032,1.00,1001.00,1.00,1001.00,235.38,0.00,0.00
254530268,Gloucester Park (AUS) 27th Feb,To Be Placed,27-02-2026 11:40,70611464,11. Tualou,1,1.86000000,1.0000,1.0000,1.00,1001.00,1.00,1001.00,0.00,0.00,0.00
254523468,Wagga (AUS) 27th Feb,To Be Placed,27-02-2026 04:53,85994472,2. Astral Stride,1,1.35230954,1.0000,1.3316,1.00,1001.00,1.00,1001.00,79.54,0.00,0.00
254526970,Newcastle (AUS) 27th Feb,To Be Placed,27-02-2026 08:52,95579068,10. Unjust Enrichment,0,4.80000000,1.0000,4.0731,1.00,1001.00,1.00,1001.00,64.40,0.00,0.00
254523459,Wagga (AUS) 27th Feb,To Be Placed,27-02-2026 03:03,13453478,6. Arklow,0,24.00000000,1.0000,7.2579,1.00,1001.00,1.00,1001.00,2.52,0.00,0.00
254530041,Parkes (AUS) 27th Feb,To Be Placed,27-02-2026 08:10,24228709,9. Glenn Ford,0,10.50000000,1.0000,,1.00,1001.00,1.00,1001.00,4.22,0.00,0.00
254493803,Cranbourne (AUS) 27th Feb,To Be Placed,27-02-2026 08:45,88290354,6. Amping Lass,0,3.10783194,1.0000,2.3068,1.00,1001.00,1.00,1001.00,513.21,0.00,0.00
254496720,Port Lincoln (AUS) 27th Feb,To Be Placed,27-02-2026 03:50,54404231,3. Cullen Skink,0,4.30000000,1.0000,3.2627,1.00,1001.00,1.00,1001.00,321.58,0.00,0.00
254491665,Canterbury (AUS) 27th Feb,To Be Placed,27-02-2026 10:30,5992977,14. Cellarmaster,1,1.58246429,1.0000,1.5645,1.00,1001.00,1.00,1001.00,1721.59,0.00,0.00
254530035,Parkes (AUS) 27th Feb,To Be Placed,27-02-2026 06:38,68457079,5. Celebrity Cruise,0,4.10000000,1.0000,3.0470,1.00,1001.00,1.00,1001.00,66.00,0.00,0.00
254530039,Parkes (AUS) 27th Feb,To Be Placed,27-02-2026 07:44,6496648,1. Chillax,1,2.18000000,1.0000,1.8806,1.00,1001.00,1.00,1001.00,141.86,0.00,0.00
254529464,Albion Park (AUS) 27th Feb,To Be Placed,27-02-2026 02:38,55747425,4. Voltain,0,1.70000000,1.0000,1.4721,1.00,1001.00,1.00,1001.00,279.60,0.00,0.00
254529473,Albion Park (AUS) 27th Feb,To Be Placed,27-02-2026 04:23,22862330,8. Get Me Outta Here,0,4.50000000,1.0000,3.7298,1.00,1001.00,1.00,1001.00,146.46,0.00,0.00
254527629,Ararat (AUS) 27th Feb,To Be Placed,27-02-2026 08:37,51835579,3. Nuclear Attitude,0,6.60000000,1.0000,,1.00,1001.00,1.00,1001.00,7.14,0.00,0.00
254530035,Parkes (AUS) 27th Feb,To Be Placed,27-02-2026 06:38,55584167,1. Josey Mint,0,30.00000000,1.0000,15.2840,1.00,1001.00,1.00,1001.00,25.84,0.00,0.00
254526982,Newcastle (AUS) 27th Feb,To Be Placed,27-02-2026 10:48,76614438,5. Thripenny,0,19.00000000,1.0000,,1.00,1001.00,1.00,1001.00,12.65,0.00,0.00
254529476,Albion Park (AUS) 27th Feb,To Be Placed,27-02-2026 05:03,65832280,3. Moops,0,1.80000000,1.0000,1.8400,1.00,1001.00,1.00,1001.00,11.78,0.00,0.00
254491433,Townsville (AUS) 27th Feb,To Be Placed,27-02-2026 07:40,95579750,5. Burlington Arcade,1,1.19029835,1.0000,1.1218,1.00,1001.00,1.00,1001.00,1974.84,0.00,0.00
254491101,Goulburn (AUS) 27th Feb,To Be Placed,27-02-2026 05:00,95578795,3. Tjaka,0,2.81141307,1.0000,1.7786,1.00,1001.00,1.00,1001.00,221.83,0.00,0.00
254493830,Cranbourne (AUS) 27th Feb,To Be Placed,27-02-2026 10:15,718748,2. Corniche,1,6.80748768,1.0000,3.8997,1.00,1001.00,1.00,1001.00,1480.45,0.00,0.00
254527633,Ararat (AUS) 27th Feb,To Be Placed,27-02-2026 09:37,68157981,2. Edwarde Grange,0,18.00000000,1.0000,4.1847,1.00,1001.00,1.00,1001.00,3.14,0.00,0.00
254530047,Parkes (AUS) 27th Feb,To Be Placed,27-02-2026 09:40,91117882,7. Marine Creature,0,3.50000000,1.0000,2.2919,1.00,1001.00,1.00,1001.00,63.69,0.00,0.00
254491649,Canterbury (AUS) 27th Feb,To Be Placed,27-02-2026 09:30,85982128,7. Vanessi,1,2.11766300,1.0000,1.8794,1.00,1001.00,1.00,1001.00,604.25,0.00,0.00
254530976,Northam (AUS) 27th Feb,To Be Placed,27-02-2026 12:15,45787651,2. Mister Kopa,1,2.76000000,1.0000,1.0000,1.00,1001.00,1.00,1001.00,0.00,0.00,0.00
254529467,Albion Park (AUS) 27th Feb,To Be Placed,27-02-2026 03:13,83902918,7. County Court Judge,1,3.28306706,1.0000,1.2523,1.00,1001.00,1.00,1001.00,19.82,0.00,0.00
254523465,Wagga (AUS) 27th Feb,To Be Placed,27-02-2026 04:13,41690927,6. Mop,0,3.35000000,1.0000,2.7104,1.00,1001.00,1.00,1001.00,129.64,0.00,0.00
254530039,Parkes (AUS) 27th Feb,To Be Placed,27-02-2026 07:44,43084334,5. Studleigh Starlite,0,3.89643000,1.0000,3.2117,1.00,1001.00,1.00,1001.00,49.22,0.00,0.00
254523468,Wagga (AUS) 27th Feb,To Be Placed,27-02-2026 04:53,66050084,9. Oh Sweet Creature,1,5.10000000,1.0000,3.5022,1.00,1001.00,1.00,1001.00,21.36,0.00,0.00
254491397,Townsville (AUS) 27th Feb,To Be Placed,27-02-2026 01:45,89392814,7. Calamaris,0,12.37316458,1.0000,10.1142,1.00,1001.00,1.00,1001.00,422.66,0.00,0.00
254491089,Goulburn (AUS) 27th Feb,To Be Placed,27-02-2026 02:35,4843895,4. Golden Warrior,0,8.60000000,1.0000,4.3188,1.00,1001.00,1.00,1001.00,129.86,0.00,0.00
254491089,Goulburn (AUS) 27th Feb,To Be Placed,27-02-2026 02:35,86934578,7. La Mer Bleue,1,4.50000000,1.0000,1.4584,1.00,1001.00,1.00,1001.00,349.14,0.00,0.00
254529464,Albion Park (AUS) 27th Feb,To Be Placed,27-02-2026 02:38,95542638,2. Gleneagle King,0,8.20000000,1.0000,6.1187,1.00,1001.00,1.00,1001.00,73.48,0.00,0.00
254523471,Wagga (AUS) 27th Feb,To Be Placed,27-02-2026 05:33,42170448,9. Kia Ora Beauty,0,4.50000000,1.0000,2.8721,1.00,1001.00,1.00,1001.00,100.58,0.00,0.00
254530978,Northam (AUS) 27th Feb,To Be Placed,27-02-2026 12:40,6566902,2. Just Betty,1,1.91000000,1.0000,1.0000,1.00,1001.00,1.00,1001.00,0.00,0.00,0.00
254493090,Kyneton (AUS) 27th Feb,To Be Placed,27-02-2026 03:20,95579687,11. Mull It Over,0,11.71874252,1.0000,8.1569,1.00,1001.00,1.00,1001.00,411.69,0.00,0.00
254491641,Canterbury (AUS) 27th Feb,To Be Placed,27-02-2026 09:00,47988856,8. Super Bright,0,3.05153741,1.0000,1.9582,1.00,1001.00,1.00,1001.00,115.36,0.00,0.00
254529467,Albion Park (AUS) 27th Feb,To Be Placed,27-02-2026 03:13,54642858,8. Ozzie Punta,1,2.00000000,1.0000,1.6942,1.00,1001.00,1.00,1001.00,27.42,0.00,0.00
254491401,Townsville (AUS) 27th Feb,To Be Placed,27-02-2026 02:21,11795774,3. Mighty Conqueror,1,1.62601791,1.0000,1.2600,1.00,1001.00,1.00,1001.00,3570.17,0.00,0.00
254496738,Port Lincoln (AUS) 27th Feb,To Be Placed,27-02-2026 05:30,67530885,6. Dantela,0,12.95729124,1.0000,6.7261,1.00,1001.00,1.00,1001.00,791.58,0.00,0.00
254529482,Albion Park (AUS) 27th Feb,To Be Placed,27-02-2026 06:23,58891536,7. Mullum Doc,1,15.00000000,1.0000,,1.00,1001.00,1.00,1001.00,2.84,0.00,0.00
254491086,Goulburn (AUS) 27th Feb,To Be Placed,27-02-2026 02:00,95578786,8. Sloopy Girl,0,5.20000000,1.0000,2.7471,1.00,1001.00,1.00,1001.00,120.94,0.00,0.00
254530262,Gloucester Park (AUS) 27th Feb,To Be Placed,27-02-2026 10:25,20125847,2. Seaside Serenade,1,1.07000000,1.0000,1.0642,1.00,1001.00,1.00,1001.00,4891.09,0.00,0.00
254496732,Port Lincoln (AUS) 27th Feb,To Be Placed,27-02-2026 04:50,66004464,5. Utilitarian,0,8.52154383,1.0000,4.5507,1.00,1001.00,1.00,1001.00,796.22,0.00,0.00
254527627,Ararat (AUS) 27th Feb,To Be Placed,27-02-2026 08:07,50740729,5. Ocean Avenue,1,1.94075645,1.0000,1.7362,1.00,1001.00,1.00,1001.00,406.96,0.00,0.00
254530256,Gloucester Park (AUS) 27th Feb,To Be Placed,27-02-2026 09:27,55506686,4. Sukhovey Windstorm,0,28.00000000,1.0000,,1.00,1001.00,1.00,1001.00,1.48,0.00,0.00
254523468,Wagga (AUS) 27th Feb,To Be Placed,27-02-2026 04:53,3718900,1. Sneak A Peek,0,18.50000000,1.0000,1.5209,1.00,1001.00,1.00,1001.00,8.58,0.00,0.00
254491413,Townsville (AUS) 27th Feb,To Be Placed,27-02-2026 04:06,95579733,14. Tutu Toulouse,0,123.42548226,1.0000,27.3688,1.00,1001.00,1.00,1001.00,60.56,0.00,0.00
254491425,Townsville (AUS) 27th Feb,To Be Placed,27-02-2026 06:03,62840353,11. Upstart Legend,0,7.58496661,1.0000,3.5081,1.00,1001.00,1.00,1001.00,687.15,0.00,0.00
254530274,Gloucester Park (AUS) 27th Feb,To Be Placed,27-02-2026 12:55,44735746,7. Final Collect,1,1.37000000,1.0000,1.0000,1.00,1001.00,1.00,1001.00,0.00,0.00,0.00
254493083,Kyneton (AUS) 27th Feb,To Be Placed,27-02-2026 02:45,95579673,2. Kokonda,1,1.88656271,1.0000,1.2519,1.00,1001.00,1.00,1001.00,4669.88,0.00,0.00
254530037,Parkes (AUS) 27th Feb,To Be Placed,27-02-2026 07:10,83380335,3. Limbo Lottie,0,1.85933238,1.0000,1.5580,1.00,1001.00,1.00,1001.00,219.28,0.00,0.00
254530045,Parkes (AUS) 27th Feb,To Be Placed,27-02-2026 09:05,59199790,8. Butter Cup,1,1.40000000,1.0000,1.3837,1.00,1001.00,1.00,1001.00,76.94,0.00,0.00
254530035,Parkes (AUS) 27th Feb,To Be Placed,27-02-2026 06:38,75394976,8. Rockin Sweet,1,3.13348700,1.0000,1.6881,1.00,1001.00,1.00,1001.00,34.66,0.00,0.00
254493812,Cranbourne (AUS) 27th Feb,To Be Placed,27-02-2026 09:15,6011524,7. Joltin Joe,0,16.50000000,1.0000,12.6266,1.00,1001.00,1.00,1001.00,343.46,0.00,0.00
254527635,Ararat (AUS) 27th Feb,To Be Placed,27-02-2026 10:07,95541170,4. Keayang Passion,1,1.04000000,1.0000,1.0654,1.00,1001.00,1.00,1001.00,2052.62,0.00,0.00
254530051,Parkes (AUS) 27th Feb,To Be Placed,27-02-2026 10:40,95581946,7. Pebbly Brook,0,2.08000000,1.0000,1.9210,1.00,1001.00,1.00,1001.00,69.99,0.00,0.00
254529467,Albion Park (AUS) 27th Feb,To Be Placed,27-02-2026 03:13,66296900,5. Tilly Jayne,0,6.20000000,1.0000,2.0416,1.00,1001.00,1.00,1001.00,60.88,0.00,0.00
254491433,Townsville (AUS) 27th Feb,To Be Placed,27-02-2026 07:40,95579763,20. Majestic Blaze,0,11.38819413,1.0000,7.9160,1.00,1001.00,1.00,1001.00,440.11,0.00,0.00
254530051,Parkes (AUS) 27th Feb,To Be Placed,27-02-2026 10:40,717209,4. Surprise Arrival,0,23.11632270,1.0000,8.9583,1.00,1001.00,1.00,1001.00,66.20,0.00,0.00
254491425,Townsville (AUS) 27th Feb,To Be Placed,27-02-2026 06:03,26706590,1. Family Star,0,10.70391183,1.0000,7.9236,1.00,1001.00,1.00,1001.00,1059.46,0.00,0.00
254527633,Ararat (AUS) 27th Feb,To Be Placed,27-02-2026 09:37,49064111,7. Little Louie,0,4.80000000,1.0000,3.6100,1.00,1001.00,1.00,1001.00,208.44,0.00,0.00
254527631,Ararat (AUS) 27th Feb,To Be Placed,27-02-2026 09:07,41385675,6. Johns Boy,0,126.48000000,1.0000,3.9810,1.00,1001.00,1.00,1001.00,136.94,0.00,0.00
254493821,Cranbourne (AUS) 27th Feb,To Be Placed,27-02-2026 09:45,79845040,3. El Pibe De Oro,0,10.00000000,1.0000,6.3574,1.00,1001.00,1.00,1001.00,583.52,0.00,0.00
254491429,Townsville (AUS) 27th Feb,To Be Placed,27-02-2026 06:43,95579742,15. Whitsunday Session,0,8.60000000,1.0000,5.1068,1.00,1001.00,1.00,1001.00,97.54,0.00,0.00
254523468,Wagga (AUS) 27th Feb,To Be Placed,27-02-2026 04:53,66006568,3. Keayang Jigsaw,1,2.02000000,1.0000,1.0657,1.00,1001.00,1.00,1001.00,77.82,0.00,0.00
254523459,Wagga (AUS) 27th Feb,To Be Placed,27-02-2026 03:03,27131748,10. The Clock Winder,0,6.00000000,1.0000,1.5842,1.00,1001.00,1.00,1001.00,10.44,0.00,0.00
254496726,Port Lincoln (AUS) 27th Feb,To Be Placed,27-02-2026 04:20,44144285,11. Funny Legs,0,7.40000000,1.0000,5.2341,1.00,1001.00,1.00,1001.00,146.33,0.00,0.00
254493097,Kyneton (AUS) 27th Feb,To Be Placed,27-02-2026 03:55,90603879,3. Nothin Wong Here,0,2.82890534,1.0000,2.3138,1.00,1001.00,1.00,1001.00,718.35,0.00,0.00
254523462,Wagga (AUS) 27th Feb,To Be Placed,27-02-2026 03:38,3206352,10. Whereswally,0,1.56000000,1.0000,1.1398,1.00,1001.00,1.00,1001.00,387.85,0.00,0.00
254530265,Gloucester Park (AUS) 27th Feb,To Be Placed,27-02-2026 10:55,95546387,4. Beau Para,0,4.50000000,1.0000,6.4869,1.00,1001.00,1.00,1001.00,155.55,0.00,0.00
254526970,Newcastle (AUS) 27th Feb,To Be Placed,27-02-2026 08:52,95264946,1. Amiees Alias,0,3.10000000,1.0000,2.9226,1.00,1001.00,1.00,1001.00,542.04,0.00,0.00
254530043,Parkes (AUS) 27th Feb,To Be Placed,27-02-2026 08:40,67939804,8. Scruffy,1,2.73000000,1.0000,2.7000,1.00,1001.00,1.00,1001.00,2.12,0.00,0.00
254527629,Ararat (AUS) 27th Feb,To Be Placed,27-02-2026 08:37,42098991,2. Brown Eyed Kate,0,4.30979953,1.0000,4.3764,1.00,1001.00,1.00,1001.00,156.06,0.00,0.00
254491107,Goulburn (AUS) 27th Feb,To Be Placed,27-02-2026 06:20,95578809,15. Rambova,1,3.13029055,1.0000,2.9585,1.00,1001.00,1.00,1001.00,1422.08,0.00,0.00
254493125,Kyneton (AUS) 27th Feb,To Be Placed,27-02-2026 06:30,78756312,3. Secret Hell,0,2.32709510,1.0000,1.9514,1.00,1001.00,1.00,1001.00,1642.04,0.00,0.00
254527635,Ararat (AUS) 27th Feb,To Be Placed,27-02-2026 10:07,4193392,2. Fantasy Flight,1,2.46000000,1.0000,2.6909,1.00,1001.00,1.00,1001.00,82.26,0.00,0.00
254526961,Newcastle (AUS) 27th Feb,To Be Placed,27-02-2026 07:22,59769651,5. Bulletproof Kid,1,2.06000000,1.0000,1.5305,1.00,1001.00,1.00,1001.00,249.80,0.00,0.00
254526982,Newcastle (AUS) 27th Feb,To Be Placed,27-02-2026 10:48,83643975,6. Our Ultimate May,0,2.48126126,1.0000,1.7394,1.00,1001.00,1.00,1001.00,14.06,0.00,0.00
