event_id,menu_hint,event_name,event_dt,selection_id,selection_name,win_lose,bsp,ppwap,morningwap,ppmax,ppmin,ipmax,ipmin,morningtradedvol,pptradedvol,iptradedvol
254826323,Corowa (AUS) 7th Mar,R7 1600m CL2,07-03-2026 05:50,84182205,9. Freud,0,48.98938642,29.2914,24.5466,55.00,50.00,1.00,1001.00,263.09,216.67,46.42
254858836,Melton (AUS) 7th Mar,R3 2240m Pace M,07-03-2026 08:37,37290402,8. Montana Pride,0,10.50000000,9.8101,8.2279,1.00,1001.00,1.00,1001.00,954.49,704.68,124.24
254829002,Gold Coast (AUS) 7th Mar,R1 1000m Hcap,07-03-2026 03:07,95919389,1. Marathia,0,5.00681275,4.2525,4.0465,5.20,3.20,1.00,1001.00,18992.06,17284.44,1707.62
254831262,Hawkesbury (AUS) 7th Mar,R8 1400m CL5,07-03-2026 06:40,95022968,11. Lady Yarrow,0,266.47763814,133.8135,104.3028,290.00,120.00,260.00,150.00,622.33,477.43,144.90
254831247,Hawkesbury (AUS) 7th Mar,R3 2000m Mdn,07-03-2026 03:35,93917946,10. Willie Or Wong He,0,5.10000000,4.4960,4.2155,5.40,4.00,5.80,3.00,10390.94,8895.42,1495.52
254780548,Randwick (AUS) 7th Mar,R8 1600m Grp1,07-03-2026 05:35,88651292,8. Dusty Bay,0,570.00000000,435.7840,363.6286,1000.00,290.00,390.00,100.00,671.47,539.39,132.08
254780530,Randwick (AUS) 7th Mar,R6 1600m Grp3,07-03-2026 04:25,76246837,5. Unleeshing,0,4.03119846,3.0180,2.6798,4.40,3.60,3.50,3.20,68227.68,53253.54,14974.14
254776514,Flemington (AUS) 7th Mar,R6 1400m Grp2,07-03-2026 04:05,95880775,11. Refuse To Curtsy,0,16.94914182,11.4132,10.3912,29.60,12.50,340.00,75.00,18246.33,16129.03,2117.30
254873028,Narrogin (AUS) 7th Mar,R4 2242m Pace M,07-03-2026 11:25,63132698,9. Jackie Daniels,0,4.10000000,3.6380,4.9326,3.80,3.50,1.00,1001.00,37.98,2086.27,316.85
254858864,Albion Park (AUS) 7th Mar,R4 2138m Trot M,07-03-2026 09:21,61641603,1. Darcys Fireball,0,120.24318363,86.0929,50.2432,120.00,65.00,1.00,1001.00,223.04,118.97,44.66
254858839,Melton (AUS) 7th Mar,R4 2240m Trot M,07-03-2026 09:10,83985251,6. Kyvalley Maven,0,2.36847804,2.3921,1.9677,2.40,2.22,1.00,1001.00,6241.25,3858.99,1179.57
254831084,Toowoomba (AUS) 7th Mar,R5 1100m Mdn,07-03-2026 08:42,95919753,12. Magic Moz,1,14.23118255,7.4936,5.1121,16.00,13.00,1.00,1001.00,5916.10,3636.97,2279.13
254831259,Hawkesbury (AUS) 7th Mar,R7 1800m Hcap,07-03-2026 06:00,95918968,1. Autumn Winter,0,29.00000000,17.4531,15.4638,30.00,16.00,1.00,1001.00,2042.71,1737.35,305.36
254822617,Gunnedah (AUS) 7th Mar,R7 1000m Hcap,07-03-2026 06:09,73526760,8. Martindale Dancer,0,5.02774752,5.7935,2.8577,5.80,5.80,1.00,1001.00,1543.81,381.07,370.17
254873031,Narrogin (AUS) 7th Mar,R5 2242m Pace M,07-03-2026 11:53,39232244,10. The Wildcard,0,7.80000000,8.7428,1.0000,8.60,8.40,1.00,1001.00,0.00,896.84,412.45
254858830,Melton (AUS) 7th Mar,R1 2240m Pace M,07-03-2026 07:25,85815288,2. King Saint,0,80.00000000,38.3576,30.6739,120.00,75.00,1.00,1001.00,183.79,141.09,42.70
254776790,Murray Bridge (AUS) 7th Mar,R8 1200m Hcap,07-03-2026 05:28,79258349,5. Redders,0,11.73008433,10.7318,8.5053,12.50,10.00,5.60,5.60,8081.29,5735.67,950.27
254776514,Flemington (AUS) 7th Mar,R6 1400m Grp2,07-03-2026 04:05,95880770,4. Hydrobomb,0,18.00000000,10.9208,9.5391,20.00,12.00,1.00,1001.00,19031.66,16070.31,2961.35
254826305,Corowa (AUS) 7th Mar,R1 1000m Mdn,07-03-2026 02:16,95918856,13. Notafoni,0,5.77698960,5.3422,3.6482,5.60,5.30,3.00,3.00,2775.01,857.80,1458.31
254873037,Narrogin (AUS) 7th Mar,R7 2242m Pace M,07-03-2026 13:05,79785395,3. Maternal Dreams,1,1.92147326,2.0283,1.0000,1.00,1001.00,1.00,1001.00,0.00,3614.54,1942.81
254858848,Melton (AUS) 7th Mar,R7 2240m Trot M,07-03-2026 10:54,95838596,7. Crusher Clyde,1,2.46003870,2.2012,1.8778,2.46,2.02,1.00,1001.00,15684.95,9697.71,3304.43
254780539,Randwick (AUS) 7th Mar,R7 1000m Grp2,07-03-2026 05:00,60230027,1. Giga Kick,0,3.95000000,3.2862,2.8865,3.90,2.80,1.00,1001.00,81707.98,64917.70,6848.70
254869479,Menangle (AUS) 7th Mar,R9 1609m Pace M,07-03-2026 11:45,95811365,5. Bordentown,0,70.00000000,70.2923,1.0000,85.00,55.00,1.00,1001.00,0.00,126.30,43.25
254869476,Menangle (AUS) 7th Mar,R8 1609m Pace M,07-03-2026 11:15,1294950,5. Spirit King,0,19.00000000,20.2032,1.0000,20.00,20.00,1.00,1001.00,0.00,277.18,102.52
254780677,Bunbury (AUS) 7th Mar,R3 1675m Hcap,07-03-2026 05:43,56451949,1. Decoration,0,34.70304619,30.2302,16.1078,34.00,21.00,120.00,18.00,2366.80,1074.05,518.41
254776505,Flemington (AUS) 7th Mar,R5 1600m Grp2,07-03-2026 03:30,6465356,6. Exit,0,27.68055914,16.2245,13.4268,36.00,16.00,36.00,22.00,15852.67,12559.73,3292.94
254776487,Flemington (AUS) 7th Mar,R3 1000m Grp3,07-03-2026 02:20,95301025,1. Rebel Tuesday,0,12.50000000,9.3023,6.4002,11.00,8.00,7.20,7.20,17023.40,10004.33,2153.69
254828982,Towong (AUS) 7th Mar,R5 1400m Mdn,07-03-2026 04:58,95919356,6. Pub Feed,0,25.67098283,30.8900,14.1047,44.00,26.00,1.00,1001.00,1017.19,332.66,180.42
254858870,Albion Park (AUS) 7th Mar,R6 1660m Pace M,07-03-2026 10:29,76936776,4. Im The Falcon,0,2.90903066,2.4767,2.7461,2.82,2.56,780.00,780.00,7083.97,6377.27,706.70
254858839,Melton (AUS) 7th Mar,R4 2240m Trot M,07-03-2026 09:10,59996257,1. Mega Spur,0,13.00000000,12.1552,7.7860,13.50,13.50,1000.00,1000.00,1220.28,568.82,289.82
254780722,Bunbury (AUS) 7th Mar,R8 2000m Cup,07-03-2026 08:53,65978721,7. Rocking Society,0,14.42377808,13.4738,7.7291,16.50,9.00,10.50,10.50,9609.58,4769.53,1705.62
254776727,Murray Bridge (AUS) 7th Mar,R1 1400m CL2,07-03-2026 01:25,8116147,7. Tofino,0,26.00000000,21.9257,18.4304,36.00,28.00,1.00,1001.00,4222.41,3401.25,821.16
254776532,Flemington (AUS) 7th Mar,R8 1600m Grp3,07-03-2026 05:15,82080809,2. Machine Gun Gracie,0,28.55383223,18.2843,15.6772,36.00,19.50,40.00,30.00,11106.91,9114.92,1991.99
254829018,Gold Coast (AUS) 7th Mar,R5 1100m Mdn,07-03-2026 05:24,2521161,10. Skeleton Crew,0,90.25000000,39.6508,32.5852,90.25,61.75,1.00,1001.00,685.41,529.75,155.66
254831378,Edenhope (AUS) 7th Mar,R4 1200m Hcap,07-03-2026 03:54,38789267,15. Feudal Empire,0,13.34307175,12.8597,10.9262,23.00,11.50,1.00,1001.00,3220.16,2549.78,245.91
254831092,Toowoomba (AUS) 7th Mar,R7 1100m Hcap,07-03-2026 09:54,75435184,3. Jemeldi,0,11.50000000,9.9603,5.3076,11.00,9.80,1.00,1001.00,4547.53,2024.45,1278.12
254822605,Gunnedah (AUS) 7th Mar,R3 1600m CL1,07-03-2026 03:55,964381,1. Never A Doubt,0,4.60000000,4.5756,3.4190,4.90,4.30,1.00,1001.00,4571.11,2727.47,808.42
254780503,Randwick (AUS) 7th Mar,R3 1200m Grp2,07-03-2026 02:40,94409348,3. Miss Chanel,0,15.10152487,10.2861,9.7474,15.50,11.50,18.00,12.00,6938.59,6019.13,919.46
254829014,Gold Coast (AUS) 7th Mar,R4 1000m Mdn,07-03-2026 04:52,2876141,1. Raging,0,14.00000000,15.2234,10.4787,23.00,13.00,790.00,790.00,7006.50,4503.79,866.05
254831364,Edenhope (AUS) 7th Mar,R2 1450m Mdn,07-03-2026 02:44,95919091,7. Legends Of Finn,0,36.66880221,42.1088,19.2978,48.00,36.00,1.00,1001.00,2234.85,943.39,452.98
254858879,Albion Park (AUS) 7th Mar,R9 1660m Pace M,07-03-2026 12:07,82540879,6. Lullaby,0,7.82548217,10.2161,1.0000,18.50,8.40,1.00,1001.00,0.00,1368.05,658.14
254858839,Melton (AUS) 7th Mar,R4 2240m Trot M,07-03-2026 09:10,46448214,7. El Resamo,0,11.08464143,10.8358,7.1332,12.50,12.50,1.00,1001.00,1181.56,626.28,349.35
254831068,Toowoomba (AUS) 7th Mar,R1 1300m Hcap,07-03-2026 06:19,140536,2. Forty Times,0,30.35237624,28.9131,18.5757,36.00,26.00,1.00,1001.00,923.66,501.58,147.15
254780668,Bunbury (AUS) 7th Mar,R2 1200m Hcap,07-03-2026 05:02,42545594,2. Corn Cob,0,18.77987824,23.6887,11.7883,36.00,19.00,1.00,1001.00,5469.47,2496.91,982.09
254775640,Eagle Farm (AUS) 7th Mar,R6 1600m CL6,07-03-2026 05:08,1025966,4. Last Command,1,2.91795406,2.2183,1.9493,3.60,2.82,3.40,1.01,85925.64,59890.22,26035.42
254776523,Flemington (AUS) 7th Mar,R7 1600m Grp1,07-03-2026 04:40,41308289,8. Pride Of Jenni,0,2.40000000,2.1349,2.0139,3.36,2.34,3.00,2.18,229588.78,194754.56,34834.22
254775595,Eagle Farm (AUS) 7th Mar,R1 1300m 2yo,07-03-2026 02:13,5456049,4. Apostle,1,4.44233339,4.8330,3.8730,6.60,4.10,5.30,2.80,43228.23,30496.70,7315.17
254776736,Murray Bridge (AUS) 7th Mar,R2 1400m Hcap,07-03-2026 01:57,81847969,7. Solar Mist,0,38.00000000,17.1223,14.2392,40.00,29.00,1.00,1001.00,2133.35,1612.33,521.02
254776532,Flemington (AUS) 7th Mar,R8 1600m Grp3,07-03-2026 05:15,82856747,4. Jennilala,0,24.21484124,14.5381,11.9826,60.00,23.00,21.00,21.00,16525.34,12830.00,3695.34
254826305,Corowa (AUS) 7th Mar,R1 1000m Mdn,07-03-2026 02:16,92241740,3. Commanding Shadow,0,16.50000000,13.1778,10.0527,14.50,12.00,10.50,10.50,695.93,242.98,260.44
254822614,Gunnedah (AUS) 7th Mar,R6 1400m Hcap,07-03-2026 05:27,64720995,9. Big Shot Legend,0,4.24829374,3.9443,3.2312,4.40,3.85,1.00,1001.00,2660.51,1358.67,500.13
254858870,Albion Park (AUS) 7th Mar,R6 1660m Pace M,07-03-2026 10:29,66019296,5. Frankie Ferocious,0,5.40000000,5.0144,4.5083,6.20,5.40,1.00,1001.00,3277.09,2605.60,671.49
254831399,Edenhope (AUS) 7th Mar,R7 1850m Hcap,07-03-2026 05:39,12528809,14. Ludo,0,60.00000000,62.1996,36.3091,100.00,55.00,1.00,1001.00,364.47,201.82,70.55
254831088,Toowoomba (AUS) 7th Mar,R6 1890m Mdn,07-03-2026 09:15,64721261,1. Blood Red,0,8.60000000,6.9961,6.2904,13.50,7.80,1.00,1001.00,5500.50,4645.10,855.40
254776736,Murray Bridge (AUS) 7th Mar,R2 1400m Hcap,07-03-2026 01:57,95879851,9. Anahorish,1,4.55535920,3.8210,3.0840,6.60,4.60,1.00,1001.00,14459.35,10365.79,4093.56
254873028,Narrogin (AUS) 7th Mar,R4 2242m Pace M,07-03-2026 11:25,1428510,7. Hot Rod,1,32.00000000,18.5375,1.0000,32.00,27.00,25.00,25.00,0.00,423.95,647.92
254858867,Albion Park (AUS) 7th Mar,R5 1660m Pace M,07-03-2026 10:00,83081369,6. Tremendous Sensation,0,6.19447201,6.3520,5.1008,6.80,6.40,5.60,5.60,3926.30,2594.14,679.55
254775631,Eagle Farm (AUS) 7th Mar,R5 1810m CL3,07-03-2026 04:33,95880794,3. Felix The Scat,0,8.90038802,7.4291,6.8231,11.00,8.60,7.00,7.00,15688.50,13808.72,1879.78
254780557,Randwick (AUS) 7th Mar,R9 1300m Grp1,07-03-2026 06:15,62840202,6. Joliestar,1,2.53977353,2.3509,1.9917,2.86,2.06,2.20,1.10,160642.28,111925.38,22498.36
254829002,Gold Coast (AUS) 7th Mar,R1 1000m Hcap,07-03-2026 03:07,51809243,6. Revitup Charlie,0,14.50000000,13.4382,6.7634,14.50,12.50,12.50,12.50,2361.12,960.92,499.83
254831262,Hawkesbury (AUS) 7th Mar,R8 1400m CL5,07-03-2026 06:40,81888852,13. Nymphadora,0,130.00000000,71.5262,63.6852,130.00,80.00,1.00,1001.00,541.20,473.50,67.70
254780503,Randwick (AUS) 7th Mar,R3 1200m Grp2,07-03-2026 02:40,95879037,14. Miss Trump,0,21.36791249,20.1816,17.9382,44.00,7.20,40.00,40.00,4909.25,4126.88,782.37
254776541,Flemington (AUS) 7th Mar,R9 1200m Grp1,07-03-2026 05:55,62840098,8. De Bergerac,0,119.07386077,129.4569,65.9164,220.00,95.00,620.00,620.00,5070.82,2518.84,970.02
254831399,Edenhope (AUS) 7th Mar,R7 1850m Hcap,07-03-2026 05:39,92504517,8. Hasta La Amnesty,0,88.01993753,60.7586,50.6313,110.00,80.00,40.00,40.00,392.85,247.04,145.81
254826311,Corowa (AUS) 7th Mar,R3 900m CL1,07-03-2026 03:26,454682,5. Penrose,0,14.50000000,16.2392,12.3035,22.00,14.00,1.00,1001.00,2034.97,1455.48,271.88
254869470,Menangle (AUS) 7th Mar,R6 1609m Pace M,07-03-2026 10:10,19747672,4. Max Delight,0,65.39976025,30.7003,26.3698,150.00,75.00,1.00,1001.00,222.96,158.96,64.00
254829026,Gold Coast (AUS) 7th Mar,R7 1400m CL4,07-03-2026 06:44,76706667,3. Run Lucy Run,0,2.39298021,2.3718,2.0195,2.50,2.22,1.00,1001.00,44334.62,30862.13,4222.55
254831385,Edenhope (AUS) 7th Mar,R5 1000m Hcap,07-03-2026 04:29,78688922,8. Attaboom,0,39.40337569,35.1253,18.4645,44.00,29.00,1.00,1001.00,1640.86,754.50,292.79
254831364,Edenhope (AUS) 7th Mar,R2 1450m Mdn,07-03-2026 02:44,94688430,5. Iron Stupa,0,3.75000000,3.5556,2.3123,3.65,3.35,1.00,1001.00,12129.29,5721.27,2251.38
254776772,Murray Bridge (AUS) 7th Mar,R6 1400m Hcap,07-03-2026 04:21,65557304,2. Fast Bubbles,0,12.50000000,11.8141,5.8245,15.00,10.50,1.00,1001.00,7412.96,3119.78,1576.55
254776541,Flemington (AUS) 7th Mar,R9 1200m Grp1,07-03-2026 05:55,74227518,6. Caballus,1,24.34082387,22.5086,12.2752,26.00,14.79,23.00,1.01,29302.95,15078.99,6798.22
254776532,Flemington (AUS) 7th Mar,R8 1600m Grp3,07-03-2026 05:15,50931357,10. Miss Tarzy,0,50.70752483,27.7534,22.4276,70.00,36.00,55.00,55.00,8242.68,6352.46,1890.22
254826311,Corowa (AUS) 7th Mar,R3 900m CL1,07-03-2026 03:26,2666431,2. Tesoro Mio,1,3.78127470,3.5193,2.1580,3.70,3.30,1.00,1001.00,3508.91,1175.51,1402.66
254829018,Gold Coast (AUS) 7th Mar,R5 1100m Mdn,07-03-2026 05:24,95919400,3. Handsome Triumph,0,123.50000000,81.5365,65.7206,152.00,104.50,1.00,1001.00,468.24,366.51,101.73
254780686,Bunbury (AUS) 7th Mar,R4 2000m Hcap,07-03-2026 06:23,66791420,9. Duchees Demerit,0,54.18627402,59.9653,24.8014,75.00,46.00,1.00,1001.00,1842.87,684.80,367.37
254780659,Bunbury (AUS) 7th Mar,R1 1200m 2yo,07-03-2026 04:27,95881203,3. Magnificent Malcom,0,130.00000000,140.8718,57.2858,270.00,120.00,100.00,100.00,456.32,170.85,98.53
254780539,Randwick (AUS) 7th Mar,R7 1000m Grp2,07-03-2026 05:00,2753469,5. In Flight,0,40.69490835,49.4288,30.9814,65.00,42.00,1.00,1001.00,4440.94,2711.83,683.46
254873022,Narrogin (AUS) 7th Mar,R2 1823m Pace M,07-03-2026 10:25,71384273,4. Shes All Go,0,5.87984880,5.2697,3.9383,5.50,5.50,1.00,1001.00,1365.93,891.08,200.63
254826323,Corowa (AUS) 7th Mar,R7 1600m CL2,07-03-2026 05:50,68825717,2. Eraantyva,0,18.00000000,11.9930,10.5470,18.00,15.00,1.00,1001.00,600.16,484.52,115.64
254822611,Gunnedah (AUS) 7th Mar,R5 1250m Hcap,07-03-2026 04:53,79022356,8. Top Act,0,44.29520802,27.6067,22.4203,48.00,32.00,1.00,1001.00,678.34,534.57,143.77
254822608,Gunnedah (AUS) 7th Mar,R4 1000m Hcap,07-03-2026 04:25,50528291,3. Dolly Jayne,0,9.00000000,9.3534,5.8574,9.00,9.00,1.00,1001.00,692.92,206.42,195.03
254858861,Albion Park (AUS) 7th Mar,R3 1660m Pace M,07-03-2026 08:48,51918707,4. Bellissimo Acquisto,0,9.11902344,9.7329,8.3583,11.50,9.00,1.00,1001.00,1707.27,1292.74,179.22
254869473,Menangle (AUS) 7th Mar,R7 1609m Pace M,07-03-2026 10:45,75916834,4. Fernco Nel,0,220.00000000,203.0175,102.7640,360.00,120.00,360.00,360.00,101.26,39.86,21.10
254829026,Gold Coast (AUS) 7th Mar,R7 1400m CL4,07-03-2026 06:44,83941378,12. Smelter,0,562.10966983,400.7206,154.6208,650.00,230.00,1.00,1001.00,228.95,87.84,60.15
254780557,Randwick (AUS) 7th Mar,R9 1300m Grp1,07-03-2026 06:15,25000245,4. Yorkshire,0,15.00000000,15.9176,10.7353,17.00,14.00,190.00,18.50,12213.22,7481.18,2010.21
254858876,Albion Park (AUS) 7th Mar,R8 1660m Pace M,07-03-2026 11:38,60184017,4. Credulous,0,14.12062623,14.9057,1.0000,13.50,13.50,1.00,1001.00,0.00,437.22,178.84
254858858,Albion Park (AUS) 7th Mar,R2 2138m Pace M,07-03-2026 08:12,77647095,9. Exclusive Hustler,0,11.15352687,12.0664,9.9163,13.50,11.00,1.00,1001.00,1258.21,940.29,135.34
254858836,Melton (AUS) 7th Mar,R3 2240m Pace M,07-03-2026 08:37,70103198,6. Wild Bull,0,6.40000000,5.4793,4.7594,5.10,5.10,1.00,1001.00,2102.42,1513.49,258.75
254831399,Edenhope (AUS) 7th Mar,R7 1850m Hcap,07-03-2026 05:39,8434950,6. Coraggio,1,57.95063523,37.0422,27.8563,85.00,50.00,20.00,20.00,627.39,435.22,192.17
254831247,Hawkesbury (AUS) 7th Mar,R3 2000m Mdn,07-03-2026 03:35,95918960,12. Grey Belief,0,26.54943284,19.3243,17.1994,28.00,22.00,1.00,1001.00,1567.14,1350.09,217.05
254873034,Narrogin (AUS) 7th Mar,R6 1823m Pace M,07-03-2026 12:30,74000351,6. Our Seraphina,0,9.92656346,10.9311,1.0000,12.00,10.00,1.00,1001.00,0.00,402.52,205.12
254869473,Menangle (AUS) 7th Mar,R7 1609m Pace M,07-03-2026 10:45,88652080,2. My Ultimate Barney,0,205.60456533,143.6570,102.1998,440.00,60.00,1.00,1001.00,238.81,169.41,29.67
254869467,Menangle (AUS) 7th Mar,R5 1609m Pace M,07-03-2026 09:41,79075222,7. Betterthancash,0,260.00000000,256.3779,121.3609,290.00,210.00,1.00,1001.00,73.98,34.38,16.38
254858851,Melton (AUS) 7th Mar,R8 2240m Pace M,07-03-2026 11:33,86404045,6. Mister Americano,0,6.76745585,5.9035,5.0173,6.40,5.00,1.00,1001.00,55.04,1935.92,421.65
254829018,Gold Coast (AUS) 7th Mar,R5 1100m Mdn,07-03-2026 05:24,95919404,8. Written Reality,0,14.55031540,8.9793,8.7169,14.73,11.40,1.00,1001.00,3115.69,2719.33,396.36
254776532,Flemington (AUS) 7th Mar,R8 1600m Grp3,07-03-2026 05:15,92996252,11. Ahha Ahha,1,8.51515901,6.3106,5.7315,9.40,6.20,7.00,6.00,33725.55,28348.42,5377.13
254776523,Flemington (AUS) 7th Mar,R7 1600m Grp1,07-03-2026 04:40,55782135,5. Steparty,0,37.45697725,21.7610,18.8182,47.48,26.39,55.00,38.00,11632.24,9480.55,2151.69
254831392,Edenhope (AUS) 7th Mar,R6 1450m Hcap,07-03-2026 05:04,94181308,11. Dangerous Secret,0,37.25044347,42.3853,21.0386,48.00,38.00,1.00,1001.00,562.13,213.90,75.92
254831256,Hawkesbury (AUS) 7th Mar,R6 1300m CL1,07-03-2026 05:20,95918966,4. Showtime Shadow,0,7.44866096,6.4688,5.6375,9.40,7.60,1.00,1001.00,10310.38,8543.03,1767.35
254831241,Hawkesbury (AUS) 7th Mar,R1 1100m Mdn,07-03-2026 02:25,93239542,4. Cinceritas,0,46.00314373,40.6106,31.6041,48.00,38.00,1.00,1001.00,979.69,731.21,105.78
254776478,Flemington (AUS) 7th Mar,R2 1100m Hcap,07-03-2026 01:45,95880760,8. Hezdarnhottoo,0,8.80628224,8.4850,6.6087,9.40,4.08,1000.00,5.10,21241.55,14502.09,2689.01
254828975,Towong (AUS) 7th Mar,R4 1200m Hcap,07-03-2026 04:23,57114037,10. Smashing Ruby,0,13.83210804,7.5409,6.4604,19.50,12.50,14.00,14.00,2307.41,1746.59,560.82
254869479,Menangle (AUS) 7th Mar,R9 1609m Pace M,07-03-2026 11:45,95811366,6. Soho Cruza,0,293.64841443,279.8032,1.0000,490.00,140.00,1.00,1001.00,0.00,37.88,24.40
254831250,Hawkesbury (AUS) 7th Mar,R4 1500m CL1,07-03-2026 04:10,412937,6. Damascus Calling,0,15.62415811,16.8034,9.6042,18.50,15.50,1.00,1001.00,2242.52,1023.16,496.11
254826314,Corowa (AUS) 7th Mar,R4 1000m Hcap,07-03-2026 04:01,66580408,8. Barn Zee,0,17.01917083,13.5998,13.8528,17.88,15.06,1.00,1001.00,712.66,661.53,51.13
254828968,Towong (AUS) 7th Mar,R3 1200m Mdn,07-03-2026 03:48,95919346,7. Gresford,0,40.61946339,32.3372,16.0744,34.00,30.00,28.00,28.00,462.29,146.18,239.03
254858848,Melton (AUS) 7th Mar,R7 2240m Trot M,07-03-2026 10:54,39989751,3. Tictok,0,33.97671967,30.4256,17.8338,34.00,28.00,380.00,29.00,629.61,229.15,219.13
254780713,Bunbury (AUS) 7th Mar,R7 1400m Listed,07-03-2026 08:20,64292685,8. Demolish,0,53.47786284,66.4251,31.3149,75.00,50.00,1.00,1001.00,2832.03,1294.15,531.35
254780677,Bunbury (AUS) 7th Mar,R3 1675m Hcap,07-03-2026 05:43,78535891,7. Birds The Word,1,8.74106782,9.9442,7.4508,11.50,8.80,7.60,7.60,19266.09,12898.45,3844.00
254776736,Murray Bridge (AUS) 7th Mar,R2 1400m Hcap,07-03-2026 01:57,77768466,4. Big Mav,0,10.23229047,6.3414,5.7882,12.00,9.40,1.00,1001.00,6022.64,5141.06,881.58
254780566,Randwick (AUS) 7th Mar,R10 1200m Grp3,07-03-2026 06:55,995428,10. Lady Extreme,0,63.39507752,57.4385,40.0092,80.00,34.00,50.00,50.00,6500.87,4448.49,847.77
254776523,Flemington (AUS) 7th Mar,R7 1600m Grp1,07-03-2026 04:40,11219764,6. Watch Me Rock,0,45.68452384,25.1035,20.7510,60.00,18.00,38.00,28.00,10867.01,8661.50,2205.51
254776523,Flemington (AUS) 7th Mar,R7 1600m Grp1,07-03-2026 04:40,69352281,9. Stefi Magnetica,0,8.26555756,5.4434,4.7681,9.00,6.57,8.60,5.90,55962.17,45720.80,10241.37
254858855,Albion Park (AUS) 7th Mar,R1 2138m Pace M,07-03-2026 07:37,27858006,6. Applied,0,1.54000000,1.6068,1.5557,2.80,1.50,1.76,1.25,36761.02,28422.11,8338.91
254780695,Bunbury (AUS) 7th Mar,R5 1200m Hcap,07-03-2026 07:03,89670893,11. Great Emotion,1,4.70000000,5.6879,2.3230,7.00,4.80,6.00,6.00,44767.80,10913.47,12324.69
254826311,Corowa (AUS) 7th Mar,R3 900m CL1,07-03-2026 03:26,95918864,3. Tallingas Indirose,0,19.23463256,14.3098,11.1662,19.50,16.50,290.00,290.00,925.48,591.37,137.71
254822617,Gunnedah (AUS) 7th Mar,R7 1000m Hcap,07-03-2026 06:09,83154697,10. Acotango,0,10.85588808,11.0844,5.6329,11.00,11.00,1.00,1001.00,582.07,198.22,139.63
254776514,Flemington (AUS) 7th Mar,R6 1400m Grp2,07-03-2026 04:05,95880772,7. Leopard Shark,0,18.00000000,10.2862,8.8902,22.00,13.00,21.00,21.00,14072.17,11296.72,2775.45
254828996,Towong (AUS) 7th Mar,R7 1400m Hcap,07-03-2026 06:05,66826000,4. The Cuban,0,4.69750065,2.3345,2.2004,1.00,1001.00,1.00,1001.00,1174.25,804.10,370.15
254831392,Edenhope (AUS) 7th Mar,R6 1450m Hcap,07-03-2026 05:04,95919116,6. Noubentekh,0,16.77820831,14.9055,10.0936,1.00,1001.00,1.00,1001.00,950.95,565.96,154.02
254831088,Toowoomba (AUS) 7th Mar,R6 1890m Mdn,07-03-2026 09:15,92995446,5. Exodini,0,10.50000000,7.4448,6.6334,12.50,10.50,1.00,1001.00,3501.68,2857.80,643.88
254831262,Hawkesbury (AUS) 7th Mar,R8 1400m CL5,07-03-2026 06:40,86854665,5. Cuban Cigar,0,40.00000000,20.9015,16.9659,46.00,34.00,1.00,1001.00,1356.65,1011.87,344.78
254831256,Hawkesbury (AUS) 7th Mar,R6 1300m CL1,07-03-2026 05:20,95918965,2. Royal Corporal,0,90.00000000,56.6020,49.7098,140.00,40.00,1.00,1001.00,927.18,797.31,129.87
254780521,Randwick (AUS) 7th Mar,R5 1100m 3yo,07-03-2026 03:50,95879044,7. Mareth,0,30.00000000,30.5134,22.0464,36.00,27.00,1.00,1001.00,4969.86,3449.64,629.17
254858861,Albion Park (AUS) 7th Mar,R3 1660m Pace M,07-03-2026 08:48,86141925,7. Basilisk Bob,0,33.37263329,32.2425,18.4546,34.00,34.00,1.00,1001.00,316.73,151.95,82.28
254780668,Bunbury (AUS) 7th Mar,R2 1200m Hcap,07-03-2026 05:02,35524954,11. Mini Winnie,0,710.99674539,327.7902,205.3198,740.00,120.00,1.00,1001.00,184.57,115.06,26.01
254780548,Randwick (AUS) 7th Mar,R8 1600m Grp1,07-03-2026 05:35,84471470,1. Autumn Boy,0,5.17186668,3.5848,3.4355,5.80,3.20,1.00,1001.00,84486.51,77829.10,6657.41
254828989,Towong (AUS) 7th Mar,R6 1600m Hcap,07-03-2026 05:32,39379469,6. Blushing Tycoon,0,5.14610636,4.9882,3.8150,5.20,4.20,8.00,8.00,4041.11,1884.47,575.51
254775649,Eagle Farm (AUS) 7th Mar,R7 1600m 3yo,07-03-2026 05:47,86275548,2. Kokatahi,0,4.65909046,4.8014,3.3116,5.30,4.30,7.20,3.35,37033.64,20828.21,6190.42
254776781,Murray Bridge (AUS) 7th Mar,R7 1200m Hcap,07-03-2026 04:56,94615242,10. Copper Bullet,0,7.20000000,4.8334,4.4172,7.60,6.00,1.00,1001.00,16092.04,13875.66,2216.38
254776772,Murray Bridge (AUS) 7th Mar,R6 1400m Hcap,07-03-2026 04:21,38447579,3. Super Lad,0,8.67898476,9.0404,5.9538,12.50,8.20,1.00,1001.00,15021.10,8689.69,2139.00
254828954,Towong (AUS) 7th Mar,R1 940m Mdn,07-03-2026 02:38,77999824,7. Uytaahkoo,0,150.00000000,66.3532,53.4007,170.00,95.24,1.00,1001.00,567.74,448.82,118.92
254831088,Toowoomba (AUS) 7th Mar,R6 1890m Mdn,07-03-2026 09:15,41664301,11. Red Vegas,0,240.12623713,170.9782,146.9376,590.00,240.00,1.00,1001.00,190.55,160.26,30.29
254869476,Menangle (AUS) 7th Mar,R8 1609m Pace M,07-03-2026 11:15,5101933,2. Flying Colours,0,4.80000000,4.6585,3.4529,1.00,1001.00,1.00,1001.00,20.70,495.17,466.62
254829014,Gold Coast (AUS) 7th Mar,R4 1000m Mdn,07-03-2026 04:52,94447786,4. Poised Tycoon,0,17.50000000,15.0222,8.0796,18.50,9.40,1.00,1001.00,3798.43,1812.33,588.44
254780722,Bunbury (AUS) 7th Mar,R8 2000m Cup,07-03-2026 08:53,83410206,4. Fancy Red,0,3.81212467,3.8724,2.7470,4.50,3.65,3.45,3.40,30058.15,15985.13,4877.50
254780713,Bunbury (AUS) 7th Mar,R7 1400m Listed,07-03-2026 08:20,95881229,14. Without Reg,0,130.00000000,149.7124,81.6503,200.00,90.00,1.00,1001.00,949.31,502.03,190.89
254776799,Murray Bridge (AUS) 7th Mar,R9 1100m Hcap,07-03-2026 06:07,53679693,15. Invertational,0,19.20384352,18.6300,8.1035,22.00,14.00,1.00,1001.00,6462.85,2277.17,1342.85
254780566,Randwick (AUS) 7th Mar,R10 1200m Grp3,07-03-2026 06:55,95879057,13. Eagle Express,0,25.00000000,23.5789,15.9779,32.00,13.50,24.00,24.00,11653.27,7290.83,1582.77
254831378,Edenhope (AUS) 7th Mar,R4 1200m Hcap,07-03-2026 03:54,2616562,9. Ambushed,0,23.26468088,24.6044,13.0467,26.00,23.00,1.00,1001.00,1131.21,435.53,204.95
254780704,Bunbury (AUS) 7th Mar,R6 1200m 3yo,07-03-2026 07:42,4519612,5. Swingman,1,3.77260973,3.7021,2.4314,4.00,3.40,2.52,2.52,39777.91,19802.08,8073.17
254780704,Bunbury (AUS) 7th Mar,R6 1200m 3yo,07-03-2026 07:42,95881226,13. Unfortunate Lad,0,36.00000000,30.7721,14.9784,44.00,23.00,25.00,21.00,2440.17,1058.61,510.40
254873022,Narrogin (AUS) 7th Mar,R2 1823m Pace M,07-03-2026 10:25,68951325,2. Visiting Hours,1,3.47333938,3.2159,2.4091,3.80,2.90,1.00,1001.00,6513.39,3718.98,1542.00
254780686,Bunbury (AUS) 7th Mar,R4 2000m Hcap,07-03-2026 06:23,91117408,7. Audio Boy,0,6.30420586,6.2166,5.1173,6.80,5.80,1.00,1001.00,8973.60,6322.32,1030.76
254826308,Corowa (AUS) 7th Mar,R2 1300m Mdn,07-03-2026 02:51,95918860,8. Mangoplah,0,29.08801395,27.9246,20.7291,32.00,26.00,1.00,1001.00,480.18,317.75,72.01
254831256,Hawkesbury (AUS) 7th Mar,R6 1300m CL1,07-03-2026 05:20,80856228,7. Wisnierska,0,57.67750862,34.5935,29.7369,60.00,36.00,95.00,30.00,1641.72,1219.29,422.43
254780659,Bunbury (AUS) 7th Mar,R1 1200m 2yo,07-03-2026 04:27,95881206,7. Here The Boom,1,19.50000000,18.0822,11.3321,19.00,16.00,1.00,1001.00,4969.14,2909.07,1046.35
254822602,Gunnedah (AUS) 7th Mar,R2 1000m Mdn,07-03-2026 03:08,95919128,9. Perasta,0,16.45523045,17.5743,11.2345,18.50,16.00,1.00,1001.00,565.75,246.83,118.57
254858836,Melton (AUS) 7th Mar,R3 2240m Pace M,07-03-2026 08:37,52148707,7. Edwarde Grange,0,16.77697870,18.5269,13.9910,19.00,19.00,1.00,1001.00,781.81,504.12,134.23
254831364,Edenhope (AUS) 7th Mar,R2 1450m Mdn,07-03-2026 02:44,28414365,6. Last Summer,0,71.45526122,77.2631,37.8294,120.00,60.00,1.00,1001.00,1369.49,623.72,303.22
254831357,Edenhope (AUS) 7th Mar,R1 1850m Mdn,07-03-2026 02:09,80300477,4. Tarins Rock,0,85.00000000,84.4036,27.7507,400.00,75.00,1.00,1001.00,563.35,174.85,177.82
254775622,Eagle Farm (AUS) 7th Mar,R4 1400m Hcap,07-03-2026 03:58,85180941,5. Ready For The Trip,0,21.43131586,14.4409,12.8001,27.00,14.00,100.00,100.00,4223.09,3363.81,859.28
254776745,Murray Bridge (AUS) 7th Mar,R3 1000m Mdn,07-03-2026 02:36,95879853,8. Boolcunda Dawn,0,24.00000000,12.7295,10.2043,30.00,15.50,1.00,1001.00,6326.02,4853.71,1472.31
254780503,Randwick (AUS) 7th Mar,R3 1200m Grp2,07-03-2026 02:40,6629747,12. Rachini,0,12.00000000,9.4950,8.7532,13.50,7.60,14.00,12.00,12635.77,10843.00,1792.77
254776523,Flemington (AUS) 7th Mar,R7 1600m Grp1,07-03-2026 04:40,43034944,3. Antino,0,18.73446464,12.6882,10.9986,24.00,10.59,29.00,21.00,22881.19,18931.92,3949.27
254873019,Narrogin (AUS) 7th Mar,R1 1823m Pace M,07-03-2026 09:57,95887298,8. Acknowledgement,0,84.20295598,62.9427,35.5194,60.00,60.00,1.00,1001.00,94.60,45.43,21.47
254776496,Flemington (AUS) 7th Mar,R4 1400m Grp3,07-03-2026 02:55,62294442,3. Persian Spirit,0,3.98991813,2.7801,2.5356,4.40,3.70,3.75,3.60,75266.90,60370.10,14896.80
254826305,Corowa (AUS) 7th Mar,R1 1000m Mdn,07-03-2026 02:16,84733434,1. Belgium Lad,0,10.29862820,15.8417,6.9325,28.00,14.00,1.00,1001.00,1700.36,385.54,500.19
254831392,Edenhope (AUS) 7th Mar,R6 1450m Hcap,07-03-2026 05:04,3673384,7. Paint Me Red,0,7.00000000,7.2315,5.4555,6.80,6.80,1.00,1001.00,1597.06,1042.81,187.00
254826320,Corowa (AUS) 7th Mar,R6 1600m Cup,07-03-2026 05:11,65051538,2. Canny Hell,0,2.42000000,2.5362,2.3341,2.88,2.36,790.00,3.50,17972.57,10788.77,3363.72
254858861,Albion Park (AUS) 7th Mar,R3 1660m Pace M,07-03-2026 08:48,43549401,8. Betterthan Popsy,0,40.00000000,43.9107,22.0145,48.00,40.00,1.00,1001.00,326.87,135.95,105.88
254869476,Menangle (AUS) 7th Mar,R8 1609m Pace M,07-03-2026 11:15,27408260,1. Betterthanfederer,0,28.70690527,22.9388,19.4956,26.00,22.00,1.00,1001.00,0.20,273.49,66.97
254831259,Hawkesbury (AUS) 7th Mar,R7 1800m Hcap,07-03-2026 06:00,3536183,15. Dealt,0,11.00000000,8.5614,8.1667,13.00,9.40,1.00,1001.00,5055.51,4583.06,472.45
254780713,Bunbury (AUS) 7th Mar,R7 1400m Listed,07-03-2026 08:20,57884656,11. Multinational,0,43.48513164,47.6380,25.8940,55.00,44.00,1.00,1001.00,2183.59,1101.49,334.13
254828961,Towong (AUS) 7th Mar,R2 940m Hcap,07-03-2026 03:13,36332507,5. Mighty Feat,0,3.83502178,4.1764,3.4020,4.50,3.90,1.00,1001.00,4248.01,2946.35,455.70
254873037,Narrogin (AUS) 7th Mar,R7 2242m Pace M,07-03-2026 13:05,95887303,6. Unknown,0,310.00000000,201.7968,1.0000,280.00,200.00,1.00,1001.00,0.00,20.19,12.63
254858851,Melton (AUS) 7th Mar,R8 2240m Pace M,07-03-2026 11:33,95838598,4. Lucky Vincent,0,210.00000000,265.3352,145.2284,490.00,140.00,1.00,1001.00,3.48,60.01,22.00
254780722,Bunbury (AUS) 7th Mar,R8 2000m Cup,07-03-2026 08:53,64764298,3. Silver Eye,0,14.72813815,14.2047,9.3498,16.50,9.00,1.00,1001.00,12390.62,7500.23,1581.51
254831364,Edenhope (AUS) 7th Mar,R2 1450m Mdn,07-03-2026 02:44,95919093,14. Scoparia,0,12.00000000,11.4137,6.0419,11.50,10.00,70.00,22.00,3423.05,1310.30,774.29
254831247,Hawkesbury (AUS) 7th Mar,R3 2000m Mdn,07-03-2026 03:35,93239559,6. Eureka Rebel,1,3.96381818,3.2108,2.8870,4.30,3.85,1.00,1001.00,9559.03,7658.81,1900.22
254831244,Hawkesbury (AUS) 7th Mar,R2 1300m Mdn,07-03-2026 03:00,80791,1. Coulter,0,3.46697853,3.1344,2.7943,4.10,2.96,1.00,1001.00,17706.55,13793.51,1765.54
254822614,Gunnedah (AUS) 7th Mar,R6 1400m Hcap,07-03-2026 05:27,68959299,13. Pop Quiz,0,36.48620767,37.5186,26.7897,42.00,36.00,1.00,1001.00,265.36,158.68,49.90
254831392,Edenhope (AUS) 7th Mar,R6 1450m Hcap,07-03-2026 05:04,95919115,3. Sethacchio,1,15.20930633,14.9416,7.6083,14.50,14.00,1.00,1001.00,1233.20,531.38,500.97
254831072,Toowoomba (AUS) 7th Mar,R2 1000m 2yo,07-03-2026 06:59,95919741,1. Boomelli,1,1.58405067,1.5039,1.4652,1.63,1.44,1.63,1.61,30343.63,22914.34,6432.39
254780548,Randwick (AUS) 7th Mar,R8 1600m Grp1,07-03-2026 05:35,95879049,5. Green Spaces,0,160.00000000,86.3087,70.6986,180.00,90.00,1.00,1001.00,2885.98,2331.54,554.44
254780530,Randwick (AUS) 7th Mar,R6 1600m Grp3,07-03-2026 04:25,78000252,6. Pippie Beach,0,14.86883724,10.6250,9.0030,16.50,10.50,15.50,15.50,12809.43,10168.08,2641.35
254828989,Towong (AUS) 7th Mar,R6 1600m Hcap,07-03-2026 05:32,2458668,9. Patrick,0,23.71006161,28.3288,17.6347,40.00,25.00,1.00,1001.00,871.79,460.55,167.96
254776799,Murray Bridge (AUS) 7th Mar,R9 1100m Hcap,07-03-2026 06:07,45348218,2. Shalailed,0,254.43402170,198.3688,116.0357,260.00,81.75,1.00,1001.00,604.93,343.00,113.40
254776754,Murray Bridge (AUS) 7th Mar,R4 1200m Hcap,07-03-2026 03:11,89966735,4. Bel Hotesse,0,92.66357145,95.7543,38.3248,130.00,42.00,1.00,1001.00,1989.27,776.91,427.99
254776736,Murray Bridge (AUS) 7th Mar,R2 1400m Hcap,07-03-2026 01:57,35534362,10. Limbering,0,43.27870038,21.3768,16.6428,55.00,38.00,11.00,11.00,2321.67,1672.74,648.93
254816327,Alice Springs (AUS) 7th Mar,R3 1000m Hcap,07-03-2026 03:32,42845205,5. Throw At Da Stumps,0,6.60000000,5.4164,5.0303,7.00,5.70,1.00,1001.00,3397.84,3093.31,304.53
254816321,Alice Springs (AUS) 7th Mar,R1 1200m Hcap,07-03-2026 02:22,63402220,1. Scissor Me Timbers,1,2.78000000,2.8177,1.8989,2.92,2.92,2.00,2.00,5778.86,2368.73,2437.77
254822608,Gunnedah (AUS) 7th Mar,R4 1000m Hcap,07-03-2026 04:25,24427862,7. Invincible Faith,0,88.38731650,110.3540,36.7562,150.00,80.00,1.00,1001.00,290.68,46.78,96.32
254831244,Hawkesbury (AUS) 7th Mar,R2 1300m Mdn,07-03-2026 03:00,95918952,10. Bright Promise,0,34.00000000,36.9756,21.6466,46.00,28.00,1.00,1001.00,1169.16,641.92,229.88
254780677,Bunbury (AUS) 7th Mar,R3 1675m Hcap,07-03-2026 05:43,76391190,2. King Mahuta,0,259.22923492,303.1318,156.3418,600.00,110.00,1.00,1001.00,274.37,133.77,52.43
254776478,Flemington (AUS) 7th Mar,R2 1100m Hcap,07-03-2026 01:45,78230155,1. Press Down,0,92.54812523,90.1752,34.5722,120.00,36.45,1.00,1001.00,2898.84,1046.75,635.47
254816330,Alice Springs (AUS) 7th Mar,R4 1400m Hcap,07-03-2026 04:05,75718739,4. Magic Defense,1,5.58394182,5.1264,4.1498,5.50,5.40,1.00,1001.00,3196.27,2323.80,872.47
254828982,Towong (AUS) 7th Mar,R5 1400m Mdn,07-03-2026 04:58,94985125,9. Untethered Soul,0,5.31896142,5.0787,3.6535,4.80,4.80,1.00,1001.00,2047.26,1098.33,355.01
254829014,Gold Coast (AUS) 7th Mar,R4 1000m Mdn,07-03-2026 04:52,95919394,9. Somewhere I Belong,0,390.00000000,288.2847,167.2130,880.00,90.00,610.00,610.00,393.79,223.85,75.28
254831076,Toowoomba (AUS) 7th Mar,R3 2000m Hcap,07-03-2026 07:30,68189713,10. Another Dazzler,0,6.61572401,3.0947,2.5743,10.50,6.40,1.00,1001.00,24760.34,17677.51,7082.83
254776799,Murray Bridge (AUS) 7th Mar,R9 1100m Hcap,07-03-2026 06:07,95879881,17. Shes Xtravagant,0,300.93629895,267.4707,141.1814,350.00,90.84,140.00,140.00,438.56,229.06,80.81
254776745,Murray Bridge (AUS) 7th Mar,R3 1000m Mdn,07-03-2026 02:36,1340127,2. Blazing Red,0,49.63701745,15.5367,12.5199,50.00,36.00,1.00,1001.00,2257.01,1672.05,584.96
254826317,Corowa (AUS) 7th Mar,R5 1300m Hcap,07-03-2026 04:36,90008826,10. Trifecta Ruby,0,13.00000000,11.4725,7.4436,12.50,12.50,1.00,1001.00,495.41,106.84,187.70
254826308,Corowa (AUS) 7th Mar,R2 1300m Mdn,07-03-2026 02:51,95918863,11. Twice As Quick,0,32.89103441,29.2354,13.8707,38.00,23.00,1.00,1001.00,657.67,215.58,298.79
254831084,Toowoomba (AUS) 7th Mar,R5 1100m Mdn,07-03-2026 08:42,95919749,1. Hanaa Boy,0,131.91971496,82.5355,69.1251,170.00,50.00,380.00,380.00,546.47,442.62,103.85
254831068,Toowoomba (AUS) 7th Mar,R1 1300m Hcap,07-03-2026 06:19,64051789,7. Rubaahy,1,14.00000000,12.3648,4.3401,1.00,1001.00,16.00,16.00,1613.85,369.59,1032.92
254776523,Flemington (AUS) 7th Mar,R7 1600m Grp1,07-03-2026 04:40,1158775,1. Tom Kitten,1,4.23331418,3.0907,2.7221,5.41,4.20,4.30,3.90,114985.91,91711.83,23274.08
254858873,Albion Park (AUS) 7th Mar,R7 1660m Pace M,07-03-2026 11:04,95816515,8. Draw A Dream,0,5.73081181,6.1431,5.2663,6.60,5.30,1.00,1001.00,424.40,2313.27,460.10
254831241,Hawkesbury (AUS) 7th Mar,R1 1100m Mdn,07-03-2026 02:25,95918946,11. Waveton,0,2.14000000,2.1493,1.9899,2.56,1.98,1.00,1001.00,33231.57,26792.70,3338.69
254780731,Bunbury (AUS) 7th Mar,R9 1400m Hcap,07-03-2026 09:29,58176899,2. Essentric Nature,0,4.62091321,3.7728,3.5463,5.80,4.30,5.10,5.10,25137.08,21242.52,3894.56
254780503,Randwick (AUS) 7th Mar,R3 1200m Grp2,07-03-2026 02:40,95879032,2. Chayan,1,3.48809973,3.0368,2.7802,4.42,3.20,3.00,3.00,38760.57,32143.25,6617.32
254829010,Gold Coast (AUS) 7th Mar,R3 1200m Hcap,07-03-2026 04:18,35575324,2. Memoria,1,2.49545813,2.6091,2.0383,2.80,2.30,1.58,1.01,48933.29,29164.44,12518.48
254776754,Murray Bridge (AUS) 7th Mar,R4 1200m Hcap,07-03-2026 03:11,95879861,12. Refreshing,0,10.00000000,10.0888,8.0736,15.00,8.00,1.00,1001.00,15346.07,11648.65,1503.59
254858848,Melton (AUS) 7th Mar,R7 2240m Trot M,07-03-2026 10:54,68639628,6. Keayang Gypsy,0,3.63640560,4.3137,2.9631,4.50,4.30,1.00,1001.00,3428.37,1594.13,738.99
254829022,Gold Coast (AUS) 7th Mar,R6 1000m Hcap,07-03-2026 06:04,95919412,11. Bordeaux Hopper,0,60.00000000,34.7468,24.6489,65.00,50.00,1.00,1001.00,1592.35,1023.05,563.06
254816327,Alice Springs (AUS) 7th Mar,R3 1000m Hcap,07-03-2026 03:32,42201873,2. Expert Witness,0,7.05083943,6.8156,6.5290,8.80,6.40,1.00,1001.00,6722.81,6383.96,338.85
254858873,Albion Park (AUS) 7th Mar,R7 1660m Pace M,07-03-2026 11:04,83119867,4. Iloveacalendergirl,1,1.41848710,1.5110,1.6264,1.51,1.48,1.31,1.31,1201.70,8840.00,5190.05
254780659,Bunbury (AUS) 7th Mar,R1 1200m 2yo,07-03-2026 04:27,95881201,1. Properata,0,15.50000000,13.4137,9.8098,15.00,12.50,1.00,1001.00,4803.05,3162.18,660.35
254826317,Corowa (AUS) 7th Mar,R5 1300m Hcap,07-03-2026 04:36,95918866,5. Crepescule,0,18.91114823,17.0367,12.9412,17.00,17.00,1.00,1001.00,350.71,111.21,70.26
254831241,Hawkesbury (AUS) 7th Mar,R1 1100m Mdn,07-03-2026 02:25,95918943,8. Bondi Stella,0,41.87802510,30.9887,19.5472,40.00,23.00,1.00,1001.00,1132.43,610.28,197.10
254780722,Bunbury (AUS) 7th Mar,R8 2000m Cup,07-03-2026 08:53,95881231,11. Redback Flyer,0,7.72102117,6.9368,5.5408,7.40,5.80,1.00,1001.00,12137.03,8503.72,1161.05
254780548,Randwick (AUS) 7th Mar,R8 1600m Grp1,07-03-2026 05:35,6963657,6. Providence,0,80.00000000,61.1245,50.2476,150.00,60.00,17.00,17.00,3715.30,2972.92,742.38
254826314,Corowa (AUS) 7th Mar,R4 1000m Hcap,07-03-2026 04:01,616257,9. Nineveh,0,207.05960000,67.0876,54.5484,160.00,56.47,1.00,1001.00,83.81,67.22,16.59
254775658,Eagle Farm (AUS) 7th Mar,R8 1200m CL6,07-03-2026 06:27,75119090,3. Carravilla,0,3.70000000,4.0645,2.5074,4.40,3.60,30.00,3.60,49532.31,20362.49,11104.83
254776790,Murray Bridge (AUS) 7th Mar,R8 1200m Hcap,07-03-2026 05:28,95879877,10. Violet Lovebug,0,8.83278584,8.4102,6.1092,9.40,7.80,1.00,1001.00,12416.51,7571.62,1371.99
254780485,Randwick (AUS) 7th Mar,R1 1600m Hcap,07-03-2026 01:30,81563478,12. Tartana,0,22.48642440,29.2457,8.3844,65.00,27.00,1.00,1001.00,6857.76,1496.81,2298.05
254776541,Flemington (AUS) 7th Mar,R9 1200m Grp1,07-03-2026 05:55,95880780,11. Geegees Mistruth,0,42.00000000,50.7820,28.7481,85.00,42.00,930.00,75.00,12263.26,6752.55,1832.51
254776469,Flemington (AUS) 7th Mar,R1 1100m 3yo,07-03-2026 01:15,81519042,8. Petit Artiste,0,180.86324847,86.8520,76.7702,190.00,42.00,80.00,60.00,1378.81,1180.95,197.86
254873037,Narrogin (AUS) 7th Mar,R7 2242m Pace M,07-03-2026 13:05,4051569,2. Ravenous,0,60.00000000,44.1306,1.0000,75.00,25.00,1.00,1001.00,0.00,188.82,43.71
254873022,Narrogin (AUS) 7th Mar,R2 1823m Pace M,07-03-2026 10:25,85513630,8. Shesa Delight,0,28.00000000,28.2030,12.6076,38.00,23.00,1.00,1001.00,396.05,165.96,97.27
254831262,Hawkesbury (AUS) 7th Mar,R8 1400m CL5,07-03-2026 06:40,95918976,2. Matcha Latte,1,1.44692339,1.4193,1.3738,1.58,1.44,1.43,1.43,62903.75,52750.93,10152.82
254780566,Randwick (AUS) 7th Mar,R10 1200m Grp3,07-03-2026 06:55,68855140,7. Snow In May,0,18.94104420,16.8934,10.9736,19.00,15.00,28.00,28.00,12824.29,7762.73,1483.86
254822617,Gunnedah (AUS) 7th Mar,R7 1000m Hcap,07-03-2026 06:09,70570786,4. Houdini Spirit,0,7.94974688,7.4732,4.8661,7.40,7.20,5.30,4.30,1511.29,608.66,552.79
254869470,Menangle (AUS) 7th Mar,R6 1609m Pace M,07-03-2026 10:10,77928794,5. Rakero Rocket,0,2.94000000,2.6378,2.4264,5.00,3.20,1.00,1001.00,13081.89,10790.12,2046.07
254826314,Corowa (AUS) 7th Mar,R4 1000m Hcap,07-03-2026 04:01,85506524,4. Rowdy Anthem,0,63.92145955,41.6008,31.8392,94.12,61.18,1.00,1001.00,329.42,248.74,80.68
254822599,Gunnedah (AUS) 7th Mar,R1 1300m Mdn,07-03-2026 02:33,86586213,2. Envisioned,0,11.09194957,10.1944,8.1036,17.00,9.80,8.80,8.80,2563.16,1722.48,376.48
254869479,Menangle (AUS) 7th Mar,R9 1609m Pace M,07-03-2026 11:45,95811362,2. Don Hunter,1,1.28000000,1.3266,1.4824,1.40,1.29,1.30,1.01,215.24,7927.84,5822.43
254869467,Menangle (AUS) 7th Mar,R5 1609m Pace M,07-03-2026 09:41,42770213,4. Leap To Fame,1,2.00350223,1.9686,1.7473,2.12,1.78,2.10,2.10,26330.44,17352.28,4675.96
254831084,Toowoomba (AUS) 7th Mar,R5 1100m Mdn,07-03-2026 08:42,95919750,3. Skeldergate,0,7.40000000,5.0564,4.9267,7.60,6.00,1000.00,28.00,11314.59,9711.79,1602.80
254776478,Flemington (AUS) 7th Mar,R2 1100m Hcap,07-03-2026 01:45,49823275,3. Shes An Artist,0,1.81683352,1.8049,1.6769,1.93,1.75,100.00,1.54,159969.99,103711.60,26976.26
254816333,Alice Springs (AUS) 7th Mar,R5 1600m Hcap,07-03-2026 04:35,74039722,5. Mummsie,0,4.80000000,4.7565,4.5760,5.70,4.60,17.00,17.00,10565.71,9855.38,710.33
254873031,Narrogin (AUS) 7th Mar,R5 2242m Pace M,07-03-2026 11:53,56646334,2. Eastern Advance,0,21.00000000,28.6533,1.0000,38.00,34.00,28.00,28.00,0.00,193.61,105.10
254780722,Bunbury (AUS) 7th Mar,R8 2000m Cup,07-03-2026 08:53,54974322,10. Desennea,0,169.45548028,231.1797,150.1241,300.00,95.00,1.00,1001.00,733.62,464.97,118.01
254780566,Randwick (AUS) 7th Mar,R10 1200m Grp3,07-03-2026 06:55,5879019,1. Abounding,0,17.12566158,21.0872,14.2046,28.00,13.00,22.00,22.00,14671.43,9432.21,2030.22
254869454,Menangle (AUS) 7th Mar,R1 1609m Pace M,07-03-2026 07:18,73378348,2. I Break The Line,0,16.17143100,10.6127,10.3728,16.00,11.00,1.00,1001.00,934.66,803.33,131.33
254858830,Melton (AUS) 7th Mar,R1 2240m Pace M,07-03-2026 07:25,70206193,6. Big Sledge Hammer,0,16.11424622,11.3062,10.4866,17.50,16.00,100.00,100.00,735.35,591.58,143.77
254831364,Edenhope (AUS) 7th Mar,R2 1450m Mdn,07-03-2026 02:44,79562382,10. Rangatoo,0,182.51847840,183.0986,84.1567,200.00,140.00,1.00,1001.00,178.75,56.53,36.50
254775667,Eagle Farm (AUS) 7th Mar,R9 1200m CL6,07-03-2026 07:11,5552679,6. Facundo,0,3.00586050,3.0907,2.1931,3.85,2.74,12.00,2.32,92966.80,48186.04,14637.37
254826314,Corowa (AUS) 7th Mar,R4 1000m Hcap,07-03-2026 04:01,5021965,6. Snapshot,0,1.62044596,1.5076,1.5460,1.80,1.68,7.80,2.00,11068.02,8149.50,2918.52
254776781,Murray Bridge (AUS) 7th Mar,R7 1200m Hcap,07-03-2026 04:56,42333635,7. Real Valentia,0,58.64368383,21.2721,16.9614,70.00,48.00,140.00,140.00,3174.15,2437.90,736.25
254776532,Flemington (AUS) 7th Mar,R8 1600m Grp3,07-03-2026 05:15,95880778,3. Philia,0,17.30788053,9.7671,8.0308,22.00,11.88,20.00,17.00,25261.51,19353.78,5907.73
254776523,Flemington (AUS) 7th Mar,R7 1600m Grp1,07-03-2026 04:40,91485706,7. Sabaj,0,26.57583761,16.2354,13.8303,36.00,16.80,55.00,21.00,13804.44,11146.75,2657.69
254776469,Flemington (AUS) 7th Mar,R1 1100m 3yo,07-03-2026 01:15,95880759,7. Vangogh Bankcheque,0,4.00783504,2.7084,2.4047,4.50,3.40,4.60,3.50,104089.19,82045.26,22043.93
254816321,Alice Springs (AUS) 7th Mar,R1 1200m Hcap,07-03-2026 02:22,40521961,4. Real Divine,0,7.80000000,6.9575,4.3522,7.40,6.60,1.00,1001.00,1922.63,821.35,497.19
254780557,Randwick (AUS) 7th Mar,R9 1300m Grp1,07-03-2026 06:15,3625554,3. Linebacker,0,9.79559891,12.9185,10.5793,17.00,9.60,11.00,10.00,22324.04,17008.18,2296.70
254780503,Randwick (AUS) 7th Mar,R3 1200m Grp2,07-03-2026 02:40,94984406,11. Legaselli,0,412.69473337,263.7397,214.7226,780.00,190.00,220.00,220.00,378.89,305.85,73.04
254822617,Gunnedah (AUS) 7th Mar,R7 1000m Hcap,07-03-2026 06:09,70456817,1. El Beatle,0,5.70000000,5.3707,3.9875,6.00,5.30,1.00,1001.00,1592.98,867.44,284.70
254858842,Melton (AUS) 7th Mar,R5 2240m Pace M,07-03-2026 09:49,78047747,3. Frugal Fare,0,20.00000000,18.6218,11.6922,1.00,1001.00,25.00,25.00,678.45,348.08,148.82
254828982,Towong (AUS) 7th Mar,R5 1400m Mdn,07-03-2026 04:58,95919357,10. Castlebay,0,328.31980679,266.3355,98.6135,300.00,280.00,1.00,1001.00,62.78,12.21,16.37
254873025,Narrogin (AUS) 7th Mar,R3 1823m Pace M,07-03-2026 10:57,62886321,1. Fly Eaglerose,0,28.76708638,18.0505,18.8801,34.00,18.50,20.00,20.00,357.65,312.06,89.86
254831076,Toowoomba (AUS) 7th Mar,R3 2000m Hcap,07-03-2026 07:30,83903442,3. Dream Thinker,1,12.50651093,5.6766,4.1761,13.50,9.00,16.00,6.60,5955.29,3471.79,2483.50
254831259,Hawkesbury (AUS) 7th Mar,R7 1800m Hcap,07-03-2026 06:00,95918970,11. Afloat,0,11.50000000,10.2083,8.7757,17.00,11.00,1.00,1001.00,4134.31,3288.85,845.46
254831256,Hawkesbury (AUS) 7th Mar,R6 1300m CL1,07-03-2026 05:20,79489529,8. Lighthouse Lass,0,5.00000000,4.0704,3.9146,5.00,3.90,1.00,1001.00,15393.11,13981.32,1411.79
254775631,Eagle Farm (AUS) 7th Mar,R5 1810m CL3,07-03-2026 04:33,90525458,16. Biker,0,515.01708287,307.7620,213.5401,950.00,380.00,1.00,1001.00,402.89,279.08,123.81
254775604,Eagle Farm (AUS) 7th Mar,R2 2412m Hcap,07-03-2026 02:48,67531326,3. Kureder,1,3.81388061,2.8247,2.4744,4.20,3.75,4.00,3.70,39426.25,27888.05,11538.20
254780494,Randwick (AUS) 7th Mar,R2 2000m Listed,07-03-2026 02:05,82078932,3. Alalcance,0,10.63733140,7.4425,6.9360,11.50,8.60,10.50,7.00,12701.30,10275.40,2425.90
254776505,Flemington (AUS) 7th Mar,R5 1600m Grp2,07-03-2026 03:30,90252465,1. Salty Pearl,0,3.10000000,2.4961,2.3405,3.20,2.86,5.70,4.40,145383.80,125813.43,19570.37
254822617,Gunnedah (AUS) 7th Mar,R7 1000m Hcap,07-03-2026 06:09,5487476,6. Mutiny,0,9.00000000,9.6165,5.4664,8.20,8.20,1.00,1001.00,902.79,395.59,249.82
254780557,Randwick (AUS) 7th Mar,R9 1300m Grp1,07-03-2026 06:15,95879053,9. Napoleonic,0,17.50000000,17.5244,10.9572,22.00,12.00,20.00,20.00,16288.83,9554.34,2871.18
254822608,Gunnedah (AUS) 7th Mar,R4 1000m Hcap,07-03-2026 04:25,90286769,1. Gerety,1,8.21360771,8.2513,2.9146,1.00,1001.00,1.00,1001.00,2152.76,346.00,1445.97
254829014,Gold Coast (AUS) 7th Mar,R4 1000m Mdn,07-03-2026 04:52,61034167,8. Ciphertext,1,5.36929454,4.6419,3.6087,5.20,4.20,4.40,4.00,20827.29,13954.85,3152.82
254780722,Bunbury (AUS) 7th Mar,R8 2000m Cup,07-03-2026 08:53,72134124,5. Arcadia Park,1,8.40000000,8.4096,5.1699,10.50,7.20,3.85,3.85,18367.69,9846.57,4042.92
254776799,Murray Bridge (AUS) 7th Mar,R9 1100m Hcap,07-03-2026 06:07,54138981,12. Cork Harbour,0,100.30893380,95.9294,49.2641,120.00,70.00,100.00,100.00,1455.70,677.59,309.88
254780539,Randwick (AUS) 7th Mar,R7 1000m Grp2,07-03-2026 05:00,1339108,8. Raging Force,0,3.22712860,3.6834,3.3156,4.50,3.05,1000.00,4.40,89063.40,73922.76,6696.58
254869470,Menangle (AUS) 7th Mar,R6 1609m Pace M,07-03-2026 10:10,68612963,3. Eye Keep Smiling,0,30.13830324,20.9796,19.5252,80.00,30.00,1.00,1001.00,492.18,355.61,97.51
254858836,Melton (AUS) 7th Mar,R3 2240m Pace M,07-03-2026 08:37,73484019,3. Our Ultimate Gracy,0,5.87324820,5.3498,3.5063,5.30,5.30,1.00,1001.00,2224.72,861.08,865.04
254858830,Melton (AUS) 7th Mar,R1 2240m Pace M,07-03-2026 07:25,63297525,8. Luva Scrap,0,12.33350824,9.6993,9.1764,15.00,13.50,1.00,1001.00,1359.08,1225.76,133.32
254831080,Toowoomba (AUS) 7th Mar,R4 1200m CL3,07-03-2026 08:08,49949154,3. Enterprise Attack,0,4.14971311,4.3769,3.0307,4.70,4.10,1.00,1001.00,19956.43,11392.60,2945.62
254776754,Murray Bridge (AUS) 7th Mar,R4 1200m Hcap,07-03-2026 03:11,95879859,9. Loca Bella,0,10.30507457,10.1370,5.8379,11.00,8.60,1.00,1001.00,9193.02,4803.05,1569.79
254776745,Murray Bridge (AUS) 7th Mar,R3 1000m Mdn,07-03-2026 02:36,5274973,1. Simply Sid,0,15.97217576,10.0868,9.3195,16.50,7.00,40.00,8.60,7284.12,6416.07,868.05
254780566,Randwick (AUS) 7th Mar,R10 1200m Grp3,07-03-2026 06:55,95879054,3. Idle Flyer,0,2.50000000,2.6098,2.2179,3.00,2.46,3.40,3.40,122613.87,87247.18,14586.86
254822614,Gunnedah (AUS) 7th Mar,R6 1400m Hcap,07-03-2026 05:27,40612046,3. Just Jacky,0,6.53396604,6.9915,4.8592,7.00,7.00,1.00,1001.00,1027.60,429.47,246.83
254831092,Toowoomba (AUS) 7th Mar,R7 1100m Hcap,07-03-2026 09:54,39254974,4. King Jester,1,9.56247708,9.7211,6.3086,11.00,8.40,1.00,1001.00,5187.98,2796.60,1125.29
254775649,Eagle Farm (AUS) 7th Mar,R7 1600m 3yo,07-03-2026 05:47,82602528,8. Paradise As Usual,0,22.44556753,22.8387,10.5930,24.00,21.00,1.00,1001.00,4918.38,2050.00,865.08
254816327,Alice Springs (AUS) 7th Mar,R3 1000m Hcap,07-03-2026 03:32,1407969,3. Down The Wicket,0,19.50000000,13.7393,12.1555,20.00,18.50,1.00,1001.00,1189.38,1031.37,158.01
254826314,Corowa (AUS) 7th Mar,R4 1000m Hcap,07-03-2026 04:01,43155088,3. Antisocial,0,11.29416000,6.8863,5.7616,11.29,9.41,1.00,1001.00,1143.54,775.30,368.24
254826308,Corowa (AUS) 7th Mar,R2 1300m Mdn,07-03-2026 02:51,76052301,2. Edika,0,95.44423105,80.6134,55.6363,110.00,48.00,1.00,1001.00,392.53,234.61,46.54
254831092,Toowoomba (AUS) 7th Mar,R7 1100m Hcap,07-03-2026 09:54,64546297,5. Command Approved,0,4.98955419,4.7273,3.6787,4.90,4.40,3.60,2.90,11474.69,6689.27,1541.95
254831262,Hawkesbury (AUS) 7th Mar,R8 1400m CL5,07-03-2026 06:40,69201851,1. Cryptonic,0,21.00000000,12.8052,11.7374,20.00,12.00,1.00,1001.00,2115.82,1774.81,341.01
254780731,Bunbury (AUS) 7th Mar,R9 1400m Hcap,07-03-2026 09:29,53858675,3. Investmentstrategy,0,33.65440569,18.6730,15.5202,46.00,29.00,140.00,140.00,2886.61,2249.73,636.88
254828989,Towong (AUS) 7th Mar,R6 1600m Hcap,07-03-2026 05:32,80972736,8. Virtucon,0,18.77241031,19.8155,8.8293,20.00,19.00,1.00,1001.00,1812.71,586.55,445.37
254828975,Towong (AUS) 7th Mar,R4 1200m Hcap,07-03-2026 04:23,82857837,8. Overtoux,0,16.07327614,13.3358,11.9144,36.00,15.50,1.00,1001.00,1122.11,938.88,183.23
254869476,Menangle (AUS) 7th Mar,R8 1609m Pace M,07-03-2026 11:15,1230330,11. Refusal,0,8.36678215,8.8471,1.0000,9.00,8.80,1.00,1001.00,0.00,916.17,118.76
254831399,Edenhope (AUS) 7th Mar,R7 1850m Hcap,07-03-2026 05:39,95919118,5. She Flys,0,4.16765226,2.9546,2.7608,4.40,4.00,1.00,1001.00,5198.87,4177.87,1021.00
254780713,Bunbury (AUS) 7th Mar,R7 1400m Listed,07-03-2026 08:20,5071537,7. Bonjoy,1,6.60000000,6.9351,4.1123,8.40,6.40,12.00,6.40,15118.00,7492.92,2883.06
254776808,Murray Bridge (AUS) 7th Mar,R10 1800m Hcap,07-03-2026 06:48,95879883,15. Head Of The Herd,0,25.00000000,25.7633,13.4102,27.00,24.00,16.00,16.00,3351.78,1536.84,736.01
254780485,Randwick (AUS) 7th Mar,R1 1600m Hcap,07-03-2026 01:30,95879023,5. Tenderize,0,26.60465182,19.1660,11.2410,22.00,14.50,14.50,14.50,4451.06,2172.78,780.75
254776550,Flemington (AUS) 7th Mar,R10 2000m Hcap,07-03-2026 06:35,74538332,6. Point King,0,14.37048302,15.0659,7.8313,18.00,13.00,21.00,11.50,21909.66,9712.15,4171.28
254873034,Narrogin (AUS) 7th Mar,R6 1823m Pace M,07-03-2026 12:30,76025164,8. Viciously Unkind,0,145.29782132,183.8284,1.0000,240.00,150.00,1.00,1001.00,0.00,28.10,27.27
254873031,Narrogin (AUS) 7th Mar,R5 2242m Pace M,07-03-2026 11:53,68900857,3. The State Of Art,0,5.00000000,4.3060,1.0000,4.30,4.30,5.20,5.20,0.00,1501.82,383.90
254780695,Bunbury (AUS) 7th Mar,R5 1200m Hcap,07-03-2026 07:03,90569007,4. Galway Shawl,0,4.03082875,3.4443,2.6700,4.30,3.00,65.00,3.55,25341.14,15830.20,3151.53
254828996,Towong (AUS) 7th Mar,R7 1400m Hcap,07-03-2026 06:05,82601895,3. Paralia,0,9.27042962,5.6767,5.0723,12.00,9.69,10.00,10.00,1895.12,1369.62,525.50
254858855,Albion Park (AUS) 7th Mar,R1 2138m Pace M,07-03-2026 07:37,50115558,8. Cool Night,1,12.03922776,8.0619,7.6131,11.50,9.40,1.00,1001.00,2063.31,1778.88,284.43
254858855,Albion Park (AUS) 7th Mar,R1 2138m Pace M,07-03-2026 07:37,53977097,2. Llanfair Llewellan,0,99.86355123,49.8941,41.4200,100.00,70.00,1.00,1001.00,171.06,134.13,36.93
254869470,Menangle (AUS) 7th Mar,R6 1609m Pace M,07-03-2026 10:10,86309298,11. Ubetcha Tigerpie,0,210.00000000,172.9063,133.1216,750.00,160.00,150.00,150.00,172.76,126.79,45.97
254831068,Toowoomba (AUS) 7th Mar,R1 1300m Hcap,07-03-2026 06:19,6549142,4. The Boss Man,0,10.29934923,10.3295,6.4769,11.50,9.40,1.00,1001.00,3799.74,2042.60,712.19
254831247,Hawkesbury (AUS) 7th Mar,R3 2000m Mdn,07-03-2026 03:35,2301616,3. Solar Orbit,0,60.00000000,34.5521,28.9590,65.00,40.00,55.00,55.00,1082.34,849.92,232.42
254780668,Bunbury (AUS) 7th Mar,R2 1200m Hcap,07-03-2026 05:02,6021650,5. Girls Day Out,0,3.80302359,4.0379,2.4310,4.10,3.80,1.00,1001.00,10652.40,3861.00,1997.57
254775658,Eagle Farm (AUS) 7th Mar,R8 1200m CL6,07-03-2026 06:27,71180184,4. Lady Shotgun,0,40.11841218,38.5284,21.6309,60.00,32.00,930.00,30.00,4190.74,2007.94,1257.55
254869473,Menangle (AUS) 7th Mar,R7 1609m Pace M,07-03-2026 10:45,88747888,8. Soho Gunslinger,0,637.31720176,523.3874,252.4706,960.00,360.00,1.00,1001.00,59.96,28.35,14.09
254831392,Edenhope (AUS) 7th Mar,R6 1450m Hcap,07-03-2026 05:04,55494141,12. Shasam,0,95.08623711,103.0803,54.9335,120.00,85.00,1.00,1001.00,260.28,125.76,26.32
254776799,Murray Bridge (AUS) 7th Mar,R9 1100m Hcap,07-03-2026 06:07,72915656,1. Fine Future,0,159.95007147,147.9390,45.2617,190.00,75.00,1.00,1001.00,928.31,225.08,200.06
254828968,Towong (AUS) 7th Mar,R3 1200m Mdn,07-03-2026 03:48,95919344,4. Salina Special,0,17.31034387,18.2201,13.4729,24.00,16.00,1.00,1001.00,962.56,614.65,167.00
254858842,Melton (AUS) 7th Mar,R5 2240m Pace M,07-03-2026 09:49,81777135,1. Hes No Romeo,0,3.79453384,4.0017,3.4186,1.00,1001.00,1.00,1001.00,5520.78,3982.73,839.19
254828968,Towong (AUS) 7th Mar,R3 1200m Mdn,07-03-2026 03:48,95919349,10. Taras Crown,0,4.90000000,4.4529,3.1754,4.30,4.00,1.00,1001.00,4806.27,2304.96,1178.82
254829014,Gold Coast (AUS) 7th Mar,R4 1000m Mdn,07-03-2026 04:52,95919397,13. On The Throne,0,32.00000000,31.1776,20.2242,42.00,28.00,32.00,25.00,2270.26,1359.00,329.07
254829010,Gold Coast (AUS) 7th Mar,R3 1200m Hcap,07-03-2026 04:18,44590397,1. Sailors Secret,0,6.13083141,6.0350,4.3748,7.60,5.60,4.50,4.50,5905.84,2996.05,1035.82
254829002,Gold Coast (AUS) 7th Mar,R1 1000m Hcap,07-03-2026 03:07,90286580,5. Iron Grace,0,5.60000000,5.1001,3.4523,5.70,4.70,1.00,1001.00,11124.43,6300.06,1862.77
254780731,Bunbury (AUS) 7th Mar,R9 1400m Hcap,07-03-2026 09:29,95881235,12. Western Knight,0,130.79463502,86.0691,72.9988,180.00,70.00,1.00,1001.00,1066.91,894.56,172.35
254780704,Bunbury (AUS) 7th Mar,R6 1200m 3yo,07-03-2026 07:42,95881222,8. Holler Nuff,0,55.56936952,54.3801,18.6408,100.00,36.00,1.00,1001.00,2723.08,861.77,615.33
254776781,Murray Bridge (AUS) 7th Mar,R7 1200m Hcap,07-03-2026 04:56,55781502,2. Hooked On Wealth,0,3.52436249,2.8489,2.7156,3.60,2.90,1.00,1001.00,34739.23,31600.96,3138.27
254816330,Alice Springs (AUS) 7th Mar,R4 1400m Hcap,07-03-2026 04:05,54109390,3. The Girls Boy,0,11.00000000,8.6670,7.9059,16.00,9.20,1.00,1001.00,2521.44,2221.17,300.27
254828975,Towong (AUS) 7th Mar,R4 1200m Hcap,07-03-2026 04:23,79561306,2. Queue Jumper,0,3.17508945,2.4899,2.3547,3.20,2.64,1.00,1001.00,7106.02,5174.26,1931.76
254858855,Albion Park (AUS) 7th Mar,R1 2138m Pace M,07-03-2026 07:37,95816513,11. La Cavalletta,0,42.00000000,34.1071,17.5030,42.00,30.00,80.00,44.00,595.10,254.03,148.16
254869454,Menangle (AUS) 7th Mar,R1 1609m Pace M,07-03-2026 07:18,39388348,8. Nerano,0,4.80000000,4.1202,3.7002,5.20,4.60,1.00,1001.00,2650.37,2136.01,514.36
254829014,Gold Coast (AUS) 7th Mar,R4 1000m Mdn,07-03-2026 04:52,1507933,3. Drinkwater,0,2.56156886,2.4010,2.3270,2.52,2.28,4.20,4.10,36531.86,31833.96,1934.95
254873025,Narrogin (AUS) 7th Mar,R3 1823m Pace M,07-03-2026 10:57,39610843,9. Gypsy Dragon,0,16.50000000,9.4723,9.5545,14.50,8.60,1.00,1001.00,589.62,557.51,126.90
254858830,Melton (AUS) 7th Mar,R1 2240m Pace M,07-03-2026 07:25,95838595,12. Hoorah Philtra,0,18.24249652,16.5988,14.9949,23.00,18.50,1.00,1001.00,973.17,848.46,124.71
254831399,Edenhope (AUS) 7th Mar,R7 1850m Hcap,07-03-2026 05:39,53641652,2. Rapid Impact,0,11.50000000,7.9605,6.9287,14.00,11.50,1.00,1001.00,1875.94,1522.54,353.40
254776514,Flemington (AUS) 7th Mar,R6 1400m Grp2,07-03-2026 04:05,95880771,6. Inner Gold,0,30.28621803,17.9308,15.8432,32.72,21.00,100.00,100.00,9474.43,7999.89,1474.54
254831244,Hawkesbury (AUS) 7th Mar,R2 1300m Mdn,07-03-2026 03:00,95918949,6. Pinky Flat,0,74.29130436,121.8339,41.4983,220.00,60.00,120.00,120.00,1266.52,365.84,428.93
254775649,Eagle Farm (AUS) 7th Mar,R7 1600m 3yo,07-03-2026 05:47,84911303,1. North Pole,1,3.99416698,4.0350,3.0235,4.50,3.65,1.00,1001.00,38785.95,24732.86,6625.41
254780539,Randwick (AUS) 7th Mar,R7 1000m Grp2,07-03-2026 05:00,1304943,4. Generosity,1,13.00000000,11.4647,8.3124,13.00,9.80,9.00,1.12,19961.05,13431.23,3460.57
254776541,Flemington (AUS) 7th Mar,R9 1200m Grp1,07-03-2026 05:55,794014,10. Gallant Son,0,65.36689344,86.1254,44.7081,150.00,38.17,65.00,5.00,6434.36,3187.55,1891.00
254822605,Gunnedah (AUS) 7th Mar,R3 1600m CL1,07-03-2026 03:55,51129649,4. Pampuni,0,15.00000000,16.1536,7.0444,17.00,16.00,1.00,1001.00,630.20,215.95,211.14
254776763,Murray Bridge (AUS) 7th Mar,R5 1100m 2yo,07-03-2026 03:46,95879868,8. Azytass,0,8.98689827,10.7689,5.9250,12.50,8.80,1.00,1001.00,9745.01,4666.69,1882.00
254828996,Towong (AUS) 7th Mar,R7 1400m Hcap,07-03-2026 06:05,76005240,10. Theo Five,0,14.76928000,7.3491,6.1716,19.38,8.31,1.00,1001.00,1624.86,1089.16,535.70
254873019,Narrogin (AUS) 7th Mar,R1 1823m Pace M,07-03-2026 09:57,95033197,3. In Self Defence,0,8.39786672,7.9928,7.0689,9.40,6.60,1.00,1001.00,2711.47,2230.89,250.81
254858864,Albion Park (AUS) 7th Mar,R4 2138m Trot M,07-03-2026 09:21,42146937,5. Masterly,0,85.00000000,80.4627,48.3855,95.00,65.00,1.00,1001.00,138.15,72.86,32.20
254776781,Murray Bridge (AUS) 7th Mar,R7 1200m Hcap,07-03-2026 04:56,58176679,4. Hasta La Chilly,0,25.14941917,11.2312,9.0915,29.00,25.00,1.00,1001.00,4255.01,3284.66,970.35
254826320,Corowa (AUS) 7th Mar,R6 1600m Cup,07-03-2026 05:11,44364917,6. Toompine,0,9.00000000,9.3940,5.6560,1.00,1001.00,4.20,4.20,2886.77,1283.41,1067.61
254828996,Towong (AUS) 7th Mar,R7 1400m Hcap,07-03-2026 06:05,77613593,2. Mishima,0,3.64616600,2.8926,2.7565,3.78,2.95,1.00,1001.00,2689.79,2224.99,464.80
254873037,Narrogin (AUS) 7th Mar,R7 2242m Pace M,07-03-2026 13:05,95887302,5. Tricky Texas,0,2.48374780,3.1333,1.0000,3.20,3.20,1.00,1001.00,0.00,2456.83,601.39
254780677,Bunbury (AUS) 7th Mar,R3 1675m Hcap,07-03-2026 05:43,94736339,4. I Dreamed A Dream,0,94.69221149,82.5286,32.9417,110.00,55.00,1.00,1001.00,1392.71,444.33,276.33
254776478,Flemington (AUS) 7th Mar,R2 1100m Hcap,07-03-2026 01:45,93536485,4. Wiggum,0,38.00000000,42.2196,19.7512,60.00,36.00,65.00,65.00,4319.68,1851.25,1010.08
254826314,Corowa (AUS) 7th Mar,R4 1000m Hcap,07-03-2026 04:01,75084548,1. Transactions,1,5.85275223,3.8586,2.6136,6.02,6.02,1.00,1001.00,2168.70,1096.09,1072.61
254869473,Menangle (AUS) 7th Mar,R7 1609m Pace M,07-03-2026 10:45,95811360,6. Miki B,0,502.36025029,402.9644,278.2077,1000.00,280.00,1.00,1001.00,66.57,44.72,7.91
254829006,Gold Coast (AUS) 7th Mar,R2 1000m Hcap,07-03-2026 03:43,47441070,6. Tarps,1,6.00000000,4.4103,2.9607,6.60,5.70,1.01,1.01,7033.96,3700.94,3333.02
254831076,Toowoomba (AUS) 7th Mar,R3 2000m Hcap,07-03-2026 07:30,88419311,7. Trusty Bandit,0,100.00000000,70.0166,58.8003,160.00,48.00,1.00,1001.00,781.64,645.13,136.51
254780731,Bunbury (AUS) 7th Mar,R9 1400m Hcap,07-03-2026 09:29,67533420,4. Miss Skyhigh,0,30.00000000,14.0840,11.6679,34.00,23.00,1.00,1001.00,4181.23,3312.84,868.39
254775658,Eagle Farm (AUS) 7th Mar,R8 1200m CL6,07-03-2026 06:27,3668223,8. Cinque Terre,0,9.34296929,9.9623,3.9764,10.50,8.40,1.00,1001.00,23114.28,6430.49,6292.40
254831378,Edenhope (AUS) 7th Mar,R4 1200m Hcap,07-03-2026 03:54,64959008,7. Eight On The Dot,0,63.07805436,57.6340,35.9713,130.00,34.00,1.00,1001.00,1741.79,999.42,217.49
254831247,Hawkesbury (AUS) 7th Mar,R3 2000m Mdn,07-03-2026 03:35,95918958,8. Shawnee Boy,0,20.96674522,14.6775,12.4263,24.00,19.50,1.00,1001.00,1257.78,1025.68,232.10
254775622,Eagle Farm (AUS) 7th Mar,R4 1400m Hcap,07-03-2026 03:58,1322753,14. Sunny Disposition,0,170.00000000,124.7951,98.1474,460.00,140.00,200.00,200.00,575.97,432.59,143.38
254826323,Corowa (AUS) 7th Mar,R7 1600m CL2,07-03-2026 05:50,6255238,8. Under The Hat,1,6.54355277,4.6503,3.2774,7.00,5.80,1.00,1001.00,2147.14,1281.00,866.14
254826323,Corowa (AUS) 7th Mar,R7 1600m CL2,07-03-2026 05:50,74571730,3. Justifiably,0,28.00000000,16.8588,14.2563,26.00,24.00,1.00,1001.00,374.29,309.44,64.85
254780704,Bunbury (AUS) 7th Mar,R6 1200m 3yo,07-03-2026 07:42,95881225,12. Streamlined,0,12.23289330,13.5791,6.0965,15.00,12.50,18.50,18.50,9508.15,3674.67,2149.54
254776541,Flemington (AUS) 7th Mar,R9 1200m Grp1,07-03-2026 05:55,80091897,2. Tentyris,0,2.80541270,2.5277,2.2406,2.74,2.14,1000.00,2.66,612090.80,485272.70,44863.08
254828989,Towong (AUS) 7th Mar,R6 1600m Hcap,07-03-2026 05:32,48314167,5. Star Buyer,1,4.30000000,4.3370,2.5216,4.20,4.20,1.50,1.50,5981.96,2293.61,2649.44
254858867,Albion Park (AUS) 7th Mar,R5 1660m Pace M,07-03-2026 10:00,66735598,9. Ima Queen Bee,0,11.50000000,10.6134,8.8580,11.00,11.00,1.00,1001.00,1066.34,747.14,158.08
254858867,Albion Park (AUS) 7th Mar,R5 1660m Pace M,07-03-2026 10:00,75026977,8. Platinum Jewel,1,5.49686733,4.9727,3.0905,5.60,4.60,2.84,2.82,4105.92,1647.78,1909.29
254829002,Gold Coast (AUS) 7th Mar,R1 1000m Hcap,07-03-2026 03:07,95919390,2. Final Voyage,0,17.00000000,10.6090,10.0211,17.00,14.50,12.50,12.50,1896.75,1643.33,253.42
254831406,Edenhope (AUS) 7th Mar,R8 2000m Cup,07-03-2026 06:11,95919121,8. Conni Island,0,6.40000000,5.9603,3.2963,6.20,5.40,1.00,1001.00,5536.74,1925.58,1074.98
254831241,Hawkesbury (AUS) 7th Mar,R1 1100m Mdn,07-03-2026 02:25,84943154,5. Frosty Bangers,0,10.00000000,10.9995,9.2292,12.00,9.80,1.00,1001.00,4667.47,3551.35,427.24
254780713,Bunbury (AUS) 7th Mar,R7 1400m Listed,07-03-2026 08:20,44144747,2. Mojo Rhythm,0,267.45770727,263.5287,133.7967,470.00,210.00,1.00,1001.00,577.12,284.10,111.73
254775613,Eagle Farm (AUS) 7th Mar,R3 1000m Hcap,07-03-2026 03:23,62840352,10. Outweighed,0,68.10293073,31.4101,24.5360,80.00,32.00,14.00,5.80,3040.96,2155.83,885.13
254776505,Flemington (AUS) 7th Mar,R5 1600m Grp2,07-03-2026 03:30,87806615,9. Naraghi,0,238.77060940,141.2735,118.4784,380.00,65.00,1000.00,240.00,2261.41,1840.74,420.67
254826323,Corowa (AUS) 7th Mar,R7 1600m CL2,07-03-2026 05:50,82310455,13. Wambeen,0,5.65292599,3.6573,3.5680,5.70,5.60,190.00,190.00,1671.83,1210.42,461.41
254828975,Towong (AUS) 7th Mar,R4 1200m Hcap,07-03-2026 04:23,49806706,5. Bokeem,0,20.83191200,9.1983,7.9291,25.00,20.00,1.00,1001.00,660.37,549.12,111.25
254828968,Towong (AUS) 7th Mar,R3 1200m Mdn,07-03-2026 03:48,95919350,11. Illusive Dream,0,90.00000000,114.5220,39.4777,140.00,90.00,1.00,1001.00,165.68,45.99,42.03
254831247,Hawkesbury (AUS) 7th Mar,R3 2000m Mdn,07-03-2026 03:35,14527915,1. Belgrano,0,18.50000000,15.4122,13.7678,21.00,17.00,1.00,1001.00,2724.49,2381.99,342.50
254775667,Eagle Farm (AUS) 7th Mar,R9 1200m CL6,07-03-2026 07:11,95880810,10. Astapor,0,23.60149191,29.1809,11.1226,34.00,14.00,170.00,170.00,11954.97,4052.62,2780.23
254775640,Eagle Farm (AUS) 7th Mar,R6 1600m CL6,07-03-2026 05:08,63026775,3. Free Carry,0,17.38146939,13.5480,12.0471,23.00,15.00,19.50,11.50,5732.84,4313.54,1419.30
254776478,Flemington (AUS) 7th Mar,R2 1100m Hcap,07-03-2026 01:45,54111032,2. Nervous Witness,0,35.88185316,36.4744,18.1526,50.00,22.39,32.00,16.00,9227.71,4210.00,2169.48
254822611,Gunnedah (AUS) 7th Mar,R5 1250m Hcap,07-03-2026 04:53,95919135,12. Maralago,0,290.00000000,135.4950,95.2518,380.00,210.00,1.00,1001.00,127.36,88.80,38.56
254822608,Gunnedah (AUS) 7th Mar,R4 1000m Hcap,07-03-2026 04:25,7035092,11. Redline,0,13.59431023,15.3967,8.2702,16.00,16.00,7.40,7.40,682.00,134.47,275.26
254873031,Narrogin (AUS) 7th Mar,R5 2242m Pace M,07-03-2026 11:53,72213571,9. Up And Alive,0,4.80000000,5.6963,1.0000,8.20,5.20,1.00,1001.00,0.00,999.62,386.60
254822605,Gunnedah (AUS) 7th Mar,R3 1600m CL1,07-03-2026 03:55,94098691,8. Famahan,0,6.46814784,5.9943,3.1490,6.00,6.00,1.00,1001.00,1844.86,683.84,792.75
254828961,Towong (AUS) 7th Mar,R2 940m Hcap,07-03-2026 03:13,87495429,4. Kool Kat,0,6.91066914,7.4157,4.6778,7.00,7.00,1.00,1001.00,2470.78,1169.95,500.49
254828961,Towong (AUS) 7th Mar,R2 940m Hcap,07-03-2026 03:13,57883475,9. Mr Time,1,8.60000000,7.8004,4.9373,9.20,7.40,1.00,1001.00,5056.35,2847.02,1559.22
254828954,Towong (AUS) 7th Mar,R1 940m Mdn,07-03-2026 02:38,66983522,6. I Am Strong,0,20.89572185,9.1905,8.0136,22.00,17.62,1.00,1001.00,1204.93,967.71,237.22
254831262,Hawkesbury (AUS) 7th Mar,R8 1400m CL5,07-03-2026 06:40,95918978,10. Cosmeena,0,27.78911262,26.0213,22.6875,44.00,27.00,27.00,27.00,2031.51,1673.83,357.68
254780677,Bunbury (AUS) 7th Mar,R3 1675m Hcap,07-03-2026 05:43,65520739,10. Uncle Gerard,0,34.74511743,32.7962,25.0964,38.00,28.00,26.00,25.00,2476.24,1778.79,291.18
254831399,Edenhope (AUS) 7th Mar,R7 1850m Hcap,07-03-2026 05:39,95919117,4. Crackerjack Hatch,0,4.53810703,3.5162,3.3108,4.80,4.40,1.00,1001.00,5237.70,4200.29,1037.41
254775658,Eagle Farm (AUS) 7th Mar,R8 1200m CL6,07-03-2026 06:27,62433022,6. Party Spirit,0,7.60000000,7.1455,5.0865,9.20,6.60,7.00,5.70,14264.82,8062.94,2411.19
254873635,Menangle (AUS) 7th Mar,R10 2300m Trot M,07-03-2026 12:15,64185634,5. Speedy Lover,0,21.00000000,18.6532,1.0000,20.00,18.50,1.00,1001.00,0.00,404.18,844.09
254869467,Menangle (AUS) 7th Mar,R5 1609m Pace M,07-03-2026 09:41,42333955,5. Hi Manameisjeff,0,6.49532705,6.8780,5.7148,7.60,6.00,4.10,4.10,4547.27,3417.24,686.65
254831084,Toowoomba (AUS) 7th Mar,R5 1100m Mdn,07-03-2026 08:42,95344643,5. Made In Scone,0,55.00000000,24.0487,19.8790,80.00,40.00,1.00,1001.00,1017.66,785.49,232.17
254831259,Hawkesbury (AUS) 7th Mar,R7 1800m Hcap,07-03-2026 06:00,95918973,14. Tsarevich,0,22.00000000,14.0272,12.7550,22.00,15.00,1.00,1001.00,2923.94,2512.86,411.08
254831241,Hawkesbury (AUS) 7th Mar,R1 1100m Mdn,07-03-2026 02:25,396763,6. Godsend,0,100.00000000,79.0836,51.5488,120.00,60.00,1.00,1001.00,645.22,410.82,107.26
254858851,Melton (AUS) 7th Mar,R8 2240m Pace M,07-03-2026 11:33,58344959,8. Popcornfriday,0,55.00000000,65.2645,1.0000,100.00,55.00,1.00,1001.00,0.00,89.99,51.62
254780695,Bunbury (AUS) 7th Mar,R5 1200m Hcap,07-03-2026 07:03,42070763,3. Galaxy Affair,0,198.55619200,156.6442,73.9460,230.00,85.00,100.00,95.00,565.64,192.28,134.12
254776772,Murray Bridge (AUS) 7th Mar,R6 1400m Hcap,07-03-2026 04:21,51735729,9. Yasuke,0,8.39551904,10.6214,6.0814,12.11,9.20,10.00,10.00,12762.08,6093.22,1944.65
254776754,Murray Bridge (AUS) 7th Mar,R4 1200m Hcap,07-03-2026 03:11,95879857,2. Misludi,0,9.00000000,8.2279,5.5200,9.80,7.00,1.00,1001.00,7984.10,4854.58,746.02
254816324,Alice Springs (AUS) 7th Mar,R2 1200m Hcap,07-03-2026 02:53,93537122,3. Lean On Me,1,6.00000000,5.5848,3.9520,5.70,5.50,1.00,1001.00,2283.36,1077.88,697.69
254858879,Albion Park (AUS) 7th Mar,R9 1660m Pace M,07-03-2026 12:07,87552691,1. Tweedy,0,22.90113483,32.2685,1.0000,55.00,26.00,1.00,1001.00,0.00,362.20,210.00
254776808,Murray Bridge (AUS) 7th Mar,R10 1800m Hcap,07-03-2026 06:48,36332079,3. Royal Mile,1,38.23217403,22.8361,14.3271,55.00,32.00,26.00,26.00,5836.45,3439.82,2396.63
254776745,Murray Bridge (AUS) 7th Mar,R3 1000m Mdn,07-03-2026 02:36,94984529,14. Zou Doll,0,18.00000000,8.4373,7.4134,18.00,11.50,1.00,1001.00,4818.12,3976.08,842.04
254776505,Flemington (AUS) 7th Mar,R5 1600m Grp2,07-03-2026 03:30,94985011,2. Sass Appeal,1,2.30000000,2.2238,2.0980,2.62,2.22,2.12,1.02,164759.33,144176.56,20582.77
254826320,Corowa (AUS) 7th Mar,R6 1600m Cup,07-03-2026 05:11,58138135,4. Tavolo,0,7.91981743,8.2928,5.2129,8.80,8.80,1.00,1001.00,2650.45,1337.74,642.18
254831247,Hawkesbury (AUS) 7th Mar,R3 2000m Mdn,07-03-2026 03:35,95918961,13. Introspective,0,14.83725107,8.2036,7.2225,15.00,14.50,1.00,1001.00,1600.52,1285.57,314.95
254780731,Bunbury (AUS) 7th Mar,R9 1400m Hcap,07-03-2026 09:29,65867070,5. Platinum Shot,0,14.14055399,9.0609,7.9904,16.00,13.00,24.00,12.00,7790.48,6382.05,1408.43
254780677,Bunbury (AUS) 7th Mar,R3 1675m Hcap,07-03-2026 05:43,80399827,12. Western Lady,0,2.63496040,2.8095,2.1702,3.93,2.52,2.68,1.85,38877.74,22205.10,6474.21
254775667,Eagle Farm (AUS) 7th Mar,R9 1200m CL6,07-03-2026 07:11,95880809,8. Kingdom Undersiege,0,30.82602071,30.3082,15.4185,36.00,18.00,150.00,150.00,6774.56,3151.88,1160.75
254873031,Narrogin (AUS) 7th Mar,R5 2242m Pace M,07-03-2026 11:53,39610907,5. Follow The Music,0,23.07711008,38.1122,1.0000,55.00,55.00,22.00,22.00,0.00,52.49,124.24
254869470,Menangle (AUS) 7th Mar,R6 1609m Pace M,07-03-2026 10:10,68332031,1. The Janitor,1,5.80000000,4.7296,4.2460,6.20,4.60,5.50,4.60,5189.26,4104.09,1085.17
254831068,Toowoomba (AUS) 7th Mar,R1 1300m Hcap,07-03-2026 06:19,52176453,3. Itza Motza,0,4.80000000,4.5191,3.0134,5.10,3.95,1.00,1001.00,4746.22,2083.19,1037.19
254831068,Toowoomba (AUS) 7th Mar,R1 1300m Hcap,07-03-2026 06:19,95344657,14. Wantsomemoreofit,0,21.00000000,21.1855,12.4643,21.00,20.00,1.00,1001.00,612.92,278.01,204.61
254869464,Menangle (AUS) 7th Mar,R4 1609m Pace M,07-03-2026 09:03,88564538,4. Berocca Bernie,0,70.00000000,59.9906,35.5029,65.00,55.00,200.00,200.00,217.71,107.51,48.10
254858848,Melton (AUS) 7th Mar,R7 2240m Trot M,07-03-2026 10:54,56838514,2. Mitchell Wrap,0,37.74341416,32.6803,14.0407,42.00,32.00,32.00,32.00,457.66,126.14,157.17
254858845,Melton (AUS) 7th Mar,R6 1720m Pace M,07-03-2026 10:20,40040615,2. Ghost Of Time,0,16.50000000,15.3979,11.6883,16.50,14.50,1.00,1001.00,1115.13,671.48,263.38
254831080,Toowoomba (AUS) 7th Mar,R4 1200m CL3,07-03-2026 08:08,58138558,1. Charmed Passage,0,42.00000000,40.2563,17.6179,75.00,27.00,1.00,1001.00,1742.83,695.97,365.39
254780659,Bunbury (AUS) 7th Mar,R1 1200m 2yo,07-03-2026 04:27,95881209,10. Treasured Legacy,0,1.94190056,2.1052,1.8937,2.20,1.85,1.00,1001.00,98617.57,75612.07,10210.75
254822614,Gunnedah (AUS) 7th Mar,R6 1400m Hcap,07-03-2026 05:27,80603359,6. Gloryess,0,9.20000000,9.9314,8.1670,11.50,8.40,1.00,1001.00,2020.41,1288.18,263.65
254829026,Gold Coast (AUS) 7th Mar,R7 1400m CL4,07-03-2026 06:44,82116319,11. Trapeze Torque,0,81.61340017,81.7775,39.6297,190.00,65.00,1.00,1001.00,795.87,349.56,139.60
254831364,Edenhope (AUS) 7th Mar,R2 1450m Mdn,07-03-2026 02:44,73221063,8. High Altitude,0,12.57009695,14.0304,5.7505,14.50,14.00,1.00,1001.00,2747.82,791.59,754.66
254775631,Eagle Farm (AUS) 7th Mar,R5 1810m CL3,07-03-2026 04:33,95880799,15. Thebarberofseville,0,95.89604331,36.9934,29.3387,110.00,75.00,1.00,1001.00,1456.04,1115.25,340.79
254822608,Gunnedah (AUS) 7th Mar,R4 1000m Hcap,07-03-2026 04:25,78046257,4. Lily Bobtail,0,4.90000000,4.5658,3.5510,4.60,4.30,4.40,4.40,1762.72,943.90,459.78
254873031,Narrogin (AUS) 7th Mar,R5 2242m Pace M,07-03-2026 11:53,49280141,7. American Monarch,0,9.37591880,8.8340,1.0000,8.80,7.60,1.00,1001.00,0.00,745.70,245.51
254869467,Menangle (AUS) 7th Mar,R5 1609m Pace M,07-03-2026 09:41,44169892,6. Nyack,0,130.00000000,167.8702,70.1931,190.00,140.00,1.00,1001.00,143.46,37.91,37.75
254831392,Edenhope (AUS) 7th Mar,R6 1450m Hcap,07-03-2026 05:04,7613624,2. Forever Waiting,0,14.83575454,16.8011,7.4459,18.50,17.50,1.00,1001.00,1782.39,603.94,301.04
254831247,Hawkesbury (AUS) 7th Mar,R3 2000m Mdn,07-03-2026 03:35,93574046,14. Shadow Of Light,0,6.00000000,6.0617,5.2555,11.00,5.80,6.60,6.60,6715.58,5371.78,1343.80
254776754,Murray Bridge (AUS) 7th Mar,R4 1200m Hcap,07-03-2026 03:11,66032321,8. Lapilli,0,66.07688696,61.5785,20.2921,75.00,44.00,60.00,60.00,1519.99,425.07,357.84
254776550,Flemington (AUS) 7th Mar,R10 2000m Hcap,07-03-2026 06:35,82603372,4. Immediacy,0,4.88028156,5.4642,3.1548,6.20,4.13,9.00,4.80,83914.31,37038.89,17346.13
254869460,Menangle (AUS) 7th Mar,R3 1609m Pace M,07-03-2026 08:30,95811355,2. Maxo Mighty,0,16.00000000,12.4699,10.9782,18.50,18.00,1.00,1001.00,1643.96,1341.96,302.00
254831241,Hawkesbury (AUS) 7th Mar,R1 1100m Mdn,07-03-2026 02:25,95918945,10. Villicon,0,136.43341691,114.8211,58.3970,360.00,32.00,1.00,1001.00,567.16,253.23,97.30
254780731,Bunbury (AUS) 7th Mar,R9 1400m Hcap,07-03-2026 09:29,66733924,7. Antique Star,0,3.60000000,2.8857,2.6425,4.20,3.30,1.00,1001.00,32101.73,26471.34,5630.39
254822617,Gunnedah (AUS) 7th Mar,R7 1000m Hcap,07-03-2026 06:09,41749085,9. Powerstone,1,19.68921837,20.2208,2.0887,1.00,1001.00,1.00,1001.00,1040.91,23.06,891.68
254858861,Albion Park (AUS) 7th Mar,R3 1660m Pace M,07-03-2026 08:48,3552185,5. Saint Crusader,0,70.00000000,63.7765,45.0457,65.00,60.00,1.00,1001.00,172.64,105.29,28.05
254776799,Murray Bridge (AUS) 7th Mar,R9 1100m Hcap,07-03-2026 06:07,59956815,9. Jilladora,0,67.15447361,83.9459,29.2265,120.00,55.00,1.00,1001.00,2834.28,948.36,668.28
254780566,Randwick (AUS) 7th Mar,R10 1200m Grp3,07-03-2026 06:55,51808320,6. Overriding,0,182.28347494,200.3495,93.9098,290.00,150.00,150.00,120.00,2570.47,1059.85,612.52
254858833,Melton (AUS) 7th Mar,R2 1720m Pace M,07-03-2026 08:00,59455057,5. Emily Vincent,0,45.24522570,35.0941,29.8199,48.00,22.00,1.00,1001.00,308.92,235.87,33.94
254829018,Gold Coast (AUS) 7th Mar,R5 1100m Mdn,07-03-2026 05:24,95919401,4. Jeans,0,7.79000000,5.9582,5.4196,8.74,7.22,7.80,7.80,8138.35,6325.20,1813.15
254831076,Toowoomba (AUS) 7th Mar,R3 2000m Hcap,07-03-2026 07:30,78916443,5. Jamcart,0,19.50000000,12.4223,11.0260,24.00,11.50,26.00,26.00,4274.77,3594.77,680.00
254831262,Hawkesbury (AUS) 7th Mar,R8 1400m CL5,07-03-2026 06:40,69901507,8. Monkhana,0,28.69845109,20.2331,16.8108,38.00,27.00,1.00,1001.00,2145.14,1665.36,479.78
254775622,Eagle Farm (AUS) 7th Mar,R4 1400m Hcap,07-03-2026 03:58,85814139,3. Streak Of Winning,0,12.50000000,10.0689,9.4301,13.50,9.80,12.50,12.50,13477.83,12194.92,1282.91
254776754,Murray Bridge (AUS) 7th Mar,R4 1200m Hcap,07-03-2026 03:11,55012747,1. Exalted Kate,0,26.00000000,14.6954,12.6415,26.00,19.50,26.00,26.00,4459.28,3697.98,761.30
254780494,Randwick (AUS) 7th Mar,R2 2000m Listed,07-03-2026 02:05,11383517,8. Athabascan,0,50.00000000,39.2206,34.3435,65.00,42.00,70.00,40.00,3161.24,2610.32,550.92
254776505,Flemington (AUS) 7th Mar,R5 1600m Grp2,07-03-2026 03:30,3073977,8. Seychelles,0,75.64267735,47.0580,39.2457,95.00,46.00,60.00,60.00,5839.82,4772.83,1066.99
254828968,Towong (AUS) 7th Mar,R3 1200m Mdn,07-03-2026 03:48,95343547,6. Princess Prussia,0,10.64064021,11.2192,8.2247,13.00,8.80,1.00,1001.00,2390.79,1533.00,240.54
254873022,Narrogin (AUS) 7th Mar,R2 1823m Pace M,07-03-2026 10:25,12501797,10. Northern Soul,0,170.00000000,122.5529,82.7242,160.00,65.00,500.00,500.00,118.28,68.35,21.36
254858855,Albion Park (AUS) 7th Mar,R1 2138m Pace M,07-03-2026 07:37,95816514,12. County Court Judge,0,23.09778924,16.1497,13.1619,26.00,15.00,1.00,1001.00,1923.58,1499.76,199.51
254829022,Gold Coast (AUS) 7th Mar,R6 1000m Hcap,07-03-2026 06:04,86654762,7. Smackeroony,0,4.40000000,3.3707,3.3692,5.80,4.40,7.00,4.10,10408.72,8710.95,1697.77
254831385,Edenhope (AUS) 7th Mar,R5 1000m Hcap,07-03-2026 04:29,95919113,4. Lychee Green Tea,0,9.32321218,8.5466,6.5086,1.00,1001.00,8.60,8.60,1982.00,1252.69,378.26
254831088,Toowoomba (AUS) 7th Mar,R6 1890m Mdn,07-03-2026 09:15,94136757,2. Fabs Cuz,1,2.30000000,1.6544,1.5553,2.20,1.46,2.16,2.16,27986.76,22038.43,5948.33
254822614,Gunnedah (AUS) 7th Mar,R6 1400m Hcap,07-03-2026 05:27,95919143,18. Cooma Hut,0,12.68647063,12.5269,8.3724,12.50,12.00,9.80,9.80,780.94,375.64,224.07
254829022,Gold Coast (AUS) 7th Mar,R6 1000m Hcap,07-03-2026 06:04,91873235,8. Herecomesantorini,0,27.74662648,15.1024,12.2590,29.00,27.00,22.00,22.00,1138.01,720.91,417.10
254775613,Eagle Farm (AUS) 7th Mar,R3 1000m Hcap,07-03-2026 03:23,59620122,7. Laydownlily,0,8.78199508,6.0140,5.5584,9.40,6.20,17.00,17.00,14091.85,11868.81,2223.04
254775613,Eagle Farm (AUS) 7th Mar,R3 1000m Hcap,07-03-2026 03:23,68568084,11. Bonfire Spark,0,3.97313912,3.7194,3.4965,5.30,3.85,3.80,3.80,56952.55,50661.59,6290.96
254816333,Alice Springs (AUS) 7th Mar,R5 1600m Hcap,07-03-2026 04:35,66266915,4. Starton,0,4.80000000,3.8989,3.5820,4.70,3.95,1.00,1001.00,6304.10,5396.56,907.54
254858867,Albion Park (AUS) 7th Mar,R5 1660m Pace M,07-03-2026 10:00,86285504,5. Reely Nauti,0,80.00000000,79.0794,53.3174,90.00,70.00,1.00,1001.00,174.61,109.35,25.30
254858833,Melton (AUS) 7th Mar,R2 1720m Pace M,07-03-2026 08:00,6205333,7. Earl Of Pembroke,0,15.50000000,13.1181,10.2380,15.00,12.50,1.00,1001.00,903.26,592.72,141.67
254780686,Bunbury (AUS) 7th Mar,R4 2000m Hcap,07-03-2026 06:23,41642865,1. Great Fortune,0,16.00453108,12.7088,8.2068,15.00,9.80,50.00,7.60,5624.49,2757.67,1090.24
254775640,Eagle Farm (AUS) 7th Mar,R6 1600m CL6,07-03-2026 05:08,1040903,2. Naval Seal,0,17.50000000,9.6094,8.2056,18.00,14.00,1.00,1001.00,7128.25,5433.21,1695.04
254780566,Randwick (AUS) 7th Mar,R10 1200m Grp3,07-03-2026 06:55,95879056,5. Our Gold Hope,0,220.38492781,220.3414,92.6169,280.00,130.00,1.00,1001.00,1506.08,628.77,376.31
254831244,Hawkesbury (AUS) 7th Mar,R2 1300m Mdn,07-03-2026 03:00,2755449,7. Dance With Destiny,0,32.94439272,49.0095,28.0892,65.00,36.00,1.00,1001.00,1820.41,972.08,357.86
254780686,Bunbury (AUS) 7th Mar,R4 2000m Hcap,07-03-2026 06:23,11058940,2. Lillian,0,3.13476917,3.2861,2.5932,3.50,2.98,2.50,2.50,38411.43,24535.78,5495.81
254776469,Flemington (AUS) 7th Mar,R1 1100m 3yo,07-03-2026 01:15,87165038,2. Shining Smile,0,12.50000000,9.5197,8.5314,20.00,11.50,13.00,13.00,14689.01,12546.30,2142.71
254869457,Menangle (AUS) 7th Mar,R2 1609m Pace M,07-03-2026 07:52,95811354,8. Soho Trump,0,6.40000000,5.8494,5.1410,6.40,4.90,7.00,7.00,2883.74,2166.96,393.24
254780686,Bunbury (AUS) 7th Mar,R4 2000m Hcap,07-03-2026 06:23,5745385,5. What A Prince,0,50.00000000,48.8307,20.6122,55.00,40.00,1.00,1001.00,1594.00,567.42,345.20
254828982,Towong (AUS) 7th Mar,R5 1400m Mdn,07-03-2026 04:58,85814340,3. Jirachi,0,5.97842380,5.6941,3.6112,7.00,5.00,1.00,1001.00,4621.84,1982.01,568.80
254858864,Albion Park (AUS) 7th Mar,R4 2138m Trot M,07-03-2026 09:21,38858975,7. Zealous Spur,0,13.50000000,13.6425,9.4132,13.50,12.00,1.00,1001.00,907.19,525.71,174.55
254831364,Edenhope (AUS) 7th Mar,R2 1450m Mdn,07-03-2026 02:44,75391997,2. Rhinestone Rory,0,13.50000000,11.9053,7.4704,13.00,10.50,100.00,100.00,2193.29,1162.35,515.66
254780530,Randwick (AUS) 7th Mar,R6 1600m Grp3,07-03-2026 04:25,87767950,10. Starphistocated,0,45.11405189,40.4075,31.5101,80.00,38.00,90.00,44.00,3643.34,2686.23,957.11
254873028,Narrogin (AUS) 7th Mar,R4 2242m Pace M,07-03-2026 11:25,428422,4. Elephant Rock,0,3.70000000,4.0275,1.0000,4.50,3.70,28.00,28.00,0.00,3877.16,468.24
254831392,Edenhope (AUS) 7th Mar,R6 1450m Hcap,07-03-2026 05:04,50353577,8. Fleurieu Flipper,0,8.00000000,6.8072,5.6157,7.20,7.00,1.00,1001.00,1662.30,1127.45,170.64
254831088,Toowoomba (AUS) 7th Mar,R6 1890m Mdn,07-03-2026 09:15,95919756,12. Gitsham,0,148.36523197,33.6682,25.1426,260.00,120.00,1.00,1001.00,789.04,567.56,221.48
254831241,Hawkesbury (AUS) 7th Mar,R1 1100m Mdn,07-03-2026 02:25,94735677,1. Avionte,0,18.00000000,20.0245,11.3757,23.00,17.50,1.00,1001.00,2244.00,1066.69,475.95
254775667,Eagle Farm (AUS) 7th Mar,R9 1200m CL6,07-03-2026 07:11,95880811,11. Bundella,1,5.88408821,7.1015,3.9925,9.60,6.20,4.40,4.00,38758.46,18095.49,8870.87
254775595,Eagle Farm (AUS) 7th Mar,R1 1300m 2yo,07-03-2026 02:13,95880787,2. Doubtwilly,0,17.36014576,15.9455,9.0775,19.00,9.60,7.00,7.00,6202.08,3021.76,1236.58
254780521,Randwick (AUS) 7th Mar,R5 1100m 3yo,07-03-2026 03:50,38999549,3. Beadman,1,2.64000000,2.5322,2.1938,2.72,2.18,2.62,2.30,81759.39,60975.28,11021.00
254858864,Albion Park (AUS) 7th Mar,R4 2138m Trot M,07-03-2026 09:21,81758605,3. Aldebaranstilinski,1,7.80000000,9.2837,4.8885,10.00,9.20,5.60,1.23,2678.23,1081.75,1139.21
254780722,Bunbury (AUS) 7th Mar,R8 2000m Cup,07-03-2026 08:53,43838593,1. River Rubicon,0,67.99746567,72.1789,33.5065,110.00,40.00,1.00,1001.00,2537.13,1046.84,461.45
254822608,Gunnedah (AUS) 7th Mar,R4 1000m Hcap,07-03-2026 04:25,44590584,12. Smart N Ritzy,0,35.40802495,33.3032,15.7617,42.00,36.00,1.00,1001.00,452.21,139.92,117.74
254822605,Gunnedah (AUS) 7th Mar,R3 1600m CL1,07-03-2026 03:55,67008922,5. Trust A Kitty,1,4.07935516,3.8363,3.0233,3.95,3.65,1.00,1001.00,6074.40,3804.04,1334.77
254858848,Melton (AUS) 7th Mar,R7 2240m Trot M,07-03-2026 10:54,67326370,4. Avant Guard,0,6.40000000,6.0837,4.3909,6.20,6.20,1.00,1001.00,2228.92,1228.83,503.26
254775649,Eagle Farm (AUS) 7th Mar,R7 1600m 3yo,07-03-2026 05:47,95880804,12. Hello Dolly Diva,0,9.60000000,9.3661,6.0870,11.50,7.80,1.28,1.28,19130.77,11141.37,3300.81
254776745,Murray Bridge (AUS) 7th Mar,R3 1000m Mdn,07-03-2026 02:36,94984527,11. I Am The Tiger,0,53.05669178,23.9220,18.6319,70.00,29.00,1.00,1001.00,4698.25,3559.81,1138.44
254826305,Corowa (AUS) 7th Mar,R1 1000m Mdn,07-03-2026 02:16,95918854,11. Hydrating,0,26.00000000,21.2058,13.2931,22.00,22.00,1.00,1001.00,395.08,142.08,136.03
254858870,Albion Park (AUS) 7th Mar,R6 1660m Pace M,07-03-2026 10:29,858176,2. Hector,0,13.97770735,10.6530,9.2531,17.00,10.00,3.85,3.85,2138.32,1685.13,453.19
254831088,Toowoomba (AUS) 7th Mar,R6 1890m Mdn,07-03-2026 09:15,95540811,7. Bold Beauty,0,24.00000000,11.2988,9.0385,40.00,22.00,1.00,1001.00,1932.02,1443.64,488.38
254780713,Bunbury (AUS) 7th Mar,R7 1400m Listed,07-03-2026 08:20,48198875,4. Saloon Bar,0,158.66438825,135.6193,72.1858,200.00,85.00,1.00,1001.00,971.03,478.67,164.46
254776808,Murray Bridge (AUS) 7th Mar,R10 1800m Hcap,07-03-2026 06:48,58138298,9. Cyclone Harmony,0,13.22644120,6.4742,5.8918,13.00,11.00,1000.00,19.50,8185.88,6558.29,1627.59
254780494,Randwick (AUS) 7th Mar,R2 2000m Listed,07-03-2026 02:05,86893240,9. Star Of India,0,18.60728459,13.8288,12.5270,22.00,15.00,18.50,15.00,6118.54,5122.81,995.73
254828968,Towong (AUS) 7th Mar,R3 1200m Mdn,07-03-2026 03:48,83346056,3. Mortal Peak,0,26.29670328,32.0331,13.7105,36.00,32.00,1.00,1001.00,807.36,264.58,216.85
254869460,Menangle (AUS) 7th Mar,R3 1609m Pace M,07-03-2026 08:30,87127658,3. Usyk,0,24.87815820,17.9470,16.2342,23.00,23.00,1.00,1001.00,607.63,504.30,103.33
254858830,Melton (AUS) 7th Mar,R1 2240m Pace M,07-03-2026 07:25,63894147,4. Followtheace,1,3.76611679,3.1803,2.7264,4.60,3.50,1.00,1001.00,9667.78,7304.57,2363.21
254780713,Bunbury (AUS) 7th Mar,R7 1400m Listed,07-03-2026 08:20,82345383,9. Elite Missile,0,7.80000000,7.8882,5.3375,8.20,7.60,10.00,10.00,11017.70,6600.55,1510.83
254775613,Eagle Farm (AUS) 7th Mar,R3 1000m Hcap,07-03-2026 03:23,87206341,8. Alloutatime,0,34.00000000,17.6091,15.2741,38.00,19.00,1.00,1001.00,2981.94,2448.33,533.61
254775604,Eagle Farm (AUS) 7th Mar,R2 2412m Hcap,07-03-2026 02:48,3572089,4. Liberty Park,0,5.78529292,3.2920,2.8487,6.40,5.40,1.00,1001.00,27847.04,21158.65,6688.39
254828961,Towong (AUS) 7th Mar,R2 940m Hcap,07-03-2026 03:13,80130840,1. Rich Dispute,0,19.80391465,15.0844,10.9897,16.00,14.50,1.00,1001.00,691.72,360.56,96.30
254831076,Toowoomba (AUS) 7th Mar,R3 2000m Hcap,07-03-2026 07:30,63296869,12. Quick Shot,0,22.00000000,11.0322,9.3248,22.00,18.50,1.00,1001.00,2060.11,1575.26,484.85
254831250,Hawkesbury (AUS) 7th Mar,R4 1500m CL1,07-03-2026 04:10,9092180,5. Crimson Miss,0,11.59339877,10.4176,8.4511,11.50,9.00,1.00,1001.00,2922.64,2048.68,387.29
254780485,Randwick (AUS) 7th Mar,R1 1600m Hcap,07-03-2026 01:30,95879025,9. Dollars,0,11.22582990,12.8417,5.7922,15.00,11.50,180.00,180.00,15474.43,5712.01,4493.70
254829026,Gold Coast (AUS) 7th Mar,R7 1400m CL4,07-03-2026 06:44,56606377,1. Battleton,0,11.00000000,10.1515,7.2674,11.00,8.00,8.20,8.20,5893.32,3843.42,785.57
254831084,Toowoomba (AUS) 7th Mar,R5 1100m Mdn,07-03-2026 08:42,86387915,2. He Da Boss,0,5.23931935,4.9069,4.5676,9.60,4.40,1.00,1001.00,14127.91,12374.61,1753.30
254780713,Bunbury (AUS) 7th Mar,R7 1400m Listed,07-03-2026 08:20,50355625,15. Zephyra,0,258.70013039,199.9875,95.2712,290.00,47.79,1.00,1001.00,609.39,285.14,119.83
254776781,Murray Bridge (AUS) 7th Mar,R7 1200m Hcap,07-03-2026 04:56,95879873,11. Royal Trapeze,0,20.22950140,11.4337,9.3012,26.00,20.00,1.00,1001.00,4352.81,3402.41,950.40
254776754,Murray Bridge (AUS) 7th Mar,R4 1200m Hcap,07-03-2026 03:11,95879860,11. Youresogolden,0,14.50000000,13.9093,8.0463,16.50,11.00,1.00,1001.00,12410.30,6501.74,1942.10
254826317,Corowa (AUS) 7th Mar,R5 1300m Hcap,07-03-2026 04:36,48615093,2. Kahawaty,0,11.86601152,9.3046,7.1063,9.60,9.60,1.00,1001.00,577.33,235.32,119.06
254873034,Narrogin (AUS) 7th Mar,R6 1823m Pace M,07-03-2026 12:30,26799846,9. Head Office,0,3.91494947,3.7403,5.5999,3.90,3.40,1.00,1001.00,5.16,2217.26,1000.27
254831378,Edenhope (AUS) 7th Mar,R4 1200m Hcap,07-03-2026 03:54,92995684,10. Friday Folly,0,460.65719480,330.9621,233.1212,430.00,80.00,1.00,1001.00,178.19,112.83,20.83
254828968,Towong (AUS) 7th Mar,R3 1200m Mdn,07-03-2026 03:48,95919345,5. Petroula,0,2.28583715,2.2480,1.7341,2.30,2.30,1.00,1001.00,9967.93,4896.84,1863.10
254858867,Albion Park (AUS) 7th Mar,R5 1660m Pace M,07-03-2026 10:00,59384070,2. Sergios Rocket,0,16.00000000,14.1459,10.1360,16.50,13.00,1.00,1001.00,1207.32,735.51,258.46
254831256,Hawkesbury (AUS) 7th Mar,R6 1300m CL1,07-03-2026 05:20,85472254,12. Jewel County,0,515.14159233,275.5872,218.9805,600.00,220.00,340.00,340.00,298.86,235.94,62.92
254775631,Eagle Farm (AUS) 7th Mar,R5 1810m CL3,07-03-2026 04:33,67856738,11. French Endeavour,0,13.06640325,12.7454,11.8411,19.50,10.86,14.00,14.00,17169.18,15606.46,1562.72
254869460,Menangle (AUS) 7th Mar,R3 1609m Pace M,07-03-2026 08:30,4303842,6. Calzaghe,0,40.00000000,27.5337,24.8550,50.00,30.00,25.00,25.00,688.98,546.73,142.25
254776487,Flemington (AUS) 7th Mar,R3 1000m Grp3,07-03-2026 02:20,95880762,3. Simply Steffi,0,12.96192056,12.0047,6.5458,14.00,8.00,12.50,12.00,18993.75,9087.34,3710.46
254822617,Gunnedah (AUS) 7th Mar,R7 1000m Hcap,07-03-2026 06:09,4253149,7. Kawatiri,0,15.50000000,14.0239,8.2665,14.50,14.50,1.00,1001.00,420.96,201.80,83.33
254822608,Gunnedah (AUS) 7th Mar,R4 1000m Hcap,07-03-2026 04:25,7109836,2. Casablanca,0,24.52726175,22.3885,9.6925,24.00,24.00,1.00,1001.00,218.86,58.82,66.45
254873025,Narrogin (AUS) 7th Mar,R3 1823m Pace M,07-03-2026 10:57,54148362,7. Hot Cinder,0,7.91678605,5.8443,5.9190,1.00,1001.00,1.00,1001.00,854.84,843.08,149.56
254775622,Eagle Farm (AUS) 7th Mar,R4 1400m Hcap,07-03-2026 03:58,75018892,1. Canberra Legend,0,40.00000000,20.4002,17.7717,42.00,28.00,1.00,1001.00,2561.58,2111.14,450.44
254775613,Eagle Farm (AUS) 7th Mar,R3 1000m Hcap,07-03-2026 03:23,74459404,4. Find Your Own,0,37.29843582,21.6128,19.3292,38.00,28.00,630.00,20.00,3399.82,2824.27,575.55
254776790,Murray Bridge (AUS) 7th Mar,R8 1200m Hcap,07-03-2026 05:28,5355495,2. Cash,0,8.36024573,8.2875,6.8578,8.80,5.70,1.00,1001.00,9753.81,7422.24,964.12
254776541,Flemington (AUS) 7th Mar,R9 1200m Grp1,07-03-2026 05:55,74773458,4. Angel Capital,0,13.89924721,13.1269,9.7765,17.50,7.00,440.00,8.60,53958.54,38341.81,5221.01
254822617,Gunnedah (AUS) 7th Mar,R7 1000m Hcap,07-03-2026 06:09,28276359,12. The Defiant One,0,34.56208325,25.0798,8.0321,1.00,1001.00,1.00,1001.00,133.86,9.70,40.07
254828982,Towong (AUS) 7th Mar,R5 1400m Mdn,07-03-2026 04:58,84732933,8. Chaandee,0,27.24953032,26.6972,14.0157,27.00,25.00,1.00,1001.00,369.18,159.71,87.01
254828961,Towong (AUS) 7th Mar,R2 940m Hcap,07-03-2026 03:13,79767046,2. Densetsu,0,9.24302474,7.6244,4.2040,8.00,7.40,1.00,1001.00,1458.45,464.46,282.31
254873022,Narrogin (AUS) 7th Mar,R2 1823m Pace M,07-03-2026 10:25,62393234,1. Lowlands Beach Boy,0,43.81866043,48.2903,23.7265,60.00,42.00,1.00,1001.00,266.04,96.08,59.61
254831385,Edenhope (AUS) 7th Mar,R5 1000m Hcap,07-03-2026 04:29,50353565,9. Emmooki Magic,0,9.04912728,9.7937,5.5903,10.50,9.60,1.00,1001.00,2710.07,1230.83,411.27
254831247,Hawkesbury (AUS) 7th Mar,R3 2000m Mdn,07-03-2026 03:35,95918959,9. So Precise,0,670.00000000,384.4185,290.5533,880.00,340.00,1.00,1001.00,87.20,65.34,21.86
254828961,Towong (AUS) 7th Mar,R2 940m Hcap,07-03-2026 03:13,38753901,8. Redneck Princess,0,23.39620856,23.0782,13.2680,27.00,21.00,1.00,1001.00,1320.85,638.37,161.22
254873025,Narrogin (AUS) 7th Mar,R3 1823m Pace M,07-03-2026 10:57,27274266,4. Sanford Harry,1,3.30507533,3.0531,2.6942,4.40,3.15,1.75,1.75,5708.31,4131.13,3051.00
254831406,Edenhope (AUS) 7th Mar,R8 2000m Cup,07-03-2026 06:11,50379747,3. Pittsburgh Pirate,0,5.30000000,5.4486,3.8732,5.60,5.40,1.00,1001.00,4185.86,2403.17,849.36
254831406,Edenhope (AUS) 7th Mar,R8 2000m Cup,07-03-2026 06:11,57411581,7. Khor,1,2.79361047,2.8745,2.0818,2.94,2.82,2.86,2.86,12140.98,5464.65,2889.13
254831250,Hawkesbury (AUS) 7th Mar,R4 1500m CL1,07-03-2026 04:10,94779880,7. Canadian Fling,0,24.41574090,22.5822,11.9999,26.00,19.50,1.00,1001.00,1411.74,583.97,435.86
254775622,Eagle Farm (AUS) 7th Mar,R4 1400m Hcap,07-03-2026 03:58,95880793,13. Creativity Miss,0,5.45060371,4.0653,3.7126,5.60,5.30,5.30,5.30,18098.76,14805.88,3292.88
254775622,Eagle Farm (AUS) 7th Mar,R4 1400m Hcap,07-03-2026 03:58,83834848,8. Celestial Blaze,1,3.33696836,2.5565,2.1947,3.40,2.88,3.00,1.01,45405.99,30405.67,15000.32
254775595,Eagle Farm (AUS) 7th Mar,R1 1300m 2yo,07-03-2026 02:13,95880786,1. Martist,0,1.69894409,1.6835,1.5861,1.96,1.59,1.68,1.27,75495.05,56200.43,11138.18
254826320,Corowa (AUS) 7th Mar,R6 1600m Cup,07-03-2026 05:11,95918867,11. Gin Oclock,0,49.46366193,42.3561,30.9520,50.00,34.00,1.00,1001.00,574.90,372.42,79.20
254826308,Corowa (AUS) 7th Mar,R2 1300m Mdn,07-03-2026 02:51,81847994,6. Ginnos Halo,0,3.75000000,3.7796,3.0335,3.95,3.65,1.00,1001.00,3102.95,1626.79,747.25
254858864,Albion Park (AUS) 7th Mar,R4 2138m Trot M,07-03-2026 09:21,42916342,4. Berriesandcherries,0,26.63400439,26.3582,13.0544,28.00,24.00,770.00,770.00,511.08,177.65,141.67
254776808,Murray Bridge (AUS) 7th Mar,R10 1800m Hcap,07-03-2026 06:48,49765365,11. Lumber Dream,0,25.92479880,18.7567,17.3642,38.00,22.00,26.00,26.00,4448.36,3899.34,549.02
254776532,Flemington (AUS) 7th Mar,R8 1600m Grp3,07-03-2026 05:15,1424801,5. Damask Rose,0,7.67628965,4.8780,4.2725,8.00,5.10,7.20,5.90,45902.60,36434.54,9468.06
254822614,Gunnedah (AUS) 7th Mar,R6 1400m Hcap,07-03-2026 05:27,59452828,4. Akauwheo,1,11.50000000,12.6179,2.7796,12.00,12.00,1.00,1001.00,1983.36,233.42,1491.12
254869479,Menangle (AUS) 7th Mar,R9 1609m Pace M,07-03-2026 11:45,95811364,4. Themidnightexpress,0,19.00000000,18.9325,1.0000,19.50,19.50,13.00,13.00,0.00,269.49,121.93
254858833,Melton (AUS) 7th Mar,R2 1720m Pace M,07-03-2026 08:00,69676327,8. Always Be Blakey,0,7.20000000,6.9071,5.0051,7.80,6.20,1.00,1001.00,2702.55,1615.68,447.91
254831392,Edenhope (AUS) 7th Mar,R6 1450m Hcap,07-03-2026 05:04,49807580,9. Nicking Gracie,0,9.34685546,9.9158,7.2034,10.50,8.60,1.00,1001.00,1672.49,969.95,288.29
254831378,Edenhope (AUS) 7th Mar,R4 1200m Hcap,07-03-2026 03:54,95919109,11. Blissful Bay,0,11.38393889,12.6635,11.3451,14.50,11.00,1.00,1001.00,4440.38,3565.88,277.07
254780557,Randwick (AUS) 7th Mar,R9 1300m Grp1,07-03-2026 06:15,71651567,2. Headley Grange,0,29.00000000,28.1415,19.9239,42.00,25.00,1.00,1001.00,9986.23,6844.65,1400.89
254780494,Randwick (AUS) 7th Mar,R2 2000m Listed,07-03-2026 02:05,95879029,12. Juja Kibo,0,4.90000000,4.3294,4.1456,6.80,4.60,4.80,4.40,30456.61,26876.54,3580.07
254776478,Flemington (AUS) 7th Mar,R2 1100m Hcap,07-03-2026 01:45,76572754,10. Nation State,0,70.36105527,82.9906,34.3078,116.44,49.27,140.00,140.00,5588.30,2243.69,1445.13
254822605,Gunnedah (AUS) 7th Mar,R3 1600m CL1,07-03-2026 03:55,82115580,10. Pathelia,0,32.01268936,30.8626,14.1448,34.00,30.00,1.00,1001.00,335.83,130.09,75.33
254869467,Menangle (AUS) 7th Mar,R5 1609m Pace M,07-03-2026 09:41,68381731,11. Helluva,0,420.00000000,381.6145,200.4974,600.00,280.00,1.00,1001.00,85.01,43.02,16.80
254869454,Menangle (AUS) 7th Mar,R1 1609m Pace M,07-03-2026 07:18,52159351,10. Ripp,0,6.25184821,4.4554,3.9997,6.60,5.00,1.00,1001.00,3669.75,3078.16,591.59
254780668,Bunbury (AUS) 7th Mar,R2 1200m Hcap,07-03-2026 05:02,95881211,6. Lash Out,0,10.01470191,9.1042,7.1906,11.00,8.60,8.80,8.80,4364.61,2679.31,452.03
254776772,Murray Bridge (AUS) 7th Mar,R6 1400m Hcap,07-03-2026 04:21,73918062,5. Oxford Blue,0,27.40409249,31.1713,13.9919,36.00,20.00,190.00,190.00,5230.70,1900.98,1054.52
254873635,Menangle (AUS) 7th Mar,R10 2300m Trot M,07-03-2026 12:15,73260088,1. I Am Hellbound,0,44.44802909,35.8486,1.0000,34.00,32.00,1.00,1001.00,0.00,223.70,178.12
254869473,Menangle (AUS) 7th Mar,R7 1609m Pace M,07-03-2026 10:45,75325802,10. Sweet On Lexy,0,629.24769679,396.5655,172.5470,700.00,230.00,1.00,1001.00,37.38,16.11,8.14
254869467,Menangle (AUS) 7th Mar,R5 1609m Pace M,07-03-2026 09:41,53680536,8. Cheerstolou,0,140.00000000,144.1199,70.4408,210.00,80.00,1.00,1001.00,236.23,109.73,40.20
254775649,Eagle Farm (AUS) 7th Mar,R7 1600m 3yo,07-03-2026 05:47,89347992,4. Castello Grande,0,20.00000000,21.0947,13.9037,26.00,16.00,1.00,1001.00,5912.37,3716.26,864.98
254780530,Randwick (AUS) 7th Mar,R6 1600m Grp3,07-03-2026 04:25,95879048,12. Placid Pearl,0,300.00000000,170.4848,131.5825,390.00,150.00,1.00,1001.00,847.61,652.33,195.28
254826320,Corowa (AUS) 7th Mar,R6 1600m Cup,07-03-2026 05:11,83940347,10. First Day,0,28.00000000,24.5393,19.2937,30.00,15.50,120.00,120.00,1392.41,1009.86,155.03
254822611,Gunnedah (AUS) 7th Mar,R5 1250m Hcap,07-03-2026 04:53,95919138,16. Injair,0,18.50000000,12.6959,10.7254,18.00,17.50,1.00,1001.00,556.68,448.02,108.66
254828968,Towong (AUS) 7th Mar,R3 1200m Mdn,07-03-2026 03:48,95919348,9. Silly Cat,0,13.94652645,13.6797,7.1470,1.00,1001.00,1.00,1001.00,1265.08,421.53,229.35
254858836,Melton (AUS) 7th Mar,R3 2240m Pace M,07-03-2026 08:37,63666293,4. Where Is Woody,0,27.10528610,43.5196,15.2583,55.00,40.00,1.00,1001.00,431.05,104.28,124.40
254831084,Toowoomba (AUS) 7th Mar,R5 1100m Mdn,07-03-2026 08:42,93206638,6. Mafiosa,0,20.00000000,13.1095,10.7688,30.00,18.00,25.00,25.00,7746.83,5993.48,1753.35
254831080,Toowoomba (AUS) 7th Mar,R4 1200m CL3,07-03-2026 08:08,87805702,6. Ludik,0,149.62583432,150.3138,89.9141,250.00,48.00,1.00,1001.00,300.84,154.72,41.17
254831068,Toowoomba (AUS) 7th Mar,R1 1300m Hcap,07-03-2026 06:19,52936837,10. Monazel,0,28.79349534,31.7762,15.3856,34.00,30.00,1.00,1001.00,1055.60,358.63,264.69
254776532,Flemington (AUS) 7th Mar,R8 1600m Grp3,07-03-2026 05:15,66544257,8. Sea What I See,0,3.00684650,2.3705,2.1573,4.50,2.94,8.00,2.58,138325.34,109919.71,28405.63
254858873,Albion Park (AUS) 7th Mar,R7 1660m Pace M,07-03-2026 11:04,41288259,1. Sii Sempre Tilly,0,80.00000000,36.7828,83.8875,95.00,75.00,1.00,1001.00,6.25,140.31,55.28
254829026,Gold Coast (AUS) 7th Mar,R7 1400m CL4,07-03-2026 06:44,12405533,7. Kickatinalong,0,11.31145729,11.6046,5.9918,13.50,10.50,1.00,1001.00,5869.70,2311.58,994.72
254831385,Edenhope (AUS) 7th Mar,R5 1000m Hcap,07-03-2026 04:29,87806693,1. Ratnaraj,0,19.85776572,21.7098,11.5842,22.00,20.00,1.00,1001.00,1118.34,472.53,314.65
254831244,Hawkesbury (AUS) 7th Mar,R2 1300m Mdn,07-03-2026 03:00,82857023,2. Amarillo Sky,0,3.79054078,4.1606,3.4871,4.80,3.75,2.78,2.22,15688.38,11417.17,1737.46
254816321,Alice Springs (AUS) 7th Mar,R1 1200m Hcap,07-03-2026 02:22,63551817,3. Delusionaldictator,0,3.80033484,3.5737,3.2688,3.65,3.40,1.00,1001.00,2885.75,1947.84,285.95
254828989,Towong (AUS) 7th Mar,R6 1600m Hcap,07-03-2026 05:32,62393548,4. Grey Lad,0,6.57633737,6.9101,5.1993,7.40,6.60,180.00,8.00,4547.75,2584.63,855.01
254780668,Bunbury (AUS) 7th Mar,R2 1200m Hcap,07-03-2026 05:02,74745984,12. Zac Luvs To Fly,0,34.00000000,38.0857,22.1627,55.00,32.00,1.00,1001.00,1418.48,764.91,193.75
254858867,Albion Park (AUS) 7th Mar,R5 1660m Pace M,07-03-2026 10:00,70602340,1. Zahra Lou,0,4.46133218,4.5652,3.4507,5.20,4.30,2.40,2.40,2683.87,1500.81,802.20
254858855,Albion Park (AUS) 7th Mar,R1 2138m Pace M,07-03-2026 07:37,26156709,10. Buddy Perfect,0,59.77136992,26.7242,20.4308,60.00,48.00,7.80,7.80,288.65,171.54,117.11
254858839,Melton (AUS) 7th Mar,R4 2240m Trot M,07-03-2026 09:10,19823648,4. Nephew Of Sonoko,0,18.38952092,18.0710,8.0009,1.00,1001.00,1.00,1001.00,713.32,215.02,235.80
254780722,Bunbury (AUS) 7th Mar,R8 2000m Cup,07-03-2026 08:53,65023848,8. Fat Roy Slim,0,14.50000000,13.4160,9.3326,14.50,12.00,14.00,14.00,6535.03,3965.55,895.05
254780713,Bunbury (AUS) 7th Mar,R7 1400m Listed,07-03-2026 08:20,79525347,6. Sensessional,0,65.00000000,56.9648,32.3006,80.00,36.00,1.00,1001.00,2251.28,1244.62,317.44
254826308,Corowa (AUS) 7th Mar,R2 1300m Mdn,07-03-2026 02:51,95918858,3. Carry On Lizzy,0,5.70000000,5.6605,4.0826,5.70,5.00,11.50,11.50,1589.97,850.73,336.42
254858845,Melton (AUS) 7th Mar,R6 1720m Pace M,07-03-2026 10:20,59918279,4. Operative Line,0,65.91100737,70.8092,50.9722,150.00,55.00,1.00,1001.00,346.85,226.68,37.33
254831084,Toowoomba (AUS) 7th Mar,R5 1100m Mdn,07-03-2026 08:42,62632165,13. Tuesday,0,5.00919708,3.7603,3.4807,5.30,4.40,1.00,1001.00,8754.79,7438.75,1316.04
254831259,Hawkesbury (AUS) 7th Mar,R7 1800m Hcap,07-03-2026 06:00,58176984,3. Oakfield Mamselle,0,40.59509259,20.2899,17.6547,42.00,24.00,1.00,1001.00,1665.55,1380.93,284.62
254826323,Corowa (AUS) 7th Mar,R7 1600m CL2,07-03-2026 05:50,95918869,10. Sunroe,0,20.03304018,18.1266,15.7157,29.00,21.00,1.00,1001.00,517.01,434.11,82.90
254858861,Albion Park (AUS) 7th Mar,R3 1660m Pace M,07-03-2026 08:48,34139675,6. Tinder Surprise,0,24.61839677,31.5409,14.2158,34.00,29.00,1.00,1001.00,620.99,201.90,170.02
254858861,Albion Park (AUS) 7th Mar,R3 1660m Pace M,07-03-2026 08:48,86821475,3. Huxton,0,1.59097072,1.5388,1.7124,1.61,1.44,180.00,1.05,21409.14,10845.49,8950.12
254829026,Gold Coast (AUS) 7th Mar,R7 1400m CL4,07-03-2026 06:44,72200787,8. Galeka,0,9.70115829,16.4617,9.3515,21.00,10.50,16.00,16.00,7081.92,3514.71,1530.40
254780677,Bunbury (AUS) 7th Mar,R3 1675m Hcap,07-03-2026 05:43,41830652,8. Henry The Aviator,0,142.40346866,137.5937,68.8551,180.00,70.00,1.00,1001.00,853.44,395.29,168.50
254775631,Eagle Farm (AUS) 7th Mar,R5 1810m CL3,07-03-2026 04:33,1163993,4. Headhunter,0,22.00000000,12.5439,10.7364,22.00,16.50,18.50,12.00,5789.29,4494.58,1294.71
254822602,Gunnedah (AUS) 7th Mar,R2 1000m Mdn,07-03-2026 03:08,95919127,4. Tipsy Miss,1,2.48000000,2.3713,1.7249,2.42,2.40,1.00,1001.00,6043.92,2065.06,2700.82
254873037,Narrogin (AUS) 7th Mar,R7 2242m Pace M,07-03-2026 13:05,95887300,1. Armaflight,0,10.00000000,7.2817,1.0000,6.60,6.20,1.00,1001.00,0.00,1163.38,346.99
254858864,Albion Park (AUS) 7th Mar,R4 2138m Trot M,07-03-2026 09:21,4095213,6. Golden Sunset,0,1.95770482,2.1849,1.7092,2.34,2.04,1.51,1.23,11974.79,5938.28,3367.49
254831357,Edenhope (AUS) 7th Mar,R1 1850m Mdn,07-03-2026 02:09,91354692,2. Moussaka,0,4.30000000,4.0425,3.0554,4.20,3.75,370.00,370.00,10005.14,5975.43,1132.39
254780722,Bunbury (AUS) 7th Mar,R8 2000m Cup,07-03-2026 08:53,74815259,6. Fly With Caution,0,4.79494495,6.2467,2.8980,7.40,5.20,1.00,1001.00,35441.81,11548.96,8374.52
254780530,Randwick (AUS) 7th Mar,R6 1600m Grp3,07-03-2026 04:25,94615334,11. Heat Missile,0,9.00000000,8.1492,7.1539,14.50,8.60,8.40,8.40,17492.76,14260.56,3232.20
254780512,Randwick (AUS) 7th Mar,R4 1200m Grp2,07-03-2026 03:15,22941422,11. Tornado Valley,0,12.80609993,10.3784,10.0394,14.50,7.88,1000.00,1000.00,10537.40,9751.33,786.07
254822611,Gunnedah (AUS) 7th Mar,R5 1250m Hcap,07-03-2026 04:53,95919137,15. Shifa,0,68.71909285,44.6915,39.3090,65.00,48.00,1.00,1001.00,328.92,281.40,47.52
254829006,Gold Coast (AUS) 7th Mar,R2 1000m Hcap,07-03-2026 03:43,77082413,1. Never Say Nay,0,20.84988707,13.3649,12.6863,24.00,18.00,30.00,17.00,1779.59,1506.33,273.26
254831080,Toowoomba (AUS) 7th Mar,R4 1200m CL3,07-03-2026 08:08,83050480,8. Snitzond,0,6.93612386,6.6940,3.8096,6.40,6.20,5.80,3.75,6215.93,2428.92,1592.39
254775631,Eagle Farm (AUS) 7th Mar,R5 1810m CL3,07-03-2026 04:33,95880798,14. Bright The Sun,0,190.00000000,109.0983,79.7230,290.00,150.00,580.00,10.00,1046.60,735.92,310.68
254775604,Eagle Farm (AUS) 7th Mar,R2 2412m Hcap,07-03-2026 02:48,42471256,1. Hadouken,0,120.00000000,61.2489,46.8450,130.00,75.00,100.00,85.00,1830.11,1328.45,501.66
254780530,Randwick (AUS) 7th Mar,R6 1600m Grp3,07-03-2026 04:25,80569541,9. Sweltering,0,34.00000000,27.9865,24.6280,44.00,28.00,1.00,1001.00,5192.04,4394.42,797.62
254826323,Corowa (AUS) 7th Mar,R7 1600m CL2,07-03-2026 05:50,86654149,7. Wings Of Carmen,0,8.20000000,6.8017,6.2074,10.00,8.00,1.00,1001.00,1205.78,1057.69,148.09
254831378,Edenhope (AUS) 7th Mar,R4 1200m Hcap,07-03-2026 03:54,82895694,8. Alittlebitapolly,0,108.14894113,102.6035,63.5764,170.00,55.00,1.00,1001.00,955.92,575.74,147.00
254831092,Toowoomba (AUS) 7th Mar,R7 1100m Hcap,07-03-2026 09:54,91646056,7. Viale,0,1.94000000,2.0035,1.9620,2.16,1.90,100.00,100.00,25379.61,20630.24,1796.57
254776808,Murray Bridge (AUS) 7th Mar,R10 1800m Hcap,07-03-2026 06:48,87379588,17. Sadlers Song,0,190.00000000,223.8145,70.8721,280.00,100.00,75.00,75.00,1217.55,378.19,372.50
254822614,Gunnedah (AUS) 7th Mar,R6 1400m Hcap,07-03-2026 05:27,9952005,1. Sian,0,28.44953545,19.1472,15.2360,22.00,18.00,1.00,1001.00,482.50,268.69,87.73
254831253,Hawkesbury (AUS) 7th Mar,R5 1100m Hcap,07-03-2026 04:45,95918963,5. Cavallo Park,1,3.72361606,2.9929,2.8113,3.85,3.15,22.00,4.30,16623.15,14105.81,2517.34
254775640,Eagle Farm (AUS) 7th Mar,R6 1600m CL6,07-03-2026 05:08,53914183,5. Make A Call,0,5.50377407,4.3158,4.0879,6.60,5.50,12.00,4.80,16014.97,12230.11,3784.86
254776781,Murray Bridge (AUS) 7th Mar,R7 1200m Hcap,07-03-2026 04:56,57625489,3. Noble Magnate,0,82.91132722,31.6517,25.1550,110.00,25.00,1.00,1001.00,1658.74,1255.44,403.30
254822617,Gunnedah (AUS) 7th Mar,R7 1000m Hcap,07-03-2026 06:09,2342925,5. Wine Time,0,19.37191910,20.2660,5.8879,1.00,1001.00,1.00,1001.00,422.77,18.92,177.24
254829026,Gold Coast (AUS) 7th Mar,R7 1400m CL4,07-03-2026 06:44,78432594,9. Merchant Lady,0,160.00000000,119.8195,34.0771,150.00,70.00,1.00,1001.00,596.34,150.39,149.99
254831068,Toowoomba (AUS) 7th Mar,R1 1300m Hcap,07-03-2026 06:19,85250563,11. Torvecchio,0,11.50000000,12.4292,6.7950,14.00,11.00,32.00,32.00,1482.16,497.52,447.82
254780668,Bunbury (AUS) 7th Mar,R2 1200m Hcap,07-03-2026 05:02,95881212,9. Roundabout Glory,0,32.00000000,29.7887,11.8344,1.00,1001.00,1.00,1001.00,509.65,184.24,118.13
254858851,Melton (AUS) 7th Mar,R8 2240m Pace M,07-03-2026 11:33,86587690,3. Ravishing Ruby,1,1.26000000,1.2805,1.2099,1.30,1.27,1.40,1.11,1.76,8386.30,3485.21
254780539,Randwick (AUS) 7th Mar,R7 1000m Grp2,07-03-2026 05:00,80640068,9. Marhoona,0,9.40000000,11.9784,7.6542,14.50,9.60,1.00,1001.00,19037.84,11300.06,3592.89
254826305,Corowa (AUS) 7th Mar,R1 1000m Mdn,07-03-2026 02:16,28091498,8. Waynes Dream,0,3.90000000,3.5791,3.3205,1.00,1001.00,26.00,4.40,2624.21,726.57,1156.56
254822614,Gunnedah (AUS) 7th Mar,R6 1400m Hcap,07-03-2026 05:27,4097476,11. Not My Problem,0,11.00000000,11.7315,7.0681,1.00,1001.00,6.00,6.00,834.34,244.90,369.47
254829014,Gold Coast (AUS) 7th Mar,R4 1000m Mdn,07-03-2026 04:52,95919396,12. Lucky Artie,0,14.00000000,12.7980,9.1974,15.50,11.50,1.00,1001.00,5113.57,3417.57,548.28
254831378,Edenhope (AUS) 7th Mar,R4 1200m Hcap,07-03-2026 03:54,77728387,12. Frosty Night,1,8.47286619,7.6579,4.2638,9.80,7.20,7.00,7.00,4501.17,1926.37,1232.15
254780731,Bunbury (AUS) 7th Mar,R9 1400m Hcap,07-03-2026 09:29,58372439,1. Bakeel,0,5.60000000,4.0585,3.6556,7.20,4.90,10.00,8.20,23876.32,19995.46,3880.86
254780695,Bunbury (AUS) 7th Mar,R5 1200m Hcap,07-03-2026 07:03,88611564,12. Desert Life,0,6.60000000,6.4013,4.2373,7.40,5.80,1.00,1001.00,13817.31,7629.81,2356.63
254780686,Bunbury (AUS) 7th Mar,R4 2000m Hcap,07-03-2026 06:23,95881217,4. Dennis Choux,0,7.90322877,8.6999,6.5705,10.50,7.80,1.00,1001.00,9843.01,6803.00,1176.08
254858836,Melton (AUS) 7th Mar,R3 2240m Pace M,07-03-2026 08:37,72445085,2. Bringsusjoy,0,8.80000000,9.8673,8.5745,11.50,9.60,1.00,1001.00,1501.65,1155.43,199.11
254780713,Bunbury (AUS) 7th Mar,R7 1400m Listed,07-03-2026 08:20,73992823,3. Londons Image,0,4.60000000,4.7283,2.6052,5.30,4.00,4.60,4.60,37542.39,15379.60,8471.84
254780530,Randwick (AUS) 7th Mar,R6 1600m Grp3,07-03-2026 04:25,95879046,2. Pinito,1,3.82192890,3.2034,2.7895,5.50,3.80,2.90,2.90,66986.83,52493.83,14493.00
254822602,Gunnedah (AUS) 7th Mar,R2 1000m Mdn,07-03-2026 03:08,95919126,3. Lost Flowers,0,24.99178448,23.3086,11.1302,23.00,23.00,1.00,1001.00,484.36,188.47,130.60
254831259,Hawkesbury (AUS) 7th Mar,R7 1800m Hcap,07-03-2026 06:00,79891460,4. Alabama Blitz,0,46.00000000,17.4626,15.5387,48.00,21.00,30.00,30.00,1786.32,1311.45,474.87
254780659,Bunbury (AUS) 7th Mar,R1 1200m 2yo,07-03-2026 04:27,10003839,4. Marcos,0,36.00000000,33.7590,15.7312,48.00,30.00,25.00,25.00,2750.60,1185.58,634.52
254776745,Murray Bridge (AUS) 7th Mar,R3 1000m Mdn,07-03-2026 02:36,79378435,3. Golden Cloud,0,9.39803564,7.3999,6.7469,24.00,8.20,1.00,1001.00,15909.09,14028.01,1881.08
254858855,Albion Park (AUS) 7th Mar,R1 2138m Pace M,07-03-2026 07:37,50090101,7. Deebo,0,163.67424150,67.4256,56.5962,200.00,55.00,1.00,1001.00,183.40,150.69,32.71
254858839,Melton (AUS) 7th Mar,R4 2240m Trot M,07-03-2026 09:10,88028703,2. Keayang Gucci,0,24.73651169,14.4776,10.5200,34.00,11.00,1.00,1001.00,2196.49,1511.34,267.18
254829006,Gold Coast (AUS) 7th Mar,R2 1000m Hcap,07-03-2026 03:43,95919391,5. Bold Bidder,0,5.10000000,4.4540,4.1869,5.90,5.10,8.60,8.60,8492.65,7147.14,1345.51
254780695,Bunbury (AUS) 7th Mar,R5 1200m Hcap,07-03-2026 07:03,72583994,13. Looks,0,65.00000000,71.8920,37.9294,110.00,65.00,1.00,1001.00,1446.41,726.59,303.81
254775658,Eagle Farm (AUS) 7th Mar,R8 1200m CL6,07-03-2026 06:27,66983688,11. Pride Of Venus,0,10.18248304,10.3513,3.6659,12.50,5.80,10.50,9.40,38249.40,9648.07,10467.35
254828996,Towong (AUS) 7th Mar,R7 1400m Hcap,07-03-2026 06:05,85814358,6. Tomanado,0,13.46997326,6.4851,6.1500,13.85,12.00,1.00,1001.00,1055.04,618.94,436.10
254831378,Edenhope (AUS) 7th Mar,R4 1200m Hcap,07-03-2026 03:54,93239948,2. Rubiquity,0,6.00000000,5.7980,3.8115,6.40,5.10,1.00,1001.00,6249.95,3236.41,1664.19
254776799,Murray Bridge (AUS) 7th Mar,R9 1100m Hcap,07-03-2026 06:07,83378666,14. Blanc Visage,0,10.95839922,12.1234,5.8159,13.00,12.00,17.00,10.50,7890.47,2841.99,2245.38
254776541,Flemington (AUS) 7th Mar,R9 1200m Grp1,07-03-2026 05:55,59620243,9. Disneck,0,143.91094110,113.1229,77.9634,150.00,70.00,100.00,65.00,3517.96,2349.10,387.48
254816330,Alice Springs (AUS) 7th Mar,R4 1400m Hcap,07-03-2026 04:05,83118850,7. Hebel,0,8.00000000,6.5738,4.9846,8.00,8.00,2.60,2.60,3158.45,1951.25,1207.20
254826308,Corowa (AUS) 7th Mar,R2 1300m Mdn,07-03-2026 02:51,94687913,1. Fair Master,1,3.09730374,2.7164,2.3898,3.00,2.50,8.00,3.60,9554.91,6746.02,1610.33
254828982,Towong (AUS) 7th Mar,R5 1400m Mdn,07-03-2026 04:58,95919355,5. Paluca,0,34.00000000,42.9802,19.5320,60.00,36.00,1.00,1001.00,1720.24,718.09,350.46
254873037,Narrogin (AUS) 7th Mar,R7 2242m Pace M,07-03-2026 13:05,95887301,4. Kungfu Warrior,0,207.31994334,193.3522,1.0000,250.00,170.00,1.00,1001.00,0.00,18.49,14.91
254869470,Menangle (AUS) 7th Mar,R6 1609m Pace M,07-03-2026 10:10,5657082,2. Pinseeker,0,25.10437018,13.9313,12.6280,26.00,15.00,1.00,1001.00,2286.65,1946.22,322.43
254869473,Menangle (AUS) 7th Mar,R7 1609m Pace M,07-03-2026 10:45,42900872,11. Hesitate,0,65.00000000,123.4347,51.4004,220.00,70.00,1.00,1001.00,292.01,109.77,59.07
254858830,Melton (AUS) 7th Mar,R1 2240m Pace M,07-03-2026 07:25,90487765,7. The Steel Dragon,0,11.18410290,8.5357,8.2467,11.00,11.00,8.60,8.60,1005.44,821.00,184.44
254831068,Toowoomba (AUS) 7th Mar,R1 1300m Hcap,07-03-2026 06:19,64343045,5. High Security,0,6.16344922,6.7316,4.6276,8.60,5.70,120.00,120.00,2371.02,1140.10,395.68
254775631,Eagle Farm (AUS) 7th Mar,R5 1810m CL3,07-03-2026 04:33,64546226,12. Jenni Moreese,1,6.99573334,4.3424,3.6546,7.80,5.30,5.90,1.27,21762.57,16068.90,5693.67
254776763,Murray Bridge (AUS) 7th Mar,R5 1100m 2yo,07-03-2026 03:46,95879867,7. Aryna,0,55.00000000,46.2719,21.6519,55.00,29.00,46.00,46.00,1847.22,814.97,361.68
254822614,Gunnedah (AUS) 7th Mar,R6 1400m Hcap,07-03-2026 05:27,95919141,8. Your Temptation,0,85.00000000,65.8931,46.1564,110.00,48.00,1.00,1001.00,247.48,151.07,42.40
254822602,Gunnedah (AUS) 7th Mar,R2 1000m Mdn,07-03-2026 03:08,2420408,8. Horeb,0,487.96027822,518.0870,217.1314,800.00,370.00,1.00,1001.00,59.34,20.10,15.82
254858879,Albion Park (AUS) 7th Mar,R9 1660m Pace M,07-03-2026 12:07,89720718,2. Queen Lilibet,0,3.43918576,3.6625,1.0000,3.85,3.50,1.00,1001.00,0.00,2103.14,463.12
254869460,Menangle (AUS) 7th Mar,R3 1609m Pace M,07-03-2026 08:30,95811356,5. Frizza,0,95.00000000,53.1678,43.6257,250.00,70.00,1.00,1001.00,274.39,205.58,68.81
254829002,Gold Coast (AUS) 7th Mar,R1 1000m Hcap,07-03-2026 03:07,781052,4. Unfaithful,1,3.06985641,3.1196,2.4225,3.50,2.96,3.70,1.01,23270.51,14609.28,4585.29
254831371,Edenhope (AUS) 7th Mar,R3 1200m Mdn,07-03-2026 03:19,95919100,8. Pierros Reward,0,70.00000000,50.4846,41.1144,230.00,55.00,1000.00,1000.00,1381.98,1064.47,317.51
254831084,Toowoomba (AUS) 7th Mar,R5 1100m Mdn,07-03-2026 08:42,72478652,8. Akku,0,4.43271098,2.9421,2.6081,5.20,4.20,1.00,1001.00,24679.74,19653.89,5025.85
254831259,Hawkesbury (AUS) 7th Mar,R7 1800m Hcap,07-03-2026 06:00,41843709,5. King Kikau,1,18.68117361,12.1271,10.6440,19.50,15.00,1.00,1001.00,3199.79,2662.29,537.50
254831256,Hawkesbury (AUS) 7th Mar,R6 1300m CL1,07-03-2026 05:20,80718277,6. Seastraand,1,15.00000000,8.8881,6.7155,15.50,9.80,8.80,8.00,6765.04,4366.26,2398.78
254780686,Bunbury (AUS) 7th Mar,R4 2000m Hcap,07-03-2026 06:23,47016592,3. Red Top,0,406.75137428,494.0636,239.9824,1000.00,300.00,170.00,170.00,268.93,116.30,63.80
254780677,Bunbury (AUS) 7th Mar,R3 1675m Hcap,07-03-2026 05:43,95881213,9. Old Mate Henry,0,22.00000000,20.6467,12.7217,24.00,16.50,1.00,1001.00,4861.94,2771.58,704.43
254780530,Randwick (AUS) 7th Mar,R6 1600m Grp3,07-03-2026 04:25,3417181,3. Movin Out,0,15.50000000,12.0373,10.6719,17.50,14.00,1.00,1001.00,12097.44,10233.01,1864.43
254822614,Gunnedah (AUS) 7th Mar,R6 1400m Hcap,07-03-2026 05:27,56357354,10. Criminal Art,0,21.00000000,20.3217,13.3257,21.00,21.00,1.00,1001.00,275.85,90.18,87.88
254828996,Towong (AUS) 7th Mar,R7 1400m Hcap,07-03-2026 06:05,93206927,9. Sly Cascata,1,8.87854284,5.3772,3.9200,11.08,8.12,12.00,12.00,2022.19,1138.89,883.30
254776790,Murray Bridge (AUS) 7th Mar,R8 1200m Hcap,07-03-2026 05:28,94984521,7. Dampen,0,89.61226471,71.9898,23.7225,95.00,38.00,1.00,1001.00,1573.18,438.36,372.71
254873028,Narrogin (AUS) 7th Mar,R4 2242m Pace M,07-03-2026 11:25,95295214,6. Shesa Enchantress,0,75.00000000,28.6816,1.0000,70.00,50.00,1.00,1001.00,0.00,155.15,46.35
254776763,Murray Bridge (AUS) 7th Mar,R5 1100m 2yo,07-03-2026 03:46,95879865,5. Stormforge,0,48.89392869,52.2429,17.9542,70.00,42.00,1.00,1001.00,2474.38,783.71,585.70
254776550,Flemington (AUS) 7th Mar,R10 2000m Hcap,07-03-2026 06:35,95880783,2. Whisky On The Hill,0,8.02538438,6.5604,4.3817,8.00,6.00,1.00,1001.00,46457.22,27207.47,6227.49
254776505,Flemington (AUS) 7th Mar,R5 1600m Grp2,07-03-2026 03:30,95880766,3. After Summer,0,18.50000000,14.9969,13.2913,25.00,14.50,1.00,1001.00,20937.94,18031.09,2906.85
254826308,Corowa (AUS) 7th Mar,R2 1300m Mdn,07-03-2026 02:51,95918862,10. Oubaitori,0,19.00000000,17.3560,5.5363,16.00,16.00,1.00,1001.00,884.81,180.70,566.53
254826305,Corowa (AUS) 7th Mar,R1 1000m Mdn,07-03-2026 02:16,95918855,12. Inner Thoughts,0,47.67427900,47.4774,24.7149,70.00,60.00,1.00,1001.00,525.67,157.74,155.96
254873025,Narrogin (AUS) 7th Mar,R3 1823m Pace M,07-03-2026 10:57,80646715,8. Daisy Jones,0,55.00000000,39.1912,40.3068,65.00,50.00,1.00,1001.00,75.50,74.60,21.38
254869473,Menangle (AUS) 7th Mar,R7 1609m Pace M,07-03-2026 10:45,75356360,3. Captains Mistress,1,1.05000000,1.0690,1.0442,1.08,1.06,1.06,1.06,62925.27,35019.04,6997.02
254831253,Hawkesbury (AUS) 7th Mar,R5 1100m Hcap,07-03-2026 04:45,77427255,10. Tessy Tee,0,4.60000000,3.7097,3.2463,6.80,4.60,1.00,1001.00,9748.84,7811.53,1937.31
254776727,Murray Bridge (AUS) 7th Mar,R1 1400m CL2,07-03-2026 01:25,95879848,3. Ekanite,0,14.11935410,8.7825,8.3166,14.50,10.50,110.00,13.50,4024.30,3425.00,599.30
254780503,Randwick (AUS) 7th Mar,R3 1200m Grp2,07-03-2026 02:40,94984405,10. Yvonnes Joy,0,151.99437277,101.3098,82.3946,250.00,75.00,540.00,44.00,787.91,603.66,184.25
254822617,Gunnedah (AUS) 7th Mar,R7 1000m Hcap,07-03-2026 06:09,76706068,14. Western Eagle,0,433.42313005,261.0806,35.4909,250.00,250.00,1.00,1001.00,28.84,3.50,7.82
254822608,Gunnedah (AUS) 7th Mar,R4 1000m Hcap,07-03-2026 04:25,2409124,10. Rivaldo,0,7.00000000,8.0345,3.5946,8.20,6.80,1.00,1001.00,2188.55,529.72,774.67
254831250,Hawkesbury (AUS) 7th Mar,R4 1500m CL1,07-03-2026 04:10,92207213,3. Dynast King,0,14.50000000,15.8200,13.9919,17.00,14.50,40.00,40.00,1743.10,1299.43,175.46
254831244,Hawkesbury (AUS) 7th Mar,R2 1300m Mdn,07-03-2026 03:00,95918951,9. Peccavi,1,6.00000000,5.6398,4.4037,6.40,5.20,1.00,1001.00,9897.48,6975.93,1776.04
254775649,Eagle Farm (AUS) 7th Mar,R7 1600m 3yo,07-03-2026 05:47,95880803,10. Yes Donald Yes,0,5.38700404,5.4699,4.1593,6.20,4.90,5.90,5.00,30317.23,19095.50,3978.38
254869473,Menangle (AUS) 7th Mar,R7 1609m Pace M,07-03-2026 10:45,27571599,12. Sinaloa,0,593.27158126,521.2136,234.9811,940.00,360.00,1.00,1001.00,49.38,22.21,11.56
254831385,Edenhope (AUS) 7th Mar,R5 1000m Hcap,07-03-2026 04:29,51809615,11. Ask For More,0,96.83312623,81.6839,42.8346,100.00,70.00,1.00,1001.00,440.98,201.24,86.63
254831256,Hawkesbury (AUS) 7th Mar,R6 1300m CL1,07-03-2026 05:20,65292259,13. Lucilago,0,393.79616883,249.5351,196.1758,730.00,240.00,1.00,1001.00,198.93,156.06,42.87
254780713,Bunbury (AUS) 7th Mar,R7 1400m Listed,07-03-2026 08:20,95344884,10. Fast Flicker,0,13.50000000,12.9527,7.1003,14.50,11.50,22.00,11.50,6792.36,3284.53,1200.69
254775640,Eagle Farm (AUS) 7th Mar,R6 1600m CL6,07-03-2026 05:08,66579796,7. Kairos Louie,0,8.20000000,5.0212,4.5499,8.60,7.00,12.00,6.60,12390.22,9797.72,2592.50
254780494,Randwick (AUS) 7th Mar,R2 2000m Listed,07-03-2026 02:05,86620881,7. Piggyback,0,4.25830933,3.1385,2.6610,5.00,3.35,1.00,1001.00,56974.94,42296.01,14678.93
254829026,Gold Coast (AUS) 7th Mar,R7 1400m CL4,07-03-2026 06:44,3341342,2. Yoshino,1,13.04749828,12.3822,3.8545,13.50,11.00,1.01,1.01,6916.73,1610.81,4201.35
254829006,Gold Coast (AUS) 7th Mar,R2 1000m Hcap,07-03-2026 03:43,10712739,4. Beauty Bound,0,14.00000000,9.2777,8.2613,16.00,14.00,1.00,1001.00,2951.40,2400.14,551.26
254831072,Toowoomba (AUS) 7th Mar,R2 1000m 2yo,07-03-2026 06:59,95919742,2. Ready As Bam,0,15.61953195,11.4088,10.9531,19.50,15.50,490.00,16.00,3641.82,2939.51,702.31
254780686,Bunbury (AUS) 7th Mar,R4 2000m Hcap,07-03-2026 06:23,95881219,11. My Harv,0,20.33862093,22.2998,12.2257,24.00,21.00,1.00,1001.00,3213.34,1416.36,679.89
254780521,Randwick (AUS) 7th Mar,R5 1100m 3yo,07-03-2026 03:50,91806894,6. Caffe Florian,0,6.12829688,6.3484,5.3974,7.40,5.00,10.00,9.00,37851.74,30163.74,3426.85
254816321,Alice Springs (AUS) 7th Mar,R1 1200m Hcap,07-03-2026 02:22,57047265,2. The Big Freeze,0,6.50732767,6.4090,4.8780,6.20,6.20,1.00,1001.00,1613.06,843.45,330.04
254828989,Towong (AUS) 7th Mar,R6 1600m Hcap,07-03-2026 05:32,83379288,3. Sir Davy,0,19.27695296,20.8148,14.0070,23.00,21.00,1.00,1001.00,751.53,424.02,119.37
254873019,Narrogin (AUS) 7th Mar,R1 1823m Pace M,07-03-2026 09:57,95887295,4. Seaspirit,1,1.82000000,1.9223,1.6032,2.10,1.81,1.00,1001.00,11337.29,6917.57,2310.95
254858876,Albion Park (AUS) 7th Mar,R8 1660m Pace M,07-03-2026 11:38,84629974,5. Shes Crunchy,0,5.50000000,5.7166,1.0000,6.20,5.60,1.00,1001.00,0.00,2562.34,783.68
254869457,Menangle (AUS) 7th Mar,R2 1609m Pace M,07-03-2026 07:52,95811352,4. Wishas Darling,0,430.00000000,248.0448,108.0567,320.00,120.00,1.00,1001.00,66.29,21.13,18.72
254831378,Edenhope (AUS) 7th Mar,R4 1200m Hcap,07-03-2026 03:54,95919111,14. Nudge Em Along,0,28.00000000,29.1800,21.2060,44.00,26.00,1.00,1001.00,1313.67,893.12,185.04
254831371,Edenhope (AUS) 7th Mar,R3 1200m Mdn,07-03-2026 03:19,84777727,5. Prince De Vega,0,7.40000000,5.8476,5.4689,7.80,4.90,1.00,1001.00,6576.62,5909.46,667.16
254776523,Flemington (AUS) 7th Mar,R7 1600m Grp1,07-03-2026 04:40,66266897,4. Evaporate,0,12.62987079,10.0647,8.7879,16.00,10.50,16.00,13.50,25845.00,21402.32,4442.68
254822605,Gunnedah (AUS) 7th Mar,R3 1600m CL1,07-03-2026 03:55,1489334,2. Point To Prove,0,47.96228606,48.5499,27.1091,55.00,46.00,1.00,1001.00,335.83,164.33,79.16
254780659,Bunbury (AUS) 7th Mar,R1 1200m 2yo,07-03-2026 04:27,95881207,8. Ace Sniper,0,50.00000000,42.0285,19.8579,48.00,30.00,50.00,46.00,1640.44,692.46,312.47
254822611,Gunnedah (AUS) 7th Mar,R5 1250m Hcap,07-03-2026 04:53,76430817,4. Chestime,1,2.53503478,2.2641,2.0643,2.92,2.50,1.00,1001.00,10208.98,8313.08,1895.90
254858873,Albion Park (AUS) 7th Mar,R7 1660m Pace M,07-03-2026 11:04,84697464,6. Fear The Pain,0,27.00000000,28.3970,27.3711,29.00,27.00,32.00,32.00,137.66,351.38,206.10
254858855,Albion Park (AUS) 7th Mar,R1 2138m Pace M,07-03-2026 07:37,40674803,9. Smarter Than You,0,30.00000000,16.3121,14.3749,25.00,25.00,1.00,1001.00,712.81,596.73,116.08
254873635,Menangle (AUS) 7th Mar,R10 2300m Trot M,07-03-2026 12:15,43691515,9. Hide And Seek,0,11.00000000,9.8775,1.0000,1.00,1001.00,570.00,570.00,0.00,617.02,290.49
254858836,Melton (AUS) 7th Mar,R3 2240m Pace M,07-03-2026 08:37,43989536,1. Nosweetsforyou,0,14.50000000,14.7349,10.9272,15.00,14.00,1.00,1001.00,568.02,337.62,97.76
254831406,Edenhope (AUS) 7th Mar,R8 2000m Cup,07-03-2026 06:11,79022497,5. Any Luck,0,16.62709600,16.8789,11.6416,19.00,15.00,1.00,1001.00,2152.71,1261.02,305.68
254831241,Hawkesbury (AUS) 7th Mar,R1 1100m Mdn,07-03-2026 02:25,87767491,3. Cosmora,0,9.40000000,9.9970,7.8542,17.50,9.00,1.00,1001.00,5396.26,3959.49,536.98
254816333,Alice Springs (AUS) 7th Mar,R5 1600m Hcap,07-03-2026 04:35,28373513,1. Duty,0,3.67733844,3.3551,3.1584,4.30,3.60,1.00,1001.00,7612.00,6841.88,770.12
254826308,Corowa (AUS) 7th Mar,R2 1300m Mdn,07-03-2026 02:51,95918859,4. Cavascot,0,85.00000000,97.4419,50.9632,160.00,80.00,1.00,1001.00,191.70,85.17,60.58
254873022,Narrogin (AUS) 7th Mar,R2 1823m Pace M,07-03-2026 10:25,74900908,3. Cassini Belle,0,2.96000000,2.9814,2.4037,2.98,2.84,1.00,1001.00,3213.91,1932.64,466.11
254829010,Gold Coast (AUS) 7th Mar,R3 1200m Hcap,07-03-2026 04:18,5632085,8. Eye Of The Eagle,0,3.77862588,3.5840,2.8458,3.80,3.35,1.00,1001.00,14623.90,8447.32,1318.98
254831072,Toowoomba (AUS) 7th Mar,R2 1000m 2yo,07-03-2026 06:59,95919746,6. Lonesome Star,0,5.89239401,5.3323,4.9365,8.60,5.50,1.00,1001.00,7075.45,5833.47,1241.98
254831072,Toowoomba (AUS) 7th Mar,R2 1000m 2yo,07-03-2026 06:59,95919745,5. Kiskaboom,0,6.60000000,5.3735,5.7239,7.00,6.40,85.00,85.00,3108.53,2645.49,433.84
254831247,Hawkesbury (AUS) 7th Mar,R3 2000m Mdn,07-03-2026 03:35,85213023,7. Mochima,0,150.00000000,55.4387,41.5317,170.00,85.00,1.00,1001.00,236.05,172.17,63.88
254776550,Flemington (AUS) 7th Mar,R10 2000m Hcap,07-03-2026 06:35,40786515,5. Desert Hero,0,17.74533825,20.4302,11.5707,29.00,15.48,50.00,18.00,21233.75,10681.45,3827.98
254826317,Corowa (AUS) 7th Mar,R5 1300m Hcap,07-03-2026 04:36,86387998,3. Brutal Eyes,0,7.60276631,5.9951,3.6098,1.00,1001.00,4.50,4.10,1933.68,380.11,1086.38
254828996,Towong (AUS) 7th Mar,R7 1400m Hcap,07-03-2026 06:05,2980780,1. Gargantuan,0,6.15726189,4.4948,4.2694,6.46,5.54,7.00,5.70,2081.29,1567.18,514.11
254869457,Menangle (AUS) 7th Mar,R2 1609m Pace M,07-03-2026 07:52,3283947,9. Whereswally,0,190.00000000,195.8650,155.1704,310.00,120.00,1.00,1001.00,172.20,135.00,17.56
254831088,Toowoomba (AUS) 7th Mar,R6 1890m Mdn,07-03-2026 09:15,71939990,9. Preachabull,0,30.98540556,10.4799,8.7528,32.00,32.00,1.00,1001.00,1131.01,837.94,293.07
254828982,Towong (AUS) 7th Mar,R5 1400m Mdn,07-03-2026 04:58,72479371,7. Midnight Eagle,0,8.20000000,7.8978,6.1379,8.20,7.40,7.20,7.20,2031.19,1119.46,375.18
254869460,Menangle (AUS) 7th Mar,R3 1609m Pace M,07-03-2026 08:30,2169888,9. Message Bank,0,31.71115533,24.6451,23.5279,29.00,24.00,1.00,1001.00,583.54,527.47,56.07
254858836,Melton (AUS) 7th Mar,R3 2240m Pace M,07-03-2026 08:37,81478671,9. In An Ideal World,0,4.10000000,4.2740,3.6962,4.40,4.20,1.00,1001.00,2668.26,1800.57,362.65
254829018,Gold Coast (AUS) 7th Mar,R5 1100m Mdn,07-03-2026 05:24,95919402,6. Power And War,0,6.46000000,4.5285,4.0753,7.98,7.03,1.00,1001.00,10798.11,8453.73,2344.38
254831378,Edenhope (AUS) 7th Mar,R4 1200m Hcap,07-03-2026 03:54,78464556,5. The Mount,0,5.50000000,5.2823,3.4128,5.90,4.40,1.00,1001.00,5183.35,2141.25,832.84
254831247,Hawkesbury (AUS) 7th Mar,R3 2000m Mdn,07-03-2026 03:35,95918956,4. Awesome Artist,0,14.16571027,10.3604,8.6373,18.50,13.50,1.00,1001.00,2022.54,1604.50,418.04
254776808,Murray Bridge (AUS) 7th Mar,R10 1800m Hcap,07-03-2026 06:48,3110852,14. Rubini,0,47.96146906,22.3900,17.8962,60.00,30.00,1.00,1001.00,3454.36,2626.84,827.52
254858833,Melton (AUS) 7th Mar,R2 1720m Pace M,07-03-2026 08:00,67361951,1. Eastbro Chrissy,0,9.66887821,9.3522,8.0017,10.50,8.20,1.00,1001.00,1450.10,1134.24,125.16
254780722,Bunbury (AUS) 7th Mar,R8 2000m Cup,07-03-2026 08:53,653115,2. Fear The Wind,0,80.82814218,83.3781,52.8534,110.00,60.00,85.00,80.00,1643.53,996.46,252.85
254822602,Gunnedah (AUS) 7th Mar,R2 1000m Mdn,07-03-2026 03:08,28334556,6. Akuma,0,12.00000000,10.8181,7.2886,11.00,10.50,1.00,1001.00,918.98,489.40,180.56
254828996,Towong (AUS) 7th Mar,R7 1400m Hcap,07-03-2026 06:05,62393543,11. Surreal Winston,0,78.23282231,29.6608,27.3468,110.77,55.38,40.00,40.00,197.50,133.09,64.41
254828989,Towong (AUS) 7th Mar,R6 1600m Hcap,07-03-2026 05:32,94181847,10. Lord Chapel,0,410.00000000,482.5118,232.5283,710.00,230.00,130.00,60.00,346.55,145.66,146.35
254828975,Towong (AUS) 7th Mar,R4 1200m Hcap,07-03-2026 04:23,52936063,1. Belmasai,1,5.54882509,3.3501,2.7870,5.90,5.00,1.00,1001.00,4915.89,3257.65,1658.24
254858851,Melton (AUS) 7th Mar,R8 2240m Pace M,07-03-2026 11:33,52621804,5. Mikispur,0,70.00000000,74.6855,35.5909,110.00,36.00,1.00,1001.00,17.80,115.01,102.56
254775667,Eagle Farm (AUS) 7th Mar,R9 1200m CL6,07-03-2026 07:11,85250599,1. Millane,0,27.00000000,27.7863,14.9724,32.00,20.00,1.00,1001.00,6026.07,3002.08,1015.97
254780512,Randwick (AUS) 7th Mar,R4 1200m Grp2,07-03-2026 03:15,2597335,3. Incognito,0,26.35425213,19.7812,18.3316,34.00,16.00,1000.00,21.00,6980.54,6056.71,923.83
254873025,Narrogin (AUS) 7th Mar,R3 1823m Pace M,07-03-2026 10:57,77341541,10. Allwoods Chevron,0,50.00000000,26.1368,28.5065,1.00,1001.00,1.00,1001.00,43.67,42.51,16.37
254858876,Albion Park (AUS) 7th Mar,R8 1660m Pace M,07-03-2026 11:38,48920020,6. Ohana Dancer,0,102.05791640,95.6474,1.0000,160.00,75.00,1.00,1001.00,0.00,52.80,25.16
254780704,Bunbury (AUS) 7th Mar,R6 1200m 3yo,07-03-2026 07:42,86555409,1. Country God,0,11.50000000,10.1557,7.4051,13.00,9.20,17.00,17.00,13667.98,9366.78,1641.25
254775649,Eagle Farm (AUS) 7th Mar,R7 1600m 3yo,07-03-2026 05:47,95880805,13. Heroic Talent,0,460.76163647,577.4899,332.4543,970.00,270.00,1.00,1001.00,429.76,237.70,79.47
254776772,Murray Bridge (AUS) 7th Mar,R6 1400m Hcap,07-03-2026 04:21,84182731,7. Zebella,0,21.75679041,23.6345,8.3983,27.00,21.00,1.00,1001.00,4963.96,1520.17,1211.34
254816324,Alice Springs (AUS) 7th Mar,R2 1200m Hcap,07-03-2026 02:53,11792645,1. Suits,0,4.20000000,4.1096,3.1294,4.40,3.70,1.00,1001.00,7388.73,4226.23,1967.21
254822611,Gunnedah (AUS) 7th Mar,R5 1250m Hcap,07-03-2026 04:53,5268785,7. Our Warrior,0,8.11832404,4.6712,4.0068,7.40,7.40,4.40,4.40,1695.06,1087.78,607.28
254873635,Menangle (AUS) 7th Mar,R10 2300m Trot M,07-03-2026 12:15,407545,7. Constantinople,0,7.60000000,6.6661,1.0000,7.20,6.20,1.00,1001.00,0.00,1145.96,534.24
254829010,Gold Coast (AUS) 7th Mar,R3 1200m Hcap,07-03-2026 04:18,70170270,6. Hulkamania,0,13.66943060,14.9259,7.9737,17.50,12.00,12.50,12.50,4491.19,1941.53,898.15
254831371,Edenhope (AUS) 7th Mar,R3 1200m Mdn,07-03-2026 03:19,95919102,10. Noddys Girl,0,150.00000000,73.2049,56.2569,400.00,120.00,1.00,1001.00,889.14,674.25,214.89
254831244,Hawkesbury (AUS) 7th Mar,R2 1300m Mdn,07-03-2026 03:00,95918954,12. Not So Casual,0,320.00000000,222.8195,147.5422,670.00,120.00,170.00,70.00,225.13,140.25,45.86
254776532,Flemington (AUS) 7th Mar,R8 1600m Grp3,07-03-2026 05:15,62840292,9. Until Valhalla,0,45.71961778,26.2177,21.4134,70.00,23.00,40.00,21.00,9287.72,7266.43,2021.29
254858833,Melton (AUS) 7th Mar,R2 1720m Pace M,07-03-2026 08:00,51241896,9. Blake Bolac,0,14.00000000,11.9143,10.0053,15.00,10.00,50.00,50.00,1730.04,1299.66,222.46
254831259,Hawkesbury (AUS) 7th Mar,R7 1800m Hcap,07-03-2026 06:00,95918969,7. Noises,0,13.95504810,9.7622,9.1956,18.50,11.50,1.00,1001.00,3658.53,3140.41,518.12
254869476,Menangle (AUS) 7th Mar,R8 1609m Pace M,07-03-2026 11:15,17869483,8. Firestorm Red,0,13.00000000,11.6669,8.2719,12.50,10.50,1.00,1001.00,8.28,691.57,145.66
254776745,Murray Bridge (AUS) 7th Mar,R3 1000m Mdn,07-03-2026 02:36,95879855,12. Juxtapose,0,4.50000000,3.2918,2.9835,4.50,3.70,1.00,1001.00,26381.91,21764.88,4617.03
254828954,Towong (AUS) 7th Mar,R1 940m Mdn,07-03-2026 02:38,95919329,10. Take A Minute,0,21.36552825,13.6776,12.5315,25.00,20.00,1.00,1001.00,1250.14,1100.57,149.57
254780659,Bunbury (AUS) 7th Mar,R1 1200m 2yo,07-03-2026 04:27,95881204,5. Mind Heist,0,180.00000000,140.1395,50.4869,170.00,48.00,1.00,1001.00,775.78,251.92,183.18
254780512,Randwick (AUS) 7th Mar,R4 1200m Grp2,07-03-2026 03:15,95879040,8. Wolf Gap,0,7.22146807,6.1697,5.9606,11.67,6.40,1000.00,9.40,15837.24,14046.51,1790.73
254858876,Albion Park (AUS) 7th Mar,R8 1660m Pace M,07-03-2026 11:38,67267387,7. Missed Consequences,0,28.65640732,32.9389,1.0000,48.00,30.00,1.00,1001.00,0.00,191.73,144.99
254858845,Melton (AUS) 7th Mar,R6 1720m Pace M,07-03-2026 10:20,72356192,3. Jilliby Nitro,0,9.47526509,10.9711,8.5556,13.50,8.60,1.00,1001.00,4969.96,3571.18,527.34
254776541,Flemington (AUS) 7th Mar,R9 1200m Grp1,07-03-2026 05:55,95880782,15. Pallaton,0,34.44475284,41.2484,24.2976,75.00,25.77,38.00,30.00,14491.57,8118.27,2329.66
254822617,Gunnedah (AUS) 7th Mar,R7 1000m Hcap,07-03-2026 06:09,95919144,11. Northern Boogie,0,15.99359683,14.3307,8.0879,1.00,1001.00,1.00,1001.00,344.40,101.43,88.46
254873022,Narrogin (AUS) 7th Mar,R2 1823m Pace M,07-03-2026 10:25,18718619,5. Sports Central,0,65.00760122,63.8091,35.3874,70.00,55.00,1.00,1001.00,125.12,68.31,24.59
254831392,Edenhope (AUS) 7th Mar,R6 1450m Hcap,07-03-2026 05:04,54403167,4. Aussie Pharoah,0,4.45684482,5.1593,2.4451,4.90,4.50,5.10,4.00,6968.28,1753.69,2184.66
254831385,Edenhope (AUS) 7th Mar,R5 1000m Hcap,07-03-2026 04:29,62432532,10. Just Wai,0,13.61983131,15.6625,8.5353,25.00,15.00,1.00,1001.00,2022.77,962.51,420.50
254831259,Hawkesbury (AUS) 7th Mar,R7 1800m Hcap,07-03-2026 06:00,95918972,13. Think Were There,0,9.42905242,6.2867,5.7217,10.00,7.60,1.00,1001.00,6556.87,5601.81,955.06
254776772,Murray Bridge (AUS) 7th Mar,R6 1400m Hcap,07-03-2026 04:21,83050182,8. Florey,0,2.97165768,3.0635,2.2843,3.15,2.82,2.76,2.76,30041.65,15591.06,5886.36
254776736,Murray Bridge (AUS) 7th Mar,R2 1400m Hcap,07-03-2026 01:57,95879850,6. Right Of Veto,0,3.91333727,2.8988,2.8482,4.20,3.00,7.80,4.40,19596.09,16021.98,3574.11
254776727,Murray Bridge (AUS) 7th Mar,R1 1400m CL2,07-03-2026 01:25,95879849,5. Rikki Rikkardo,0,23.00000000,12.6504,10.7789,29.00,20.00,27.00,24.00,2657.62,2021.69,635.93
254776514,Flemington (AUS) 7th Mar,R6 1400m Grp2,07-03-2026 04:05,95880769,2. Eurocanto,0,23.00000000,15.2204,13.5273,26.49,17.00,1.00,1001.00,13645.06,11838.86,1806.20
254776487,Flemington (AUS) 7th Mar,R3 1000m Grp3,07-03-2026 02:20,95880765,8. Jadzia,0,11.50000000,11.4512,5.9383,13.50,7.60,770.00,10.00,20225.66,9233.28,4234.01
254776478,Flemington (AUS) 7th Mar,R2 1100m Hcap,07-03-2026 01:45,82857607,9. Verdoux,1,4.90000000,5.3062,2.5217,6.27,4.90,3.90,1.01,62227.57,20884.87,23862.76
254816321,Alice Springs (AUS) 7th Mar,R1 1200m Hcap,07-03-2026 02:22,2207280,5. Jamaican Gold,0,14.50000000,13.0978,9.0378,13.00,13.00,1.00,1001.00,404.63,170.95,111.79
254869476,Menangle (AUS) 7th Mar,R8 1609m Pace M,07-03-2026 11:15,92420029,12. The Greek General,0,175.78013136,140.4750,47.9952,210.00,90.00,1.00,1001.00,0.24,66.32,40.03
254869473,Menangle (AUS) 7th Mar,R7 1609m Pace M,07-03-2026 10:45,86936326,9. Final Deadline,0,66.42653681,54.5493,30.1909,85.00,42.00,1.00,1001.00,398.47,186.69,90.00
254780659,Bunbury (AUS) 7th Mar,R1 1200m 2yo,07-03-2026 04:27,95881202,2. Our Mane Man,0,18.00080841,17.1251,14.5498,80.00,15.00,1.00,1001.00,3009.12,2355.16,213.74
254822611,Gunnedah (AUS) 7th Mar,R5 1250m Hcap,07-03-2026 04:53,6305572,9. Age Of Aquarius,0,7.45242582,4.8014,3.9744,7.20,6.20,1.00,1001.00,2621.39,1998.27,623.12
254873019,Narrogin (AUS) 7th Mar,R1 1823m Pace M,07-03-2026 09:57,3595057,2. Bifocal,0,385.35452789,158.9837,110.2650,1000.00,80.00,1.00,1001.00,115.35,62.05,17.17
254869479,Menangle (AUS) 7th Mar,R9 1609m Pace M,07-03-2026 11:45,95811361,1. Pretty Privilege,0,48.00000000,42.0029,1.0000,48.00,38.00,1.00,1001.00,0.00,63.98,68.27
254869473,Menangle (AUS) 7th Mar,R7 1609m Pace M,07-03-2026 10:45,73721600,1. Double Lou,0,55.00000000,54.7449,30.0401,85.00,48.00,1.00,1001.00,472.06,247.63,69.64
254829026,Gold Coast (AUS) 7th Mar,R7 1400m CL4,07-03-2026 06:44,71082729,13. Neoclassicism,0,210.00000000,165.7411,81.0155,210.00,100.00,1.00,1001.00,571.98,267.34,121.28
254829010,Gold Coast (AUS) 7th Mar,R3 1200m Hcap,07-03-2026 04:18,50931156,5. Heroic Miss,0,10.50000000,9.4372,6.6886,10.50,7.60,1.00,1001.00,3933.47,2401.94,503.87
254873034,Narrogin (AUS) 7th Mar,R6 1823m Pace M,07-03-2026 12:30,78237324,7. Rocknroll Jewel,0,245.26505871,289.3203,1.0000,310.00,240.00,1.00,1001.00,0.00,12.40,10.62
254831256,Hawkesbury (AUS) 7th Mar,R6 1300m CL1,07-03-2026 05:20,87206488,3. Senjutsu,0,2.20904423,2.0992,1.9381,2.88,2.12,1.00,1001.00,52570.11,43826.96,8743.15
254780503,Randwick (AUS) 7th Mar,R3 1200m Grp2,07-03-2026 02:40,95879031,1. Agrarian Girl,0,2.86000000,2.6495,2.4859,3.50,2.74,3.20,2.20,53254.91,43528.16,9726.75
254776532,Flemington (AUS) 7th Mar,R8 1600m Grp3,07-03-2026 05:15,93826998,12. Butternut Princess,0,13.50000000,7.9934,6.9172,15.00,11.50,13.00,12.50,27697.60,22233.44,5464.16
254858873,Albion Park (AUS) 7th Mar,R7 1660m Pace M,07-03-2026 11:04,74901142,3. Tiger Shirl,0,100.00000000,112.1471,110.9924,120.00,100.00,1.00,1001.00,4.43,39.30,37.29
254831244,Hawkesbury (AUS) 7th Mar,R2 1300m Mdn,07-03-2026 03:00,95918947,3. Auditory,0,4.91197414,4.9709,3.7327,5.50,4.30,1.00,1001.00,9511.34,5592.64,1654.03
254780722,Bunbury (AUS) 7th Mar,R8 2000m Cup,07-03-2026 08:53,95881232,12. Rudhyar,0,140.00000000,120.4639,77.2654,150.00,50.00,1.00,1001.00,1140.56,698.65,147.21
254775649,Eagle Farm (AUS) 7th Mar,R7 1600m 3yo,07-03-2026 05:47,93496865,3. Be Bob Aloola,0,108.51863225,125.1016,34.3980,180.00,70.00,170.00,130.00,2573.74,597.26,655.86
254775604,Eagle Farm (AUS) 7th Mar,R2 2412m Hcap,07-03-2026 02:48,22895241,5. Mr Oreilly,0,3.75507189,3.8436,2.0695,4.20,3.15,14.50,3.90,47245.91,14725.12,12937.77
254780530,Randwick (AUS) 7th Mar,R6 1600m Grp3,07-03-2026 04:25,68931114,7. Polymnia,0,11.00000000,8.9524,7.8509,13.50,10.50,1.00,1001.00,11374.64,9391.48,1983.16
254776505,Flemington (AUS) 7th Mar,R5 1600m Grp2,07-03-2026 03:30,83984556,5. Pillow Fight,0,20.00000000,12.4043,10.9146,21.00,11.50,15.00,8.40,25153.49,21051.93,4101.56
254826320,Corowa (AUS) 7th Mar,R6 1600m Cup,07-03-2026 05:11,46675579,5. Mathrin,0,20.00000000,20.4241,13.7470,23.00,21.00,1.00,1001.00,1203.22,691.70,221.65
254873034,Narrogin (AUS) 7th Mar,R6 1823m Pace M,07-03-2026 12:30,85482998,1. Rocknroll Dilinger,0,44.00000000,38.3671,1.0000,46.00,32.00,16.00,12.00,0.00,132.72,441.70
254858858,Albion Park (AUS) 7th Mar,R2 2138m Pace M,07-03-2026 08:12,37047771,8. Congo Line,0,20.89084950,17.7081,13.5901,20.00,14.50,1.00,1001.00,966.07,665.63,152.65
254858833,Melton (AUS) 7th Mar,R2 1720m Pace M,07-03-2026 08:00,38859051,2. Hittheroadjack,0,154.65604628,159.9424,70.3904,250.00,110.00,280.00,280.00,119.67,48.99,28.23
254831392,Edenhope (AUS) 7th Mar,R6 1450m Hcap,07-03-2026 05:04,2503064,5. Black Cherry,0,28.00000000,24.5739,10.1460,25.00,25.00,1.00,1001.00,322.67,87.94,66.48
254873022,Narrogin (AUS) 7th Mar,R2 1823m Pace M,07-03-2026 10:25,93829590,6. Down Tennessee,0,230.29096787,230.6165,147.0232,270.00,150.00,1.00,1001.00,72.23,41.82,11.14
254858851,Melton (AUS) 7th Mar,R8 2240m Pace M,07-03-2026 11:33,36087635,1. Asmileandawinx,0,32.40619775,43.4840,33.9981,48.00,44.00,1.00,1001.00,1.04,137.39,107.36
254831259,Hawkesbury (AUS) 7th Mar,R7 1800m Hcap,07-03-2026 06:00,95918971,12. Gallahop,0,110.00000000,66.2074,55.8832,120.00,60.00,1.00,1001.00,763.60,637.34,126.26
254780485,Randwick (AUS) 7th Mar,R1 1600m Hcap,07-03-2026 01:30,95879024,7. Kingston Charm,0,15.06292006,12.4542,10.2077,15.50,10.00,38.00,38.00,8596.10,5701.01,695.56
254858876,Albion Park (AUS) 7th Mar,R8 1660m Pace M,07-03-2026 11:38,4385353,1. Sweet Addition,0,11.00000000,9.8819,1.0000,10.00,9.20,1.00,1001.00,0.00,1072.50,195.35
254858855,Albion Park (AUS) 7th Mar,R1 2138m Pace M,07-03-2026 07:37,41075263,1. Rock Hammer,0,50.00000000,35.6209,29.8628,55.00,40.00,1.00,1001.00,577.18,438.47,138.71
254829014,Gold Coast (AUS) 7th Mar,R4 1000m Mdn,07-03-2026 04:52,95919395,10. Miss Wildcat,0,29.25975602,26.1231,13.1380,29.00,24.00,1.00,1001.00,2247.11,1009.73,598.67
254775640,Eagle Farm (AUS) 7th Mar,R6 1600m CL6,07-03-2026 05:08,2049642,6. Rezone,0,4.80000000,3.1705,2.8580,5.10,4.20,100.00,3.85,28669.12,21129.23,7539.89
254776790,Murray Bridge (AUS) 7th Mar,R8 1200m Hcap,07-03-2026 05:28,95879876,9. Ashen Glow,0,884.00702208,819.2714,340.8541,1000.00,210.00,620.00,620.00,137.31,51.66,44.69
254776727,Murray Bridge (AUS) 7th Mar,R1 1400m CL2,07-03-2026 01:25,72583859,6. Normie No Show,0,70.00000000,24.8411,20.0564,85.00,48.00,65.00,65.00,1796.59,1336.91,459.68
254828982,Towong (AUS) 7th Mar,R5 1400m Mdn,07-03-2026 04:58,79293777,4. Left On Read,1,2.79518443,2.7028,1.7900,2.30,2.30,1.50,1.50,8378.62,3253.27,2612.67
254776799,Murray Bridge (AUS) 7th Mar,R9 1100m Hcap,07-03-2026 06:07,77999854,7. Dobbinair,0,10.46309703,11.0711,4.4928,12.00,10.00,24.00,11.50,15739.75,4857.87,3606.78
254780512,Randwick (AUS) 7th Mar,R4 1200m Grp2,07-03-2026 03:15,95879041,9. Nomadic,0,166.13739236,235.0379,197.4747,900.00,130.00,1000.00,1000.00,930.29,771.02,159.27
254816333,Alice Springs (AUS) 7th Mar,R5 1600m Hcap,07-03-2026 04:35,62633158,2. Bodmin Boy,0,9.48909444,7.0692,6.7474,1.00,1001.00,30.00,30.00,1835.18,1520.11,315.07
254780668,Bunbury (AUS) 7th Mar,R2 1200m Hcap,07-03-2026 05:02,93240257,7. Fantaxtic,1,23.78465933,21.6397,14.4978,26.00,20.00,1.00,1001.00,1271.39,736.56,235.95
254858879,Albion Park (AUS) 7th Mar,R9 1660m Pace M,07-03-2026 12:07,73759265,8. Mary Anne Rose,0,8.80000000,7.7395,1.0000,9.00,7.20,1.00,1001.00,0.00,1963.61,1014.66
254831076,Toowoomba (AUS) 7th Mar,R3 2000m Hcap,07-03-2026 07:30,28266519,6. Proclaimer,0,17.50000000,10.0107,8.5997,19.00,17.00,16.00,16.00,2855.27,2185.28,669.99
254831241,Hawkesbury (AUS) 7th Mar,R1 1100m Mdn,07-03-2026 02:25,95918942,7. Thunder Lights,0,14.62033268,14.1456,9.0527,15.50,14.00,1.00,1001.00,2461.06,1322.27,408.05
254776781,Murray Bridge (AUS) 7th Mar,R7 1200m Hcap,07-03-2026 04:56,50880085,13. Sabermetric,0,131.18408612,113.5726,95.6301,210.00,120.00,1.00,1001.00,644.48,537.43,107.05
254858861,Albion Park (AUS) 7th Mar,R3 1660m Pace M,07-03-2026 08:48,37081751,9. Allmighty Max,0,419.22771332,382.0830,192.5166,740.00,140.00,1.00,1001.00,58.55,28.98,10.93
254831250,Hawkesbury (AUS) 7th Mar,R4 1500m CL1,07-03-2026 04:10,82640772,9. Flying Chevrolet,0,85.00000000,91.6562,41.1494,95.00,85.00,1.00,1001.00,317.64,109.14,75.37
254776550,Flemington (AUS) 7th Mar,R10 2000m Hcap,07-03-2026 06:35,80679068,8. Litzdeel,0,11.91059896,15.1495,8.1597,17.50,10.27,50.00,8.80,28736.50,13239.19,5534.53
254858858,Albion Park (AUS) 7th Mar,R2 2138m Pace M,07-03-2026 08:12,24131867,4. Deus Ex,0,23.44753340,14.5529,12.9833,44.00,9.20,110.00,55.00,2097.89,1567.08,234.59
254831084,Toowoomba (AUS) 7th Mar,R5 1100m Mdn,07-03-2026 08:42,95621003,7. Turf Gazette,0,9.80144516,4.8731,4.1647,11.00,6.80,1.00,1001.00,7555.47,5902.60,1652.87
254780695,Bunbury (AUS) 7th Mar,R5 1200m Hcap,07-03-2026 07:03,66332050,8. Kamakazi Shooter,0,34.87782772,28.6177,12.3278,34.00,25.00,44.00,40.00,2546.38,906.35,485.82
254776745,Murray Bridge (AUS) 7th Mar,R3 1000m Mdn,07-03-2026 02:36,1075244,5. Marcel,0,360.00000000,198.3759,149.0719,540.00,230.00,1.00,1001.00,397.61,292.24,105.37
254826317,Corowa (AUS) 7th Mar,R5 1300m Hcap,07-03-2026 04:36,5427453,6. Washington,1,4.06667795,5.0130,2.0737,4.80,4.60,1.00,1001.00,4103.74,702.61,2046.04
254828961,Towong (AUS) 7th Mar,R2 940m Hcap,07-03-2026 03:13,89391925,7. Noci Di Cocco,0,12.50000000,12.4693,5.5377,14.00,10.50,4.40,3.00,1396.28,403.66,464.48
254858855,Albion Park (AUS) 7th Mar,R1 2138m Pace M,07-03-2026 07:37,68685284,3. Prince Of Pain,0,17.93019608,11.4265,10.3640,17.00,12.00,1.00,1001.00,1342.68,1069.49,273.19
254780704,Bunbury (AUS) 7th Mar,R6 1200m 3yo,07-03-2026 07:42,95881221,6. Gods Cross,0,19.50000000,21.5824,10.8829,25.00,18.00,1.00,1001.00,5930.42,2446.46,1218.93
254780677,Bunbury (AUS) 7th Mar,R3 1675m Hcap,07-03-2026 05:43,83837867,6. Shamilian Miss,0,21.00000000,16.7487,10.5241,21.00,13.00,1.00,1001.00,4402.75,2541.96,583.64
254780677,Bunbury (AUS) 7th Mar,R3 1675m Hcap,07-03-2026 05:43,95881214,11. My Authoritah,0,3.73196547,3.4224,2.7116,3.85,2.78,1.00,1001.00,30882.94,20608.89,3477.53
254775649,Eagle Farm (AUS) 7th Mar,R7 1600m 3yo,07-03-2026 05:47,95301727,7. Illtellyoutonight,0,30.34852219,32.6898,15.0417,38.00,29.00,1.00,1001.00,4718.12,2035.76,970.33
254780530,Randwick (AUS) 7th Mar,R6 1600m Grp3,07-03-2026 04:25,93022237,4. Kind Words,0,38.00000000,26.1711,21.5526,44.00,29.00,36.00,36.00,5084.75,4037.37,1047.38
254776514,Flemington (AUS) 7th Mar,R6 1400m Grp2,07-03-2026 04:05,94984999,1. Zambales,0,1.65000000,1.6110,1.5616,1.87,1.48,1.79,1.34,236831.17,210832.91,25998.26
254776487,Flemington (AUS) 7th Mar,R3 1000m Grp3,07-03-2026 02:20,95880761,2. Medicinal,1,1.83000000,1.9739,1.8018,2.78,1.83,1.89,1.72,229616.36,182843.57,19650.55
254858870,Albion Park (AUS) 7th Mar,R6 1660m Pace M,07-03-2026 10:29,51150122,1. Tiger Band Wagon,1,10.50000000,9.4029,4.6984,11.00,10.00,6.80,6.80,2964.30,1134.18,1830.12
254858833,Melton (AUS) 7th Mar,R2 1720m Pace M,07-03-2026 08:00,86893582,3. Rolinginthedeep,1,1.73000000,1.8159,1.6317,2.10,1.81,1.73,1.73,21129.32,14423.86,3890.96
254780659,Bunbury (AUS) 7th Mar,R1 1200m 2yo,07-03-2026 04:27,95881205,6. Dixie Doo,0,7.80000000,6.8043,4.5953,8.80,5.80,6.80,6.80,13321.83,7935.70,2051.73
254858830,Melton (AUS) 7th Mar,R1 2240m Pace M,07-03-2026 07:25,24423662,11. Royal Appointment,0,13.00000000,13.3206,12.4488,18.00,18.00,1.00,1001.00,1276.18,1119.59,156.59
254780485,Randwick (AUS) 7th Mar,R1 1600m Hcap,07-03-2026 01:30,59383381,6. Etched In Time,0,21.50385554,22.5767,7.9772,24.00,20.00,1.00,1001.00,5997.78,1699.42,1811.58
254776469,Flemington (AUS) 7th Mar,R1 1100m 3yo,07-03-2026 01:15,79524567,3. Burma Star,0,10.71288435,6.5575,5.7732,11.00,8.60,8.60,8.60,21898.17,18168.57,3729.60
254869479,Menangle (AUS) 7th Mar,R9 1609m Pace M,07-03-2026 11:45,95811368,8. Playboy Rocky,0,170.00000000,107.2487,1.0000,140.00,90.00,240.00,240.00,0.00,48.71,32.38
254831406,Edenhope (AUS) 7th Mar,R8 2000m Cup,07-03-2026 06:11,42464135,2. Ashy Boy,0,28.12625002,30.2096,20.8102,32.00,29.00,25.00,25.00,1405.27,769.01,169.67
254858830,Melton (AUS) 7th Mar,R1 2240m Pace M,07-03-2026 07:25,50160743,1. Vincenzo,0,2.98000000,2.5507,2.3887,3.30,2.84,1.00,1001.00,9503.62,7975.38,1528.24
254831088,Toowoomba (AUS) 7th Mar,R6 1890m Mdn,07-03-2026 09:15,95919755,4. Rubos,0,330.00000000,147.6891,113.3578,750.00,300.00,650.00,650.00,152.98,112.44,40.54
254831253,Hawkesbury (AUS) 7th Mar,R5 1100m Hcap,07-03-2026 04:45,2111486,3. Denial,0,29.00000000,15.2469,12.4161,30.00,23.00,1.00,1001.00,1678.17,1267.58,410.59
254780713,Bunbury (AUS) 7th Mar,R7 1400m Listed,07-03-2026 08:20,66543566,1. Bustler,0,37.97977048,42.6963,21.6946,50.00,34.00,36.00,36.00,2785.36,1299.13,527.97
254776736,Murray Bridge (AUS) 7th Mar,R2 1400m Hcap,07-03-2026 01:57,92743487,5. Hysterical Lady,0,5.50000000,3.7210,3.4662,5.40,5.10,1.00,1001.00,8552.65,7119.75,1432.90
254780539,Randwick (AUS) 7th Mar,R7 1000m Grp2,07-03-2026 05:00,40447133,2. Mazu,0,9.40000000,9.8737,8.2851,12.50,9.40,1.00,1001.00,20546.49,16546.07,1826.21
254826317,Corowa (AUS) 7th Mar,R5 1300m Hcap,07-03-2026 04:36,81848034,1. Daze Off,0,6.59050425,6.0405,5.4183,6.00,5.80,34.00,34.00,1536.66,780.83,211.07
254828954,Towong (AUS) 7th Mar,R1 940m Mdn,07-03-2026 02:38,94447753,4. Safe And Warm,0,260.00000000,141.3712,94.4846,300.00,80.95,140.00,110.00,292.77,180.98,111.79
254873019,Narrogin (AUS) 7th Mar,R1 1823m Pace M,07-03-2026 09:57,6067697,6. Lady Em,0,65.00000000,54.1250,29.4316,65.00,40.00,1.00,1001.00,279.99,131.92,66.69
254873635,Menangle (AUS) 7th Mar,R10 2300m Trot M,07-03-2026 12:15,39519572,4. Rakero Blaze,0,216.04107762,76.1496,1.0000,790.00,48.00,550.00,240.00,0.00,162.72,74.05
254869467,Menangle (AUS) 7th Mar,R5 1609m Pace M,07-03-2026 09:41,39989821,3. Speak The Truth,0,38.00000000,39.4782,22.4703,100.00,32.00,44.00,44.00,667.72,311.81,141.80
254869457,Menangle (AUS) 7th Mar,R2 1609m Pace M,07-03-2026 07:52,95811353,7. Soho Washington,0,600.00000000,315.3853,248.7020,1000.00,110.00,1.00,1001.00,63.73,31.75,11.30
254829022,Gold Coast (AUS) 7th Mar,R6 1000m Hcap,07-03-2026 06:04,69932281,10. On The Target,1,5.04522644,3.9575,3.2126,6.00,5.90,1.00,1001.00,7450.34,5012.31,2438.03
254829010,Gold Coast (AUS) 7th Mar,R3 1200m Hcap,07-03-2026 04:18,42464080,3. Pivotal Motion,0,190.00000000,145.7841,53.8663,180.00,95.00,1.00,1001.00,353.85,115.22,99.51
254831250,Hawkesbury (AUS) 7th Mar,R4 1500m CL1,07-03-2026 04:10,95918962,2. Snitzel Dancer,1,3.54492047,3.7169,2.6327,3.95,3.00,1.00,1001.00,10311.94,5191.55,2654.02
254826317,Corowa (AUS) 7th Mar,R5 1300m Hcap,07-03-2026 04:36,68890870,7. King Czar,0,6.50168989,6.0898,4.1867,1.00,1001.00,4.00,4.00,1085.94,285.29,500.76
254826308,Corowa (AUS) 7th Mar,R2 1300m Mdn,07-03-2026 02:51,94182155,5. Early Edition,0,161.49787152,242.8377,73.2272,270.00,200.00,1.00,1001.00,109.23,26.70,18.69
254873025,Narrogin (AUS) 7th Mar,R3 1823m Pace M,07-03-2026 10:57,68900873,6. World Combination,0,8.67613941,5.8484,5.9349,1.00,1001.00,1.00,1001.00,746.33,738.54,140.61
254858867,Albion Park (AUS) 7th Mar,R5 1660m Pace M,07-03-2026 10:00,54187322,7. Soap Opera,0,44.85841715,48.1460,25.9539,60.00,42.00,1.00,1001.00,326.72,141.80,48.74
254869467,Menangle (AUS) 7th Mar,R5 1609m Pace M,07-03-2026 09:41,57848150,1. Don Hugo,0,3.68729094,4.0305,3.0840,4.10,3.90,1.00,1001.00,6946.23,3908.14,708.99
254776541,Flemington (AUS) 7th Mar,R9 1200m Grp1,07-03-2026 05:55,54138998,12. Sghirripa,0,190.00000000,233.3983,137.6070,500.00,114.52,990.00,20.00,3267.97,1778.44,526.39
254873025,Narrogin (AUS) 7th Mar,R3 1823m Pace M,07-03-2026 10:57,39810908,2. Batavia Streamline,0,6.60000000,6.1576,6.1875,6.60,6.00,1.00,1001.00,1326.92,1306.44,192.90
254858858,Albion Park (AUS) 7th Mar,R2 2138m Pace M,07-03-2026 08:12,837955,3. Royal Speech,0,44.00000000,45.0820,30.6342,70.00,40.00,1.00,1001.00,179.80,105.27,34.83
254858845,Melton (AUS) 7th Mar,R6 1720m Pace M,07-03-2026 10:20,27616449,6. Mach Dan,0,7.97605349,7.1714,6.0548,7.60,7.20,1.00,1001.00,2458.65,1808.71,368.42
254775658,Eagle Farm (AUS) 7th Mar,R8 1200m CL6,07-03-2026 06:27,50528733,10. Blue Spinel,1,8.60000000,7.8560,5.0906,8.80,7.20,7.40,1.42,14005.02,7144.73,4935.64
254775649,Eagle Farm (AUS) 7th Mar,R7 1600m 3yo,07-03-2026 05:47,860044,5. Duomo,0,27.70368214,30.8717,11.9345,40.00,26.00,1.00,1001.00,6753.58,2428.36,1457.21
254776745,Murray Bridge (AUS) 7th Mar,R3 1000m Mdn,07-03-2026 02:36,95879854,10. Gartmorns Girl,0,160.00000000,93.1515,72.0490,200.00,140.00,1.00,1001.00,708.22,530.22,178.00
254780485,Randwick (AUS) 7th Mar,R1 1600m Hcap,07-03-2026 01:30,74493886,3. Zenmaster,1,4.60745681,4.8302,3.8487,6.20,4.60,5.70,1.10,35399.47,24738.53,5623.26
254822599,Gunnedah (AUS) 7th Mar,R1 1300m Mdn,07-03-2026 02:33,95919123,4. Erniegy,0,2.24000000,2.2957,2.0818,2.34,1.82,380.00,1.50,13601.14,8431.82,3035.48
254828989,Towong (AUS) 7th Mar,R6 1600m Hcap,07-03-2026 05:32,782392,1. Copperfield,0,19.60069424,20.6728,9.1475,23.00,15.00,1.00,1001.00,1360.86,473.09,316.87
254873031,Narrogin (AUS) 7th Mar,R5 2242m Pace M,07-03-2026 11:53,28493776,6. Tux And Tails,0,15.02838071,15.5603,1.0000,17.50,14.50,1.00,1001.00,0.00,595.03,215.90
254831399,Edenhope (AUS) 7th Mar,R7 1850m Hcap,07-03-2026 05:39,59186854,9. Hasta La Prince,0,12.50000000,9.1422,8.3963,1.00,1001.00,1.00,1001.00,646.79,510.75,136.04
254775658,Eagle Farm (AUS) 7th Mar,R8 1200m CL6,07-03-2026 06:27,6565409,1. Gospel Girl,0,5.04478171,4.9221,2.6423,5.70,4.80,5.40,4.80,29717.38,10721.69,7345.78
254822611,Gunnedah (AUS) 7th Mar,R5 1250m Hcap,07-03-2026 04:53,47662679,1. Dao Sun,0,10.50000000,10.3716,9.8762,17.50,9.80,1.00,1001.00,3896.06,3663.97,232.09
254780686,Bunbury (AUS) 7th Mar,R4 2000m Hcap,07-03-2026 06:23,75046365,6. True Player,1,7.33370824,7.5089,5.3543,8.60,6.80,6.00,6.00,11782.36,7333.97,2423.98
254775658,Eagle Farm (AUS) 7th Mar,R8 1200m CL6,07-03-2026 06:27,82856377,2. Enterprise Lucia,0,20.09210535,23.3549,12.3956,34.00,14.50,22.00,21.00,11356.68,5414.63,2376.18
254780512,Randwick (AUS) 7th Mar,R4 1200m Grp2,07-03-2026 03:15,95879042,10. Seraphox,0,80.00000000,56.6701,51.0038,95.00,40.00,260.00,70.00,2346.55,2038.29,308.26
254780494,Randwick (AUS) 7th Mar,R2 2000m Listed,07-03-2026 02:05,49914893,6. Palmetto,0,11.00000000,8.7471,7.4249,13.50,10.00,50.00,50.00,11008.33,8712.88,2295.45
254873635,Menangle (AUS) 7th Mar,R10 2300m Trot M,07-03-2026 12:15,23505382,3. Sunny Gee,0,150.00000000,115.2400,1.0000,150.00,95.00,1.00,1001.00,0.00,56.35,45.52
254869476,Menangle (AUS) 7th Mar,R8 1609m Pace M,07-03-2026 11:15,52273162,6. Shazadele,0,13.86181932,16.2274,1.0000,16.00,15.50,1.00,1001.00,0.00,385.84,64.84
254775622,Eagle Farm (AUS) 7th Mar,R4 1400m Hcap,07-03-2026 03:58,58177084,4. Ocean Zar,0,19.40933689,12.4628,11.4109,19.50,14.00,1.00,1001.00,4198.19,3533.25,664.94
254780566,Randwick (AUS) 7th Mar,R10 1200m Grp3,07-03-2026 06:55,67477064,8. More Territories,0,42.26684970,37.0860,25.1790,50.00,25.00,30.00,30.00,7080.97,4679.93,895.78
254780557,Randwick (AUS) 7th Mar,R9 1300m Grp1,07-03-2026 06:15,95879052,8. Beiwacht,0,9.51962308,10.7523,8.7834,12.00,9.60,9.00,7.60,28844.54,22052.76,3295.93
254776487,Flemington (AUS) 7th Mar,R3 1000m Grp3,07-03-2026 02:20,95880763,5. Better Off Alone,0,15.50000000,15.2792,9.2809,23.28,12.00,15.00,15.00,13008.74,7352.78,2076.41
254826323,Corowa (AUS) 7th Mar,R7 1600m CL2,07-03-2026 05:50,65519902,16. Oh No George,0,343.09153214,89.8980,61.6794,410.00,240.00,1.00,1001.00,175.60,119.86,55.74
254776808,Murray Bridge (AUS) 7th Mar,R10 1800m Hcap,07-03-2026 06:48,76006230,13. Joviale,0,6.80000000,5.1599,4.9237,9.00,6.40,1.00,1001.00,10645.43,9136.52,1508.91
254776514,Flemington (AUS) 7th Mar,R6 1400m Grp2,07-03-2026 04:05,3687544,3. Diameter,0,27.99013626,12.6151,10.8308,30.00,17.00,100.00,20.00,10700.27,8676.39,2023.88
254831092,Toowoomba (AUS) 7th Mar,R7 1100m Hcap,07-03-2026 09:54,95579623,1. Trapeze Warrior,0,12.00000000,9.8076,7.3539,12.50,5.10,1000.00,1000.00,7682.24,5266.20,809.20
254776763,Murray Bridge (AUS) 7th Mar,R5 1100m 2yo,07-03-2026 03:46,90604282,10. Hellfire Jess,0,8.28808356,7.2064,4.7445,8.40,6.80,1.00,1001.00,16109.13,9317.99,2373.31
254776745,Murray Bridge (AUS) 7th Mar,R3 1000m Mdn,07-03-2026 02:36,92207047,9. Carpe Astra,1,4.54057818,3.2465,2.8960,4.90,4.30,4.30,4.30,21911.95,17666.17,4245.78
254780521,Randwick (AUS) 7th Mar,R5 1100m 3yo,07-03-2026 03:50,2416528,1. Hidden Motive,0,9.40195287,10.2604,7.5051,11.00,9.20,400.00,400.00,27088.33,17918.55,3968.12
254776496,Flemington (AUS) 7th Mar,R4 1400m Grp3,07-03-2026 02:55,442907,6. Pounding,0,63.36331932,35.2724,27.7651,120.00,44.00,100.00,40.00,5637.15,4188.77,1448.38
254826320,Corowa (AUS) 7th Mar,R6 1600m Cup,07-03-2026 05:11,72134241,7. Blazing Sword,1,3.95000000,3.8205,2.6565,4.10,3.65,2.10,2.10,8759.49,4700.56,2975.54
254822608,Gunnedah (AUS) 7th Mar,R4 1000m Hcap,07-03-2026 04:25,94735867,9. Spotted,0,23.59590169,24.7791,17.9109,1.00,1001.00,1.00,1001.00,185.46,93.46,24.06
254858876,Albion Park (AUS) 7th Mar,R8 1660m Pace M,07-03-2026 11:38,61076823,3. Hell Of A Hand,0,110.00000000,137.9466,1.0000,210.00,85.00,1.00,1001.00,0.00,122.98,44.65
254831399,Edenhope (AUS) 7th Mar,R7 1850m Hcap,07-03-2026 05:39,95620636,10. Alblazer,0,26.76015256,21.6443,20.1151,27.00,22.00,1.00,1001.00,855.42,768.89,86.53
254780695,Bunbury (AUS) 7th Mar,R5 1200m Hcap,07-03-2026 07:03,63027486,1. Zing To Win,0,46.00000000,36.2050,13.0623,44.00,30.00,1.00,1001.00,3184.83,999.33,823.60
254775604,Eagle Farm (AUS) 7th Mar,R2 2412m Hcap,07-03-2026 02:48,74814380,6. Aldeenaary,0,19.72816194,18.0458,10.0382,21.00,10.50,20.00,20.00,5464.53,2553.30,1137.32
254776736,Murray Bridge (AUS) 7th Mar,R2 1400m Hcap,07-03-2026 01:57,52148315,2. Nightsun,0,84.36105852,36.4047,28.5873,100.00,60.00,220.00,190.00,2918.44,2219.91,698.53
254780503,Randwick (AUS) 7th Mar,R3 1200m Grp2,07-03-2026 02:40,95228166,8. Naadra,0,7.67705107,5.2971,5.1109,9.00,5.60,5.80,5.80,15736.49,14013.73,1722.76
254822617,Gunnedah (AUS) 7th Mar,R7 1000m Hcap,07-03-2026 06:09,89391977,13. Dayu,0,36.00000000,30.9704,18.7307,34.00,29.00,1.00,1001.00,317.88,165.88,50.96
254869454,Menangle (AUS) 7th Mar,R1 1609m Pace M,07-03-2026 07:18,58973782,6. Our Goat,0,12.78835744,10.1024,8.8897,18.00,13.50,1.00,1001.00,1394.27,1091.54,302.73
254869454,Menangle (AUS) 7th Mar,R1 1609m Pace M,07-03-2026 07:18,65495278,3. Dom Toretto,0,188.98369301,70.7865,54.3606,300.00,150.00,1.00,1001.00,176.67,133.62,43.05
254831371,Edenhope (AUS) 7th Mar,R3 1200m Mdn,07-03-2026 03:19,80934013,1. Drumlargen,0,6.20759724,5.3710,5.0140,8.20,6.00,1.00,1001.00,10789.02,9651.58,1137.44
254831262,Hawkesbury (AUS) 7th Mar,R8 1400m CL5,07-03-2026 06:40,83080199,12. Me Me,0,180.24563461,127.8449,102.9715,320.00,110.00,1.00,1001.00,316.99,251.86,65.13
254822599,Gunnedah (AUS) 7th Mar,R1 1300m Mdn,07-03-2026 02:33,95919122,3. Satin Dragon,1,80.00000000,53.4981,26.4465,190.00,26.00,1.00,1001.00,2298.01,1000.95,1131.69
254780704,Bunbury (AUS) 7th Mar,R6 1200m 3yo,07-03-2026 07:42,95881223,9. Mr Kissinger,0,127.07036586,112.1573,48.6737,180.00,70.00,1.00,1001.00,1432.17,613.95,318.92
254776727,Murray Bridge (AUS) 7th Mar,R1 1400m CL2,07-03-2026 01:25,4377194,4. Elliotto,0,5.10000000,3.6114,3.4097,5.00,4.50,1.00,1001.00,6909.58,5883.20,1026.38
254816330,Alice Springs (AUS) 7th Mar,R4 1400m Hcap,07-03-2026 04:05,5121256,6. Verbosity,0,5.02043876,4.1785,4.0518,5.20,4.30,1.00,1001.00,2829.59,2572.65,256.94
254826311,Corowa (AUS) 7th Mar,R3 900m CL1,07-03-2026 03:26,76707909,7. Needawinna,0,40.00000000,36.5694,24.9353,70.00,26.00,1.00,1001.00,1039.90,675.34,170.28
254873034,Narrogin (AUS) 7th Mar,R6 1823m Pace M,07-03-2026 12:30,72643345,2. Watching Lippy,0,11.50000000,10.0732,1.0000,23.00,8.20,1.00,1001.00,0.00,2861.56,321.54
254869467,Menangle (AUS) 7th Mar,R5 1609m Pace M,07-03-2026 09:41,44537810,12. Captains Knock,0,55.00000000,58.2442,20.6556,95.00,48.00,1.00,1001.00,687.08,220.45,157.64
254869457,Menangle (AUS) 7th Mar,R2 1609m Pace M,07-03-2026 07:52,95811350,1. Eyeneedthat,0,75.00000000,64.6786,44.3392,85.00,48.00,1.00,1001.00,423.73,276.32,68.11
254858842,Melton (AUS) 7th Mar,R5 2240m Pace M,07-03-2026 09:49,68855646,7. Isthisjustfantasy,1,4.99632530,4.3470,3.2130,4.70,3.85,1.00,1001.00,7743.62,4868.51,1363.00
254776541,Flemington (AUS) 7th Mar,R9 1200m Grp1,07-03-2026 05:55,5558230,3. War Machine,0,15.00000000,15.4697,11.6115,19.50,14.00,15.00,9.60,30596.01,22147.52,2931.24
254873037,Narrogin (AUS) 7th Mar,R7 2242m Pace M,07-03-2026 13:05,92704558,8. Hes Formidable,0,170.00000000,192.8119,1.0000,300.00,150.00,1.00,1001.00,0.00,38.29,41.98
254776754,Murray Bridge (AUS) 7th Mar,R4 1200m Hcap,07-03-2026 03:11,75165546,5. I Am Piki,1,9.77744932,8.7854,5.4423,10.00,8.00,1.00,1001.00,10718.42,5937.44,2523.68
254822602,Gunnedah (AUS) 7th Mar,R2 1000m Mdn,07-03-2026 03:08,87205850,5. Airfield,0,4.30000000,5.3240,3.5727,6.80,4.80,2.36,2.36,2652.58,1259.37,779.62
254828954,Towong (AUS) 7th Mar,R1 940m Mdn,07-03-2026 02:38,92822561,2. Prandium Tempus,1,3.60615785,2.0878,1.8728,3.76,3.30,1.00,1001.00,20123.74,15625.14,4498.60
254869473,Menangle (AUS) 7th Mar,R7 1609m Pace M,07-03-2026 10:45,71992474,5. Seasider,0,399.46735431,461.9415,202.6513,1000.00,270.00,1.00,1001.00,55.81,23.62,11.98
254829018,Gold Coast (AUS) 7th Mar,R5 1100m Mdn,07-03-2026 05:24,90457151,5. Odins Mount,0,15.67500000,10.9670,10.6411,16.15,13.30,1.00,1001.00,2503.94,2222.91,281.03
254831364,Edenhope (AUS) 7th Mar,R2 1450m Mdn,07-03-2026 02:44,95919089,3. Wazza Breeze,0,134.66329556,129.0251,58.8116,320.00,100.00,130.00,130.00,895.32,380.92,200.60
254780713,Bunbury (AUS) 7th Mar,R7 1400m Listed,07-03-2026 08:20,95881228,13. Talkanco,0,3.00000000,2.9118,2.2687,3.05,2.66,3.40,2.50,37523.67,23471.52,6138.81
254780485,Randwick (AUS) 7th Mar,R1 1600m Hcap,07-03-2026 01:30,68124662,13. Sunsource,0,97.87075728,87.3365,44.3054,110.00,50.00,90.00,90.00,1174.15,571.85,242.53
254776514,Flemington (AUS) 7th Mar,R6 1400m Grp2,07-03-2026 04:05,5821014,5. Dr Hook,0,14.84969160,10.9783,9.9325,16.50,13.50,13.00,12.00,18528.29,16019.96,2508.33
254858864,Albion Park (AUS) 7th Mar,R4 2138m Trot M,07-03-2026 09:21,68417323,8. Ajay Volstead,0,3.35000000,3.4316,3.1261,3.85,3.25,20.00,20.00,4614.23,3093.07,841.69
254869457,Menangle (AUS) 7th Mar,R2 1609m Pace M,07-03-2026 07:52,785406,5. Nocturnal,0,80.00000000,100.8991,48.5551,240.00,80.00,100.00,32.00,239.50,91.98,60.47
254829022,Gold Coast (AUS) 7th Mar,R6 1000m Hcap,07-03-2026 06:04,75796466,4. Eagles Beware,0,14.52288630,9.0453,7.9374,14.00,13.00,400.00,400.00,2779.68,2104.78,674.90
254829002,Gold Coast (AUS) 7th Mar,R1 1000m Hcap,07-03-2026 03:07,68889982,3. Groove Jet,0,8.00000000,5.6301,5.4298,9.00,7.00,1.00,1001.00,3560.52,3198.04,362.48
254831371,Edenhope (AUS) 7th Mar,R3 1200m Mdn,07-03-2026 03:19,95919101,9. Saraya,0,20.80857316,14.0767,12.0883,25.00,19.00,1.00,1001.00,3133.91,2572.00,561.91
254873019,Narrogin (AUS) 7th Mar,R1 1823m Pace M,07-03-2026 09:57,95887299,9. I Am Rok,0,95.00000000,91.1655,43.9265,110.00,95.00,1.00,1001.00,117.98,49.45,28.66
254858873,Albion Park (AUS) 7th Mar,R7 1660m Pace M,07-03-2026 11:04,46863046,2. Miss Bay King Cole,0,130.00000000,125.8031,137.1594,130.00,110.00,1.00,1001.00,1.48,55.64,35.44
254869457,Menangle (AUS) 7th Mar,R2 1609m Pace M,07-03-2026 07:52,81489867,6. Rewatch,0,18.00000000,14.2317,9.5712,15.50,15.50,1.00,1001.00,1006.21,596.51,184.98
254831392,Edenhope (AUS) 7th Mar,R6 1450m Hcap,07-03-2026 05:04,62869154,10. Battlecruiser,0,25.78493617,30.6866,20.8755,34.00,25.00,1.00,1001.00,976.26,571.95,66.12
254780566,Randwick (AUS) 7th Mar,R10 1200m Grp3,07-03-2026 06:55,55457879,11. Asgarda,0,112.64426781,120.9827,70.8579,160.00,60.00,85.00,55.00,2204.44,1228.94,441.55
254776541,Flemington (AUS) 7th Mar,R9 1200m Grp1,07-03-2026 05:55,95880781,14. Wodeton,0,16.25972309,17.9629,13.5526,22.90,11.00,16.50,11.00,46844.71,33944.02,4778.19
254826311,Corowa (AUS) 7th Mar,R3 900m CL1,07-03-2026 03:26,94226369,6. Melodee Rose,0,2.23157897,2.5088,1.9735,2.86,2.38,2.46,2.46,11071.07,5407.28,2513.26
254869457,Menangle (AUS) 7th Mar,R2 1609m Pace M,07-03-2026 07:52,93005122,2. Im No Trouble,0,50.00000000,38.2186,27.9194,48.00,32.00,1.00,1001.00,301.12,192.83,52.68
254831385,Edenhope (AUS) 7th Mar,R5 1000m Hcap,07-03-2026 04:29,95919114,7. Alpha Street,0,9.60000000,10.2560,5.5258,1.00,1001.00,1.00,1001.00,2257.60,1021.67,404.75
254831262,Hawkesbury (AUS) 7th Mar,R8 1400m CL5,07-03-2026 06:40,324042,7. Just In Time,0,8.92200894,6.8189,6.5022,8.80,8.20,40.00,40.00,5554.01,4678.23,875.78
254828975,Towong (AUS) 7th Mar,R4 1200m Hcap,07-03-2026 04:23,74853222,3. Ima Guru,0,7.89401008,4.9471,4.3471,8.20,7.80,8.20,8.20,3809.66,2965.34,844.32
254873034,Narrogin (AUS) 7th Mar,R6 1823m Pace M,07-03-2026 12:30,5327392,4. Pura Vida,0,4.90000000,4.4352,1.0000,4.70,3.85,1.00,1001.00,0.00,2203.36,467.72
254858858,Albion Park (AUS) 7th Mar,R2 2138m Pace M,07-03-2026 08:12,67909038,5. Mullum Hank,0,9.80000000,9.1634,5.1759,9.00,9.00,9.20,9.20,2541.25,1107.30,1023.32
254831399,Edenhope (AUS) 7th Mar,R7 1850m Hcap,07-03-2026 05:39,71651602,13. Brassi Road,0,22.00000000,22.4655,14.8432,24.00,21.00,1.00,1001.00,1230.73,742.60,186.08
254831364,Edenhope (AUS) 7th Mar,R2 1450m Mdn,07-03-2026 02:44,89624011,1. Dalis Picasso,0,15.00000000,14.3917,8.8860,15.50,13.00,1.00,1001.00,1553.66,865.79,287.33
254780695,Bunbury (AUS) 7th Mar,R5 1200m Hcap,07-03-2026 07:03,92967112,9. Mean Feat,0,46.53525358,56.5486,29.4176,85.00,46.00,1.00,1001.00,1876.35,937.47,359.15
254776790,Murray Bridge (AUS) 7th Mar,R8 1200m Hcap,07-03-2026 05:28,64205535,1. Dancing Storm,0,17.13640101,16.2979,9.8238,18.50,15.50,20.00,20.00,4138.17,2075.56,690.30
254780539,Randwick (AUS) 7th Mar,R7 1000m Grp2,07-03-2026 05:00,76006575,7. Monte Supreme,0,78.92576350,81.4650,52.3799,100.00,60.00,1.00,1001.00,3068.14,1938.64,436.65
254776736,Murray Bridge (AUS) 7th Mar,R2 1400m Hcap,07-03-2026 01:57,5392130,8. Magic Princess,0,11.63690628,6.8763,6.0149,14.50,11.50,10.00,10.00,4843.21,3841.74,1001.47
254780668,Bunbury (AUS) 7th Mar,R2 1200m Hcap,07-03-2026 05:02,5892644,10. Show The Way,0,12.70272162,12.8593,6.1883,13.50,12.50,1.00,1001.00,2639.82,1111.60,508.56
254776487,Flemington (AUS) 7th Mar,R3 1000m Grp3,07-03-2026 02:20,554728,4. Scintillation,0,23.00000000,17.7633,11.6276,24.00,13.50,12.50,12.50,12036.62,7454.29,1621.37
254776469,Flemington (AUS) 7th Mar,R1 1100m 3yo,07-03-2026 01:15,95880758,5. Go Left,0,92.67408862,32.8903,26.3916,90.00,40.00,1000.00,36.00,2987.71,2169.61,818.10
254869470,Menangle (AUS) 7th Mar,R6 1609m Pace M,07-03-2026 10:10,72110956,8. Kingman,0,3.45000000,2.8916,2.7555,3.65,2.98,1.00,1001.00,17841.47,15612.46,2229.01
254831253,Hawkesbury (AUS) 7th Mar,R5 1100m Hcap,07-03-2026 04:45,38246416,1. Delexo,0,91.14464614,65.1420,47.5310,220.00,65.00,120.00,110.00,988.28,701.25,287.03
254831253,Hawkesbury (AUS) 7th Mar,R5 1100m Hcap,07-03-2026 04:45,86654767,6. Charlina,0,6.46837493,5.3701,4.4914,8.20,6.20,4.50,4.50,6033.42,4571.07,1462.35
254776541,Flemington (AUS) 7th Mar,R9 1200m Grp1,07-03-2026 05:55,59957806,7. Benedetta,0,15.07186100,14.6069,10.2508,18.50,13.00,14.50,9.60,34864.42,23323.42,4034.79
254816324,Alice Springs (AUS) 7th Mar,R2 1200m Hcap,07-03-2026 02:53,38999885,4. Valley Prince,0,6.00000000,5.2967,3.9054,1.00,1001.00,1.00,1001.00,1936.65,809.12,355.38
254826305,Corowa (AUS) 7th Mar,R1 1000m Mdn,07-03-2026 02:16,76389302,2. Blue Cattle Dog,0,25.00000000,21.4480,23.8344,25.00,15.00,100.00,15.50,605.92,234.08,266.66
254873031,Narrogin (AUS) 7th Mar,R5 2242m Pace M,07-03-2026 11:53,61034211,1. Nevertellmetheodds,0,7.80000000,8.2772,2.5999,7.00,7.00,1.00,1001.00,24.58,785.05,305.48
254831076,Toowoomba (AUS) 7th Mar,R3 2000m Hcap,07-03-2026 07:30,68994747,1. Samurai Warrior,0,7.73342926,4.6389,4.3760,8.20,5.10,1.00,1001.00,7064.03,5784.51,1279.52
254776532,Flemington (AUS) 7th Mar,R8 1600m Grp3,07-03-2026 05:15,69352519,1. Benagil,0,10.85598294,6.6154,5.9849,13.50,8.17,10.00,6.00,29004.92,23875.62,5129.30
254826323,Corowa (AUS) 7th Mar,R7 1600m CL2,07-03-2026 05:50,82857841,14. Freddys Shock,0,70.00000000,42.5971,32.3123,75.00,42.00,8.40,8.40,280.16,195.40,84.76
254869460,Menangle (AUS) 7th Mar,R3 1609m Pace M,07-03-2026 08:30,88564530,4. Yottie,0,9.80000000,8.1301,7.7768,1.00,1001.00,1.00,1001.00,1576.52,1356.79,219.73
254858845,Melton (AUS) 7th Mar,R6 1720m Pace M,07-03-2026 10:20,63052557,7. Miki To Success,1,2.15061153,2.0802,1.8197,2.34,1.96,1.00,1001.00,17230.45,11965.75,2793.44
254869470,Menangle (AUS) 7th Mar,R6 1609m Pace M,07-03-2026 10:10,74775625,12. Swayzee,0,12.00000000,9.6618,8.7020,14.50,9.20,1.00,1001.00,3329.33,2807.99,521.34
254858830,Melton (AUS) 7th Mar,R1 2240m Pace M,07-03-2026 07:25,68349267,5. Torque Power,0,100.00000000,55.8061,46.1140,100.00,95.00,1.00,1001.00,99.88,77.98,21.90
254831088,Toowoomba (AUS) 7th Mar,R6 1890m Mdn,07-03-2026 09:15,83677135,3. Irish Accolade,0,10.20533960,5.4952,4.8686,1.00,1001.00,1.00,1001.00,3282.05,2508.39,773.66
254831247,Hawkesbury (AUS) 7th Mar,R3 2000m Mdn,07-03-2026 03:35,85250373,2. Edorado,0,104.14280090,57.5956,43.5130,130.00,55.00,1.00,1001.00,434.46,322.55,111.91
254780695,Bunbury (AUS) 7th Mar,R5 1200m Hcap,07-03-2026 07:03,79259122,6. Just Walter John,0,3.77994407,4.2925,2.5789,4.80,4.00,3.60,2.58,32433.00,14014.31,6937.22
254776808,Murray Bridge (AUS) 7th Mar,R10 1800m Hcap,07-03-2026 06:48,27778244,2. Hasta La Fiorente,0,118.22777775,72.8320,58.3417,160.00,65.00,23.00,23.00,1490.24,1143.37,346.87
254776799,Murray Bridge (AUS) 7th Mar,R9 1100m Hcap,07-03-2026 06:07,69829644,8. High On Sugar,0,34.00000000,33.0417,14.4353,40.00,22.00,34.00,32.00,3315.32,1328.19,747.71
254776754,Murray Bridge (AUS) 7th Mar,R4 1200m Hcap,07-03-2026 03:11,72641726,10. Vercelli,0,33.58007960,35.6222,17.7874,40.00,27.00,30.00,26.00,5493.12,2479.97,1196.79
254780548,Randwick (AUS) 7th Mar,R8 1600m Grp1,07-03-2026 05:35,83806,3. Ninja,0,6.25514434,5.0529,4.5298,7.60,5.00,5.00,5.00,47265.77,40077.67,7188.10
254776496,Flemington (AUS) 7th Mar,R4 1400m Grp3,07-03-2026 02:55,27315218,4. On Display,0,5.62328869,3.5794,3.2671,5.70,4.00,4.50,4.50,41180.94,34113.04,7067.90
254816327,Alice Springs (AUS) 7th Mar,R3 1000m Hcap,07-03-2026 03:32,81221270,4. Mougenot,1,2.31882853,2.0515,1.8798,2.48,2.34,1.00,1001.00,5425.53,4266.40,1159.13
254828975,Towong (AUS) 7th Mar,R4 1200m Hcap,07-03-2026 04:23,64121109,6. Super Sunny Seeya,0,11.53180716,7.1735,6.1303,10.00,10.00,1.00,1001.00,852.07,703.85,148.22
254858848,Melton (AUS) 7th Mar,R7 2240m Trot M,07-03-2026 10:54,83347322,1. Aldebaran Brooke,0,17.03380037,18.5124,8.1952,1.00,1001.00,16.00,16.00,765.15,219.01,315.58
254831406,Edenhope (AUS) 7th Mar,R8 2000m Cup,07-03-2026 06:11,35511259,4. Flying Basil,0,7.16771231,8.4698,4.6072,8.40,8.40,1.00,1001.00,4905.09,1659.60,1158.79
254831068,Toowoomba (AUS) 7th Mar,R1 1300m Hcap,07-03-2026 06:19,82641375,1. Bole Le,0,4.07180085,4.0559,3.2316,4.10,3.90,4.90,4.20,5259.74,2076.72,1261.36
254775667,Eagle Farm (AUS) 7th Mar,R9 1200m CL6,07-03-2026 07:11,95880808,4. Zondee,0,21.35472385,21.4507,11.0295,25.00,14.00,14.50,14.50,9847.38,4647.45,1867.37
254780485,Randwick (AUS) 7th Mar,R1 1600m Hcap,07-03-2026 01:30,2887209,4. Iceman,0,3.70000000,3.8216,2.7163,4.30,3.60,900.00,3.40,49574.25,27196.90,10952.36
254831385,Edenhope (AUS) 7th Mar,R5 1000m Hcap,07-03-2026 04:29,37059284,2. The Wayfarer,1,4.20000000,4.2647,2.5341,4.40,4.10,1.00,1001.00,6676.43,2647.00,2211.06
254780686,Bunbury (AUS) 7th Mar,R4 2000m Hcap,07-03-2026 06:23,95881218,10. Manzor Magic,0,14.30249605,13.4777,7.2635,14.50,11.00,1.00,1001.00,4554.41,2070.71,954.75
254776763,Murray Bridge (AUS) 7th Mar,R5 1100m 2yo,07-03-2026 03:46,95879864,3. Cliff Runner,0,11.50000000,9.9199,6.1671,12.00,8.00,1.00,1001.00,5158.87,2780.23,852.64
254776736,Murray Bridge (AUS) 7th Mar,R2 1400m Hcap,07-03-2026 01:57,59146135,3. Gruelling,0,9.00000000,6.6633,6.2820,9.40,8.20,5.50,5.50,7061.39,6187.80,873.59
254780512,Randwick (AUS) 7th Mar,R4 1200m Grp2,07-03-2026 03:15,92390256,4. Paradoxium,1,3.00607841,2.6663,2.4862,3.25,2.76,2.90,1.01,75765.02,64000.41,11764.61
254816330,Alice Springs (AUS) 7th Mar,R4 1400m Hcap,07-03-2026 04:05,34613704,1. Altar Boy,0,3.67764667,2.9263,2.7346,3.70,3.25,3.15,3.15,7144.19,5667.11,1477.08
254869460,Menangle (AUS) 7th Mar,R3 1609m Pace M,07-03-2026 08:30,81780241,1. Fire And Passion,0,2.18000000,1.9199,1.8041,2.12,2.00,1.75,1.35,24721.80,19225.73,5496.07
254780668,Bunbury (AUS) 7th Mar,R2 1200m Hcap,07-03-2026 05:02,95881210,1. Playing Rio,0,12.00000000,10.6120,8.4715,12.50,9.60,9.80,9.80,5545.83,3895.98,481.59
254780659,Bunbury (AUS) 7th Mar,R1 1200m 2yo,07-03-2026 04:27,95881208,9. Divine Mirage,0,7.80000000,8.1837,4.8948,8.60,8.00,1.00,1001.00,5734.49,2859.41,1060.65
254776799,Murray Bridge (AUS) 7th Mar,R9 1100m Hcap,07-03-2026 06:07,83903387,10. Angel Torque,1,4.10000000,4.2083,2.8674,4.80,3.80,1.00,1001.00,47934.25,27212.26,7640.64
254776745,Murray Bridge (AUS) 7th Mar,R3 1000m Mdn,07-03-2026 02:36,95879852,6. Whiskey Tumbler,0,4.89727205,4.2037,3.8627,8.40,4.80,4.00,4.00,19679.21,16929.12,2750.09
254780557,Randwick (AUS) 7th Mar,R9 1300m Grp1,07-03-2026 06:15,967260,10. Nepotism,0,176.50031258,138.2666,85.3687,250.00,65.00,100.00,90.00,1612.37,977.89,237.99
254873028,Narrogin (AUS) 7th Mar,R4 2242m Pace M,07-03-2026 11:25,9404287,3. Speed Force,0,42.00000000,26.8526,1.0000,48.00,30.00,1.00,1001.00,0.00,334.16,74.16
254858858,Albion Park (AUS) 7th Mar,R2 2138m Pace M,07-03-2026 08:12,46701074,7. Roll Up,0,368.57231925,305.1340,113.1982,320.00,270.00,1.00,1001.00,42.07,15.52,7.62
254776808,Murray Bridge (AUS) 7th Mar,R10 1800m Hcap,07-03-2026 06:48,69389917,5. Longer Route,0,6.09892787,4.2178,3.7533,7.40,4.40,5.20,5.20,40411.30,33367.76,7043.54
254816327,Alice Springs (AUS) 7th Mar,R3 1000m Hcap,07-03-2026 03:32,50997954,1. Black Zous,0,4.80000000,3.5111,3.1694,4.20,4.20,1.00,1001.00,2171.54,1866.31,305.23
254826305,Corowa (AUS) 7th Mar,R1 1000m Mdn,07-03-2026 02:16,95918852,4. Phenomenorm,0,41.70542042,79.4577,21.6308,95.00,55.00,1.00,1001.00,547.78,70.86,187.08
254822605,Gunnedah (AUS) 7th Mar,R3 1600m CL1,07-03-2026 03:55,9439807,3. Libby,0,8.92639130,9.4428,6.2738,1.00,1001.00,1.00,1001.00,1207.70,691.44,200.21
254822599,Gunnedah (AUS) 7th Mar,R1 1300m Mdn,07-03-2026 02:33,94687751,6. Sorutal,0,3.41653213,3.6234,3.4529,5.00,2.90,1.00,1001.00,15088.39,13053.87,903.75
254828954,Towong (AUS) 7th Mar,R1 940m Mdn,07-03-2026 02:38,95919334,13. Territory Ties,0,70.00000000,25.8870,20.9447,70.00,61.90,1.00,1001.00,482.26,363.91,118.35
254858879,Albion Park (AUS) 7th Mar,R9 1660m Pace M,07-03-2026 12:07,87381441,3. Canadian Lass,0,10.14867200,11.4159,1.0000,12.50,10.00,1.00,1001.00,0.00,906.78,848.27
254831241,Hawkesbury (AUS) 7th Mar,R1 1100m Mdn,07-03-2026 02:25,3719435,2. Blue Suede Hooves,1,7.63494444,6.6113,4.5954,7.40,6.00,5.50,5.50,6775.10,4033.28,1616.98
254775613,Eagle Farm (AUS) 7th Mar,R3 1000m Hcap,07-03-2026 03:23,84471185,3. Port Erin,0,14.10044827,7.9284,7.1491,15.50,9.80,10.00,10.00,7628.24,6185.42,1442.82
254776799,Murray Bridge (AUS) 7th Mar,R9 1100m Hcap,07-03-2026 06:07,95879878,6. Three Rings,0,49.38058378,59.7754,15.8332,120.00,50.00,1.00,1001.00,2900.10,658.35,826.80
254776772,Murray Bridge (AUS) 7th Mar,R6 1400m Hcap,07-03-2026 04:21,41511138,1. Cinque Torri,0,20.00000000,16.9046,7.9305,19.00,14.50,1.00,1001.00,4792.94,1679.30,1096.22
254780539,Randwick (AUS) 7th Mar,R7 1000m Grp2,07-03-2026 05:00,9291771,3. Skybird,0,18.23934520,15.3143,11.4936,17.00,12.50,15.00,14.50,21580.97,15314.46,2953.42
254780530,Randwick (AUS) 7th Mar,R6 1600m Grp3,07-03-2026 04:25,95879047,8. Good Banter,0,244.31540617,195.0121,155.4221,670.00,120.00,1.00,1001.00,1040.09,826.99,213.10
254858879,Albion Park (AUS) 7th Mar,R9 1660m Pace M,07-03-2026 12:07,60183977,7. Eureka Jo,0,6.60000000,5.7882,1.0000,1.00,1001.00,65.00,16.50,0.00,1814.62,484.93
254829022,Gold Coast (AUS) 7th Mar,R6 1000m Hcap,07-03-2026 06:04,94950410,6. Excelboom,0,4.90000000,3.6707,3.6534,4.70,4.10,180.00,180.00,7652.29,6738.33,913.96
254780686,Bunbury (AUS) 7th Mar,R4 2000m Hcap,07-03-2026 06:23,64123077,8. Alaskan,0,32.00000000,27.2152,16.5685,30.00,25.00,26.00,26.00,2908.32,1639.86,462.26
254776772,Murray Bridge (AUS) 7th Mar,R6 1400m Hcap,07-03-2026 04:21,92459854,4. Vexatious Dancer,0,9.00000000,9.5911,6.4450,11.00,8.60,5.20,5.20,13417.07,8037.39,2082.39
254873022,Narrogin (AUS) 7th Mar,R2 1823m Pace M,07-03-2026 10:25,56331367,7. Sanford Bart,0,20.48558606,19.6326,11.5889,20.00,17.00,1.00,1001.00,509.28,279.30,98.05
254858839,Melton (AUS) 7th Mar,R4 2240m Trot M,07-03-2026 09:10,41035242,5. Quake Proof,0,258.70534272,220.0658,70.2307,300.00,170.00,1.00,1001.00,115.27,36.15,30.47
254780521,Randwick (AUS) 7th Mar,R5 1100m 3yo,07-03-2026 03:50,80640066,4. Inkaruna,0,4.20000000,3.9768,3.0004,4.30,3.80,1.00,1001.00,36061.81,22178.35,5675.87
254826323,Corowa (AUS) 7th Mar,R7 1600m CL2,07-03-2026 05:50,80972314,1. Brutal Bowler,0,3.20084928,2.7109,2.7111,3.50,2.92,2.80,2.80,5180.34,4038.50,1141.84
254869464,Menangle (AUS) 7th Mar,R4 1609m Pace M,07-03-2026 09:03,90800446,2. Move It Lou,0,9.80000000,9.8393,7.8922,12.00,8.80,1.00,1001.00,2859.13,2077.38,412.95
254831250,Hawkesbury (AUS) 7th Mar,R4 1500m CL1,07-03-2026 04:10,82857022,1. Agent Zero,0,2.97054360,3.1866,2.5254,3.40,3.05,1.00,1001.00,13297.44,8216.99,2714.98
254780722,Bunbury (AUS) 7th Mar,R8 2000m Cup,07-03-2026 08:53,95881233,13. Snazzler,0,28.61728433,30.3999,17.2714,60.00,25.00,21.00,21.00,2703.30,1310.27,397.95
254775667,Eagle Farm (AUS) 7th Mar,R9 1200m CL6,07-03-2026 07:11,89708400,12. Irama,0,35.86141458,39.5351,19.0889,60.00,32.00,1.00,1001.00,8325.67,3844.31,1435.71
254775631,Eagle Farm (AUS) 7th Mar,R5 1810m CL3,07-03-2026 04:33,95880796,9. Sexy Time,0,14.00000000,7.5065,6.3177,15.50,13.00,8.00,8.00,8772.27,6742.60,2029.67
254775613,Eagle Farm (AUS) 7th Mar,R3 1000m Hcap,07-03-2026 03:23,85445478,2. Moonhaven,1,2.06000000,1.8463,1.7600,2.46,1.89,2.12,1.45,91035.07,74692.26,16342.81
254828954,Towong (AUS) 7th Mar,R1 940m Mdn,07-03-2026 02:38,95919328,9. Bolonka,0,21.00000000,15.6250,13.8257,24.76,15.50,1.00,1001.00,1787.34,1529.90,257.44
254869476,Menangle (AUS) 7th Mar,R8 1609m Pace M,07-03-2026 11:15,41110723,7. Little Demon,0,10.84321539,14.6590,15.5414,17.50,15.00,1.00,1001.00,6.74,602.28,109.50
254869467,Menangle (AUS) 7th Mar,R5 1609m Pace M,07-03-2026 09:41,76961639,9. Chase A Dream,0,21.79749662,21.8827,10.3131,36.00,18.00,1.00,1001.00,1812.93,750.39,716.03
254831247,Hawkesbury (AUS) 7th Mar,R3 2000m Mdn,07-03-2026 03:35,92822317,11. Stormzino,0,9.75975040,6.4793,5.7228,9.80,9.00,1.00,1001.00,3191.08,2627.07,564.01
254776496,Flemington (AUS) 7th Mar,R4 1400m Grp3,07-03-2026 02:55,59684763,2. Cafe Millenium,0,3.93666167,2.9182,2.6402,5.50,3.80,4.50,3.80,93559.41,73609.12,19950.29
254822611,Gunnedah (AUS) 7th Mar,R5 1250m Hcap,07-03-2026 04:53,95919140,18. Acira,0,411.11004991,181.4144,124.2404,550.00,230.00,1.00,1001.00,88.78,60.56,28.22
254828982,Towong (AUS) 7th Mar,R5 1400m Mdn,07-03-2026 04:58,95919354,2. Hellofa Gamble,0,46.83851370,56.7763,9.8332,60.00,60.00,1.00,1001.00,630.17,43.70,169.81
254869470,Menangle (AUS) 7th Mar,R6 1609m Pace M,07-03-2026 10:10,59724103,10. War Dan Buddy,0,85.00000000,35.2374,30.8065,90.00,65.00,65.00,65.00,360.83,257.81,103.02
254776763,Murray Bridge (AUS) 7th Mar,R5 1100m 2yo,07-03-2026 03:46,95879869,9. Diamond Dawn,0,24.99001635,25.5571,12.2213,75.00,22.00,1000.00,30.00,3594.96,1393.73,860.17
254828961,Towong (AUS) 7th Mar,R2 940m Hcap,07-03-2026 03:13,69607509,6. Noble Nightcrawler,0,17.68595448,17.5794,12.4976,19.00,17.00,1.00,1001.00,1333.23,853.67,165.83
254858867,Albion Park (AUS) 7th Mar,R5 1660m Pace M,07-03-2026 10:00,57462673,3. Aurora Joy,0,49.57736884,55.6454,24.5666,55.00,55.00,1.00,1001.00,197.84,73.42,55.08
254829018,Gold Coast (AUS) 7th Mar,R5 1100m Mdn,07-03-2026 05:24,86099255,2. Boss Mode,1,3.86095878,2.5779,2.3651,3.90,3.09,1.00,1001.00,21595.02,17196.25,4398.77
254775649,Eagle Farm (AUS) 7th Mar,R7 1600m 3yo,07-03-2026 05:47,87164547,11. Lady Tangalooma,0,12.50000000,10.8760,8.1913,13.00,8.40,1.00,1001.00,13046.04,9319.13,1306.99
254776541,Flemington (AUS) 7th Mar,R9 1200m Grp1,07-03-2026 05:55,79258364,13. My Gladiola,0,4.90000000,5.3927,3.9292,7.44,5.00,1.00,1001.00,130302.29,85640.49,15958.10
254776514,Flemington (AUS) 7th Mar,R6 1400m Grp2,07-03-2026 04:05,95880773,9. Expensive Taste,0,52.92156256,31.9221,26.1666,75.00,46.00,60.00,32.00,5243.01,4049.85,1193.16
254822602,Gunnedah (AUS) 7th Mar,R2 1000m Mdn,07-03-2026 03:08,95919129,10. Pride Of Nations,0,15.23852132,14.0375,7.4147,1.00,1001.00,1.00,1001.00,426.60,98.14,101.69
254873028,Narrogin (AUS) 7th Mar,R4 2242m Pace M,07-03-2026 11:25,6546780,1. Pick Me,0,3.71485044,2.5273,1.0000,3.10,3.10,1.00,1001.00,0.00,3723.88,1108.14
254858870,Albion Park (AUS) 7th Mar,R6 1660m Pace M,07-03-2026 10:29,9608785,6. District Attorney,0,55.00000000,22.3341,18.9091,55.00,55.00,1.00,1001.00,254.87,177.78,77.09
254831371,Edenhope (AUS) 7th Mar,R3 1200m Mdn,07-03-2026 03:19,95919104,13. Presno,0,72.58687911,23.7939,17.5945,130.00,65.00,1.00,1001.00,1740.02,1239.00,501.02
254775622,Eagle Farm (AUS) 7th Mar,R4 1400m Hcap,07-03-2026 03:58,95880791,10. Toolatemate,0,110.00000000,78.6188,63.1663,160.00,65.00,1.00,1001.00,1072.77,843.66,229.11
254780557,Randwick (AUS) 7th Mar,R9 1300m Grp1,07-03-2026 06:15,774040,1. Gringotts,0,21.12592365,19.7635,12.8106,32.00,16.50,1.00,1001.00,11511.90,7105.65,1665.09
254858858,Albion Park (AUS) 7th Mar,R2 2138m Pace M,07-03-2026 08:12,8790362,2. Attachment,0,2.52757463,3.0411,2.5090,3.30,2.62,1.00,1001.00,10498.20,7096.54,1983.69
254869464,Menangle (AUS) 7th Mar,R4 1609m Pace M,07-03-2026 09:03,91062265,7. Soho Park Avenue,0,8.00000000,7.0819,4.8291,6.60,6.00,6.80,6.80,2821.10,1382.40,551.10
254869454,Menangle (AUS) 7th Mar,R1 1609m Pace M,07-03-2026 07:18,64960343,4. Classic Mission,0,59.06037952,26.4399,23.0608,60.00,44.00,34.00,34.00,375.34,257.02,118.32
254829002,Gold Coast (AUS) 7th Mar,R1 1000m Hcap,07-03-2026 03:07,71435904,7. Shellys Ace,0,65.00000000,63.5579,37.2242,85.00,55.00,30.00,30.00,887.75,488.56,170.40
254822614,Gunnedah (AUS) 7th Mar,R6 1400m Hcap,07-03-2026 05:27,26971499,2. Hardyo,0,26.03713463,25.5448,16.7166,28.00,20.00,1.00,1001.00,523.98,246.42,99.28
254822602,Gunnedah (AUS) 7th Mar,R2 1000m Mdn,07-03-2026 03:08,95919125,2. Gunna Reign,0,126.10837884,108.4518,27.5077,140.00,110.00,1.00,1001.00,106.62,13.32,39.44
254858864,Albion Park (AUS) 7th Mar,R4 2138m Trot M,07-03-2026 09:21,58071804,2. Taylad To Use,0,61.60220962,53.0819,29.0052,70.00,28.00,1.00,1001.00,450.83,226.41,100.75
254780503,Randwick (AUS) 7th Mar,R3 1200m Grp2,07-03-2026 02:40,11027311,5. Potomac River,0,38.00000000,23.0524,22.3423,38.00,21.00,55.00,55.00,3127.74,2788.92,338.82
254776496,Flemington (AUS) 7th Mar,R4 1400m Grp3,07-03-2026 02:55,92087947,7. Welcometotheshow,0,12.00000000,7.7312,6.7875,14.00,11.00,1.00,1001.00,32421.41,27139.02,5282.39
254822611,Gunnedah (AUS) 7th Mar,R5 1250m Hcap,07-03-2026 04:53,95919132,2. Lesgo Don,0,16.60804275,10.5666,8.2185,17.00,16.50,1.00,1001.00,1182.83,867.39,315.44
254822605,Gunnedah (AUS) 7th Mar,R3 1600m CL1,07-03-2026 03:55,83903903,11. Show Us Ya Texts,0,7.60000000,7.9695,5.0245,8.00,8.00,13.00,13.00,1281.67,652.53,232.29
254828975,Towong (AUS) 7th Mar,R4 1200m Hcap,07-03-2026 04:23,83191504,7. Hollerloud,0,14.00000000,9.5743,8.3413,1.00,1001.00,7.60,7.60,854.74,547.45,307.29
254869479,Menangle (AUS) 7th Mar,R9 1609m Pace M,07-03-2026 11:45,95811367,7. Shes A Delaney,0,16.99961164,14.6278,1.0000,18.00,14.50,6.00,6.00,0.00,933.57,507.71
254831371,Edenhope (AUS) 7th Mar,R3 1200m Mdn,07-03-2026 03:19,95919103,11. Popthebubbly,1,4.50000000,3.1942,2.5572,4.70,3.55,1.00,1001.00,9900.00,6685.59,3214.41
254858870,Albion Park (AUS) 7th Mar,R6 1660m Pace M,07-03-2026 10:29,23054198,3. Jimartee,0,9.08006205,7.6373,6.6576,10.00,9.40,1.00,1001.00,2089.06,1623.63,465.43
254858839,Melton (AUS) 7th Mar,R4 2240m Trot M,07-03-2026 09:10,80440592,8. Quirky Character,1,3.70000000,4.2846,2.7422,4.30,3.85,1.00,1001.00,4250.24,1992.81,1498.75
254776808,Murray Bridge (AUS) 7th Mar,R10 1800m Hcap,07-03-2026 06:48,54632550,7. Thermodynamic,0,18.40095715,9.1954,8.3647,18.50,13.50,1.00,1001.00,5293.02,4417.17,875.85
254776781,Murray Bridge (AUS) 7th Mar,R7 1200m Hcap,07-03-2026 04:56,95879871,1. Gold Spirit,1,2.76000000,2.0712,1.9077,3.25,2.40,1.00,1001.00,44490.04,36918.28,7571.76
254776781,Murray Bridge (AUS) 7th Mar,R7 1200m Hcap,07-03-2026 04:56,81222136,6. Taraashoq,0,294.74101820,165.9316,127.2471,390.00,140.00,1.00,1001.00,248.02,189.32,58.70
254776478,Flemington (AUS) 7th Mar,R2 1100m Hcap,07-03-2026 01:45,8471598,7. Codigo,0,15.11049861,13.3680,7.8075,15.00,12.00,21.00,21.00,14479.47,7595.10,2349.05
254858842,Melton (AUS) 7th Mar,R5 2240m Pace M,07-03-2026 09:49,21174098,4. Perun,0,11.44011239,11.0429,7.8673,12.00,7.00,1.00,1001.00,4012.39,2639.20,517.17
254831076,Toowoomba (AUS) 7th Mar,R3 2000m Hcap,07-03-2026 07:30,68091544,11. Quality Miss,0,9.23062060,5.9630,5.5082,9.20,7.60,1.00,1001.00,3663.90,3049.46,614.44
254831076,Toowoomba (AUS) 7th Mar,R3 2000m Hcap,07-03-2026 07:30,95919747,2. Vancity,0,2.65554263,1.8182,1.6878,2.84,2.58,2.82,2.50,43830.85,33270.09,10560.76
254780557,Randwick (AUS) 7th Mar,R9 1300m Grp1,07-03-2026 06:15,95879051,7. Lady Shenandoah,0,5.27021452,4.9718,4.0744,6.60,4.60,15.00,15.00,46586.02,33702.00,4856.70
254873028,Narrogin (AUS) 7th Mar,R4 2242m Pace M,07-03-2026 11:25,76627075,5. Im Boss,0,15.00000000,10.0449,1.0000,1.00,1001.00,1.00,1001.00,0.00,214.19,75.06
254869479,Menangle (AUS) 7th Mar,R9 1609m Pace M,07-03-2026 11:45,95811369,9. Passion And Pain,0,21.03071932,19.5020,1.0000,18.50,18.50,1.00,1001.00,0.00,145.63,68.32
254775595,Eagle Farm (AUS) 7th Mar,R1 1300m 2yo,07-03-2026 02:13,95880788,3. Gold Czech,0,24.50670258,23.6887,9.5086,30.00,15.50,1.00,1001.00,6619.49,2290.99,1541.96
254776790,Murray Bridge (AUS) 7th Mar,R8 1200m Hcap,07-03-2026 05:28,95879875,3. Shadhavar,1,2.14991133,2.2322,1.8444,2.58,1.89,1.70,1.70,83033.34,54495.26,12553.26
254816333,Alice Springs (AUS) 7th Mar,R5 1600m Hcap,07-03-2026 04:35,95880848,3. Matron Samsing,1,5.80000000,4.5207,3.9938,5.90,4.80,1.00,1001.00,7249.25,5996.23,1253.02
254858842,Melton (AUS) 7th Mar,R5 2240m Pace M,07-03-2026 09:49,65205433,2. Triple Rock Saint,0,14.40376852,13.2576,8.8186,13.00,12.50,12.00,12.00,1248.97,586.63,334.84
254780566,Randwick (AUS) 7th Mar,R10 1200m Grp3,07-03-2026 06:55,64639822,2. Gangsta Granny,1,3.25092178,3.0418,2.5321,3.30,2.80,2.84,1.01,90441.20,66569.14,9831.23
254776550,Flemington (AUS) 7th Mar,R10 2000m Hcap,07-03-2026 06:35,95880785,11. Arcora,1,14.01173304,15.9861,6.3366,19.50,10.79,11.50,1.01,49056.36,16271.64,17629.20
254822608,Gunnedah (AUS) 7th Mar,R4 1000m Hcap,07-03-2026 04:25,64051814,13. Brave Enough,0,40.00000000,38.3804,19.6455,40.00,40.00,1.00,1001.00,175.30,51.39,48.84
254780548,Randwick (AUS) 7th Mar,R8 1600m Grp1,07-03-2026 05:35,88376299,4. Rivellino,0,95.00000000,74.5691,61.2347,180.00,55.00,620.00,70.00,4494.37,3621.90,872.47
254780485,Randwick (AUS) 7th Mar,R1 1600m Hcap,07-03-2026 01:30,65758075,1. Art Volant,0,22.00000000,14.6022,9.6593,17.00,11.50,15.00,12.00,5764.98,3060.22,889.30
254822611,Gunnedah (AUS) 7th Mar,R5 1250m Hcap,07-03-2026 04:53,69967511,11. Gold Smiles,0,19.00000000,8.3404,7.1133,19.00,16.50,1.00,1001.00,916.34,619.57,296.77
254822605,Gunnedah (AUS) 7th Mar,R3 1600m CL1,07-03-2026 03:55,63161019,7. Santos El Halper,0,121.64289834,104.2347,67.0951,140.00,80.00,1.00,1001.00,240.96,140.38,40.35
254869464,Menangle (AUS) 7th Mar,R4 1609m Pace M,07-03-2026 09:03,86555842,6. Zeus Lightning,1,1.57000000,1.6391,1.3337,1.67,1.58,1.00,1001.00,19041.28,9203.82,4895.79
254831244,Hawkesbury (AUS) 7th Mar,R2 1300m Mdn,07-03-2026 03:00,95918948,5. Heeza Steve,0,117.23470667,123.3136,71.0831,180.00,80.00,1.00,1001.00,643.70,365.72,121.87
254822602,Gunnedah (AUS) 7th Mar,R2 1000m Mdn,07-03-2026 03:08,78811823,7. By Linda,0,10.50743825,10.0685,5.4441,9.80,9.80,1.00,1001.00,855.62,202.62,279.20
254858845,Melton (AUS) 7th Mar,R6 1720m Pace M,07-03-2026 10:20,30287541,1. Kosimo,0,216.15048489,188.1956,129.2561,250.00,120.00,1.00,1001.00,122.07,79.16,15.23
254775595,Eagle Farm (AUS) 7th Mar,R1 1300m 2yo,07-03-2026 02:13,95880789,6. Hit A Lick,0,11.00000000,9.7588,6.3880,12.00,8.20,1.00,1001.00,11349.04,6509.33,1924.90
254776790,Murray Bridge (AUS) 7th Mar,R8 1200m Hcap,07-03-2026 05:28,92161115,4. Light The Night,0,9.60000000,9.1115,5.7608,10.00,7.00,1.00,1001.00,9876.41,5200.88,1625.50
254780494,Randwick (AUS) 7th Mar,R2 2000m Listed,07-03-2026 02:05,87768167,14. Unlimited,0,13.00000000,10.1837,8.9309,15.50,13.00,12.50,12.00,13652.84,11333.96,2318.88
254776523,Flemington (AUS) 7th Mar,R7 1600m Grp1,07-03-2026 04:40,95880777,11. Leica Lucy,0,14.65381058,11.4362,9.9227,20.00,11.00,17.50,7.00,31987.69,26494.32,5493.37
254776469,Flemington (AUS) 7th Mar,R1 1100m 3yo,07-03-2026 01:15,82311083,4. Military Tycoon,0,6.14015137,4.3977,4.1757,6.40,4.50,8.80,4.20,27437.60,23979.30,3458.30
254828954,Towong (AUS) 7th Mar,R1 940m Mdn,07-03-2026 02:38,93206731,3. Capital Design,0,2.59928371,2.3537,2.2722,2.95,2.55,2.58,2.58,24722.41,22286.67,2435.74
254869479,Menangle (AUS) 7th Mar,R9 1609m Pace M,07-03-2026 11:45,95811363,3. Riseabovetherest,0,32.00000000,31.7008,1.0000,30.00,29.00,100.00,24.00,0.00,206.29,165.48
254869454,Menangle (AUS) 7th Mar,R1 1609m Pace M,07-03-2026 07:18,26610236,7. Kingmaker,1,2.46000000,2.3492,2.0951,3.05,2.34,1.00,1001.00,9214.48,6769.35,2445.13
254869454,Menangle (AUS) 7th Mar,R1 1609m Pace M,07-03-2026 07:18,51150103,11. Captain Bellasario,0,14.50000000,11.8100,11.3932,13.00,11.00,1.00,1001.00,1157.83,1061.95,95.88
254858842,Melton (AUS) 7th Mar,R5 2240m Pace M,07-03-2026 09:49,54936748,6. Rocknroll Walla,0,60.00000000,49.0113,36.7697,60.00,27.00,55.00,55.00,1133.64,815.23,164.71
254831250,Hawkesbury (AUS) 7th Mar,R4 1500m CL1,07-03-2026 04:10,7658743,10. Yes I Win,0,26.52333777,26.0307,15.3318,28.00,25.00,1.00,1001.00,1269.19,548.12,265.32
254776763,Murray Bridge (AUS) 7th Mar,R5 1100m 2yo,07-03-2026 03:46,4252737,4. Lalor,0,4.20000000,4.7525,3.5956,5.60,4.10,4.40,3.85,35934.14,23831.20,5469.47
254775649,Eagle Farm (AUS) 7th Mar,R7 1600m 3yo,07-03-2026 05:47,95880802,9. Save The Roses,0,321.40672749,369.3142,169.9087,890.00,170.00,1.00,1001.00,625.85,265.41,144.34
254775640,Eagle Farm (AUS) 7th Mar,R6 1600m CL6,07-03-2026 05:08,58138342,9. Sunlord,0,18.09251117,12.3270,10.4450,24.00,16.00,1.00,1001.00,5388.07,3969.02,1419.05
254858836,Melton (AUS) 7th Mar,R3 2240m Pace M,07-03-2026 08:37,1527689,5. Wild Card,1,14.50000000,17.4962,6.6589,20.00,15.00,1.00,1001.00,1714.67,518.97,875.60
254775631,Eagle Farm (AUS) 7th Mar,R5 1810m CL3,07-03-2026 04:33,11435535,7. Heavenly Love,0,19.00000000,13.0175,11.5666,22.00,16.50,80.00,80.00,5641.32,4709.92,931.40
254776808,Murray Bridge (AUS) 7th Mar,R10 1800m Hcap,07-03-2026 06:48,69128481,10. Enciphering,0,32.44513901,16.5740,14.0882,36.00,24.00,32.00,25.00,4214.94,3378.97,835.97
254776799,Murray Bridge (AUS) 7th Mar,R9 1100m Hcap,07-03-2026 06:07,39208518,5. Mckeever,0,90.00000000,83.3580,37.7157,110.00,25.00,1.00,1001.00,2053.83,813.67,394.39
254831357,Edenhope (AUS) 7th Mar,R1 1850m Mdn,07-03-2026 02:09,47871602,11. Rainbow Dolphin,0,179.57497695,182.5218,75.6255,260.00,160.00,1.00,1001.00,308.41,100.07,55.13
254816330,Alice Springs (AUS) 7th Mar,R4 1400m Hcap,07-03-2026 04:05,39890740,5. Flying Start,0,9.02201568,7.9026,7.5071,9.20,8.20,1.00,1001.00,2054.51,1883.14,171.37
254869473,Menangle (AUS) 7th Mar,R7 1609m Pace M,07-03-2026 10:45,73405089,7. New Shuffle,0,610.00000000,371.2841,249.5267,730.00,120.00,1.00,1001.00,43.53,23.89,6.05
254858830,Melton (AUS) 7th Mar,R1 2240m Pace M,07-03-2026 07:25,95838594,10. Steel Ruler,0,130.00000000,82.0725,67.3807,160.00,95.00,1.00,1001.00,111.91,87.83,24.08
254831256,Hawkesbury (AUS) 7th Mar,R6 1300m CL1,07-03-2026 05:20,83604940,10. Miles Of Glory,0,6.45173622,6.4060,6.1711,8.00,6.40,1.00,1001.00,10422.17,9723.16,699.01
254780722,Bunbury (AUS) 7th Mar,R8 2000m Cup,07-03-2026 08:53,95881230,9. Amazing Cheat,0,16.85408710,20.1679,13.4951,26.00,18.50,1.00,1001.00,7058.66,4416.54,936.60
254775622,Eagle Farm (AUS) 7th Mar,R4 1400m Hcap,07-03-2026 03:58,67222658,2. Mean Approach,0,14.31471198,9.8304,8.6912,16.50,14.50,13.50,10.50,5749.42,4481.95,1267.47
254776772,Murray Bridge (AUS) 7th Mar,R6 1400m Hcap,07-03-2026 04:21,95879870,6. Star Sirius,1,7.71156411,6.4015,3.8421,8.60,5.80,7.40,7.40,12060.60,5187.57,2962.77
254776487,Flemington (AUS) 7th Mar,R3 1000m Grp3,07-03-2026 02:20,95880764,6. Chapados,0,92.36329518,87.1470,31.6480,130.00,19.40,1.00,1001.00,3366.99,1153.60,719.31
254858867,Albion Park (AUS) 7th Mar,R5 1660m Pace M,07-03-2026 10:00,77928242,4. Beat Sweet,0,4.80000000,4.5946,3.6743,4.90,4.10,1.00,1001.00,2847.68,1814.40,442.81
254831371,Edenhope (AUS) 7th Mar,R3 1200m Mdn,07-03-2026 03:19,95919097,4. Paglode,0,177.96165734,114.0311,81.7483,420.00,180.00,1.00,1001.00,590.85,419.71,171.14
254780485,Randwick (AUS) 7th Mar,R1 1600m Hcap,07-03-2026 01:30,57916259,10. Whetu,0,1000.00000000,660.2274,430.2840,1000.00,250.00,1.00,1001.00,216.05,140.69,24.84
254829006,Gold Coast (AUS) 7th Mar,R2 1000m Hcap,07-03-2026 03:43,753415,2. Bruckheimer,0,2.47437241,2.0488,2.0385,2.66,2.30,2.52,2.40,28692.70,23125.38,5567.32
254780704,Bunbury (AUS) 7th Mar,R6 1200m 3yo,07-03-2026 07:42,94449098,2. Wattos Mark,0,2.99190042,3.3060,2.5622,3.80,2.84,3.20,3.20,44076.41,29494.18,6389.57
254776799,Murray Bridge (AUS) 7th Mar,R9 1100m Hcap,07-03-2026 06:07,42560912,4. Declared,0,3.12319521,3.2831,2.3724,4.40,3.10,4.50,4.40,44001.31,24406.14,7430.93
254776496,Flemington (AUS) 7th Mar,R4 1400m Grp3,07-03-2026 02:55,620211,5. Precious Charm,0,38.64640884,19.6020,16.3348,60.00,34.00,1.00,1001.00,6759.68,5371.99,1387.69
254873028,Narrogin (AUS) 7th Mar,R4 2242m Pace M,07-03-2026 11:25,63335830,2. The Whizzer,0,130.00000000,56.7842,1.0000,130.00,100.00,40.00,40.00,0.00,64.93,41.62
254831357,Edenhope (AUS) 7th Mar,R1 1850m Mdn,07-03-2026 02:09,94409277,3. Sir Aali,0,28.15056465,30.9102,9.2835,32.00,30.00,1.00,1001.00,1222.37,298.07,301.39
254780677,Bunbury (AUS) 7th Mar,R3 1675m Hcap,07-03-2026 05:43,57884637,3. Gage Roads,0,34.00000000,42.2503,16.3023,110.00,34.00,1.00,1001.00,2155.45,747.20,568.12
254776550,Flemington (AUS) 7th Mar,R10 2000m Hcap,07-03-2026 06:35,45348219,3. Magnaspin,0,11.49107914,10.7435,5.8901,12.50,8.40,1000.00,8.20,36872.46,15200.99,7956.94
254776496,Flemington (AUS) 7th Mar,R4 1400m Grp3,07-03-2026 02:55,28291174,8. Wonder Boy,0,19.04179786,9.0136,7.4427,21.00,13.50,16.00,16.00,15777.97,12045.74,3732.23
254822614,Gunnedah (AUS) 7th Mar,R6 1400m Hcap,07-03-2026 05:27,72443641,7. Magic Sorcerer,0,16.43053398,15.6986,13.3751,1.00,1001.00,1.00,1001.00,263.42,96.18,65.06
254831080,Toowoomba (AUS) 7th Mar,R4 1200m CL3,07-03-2026 08:08,95919748,9. Lake Nagambie,0,3.27780020,3.3706,2.5805,3.60,3.05,85.00,2.52,16256.88,8968.88,2957.66
254780704,Bunbury (AUS) 7th Mar,R6 1200m 3yo,07-03-2026 07:42,4608809,7. Beyond Measure,0,47.41614096,57.3839,17.4008,85.00,23.00,1.00,1001.00,7139.15,1989.48,1685.45
254828961,Towong (AUS) 7th Mar,R2 940m Hcap,07-03-2026 03:13,19569177,10. Chairmans Choice,0,26.73518668,25.4633,13.4306,32.00,22.00,1.00,1001.00,621.39,231.54,76.80
254873635,Menangle (AUS) 7th Mar,R10 2300m Trot M,07-03-2026 12:15,61861781,8. Watts Up Partytime,1,1.70411856,1.8745,2.3309,1.97,1.73,1.00,1001.00,187.94,11135.63,3291.29
254831399,Edenhope (AUS) 7th Mar,R7 1850m Hcap,07-03-2026 05:39,92784219,1. Reel Hot,0,12.60728398,8.5299,8.4883,13.50,13.00,1.00,1001.00,1432.06,1018.37,413.69
254831253,Hawkesbury (AUS) 7th Mar,R5 1100m Hcap,07-03-2026 04:45,86275532,8. Monte Cruise,0,20.00000000,11.1073,9.4613,21.00,16.00,12.00,12.00,2657.12,2050.30,606.82
254775604,Eagle Farm (AUS) 7th Mar,R2 2412m Hcap,07-03-2026 02:48,73720066,2. Raf Attack,0,6.00000000,4.8548,4.4928,6.20,5.20,5.80,5.80,23024.42,19594.07,3430.35
254776799,Murray Bridge (AUS) 7th Mar,R9 1100m Hcap,07-03-2026 06:07,72414323,3. Zanthron,0,33.58723596,29.3607,15.0925,36.00,23.00,26.00,22.00,4770.62,2149.43,977.89
254780485,Randwick (AUS) 7th Mar,R1 1600m Hcap,07-03-2026 01:30,43223832,2. Jack Duggan,0,305.69211184,196.0125,120.5746,260.00,100.00,1.00,1001.00,513.96,275.37,75.65
254869464,Menangle (AUS) 7th Mar,R4 1609m Pace M,07-03-2026 09:03,95811359,1. Alert Bay,0,26.00000000,23.3419,12.2272,29.00,18.00,1.00,1001.00,1047.73,486.78,216.86
254776727,Murray Bridge (AUS) 7th Mar,R1 1400m CL2,07-03-2026 01:25,73642845,1. Big Brute,1,3.16023078,2.7263,2.5450,3.35,2.94,3.00,3.00,18482.54,14966.40,3516.14
254780494,Randwick (AUS) 7th Mar,R2 2000m Listed,07-03-2026 02:05,72850494,5. Campaldino,1,5.00000000,3.8087,3.2842,5.20,4.60,5.40,1.02,32343.41,24337.65,8005.76
254873028,Narrogin (AUS) 7th Mar,R4 2242m Pace M,07-03-2026 11:25,56646321,10. Escapefromreality,0,18.00000000,13.5395,1.0000,21.00,17.00,1.00,1001.00,0.00,493.68,170.92
254831392,Edenhope (AUS) 7th Mar,R6 1450m Hcap,07-03-2026 05:04,89591561,1. Dodgy Element,0,9.37159463,8.6309,5.8240,9.40,8.40,1.00,1001.00,1339.67,632.29,278.36
254831364,Edenhope (AUS) 7th Mar,R2 1450m Mdn,07-03-2026 02:44,83409698,9. Libby Ann,0,10.56152813,9.7401,4.2162,10.50,10.00,1.00,1001.00,3810.20,1302.42,963.38
254776550,Flemington (AUS) 7th Mar,R10 2000m Hcap,07-03-2026 06:35,13859660,1. Augustus,0,3.64740782,3.5759,2.3331,4.50,3.35,190.00,3.20,114496.84,52659.33,23724.43
254776469,Flemington (AUS) 7th Mar,R1 1100m 3yo,07-03-2026 01:15,82856722,1. Legacy Bound,1,2.42000000,2.1279,1.9588,3.20,2.32,8.20,1.68,144972.77,114170.36,30802.41
254828989,Towong (AUS) 7th Mar,R6 1600m Hcap,07-03-2026 05:32,67039057,7. This Is The Moment,0,9.40000000,9.2303,7.2762,9.40,8.60,1.00,1001.00,3382.14,2275.04,398.52
254831250,Hawkesbury (AUS) 7th Mar,R4 1500m CL1,07-03-2026 04:10,71223011,4. Firework,0,9.40000000,8.4219,5.9021,9.00,8.20,19.50,5.90,3027.90,1661.36,593.66
254775667,Eagle Farm (AUS) 7th Mar,R9 1200m CL6,07-03-2026 07:11,88069404,5. About To Explode,0,4.00000000,3.8749,2.9687,4.70,3.45,4.40,2.96,84615.08,54895.26,12094.25
254775622,Eagle Farm (AUS) 7th Mar,R4 1400m Hcap,07-03-2026 03:58,68383157,9. Ariat,0,17.00000000,13.4956,10.7311,22.00,16.50,1.00,1001.00,6024.07,4338.03,1686.04
254776541,Flemington (AUS) 7th Mar,R9 1200m Grp1,07-03-2026 05:55,89670049,5. Sepals,0,21.17864755,24.9774,15.0176,30.00,18.61,410.00,15.50,30780.89,16586.73,4790.84
254829022,Gold Coast (AUS) 7th Mar,R6 1000m Hcap,07-03-2026 06:04,87093554,3. Minor Key,0,4.10571285,3.2134,3.0652,4.70,4.10,5.60,3.05,8028.33,6360.18,1668.15
254780686,Bunbury (AUS) 7th Mar,R4 2000m Hcap,07-03-2026 06:23,52436545,13. Warralea Lass,0,214.25323782,220.6808,121.5318,270.00,95.00,1.00,1001.00,561.00,300.01,100.51
254873034,Narrogin (AUS) 7th Mar,R6 1823m Pace M,07-03-2026 12:30,81523238,3. Graces Star,0,85.00000000,78.6543,1.0000,85.00,70.00,1.00,1001.00,0.00,55.15,49.91
254873022,Narrogin (AUS) 7th Mar,R2 1823m Pace M,07-03-2026 10:25,81489913,9. Low Flyin,0,21.46194415,22.1727,13.0099,25.00,18.50,1.00,1001.00,682.09,364.98,144.07
254858861,Albion Park (AUS) 7th Mar,R3 1660m Pace M,07-03-2026 08:48,67832454,1. We Always Have Faith,1,55.00000000,47.0330,28.9833,60.00,40.00,1.00,1001.00,383.23,195.32,148.35
254780677,Bunbury (AUS) 7th Mar,R3 1675m Hcap,07-03-2026 05:43,73721037,5. Pharoah Show,0,21.98140194,20.6695,10.8688,26.00,18.50,1.00,1001.00,4463.44,2121.02,809.21
254776808,Murray Bridge (AUS) 7th Mar,R10 1800m Hcap,07-03-2026 06:48,95879884,16. The Tank,0,160.00000000,186.9402,75.7539,260.00,85.00,1.00,1001.00,795.55,318.90,187.49
254780521,Randwick (AUS) 7th Mar,R5 1100m 3yo,07-03-2026 03:50,6421716,9. Horseshoe Hill,0,17.50000000,21.1632,15.3292,27.00,18.50,1.00,1001.00,9025.87,6192.08,1259.43
254828968,Towong (AUS) 7th Mar,R3 1200m Mdn,07-03-2026 03:48,93871011,12. Zar Zar,0,76.11913044,107.0115,44.2030,170.00,80.00,1.00,1001.00,290.38,95.36,53.27
254780713,Bunbury (AUS) 7th Mar,R7 1400m Listed,07-03-2026 08:20,65520744,12. Olys Choice,0,158.57504163,147.6165,86.0583,300.00,80.00,280.00,280.00,945.21,542.14,137.86
254780566,Randwick (AUS) 7th Mar,R10 1200m Grp3,07-03-2026 06:55,58813858,12. Cosmonova,0,39.18239763,58.7979,27.0546,75.00,40.00,1.00,1001.00,6369.24,2714.92,1700.50
254828968,Towong (AUS) 7th Mar,R3 1200m Mdn,07-03-2026 03:48,4892036,1. Hidden Bay,1,20.10582473,22.1570,6.9278,29.00,20.00,1.00,1001.00,2546.14,621.98,1594.60
254822602,Gunnedah (AUS) 7th Mar,R2 1000m Mdn,07-03-2026 03:08,71179606,1. Cmon Donkey,0,89.81734775,84.8076,33.1110,95.00,80.00,1.00,1001.00,113.01,34.42,34.53
254858842,Melton (AUS) 7th Mar,R5 2240m Pace M,07-03-2026 09:49,41307821,5. Ata Rangi,0,3.31081983,3.3643,2.8774,3.65,3.15,1.00,1001.00,9864.34,7178.58,1119.36
254831371,Edenhope (AUS) 7th Mar,R3 1200m Mdn,07-03-2026 03:19,95919099,7. Star Rotation,0,4.00000000,3.0864,2.9869,4.00,3.05,1.00,1001.00,13163.80,11798.17,1365.63
254831084,Toowoomba (AUS) 7th Mar,R5 1100m Mdn,07-03-2026 08:42,95621006,11. Letties Lot,0,25.43166291,13.5283,11.4662,28.00,21.00,1.00,1001.00,2201.34,1693.67,507.67
254776781,Murray Bridge (AUS) 7th Mar,R7 1200m Hcap,07-03-2026 04:56,45919602,12. Deficit,0,60.00000000,37.6703,31.1812,90.00,36.00,1.00,1001.00,2364.40,1916.18,448.22
254776514,Flemington (AUS) 7th Mar,R6 1400m Grp2,07-03-2026 04:05,95880774,10. Grinzinger Heart,1,61.37099796,26.5369,13.0179,85.00,26.00,65.00,1.03,9384.83,4176.47,5208.36
254822608,Gunnedah (AUS) 7th Mar,R4 1000m Hcap,07-03-2026 04:25,11902751,5. Cabral,0,10.00000000,12.1925,8.0833,15.00,10.50,1.00,1001.00,955.61,533.49,195.34
254828982,Towong (AUS) 7th Mar,R5 1400m Mdn,07-03-2026 04:58,85017908,1. Dandynomite,0,72.00823277,68.6825,40.8470,110.00,55.00,1.00,1001.00,405.43,214.37,65.52
254858876,Albion Park (AUS) 7th Mar,R8 1660m Pace M,07-03-2026 11:38,66050083,8. Tilly Jayne,0,42.00000000,42.6422,1.0000,46.00,40.00,1.00,1001.00,0.00,179.97,99.49
254780704,Bunbury (AUS) 7th Mar,R6 1200m 3yo,07-03-2026 07:42,95881224,10. Publicise,0,20.00000000,21.5922,11.4179,24.00,16.00,1.00,1001.00,4773.01,2358.73,914.78
254776790,Murray Bridge (AUS) 7th Mar,R8 1200m Hcap,07-03-2026 05:28,95809252,8. Glouf,0,26.00000000,22.6125,13.1494,29.00,14.00,30.00,30.00,4889.79,2583.94,865.05
254828996,Towong (AUS) 7th Mar,R7 1400m Hcap,07-03-2026 06:05,1328726,8. Dissonance,0,82.90064639,41.5793,31.3681,110.77,46.15,1.00,1001.00,139.66,97.11,42.55
254873635,Menangle (AUS) 7th Mar,R10 2300m Trot M,07-03-2026 12:15,95811371,6. Kristal Josselyn,0,8.98227807,9.0460,1.0000,9.80,9.60,1.00,1001.00,0.00,1189.45,360.11
254831364,Edenhope (AUS) 7th Mar,R2 1450m Mdn,07-03-2026 02:44,85854895,11. Shays Way,1,3.46351906,3.5762,2.7539,3.80,3.35,1.01,1.01,11403.97,7280.53,2287.98
254829018,Gold Coast (AUS) 7th Mar,R5 1100m Mdn,07-03-2026 05:24,95919406,11. Dont Doubt Missy,0,8.40155083,7.8735,7.4466,11.40,7.98,1.00,1001.00,13720.06,12468.92,1251.14
254780704,Bunbury (AUS) 7th Mar,R6 1200m 3yo,07-03-2026 07:42,78535954,3. Champagne Crusader,0,30.00000000,23.3924,12.6307,29.00,17.00,32.00,32.00,4737.43,2316.65,779.52
254822608,Gunnedah (AUS) 7th Mar,R4 1000m Hcap,07-03-2026 04:25,43058017,8. Seeni,0,8.40000000,7.3612,6.0885,7.60,7.40,1.00,1001.00,880.95,568.58,137.96
254858873,Albion Park (AUS) 7th Mar,R7 1660m Pace M,07-03-2026 11:04,39368554,5. Keilor Baby Shark,0,25.88996648,23.4904,19.1428,26.00,23.00,1.00,1001.00,15.32,280.48,111.17
254831371,Edenhope (AUS) 7th Mar,R3 1200m Mdn,07-03-2026 03:19,92995770,3. Kelorik,0,10.50000000,8.1429,7.2802,15.00,9.60,1.00,1001.00,6956.06,5987.01,969.05
254831259,Hawkesbury (AUS) 7th Mar,R7 1800m Hcap,07-03-2026 06:00,75797386,8. Fiorsum Fred,0,15.00000000,9.2792,7.1541,16.00,12.50,1.00,1001.00,4527.03,3110.35,1416.68
254776763,Murray Bridge (AUS) 7th Mar,R5 1100m 2yo,07-03-2026 03:46,95879863,2. Vandaross,0,32.11452127,26.7872,16.7690,32.00,23.00,22.00,22.00,2564.47,1460.61,441.82
254780485,Randwick (AUS) 7th Mar,R1 1600m Hcap,07-03-2026 01:30,95879027,15. Think Im Irish,0,549.80039247,339.7172,240.2456,1000.00,150.00,350.00,350.00,386.63,243.71,45.30
254873019,Narrogin (AUS) 7th Mar,R1 1823m Pace M,07-03-2026 09:57,95887297,7. Elquestro,0,24.00000000,14.8231,11.6772,18.00,16.50,1.00,1001.00,1312.02,971.42,159.61
254831357,Edenhope (AUS) 7th Mar,R1 1850m Mdn,07-03-2026 02:09,3918708,8. Red Flag,0,11.50000000,11.7508,7.3421,13.50,10.00,10.50,10.50,5853.76,3073.86,868.75
254831080,Toowoomba (AUS) 7th Mar,R4 1200m CL3,07-03-2026 08:08,93536984,7. Little Vain,0,12.32316452,12.7804,9.1331,16.00,11.50,1.00,1001.00,6715.50,4344.73,847.60
254780686,Bunbury (AUS) 7th Mar,R4 2000m Hcap,07-03-2026 06:23,95881220,12. Super Romani,0,42.00000000,37.1090,17.8176,42.00,30.00,1.00,1001.00,1867.82,838.10,355.33
254776754,Murray Bridge (AUS) 7th Mar,R4 1200m Hcap,07-03-2026 03:11,95879858,3. Startide,0,14.81825245,13.9191,7.9986,16.00,13.00,15.00,15.00,5058.18,2586.36,995.18
254776496,Flemington (AUS) 7th Mar,R4 1400m Grp3,07-03-2026 02:55,42536814,1. Here To Shock,0,9.52640838,7.2846,6.3887,10.50,7.20,8.00,5.00,24332.97,19626.48,4706.49
254869457,Menangle (AUS) 7th Mar,R2 1609m Pace M,07-03-2026 07:52,95811351,3. Showmethetanlines,1,1.39639780,1.4436,1.3051,1.63,1.31,1.18,1.01,28195.79,18199.95,6196.26
254831357,Edenhope (AUS) 7th Mar,R1 1850m Mdn,07-03-2026 02:09,95919087,7. Ransom Royale,1,2.28000000,2.3620,1.7013,2.56,2.22,1.00,1001.00,21933.96,10836.09,4199.37
254831068,Toowoomba (AUS) 7th Mar,R1 1300m Hcap,07-03-2026 06:19,90287113,6. Imagina,0,43.41105555,34.7206,16.8621,44.00,29.00,40.00,40.00,566.84,159.39,116.92
254776754,Murray Bridge (AUS) 7th Mar,R4 1200m Hcap,07-03-2026 03:11,78976350,6. Global Turn,0,2.84247108,3.0620,2.4191,3.35,2.78,3.20,2.80,36410.60,23963.33,5165.71
254826311,Corowa (AUS) 7th Mar,R3 900m CL1,07-03-2026 03:26,77729407,9. Boudica Warrior,0,27.77485107,20.8227,14.1916,25.00,19.00,1.00,1001.00,398.08,223.16,61.49
254858855,Albion Park (AUS) 7th Mar,R1 2138m Pace M,07-03-2026 07:37,49547768,4. Mikis Joe,0,25.65026868,13.5501,12.1561,16.50,16.50,1.00,1001.00,620.36,506.27,114.09
254780731,Bunbury (AUS) 7th Mar,R9 1400m Hcap,07-03-2026 09:29,78535892,8. Avoidance,1,21.59368590,15.1657,11.8242,26.00,14.00,21.00,21.00,10464.97,7451.75,3013.22
254776487,Flemington (AUS) 7th Mar,R3 1000m Grp3,07-03-2026 02:20,7389343,10. Sanctuary,0,12.00000000,10.6205,6.9299,13.00,5.50,780.00,9.60,27125.05,16406.15,3683.52
254831244,Hawkesbury (AUS) 7th Mar,R2 1300m Mdn,07-03-2026 03:00,95918953,11. Kilakawai,0,168.09288814,151.9185,105.4564,510.00,80.00,1.00,1001.00,415.45,283.95,58.82
254828989,Towong (AUS) 7th Mar,R6 1600m Hcap,07-03-2026 05:32,52466404,2. Fox Appeal,0,8.00000000,7.0558,5.9614,8.40,6.40,1.00,1001.00,3063.70,2219.81,385.85
254776550,Flemington (AUS) 7th Mar,R10 2000m Hcap,07-03-2026 06:35,92207515,9. Jennis Meadow,0,16.72169454,16.4008,10.9887,19.50,15.00,25.00,16.00,20208.46,12428.07,2718.21
254822599,Gunnedah (AUS) 7th Mar,R1 1300m Mdn,07-03-2026 02:33,78781163,1. Emerald Invasion,0,6.56691229,6.5812,5.3244,8.20,5.60,60.00,60.00,4682.18,3227.16,663.36
254869460,Menangle (AUS) 7th Mar,R3 1609m Pace M,07-03-2026 08:30,95811357,7. Soho Charmer,1,3.90000000,3.5204,3.2503,4.40,3.80,1.00,1001.00,5324.47,4269.47,1055.00
254829014,Gold Coast (AUS) 7th Mar,R4 1000m Mdn,07-03-2026 04:52,95919393,5. Raleway,0,7.95738750,10.6156,8.3103,14.00,8.00,10.00,10.00,17069.01,12688.43,1512.39
254775667,Eagle Farm (AUS) 7th Mar,R9 1200m CL6,07-03-2026 07:11,72414226,2. Mister Bianco,0,22.66946335,24.8902,8.5157,30.00,15.00,1.00,1001.00,12422.87,3663.06,2975.13
254780704,Bunbury (AUS) 7th Mar,R6 1200m 3yo,07-03-2026 07:42,95881227,14. Vino Miss,0,26.80175842,26.7236,11.5656,48.00,22.00,1.00,1001.00,8408.64,3374.67,1740.81
254780668,Bunbury (AUS) 7th Mar,R2 1200m Hcap,07-03-2026 05:02,70928704,3. Hostile Talk,0,30.00000000,26.6599,16.8594,29.00,25.00,1.00,1001.00,1326.92,778.01,231.56
254775667,Eagle Farm (AUS) 7th Mar,R9 1200m CL6,07-03-2026 07:11,65023037,3. Ser Joh,0,23.84606423,27.9188,13.3254,34.00,11.00,30.00,30.00,8524.44,3580.99,1639.03
254780548,Randwick (AUS) 7th Mar,R8 1600m Grp1,07-03-2026 05:35,95879050,9. Sheza Alibi,1,2.05637449,2.1550,2.0240,2.62,2.06,5.80,1.60,209101.76,179102.35,29999.41
254776505,Flemington (AUS) 7th Mar,R5 1600m Grp2,07-03-2026 03:30,95880768,7. Lathlain,0,8.20000000,7.6026,7.1547,15.50,7.80,8.00,6.40,44718.45,40869.52,3848.93
254858858,Albion Park (AUS) 7th Mar,R2 2138m Pace M,07-03-2026 08:12,10573837,6. Dashing,1,3.00311394,3.2519,2.6483,1.00,1001.00,1.00,1001.00,5257.55,3305.73,863.37
254831399,Edenhope (AUS) 7th Mar,R7 1850m Hcap,07-03-2026 05:39,69420911,7. Sharma Princess,0,6.14555558,4.9814,4.6248,6.40,5.90,1.00,1001.00,2818.36,2411.95,406.41
254831262,Hawkesbury (AUS) 7th Mar,R8 1400m CL5,07-03-2026 06:40,67531674,9. Miss Busslinger,0,16.14103942,13.0827,11.6675,20.00,16.00,1.00,1001.00,3369.47,2805.81,563.66
254826320,Corowa (AUS) 7th Mar,R6 1600m Cup,07-03-2026 05:11,59415759,1. King Frankel,0,120.00000000,106.9886,40.7426,160.00,44.00,1.00,1001.00,689.55,238.30,190.55
254826317,Corowa (AUS) 7th Mar,R5 1300m Hcap,07-03-2026 04:36,40119831,4. Rager,0,13.21200909,14.0401,9.5820,13.00,13.00,1.00,1001.00,528.58,243.11,126.79
254826305,Corowa (AUS) 7th Mar,R1 1000m Mdn,07-03-2026 02:16,82376055,15. Leila Belle,1,3.80000000,3.7002,1.9585,3.70,3.70,1.00,1001.00,4058.49,610.90,2894.59
254873025,Narrogin (AUS) 7th Mar,R3 1823m Pace M,07-03-2026 10:57,3304375,3. Money Well Spent,0,6.61336551,4.7012,5.5568,1.00,1001.00,1.00,1001.00,968.35,924.59,247.71
254858876,Albion Park (AUS) 7th Mar,R8 1660m Pace M,07-03-2026 11:38,95816516,2. Daisy Diana,1,1.63000000,1.6986,1.0000,1.76,1.65,1.00,1001.00,0.00,7256.70,3243.30
254831371,Edenhope (AUS) 7th Mar,R3 1200m Mdn,07-03-2026 03:19,95919098,6. Sir Castleton,0,23.19845256,13.2445,10.4875,29.00,22.00,1.00,1001.00,3657.23,2779.58,877.65
254776808,Murray Bridge (AUS) 7th Mar,R10 1800m Hcap,07-03-2026 06:48,79294129,6. Tannenburg,0,10.25916047,8.5790,7.9028,15.00,9.80,1.00,1001.00,9324.85,8128.85,1196.00
254780548,Randwick (AUS) 7th Mar,R8 1600m Grp1,07-03-2026 05:35,4589463,7. Decorum,0,13.50000000,12.0127,10.7949,16.00,9.20,24.00,24.00,24817.51,21781.11,3036.40
254780521,Randwick (AUS) 7th Mar,R5 1100m 3yo,07-03-2026 03:50,95879043,5. The Playwright,0,46.90671316,46.0800,29.6793,55.00,29.00,250.00,42.00,3013.69,1760.19,477.00
254869464,Menangle (AUS) 7th Mar,R4 1609m Pace M,07-03-2026 09:03,79863120,3. A Buck Ten,0,370.00000000,305.5601,177.3571,450.00,170.00,1.00,1001.00,68.72,39.42,11.74
254858848,Melton (AUS) 7th Mar,R7 2240m Trot M,07-03-2026 10:54,73260075,5. Mystery Fred,0,16.71857939,20.9830,9.0622,20.00,20.00,1.00,1001.00,723.66,243.95,248.57
254780695,Bunbury (AUS) 7th Mar,R5 1200m Hcap,07-03-2026 07:03,78231793,5. En Plein Air,0,49.39685375,53.7665,18.7915,65.00,36.00,1.00,1001.00,2906.56,858.17,692.66
254776781,Murray Bridge (AUS) 7th Mar,R7 1200m Hcap,07-03-2026 04:56,95879874,14. Prince Kuro,0,104.09440199,65.4611,52.7883,230.00,90.00,1.00,1001.00,915.90,727.78,188.12
254869464,Menangle (AUS) 7th Mar,R4 1609m Pace M,07-03-2026 09:03,1529177,8. Fugitive,0,16.50000000,14.4353,10.1044,15.50,13.00,1.00,1001.00,978.39,552.72,208.84
254831406,Edenhope (AUS) 7th Mar,R8 2000m Cup,07-03-2026 06:11,61371797,6. Rich Champagne,0,11.26264077,10.6190,5.7095,11.50,10.50,1.00,1001.00,2701.04,1120.74,412.16
254829022,Gold Coast (AUS) 7th Mar,R6 1000m Hcap,07-03-2026 06:04,66509382,1. Key Legend,0,23.00000000,16.4913,15.5606,23.00,17.50,1.00,1001.00,1575.56,1418.90,156.66
254775667,Eagle Farm (AUS) 7th Mar,R9 1200m CL6,07-03-2026 07:11,86820559,7. Chamierro,0,24.01608645,28.6953,9.0793,34.00,24.00,19.50,19.50,11811.77,3243.36,2904.07
254780539,Randwick (AUS) 7th Mar,R7 1000m Grp2,07-03-2026 05:00,5867092,6. The Black Cloud,0,16.00000000,17.0380,12.1638,18.50,14.00,1.00,1001.00,10305.22,7033.50,1469.24
254826308,Corowa (AUS) 7th Mar,R2 1300m Mdn,07-03-2026 02:51,95022109,7. Kalshia,0,314.79102521,366.0793,173.5022,480.00,120.00,1.00,1001.00,109.55,42.12,19.86
254780731,Bunbury (AUS) 7th Mar,R9 1400m Hcap,07-03-2026 09:29,95881234,11. Dug Another Hole,0,8.45247793,5.0093,4.6294,8.40,7.00,1000.00,7.00,12079.53,9794.62,2284.91
254775604,Eagle Farm (AUS) 7th Mar,R2 2412m Hcap,07-03-2026 02:48,70930117,7. Whatjeudoin,0,9.00000000,9.7375,7.2506,11.50,8.60,100.00,8.40,9880.62,6372.15,1437.95
254828975,Towong (AUS) 7th Mar,R4 1200m Hcap,07-03-2026 04:23,87205374,4. Quick Spell,0,41.41339752,14.1655,11.5606,48.00,42.00,1.00,1001.00,454.27,346.81,107.46
254873034,Narrogin (AUS) 7th Mar,R6 1823m Pace M,07-03-2026 12:30,82355056,5. Gelsomino Amal,1,3.30000000,3.6132,1.0000,3.85,3.40,1.01,1.01,0.00,2151.50,1827.16
254873019,Narrogin (AUS) 7th Mar,R1 1823m Pace M,07-03-2026 09:57,95887294,1. Allamerican Eagle,0,4.57030711,4.0598,3.6508,4.00,3.50,1.00,1001.00,2911.69,2270.28,271.43
254869470,Menangle (AUS) 7th Mar,R6 1609m Pace M,07-03-2026 10:10,55584166,9. Horn Player,0,400.00000000,252.6183,210.5513,460.00,260.00,1.00,1001.00,113.37,93.53,19.84
254831088,Toowoomba (AUS) 7th Mar,R6 1890m Mdn,07-03-2026 09:15,93168090,6. Pellinor,0,15.28502891,14.1746,12.8223,21.00,15.50,1.00,1001.00,2031.64,1720.57,311.07
254775649,Eagle Farm (AUS) 7th Mar,R7 1600m 3yo,07-03-2026 05:47,95880801,6. Go Maro,0,76.89334949,84.2332,22.5412,150.00,70.00,60.00,60.00,3245.39,738.45,991.57
254858870,Albion Park (AUS) 7th Mar,R6 1660m Pace M,07-03-2026 10:29,46625433,7. Tims A Trooper,0,6.20000000,4.5666,4.3752,5.90,5.70,1.00,1001.00,3845.62,3127.62,718.00
254869476,Menangle (AUS) 7th Mar,R8 1609m Pace M,07-03-2026 11:15,71846954,9. Gleneagle Ruler,0,7.04224589,8.1463,1.0000,8.60,7.40,1.00,1001.00,0.00,1093.79,306.03
254869464,Menangle (AUS) 7th Mar,R4 1609m Pace M,07-03-2026 09:03,966226,5. Emperor,0,50.00000000,41.3179,25.3940,50.00,38.00,1.00,1001.00,333.55,185.68,60.34
254775631,Eagle Farm (AUS) 7th Mar,R5 1810m CL3,07-03-2026 04:33,95880797,13. Hot Majesty,0,4.51106786,3.4824,3.3299,5.60,4.00,4.60,3.25,24710.57,21153.09,3557.48
254776763,Murray Bridge (AUS) 7th Mar,R5 1100m 2yo,07-03-2026 03:46,95879866,6. Churchill Rose,0,6.57648819,6.0130,4.6480,6.80,5.30,1.00,1001.00,14696.43,10331.00,1511.74
254826323,Corowa (AUS) 7th Mar,R7 1600m CL2,07-03-2026 05:50,7210909,5. Wish You Were Here,0,36.92944680,20.9226,15.3396,36.00,25.00,1.00,1001.00,572.40,379.90,192.50
254822611,Gunnedah (AUS) 7th Mar,R5 1250m Hcap,07-03-2026 04:53,95919136,14. Steel Claws,0,20.00000000,12.8138,10.6637,22.00,21.00,1.00,1001.00,602.83,482.02,120.81
254826323,Corowa (AUS) 7th Mar,R7 1600m CL2,07-03-2026 05:50,79844878,11. Goats On Oats,0,97.35180325,46.6309,43.3693,100.00,36.00,1.00,1001.00,241.55,217.37,24.18
254831378,Edenhope (AUS) 7th Mar,R4 1200m Hcap,07-03-2026 03:54,95919108,3. Cap Ten,0,6.64501997,6.0316,3.5917,6.20,6.00,1.00,1001.00,4407.87,1551.59,776.03
254775631,Eagle Farm (AUS) 7th Mar,R5 1810m CL3,07-03-2026 04:33,73370841,10. Tenbury Wells,0,8.35503866,7.3054,6.9605,12.00,8.00,12.50,12.50,18322.67,16699.04,1623.63
254776727,Murray Bridge (AUS) 7th Mar,R1 1400m CL2,07-03-2026 01:25,80603992,8. Peerless Lad,0,36.00000000,25.4094,22.6026,70.00,30.00,1.00,1001.00,1642.98,1390.22,252.76
254780566,Randwick (AUS) 7th Mar,R10 1200m Grp3,07-03-2026 06:55,63640314,9. Spring Lee,0,15.50000000,14.9906,11.3996,16.50,11.50,1000.00,16.00,15176.01,9507.42,2402.33
254776532,Flemington (AUS) 7th Mar,R8 1600m Grp3,07-03-2026 05:15,95880779,6. Too Darn Discreet,0,11.00000000,8.1669,7.4140,12.83,10.50,15.00,6.60,26150.32,21683.75,4466.57
254858839,Melton (AUS) 7th Mar,R4 2240m Trot M,07-03-2026 09:10,39056816,3. Ebonys Avenger,0,32.44854723,32.2364,17.0028,30.00,30.00,1.00,1001.00,200.52,86.35,47.97
254873028,Narrogin (AUS) 7th Mar,R4 2242m Pace M,07-03-2026 11:25,50171114,8. Alta Hurrah,0,50.00000000,31.1394,1.0000,55.00,38.00,32.00,32.00,0.00,176.52,78.25
254831259,Hawkesbury (AUS) 7th Mar,R7 1800m Hcap,07-03-2026 06:00,83676761,6. Throttle Response,0,2.71028491,2.5249,2.3304,3.65,2.62,3.40,2.20,43510.79,34504.66,9006.13
254826311,Corowa (AUS) 7th Mar,R3 900m CL1,07-03-2026 03:26,67289300,8. Majestic Maremma,0,11.76724355,9.3155,6.7140,9.60,8.80,1.00,1001.00,1436.38,808.74,182.69
254858861,Albion Park (AUS) 7th Mar,R3 1660m Pace M,07-03-2026 08:48,28222639,2. Sir Richard Lee,0,7.00000000,7.3377,6.3795,7.80,6.20,1.00,1001.00,2345.42,1818.46,261.84
254831080,Toowoomba (AUS) 7th Mar,R4 1200m CL3,07-03-2026 08:08,61861447,5. Il Cubo,0,22.00000000,21.2276,15.0857,25.00,14.50,32.00,32.00,6068.69,3981.00,821.14
254780704,Bunbury (AUS) 7th Mar,R6 1200m 3yo,07-03-2026 07:42,87677097,11. So Much Serenity,0,30.00000000,37.9731,15.7596,75.00,32.00,44.00,44.00,3884.99,1522.88,964.86
254826308,Corowa (AUS) 7th Mar,R2 1300m Mdn,07-03-2026 02:51,95918861,9. Okay Zoomer,0,17.50000000,17.5559,11.2137,21.00,21.00,1.00,1001.00,553.54,284.70,106.79
254829022,Gold Coast (AUS) 7th Mar,R6 1000m Hcap,07-03-2026 06:04,61337250,2. Paper Cowboy,0,180.00000000,51.6349,45.8066,190.00,65.00,150.00,150.00,595.01,471.01,124.00
254831385,Edenhope (AUS) 7th Mar,R5 1000m Hcap,07-03-2026 04:29,90798064,5. Simply Luscious,0,5.51767041,5.8162,3.4123,6.00,5.50,5.60,5.60,4905.67,2193.03,1118.46
254831088,Toowoomba (AUS) 7th Mar,R6 1890m Mdn,07-03-2026 09:15,1135018,10. Proud Miss,0,7.88578389,6.0009,5.4274,11.50,7.40,1.00,1001.00,5039.38,4011.92,1027.46
254776799,Murray Bridge (AUS) 7th Mar,R9 1100m Hcap,07-03-2026 06:07,74264147,11. Mystic Wonder,0,10.50000000,9.6234,7.2599,10.50,9.00,1000.00,1000.00,7678.24,5062.05,811.80
254780485,Randwick (AUS) 7th Mar,R1 1600m Hcap,07-03-2026 01:30,445603,8. Kilbrannan,0,5.34229977,6.1314,2.8632,7.00,5.50,8.40,4.90,33450.22,10609.93,10456.48
254816324,Alice Springs (AUS) 7th Mar,R2 1200m Hcap,07-03-2026 02:53,39610824,2. Mods,0,2.61364356,2.6176,1.9706,2.60,2.60,1.00,1001.00,5133.02,2502.24,1535.04
254858830,Melton (AUS) 7th Mar,R1 2240m Pace M,07-03-2026 07:25,68601984,3. Ozzie Corka,0,38.00000000,14.5375,11.6979,75.00,32.00,1.00,1001.00,927.34,702.06,225.28
254829026,Gold Coast (AUS) 7th Mar,R7 1400m CL4,07-03-2026 06:44,67258523,5. Nightcapped,0,6.28394006,6.8388,5.2053,8.20,5.90,1.00,1001.00,12268.75,8465.79,1181.09
254831385,Edenhope (AUS) 7th Mar,R5 1000m Hcap,07-03-2026 04:29,41397813,12. Toojay,0,69.49055402,62.1964,33.9061,95.00,48.00,1.00,1001.00,734.96,386.71,148.93
254831253,Hawkesbury (AUS) 7th Mar,R5 1100m Hcap,07-03-2026 04:45,67788332,11. Shoutaboutit,0,20.76575398,10.9564,9.0379,23.00,14.00,1.00,1001.00,1845.77,1432.79,412.98
254780668,Bunbury (AUS) 7th Mar,R2 1200m Hcap,07-03-2026 05:02,91873351,4. Seven Candles,0,3.69047245,3.5507,2.6123,3.70,3.10,1.00,1001.00,9758.89,5305.73,1646.58
254780548,Randwick (AUS) 7th Mar,R8 1600m Grp1,07-03-2026 05:35,5552654,2. Attica,0,15.00000000,11.6556,10.4303,16.00,9.00,11.50,10.50,21739.10,18875.03,2864.07
254858873,Albion Park (AUS) 7th Mar,R7 1660m Pace M,07-03-2026 11:04,78231475,7. Tough Shaz,0,13.42221770,13.3982,14.6401,15.50,11.00,190.00,48.00,224.18,912.99,272.46
254831357,Edenhope (AUS) 7th Mar,R1 1850m Mdn,07-03-2026 02:09,95919088,10. Miss Trombari,0,6.60000000,6.3866,4.1562,9.00,6.00,470.00,470.00,7250.12,3961.81,1191.39
254831080,Toowoomba (AUS) 7th Mar,R4 1200m CL3,07-03-2026 08:08,69421246,2. Downey,1,6.40000000,5.8490,3.3622,6.20,6.20,1.00,1001.00,5560.48,2382.05,1778.80
254780695,Bunbury (AUS) 7th Mar,R5 1200m Hcap,07-03-2026 07:03,81437286,7. Zouboltz,0,43.67825966,40.4525,15.0469,46.00,32.00,30.00,30.00,3013.32,971.34,787.83
254775631,Eagle Farm (AUS) 7th Mar,R5 1810m CL3,07-03-2026 04:33,95880795,6. Backstage,0,40.00000000,18.4442,15.0079,42.00,30.00,30.00,30.00,2743.69,2014.59,729.10
254776745,Murray Bridge (AUS) 7th Mar,R3 1000m Mdn,07-03-2026 02:36,95879856,13. Quillan,0,25.00000000,11.7235,9.4527,32.00,22.00,16.50,16.50,4593.35,3458.27,1135.08
254776727,Murray Bridge (AUS) 7th Mar,R1 1400m CL2,07-03-2026 01:25,95879847,2. Vaniteux,0,3.45161204,2.5933,2.4599,3.50,3.30,1.00,1001.00,15062.06,12488.35,2573.71
254826314,Corowa (AUS) 7th Mar,R4 1000m Hcap,07-03-2026 04:01,74615695,2. Pretty Penguin,0,12.90044742,7.6333,6.8204,12.71,12.71,1.00,1001.00,737.76,626.76,111.00
254828954,Towong (AUS) 7th Mar,R1 940m Mdn,07-03-2026 02:38,95919325,5. The Solicitor,0,6.05714880,3.7238,3.4680,6.00,5.05,1.00,1001.00,7925.46,6982.58,942.88
254873031,Narrogin (AUS) 7th Mar,R5 2242m Pace M,07-03-2026 11:53,1360449,4. Funky Music,1,10.50000000,10.0841,1.0000,1.00,1001.00,1.00,1001.00,0.00,416.00,1101.63
254869476,Menangle (AUS) 7th Mar,R8 1609m Pace M,07-03-2026 11:15,79573603,3. Farfalla Stride,1,4.90000000,4.3671,4.8251,4.80,4.00,4.60,4.60,59.80,2810.40,1350.12
254831378,Edenhope (AUS) 7th Mar,R4 1200m Hcap,07-03-2026 03:54,47241158,1. Port Louis,0,8.10117117,9.2928,7.0094,11.50,7.60,1.00,1001.00,7677.14,5165.16,942.21
254775622,Eagle Farm (AUS) 7th Mar,R4 1400m Hcap,07-03-2026 03:58,84982391,12. Glass Of Rose,0,6.00929711,4.9207,4.4977,7.80,5.80,6.00,5.50,24807.16,20726.77,4080.39
254776799,Murray Bridge (AUS) 7th Mar,R9 1100m Hcap,07-03-2026 06:07,95879880,16. Truly Elsa,0,65.00930910,61.1264,19.5921,75.00,50.00,1000.00,1000.00,2369.05,607.87,584.49
254828961,Towong (AUS) 7th Mar,R2 940m Hcap,07-03-2026 03:13,2047071,3. Black Panther,0,12.93744653,13.3525,10.8601,18.00,12.00,1.00,1001.00,1703.30,1235.23,153.52
254873037,Narrogin (AUS) 7th Mar,R7 2242m Pace M,07-03-2026 13:05,94990732,7. Rockstar World,0,160.00000000,63.6715,1.0000,120.00,46.00,1.00,1001.00,0.00,95.51,24.13
254858855,Albion Park (AUS) 7th Mar,R1 2138m Pace M,07-03-2026 07:37,72381583,5. Thetorque Majority,0,66.45223230,38.3619,32.0336,65.00,46.00,1.00,1001.00,324.94,261.39,63.55
254831385,Edenhope (AUS) 7th Mar,R5 1000m Hcap,07-03-2026 04:29,95919112,3. Sun Flipper,0,7.40000000,8.3975,5.2489,9.00,8.00,13.00,8.80,4080.84,1799.10,922.10
254831253,Hawkesbury (AUS) 7th Mar,R5 1100m Hcap,07-03-2026 04:45,80569598,2. Spartus,0,20.87421291,10.0119,8.3572,21.00,17.00,1.00,1001.00,1672.40,1314.00,358.40
254780695,Bunbury (AUS) 7th Mar,R5 1200m Hcap,07-03-2026 07:03,85982344,10. Choux Shoe,0,65.00000000,47.9753,19.6138,65.00,36.00,1.00,1001.00,1373.27,523.49,258.60
254775631,Eagle Farm (AUS) 7th Mar,R5 1810m CL3,07-03-2026 04:33,83409315,8. June,0,10.85420632,7.5555,6.6066,12.00,10.50,1.00,1001.00,7823.92,6440.63,1383.29
254776763,Murray Bridge (AUS) 7th Mar,R5 1100m 2yo,07-03-2026 03:46,95879862,1. Rich On Bubbles,1,5.60000000,5.2186,3.0404,5.70,5.00,1.00,1001.00,16616.84,7712.34,3981.48
254780530,Randwick (AUS) 7th Mar,R6 1600m Grp3,07-03-2026 04:25,88694206,1. Quietness,0,8.40000000,7.1864,6.6312,10.50,8.00,1.00,1001.00,22263.44,19587.49,2675.95
254829018,Gold Coast (AUS) 7th Mar,R5 1100m Mdn,07-03-2026 05:24,95919405,9. Yaranga,0,5.32000000,4.3185,4.0348,7.03,5.32,1.00,1001.00,9663.00,8050.35,1612.65
254776808,Murray Bridge (AUS) 7th Mar,R10 1800m Hcap,07-03-2026 06:48,47663289,4. Imposing Suspect,0,11.11799586,8.0423,7.6213,13.50,8.80,14.50,9.20,13719.03,12360.85,1358.18
254780512,Randwick (AUS) 7th Mar,R4 1200m Grp2,07-03-2026 03:15,95879038,1. Stretan Ruler,0,3.35000000,3.0719,2.9134,3.70,3.20,1000.00,3.20,60950.67,53486.40,7464.27
254780512,Randwick (AUS) 7th Mar,R4 1200m Grp2,07-03-2026 03:15,95301627,2. Hidrix,0,12.79238073,8.6012,8.6411,13.00,9.80,1000.00,15.00,12028.61,9943.25,2085.36
254858845,Melton (AUS) 7th Mar,R6 1720m Pace M,07-03-2026 10:20,13174132,5. Smoken Ace,0,5.00000000,5.2209,4.4143,5.20,4.80,1.00,1001.00,3329.88,2414.44,557.97
254869454,Menangle (AUS) 7th Mar,R1 1609m Pace M,07-03-2026 07:18,23721659,1. Kanena Provlima,0,110.00000000,53.4096,46.5548,120.00,34.00,1.00,1001.00,237.59,195.79,41.80
254829026,Gold Coast (AUS) 7th Mar,R7 1400m CL4,07-03-2026 06:44,55978202,4. Black Minto,0,9.34122760,10.3141,6.4499,12.00,9.00,100.00,100.00,6985.72,3383.25,1184.65
254831399,Edenhope (AUS) 7th Mar,R7 1850m Hcap,07-03-2026 05:39,95919119,11. Artrese,0,11.87589236,11.5752,10.2593,18.50,11.50,1.00,1001.00,1995.84,1673.40,322.44
254780731,Bunbury (AUS) 7th Mar,R9 1400m Hcap,07-03-2026 09:29,44187237,10. Otheroneson,0,21.00000000,12.7629,10.8577,38.77,19.00,1.00,1001.00,3896.82,3078.38,818.44
254775658,Eagle Farm (AUS) 7th Mar,R8 1200m CL6,07-03-2026 06:27,95880807,12. Amberinger,0,25.20056821,30.7684,8.8762,38.00,25.00,36.00,19.00,12122.12,2692.94,3379.15
254780557,Randwick (AUS) 7th Mar,R9 1300m Grp1,07-03-2026 06:15,53088642,5. Encap,0,280.00000000,225.6844,109.9469,300.00,100.00,220.00,220.00,1184.36,565.86,251.89
254780494,Randwick (AUS) 7th Mar,R2 2000m Listed,07-03-2026 02:05,66790038,1. Bois Dargent,0,21.00000000,12.4415,10.7731,22.00,15.50,21.00,18.00,7241.22,5687.72,1553.50
254826311,Corowa (AUS) 7th Mar,R3 900m CL1,07-03-2026 03:26,81848037,13. Impending Love,0,140.00000000,100.3336,63.4334,140.00,75.00,120.00,120.00,212.06,113.81,43.73
254858879,Albion Park (AUS) 7th Mar,R9 1660m Pace M,07-03-2026 12:07,93791461,4. Our Ultimate Milly,0,52.02573994,53.6967,1.0000,65.00,44.00,110.00,110.00,0.00,204.09,85.05
254858879,Albion Park (AUS) 7th Mar,R9 1660m Pace M,07-03-2026 12:07,80148014,5. Mardibringsaparty,1,5.50000000,5.1520,1.0000,5.70,4.90,1.00,1001.00,0.00,2698.10,2312.17
254829006,Gold Coast (AUS) 7th Mar,R2 1000m Hcap,07-03-2026 03:43,79293446,3. Humphree Bear,0,7.80000000,6.2372,8.1510,7.60,6.80,400.00,12.00,3793.12,3287.81,505.31
254831357,Edenhope (AUS) 7th Mar,R1 1850m Mdn,07-03-2026 02:09,94226356,6. Aurelio,0,20.61473826,22.0012,10.0852,26.00,20.00,1.00,1001.00,4062.09,1595.53,789.39
254831253,Hawkesbury (AUS) 7th Mar,R5 1100m Hcap,07-03-2026 04:45,95918964,9. Kiss Goodnight,0,8.57013934,5.5149,4.9999,9.20,6.00,1.00,1001.00,6023.79,4953.03,1070.76
254831253,Hawkesbury (AUS) 7th Mar,R5 1100m Hcap,07-03-2026 04:45,10846265,4. Vin Santo,0,16.50000000,12.6968,10.8388,19.50,16.50,1.00,1001.00,2650.87,2185.64,465.23
254776808,Murray Bridge (AUS) 7th Mar,R10 1800m Hcap,07-03-2026 06:48,64738844,1. Chakado,0,4.76999701,3.6372,3.8075,5.00,4.30,1000.00,2.76,22160.84,17903.86,4256.98
254831357,Edenhope (AUS) 7th Mar,R1 1850m Mdn,07-03-2026 02:09,36662716,5. Tavolta,0,361.88008352,376.0519,129.8638,530.00,300.00,1.00,1001.00,430.11,147.74,101.16
254831357,Edenhope (AUS) 7th Mar,R1 1850m Mdn,07-03-2026 02:09,42997724,9. Mai Time,0,960.00000000,741.6215,335.1468,960.00,470.00,1.00,1001.00,133.42,58.15,19.54
254780668,Bunbury (AUS) 7th Mar,R2 1200m Hcap,07-03-2026 05:02,70139353,8. On The Full,0,97.06853544,98.9230,41.3649,110.00,95.00,1.00,1001.00,343.85,115.12,61.31
254776496,Flemington (AUS) 7th Mar,R4 1400m Grp3,07-03-2026 02:55,62355799,9. Scheelite,1,17.93169782,14.3729,9.7306,24.00,15.50,15.00,1.01,25801.99,16193.04,9608.95
