event_id,menu_hint,event_name,event_dt,selection_id,selection_name,win_lose,bsp,ppwap,morningwap,ppmax,ppmin,ipmax,ipmin,morningtradedvol,pptradedvol,iptradedvol
252194426,Longford (AUS) 1st Jan,To Be Placed,01-01-2026 05:29,50880954,7. Volkanovski,1,5.01834539,1.0000,2.0802,1.00,1001.00,1.00,1001.00,178.73,0.00,0.00
252195052,Ascot (AUS) 1st Jan,To Be Placed,01-01-2026 05:48,86621734,6. Aint No Other Man,0,11.00000000,1.0000,5.4082,1.00,1001.00,1.00,1001.00,174.67,0.00,0.00
252192341,Sunshine Coast (AUS) 1st Jan,To Be Placed,01-01-2026 07:15,73137728,6. Kai Mondo,0,3.81837661,1.0000,2.5488,1.00,1001.00,1.00,1001.00,1665.88,0.00,0.00
252194994,Murray Bridge (AUS) 1st Jan,To Be Placed,01-01-2026 04:12,93206427,15. Power Dancer,0,2.07842428,1.0000,1.9920,1.00,1001.00,1.00,1001.00,625.18,0.00,0.00
252192193,Hanging Rock (AUS) 1st Jan,To Be Placed,01-01-2026 05:44,27830457,6. Staying Strong,0,25.19288195,1.0000,13.6012,1.00,1001.00,1.00,1001.00,231.88,0.00,0.00
252215593,Echuca (AUS) 1st Jan,To Be Placed,01-01-2026 08:44,80440632,9. Champagne Walsh,1,2.56000000,1.0000,1.1419,1.00,1001.00,1.00,1001.00,44.51,0.00,0.00
252215585,Leeton (AUS) 1st Jan,To Be Placed,01-01-2026 11:15,9118024,10. Miss Hermes,0,14.05000000,1.0000,1.0000,1.00,1001.00,1.00,1001.00,0.00,0.00,0.00
252195000,Murray Bridge (AUS) 1st Jan,To Be Placed,01-01-2026 04:52,28720393,8. Grinzinger Allee,1,2.80000000,1.0000,1.9903,1.00,1001.00,1.00,1001.00,461.23,0.00,0.00
252218203,Busselton (AUS) 1st Jan,To Be Placed,01-01-2026 11:37,61391448,3. Billyjames,1,3.10000000,1.0000,1.0000,1.00,1001.00,1.00,1001.00,0.00,0.00,0.00
252192179,Hanging Rock (AUS) 1st Jan,To Be Placed,01-01-2026 04:24,85017203,2. Mahogwise Honour,1,7.10163892,1.0000,4.1317,1.00,1001.00,1.00,1001.00,437.04,0.00,0.00
252192172,Hanging Rock (AUS) 1st Jan,To Be Placed,01-01-2026 03:44,75118312,12. Picksix,0,27.00000000,1.0000,10.0248,1.00,1001.00,1.00,1001.00,187.28,0.00,0.00
252195070,Ascot (AUS) 1st Jan,To Be Placed,01-01-2026 07:08,90209967,7. Bigdayonit,0,5.11431825,1.0000,3.8079,1.00,1001.00,1.00,1001.00,606.61,0.00,0.00
252195025,Ascot (AUS) 1st Jan,To Be Placed,01-01-2026 03:48,65823468,7. Heyfield Boomer,0,10.00000000,1.0000,5.6943,1.00,1001.00,1.00,1001.00,192.89,0.00,0.00
252192354,Mornington (AUS) 1st Jan,To Be Placed,01-01-2026 02:45,93206569,6. Angelista,0,2.58237056,1.0000,2.2729,1.00,1001.00,1.00,1001.00,1372.28,0.00,0.00
252215582,Leeton (AUS) 1st Jan,To Be Placed,01-01-2026 10:45,93168924,2. French Street,0,1.33000000,1.0000,1.2212,1.00,1001.00,1.00,1001.00,167.38,0.00,0.00
252218207,Busselton (AUS) 1st Jan,To Be Placed,01-01-2026 12:35,23390921,7. Awaitinginstructions,1,2.02000000,1.0000,1.0000,1.00,1001.00,1.00,1001.00,0.00,0.00,0.00
252195034,Ascot (AUS) 1st Jan,To Be Placed,01-01-2026 04:28,79456572,5. Niccimota,1,2.24000000,1.0000,1.7940,1.00,1001.00,1.00,1001.00,1380.50,0.00,0.00
252195034,Ascot (AUS) 1st Jan,To Be Placed,01-01-2026 04:28,83313427,3. Magnique,1,1.60349733,1.0000,1.3970,1.00,1001.00,1.00,1001.00,3003.11,0.00,0.00
252215579,Leeton (AUS) 1st Jan,To Be Placed,01-01-2026 10:14,39989711,2. Alice On The Beach,0,12.51931176,1.0000,4.7136,1.00,1001.00,1.00,1001.00,34.12,0.00,0.00
252194420,Longford (AUS) 1st Jan,To Be Placed,01-01-2026 04:49,25646310,2. Ethical Dilemma,1,2.42121172,1.0000,1.6799,1.00,1001.00,1.00,1001.00,714.42,0.00,0.00
252192868,Canterbury (AUS) 1st Jan,To Be Placed,01-01-2026 07:30,73177157,4. King Of Roseau,0,3.30000000,1.0000,2.0547,1.00,1001.00,1.00,1001.00,860.59,0.00,0.00
252192814,Canterbury (AUS) 1st Jan,To Be Placed,01-01-2026 03:40,93206488,8. Rolling Surf,0,14.50000000,1.0000,10.3354,1.00,1001.00,1.00,1001.00,181.18,0.00,0.00
252192408,Inverell (AUS) 1st Jan,To Be Placed,01-01-2026 02:14,93206147,6. Written Legacy,0,2.04000000,1.0000,1.9151,1.00,1001.00,1.00,1001.00,1332.30,0.00,0.00
252192426,Inverell (AUS) 1st Jan,To Be Placed,01-01-2026 06:05,57916206,6. Agirlsbestfriend,0,17.53681531,1.0000,8.0284,1.00,1001.00,1.00,1001.00,105.69,0.00,0.00
252192329,Sunshine Coast (AUS) 1st Jan,To Be Placed,01-01-2026 05:12,368686,5. Possibilities,1,1.76015868,1.0000,1.5894,1.00,1001.00,1.00,1001.00,2289.50,0.00,0.00
252192313,Sunshine Coast (AUS) 1st Jan,To Be Placed,01-01-2026 02:38,93206932,1. Enidzel,0,1.35585176,1.0000,1.2019,1.00,1001.00,1.00,1001.00,783.12,0.00,0.00
252218203,Busselton (AUS) 1st Jan,To Be Placed,01-01-2026 11:37,7180690,7. Dawson,0,1.35000000,1.0000,1.0000,1.00,1001.00,1.00,1001.00,0.00,0.00,0.00
252192088,Port Macquarie (AUS) 1st Jan,To Be Placed,01-01-2026 04:35,93206334,1. La Pelago,1,2.73700921,1.0000,2.2426,1.00,1001.00,1.00,1001.00,110.04,0.00,0.00
252195034,Ascot (AUS) 1st Jan,To Be Placed,01-01-2026 04:28,1227494,7. Allentown,0,3.62347100,1.0000,2.4677,1.00,1001.00,1.00,1001.00,369.21,0.00,0.00
252192337,Sunshine Coast (AUS) 1st Jan,To Be Placed,01-01-2026 06:32,93206957,11. Davikar,0,2.76945853,1.0000,1.8034,1.00,1001.00,1.00,1001.00,1598.96,0.00,0.00
252192313,Sunshine Coast (AUS) 1st Jan,To Be Placed,01-01-2026 02:38,93206933,6. Buffalo Theory,0,15.00000000,1.0000,9.9485,1.00,1001.00,1.00,1001.00,181.79,0.00,0.00
252192329,Sunshine Coast (AUS) 1st Jan,To Be Placed,01-01-2026 05:12,93206947,16. Rocking Frocks,0,38.00000000,1.0000,21.4077,1.00,1001.00,1.00,1001.00,203.81,0.00,0.00
252195070,Ascot (AUS) 1st Jan,To Be Placed,01-01-2026 07:08,70928686,3. Touretto,1,3.39750587,1.0000,2.8579,1.00,1001.00,1.00,1001.00,748.90,0.00,0.00
252192193,Hanging Rock (AUS) 1st Jan,To Be Placed,01-01-2026 05:44,86654735,11. Tosen Glory,0,2.86978103,1.0000,2.2195,1.00,1001.00,1.00,1001.00,902.44,0.00,0.00
252192097,Port Macquarie (AUS) 1st Jan,To Be Placed,01-01-2026 06:35,80399024,5. Bold Rouge,0,2.43090186,1.0000,1.7993,1.00,1001.00,1.00,1001.00,806.69,0.00,0.00
252195115,Ascot (AUS) 1st Jan,To Be Placed,01-01-2026 10:19,93168738,15. Planet Cash,0,4.71869976,1.0000,2.9646,1.00,1001.00,1.00,1001.00,769.82,0.00,0.00
252195061,Ascot (AUS) 1st Jan,To Be Placed,01-01-2026 06:28,79259134,9. Deel Her In,0,3.00000000,1.0000,2.0543,1.00,1001.00,1.00,1001.00,817.67,0.00,0.00
252192341,Sunshine Coast (AUS) 1st Jan,To Be Placed,01-01-2026 07:15,83050503,17. Make It So,0,5.23800602,1.0000,2.9272,1.00,1001.00,1.00,1001.00,897.07,0.00,0.00
252195018,Murray Bridge (AUS) 1st Jan,To Be Placed,01-01-2026 06:53,93206443,14. Lift The Bar,0,12.86473627,1.0000,6.7645,1.00,1001.00,1.00,1001.00,199.06,0.00,0.00
252195000,Murray Bridge (AUS) 1st Jan,To Be Placed,01-01-2026 04:52,74189362,1. Flying Assassin,0,3.55000000,1.0000,2.0238,1.00,1001.00,1.00,1001.00,217.89,0.00,0.00
252192102,Burrumbeet (AUS) 1st Jan,To Be Placed,01-01-2026 01:51,70350474,3. Creditor,1,3.00000000,1.0000,2.5132,1.00,1001.00,1.00,1001.00,677.96,0.00,0.00
252195079,Ascot (AUS) 1st Jan,To Be Placed,01-01-2026 07:45,93168727,9. Magnas Choice,1,1.36768093,1.0000,1.2995,1.00,1001.00,1.00,1001.00,1850.59,0.00,0.00
252195043,Ascot (AUS) 1st Jan,To Be Placed,01-01-2026 05:08,93168718,11. Dance Version,0,38.00000000,1.0000,23.1442,1.00,1001.00,1.00,1001.00,184.31,0.00,0.00
252195034,Ascot (AUS) 1st Jan,To Be Placed,01-01-2026 04:28,53727408,10. Lifeisbutadream,0,7.86936811,1.0000,3.8515,1.00,1001.00,1.00,1001.00,279.75,0.00,0.00
252192877,Canterbury (AUS) 1st Jan,To Be Placed,01-01-2026 08:00,77081958,1. All Hunky Dory,0,3.70000000,1.0000,2.1914,1.00,1001.00,1.00,1001.00,510.18,0.00,0.00
252192402,Mornington (AUS) 1st Jan,To Be Placed,01-01-2026 06:40,75435548,7. Smarticon,0,4.39891200,1.0000,2.7315,1.00,1001.00,1.00,1001.00,372.05,0.00,0.00
252218205,Busselton (AUS) 1st Jan,To Be Placed,01-01-2026 12:04,12817343,7. Im The Best,1,3.87096774,1.0000,1.0000,1.00,1001.00,1.00,1001.00,0.00,0.00,0.00
252192859,Canterbury (AUS) 1st Jan,To Be Placed,01-01-2026 07:00,35537653,9. Black Duke,0,16.50000000,1.0000,10.5597,1.00,1001.00,1.00,1001.00,188.13,0.00,0.00
252192394,Mornington (AUS) 1st Jan,To Be Placed,01-01-2026 06:00,26604389,11. Tennessee Song,1,2.81087646,1.0000,2.3233,1.00,1001.00,1.00,1001.00,1730.15,0.00,0.00
252192158,Hanging Rock (AUS) 1st Jan,To Be Placed,01-01-2026 02:34,80362304,7. Avonview,0,6.80000000,1.0000,5.6920,1.00,1001.00,1.00,1001.00,527.62,0.00,0.00
252195000,Murray Bridge (AUS) 1st Jan,To Be Placed,01-01-2026 04:52,63025817,12. Alpine Beau,0,7.08077626,1.0000,2.6343,1.00,1001.00,1.00,1001.00,511.24,0.00,0.00
252195097,Ascot (AUS) 1st Jan,To Be Placed,01-01-2026 09:00,78979268,6. Desert Whisper,0,1.78000000,1.0000,1.2896,1.00,1001.00,1.00,1001.00,4961.86,0.00,0.00
252195088,Ascot (AUS) 1st Jan,To Be Placed,01-01-2026 08:25,84432649,3. Luvnwar,1,1.52633345,1.0000,1.4564,1.00,1001.00,1.00,1001.00,1429.69,0.00,0.00
252215591,Echuca (AUS) 1st Jan,To Be Placed,01-01-2026 08:06,342730,9. Attracted,0,7.80000000,1.0000,4.2091,1.00,1001.00,1.00,1001.00,290.54,0.00,0.00
252195106,Ascot (AUS) 1st Jan,To Be Placed,01-01-2026 09:40,93055040,9. Filthy Habits,1,3.17375638,1.0000,2.5158,1.00,1001.00,1.00,1001.00,5420.15,0.00,0.00
252195012,Murray Bridge (AUS) 1st Jan,To Be Placed,01-01-2026 06:12,93206435,7. Kiss And Kaboom,1,3.60000000,1.0000,3.2459,1.00,1001.00,1.00,1001.00,653.49,0.00,0.00
252192426,Inverell (AUS) 1st Jan,To Be Placed,01-01-2026 06:05,63363670,5. Shamedy,0,5.36338064,1.0000,2.6655,1.00,1001.00,1.00,1001.00,236.00,0.00,0.00
252192420,Inverell (AUS) 1st Jan,To Be Placed,01-01-2026 04:45,42392713,3. Big Short,0,4.35822132,1.0000,2.3870,1.00,1001.00,1.00,1001.00,164.99,0.00,0.00
252194432,Longford (AUS) 1st Jan,To Be Placed,01-01-2026 06:09,46314726,5. Fast Thinker,1,3.65000000,1.0000,1.8834,1.00,1001.00,1.00,1001.00,217.58,0.00,0.00
252195079,Ascot (AUS) 1st Jan,To Be Placed,01-01-2026 07:45,85779326,2. Arcadia Park,0,5.50000000,1.0000,4.5009,1.00,1001.00,1.00,1001.00,358.78,0.00,0.00
252194413,Longford (AUS) 1st Jan,To Be Placed,01-01-2026 04:09,24900340,8. Sky Eagle,0,1.61764602,1.0000,1.3170,1.00,1001.00,1.00,1001.00,238.04,0.00,0.00
252195070,Ascot (AUS) 1st Jan,To Be Placed,01-01-2026 07:08,66993510,4. Belta Of A Song,1,2.71173248,1.0000,1.7140,1.00,1001.00,1.00,1001.00,6359.55,0.00,0.00
252195079,Ascot (AUS) 1st Jan,To Be Placed,01-01-2026 07:45,62634778,6. Deamber,0,12.17479705,1.0000,6.6296,1.00,1001.00,1.00,1001.00,419.88,0.00,0.00
252192337,Sunshine Coast (AUS) 1st Jan,To Be Placed,01-01-2026 06:32,1285809,13. Retainer,0,4.90000000,1.0000,3.3725,1.00,1001.00,1.00,1001.00,337.59,0.00,0.00
252192094,Port Macquarie (AUS) 1st Jan,To Be Placed,01-01-2026 05:55,2075009,1. Gold Melody,0,1.95000000,1.0000,1.8172,1.00,1001.00,1.00,1001.00,710.37,0.00,0.00
252195115,Ascot (AUS) 1st Jan,To Be Placed,01-01-2026 10:19,67325537,5. Lombadina,0,2.76000000,1.0000,2.2380,1.00,1001.00,1.00,1001.00,880.21,0.00,0.00
252215595,Echuca (AUS) 1st Jan,To Be Placed,01-01-2026 09:21,75314185,2. Lombok,0,11.00000000,1.0000,,1.00,1001.00,1.00,1001.00,3.25,0.00,0.00
252192337,Sunshine Coast (AUS) 1st Jan,To Be Placed,01-01-2026 06:32,80091199,4. Extreme Diamond,0,3.06327922,1.0000,2.8300,1.00,1001.00,1.00,1001.00,1260.08,0.00,0.00
252195000,Murray Bridge (AUS) 1st Jan,To Be Placed,01-01-2026 04:52,79455860,5. Lady Lupara,0,2.28000000,1.0000,1.6607,1.00,1001.00,1.00,1001.00,1194.97,0.00,0.00
252192426,Inverell (AUS) 1st Jan,To Be Placed,01-01-2026 06:05,49949133,7. Ancient Egypt,0,19.50000000,1.0000,4.7808,1.00,1001.00,1.00,1001.00,88.27,0.00,0.00
252192877,Canterbury (AUS) 1st Jan,To Be Placed,01-01-2026 08:00,75914635,7. Sunsource,1,10.64075708,1.0000,8.1064,1.00,1001.00,1.00,1001.00,194.32,0.00,0.00
252195000,Murray Bridge (AUS) 1st Jan,To Be Placed,01-01-2026 04:52,42162211,6. Warrandyte Road,1,1.69281084,1.0000,1.6694,1.00,1001.00,1.00,1001.00,377.30,0.00,0.00
252192144,Burrumbeet (AUS) 1st Jan,To Be Placed,01-01-2026 05:36,93206774,10. Well Held,0,19.50000000,1.0000,9.8614,1.00,1001.00,1.00,1001.00,321.68,0.00,0.00
252192333,Sunshine Coast (AUS) 1st Jan,To Be Placed,01-01-2026 05:52,78046431,4. Lone Artist,1,1.59169199,1.0000,1.3771,1.00,1001.00,1.00,1001.00,1945.20,0.00,0.00
252192097,Port Macquarie (AUS) 1st Jan,To Be Placed,01-01-2026 06:35,67896715,8. Rebel One,0,2.28000000,1.0000,1.5948,1.00,1001.00,1.00,1001.00,705.00,0.00,0.00
252192097,Port Macquarie (AUS) 1st Jan,To Be Placed,01-01-2026 06:35,68157026,10. Lampkin Lane,0,6.41754213,1.0000,3.5761,1.00,1001.00,1.00,1001.00,396.60,0.00,0.00
252215595,Echuca (AUS) 1st Jan,To Be Placed,01-01-2026 09:21,5712208,6. Scheming,0,13.00000000,1.0000,8.3310,1.00,1001.00,1.00,1001.00,27.40,0.00,0.00
252215599,Echuca (AUS) 1st Jan,To Be Placed,01-01-2026 10:33,45321414,4. El Conqueror,1,1.65000000,1.0000,1.2701,1.00,1001.00,1.00,1001.00,87.22,0.00,0.00
252215591,Echuca (AUS) 1st Jan,To Be Placed,01-01-2026 08:06,1304273,5. Wallis,1,1.57000000,1.0000,1.3476,1.00,1001.00,1.00,1001.00,84.74,0.00,0.00
252192386,Mornington (AUS) 1st Jan,To Be Placed,01-01-2026 05:20,5526275,6. Horatius,1,2.52000000,1.0000,1.8703,1.00,1001.00,1.00,1001.00,281.50,0.00,0.00
252195000,Murray Bridge (AUS) 1st Jan,To Be Placed,01-01-2026 04:52,70350138,3. Greatestofease,1,2.48604330,1.0000,1.4566,1.00,1001.00,1.00,1001.00,332.14,0.00,0.00
252194988,Murray Bridge (AUS) 1st Jan,To Be Placed,01-01-2026 03:32,93206418,11. Second Heaven,0,3.71723204,1.0000,2.5062,1.00,1001.00,1.00,1001.00,2120.41,0.00,0.00
252192151,Burrumbeet (AUS) 1st Jan,To Be Placed,01-01-2026 06:16,48234666,3. Belriah,0,10.50000000,1.0000,7.0152,1.00,1001.00,1.00,1001.00,156.35,0.00,0.00
252192094,Port Macquarie (AUS) 1st Jan,To Be Placed,01-01-2026 05:55,68712137,2. Golden Cow,0,5.00000000,1.0000,1.3558,1.00,1001.00,1.00,1001.00,24.36,0.00,0.00
252192370,Mornington (AUS) 1st Jan,To Be Placed,01-01-2026 04:00,67289334,9. Mystery Blonde,1,3.62438754,1.0000,3.2365,1.00,1001.00,1.00,1001.00,1755.62,0.00,0.00
252218201,Busselton (AUS) 1st Jan,To Be Placed,01-01-2026 11:07,58314111,2. Constellationjewel,0,24.00000000,1.0000,1.0000,1.00,1001.00,1.00,1001.00,0.00,0.00,0.00
252194988,Murray Bridge (AUS) 1st Jan,To Be Placed,01-01-2026 03:32,91485443,1. Nic The Cash,0,4.00000000,1.0000,2.6444,1.00,1001.00,1.00,1001.00,555.79,0.00,0.00
252195115,Ascot (AUS) 1st Jan,To Be Placed,01-01-2026 10:19,93168736,13. Letsdeal,0,24.40708004,1.0000,11.4246,1.00,1001.00,1.00,1001.00,564.56,0.00,0.00
252215587,Echuca (AUS) 1st Jan,To Be Placed,01-01-2026 07:03,81707492,7. Mack Pack,0,2.96000000,1.0000,2.5966,1.00,1001.00,1.00,1001.00,62.66,0.00,0.00
252192329,Sunshine Coast (AUS) 1st Jan,To Be Placed,01-01-2026 05:12,93206950,19. Battle Worthy,0,1000.00000000,1.0000,283.4615,1.00,1001.00,1.00,1001.00,0.78,0.00,0.00
252194982,Murray Bridge (AUS) 1st Jan,To Be Placed,01-01-2026 02:57,90008952,8. Blabber Mouth,1,1.29892040,1.0000,1.1231,1.00,1001.00,1.00,1001.00,2886.56,0.00,0.00
252194426,Longford (AUS) 1st Jan,To Be Placed,01-01-2026 05:29,72379783,8. Capabelle,0,6.64926608,1.0000,4.4491,1.00,1001.00,1.00,1001.00,44.72,0.00,0.00
252192091,Port Macquarie (AUS) 1st Jan,To Be Placed,01-01-2026 05:15,85586592,8. Namara,0,1.77875020,1.0000,1.3538,1.00,1001.00,1.00,1001.00,257.28,0.00,0.00
252192868,Canterbury (AUS) 1st Jan,To Be Placed,01-01-2026 07:30,1417307,5. Barber,1,2.08000000,1.0000,1.7258,1.00,1001.00,1.00,1001.00,1404.99,0.00,0.00
252192144,Burrumbeet (AUS) 1st Jan,To Be Placed,01-01-2026 05:36,93206773,6. Baby Rider,0,4.80000000,1.0000,3.0302,1.00,1001.00,1.00,1001.00,242.95,0.00,0.00
252192317,Sunshine Coast (AUS) 1st Jan,To Be Placed,01-01-2026 03:13,60183595,8. Evelyn May,0,1.51000000,1.0000,1.4561,1.00,1001.00,1.00,1001.00,3799.35,0.00,0.00
252192179,Hanging Rock (AUS) 1st Jan,To Be Placed,01-01-2026 04:24,83191495,12. Great Obsession,0,3.15000000,1.0000,2.2777,1.00,1001.00,1.00,1001.00,804.55,0.00,0.00
252215599,Echuca (AUS) 1st Jan,To Be Placed,01-01-2026 10:33,70206188,6. Faith Full,0,9.80000000,1.0000,5.4000,1.00,1001.00,1.00,1001.00,0.20,0.00,0.00
252192378,Mornington (AUS) 1st Jan,To Be Placed,01-01-2026 04:40,41642648,5. Duke Of Hastings,0,3.75000000,1.0000,3.1867,1.00,1001.00,1.00,1001.00,1583.67,0.00,0.00
252218203,Busselton (AUS) 1st Jan,To Be Placed,01-01-2026 11:37,36010292,6. Velvet Shadow,0,12.00000000,1.0000,1.0000,1.00,1001.00,1.00,1001.00,0.00,0.00,0.00
252195006,Murray Bridge (AUS) 1st Jan,To Be Placed,01-01-2026 05:32,87094024,5. Tanna,0,6.84939782,1.0000,5.3859,1.00,1001.00,1.00,1001.00,556.76,0.00,0.00
252194401,Longford (AUS) 1st Jan,To Be Placed,01-01-2026 02:54,85250727,1. Alpine Honey,0,1.62000000,1.0000,1.0267,1.00,1001.00,1.00,1001.00,333.22,0.00,0.00
252192394,Mornington (AUS) 1st Jan,To Be Placed,01-01-2026 06:00,79891449,4. Nics Choice,0,4.60000000,1.0000,3.1441,1.00,1001.00,1.00,1001.00,338.25,0.00,0.00
252192186,Hanging Rock (AUS) 1st Jan,To Be Placed,01-01-2026 05:04,70965836,3. Gold Relay,0,2.62830117,1.0000,2.0307,1.00,1001.00,1.00,1001.00,891.83,0.00,0.00
252195097,Ascot (AUS) 1st Jan,To Be Placed,01-01-2026 09:00,80856821,9. Jaz Session,1,2.76000000,1.0000,2.3033,1.00,1001.00,1.00,1001.00,1698.32,0.00,0.00
252218201,Busselton (AUS) 1st Jan,To Be Placed,01-01-2026 11:07,77706483,7. Capture The Moment,0,2.18000000,1.0000,1.0000,1.00,1001.00,1.00,1001.00,0.00,0.00,0.00
252192868,Canterbury (AUS) 1st Jan,To Be Placed,01-01-2026 07:30,93206523,12. Appin Girl,0,11.50000000,1.0000,6.4634,1.00,1001.00,1.00,1001.00,627.69,0.00,0.00
252218199,Busselton (AUS) 1st Jan,To Be Placed,01-01-2026 10:27,39446889,8. I Like What I See,0,4.42649367,1.0000,3.1764,1.00,1001.00,1.00,1001.00,43.60,0.00,0.00
252195006,Murray Bridge (AUS) 1st Jan,To Be Placed,01-01-2026 05:32,72199869,4. Eclair Vitality,1,2.17588707,1.0000,1.6230,1.00,1001.00,1.00,1001.00,2333.19,0.00,0.00
252192094,Port Macquarie (AUS) 1st Jan,To Be Placed,01-01-2026 05:55,9526635,7. Raw Gold,0,4.55265293,1.0000,2.9721,1.00,1001.00,1.00,1001.00,347.42,0.00,0.00
252218205,Busselton (AUS) 1st Jan,To Be Placed,01-01-2026 12:04,44062049,4. Lukes Mistake,1,2.28000000,1.0000,1.0000,1.00,1001.00,1.00,1001.00,0.00,0.00,0.00
252195097,Ascot (AUS) 1st Jan,To Be Placed,01-01-2026 09:00,44758246,2. Clemenceau,0,78.14577675,1.0000,41.4343,1.00,1001.00,1.00,1001.00,428.58,0.00,0.00
252192832,Canterbury (AUS) 1st Jan,To Be Placed,01-01-2026 05:00,93206508,15. Tennessee Dolly,0,4.29917428,1.0000,2.4365,1.00,1001.00,1.00,1001.00,650.70,0.00,0.00
252215591,Echuca (AUS) 1st Jan,To Be Placed,01-01-2026 08:06,68855422,3. Suzys Dream,1,1.74000000,1.0000,1.4896,1.00,1001.00,1.00,1001.00,253.80,0.00,0.00
252192429,Inverell (AUS) 1st Jan,To Be Placed,01-01-2026 06:45,80130050,13. Skeptical,0,9.26160093,1.0000,7.1183,1.00,1001.00,1.00,1001.00,605.39,0.00,0.00
252192179,Hanging Rock (AUS) 1st Jan,To Be Placed,01-01-2026 04:24,81848741,3. Phantoms Chase,1,1.23000001,1.0000,1.1265,1.00,1001.00,1.00,1001.00,1250.14,0.00,0.00
252192402,Mornington (AUS) 1st Jan,To Be Placed,01-01-2026 06:40,93206598,4. Bazzar,1,1.51414499,1.0000,1.2413,1.00,1001.00,1.00,1001.00,2549.51,0.00,0.00
252194988,Murray Bridge (AUS) 1st Jan,To Be Placed,01-01-2026 03:32,90755563,2. On Tik,0,6.28109458,1.0000,2.1317,1.00,1001.00,1.00,1001.00,338.42,0.00,0.00
252192429,Inverell (AUS) 1st Jan,To Be Placed,01-01-2026 06:45,85982007,7. Bonfidelity,1,4.03913392,1.0000,2.7057,1.00,1001.00,1.00,1001.00,280.01,0.00,0.00
252192354,Mornington (AUS) 1st Jan,To Be Placed,01-01-2026 02:45,91115939,10. Lotta City,1,1.98267503,1.0000,1.6705,1.00,1001.00,1.00,1001.00,2124.37,0.00,0.00
252195079,Ascot (AUS) 1st Jan,To Be Placed,01-01-2026 07:45,93168726,4. Our Paladin Al,1,1.36000926,1.0000,1.3029,1.00,1001.00,1.00,1001.00,1499.11,0.00,0.00
252215601,Echuca (AUS) 1st Jan,To Be Placed,01-01-2026 11:00,24021049,2. Cobber Mac,0,7.70000000,1.0000,7.9998,1.00,1001.00,1.00,1001.00,0.14,0.00,0.00
252192402,Mornington (AUS) 1st Jan,To Be Placed,01-01-2026 06:40,82603954,1. Electric Elvis,1,1.99968000,1.0000,1.7171,1.00,1001.00,1.00,1001.00,1499.76,0.00,0.00
252192362,Mornington (AUS) 1st Jan,To Be Placed,01-01-2026 03:20,93206582,7. Lady Of Soul,0,6.80000000,1.0000,5.8918,1.00,1001.00,1.00,1001.00,894.34,0.00,0.00
252192354,Mornington (AUS) 1st Jan,To Be Placed,01-01-2026 02:45,93206573,13. Sheanadh,1,3.34764073,1.0000,2.6426,1.00,1001.00,1.00,1001.00,655.93,0.00,0.00
252215579,Leeton (AUS) 1st Jan,To Be Placed,01-01-2026 10:14,10029429,10. Full Of Spice,0,3.45000000,1.0000,,1.00,1001.00,1.00,1001.00,12.07,0.00,0.00
252192877,Canterbury (AUS) 1st Jan,To Be Placed,01-01-2026 08:00,93206525,9. Doradus,0,3.55000000,1.0000,2.9621,1.00,1001.00,1.00,1001.00,797.92,0.00,0.00
252192378,Mornington (AUS) 1st Jan,To Be Placed,01-01-2026 04:40,65596038,6. Whisky Moon,0,1.68000000,1.0000,1.5157,1.00,1001.00,1.00,1001.00,3929.07,0.00,0.00
252192317,Sunshine Coast (AUS) 1st Jan,To Be Placed,01-01-2026 03:13,12490707,2. Wapiti,1,2.26000000,1.0000,1.8600,1.00,1001.00,1.00,1001.00,401.77,0.00,0.00
252192429,Inverell (AUS) 1st Jan,To Be Placed,01-01-2026 06:45,93206166,8. Lucky Ozzie,0,3.86224679,1.0000,2.2669,1.00,1001.00,1.00,1001.00,209.37,0.00,0.00
252192426,Inverell (AUS) 1st Jan,To Be Placed,01-01-2026 06:05,93206161,14. Zamborghini,0,3.75000000,1.0000,2.6031,1.00,1001.00,1.00,1001.00,240.92,0.00,0.00
252192165,Hanging Rock (AUS) 1st Jan,To Be Placed,01-01-2026 03:09,93206735,11. Bring The Thunder,1,2.22000000,1.0000,2.0427,1.00,1001.00,1.00,1001.00,765.23,0.00,0.00
252195000,Murray Bridge (AUS) 1st Jan,To Be Placed,01-01-2026 04:52,58099849,7. Prickly Poppy,0,4.60000000,1.0000,4.2372,1.00,1001.00,1.00,1001.00,223.75,0.00,0.00
252192408,Inverell (AUS) 1st Jan,To Be Placed,01-01-2026 02:14,93206148,9. Too Hard To Find,0,2.37020249,1.0000,1.4789,1.00,1001.00,1.00,1001.00,727.77,0.00,0.00
252192325,Sunshine Coast (AUS) 1st Jan,To Be Placed,01-01-2026 04:32,83119124,7. Darn Hot Lady,0,4.33437595,1.0000,3.6873,1.00,1001.00,1.00,1001.00,2634.55,0.00,0.00
252192130,Burrumbeet (AUS) 1st Jan,To Be Placed,01-01-2026 04:16,59956718,4. Spinhof,0,2.20843844,1.0000,1.6071,1.00,1001.00,1.00,1001.00,265.73,0.00,0.00
252192116,Burrumbeet (AUS) 1st Jan,To Be Placed,01-01-2026 03:01,3452741,1. Analytical,0,2.52000000,1.0000,1.9929,1.00,1001.00,1.00,1001.00,1361.27,0.00,0.00
252195115,Ascot (AUS) 1st Jan,To Be Placed,01-01-2026 10:19,93168737,14. Late Arrival,0,6.00000000,1.0000,3.6104,1.00,1001.00,1.00,1001.00,404.40,0.00,0.00
252195052,Ascot (AUS) 1st Jan,To Be Placed,01-01-2026 05:48,57047318,5. Pin Deep,0,7.05146063,1.0000,5.1486,1.00,1001.00,1.00,1001.00,146.10,0.00,0.00
252215601,Echuca (AUS) 1st Jan,To Be Placed,01-01-2026 11:00,55722182,6. Fake Cullection,1,2.06000000,1.0000,1.6499,1.00,1001.00,1.00,1001.00,29.76,0.00,0.00
252215597,Echuca (AUS) 1st Jan,To Be Placed,01-01-2026 09:59,39208073,1. Four Starzzz Ruby,0,1.42000000,1.0000,1.3396,1.00,1001.00,1.00,1001.00,165.26,0.00,0.00
252194439,Longford (AUS) 1st Jan,To Be Placed,01-01-2026 06:49,699200,3. Captain Morgan,1,2.18062418,1.0000,1.4294,1.00,1001.00,1.00,1001.00,952.88,0.00,0.00
252195088,Ascot (AUS) 1st Jan,To Be Placed,01-01-2026 08:25,93168730,1. Machine Gun Gracie,0,1.73162412,1.0000,1.5380,1.00,1001.00,1.00,1001.00,2810.91,0.00,0.00
252195097,Ascot (AUS) 1st Jan,To Be Placed,01-01-2026 09:00,93168734,12. Richanco,1,3.15000000,1.0000,2.5571,1.00,1001.00,1.00,1001.00,667.40,0.00,0.00
252192346,Mornington (AUS) 1st Jan,To Be Placed,01-01-2026 02:10,93206563,9. Chateau Dancer,0,3.03585445,1.0000,2.5701,1.00,1001.00,1.00,1001.00,865.38,0.00,0.00
252195012,Murray Bridge (AUS) 1st Jan,To Be Placed,01-01-2026 06:12,58711811,9. Shes Ternacious,1,2.96000000,1.0000,2.7476,1.00,1001.00,1.00,1001.00,790.64,0.00,0.00
252194401,Longford (AUS) 1st Jan,To Be Placed,01-01-2026 02:54,93168132,8. Pacific Witness,1,1.57257450,1.0000,1.4229,1.00,1001.00,1.00,1001.00,428.69,0.00,0.00
252192193,Hanging Rock (AUS) 1st Jan,To Be Placed,01-01-2026 05:44,48920116,8. Parabellum,0,3.60129277,1.0000,2.6327,1.00,1001.00,1.00,1001.00,594.83,0.00,0.00
252215591,Echuca (AUS) 1st Jan,To Be Placed,01-01-2026 08:06,91159355,8. Me And Zac,0,2.44000000,1.0000,1.8503,1.00,1001.00,1.00,1001.00,59.54,0.00,0.00
252192411,Inverell (AUS) 1st Jan,To Be Placed,01-01-2026 02:50,86975817,3. Calle,0,14.35216834,1.0000,8.0469,1.00,1001.00,1.00,1001.00,249.55,0.00,0.00
252192386,Mornington (AUS) 1st Jan,To Be Placed,01-01-2026 05:20,93206593,9. Convo,1,4.00000000,1.0000,3.4122,1.00,1001.00,1.00,1001.00,848.85,0.00,0.00
252215582,Leeton (AUS) 1st Jan,To Be Placed,01-01-2026 10:45,86936258,1. Cali Mae,1,1.45000000,1.0000,1.4229,1.00,1001.00,1.00,1001.00,35.60,0.00,0.00
252192317,Sunshine Coast (AUS) 1st Jan,To Be Placed,01-01-2026 03:13,36593985,7. Mob Buster,0,46.00000000,1.0000,22.4513,1.00,1001.00,1.00,1001.00,117.02,0.00,0.00
252192417,Inverell (AUS) 1st Jan,To Be Placed,01-01-2026 04:05,36058161,3. Shuri,0,5.90000000,1.0000,2.5982,1.00,1001.00,1.00,1001.00,107.20,0.00,0.00
252194426,Longford (AUS) 1st Jan,To Be Placed,01-01-2026 05:29,1515134,5. Fluffys Girl,1,1.32000000,1.0000,1.1847,1.00,1001.00,1.00,1001.00,1388.58,0.00,0.00
252192179,Hanging Rock (AUS) 1st Jan,To Be Placed,01-01-2026 04:24,78977324,4. Plastic Dreams,0,3.16907183,1.0000,2.5551,1.00,1001.00,1.00,1001.00,721.41,0.00,0.00
252192394,Mornington (AUS) 1st Jan,To Be Placed,01-01-2026 06:00,61139812,1. Bons To Riches,0,1.72000000,1.0000,1.2362,1.00,1001.00,1.00,1001.00,2842.50,0.00,0.00
252192317,Sunshine Coast (AUS) 1st Jan,To Be Placed,01-01-2026 03:13,35981062,3. Koruto,0,2.16120666,1.0000,1.9886,1.00,1001.00,1.00,1001.00,1793.28,0.00,0.00
252194420,Longford (AUS) 1st Jan,To Be Placed,01-01-2026 04:49,84696208,3. Amahlosi,0,4.40000000,1.0000,3.4522,1.00,1001.00,1.00,1001.00,290.94,0.00,0.00
252195106,Ascot (AUS) 1st Jan,To Be Placed,01-01-2026 09:40,77927957,14. Simply,0,13.33702777,1.0000,11.0690,1.00,1001.00,1.00,1001.00,1185.28,0.00,0.00
252215579,Leeton (AUS) 1st Jan,To Be Placed,01-01-2026 10:14,46329074,6. Wongalea Meg,0,46.56240434,1.0000,12.0801,1.00,1001.00,1.00,1001.00,14.72,0.00,0.00
252192325,Sunshine Coast (AUS) 1st Jan,To Be Placed,01-01-2026 04:32,93206936,2. Sweet Hesitation,0,6.80000000,1.0000,5.4114,1.00,1001.00,1.00,1001.00,379.63,0.00,0.00
252195018,Murray Bridge (AUS) 1st Jan,To Be Placed,01-01-2026 06:53,71940502,6. Immortal Shield,0,11.32464285,1.0000,6.8010,1.00,1001.00,1.00,1001.00,475.94,0.00,0.00
252192346,Mornington (AUS) 1st Jan,To Be Placed,01-01-2026 02:10,93206564,10. Durness,0,3.75628184,1.0000,3.2646,1.00,1001.00,1.00,1001.00,737.51,0.00,0.00
252192423,Inverell (AUS) 1st Jan,To Be Placed,01-01-2026 05:25,52696173,3. Dis Is Heaven,1,1.85635517,1.0000,1.5878,1.00,1001.00,1.00,1001.00,725.99,0.00,0.00
252192137,Burrumbeet (AUS) 1st Jan,To Be Placed,01-01-2026 04:56,5070964,4. Verbosity,1,4.14797932,1.0000,2.5360,1.00,1001.00,1.00,1001.00,469.70,0.00,0.00
252192130,Burrumbeet (AUS) 1st Jan,To Be Placed,01-01-2026 04:16,27341351,3. Paint Me Red,1,1.73000000,1.0000,1.5637,1.00,1001.00,1.00,1001.00,601.55,0.00,0.00
252195106,Ascot (AUS) 1st Jan,To Be Placed,01-01-2026 09:40,68124978,5. Buckets Ridge,0,4.22085932,1.0000,3.4205,1.00,1001.00,1.00,1001.00,2301.96,0.00,0.00
252195025,Ascot (AUS) 1st Jan,To Be Placed,01-01-2026 03:48,67858320,5. Define Beautiful,0,1.64636289,1.0000,1.3612,1.00,1001.00,1.00,1001.00,2515.71,0.00,0.00
252192354,Mornington (AUS) 1st Jan,To Be Placed,01-01-2026 02:45,1311183,3. Poised,0,5.50505339,1.0000,4.0449,1.00,1001.00,1.00,1001.00,699.27,0.00,0.00
252194394,Longford (AUS) 1st Jan,To Be Placed,01-01-2026 02:22,87454480,3. Raging Waters,0,4.07255877,1.0000,1.7289,1.00,1001.00,1.00,1001.00,246.20,0.00,0.00
252192877,Canterbury (AUS) 1st Jan,To Be Placed,01-01-2026 08:00,52873296,5. Kingdom Of Logres,0,3.75000000,1.0000,,1.00,1001.00,1.00,1001.00,113.20,0.00,0.00
252194401,Longford (AUS) 1st Jan,To Be Placed,01-01-2026 02:54,93168130,6. Prosperous Miss,0,7.20000000,1.0000,4.8790,1.00,1001.00,1.00,1001.00,262.16,0.00,0.00
252194988,Murray Bridge (AUS) 1st Jan,To Be Placed,01-01-2026 03:32,93206415,7. Stylish Flipper,1,1.28000000,1.0000,1.1764,1.00,1001.00,1.00,1001.00,2620.76,0.00,0.00
252192341,Sunshine Coast (AUS) 1st Jan,To Be Placed,01-01-2026 07:15,9462166,14. Sir Maurice,0,2.84000000,1.0000,2.3031,1.00,1001.00,1.00,1001.00,408.45,0.00,0.00
252194982,Murray Bridge (AUS) 1st Jan,To Be Placed,01-01-2026 02:57,86620381,7. Lai Flipper,0,7.17305975,1.0000,3.3797,1.00,1001.00,1.00,1001.00,134.44,0.00,0.00
252192094,Port Macquarie (AUS) 1st Jan,To Be Placed,01-01-2026 05:55,68157274,5. Beebee,1,2.12000000,1.0000,1.5324,1.00,1001.00,1.00,1001.00,291.10,0.00,0.00
252215597,Echuca (AUS) 1st Jan,To Be Placed,01-01-2026 09:59,75323664,7. Its Hydromatic,0,18.46672179,1.0000,6.7733,1.00,1001.00,1.00,1001.00,56.64,0.00,0.00
252195043,Ascot (AUS) 1st Jan,To Be Placed,01-01-2026 05:08,87456411,3. Ripper Rupert,0,4.60000000,1.0000,2.6601,1.00,1001.00,1.00,1001.00,213.80,0.00,0.00
252218201,Busselton (AUS) 1st Jan,To Be Placed,01-01-2026 11:07,61641427,3. Satan Princess,1,7.40000000,1.0000,1.0000,1.00,1001.00,1.00,1001.00,0.00,0.00,0.00
252192085,Port Macquarie (AUS) 1st Jan,To Be Placed,01-01-2026 03:55,93206332,6. Flame Of Fire,1,4.80000000,1.0000,,1.00,1001.00,1.00,1001.00,21.82,0.00,0.00
252192426,Inverell (AUS) 1st Jan,To Be Placed,01-01-2026 06:05,39008716,2. Auzstar,0,16.37313061,1.0000,7.1864,1.00,1001.00,1.00,1001.00,69.18,0.00,0.00
252194394,Longford (AUS) 1st Jan,To Be Placed,01-01-2026 02:22,92160993,1. Lord Hear Us,1,1.30000000,1.0000,1.0873,1.00,1001.00,1.00,1001.00,2719.57,0.00,0.00
252192137,Burrumbeet (AUS) 1st Jan,To Be Placed,01-01-2026 04:56,81601697,8. French Savoy,0,6.20000000,1.0000,2.9890,1.00,1001.00,1.00,1001.00,258.22,0.00,0.00
252192091,Port Macquarie (AUS) 1st Jan,To Be Placed,01-01-2026 05:15,93206338,2. Carafe,1,8.49907600,1.0000,3.4588,1.00,1001.00,1.00,1001.00,26.20,0.00,0.00
252195070,Ascot (AUS) 1st Jan,To Be Placed,01-01-2026 07:08,93168725,6. Territory Man,1,1.58000000,1.0000,1.4221,1.00,1001.00,1.00,1001.00,4451.48,0.00,0.00
252192859,Canterbury (AUS) 1st Jan,To Be Placed,01-01-2026 07:00,81435788,2. Sydney Bowler,0,1.96000000,1.0000,1.4033,1.00,1001.00,1.00,1001.00,256.24,0.00,0.00
252192814,Canterbury (AUS) 1st Jan,To Be Placed,01-01-2026 03:40,93206486,1. Tendi,0,8.83182190,1.0000,4.7730,1.00,1001.00,1.00,1001.00,711.08,0.00,0.00
252192317,Sunshine Coast (AUS) 1st Jan,To Be Placed,01-01-2026 03:13,53184038,4. Archers Game,1,3.77691000,1.0000,2.6859,1.00,1001.00,1.00,1001.00,2256.67,0.00,0.00
252215570,Leeton (AUS) 1st Jan,To Be Placed,01-01-2026 08:29,51589750,1. Ellava Pacer,1,5.03895324,1.0000,6.2780,1.00,1001.00,1.00,1001.00,440.19,0.00,0.00
252195006,Murray Bridge (AUS) 1st Jan,To Be Placed,01-01-2026 05:32,565468,2. In Love,0,2.10347598,1.0000,1.7376,1.00,1001.00,1.00,1001.00,1677.31,0.00,0.00
252192429,Inverell (AUS) 1st Jan,To Be Placed,01-01-2026 06:45,82376396,2. Bolt Away Now,1,1.13479827,1.0000,1.0790,1.00,1001.00,1.00,1001.00,1926.88,0.00,0.00
252192165,Hanging Rock (AUS) 1st Jan,To Be Placed,01-01-2026 03:09,93206734,7. Natalie Joy,0,4.40000000,1.0000,3.3448,1.00,1001.00,1.00,1001.00,357.07,0.00,0.00
252192362,Mornington (AUS) 1st Jan,To Be Placed,01-01-2026 03:20,93206581,6. Heidi Dancer,1,3.68840819,1.0000,1.8841,1.00,1001.00,1.00,1001.00,1138.27,0.00,0.00
252215570,Leeton (AUS) 1st Jan,To Be Placed,01-01-2026 08:29,82858719,9. Heavens Badgirl,0,9.00000000,1.0000,3.2612,1.00,1001.00,1.00,1001.00,9.34,0.00,0.00
252218199,Busselton (AUS) 1st Jan,To Be Placed,01-01-2026 10:27,91172136,5. Three Flames,0,2.00000000,1.0000,1.6209,1.00,1001.00,1.00,1001.00,30.36,0.00,0.00
252192172,Hanging Rock (AUS) 1st Jan,To Be Placed,01-01-2026 03:44,83677243,8. Rowdy Anthem,1,4.14246089,1.0000,1.7367,1.00,1001.00,1.00,1001.00,469.03,0.00,0.00
252192151,Burrumbeet (AUS) 1st Jan,To Be Placed,01-01-2026 06:16,28223974,5. Stirrup,0,2.95174161,1.0000,2.1065,1.00,1001.00,1.00,1001.00,539.30,0.00,0.00
252192144,Burrumbeet (AUS) 1st Jan,To Be Placed,01-01-2026 05:36,41663653,2. Station One,1,1.79841243,1.0000,1.6823,1.00,1001.00,1.00,1001.00,1959.80,0.00,0.00
252192130,Burrumbeet (AUS) 1st Jan,To Be Placed,01-01-2026 04:16,76335525,8. Gijima Gal,0,13.36151158,1.0000,6.1000,1.00,1001.00,1.00,1001.00,303.12,0.00,0.00
252195115,Ascot (AUS) 1st Jan,To Be Placed,01-01-2026 10:19,77962920,2. Dug Another Hole,1,4.88337194,1.0000,3.2173,1.00,1001.00,1.00,1001.00,465.66,0.00,0.00
252192341,Sunshine Coast (AUS) 1st Jan,To Be Placed,01-01-2026 07:15,4397146,11. New Hampshire,0,11.28001078,1.0000,3.4382,1.00,1001.00,1.00,1001.00,229.16,0.00,0.00
252192426,Inverell (AUS) 1st Jan,To Be Placed,01-01-2026 06:05,47241208,8. Intoxel,0,8.00000000,1.0000,6.3956,1.00,1001.00,1.00,1001.00,520.26,0.00,0.00
252192123,Burrumbeet (AUS) 1st Jan,To Be Placed,01-01-2026 03:36,93206766,8. Licentious,0,1.43908688,1.0000,1.2201,1.00,1001.00,1.00,1001.00,849.02,0.00,0.00
252192859,Canterbury (AUS) 1st Jan,To Be Placed,01-01-2026 07:00,41831986,3. Fine Vintage,1,5.95666499,1.0000,4.1808,1.00,1001.00,1.00,1001.00,1412.63,0.00,0.00
252192814,Canterbury (AUS) 1st Jan,To Be Placed,01-01-2026 03:40,93206487,3. Copycat,0,4.99143424,1.0000,3.0101,1.00,1001.00,1.00,1001.00,498.42,0.00,0.00
252192814,Canterbury (AUS) 1st Jan,To Be Placed,01-01-2026 03:40,93206489,9. Royal Corporal,1,2.68000000,1.0000,1.8753,1.00,1001.00,1.00,1001.00,593.67,0.00,0.00
252215567,Leeton (AUS) 1st Jan,To Be Placed,01-01-2026 07:52,46790905,9. Barwen Storm,0,14.08636352,1.0000,1.1749,1.00,1001.00,1.00,1001.00,6.06,0.00,0.00
252192420,Inverell (AUS) 1st Jan,To Be Placed,01-01-2026 04:45,38779283,1. Cabsav,0,4.01115695,1.0000,2.2837,1.00,1001.00,1.00,1001.00,373.98,0.00,0.00
252192420,Inverell (AUS) 1st Jan,To Be Placed,01-01-2026 04:45,67359165,13. Bad Boy Darby,1,9.60000000,1.0000,8.0194,1.00,1001.00,1.00,1001.00,57.76,0.00,0.00
252194420,Longford (AUS) 1st Jan,To Be Placed,01-01-2026 04:49,36834029,5. Gee Gee Can Win,0,1.72559299,1.0000,1.5621,1.00,1001.00,1.00,1001.00,963.23,0.00,0.00
252192378,Mornington (AUS) 1st Jan,To Be Placed,01-01-2026 04:40,92703293,1. Buddong,0,3.55000000,1.0000,2.8286,1.00,1001.00,1.00,1001.00,711.21,0.00,0.00
252215582,Leeton (AUS) 1st Jan,To Be Placed,01-01-2026 10:45,45134897,8. Tin Amber Mine,0,9.40000000,1.0000,5.3963,1.00,1001.00,1.00,1001.00,22.02,0.00,0.00
252195088,Ascot (AUS) 1st Jan,To Be Placed,01-01-2026 08:25,334289,5. Noteworthy,0,2.70282701,1.0000,2.4023,1.00,1001.00,1.00,1001.00,800.53,0.00,0.00
252192109,Burrumbeet (AUS) 1st Jan,To Be Placed,01-01-2026 02:26,91116072,3. Le Glacon,0,3.35000000,1.0000,1.7171,1.00,1001.00,1.00,1001.00,405.29,0.00,0.00
252195070,Ascot (AUS) 1st Jan,To Be Placed,01-01-2026 07:08,86621727,11. Right To Silence,0,3.78781838,1.0000,2.6117,1.00,1001.00,1.00,1001.00,1073.11,0.00,0.00
252192859,Canterbury (AUS) 1st Jan,To Be Placed,01-01-2026 07:00,29814057,8. Just In Time,1,1.65626828,1.0000,1.4690,1.00,1001.00,1.00,1001.00,1841.02,0.00,0.00
252192346,Mornington (AUS) 1st Jan,To Be Placed,01-01-2026 02:10,70421182,4. Tensile,0,50.00000000,1.0000,30.6141,1.00,1001.00,1.00,1001.00,144.53,0.00,0.00
252215582,Leeton (AUS) 1st Jan,To Be Placed,01-01-2026 10:45,88419246,4. Jakryan,1,2.00000000,1.0000,1.5801,1.00,1001.00,1.00,1001.00,359.88,0.00,0.00
252192411,Inverell (AUS) 1st Jan,To Be Placed,01-01-2026 02:50,79523231,6. Crashmyplaya,1,2.14107688,1.0000,1.7196,1.00,1001.00,1.00,1001.00,476.80,0.00,0.00
252192329,Sunshine Coast (AUS) 1st Jan,To Be Placed,01-01-2026 05:12,93206952,21. Blackjack,1,1.54000000,1.0000,1.4237,1.00,1001.00,1.00,1001.00,2849.07,0.00,0.00
252194988,Murray Bridge (AUS) 1st Jan,To Be Placed,01-01-2026 03:32,93206419,12. Star Serpent,0,2.98000000,1.0000,2.5043,1.00,1001.00,1.00,1001.00,531.18,0.00,0.00
252192186,Hanging Rock (AUS) 1st Jan,To Be Placed,01-01-2026 05:04,28170295,1. Blaazay,0,5.72998612,1.0000,4.0972,1.00,1001.00,1.00,1001.00,257.30,0.00,0.00
252215595,Echuca (AUS) 1st Jan,To Be Placed,01-01-2026 09:21,82311222,4. Give Dave A Wave,0,11.00000000,1.0000,11.4181,1.00,1001.00,1.00,1001.00,21.81,0.00,0.00
252195079,Ascot (AUS) 1st Jan,To Be Placed,01-01-2026 07:45,41490266,7. Classic Rogue,0,12.50000000,1.0000,8.7866,1.00,1001.00,1.00,1001.00,304.16,0.00,0.00
252195025,Ascot (AUS) 1st Jan,To Be Placed,01-01-2026 03:48,93168714,10. Elvira Star,0,7.20000000,1.0000,4.6491,1.00,1001.00,1.00,1001.00,550.65,0.00,0.00
252194994,Murray Bridge (AUS) 1st Jan,To Be Placed,01-01-2026 04:12,93206422,2. Road To The City,0,37.10948437,1.0000,2.9821,1.00,1001.00,1.00,1001.00,20.12,0.00,0.00
252192411,Inverell (AUS) 1st Jan,To Be Placed,01-01-2026 02:50,91806568,10. Rufus Atticus,0,2.04000000,1.0000,1.6578,1.00,1001.00,1.00,1001.00,514.22,0.00,0.00
252192394,Mornington (AUS) 1st Jan,To Be Placed,01-01-2026 06:00,93206597,10. Insain Harry,1,1.37371168,1.0000,1.1547,1.00,1001.00,1.00,1001.00,2613.93,0.00,0.00
252215573,Leeton (AUS) 1st Jan,To Be Placed,01-01-2026 09:06,88042736,10. Miki Loch,0,4.70000000,1.0000,3.8483,1.00,1001.00,1.00,1001.00,171.58,0.00,0.00
252215576,Leeton (AUS) 1st Jan,To Be Placed,01-01-2026 09:44,88707039,1. Kimcando,0,4.36016666,1.0000,,1.00,1001.00,1.00,1001.00,11.90,0.00,0.00
252218201,Busselton (AUS) 1st Jan,To Be Placed,01-01-2026 11:07,89938194,1. Viciously Unkind,1,1.11000000,1.0000,1.0000,1.00,1001.00,1.00,1001.00,0.00,0.00,0.00
252192144,Burrumbeet (AUS) 1st Jan,To Be Placed,01-01-2026 05:36,41286162,1. Rhinoceros,0,1.54728789,1.0000,1.2039,1.00,1001.00,1.00,1001.00,6216.63,0.00,0.00
252192386,Mornington (AUS) 1st Jan,To Be Placed,01-01-2026 05:20,72444788,2. Norwoods,0,1.47000000,1.0000,1.3918,1.00,1001.00,1.00,1001.00,3525.25,0.00,0.00
252192411,Inverell (AUS) 1st Jan,To Be Placed,01-01-2026 02:50,3814143,2. Hurricane Hank,0,10.62279932,1.0000,4.9241,1.00,1001.00,1.00,1001.00,203.93,0.00,0.00
252195018,Murray Bridge (AUS) 1st Jan,To Be Placed,01-01-2026 06:53,93206440,4. Pricillas Choice,1,2.53236969,1.0000,1.6011,1.00,1001.00,1.00,1001.00,2124.53,0.00,0.00
252192165,Hanging Rock (AUS) 1st Jan,To Be Placed,01-01-2026 03:09,5253123,5. Do Say,0,1.62000000,1.0000,1.4351,1.00,1001.00,1.00,1001.00,68.96,0.00,0.00
252195052,Ascot (AUS) 1st Jan,To Be Placed,01-01-2026 05:48,64343968,1. Sinful Living,1,3.13359806,1.0000,1.7738,1.00,1001.00,1.00,1001.00,487.06,0.00,0.00
252192402,Mornington (AUS) 1st Jan,To Be Placed,01-01-2026 06:40,77428505,9. Brutal World,0,2.25959680,1.0000,1.7868,1.00,1001.00,1.00,1001.00,757.14,0.00,0.00
252195052,Ascot (AUS) 1st Jan,To Be Placed,01-01-2026 05:48,93168721,8. Atlantic Spirit,0,9.50663986,1.0000,3.5306,1.00,1001.00,1.00,1001.00,886.86,0.00,0.00
252215564,Leeton (AUS) 1st Jan,To Be Placed,01-01-2026 07:22,77730281,3. Ellens Delight,0,15.15282087,1.0000,8.1568,1.00,1001.00,1.00,1001.00,4.91,0.00,0.00
252192321,Sunshine Coast (AUS) 1st Jan,To Be Placed,01-01-2026 03:52,4210697,4. Stanislaus,1,10.50000000,1.0000,8.0218,1.00,1001.00,1.00,1001.00,310.54,0.00,0.00
252192341,Sunshine Coast (AUS) 1st Jan,To Be Placed,01-01-2026 07:15,93206959,9. Greyzous,1,1.56267196,1.0000,1.3887,1.00,1001.00,1.00,1001.00,1631.76,0.00,0.00
252195070,Ascot (AUS) 1st Jan,To Be Placed,01-01-2026 07:08,3918440,10. Classic Impact,0,2.32141834,1.0000,2.1631,1.00,1001.00,1.00,1001.00,1775.05,0.00,0.00
252192386,Mornington (AUS) 1st Jan,To Be Placed,01-01-2026 05:20,78600323,3. Triple Time,1,3.20000000,1.0000,2.3043,1.00,1001.00,1.00,1001.00,1150.73,0.00,0.00
252218207,Busselton (AUS) 1st Jan,To Be Placed,01-01-2026 12:35,12822279,3. Hes Royal Blue,0,10.00000000,1.0000,1.0000,1.00,1001.00,1.00,1001.00,0.00,0.00,0.00
252192362,Mornington (AUS) 1st Jan,To Be Placed,01-01-2026 03:20,93206583,8. Mariner Miss,0,5.20000000,1.0000,3.0740,1.00,1001.00,1.00,1001.00,702.39,0.00,0.00
252194994,Murray Bridge (AUS) 1st Jan,To Be Placed,01-01-2026 04:12,85505656,3. Bargain Boy,1,2.59664417,1.0000,1.8359,1.00,1001.00,1.00,1001.00,623.01,0.00,0.00
252192814,Canterbury (AUS) 1st Jan,To Be Placed,01-01-2026 03:40,3540170,6. Portofino,1,1.43502460,1.0000,1.4142,1.00,1001.00,1.00,1001.00,1604.90,0.00,0.00
252215582,Leeton (AUS) 1st Jan,To Be Placed,01-01-2026 10:45,54186174,6. Emiko,0,5.80000000,1.0000,1.0963,1.00,1001.00,1.00,1001.00,20.18,0.00,0.00
252192109,Burrumbeet (AUS) 1st Jan,To Be Placed,01-01-2026 02:26,83191478,2. Larkin,0,2.06000000,1.0000,1.7722,1.00,1001.00,1.00,1001.00,553.03,0.00,0.00
252215587,Echuca (AUS) 1st Jan,To Be Placed,01-01-2026 07:03,38553631,8. Our Cheeky Devil,0,4.30000000,1.0000,2.6500,1.00,1001.00,1.00,1001.00,2.44,0.00,0.00
252215579,Leeton (AUS) 1st Jan,To Be Placed,01-01-2026 10:14,54186177,1. Aliski,0,54.72423419,1.0000,20.4643,1.00,1001.00,1.00,1001.00,15.98,0.00,0.00
252192193,Hanging Rock (AUS) 1st Jan,To Be Placed,01-01-2026 05:44,91485965,10. Brassi Road,0,6.40000000,1.0000,3.6580,1.00,1001.00,1.00,1001.00,447.75,0.00,0.00
252195079,Ascot (AUS) 1st Jan,To Be Placed,01-01-2026 07:45,69904679,5. Chollima,0,3.77203269,1.0000,2.6413,1.00,1001.00,1.00,1001.00,1267.42,0.00,0.00
252215589,Echuca (AUS) 1st Jan,To Be Placed,01-01-2026 07:34,42997978,3. Alcatraz Girl,0,2.10000000,1.0000,1.7367,1.00,1001.00,1.00,1001.00,68.55,0.00,0.00
252215589,Echuca (AUS) 1st Jan,To Be Placed,01-01-2026 07:34,16040077,8. Tasma Flash,0,8.06106870,1.0000,6.5441,1.00,1001.00,1.00,1001.00,33.92,0.00,0.00
252192362,Mornington (AUS) 1st Jan,To Be Placed,01-01-2026 03:20,93206579,2. Drefonna,0,1.72000000,1.0000,1.5117,1.00,1001.00,1.00,1001.00,4151.87,0.00,0.00
252215585,Leeton (AUS) 1st Jan,To Be Placed,01-01-2026 11:15,51785181,7. Ole Chester,0,1.90000000,1.0000,1.0000,1.00,1001.00,1.00,1001.00,0.00,0.00,0.00
252192109,Burrumbeet (AUS) 1st Jan,To Be Placed,01-01-2026 02:26,3735648,5. Strum,0,1.92000000,1.0000,1.4831,1.00,1001.00,1.00,1001.00,1537.61,0.00,0.00
252192329,Sunshine Coast (AUS) 1st Jan,To Be Placed,01-01-2026 05:12,93206944,12. Espoir Da Tap,0,5.00000000,1.0000,3.7187,1.00,1001.00,1.00,1001.00,1902.59,0.00,0.00
252192317,Sunshine Coast (AUS) 1st Jan,To Be Placed,01-01-2026 03:13,1357589,5. Pepperdine,0,1.67940143,1.0000,1.4934,1.00,1001.00,1.00,1001.00,2843.78,0.00,0.00
252195018,Murray Bridge (AUS) 1st Jan,To Be Placed,01-01-2026 06:53,93206442,10. Frontpoint,0,12.15834974,1.0000,4.6579,1.00,1001.00,1.00,1001.00,319.44,0.00,0.00
252192179,Hanging Rock (AUS) 1st Jan,To Be Placed,01-01-2026 04:24,93206739,9. Irish Bloom,0,1.94000000,1.0000,1.6033,1.00,1001.00,1.00,1001.00,1430.38,0.00,0.00
252192158,Hanging Rock (AUS) 1st Jan,To Be Placed,01-01-2026 02:34,56053734,2. Boyfromwye,0,11.40613042,1.0000,9.3394,1.00,1001.00,1.00,1001.00,233.89,0.00,0.00
252192165,Hanging Rock (AUS) 1st Jan,To Be Placed,01-01-2026 03:09,93206733,6. Larza City,0,17.50000000,1.0000,8.8601,1.00,1001.00,1.00,1001.00,145.49,0.00,0.00
252194439,Longford (AUS) 1st Jan,To Be Placed,01-01-2026 06:49,55206166,2. Al Maximus,0,2.22000000,1.0000,1.7875,1.00,1001.00,1.00,1001.00,256.63,0.00,0.00
252215573,Leeton (AUS) 1st Jan,To Be Placed,01-01-2026 09:06,47393919,8. Test Of Fire,0,4.40000000,1.0000,1.8245,1.00,1001.00,1.00,1001.00,27.38,0.00,0.00
252218199,Busselton (AUS) 1st Jan,To Be Placed,01-01-2026 10:27,69422542,4. Village Dee Jay,1,1.22000000,1.0000,1.2543,1.00,1001.00,1.00,1001.00,211.30,0.00,0.00
252194432,Longford (AUS) 1st Jan,To Be Placed,01-01-2026 06:09,75673256,1. Distrustful Award,0,2.93014904,1.0000,2.0208,1.00,1001.00,1.00,1001.00,757.90,0.00,0.00
252195043,Ascot (AUS) 1st Jan,To Be Placed,01-01-2026 05:08,88420139,10. Impending Lass,0,226.90644376,1.0000,41.8314,1.00,1001.00,1.00,1001.00,54.88,0.00,0.00
252195061,Ascot (AUS) 1st Jan,To Be Placed,01-01-2026 06:28,84983473,1. Playinit Sweet,1,1.20746095,1.0000,1.1623,1.00,1001.00,1.00,1001.00,5826.76,0.00,0.00
252195106,Ascot (AUS) 1st Jan,To Be Placed,01-01-2026 09:40,61792136,3. Diamond Scene,0,3.29156129,1.0000,2.1706,1.00,1001.00,1.00,1001.00,2888.43,0.00,0.00
252195079,Ascot (AUS) 1st Jan,To Be Placed,01-01-2026 07:45,71404754,10. Atlantis Beach,0,36.00000000,1.0000,20.7959,1.00,1001.00,1.00,1001.00,182.89,0.00,0.00
252192137,Burrumbeet (AUS) 1st Jan,To Be Placed,01-01-2026 04:56,9573407,7. Take The Prize,0,5.00407926,1.0000,2.9981,1.00,1001.00,1.00,1001.00,280.81,0.00,0.00
252215589,Echuca (AUS) 1st Jan,To Be Placed,01-01-2026 07:34,40796122,1. Lochinvar Charm,0,4.20000000,1.0000,2.8586,1.00,1001.00,1.00,1001.00,717.88,0.00,0.00
252192378,Mornington (AUS) 1st Jan,To Be Placed,01-01-2026 04:40,57078190,2. Hollandia,1,9.97520013,1.0000,5.9413,1.00,1001.00,1.00,1001.00,152.49,0.00,0.00
252215585,Leeton (AUS) 1st Jan,To Be Placed,01-01-2026 11:15,70611450,4. Valdezz,0,5.90000000,1.0000,1.0000,1.00,1001.00,1.00,1001.00,0.00,0.00,0.00
252192317,Sunshine Coast (AUS) 1st Jan,To Be Placed,01-01-2026 03:13,2575731,6. Capital Asset,1,2.14148848,1.0000,1.7029,1.00,1001.00,1.00,1001.00,939.68,0.00,0.00
252195018,Murray Bridge (AUS) 1st Jan,To Be Placed,01-01-2026 06:53,943351,9. Enlist,0,11.50000000,1.0000,3.3536,1.00,1001.00,1.00,1001.00,262.41,0.00,0.00
252192370,Mornington (AUS) 1st Jan,To Be Placed,01-01-2026 04:00,28437221,2. Auckland,0,2.68003615,1.0000,1.7725,1.00,1001.00,1.00,1001.00,1156.30,0.00,0.00
252192823,Canterbury (AUS) 1st Jan,To Be Placed,01-01-2026 04:20,91748092,1. Galway Flyer,0,10.05862939,1.0000,6.9160,1.00,1001.00,1.00,1001.00,280.42,0.00,0.00
252192172,Hanging Rock (AUS) 1st Jan,To Be Placed,01-01-2026 03:44,73220436,14. Noci Di Cocco,0,3.94979921,1.0000,2.2182,1.00,1001.00,1.00,1001.00,394.73,0.00,0.00
252192109,Burrumbeet (AUS) 1st Jan,To Be Placed,01-01-2026 02:26,93206753,7. Koyuga Rip,0,3.15127564,1.0000,2.0898,1.00,1001.00,1.00,1001.00,538.90,0.00,0.00
252195115,Ascot (AUS) 1st Jan,To Be Placed,01-01-2026 10:19,56528649,11. Great Fortune,0,11.00000000,1.0000,8.0397,1.00,1001.00,1.00,1001.00,488.80,0.00,0.00
252215601,Echuca (AUS) 1st Jan,To Be Placed,01-01-2026 11:00,54634158,8. Pee Bees Delight,0,24.00000000,1.0000,25.3446,1.00,1001.00,1.00,1001.00,62.26,0.00,0.00
252215597,Echuca (AUS) 1st Jan,To Be Placed,01-01-2026 09:59,13072862,4. Clem Mcardle,0,4.30000000,1.0000,2.7993,1.00,1001.00,1.00,1001.00,205.03,0.00,0.00
252215567,Leeton (AUS) 1st Jan,To Be Placed,01-01-2026 07:52,68570591,4. Kyleigh,1,1.84000000,1.0000,1.3348,1.00,1001.00,1.00,1001.00,129.40,0.00,0.00
252215564,Leeton (AUS) 1st Jan,To Be Placed,01-01-2026 07:22,93168920,8. Five Oclock Wave,0,3.05000000,1.0000,1.8534,1.00,1001.00,1.00,1001.00,90.30,0.00,0.00
252192417,Inverell (AUS) 1st Jan,To Be Placed,01-01-2026 04:05,93206156,9. A Tent Hut,0,3.14364301,1.0000,2.1278,1.00,1001.00,1.00,1001.00,154.66,0.00,0.00
252192097,Port Macquarie (AUS) 1st Jan,To Be Placed,01-01-2026 06:35,71723189,9. Gold Something,0,3.92059062,1.0000,1.9765,1.00,1001.00,1.00,1001.00,419.81,0.00,0.00
252192420,Inverell (AUS) 1st Jan,To Be Placed,01-01-2026 04:45,93206158,9. Celestial Bell,0,18.13460067,1.0000,8.3970,1.00,1001.00,1.00,1001.00,46.74,0.00,0.00
252194413,Longford (AUS) 1st Jan,To Be Placed,01-01-2026 04:09,4634858,1. Cool Heart,1,2.66938701,1.0000,1.6193,1.00,1001.00,1.00,1001.00,346.63,0.00,0.00
252192130,Burrumbeet (AUS) 1st Jan,To Be Placed,01-01-2026 04:16,69904695,1. Gold Governor,1,1.74000000,1.0000,1.6154,1.00,1001.00,1.00,1001.00,151.63,0.00,0.00
252192123,Burrumbeet (AUS) 1st Jan,To Be Placed,01-01-2026 03:36,93206763,1. Rule Of Thunder,0,21.00000000,1.0000,17.6687,1.00,1001.00,1.00,1001.00,86.31,0.00,0.00
252192123,Burrumbeet (AUS) 1st Jan,To Be Placed,01-01-2026 03:36,72988527,5. Knock Of Beers,1,10.50000000,1.0000,7.4975,1.00,1001.00,1.00,1001.00,61.26,0.00,0.00
252192414,Inverell (AUS) 1st Jan,To Be Placed,01-01-2026 03:25,61860927,8. Electric Evie,0,4.80000000,1.0000,2.8518,1.00,1001.00,1.00,1001.00,39.64,0.00,0.00
252194401,Longford (AUS) 1st Jan,To Be Placed,01-01-2026 02:54,93168129,5. Nicalbi,1,3.30000000,1.0000,2.4702,1.00,1001.00,1.00,1001.00,396.41,0.00,0.00
252195070,Ascot (AUS) 1st Jan,To Be Placed,01-01-2026 07:08,56645520,1. Super Romani,0,24.00000000,1.0000,13.2460,1.00,1001.00,1.00,1001.00,446.10,0.00,0.00
252192193,Hanging Rock (AUS) 1st Jan,To Be Placed,01-01-2026 05:44,93206740,1. Hollys Star,1,3.32956006,1.0000,2.8749,1.00,1001.00,1.00,1001.00,1037.90,0.00,0.00
252192097,Port Macquarie (AUS) 1st Jan,To Be Placed,01-01-2026 06:35,92504560,4. Think Im Irish,1,1.91000000,1.0000,1.3512,1.00,1001.00,1.00,1001.00,653.90,0.00,0.00
252215576,Leeton (AUS) 1st Jan,To Be Placed,01-01-2026 09:44,16125143,3. Carlo Gambino,0,7.04025000,1.0000,,1.00,1001.00,1.00,1001.00,7.91,0.00,0.00
252192423,Inverell (AUS) 1st Jan,To Be Placed,01-01-2026 05:25,46809609,8. Soobooco,0,5.90000000,1.0000,3.2483,1.00,1001.00,1.00,1001.00,344.20,0.00,0.00
252192102,Burrumbeet (AUS) 1st Jan,To Be Placed,01-01-2026 01:51,93206745,2. Conaltri,0,9.80000000,1.0000,6.9534,1.00,1001.00,1.00,1001.00,365.84,0.00,0.00
252195061,Ascot (AUS) 1st Jan,To Be Placed,01-01-2026 06:28,78755478,5. Street Band,0,5.99410421,1.0000,4.3539,1.00,1001.00,1.00,1001.00,834.89,0.00,0.00
252215589,Echuca (AUS) 1st Jan,To Be Placed,01-01-2026 07:34,1005556,10. Majors Creek,1,3.85000000,1.0000,2.1539,1.00,1001.00,1.00,1001.00,110.18,0.00,0.00
252192859,Canterbury (AUS) 1st Jan,To Be Placed,01-01-2026 07:00,56872498,1. Hellfire Express,0,3.15000000,1.0000,1.9785,1.00,1001.00,1.00,1001.00,405.96,0.00,0.00
252192346,Mornington (AUS) 1st Jan,To Be Placed,01-01-2026 02:10,82819065,11. Towntotown,1,4.17888417,1.0000,3.1282,1.00,1001.00,1.00,1001.00,746.99,0.00,0.00
252195012,Murray Bridge (AUS) 1st Jan,To Be Placed,01-01-2026 06:12,86654465,2. All Shot,1,3.93672318,1.0000,3.4718,1.00,1001.00,1.00,1001.00,750.36,0.00,0.00
252192186,Hanging Rock (AUS) 1st Jan,To Be Placed,01-01-2026 05:04,53184375,2. Fashion Fighter,0,2.09302228,1.0000,1.9047,1.00,1001.00,1.00,1001.00,243.75,0.00,0.00
252192362,Mornington (AUS) 1st Jan,To Be Placed,01-01-2026 03:20,92390327,11. Thanks Gorgeous,1,1.39000000,1.0000,1.2642,1.00,1001.00,1.00,1001.00,4607.97,0.00,0.00
252192179,Hanging Rock (AUS) 1st Jan,To Be Placed,01-01-2026 04:24,86601623,8. Play It Cool,0,5.24324554,1.0000,4.3744,1.00,1001.00,1.00,1001.00,1195.68,0.00,0.00
252192102,Burrumbeet (AUS) 1st Jan,To Be Placed,01-01-2026 01:51,93206748,7. Cheron Finale,0,5.27574072,1.0000,1.6963,1.00,1001.00,1.00,1001.00,89.23,0.00,0.00
252195061,Ascot (AUS) 1st Jan,To Be Placed,01-01-2026 06:28,75759219,7. Rons Finalflutter,1,2.04000000,1.0000,1.5265,1.00,1001.00,1.00,1001.00,1687.74,0.00,0.00
252195000,Murray Bridge (AUS) 1st Jan,To Be Placed,01-01-2026 04:52,92966023,11. Tosen Storm,0,20.04305056,1.0000,8.7784,1.00,1001.00,1.00,1001.00,324.86,0.00,0.00
252215593,Echuca (AUS) 1st Jan,To Be Placed,01-01-2026 08:44,51296061,6. Epic Orion,0,11.31451941,1.0000,5.3282,1.00,1001.00,1.00,1001.00,47.18,0.00,0.00
252192172,Hanging Rock (AUS) 1st Jan,To Be Placed,01-01-2026 03:44,75796688,9. Redemption Time,0,5.40000000,1.0000,2.8527,1.00,1001.00,1.00,1001.00,243.92,0.00,0.00
252192411,Inverell (AUS) 1st Jan,To Be Placed,01-01-2026 02:50,47441342,12. Turpins Torment,0,3.50000000,1.0000,3.0440,1.00,1001.00,1.00,1001.00,238.98,0.00,0.00
252192144,Burrumbeet (AUS) 1st Jan,To Be Placed,01-01-2026 05:36,78432912,9. Proprietary,1,2.32000000,1.0000,1.9190,1.00,1001.00,1.00,1001.00,695.31,0.00,0.00
252195088,Ascot (AUS) 1st Jan,To Be Placed,01-01-2026 08:25,93168731,8. Funchal,0,2.22000000,1.0000,1.9416,1.00,1001.00,1.00,1001.00,1345.93,0.00,0.00
252192832,Canterbury (AUS) 1st Jan,To Be Placed,01-01-2026 05:00,84943382,16. In Limbo,0,2.98000000,1.0000,1.9119,1.00,1001.00,1.00,1001.00,295.78,0.00,0.00
252215567,Leeton (AUS) 1st Jan,To Be Placed,01-01-2026 07:52,1386094,7. Burton,1,3.85000000,1.0000,3.0478,1.00,1001.00,1.00,1001.00,199.65,0.00,0.00
252215570,Leeton (AUS) 1st Jan,To Be Placed,01-01-2026 08:29,10442476,5. Our Rocky,0,17.00000000,1.0000,1.8880,1.00,1001.00,1.00,1001.00,2.50,0.00,0.00
252195115,Ascot (AUS) 1st Jan,To Be Placed,01-01-2026 10:19,84182978,8. Camera Action,0,5.48543410,1.0000,3.5079,1.00,1001.00,1.00,1001.00,1639.58,0.00,0.00
252195088,Ascot (AUS) 1st Jan,To Be Placed,01-01-2026 08:25,91808586,9. Ninetymilestraight,0,8.20000000,1.0000,7.1489,1.00,1001.00,1.00,1001.00,650.51,0.00,0.00
252192151,Burrumbeet (AUS) 1st Jan,To Be Placed,01-01-2026 06:16,42098176,10. Magestic Diva,0,8.20000000,1.0000,3.3348,1.00,1001.00,1.00,1001.00,393.87,0.00,0.00
252195097,Ascot (AUS) 1st Jan,To Be Placed,01-01-2026 09:00,36612170,1. Acromantula,0,10.00000000,1.0000,4.2272,1.00,1001.00,1.00,1001.00,451.97,0.00,0.00
252215599,Echuca (AUS) 1st Jan,To Be Placed,01-01-2026 10:33,28370321,1. Watch And Act,0,10.50000000,1.0000,6.0169,1.00,1001.00,1.00,1001.00,27.65,0.00,0.00
252192414,Inverell (AUS) 1st Jan,To Be Placed,01-01-2026 03:25,978772,4. Stillwell,1,1.63508058,1.0000,1.3446,1.00,1001.00,1.00,1001.00,961.26,0.00,0.00
252194401,Longford (AUS) 1st Jan,To Be Placed,01-01-2026 02:54,93168128,3. Messenger Of God,0,4.70000000,1.0000,2.8701,1.00,1001.00,1.00,1001.00,372.14,0.00,0.00
252192341,Sunshine Coast (AUS) 1st Jan,To Be Placed,01-01-2026 07:15,73370887,10. Limero,0,5.17715606,1.0000,3.5329,1.00,1001.00,1.00,1001.00,517.64,0.00,0.00
252192414,Inverell (AUS) 1st Jan,To Be Placed,01-01-2026 03:25,93206155,9. Chicken Legs,0,5.10000000,1.0000,3.4745,1.00,1001.00,1.00,1001.00,54.54,0.00,0.00
252192158,Hanging Rock (AUS) 1st Jan,To Be Placed,01-01-2026 02:34,61670765,9. Trinitys Doro,1,1.85954044,1.0000,1.6196,1.00,1001.00,1.00,1001.00,1653.18,0.00,0.00
252192091,Port Macquarie (AUS) 1st Jan,To Be Placed,01-01-2026 05:15,9114009,10. The Third One,0,6.38246356,1.0000,1.6623,1.00,1001.00,1.00,1001.00,184.82,0.00,0.00
252195034,Ascot (AUS) 1st Jan,To Be Placed,01-01-2026 04:28,46056114,6. Starring Knight,0,68.65029752,1.0000,23.1351,1.00,1001.00,1.00,1001.00,105.12,0.00,0.00
252192868,Canterbury (AUS) 1st Jan,To Be Placed,01-01-2026 07:30,56904830,3. Terra Mater,0,28.62505658,1.0000,21.2073,1.00,1001.00,1.00,1001.00,476.23,0.00,0.00
252215587,Echuca (AUS) 1st Jan,To Be Placed,01-01-2026 07:03,93168456,10. Fear The Power,0,5.30000000,1.0000,4.9698,1.00,1001.00,1.00,1001.00,89.48,0.00,0.00
252195018,Murray Bridge (AUS) 1st Jan,To Be Placed,01-01-2026 06:53,66294646,2. Galloping Guru,0,29.00000000,1.0000,19.5089,1.00,1001.00,1.00,1001.00,75.22,0.00,0.00
252218207,Busselton (AUS) 1st Jan,To Be Placed,01-01-2026 12:35,50478921,4. Mydadtheterror,1,1.47375397,1.0000,1.0000,1.00,1001.00,1.00,1001.00,0.00,0.00,0.00
252195018,Murray Bridge (AUS) 1st Jan,To Be Placed,01-01-2026 06:53,2938859,1. Royal Fox,0,2.06000000,1.0000,1.6624,1.00,1001.00,1.00,1001.00,1673.22,0.00,0.00
252192137,Burrumbeet (AUS) 1st Jan,To Be Placed,01-01-2026 04:56,3630333,3. Shooter Mcgavin,0,1.35000000,1.0000,1.1888,1.00,1001.00,1.00,1001.00,735.01,0.00,0.00
252192097,Port Macquarie (AUS) 1st Jan,To Be Placed,01-01-2026 06:35,56407186,6. Dayu,0,3.38292559,1.0000,1.5341,1.00,1001.00,1.00,1001.00,316.15,0.00,0.00
252195097,Ascot (AUS) 1st Jan,To Be Placed,01-01-2026 09:00,93168732,8. Hanchi,0,2.30162262,1.0000,1.5807,1.00,1001.00,1.00,1001.00,1256.88,0.00,0.00
252192346,Mornington (AUS) 1st Jan,To Be Placed,01-01-2026 02:10,83903487,5. Zamparini Spirit,1,2.20000000,1.0000,1.9335,1.00,1001.00,1.00,1001.00,1460.70,0.00,0.00
252215585,Leeton (AUS) 1st Jan,To Be Placed,01-01-2026 11:15,39689847,9. Cheez,0,7.00000000,1.0000,1.0000,1.00,1001.00,1.00,1001.00,0.00,0.00,0.00
252195012,Murray Bridge (AUS) 1st Jan,To Be Placed,01-01-2026 06:12,80678366,4. Hotch Potch,0,8.09668328,1.0000,4.7059,1.00,1001.00,1.00,1001.00,213.27,0.00,0.00
252194994,Murray Bridge (AUS) 1st Jan,To Be Placed,01-01-2026 04:12,77427150,10. Im A Hottie,1,38.22678474,1.0000,13.9644,1.00,1001.00,1.00,1001.00,172.89,0.00,0.00
252192408,Inverell (AUS) 1st Jan,To Be Placed,01-01-2026 02:14,93206145,4. Beyond The Sky,1,5.30000000,1.0000,2.9613,1.00,1001.00,1.00,1001.00,591.22,0.00,0.00
252192151,Burrumbeet (AUS) 1st Jan,To Be Placed,01-01-2026 06:16,50581102,9. Dream Statement,0,15.01934809,1.0000,4.0182,1.00,1001.00,1.00,1001.00,295.11,0.00,0.00
252195061,Ascot (AUS) 1st Jan,To Be Placed,01-01-2026 06:28,887500,3. Snow Prince,0,3.25859759,1.0000,2.6841,1.00,1001.00,1.00,1001.00,701.80,0.00,0.00
252192193,Hanging Rock (AUS) 1st Jan,To Be Placed,01-01-2026 05:44,84733795,9. Mash And Gravy,1,1.73174394,1.0000,1.5810,1.00,1001.00,1.00,1001.00,1993.31,0.00,0.00
252192193,Hanging Rock (AUS) 1st Jan,To Be Placed,01-01-2026 05:44,74853715,3. Nicoffhome,1,2.96410022,1.0000,2.4244,1.00,1001.00,1.00,1001.00,788.16,0.00,0.00
252192091,Port Macquarie (AUS) 1st Jan,To Be Placed,01-01-2026 05:15,88376051,4. Zous Apollo,0,3.06297835,1.0000,1.5409,1.00,1001.00,1.00,1001.00,494.16,0.00,0.00
252192329,Sunshine Coast (AUS) 1st Jan,To Be Placed,01-01-2026 05:12,93206942,6. Torque So Rare,0,23.00000000,1.0000,17.3125,1.00,1001.00,1.00,1001.00,365.24,0.00,0.00
252215599,Echuca (AUS) 1st Jan,To Be Placed,01-01-2026 10:33,41642923,3. Wish Upona Dream,0,8.92944112,1.0000,1.3884,1.00,1001.00,1.00,1001.00,8.14,0.00,0.00
252194994,Murray Bridge (AUS) 1st Jan,To Be Placed,01-01-2026 04:12,93206423,4. Black Shellac,0,10.50000000,1.0000,8.7744,1.00,1001.00,1.00,1001.00,294.10,0.00,0.00
252215567,Leeton (AUS) 1st Jan,To Be Placed,01-01-2026 07:52,46702548,6. Millie Francis,0,5.40000000,1.0000,5.2654,1.00,1001.00,1.00,1001.00,21.16,0.00,0.00
252192337,Sunshine Coast (AUS) 1st Jan,To Be Placed,01-01-2026 06:32,80300709,8. Woosh Ka Boom,0,2.80517536,1.0000,2.4594,1.00,1001.00,1.00,1001.00,1029.96,0.00,0.00
252215579,Leeton (AUS) 1st Jan,To Be Placed,01-01-2026 10:14,69932877,9. Marlo Mareau,0,1.63000000,1.0000,1.3910,1.00,1001.00,1.00,1001.00,51.28,0.00,0.00
252192329,Sunshine Coast (AUS) 1st Jan,To Be Placed,01-01-2026 05:12,93206946,14. Kobability,0,5.30000000,1.0000,2.8788,1.00,1001.00,1.00,1001.00,411.52,0.00,0.00
252218201,Busselton (AUS) 1st Jan,To Be Placed,01-01-2026 11:07,64999862,5. The Prototype,0,2.26000000,1.0000,1.0000,1.00,1001.00,1.00,1001.00,0.00,0.00,0.00
252192097,Port Macquarie (AUS) 1st Jan,To Be Placed,01-01-2026 06:35,63893344,3. Lord Akomeed,0,4.54697038,1.0000,1.8489,1.00,1001.00,1.00,1001.00,317.85,0.00,0.00
252192408,Inverell (AUS) 1st Jan,To Be Placed,01-01-2026 02:14,93206146,5. Protectionism,1,1.80187181,1.0000,1.3797,1.00,1001.00,1.00,1001.00,1861.02,0.00,0.00
252195106,Ascot (AUS) 1st Jan,To Be Placed,01-01-2026 09:40,68124981,13. Rocking Society,0,37.39014887,1.0000,26.7469,1.00,1001.00,1.00,1001.00,527.57,0.00,0.00
252192841,Canterbury (AUS) 1st Jan,To Be Placed,01-01-2026 05:40,85744645,2. Oinvincible,1,2.15741371,1.0000,1.7710,1.00,1001.00,1.00,1001.00,621.28,0.00,0.00
252192341,Sunshine Coast (AUS) 1st Jan,To Be Placed,01-01-2026 07:15,64494174,12. Baltray,0,7.40000000,1.0000,2.7887,1.00,1001.00,1.00,1001.00,464.79,0.00,0.00
252195034,Ascot (AUS) 1st Jan,To Be Placed,01-01-2026 04:28,63610260,1. King Cartel,0,5.50000000,1.0000,4.6194,1.00,1001.00,1.00,1001.00,346.75,0.00,0.00
252192354,Mornington (AUS) 1st Jan,To Be Placed,01-01-2026 02:45,84399631,14. Too Much Too Soon,0,3.45248521,1.0000,2.7602,1.00,1001.00,1.00,1001.00,725.29,0.00,0.00
252192325,Sunshine Coast (AUS) 1st Jan,To Be Placed,01-01-2026 04:32,5365831,9. Lucky Lass,0,11.50000000,1.0000,7.3762,1.00,1001.00,1.00,1001.00,168.78,0.00,0.00
252192085,Port Macquarie (AUS) 1st Jan,To Be Placed,01-01-2026 03:55,93206331,2. Tea Or Coffee,0,3.80000000,1.0000,1.9922,1.00,1001.00,1.00,1001.00,244.66,0.00,0.00
252218203,Busselton (AUS) 1st Jan,To Be Placed,01-01-2026 11:37,27341171,5. Mister Sauvage,0,38.23469837,1.0000,1.0000,1.00,1001.00,1.00,1001.00,0.00,0.00,0.00
252218199,Busselton (AUS) 1st Jan,To Be Placed,01-01-2026 10:27,34173389,2. Flash Mob,0,14.50000000,1.0000,10.7836,1.00,1001.00,1.00,1001.00,24.84,0.00,0.00
252215582,Leeton (AUS) 1st Jan,To Be Placed,01-01-2026 10:45,89720866,5. Bayridge Tommy,0,12.91792396,1.0000,5.8989,1.00,1001.00,1.00,1001.00,20.78,0.00,0.00
252215564,Leeton (AUS) 1st Jan,To Be Placed,01-01-2026 07:22,76054260,6. Just Go Joe,0,2.46000000,1.0000,2.1886,1.00,1001.00,1.00,1001.00,246.40,0.00,0.00
252195006,Murray Bridge (AUS) 1st Jan,To Be Placed,01-01-2026 05:32,93206433,8. The Plastics,0,8.20000000,1.0000,2.6802,1.00,1001.00,1.00,1001.00,85.78,0.00,0.00
252194994,Murray Bridge (AUS) 1st Jan,To Be Placed,01-01-2026 04:12,81746612,1. Mikki Tango,0,2.41495640,1.0000,2.1794,1.00,1001.00,1.00,1001.00,793.74,0.00,0.00
252194982,Murray Bridge (AUS) 1st Jan,To Be Placed,01-01-2026 02:57,92087566,2. Classy Claret,1,1.38000000,1.0000,1.1860,1.00,1001.00,1.00,1001.00,349.39,0.00,0.00
252192137,Burrumbeet (AUS) 1st Jan,To Be Placed,01-01-2026 04:56,93206771,2. Chartwell House,0,3.79538564,1.0000,2.3259,1.00,1001.00,1.00,1001.00,205.59,0.00,0.00
252192130,Burrumbeet (AUS) 1st Jan,To Be Placed,01-01-2026 04:16,55746668,7. Nicking Gracie,0,3.20000000,1.0000,1.4511,1.00,1001.00,1.00,1001.00,59.73,0.00,0.00
252192394,Mornington (AUS) 1st Jan,To Be Placed,01-01-2026 06:00,49364431,2. Bold Response,1,1.91417832,1.0000,1.4072,1.00,1001.00,1.00,1001.00,1073.23,0.00,0.00
252215564,Leeton (AUS) 1st Jan,To Be Placed,01-01-2026 07:22,93005129,4. Harjaybro,0,3.95000000,1.0000,3.0609,1.00,1001.00,1.00,1001.00,184.70,0.00,0.00
252192378,Mornington (AUS) 1st Jan,To Be Placed,01-01-2026 04:40,89348173,10. Coastal Whispers,0,6.27720566,1.0000,5.1166,1.00,1001.00,1.00,1001.00,801.49,0.00,0.00
252218205,Busselton (AUS) 1st Jan,To Be Placed,01-01-2026 12:04,40470149,5. Rambo Rabbit,0,3.44765866,1.0000,1.0000,1.00,1001.00,1.00,1001.00,0.00,0.00,0.00
252215576,Leeton (AUS) 1st Jan,To Be Placed,01-01-2026 09:44,69980041,2. Cortez,0,5.02683333,1.0000,,1.00,1001.00,1.00,1001.00,11.90,0.00,0.00
252192426,Inverell (AUS) 1st Jan,To Be Placed,01-01-2026 06:05,2129482,11. Night Fighter,0,2.02000000,1.0000,1.2710,1.00,1001.00,1.00,1001.00,866.35,0.00,0.00
252195115,Ascot (AUS) 1st Jan,To Be Placed,01-01-2026 10:19,76573562,3. Awesome Boy,0,1.71490434,1.0000,1.4020,1.00,1001.00,1.00,1001.00,2231.46,0.00,0.00
252195052,Ascot (AUS) 1st Jan,To Be Placed,01-01-2026 05:48,52901547,9. Brave Strike,0,4.45972351,1.0000,2.9778,1.00,1001.00,1.00,1001.00,319.09,0.00,0.00
252192346,Mornington (AUS) 1st Jan,To Be Placed,01-01-2026 02:10,78000133,8. Areaan,1,1.40980937,1.0000,1.2183,1.00,1001.00,1.00,1001.00,4719.11,0.00,0.00
252194401,Longford (AUS) 1st Jan,To Be Placed,01-01-2026 02:54,93168127,2. Grim Trigger,0,19.14752900,1.0000,8.1860,1.00,1001.00,1.00,1001.00,278.22,0.00,0.00
252195115,Ascot (AUS) 1st Jan,To Be Placed,01-01-2026 10:19,80641274,4. Cashel Palace,1,3.91103639,1.0000,2.3602,1.00,1001.00,1.00,1001.00,2807.88,0.00,0.00
252192823,Canterbury (AUS) 1st Jan,To Be Placed,01-01-2026 04:20,93206497,10. Kumbaya,1,1.67017657,1.0000,1.4930,1.00,1001.00,1.00,1001.00,1122.77,0.00,0.00
252192386,Mornington (AUS) 1st Jan,To Be Placed,01-01-2026 05:20,90210116,7. Johnich,0,2.72000000,1.0000,1.8269,1.00,1001.00,1.00,1001.00,648.34,0.00,0.00
252192102,Burrumbeet (AUS) 1st Jan,To Be Placed,01-01-2026 01:51,93206747,5. Mr Ribtickler,0,2.00000000,1.0000,1.6606,1.00,1001.00,1.00,1001.00,846.54,0.00,0.00
252192868,Canterbury (AUS) 1st Jan,To Be Placed,01-01-2026 07:30,59146504,1. The Instructor,1,1.49000000,1.0000,1.3609,1.00,1001.00,1.00,1001.00,2336.97,0.00,0.00
252192850,Canterbury (AUS) 1st Jan,To Be Placed,01-01-2026 06:20,67531676,11. Okami Star,0,7.50560280,1.0000,5.4713,1.00,1001.00,1.00,1001.00,501.64,0.00,0.00
252215579,Leeton (AUS) 1st Jan,To Be Placed,01-01-2026 10:14,71724257,8. Bettes Blue Violet,1,2.36000000,1.0000,1.4014,1.00,1001.00,1.00,1001.00,14.23,0.00,0.00
252218207,Busselton (AUS) 1st Jan,To Be Placed,01-01-2026 12:35,39150278,2. Ideal Whitby,0,13.50000000,1.0000,1.0000,1.00,1001.00,1.00,1001.00,0.00,0.00,0.00
252218201,Busselton (AUS) 1st Jan,To Be Placed,01-01-2026 11:07,28373366,8. Follow My Stride,0,2.64000000,1.0000,1.0000,1.00,1001.00,1.00,1001.00,0.00,0.00,0.00
252192165,Hanging Rock (AUS) 1st Jan,To Be Placed,01-01-2026 03:09,669200,2. Smart And Mighty,0,1.27288287,1.0000,1.2132,1.00,1001.00,1.00,1001.00,1365.18,0.00,0.00
252192085,Port Macquarie (AUS) 1st Jan,To Be Placed,01-01-2026 03:55,58813899,1. Highland Mirage,0,4.19470768,1.0000,1.9320,1.00,1001.00,1.00,1001.00,295.93,0.00,0.00
252215593,Echuca (AUS) 1st Jan,To Be Placed,01-01-2026 08:44,23412668,1. Feel The Knight,0,2.29602809,1.0000,1.9186,1.00,1001.00,1.00,1001.00,131.05,0.00,0.00
252192333,Sunshine Coast (AUS) 1st Jan,To Be Placed,01-01-2026 05:52,57847361,1. Don Pedro,0,2.79512578,1.0000,1.8536,1.00,1001.00,1.00,1001.00,677.92,0.00,0.00
252192420,Inverell (AUS) 1st Jan,To Be Placed,01-01-2026 04:45,39142261,8. Powerstone,0,5.86910588,1.0000,2.8903,1.00,1001.00,1.00,1001.00,320.46,0.00,0.00
252192411,Inverell (AUS) 1st Jan,To Be Placed,01-01-2026 02:50,92504368,5. At Church,0,8.88162326,1.0000,4.1286,1.00,1001.00,1.00,1001.00,123.97,0.00,0.00
252195070,Ascot (AUS) 1st Jan,To Be Placed,01-01-2026 07:08,42209475,5. Black For Cash,0,4.32502434,1.0000,3.3149,1.00,1001.00,1.00,1001.00,837.48,0.00,0.00
252192859,Canterbury (AUS) 1st Jan,To Be Placed,01-01-2026 07:00,82857536,4. Zulfiqar,1,2.24061853,1.0000,1.7929,1.00,1001.00,1.00,1001.00,835.83,0.00,0.00
252215595,Echuca (AUS) 1st Jan,To Be Placed,01-01-2026 09:21,66760760,10. Madigan,1,1.52000000,1.0000,1.3100,1.00,1001.00,1.00,1001.00,298.70,0.00,0.00
252192394,Mornington (AUS) 1st Jan,To Be Placed,01-01-2026 06:00,93206596,7. Crystanado,0,7.40000000,1.0000,4.8513,1.00,1001.00,1.00,1001.00,403.08,0.00,0.00
252192402,Mornington (AUS) 1st Jan,To Be Placed,01-01-2026 06:40,1157381,3. Warrior Within,1,5.71313513,1.0000,1.6437,1.00,1001.00,1.00,1001.00,106.26,0.00,0.00
252192321,Sunshine Coast (AUS) 1st Jan,To Be Placed,01-01-2026 03:52,54139204,1. Bold Comic,0,3.15000000,1.0000,2.3298,1.00,1001.00,1.00,1001.00,384.38,0.00,0.00
252192158,Hanging Rock (AUS) 1st Jan,To Be Placed,01-01-2026 02:34,40187859,6. Top Arctic,0,3.40000000,1.0000,2.8145,1.00,1001.00,1.00,1001.00,945.45,0.00,0.00
252195097,Ascot (AUS) 1st Jan,To Be Placed,01-01-2026 09:00,1065401,3. Oxbridge,0,13.11449241,1.0000,9.7489,1.00,1001.00,1.00,1001.00,665.50,0.00,0.00
252215582,Leeton (AUS) 1st Jan,To Be Placed,01-01-2026 10:45,83355304,9. Cullect A Starr,0,8.44115177,1.0000,1.2971,1.00,1001.00,1.00,1001.00,15.98,0.00,0.00
252192333,Sunshine Coast (AUS) 1st Jan,To Be Placed,01-01-2026 05:52,87676894,6. Prestar,0,1.29702850,1.0000,1.2042,1.00,1001.00,1.00,1001.00,1281.01,0.00,0.00
252195018,Murray Bridge (AUS) 1st Jan,To Be Placed,01-01-2026 06:53,51636221,5. Andrews Memory,1,2.10000000,1.0000,1.6225,1.00,1001.00,1.00,1001.00,486.53,0.00,0.00
252195012,Murray Bridge (AUS) 1st Jan,To Be Placed,01-01-2026 06:12,61068603,5. Bolted In,0,2.47843468,1.0000,1.7621,1.00,1001.00,1.00,1001.00,1510.58,0.00,0.00
252192414,Inverell (AUS) 1st Jan,To Be Placed,01-01-2026 03:25,93206153,2. Tryanza,0,4.30000000,1.0000,3.0599,1.00,1001.00,1.00,1001.00,85.62,0.00,0.00
252195012,Murray Bridge (AUS) 1st Jan,To Be Placed,01-01-2026 06:12,92504497,1. Rocktagon,0,3.81864238,1.0000,2.6996,1.00,1001.00,1.00,1001.00,444.31,0.00,0.00
252194982,Murray Bridge (AUS) 1st Jan,To Be Placed,01-01-2026 02:57,77768458,1. Bocheeva,0,1.70019749,1.0000,1.4957,1.00,1001.00,1.00,1001.00,2285.07,0.00,0.00
252192144,Burrumbeet (AUS) 1st Jan,To Be Placed,01-01-2026 05:36,49683822,8. Kokonotsu,0,5.20000000,1.0000,3.3080,1.00,1001.00,1.00,1001.00,455.05,0.00,0.00
252192832,Canterbury (AUS) 1st Jan,To Be Placed,01-01-2026 05:00,93206498,2. Capdiva,0,1.98592546,1.0000,1.6011,1.00,1001.00,1.00,1001.00,2597.75,0.00,0.00
252215601,Echuca (AUS) 1st Jan,To Be Placed,01-01-2026 11:00,42139941,4. Malava Miss,1,2.34000000,1.0000,1.0000,1.00,1001.00,1.00,1001.00,0.00,0.00,0.00
252215576,Leeton (AUS) 1st Jan,To Be Placed,01-01-2026 09:44,61828097,9. Alta William,1,1.55000000,1.0000,1.4797,1.00,1001.00,1.00,1001.00,9.68,0.00,0.00
252192321,Sunshine Coast (AUS) 1st Jan,To Be Placed,01-01-2026 03:52,440136,6. Arabian Rose,1,1.59041272,1.0000,1.2154,1.00,1001.00,1.00,1001.00,4616.39,0.00,0.00
252192109,Burrumbeet (AUS) 1st Jan,To Be Placed,01-01-2026 02:26,93206755,11. Foremmakate,1,1.73632964,1.0000,1.6935,1.00,1001.00,1.00,1001.00,2582.45,0.00,0.00
252215564,Leeton (AUS) 1st Jan,To Be Placed,01-01-2026 07:22,85213800,10. Ultimate Gladiator,0,3.27796101,1.0000,1.7191,1.00,1001.00,1.00,1001.00,37.24,0.00,0.00
252215576,Leeton (AUS) 1st Jan,To Be Placed,01-01-2026 09:44,713115,5. Scared Stiff,0,4.47055531,1.0000,3.5626,1.00,1001.00,1.00,1001.00,79.66,0.00,0.00
252192144,Burrumbeet (AUS) 1st Jan,To Be Placed,01-01-2026 05:36,1097409,7. Friday At Five,1,2.22951469,1.0000,1.6640,1.00,1001.00,1.00,1001.00,105.03,0.00,0.00
252192123,Burrumbeet (AUS) 1st Jan,To Be Placed,01-01-2026 03:36,93206767,9. Sibun,1,3.80000000,1.0000,2.1689,1.00,1001.00,1.00,1001.00,134.22,0.00,0.00
252215587,Echuca (AUS) 1st Jan,To Be Placed,01-01-2026 07:03,82154547,3. Brave Art,1,3.30000000,1.0000,2.6461,1.00,1001.00,1.00,1001.00,282.65,0.00,0.00
252192325,Sunshine Coast (AUS) 1st Jan,To Be Placed,01-01-2026 04:32,93206937,3. Wootten Hyde,1,1.49138409,1.0000,1.3329,1.00,1001.00,1.00,1001.00,2156.58,0.00,0.00
252215599,Echuca (AUS) 1st Jan,To Be Placed,01-01-2026 10:33,93168485,5. Thunda Struck,0,2.13000000,1.0000,1.8000,1.00,1001.00,1.00,1001.00,1.18,0.00,0.00
252215576,Leeton (AUS) 1st Jan,To Be Placed,01-01-2026 09:44,76611816,6. Catchafire,1,2.00000000,1.0000,1.6954,1.00,1001.00,1.00,1001.00,32.52,0.00,0.00
252192325,Sunshine Coast (AUS) 1st Jan,To Be Placed,01-01-2026 04:32,84222583,1. Earn To Burn,1,1.69000000,1.0000,1.4698,1.00,1001.00,1.00,1001.00,1030.03,0.00,0.00
252215595,Echuca (AUS) 1st Jan,To Be Placed,01-01-2026 09:21,5096228,9. Classic Line,0,3.25000000,1.0000,2.8973,1.00,1001.00,1.00,1001.00,238.82,0.00,0.00
252215591,Echuca (AUS) 1st Jan,To Be Placed,01-01-2026 08:06,92784835,6. Saint Eyes,0,14.52555885,1.0000,5.4057,1.00,1001.00,1.00,1001.00,146.43,0.00,0.00
252215573,Leeton (AUS) 1st Jan,To Be Placed,01-01-2026 09:06,58352064,7. Donnie Mac,0,7.59295089,1.0000,4.1297,1.00,1001.00,1.00,1001.00,111.16,0.00,0.00
252192193,Hanging Rock (AUS) 1st Jan,To Be Placed,01-01-2026 05:44,36387008,5. The Yachtsman,0,4.80000000,1.0000,3.0875,1.00,1001.00,1.00,1001.00,226.02,0.00,0.00
252195088,Ascot (AUS) 1st Jan,To Be Placed,01-01-2026 08:25,64343981,6. Secret Attraction,1,4.99243439,1.0000,3.7996,1.00,1001.00,1.00,1001.00,630.91,0.00,0.00
252192877,Canterbury (AUS) 1st Jan,To Be Placed,01-01-2026 08:00,75434987,6. Malbork Castle,0,7.52924291,1.0000,4.3079,1.00,1001.00,1.00,1001.00,195.98,0.00,0.00
252192354,Mornington (AUS) 1st Jan,To Be Placed,01-01-2026 02:45,93206575,16. Missy Aggravation,0,5.10000000,1.0000,4.6686,1.00,1001.00,1.00,1001.00,1426.09,0.00,0.00
252195018,Murray Bridge (AUS) 1st Jan,To Be Placed,01-01-2026 06:53,59146135,3. Gruelling,1,4.70000000,1.0000,2.0411,1.00,1001.00,1.00,1001.00,156.04,0.00,0.00
252192414,Inverell (AUS) 1st Jan,To Be Placed,01-01-2026 03:25,46701306,11. Master Of Rewards,0,89.16542065,1.0000,29.8168,1.00,1001.00,1.00,1001.00,99.95,0.00,0.00
252194420,Longford (AUS) 1st Jan,To Be Placed,01-01-2026 04:49,50528222,4. Steel Mist,1,3.76830023,1.0000,2.1582,1.00,1001.00,1.00,1001.00,704.15,0.00,0.00
252195061,Ascot (AUS) 1st Jan,To Be Placed,01-01-2026 06:28,93168722,6. Brave Venture,0,74.30987232,1.0000,35.0287,1.00,1001.00,1.00,1001.00,185.84,0.00,0.00
252192832,Canterbury (AUS) 1st Jan,To Be Placed,01-01-2026 05:00,93206499,3. Firepop,0,3.25000000,1.0000,1.8923,1.00,1001.00,1.00,1001.00,1610.89,0.00,0.00
252215595,Echuca (AUS) 1st Jan,To Be Placed,01-01-2026 09:21,40776401,7. Clymenus,0,2.30732402,1.0000,1.9350,1.00,1001.00,1.00,1001.00,292.94,0.00,0.00
252215597,Echuca (AUS) 1st Jan,To Be Placed,01-01-2026 09:59,72680321,6. Crocodile Blood,1,4.30000000,1.0000,3.7467,1.00,1001.00,1.00,1001.00,121.68,0.00,0.00
252192386,Mornington (AUS) 1st Jan,To Be Placed,01-01-2026 05:20,64318532,12. Zaaffair Steal,0,3.55379603,1.0000,2.5654,1.00,1001.00,1.00,1001.00,214.25,0.00,0.00
252192346,Mornington (AUS) 1st Jan,To Be Placed,01-01-2026 02:10,93206561,6. Boy From Oz,0,3.07213592,1.0000,2.5266,1.00,1001.00,1.00,1001.00,1937.99,0.00,0.00
252215567,Leeton (AUS) 1st Jan,To Be Placed,01-01-2026 07:52,74040161,2. Im Belieber,0,5.10000000,1.0000,4.3068,1.00,1001.00,1.00,1001.00,34.88,0.00,0.00
252192102,Burrumbeet (AUS) 1st Jan,To Be Placed,01-01-2026 01:51,93206746,4. Dukey,0,3.95000000,1.0000,2.1372,1.00,1001.00,1.00,1001.00,407.25,0.00,0.00
252218205,Busselton (AUS) 1st Jan,To Be Placed,01-01-2026 12:04,8705020,3. Extinction,0,2.48000000,1.0000,1.0000,1.00,1001.00,1.00,1001.00,0.00,0.00,0.00
252194413,Longford (AUS) 1st Jan,To Be Placed,01-01-2026 04:09,64959232,7. Valiant Khan,0,6.41981316,1.0000,5.6142,1.00,1001.00,1.00,1001.00,90.92,0.00,0.00
252195106,Ascot (AUS) 1st Jan,To Be Placed,01-01-2026 09:40,52621494,2. Apulia,1,1.24662313,1.0000,1.1734,1.00,1001.00,1.00,1001.00,9645.24,0.00,0.00
252215593,Echuca (AUS) 1st Jan,To Be Placed,01-01-2026 08:44,38448955,2. Arraps,0,2.24000000,1.0000,1.7500,1.00,1001.00,1.00,1001.00,221.28,0.00,0.00
252192408,Inverell (AUS) 1st Jan,To Be Placed,01-01-2026 02:14,3982527,8. Outlier,0,5.40000000,1.0000,1.8407,1.00,1001.00,1.00,1001.00,197.98,0.00,0.00
252192186,Hanging Rock (AUS) 1st Jan,To Be Placed,01-01-2026 05:04,82376616,8. Master Polanski,1,1.70000000,1.0000,1.3372,1.00,1001.00,1.00,1001.00,1204.88,0.00,0.00
252195106,Ascot (AUS) 1st Jan,To Be Placed,01-01-2026 09:40,47490145,11. Grand Pierro,0,10.01704935,1.0000,5.9010,1.00,1001.00,1.00,1001.00,979.73,0.00,0.00
252215579,Leeton (AUS) 1st Jan,To Be Placed,01-01-2026 10:14,61139937,4. Quickshift Girl,0,2.88000000,1.0000,2.1649,1.00,1001.00,1.00,1001.00,13.84,0.00,0.00
252192426,Inverell (AUS) 1st Jan,To Be Placed,01-01-2026 06:05,91872110,10. Next Pay Run,1,3.70003204,1.0000,2.4784,1.00,1001.00,1.00,1001.00,331.07,0.00,0.00
252215593,Echuca (AUS) 1st Jan,To Be Placed,01-01-2026 08:44,27922078,4. Our Bella Lucia,0,2.86000000,1.0000,2.6416,1.00,1001.00,1.00,1001.00,114.78,0.00,0.00
252192423,Inverell (AUS) 1st Jan,To Be Placed,01-01-2026 05:25,74901069,12. Parana River,0,7.60000000,1.0000,3.6730,1.00,1001.00,1.00,1001.00,53.30,0.00,0.00
252192823,Canterbury (AUS) 1st Jan,To Be Placed,01-01-2026 04:20,93206494,7. So Rebellious,0,3.29747354,1.0000,2.0557,1.00,1001.00,1.00,1001.00,930.18,0.00,0.00
252192346,Mornington (AUS) 1st Jan,To Be Placed,01-01-2026 02:10,93206560,2. Il Penseroso,0,19.18838738,1.0000,13.3732,1.00,1001.00,1.00,1001.00,863.28,0.00,0.00
252192429,Inverell (AUS) 1st Jan,To Be Placed,01-01-2026 06:45,82376056,1. Cosmic Coco,0,3.45000000,1.0000,2.2428,1.00,1001.00,1.00,1001.00,328.26,0.00,0.00
252192151,Burrumbeet (AUS) 1st Jan,To Be Placed,01-01-2026 06:16,59453439,11. Leica Rock,0,5.15666911,1.0000,3.4330,1.00,1001.00,1.00,1001.00,343.37,0.00,0.00
252195025,Ascot (AUS) 1st Jan,To Be Placed,01-01-2026 03:48,93168713,3. Helluva Goddess,1,1.56000000,1.0000,1.4098,1.00,1001.00,1.00,1001.00,3619.45,0.00,0.00
252215585,Leeton (AUS) 1st Jan,To Be Placed,01-01-2026 11:15,28440227,3. Our Ultimate Bonny,1,2.06422385,1.0000,1.0000,1.00,1001.00,1.00,1001.00,0.00,0.00,0.00
252192313,Sunshine Coast (AUS) 1st Jan,To Be Placed,01-01-2026 02:38,79738046,4. Sexy Time,1,1.20012205,1.0000,1.1286,1.00,1001.00,1.00,1001.00,1967.43,0.00,0.00
252195012,Murray Bridge (AUS) 1st Jan,To Be Placed,01-01-2026 06:12,150329,8. Knight Dancer,0,5.63531070,1.0000,3.7531,1.00,1001.00,1.00,1001.00,177.91,0.00,0.00
252195012,Murray Bridge (AUS) 1st Jan,To Be Placed,01-01-2026 06:12,61336701,14. Wadaana,0,5.50000000,1.0000,4.2106,1.00,1001.00,1.00,1001.00,252.79,0.00,0.00
252215597,Echuca (AUS) 1st Jan,To Be Placed,01-01-2026 09:59,23793334,5. Allthewaytoroyalty,0,13.50000000,1.0000,9.8238,1.00,1001.00,1.00,1001.00,59.62,0.00,0.00
252215587,Echuca (AUS) 1st Jan,To Be Placed,01-01-2026 07:03,61034032,1. Love To Deal,0,5.70000000,1.0000,3.1671,1.00,1001.00,1.00,1001.00,38.31,0.00,0.00
252192850,Canterbury (AUS) 1st Jan,To Be Placed,01-01-2026 06:20,76389983,5. Cantarito,1,4.30000000,1.0000,1.8151,1.00,1001.00,1.00,1001.00,316.94,0.00,0.00
252192378,Mornington (AUS) 1st Jan,To Be Placed,01-01-2026 04:40,76430661,12. Discobay,0,11.00000000,1.0000,7.9075,1.00,1001.00,1.00,1001.00,960.41,0.00,0.00
252215564,Leeton (AUS) 1st Jan,To Be Placed,01-01-2026 07:22,83846364,9. Ultimate Ego,0,10.49056086,1.0000,6.1338,1.00,1001.00,1.00,1001.00,50.75,0.00,0.00
252218207,Busselton (AUS) 1st Jan,To Be Placed,01-01-2026 12:35,28672123,6. Isaidboo,0,4.00000000,1.0000,1.0000,1.00,1001.00,1.00,1001.00,0.00,0.00,0.00
252192179,Hanging Rock (AUS) 1st Jan,To Be Placed,01-01-2026 04:24,68450219,5. St Dominic,0,26.00000000,1.0000,16.1256,1.00,1001.00,1.00,1001.00,272.76,0.00,0.00
252194394,Longford (AUS) 1st Jan,To Be Placed,01-01-2026 02:22,93168126,5. Rockestjerne,0,2.58000000,1.0000,2.1103,1.00,1001.00,1.00,1001.00,1683.53,0.00,0.00
252192158,Hanging Rock (AUS) 1st Jan,To Be Placed,01-01-2026 02:34,62177039,8. Everett,0,5.50000000,1.0000,4.4179,1.00,1001.00,1.00,1001.00,936.98,0.00,0.00
252192088,Port Macquarie (AUS) 1st Jan,To Be Placed,01-01-2026 04:35,79803280,6. Yes Yes Boss,0,4.00000000,1.0000,3.1724,1.00,1001.00,1.00,1001.00,483.72,0.00,0.00
252192823,Canterbury (AUS) 1st Jan,To Be Placed,01-01-2026 04:20,34338329,11. Royal Princess,0,5.39760195,1.0000,4.4144,1.00,1001.00,1.00,1001.00,581.71,0.00,0.00
252218201,Busselton (AUS) 1st Jan,To Be Placed,01-01-2026 11:07,45150259,4. Twoheartonediamond,1,2.24000000,1.0000,1.0000,1.00,1001.00,1.00,1001.00,0.00,0.00,0.00
252215591,Echuca (AUS) 1st Jan,To Be Placed,01-01-2026 08:06,28161199,1. Cmon Carl Lee,0,4.50000000,1.0000,3.4616,1.00,1001.00,1.00,1001.00,362.98,0.00,0.00
252215570,Leeton (AUS) 1st Jan,To Be Placed,01-01-2026 08:29,78231471,3. Jilliby Illusion,1,1.27731308,1.0000,1.2047,1.00,1001.00,1.00,1001.00,131.94,0.00,0.00
252215564,Leeton (AUS) 1st Jan,To Be Placed,01-01-2026 07:22,93168919,2. Haitch Vee Tee,0,14.69018793,1.0000,1.1403,1.00,1001.00,1.00,1001.00,7.98,0.00,0.00
252194982,Murray Bridge (AUS) 1st Jan,To Be Placed,01-01-2026 02:57,21733441,3. Man Hands,0,54.87622171,1.0000,13.5812,1.00,1001.00,1.00,1001.00,101.30,0.00,0.00
252192411,Inverell (AUS) 1st Jan,To Be Placed,01-01-2026 02:50,68637453,8. Its A Written,1,1.80000000,1.0000,1.6007,1.00,1001.00,1.00,1001.00,468.92,0.00,0.00
252215595,Echuca (AUS) 1st Jan,To Be Placed,01-01-2026 09:21,19005960,1. Auckland Red,1,5.40000000,1.0000,4.6179,1.00,1001.00,1.00,1001.00,36.86,0.00,0.00
252215579,Leeton (AUS) 1st Jan,To Be Placed,01-01-2026 10:14,69129900,7. Shes Got A Reason,1,2.00000000,1.0000,1.5299,1.00,1001.00,1.00,1001.00,73.42,0.00,0.00
252192823,Canterbury (AUS) 1st Jan,To Be Placed,01-01-2026 04:20,93206493,6. Salt Spray,1,4.00000000,1.0000,2.0926,1.00,1001.00,1.00,1001.00,323.45,0.00,0.00
252192337,Sunshine Coast (AUS) 1st Jan,To Be Placed,01-01-2026 06:32,51918416,6. A Lot Of Booty,0,9.20000000,1.0000,5.4171,1.00,1001.00,1.00,1001.00,268.41,0.00,0.00
252218199,Busselton (AUS) 1st Jan,To Be Placed,01-01-2026 10:27,88435025,1. Dunwerken,0,2.29676951,1.0000,2.2815,1.00,1001.00,1.00,1001.00,2335.18,0.00,0.00
252192426,Inverell (AUS) 1st Jan,To Be Placed,01-01-2026 06:05,760410,4. Voracious,1,1.89559016,1.0000,1.6668,1.00,1001.00,1.00,1001.00,1994.84,0.00,0.00
252192091,Port Macquarie (AUS) 1st Jan,To Be Placed,01-01-2026 05:15,93206337,1. Starward,1,2.73055600,1.0000,1.3252,1.00,1001.00,1.00,1001.00,53.85,0.00,0.00
252195043,Ascot (AUS) 1st Jan,To Be Placed,01-01-2026 05:08,93168715,1. Storm Away,1,1.33000000,1.0000,1.2228,1.00,1001.00,1.00,1001.00,2644.13,0.00,0.00
252192123,Burrumbeet (AUS) 1st Jan,To Be Placed,01-01-2026 03:36,82018394,3. Cincincity,1,1.19931267,1.0000,1.1050,1.00,1001.00,1.00,1001.00,1674.96,0.00,0.00
252192109,Burrumbeet (AUS) 1st Jan,To Be Placed,01-01-2026 02:26,93206752,6. Full Of Knowledge,1,13.00000000,1.0000,7.1414,1.00,1001.00,1.00,1001.00,205.82,0.00,0.00
252195106,Ascot (AUS) 1st Jan,To Be Placed,01-01-2026 09:40,76660367,7. Demolish,0,15.50000000,1.0000,13.5899,1.00,1001.00,1.00,1001.00,413.93,0.00,0.00
252195025,Ascot (AUS) 1st Jan,To Be Placed,01-01-2026 03:48,2229119,9. Later Alligator,1,19.50000000,1.0000,9.1222,1.00,1001.00,1.00,1001.00,185.21,0.00,0.00
252192137,Burrumbeet (AUS) 1st Jan,To Be Placed,01-01-2026 04:56,51032378,6. Legacy Rose,1,2.86000000,1.0000,1.8433,1.00,1001.00,1.00,1001.00,165.05,0.00,0.00
252218199,Busselton (AUS) 1st Jan,To Be Placed,01-01-2026 10:27,76668371,7. Ripper View,1,1.35000000,1.0000,1.2904,1.00,1001.00,1.00,1001.00,63.88,0.00,0.00
252195000,Murray Bridge (AUS) 1st Jan,To Be Placed,01-01-2026 04:52,93206430,9. Ambitious Creek,0,4.50000000,1.0000,1.4716,1.00,1001.00,1.00,1001.00,57.88,0.00,0.00
252192423,Inverell (AUS) 1st Jan,To Be Placed,01-01-2026 05:25,60037653,5. Hellcibell,1,1.54117612,1.0000,1.4545,1.00,1001.00,1.00,1001.00,3221.60,0.00,0.00
252195061,Ascot (AUS) 1st Jan,To Be Placed,01-01-2026 06:28,75759215,2. Earthstorm,0,3.19746080,1.0000,2.1539,1.00,1001.00,1.00,1001.00,914.59,0.00,0.00
252215573,Leeton (AUS) 1st Jan,To Be Placed,01-01-2026 09:06,5071151,4. Flying Colours,1,1.40000000,1.0000,1.2157,1.00,1001.00,1.00,1001.00,77.83,0.00,0.00
252192091,Port Macquarie (AUS) 1st Jan,To Be Placed,01-01-2026 05:15,67077169,7. Im Opinionated,1,1.71145080,1.0000,1.4024,1.00,1001.00,1.00,1001.00,324.68,0.00,0.00
252195043,Ascot (AUS) 1st Jan,To Be Placed,01-01-2026 05:08,92162318,5. Monte Tremezzo,0,4.20182888,1.0000,2.9320,1.00,1001.00,1.00,1001.00,3119.22,0.00,0.00
252192877,Canterbury (AUS) 1st Jan,To Be Placed,01-01-2026 08:00,836967,10. Lunar Lover,0,1.42000000,1.0000,1.3825,1.00,1001.00,1.00,1001.00,2918.07,0.00,0.00
252215570,Leeton (AUS) 1st Jan,To Be Placed,01-01-2026 08:29,91065707,4. Watermain Lady,0,2.38000000,1.0000,1.4246,1.00,1001.00,1.00,1001.00,22.23,0.00,0.00
252215576,Leeton (AUS) 1st Jan,To Be Placed,01-01-2026 09:44,19062466,7. Crime Writer,1,5.39116174,1.0000,2.7042,1.00,1001.00,1.00,1001.00,18.26,0.00,0.00
252194413,Longford (AUS) 1st Jan,To Be Placed,01-01-2026 04:09,64121365,3. Mightymaxi,0,22.00000000,1.0000,7.4787,1.00,1001.00,1.00,1001.00,148.36,0.00,0.00
252192151,Burrumbeet (AUS) 1st Jan,To Be Placed,01-01-2026 06:16,70385554,6. Bronco Revolution,1,2.52000000,1.0000,1.3122,1.00,1001.00,1.00,1001.00,176.22,0.00,0.00
252195043,Ascot (AUS) 1st Jan,To Be Placed,01-01-2026 05:08,92418401,4. Our Naughty Secret,0,8.16168680,1.0000,3.0233,1.00,1001.00,1.00,1001.00,1139.73,0.00,0.00
252192877,Canterbury (AUS) 1st Jan,To Be Placed,01-01-2026 08:00,77645920,13. Channelling,1,5.63872340,1.0000,4.0102,1.00,1001.00,1.00,1001.00,367.79,0.00,0.00
252192394,Mornington (AUS) 1st Jan,To Be Placed,01-01-2026 06:00,93206595,6. Alpine Fox,0,2.80063642,1.0000,1.9803,1.00,1001.00,1.00,1001.00,633.80,0.00,0.00
252194426,Longford (AUS) 1st Jan,To Be Placed,01-01-2026 05:29,93168134,1. Wheeling,1,1.71412944,1.0000,1.5482,1.00,1001.00,1.00,1001.00,1232.93,0.00,0.00
252192402,Mornington (AUS) 1st Jan,To Be Placed,01-01-2026 06:40,93206600,8. Arabian Myth,0,6.13728416,1.0000,3.5655,1.00,1001.00,1.00,1001.00,358.53,0.00,0.00
252194994,Murray Bridge (AUS) 1st Jan,To Be Placed,01-01-2026 04:12,93206429,18. The Big Chunk,0,30.00000000,1.0000,12.0918,1.00,1001.00,1.00,1001.00,44.31,0.00,0.00
252194994,Murray Bridge (AUS) 1st Jan,To Be Placed,01-01-2026 04:12,93206428,17. Bandicoot,0,41.98004286,1.0000,10.7494,1.00,1001.00,1.00,1001.00,58.19,0.00,0.00
252192123,Burrumbeet (AUS) 1st Jan,To Be Placed,01-01-2026 03:36,119066,2. Nip,0,11.00000000,1.0000,5.5216,1.00,1001.00,1.00,1001.00,76.88,0.00,0.00
252192354,Mornington (AUS) 1st Jan,To Be Placed,01-01-2026 02:45,93206566,2. Oceanella,1,1.50026606,1.0000,1.4203,1.00,1001.00,1.00,1001.00,3348.26,0.00,0.00
252195006,Murray Bridge (AUS) 1st Jan,To Be Placed,01-01-2026 05:32,93206432,6. Kalosyni,0,3.65000000,1.0000,2.0839,1.00,1001.00,1.00,1001.00,166.29,0.00,0.00
252192158,Hanging Rock (AUS) 1st Jan,To Be Placed,01-01-2026 02:34,93206727,4. Unquestionably,0,3.09991769,1.0000,2.5614,1.00,1001.00,1.00,1001.00,1514.77,0.00,0.00
252192102,Burrumbeet (AUS) 1st Jan,To Be Placed,01-01-2026 01:51,86347292,1. Black Rutile,1,4.90000000,1.0000,3.5412,1.00,1001.00,1.00,1001.00,664.38,0.00,0.00
252192094,Port Macquarie (AUS) 1st Jan,To Be Placed,01-01-2026 05:55,56357766,11. Jevington Will Do,0,4.80000000,1.0000,1.5433,1.00,1001.00,1.00,1001.00,114.91,0.00,0.00
252195079,Ascot (AUS) 1st Jan,To Be Placed,01-01-2026 07:45,61524717,1. Arcadia Knight,0,3.37536308,1.0000,2.6069,1.00,1001.00,1.00,1001.00,2044.81,0.00,0.00
252195043,Ascot (AUS) 1st Jan,To Be Placed,01-01-2026 05:08,93168717,7. Dust Aside,0,2.84000000,1.0000,2.1804,1.00,1001.00,1.00,1001.00,934.55,0.00,0.00
252192329,Sunshine Coast (AUS) 1st Jan,To Be Placed,01-01-2026 05:12,90603977,9. Battuta,0,7.83778350,1.0000,4.2543,1.00,1001.00,1.00,1001.00,267.88,0.00,0.00
252192165,Hanging Rock (AUS) 1st Jan,To Be Placed,01-01-2026 03:09,93206732,4. Works Dirty,0,7.20000000,1.0000,5.3060,1.00,1001.00,1.00,1001.00,517.80,0.00,0.00
252215585,Leeton (AUS) 1st Jan,To Be Placed,01-01-2026 11:15,44939951,6. Return Serve,0,13.00000000,1.0000,1.0000,1.00,1001.00,1.00,1001.00,0.00,0.00,0.00
252192420,Inverell (AUS) 1st Jan,To Be Placed,01-01-2026 04:45,93206157,4. General Lamarque,0,3.62223748,1.0000,1.8238,1.00,1001.00,1.00,1001.00,163.47,0.00,0.00
252194394,Longford (AUS) 1st Jan,To Be Placed,01-01-2026 02:22,89301802,4. Striding Bay,1,1.95000000,1.0000,1.7551,1.00,1001.00,1.00,1001.00,390.04,0.00,0.00
252192186,Hanging Rock (AUS) 1st Jan,To Be Placed,01-01-2026 05:04,67359416,7. Gunnafly,0,7.20000000,1.0000,4.1233,1.00,1001.00,1.00,1001.00,30.53,0.00,0.00
252192850,Canterbury (AUS) 1st Jan,To Be Placed,01-01-2026 06:20,93206518,10. Philatelic,0,2.48468158,1.0000,1.9196,1.00,1001.00,1.00,1001.00,601.47,0.00,0.00
252195012,Murray Bridge (AUS) 1st Jan,To Be Placed,01-01-2026 06:12,93206436,12. Tokyo Ice,0,8.73697410,1.0000,4.1971,1.00,1001.00,1.00,1001.00,652.22,0.00,0.00
252195006,Murray Bridge (AUS) 1st Jan,To Be Placed,01-01-2026 05:32,93206434,12. Octavian Treasure,0,8.40000000,1.0000,3.3393,1.00,1001.00,1.00,1001.00,84.34,0.00,0.00
252192411,Inverell (AUS) 1st Jan,To Be Placed,01-01-2026 02:50,84732903,7. Evony,0,9.00000000,1.0000,5.0436,1.00,1001.00,1.00,1001.00,60.29,0.00,0.00
252194432,Longford (AUS) 1st Jan,To Be Placed,01-01-2026 06:09,62393927,4. Spring Bean,1,3.34328702,1.0000,2.5046,1.00,1001.00,1.00,1001.00,876.50,0.00,0.00
252194420,Longford (AUS) 1st Jan,To Be Placed,01-01-2026 04:49,41286210,1. Alpine Blast,0,2.92179810,1.0000,2.2042,1.00,1001.00,1.00,1001.00,614.88,0.00,0.00
252192137,Burrumbeet (AUS) 1st Jan,To Be Placed,01-01-2026 04:56,86099520,1. Grande Terre,0,1.57243989,1.0000,1.4437,1.00,1001.00,1.00,1001.00,1598.66,0.00,0.00
252215564,Leeton (AUS) 1st Jan,To Be Placed,01-01-2026 07:22,83381476,7. Cee Whos Bettor,1,6.40000000,1.0000,3.9959,1.00,1001.00,1.00,1001.00,202.06,0.00,0.00
252192341,Sunshine Coast (AUS) 1st Jan,To Be Placed,01-01-2026 07:15,48401440,4. Mio Sorrento,0,12.00000000,1.0000,4.0562,1.00,1001.00,1.00,1001.00,549.39,0.00,0.00
252195006,Murray Bridge (AUS) 1st Jan,To Be Placed,01-01-2026 05:32,3468627,7. Nadege,0,5.60000000,1.0000,3.1176,1.00,1001.00,1.00,1001.00,187.83,0.00,0.00
252194994,Murray Bridge (AUS) 1st Jan,To Be Placed,01-01-2026 04:12,92743434,16. Caer Ibormeith,0,7.20000000,1.0000,7.0748,1.00,1001.00,1.00,1001.00,530.93,0.00,0.00
252192423,Inverell (AUS) 1st Jan,To Be Placed,01-01-2026 05:25,93206159,4. Staffa,1,3.95000000,1.0000,2.7356,1.00,1001.00,1.00,1001.00,117.16,0.00,0.00
252194439,Longford (AUS) 1st Jan,To Be Placed,01-01-2026 06:49,1463237,1. Zurich,1,2.66000000,1.0000,1.2074,1.00,1001.00,1.00,1001.00,110.16,0.00,0.00
252195052,Ascot (AUS) 1st Jan,To Be Placed,01-01-2026 05:48,81517780,3. Immortal Bliss,1,1.42718364,1.0000,1.2625,1.00,1001.00,1.00,1001.00,2260.92,0.00,0.00
252192370,Mornington (AUS) 1st Jan,To Be Placed,01-01-2026 04:00,51636071,1. Midnight Charm,0,1.58568724,1.0000,1.2471,1.00,1001.00,1.00,1001.00,2209.08,0.00,0.00
252215570,Leeton (AUS) 1st Jan,To Be Placed,01-01-2026 08:29,50296291,6. View The Art,0,2.92000000,1.0000,2.4782,1.00,1001.00,1.00,1001.00,32.16,0.00,0.00
252192823,Canterbury (AUS) 1st Jan,To Be Placed,01-01-2026 04:20,1082901,5. Precise Star,0,2.20000000,1.0000,1.7927,1.00,1001.00,1.00,1001.00,433.72,0.00,0.00
252192423,Inverell (AUS) 1st Jan,To Be Placed,01-01-2026 05:25,89301672,6. I Am A Winner,0,4.77690838,1.0000,2.7297,1.00,1001.00,1.00,1001.00,320.85,0.00,0.00
252194988,Murray Bridge (AUS) 1st Jan,To Be Placed,01-01-2026 03:32,93206413,5. Alpha Impact,0,9.60000000,1.0000,5.0222,1.00,1001.00,1.00,1001.00,110.64,0.00,0.00
252192085,Port Macquarie (AUS) 1st Jan,To Be Placed,01-01-2026 03:55,79066291,5. Heart Of Platinum,0,2.20000000,1.0000,1.7542,1.00,1001.00,1.00,1001.00,459.56,0.00,0.00
252195012,Murray Bridge (AUS) 1st Jan,To Be Placed,01-01-2026 06:12,67038994,10. Exalted Kate,0,3.77196015,1.0000,2.9758,1.00,1001.00,1.00,1001.00,544.36,0.00,0.00
252194988,Murray Bridge (AUS) 1st Jan,To Be Placed,01-01-2026 03:32,93206412,4. Summertime Madness,1,1.81000000,1.0000,1.3747,1.00,1001.00,1.00,1001.00,369.41,0.00,0.00
252192151,Burrumbeet (AUS) 1st Jan,To Be Placed,01-01-2026 06:16,60987387,7. Deep Core,0,3.00000000,1.0000,1.0294,1.00,1001.00,1.00,1001.00,126.37,0.00,0.00
252192321,Sunshine Coast (AUS) 1st Jan,To Be Placed,01-01-2026 03:52,855669,3. Sultry Siren,0,6.00012568,1.0000,4.1210,1.00,1001.00,1.00,1001.00,510.73,0.00,0.00
252194982,Murray Bridge (AUS) 1st Jan,To Be Placed,01-01-2026 02:57,80398909,4. Matino,0,15.14898980,1.0000,6.6634,1.00,1001.00,1.00,1001.00,153.90,0.00,0.00
252192408,Inverell (AUS) 1st Jan,To Be Placed,01-01-2026 02:14,4853912,7. My Lioness,0,32.00000000,1.0000,6.3209,1.00,1001.00,1.00,1001.00,55.05,0.00,0.00
252192172,Hanging Rock (AUS) 1st Jan,To Be Placed,01-01-2026 03:44,53946040,6. The Wayfarer,0,2.90000000,1.0000,1.8889,1.00,1001.00,1.00,1001.00,234.66,0.00,0.00
252192116,Burrumbeet (AUS) 1st Jan,To Be Placed,01-01-2026 03:01,78566589,2. Yankee Street Rain,1,4.83170963,1.0000,3.0214,1.00,1001.00,1.00,1001.00,649.32,0.00,0.00
252192085,Port Macquarie (AUS) 1st Jan,To Be Placed,01-01-2026 03:55,84472015,8. Think Of One,1,2.13901170,1.0000,1.7069,1.00,1001.00,1.00,1001.00,1355.90,0.00,0.00
252194994,Murray Bridge (AUS) 1st Jan,To Be Placed,01-01-2026 04:12,5285283,5. Galileo Gold,0,1.59321696,1.0000,1.4805,1.00,1001.00,1.00,1001.00,1142.88,0.00,0.00
252194988,Murray Bridge (AUS) 1st Jan,To Be Placed,01-01-2026 03:32,92207073,15. Princess Now,0,4.77751235,1.0000,2.4042,1.00,1001.00,1.00,1001.00,448.37,0.00,0.00
252192420,Inverell (AUS) 1st Jan,To Be Placed,01-01-2026 04:45,77728413,2. Shut Eye,0,2.80000000,1.0000,1.9445,1.00,1001.00,1.00,1001.00,242.39,0.00,0.00
252192186,Hanging Rock (AUS) 1st Jan,To Be Placed,01-01-2026 05:04,87768156,10. Seeking Prophet,0,20.00000000,1.0000,9.6910,1.00,1001.00,1.00,1001.00,484.73,0.00,0.00
252192116,Burrumbeet (AUS) 1st Jan,To Be Placed,01-01-2026 03:01,12766621,3. Spiderman,0,8.40000000,1.0000,5.9854,1.00,1001.00,1.00,1001.00,816.90,0.00,0.00
252192832,Canterbury (AUS) 1st Jan,To Be Placed,01-01-2026 05:00,538886,11. Royal Silver,1,6.60000000,1.0000,4.4061,1.00,1001.00,1.00,1001.00,337.63,0.00,0.00
252215567,Leeton (AUS) 1st Jan,To Be Placed,01-01-2026 07:52,69129899,5. Pirani Princess,0,4.60000000,1.0000,1.0929,1.00,1001.00,1.00,1001.00,13.94,0.00,0.00
252194432,Longford (AUS) 1st Jan,To Be Placed,01-01-2026 06:09,57883606,3. General Assembly,0,3.05000000,1.0000,2.2386,1.00,1001.00,1.00,1001.00,156.02,0.00,0.00
252194420,Longford (AUS) 1st Jan,To Be Placed,01-01-2026 04:49,37995858,7. Launnie Nights,0,1.81775678,1.0000,1.5625,1.00,1001.00,1.00,1001.00,868.34,0.00,0.00
252194413,Longford (AUS) 1st Jan,To Be Placed,01-01-2026 04:09,26813092,2. Gingerson,0,2.86000000,1.0000,1.7806,1.00,1001.00,1.00,1001.00,301.34,0.00,0.00
252192186,Hanging Rock (AUS) 1st Jan,To Be Placed,01-01-2026 05:04,60183570,9. Spirit Angel,1,1.65131231,1.0000,1.3564,1.00,1001.00,1.00,1001.00,885.47,0.00,0.00
252192172,Hanging Rock (AUS) 1st Jan,To Be Placed,01-01-2026 03:44,2970051,5. Scream,1,1.27810668,1.0000,1.1260,1.00,1001.00,1.00,1001.00,3864.21,0.00,0.00
252192109,Burrumbeet (AUS) 1st Jan,To Be Placed,01-01-2026 02:26,71436493,1. Good Boy Carlo,0,6.04623924,1.0000,3.5188,1.00,1001.00,1.00,1001.00,307.08,0.00,0.00
252215597,Echuca (AUS) 1st Jan,To Be Placed,01-01-2026 09:59,42099510,9. Taste It,0,2.30000000,1.0000,2.0428,1.00,1001.00,1.00,1001.00,469.84,0.00,0.00
252192378,Mornington (AUS) 1st Jan,To Be Placed,01-01-2026 04:40,59996083,7. Mercante,0,2.62000000,1.0000,2.1968,1.00,1001.00,1.00,1001.00,1272.68,0.00,0.00
252192329,Sunshine Coast (AUS) 1st Jan,To Be Placed,01-01-2026 05:12,93206941,3. San Jeronimo,1,5.06806907,1.0000,2.4828,1.00,1001.00,1.00,1001.00,475.02,0.00,0.00
252192165,Hanging Rock (AUS) 1st Jan,To Be Placed,01-01-2026 03:09,93206730,1. Gatsby Crown,1,3.80636107,1.0000,3.0758,1.00,1001.00,1.00,1001.00,1736.28,0.00,0.00
252194432,Longford (AUS) 1st Jan,To Be Placed,01-01-2026 06:09,24427995,2. Wineglass Bay,0,1.55000000,1.0000,1.3183,1.00,1001.00,1.00,1001.00,1691.01,0.00,0.00
252192850,Canterbury (AUS) 1st Jan,To Be Placed,01-01-2026 06:20,79330446,4. Golden Loom,1,5.96911918,1.0000,3.1220,1.00,1001.00,1.00,1001.00,330.19,0.00,0.00
252192823,Canterbury (AUS) 1st Jan,To Be Placed,01-01-2026 04:20,93206492,4. Menthon,0,3.27299144,1.0000,2.0116,1.00,1001.00,1.00,1001.00,748.52,0.00,0.00
252192325,Sunshine Coast (AUS) 1st Jan,To Be Placed,01-01-2026 04:32,93206938,4. Before Anyone Else,0,4.20324629,1.0000,2.5930,1.00,1001.00,1.00,1001.00,185.79,0.00,0.00
252192423,Inverell (AUS) 1st Jan,To Be Placed,01-01-2026 05:25,74853304,11. Ardonaugh,0,15.30115168,1.0000,8.0580,1.00,1001.00,1.00,1001.00,115.02,0.00,0.00
252192414,Inverell (AUS) 1st Jan,To Be Placed,01-01-2026 03:25,93206154,5. Thrilling Venture,0,1.85417966,1.0000,1.7959,1.00,1001.00,1.00,1001.00,843.12,0.00,0.00
252194394,Longford (AUS) 1st Jan,To Be Placed,01-01-2026 02:22,71145441,2. Oxy Bolt,0,13.00000000,1.0000,7.8334,1.00,1001.00,1.00,1001.00,145.28,0.00,0.00
252192088,Port Macquarie (AUS) 1st Jan,To Be Placed,01-01-2026 04:35,72134220,8. Crown Estate,0,1.57000000,1.0000,1.1886,1.00,1001.00,1.00,1001.00,1131.62,0.00,0.00
252192362,Mornington (AUS) 1st Jan,To Be Placed,01-01-2026 03:20,93206584,9. Shapenapit,1,1.82239320,1.0000,1.6244,1.00,1001.00,1.00,1001.00,3030.20,0.00,0.00
252215582,Leeton (AUS) 1st Jan,To Be Placed,01-01-2026 10:45,56263802,7. Knight Jujon,0,11.50000000,1.0000,,1.00,1001.00,1.00,1001.00,5.66,0.00,0.00
252192158,Hanging Rock (AUS) 1st Jan,To Be Placed,01-01-2026 02:34,229809,3. Alternate,1,1.42569657,1.0000,1.2229,1.00,1001.00,1.00,1001.00,2222.36,0.00,0.00
252192841,Canterbury (AUS) 1st Jan,To Be Placed,01-01-2026 05:40,93206514,12. Hazel Jean,0,1.79496535,1.0000,1.5090,1.00,1001.00,1.00,1001.00,709.36,0.00,0.00
252215576,Leeton (AUS) 1st Jan,To Be Placed,01-01-2026 09:44,2641440,10. Dashing,0,1.99000000,1.0000,1.5662,1.00,1001.00,1.00,1001.00,10.16,0.00,0.00
252192313,Sunshine Coast (AUS) 1st Jan,To Be Placed,01-01-2026 02:38,93206934,7. Ilkley Road,0,141.27460826,1.0000,36.7846,1.00,1001.00,1.00,1001.00,33.85,0.00,0.00
252195006,Murray Bridge (AUS) 1st Jan,To Be Placed,01-01-2026 05:32,91807107,10. Effusiv,1,3.38342480,1.0000,2.4958,1.00,1001.00,1.00,1001.00,625.69,0.00,0.00
252192423,Inverell (AUS) 1st Jan,To Be Placed,01-01-2026 05:25,70421574,7. Kates Tiara,0,3.15000000,1.0000,2.4984,1.00,1001.00,1.00,1001.00,195.77,0.00,0.00
252192102,Burrumbeet (AUS) 1st Jan,To Be Placed,01-01-2026 01:51,472341,8. Montana Rose,0,2.82000000,1.0000,1.7064,1.00,1001.00,1.00,1001.00,114.86,0.00,0.00
252215573,Leeton (AUS) 1st Jan,To Be Placed,01-01-2026 09:06,7235769,1. Mop,0,1.99893806,1.0000,1.8432,1.00,1001.00,1.00,1001.00,461.27,0.00,0.00
252192329,Sunshine Coast (AUS) 1st Jan,To Be Placed,01-01-2026 05:12,80639984,7. Tuscaloosa Chief,0,19.69283499,1.0000,15.1998,1.00,1001.00,1.00,1001.00,326.62,0.00,0.00
252195097,Ascot (AUS) 1st Jan,To Be Placed,01-01-2026 09:00,46603518,5. Cut The Talk,0,6.43896553,1.0000,4.9261,1.00,1001.00,1.00,1001.00,796.12,0.00,0.00
252192850,Canterbury (AUS) 1st Jan,To Be Placed,01-01-2026 06:20,93206515,6. Valiant Bomb,0,3.00000000,1.0000,2.0249,1.00,1001.00,1.00,1001.00,461.93,0.00,0.00
252215573,Leeton (AUS) 1st Jan,To Be Placed,01-01-2026 09:06,53418990,2. Oh Sweet Creature,1,1.47000000,1.0000,1.1428,1.00,1001.00,1.00,1001.00,236.88,0.00,0.00
252192426,Inverell (AUS) 1st Jan,To Be Placed,01-01-2026 06:05,40786010,3. Mystery Lad,1,4.82561625,1.0000,1.3942,1.00,1001.00,1.00,1001.00,33.38,0.00,0.00
252192417,Inverell (AUS) 1st Jan,To Be Placed,01-01-2026 04:05,71436440,6. Hes A Copy Boy,0,2.44852782,1.0000,1.8434,1.00,1001.00,1.00,1001.00,177.29,0.00,0.00
252218205,Busselton (AUS) 1st Jan,To Be Placed,01-01-2026 12:04,38448956,6. Gee Smith,0,2.26000000,1.0000,1.0000,1.00,1001.00,1.00,1001.00,0.00,0.00,0.00
252194994,Murray Bridge (AUS) 1st Jan,To Be Placed,01-01-2026 04:12,93206426,12. Fear The Zou,0,1.75290009,1.0000,1.6969,1.00,1001.00,1.00,1001.00,483.02,0.00,0.00
252192832,Canterbury (AUS) 1st Jan,To Be Placed,01-01-2026 05:00,92459886,1. Artgirl,1,1.44000000,1.0000,1.3473,1.00,1001.00,1.00,1001.00,5850.07,0.00,0.00
252192172,Hanging Rock (AUS) 1st Jan,To Be Placed,01-01-2026 03:44,65292504,4. Viperion,0,3.90000000,1.0000,1.8480,1.00,1001.00,1.00,1001.00,207.38,0.00,0.00
252192402,Mornington (AUS) 1st Jan,To Be Placed,01-01-2026 06:40,93206599,5. Ruby Avenue,0,3.99904000,1.0000,2.3654,1.00,1001.00,1.00,1001.00,481.75,0.00,0.00
252218203,Busselton (AUS) 1st Jan,To Be Placed,01-01-2026 11:37,59466916,4. Joeys On A Roll,0,1.32117747,1.0000,1.0000,1.00,1001.00,1.00,1001.00,0.00,0.00,0.00
252192426,Inverell (AUS) 1st Jan,To Be Placed,01-01-2026 06:05,58407181,1. Swift Charm,0,2.92000000,1.0000,2.1249,1.00,1001.00,1.00,1001.00,175.87,0.00,0.00
252192408,Inverell (AUS) 1st Jan,To Be Placed,01-01-2026 02:14,3158502,3. Spirit Of Destiny,0,11.08039554,1.0000,5.2566,1.00,1001.00,1.00,1001.00,267.78,0.00,0.00
252192151,Burrumbeet (AUS) 1st Jan,To Be Placed,01-01-2026 06:16,67116904,4. Boudica Warrior,1,1.77891998,1.0000,1.5022,1.00,1001.00,1.00,1001.00,858.08,0.00,0.00
252195106,Ascot (AUS) 1st Jan,To Be Placed,01-01-2026 09:40,62564876,1. In Good Order,0,9.20000000,1.0000,5.6286,1.00,1001.00,1.00,1001.00,1952.04,0.00,0.00
252192877,Canterbury (AUS) 1st Jan,To Be Placed,01-01-2026 08:00,36894931,8. Chateaux Park,0,7.54608568,1.0000,5.2928,1.00,1001.00,1.00,1001.00,1202.02,0.00,0.00
252215589,Echuca (AUS) 1st Jan,To Be Placed,01-01-2026 07:34,39594458,5. Miss Piggy Wiggy,0,6.40000000,1.0000,3.0580,1.00,1001.00,1.00,1001.00,7.68,0.00,0.00
252192386,Mornington (AUS) 1st Jan,To Be Placed,01-01-2026 05:20,93206592,8. Bob The Horse,0,3.30010493,1.0000,2.0813,1.00,1001.00,1.00,1001.00,1016.20,0.00,0.00
252215570,Leeton (AUS) 1st Jan,To Be Placed,01-01-2026 08:29,75026647,8. Sara Ta Sloy,0,70.00000000,1.0000,15.2517,1.00,1001.00,1.00,1001.00,4.37,0.00,0.00
252192426,Inverell (AUS) 1st Jan,To Be Placed,01-01-2026 06:05,65292751,9. Leica Model,0,11.28525990,1.0000,6.9225,1.00,1001.00,1.00,1001.00,203.06,0.00,0.00
252192408,Inverell (AUS) 1st Jan,To Be Placed,01-01-2026 02:14,75914128,2. Sivo,1,2.66350103,1.0000,1.9254,1.00,1001.00,1.00,1001.00,1057.15,0.00,0.00
252215599,Echuca (AUS) 1st Jan,To Be Placed,01-01-2026 10:33,76431576,2. Maximez,1,1.96500000,1.0000,1.9300,1.00,1001.00,1.00,1001.00,2.98,0.00,0.00
252192151,Burrumbeet (AUS) 1st Jan,To Be Placed,01-01-2026 06:16,70891629,2. Bokeem,1,1.50701780,1.0000,1.2192,1.00,1001.00,1.00,1001.00,1412.70,0.00,0.00
252192088,Port Macquarie (AUS) 1st Jan,To Be Placed,01-01-2026 04:35,39379485,4. Brazen Brando,0,2.46458713,1.0000,1.7066,1.00,1001.00,1.00,1001.00,681.10,0.00,0.00
252192094,Port Macquarie (AUS) 1st Jan,To Be Placed,01-01-2026 05:55,55012811,8. Kickoff,1,1.92333177,1.0000,1.3600,1.00,1001.00,1.00,1001.00,704.74,0.00,0.00
252215589,Echuca (AUS) 1st Jan,To Be Placed,01-01-2026 07:34,54681203,11. Luverboy,1,2.68000000,1.0000,1.4211,1.00,1001.00,1.00,1001.00,91.73,0.00,0.00
252192378,Mornington (AUS) 1st Jan,To Be Placed,01-01-2026 04:40,54612751,11. Highland Glory,1,2.13351273,1.0000,1.9822,1.00,1001.00,1.00,1001.00,1770.21,0.00,0.00
252218205,Busselton (AUS) 1st Jan,To Be Placed,01-01-2026 12:04,74824291,2. Major Dalton,0,5.30440000,1.0000,1.0000,1.00,1001.00,1.00,1001.00,0.00,0.00,0.00
252192123,Burrumbeet (AUS) 1st Jan,To Be Placed,01-01-2026 03:36,82018396,6. Petroula,0,1.76721070,1.0000,1.3254,1.00,1001.00,1.00,1001.00,1971.52,0.00,0.00
252215564,Leeton (AUS) 1st Jan,To Be Placed,01-01-2026 07:22,80092748,1. Sheer Vitality,1,1.51889865,1.0000,1.3461,1.00,1001.00,1.00,1001.00,444.38,0.00,0.00
252195115,Ascot (AUS) 1st Jan,To Be Placed,01-01-2026 10:19,71404761,12. Kelvinater,0,2.59671125,1.0000,1.7202,1.00,1001.00,1.00,1001.00,735.41,0.00,0.00
252215570,Leeton (AUS) 1st Jan,To Be Placed,01-01-2026 08:29,78946069,7. Mirador Lass,0,3.56338298,1.0000,2.6915,1.00,1001.00,1.00,1001.00,279.79,0.00,0.00
252215579,Leeton (AUS) 1st Jan,To Be Placed,01-01-2026 10:14,13542831,5. Arendelle,1,2.04783364,1.0000,1.2887,1.00,1001.00,1.00,1001.00,107.54,0.00,0.00
252194982,Murray Bridge (AUS) 1st Jan,To Be Placed,01-01-2026 02:57,50509508,5. The Highlander,1,2.62000000,1.0000,1.6237,1.00,1001.00,1.00,1001.00,148.00,0.00,0.00
252192172,Hanging Rock (AUS) 1st Jan,To Be Placed,01-01-2026 03:44,79562922,1. Fox Man,0,2.32000000,1.0000,1.7673,1.00,1001.00,1.00,1001.00,240.94,0.00,0.00
252192823,Canterbury (AUS) 1st Jan,To Be Placed,01-01-2026 04:20,93206496,9. Tutto,0,1.78000000,1.0000,1.3860,1.00,1001.00,1.00,1001.00,644.57,0.00,0.00
252218207,Busselton (AUS) 1st Jan,To Be Placed,01-01-2026 12:35,81489910,5. Hughey,0,3.95000000,1.0000,1.0000,1.00,1001.00,1.00,1001.00,0.00,0.00,0.00
252195012,Murray Bridge (AUS) 1st Jan,To Be Placed,01-01-2026 06:12,63363613,11. Lady Of Savoy,0,2.57075117,1.0000,1.9603,1.00,1001.00,1.00,1001.00,1440.13,0.00,0.00
252192137,Burrumbeet (AUS) 1st Jan,To Be Placed,01-01-2026 04:56,54901421,5. Wheres Poppy,1,2.56000000,1.0000,1.6754,1.00,1001.00,1.00,1001.00,333.34,0.00,0.00
252192097,Port Macquarie (AUS) 1st Jan,To Be Placed,01-01-2026 06:35,43350617,2. Amalfi Amore,1,3.20000000,1.0000,1.8805,1.00,1001.00,1.00,1001.00,236.34,0.00,0.00
252215595,Echuca (AUS) 1st Jan,To Be Placed,01-01-2026 09:21,43035826,5. Bulldog Khan,0,3.20000000,1.0000,3.2156,1.00,1001.00,1.00,1001.00,80.50,0.00,0.00
252215573,Leeton (AUS) 1st Jan,To Be Placed,01-01-2026 09:06,93168923,11. Captain Deejay,0,28.00000000,1.0000,,1.00,1001.00,1.00,1001.00,11.08,0.00,0.00
252192329,Sunshine Coast (AUS) 1st Jan,To Be Placed,01-01-2026 05:12,93206940,1. Gunnie Gunfighter,0,5.91914281,1.0000,4.4231,1.00,1001.00,1.00,1001.00,838.25,0.00,0.00
252194994,Murray Bridge (AUS) 1st Jan,To Be Placed,01-01-2026 04:12,2026526,7. Real World,1,10.50000000,1.0000,5.3891,1.00,1001.00,1.00,1001.00,269.48,0.00,0.00
252192841,Canterbury (AUS) 1st Jan,To Be Placed,01-01-2026 05:40,77688130,5. Vanessi,0,2.14206584,1.0000,1.6244,1.00,1001.00,1.00,1001.00,524.56,0.00,0.00
252195097,Ascot (AUS) 1st Jan,To Be Placed,01-01-2026 09:00,93168733,11. Madhi Girl,1,1.36452910,1.0000,1.2144,1.00,1001.00,1.00,1001.00,5249.22,0.00,0.00
252195034,Ascot (AUS) 1st Jan,To Be Placed,01-01-2026 04:28,92461010,2. Santanova,0,3.25814352,1.0000,2.6563,1.00,1001.00,1.00,1001.00,1339.14,0.00,0.00
252192354,Mornington (AUS) 1st Jan,To Be Placed,01-01-2026 02:45,28640922,7. Angelotti,0,9.40000000,1.0000,6.6521,1.00,1001.00,1.00,1001.00,1010.14,0.00,0.00
252192877,Canterbury (AUS) 1st Jan,To Be Placed,01-01-2026 08:00,78464200,12. Scarli Japali,1,7.72938400,1.0000,6.1162,1.00,1001.00,1.00,1001.00,480.17,0.00,0.00
252215593,Echuca (AUS) 1st Jan,To Be Placed,01-01-2026 08:44,42769508,5. Hurrikane Dusty,1,2.00000000,1.0000,1.5995,1.00,1001.00,1.00,1001.00,169.20,0.00,0.00
252192378,Mornington (AUS) 1st Jan,To Be Placed,01-01-2026 04:40,73991779,4. Rebadge,0,5.09911888,1.0000,2.5252,1.00,1001.00,1.00,1001.00,1188.56,0.00,0.00
252192423,Inverell (AUS) 1st Jan,To Be Placed,01-01-2026 05:25,66542872,10. Takemine,0,10.08927741,1.0000,5.4511,1.00,1001.00,1.00,1001.00,174.83,0.00,0.00
252192144,Burrumbeet (AUS) 1st Jan,To Be Placed,01-01-2026 05:36,41844724,3. Flying Basil,0,2.66000000,1.0000,1.8549,1.00,1001.00,1.00,1001.00,559.22,0.00,0.00
252194420,Longford (AUS) 1st Jan,To Be Placed,01-01-2026 04:49,79803125,6. Im Chev,1,2.52000000,1.0000,2.0760,1.00,1001.00,1.00,1001.00,768.62,0.00,0.00
252194426,Longford (AUS) 1st Jan,To Be Placed,01-01-2026 05:29,93168135,6. Super Snippy,0,2.76916224,1.0000,1.8731,1.00,1001.00,1.00,1001.00,383.35,0.00,0.00
252195070,Ascot (AUS) 1st Jan,To Be Placed,01-01-2026 07:08,79525322,8. La Excellence,0,13.50000000,1.0000,10.0443,1.00,1001.00,1.00,1001.00,251.00,0.00,0.00
252215595,Echuca (AUS) 1st Jan,To Be Placed,01-01-2026 09:21,66614681,8. Triple Rock Saint,1,1.34000000,1.0000,1.2780,1.00,1001.00,1.00,1001.00,597.69,0.00,0.00
252192417,Inverell (AUS) 1st Jan,To Be Placed,01-01-2026 04:05,74459759,8. Tillstrom,1,1.53000000,1.0000,1.2711,1.00,1001.00,1.00,1001.00,2003.51,0.00,0.00
252195115,Ascot (AUS) 1st Jan,To Be Placed,01-01-2026 10:19,83904957,9. Dennis Choux,1,14.00000000,1.0000,9.1054,1.00,1001.00,1.00,1001.00,351.35,0.00,0.00
252195043,Ascot (AUS) 1st Jan,To Be Placed,01-01-2026 05:08,84697132,2. Baby Pearl,0,2.72747606,1.0000,2.4320,1.00,1001.00,1.00,1001.00,1283.25,0.00,0.00
252192850,Canterbury (AUS) 1st Jan,To Be Placed,01-01-2026 06:20,4725611,2. Botanist,0,3.10000000,1.0000,2.4173,1.00,1001.00,1.00,1001.00,794.14,0.00,0.00
252192386,Mornington (AUS) 1st Jan,To Be Placed,01-01-2026 05:20,92504595,5. Stole Him,0,7.40000000,1.0000,5.8642,1.00,1001.00,1.00,1001.00,567.90,0.00,0.00
252192317,Sunshine Coast (AUS) 1st Jan,To Be Placed,01-01-2026 03:13,56089753,1. Chayse N Artie,0,8.20000000,1.0000,7.0828,1.00,1001.00,1.00,1001.00,901.04,0.00,0.00
252195079,Ascot (AUS) 1st Jan,To Be Placed,01-01-2026 07:45,27330308,8. Battle Commander,1,2.52000000,1.0000,2.3171,1.00,1001.00,1.00,1001.00,1062.91,0.00,0.00
252194988,Murray Bridge (AUS) 1st Jan,To Be Placed,01-01-2026 03:32,90568283,10. Lady Biv,1,11.30810017,1.0000,5.3255,1.00,1001.00,1.00,1001.00,714.33,0.00,0.00
252192420,Inverell (AUS) 1st Jan,To Be Placed,01-01-2026 04:45,61592718,12. Mum Knows,0,3.41767076,1.0000,1.5156,1.00,1001.00,1.00,1001.00,209.88,0.00,0.00
252195043,Ascot (AUS) 1st Jan,To Be Placed,01-01-2026 05:08,93168716,6. Sound Of Speed,1,3.35000000,1.0000,2.6913,1.00,1001.00,1.00,1001.00,311.74,0.00,0.00
252215589,Echuca (AUS) 1st Jan,To Be Placed,01-01-2026 07:34,58919466,7. Over The Line,1,2.92000000,1.0000,2.8910,1.00,1001.00,1.00,1001.00,295.68,0.00,0.00
252215589,Echuca (AUS) 1st Jan,To Be Placed,01-01-2026 07:34,76937060,6. Queenhigh Flush,0,77.21391067,1.0000,11.8071,1.00,1001.00,1.00,1001.00,11.72,0.00,0.00
252192321,Sunshine Coast (AUS) 1st Jan,To Be Placed,01-01-2026 03:52,78230473,5. Bright Blonde,0,3.97786055,1.0000,3.1918,1.00,1001.00,1.00,1001.00,547.30,0.00,0.00
252215587,Echuca (AUS) 1st Jan,To Be Placed,01-01-2026 07:03,42845839,5. Mahindi,0,28.00000000,1.0000,20.9702,1.00,1001.00,1.00,1001.00,8.06,0.00,0.00
252192341,Sunshine Coast (AUS) 1st Jan,To Be Placed,01-01-2026 07:15,93206960,13. Encouraged,0,7.12440030,1.0000,2.3286,1.00,1001.00,1.00,1001.00,428.77,0.00,0.00
252215597,Echuca (AUS) 1st Jan,To Be Placed,01-01-2026 09:59,28252207,3. Wheres Wood Wood,1,1.43286341,1.0000,1.3082,1.00,1001.00,1.00,1001.00,422.29,0.00,0.00
252192346,Mornington (AUS) 1st Jan,To Be Placed,01-01-2026 02:10,93206562,7. Dr Slump,0,2.94870613,1.0000,2.3219,1.00,1001.00,1.00,1001.00,1428.93,0.00,0.00
252195018,Murray Bridge (AUS) 1st Jan,To Be Placed,01-01-2026 06:53,93206441,7. Ironbar,0,3.90000000,1.0000,3.1360,1.00,1001.00,1.00,1001.00,1675.59,0.00,0.00
252195088,Ascot (AUS) 1st Jan,To Be Placed,01-01-2026 08:25,71905375,2. Admiration Express,1,2.33841918,1.0000,1.8675,1.00,1001.00,1.00,1001.00,1802.05,0.00,0.00
252194432,Longford (AUS) 1st Jan,To Be Placed,01-01-2026 06:09,1286873,6. Snow Eagle,0,9.20000000,1.0000,1.3590,1.00,1001.00,1.00,1001.00,136.31,0.00,0.00
252192172,Hanging Rock (AUS) 1st Jan,To Be Placed,01-01-2026 03:44,48458047,2. Airclash,0,3.75000000,1.0000,2.0816,1.00,1001.00,1.00,1001.00,448.78,0.00,0.00
252192088,Port Macquarie (AUS) 1st Jan,To Be Placed,01-01-2026 04:35,93206336,9. Moden,0,3.95000000,1.0000,1.6258,1.00,1001.00,1.00,1001.00,311.87,0.00,0.00
252192088,Port Macquarie (AUS) 1st Jan,To Be Placed,01-01-2026 04:35,78046428,7. Seeni,1,3.50992426,1.0000,1.2392,1.00,1001.00,1.00,1001.00,239.96,0.00,0.00
252215591,Echuca (AUS) 1st Jan,To Be Placed,01-01-2026 08:06,93168474,7. Hillwinsome,1,1.75000000,1.0000,1.4385,1.00,1001.00,1.00,1001.00,580.68,0.00,0.00
252218199,Busselton (AUS) 1st Jan,To Be Placed,01-01-2026 10:27,40129507,6. Captains Cote,0,8.60000000,1.0000,1.6352,1.00,1001.00,1.00,1001.00,19.86,0.00,0.00
252194994,Murray Bridge (AUS) 1st Jan,To Be Placed,01-01-2026 04:12,93206424,6. Miraland,0,25.00000000,1.0000,15.6136,1.00,1001.00,1.00,1001.00,108.31,0.00,0.00
252194439,Longford (AUS) 1st Jan,To Be Placed,01-01-2026 06:49,83119039,5. Sugoi Legend,0,3.60000000,1.0000,2.3221,1.00,1001.00,1.00,1001.00,30.36,0.00,0.00
252195088,Ascot (AUS) 1st Jan,To Be Placed,01-01-2026 08:25,78535951,7. Memory Parade,0,8.73713363,1.0000,4.5595,1.00,1001.00,1.00,1001.00,181.80,0.00,0.00
252192362,Mornington (AUS) 1st Jan,To Be Placed,01-01-2026 03:20,358540,3. Galactic Girl,0,2.71454830,1.0000,1.7447,1.00,1001.00,1.00,1001.00,2598.39,0.00,0.00
252192329,Sunshine Coast (AUS) 1st Jan,To Be Placed,01-01-2026 05:12,91354844,15. Red Samovar,0,3.40817434,1.0000,2.5509,1.00,1001.00,1.00,1001.00,809.42,0.00,0.00
252192420,Inverell (AUS) 1st Jan,To Be Placed,01-01-2026 04:45,76705908,11. Miss Indi,0,4.10000000,1.0000,1.8581,1.00,1001.00,1.00,1001.00,109.97,0.00,0.00
252192094,Port Macquarie (AUS) 1st Jan,To Be Placed,01-01-2026 05:55,93206342,10. Our Warrior,0,4.72301916,1.0000,3.4851,1.00,1001.00,1.00,1001.00,297.18,0.00,0.00
252192841,Canterbury (AUS) 1st Jan,To Be Placed,01-01-2026 05:40,85016835,10. Lull,1,2.01956941,1.0000,1.6523,1.00,1001.00,1.00,1001.00,818.58,0.00,0.00
252215597,Echuca (AUS) 1st Jan,To Be Placed,01-01-2026 09:59,50561789,2. Yella,1,4.40000000,1.0000,3.2322,1.00,1001.00,1.00,1001.00,98.80,0.00,0.00
252195043,Ascot (AUS) 1st Jan,To Be Placed,01-01-2026 05:08,92676901,9. Great Promise,0,8.40000000,1.0000,6.5073,1.00,1001.00,1.00,1001.00,355.62,0.00,0.00
252194413,Longford (AUS) 1st Jan,To Be Placed,01-01-2026 04:09,64319112,9. Power Magnum,0,5.90000000,1.0000,4.8978,1.00,1001.00,1.00,1001.00,90.14,0.00,0.00
252192354,Mornington (AUS) 1st Jan,To Be Placed,01-01-2026 02:45,93206568,5. Summer Spritz,0,25.63272492,1.0000,13.3428,1.00,1001.00,1.00,1001.00,360.63,0.00,0.00
252192321,Sunshine Coast (AUS) 1st Jan,To Be Placed,01-01-2026 03:52,41664239,7. Zingalong,0,30.00000000,1.0000,15.4613,1.00,1001.00,1.00,1001.00,174.00,0.00,0.00
252192116,Burrumbeet (AUS) 1st Jan,To Be Placed,01-01-2026 03:01,93206761,11. French Reign,0,8.97781945,1.0000,5.2349,1.00,1001.00,1.00,1001.00,675.22,0.00,0.00
252195034,Ascot (AUS) 1st Jan,To Be Placed,01-01-2026 04:28,80301137,4. Amaroo Star,1,1.64000000,1.0000,1.4425,1.00,1001.00,1.00,1001.00,2060.53,0.00,0.00
252192346,Mornington (AUS) 1st Jan,To Be Placed,01-01-2026 02:10,83677504,3. Tassadar,0,6.80000000,1.0000,6.2862,1.00,1001.00,1.00,1001.00,831.62,0.00,0.00
252215570,Leeton (AUS) 1st Jan,To Be Placed,01-01-2026 08:29,93168922,11. Yukon Be Serious,0,6.20000000,1.0000,,1.00,1001.00,1.00,1001.00,7.70,0.00,0.00
252192313,Sunshine Coast (AUS) 1st Jan,To Be Placed,01-01-2026 02:38,91873213,3. Parat Sibifortunam,1,3.30000000,1.0000,3.2502,1.00,1001.00,1.00,1001.00,578.00,0.00,0.00
252195012,Murray Bridge (AUS) 1st Jan,To Be Placed,01-01-2026 06:12,77999852,3. Alpha Street,0,9.00000000,1.0000,3.5908,1.00,1001.00,1.00,1001.00,319.95,0.00,0.00
252192116,Burrumbeet (AUS) 1st Jan,To Be Placed,01-01-2026 03:01,76707183,7. Shays Way,0,3.15000000,1.0000,2.6192,1.00,1001.00,1.00,1001.00,1410.24,0.00,0.00
252192094,Port Macquarie (AUS) 1st Jan,To Be Placed,01-01-2026 05:55,59722780,6. All Too Sneaky,1,2.46000000,1.0000,1.4612,1.00,1001.00,1.00,1001.00,395.68,0.00,0.00
252192859,Canterbury (AUS) 1st Jan,To Be Placed,01-01-2026 07:00,67819578,5. Cassiel,0,1.47000000,1.0000,1.1436,1.00,1001.00,1.00,1001.00,1026.93,0.00,0.00
252192832,Canterbury (AUS) 1st Jan,To Be Placed,01-01-2026 05:00,93206507,13. Saytara,0,2.70000000,1.0000,2.1324,1.00,1001.00,1.00,1001.00,960.31,0.00,0.00
252192823,Canterbury (AUS) 1st Jan,To Be Placed,01-01-2026 04:20,93206495,8. The Victorious,0,17.50000000,1.0000,8.4066,1.00,1001.00,1.00,1001.00,86.12,0.00,0.00
252215585,Leeton (AUS) 1st Jan,To Be Placed,01-01-2026 11:15,13434384,2. Blues Terror,1,22.00000000,1.0000,1.0000,1.00,1001.00,1.00,1001.00,0.00,0.00,0.00
252195006,Murray Bridge (AUS) 1st Jan,To Be Placed,01-01-2026 05:32,51784050,9. Aztec Dancer,1,3.10000000,1.0000,1.8307,1.00,1001.00,1.00,1001.00,630.04,0.00,0.00
252192429,Inverell (AUS) 1st Jan,To Be Placed,01-01-2026 06:45,83191900,9. Glitterscript,0,24.38398973,1.0000,11.5420,1.00,1001.00,1.00,1001.00,48.26,0.00,0.00
252195106,Ascot (AUS) 1st Jan,To Be Placed,01-01-2026 09:40,2505980,8. Fame,0,9.82211512,1.0000,7.1812,1.00,1001.00,1.00,1001.00,1634.94,0.00,0.00
252192354,Mornington (AUS) 1st Jan,To Be Placed,01-01-2026 02:45,93206565,1. Fearless Monarch,0,3.03401298,1.0000,2.5553,1.00,1001.00,1.00,1001.00,877.49,0.00,0.00
252194988,Murray Bridge (AUS) 1st Jan,To Be Placed,01-01-2026 03:32,51868405,3. Rouncey,0,8.40000000,1.0000,4.0062,1.00,1001.00,1.00,1001.00,116.67,0.00,0.00
252192346,Mornington (AUS) 1st Jan,To Be Placed,01-01-2026 02:10,67855282,1. Golden Mask,0,12.00000000,1.0000,9.2728,1.00,1001.00,1.00,1001.00,509.97,0.00,0.00
252192341,Sunshine Coast (AUS) 1st Jan,To Be Placed,01-01-2026 07:15,72443663,2. Custo,0,5.90159892,1.0000,2.4987,1.00,1001.00,1.00,1001.00,797.15,0.00,0.00
252192102,Burrumbeet (AUS) 1st Jan,To Be Placed,01-01-2026 01:51,91157850,6. Black Hex,0,9.38043079,1.0000,3.1850,1.00,1001.00,1.00,1001.00,291.11,0.00,0.00
252195106,Ascot (AUS) 1st Jan,To Be Placed,01-01-2026 09:40,67291859,10. Forever Boy,1,2.69915235,1.0000,2.2556,1.00,1001.00,1.00,1001.00,1767.69,0.00,0.00
252195097,Ascot (AUS) 1st Jan,To Be Placed,01-01-2026 09:00,70891578,4. Celestial Storm,0,7.39926587,1.0000,4.4303,1.00,1001.00,1.00,1001.00,228.81,0.00,0.00
252215573,Leeton (AUS) 1st Jan,To Be Placed,01-01-2026 09:06,53680966,6. Master Gouda,1,7.60000000,1.0000,,1.00,1001.00,1.00,1001.00,7.26,0.00,0.00
252192329,Sunshine Coast (AUS) 1st Jan,To Be Placed,01-01-2026 05:12,82601870,8. Sak The Writer,0,100.00000000,1.0000,14.4847,1.00,1001.00,1.00,1001.00,45.10,0.00,0.00
252195012,Murray Bridge (AUS) 1st Jan,To Be Placed,01-01-2026 06:12,52670367,6. Sir Panama,0,13.50000000,1.0000,6.8216,1.00,1001.00,1.00,1001.00,347.94,0.00,0.00
252192151,Burrumbeet (AUS) 1st Jan,To Be Placed,01-01-2026 06:16,55533438,1. Aussie Pharoah,0,4.35244740,1.0000,2.1932,1.00,1001.00,1.00,1001.00,1871.96,0.00,0.00
252215567,Leeton (AUS) 1st Jan,To Be Placed,01-01-2026 07:52,93168921,11. Lewendon,0,7.00000000,1.0000,,1.00,1001.00,1.00,1001.00,2.92,0.00,0.00
252192088,Port Macquarie (AUS) 1st Jan,To Be Placed,01-01-2026 04:35,43491722,3. Petroglyph,0,2.49421143,1.0000,1.4624,1.00,1001.00,1.00,1001.00,463.63,0.00,0.00
252192841,Canterbury (AUS) 1st Jan,To Be Placed,01-01-2026 05:40,93206513,9. Vanlee,1,2.74569039,1.0000,2.1190,1.00,1001.00,1.00,1001.00,759.60,0.00,0.00
252215593,Echuca (AUS) 1st Jan,To Be Placed,01-01-2026 08:44,56127726,7. Caesar Nero,1,2.32000000,1.0000,1.6918,1.00,1001.00,1.00,1001.00,34.75,0.00,0.00
252215601,Echuca (AUS) 1st Jan,To Be Placed,01-01-2026 11:00,45943639,3. Sweetsazzymylazzy,0,11.00000000,1.0000,9.1902,1.00,1001.00,1.00,1001.00,27.54,0.00,0.00
252192341,Sunshine Coast (AUS) 1st Jan,To Be Placed,01-01-2026 07:15,93206961,16. Belle Affair,1,4.20000000,1.0000,2.5355,1.00,1001.00,1.00,1001.00,119.25,0.00,0.00
252192417,Inverell (AUS) 1st Jan,To Be Placed,01-01-2026 04:05,49513495,5. Five Rings,1,2.64000000,1.0000,1.7144,1.00,1001.00,1.00,1001.00,347.02,0.00,0.00
252192411,Inverell (AUS) 1st Jan,To Be Placed,01-01-2026 02:50,92207033,11. The Palace,0,3.45797491,1.0000,2.6534,1.00,1001.00,1.00,1001.00,493.62,0.00,0.00
252192402,Mornington (AUS) 1st Jan,To Be Placed,01-01-2026 06:40,73137865,2. Kings Commission,0,1.76445582,1.0000,1.2927,1.00,1001.00,1.00,1001.00,1390.88,0.00,0.00
252215567,Leeton (AUS) 1st Jan,To Be Placed,01-01-2026 07:52,76721854,3. Onthadarkside,1,1.62351129,1.0000,1.2746,1.00,1001.00,1.00,1001.00,312.31,0.00,0.00
252192426,Inverell (AUS) 1st Jan,To Be Placed,01-01-2026 06:05,43858017,12. Red Beryl,0,13.12227419,1.0000,5.9730,1.00,1001.00,1.00,1001.00,303.10,0.00,0.00
252192417,Inverell (AUS) 1st Jan,To Be Placed,01-01-2026 04:05,41409126,10. Mammoth Mountain,0,2.72000000,1.0000,2.0665,1.00,1001.00,1.00,1001.00,710.91,0.00,0.00
252192414,Inverell (AUS) 1st Jan,To Be Placed,01-01-2026 03:25,71684599,7. Gerety,0,5.40000000,1.0000,2.1186,1.00,1001.00,1.00,1001.00,90.76,0.00,0.00
252194413,Longford (AUS) 1st Jan,To Be Placed,01-01-2026 04:09,82857226,4. Baybougg,1,3.26372643,1.0000,1.4288,1.00,1001.00,1.00,1001.00,217.46,0.00,0.00
252192088,Port Macquarie (AUS) 1st Jan,To Be Placed,01-01-2026 04:35,93206335,2. Steely Girl,1,2.34000000,1.0000,1.5300,1.00,1001.00,1.00,1001.00,126.16,0.00,0.00
252192097,Port Macquarie (AUS) 1st Jan,To Be Placed,01-01-2026 06:35,467742,1. Warrant,1,2.80000000,1.0000,1.9234,1.00,1001.00,1.00,1001.00,103.58,0.00,0.00
252195106,Ascot (AUS) 1st Jan,To Be Placed,01-01-2026 09:40,39941726,4. Sentimental Hero,0,7.60000000,1.0000,5.7388,1.00,1001.00,1.00,1001.00,1583.97,0.00,0.00
252195106,Ascot (AUS) 1st Jan,To Be Placed,01-01-2026 09:40,51033312,12. Playhouse Patron,0,7.04184054,1.0000,5.0706,1.00,1001.00,1.00,1001.00,789.38,0.00,0.00
252192420,Inverell (AUS) 1st Jan,To Be Placed,01-01-2026 04:45,90568016,6. Capsity,1,1.53000000,1.0000,1.1479,1.00,1001.00,1.00,1001.00,1476.28,0.00,0.00
252215589,Echuca (AUS) 1st Jan,To Be Placed,01-01-2026 07:34,58176665,2. Normandy Nugget,0,1.82000000,1.0000,1.7155,1.00,1001.00,1.00,1001.00,197.97,0.00,0.00
252215585,Leeton (AUS) 1st Jan,To Be Placed,01-01-2026 11:15,93168926,8. Rockin Remy,0,16.50000000,1.0000,1.0000,1.00,1001.00,1.00,1001.00,0.00,0.00,0.00
252192423,Inverell (AUS) 1st Jan,To Be Placed,01-01-2026 05:25,44011841,1. Jack Be Lucky,0,2.91000000,1.0000,2.8781,1.00,1001.00,1.00,1001.00,60.16,0.00,0.00
252192193,Hanging Rock (AUS) 1st Jan,To Be Placed,01-01-2026 05:44,93206741,4. Vineux,0,3.25000000,1.0000,2.6902,1.00,1001.00,1.00,1001.00,1034.63,0.00,0.00
252192172,Hanging Rock (AUS) 1st Jan,To Be Placed,01-01-2026 03:44,69202036,10. Simply Luscious,1,6.18851366,1.0000,2.3986,1.00,1001.00,1.00,1001.00,309.92,0.00,0.00
252192850,Canterbury (AUS) 1st Jan,To Be Placed,01-01-2026 06:20,34581154,8. Michelangelo,0,1.47693194,1.0000,1.2490,1.00,1001.00,1.00,1001.00,3349.64,0.00,0.00
252192370,Mornington (AUS) 1st Jan,To Be Placed,01-01-2026 04:00,93206589,7. Chills N Thrills,0,3.10000000,1.0000,1.6561,1.00,1001.00,1.00,1001.00,313.39,0.00,0.00
252192329,Sunshine Coast (AUS) 1st Jan,To Be Placed,01-01-2026 05:12,76098419,4. Narukami,0,6.80000000,1.0000,6.4250,1.00,1001.00,1.00,1001.00,1942.21,0.00,0.00
252195018,Murray Bridge (AUS) 1st Jan,To Be Placed,01-01-2026 06:53,81155863,16. Rokabye Warrior,0,12.97313334,1.0000,4.3621,1.00,1001.00,1.00,1001.00,294.17,0.00,0.00
252192429,Inverell (AUS) 1st Jan,To Be Placed,01-01-2026 06:45,10442135,5. Visualise,0,2.12000000,1.0000,1.7387,1.00,1001.00,1.00,1001.00,206.38,0.00,0.00
252195070,Ascot (AUS) 1st Jan,To Be Placed,01-01-2026 07:08,84374357,9. My Harv,0,2.24639102,1.0000,1.8754,1.00,1001.00,1.00,1001.00,843.01,0.00,0.00
252195025,Ascot (AUS) 1st Jan,To Be Placed,01-01-2026 03:48,55206861,2. On Patrol,1,3.68311509,1.0000,3.2011,1.00,1001.00,1.00,1001.00,1480.57,0.00,0.00
252192411,Inverell (AUS) 1st Jan,To Be Placed,01-01-2026 02:50,93206150,1. Stuck In The Gorge,1,4.20000000,1.0000,2.7310,1.00,1001.00,1.00,1001.00,356.24,0.00,0.00
252195052,Ascot (AUS) 1st Jan,To Be Placed,01-01-2026 05:48,93168719,4. Keep Ita Mystery,0,2.00045868,1.0000,1.5925,1.00,1001.00,1.00,1001.00,3061.61,0.00,0.00
252192186,Hanging Rock (AUS) 1st Jan,To Be Placed,01-01-2026 05:04,40091863,4. London Bell,1,3.10000000,1.0000,2.2389,1.00,1001.00,1.00,1001.00,89.51,0.00,0.00
252192109,Burrumbeet (AUS) 1st Jan,To Be Placed,01-01-2026 02:26,93206751,4. Ragnar The Viking,0,32.00000000,1.0000,12.8047,1.00,1001.00,1.00,1001.00,202.69,0.00,0.00
252192329,Sunshine Coast (AUS) 1st Jan,To Be Placed,01-01-2026 05:12,93206943,11. Val De Grise,0,5.50000000,1.0000,4.4291,1.00,1001.00,1.00,1001.00,1347.83,0.00,0.00
252194988,Murray Bridge (AUS) 1st Jan,To Be Placed,01-01-2026 03:32,93206421,14. Merchant Of Greece,0,6.80000000,1.0000,4.1546,1.00,1001.00,1.00,1001.00,334.80,0.00,0.00
252192423,Inverell (AUS) 1st Jan,To Be Placed,01-01-2026 05:25,73483240,9. Haiku Star,0,3.00000000,1.0000,1.8598,1.00,1001.00,1.00,1001.00,306.07,0.00,0.00
252194401,Longford (AUS) 1st Jan,To Be Placed,01-01-2026 02:54,93168131,7. Seditious Award,1,1.70000000,1.0000,1.5817,1.00,1001.00,1.00,1001.00,1292.90,0.00,0.00
252192179,Hanging Rock (AUS) 1st Jan,To Be Placed,01-01-2026 04:24,89708342,6. Stolen Stock,0,4.20000000,1.0000,3.6641,1.00,1001.00,1.00,1001.00,368.43,0.00,0.00
252195115,Ascot (AUS) 1st Jan,To Be Placed,01-01-2026 10:19,93168735,10. Climb On Top,0,8.02979031,1.0000,4.0071,1.00,1001.00,1.00,1001.00,218.85,0.00,0.00
252195088,Ascot (AUS) 1st Jan,To Be Placed,01-01-2026 08:25,64959769,4. Madame Magic,0,14.00000000,1.0000,9.6473,1.00,1001.00,1.00,1001.00,280.35,0.00,0.00
252195052,Ascot (AUS) 1st Jan,To Be Placed,01-01-2026 05:48,82278105,2. Black Ora,0,2.09549639,1.0000,1.6666,1.00,1001.00,1.00,1001.00,5480.38,0.00,0.00
252195043,Ascot (AUS) 1st Jan,To Be Placed,01-01-2026 05:08,18883321,8. Like Clockwork,1,1.82448603,1.0000,1.5337,1.00,1001.00,1.00,1001.00,1938.98,0.00,0.00
252215589,Echuca (AUS) 1st Jan,To Be Placed,01-01-2026 07:34,73954817,9. Kalkadoon Dreaming,0,2.96000000,1.0000,2.0743,1.00,1001.00,1.00,1001.00,187.78,0.00,0.00
252215576,Leeton (AUS) 1st Jan,To Be Placed,01-01-2026 09:44,721832,4. New Yorker,0,9.84325313,1.0000,1.4415,1.00,1001.00,1.00,1001.00,4.52,0.00,0.00
252192321,Sunshine Coast (AUS) 1st Jan,To Be Placed,01-01-2026 03:52,85445421,2. Noble Decree,0,1.85725276,1.0000,1.6398,1.00,1001.00,1.00,1001.00,885.19,0.00,0.00
252192429,Inverell (AUS) 1st Jan,To Be Placed,01-01-2026 06:45,69967480,14. Bordeaux Hopper,0,47.40476859,1.0000,10.9162,1.00,1001.00,1.00,1001.00,20.77,0.00,0.00
252192832,Canterbury (AUS) 1st Jan,To Be Placed,01-01-2026 05:00,93206506,10. Raskol,1,2.54000000,1.0000,2.2373,1.00,1001.00,1.00,1001.00,1941.06,0.00,0.00
252192841,Canterbury (AUS) 1st Jan,To Be Placed,01-01-2026 05:40,801648,3. Divo,0,2.98286588,1.0000,2.4755,1.00,1001.00,1.00,1001.00,473.03,0.00,0.00
252192116,Burrumbeet (AUS) 1st Jan,To Be Placed,01-01-2026 03:01,93206758,5. Immortal Justice,1,2.64441001,1.0000,2.4782,1.00,1001.00,1.00,1001.00,2075.57,0.00,0.00
252192094,Port Macquarie (AUS) 1st Jan,To Be Placed,01-01-2026 05:55,54704601,4. Corpsman,0,3.30000000,1.0000,,1.00,1001.00,1.00,1001.00,83.30,0.00,0.00
252195106,Ascot (AUS) 1st Jan,To Be Placed,01-01-2026 09:40,92162333,15. Stormageddon,0,4.45016628,1.0000,2.1031,1.00,1001.00,1.00,1001.00,2802.49,0.00,0.00
252192085,Port Macquarie (AUS) 1st Jan,To Be Placed,01-01-2026 03:55,86099379,4. Bold Splendor,0,2.74000000,1.0000,1.5949,1.00,1001.00,1.00,1001.00,72.38,0.00,0.00
252192877,Canterbury (AUS) 1st Jan,To Be Placed,01-01-2026 08:00,93206532,20. De Louviere,0,2.05598608,1.0000,2.0027,1.00,1001.00,1.00,1001.00,1018.22,0.00,0.00
252215567,Leeton (AUS) 1st Jan,To Be Placed,01-01-2026 07:52,37832524,8. Fiftyshadesofhay,0,11.00000000,1.0000,,1.00,1001.00,1.00,1001.00,0.79,0.00,0.00
252192102,Burrumbeet (AUS) 1st Jan,To Be Placed,01-01-2026 01:51,93206749,9. Chicky Wa Wa,1,1.60128897,1.0000,1.2583,1.00,1001.00,1.00,1001.00,1930.66,0.00,0.00
252192814,Canterbury (AUS) 1st Jan,To Be Placed,01-01-2026 03:40,93206490,10. Yesnova,0,2.16639138,1.0000,1.6192,1.00,1001.00,1.00,1001.00,2957.17,0.00,0.00
252215587,Echuca (AUS) 1st Jan,To Be Placed,01-01-2026 07:03,64084832,9. Specta,1,1.91000000,1.0000,1.1533,1.00,1001.00,1.00,1001.00,59.51,0.00,0.00
252192414,Inverell (AUS) 1st Jan,To Be Placed,01-01-2026 03:25,54212643,6. Arrabbiata,0,5.09268421,1.0000,2.5957,1.00,1001.00,1.00,1001.00,82.85,0.00,0.00
252215585,Leeton (AUS) 1st Jan,To Be Placed,01-01-2026 11:15,36709304,5. Security Check,0,5.95000000,1.0000,1.0000,1.00,1001.00,1.00,1001.00,0.00,0.00,0.00
252195000,Murray Bridge (AUS) 1st Jan,To Be Placed,01-01-2026 04:52,91485012,13. Hallowed Son,0,157.20326342,1.0000,33.3060,1.00,1001.00,1.00,1001.00,24.96,0.00,0.00
252192186,Hanging Rock (AUS) 1st Jan,To Be Placed,01-01-2026 05:04,72167873,5. Notmeanttobe,0,6.00000000,1.0000,1.2795,1.00,1001.00,1.00,1001.00,220.27,0.00,0.00
252215597,Echuca (AUS) 1st Jan,To Be Placed,01-01-2026 09:59,45224631,8. Olly Odd Potts,0,2.38000000,1.0000,2.3806,1.00,1001.00,1.00,1001.00,19.12,0.00,0.00
252194994,Murray Bridge (AUS) 1st Jan,To Be Placed,01-01-2026 04:12,64763102,9. Esticon,0,11.93231285,1.0000,5.2116,1.00,1001.00,1.00,1001.00,224.59,0.00,0.00
252192868,Canterbury (AUS) 1st Jan,To Be Placed,01-01-2026 07:30,93206524,13. Kings Secret,1,1.60057713,1.0000,1.2897,1.00,1001.00,1.00,1001.00,4620.12,0.00,0.00
252215595,Echuca (AUS) 1st Jan,To Be Placed,01-01-2026 09:21,61671144,3. Joe Got Rolled,0,8.80000000,1.0000,7.6395,1.00,1001.00,1.00,1001.00,88.24,0.00,0.00
252192370,Mornington (AUS) 1st Jan,To Be Placed,01-01-2026 04:00,93206590,8. Eco Force,1,1.49847762,1.0000,1.1769,1.00,1001.00,1.00,1001.00,3171.90,0.00,0.00
252215585,Leeton (AUS) 1st Jan,To Be Placed,01-01-2026 11:15,273172,1. Valentini,1,1.46530037,1.0000,1.0000,1.00,1001.00,1.00,1001.00,0.00,0.00,0.00
252215573,Leeton (AUS) 1st Jan,To Be Placed,01-01-2026 09:06,40183453,9. Murphys Reward,0,12.97422500,1.0000,6.4450,1.00,1001.00,1.00,1001.00,36.15,0.00,0.00
252192337,Sunshine Coast (AUS) 1st Jan,To Be Placed,01-01-2026 06:32,80678474,10. Blue Allure,1,2.40239883,1.0000,2.0899,1.00,1001.00,1.00,1001.00,4634.55,0.00,0.00
252192329,Sunshine Coast (AUS) 1st Jan,To Be Placed,01-01-2026 05:12,86099703,10. Evade The Game,0,7.93836161,1.0000,4.7249,1.00,1001.00,1.00,1001.00,247.88,0.00,0.00
252218201,Busselton (AUS) 1st Jan,To Be Placed,01-01-2026 11:07,93211130,6. Sloanie Bel,0,6.80000000,1.0000,1.0000,1.00,1001.00,1.00,1001.00,0.00,0.00,0.00
252192179,Hanging Rock (AUS) 1st Jan,To Be Placed,01-01-2026 04:24,89624011,1. Dalis Picasso,1,3.05000000,1.0000,2.7104,1.00,1001.00,1.00,1001.00,879.44,0.00,0.00
252192165,Hanging Rock (AUS) 1st Jan,To Be Placed,01-01-2026 03:09,80130687,9. Tristania,1,6.20000000,1.0000,2.7207,1.00,1001.00,1.00,1001.00,508.04,0.00,0.00
252192417,Inverell (AUS) 1st Jan,To Be Placed,01-01-2026 04:05,92207036,7. Descending Mist,1,2.90000000,1.0000,1.7493,1.00,1001.00,1.00,1001.00,112.06,0.00,0.00
252192877,Canterbury (AUS) 1st Jan,To Be Placed,01-01-2026 08:00,3162938,3. Liberty Park,0,2.20574866,1.0000,1.7007,1.00,1001.00,1.00,1001.00,1347.95,0.00,0.00
252192823,Canterbury (AUS) 1st Jan,To Be Placed,01-01-2026 04:20,93206491,2. My Cartouche,0,14.23462495,1.0000,10.2964,1.00,1001.00,1.00,1001.00,218.82,0.00,0.00
252195006,Murray Bridge (AUS) 1st Jan,To Be Placed,01-01-2026 05:32,59082874,1. Katims Club,0,3.65000000,1.0000,3.2300,1.00,1001.00,1.00,1001.00,1929.49,0.00,0.00
252192091,Port Macquarie (AUS) 1st Jan,To Be Placed,01-01-2026 05:15,93206340,5. Ellofaby,0,4.84568000,1.0000,3.3189,1.00,1001.00,1.00,1001.00,320.85,0.00,0.00
252192333,Sunshine Coast (AUS) 1st Jan,To Be Placed,01-01-2026 05:52,93206953,8. Trapedo,1,1.67000000,1.0000,1.3720,1.00,1001.00,1.00,1001.00,1798.33,0.00,0.00
252218203,Busselton (AUS) 1st Jan,To Be Placed,01-01-2026 11:37,68900869,2. Run Bob Run,1,10.50000000,1.0000,1.0000,1.00,1001.00,1.00,1001.00,0.00,0.00,0.00
252192823,Canterbury (AUS) 1st Jan,To Be Placed,01-01-2026 04:20,10663237,3. Barcelo,1,4.65370359,1.0000,3.8739,1.00,1001.00,1.00,1001.00,998.63,0.00,0.00
252215601,Echuca (AUS) 1st Jan,To Be Placed,01-01-2026 11:00,17181134,1. Lilnova,0,1.51000000,1.0000,1.4625,1.00,1001.00,1.00,1001.00,290.72,0.00,0.00
252215593,Echuca (AUS) 1st Jan,To Be Placed,01-01-2026 08:44,2373299,8. Flip A Coin,0,2.48000000,1.0000,2.0075,1.00,1001.00,1.00,1001.00,42.88,0.00,0.00
252192333,Sunshine Coast (AUS) 1st Jan,To Be Placed,01-01-2026 05:52,52670546,2. Katdeel,0,7.80129337,1.0000,5.4968,1.00,1001.00,1.00,1001.00,718.65,0.00,0.00
252195106,Ascot (AUS) 1st Jan,To Be Placed,01-01-2026 09:40,93055039,6. Be Optimistic,0,12.95406596,1.0000,9.5411,1.00,1001.00,1.00,1001.00,2522.63,0.00,0.00
252192832,Canterbury (AUS) 1st Jan,To Be Placed,01-01-2026 05:00,93022225,14. Supido Secret,0,165.95218599,1.0000,23.0591,1.00,1001.00,1.00,1001.00,53.95,0.00,0.00
252215591,Echuca (AUS) 1st Jan,To Be Placed,01-01-2026 08:06,41690932,2. Always Skye High,0,41.20444444,1.0000,1.7495,1.00,1001.00,1.00,1001.00,18.09,0.00,0.00
252192341,Sunshine Coast (AUS) 1st Jan,To Be Placed,01-01-2026 07:15,24557961,7. Break Free,1,1.77845459,1.0000,1.6116,1.00,1001.00,1.00,1001.00,2721.96,0.00,0.00
252192414,Inverell (AUS) 1st Jan,To Be Placed,01-01-2026 03:25,77426769,3. Winged,1,4.90000000,1.0000,1.9655,1.00,1001.00,1.00,1001.00,101.22,0.00,0.00
252192165,Hanging Rock (AUS) 1st Jan,To Be Placed,01-01-2026 03:09,83677216,10. Waynes Dream,0,3.27884657,1.0000,2.5845,1.00,1001.00,1.00,1001.00,498.15,0.00,0.00
252215567,Leeton (AUS) 1st Jan,To Be Placed,01-01-2026 07:52,57603901,1. Carmen On Bling,0,1.64000000,1.0000,1.6227,1.00,1001.00,1.00,1001.00,326.82,0.00,0.00
252195012,Murray Bridge (AUS) 1st Jan,To Be Placed,01-01-2026 06:12,93206437,13. Samanth,0,22.00000000,1.0000,12.6304,1.00,1001.00,1.00,1001.00,309.65,0.00,0.00
252195006,Murray Bridge (AUS) 1st Jan,To Be Placed,01-01-2026 05:32,62432851,3. Here Comes Hogan,0,6.88384691,1.0000,5.3371,1.00,1001.00,1.00,1001.00,770.15,0.00,0.00
252192144,Burrumbeet (AUS) 1st Jan,To Be Placed,01-01-2026 05:36,949779,5. Fathers Day,0,7.81956516,1.0000,5.6293,1.00,1001.00,1.00,1001.00,523.95,0.00,0.00
252195052,Ascot (AUS) 1st Jan,To Be Placed,01-01-2026 05:48,93168720,7. Haida Gwaii,1,2.18000000,1.0000,1.8767,1.00,1001.00,1.00,1001.00,1557.95,0.00,0.00
252192091,Port Macquarie (AUS) 1st Jan,To Be Placed,01-01-2026 05:15,93206339,3. Nanotaq,0,1.68260820,1.0000,1.4881,1.00,1001.00,1.00,1001.00,370.32,0.00,0.00
252192165,Hanging Rock (AUS) 1st Jan,To Be Placed,01-01-2026 03:09,85744938,8. Prosperous Star,0,20.84064866,1.0000,5.9807,1.00,1001.00,1.00,1001.00,172.66,0.00,0.00
252192378,Mornington (AUS) 1st Jan,To Be Placed,01-01-2026 04:40,91158742,3. Tsitsipas,1,3.50626092,1.0000,2.6860,1.00,1001.00,1.00,1001.00,1914.59,0.00,0.00
252192313,Sunshine Coast (AUS) 1st Jan,To Be Placed,01-01-2026 02:38,74572108,2. Oexplosive,0,27.40382439,1.0000,15.8869,1.00,1001.00,1.00,1001.00,59.29,0.00,0.00
252192417,Inverell (AUS) 1st Jan,To Be Placed,01-01-2026 04:05,75435194,4. Wolf Club,0,2.64000000,1.0000,2.0987,1.00,1001.00,1.00,1001.00,779.31,0.00,0.00
252195025,Ascot (AUS) 1st Jan,To Be Placed,01-01-2026 03:48,45489469,6. Hammarmill,0,5.03082559,1.0000,3.2774,1.00,1001.00,1.00,1001.00,371.15,0.00,0.00
252192832,Canterbury (AUS) 1st Jan,To Be Placed,01-01-2026 05:00,93206509,17. Supa Zenardini,0,129.91203442,1.0000,48.2922,1.00,1001.00,1.00,1001.00,73.39,0.00,0.00
252218205,Busselton (AUS) 1st Jan,To Be Placed,01-01-2026 12:04,50747177,1. Veeforvictory,0,26.24261450,1.0000,1.0000,1.00,1001.00,1.00,1001.00,0.00,0.00,0.00
252195000,Murray Bridge (AUS) 1st Jan,To Be Placed,01-01-2026 04:52,93206431,10. I Love This Song,0,9.23790233,1.0000,4.9797,1.00,1001.00,1.00,1001.00,219.52,0.00,0.00
252192426,Inverell (AUS) 1st Jan,To Be Placed,01-01-2026 06:05,93206160,13. Satay Chicken,0,3.60000000,1.0000,2.1183,1.00,1001.00,1.00,1001.00,784.05,0.00,0.00
252195025,Ascot (AUS) 1st Jan,To Be Placed,01-01-2026 03:48,79804401,8. Naughty Tortie,0,2.21396587,1.0000,1.4979,1.00,1001.00,1.00,1001.00,4073.01,0.00,0.00
252192362,Mornington (AUS) 1st Jan,To Be Placed,01-01-2026 03:20,93206585,12. Waggish,0,3.85000000,1.0000,2.5944,1.00,1001.00,1.00,1001.00,839.32,0.00,0.00
252192109,Burrumbeet (AUS) 1st Jan,To Be Placed,01-01-2026 02:26,93206754,10. Rubiboo,0,6.20000000,1.0000,3.5200,1.00,1001.00,1.00,1001.00,193.98,0.00,0.00
252195115,Ascot (AUS) 1st Jan,To Be Placed,01-01-2026 10:19,7242194,7. Bold Hero,0,3.13329446,1.0000,2.5105,1.00,1001.00,1.00,1001.00,3731.01,0.00,0.00
252195034,Ascot (AUS) 1st Jan,To Be Placed,01-01-2026 04:28,76053917,9. Anaballistic,0,4.65886079,1.0000,2.8536,1.00,1001.00,1.00,1001.00,365.25,0.00,0.00
252192814,Canterbury (AUS) 1st Jan,To Be Placed,01-01-2026 03:40,1445690,7. Rhetoric,0,1.48000000,1.0000,1.4096,1.00,1001.00,1.00,1001.00,2180.29,0.00,0.00
252192333,Sunshine Coast (AUS) 1st Jan,To Be Placed,01-01-2026 05:52,3269147,10. Headhunter,1,2.00000000,1.0000,1.8929,1.00,1001.00,1.00,1001.00,610.74,0.00,0.00
252218199,Busselton (AUS) 1st Jan,To Be Placed,01-01-2026 10:27,68612859,3. Moscato Rose,1,5.90000000,1.0000,3.8320,1.00,1001.00,1.00,1001.00,59.14,0.00,0.00
252194439,Longford (AUS) 1st Jan,To Be Placed,01-01-2026 06:49,73221062,6. Alisent,0,2.19237860,1.0000,1.5803,1.00,1001.00,1.00,1001.00,630.54,0.00,0.00
252192130,Burrumbeet (AUS) 1st Jan,To Be Placed,01-01-2026 04:16,90604687,5. Cheeky Blinders,0,3.15000000,1.0000,1.9310,1.00,1001.00,1.00,1001.00,58.81,0.00,0.00
252192814,Canterbury (AUS) 1st Jan,To Be Placed,01-01-2026 03:40,83446062,5. Master Zous,1,4.27178664,1.0000,2.1885,1.00,1001.00,1.00,1001.00,634.30,0.00,0.00
252195018,Murray Bridge (AUS) 1st Jan,To Be Placed,01-01-2026 06:53,50880079,12. Lucky Fortuna,0,2.60517025,1.0000,2.5090,1.00,1001.00,1.00,1001.00,990.93,0.00,0.00
252192109,Burrumbeet (AUS) 1st Jan,To Be Placed,01-01-2026 02:26,83940930,8. Dame I Am,1,2.82000000,1.0000,2.1573,1.00,1001.00,1.00,1001.00,1040.52,0.00,0.00
252195097,Ascot (AUS) 1st Jan,To Be Placed,01-01-2026 09:00,50141099,10. Keep Reading,0,8.40000000,1.0000,5.7152,1.00,1001.00,1.00,1001.00,415.18,0.00,0.00
252195061,Ascot (AUS) 1st Jan,To Be Placed,01-01-2026 06:28,93168724,10. Treble Maker,0,6.57901582,1.0000,3.1528,1.00,1001.00,1.00,1001.00,1133.17,0.00,0.00
252215587,Echuca (AUS) 1st Jan,To Be Placed,01-01-2026 07:03,3342395,4. Ima Charma,0,1.64846837,1.0000,1.4252,1.00,1001.00,1.00,1001.00,216.90,0.00,0.00
252192414,Inverell (AUS) 1st Jan,To Be Placed,01-01-2026 03:25,93206152,1. Campari Twist,1,3.05000000,1.0000,2.4087,1.00,1001.00,1.00,1001.00,107.72,0.00,0.00
252192420,Inverell (AUS) 1st Jan,To Be Placed,01-01-2026 04:45,66068979,7. Master Gee,1,2.38719385,1.0000,1.8295,1.00,1001.00,1.00,1001.00,67.59,0.00,0.00
252192158,Hanging Rock (AUS) 1st Jan,To Be Placed,01-01-2026 02:34,65860761,10. Cumbrian Queen,1,2.80000000,1.0000,2.1399,1.00,1001.00,1.00,1001.00,1194.27,0.00,0.00
252192130,Burrumbeet (AUS) 1st Jan,To Be Placed,01-01-2026 04:16,5036494,10. Iliad,0,2.46000000,1.0000,2.0046,1.00,1001.00,1.00,1001.00,267.65,0.00,0.00
252215587,Echuca (AUS) 1st Jan,To Be Placed,01-01-2026 07:03,23173339,2. Polly Peachum,0,3.90000000,1.0000,3.7952,1.00,1001.00,1.00,1001.00,345.94,0.00,0.00
252218207,Busselton (AUS) 1st Jan,To Be Placed,01-01-2026 12:35,19549132,1. Motor On Jessie,0,5.10556541,1.0000,1.0000,1.00,1001.00,1.00,1001.00,0.00,0.00,0.00
252192411,Inverell (AUS) 1st Jan,To Be Placed,01-01-2026 02:50,77688119,9. Pressipitating,0,2.56101153,1.0000,1.6947,1.00,1001.00,1.00,1001.00,378.18,0.00,0.00
252192868,Canterbury (AUS) 1st Jan,To Be Placed,01-01-2026 07:30,93206521,9. Spywire,0,1.71805452,1.0000,1.3260,1.00,1001.00,1.00,1001.00,4754.56,0.00,0.00
252192814,Canterbury (AUS) 1st Jan,To Be Placed,01-01-2026 03:40,93167908,2. Zoysia,0,4.20000000,1.0000,3.3762,1.00,1001.00,1.00,1001.00,623.34,0.00,0.00
252192370,Mornington (AUS) 1st Jan,To Be Placed,01-01-2026 04:00,82819033,3. La Astro Chat,1,1.50000000,1.0000,1.2020,1.00,1001.00,1.00,1001.00,1403.91,0.00,0.00
252218203,Busselton (AUS) 1st Jan,To Be Placed,01-01-2026 11:37,66313249,1. All About America,0,13.27720539,1.0000,1.0000,1.00,1001.00,1.00,1001.00,0.00,0.00,0.00
252192868,Canterbury (AUS) 1st Jan,To Be Placed,01-01-2026 07:30,93206522,11. Getafix,0,3.32234309,1.0000,1.8699,1.00,1001.00,1.00,1001.00,1174.01,0.00,0.00
252215573,Leeton (AUS) 1st Jan,To Be Placed,01-01-2026 09:06,81489680,5. Le Betty,0,3.39441805,1.0000,2.9922,1.00,1001.00,1.00,1001.00,125.96,0.00,0.00
252194426,Longford (AUS) 1st Jan,To Be Placed,01-01-2026 05:29,88376669,4. Amant Francais,0,1.91000000,1.0000,1.4029,1.00,1001.00,1.00,1001.00,131.16,0.00,0.00
252195034,Ascot (AUS) 1st Jan,To Be Placed,01-01-2026 04:28,3523908,8. Rise To Glory,0,4.88976902,1.0000,2.5616,1.00,1001.00,1.00,1001.00,216.29,0.00,0.00
252215582,Leeton (AUS) 1st Jan,To Be Placed,01-01-2026 10:45,93168925,3. Tatts Reason,1,2.15563298,1.0000,1.6510,1.00,1001.00,1.00,1001.00,42.92,0.00,0.00
252195018,Murray Bridge (AUS) 1st Jan,To Be Placed,01-01-2026 06:53,92743448,13. Spirit Of Flight,0,2.71092882,1.0000,2.2734,1.00,1001.00,1.00,1001.00,419.25,0.00,0.00
252192193,Hanging Rock (AUS) 1st Jan,To Be Placed,01-01-2026 05:44,2729980,2. Lightning Flash,0,2.41853878,1.0000,1.9169,1.00,1001.00,1.00,1001.00,779.39,0.00,0.00
252195025,Ascot (AUS) 1st Jan,To Be Placed,01-01-2026 03:48,677253,4. Desert Dancing,0,1.82000000,1.0000,1.3130,1.00,1001.00,1.00,1001.00,4494.49,0.00,0.00
252192850,Canterbury (AUS) 1st Jan,To Be Placed,01-01-2026 06:20,93206517,9. Monopolistic,1,1.28000000,1.0000,1.1697,1.00,1001.00,1.00,1001.00,2226.95,0.00,0.00
252192337,Sunshine Coast (AUS) 1st Jan,To Be Placed,01-01-2026 06:32,83834844,3. Simply Excels,1,1.92699646,1.0000,1.7082,1.00,1001.00,1.00,1001.00,1185.08,0.00,0.00
252192429,Inverell (AUS) 1st Jan,To Be Placed,01-01-2026 06:45,435692,6. Mr Chips,1,1.52000000,1.0000,1.0706,1.00,1001.00,1.00,1001.00,168.63,0.00,0.00
252194982,Murray Bridge (AUS) 1st Jan,To Be Placed,01-01-2026 02:57,89060754,6. Goochee Gal,0,3.05000000,1.0000,1.9195,1.00,1001.00,1.00,1001.00,437.89,0.00,0.00
252192186,Hanging Rock (AUS) 1st Jan,To Be Placed,01-01-2026 05:04,52205250,6. Haather,0,8.00000000,1.0000,4.7694,1.00,1001.00,1.00,1001.00,132.70,0.00,0.00
252192123,Burrumbeet (AUS) 1st Jan,To Be Placed,01-01-2026 03:36,93206765,7. Costalotta,0,2.02000000,1.0000,1.4315,1.00,1001.00,1.00,1001.00,155.23,0.00,0.00
252215601,Echuca (AUS) 1st Jan,To Be Placed,01-01-2026 11:00,73484026,7. Jersey Sam,0,5.82375000,1.0000,5.4155,1.00,1001.00,1.00,1001.00,28.38,0.00,0.00
252194420,Longford (AUS) 1st Jan,To Be Placed,01-01-2026 04:49,4424028,8. Tahitian Warrior,0,4.66062226,1.0000,2.4171,1.00,1001.00,1.00,1001.00,101.07,0.00,0.00
252195079,Ascot (AUS) 1st Jan,To Be Placed,01-01-2026 07:45,62394582,3. Fly With Caution,0,4.36652886,1.0000,3.2302,1.00,1001.00,1.00,1001.00,608.26,0.00,0.00
252215591,Echuca (AUS) 1st Jan,To Be Placed,01-01-2026 08:06,27541539,4. Starlight Red,0,2.90000000,1.0000,2.1222,1.00,1001.00,1.00,1001.00,223.83,0.00,0.00
252192116,Burrumbeet (AUS) 1st Jan,To Be Placed,01-01-2026 03:01,10089747,8. Eden Rose,1,1.21163065,1.0000,1.1439,1.00,1001.00,1.00,1001.00,2462.11,0.00,0.00
252192116,Burrumbeet (AUS) 1st Jan,To Be Placed,01-01-2026 03:01,1088161,6. Message Bank,0,1.55000000,1.0000,1.2183,1.00,1001.00,1.00,1001.00,2714.06,0.00,0.00
252215589,Echuca (AUS) 1st Jan,To Be Placed,01-01-2026 07:34,44737027,4. Alpha Crucis,0,6.80000000,1.0000,4.2580,1.00,1001.00,1.00,1001.00,63.86,0.00,0.00
252192158,Hanging Rock (AUS) 1st Jan,To Be Placed,01-01-2026 02:34,2210433,1. Bellman,0,3.85000000,1.0000,2.3781,1.00,1001.00,1.00,1001.00,398.94,0.00,0.00
252192841,Canterbury (AUS) 1st Jan,To Be Placed,01-01-2026 05:40,93206511,4. Happy Bellie,0,3.13028387,1.0000,1.9726,1.00,1001.00,1.00,1001.00,290.76,0.00,0.00
252192337,Sunshine Coast (AUS) 1st Jan,To Be Placed,01-01-2026 06:32,93206955,5. Corrupted,1,2.04956294,1.0000,1.6977,1.00,1001.00,1.00,1001.00,3820.30,0.00,0.00
252192408,Inverell (AUS) 1st Jan,To Be Placed,01-01-2026 02:14,88150081,1. Parting The Seas,0,1.34789980,1.0000,1.2152,1.00,1001.00,1.00,1001.00,4022.42,0.00,0.00
252195061,Ascot (AUS) 1st Jan,To Be Placed,01-01-2026 06:28,92744634,4. Prospectors Pick,1,2.14000000,1.0000,1.7691,1.00,1001.00,1.00,1001.00,1844.68,0.00,0.00
252192378,Mornington (AUS) 1st Jan,To Be Placed,01-01-2026 04:40,59917452,9. Winds Of March,0,5.17473987,1.0000,4.6724,1.00,1001.00,1.00,1001.00,572.98,0.00,0.00
252192414,Inverell (AUS) 1st Jan,To Be Placed,01-01-2026 03:25,3618547,10. Reprisal,0,3.45000000,1.0000,1.4622,1.00,1001.00,1.00,1001.00,134.90,0.00,0.00
252192130,Burrumbeet (AUS) 1st Jan,To Be Placed,01-01-2026 04:16,64343435,9. Glorious Machine,1,3.61058826,1.0000,2.0093,1.00,1001.00,1.00,1001.00,443.00,0.00,0.00
252195006,Murray Bridge (AUS) 1st Jan,To Be Placed,01-01-2026 05:32,2301736,11. Rich Lady,0,4.80686440,1.0000,3.4093,1.00,1001.00,1.00,1001.00,421.53,0.00,0.00
252194401,Longford (AUS) 1st Jan,To Be Placed,01-01-2026 02:54,53486463,4. Mister Manihi,0,2.28000000,1.0000,1.4616,1.00,1001.00,1.00,1001.00,209.56,0.00,0.00
252192859,Canterbury (AUS) 1st Jan,To Be Placed,01-01-2026 07:00,1263292,6. Oakfield Duke,0,3.92834166,1.0000,2.3111,1.00,1001.00,1.00,1001.00,598.29,0.00,0.00
252192814,Canterbury (AUS) 1st Jan,To Be Placed,01-01-2026 03:40,91157284,4. Frosty Bangers,0,47.82343564,1.0000,6.8202,1.00,1001.00,1.00,1001.00,67.31,0.00,0.00
252192333,Sunshine Coast (AUS) 1st Jan,To Be Placed,01-01-2026 05:52,54139196,11. Cracker Essgee,0,16.00000000,1.0000,10.4562,1.00,1001.00,1.00,1001.00,199.10,0.00,0.00
252192179,Hanging Rock (AUS) 1st Jan,To Be Placed,01-01-2026 04:24,79562382,10. Rangatoo,0,9.60000000,1.0000,6.9162,1.00,1001.00,1.00,1001.00,284.20,0.00,0.00
252192386,Mornington (AUS) 1st Jan,To Be Placed,01-01-2026 05:20,52936101,1. Super Solar,0,3.05000000,1.0000,2.2888,1.00,1001.00,1.00,1001.00,1055.33,0.00,0.00
252215570,Leeton (AUS) 1st Jan,To Be Placed,01-01-2026 08:29,61288381,10. Tizzy Lizzie,1,1.93176086,1.0000,1.0807,1.00,1001.00,1.00,1001.00,122.65,0.00,0.00
252194432,Longford (AUS) 1st Jan,To Be Placed,01-01-2026 06:09,93168136,8. Rich Glow,0,169.65411842,1.0000,49.0970,1.00,1001.00,1.00,1001.00,27.21,0.00,0.00
252192158,Hanging Rock (AUS) 1st Jan,To Be Placed,01-01-2026 02:34,74814106,5. Real Intrigue,0,13.00000000,1.0000,8.3234,1.00,1001.00,1.00,1001.00,397.85,0.00,0.00
252192337,Sunshine Coast (AUS) 1st Jan,To Be Placed,01-01-2026 06:32,1497676,1. Botanica,0,4.50000000,1.0000,2.8365,1.00,1001.00,1.00,1001.00,583.95,0.00,0.00
252194426,Longford (AUS) 1st Jan,To Be Placed,01-01-2026 05:29,52670225,3. Warica,0,2.86092859,1.0000,1.5197,1.00,1001.00,1.00,1001.00,382.58,0.00,0.00
252192102,Burrumbeet (AUS) 1st Jan,To Be Placed,01-01-2026 01:51,91485583,10. Waltzing Matilda,0,3.15000000,1.0000,2.4586,1.00,1001.00,1.00,1001.00,282.06,0.00,0.00
252195000,Murray Bridge (AUS) 1st Jan,To Be Placed,01-01-2026 04:52,81517811,2. Hamner Springs,0,4.80000000,1.0000,3.7704,1.00,1001.00,1.00,1001.00,242.83,0.00,0.00
