event_id,menu_hint,event_name,event_dt,selection_id,selection_name,win_lose,bsp,ppwap,morningwap,ppmax,ppmin,ipmax,ipmin,morningtradedvol,pptradedvol,iptradedvol
252811311,Hobart (AUS) 18th Jan,To Be Placed,18-01-2026 06:30,79257778,11. Lady Fern,0,18.00000000,1.0000,12.2219,1.00,1001.00,1.00,1001.00,513.10,0.00,0.00
252809387,Mount Barker (AUS) 18th Jan,To Be Placed,18-01-2026 07:15,85507972,9. Lovin On Me,0,4.63658867,1.0000,3.2744,1.00,1001.00,1.00,1001.00,394.56,0.00,0.00
252806076,Cowra (AUS) 18th Jan,To Be Placed,18-01-2026 04:40,93871530,11. Twin Gift,0,6.00000000,1.0000,4.3240,1.00,1001.00,1.00,1001.00,270.12,0.00,0.00
252851246,Burnie (AUS) 18th Jan,To Be Placed,18-01-2026 05:14,12285829,5. Top Hanover,0,8.80000000,1.0000,6.8608,1.00,1001.00,1.00,1001.00,7.82,0.00,0.00
252806114,Stony Creek (AUS) 18th Jan,To Be Placed,18-01-2026 04:35,93871656,12. Master Of Mischief,0,4.86106434,1.0000,4.1233,1.00,1001.00,1.00,1001.00,877.91,0.00,0.00
252809395,Mount Barker (AUS) 18th Jan,To Be Placed,18-01-2026 08:20,51414285,2. Birdieagle,1,66.07181365,1.0000,28.6553,1.00,1001.00,1.00,1001.00,37.14,0.00,0.00
252809391,Mount Barker (AUS) 18th Jan,To Be Placed,18-01-2026 07:50,75758660,11. Does He Know,0,70.73575116,1.0000,13.5939,1.00,1001.00,1.00,1001.00,42.26,0.00,0.00
252809347,Wangaratta (AUS) 18th Jan,To Be Placed,18-01-2026 05:25,16785940,1. Condor,1,3.65692760,1.0000,2.8997,1.00,1001.00,1.00,1001.00,1330.00,0.00,0.00
252811305,Hobart (AUS) 18th Jan,To Be Placed,18-01-2026 05:50,67530576,9. Miles N Miles,0,34.21789087,1.0000,19.1279,1.00,1001.00,1.00,1001.00,307.45,0.00,0.00
252811287,Hobart (AUS) 18th Jan,To Be Placed,18-01-2026 03:55,93826768,1. Sanniya,1,1.13000000,1.0000,1.1057,1.00,1001.00,1.00,1001.00,5482.45,0.00,0.00
252809347,Wangaratta (AUS) 18th Jan,To Be Placed,18-01-2026 05:25,84471935,10. Thinking Of Gerty,0,1.38000000,1.0000,1.2740,1.00,1001.00,1.00,1001.00,3352.69,0.00,0.00
252809387,Mount Barker (AUS) 18th Jan,To Be Placed,18-01-2026 07:15,93871843,5. Nailedem,1,3.99653674,1.0000,3.3601,1.00,1001.00,1.00,1001.00,1441.87,0.00,0.00
252852588,Cranbourne (AUS) 18th Jan,To Be Placed,18-01-2026 06:57,70140339,5. Winsum Bella,1,1.89121278,1.0000,1.5439,1.00,1001.00,1.00,1001.00,504.79,0.00,0.00
252806135,Stony Creek (AUS) 18th Jan,To Be Placed,18-01-2026 06:10,40879197,13. Asternishing,0,16.63668241,1.0000,10.8194,1.00,1001.00,1.00,1001.00,150.41,0.00,0.00
252809307,Wangaratta (AUS) 18th Jan,To Be Placed,18-01-2026 02:35,93871563,12. Chicky Wa Wa,1,5.96532380,1.0000,4.0026,1.00,1001.00,1.00,1001.00,305.38,0.00,0.00
252809331,Wangaratta (AUS) 18th Jan,To Be Placed,18-01-2026 04:20,93871600,16. Gamadale Possum,0,48.80080283,1.0000,9.3346,1.00,1001.00,1.00,1001.00,408.07,0.00,0.00
252806055,Armidale (AUS) 18th Jan,To Be Placed,18-01-2026 04:55,74853433,5. La Narradora,1,2.20540777,1.0000,1.6677,1.00,1001.00,1.00,1001.00,335.62,0.00,0.00
252806076,Cowra (AUS) 18th Jan,To Be Placed,18-01-2026 04:40,66614220,4. Chairmans List,0,4.63625487,1.0000,3.4399,1.00,1001.00,1.00,1001.00,441.92,0.00,0.00
252806079,Cowra (AUS) 18th Jan,To Be Placed,18-01-2026 05:20,3668799,7. Giza,0,2.28972808,1.0000,1.5672,1.00,1001.00,1.00,1001.00,966.90,0.00,0.00
252806107,Stony Creek (AUS) 18th Jan,To Be Placed,18-01-2026 04:00,93871647,5. Pull My Finger,0,3.07526290,1.0000,2.5569,1.00,1001.00,1.00,1001.00,322.40,0.00,0.00
252809363,Wangaratta (AUS) 18th Jan,To Be Placed,18-01-2026 06:25,63436079,1. Gin Oclock,0,32.19778875,1.0000,21.5546,1.00,1001.00,1.00,1001.00,415.89,0.00,0.00
252811311,Hobart (AUS) 18th Jan,To Be Placed,18-01-2026 06:30,93826777,5. Southern Auroras,1,1.50000000,1.0000,1.3454,1.00,1001.00,1.00,1001.00,1895.60,0.00,0.00
252806121,Stony Creek (AUS) 18th Jan,To Be Placed,18-01-2026 05:10,42098297,5. The Cruiser,0,1.81802030,1.0000,1.4818,1.00,1001.00,1.00,1001.00,915.47,0.00,0.00
252809339,Wangaratta (AUS) 18th Jan,To Be Placed,18-01-2026 04:59,93871601,1. The Shaper,0,8.68369672,1.0000,6.9282,1.00,1001.00,1.00,1001.00,841.25,0.00,0.00
252809331,Wangaratta (AUS) 18th Jan,To Be Placed,18-01-2026 04:20,93871591,5. Royal Rhino,0,76.67927600,1.0000,50.0155,1.00,1001.00,1.00,1001.00,76.38,0.00,0.00
252809375,Mount Barker (AUS) 18th Jan,To Be Placed,18-01-2026 05:30,55141275,8. Arafisio,0,32.00000000,1.0000,7.7426,1.00,1001.00,1.00,1001.00,65.06,0.00,0.00
252809371,Mount Barker (AUS) 18th Jan,To Be Placed,18-01-2026 05:00,93240243,5. Prasutagus,1,8.53784200,1.0000,6.1322,1.00,1001.00,1.00,1001.00,442.06,0.00,0.00
252809363,Wangaratta (AUS) 18th Jan,To Be Placed,18-01-2026 06:25,93871616,5. Seeyou Raider,0,3.15000000,1.0000,2.5720,1.00,1001.00,1.00,1001.00,1088.25,0.00,0.00
252809363,Wangaratta (AUS) 18th Jan,To Be Placed,18-01-2026 06:25,93871619,12. Gee Tee,0,1.80000000,1.0000,1.5178,1.00,1001.00,1.00,1001.00,2799.83,0.00,0.00
252852596,Cranbourne (AUS) 18th Jan,To Be Placed,18-01-2026 09:19,41035231,8. Sovereign Tiger,0,5.15137145,1.0000,2.3869,1.00,1001.00,1.00,1001.00,24.76,0.00,0.00
252806082,Cowra (AUS) 18th Jan,To Be Placed,18-01-2026 06:00,62660222,9. Violet And Blue,0,5.40000000,1.0000,2.3713,1.00,1001.00,1.00,1001.00,143.75,0.00,0.00
252809403,Mount Barker (AUS) 18th Jan,To Be Placed,18-01-2026 09:30,52206614,4. Best Of The Gods,0,3.85000000,1.0000,1.8731,1.00,1001.00,1.00,1001.00,569.36,0.00,0.00
252811311,Hobart (AUS) 18th Jan,To Be Placed,18-01-2026 06:30,53088575,9. Swinging It,0,5.88831138,1.0000,4.1835,1.00,1001.00,1.00,1001.00,172.96,0.00,0.00
252806046,Armidale (AUS) 18th Jan,To Be Placed,18-01-2026 03:05,85813808,11. Flee With Me,0,3.36669402,1.0000,1.7449,1.00,1001.00,1.00,1001.00,341.07,0.00,0.00
252806093,Stony Creek (AUS) 18th Jan,To Be Placed,18-01-2026 02:50,81889981,2. Dalis Picasso,0,2.38058347,1.0000,1.3117,1.00,1001.00,1.00,1001.00,50.42,0.00,0.00
252852594,Cranbourne (AUS) 18th Jan,To Be Placed,18-01-2026 08:44,93827536,8. Bulletproof Kid,1,2.89960577,1.0000,3.1380,1.00,1001.00,1.00,1001.00,163.88,0.00,0.00
252806128,Stony Creek (AUS) 18th Jan,To Be Placed,18-01-2026 05:40,83984773,15. Master Polanski,0,3.26669544,1.0000,2.0225,1.00,1001.00,1.00,1001.00,510.73,0.00,0.00
252811275,Hobart (AUS) 18th Jan,To Be Placed,18-01-2026 02:45,93826760,8. Savage River,1,1.74063907,1.0000,1.5336,1.00,1001.00,1.00,1001.00,2345.93,0.00,0.00
252811311,Hobart (AUS) 18th Jan,To Be Placed,18-01-2026 06:30,3663120,3. Artillery Fire,0,4.66146315,1.0000,3.2970,1.00,1001.00,1.00,1001.00,673.04,0.00,0.00
252852598,Cranbourne (AUS) 18th Jan,To Be Placed,18-01-2026 10:20,56576923,4. At The Distance,1,1.23000000,1.0000,1.2019,1.00,1001.00,1.00,1001.00,812.79,0.00,0.00
252809383,Mount Barker (AUS) 18th Jan,To Be Placed,18-01-2026 06:35,77689429,9. War Matters,1,1.65586895,1.0000,1.5165,1.00,1001.00,1.00,1001.00,1347.87,0.00,0.00
252806100,Stony Creek (AUS) 18th Jan,To Be Placed,18-01-2026 03:25,93871645,8. Pari Moi,1,1.79981833,1.0000,1.5922,1.00,1001.00,1.00,1001.00,1253.07,0.00,0.00
252852600,Cranbourne (AUS) 18th Jan,To Be Placed,18-01-2026 10:53,88330358,8. Milly Meter,0,4.33400000,1.0000,2.6900,1.00,1001.00,1.00,1001.00,36.35,0.00,0.00
252852592,Cranbourne (AUS) 18th Jan,To Be Placed,18-01-2026 08:12,93827535,6. Sheza Mod,0,7.20000000,1.0000,6.7041,1.00,1001.00,1.00,1001.00,55.80,0.00,0.00
252809347,Wangaratta (AUS) 18th Jan,To Be Placed,18-01-2026 05:25,93871609,14. Lychee Green Tea,1,27.00000000,1.0000,16.5952,1.00,1001.00,1.00,1001.00,418.50,0.00,0.00
252811281,Hobart (AUS) 18th Jan,To Be Placed,18-01-2026 03:20,70890955,1. Rubble N Fudd,0,4.50000000,1.0000,3.2115,1.00,1001.00,1.00,1001.00,1063.31,0.00,0.00
252806082,Cowra (AUS) 18th Jan,To Be Placed,18-01-2026 06:00,56606031,8. Feirme Prince,0,8.80000000,1.0000,3.0249,1.00,1001.00,1.00,1001.00,8.98,0.00,0.00
252851246,Burnie (AUS) 18th Jan,To Be Placed,18-01-2026 05:14,19187480,10. Mach Angelo,0,4.70000000,1.0000,2.4216,1.00,1001.00,1.00,1001.00,44.28,0.00,0.00
252806046,Armidale (AUS) 18th Jan,To Be Placed,18-01-2026 03:05,87544203,6. Sonder,1,3.15000000,1.0000,2.0448,1.00,1001.00,1.00,1001.00,91.76,0.00,0.00
252851240,Burnie (AUS) 18th Jan,To Be Placed,18-01-2026 03:34,61115143,2. Goodtime Oscar,1,1.95000000,1.0000,1.3237,1.00,1001.00,1.00,1001.00,86.37,0.00,0.00
252809371,Mount Barker (AUS) 18th Jan,To Be Placed,18-01-2026 05:00,93871833,6. Tomalie,0,4.95425917,1.0000,3.9283,1.00,1001.00,1.00,1001.00,1190.83,0.00,0.00
252806121,Stony Creek (AUS) 18th Jan,To Be Placed,18-01-2026 05:10,71904860,6. Belriah,0,26.87868804,1.0000,20.0148,1.00,1001.00,1.00,1001.00,132.39,0.00,0.00
252811305,Hobart (AUS) 18th Jan,To Be Placed,18-01-2026 05:50,45758802,3. Asva,1,2.41215032,1.0000,1.8328,1.00,1001.00,1.00,1001.00,1549.40,0.00,0.00
252806061,Armidale (AUS) 18th Jan,To Be Placed,18-01-2026 06:15,85282998,9. Nikodys Binks,0,9.26183969,1.0000,3.4336,1.00,1001.00,1.00,1001.00,211.25,0.00,0.00
252852600,Cranbourne (AUS) 18th Jan,To Be Placed,18-01-2026 10:53,44210666,1. Taken By Wine,0,3.55000000,1.0000,2.1285,1.00,1001.00,1.00,1001.00,35.83,0.00,0.00
252809307,Wangaratta (AUS) 18th Jan,To Be Placed,18-01-2026 02:35,93871560,4. Admire Fluke,1,1.46325163,1.0000,1.3933,1.00,1001.00,1.00,1001.00,6579.42,0.00,0.00
252806058,Armidale (AUS) 18th Jan,To Be Placed,18-01-2026 05:35,39387866,8. Little Prophet,0,6.88104026,1.0000,4.7657,1.00,1001.00,1.00,1001.00,191.23,0.00,0.00
252806052,Armidale (AUS) 18th Jan,To Be Placed,18-01-2026 04:15,28369243,7. Nikodys Diego,0,3.10000000,1.0000,1.5798,1.00,1001.00,1.00,1001.00,258.38,0.00,0.00
252811311,Hobart (AUS) 18th Jan,To Be Placed,18-01-2026 06:30,76006052,7. Geegee Strawberry,0,7.60000000,1.0000,4.9626,1.00,1001.00,1.00,1001.00,390.45,0.00,0.00
252852592,Cranbourne (AUS) 18th Jan,To Be Placed,18-01-2026 08:12,92744126,8. Bella Louise,0,1.69000000,1.0000,1.5589,1.00,1001.00,1.00,1001.00,281.76,0.00,0.00
252806067,Cowra (AUS) 18th Jan,To Be Placed,18-01-2026 02:20,81848399,3. Cubeacheck,1,7.66540589,1.0000,1.7902,1.00,1001.00,1.00,1001.00,89.07,0.00,0.00
252806076,Cowra (AUS) 18th Jan,To Be Placed,18-01-2026 04:40,27858181,1. Off Shaw,0,18.00000000,1.0000,7.1332,1.00,1001.00,1.00,1001.00,87.52,0.00,0.00
252806093,Stony Creek (AUS) 18th Jan,To Be Placed,18-01-2026 02:50,93022143,1. Chirpy Chap,0,2.26000000,1.0000,1.5608,1.00,1001.00,1.00,1001.00,225.52,0.00,0.00
252806093,Stony Creek (AUS) 18th Jan,To Be Placed,18-01-2026 02:50,85250868,8. Amplification,0,4.10000000,1.0000,2.6230,1.00,1001.00,1.00,1001.00,288.83,0.00,0.00
252809403,Mount Barker (AUS) 18th Jan,To Be Placed,18-01-2026 09:30,93871855,14. Size Matters,0,6.55696000,1.0000,5.1846,1.00,1001.00,1.00,1001.00,360.56,0.00,0.00
252809355,Wangaratta (AUS) 18th Jan,To Be Placed,18-01-2026 05:55,61370951,5. Yam,1,1.91635671,1.0000,1.6838,1.00,1001.00,1.00,1001.00,718.56,0.00,0.00
252809395,Mount Barker (AUS) 18th Jan,To Be Placed,18-01-2026 08:20,50739892,8. Secret Stones,1,6.60000000,1.0000,2.8476,1.00,1001.00,1.00,1001.00,443.67,0.00,0.00
252809403,Mount Barker (AUS) 18th Jan,To Be Placed,18-01-2026 09:30,89592621,6. Ma Ma Belle,1,1.62614653,1.0000,1.1619,1.00,1001.00,1.00,1001.00,4984.65,0.00,0.00
252809375,Mount Barker (AUS) 18th Jan,To Be Placed,18-01-2026 05:30,93240237,5. Cosmic Waltz,1,3.26090178,1.0000,1.9929,1.00,1001.00,1.00,1001.00,256.06,0.00,0.00
252806064,Cowra (AUS) 18th Jan,To Be Placed,18-01-2026 01:45,85541479,11. Wire To Wire,0,23.00000000,1.0000,14.1636,1.00,1001.00,1.00,1001.00,89.56,0.00,0.00
252852588,Cranbourne (AUS) 18th Jan,To Be Placed,18-01-2026 06:57,75915349,3. Hurricane Hooly,1,2.14719104,1.0000,1.9880,1.00,1001.00,1.00,1001.00,195.16,0.00,0.00
252806046,Armidale (AUS) 18th Jan,To Be Placed,18-01-2026 03:05,77082231,8. Bonfidelity,1,1.25000000,1.0000,1.0543,1.00,1001.00,1.00,1001.00,1142.40,0.00,0.00
252809307,Wangaratta (AUS) 18th Jan,To Be Placed,18-01-2026 02:35,91872566,7. Rookery Nook,0,3.10000000,1.0000,2.8530,1.00,1001.00,1.00,1001.00,902.96,0.00,0.00
252806114,Stony Creek (AUS) 18th Jan,To Be Placed,18-01-2026 04:35,56872991,4. Irresistible Sir,0,19.00000000,1.0000,11.9334,1.00,1001.00,1.00,1001.00,110.52,0.00,0.00
252811293,Hobart (AUS) 18th Jan,To Be Placed,18-01-2026 04:30,3647429,9. South Georgia,1,1.76000000,1.0000,1.4128,1.00,1001.00,1.00,1001.00,1040.16,0.00,0.00
252809355,Wangaratta (AUS) 18th Jan,To Be Placed,18-01-2026 05:55,93871612,3. Matthew Flinders,0,52.20699092,1.0000,30.0258,1.00,1001.00,1.00,1001.00,104.56,0.00,0.00
252852588,Cranbourne (AUS) 18th Jan,To Be Placed,18-01-2026 06:57,91116539,6. Fireupp,0,3.75000000,1.0000,1.7884,1.00,1001.00,1.00,1001.00,27.74,0.00,0.00
252811299,Hobart (AUS) 18th Jan,To Be Placed,18-01-2026 05:05,93826773,7. Agadoo,0,19.52688317,1.0000,12.4027,1.00,1001.00,1.00,1001.00,41.54,0.00,0.00
252811269,Hobart (AUS) 18th Jan,To Be Placed,18-01-2026 02:11,93826749,5. Silver Grange,0,11.28787607,1.0000,7.1924,1.00,1001.00,1.00,1001.00,165.36,0.00,0.00
252806046,Armidale (AUS) 18th Jan,To Be Placed,18-01-2026 03:05,237548,2. Gangplank,0,14.08339109,1.0000,8.8352,1.00,1001.00,1.00,1001.00,195.93,0.00,0.00
252851246,Burnie (AUS) 18th Jan,To Be Placed,18-01-2026 05:14,25130008,7. Im Quite American,0,6.60000000,1.0000,2.0818,1.00,1001.00,1.00,1001.00,42.16,0.00,0.00
252806046,Armidale (AUS) 18th Jan,To Be Placed,18-01-2026 03:05,77728684,4. Mr Square Pants,0,18.33218094,1.0000,12.5648,1.00,1001.00,1.00,1001.00,173.96,0.00,0.00
252809379,Mount Barker (AUS) 18th Jan,To Be Placed,18-01-2026 06:05,80679020,4. Who Told Kayla,0,2.51602459,1.0000,1.7603,1.00,1001.00,1.00,1001.00,829.71,0.00,0.00
252811269,Hobart (AUS) 18th Jan,To Be Placed,18-01-2026 02:11,93826757,16. Zuvela,0,125.62559674,1.0000,43.3034,1.00,1001.00,1.00,1001.00,12.26,0.00,0.00
252806107,Stony Creek (AUS) 18th Jan,To Be Placed,18-01-2026 04:00,56645160,9. Ahrkaye,0,18.50000000,1.0000,8.9947,1.00,1001.00,1.00,1001.00,224.08,0.00,0.00
252806128,Stony Creek (AUS) 18th Jan,To Be Placed,18-01-2026 05:40,93206727,4. Unquestionably,1,1.85977768,1.0000,1.5209,1.00,1001.00,1.00,1001.00,1863.49,0.00,0.00
252809323,Wangaratta (AUS) 18th Jan,To Be Placed,18-01-2026 03:45,93871588,14. Brave Heritage,0,90.00000000,1.0000,68.7207,1.00,1001.00,1.00,1001.00,50.78,0.00,0.00
252809383,Mount Barker (AUS) 18th Jan,To Be Placed,18-01-2026 06:35,15568374,11. Why Me,0,2.62589022,1.0000,1.9507,1.00,1001.00,1.00,1001.00,320.84,0.00,0.00
252811281,Hobart (AUS) 18th Jan,To Be Placed,18-01-2026 03:20,78463762,5. The Trine,1,1.71292834,1.0000,1.5790,1.00,1001.00,1.00,1001.00,371.75,0.00,0.00
252806076,Cowra (AUS) 18th Jan,To Be Placed,18-01-2026 04:40,80091179,3. Beauty Edge,1,1.86251040,1.0000,1.0751,1.00,1001.00,1.00,1001.00,545.62,0.00,0.00
252806114,Stony Creek (AUS) 18th Jan,To Be Placed,18-01-2026 04:35,90604358,3. Spirits Worthy,0,49.25284259,1.0000,33.2191,1.00,1001.00,1.00,1001.00,417.96,0.00,0.00
252809403,Mount Barker (AUS) 18th Jan,To Be Placed,18-01-2026 09:30,49893021,12. Coatachino,0,6.20000000,1.0000,2.6722,1.00,1001.00,1.00,1001.00,248.10,0.00,0.00
252806079,Cowra (AUS) 18th Jan,To Be Placed,18-01-2026 05:20,92822337,14. Quick Onyx,0,3.00000000,1.0000,2.7215,1.00,1001.00,1.00,1001.00,146.46,0.00,0.00
252809323,Wangaratta (AUS) 18th Jan,To Be Placed,18-01-2026 03:45,93871585,9. Illusive Dream,0,13.50000000,1.0000,10.2731,1.00,1001.00,1.00,1001.00,358.43,0.00,0.00
252809355,Wangaratta (AUS) 18th Jan,To Be Placed,18-01-2026 05:55,72134241,7. Blazing Sword,0,2.87264555,1.0000,2.3581,1.00,1001.00,1.00,1001.00,614.23,0.00,0.00
252852590,Cranbourne (AUS) 18th Jan,To Be Placed,18-01-2026 07:39,19651127,1. Lotakevi,0,6.40000000,1.0000,4.2388,1.00,1001.00,1.00,1001.00,88.14,0.00,0.00
252806079,Cowra (AUS) 18th Jan,To Be Placed,18-01-2026 05:20,8031242,8. Talihina Sky,0,4.70000000,1.0000,3.5763,1.00,1001.00,1.00,1001.00,516.60,0.00,0.00
252811275,Hobart (AUS) 18th Jan,To Be Placed,18-01-2026 02:45,86057273,2. Dark Night,0,30.00000000,1.0000,19.4942,1.00,1001.00,1.00,1001.00,336.66,0.00,0.00
252809339,Wangaratta (AUS) 18th Jan,To Be Placed,18-01-2026 04:59,3177034,5. Toompine,0,23.51530151,1.0000,9.2827,1.00,1001.00,1.00,1001.00,419.78,0.00,0.00
252809403,Mount Barker (AUS) 18th Jan,To Be Placed,18-01-2026 09:30,93871852,3. Skytalker,1,1.60540000,1.0000,1.3174,1.00,1001.00,1.00,1001.00,491.40,0.00,0.00
252852588,Cranbourne (AUS) 18th Jan,To Be Placed,18-01-2026 06:57,93827528,1. Illuminate Me,1,1.70000000,1.0000,1.5003,1.00,1001.00,1.00,1001.00,145.62,0.00,0.00
252851254,Burnie (AUS) 18th Jan,To Be Placed,18-01-2026 07:21,63927488,5. Angelshavtime,0,4.50000000,1.0000,1.5125,1.00,1001.00,1.00,1001.00,14.80,0.00,0.00
252809339,Wangaratta (AUS) 18th Jan,To Be Placed,18-01-2026 04:59,93871604,14. Valpantena,0,80.05341994,1.0000,40.2703,1.00,1001.00,1.00,1001.00,165.26,0.00,0.00
252811299,Hobart (AUS) 18th Jan,To Be Placed,18-01-2026 05:05,93826772,5. Swift Force,1,1.86837212,1.0000,1.5819,1.00,1001.00,1.00,1001.00,3023.46,0.00,0.00
252809339,Wangaratta (AUS) 18th Jan,To Be Placed,18-01-2026 04:59,93871603,11. Tessas Choice,0,3.25000000,1.0000,3.1544,1.00,1001.00,1.00,1001.00,967.00,0.00,0.00
252809323,Wangaratta (AUS) 18th Jan,To Be Placed,18-01-2026 03:45,93022166,8. Hatalook,0,2.77921137,1.0000,2.1492,1.00,1001.00,1.00,1001.00,370.97,0.00,0.00
252806128,Stony Creek (AUS) 18th Jan,To Be Placed,18-01-2026 05:40,55286671,6. Jakks Fortune,1,2.44000000,1.0000,2.1519,1.00,1001.00,1.00,1001.00,1077.06,0.00,0.00
252852588,Cranbourne (AUS) 18th Jan,To Be Placed,18-01-2026 06:57,93827529,2. Like A Gazelle,0,1.55258391,1.0000,1.1908,1.00,1001.00,1.00,1001.00,281.66,0.00,0.00
252806061,Armidale (AUS) 18th Jan,To Be Placed,18-01-2026 06:15,44757910,12. Invincible Faith,0,18.39542150,1.0000,6.1249,1.00,1001.00,1.00,1001.00,281.36,0.00,0.00
252811269,Hobart (AUS) 18th Jan,To Be Placed,18-01-2026 02:11,93826758,17. Sedna,0,20.00000000,1.0000,15.6589,1.00,1001.00,1.00,1001.00,57.68,0.00,0.00
252806049,Armidale (AUS) 18th Jan,To Be Placed,18-01-2026 03:40,93239448,11. Imotosan,0,2.64000000,1.0000,1.6659,1.00,1001.00,1.00,1001.00,132.74,0.00,0.00
252806076,Cowra (AUS) 18th Jan,To Be Placed,18-01-2026 04:40,83940660,13. The Git Up,0,7.00000000,1.0000,2.8696,1.00,1001.00,1.00,1001.00,25.83,0.00,0.00
252851246,Burnie (AUS) 18th Jan,To Be Placed,18-01-2026 05:14,43168300,9. Cinocal Jamane,0,2.04660754,1.0000,1.5099,1.00,1001.00,1.00,1001.00,180.32,0.00,0.00
252852590,Cranbourne (AUS) 18th Jan,To Be Placed,18-01-2026 07:39,36408644,5. Alpha Crucis,0,1.70000000,1.0000,1.4795,1.00,1001.00,1.00,1001.00,174.88,0.00,0.00
252811287,Hobart (AUS) 18th Jan,To Be Placed,18-01-2026 03:55,79767358,4. Zewinna,0,40.00000000,1.0000,32.2588,1.00,1001.00,1.00,1001.00,103.39,0.00,0.00
252806082,Cowra (AUS) 18th Jan,To Be Placed,18-01-2026 06:00,255057,10. Zale,1,1.58000000,1.0000,1.2734,1.00,1001.00,1.00,1001.00,333.67,0.00,0.00
252809399,Mount Barker (AUS) 18th Jan,To Be Placed,18-01-2026 08:55,5505525,11. What A Prince,0,21.76466492,1.0000,8.9880,1.00,1001.00,1.00,1001.00,68.51,0.00,0.00
252806082,Cowra (AUS) 18th Jan,To Be Placed,18-01-2026 06:00,27838777,3. Blitzar,0,16.28293067,1.0000,3.9935,1.00,1001.00,1.00,1001.00,113.22,0.00,0.00
252809355,Wangaratta (AUS) 18th Jan,To Be Placed,18-01-2026 05:55,93871614,13. King Incanto,0,10.05386806,1.0000,5.2088,1.00,1001.00,1.00,1001.00,681.74,0.00,0.00
252809379,Mount Barker (AUS) 18th Jan,To Be Placed,18-01-2026 06:05,91873366,8. Parc It In Here,0,6.20000000,1.0000,4.4392,1.00,1001.00,1.00,1001.00,382.08,0.00,0.00
252806049,Armidale (AUS) 18th Jan,To Be Placed,18-01-2026 03:40,93870868,10. Euroka Abby,0,14.00000000,1.0000,9.2938,1.00,1001.00,1.00,1001.00,120.62,0.00,0.00
252806073,Cowra (AUS) 18th Jan,To Be Placed,18-01-2026 04:05,93871527,14. Coastal Groove,0,75.00000000,1.0000,16.8257,1.00,1001.00,1.00,1001.00,81.60,0.00,0.00
252809379,Mount Barker (AUS) 18th Jan,To Be Placed,18-01-2026 06:05,89886777,9. Lordgivemestrength,1,1.67472163,1.0000,1.4219,1.00,1001.00,1.00,1001.00,907.43,0.00,0.00
252811299,Hobart (AUS) 18th Jan,To Be Placed,18-01-2026 05:05,93826771,4. The Little Bay,0,18.00000000,1.0000,8.3182,1.00,1001.00,1.00,1001.00,42.98,0.00,0.00
252806070,Cowra (AUS) 18th Jan,To Be Placed,18-01-2026 03:30,93871520,5. Cosmic Rosa,0,30.00000000,1.0000,24.4160,1.00,1001.00,1.00,1001.00,87.30,0.00,0.00
252806046,Armidale (AUS) 18th Jan,To Be Placed,18-01-2026 03:05,72641757,9. The Ambassador,0,4.22414345,1.0000,1.6508,1.00,1001.00,1.00,1001.00,241.54,0.00,0.00
252852600,Cranbourne (AUS) 18th Jan,To Be Placed,18-01-2026 10:53,93827539,5. Suffarell Hill,0,3.35000000,1.0000,2.3471,1.00,1001.00,1.00,1001.00,309.64,0.00,0.00
252806073,Cowra (AUS) 18th Jan,To Be Placed,18-01-2026 04:05,54174410,3. Divine Sinner,0,7.60000000,1.0000,3.5389,1.00,1001.00,1.00,1001.00,194.12,0.00,0.00
252806107,Stony Creek (AUS) 18th Jan,To Be Placed,18-01-2026 04:00,92743622,4. Omosa,1,9.27816285,1.0000,6.2797,1.00,1001.00,1.00,1001.00,479.13,0.00,0.00
252806073,Cowra (AUS) 18th Jan,To Be Placed,18-01-2026 04:05,65519774,2. Chico Casino,0,2.62000000,1.0000,1.9857,1.00,1001.00,1.00,1001.00,769.85,0.00,0.00
252809323,Wangaratta (AUS) 18th Jan,To Be Placed,18-01-2026 03:45,777679,1. Kilmer,1,2.34000000,1.0000,1.8591,1.00,1001.00,1.00,1001.00,1770.27,0.00,0.00
252806107,Stony Creek (AUS) 18th Jan,To Be Placed,18-01-2026 04:00,93871646,1. Fulhamzedge,0,3.37494930,1.0000,3.0898,1.00,1001.00,1.00,1001.00,500.75,0.00,0.00
252851248,Burnie (AUS) 18th Jan,To Be Placed,18-01-2026 05:44,56907347,1. Stanton Break,0,1.74000000,1.0000,1.5721,1.00,1001.00,1.00,1001.00,36.67,0.00,0.00
252852588,Cranbourne (AUS) 18th Jan,To Be Placed,18-01-2026 06:57,93827531,7. Roblen Demon,0,10.00000000,1.0000,8.6052,1.00,1001.00,1.00,1001.00,107.24,0.00,0.00
252806043,Armidale (AUS) 18th Jan,To Be Placed,18-01-2026 02:30,85813775,10. Sources Link,0,2.04000000,1.0000,1.6118,1.00,1001.00,1.00,1001.00,954.20,0.00,0.00
252809387,Mount Barker (AUS) 18th Jan,To Be Placed,18-01-2026 07:15,93871844,10. Marybee,0,3.65000000,1.0000,2.8468,1.00,1001.00,1.00,1001.00,239.80,0.00,0.00
252806088,Cowra (AUS) 18th Jan,To Be Placed,18-01-2026 07:10,93871547,9. Just On Fire,0,10.91272716,1.0000,8.3852,1.00,1001.00,1.00,1001.00,127.93,0.00,0.00
252806055,Armidale (AUS) 18th Jan,To Be Placed,18-01-2026 04:55,77465159,6. Divine Feminine,0,16.00000000,1.0000,3.3083,1.00,1001.00,1.00,1001.00,37.17,0.00,0.00
252806052,Armidale (AUS) 18th Jan,To Be Placed,18-01-2026 04:15,88733848,8. Lindas Magic,1,2.80000000,1.0000,2.1001,1.00,1001.00,1.00,1001.00,519.21,0.00,0.00
252851250,Burnie (AUS) 18th Jan,To Be Placed,18-01-2026 06:19,26678901,7. Fleetwood Rock,0,3.82044198,1.0000,1.2684,1.00,1001.00,1.00,1001.00,16.47,0.00,0.00
252806064,Cowra (AUS) 18th Jan,To Be Placed,18-01-2026 01:45,86099436,7. Long Time Lovers,0,17.50000000,1.0000,11.7349,1.00,1001.00,1.00,1001.00,98.75,0.00,0.00
252809331,Wangaratta (AUS) 18th Jan,To Be Placed,18-01-2026 04:20,6131529,3. Masakari,0,8.40475000,1.0000,4.8246,1.00,1001.00,1.00,1001.00,265.33,0.00,0.00
252851240,Burnie (AUS) 18th Jan,To Be Placed,18-01-2026 03:34,55415101,5. Andaman Bay,0,2.98000000,1.0000,2.3387,1.00,1001.00,1.00,1001.00,160.40,0.00,0.00
252806093,Stony Creek (AUS) 18th Jan,To Be Placed,18-01-2026 02:50,93871644,5. Boy From Oz,1,1.83000000,1.0000,1.2012,1.00,1001.00,1.00,1001.00,176.28,0.00,0.00
252809363,Wangaratta (AUS) 18th Jan,To Be Placed,18-01-2026 06:25,93871618,11. Bannerlu,0,7.34292264,1.0000,5.2696,1.00,1001.00,1.00,1001.00,582.22,0.00,0.00
252852602,Cranbourne (AUS) 18th Jan,To Be Placed,18-01-2026 11:22,38074578,5. Our Cheeky Devil,0,8.00000000,1.0000,1.0000,1.00,1001.00,1.00,1001.00,0.00,0.00,0.00
252806067,Cowra (AUS) 18th Jan,To Be Placed,18-01-2026 02:20,86099335,8. Bedda Mia,0,1.14000000,1.0000,1.1117,1.00,1001.00,1.00,1001.00,1901.41,0.00,0.00
252809331,Wangaratta (AUS) 18th Jan,To Be Placed,18-01-2026 04:20,2878757,7. Basilica,1,1.93090849,1.0000,1.8418,1.00,1001.00,1.00,1001.00,1037.41,0.00,0.00
252806128,Stony Creek (AUS) 18th Jan,To Be Placed,18-01-2026 05:40,63363611,9. Outcaster,0,2.46000000,1.0000,1.9040,1.00,1001.00,1.00,1001.00,1172.37,0.00,0.00
252806114,Stony Creek (AUS) 18th Jan,To Be Placed,18-01-2026 04:35,76934214,8. Anthophila,0,3.50823120,1.0000,3.0892,1.00,1001.00,1.00,1001.00,608.04,0.00,0.00
252806067,Cowra (AUS) 18th Jan,To Be Placed,18-01-2026 02:20,93871519,14. Pancake Pete,0,4.20000000,1.0000,4.1145,1.00,1001.00,1.00,1001.00,89.96,0.00,0.00
252806073,Cowra (AUS) 18th Jan,To Be Placed,18-01-2026 04:05,93871525,4. Imastatement,0,2.19770186,1.0000,1.3119,1.00,1001.00,1.00,1001.00,467.71,0.00,0.00
252809379,Mount Barker (AUS) 18th Jan,To Be Placed,18-01-2026 06:05,6857074,5. Annas Boy,0,4.00000000,1.0000,1.9982,1.00,1001.00,1.00,1001.00,286.77,0.00,0.00
252809323,Wangaratta (AUS) 18th Jan,To Be Placed,18-01-2026 03:45,93871586,10. Packers Journey,0,2.28585904,1.0000,1.9412,1.00,1001.00,1.00,1001.00,1000.16,0.00,0.00
252851242,Burnie (AUS) 18th Jan,To Be Placed,18-01-2026 04:09,67232026,3. Taking A Punt,0,7.52194811,1.0000,5.1329,1.00,1001.00,1.00,1001.00,41.82,0.00,0.00
252806082,Cowra (AUS) 18th Jan,To Be Placed,18-01-2026 06:00,73755163,12. Acheson,1,5.58637757,1.0000,3.1343,1.00,1001.00,1.00,1001.00,227.42,0.00,0.00
252851246,Burnie (AUS) 18th Jan,To Be Placed,18-01-2026 05:14,36120673,6. Horrie Otara,1,1.84095762,1.0000,1.6150,1.00,1001.00,1.00,1001.00,464.08,0.00,0.00
252809383,Mount Barker (AUS) 18th Jan,To Be Placed,18-01-2026 06:35,32834733,5. Belle Journee,0,2.02680629,1.0000,1.7790,1.00,1001.00,1.00,1001.00,1098.34,0.00,0.00
252806085,Cowra (AUS) 18th Jan,To Be Placed,18-01-2026 06:40,52176054,3. Fox Appeal,0,1.79000000,1.0000,1.4300,1.00,1001.00,1.00,1001.00,1492.53,0.00,0.00
252809383,Mount Barker (AUS) 18th Jan,To Be Placed,18-01-2026 06:35,66826629,3. Pure Chino,0,2.91163896,1.0000,2.2057,1.00,1001.00,1.00,1001.00,427.04,0.00,0.00
252851254,Burnie (AUS) 18th Jan,To Be Placed,18-01-2026 07:21,73412799,1. Post Keg,1,1.22129001,1.0000,1.2344,1.00,1001.00,1.00,1001.00,740.70,0.00,0.00
252809355,Wangaratta (AUS) 18th Jan,To Be Placed,18-01-2026 05:55,2123596,12. Three Musketeers,1,2.37457070,1.0000,1.4992,1.00,1001.00,1.00,1001.00,2679.15,0.00,0.00
252851250,Burnie (AUS) 18th Jan,To Be Placed,18-01-2026 06:19,13224972,2. Rocks Roy,1,1.69000000,1.0000,1.6864,1.00,1001.00,1.00,1001.00,488.62,0.00,0.00
252809383,Mount Barker (AUS) 18th Jan,To Be Placed,18-01-2026 06:35,56645520,1. Super Romani,0,2.16000000,1.0000,1.7934,1.00,1001.00,1.00,1001.00,909.92,0.00,0.00
252809307,Wangaratta (AUS) 18th Jan,To Be Placed,18-01-2026 02:35,93871562,6. King Kauffo,0,2.95982905,1.0000,2.1892,1.00,1001.00,1.00,1001.00,427.61,0.00,0.00
252806073,Cowra (AUS) 18th Jan,To Be Placed,18-01-2026 04:05,225804,9. Simply Better,0,13.50000000,1.0000,5.3650,1.00,1001.00,1.00,1001.00,118.79,0.00,0.00
252851248,Burnie (AUS) 18th Jan,To Be Placed,18-01-2026 05:44,23055457,7. Smooth Deal,0,4.20000000,1.0000,2.0596,1.00,1001.00,1.00,1001.00,26.84,0.00,0.00
252806107,Stony Creek (AUS) 18th Jan,To Be Placed,18-01-2026 04:00,93871650,8. Farnanheit,1,1.24546009,1.0000,1.1482,1.00,1001.00,1.00,1001.00,3591.59,0.00,0.00
252806114,Stony Creek (AUS) 18th Jan,To Be Placed,18-01-2026 04:35,93871655,10. Rebillyous,0,16.09092260,1.0000,9.9552,1.00,1001.00,1.00,1001.00,348.14,0.00,0.00
252851248,Burnie (AUS) 18th Jan,To Be Placed,18-01-2026 05:44,69162532,4. Online Model,1,1.95000000,1.0000,2.1001,1.00,1001.00,1.00,1001.00,1835.31,0.00,0.00
252852588,Cranbourne (AUS) 18th Jan,To Be Placed,18-01-2026 06:57,93827533,9. Million Dollar Mav,0,10.03977317,1.0000,3.3932,1.00,1001.00,1.00,1001.00,10.00,0.00,0.00
252806058,Armidale (AUS) 18th Jan,To Be Placed,18-01-2026 05:35,49513406,6. Big Short,0,3.20812734,1.0000,1.8345,1.00,1001.00,1.00,1001.00,132.14,0.00,0.00
252806085,Cowra (AUS) 18th Jan,To Be Placed,18-01-2026 06:40,38708057,1. Knifes Edge,0,7.79284474,1.0000,5.1373,1.00,1001.00,1.00,1001.00,457.90,0.00,0.00
252852592,Cranbourne (AUS) 18th Jan,To Be Placed,18-01-2026 08:12,77769457,2. Colorado Girl,0,4.70000000,1.0000,3.5633,1.00,1001.00,1.00,1001.00,80.55,0.00,0.00
252851246,Burnie (AUS) 18th Jan,To Be Placed,18-01-2026 05:14,84402222,1. Outback Rock,1,1.72667129,1.0000,1.5619,1.00,1001.00,1.00,1001.00,591.52,0.00,0.00
252811275,Hobart (AUS) 18th Jan,To Be Placed,18-01-2026 02:45,93826762,10. White Star Suzie,0,2.42000000,1.0000,2.0811,1.00,1001.00,1.00,1001.00,1021.85,0.00,0.00
252852594,Cranbourne (AUS) 18th Jan,To Be Placed,18-01-2026 08:44,49711269,2. Bona Khan,0,2.72000000,1.0000,1.9492,1.00,1001.00,1.00,1001.00,91.22,0.00,0.00
252852602,Cranbourne (AUS) 18th Jan,To Be Placed,18-01-2026 11:22,74301791,2. Caledonian Ranger,0,1.61000000,1.0000,1.0000,1.00,1001.00,1.00,1001.00,0.00,0.00,0.00
252806085,Cowra (AUS) 18th Jan,To Be Placed,18-01-2026 06:40,46675579,5. Mathrin,1,9.40000000,1.0000,2.8915,1.00,1001.00,1.00,1001.00,23.98,0.00,0.00
252806114,Stony Creek (AUS) 18th Jan,To Be Placed,18-01-2026 04:35,92743896,11. Stewart,1,2.32000000,1.0000,1.9803,1.00,1001.00,1.00,1001.00,1229.14,0.00,0.00
252851242,Burnie (AUS) 18th Jan,To Be Placed,18-01-2026 04:09,93178025,2. Dancinwivjolene,0,5.34338780,1.0000,5.3606,1.00,1001.00,1.00,1001.00,201.72,0.00,0.00
252809355,Wangaratta (AUS) 18th Jan,To Be Placed,18-01-2026 05:55,44965912,4. Star Buyer,0,6.00000000,1.0000,4.2889,1.00,1001.00,1.00,1001.00,680.58,0.00,0.00
252851248,Burnie (AUS) 18th Jan,To Be Placed,18-01-2026 05:44,27046899,10. Oneofthelads,0,8.43513974,1.0000,6.0250,1.00,1001.00,1.00,1001.00,36.11,0.00,0.00
252811275,Hobart (AUS) 18th Jan,To Be Placed,18-01-2026 02:45,93206107,11. Da Silver Flash,0,3.55000000,1.0000,2.6734,1.00,1001.00,1.00,1001.00,528.88,0.00,0.00
252809315,Wangaratta (AUS) 18th Jan,To Be Placed,18-01-2026 03:10,93871569,2. Bottas,0,6.00000000,1.0000,4.2685,1.00,1001.00,1.00,1001.00,409.66,0.00,0.00
252806076,Cowra (AUS) 18th Jan,To Be Placed,18-01-2026 04:40,61371314,10. Soho Sushi,1,2.48000000,1.0000,1.6581,1.00,1001.00,1.00,1001.00,643.23,0.00,0.00
252806135,Stony Creek (AUS) 18th Jan,To Be Placed,18-01-2026 06:10,68638324,11. Broadfield,0,16.74730636,1.0000,9.8896,1.00,1001.00,1.00,1001.00,167.66,0.00,0.00
252851250,Burnie (AUS) 18th Jan,To Be Placed,18-01-2026 06:19,67506578,6. Wazza,1,3.80000000,1.0000,,1.00,1001.00,1.00,1001.00,14.66,0.00,0.00
252809363,Wangaratta (AUS) 18th Jan,To Be Placed,18-01-2026 06:25,62660995,4. Quamby,0,6.40000000,1.0000,3.2918,1.00,1001.00,1.00,1001.00,246.73,0.00,0.00
252806046,Armidale (AUS) 18th Jan,To Be Placed,18-01-2026 03:05,52900455,5. Sir Zino,0,8.44610986,1.0000,2.3821,1.00,1001.00,1.00,1001.00,57.96,0.00,0.00
252809307,Wangaratta (AUS) 18th Jan,To Be Placed,18-01-2026 02:35,908260,8. Where Eagles Dare,0,1.67792071,1.0000,1.4933,1.00,1001.00,1.00,1001.00,1151.76,0.00,0.00
252806079,Cowra (AUS) 18th Jan,To Be Placed,18-01-2026 05:20,93871535,13. Press Gaze,0,2.28000000,1.0000,1.8271,1.00,1001.00,1.00,1001.00,270.08,0.00,0.00
252806093,Stony Creek (AUS) 18th Jan,To Be Placed,18-01-2026 02:50,302212,7. Montana Rose,0,2.97819729,1.0000,1.9030,1.00,1001.00,1.00,1001.00,847.96,0.00,0.00
252809403,Mount Barker (AUS) 18th Jan,To Be Placed,18-01-2026 09:30,81223939,5. Warralea Lass,0,11.50000000,1.0000,6.6478,1.00,1001.00,1.00,1001.00,265.85,0.00,0.00
252809339,Wangaratta (AUS) 18th Jan,To Be Placed,18-01-2026 04:59,42010798,9. Mojo Music,0,8.77718328,1.0000,4.9165,1.00,1001.00,1.00,1001.00,469.07,0.00,0.00
252852602,Cranbourne (AUS) 18th Jan,To Be Placed,18-01-2026 11:22,76098503,4. Cheys Angel,0,1.94000000,1.0000,1.0000,1.00,1001.00,1.00,1001.00,0.00,0.00,0.00
252806082,Cowra (AUS) 18th Jan,To Be Placed,18-01-2026 06:00,93871540,17. Magic Bertie,0,63.62809962,1.0000,6.8823,1.00,1001.00,1.00,1001.00,37.90,0.00,0.00
252806100,Stony Creek (AUS) 18th Jan,To Be Placed,18-01-2026 03:25,63324922,5. Mariners Dream,0,13.50000000,1.0000,10.7577,1.00,1001.00,1.00,1001.00,50.07,0.00,0.00
252806079,Cowra (AUS) 18th Jan,To Be Placed,18-01-2026 05:20,72478719,9. Xaphan,0,13.22647806,1.0000,9.0767,1.00,1001.00,1.00,1001.00,118.26,0.00,0.00
252852596,Cranbourne (AUS) 18th Jan,To Be Placed,18-01-2026 09:19,83051758,1. Rattle My Cage,0,36.00000000,1.0000,9.9859,1.00,1001.00,1.00,1001.00,1.42,0.00,0.00
252809399,Mount Barker (AUS) 18th Jan,To Be Placed,18-01-2026 08:55,3150273,10. Tacito,0,28.87964800,1.0000,8.7289,1.00,1001.00,1.00,1001.00,215.01,0.00,0.00
252806058,Armidale (AUS) 18th Jan,To Be Placed,18-01-2026 05:35,53184303,9. Set To Prophet,1,1.96000000,1.0000,1.6677,1.00,1001.00,1.00,1001.00,287.84,0.00,0.00
252806073,Cowra (AUS) 18th Jan,To Be Placed,18-01-2026 04:05,36136412,8. Can Do It,1,5.10000000,1.0000,2.5517,1.00,1001.00,1.00,1001.00,162.56,0.00,0.00
252851254,Burnie (AUS) 18th Jan,To Be Placed,18-01-2026 07:21,23893981,8. Jeremy Wells,1,2.00000000,1.0000,2.0241,1.00,1001.00,1.00,1001.00,97.95,0.00,0.00
252811269,Hobart (AUS) 18th Jan,To Be Placed,18-01-2026 02:11,93826753,11. Geegees Mercedes,0,2.38218602,1.0000,1.7715,1.00,1001.00,1.00,1001.00,526.74,0.00,0.00
252806070,Cowra (AUS) 18th Jan,To Be Placed,18-01-2026 03:30,27101561,9. Pallene,0,108.88466000,1.0000,33.0071,1.00,1001.00,1.00,1001.00,100.40,0.00,0.00
252806073,Cowra (AUS) 18th Jan,To Be Placed,18-01-2026 04:05,69967614,7. Our Little Star,1,2.04000000,1.0000,1.4207,1.00,1001.00,1.00,1001.00,409.62,0.00,0.00
252806067,Cowra (AUS) 18th Jan,To Be Placed,18-01-2026 02:20,81812463,9. French Harp,0,6.00000000,1.0000,4.5920,1.00,1001.00,1.00,1001.00,235.34,0.00,0.00
252809391,Mount Barker (AUS) 18th Jan,To Be Placed,18-01-2026 07:50,63610260,1. King Cartel,1,2.16338911,1.0000,1.8265,1.00,1001.00,1.00,1001.00,707.83,0.00,0.00
252852592,Cranbourne (AUS) 18th Jan,To Be Placed,18-01-2026 08:12,919877,9. Love A Belle,1,1.94000000,1.0000,1.0444,1.00,1001.00,1.00,1001.00,154.78,0.00,0.00
252806061,Armidale (AUS) 18th Jan,To Be Placed,18-01-2026 06:15,66069586,2. Ensign Parker,0,2.07548502,1.0000,1.0742,1.00,1001.00,1.00,1001.00,378.22,0.00,0.00
252809375,Mount Barker (AUS) 18th Jan,To Be Placed,18-01-2026 05:30,93871839,16. Hey True Blue,0,7.00000000,1.0000,2.5947,1.00,1001.00,1.00,1001.00,116.83,0.00,0.00
252851250,Burnie (AUS) 18th Jan,To Be Placed,18-01-2026 06:19,28459749,4. Puntarno Stride,0,2.97885023,1.0000,1.4172,1.00,1001.00,1.00,1001.00,35.96,0.00,0.00
252806046,Armidale (AUS) 18th Jan,To Be Placed,18-01-2026 03:05,93870864,10. Redadel,0,6.20000000,1.0000,1.4067,1.00,1001.00,1.00,1001.00,51.42,0.00,0.00
252806043,Armidale (AUS) 18th Jan,To Be Placed,18-01-2026 02:30,93870861,3. Protectionism,0,2.20000000,1.0000,1.1298,1.00,1001.00,1.00,1001.00,342.31,0.00,0.00
252852598,Cranbourne (AUS) 18th Jan,To Be Placed,18-01-2026 10:20,93827537,1. Huru,0,8.37279847,1.0000,6.5883,1.00,1001.00,1.00,1001.00,75.73,0.00,0.00
252809391,Mount Barker (AUS) 18th Jan,To Be Placed,18-01-2026 07:50,6943044,8. Brave Apache,0,2.42892151,1.0000,1.8678,1.00,1001.00,1.00,1001.00,483.68,0.00,0.00
252806046,Armidale (AUS) 18th Jan,To Be Placed,18-01-2026 03:05,73719686,1. Firealarm,0,11.50000000,1.0000,6.4676,1.00,1001.00,1.00,1001.00,149.64,0.00,0.00
252811311,Hobart (AUS) 18th Jan,To Be Placed,18-01-2026 06:30,93826778,12. Angel Sphere,0,5.65130116,1.0000,3.5479,1.00,1001.00,1.00,1001.00,822.44,0.00,0.00
252851248,Burnie (AUS) 18th Jan,To Be Placed,18-01-2026 05:44,41409065,5. Twilight Beach,0,1.90351843,1.0000,1.4769,1.00,1001.00,1.00,1001.00,285.38,0.00,0.00
252809315,Wangaratta (AUS) 18th Jan,To Be Placed,18-01-2026 03:10,93871574,7. Iced Poppy,1,1.82743461,1.0000,1.6199,1.00,1001.00,1.00,1001.00,1494.63,0.00,0.00
252806043,Armidale (AUS) 18th Jan,To Be Placed,18-01-2026 02:30,86057026,9. Sorutal,0,3.65000000,1.0000,1.4976,1.00,1001.00,1.00,1001.00,136.09,0.00,0.00
252851254,Burnie (AUS) 18th Jan,To Be Placed,18-01-2026 07:21,57306236,4. Harrys Deal,0,4.77912605,1.0000,2.5803,1.00,1001.00,1.00,1001.00,33.96,0.00,0.00
252852602,Cranbourne (AUS) 18th Jan,To Be Placed,18-01-2026 11:22,40297458,7. Ima Charma,1,5.00000000,1.0000,1.0000,1.00,1001.00,1.00,1001.00,0.00,0.00,0.00
252809391,Mount Barker (AUS) 18th Jan,To Be Placed,18-01-2026 07:50,93871846,10. Crystalist,1,3.40000000,1.0000,2.1845,1.00,1001.00,1.00,1001.00,285.44,0.00,0.00
252809339,Wangaratta (AUS) 18th Jan,To Be Placed,18-01-2026 04:59,69576800,12. Grinzinger Pod,0,1.77380513,1.0000,1.6082,1.00,1001.00,1.00,1001.00,1920.96,0.00,0.00
252852598,Cranbourne (AUS) 18th Jan,To Be Placed,18-01-2026 10:20,70929449,2. Jackofalltrades,0,10.00000000,1.0000,7.1802,1.00,1001.00,1.00,1001.00,108.52,0.00,0.00
252851242,Burnie (AUS) 18th Jan,To Be Placed,18-01-2026 04:09,22268832,8. Dazzle Me,1,1.68000000,1.0000,1.1489,1.00,1001.00,1.00,1001.00,136.00,0.00,0.00
252806093,Stony Creek (AUS) 18th Jan,To Be Placed,18-01-2026 02:50,91485452,3. Saxon Blood,1,3.45000000,1.0000,1.4981,1.00,1001.00,1.00,1001.00,298.52,0.00,0.00
252809323,Wangaratta (AUS) 18th Jan,To Be Placed,18-01-2026 03:45,77688129,4. Speed Of Gold,0,6.80000000,1.0000,4.0245,1.00,1001.00,1.00,1001.00,383.53,0.00,0.00
252806128,Stony Creek (AUS) 18th Jan,To Be Placed,18-01-2026 05:40,60304829,5. Marlin,0,26.00000000,1.0000,5.6661,1.00,1001.00,1.00,1001.00,186.05,0.00,0.00
252852602,Cranbourne (AUS) 18th Jan,To Be Placed,18-01-2026 11:22,69610032,3. Jilliby Selwood,0,4.80000000,1.0000,1.0000,1.00,1001.00,1.00,1001.00,0.00,0.00,0.00
252809339,Wangaratta (AUS) 18th Jan,To Be Placed,18-01-2026 04:59,85251002,16. Olatunde,1,2.39522164,1.0000,2.0155,1.00,1001.00,1.00,1001.00,2320.14,0.00,0.00
252806107,Stony Creek (AUS) 18th Jan,To Be Placed,18-01-2026 04:00,93871652,12. Reelness,0,13.43204181,1.0000,6.2259,1.00,1001.00,1.00,1001.00,112.42,0.00,0.00
252809395,Mount Barker (AUS) 18th Jan,To Be Placed,18-01-2026 08:20,91808580,14. The Mighty Butch,0,11.64916699,1.0000,9.8721,1.00,1001.00,1.00,1001.00,881.79,0.00,0.00
252851248,Burnie (AUS) 18th Jan,To Be Placed,18-01-2026 05:44,55572105,3. Rock The Tableau,0,5.28423529,1.0000,1.9924,1.00,1001.00,1.00,1001.00,17.96,0.00,0.00
252806055,Armidale (AUS) 18th Jan,To Be Placed,18-01-2026 04:55,85505550,10. Heavenly Az,1,3.35000000,1.0000,1.4753,1.00,1001.00,1.00,1001.00,234.04,0.00,0.00
252809363,Wangaratta (AUS) 18th Jan,To Be Placed,18-01-2026 06:25,93871620,14. Touxlove,0,6.29379390,1.0000,5.0210,1.00,1001.00,1.00,1001.00,648.90,0.00,0.00
252811293,Hobart (AUS) 18th Jan,To Be Placed,18-01-2026 04:30,78714163,11. Miss Niagara,0,24.00000000,1.0000,14.5398,1.00,1001.00,1.00,1001.00,108.64,0.00,0.00
252811299,Hobart (AUS) 18th Jan,To Be Placed,18-01-2026 05:05,93826769,1. Geegees Missile,0,1.75000000,1.0000,1.4185,1.00,1001.00,1.00,1001.00,1621.62,0.00,0.00
252806135,Stony Creek (AUS) 18th Jan,To Be Placed,18-01-2026 06:10,5889744,2. Tight Grip,0,1.75405330,1.0000,1.5358,1.00,1001.00,1.00,1001.00,2238.40,0.00,0.00
252806070,Cowra (AUS) 18th Jan,To Be Placed,18-01-2026 03:30,91157722,10. Vicious Rumour,1,1.82895695,1.0000,1.6211,1.00,1001.00,1.00,1001.00,348.69,0.00,0.00
252809307,Wangaratta (AUS) 18th Jan,To Be Placed,18-01-2026 02:35,91158735,10. Dejavast,0,161.51120517,1.0000,40.3022,1.00,1001.00,1.00,1001.00,35.87,0.00,0.00
252809371,Mount Barker (AUS) 18th Jan,To Be Placed,18-01-2026 05:00,92460585,8. Tapitlikeitssassy,0,15.78229782,1.0000,10.7000,1.00,1001.00,1.00,1001.00,359.18,0.00,0.00
252809355,Wangaratta (AUS) 18th Jan,To Be Placed,18-01-2026 05:55,75481126,11. Moonbird,0,23.61644942,1.0000,16.1281,1.00,1001.00,1.00,1001.00,294.68,0.00,0.00
252806067,Cowra (AUS) 18th Jan,To Be Placed,18-01-2026 02:20,93871513,2. Brave Attack,0,12.55344092,1.0000,7.4034,1.00,1001.00,1.00,1001.00,193.14,0.00,0.00
252811275,Hobart (AUS) 18th Jan,To Be Placed,18-01-2026 02:45,61069015,15. Infringement,0,4.09058971,1.0000,3.7503,1.00,1001.00,1.00,1001.00,732.55,0.00,0.00
252811281,Hobart (AUS) 18th Jan,To Be Placed,18-01-2026 03:20,68674040,8. Queen Of Malwa,1,1.54699616,1.0000,1.1945,1.00,1001.00,1.00,1001.00,739.72,0.00,0.00
252852596,Cranbourne (AUS) 18th Jan,To Be Placed,18-01-2026 09:19,70600700,7. Im Above The Law,1,2.48010536,1.0000,1.6328,1.00,1001.00,1.00,1001.00,153.93,0.00,0.00
252809399,Mount Barker (AUS) 18th Jan,To Be Placed,18-01-2026 08:55,6368651,2. Wild Imagination,0,10.50000000,1.0000,6.9986,1.00,1001.00,1.00,1001.00,183.86,0.00,0.00
252811269,Hobart (AUS) 18th Jan,To Be Placed,18-01-2026 02:11,93826750,7. Upheaval,1,8.00000000,1.0000,7.1892,1.00,1001.00,1.00,1001.00,859.38,0.00,0.00
252811305,Hobart (AUS) 18th Jan,To Be Placed,18-01-2026 05:50,93826775,11. Blonde Star,0,2.77327556,1.0000,2.1837,1.00,1001.00,1.00,1001.00,879.87,0.00,0.00
252852598,Cranbourne (AUS) 18th Jan,To Be Placed,18-01-2026 10:20,60415819,6. Against The Bridle,0,2.20121270,1.0000,1.9927,1.00,1001.00,1.00,1001.00,480.86,0.00,0.00
252806100,Stony Creek (AUS) 18th Jan,To Be Placed,18-01-2026 03:25,85282948,1. Always Shining,0,1.96271643,1.0000,1.5996,1.00,1001.00,1.00,1001.00,528.16,0.00,0.00
252806049,Armidale (AUS) 18th Jan,To Be Placed,18-01-2026 03:40,88733156,2. Crashmyplaya,1,1.34286402,1.0000,1.2710,1.00,1001.00,1.00,1001.00,725.04,0.00,0.00
252809375,Mount Barker (AUS) 18th Jan,To Be Placed,18-01-2026 05:30,86011245,3. Lash Out,0,1.69000000,1.0000,1.4998,1.00,1001.00,1.00,1001.00,1697.68,0.00,0.00
252809387,Mount Barker (AUS) 18th Jan,To Be Placed,18-01-2026 07:15,65558555,11. Im That Girl,0,9.00000000,1.0000,4.8160,1.00,1001.00,1.00,1001.00,293.87,0.00,0.00
252811311,Hobart (AUS) 18th Jan,To Be Placed,18-01-2026 06:30,66294971,6. First Line,1,5.40000000,1.0000,2.7724,1.00,1001.00,1.00,1001.00,429.40,0.00,0.00
252851244,Burnie (AUS) 18th Jan,To Be Placed,18-01-2026 04:44,81190704,3. Hammering Seas,0,9.19693660,1.0000,2.9885,1.00,1001.00,1.00,1001.00,175.61,0.00,0.00
252809383,Mount Barker (AUS) 18th Jan,To Be Placed,18-01-2026 06:35,17204792,10. Zackariah Beau,0,16.50000000,1.0000,6.2216,1.00,1001.00,1.00,1001.00,116.26,0.00,0.00
252809395,Mount Barker (AUS) 18th Jan,To Be Placed,18-01-2026 08:20,63052251,7. Imapagethree Girl,0,1.81000000,1.0000,1.6280,1.00,1001.00,1.00,1001.00,857.55,0.00,0.00
252811293,Hobart (AUS) 18th Jan,To Be Placed,18-01-2026 04:30,57377006,8. Steel Mist,0,11.00000000,1.0000,4.5684,1.00,1001.00,1.00,1001.00,185.33,0.00,0.00
252809395,Mount Barker (AUS) 18th Jan,To Be Placed,18-01-2026 08:20,43528275,9. Vonsnip,0,7.40000000,1.0000,6.0199,1.00,1001.00,1.00,1001.00,367.68,0.00,0.00
252851252,Burnie (AUS) 18th Jan,To Be Placed,18-01-2026 06:50,64811465,7. Zara Tindall,0,4.90000000,1.0000,2.4931,1.00,1001.00,1.00,1001.00,173.36,0.00,0.00
252852594,Cranbourne (AUS) 18th Jan,To Be Placed,18-01-2026 08:44,23815526,4. Caledonian Terra,0,2.44000000,1.0000,2.4065,1.00,1001.00,1.00,1001.00,46.60,0.00,0.00
252809371,Mount Barker (AUS) 18th Jan,To Be Placed,18-01-2026 05:00,92967105,14. Huhtamaki,1,2.63667847,1.0000,2.0514,1.00,1001.00,1.00,1001.00,523.15,0.00,0.00
252809399,Mount Barker (AUS) 18th Jan,To Be Placed,18-01-2026 08:55,74039853,12. Wineaclocksumwhere,1,2.50385597,1.0000,2.1656,1.00,1001.00,1.00,1001.00,1212.92,0.00,0.00
252809395,Mount Barker (AUS) 18th Jan,To Be Placed,18-01-2026 08:20,92460594,13. Safe Rappa,0,36.86414125,1.0000,20.9593,1.00,1001.00,1.00,1001.00,167.10,0.00,0.00
252852592,Cranbourne (AUS) 18th Jan,To Be Placed,18-01-2026 08:12,88112049,4. The Blazinboots,0,2.18000000,1.0000,1.7861,1.00,1001.00,1.00,1001.00,55.54,0.00,0.00
252806049,Armidale (AUS) 18th Jan,To Be Placed,18-01-2026 03:40,73137876,1. Clever Illusion,0,5.82205814,1.0000,2.7167,1.00,1001.00,1.00,1001.00,146.68,0.00,0.00
252811281,Hobart (AUS) 18th Jan,To Be Placed,18-01-2026 03:20,79257788,7. Global Awareness,0,1.83964626,1.0000,1.6816,1.00,1001.00,1.00,1001.00,897.70,0.00,0.00
252811281,Hobart (AUS) 18th Jan,To Be Placed,18-01-2026 03:20,84696207,4. Steele My Sunshine,0,3.63256109,1.0000,2.3641,1.00,1001.00,1.00,1001.00,361.78,0.00,0.00
252806049,Armidale (AUS) 18th Jan,To Be Placed,18-01-2026 03:40,68825609,3. Invinciboo,1,1.42040163,1.0000,1.3280,1.00,1001.00,1.00,1001.00,1133.70,0.00,0.00
252809391,Mount Barker (AUS) 18th Jan,To Be Placed,18-01-2026 07:50,51958129,2. Oracle Son,0,3.44547272,1.0000,1.9899,1.00,1001.00,1.00,1001.00,238.28,0.00,0.00
252809383,Mount Barker (AUS) 18th Jan,To Be Placed,18-01-2026 06:35,41398728,4. Duchees Demerit,1,3.85000000,1.0000,2.4638,1.00,1001.00,1.00,1001.00,328.20,0.00,0.00
252811269,Hobart (AUS) 18th Jan,To Be Placed,18-01-2026 02:11,92160981,4. Lawrenny Boys,0,1.80000000,1.0000,1.7463,1.00,1001.00,1.00,1001.00,717.81,0.00,0.00
252809363,Wangaratta (AUS) 18th Jan,To Be Placed,18-01-2026 06:25,79562413,3. Torn,1,2.63627520,1.0000,2.1028,1.00,1001.00,1.00,1001.00,2016.59,0.00,0.00
252811287,Hobart (AUS) 18th Jan,To Be Placed,18-01-2026 03:55,51177795,5. Popilita,0,6.40000000,1.0000,4.7423,1.00,1001.00,1.00,1001.00,507.24,0.00,0.00
252811305,Hobart (AUS) 18th Jan,To Be Placed,18-01-2026 05:50,49297288,6. Distrustful Award,0,9.81679209,1.0000,5.0122,1.00,1001.00,1.00,1001.00,664.38,0.00,0.00
252852590,Cranbourne (AUS) 18th Jan,To Be Placed,18-01-2026 07:39,2567456,8. Precious Belle,0,2.30000000,1.0000,1.9090,1.00,1001.00,1.00,1001.00,119.04,0.00,0.00
252852594,Cranbourne (AUS) 18th Jan,To Be Placed,18-01-2026 08:44,80570114,1. Ears The Boss,0,3.25000000,1.0000,1.7761,1.00,1001.00,1.00,1001.00,26.64,0.00,0.00
252811275,Hobart (AUS) 18th Jan,To Be Placed,18-01-2026 02:45,93826764,13. Littlemissallsorts,0,11.00000000,1.0000,7.6131,1.00,1001.00,1.00,1001.00,328.35,0.00,0.00
252806064,Cowra (AUS) 18th Jan,To Be Placed,18-01-2026 01:45,70205732,5. The Rose Dragon,0,31.30089103,1.0000,21.2831,1.00,1001.00,1.00,1001.00,40.40,0.00,0.00
252811275,Hobart (AUS) 18th Jan,To Be Placed,18-01-2026 02:45,93826761,9. Seditious Award,0,2.82630884,1.0000,2.5078,1.00,1001.00,1.00,1001.00,1010.89,0.00,0.00
252852596,Cranbourne (AUS) 18th Jan,To Be Placed,18-01-2026 09:19,1093671,3. April Sun,0,5.10000000,1.0000,1.8246,1.00,1001.00,1.00,1001.00,90.78,0.00,0.00
252809323,Wangaratta (AUS) 18th Jan,To Be Placed,18-01-2026 03:45,93871584,6. Without Fail,0,4.10000000,1.0000,3.1422,1.00,1001.00,1.00,1001.00,345.50,0.00,0.00
252809363,Wangaratta (AUS) 18th Jan,To Be Placed,18-01-2026 06:25,2490508,9. Bellman,0,6.20000000,1.0000,3.0199,1.00,1001.00,1.00,1001.00,441.32,0.00,0.00
252806085,Cowra (AUS) 18th Jan,To Be Placed,18-01-2026 06:40,67855561,8. Shadow Dane,1,3.86314252,1.0000,1.8833,1.00,1001.00,1.00,1001.00,415.82,0.00,0.00
252809399,Mount Barker (AUS) 18th Jan,To Be Placed,18-01-2026 08:55,93871850,7. Timeless Gem,0,1.86309134,1.0000,1.5494,1.00,1001.00,1.00,1001.00,1589.77,0.00,0.00
252806067,Cowra (AUS) 18th Jan,To Be Placed,18-01-2026 02:20,93871516,7. Arwa Miss,0,27.41989373,1.0000,8.9402,1.00,1001.00,1.00,1001.00,70.41,0.00,0.00
252811275,Hobart (AUS) 18th Jan,To Be Placed,18-01-2026 02:45,93826765,16. Miss Mabel,0,113.47663045,1.0000,28.5981,1.00,1001.00,1.00,1001.00,59.52,0.00,0.00
252806064,Cowra (AUS) 18th Jan,To Be Placed,18-01-2026 01:45,1223619,1. Recognition,0,7.00000000,1.0000,6.4738,1.00,1001.00,1.00,1001.00,674.88,0.00,0.00
252851252,Burnie (AUS) 18th Jan,To Be Placed,18-01-2026 06:50,41298421,2. Maebee,1,1.41803073,1.0000,1.3891,1.00,1001.00,1.00,1001.00,753.91,0.00,0.00
252809315,Wangaratta (AUS) 18th Jan,To Be Placed,18-01-2026 03:10,92996998,16. Sweet Armani,0,3.95000000,1.0000,3.6948,1.00,1001.00,1.00,1001.00,330.72,0.00,0.00
252809331,Wangaratta (AUS) 18th Jan,To Be Placed,18-01-2026 04:20,3595257,9. Big Star,1,1.65000000,1.0000,1.5532,1.00,1001.00,1.00,1001.00,1230.85,0.00,0.00
252809307,Wangaratta (AUS) 18th Jan,To Be Placed,18-01-2026 02:35,83605138,1. All The Moves,1,4.08601560,1.0000,3.8409,1.00,1001.00,1.00,1001.00,468.38,0.00,0.00
252806058,Armidale (AUS) 18th Jan,To Be Placed,18-01-2026 05:35,64721278,1. Dark Chill,0,3.60000000,1.0000,2.2588,1.00,1001.00,1.00,1001.00,55.94,0.00,0.00
252806135,Stony Creek (AUS) 18th Jan,To Be Placed,18-01-2026 06:10,93871662,15. Kyokushin,1,2.35615539,1.0000,1.9364,1.00,1001.00,1.00,1001.00,1937.53,0.00,0.00
252809315,Wangaratta (AUS) 18th Jan,To Be Placed,18-01-2026 03:10,93871570,3. Brilliant Bull Ant,0,8.60000000,1.0000,4.9360,1.00,1001.00,1.00,1001.00,844.82,0.00,0.00
252809375,Mount Barker (AUS) 18th Jan,To Be Placed,18-01-2026 05:30,93871838,14. Superb Vintage,0,17.76038105,1.0000,5.8851,1.00,1001.00,1.00,1001.00,99.86,0.00,0.00
252806082,Cowra (AUS) 18th Jan,To Be Placed,18-01-2026 06:00,91390721,14. Vis I Do,0,4.02069061,1.0000,1.7856,1.00,1001.00,1.00,1001.00,482.58,0.00,0.00
252806076,Cowra (AUS) 18th Jan,To Be Placed,18-01-2026 04:40,82115882,7. Railway Avenue,0,4.24005818,1.0000,1.6801,1.00,1001.00,1.00,1001.00,87.92,0.00,0.00
252806058,Armidale (AUS) 18th Jan,To Be Placed,18-01-2026 05:35,85777891,4. Zelestial,1,2.24000000,1.0000,1.9433,1.00,1001.00,1.00,1001.00,1528.05,0.00,0.00
252806064,Cowra (AUS) 18th Jan,To Be Placed,18-01-2026 01:45,93239515,6. Deeply,1,1.47529385,1.0000,1.2294,1.00,1001.00,1.00,1001.00,3443.98,0.00,0.00
252852594,Cranbourne (AUS) 18th Jan,To Be Placed,18-01-2026 08:44,6327182,6. Swiss Lightning,0,6.61920980,1.0000,4.3963,1.00,1001.00,1.00,1001.00,64.22,0.00,0.00
252811281,Hobart (AUS) 18th Jan,To Be Placed,18-01-2026 03:20,90799081,2. Coal River,1,1.37000000,1.0000,1.1670,1.00,1001.00,1.00,1001.00,930.39,0.00,0.00
252806076,Cowra (AUS) 18th Jan,To Be Placed,18-01-2026 04:40,50902997,8. Onya Lional,0,2.66000000,1.0000,1.6859,1.00,1001.00,1.00,1001.00,223.84,0.00,0.00
252852594,Cranbourne (AUS) 18th Jan,To Be Placed,18-01-2026 08:44,81519863,3. Havadash Joh,1,3.00000000,1.0000,2.7625,1.00,1001.00,1.00,1001.00,766.75,0.00,0.00
252809387,Mount Barker (AUS) 18th Jan,To Be Placed,18-01-2026 07:15,78690627,12. Fuzzybox,0,19.21216298,1.0000,5.4834,1.00,1001.00,1.00,1001.00,239.74,0.00,0.00
252806100,Stony Creek (AUS) 18th Jan,To Be Placed,18-01-2026 03:25,81848565,6. News Travels Fast,1,3.98194776,1.0000,2.9549,1.00,1001.00,1.00,1001.00,531.01,0.00,0.00
252811269,Hobart (AUS) 18th Jan,To Be Placed,18-01-2026 02:11,93826751,8. Miss Delphi,0,60.00000000,1.0000,46.4962,1.00,1001.00,1.00,1001.00,83.18,0.00,0.00
252851254,Burnie (AUS) 18th Jan,To Be Placed,18-01-2026 07:21,90570227,2. Sugar Coat Me,0,1.49000000,1.0000,1.3547,1.00,1001.00,1.00,1001.00,78.78,0.00,0.00
252806061,Armidale (AUS) 18th Jan,To Be Placed,18-01-2026 06:15,44208675,7. La Cache A Vin,1,4.90000000,1.0000,1.0023,1.00,1001.00,1.00,1001.00,143.38,0.00,0.00
252809399,Mount Barker (AUS) 18th Jan,To Be Placed,18-01-2026 08:55,93240260,8. Playing Rio,0,2.35942006,1.0000,1.8460,1.00,1001.00,1.00,1001.00,1397.04,0.00,0.00
252806070,Cowra (AUS) 18th Jan,To Be Placed,18-01-2026 03:30,81435776,6. Nortoko,0,34.00000000,1.0000,24.1534,1.00,1001.00,1.00,1001.00,64.63,0.00,0.00
252809399,Mount Barker (AUS) 18th Jan,To Be Placed,18-01-2026 08:55,52385388,6. Crippalenko,0,13.00000000,1.0000,8.5773,1.00,1001.00,1.00,1001.00,130.43,0.00,0.00
252806082,Cowra (AUS) 18th Jan,To Be Placed,18-01-2026 06:00,93871536,11. Miracle Day,0,9.20000000,1.0000,10.2346,1.00,1001.00,1.00,1001.00,157.60,0.00,0.00
252806088,Cowra (AUS) 18th Jan,To Be Placed,18-01-2026 07:10,92161291,11. Tavijewel,0,6.80000000,1.0000,6.6602,1.00,1001.00,1.00,1001.00,187.97,0.00,0.00
252806058,Armidale (AUS) 18th Jan,To Be Placed,18-01-2026 05:35,69390312,5. Winged,1,1.87803515,1.0000,1.5710,1.00,1001.00,1.00,1001.00,1063.23,0.00,0.00
252806135,Stony Creek (AUS) 18th Jan,To Be Placed,18-01-2026 06:10,93496811,8. Neck High,0,6.00581602,1.0000,3.1751,1.00,1001.00,1.00,1001.00,589.00,0.00,0.00
252809391,Mount Barker (AUS) 18th Jan,To Be Placed,18-01-2026 07:50,93871845,9. Purple Circle,0,3.29864802,1.0000,2.5268,1.00,1001.00,1.00,1001.00,571.17,0.00,0.00
252809307,Wangaratta (AUS) 18th Jan,To Be Placed,18-01-2026 02:35,90009217,3. Sasterion,0,6.00000000,1.0000,3.3899,1.00,1001.00,1.00,1001.00,156.61,0.00,0.00
252809387,Mount Barker (AUS) 18th Jan,To Be Placed,18-01-2026 07:15,75759205,4. Lady Cabernet,0,27.00000000,1.0000,20.7768,1.00,1001.00,1.00,1001.00,95.72,0.00,0.00
252851252,Burnie (AUS) 18th Jan,To Be Placed,18-01-2026 06:50,4999025,1. My Way,0,2.37246553,1.0000,2.3868,1.00,1001.00,1.00,1001.00,826.94,0.00,0.00
252851254,Burnie (AUS) 18th Jan,To Be Placed,18-01-2026 07:21,38178289,3. Away Game,0,8.43183909,1.0000,4.3547,1.00,1001.00,1.00,1001.00,34.56,0.00,0.00
252811275,Hobart (AUS) 18th Jan,To Be Placed,18-01-2026 02:45,93826766,17. Dad Said Yes,0,40.00000000,1.0000,23.8367,1.00,1001.00,1.00,1001.00,71.19,0.00,0.00
252809315,Wangaratta (AUS) 18th Jan,To Be Placed,18-01-2026 03:10,93871581,15. Illume,0,7.69600295,1.0000,6.5665,1.00,1001.00,1.00,1001.00,1235.90,0.00,0.00
252806082,Cowra (AUS) 18th Jan,To Be Placed,18-01-2026 06:00,64574571,6. Hellinda,1,2.60466180,1.0000,2.2026,1.00,1001.00,1.00,1001.00,346.40,0.00,0.00
252806052,Armidale (AUS) 18th Jan,To Be Placed,18-01-2026 04:15,53486698,2. Arrabbiata,0,1.77000000,1.0000,1.5261,1.00,1001.00,1.00,1001.00,571.59,0.00,0.00
252806079,Cowra (AUS) 18th Jan,To Be Placed,18-01-2026 05:20,68637727,15. Yaels Delight,0,8.45978568,1.0000,4.7600,1.00,1001.00,1.00,1001.00,130.04,0.00,0.00
252851252,Burnie (AUS) 18th Jan,To Be Placed,18-01-2026 06:50,42401921,4. Windy Hanover,0,3.75000000,1.0000,3.4362,1.00,1001.00,1.00,1001.00,317.05,0.00,0.00
252811299,Hobart (AUS) 18th Jan,To Be Placed,18-01-2026 05:05,78463754,2. Prince Of Khatun,1,2.56000000,1.0000,1.4372,1.00,1001.00,1.00,1001.00,791.08,0.00,0.00
252851252,Burnie (AUS) 18th Jan,To Be Placed,18-01-2026 06:50,7259020,8. The Chancer,1,14.00000000,1.0000,8.4476,1.00,1001.00,1.00,1001.00,72.75,0.00,0.00
252806088,Cowra (AUS) 18th Jan,To Be Placed,18-01-2026 07:10,70965909,1. Ceremonious,1,2.81677297,1.0000,2.1078,1.00,1001.00,1.00,1001.00,256.39,0.00,0.00
252852594,Cranbourne (AUS) 18th Jan,To Be Placed,18-01-2026 08:44,21846315,5. Tophut Johny,1,2.13275804,1.0000,1.2444,1.00,1001.00,1.00,1001.00,235.92,0.00,0.00
252809347,Wangaratta (AUS) 18th Jan,To Be Placed,18-01-2026 05:25,93871610,15. Star Of Ida,0,6.80000000,1.0000,5.1133,1.00,1001.00,1.00,1001.00,411.11,0.00,0.00
252806043,Armidale (AUS) 18th Jan,To Be Placed,18-01-2026 02:30,83677130,6. Casino Collection,0,1.78389784,1.0000,1.4376,1.00,1001.00,1.00,1001.00,783.26,0.00,0.00
252806100,Stony Creek (AUS) 18th Jan,To Be Placed,18-01-2026 03:25,79845021,7. Im Mim,0,3.00000000,1.0000,2.1776,1.00,1001.00,1.00,1001.00,369.73,0.00,0.00
252811305,Hobart (AUS) 18th Jan,To Be Placed,18-01-2026 05:50,42471793,4. Kaliuwaa Falls,0,4.20403781,1.0000,2.2094,1.00,1001.00,1.00,1001.00,759.31,0.00,0.00
252852602,Cranbourne (AUS) 18th Jan,To Be Placed,18-01-2026 11:22,42146003,6. Spun Silver,0,40.00000000,1.0000,1.0000,1.00,1001.00,1.00,1001.00,0.00,0.00,0.00
252806043,Armidale (AUS) 18th Jan,To Be Placed,18-01-2026 02:30,93870860,2. Heliophile,1,7.40000000,1.0000,4.3532,1.00,1001.00,1.00,1001.00,223.92,0.00,0.00
252811275,Hobart (AUS) 18th Jan,To Be Placed,18-01-2026 02:45,84982615,3. Gold Tianna,0,4.00000000,1.0000,3.0731,1.00,1001.00,1.00,1001.00,184.17,0.00,0.00
252806052,Armidale (AUS) 18th Jan,To Be Placed,18-01-2026 04:15,92161392,3. Inquisitor,1,1.09909670,1.0000,1.0844,1.00,1001.00,1.00,1001.00,1343.98,0.00,0.00
252809371,Mount Barker (AUS) 18th Jan,To Be Placed,18-01-2026 05:00,93871831,3. Part Time Charlie,0,61.55049230,1.0000,9.9701,1.00,1001.00,1.00,1001.00,114.94,0.00,0.00
252809395,Mount Barker (AUS) 18th Jan,To Be Placed,18-01-2026 08:20,80131293,5. Miss Wall Street,0,7.40000000,1.0000,6.3309,1.00,1001.00,1.00,1001.00,385.79,0.00,0.00
252806107,Stony Creek (AUS) 18th Jan,To Be Placed,18-01-2026 04:00,93871648,6. Sea Warning,1,6.31507969,1.0000,4.7420,1.00,1001.00,1.00,1001.00,631.89,0.00,0.00
252811311,Hobart (AUS) 18th Jan,To Be Placed,18-01-2026 06:30,89623226,10. Geegeeschaser,1,1.54000000,1.0000,1.1922,1.00,1001.00,1.00,1001.00,1270.67,0.00,0.00
252809379,Mount Barker (AUS) 18th Jan,To Be Placed,18-01-2026 06:05,70822170,6. Flash Invader,0,5.94060472,1.0000,2.6993,1.00,1001.00,1.00,1001.00,218.89,0.00,0.00
252806135,Stony Creek (AUS) 18th Jan,To Be Placed,18-01-2026 06:10,85542481,3. Track Patcher,0,3.59511850,1.0000,3.0968,1.00,1001.00,1.00,1001.00,825.35,0.00,0.00
252809371,Mount Barker (AUS) 18th Jan,To Be Placed,18-01-2026 05:00,93871832,4. Unfortunate Lad,0,2.66605357,1.0000,2.3201,1.00,1001.00,1.00,1001.00,469.54,0.00,0.00
252809339,Wangaratta (AUS) 18th Jan,To Be Placed,18-01-2026 04:59,63609301,4. Zemgrinda,1,2.88000000,1.0000,2.3161,1.00,1001.00,1.00,1001.00,1337.90,0.00,0.00
252811305,Hobart (AUS) 18th Jan,To Be Placed,18-01-2026 05:50,24427995,2. Wineglass Bay,1,3.48282043,1.0000,2.3022,1.00,1001.00,1.00,1001.00,1036.65,0.00,0.00
252809387,Mount Barker (AUS) 18th Jan,To Be Placed,18-01-2026 07:15,82278136,6. Sanctions,0,2.88000000,1.0000,2.9355,1.00,1001.00,1.00,1001.00,564.37,0.00,0.00
252809395,Mount Barker (AUS) 18th Jan,To Be Placed,18-01-2026 08:20,2457930,4. Cable Boy,0,3.95000000,1.0000,2.3157,1.00,1001.00,1.00,1001.00,474.22,0.00,0.00
252806067,Cowra (AUS) 18th Jan,To Be Placed,18-01-2026 02:20,93871515,6. Xtrascent,1,1.90000000,1.0000,1.3323,1.00,1001.00,1.00,1001.00,453.23,0.00,0.00
252806058,Armidale (AUS) 18th Jan,To Be Placed,18-01-2026 05:35,45942874,3. Evocator,0,31.46493827,1.0000,25.6452,1.00,1001.00,1.00,1001.00,112.46,0.00,0.00
252806067,Cowra (AUS) 18th Jan,To Be Placed,18-01-2026 02:20,93239814,12. Travelon Dory,0,1.61000000,1.0000,1.2382,1.00,1001.00,1.00,1001.00,279.70,0.00,0.00
252806058,Armidale (AUS) 18th Jan,To Be Placed,18-01-2026 05:35,72641821,2. To Be Frank,0,1.82413560,1.0000,1.5239,1.00,1001.00,1.00,1001.00,1175.01,0.00,0.00
252809387,Mount Barker (AUS) 18th Jan,To Be Placed,18-01-2026 07:15,80131275,8. Lady Coco,1,2.12829438,1.0000,1.8259,1.00,1001.00,1.00,1001.00,1131.17,0.00,0.00
252852590,Cranbourne (AUS) 18th Jan,To Be Placed,18-01-2026 07:39,28013861,2. Millys Prince,0,120.00000000,1.0000,15.4905,1.00,1001.00,1.00,1001.00,1.06,0.00,0.00
252806114,Stony Creek (AUS) 18th Jan,To Be Placed,18-01-2026 04:35,75796983,6. Trak Chiller,1,2.28388172,1.0000,2.0280,1.00,1001.00,1.00,1001.00,1593.38,0.00,0.00
252811269,Hobart (AUS) 18th Jan,To Be Placed,18-01-2026 02:11,93826752,10. Accusaient,0,6.40000000,1.0000,6.0156,1.00,1001.00,1.00,1001.00,486.99,0.00,0.00
252851242,Burnie (AUS) 18th Jan,To Be Placed,18-01-2026 04:09,64739498,6. Mikiyoursofine,1,1.27000000,1.0000,1.1404,1.00,1001.00,1.00,1001.00,8.40,0.00,0.00
252806135,Stony Creek (AUS) 18th Jan,To Be Placed,18-01-2026 06:10,93871660,9. Foggy Bottom,0,63.67456000,1.0000,27.9142,1.00,1001.00,1.00,1001.00,173.20,0.00,0.00
252806088,Cowra (AUS) 18th Jan,To Be Placed,18-01-2026 07:10,93871546,4. Prince Of Arendell,0,42.36876666,1.0000,17.1914,1.00,1001.00,1.00,1001.00,27.48,0.00,0.00
252806067,Cowra (AUS) 18th Jan,To Be Placed,18-01-2026 02:20,87715064,4. Rusky Ripper,1,3.69634386,1.0000,2.3828,1.00,1001.00,1.00,1001.00,518.91,0.00,0.00
252851246,Burnie (AUS) 18th Jan,To Be Placed,18-01-2026 05:14,56948627,4. Just Miki,0,2.84000000,1.0000,2.4980,1.00,1001.00,1.00,1001.00,66.04,0.00,0.00
252809347,Wangaratta (AUS) 18th Jan,To Be Placed,18-01-2026 05:25,41749545,6. Epic Centre,1,8.60713948,1.0000,6.0148,1.00,1001.00,1.00,1001.00,447.79,0.00,0.00
252806073,Cowra (AUS) 18th Jan,To Be Placed,18-01-2026 04:05,74299086,12. East Harlem,0,4.48927749,1.0000,2.0476,1.00,1001.00,1.00,1001.00,244.86,0.00,0.00
252809355,Wangaratta (AUS) 18th Jan,To Be Placed,18-01-2026 05:55,1184463,2. Copperfield,0,8.05394174,1.0000,5.0699,1.00,1001.00,1.00,1001.00,278.02,0.00,0.00
252851242,Burnie (AUS) 18th Jan,To Be Placed,18-01-2026 04:09,81489950,1. Hey Franco,1,1.30465650,1.0000,1.1286,1.00,1001.00,1.00,1001.00,581.80,0.00,0.00
252806079,Cowra (AUS) 18th Jan,To Be Placed,18-01-2026 05:20,748771,6. Desirous,1,2.35401412,1.0000,1.6446,1.00,1001.00,1.00,1001.00,679.18,0.00,0.00
252811275,Hobart (AUS) 18th Jan,To Be Placed,18-01-2026 02:45,51011309,5. No Surprises,0,26.00000000,1.0000,15.4217,1.00,1001.00,1.00,1001.00,310.28,0.00,0.00
252806093,Stony Creek (AUS) 18th Jan,To Be Placed,18-01-2026 02:50,92743618,4. Vellasglory,1,1.38379976,1.0000,1.3491,1.00,1001.00,1.00,1001.00,693.84,0.00,0.00
252806121,Stony Creek (AUS) 18th Jan,To Be Placed,18-01-2026 05:10,74744674,4. Heartattack Jack,0,4.10709825,1.0000,2.2825,1.00,1001.00,1.00,1001.00,347.13,0.00,0.00
252809331,Wangaratta (AUS) 18th Jan,To Be Placed,18-01-2026 04:20,86695293,2. Blacklip,0,2.36653905,1.0000,2.0303,1.00,1001.00,1.00,1001.00,1206.51,0.00,0.00
252811269,Hobart (AUS) 18th Jan,To Be Placed,18-01-2026 02:11,93826755,14. Stratovision,0,10.50000000,1.0000,4.6061,1.00,1001.00,1.00,1001.00,514.52,0.00,0.00
252806088,Cowra (AUS) 18th Jan,To Be Placed,18-01-2026 07:10,46133095,6. Battle Abbey,0,2.02543606,1.0000,1.8394,1.00,1001.00,1.00,1001.00,465.19,0.00,0.00
252806088,Cowra (AUS) 18th Jan,To Be Placed,18-01-2026 07:10,83677092,12. Kisses For Jody,0,24.00000000,1.0000,13.9122,1.00,1001.00,1.00,1001.00,141.74,0.00,0.00
252809375,Mount Barker (AUS) 18th Jan,To Be Placed,18-01-2026 05:30,70580532,10. American Que Tee,0,8.60000000,1.0000,4.3966,1.00,1001.00,1.00,1001.00,159.57,0.00,0.00
252851240,Burnie (AUS) 18th Jan,To Be Placed,18-01-2026 03:34,22457908,4. Major Davvin,0,4.60000000,1.0000,2.9396,1.00,1001.00,1.00,1001.00,163.60,0.00,0.00
252809307,Wangaratta (AUS) 18th Jan,To Be Placed,18-01-2026 02:35,93871564,13. Conaltri,0,218.30878869,1.0000,18.3702,1.00,1001.00,1.00,1001.00,9.29,0.00,0.00
252806076,Cowra (AUS) 18th Jan,To Be Placed,18-01-2026 04:40,93871529,6. Deepwater Artist,1,1.47599288,1.0000,1.2932,1.00,1001.00,1.00,1001.00,1307.01,0.00,0.00
252809339,Wangaratta (AUS) 18th Jan,To Be Placed,18-01-2026 04:59,53147730,8. Explosive Rosie,0,19.86353081,1.0000,11.9325,1.00,1001.00,1.00,1001.00,400.14,0.00,0.00
252852600,Cranbourne (AUS) 18th Jan,To Be Placed,18-01-2026 10:53,5269292,4. Buckle Me Up,1,19.03646093,1.0000,8.7234,1.00,1001.00,1.00,1001.00,88.65,0.00,0.00
252852596,Cranbourne (AUS) 18th Jan,To Be Placed,18-01-2026 09:19,51203831,4. Desert Assassin,1,1.45953685,1.0000,1.4156,1.00,1001.00,1.00,1001.00,272.21,0.00,0.00
252852596,Cranbourne (AUS) 18th Jan,To Be Placed,18-01-2026 09:19,62686412,5. Emmwallen,1,1.67000000,1.0000,1.6138,1.00,1001.00,1.00,1001.00,402.12,0.00,0.00
252809363,Wangaratta (AUS) 18th Jan,To Be Placed,18-01-2026 06:25,93871617,6. Compostela,0,15.38457383,1.0000,14.1537,1.00,1001.00,1.00,1001.00,456.37,0.00,0.00
252806088,Cowra (AUS) 18th Jan,To Be Placed,18-01-2026 07:10,73220683,5. The Artefact,1,1.34000000,1.0000,1.3002,1.00,1001.00,1.00,1001.00,3306.83,0.00,0.00
252806121,Stony Creek (AUS) 18th Jan,To Be Placed,18-01-2026 05:10,64574960,8. Rivers Reward,0,12.00000000,1.0000,7.9375,1.00,1001.00,1.00,1001.00,237.83,0.00,0.00
252851252,Burnie (AUS) 18th Jan,To Be Placed,18-01-2026 06:50,536168,3. Neon,0,5.93636616,1.0000,3.0292,1.00,1001.00,1.00,1001.00,83.22,0.00,0.00
252811275,Hobart (AUS) 18th Jan,To Be Placed,18-01-2026 02:45,85250727,1. Alpine Honey,1,7.91826189,1.0000,6.6254,1.00,1001.00,1.00,1001.00,663.93,0.00,0.00
252806073,Cowra (AUS) 18th Jan,To Be Placed,18-01-2026 04:05,75758358,13. Threefold,0,2.76000000,1.0000,2.0556,1.00,1001.00,1.00,1001.00,473.50,0.00,0.00
252811269,Hobart (AUS) 18th Jan,To Be Placed,18-01-2026 02:11,86892897,9. Sunrise At Kirra,0,8.11790275,1.0000,6.8790,1.00,1001.00,1.00,1001.00,238.63,0.00,0.00
252806052,Armidale (AUS) 18th Jan,To Be Placed,18-01-2026 04:15,60815826,9. Notabadone,0,18.00000000,1.0000,9.6838,1.00,1001.00,1.00,1001.00,85.59,0.00,0.00
252806055,Armidale (AUS) 18th Jan,To Be Placed,18-01-2026 04:55,79226459,3. Ardonaugh,0,9.20000000,1.0000,5.5631,1.00,1001.00,1.00,1001.00,71.98,0.00,0.00
252809323,Wangaratta (AUS) 18th Jan,To Be Placed,18-01-2026 03:45,93021721,7. Frosted Amber,1,1.86346245,1.0000,1.6834,1.00,1001.00,1.00,1001.00,1399.41,0.00,0.00
252811311,Hobart (AUS) 18th Jan,To Be Placed,18-01-2026 06:30,93826776,2. Aprils Dance,0,5.03420638,1.0000,2.9889,1.00,1001.00,1.00,1001.00,349.94,0.00,0.00
252806088,Cowra (AUS) 18th Jan,To Be Placed,18-01-2026 07:10,61630827,10. Ms Reeves,0,6.20002409,1.0000,3.9805,1.00,1001.00,1.00,1001.00,190.34,0.00,0.00
252806058,Armidale (AUS) 18th Jan,To Be Placed,18-01-2026 05:35,81888728,10. Tycoon Lad,0,16.85056348,1.0000,2.4091,1.00,1001.00,1.00,1001.00,58.90,0.00,0.00
252809387,Mount Barker (AUS) 18th Jan,To Be Placed,18-01-2026 07:15,83119799,3. Bannered,0,1.40000000,1.0000,1.2813,1.00,1001.00,1.00,1001.00,3055.80,0.00,0.00
252809399,Mount Barker (AUS) 18th Jan,To Be Placed,18-01-2026 08:55,93871851,9. Hilton,0,37.89319671,1.0000,25.5752,1.00,1001.00,1.00,1001.00,105.70,0.00,0.00
252809363,Wangaratta (AUS) 18th Jan,To Be Placed,18-01-2026 06:25,67039057,7. This Is The Moment,1,2.79127678,1.0000,1.8690,1.00,1001.00,1.00,1001.00,3149.45,0.00,0.00
252811311,Hobart (AUS) 18th Jan,To Be Placed,18-01-2026 06:30,72478646,1. Rawabi,0,3.35000000,1.0000,2.2792,1.00,1001.00,1.00,1001.00,419.78,0.00,0.00
252806085,Cowra (AUS) 18th Jan,To Be Placed,18-01-2026 06:40,46314896,12. Talkachino,0,2.18000000,1.0000,1.6792,1.00,1001.00,1.00,1001.00,617.20,0.00,0.00
252806114,Stony Creek (AUS) 18th Jan,To Be Placed,18-01-2026 04:35,82603051,1. Finance Shogun,1,1.67220676,1.0000,1.5168,1.00,1001.00,1.00,1001.00,2205.48,0.00,0.00
252809371,Mount Barker (AUS) 18th Jan,To Be Placed,18-01-2026 05:00,93871830,2. Anytime Anywhere,0,18.44169479,1.0000,6.9983,1.00,1001.00,1.00,1001.00,276.32,0.00,0.00
252811269,Hobart (AUS) 18th Jan,To Be Placed,18-01-2026 02:11,93826754,13. Magnolia Sky,1,1.87205423,1.0000,1.4818,1.00,1001.00,1.00,1001.00,1010.24,0.00,0.00
252852592,Cranbourne (AUS) 18th Jan,To Be Placed,18-01-2026 08:12,82311247,7. Quick Crunch,1,6.87305505,1.0000,3.2169,1.00,1001.00,1.00,1001.00,90.12,0.00,0.00
252809399,Mount Barker (AUS) 18th Jan,To Be Placed,18-01-2026 08:55,93871849,4. Charino,0,2.18000000,1.0000,1.9540,1.00,1001.00,1.00,1001.00,1043.58,0.00,0.00
252811275,Hobart (AUS) 18th Jan,To Be Placed,18-01-2026 02:45,93826759,7. Northern Child,1,2.95722279,1.0000,2.4592,1.00,1001.00,1.00,1001.00,522.94,0.00,0.00
252809331,Wangaratta (AUS) 18th Jan,To Be Placed,18-01-2026 04:20,93871592,6. Watten Assett,1,1.17198051,1.0000,1.1704,1.00,1001.00,1.00,1001.00,2335.25,0.00,0.00
252809403,Mount Barker (AUS) 18th Jan,To Be Placed,18-01-2026 09:30,89622476,11. Drag Machine,0,10.00000000,1.0000,5.4289,1.00,1001.00,1.00,1001.00,395.14,0.00,0.00
252811299,Hobart (AUS) 18th Jan,To Be Placed,18-01-2026 05:05,93826770,3. Ozonica,0,2.45183851,1.0000,1.9037,1.00,1001.00,1.00,1001.00,431.88,0.00,0.00
252811287,Hobart (AUS) 18th Jan,To Be Placed,18-01-2026 03:55,71903757,2. Perola,0,12.00000000,1.0000,10.3643,1.00,1001.00,1.00,1001.00,464.07,0.00,0.00
252806085,Cowra (AUS) 18th Jan,To Be Placed,18-01-2026 06:40,73177139,6. Dynamic One,1,3.00000000,1.0000,2.0029,1.00,1001.00,1.00,1001.00,150.45,0.00,0.00
252852596,Cranbourne (AUS) 18th Jan,To Be Placed,18-01-2026 09:19,5870866,2. Blanco Canyon,0,5.70000000,1.0000,,1.00,1001.00,1.00,1001.00,8.82,0.00,0.00
252851248,Burnie (AUS) 18th Jan,To Be Placed,18-01-2026 05:44,5274958,6. Alberio,1,3.61282791,1.0000,2.7602,1.00,1001.00,1.00,1001.00,265.22,0.00,0.00
252809347,Wangaratta (AUS) 18th Jan,To Be Placed,18-01-2026 05:25,75118733,3. Brenlyns Daisy,0,4.96135162,1.0000,4.1921,1.00,1001.00,1.00,1001.00,1746.04,0.00,0.00
252806085,Cowra (AUS) 18th Jan,To Be Placed,18-01-2026 06:40,4588100,2. Fagin,0,16.32641363,1.0000,7.3289,1.00,1001.00,1.00,1001.00,167.86,0.00,0.00
252806052,Armidale (AUS) 18th Jan,To Be Placed,18-01-2026 04:15,40421887,4. Semeco,0,3.45108217,1.0000,2.0452,1.00,1001.00,1.00,1001.00,280.78,0.00,0.00
252851248,Burnie (AUS) 18th Jan,To Be Placed,18-01-2026 05:44,41922176,9. No Nukes Skipper,0,4.68217903,1.0000,2.6132,1.00,1001.00,1.00,1001.00,24.32,0.00,0.00
252811305,Hobart (AUS) 18th Jan,To Be Placed,18-01-2026 05:50,65758021,10. Just A Needs,0,42.00000000,1.0000,26.1673,1.00,1001.00,1.00,1001.00,159.44,0.00,0.00
252806085,Cowra (AUS) 18th Jan,To Be Placed,18-01-2026 06:40,52435961,15. Not Too Bad,0,10.36895187,1.0000,5.6751,1.00,1001.00,1.00,1001.00,276.96,0.00,0.00
252811293,Hobart (AUS) 18th Jan,To Be Placed,18-01-2026 04:30,62632628,1. Rubbleonthedouble,0,1.50056217,1.0000,1.2317,1.00,1001.00,1.00,1001.00,1937.96,0.00,0.00
252809403,Mount Barker (AUS) 18th Jan,To Be Placed,18-01-2026 09:30,27934385,8. Zac Luvs To Fly,1,2.46354363,1.0000,1.9921,1.00,1001.00,1.00,1001.00,1344.90,0.00,0.00
252806049,Armidale (AUS) 18th Jan,To Be Placed,18-01-2026 03:40,80891996,6. Curcuma,0,32.00000000,1.0000,3.2609,1.00,1001.00,1.00,1001.00,27.97,0.00,0.00
252806100,Stony Creek (AUS) 18th Jan,To Be Placed,18-01-2026 03:25,79195782,3. Elite Pete,1,2.10776213,1.0000,1.8931,1.00,1001.00,1.00,1001.00,598.54,0.00,0.00
252809363,Wangaratta (AUS) 18th Jan,To Be Placed,18-01-2026 06:25,2630887,10. Strummer,0,2.82000000,1.0000,2.1122,1.00,1001.00,1.00,1001.00,770.24,0.00,0.00
252852600,Cranbourne (AUS) 18th Jan,To Be Placed,18-01-2026 10:53,86893577,7. Aldebaran Sariah,0,3.43025234,1.0000,1.2868,1.00,1001.00,1.00,1001.00,66.21,0.00,0.00
252851254,Burnie (AUS) 18th Jan,To Be Placed,18-01-2026 07:21,42401610,7. Grinning Again,0,6.20000000,1.0000,1.2785,1.00,1001.00,1.00,1001.00,8.58,0.00,0.00
252852592,Cranbourne (AUS) 18th Jan,To Be Placed,18-01-2026 08:12,93497002,3. Mavericks Jet,0,19.50000000,1.0000,8.1775,1.00,1001.00,1.00,1001.00,4.28,0.00,0.00
252811287,Hobart (AUS) 18th Jan,To Be Placed,18-01-2026 03:55,71903749,3. Press For Boom,1,2.92104880,1.0000,2.6816,1.00,1001.00,1.00,1001.00,1101.55,0.00,0.00
252809347,Wangaratta (AUS) 18th Jan,To Be Placed,18-01-2026 05:25,93871608,13. Blue Akoya,0,2.58821219,1.0000,1.7642,1.00,1001.00,1.00,1001.00,3100.19,0.00,0.00
252806085,Cowra (AUS) 18th Jan,To Be Placed,18-01-2026 06:40,93871542,14. Xceptional Fella,0,3.91545989,1.0000,2.0163,1.00,1001.00,1.00,1001.00,326.48,0.00,0.00
252811269,Hobart (AUS) 18th Jan,To Be Placed,18-01-2026 02:11,78916205,1. Cardiosphere,0,5.30000000,1.0000,3.5619,1.00,1001.00,1.00,1001.00,481.70,0.00,0.00
252806088,Cowra (AUS) 18th Jan,To Be Placed,18-01-2026 07:10,4260824,8. Lysander,0,1.71000000,1.0000,1.4756,1.00,1001.00,1.00,1001.00,741.31,0.00,0.00
252806082,Cowra (AUS) 18th Jan,To Be Placed,18-01-2026 06:00,283476,7. Jolly Good Fellow,0,3.40000000,1.0000,1.6000,1.00,1001.00,1.00,1001.00,592.88,0.00,0.00
252852588,Cranbourne (AUS) 18th Jan,To Be Placed,18-01-2026 06:57,59724132,10. Hart Of Cyprus,0,8.40000000,1.0000,6.6959,1.00,1001.00,1.00,1001.00,167.64,0.00,0.00
252809331,Wangaratta (AUS) 18th Jan,To Be Placed,18-01-2026 04:20,93871593,8. Bella Sesaga,0,28.09309161,1.0000,23.5315,1.00,1001.00,1.00,1001.00,170.53,0.00,0.00
252809383,Mount Barker (AUS) 18th Jan,To Be Placed,18-01-2026 06:35,93871841,8. Tonis Spirit,0,10.95511051,1.0000,8.7719,1.00,1001.00,1.00,1001.00,224.75,0.00,0.00
252811305,Hobart (AUS) 18th Jan,To Be Placed,18-01-2026 05:50,93826774,7. Ashfall,0,7.91037743,1.0000,4.4560,1.00,1001.00,1.00,1001.00,341.68,0.00,0.00
252806107,Stony Creek (AUS) 18th Jan,To Be Placed,18-01-2026 04:00,93871649,7. Somethingintheair,0,2.44000000,1.0000,1.9283,1.00,1001.00,1.00,1001.00,1098.09,0.00,0.00
252809391,Mount Barker (AUS) 18th Jan,To Be Placed,18-01-2026 07:50,46603516,3. Frantic War,0,11.50000000,1.0000,3.0897,1.00,1001.00,1.00,1001.00,67.40,0.00,0.00
252811305,Hobart (AUS) 18th Jan,To Be Placed,18-01-2026 05:50,62097793,1. Bank Maur,1,1.74000000,1.0000,1.5826,1.00,1001.00,1.00,1001.00,2690.12,0.00,0.00
252806128,Stony Creek (AUS) 18th Jan,To Be Placed,18-01-2026 05:40,42471815,13. Sweet Liaison,0,36.48289139,1.0000,6.7084,1.00,1001.00,1.00,1001.00,77.53,0.00,0.00
252806088,Cowra (AUS) 18th Jan,To Be Placed,18-01-2026 07:10,87806293,7. Wing Nut,1,2.16000000,1.0000,1.7823,1.00,1001.00,1.00,1001.00,620.89,0.00,0.00
252809387,Mount Barker (AUS) 18th Jan,To Be Placed,18-01-2026 07:15,66791411,2. Insyde Success,0,3.40000000,1.0000,2.5498,1.00,1001.00,1.00,1001.00,1408.71,0.00,0.00
252806046,Armidale (AUS) 18th Jan,To Be Placed,18-01-2026 03:05,78000755,13. Frijoles,0,5.73363818,1.0000,3.5782,1.00,1001.00,1.00,1001.00,111.97,0.00,0.00
252806128,Stony Creek (AUS) 18th Jan,To Be Placed,18-01-2026 05:40,79561573,8. Avonview,0,3.30000000,1.0000,2.3515,1.00,1001.00,1.00,1001.00,204.41,0.00,0.00
252806061,Armidale (AUS) 18th Jan,To Be Placed,18-01-2026 06:15,76706649,6. Master Gee,1,1.20543210,1.0000,1.1464,1.00,1001.00,1.00,1001.00,1306.37,0.00,0.00
252809403,Mount Barker (AUS) 18th Jan,To Be Placed,18-01-2026 09:30,93871854,10. Private Sapling,0,26.23541043,1.0000,12.0058,1.00,1001.00,1.00,1001.00,51.18,0.00,0.00
252806061,Armidale (AUS) 18th Jan,To Be Placed,18-01-2026 06:15,60857659,11. Koondeeman,0,3.00000000,1.0000,1.2816,1.00,1001.00,1.00,1001.00,271.90,0.00,0.00
252806135,Stony Creek (AUS) 18th Jan,To Be Placed,18-01-2026 06:10,93871659,7. French Graffiti,0,12.75148000,1.0000,9.4616,1.00,1001.00,1.00,1001.00,88.22,0.00,0.00
252806049,Armidale (AUS) 18th Jan,To Be Placed,18-01-2026 03:40,93239443,4. Kahu,0,3.56714308,1.0000,2.9232,1.00,1001.00,1.00,1001.00,833.94,0.00,0.00
252809347,Wangaratta (AUS) 18th Jan,To Be Placed,18-01-2026 05:25,74572713,12. Elena Montero,0,3.56295052,1.0000,2.4122,1.00,1001.00,1.00,1001.00,1109.09,0.00,0.00
252806079,Cowra (AUS) 18th Jan,To Be Placed,18-01-2026 05:20,93871532,5. Bolo Miss,1,1.91116865,1.0000,1.5660,1.00,1001.00,1.00,1001.00,1060.45,0.00,0.00
252809375,Mount Barker (AUS) 18th Jan,To Be Placed,18-01-2026 05:30,93871837,13. Blinding Luck,0,4.70000000,1.0000,3.9054,1.00,1001.00,1.00,1001.00,288.44,0.00,0.00
252809391,Mount Barker (AUS) 18th Jan,To Be Placed,18-01-2026 07:50,93240257,7. Fantaxtic,0,3.13349450,1.0000,2.1305,1.00,1001.00,1.00,1001.00,90.92,0.00,0.00
252806061,Armidale (AUS) 18th Jan,To Be Placed,18-01-2026 06:15,82818927,10. Brighella,1,1.39000000,1.0000,1.0734,1.00,1001.00,1.00,1001.00,1197.41,0.00,0.00
252809375,Mount Barker (AUS) 18th Jan,To Be Placed,18-01-2026 05:30,81520206,4. Brave Dragon,0,3.40000000,1.0000,2.1477,1.00,1001.00,1.00,1001.00,195.96,0.00,0.00
252811269,Hobart (AUS) 18th Jan,To Be Placed,18-01-2026 02:11,93826748,3. Alfarino,1,4.30000000,1.0000,2.2248,1.00,1001.00,1.00,1001.00,313.52,0.00,0.00
252809399,Mount Barker (AUS) 18th Jan,To Be Placed,18-01-2026 08:55,39448096,3. Cold Shizzle,1,5.17342927,1.0000,3.1370,1.00,1001.00,1.00,1001.00,1083.97,0.00,0.00
252811299,Hobart (AUS) 18th Jan,To Be Placed,18-01-2026 05:05,91390526,6. The Pirate Queen,0,32.00000000,1.0000,7.6759,1.00,1001.00,1.00,1001.00,86.03,0.00,0.00
252809323,Wangaratta (AUS) 18th Jan,To Be Placed,18-01-2026 03:45,93871587,11. Silver Top Ridge,1,1.32108822,1.0000,1.1663,1.00,1001.00,1.00,1001.00,5477.10,0.00,0.00
252809355,Wangaratta (AUS) 18th Jan,To Be Placed,18-01-2026 05:55,77768116,16. Savethebesttillast,0,21.00000000,1.0000,15.7458,1.00,1001.00,1.00,1001.00,161.18,0.00,0.00
252806082,Cowra (AUS) 18th Jan,To Be Placed,18-01-2026 06:00,93871538,15. Shaddap,0,2.47105367,1.0000,2.0238,1.00,1001.00,1.00,1001.00,1180.01,0.00,0.00
252811305,Hobart (AUS) 18th Jan,To Be Placed,18-01-2026 05:50,53344017,8. Golden Prophet,0,13.76429051,1.0000,5.9164,1.00,1001.00,1.00,1001.00,476.10,0.00,0.00
252852596,Cranbourne (AUS) 18th Jan,To Be Placed,18-01-2026 09:19,70080271,6. Karakajack Tooth,0,2.06000000,1.0000,1.4089,1.00,1001.00,1.00,1001.00,297.08,0.00,0.00
252806055,Armidale (AUS) 18th Jan,To Be Placed,18-01-2026 04:55,93870870,4. Ofcourseiam,1,4.13922380,1.0000,1.8036,1.00,1001.00,1.00,1001.00,65.94,0.00,0.00
252809395,Mount Barker (AUS) 18th Jan,To Be Placed,18-01-2026 08:20,63297108,3. Wheres My Lunch,0,3.15000000,1.0000,2.6259,1.00,1001.00,1.00,1001.00,1011.52,0.00,0.00
252809363,Wangaratta (AUS) 18th Jan,To Be Placed,18-01-2026 06:25,92822598,13. En Flique,1,2.77189781,1.0000,2.2745,1.00,1001.00,1.00,1001.00,1239.96,0.00,0.00
252809375,Mount Barker (AUS) 18th Jan,To Be Placed,18-01-2026 05:30,77729346,2. My Tea,1,4.08023684,1.0000,3.0323,1.00,1001.00,1.00,1001.00,719.68,0.00,0.00
252811293,Hobart (AUS) 18th Jan,To Be Placed,18-01-2026 04:30,84431535,6. Tassie Power,1,2.73260992,1.0000,1.8161,1.00,1001.00,1.00,1001.00,645.97,0.00,0.00
252811269,Hobart (AUS) 18th Jan,To Be Placed,18-01-2026 02:11,81519153,2. Outbush,0,3.60403806,1.0000,2.5680,1.00,1001.00,1.00,1001.00,246.92,0.00,0.00
252809403,Mount Barker (AUS) 18th Jan,To Be Placed,18-01-2026 09:30,41060418,13. Precast,0,5.60000000,1.0000,2.1726,1.00,1001.00,1.00,1001.00,295.81,0.00,0.00
252809315,Wangaratta (AUS) 18th Jan,To Be Placed,18-01-2026 03:10,86275894,8. Midnight In Minori,0,1.61550266,1.0000,1.5019,1.00,1001.00,1.00,1001.00,1368.08,0.00,0.00
252809339,Wangaratta (AUS) 18th Jan,To Be Placed,18-01-2026 04:59,59496583,3. Panos Pride,1,2.63890374,1.0000,2.0453,1.00,1001.00,1.00,1001.00,1167.15,0.00,0.00
252809375,Mount Barker (AUS) 18th Jan,To Be Placed,18-01-2026 05:30,5391012,6. Tidwell,1,2.88389560,1.0000,2.2828,1.00,1001.00,1.00,1001.00,956.14,0.00,0.00
252806082,Cowra (AUS) 18th Jan,To Be Placed,18-01-2026 06:00,3663338,2. Panic,0,2.25030576,1.0000,1.6536,1.00,1001.00,1.00,1001.00,805.12,0.00,0.00
252806064,Cowra (AUS) 18th Jan,To Be Placed,18-01-2026 01:45,84181753,3. Dubbo Boy,1,1.10410399,1.0000,1.0604,1.00,1001.00,1.00,1001.00,3685.20,0.00,0.00
252806100,Stony Creek (AUS) 18th Jan,To Be Placed,18-01-2026 03:25,65757397,4. Jabeljar,0,4.40000000,1.0000,2.6930,1.00,1001.00,1.00,1001.00,540.76,0.00,0.00
252806121,Stony Creek (AUS) 18th Jan,To Be Placed,18-01-2026 05:10,5851830,1. Juice Box,1,1.20000000,1.0000,1.0979,1.00,1001.00,1.00,1001.00,3058.97,0.00,0.00
252811269,Hobart (AUS) 18th Jan,To Be Placed,18-01-2026 02:11,93826756,15. Thermal Miss,0,7.00000000,1.0000,4.0989,1.00,1001.00,1.00,1001.00,443.01,0.00,0.00
252809315,Wangaratta (AUS) 18th Jan,To Be Placed,18-01-2026 03:10,93871568,1. Left On Read,1,1.93000000,1.0000,1.8824,1.00,1001.00,1.00,1001.00,916.55,0.00,0.00
252809395,Mount Barker (AUS) 18th Jan,To Be Placed,18-01-2026 08:20,93871848,12. River Angel,1,1.52109524,1.0000,1.3508,1.00,1001.00,1.00,1001.00,2456.60,0.00,0.00
252806085,Cowra (AUS) 18th Jan,To Be Placed,18-01-2026 06:40,93871541,13. Blazing Guru,0,5.40000000,1.0000,2.7092,1.00,1001.00,1.00,1001.00,279.20,0.00,0.00
252806061,Armidale (AUS) 18th Jan,To Be Placed,18-01-2026 06:15,42353266,4. Cabsav,0,3.10130011,1.0000,1.8336,1.00,1001.00,1.00,1001.00,96.04,0.00,0.00
252851252,Burnie (AUS) 18th Jan,To Be Placed,18-01-2026 06:50,74233977,11. Keayang Fitzy,0,7.20000000,1.0000,5.1620,1.00,1001.00,1.00,1001.00,20.34,0.00,0.00
252809383,Mount Barker (AUS) 18th Jan,To Be Placed,18-01-2026 06:35,63893318,7. No Second Thoughts,0,55.93814944,1.0000,21.1918,1.00,1001.00,1.00,1001.00,66.50,0.00,0.00
252809395,Mount Barker (AUS) 18th Jan,To Be Placed,18-01-2026 08:20,71941261,11. Hot Nova,0,64.63521978,1.0000,44.2569,1.00,1001.00,1.00,1001.00,146.71,0.00,0.00
252806073,Cowra (AUS) 18th Jan,To Be Placed,18-01-2026 04:05,70570782,6. Stockholm,0,6.20000000,1.0000,3.4092,1.00,1001.00,1.00,1001.00,209.54,0.00,0.00
252811293,Hobart (AUS) 18th Jan,To Be Placed,18-01-2026 04:30,78916227,10. Valiant Khan,1,3.77552636,1.0000,2.4347,1.00,1001.00,1.00,1001.00,325.66,0.00,0.00
252809371,Mount Barker (AUS) 18th Jan,To Be Placed,18-01-2026 05:00,83345045,7. Chason Wins,0,1.76531176,1.0000,1.6159,1.00,1001.00,1.00,1001.00,602.95,0.00,0.00
252809339,Wangaratta (AUS) 18th Jan,To Be Placed,18-01-2026 04:59,49145001,10. Tapo,0,3.60000000,1.0000,2.6846,1.00,1001.00,1.00,1001.00,268.73,0.00,0.00
252851250,Burnie (AUS) 18th Jan,To Be Placed,18-01-2026 06:19,93791098,1. Snowiewillrev,1,1.17000000,1.0000,1.1758,1.00,1001.00,1.00,1001.00,732.94,0.00,0.00
252806064,Cowra (AUS) 18th Jan,To Be Placed,18-01-2026 01:45,58918264,9. Nightwalker,0,5.60000000,1.0000,3.5498,1.00,1001.00,1.00,1001.00,409.07,0.00,0.00
252806107,Stony Creek (AUS) 18th Jan,To Be Placed,18-01-2026 04:00,82603056,10. Brazen Diva,0,1.32225767,1.0000,1.2492,1.00,1001.00,1.00,1001.00,1681.48,0.00,0.00
252806114,Stony Creek (AUS) 18th Jan,To Be Placed,18-01-2026 04:35,64959062,2. Luna Field,0,2.82200845,1.0000,2.2933,1.00,1001.00,1.00,1001.00,1523.90,0.00,0.00
252851248,Burnie (AUS) 18th Jan,To Be Placed,18-01-2026 05:44,74784630,2. Done Well,1,2.00639155,1.0000,1.6687,1.00,1001.00,1.00,1001.00,56.52,0.00,0.00
252806128,Stony Creek (AUS) 18th Jan,To Be Placed,18-01-2026 05:40,62064468,14. Piplup,0,3.86420429,1.0000,1.9002,1.00,1001.00,1.00,1001.00,148.57,0.00,0.00
252806058,Armidale (AUS) 18th Jan,To Be Placed,18-01-2026 05:35,69711491,7. Takemine,0,3.63132421,1.0000,1.3083,1.00,1001.00,1.00,1001.00,168.12,0.00,0.00
252806055,Armidale (AUS) 18th Jan,To Be Placed,18-01-2026 04:55,58882429,7. Fools Play,0,1.47906311,1.0000,1.3016,1.00,1001.00,1.00,1001.00,1015.30,0.00,0.00
252851254,Burnie (AUS) 18th Jan,To Be Placed,18-01-2026 07:21,109487,6. Royal Cadence,1,2.28000000,1.0000,1.5786,1.00,1001.00,1.00,1001.00,89.60,0.00,0.00
252851242,Burnie (AUS) 18th Jan,To Be Placed,18-01-2026 04:09,5685274,5. La Pierre,0,4.20000000,1.0000,3.6963,1.00,1001.00,1.00,1001.00,80.38,0.00,0.00
252806043,Armidale (AUS) 18th Jan,To Be Placed,18-01-2026 02:30,4853912,7. My Lioness,0,28.45559344,1.0000,6.1948,1.00,1001.00,1.00,1001.00,99.86,0.00,0.00
252806070,Cowra (AUS) 18th Jan,To Be Placed,18-01-2026 03:30,93871521,7. Smichov,0,1.58048644,1.0000,1.4949,1.00,1001.00,1.00,1001.00,3878.94,0.00,0.00
252806135,Stony Creek (AUS) 18th Jan,To Be Placed,18-01-2026 06:10,55494300,10. Remigius,1,3.54615400,1.0000,3.1722,1.00,1001.00,1.00,1001.00,405.46,0.00,0.00
252852602,Cranbourne (AUS) 18th Jan,To Be Placed,18-01-2026 11:22,54705543,1. Starzinhereyes,1,3.40000000,1.0000,4.1854,1.00,1001.00,1.00,1001.00,124.36,0.00,0.00
252851248,Burnie (AUS) 18th Jan,To Be Placed,18-01-2026 05:44,2116946,8. Ranieri,0,11.94888166,1.0000,4.3556,1.00,1001.00,1.00,1001.00,47.04,0.00,0.00
252806093,Stony Creek (AUS) 18th Jan,To Be Placed,18-01-2026 02:50,83346024,6. Maristela,0,38.00000000,1.0000,16.9874,1.00,1001.00,1.00,1001.00,196.45,0.00,0.00
252852592,Cranbourne (AUS) 18th Jan,To Be Placed,18-01-2026 08:12,86348041,5. Rolinginthedeep,1,1.13772112,1.0000,1.1146,1.00,1001.00,1.00,1001.00,1321.53,0.00,0.00
252809391,Mount Barker (AUS) 18th Jan,To Be Placed,18-01-2026 07:50,24010151,6. Dynamite Bay,0,4.32142030,1.0000,1.9000,1.00,1001.00,1.00,1001.00,337.35,0.00,0.00
252809371,Mount Barker (AUS) 18th Jan,To Be Placed,18-01-2026 05:00,85185531,13. River Beauty,0,3.12605800,1.0000,2.8954,1.00,1001.00,1.00,1001.00,854.20,0.00,0.00
252806076,Cowra (AUS) 18th Jan,To Be Placed,18-01-2026 04:40,831755,2. Lang Park,0,8.00000000,1.0000,2.4713,1.00,1001.00,1.00,1001.00,136.79,0.00,0.00
252806070,Cowra (AUS) 18th Jan,To Be Placed,18-01-2026 03:30,93871522,8. Alabama Hussy,1,1.38000000,1.0000,1.1775,1.00,1001.00,1.00,1001.00,2254.77,0.00,0.00
252806121,Stony Creek (AUS) 18th Jan,To Be Placed,18-01-2026 05:10,40022076,7. Lord Paramount,1,7.91920260,1.0000,5.0221,1.00,1001.00,1.00,1001.00,330.94,0.00,0.00
252851252,Burnie (AUS) 18th Jan,To Be Placed,18-01-2026 06:50,92707525,5. Horatius Speculo,1,1.30259877,1.0000,1.2917,1.00,1001.00,1.00,1001.00,1051.54,0.00,0.00
252852598,Cranbourne (AUS) 18th Jan,To Be Placed,18-01-2026 10:20,92117550,5. Kyvalley Jenny,0,2.33471644,1.0000,2.2954,1.00,1001.00,1.00,1001.00,388.00,0.00,0.00
252806114,Stony Creek (AUS) 18th Jan,To Be Placed,18-01-2026 04:35,93871653,7. Stella Cantante,0,4.90000000,1.0000,3.9361,1.00,1001.00,1.00,1001.00,409.52,0.00,0.00
252809379,Mount Barker (AUS) 18th Jan,To Be Placed,18-01-2026 06:05,55418266,10. Maybe Divine,0,21.00000000,1.0000,13.2988,1.00,1001.00,1.00,1001.00,119.41,0.00,0.00
252851244,Burnie (AUS) 18th Jan,To Be Placed,18-01-2026 04:44,85756163,2. My Fatal Charm,1,7.06136503,1.0000,1.7317,1.00,1001.00,1.00,1001.00,51.50,0.00,0.00
252806064,Cowra (AUS) 18th Jan,To Be Placed,18-01-2026 01:45,93871512,10. Splendid Magnus,1,1.66000000,1.0000,1.3222,1.00,1001.00,1.00,1001.00,389.34,0.00,0.00
252806043,Armidale (AUS) 18th Jan,To Be Placed,18-01-2026 02:30,93870862,4. Love That Girl,1,2.42000000,1.0000,1.0383,1.00,1001.00,1.00,1001.00,656.44,0.00,0.00
252811275,Hobart (AUS) 18th Jan,To Be Placed,18-01-2026 02:45,4272940,6. Deeper Water,0,4.40000000,1.0000,3.1284,1.00,1001.00,1.00,1001.00,254.72,0.00,0.00
252809387,Mount Barker (AUS) 18th Jan,To Be Placed,18-01-2026 07:15,8250697,7. Four Seas,1,5.74717870,1.0000,2.4645,1.00,1001.00,1.00,1001.00,157.50,0.00,0.00
252809371,Mount Barker (AUS) 18th Jan,To Be Placed,18-01-2026 05:00,83837837,1. Noble Reign,0,6.41178400,1.0000,4.7513,1.00,1001.00,1.00,1001.00,26.14,0.00,0.00
252809331,Wangaratta (AUS) 18th Jan,To Be Placed,18-01-2026 04:20,66240472,4. Midnight Eagle,0,3.35000000,1.0000,2.8258,1.00,1001.00,1.00,1001.00,387.74,0.00,0.00
252806135,Stony Creek (AUS) 18th Jan,To Be Placed,18-01-2026 06:10,56576405,12. Qubella,0,1.73880613,1.0000,1.6323,1.00,1001.00,1.00,1001.00,1592.72,0.00,0.00
252806082,Cowra (AUS) 18th Jan,To Be Placed,18-01-2026 06:00,56904695,1. Craving Magic,0,3.75000000,1.0000,1.9851,1.00,1001.00,1.00,1001.00,326.98,0.00,0.00
252809379,Mount Barker (AUS) 18th Jan,To Be Placed,18-01-2026 06:05,50294895,7. Delta Anne,0,2.97069003,1.0000,2.1477,1.00,1001.00,1.00,1001.00,1409.45,0.00,0.00
252811311,Hobart (AUS) 18th Jan,To Be Placed,18-01-2026 06:30,89623224,4. Geegees Legacy,0,3.75361064,1.0000,1.7060,1.00,1001.00,1.00,1001.00,957.86,0.00,0.00
252851240,Burnie (AUS) 18th Jan,To Be Placed,18-01-2026 03:34,45143417,6. Sapphire Gambler,0,2.90000000,1.0000,2.8047,1.00,1001.00,1.00,1001.00,74.58,0.00,0.00
252806100,Stony Creek (AUS) 18th Jan,To Be Placed,18-01-2026 03:25,75795949,9. Style Guide,0,1.71000000,1.0000,1.6024,1.00,1001.00,1.00,1001.00,1389.97,0.00,0.00
252851242,Burnie (AUS) 18th Jan,To Be Placed,18-01-2026 04:09,54368904,7. Top Gun Ted,0,3.95000000,1.0000,3.5321,1.00,1001.00,1.00,1001.00,597.56,0.00,0.00
252809395,Mount Barker (AUS) 18th Jan,To Be Placed,18-01-2026 08:20,51759874,10. Cousin Nicci,0,38.00000000,1.0000,28.7490,1.00,1001.00,1.00,1001.00,183.91,0.00,0.00
252806114,Stony Creek (AUS) 18th Jan,To Be Placed,18-01-2026 04:35,77613591,5. Thank God I Gothim,0,28.00000000,1.0000,20.0544,1.00,1001.00,1.00,1001.00,200.13,0.00,0.00
252806076,Cowra (AUS) 18th Jan,To Be Placed,18-01-2026 04:40,57654650,5. Bon Zipper,0,5.60000000,1.0000,2.5855,1.00,1001.00,1.00,1001.00,109.38,0.00,0.00
252851254,Burnie (AUS) 18th Jan,To Be Placed,18-01-2026 07:21,20076804,9. Loyola Trios,0,4.40000000,1.0000,,1.00,1001.00,1.00,1001.00,12.12,0.00,0.00
252809347,Wangaratta (AUS) 18th Jan,To Be Placed,18-01-2026 05:25,93871607,9. Reasonable Point,0,2.48000000,1.0000,1.9847,1.00,1001.00,1.00,1001.00,1131.21,0.00,0.00
252806085,Cowra (AUS) 18th Jan,To Be Placed,18-01-2026 06:40,57916551,4. Rouge Moulin,0,3.73016697,1.0000,2.8644,1.00,1001.00,1.00,1001.00,876.91,0.00,0.00
252809307,Wangaratta (AUS) 18th Jan,To Be Placed,18-01-2026 02:35,78231170,11. Shark Park,0,4.00000000,1.0000,1.6801,1.00,1001.00,1.00,1001.00,378.63,0.00,0.00
252806052,Armidale (AUS) 18th Jan,To Be Placed,18-01-2026 04:15,87164578,6. Kickoff,1,1.78000000,1.0000,1.4367,1.00,1001.00,1.00,1001.00,229.38,0.00,0.00
252809315,Wangaratta (AUS) 18th Jan,To Be Placed,18-01-2026 03:10,93871577,11. Organics,1,2.00000000,1.0000,1.8197,1.00,1001.00,1.00,1001.00,623.82,0.00,0.00
252811305,Hobart (AUS) 18th Jan,To Be Placed,18-01-2026 05:50,69323072,5. Ziryab,0,1.25789588,1.0000,1.1891,1.00,1001.00,1.00,1001.00,1739.51,0.00,0.00
252852598,Cranbourne (AUS) 18th Jan,To Be Placed,18-01-2026 10:20,47907343,3. Just Abit Dusty,1,1.45000000,1.0000,1.3475,1.00,1001.00,1.00,1001.00,1114.25,0.00,0.00
252851250,Burnie (AUS) 18th Jan,To Be Placed,18-01-2026 06:19,63825140,5. Settebello,0,4.40000000,1.0000,1.0241,1.00,1001.00,1.00,1001.00,12.20,0.00,0.00
252852590,Cranbourne (AUS) 18th Jan,To Be Placed,18-01-2026 07:39,11505544,4. Feel The Buzz,0,4.00000000,1.0000,2.6163,1.00,1001.00,1.00,1001.00,37.32,0.00,0.00
252852590,Cranbourne (AUS) 18th Jan,To Be Placed,18-01-2026 07:39,10394383,7. River Patrol,0,14.50000000,1.0000,6.1822,1.00,1001.00,1.00,1001.00,9.22,0.00,0.00
252851252,Burnie (AUS) 18th Jan,To Be Placed,18-01-2026 06:50,10179878,6. Iron Clad,0,4.67370836,1.0000,2.6856,1.00,1001.00,1.00,1001.00,70.50,0.00,0.00
252806064,Cowra (AUS) 18th Jan,To Be Placed,18-01-2026 01:45,93871511,4. Reds City,0,24.83466847,1.0000,16.0795,1.00,1001.00,1.00,1001.00,128.17,0.00,0.00
252806128,Stony Creek (AUS) 18th Jan,To Be Placed,18-01-2026 05:40,89392748,11. Tussock,0,6.20000000,1.0000,3.0235,1.00,1001.00,1.00,1001.00,154.28,0.00,0.00
252806070,Cowra (AUS) 18th Jan,To Be Placed,18-01-2026 03:30,93871524,14. Mishpat,0,29.96433608,1.0000,26.1188,1.00,1001.00,1.00,1001.00,83.63,0.00,0.00
252852590,Cranbourne (AUS) 18th Jan,To Be Placed,18-01-2026 07:39,20009635,10. Feel The Reign,1,1.40147816,1.0000,1.3031,1.00,1001.00,1.00,1001.00,341.63,0.00,0.00
252852588,Cranbourne (AUS) 18th Jan,To Be Placed,18-01-2026 06:57,93827532,8. The Private Deal,0,3.64537239,1.0000,2.6148,1.00,1001.00,1.00,1001.00,276.38,0.00,0.00
252806121,Stony Creek (AUS) 18th Jan,To Be Placed,18-01-2026 05:10,51636172,2. Scream,1,1.35390531,1.0000,1.2336,1.00,1001.00,1.00,1001.00,1825.65,0.00,0.00
252809355,Wangaratta (AUS) 18th Jan,To Be Placed,18-01-2026 05:55,79022680,6. Podargoni,0,1.75000000,1.0000,1.4032,1.00,1001.00,1.00,1001.00,1853.40,0.00,0.00
252811293,Hobart (AUS) 18th Jan,To Be Placed,18-01-2026 04:30,7454783,2. Always A Winner,0,12.50000000,1.0000,4.0413,1.00,1001.00,1.00,1001.00,116.40,0.00,0.00
252809347,Wangaratta (AUS) 18th Jan,To Be Placed,18-01-2026 05:25,91159153,7. Jahangir,0,2.28000000,1.0000,2.0062,1.00,1001.00,1.00,1001.00,1701.91,0.00,0.00
252806114,Stony Creek (AUS) 18th Jan,To Be Placed,18-01-2026 04:35,93871654,9. Montgomery Bay,0,3.36304472,1.0000,3.2177,1.00,1001.00,1.00,1001.00,1939.45,0.00,0.00
252809339,Wangaratta (AUS) 18th Jan,To Be Placed,18-01-2026 04:59,64998766,7. Street Conqueror,0,2.58000000,1.0000,2.0716,1.00,1001.00,1.00,1001.00,875.49,0.00,0.00
252806121,Stony Creek (AUS) 18th Jan,To Be Placed,18-01-2026 05:10,37584120,9. Arroance,0,8.97171144,1.0000,3.0073,1.00,1001.00,1.00,1001.00,403.85,0.00,0.00
252809379,Mount Barker (AUS) 18th Jan,To Be Placed,18-01-2026 06:05,93240252,1. Polyvanova,1,3.43396923,1.0000,2.4291,1.00,1001.00,1.00,1001.00,465.08,0.00,0.00
252806055,Armidale (AUS) 18th Jan,To Be Placed,18-01-2026 04:55,78230317,9. Wokou,0,2.88000000,1.0000,1.6251,1.00,1001.00,1.00,1001.00,53.78,0.00,0.00
252806046,Armidale (AUS) 18th Jan,To Be Placed,18-01-2026 03:05,66365181,7. Think Of One,1,1.43123235,1.0000,1.2287,1.00,1001.00,1.00,1001.00,1123.64,0.00,0.00
252851250,Burnie (AUS) 18th Jan,To Be Placed,18-01-2026 06:19,1253094,3. Power Up,0,1.84000000,1.0000,1.2524,1.00,1001.00,1.00,1001.00,251.72,0.00,0.00
252851242,Burnie (AUS) 18th Jan,To Be Placed,18-01-2026 04:09,63644343,4. Yuruga Lass,0,13.50000000,1.0000,7.5240,1.00,1001.00,1.00,1001.00,14.94,0.00,0.00
252851252,Burnie (AUS) 18th Jan,To Be Placed,18-01-2026 06:50,43168307,10. Pardoe Plugga,0,14.35332387,1.0000,11.8005,1.00,1001.00,1.00,1001.00,127.82,0.00,0.00
252852590,Cranbourne (AUS) 18th Jan,To Be Placed,18-01-2026 07:39,35980902,6. Pickle It,1,5.74346353,1.0000,2.4861,1.00,1001.00,1.00,1001.00,46.76,0.00,0.00
252852590,Cranbourne (AUS) 18th Jan,To Be Placed,18-01-2026 07:39,39601585,9. Final Bow,1,1.44000000,1.0000,1.0383,1.00,1001.00,1.00,1001.00,275.22,0.00,0.00
252851246,Burnie (AUS) 18th Jan,To Be Placed,18-01-2026 05:14,5141681,8. Lalibela,1,4.70000000,1.0000,2.9612,1.00,1001.00,1.00,1001.00,131.92,0.00,0.00
252806073,Cowra (AUS) 18th Jan,To Be Placed,18-01-2026 04:05,81183007,11. Wonderful Mistake,1,1.70829314,1.0000,1.0978,1.00,1001.00,1.00,1001.00,893.94,0.00,0.00
252806061,Armidale (AUS) 18th Jan,To Be Placed,18-01-2026 06:15,69932112,1. Soobooco,0,4.07421761,1.0000,1.2986,1.00,1001.00,1.00,1001.00,322.17,0.00,0.00
252806049,Armidale (AUS) 18th Jan,To Be Placed,18-01-2026 03:40,84732903,7. Evony,1,2.36000000,1.0000,2.0231,1.00,1001.00,1.00,1001.00,871.40,0.00,0.00
252809391,Mount Barker (AUS) 18th Jan,To Be Placed,18-01-2026 07:50,93871847,12. Nicconami,0,13.50000000,1.0000,4.3503,1.00,1001.00,1.00,1001.00,264.67,0.00,0.00
252809395,Mount Barker (AUS) 18th Jan,To Be Placed,18-01-2026 08:20,67040692,1. Henry The Aviator,0,9.07173002,1.0000,6.3640,1.00,1001.00,1.00,1001.00,340.64,0.00,0.00
252809403,Mount Barker (AUS) 18th Jan,To Be Placed,18-01-2026 09:30,41375316,7. Magic Mikey,0,8.00000000,1.0000,5.1519,1.00,1001.00,1.00,1001.00,117.91,0.00,0.00
252809399,Mount Barker (AUS) 18th Jan,To Be Placed,18-01-2026 08:55,66826578,1. Oxbridge,0,26.00000000,1.0000,18.5989,1.00,1001.00,1.00,1001.00,422.66,0.00,0.00
252806121,Stony Creek (AUS) 18th Jan,To Be Placed,18-01-2026 05:10,50354121,10. Peintres Pride,0,3.30000000,1.0000,2.2644,1.00,1001.00,1.00,1001.00,339.99,0.00,0.00
252809375,Mount Barker (AUS) 18th Jan,To Be Placed,18-01-2026 05:30,79220499,9. Starchaser,0,3.01414093,1.0000,1.3787,1.00,1001.00,1.00,1001.00,584.18,0.00,0.00
252806128,Stony Creek (AUS) 18th Jan,To Be Placed,18-01-2026 05:40,42560401,3. Tactfull,1,2.14000000,1.0000,1.9298,1.00,1001.00,1.00,1001.00,1223.47,0.00,0.00
252806079,Cowra (AUS) 18th Jan,To Be Placed,18-01-2026 05:20,93871534,12. Only Need One,0,5.26272303,1.0000,1.4933,1.00,1001.00,1.00,1001.00,73.94,0.00,0.00
252806079,Cowra (AUS) 18th Jan,To Be Placed,18-01-2026 05:20,62868553,1. Kevs Girl,1,1.92375804,1.0000,1.6039,1.00,1001.00,1.00,1001.00,898.60,0.00,0.00
252851244,Burnie (AUS) 18th Jan,To Be Placed,18-01-2026 04:44,86308472,6. Fancy Another,0,2.38000000,1.0000,2.0600,1.00,1001.00,1.00,1001.00,4.20,0.00,0.00
252809331,Wangaratta (AUS) 18th Jan,To Be Placed,18-01-2026 04:20,93871595,11. Fiore Darancio,0,7.40000000,1.0000,6.4307,1.00,1001.00,1.00,1001.00,1144.42,0.00,0.00
252811293,Hobart (AUS) 18th Jan,To Be Placed,18-01-2026 04:30,69129100,5. Montezulu,0,1.84349322,1.0000,1.6074,1.00,1001.00,1.00,1001.00,1597.30,0.00,0.00
252809399,Mount Barker (AUS) 18th Jan,To Be Placed,18-01-2026 08:55,82344613,5. Immortal Bliss,1,1.39304533,1.0000,1.2762,1.00,1001.00,1.00,1001.00,3356.45,0.00,0.00
252806070,Cowra (AUS) 18th Jan,To Be Placed,18-01-2026 03:30,79066118,4. The Bentley,1,4.20000000,1.0000,3.2583,1.00,1001.00,1.00,1001.00,158.91,0.00,0.00
252851240,Burnie (AUS) 18th Jan,To Be Placed,18-01-2026 03:34,68417245,3. Can Feel The Fury,0,3.35000000,1.0000,2.4515,1.00,1001.00,1.00,1001.00,88.12,0.00,0.00
252809323,Wangaratta (AUS) 18th Jan,To Be Placed,18-01-2026 03:45,93871582,3. Mulgowie,0,27.97990580,1.0000,20.4397,1.00,1001.00,1.00,1001.00,281.27,0.00,0.00
252806055,Armidale (AUS) 18th Jan,To Be Placed,18-01-2026 04:55,65823487,8. Corvette Pride,0,1.82688316,1.0000,1.5037,1.00,1001.00,1.00,1001.00,728.58,0.00,0.00
252809355,Wangaratta (AUS) 18th Jan,To Be Placed,18-01-2026 05:55,93871615,14. Vianarra,0,2.63915600,1.0000,2.3345,1.00,1001.00,1.00,1001.00,214.18,0.00,0.00
252806064,Cowra (AUS) 18th Jan,To Be Placed,18-01-2026 01:45,91485126,2. Bounding Bon,0,2.22000000,1.0000,1.8299,1.00,1001.00,1.00,1001.00,163.73,0.00,0.00
252806070,Cowra (AUS) 18th Jan,To Be Placed,18-01-2026 03:30,15672656,11. La Bella Rosa,0,3.60000000,1.0000,2.3925,1.00,1001.00,1.00,1001.00,178.86,0.00,0.00
252809375,Mount Barker (AUS) 18th Jan,To Be Placed,18-01-2026 05:30,93574804,7. Funky Boy,0,4.60000000,1.0000,1.5090,1.00,1001.00,1.00,1001.00,82.90,0.00,0.00
252809379,Mount Barker (AUS) 18th Jan,To Be Placed,18-01-2026 06:05,53185163,2. Pecos,1,5.20000000,1.0000,3.9874,1.00,1001.00,1.00,1001.00,198.69,0.00,0.00
252809391,Mount Barker (AUS) 18th Jan,To Be Placed,18-01-2026 07:50,5350064,5. Prince,1,1.83192782,1.0000,1.7015,1.00,1001.00,1.00,1001.00,2381.51,0.00,0.00
252851244,Burnie (AUS) 18th Jan,To Be Placed,18-01-2026 04:44,84945260,1. Tassie Dazzler,1,2.56000000,1.0000,2.3727,1.00,1001.00,1.00,1001.00,38.26,0.00,0.00
252809403,Mount Barker (AUS) 18th Jan,To Be Placed,18-01-2026 09:30,93871853,9. Chiminy Blue,0,7.40000000,1.0000,3.4459,1.00,1001.00,1.00,1001.00,149.16,0.00,0.00
252806049,Armidale (AUS) 18th Jan,To Be Placed,18-01-2026 03:40,85283253,12. The Palace,0,4.02952073,1.0000,3.1096,1.00,1001.00,1.00,1001.00,354.46,0.00,0.00
252809395,Mount Barker (AUS) 18th Jan,To Be Placed,18-01-2026 08:20,82046918,6. Bonny Rock,0,1.79000000,1.0000,1.5960,1.00,1001.00,1.00,1001.00,887.72,0.00,0.00
252809315,Wangaratta (AUS) 18th Jan,To Be Placed,18-01-2026 03:10,93871578,12. Zuleika,0,5.95491619,1.0000,2.2539,1.00,1001.00,1.00,1001.00,597.98,0.00,0.00
252806128,Stony Creek (AUS) 18th Jan,To Be Placed,18-01-2026 05:40,84146915,12. Littlebirdie,0,8.71892404,1.0000,5.9949,1.00,1001.00,1.00,1001.00,683.63,0.00,0.00
252806043,Armidale (AUS) 18th Jan,To Be Placed,18-01-2026 02:30,93870863,5. Nikodys Casper,0,6.20000000,1.0000,3.1436,1.00,1001.00,1.00,1001.00,230.11,0.00,0.00
252809307,Wangaratta (AUS) 18th Jan,To Be Placed,18-01-2026 02:35,78813199,9. Brookers Turbo,0,36.00438796,1.0000,25.0563,1.00,1001.00,1.00,1001.00,201.54,0.00,0.00
252851240,Burnie (AUS) 18th Jan,To Be Placed,18-01-2026 03:34,3088678,1. Denny,1,3.65000000,1.0000,,1.00,1001.00,1.00,1001.00,15.38,0.00,0.00
252852600,Cranbourne (AUS) 18th Jan,To Be Placed,18-01-2026 10:53,88747879,6. In High Places,0,1.86710000,1.0000,1.4055,1.00,1001.00,1.00,1001.00,44.53,0.00,0.00
252811287,Hobart (AUS) 18th Jan,To Be Placed,18-01-2026 03:55,78977558,6. Zany Girl,0,1.89000000,1.0000,1.7746,1.00,1001.00,1.00,1001.00,2570.89,0.00,0.00
252852594,Cranbourne (AUS) 18th Jan,To Be Placed,18-01-2026 08:44,93497003,7. Rocknroll Rocket,0,1.37000000,1.0000,1.3054,1.00,1001.00,1.00,1001.00,303.66,0.00,0.00
252809383,Mount Barker (AUS) 18th Jan,To Be Placed,18-01-2026 06:35,54405681,2. Deadly And Fast,1,3.10000000,1.0000,2.3280,1.00,1001.00,1.00,1001.00,615.89,0.00,0.00
252806107,Stony Creek (AUS) 18th Jan,To Be Placed,18-01-2026 04:00,1193192,2. Gentleman Jim,0,15.00000000,1.0000,7.6926,1.00,1001.00,1.00,1001.00,258.94,0.00,0.00
252806055,Armidale (AUS) 18th Jan,To Be Placed,18-01-2026 04:55,93870869,1. Parana River,0,2.12000000,1.0000,1.7804,1.00,1001.00,1.00,1001.00,276.47,0.00,0.00
252806043,Armidale (AUS) 18th Jan,To Be Placed,18-01-2026 02:30,93870859,1. Cada Estrella,1,1.69761212,1.0000,1.4063,1.00,1001.00,1.00,1001.00,1299.96,0.00,0.00
252809387,Mount Barker (AUS) 18th Jan,To Be Placed,18-01-2026 07:15,79456591,1. Delicate Ruler,0,14.50000000,1.0000,8.0314,1.00,1001.00,1.00,1001.00,138.29,0.00,0.00
252851250,Burnie (AUS) 18th Jan,To Be Placed,18-01-2026 06:19,5198092,8. Ambiguous,0,7.00000000,1.0000,4.7803,1.00,1001.00,1.00,1001.00,142.52,0.00,0.00
252852600,Cranbourne (AUS) 18th Jan,To Be Placed,18-01-2026 10:53,93466937,2. Laras Dream,1,3.70000000,1.0000,3.6404,1.00,1001.00,1.00,1001.00,165.10,0.00,0.00
252852598,Cranbourne (AUS) 18th Jan,To Be Placed,18-01-2026 10:20,74854065,7. Straight To Thetop,1,1.54539361,1.0000,1.4244,1.00,1001.00,1.00,1001.00,372.91,0.00,0.00
252806076,Cowra (AUS) 18th Jan,To Be Placed,18-01-2026 04:40,37051900,9. Blackhill Kitty,0,19.50000000,1.0000,10.1475,1.00,1001.00,1.00,1001.00,59.58,0.00,0.00
252809375,Mount Barker (AUS) 18th Jan,To Be Placed,18-01-2026 05:30,71839244,1. Maid An Offer,0,10.50000000,1.0000,2.4395,1.00,1001.00,1.00,1001.00,118.78,0.00,0.00
252809379,Mount Barker (AUS) 18th Jan,To Be Placed,18-01-2026 06:05,72857750,3. Ah Kum,0,1.72772124,1.0000,1.5736,1.00,1001.00,1.00,1001.00,1196.61,0.00,0.00
252851244,Burnie (AUS) 18th Jan,To Be Placed,18-01-2026 04:44,84472813,4. Alby Priddy,0,5.40000000,1.0000,1.1558,1.00,1001.00,1.00,1001.00,9.84,0.00,0.00
252811293,Hobart (AUS) 18th Jan,To Be Placed,18-01-2026 04:30,26433224,4. Gingerson,0,2.48000000,1.0000,1.4810,1.00,1001.00,1.00,1001.00,400.84,0.00,0.00
252809355,Wangaratta (AUS) 18th Jan,To Be Placed,18-01-2026 05:55,93871613,9. Lensman,1,3.27871413,1.0000,2.4351,1.00,1001.00,1.00,1001.00,730.89,0.00,0.00
252851246,Burnie (AUS) 18th Jan,To Be Placed,18-01-2026 05:14,535361,3. Memphis,0,2.25272957,1.0000,2.0771,1.00,1001.00,1.00,1001.00,331.11,0.00,0.00
252806070,Cowra (AUS) 18th Jan,To Be Placed,18-01-2026 03:30,93239754,12. Revenue Raiser,0,1.72000000,1.0000,1.5506,1.00,1001.00,1.00,1001.00,768.82,0.00,0.00
252809371,Mount Barker (AUS) 18th Jan,To Be Placed,18-01-2026 05:00,93871834,9. Nistirith,1,1.30779491,1.0000,1.3045,1.00,1001.00,1.00,1001.00,2550.10,0.00,0.00
252809403,Mount Barker (AUS) 18th Jan,To Be Placed,18-01-2026 09:30,60816314,1. Pretty Devine,0,5.39345482,1.0000,3.0234,1.00,1001.00,1.00,1001.00,530.88,0.00,0.00
252809375,Mount Barker (AUS) 18th Jan,To Be Placed,18-01-2026 05:30,4766921,15. Perfect Timing,0,36.00000000,1.0000,15.8163,1.00,1001.00,1.00,1001.00,38.12,0.00,0.00
252806135,Stony Creek (AUS) 18th Jan,To Be Placed,18-01-2026 06:10,68674077,6. Bob The Horse,1,2.21166001,1.0000,1.6517,1.00,1001.00,1.00,1001.00,762.99,0.00,0.00
252809307,Wangaratta (AUS) 18th Jan,To Be Placed,18-01-2026 02:35,93871561,5. Darwinian,0,4.70000000,1.0000,3.7212,1.00,1001.00,1.00,1001.00,366.63,0.00,0.00
252806085,Cowra (AUS) 18th Jan,To Be Placed,18-01-2026 06:40,69421528,10. Astunner,0,2.52000000,1.0000,1.7710,1.00,1001.00,1.00,1001.00,371.81,0.00,0.00
