race_id,date,start,race_name,horse_id,horse_name,program_num,rank,market_odds,is_win
18775,2025-12-31,13:30,PRÓBAFUTAM,7113,Gombóc Artúr,1,1.,,1
18774,2025-12-31,13:15,Q41 KVALIFIKÁCIÓ,7419,Habibi,1,1.,,1
18774,2025-12-31,13:15,Q41 KVALIFIKÁCIÓ,7344,Highland Fling,2,gal.,,0
18776,2025-12-31,14:00,NYEREGBE! DÍJ,7144,Giadaz,5,I.,2.9,0
18776,2025-12-31,14:00,NYEREGBE! DÍJ,7480,Mon Cherie C.G.,7,II.,9.7,0
18776,2025-12-31,14:00,NYEREGBE! DÍJ,7192,Grófnő R.,3,III.,4.0,0
18776,2025-12-31,14:00,NYEREGBE! DÍJ,7371,Tequila,6,IV.,2.5,0
18776,2025-12-31,14:00,NYEREGBE! DÍJ,7125,Florenza,4,V.,19.1,0
18776,2025-12-31,14:00,NYEREGBE! DÍJ,7242,Golden Rose OZ,2,6.,17.3,0
18776,2025-12-31,14:00,NYEREGBE! DÍJ,7325,Great Fille,1,7táv.,38.3,0
18776,2025-12-31,14:00,NYEREGBE! DÍJ,7086,Fakta,8,tü.,31.6,0
18776,2025-12-31,14:00,NYEREGBE! DÍJ,7358,Fiona May,9,gal.,4.7,0
18785,2025-12-31,14:30,"PINTÉR TAMÁS ""OROSZLÁN"" EMLÉKVERSENY HENDIKEP",6340,Cunami,5,I.,9.2,0
18785,2025-12-31,14:30,"PINTÉR TAMÁS ""OROSZLÁN"" EMLÉKVERSENY HENDIKEP",6308,Csábító R.,8,II.,4.8,0
18785,2025-12-31,14:30,"PINTÉR TAMÁS ""OROSZLÁN"" EMLÉKVERSENY HENDIKEP",6700,Escobar,1,III.,2.3,0
18785,2025-12-31,14:30,"PINTÉR TAMÁS ""OROSZLÁN"" EMLÉKVERSENY HENDIKEP",7173,Jula Netprice,9,IV.,3.0,0
18785,2025-12-31,14:30,"PINTÉR TAMÁS ""OROSZLÁN"" EMLÉKVERSENY HENDIKEP",7136,First Home,7,V.,8.7,0
18785,2025-12-31,14:30,"PINTÉR TAMÁS ""OROSZLÁN"" EMLÉKVERSENY HENDIKEP",6310,Compact Boy,6,6.,22.3,0
18785,2025-12-31,14:30,"PINTÉR TAMÁS ""OROSZLÁN"" EMLÉKVERSENY HENDIKEP",6617,Diófás,3,7.,8.2,0
18785,2025-12-31,14:30,"PINTÉR TAMÁS ""OROSZLÁN"" EMLÉKVERSENY HENDIKEP",5905,Adamo Fling,4,8.,31.9,0
18785,2025-12-31,14:30,"PINTÉR TAMÁS ""OROSZLÁN"" EMLÉKVERSENY HENDIKEP",6704,Emerald,10,9.,33.0,0
18785,2025-12-31,14:30,"PINTÉR TAMÁS ""OROSZLÁN"" EMLÉKVERSENY HENDIKEP",6018,Bonus RG,2,gal.,20.3,0
18782,2025-12-31,16:04,KINCSEM+ TUTI - ZENTHE FERENC EMLÉKVERSENY HENDIKEP,6021,Anna,8,I.,3.6,0
18782,2025-12-31,16:04,KINCSEM+ TUTI - ZENTHE FERENC EMLÉKVERSENY HENDIKEP,5288,Usain,5,II.,16.4,0
18782,2025-12-31,16:04,KINCSEM+ TUTI - ZENTHE FERENC EMLÉKVERSENY HENDIKEP,5960,Ann Bella M,6,III.,7.9,0
18782,2025-12-31,16:04,KINCSEM+ TUTI - ZENTHE FERENC EMLÉKVERSENY HENDIKEP,6435,Ducks,9,IV.,2.5,0
18782,2025-12-31,16:04,KINCSEM+ TUTI - ZENTHE FERENC EMLÉKVERSENY HENDIKEP,6438,Danny DeVito,3,V.,4.0,0
18782,2025-12-31,16:04,KINCSEM+ TUTI - ZENTHE FERENC EMLÉKVERSENY HENDIKEP,5247,Universal Boy,1,VI.,16.9,0
18782,2025-12-31,16:04,KINCSEM+ TUTI - ZENTHE FERENC EMLÉKVERSENY HENDIKEP,6153,Bing Crosby AT,2,7.,18.6,0
18782,2025-12-31,16:04,KINCSEM+ TUTI - ZENTHE FERENC EMLÉKVERSENY HENDIKEP,6679,Inforgettable,7,gal.,3.9,0
18779,2025-12-31,15:36,ENERGY BOOST DÍJ,6864,In Love Danover,7,I.,7.4,0
18779,2025-12-31,15:36,ENERGY BOOST DÍJ,7171,Peter Piper,6,II.,9.3,0
18779,2025-12-31,15:36,ENERGY BOOST DÍJ,7001,Fárosz,8,III.,8.2,0
18779,2025-12-31,15:36,ENERGY BOOST DÍJ,6898,Euzébió,3,IV.,2.3,0
18779,2025-12-31,15:36,ENERGY BOOST DÍJ,7363,Flying Dancer,1,V.,12.0,0
18779,2025-12-31,15:36,ENERGY BOOST DÍJ,6965,Felhők felett,2,6.,3.1,0
18779,2025-12-31,15:36,ENERGY BOOST DÍJ,7471,Doktor Adri,4,7.,16.4,0
18779,2025-12-31,15:36,ENERGY BOOST DÍJ,7336,Extra George,9,8.,11.7,0
18779,2025-12-31,15:36,ENERGY BOOST DÍJ,7375,Lola Dragon,10,9.,25.2,0
18779,2025-12-31,15:36,ENERGY BOOST DÍJ,6901,Eastwood,5,gal.,10.4,0
18784,2025-12-31,16:17,BET.LOVI.HU - BUBIK ISTVÁN EMLÉKVERSENY HENDIKEP,6066,Berill Lady,7,I.,3.8,0
18784,2025-12-31,16:17,BET.LOVI.HU - BUBIK ISTVÁN EMLÉKVERSENY HENDIKEP,5570,Villeneuve,6,II.,1.8,0
18784,2025-12-31,16:17,BET.LOVI.HU - BUBIK ISTVÁN EMLÉKVERSENY HENDIKEP,6328,Credit Card,4,III.,12.7,0
18784,2025-12-31,16:17,BET.LOVI.HU - BUBIK ISTVÁN EMLÉKVERSENY HENDIKEP,5228,Uptown Boy M,3,IV.,6.8,0
18784,2025-12-31,16:17,BET.LOVI.HU - BUBIK ISTVÁN EMLÉKVERSENY HENDIKEP,6657,Dreamer,2,V.,8.4,0
18784,2025-12-31,16:17,BET.LOVI.HU - BUBIK ISTVÁN EMLÉKVERSENY HENDIKEP,6342,Carlos Fox,5,VI.,9.0,0
18784,2025-12-31,16:17,BET.LOVI.HU - BUBIK ISTVÁN EMLÉKVERSENY HENDIKEP,5325,Ultimate Force,8,gal.,4.8,0
18780,2025-12-31,16:53,TIPPMIX - LOVAREGYLETI DÍJ,7428,Pure Muscle,7,I.,4.7,0
18780,2025-12-31,16:53,TIPPMIX - LOVAREGYLETI DÍJ,6514,El Valle Sagrado,2,II.,4.1,0
18780,2025-12-31,16:53,TIPPMIX - LOVAREGYLETI DÍJ,6355,Coach Degli Dei,3,III.,7.7,0
18780,2025-12-31,16:53,TIPPMIX - LOVAREGYLETI DÍJ,5906,Anybody,4,IV.,11.7,0
18780,2025-12-31,16:53,TIPPMIX - LOVAREGYLETI DÍJ,6261,Be Happy,1,V.,13.7,0
18780,2025-12-31,16:53,TIPPMIX - LOVAREGYLETI DÍJ,6783,Enjoy,6,6.,1.4,0
18780,2025-12-31,16:53,TIPPMIX - LOVAREGYLETI DÍJ,7253,Baria TRGF Risaia,5,7.,25.4,0
18781,2025-12-31,17:52,HUNGARIA PEZSGŐ HENDIKEP,6927,Fast Track,2,I.,3.2,0
18781,2025-12-31,17:52,HUNGARIA PEZSGŐ HENDIKEP,4968,Titus Livius,10,II.,8.3,0
18781,2025-12-31,17:52,HUNGARIA PEZSGŐ HENDIKEP,5700,Vezér,4,III.,6.3,0
18781,2025-12-31,17:52,HUNGARIA PEZSGŐ HENDIKEP,6343,Chicago,5,IV.,6.6,0
18781,2025-12-31,17:52,HUNGARIA PEZSGŐ HENDIKEP,6999,First Lady KJ,3,V.,5.4,0
18781,2025-12-31,17:52,HUNGARIA PEZSGŐ HENDIKEP,6674,Démon Jewel GG,6,6.,2.9,0
18781,2025-12-31,17:52,HUNGARIA PEZSGŐ HENDIKEP,7194,Gyémánt Lady,1,7.,3.4,0
18777,2025-12-31,18:31,SZILVESZTERI DÍJ,7188,Győcike,5,I.,4.0,0
18777,2025-12-31,18:31,SZILVESZTERI DÍJ,6918,Front of the Line,6,II.,4.8,0
18777,2025-12-31,18:31,SZILVESZTERI DÍJ,7054,Fánia BD,8,III.,9.1,0
18777,2025-12-31,18:31,SZILVESZTERI DÍJ,7190,Gucci,4,IV.,6.2,0
18777,2025-12-31,18:31,SZILVESZTERI DÍJ,7330,Emilia Adri,9,V.,3.3,0
18777,2025-12-31,18:31,SZILVESZTERI DÍJ,7370,Another Star,11,6.,28.2,0
18777,2025-12-31,18:31,SZILVESZTERI DÍJ,6057,Bitangjó,7,7.,12.4,0
18777,2025-12-31,18:31,SZILVESZTERI DÍJ,7106,Gentleman Jack,12,8.,11.7,0
18777,2025-12-31,18:31,SZILVESZTERI DÍJ,6966,Eagle GG,3,9.,25.9,0
18777,2025-12-31,18:31,SZILVESZTERI DÍJ,7191,Glitter Lady,1,10.,9.4,0
18777,2025-12-31,18:31,SZILVESZTERI DÍJ,7079,Griff Grand Laser,2,gal.,20.3,0
18777,2025-12-31,18:31,SZILVESZTERI DÍJ,7187,Genesis,10,gal.,18.2,0
18778,2025-12-31,19:12,AZ ÖKUMENIKUS SEGÉLYSZERVEZET DÍJA,7185,Győztes Szív,2,I.,1.5,0
18778,2025-12-31,19:12,AZ ÖKUMENIKUS SEGÉLYSZERVEZET DÍJA,6987,Fabrice,8,II.,12.9,0
18778,2025-12-31,19:12,AZ ÖKUMENIKUS SEGÉLYSZERVEZET DÍJA,7255,Top Hill,7,III.,5.8,0
18778,2025-12-31,19:12,AZ ÖKUMENIKUS SEGÉLYSZERVEZET DÍJA,6702,Ezigen,6,IV.,7.1,0
18778,2025-12-31,19:12,AZ ÖKUMENIKUS SEGÉLYSZERVEZET DÍJA,7314,Anointed,4,V.,8.6,0
18778,2025-12-31,19:12,AZ ÖKUMENIKUS SEGÉLYSZERVEZET DÍJA,7034,Formula,1,6.,5.8,0
18778,2025-12-31,19:12,AZ ÖKUMENIKUS SEGÉLYSZERVEZET DÍJA,6936,Aaron LV,3,7.,16.0,0
18778,2025-12-31,19:12,AZ ÖKUMENIKUS SEGÉLYSZERVEZET DÍJA,7396,Fiamma Sn,9,8.,23.2,0
18778,2025-12-31,19:12,AZ ÖKUMENIKUS SEGÉLYSZERVEZET DÍJA,6727,Västerbo No Edge,5,9.,19.0,0
18783,2025-12-31,19:43,B.Ú.É.K. 2026 HENDIKEP,6358,Calvin,7,I.,6.9,0
18783,2025-12-31,19:43,B.Ú.É.K. 2026 HENDIKEP,5725,Zente,8,II.,2.7,0
18783,2025-12-31,19:43,B.Ú.É.K. 2026 HENDIKEP,7094,Full Speed,1,III.,2.8,0
18783,2025-12-31,19:43,B.Ú.É.K. 2026 HENDIKEP,6995,Fany,3,IV.,5.8,0
18783,2025-12-31,19:43,B.Ú.É.K. 2026 HENDIKEP,6782,Downtown Girl M,5,V.,8.2,0
18783,2025-12-31,19:43,B.Ú.É.K. 2026 HENDIKEP,5925,Anikó,4,6.,8.9,0
18783,2025-12-31,19:43,B.Ú.É.K. 2026 HENDIKEP,6307,Csípkedd Magad!,2,7.,8.6,0
18783,2025-12-31,19:43,B.Ú.É.K. 2026 HENDIKEP,6121,Farya BD,6,8.,11.7,0
18773,2025-12-20,11:00,PRÓBAFUTAM,6121,Farya BD,1,1.,,1
18771,2025-12-20,10:30,Q39 KVALIFIKÁCIÓ,7392,Herkules K,2,1.,,1
18771,2025-12-20,10:30,Q39 KVALIFIKÁCIÓ,7419,Habibi,1,2.,,0
18772,2025-12-20,10:45,Q40 KVALIFIKÁCIÓ,7477,Gallius CD,1,1.,,1
18763,2025-12-20,11:30,NYERETLEN KÉTÉVESEK VERSENYE,7415,Hugo CD,6,I.,2.3,0
18763,2025-12-20,11:30,NYERETLEN KÉTÉVESEK VERSENYE,7429,Hippy Glory K,9,II.,1.9,0
18763,2025-12-20,11:30,NYERETLEN KÉTÉVESEK VERSENYE,7267,Habi K,5,III.,,0
18763,2025-12-20,11:30,NYERETLEN KÉTÉVESEK VERSENYE,7262,Holdem Poker,4,IV.,,0
18763,2025-12-20,11:30,NYERETLEN KÉTÉVESEK VERSENYE,7422,Hilaria Fling,3,V.,,0
18763,2025-12-20,11:30,NYERETLEN KÉTÉVESEK VERSENYE,7400,Hites,1,6.,,0
18763,2025-12-20,11:30,NYERETLEN KÉTÉVESEK VERSENYE,7461,Happy Lady VT,2,gal.,,0
18763,2025-12-20,11:30,NYERETLEN KÉTÉVESEK VERSENYE,7261,Hell Energy,7,gal.,1.9,0
18768,2025-12-20,12:00,2025. ÉVI SEGÉDHAJTÓ KUPA VI. FUTAMA HENDIKEP,7188,Győcike,6,I.,3.2,0
18768,2025-12-20,12:00,2025. ÉVI SEGÉDHAJTÓ KUPA VI. FUTAMA HENDIKEP,5925,Anikó,8,II.,4.9,0
18768,2025-12-20,12:00,2025. ÉVI SEGÉDHAJTÓ KUPA VI. FUTAMA HENDIKEP,5721,Zippy Boy,4,III.,9.2,0
18768,2025-12-20,12:00,2025. ÉVI SEGÉDHAJTÓ KUPA VI. FUTAMA HENDIKEP,6153,Bing Crosby AT,2,IV.,2.1,0
18768,2025-12-20,12:00,2025. ÉVI SEGÉDHAJTÓ KUPA VI. FUTAMA HENDIKEP,7199,Gingerly KJ,5,V.,21.5,0
18768,2025-12-20,12:00,2025. ÉVI SEGÉDHAJTÓ KUPA VI. FUTAMA HENDIKEP,6919,Fermina Daza,3,6.,6.4,0
18768,2025-12-20,12:00,2025. ÉVI SEGÉDHAJTÓ KUPA VI. FUTAMA HENDIKEP,6312,Bongiovi,1,7.,16.1,0
18768,2025-12-20,12:00,2025. ÉVI SEGÉDHAJTÓ KUPA VI. FUTAMA HENDIKEP,6692,Excellence,7,8.,8.0,0
18764,2025-12-20,12:39,ADVENTI DÍJ,7142,Gresham Palace,1,I.,2.1,0
18764,2025-12-20,12:39,ADVENTI DÍJ,7371,Tequila,7,II.,3.3,0
18764,2025-12-20,12:39,ADVENTI DÍJ,7345,Esperanto,5,III.,27.8,0
18764,2025-12-20,12:39,ADVENTI DÍJ,7064,Ganybody,4,IV.,22.6,0
18764,2025-12-20,12:39,ADVENTI DÍJ,7242,Golden Rose OZ,6,V.,36.2,0
18764,2025-12-20,12:39,ADVENTI DÍJ,7194,Gyémánt Lady,10,6.,6.7,0
18764,2025-12-20,12:39,ADVENTI DÍJ,7241,Gigant Ris,3,7.,20.1,0
18764,2025-12-20,12:39,ADVENTI DÍJ,7338,Glory Grant K,11,8.,5.1,0
18764,2025-12-20,12:39,ADVENTI DÍJ,7192,Grófnő R.,8,9.,14.4,0
18764,2025-12-20,12:39,ADVENTI DÍJ,7125,Florenza,9,kih.,7.1,0
18769,2025-12-20,13:08,JÉGVIRÁG HENDIKEP,6657,Dreamer,4,I.,21.4,0
18769,2025-12-20,13:08,JÉGVIRÁG HENDIKEP,6703,Etalon N,8,II.,42.8,0
18769,2025-12-20,13:08,JÉGVIRÁG HENDIKEP,6330,Che Comandante,6,III.,2.2,0
18769,2025-12-20,13:08,JÉGVIRÁG HENDIKEP,6507,Despasito,3,IV.,4.5,0
18769,2025-12-20,13:08,JÉGVIRÁG HENDIKEP,6690,Enterprise,10,V.,4.4,0
18769,2025-12-20,13:08,JÉGVIRÁG HENDIKEP,5625,Vanderle,2,6.,18.3,0
18769,2025-12-20,13:08,JÉGVIRÁG HENDIKEP,7370,Another Star,5,7.,7.5,0
18769,2025-12-20,13:08,JÉGVIRÁG HENDIKEP,6782,Downtown Girl M,9,8.,11.6,0
18769,2025-12-20,13:08,JÉGVIRÁG HENDIKEP,6546,Count Basie AT,1,gal.,5.1,0
18769,2025-12-20,13:08,JÉGVIRÁG HENDIKEP,6962,Flinga VT,7,gal.,18.3,0
18765,2025-12-20,13:40,DECEMBERI DÍJ,7054,Fánia BD,2,I.,2.8,0
18765,2025-12-20,13:40,DECEMBERI DÍJ,7106,Gentleman Jack,4,II.,4.4,0
18765,2025-12-20,13:40,DECEMBERI DÍJ,7190,Gucci,3,III.,2.6,0
18765,2025-12-20,13:40,DECEMBERI DÍJ,7085,El Nino N,6,IV.,5.3,0
18765,2025-12-20,13:40,DECEMBERI DÍJ,7079,Griff Grand Laser,8,V.,16.7,0
18765,2025-12-20,13:40,DECEMBERI DÍJ,7475,Glory VDO,5,6.,12.5,0
18765,2025-12-20,13:40,DECEMBERI DÍJ,6706,Eperke,7,gal.,9.4,0
18765,2025-12-20,13:40,DECEMBERI DÍJ,7116,Golden Girl,1,disq.,12.5,0
18767,2025-12-20,14:07,HÓVIRÁG HENDIKEP,7191,Glitter Lady,5,I.,5.3,0
18767,2025-12-20,14:07,HÓVIRÁG HENDIKEP,6999,First Lady KJ,1,II.,11.5,0
18767,2025-12-20,14:07,HÓVIRÁG HENDIKEP,7094,Full Speed,8,III.,1.3,0
18767,2025-12-20,14:07,HÓVIRÁG HENDIKEP,5695,Vinifera M,4,IV.,17.3,0
18767,2025-12-20,14:07,HÓVIRÁG HENDIKEP,5700,Vezér,2,V.,7.7,0
18767,2025-12-20,14:07,HÓVIRÁG HENDIKEP,6927,Fast Track,3,6.,9.9,0
18767,2025-12-20,14:07,HÓVIRÁG HENDIKEP,7086,Fakta,6,7.,34.6,0
18767,2025-12-20,14:07,HÓVIRÁG HENDIKEP,6982,Farkasfog,7,gal.,6.9,0
18766,2025-12-20,14:35,MANOOI DÍJ,6929,Fendi,5,I.,5.2,0
18766,2025-12-20,14:35,MANOOI DÍJ,6704,Emerald,3,II.,15.0,0
18766,2025-12-20,14:35,MANOOI DÍJ,6727,Västerbo No Edge,1,III.,12.0,0
18766,2025-12-20,14:35,MANOOI DÍJ,7171,Peter Piper,7,IV.,2.0,0
18766,2025-12-20,14:35,MANOOI DÍJ,7001,Fárosz,8,V.,6.6,0
18766,2025-12-20,14:35,MANOOI DÍJ,6261,Be Happy,9,6.,5.4,0
18766,2025-12-20,14:35,MANOOI DÍJ,6898,Euzébió,6,7.,4.4,0
18766,2025-12-20,14:35,MANOOI DÍJ,7394,Furio Ferm,2,8.,40.1,0
18766,2025-12-20,14:35,MANOOI DÍJ,6328,Credit Card,4,9.,20.0,0
18770,2025-12-20,15:03,KARÁCSONYI HENDIKEP,6360,Chip Chip Chip,2,I.,1.5,0
18770,2025-12-20,15:03,KARÁCSONYI HENDIKEP,6983,Fondorlat,3,II.,5.7,0
18770,2025-12-20,15:03,KARÁCSONYI HENDIKEP,6018,Bonus RG,6,III.,3.2,0
18770,2025-12-20,15:03,KARÁCSONYI HENDIKEP,6342,Carlos Fox,4,IV.,6.4,0
18770,2025-12-20,15:03,KARÁCSONYI HENDIKEP,7193,Grazia,1,V.,5.7,0
18753,2025-12-13,10:46,Q37 KVALIFIKÁCIÓ,7419,Habibi,1,1.,,1
18754,2025-12-13,11:00,Q38 KVALIFIKÁCIÓ,7142,Gresham Palace,2,1.,,1
18754,2025-12-13,11:00,Q38 KVALIFIKÁCIÓ,7101,Golden Boy,1,2.,,0
18755,2025-12-13,11:30,NYERETLENEK VERSENYE - LUCKY LUKE DÍJ,7192,Grófnő R.,5,I.,1.7,0
18755,2025-12-13,11:30,NYERETLENEK VERSENYE - LUCKY LUKE DÍJ,7414,Fusion,7,II.,4.4,0
18755,2025-12-13,11:30,NYERETLENEK VERSENYE - LUCKY LUKE DÍJ,7345,Esperanto,6,III.,2.2,0
18755,2025-12-13,11:30,NYERETLENEK VERSENYE - LUCKY LUKE DÍJ,7064,Ganybody,3,IV.,8.8,0
18755,2025-12-13,11:30,NYERETLENEK VERSENYE - LUCKY LUKE DÍJ,7325,Great Fille,4,V.,8.8,0
18755,2025-12-13,11:30,NYERETLENEK VERSENYE - LUCKY LUKE DÍJ,7368,Rafaela BD,1,6.,,0
18755,2025-12-13,11:30,NYERETLENEK VERSENYE - LUCKY LUKE DÍJ,7201,Renebell BD,2,7.,,0
18762,2025-12-13,12:00,BELAMI DÍJ,7185,Győztes Szív,1,I.,1.7,0
18762,2025-12-13,12:00,BELAMI DÍJ,7127,Francesca,4,II.,3.5,0
18762,2025-12-13,12:00,BELAMI DÍJ,6700,Escobar,3,III.,3.0,0
18762,2025-12-13,12:00,BELAMI DÍJ,7034,Formula,2,IV.,4.3,0
18762,2025-12-13,12:00,BELAMI DÍJ,6442,Dulcinea del Toboso,5,V.,19.7,0
18762,2025-12-13,12:00,BELAMI DÍJ,6706,Eperke,6,6táv.,39.4,0
18760,2025-12-13,12:30,2025. ÉVI KINCSEM PARK KUPA VI. FUTAMA HENDIKEP,5564,Valentino,6,I.,1.8,0
18760,2025-12-13,12:30,2025. ÉVI KINCSEM PARK KUPA VI. FUTAMA HENDIKEP,6307,Csípkedd Magad!,5,II.,3.2,0
18760,2025-12-13,12:30,2025. ÉVI KINCSEM PARK KUPA VI. FUTAMA HENDIKEP,5700,Vezér,1,III.,,0
18760,2025-12-13,12:30,2025. ÉVI KINCSEM PARK KUPA VI. FUTAMA HENDIKEP,5721,Zippy Boy,2,IV.,,0
18760,2025-12-13,12:30,2025. ÉVI KINCSEM PARK KUPA VI. FUTAMA HENDIKEP,5907,Always Winner,7,V.,3.2,0
18760,2025-12-13,12:30,2025. ÉVI KINCSEM PARK KUPA VI. FUTAMA HENDIKEP,5904,Australian Gold,4,6.,16.3,0
18760,2025-12-13,12:30,2025. ÉVI KINCSEM PARK KUPA VI. FUTAMA HENDIKEP,6692,Excellence,3,7.,4.0,0
18756,2025-12-13,13:02,TIME TO SAY GOODBYE DÍJ,7330,Emilia Adri,9,I.,5.6,0
18756,2025-12-13,13:02,TIME TO SAY GOODBYE DÍJ,7403,Baiyoke Sky,6,II.,1.4,0
18756,2025-12-13,13:02,TIME TO SAY GOODBYE DÍJ,7079,Griff Grand Laser,3,III.,43.5,0
18756,2025-12-13,13:02,TIME TO SAY GOODBYE DÍJ,7349,Torra LV,8,IV.,4.9,0
18756,2025-12-13,13:02,TIME TO SAY GOODBYE DÍJ,7190,Gucci,7,V.,22.9,0
18756,2025-12-13,13:02,TIME TO SAY GOODBYE DÍJ,7189,Galatea,4,6.,43.5,0
18756,2025-12-13,13:02,TIME TO SAY GOODBYE DÍJ,7480,Mon Cherie C.G.,2,7.,7.9,0
18756,2025-12-13,13:02,TIME TO SAY GOODBYE DÍJ,7358,Fiona May,1,gal.,9.4,0
18756,2025-12-13,13:02,TIME TO SAY GOODBYE DÍJ,7054,Fánia BD,5,gal.,12.4,0
18759,2025-12-13,13:30,NEBULÓ HENDIKEP,7110,Guinevere,2,I.,2.7,0
18759,2025-12-13,13:30,NEBULÓ HENDIKEP,5925,Anikó,4,II.,7.7,0
18759,2025-12-13,13:30,NEBULÓ HENDIKEP,7191,Glitter Lady,1,III.,38.7,0
18759,2025-12-13,13:30,NEBULÓ HENDIKEP,5247,Universal Boy,3,IV.,9.6,0
18759,2025-12-13,13:30,NEBULÓ HENDIKEP,7199,Gingerly KJ,6,V.,3.2,0
18759,2025-12-13,13:30,NEBULÓ HENDIKEP,6966,Eagle GG,5,6.,12.9,0
18759,2025-12-13,13:30,NEBULÓ HENDIKEP,7010,Blanka BBM,7,7.,9.6,0
18759,2025-12-13,13:30,NEBULÓ HENDIKEP,6262,Bronz Boy,8,gal.,2.7,0
18757,2025-12-13,14:05,SIPOS TAMÁS EMLÉKVERSENY,7428,Pure Muscle,7,I.,1.5,0
18757,2025-12-13,14:05,SIPOS TAMÁS EMLÉKVERSENY,7375,Lola Dragon,2,II.,6.0,0
18757,2025-12-13,14:05,SIPOS TAMÁS EMLÉKVERSENY,6261,Be Happy,1,III.,7.0,0
18757,2025-12-13,14:05,SIPOS TAMÁS EMLÉKVERSENY,7253,Baria TRGF Risaia,3,IV.,,0
18757,2025-12-13,14:05,SIPOS TAMÁS EMLÉKVERSENY,5906,Anybody,6,V.,3.5,0
18757,2025-12-13,14:05,SIPOS TAMÁS EMLÉKVERSENY,7471,Doktor Adri,4,6.,7.0,0
18757,2025-12-13,14:05,SIPOS TAMÁS EMLÉKVERSENY,5325,Ultimate Force,5,gal.,14.0,0
18758,2025-12-13,14:30,SIMB ILLUSION HENDIKEP,6770,Top of Climb,6,I.,1.3,0
18758,2025-12-13,14:30,SIMB ILLUSION HENDIKEP,6674,Démon Jewel GG,4,II.,3.0,0
18758,2025-12-13,14:30,SIMB ILLUSION HENDIKEP,7194,Gyémánt Lady,2,III.,16.0,0
18758,2025-12-13,14:30,SIMB ILLUSION HENDIKEP,6927,Fast Track,3,III.,4.3,0
18758,2025-12-13,14:30,SIMB ILLUSION HENDIKEP,6999,First Lady KJ,1,V.,24.1,0
18758,2025-12-13,14:30,SIMB ILLUSION HENDIKEP,6378,Chesterfield,5,6.,24.1,0
18761,2025-12-13,15:03,OMNIA HENDIKEP,6472,Dumbledore,3,I.,4.4,0
18761,2025-12-13,15:03,OMNIA HENDIKEP,6899,Eunike T Boko,4,II.,8.0,0
18761,2025-12-13,15:03,OMNIA HENDIKEP,6066,Berill Lady,9,III.,5.7,0
18761,2025-12-13,15:03,OMNIA HENDIKEP,6704,Emerald,8,IV.,,0
18761,2025-12-13,15:03,OMNIA HENDIKEP,6861,Emeli Sandé A.T.,6,V.,20.0,0
18761,2025-12-13,15:03,OMNIA HENDIKEP,6983,Fondorlat,2,6.,20.0,0
18761,2025-12-13,15:03,OMNIA HENDIKEP,7329,Exclusive Adri,1,7.,40.1,0
18761,2025-12-13,15:03,OMNIA HENDIKEP,6934,Zaira LV,5,8.,2.3,0
18761,2025-12-13,15:03,OMNIA HENDIKEP,6310,Compact Boy,11,9.,13.3,0
18761,2025-12-13,15:03,OMNIA HENDIKEP,5905,Adamo Fling,10,10.,,0
18761,2025-12-13,15:03,OMNIA HENDIKEP,6617,Diófás,7,11táv.,3.0,0
18742,2025-12-06,10:15,Q35 KVALIFIKÁCIÓ,7385,Holy Boy,2,1.,,1
18742,2025-12-06,10:15,Q35 KVALIFIKÁCIÓ,7400,Hites,3,2.,,0
18742,2025-12-06,10:15,Q35 KVALIFIKÁCIÓ,7430,Hédi Lady,1,3.,,0
18748,2025-12-06,11:01,OROSHÁZI LOVAS E. DÍJA-2025. ÉVI AMATŐR KUPA VI. FUTAMA HP.,6305,Csikós,5,I.,3.8,0
18748,2025-12-06,11:01,OROSHÁZI LOVAS E. DÍJA-2025. ÉVI AMATŐR KUPA VI. FUTAMA HP.,6435,Ducks,2,II.,30.6,0
18748,2025-12-06,11:01,OROSHÁZI LOVAS E. DÍJA-2025. ÉVI AMATŐR KUPA VI. FUTAMA HP.,7081,Fancy,1,III.,2.0,0
18748,2025-12-06,11:01,OROSHÁZI LOVAS E. DÍJA-2025. ÉVI AMATŐR KUPA VI. FUTAMA HP.,6995,Fany,3,IV.,2.3,0
18748,2025-12-06,11:01,OROSHÁZI LOVAS E. DÍJA-2025. ÉVI AMATŐR KUPA VI. FUTAMA HP.,6703,Etalon N,4,V.,15.3,0
18748,2025-12-06,11:01,OROSHÁZI LOVAS E. DÍJA-2025. ÉVI AMATŐR KUPA VI. FUTAMA HP.,6360,Chip Chip Chip,6,6.,5.1,0
18746,2025-12-06,11:30,HELYNEKED RENDEZVÉNYKÖZPONT OROSHÁZA HENDIKEP,6507,Despasito,8,I.,4.6,0
18746,2025-12-06,11:30,HELYNEKED RENDEZVÉNYKÖZPONT OROSHÁZA HENDIKEP,6919,Fermina Daza,7,II.,,0
18746,2025-12-06,11:30,HELYNEKED RENDEZVÉNYKÖZPONT OROSHÁZA HENDIKEP,4968,Titus Livius,9,III.,7.7,0
18746,2025-12-06,11:30,HELYNEKED RENDEZVÉNYKÖZPONT OROSHÁZA HENDIKEP,7191,Glitter Lady,3,IV.,5.7,0
18746,2025-12-06,11:30,HELYNEKED RENDEZVÉNYKÖZPONT OROSHÁZA HENDIKEP,7110,Guinevere,6,V.,2.5,0
18746,2025-12-06,11:30,HELYNEKED RENDEZVÉNYKÖZPONT OROSHÁZA HENDIKEP,5700,Vezér,5,6.,2.3,0
18746,2025-12-06,11:30,HELYNEKED RENDEZVÉNYKÖZPONT OROSHÁZA HENDIKEP,5990,Aranyérem M,1,7.,11.5,0
18746,2025-12-06,11:30,HELYNEKED RENDEZVÉNYKÖZPONT OROSHÁZA HENDIKEP,5695,Vinifera M,4,8.,23.1,0
18746,2025-12-06,11:30,HELYNEKED RENDEZVÉNYKÖZPONT OROSHÁZA HENDIKEP,6999,First Lady KJ,2,9.,,0
18750,2025-12-06,12:00,OROSHÁZA VÁROS NAGYDÍJA - NAGY LÁSZLÓ EMLÉKVERSENY,6943,Elizabeth Boss,3,I.,2.6,0
18750,2025-12-06,12:00,OROSHÁZA VÁROS NAGYDÍJA - NAGY LÁSZLÓ EMLÉKVERSENY,6965,Felhők felett,8,II.,7.3,0
18750,2025-12-06,12:00,OROSHÁZA VÁROS NAGYDÍJA - NAGY LÁSZLÓ EMLÉKVERSENY,6929,Fendi,6,III.,3.3,0
18750,2025-12-06,12:00,OROSHÁZA VÁROS NAGYDÍJA - NAGY LÁSZLÓ EMLÉKVERSENY,7186,Gina Fling,1,IV.,9.1,0
18750,2025-12-06,12:00,OROSHÁZA VÁROS NAGYDÍJA - NAGY LÁSZLÓ EMLÉKVERSENY,7363,Flying Dancer,7,V.,2.4,0
18750,2025-12-06,12:00,OROSHÁZA VÁROS NAGYDÍJA - NAGY LÁSZLÓ EMLÉKVERSENY,7394,Furio Ferm,2,6.,12.2,0
18750,2025-12-06,12:00,OROSHÁZA VÁROS NAGYDÍJA - NAGY LÁSZLÓ EMLÉKVERSENY,7396,Fiamma Sn,4,7.,36.7,0
18750,2025-12-06,12:00,OROSHÁZA VÁROS NAGYDÍJA - NAGY LÁSZLÓ EMLÉKVERSENY,6310,Compact Boy,5,8.,36.7,0
18745,2025-12-06,12:30,KULIK FARM DÍJA,6945,Fabergé F,11,I.,6.3,0
18745,2025-12-06,12:30,KULIK FARM DÍJA,7125,Florenza,7,II.,1.9,0
18745,2025-12-06,12:30,KULIK FARM DÍJA,7192,Grófnő R.,2,III.,4.2,0
18745,2025-12-06,12:30,KULIK FARM DÍJA,7345,Esperanto,6,IV.,25.5,0
18745,2025-12-06,12:30,KULIK FARM DÍJA,7325,Great Fille,3,V.,,0
18745,2025-12-06,12:30,KULIK FARM DÍJA,7242,Golden Rose OZ,9,6.,5.6,0
18745,2025-12-06,12:30,KULIK FARM DÍJA,7194,Gyémánt Lady,10,7.,8.5,0
18745,2025-12-06,12:30,KULIK FARM DÍJA,7064,Ganybody,5,8.,8.5,0
18745,2025-12-06,12:30,KULIK FARM DÍJA,7201,Renebell BD,4,9.,51.0,0
18745,2025-12-06,12:30,KULIK FARM DÍJA,7098,Fernando,8,10.,25.5,0
18745,2025-12-06,12:30,KULIK FARM DÍJA,7407,Monica BD,1,11táv.,17.0,0
18752,2025-12-06,13:00,KANDIDÁTUS DÍJ,7065,Greenback,6,I.,2.2,0
18752,2025-12-06,13:00,KANDIDÁTUS DÍJ,7124,Fess Fiú,7,II.,6.4,0
18752,2025-12-06,13:00,KANDIDÁTUS DÍJ,7187,Genesis,4,III.,2.9,0
18752,2025-12-06,13:00,KANDIDÁTUS DÍJ,7085,El Nino N,5,IV.,6.4,0
18752,2025-12-06,13:00,KANDIDÁTUS DÍJ,7168,God save the Queen,9,V.,44.8,0
18752,2025-12-06,13:00,KANDIDÁTUS DÍJ,7193,Grazia,2,6.,6.4,0
18752,2025-12-06,13:00,KANDIDÁTUS DÍJ,7475,Glory VDO,3,7.,14.9,0
18752,2025-12-06,13:00,KANDIDÁTUS DÍJ,7329,Exclusive Adri,1,8.,44.8,0
18752,2025-12-06,13:00,KANDIDÁTUS DÍJ,6706,Eperke,8,9.,8.9,0
18747,2025-12-06,13:30,JELINEK ZSOLT 50. SZÜLETÉSNAPI FUTAMA HENDIKEP,6878,Éden Evo,5,I.,1.4,0
18747,2025-12-06,13:30,JELINEK ZSOLT 50. SZÜLETÉSNAPI FUTAMA HENDIKEP,6782,Downtown Girl M,8,II.,15.8,0
18747,2025-12-06,13:30,JELINEK ZSOLT 50. SZÜLETÉSNAPI FUTAMA HENDIKEP,6057,Bitangjó,4,III.,7.9,0
18747,2025-12-06,13:30,JELINEK ZSOLT 50. SZÜLETÉSNAPI FUTAMA HENDIKEP,6546,Count Basie AT,2,IV.,18.4,0
18747,2025-12-06,13:30,JELINEK ZSOLT 50. SZÜLETÉSNAPI FUTAMA HENDIKEP,5907,Always Winner,7,V.,10.0,0
18747,2025-12-06,13:30,JELINEK ZSOLT 50. SZÜLETÉSNAPI FUTAMA HENDIKEP,6877,Petra La Roque,3,6.,22.1,0
18747,2025-12-06,13:30,JELINEK ZSOLT 50. SZÜLETÉSNAPI FUTAMA HENDIKEP,5625,Vanderle,6,7.,4.6,0
18747,2025-12-06,13:30,JELINEK ZSOLT 50. SZÜLETÉSNAPI FUTAMA HENDIKEP,6312,Bongiovi,1,gal.,6.1,0
18744,2025-12-06,14:00,HORVÁTH DEZSŐ ÉS KŐMŰVES FERENC EV. - KÉTÉVESEK VERSENYE,7355,Hermész,6,I.,2.5,0
18744,2025-12-06,14:00,HORVÁTH DEZSŐ ÉS KŐMŰVES FERENC EV. - KÉTÉVESEK VERSENYE,7429,Hippy Glory K,5,II.,11.5,0
18744,2025-12-06,14:00,HORVÁTH DEZSŐ ÉS KŐMŰVES FERENC EV. - KÉTÉVESEK VERSENYE,7353,Hipervándor,3,III.,5.3,0
18744,2025-12-06,14:00,HORVÁTH DEZSŐ ÉS KŐMŰVES FERENC EV. - KÉTÉVESEK VERSENYE,7267,Habi K,2,IV.,3.8,0
18744,2025-12-06,14:00,HORVÁTH DEZSŐ ÉS KŐMŰVES FERENC EV. - KÉTÉVESEK VERSENYE,7262,Holdem Poker,1,V.,5.3,0
18744,2025-12-06,14:00,HORVÁTH DEZSŐ ÉS KŐMŰVES FERENC EV. - KÉTÉVESEK VERSENYE,7261,Hell Energy,4,gal.,2.7,0
18749,2025-12-06,14:30,KUNOS GYULA EMLÉKVERSENY HENDIKEP,5325,Ultimate Force,4,I.,8.5,0
18749,2025-12-06,14:30,KUNOS GYULA EMLÉKVERSENY HENDIKEP,7136,First Home,7,II.,3.5,0
18749,2025-12-06,14:30,KUNOS GYULA EMLÉKVERSENY HENDIKEP,6617,Diófás,6,III.,2.3,0
18749,2025-12-06,14:30,KUNOS GYULA EMLÉKVERSENY HENDIKEP,6472,Dumbledore,2,IV.,9.4,0
18749,2025-12-06,14:30,KUNOS GYULA EMLÉKVERSENY HENDIKEP,6018,Bonus RG,3,V.,12.1,0
18749,2025-12-06,14:30,KUNOS GYULA EMLÉKVERSENY HENDIKEP,5894,Apollo Creed,9,6.,3.8,0
18749,2025-12-06,14:30,KUNOS GYULA EMLÉKVERSENY HENDIKEP,6679,Inforgettable,1,7.,7.7,0
18749,2025-12-06,14:30,KUNOS GYULA EMLÉKVERSENY HENDIKEP,6704,Emerald,8,8.,14.1,0
18751,2025-12-06,15:04,BAKA HENDIKEP,7149,Füge M,1,I.,11.0,0
18751,2025-12-06,15:04,BAKA HENDIKEP,6702,Ezigen,4,II.,2.6,0
18751,2025-12-06,15:04,BAKA HENDIKEP,6358,Calvin,3,III.,11.0,0
18751,2025-12-06,15:04,BAKA HENDIKEP,6936,Aaron LV,6,IV.,2.9,0
18751,2025-12-06,15:04,BAKA HENDIKEP,6340,Cunami,5,V.,3.8,0
18751,2025-12-06,15:04,BAKA HENDIKEP,6442,Dulcinea del Toboso,2,gal.,3.2,0
18732,2025-11-22,10:32,PRÓBAFUTAM,6464,Dolomit Boy,2,1.,,1
18732,2025-11-22,10:32,PRÓBAFUTAM,6018,Bonus RG,3,2.,,0
18732,2025-11-22,10:32,PRÓBAFUTAM,6878,Éden Evo,1,3.,,0
18732,2025-11-22,10:32,PRÓBAFUTAM,7098,Fernando,4,4.,,0
18730,2025-11-22,10:00,Q33 KVALIFIKÁCIÓ,7262,Holdem Poker,3,1.,,1
18730,2025-11-22,10:00,Q33 KVALIFIKÁCIÓ,7306,Hella T Boko,2,2.,,0
18730,2025-11-22,10:00,Q33 KVALIFIKÁCIÓ,7430,Hédi Lady,1,gal.,,0
18731,2025-11-22,10:15,Q34 KVALIFIKÁCIÓ,7101,Golden Boy,1,tü.,,0
18741,2025-11-22,11:03,DR. PAPP TIBOR EMLÉKVERSENY,7349,Torra LV,5,I.,2.6,0
18741,2025-11-22,11:03,DR. PAPP TIBOR EMLÉKVERSENY,7102,Gyöngyhajú Lány,4,II.,1.0,0
18741,2025-11-22,11:03,DR. PAPP TIBOR EMLÉKVERSENY,6999,First Lady KJ,7,III.,,0
18741,2025-11-22,11:03,DR. PAPP TIBOR EMLÉKVERSENY,7199,Gingerly KJ,6,IV.,11.9,0
18741,2025-11-22,11:03,DR. PAPP TIBOR EMLÉKVERSENY,7116,Golden Girl,3,V.,11.9,0
18741,2025-11-22,11:03,DR. PAPP TIBOR EMLÉKVERSENY,7191,Glitter Lady,2,6.,,0
18741,2025-11-22,11:03,DR. PAPP TIBOR EMLÉKVERSENY,7414,Fusion,1,gal.,,0
18741,2025-11-22,11:03,DR. PAPP TIBOR EMLÉKVERSENY,7079,Griff Grand Laser,8,gal.,,0
18734,2025-11-22,11:30,RÁDOKI JÓZSEF EMLÉKVERSENY - NYERETLEN KÉTÉVESEK VERSENYE,7259,Hollywood Boy,7,I.,1.0,0
18734,2025-11-22,11:30,RÁDOKI JÓZSEF EMLÉKVERSENY - NYERETLEN KÉTÉVESEK VERSENYE,7356,Holiday,5,II.,15.6,0
18734,2025-11-22,11:30,RÁDOKI JÓZSEF EMLÉKVERSENY - NYERETLEN KÉTÉVESEK VERSENYE,7415,Hugo CD,3,III.,15.6,0
18734,2025-11-22,11:30,RÁDOKI JÓZSEF EMLÉKVERSENY - NYERETLEN KÉTÉVESEK VERSENYE,7353,Hipervándor,1,IV.,7.8,0
18734,2025-11-22,11:30,RÁDOKI JÓZSEF EMLÉKVERSENY - NYERETLEN KÉTÉVESEK VERSENYE,7261,Hell Energy,6,V.,7.8,0
18734,2025-11-22,11:30,RÁDOKI JÓZSEF EMLÉKVERSENY - NYERETLEN KÉTÉVESEK VERSENYE,7429,Hippy Glory K,8,6.,7.8,0
18734,2025-11-22,11:30,RÁDOKI JÓZSEF EMLÉKVERSENY - NYERETLEN KÉTÉVESEK VERSENYE,7422,Hilaria Fling,4,gal.,,0
18739,2025-11-22,12:00,2025. ÉVI SEGÉDHAJTÓ KUPA V. FUTAMA HENDIKEP,6920,Fliegauf,6,I.,7.9,0
18739,2025-11-22,12:00,2025. ÉVI SEGÉDHAJTÓ KUPA V. FUTAMA HENDIKEP,7109,Gaya T Boko,5,II.,3.9,0
18739,2025-11-22,12:00,2025. ÉVI SEGÉDHAJTÓ KUPA V. FUTAMA HENDIKEP,6995,Fany,1,III.,11.9,0
18739,2025-11-22,12:00,2025. ÉVI SEGÉDHAJTÓ KUPA V. FUTAMA HENDIKEP,6021,Anna,2,IV.,4.7,0
18739,2025-11-22,12:00,2025. ÉVI SEGÉDHAJTÓ KUPA V. FUTAMA HENDIKEP,6360,Chip Chip Chip,4,V.,2.6,0
18739,2025-11-22,12:00,2025. ÉVI SEGÉDHAJTÓ KUPA V. FUTAMA HENDIKEP,7085,El Nino N,3,6.,2.3,0
18736,2025-11-22,12:36,API DÍJ,6355,Coach Degli Dei,10,I.,2.1,0
18736,2025-11-22,12:36,API DÍJ,6898,Euzébió,2,II.,2.0,0
18736,2025-11-22,12:36,API DÍJ,7471,Doktor Adri,3,III.,87.0,0
18736,2025-11-22,12:36,API DÍJ,7375,Lola Dragon,9,IV.,69.6,0
18736,2025-11-22,12:36,API DÍJ,6308,Csábító R.,6,V.,43.5,0
18736,2025-11-22,12:36,API DÍJ,6901,Eastwood,4,6.,10.5,0
18736,2025-11-22,12:36,API DÍJ,6525,Big Ben Pax,7,7.,87.0,0
18736,2025-11-22,12:36,API DÍJ,6864,In Love Danover,5,8.,15.8,0
18736,2025-11-22,12:36,API DÍJ,6310,Compact Boy,1,9.,34.8,0
18736,2025-11-22,12:36,API DÍJ,6261,Be Happy,8,10.,58.0,0
18736,2025-11-22,12:36,API DÍJ,6731,Daytona Spav,11,gal.,3.7,0
18735,2025-11-22,13:03,LAUFER IMRE EMLÉKVERSENY,7185,Győztes Szív,8,I.,1.7,0
18735,2025-11-22,13:03,LAUFER IMRE EMLÉKVERSENY,7065,Greenback,4,II.,3.5,0
18735,2025-11-22,13:03,LAUFER IMRE EMLÉKVERSENY,7190,Gucci,1,III.,15.9,0
18735,2025-11-22,13:03,LAUFER IMRE EMLÉKVERSENY,7187,Genesis,5,IV.,15.9,0
18735,2025-11-22,13:03,LAUFER IMRE EMLÉKVERSENY,6706,Eperke,7,V.,4.5,0
18735,2025-11-22,13:03,LAUFER IMRE EMLÉKVERSENY,7060,Filthy Rich,6,6táv.,15.9,0
18735,2025-11-22,13:03,LAUFER IMRE EMLÉKVERSENY,7168,God save the Queen,2,gal.,31.9,0
18735,2025-11-22,13:03,LAUFER IMRE EMLÉKVERSENY,6918,Front of the Line,3,gal.,5.3,0
18740,2025-11-22,13:32,TÖRÖK LÁSZLÓ EMLÉKVERSENY HENDIKEP,7173,Jula Netprice,7,I.,3.2,0
18740,2025-11-22,13:32,TÖRÖK LÁSZLÓ EMLÉKVERSENY HENDIKEP,5831,King's Call,3,II.,16.3,0
18740,2025-11-22,13:32,TÖRÖK LÁSZLÓ EMLÉKVERSENY HENDIKEP,6340,Cunami,10,III.,,0
18740,2025-11-22,13:32,TÖRÖK LÁSZLÓ EMLÉKVERSENY HENDIKEP,6861,Emeli Sandé A.T.,6,IV.,8.1,0
18740,2025-11-22,13:32,TÖRÖK LÁSZLÓ EMLÉKVERSENY HENDIKEP,6899,Eunike T Boko,2,V.,4.6,0
18740,2025-11-22,13:32,TÖRÖK LÁSZLÓ EMLÉKVERSENY HENDIKEP,6934,Zaira LV,4,6.,,0
18740,2025-11-22,13:32,TÖRÖK LÁSZLÓ EMLÉKVERSENY HENDIKEP,6472,Dumbledore,1,7.,4.6,0
18740,2025-11-22,13:32,TÖRÖK LÁSZLÓ EMLÉKVERSENY HENDIKEP,5325,Ultimate Force,9,8.,4.6,0
18740,2025-11-22,13:32,TÖRÖK LÁSZLÓ EMLÉKVERSENY HENDIKEP,5894,Apollo Creed,11,9.,,0
18740,2025-11-22,13:32,TÖRÖK LÁSZLÓ EMLÉKVERSENY HENDIKEP,6475,Discovery LW,8,10.,16.3,0
18740,2025-11-22,13:32,TÖRÖK LÁSZLÓ EMLÉKVERSENY HENDIKEP,6331,Charming Boy,5,11.,3.6,0
18733,2025-11-22,14:01,MÉNESEK DÍJA,6783,Enjoy,5,I.,1.4,0
18733,2025-11-22,14:01,MÉNESEK DÍJA,7130,Giovanni Fling,1,II.,3.4,0
18733,2025-11-22,14:01,MÉNESEK DÍJA,5906,Anybody,3,III.,5.3,0
18733,2025-11-22,14:01,MÉNESEK DÍJA,7001,Fárosz,2,IV.,16.0,0
18733,2025-11-22,14:01,MÉNESEK DÍJA,6855,Eternity Bar,4,V.,4.0,0
18738,2025-11-22,14:30,LAKY FERENC EMLÉKVERSENY HENDIKEP,5531,Very Nice Photo,8,I.,8.1,0
18738,2025-11-22,14:30,LAKY FERENC EMLÉKVERSENY HENDIKEP,6962,Flinga VT,5,II.,5.4,0
18738,2025-11-22,14:30,LAKY FERENC EMLÉKVERSENY HENDIKEP,5960,Ann Bella M,7,III.,2.7,0
18738,2025-11-22,14:30,LAKY FERENC EMLÉKVERSENY HENDIKEP,6877,Petra La Roque,2,IV.,16.3,0
18738,2025-11-22,14:30,LAKY FERENC EMLÉKVERSENY HENDIKEP,5625,Vanderle,4,V.,4.0,0
18738,2025-11-22,14:30,LAKY FERENC EMLÉKVERSENY HENDIKEP,5288,Usain,6,6.,4.0,0
18738,2025-11-22,14:30,LAKY FERENC EMLÉKVERSENY HENDIKEP,6546,Count Basie AT,3,7.,16.3,0
18738,2025-11-22,14:30,LAKY FERENC EMLÉKVERSENY HENDIKEP,7330,Emilia Adri,9,8.,8.1,0
18738,2025-11-22,14:30,LAKY FERENC EMLÉKVERSENY HENDIKEP,4968,Titus Livius,1,gal.,16.3,0
18737,2025-11-22,15:04,GERGELY IMRE EMLÉKVERSENY HENDIKEP,6358,Calvin,11,I.,9.8,0
18737,2025-11-22,15:04,GERGELY IMRE EMLÉKVERSENY HENDIKEP,6782,Downtown Girl M,10,II.,19.7,0
18737,2025-11-22,15:04,GERGELY IMRE EMLÉKVERSENY HENDIKEP,6966,Eagle GG,7,III.,13.1,0
18737,2025-11-22,15:04,GERGELY IMRE EMLÉKVERSENY HENDIKEP,6343,Chicago,4,IV.,13.1,0
18737,2025-11-22,15:04,GERGELY IMRE EMLÉKVERSENY HENDIKEP,6674,Démon Jewel GG,2,V.,13.1,0
18737,2025-11-22,15:04,GERGELY IMRE EMLÉKVERSENY HENDIKEP,5700,Vezér,3,6.,13.1,0
18737,2025-11-22,15:04,GERGELY IMRE EMLÉKVERSENY HENDIKEP,6919,Fermina Daza,5,7.,7.8,0
18737,2025-11-22,15:04,GERGELY IMRE EMLÉKVERSENY HENDIKEP,5925,Anikó,9,8.,19.7,0
18737,2025-11-22,15:04,GERGELY IMRE EMLÉKVERSENY HENDIKEP,7094,Full Speed,8,9.,3.2,0
18737,2025-11-22,15:04,GERGELY IMRE EMLÉKVERSENY HENDIKEP,7035,Firkó,1,gal.,13.1,0
18737,2025-11-22,15:04,GERGELY IMRE EMLÉKVERSENY HENDIKEP,6507,Despasito,6,gal.,2.1,0
18721,2025-11-15,10:55,Q31 KVALIFIKÁCIÓ,7430,Hédi Lady,1,1.,,1
18729,2025-11-15,11:10,Q32 KVALIFIKÁCIÓ,7407,Monica BD,1,1.,,1
18727,2025-11-15,11:45,JOHN BULL HENDIKEP,6690,Enterprise,5,I.,5.7,0
18727,2025-11-15,11:45,JOHN BULL HENDIKEP,5288,Usain,9,II.,9.5,0
18727,2025-11-15,11:45,JOHN BULL HENDIKEP,6003,Ambrosia Gielle,3,III.,2.3,0
18727,2025-11-15,11:45,JOHN BULL HENDIKEP,5904,Australian Gold,6,IV.,4.7,0
18727,2025-11-15,11:45,JOHN BULL HENDIKEP,6692,Excellence,7,V.,28.5,0
18727,2025-11-15,11:45,JOHN BULL HENDIKEP,6919,Fermina Daza,1,6.,14.2,0
18727,2025-11-15,11:45,JOHN BULL HENDIKEP,7149,Füge M,10,7.,14.2,0
18727,2025-11-15,11:45,JOHN BULL HENDIKEP,6080,Boszi,4,8.,5.7,0
18727,2025-11-15,11:45,JOHN BULL HENDIKEP,5721,Zippy Boy,8,9.,28.5,0
18727,2025-11-15,11:45,JOHN BULL HENDIKEP,6546,Count Basie AT,2,10.,5.7,0
18728,2025-11-15,12:23,MERENGŐ HENDIKEP,6936,Aaron LV,4,I.,2.5,0
18728,2025-11-15,12:23,MERENGŐ HENDIKEP,4788,Szilvás,3,II.,8.2,0
18728,2025-11-15,12:23,MERENGŐ HENDIKEP,7124,Fess Fiú,5,III.,4.6,0
18728,2025-11-15,12:23,MERENGŐ HENDIKEP,5228,Uptown Boy M,1,IV.,4.6,0
18728,2025-11-15,12:23,MERENGŐ HENDIKEP,6920,Fliegauf,2,V.,3.7,0
18728,2025-11-15,12:23,MERENGŐ HENDIKEP,6727,Västerbo No Edge,6,gal.,3.7,0
18722,2025-11-15,12:55,NAGYSZÁJÚ DÍJ,7102,Gyöngyhajú Lány,5,I.,2.9,0
18722,2025-11-15,12:55,NAGYSZÁJÚ DÍJ,7144,Giadaz,10,II.,3.7,0
18722,2025-11-15,12:55,NAGYSZÁJÚ DÍJ,7125,Florenza,7,III.,7.9,0
18722,2025-11-15,12:55,NAGYSZÁJÚ DÍJ,7371,Tequila,11,IV.,3.1,0
18722,2025-11-15,12:55,NAGYSZÁJÚ DÍJ,7242,Golden Rose OZ,8,V.,8.9,0
18722,2025-11-15,12:55,NAGYSZÁJÚ DÍJ,7244,Coco,1,6.,5.1,0
18722,2025-11-15,12:55,NAGYSZÁJÚ DÍJ,7064,Ganybody,3,7.,35.7,0
18722,2025-11-15,12:55,NAGYSZÁJÚ DÍJ,7192,Grófnő R.,2,8.,,0
18722,2025-11-15,12:55,NAGYSZÁJÚ DÍJ,7345,Esperanto,4,9.,,0
18722,2025-11-15,12:55,NAGYSZÁJÚ DÍJ,7414,Fusion,6,gal.,,0
18722,2025-11-15,12:55,NAGYSZÁJÚ DÍJ,6945,Fabergé F,9,gal.,11.9,0
18723,2025-11-15,13:30,ÖRDÖGLÁNY DÍJ,7188,Győcike,2,I.,7.5,0
18723,2025-11-15,13:30,ÖRDÖGLÁNY DÍJ,7425,Vikens Lagunitas,6,II.,2.5,0
18723,2025-11-15,13:30,ÖRDÖGLÁNY DÍJ,7106,Gentleman Jack,5,III.,4.0,0
18723,2025-11-15,13:30,ÖRDÖGLÁNY DÍJ,7189,Galatea,4,IV.,5.6,0
18723,2025-11-15,13:30,ÖRDÖGLÁNY DÍJ,7199,Gingerly KJ,3,V.,4.8,0
18723,2025-11-15,13:30,ÖRDÖGLÁNY DÍJ,7194,Gyémánt Lady,1,6.,6.8,0
18723,2025-11-15,13:30,ÖRDÖGLÁNY DÍJ,7187,Genesis,9,7.,7.5,0
18723,2025-11-15,13:30,ÖRDÖGLÁNY DÍJ,7475,Glory VDO,8,8táv.,,0
18723,2025-11-15,13:30,ÖRDÖGLÁNY DÍJ,7168,God save the Queen,7,gal.,34.0,0
18725,2025-11-15,14:05,ŐRANGYAL HENDIKEP,6358,Calvin,6,I.,1.9,0
18725,2025-11-15,14:05,ŐRANGYAL HENDIKEP,6966,Eagle GG,9,II.,4.6,0
18725,2025-11-15,14:05,ŐRANGYAL HENDIKEP,6674,Démon Jewel GG,2,III.,,0
18725,2025-11-15,14:05,ŐRANGYAL HENDIKEP,6696,Édes K,8,IV.,4.6,0
18725,2025-11-15,14:05,ŐRANGYAL HENDIKEP,6999,First Lady KJ,1,V.,9.3,0
18725,2025-11-15,14:05,ŐRANGYAL HENDIKEP,5700,Vezér,7,6.,,0
18725,2025-11-15,14:05,ŐRANGYAL HENDIKEP,6378,Chesterfield,5,7.,7.4,0
18725,2025-11-15,14:05,ŐRANGYAL HENDIKEP,7240,Gana Ris,3,8.,9.3,0
18725,2025-11-15,14:05,ŐRANGYAL HENDIKEP,7035,Firkó,4,9.,5.3,0
18724,2025-11-15,14:40,FORAL BERNHARD SZÜLETÉSNAPI DÍJA,7176,Get Lucky,5,I.,3.1,0
18724,2025-11-15,14:40,FORAL BERNHARD SZÜLETÉSNAPI DÍJA,6943,Elizabeth Boss,3,II.,1.4,0
18724,2025-11-15,14:40,FORAL BERNHARD SZÜLETÉSNAPI DÍJA,6987,Fabrice,4,III.,5.7,0
18724,2025-11-15,14:40,FORAL BERNHARD SZÜLETÉSNAPI DÍJA,7255,Top Hill,2,IV.,4.0,0
18724,2025-11-15,14:40,FORAL BERNHARD SZÜLETÉSNAPI DÍJA,7396,Fiamma Sn,6,V.,37.5,0
18724,2025-11-15,14:40,FORAL BERNHARD SZÜLETÉSNAPI DÍJA,7394,Furio Ferm,1,6.,27.3,0
18726,2025-11-15,15:26,BAGÓ LAJOS EMLÉKVERSENY HENDIKEP,7104,Florentin,10,I.,17.2,0
18726,2025-11-15,15:26,BAGÓ LAJOS EMLÉKVERSENY HENDIKEP,6995,Fany,5,II.,13.4,0
18726,2025-11-15,15:26,BAGÓ LAJOS EMLÉKVERSENY HENDIKEP,7094,Full Speed,1,III.,2.0,0
18726,2025-11-15,15:26,BAGÓ LAJOS EMLÉKVERSENY HENDIKEP,6057,Bitangjó,4,IV.,3.4,0
18726,2025-11-15,15:26,BAGÓ LAJOS EMLÉKVERSENY HENDIKEP,6153,Bing Crosby AT,2,V.,20.1,0
18726,2025-11-15,15:26,BAGÓ LAJOS EMLÉKVERSENY HENDIKEP,5625,Vanderle,8,6.,2.9,0
18726,2025-11-15,15:26,BAGÓ LAJOS EMLÉKVERSENY HENDIKEP,7099,Fizető,9,7.,24.2,0
18726,2025-11-15,15:26,BAGÓ LAJOS EMLÉKVERSENY HENDIKEP,6782,Downtown Girl M,6,8.,9.3,0
18726,2025-11-15,15:26,BAGÓ LAJOS EMLÉKVERSENY HENDIKEP,5247,Universal Boy,3,9.,121.0,0
18726,2025-11-15,15:26,BAGÓ LAJOS EMLÉKVERSENY HENDIKEP,6786,Enrico Fling,7,gal.,40.3,0
18711,2025-11-08,11:00,PRÓBAFUTAM,6706,Eperke,1,1.,,1
18710,2025-11-08,10:46,Q30 KVALIFIKÁCIÓ,7407,Monica BD,1,1.,,1
18712,2025-11-08,11:30,JOÓ RÓBERT EMLÉKVERSENY - KÉTÉVESEK VERSENYE,7293,Harmatka R,5,I.,1.4,0
18712,2025-11-08,11:30,JOÓ RÓBERT EMLÉKVERSENY - KÉTÉVESEK VERSENYE,7259,Hollywood Boy,1,II.,6.2,0
18712,2025-11-08,11:30,JOÓ RÓBERT EMLÉKVERSENY - KÉTÉVESEK VERSENYE,7421,Hórusz Szeme,3,III.,14.5,0
18712,2025-11-08,11:30,JOÓ RÓBERT EMLÉKVERSENY - KÉTÉVESEK VERSENYE,7256,Hélium Boy,6,IV.,7.2,0
18712,2025-11-08,11:30,JOÓ RÓBERT EMLÉKVERSENY - KÉTÉVESEK VERSENYE,7422,Hilaria Fling,2,V.,21.7,0
18712,2025-11-08,11:30,JOÓ RÓBERT EMLÉKVERSENY - KÉTÉVESEK VERSENYE,7356,Holiday,4,gal.,2.9,0
18713,2025-11-08,12:00,TOMISLAV VISNJIC EMLÉKVERSENY - SKAS BEOGRAD DÍJ,7403,Baiyoke Sky,2,I.,1.6,0
18713,2025-11-08,12:00,TOMISLAV VISNJIC EMLÉKVERSENY - SKAS BEOGRAD DÍJ,7054,Fánia BD,6,II.,4.4,0
18713,2025-11-08,12:00,TOMISLAV VISNJIC EMLÉKVERSENY - SKAS BEOGRAD DÍJ,7490,Pascal the Game,10,III.,10.6,0
18713,2025-11-08,12:00,TOMISLAV VISNJIC EMLÉKVERSENY - SKAS BEOGRAD DÍJ,7481,Dottor Breed,1,IV.,3.3,0
18713,2025-11-08,12:00,TOMISLAV VISNJIC EMLÉKVERSENY - SKAS BEOGRAD DÍJ,6999,First Lady KJ,4,V.,,0
18713,2025-11-08,12:00,TOMISLAV VISNJIC EMLÉKVERSENY - SKAS BEOGRAD DÍJ,7190,Gucci,8,6.,6.6,0
18713,2025-11-08,12:00,TOMISLAV VISNJIC EMLÉKVERSENY - SKAS BEOGRAD DÍJ,7199,Gingerly KJ,5,7.,,0
18713,2025-11-08,12:00,TOMISLAV VISNJIC EMLÉKVERSENY - SKAS BEOGRAD DÍJ,6982,Farkasfog,3,8.,53.0,0
18713,2025-11-08,12:00,TOMISLAV VISNJIC EMLÉKVERSENY - SKAS BEOGRAD DÍJ,7010,Blanka BBM,7,9.,26.5,0
18713,2025-11-08,12:00,TOMISLAV VISNJIC EMLÉKVERSENY - SKAS BEOGRAD DÍJ,7325,Great Fille,9,10.,53.0,0
18714,2025-11-08,12:30,DOLOVOI DÍJ,7034,Formula,4,I.,8.0,0
18714,2025-11-08,12:30,DOLOVOI DÍJ,7482,Sammy Davis A.T.,3,II.,12.0,0
18714,2025-11-08,12:30,DOLOVOI DÍJ,7314,Anointed,8,III.,12.0,0
18714,2025-11-08,12:30,DOLOVOI DÍJ,7127,Francesca,7,IV.,2.0,0
18714,2025-11-08,12:30,DOLOVOI DÍJ,6700,Escobar,6,V.,7.2,0
18714,2025-11-08,12:30,DOLOVOI DÍJ,7186,Gina Fling,5,6.,18.0,0
18714,2025-11-08,12:30,DOLOVOI DÍJ,7187,Genesis,9,7táv.,14.4,0
18714,2025-11-08,12:30,DOLOVOI DÍJ,7487,Astrain Love,1,gal.,2.8,0
18714,2025-11-08,12:30,DOLOVOI DÍJ,7177,Senorita,2,gal.,12.0,0
18716,2025-11-08,13:00,DESPOTOVOI HENDIKEP,7370,Another Star,6,I.,2.0,0
18716,2025-11-08,13:00,DESPOTOVOI HENDIKEP,6692,Excellence,4,II.,21.5,0
18716,2025-11-08,13:00,DESPOTOVOI HENDIKEP,6262,Bronz Boy,8,III.,6.6,0
18716,2025-11-08,13:00,DESPOTOVOI HENDIKEP,6877,Petra La Roque,5,IV.,5.0,0
18716,2025-11-08,13:00,DESPOTOVOI HENDIKEP,6919,Fermina Daza,2,V.,43.1,0
18716,2025-11-08,13:00,DESPOTOVOI HENDIKEP,5247,Universal Boy,7,6.,7.8,0
18716,2025-11-08,13:00,DESPOTOVOI HENDIKEP,6690,Enterprise,10,7.,8.6,0
18716,2025-11-08,13:00,DESPOTOVOI HENDIKEP,6080,Boszi,9,8.,5.7,0
18716,2025-11-08,13:00,DESPOTOVOI HENDIKEP,6799,Exclusive Fox,1,gal.,14.3,0
18716,2025-11-08,13:00,DESPOTOVOI HENDIKEP,7309,Goldina Amok,3,gal.,12.3,0
18720,2025-11-08,13:31,ADAI DÍJ,6355,Coach Degli Dei,5,I.,3.1,0
18720,2025-11-08,13:31,ADAI DÍJ,6731,Daytona Spav,8,II.,5.2,0
18720,2025-11-08,13:31,ADAI DÍJ,6898,Euzébió,3,III.,7.2,0
18720,2025-11-08,13:31,ADAI DÍJ,7489,Fellini di Casei,7,IV.,3.3,0
18720,2025-11-08,13:31,ADAI DÍJ,7375,Lola Dragon,4,V.,46.9,0
18720,2025-11-08,13:31,ADAI DÍJ,6965,Felhők felett,1,6.,3.4,0
18720,2025-11-08,13:31,ADAI DÍJ,7050,Luigi de Sajan,2,gal.,31.2,0
18720,2025-11-08,13:31,ADAI DÍJ,6514,El Valle Sagrado,6,gal.,5.5,0
18717,2025-11-08,14:01,ZOMBORI HENDIKEP,6442,Dulcinea del Toboso,1,I.,6.3,0
18717,2025-11-08,14:01,ZOMBORI HENDIKEP,7085,El Nino N,9,II.,8.4,0
18717,2025-11-08,14:01,ZOMBORI HENDIKEP,7149,Füge M,5,III.,14.4,0
18717,2025-11-08,14:01,ZOMBORI HENDIKEP,6307,Csípkedd Magad!,6,IV.,3.1,0
18717,2025-11-08,14:01,ZOMBORI HENDIKEP,6786,Enrico Fling,2,V.,10.1,0
18717,2025-11-08,14:01,ZOMBORI HENDIKEP,6782,Downtown Girl M,4,6.,4.6,0
18717,2025-11-08,14:01,ZOMBORI HENDIKEP,6438,Danny DeVito,3,7.,4.2,0
18717,2025-11-08,14:01,ZOMBORI HENDIKEP,6657,Dreamer,8,8.,5.9,0
18717,2025-11-08,14:01,ZOMBORI HENDIKEP,7104,Florentin,7,gal.,11.2,0
18718,2025-11-08,14:31,SRBOBRANI HENDIKEP,6617,Diófás,5,I.,2.6,0
18718,2025-11-08,14:31,SRBOBRANI HENDIKEP,6854,Elegáns Hölgy,8,II.,5.0,0
18718,2025-11-08,14:31,SRBOBRANI HENDIKEP,5831,King's Call,4,III.,7.7,0
18718,2025-11-08,14:31,SRBOBRANI HENDIKEP,6934,Zaira LV,10,IV.,7.0,0
18718,2025-11-08,14:31,SRBOBRANI HENDIKEP,4788,Szilvás,9,V.,14.1,0
18718,2025-11-08,14:31,SRBOBRANI HENDIKEP,6472,Dumbledore,6,6.,9.4,0
18718,2025-11-08,14:31,SRBOBRANI HENDIKEP,6330,Che Comandante,1,7.,4.0,0
18718,2025-11-08,14:31,SRBOBRANI HENDIKEP,5531,Very Nice Photo,2,8.,21.2,0
18718,2025-11-08,14:31,SRBOBRANI HENDIKEP,6703,Etalon N,3,9.,28.3,0
18718,2025-11-08,14:31,SRBOBRANI HENDIKEP,6983,Fondorlat,7,10.,8.5,0
18715,2025-11-08,15:02,PÁSZTOR ISTVÁN EMLÉKVERSENY - SZABADKAI DÍJ,6433,Digital Races,4,I.,2.2,0
18715,2025-11-08,15:02,PÁSZTOR ISTVÁN EMLÉKVERSENY - SZABADKAI DÍJ,7428,Pure Muscle,9,II.,8.0,0
18715,2025-11-08,15:02,PÁSZTOR ISTVÁN EMLÉKVERSENY - SZABADKAI DÍJ,6318,Bonaparte Boss,7,III.,9.7,0
18715,2025-11-08,15:02,PÁSZTOR ISTVÁN EMLÉKVERSENY - SZABADKAI DÍJ,7484,Cervantonpridegar,3,IV.,2.5,0
18715,2025-11-08,15:02,PÁSZTOR ISTVÁN EMLÉKVERSENY - SZABADKAI DÍJ,7457,Nacea,1,V.,34.2,0
18715,2025-11-08,15:02,PÁSZTOR ISTVÁN EMLÉKVERSENY - SZABADKAI DÍJ,6954,Palace Bo,2,6.,12.6,0
18715,2025-11-08,15:02,PÁSZTOR ISTVÁN EMLÉKVERSENY - SZABADKAI DÍJ,7279,Igor de Vrie,5,7.,3.6,0
18715,2025-11-08,15:02,PÁSZTOR ISTVÁN EMLÉKVERSENY - SZABADKAI DÍJ,5570,Villeneuve,8,8.,144.0,0
18715,2025-11-08,15:02,PÁSZTOR ISTVÁN EMLÉKVERSENY - SZABADKAI DÍJ,7253,Baria TRGF Risaia,6,9.,144.0,0
18719,2025-11-08,15:33,CSANTAVÉRI DÍJ - TÓTH TAMÁS SZÜLETÉSNAPI FUTAMA HENDIKEP,6228,Creatine,3,I.,4.3,0
18719,2025-11-08,15:33,CSANTAVÉRI DÍJ - TÓTH TAMÁS SZÜLETÉSNAPI FUTAMA HENDIKEP,6066,Berill Lady,2,II.,3.4,0
18719,2025-11-08,15:33,CSANTAVÉRI DÍJ - TÓTH TAMÁS SZÜLETÉSNAPI FUTAMA HENDIKEP,6163,Bombay,6,III.,2.4,0
18719,2025-11-08,15:33,CSANTAVÉRI DÍJ - TÓTH TAMÁS SZÜLETÉSNAPI FUTAMA HENDIKEP,6525,Big Ben Pax,7,IV.,2.9,0
18719,2025-11-08,15:33,CSANTAVÉRI DÍJ - TÓTH TAMÁS SZÜLETÉSNAPI FUTAMA HENDIKEP,5905,Adamo Fling,5,V.,10.6,0
18719,2025-11-08,15:33,CSANTAVÉRI DÍJ - TÓTH TAMÁS SZÜLETÉSNAPI FUTAMA HENDIKEP,6459,Diamond Ville,1,6.,10.6,0
18719,2025-11-08,15:33,CSANTAVÉRI DÍJ - TÓTH TAMÁS SZÜLETÉSNAPI FUTAMA HENDIKEP,6704,Emerald,4,7.,47.9,0
18701,2025-11-01,10:30,PRÓBAFUTAM,6706,Eperke,1,1.,,1
18703,2025-11-01,11:00,NYERETLENEK VERSENYE,7371,Tequila,6,I.,2.2,0
18703,2025-11-01,11:00,NYERETLENEK VERSENYE,7102,Gyöngyhajú Lány,1,II.,2.2,0
18703,2025-11-01,11:00,NYERETLENEK VERSENYE,7345,Esperanto,7,III.,4.5,0
18703,2025-11-01,11:00,NYERETLENEK VERSENYE,7192,Grófnő R.,4,IV.,9.1,0
18703,2025-11-01,11:00,NYERETLENEK VERSENYE,7414,Fusion,10,V.,6.1,0
18703,2025-11-01,11:00,NYERETLENEK VERSENYE,7244,Coco,5,6.,18.3,0
18703,2025-11-01,11:00,NYERETLENEK VERSENYE,7325,Great Fille,11,7.,,0
18703,2025-11-01,11:00,NYERETLENEK VERSENYE,7368,Rafaela BD,3,8táv.,,0
18703,2025-11-01,11:00,NYERETLENEK VERSENYE,7166,Giannina,2,gal.,18.3,0
18703,2025-11-01,11:00,NYERETLENEK VERSENYE,7064,Ganybody,8,gal.,,0
18704,2025-11-01,11:36,VERONICA FLING DÍJ,7079,Griff Grand Laser,5,I.,4.7,0
18704,2025-11-01,11:36,VERONICA FLING DÍJ,7349,Torra LV,8,II.,3.4,0
18704,2025-11-01,11:36,VERONICA FLING DÍJ,7358,Fiona May,10,III.,4.7,0
18704,2025-11-01,11:36,VERONICA FLING DÍJ,7309,Goldina Amok,7,IV.,5.4,0
18704,2025-11-01,11:36,VERONICA FLING DÍJ,7191,Glitter Lady,3,V.,7.6,0
18704,2025-11-01,11:36,VERONICA FLING DÍJ,7125,Florenza,1,6.,7.6,0
18704,2025-11-01,11:36,VERONICA FLING DÍJ,7194,Gyémánt Lady,4,7.,9.5,0
18704,2025-11-01,11:36,VERONICA FLING DÍJ,7188,Győcike,6,8.,12.6,0
18704,2025-11-01,11:36,VERONICA FLING DÍJ,6945,Fabergé F,2,gal.,7.6,0
18708,2025-11-01,12:10,AMATŐRVERSENY HENDIKEP,6435,Ducks,2,I.,22.1,0
18708,2025-11-01,12:10,AMATŐRVERSENY HENDIKEP,7081,Fancy,5,II.,2.0,0
18708,2025-11-01,12:10,AMATŐRVERSENY HENDIKEP,5907,Always Winner,6,III.,3.1,0
18708,2025-11-01,12:10,AMATŐRVERSENY HENDIKEP,5721,Zippy Boy,3,IV.,4.0,0
18708,2025-11-01,12:10,AMATŐRVERSENY HENDIKEP,5904,Australian Gold,4,V.,22.1,0
18708,2025-11-01,12:10,AMATŐRVERSENY HENDIKEP,6927,Fast Track,1,6.,44.2,0
18708,2025-11-01,12:10,AMATŐRVERSENY HENDIKEP,6962,Flinga VT,7,7.,5.5,0
18708,2025-11-01,12:10,AMATŐRVERSENY HENDIKEP,6507,Despasito,8,8.,8.8,0
18706,2025-11-01,12:47,ILLETMÉNY DÍJ,6943,Elizabeth Boss,2,I.,4.5,0
18706,2025-11-01,12:47,ILLETMÉNY DÍJ,6987,Fabrice,5,II.,18.0,0
18706,2025-11-01,12:47,ILLETMÉNY DÍJ,7255,Top Hill,3,III.,1.5,0
18706,2025-11-01,12:47,ILLETMÉNY DÍJ,6898,Euzébió,7,IV.,4.5,0
18706,2025-11-01,12:47,ILLETMÉNY DÍJ,6727,Västerbo No Edge,1,V.,4.0,0
18706,2025-11-01,12:47,ILLETMÉNY DÍJ,7394,Furio Ferm,4,6.,36.0,0
18706,2025-11-01,12:47,ILLETMÉNY DÍJ,7396,Fiamma Sn,6,7.,,0
18706,2025-11-01,12:47,ILLETMÉNY DÍJ,7471,Doktor Adri,8,8.,18.0,0
18702,2025-11-01,13:20,NYERETLEN KÉTÉVESEK VERSENYE,7354,Have a dream,7,I.,3.9,0
18702,2025-11-01,13:20,NYERETLEN KÉTÉVESEK VERSENYE,7293,Harmatka R,1,II.,1.7,0
18702,2025-11-01,13:20,NYERETLEN KÉTÉVESEK VERSENYE,7420,Héliosz R,9,III.,,0
18702,2025-11-01,13:20,NYERETLEN KÉTÉVESEK VERSENYE,7256,Hélium Boy,8,IV.,,0
18702,2025-11-01,13:20,NYERETLEN KÉTÉVESEK VERSENYE,7421,Hórusz Szeme,4,V.,6.9,0
18702,2025-11-01,13:20,NYERETLEN KÉTÉVESEK VERSENYE,7267,Habi K,5,6.,6.9,0
18702,2025-11-01,13:20,NYERETLEN KÉTÉVESEK VERSENYE,7353,Hipervándor,3,7.,13.9,0
18702,2025-11-01,13:20,NYERETLEN KÉTÉVESEK VERSENYE,7461,Happy Lady VT,6,8.,,0
18702,2025-11-01,13:20,NYERETLEN KÉTÉVESEK VERSENYE,7259,Hollywood Boy,2,gal.,3.4,0
18707,2025-11-01,13:55,KOLOZSI HANNA SZÜLETÉSNAPI FUTAMA HENDIKEP,6057,Bitangjó,5,I.,5.6,0
18707,2025-11-01,13:55,KOLOZSI HANNA SZÜLETÉSNAPI FUTAMA HENDIKEP,6995,Fany,11,II.,5.6,0
18707,2025-11-01,13:55,KOLOZSI HANNA SZÜLETÉSNAPI FUTAMA HENDIKEP,6153,Bing Crosby AT,12,III.,3.5,0
18707,2025-11-01,13:55,KOLOZSI HANNA SZÜLETÉSNAPI FUTAMA HENDIKEP,6696,Édes K,10,IV.,13.1,0
18707,2025-11-01,13:55,KOLOZSI HANNA SZÜLETÉSNAPI FUTAMA HENDIKEP,6358,Calvin,6,V.,2.4,0
18707,2025-11-01,13:55,KOLOZSI HANNA SZÜLETÉSNAPI FUTAMA HENDIKEP,6674,Démon Jewel GG,3,6.,9.8,0
18707,2025-11-01,13:55,KOLOZSI HANNA SZÜLETÉSNAPI FUTAMA HENDIKEP,5990,Aranyérem M,2,7.,39.4,0
18707,2025-11-01,13:55,KOLOZSI HANNA SZÜLETÉSNAPI FUTAMA HENDIKEP,6799,Exclusive Fox,9,8.,,0
18707,2025-11-01,13:55,KOLOZSI HANNA SZÜLETÉSNAPI FUTAMA HENDIKEP,6999,First Lady KJ,1,9.,39.4,0
18707,2025-11-01,13:55,KOLOZSI HANNA SZÜLETÉSNAPI FUTAMA HENDIKEP,6378,Chesterfield,7,10.,9.8,0
18707,2025-11-01,13:55,KOLOZSI HANNA SZÜLETÉSNAPI FUTAMA HENDIKEP,5695,Vinifera M,8,11.,19.7,0
18707,2025-11-01,13:55,KOLOZSI HANNA SZÜLETÉSNAPI FUTAMA HENDIKEP,7035,Firkó,4,12.,19.7,0
18700,2025-11-01,14:31,KISKIRÁLYSÁG - EPERJES - ŐSZI KÍSÉRLETI VERSENY,6783,Enjoy,6,I.,1.1,0
18700,2025-11-01,14:31,KISKIRÁLYSÁG - EPERJES - ŐSZI KÍSÉRLETI VERSENY,6318,Bonaparte Boss,5,II.,3.1,0
18700,2025-11-01,14:31,KISKIRÁLYSÁG - EPERJES - ŐSZI KÍSÉRLETI VERSENY,6855,Eternity Bar,4,III.,7.5,0
18700,2025-11-01,14:31,KISKIRÁLYSÁG - EPERJES - ŐSZI KÍSÉRLETI VERSENY,7001,Fárosz,2,IV.,26.5,0
18700,2025-11-01,14:31,KISKIRÁLYSÁG - EPERJES - ŐSZI KÍSÉRLETI VERSENY,6929,Fendi,1,V.,26.5,0
18700,2025-11-01,14:31,KISKIRÁLYSÁG - EPERJES - ŐSZI KÍSÉRLETI VERSENY,7003,Friday Night,3,6.,10.6,0
18705,2025-11-01,15:05,HITELEZŐ DÍJ,7136,First Home,10,I.,20.0,0
18705,2025-11-01,15:05,HITELEZŐ DÍJ,7065,Greenback,6,II.,2.6,0
18705,2025-11-01,15:05,HITELEZŐ DÍJ,6918,Front of the Line,4,III.,4.4,0
18705,2025-11-01,15:05,HITELEZŐ DÍJ,7110,Guinevere,1,IV.,20.0,0
18705,2025-11-01,15:05,HITELEZŐ DÍJ,7193,Grazia,3,V.,13.3,0
18705,2025-11-01,15:05,HITELEZŐ DÍJ,7118,Ferrari,7,6.,6.6,0
18705,2025-11-01,15:05,HITELEZŐ DÍJ,7149,Füge M,2,7.,,0
18705,2025-11-01,15:05,HITELEZŐ DÍJ,7329,Exclusive Adri,5,8.,,0
18705,2025-11-01,15:05,HITELEZŐ DÍJ,7124,Fess Fiú,8,gal.,3.3,0
18705,2025-11-01,15:05,HITELEZŐ DÍJ,7187,Genesis,9,gal.,4.0,0
18709,2025-11-01,15:44,ZALA SZÉPE HENDIKEP,6310,Compact Boy,6,I.,16.7,0
18709,2025-11-01,15:44,ZALA SZÉPE HENDIKEP,4788,Szilvás,3,II.,4.6,0
18709,2025-11-01,15:44,ZALA SZÉPE HENDIKEP,6861,Emeli Sandé A.T.,4,III.,4.9,0
18709,2025-11-01,15:44,ZALA SZÉPE HENDIKEP,6331,Charming Boy,5,IV.,3.5,0
18709,2025-11-01,15:44,ZALA SZÉPE HENDIKEP,6021,Anna,2,V.,1.8,0
18709,2025-11-01,15:44,ZALA SZÉPE HENDIKEP,6330,Che Comandante,1,gal.,5.5,0
18689,2025-10-18,11:15,Q28 KVALIFIKÁCIÓ,7430,Hédi Lady,1,1.,,1
18693,2025-10-18,12:01,LADY FLAME DÍJ,7349,Torra LV,8,I.,4.1,0
18693,2025-10-18,12:01,LADY FLAME DÍJ,7194,Gyémánt Lady,6,II.,24.1,0
18693,2025-10-18,12:01,LADY FLAME DÍJ,7338,Glory Grant K,11,III.,2.0,0
18693,2025-10-18,12:01,LADY FLAME DÍJ,7371,Tequila,2,IV.,32.1,0
18693,2025-10-18,12:01,LADY FLAME DÍJ,7244,Coco,3,V.,12.0,0
18693,2025-10-18,12:01,LADY FLAME DÍJ,7345,Esperanto,5,6.,16.0,0
18693,2025-10-18,12:01,LADY FLAME DÍJ,7191,Glitter Lady,10,7.,48.2,0
18693,2025-10-18,12:01,LADY FLAME DÍJ,7242,Golden Rose OZ,9,8.,2.4,0
18693,2025-10-18,12:01,LADY FLAME DÍJ,7368,Rafaela BD,1,9.,,0
18693,2025-10-18,12:01,LADY FLAME DÍJ,7325,Great Fille,4,gal.,96.5,0
18693,2025-10-18,12:01,LADY FLAME DÍJ,7175,Fearless ASM,7,gal.,12.0,0
18699,2025-10-18,12:35,2025. ÉVI KINCSEM PARK KUPA V. FUTAMA HENDIKEP,6617,Diófás,6,I.,2.3,0
18699,2025-10-18,12:35,2025. ÉVI KINCSEM PARK KUPA V. FUTAMA HENDIKEP,6861,Emeli Sandé A.T.,10,II.,6.7,0
18699,2025-10-18,12:35,2025. ÉVI KINCSEM PARK KUPA V. FUTAMA HENDIKEP,5228,Uptown Boy M,5,III.,3.3,0
18699,2025-10-18,12:35,2025. ÉVI KINCSEM PARK KUPA V. FUTAMA HENDIKEP,6342,Carlos Fox,8,IV.,15.6,0
18699,2025-10-18,12:35,2025. ÉVI KINCSEM PARK KUPA V. FUTAMA HENDIKEP,6920,Fliegauf,7,V.,4.2,0
18699,2025-10-18,12:35,2025. ÉVI KINCSEM PARK KUPA V. FUTAMA HENDIKEP,6702,Ezigen,9,6.,15.6,0
18699,2025-10-18,12:35,2025. ÉVI KINCSEM PARK KUPA V. FUTAMA HENDIKEP,6358,Calvin,1,7.,,0
18699,2025-10-18,12:35,2025. ÉVI KINCSEM PARK KUPA V. FUTAMA HENDIKEP,6657,Dreamer,4,8.,11.7,0
18699,2025-10-18,12:35,2025. ÉVI KINCSEM PARK KUPA V. FUTAMA HENDIKEP,5700,Vezér,2,9.,11.7,0
18699,2025-10-18,12:35,2025. ÉVI KINCSEM PARK KUPA V. FUTAMA HENDIKEP,4968,Titus Livius,3,gal.,15.6,0
18692,2025-10-18,13:10,ÜTOE NAGYDÍJ,7130,Giovanni Fling,7,I.,2.3,0
18692,2025-10-18,13:10,ÜTOE NAGYDÍJ,7114,Ginevra,6,II.,3.8,0
18692,2025-10-18,13:10,ÜTOE NAGYDÍJ,7185,Győztes Szív,3,III.,3.5,0
18692,2025-10-18,13:10,ÜTOE NAGYDÍJ,7176,Get Lucky,5,IV.,3.3,0
18692,2025-10-18,13:10,ÜTOE NAGYDÍJ,7186,Gina Fling,4,V.,25.1,0
18692,2025-10-18,13:10,ÜTOE NAGYDÍJ,7109,Gaya T Boko,1,6táv.,6.2,0
18692,2025-10-18,13:10,ÜTOE NAGYDÍJ,7187,Genesis,2,gal.,50.3,0
18695,2025-10-18,13:47,GRÓZA JÁNOS EMLÉKVERSENY,6731,Daytona Spav,5,I.,3.7,0
18695,2025-10-18,13:47,GRÓZA JÁNOS EMLÉKVERSENY,6355,Coach Degli Dei,3,II.,1.1,0
18695,2025-10-18,13:47,GRÓZA JÁNOS EMLÉKVERSENY,6864,In Love Danover,2,III.,10.3,0
18695,2025-10-18,13:47,GRÓZA JÁNOS EMLÉKVERSENY,7389,Ferragni Dvs,4,IV.,10.3,0
18695,2025-10-18,13:47,GRÓZA JÁNOS EMLÉKVERSENY,7375,Lola Dragon,6,V.,13.8,0
18695,2025-10-18,13:47,GRÓZA JÁNOS EMLÉKVERSENY,7394,Furio Ferm,1,6.,20.7,0
18698,2025-10-18,14:20,"ERDEI JÓZSEF ""VILMA"" EMLÉKVERSENY HENDIKEP",5625,Vanderle,5,I.,4.2,0
18698,2025-10-18,14:20,"ERDEI JÓZSEF ""VILMA"" EMLÉKVERSENY HENDIKEP",6692,Excellence,3,II.,3.6,0
18698,2025-10-18,14:20,"ERDEI JÓZSEF ""VILMA"" EMLÉKVERSENY HENDIKEP",5925,Anikó,10,III.,19.4,0
18698,2025-10-18,14:20,"ERDEI JÓZSEF ""VILMA"" EMLÉKVERSENY HENDIKEP",6919,Fermina Daza,4,IV.,12.1,0
18698,2025-10-18,14:20,"ERDEI JÓZSEF ""VILMA"" EMLÉKVERSENY HENDIKEP",5721,Zippy Boy,11,V.,,0
18698,2025-10-18,14:20,"ERDEI JÓZSEF ""VILMA"" EMLÉKVERSENY HENDIKEP",6442,Dulcinea del Toboso,8,6.,5.7,0
18698,2025-10-18,14:20,"ERDEI JÓZSEF ""VILMA"" EMLÉKVERSENY HENDIKEP",6786,Enrico Fling,12,7.,3.7,0
18698,2025-10-18,14:20,"ERDEI JÓZSEF ""VILMA"" EMLÉKVERSENY HENDIKEP",6119,Firefly Shadow,9,8.,5.1,0
18698,2025-10-18,14:20,"ERDEI JÓZSEF ""VILMA"" EMLÉKVERSENY HENDIKEP",6695,Ékszer K,2,9.,13.8,0
18698,2025-10-18,14:20,"ERDEI JÓZSEF ""VILMA"" EMLÉKVERSENY HENDIKEP",6877,Petra La Roque,7,10.,24.3,0
18698,2025-10-18,14:20,"ERDEI JÓZSEF ""VILMA"" EMLÉKVERSENY HENDIKEP",6982,Farkasfog,6,11.,13.8,0
18698,2025-10-18,14:20,"ERDEI JÓZSEF ""VILMA"" EMLÉKVERSENY HENDIKEP",5990,Aranyérem M,1,disq.,,0
18691,2025-10-18,14:58,92. KÉTÉVESEK NAGYDÍJA,7294,Hidalgo TIM,3,I.,1.2,0
18691,2025-10-18,14:58,92. KÉTÉVESEK NAGYDÍJA,7406,Hermes History,2,II.,3.0,0
18691,2025-10-18,14:58,92. KÉTÉVESEK NAGYDÍJA,7266,Hercegnő K,5,III.,25.2,0
18691,2025-10-18,14:58,92. KÉTÉVESEK NAGYDÍJA,7355,Hermész,1,IV.,15.1,0
18691,2025-10-18,14:58,92. KÉTÉVESEK NAGYDÍJA,7354,Have a dream,7,V.,6.4,0
18691,2025-10-18,14:58,92. KÉTÉVESEK NAGYDÍJA,7415,Hugo CD,6,6.,47.3,0
18691,2025-10-18,14:58,92. KÉTÉVESEK NAGYDÍJA,7429,Hippy Glory K,4,7.,31.5,0
18696,2025-10-18,15:25,FLINGA HENDIKEP,6899,Eunike T Boko,4,I.,2.7,0
18696,2025-10-18,15:25,FLINGA HENDIKEP,6709,Eccelenza,3,II.,4.8,0
18696,2025-10-18,15:25,FLINGA HENDIKEP,6360,Chip Chip Chip,8,III.,9.7,0
18696,2025-10-18,15:25,FLINGA HENDIKEP,4788,Szilvás,6,IV.,68.0,0
18696,2025-10-18,15:25,FLINGA HENDIKEP,5288,Usain,1,V.,34.0,0
18696,2025-10-18,15:25,FLINGA HENDIKEP,6330,Che Comandante,5,6.,8.5,0
18696,2025-10-18,15:25,FLINGA HENDIKEP,6021,Anna,7,7.,3.7,0
18696,2025-10-18,15:25,FLINGA HENDIKEP,5955,Atom Maki,2,8.,2.7,0
18688,2025-10-18,16:04,KÖZTÁRSASÁGI DÍJ,6783,Enjoy,1,I.,1.3,0
18688,2025-10-18,16:04,KÖZTÁRSASÁGI DÍJ,7428,Pure Muscle,7,II.,,0
18688,2025-10-18,16:04,KÖZTÁRSASÁGI DÍJ,6318,Bonaparte Boss,2,III.,4.6,0
18688,2025-10-18,16:04,KÖZTÁRSASÁGI DÍJ,7026,Stan Getz A.T.,8,IV.,2.9,0
18688,2025-10-18,16:04,KÖZTÁRSASÁGI DÍJ,6855,Eternity Bar,9,V.,27.8,0
18688,2025-10-18,16:04,KÖZTÁRSASÁGI DÍJ,6954,Palace Bo,6,6.,27.8,0
18688,2025-10-18,16:04,KÖZTÁRSASÁGI DÍJ,6903,Cardenas Baba,3,7.,16.7,0
18688,2025-10-18,16:04,KÖZTÁRSASÁGI DÍJ,7253,Baria TRGF Risaia,4,8.,,0
18688,2025-10-18,16:04,KÖZTÁRSASÁGI DÍJ,7457,Nacea,5,9táv.,27.8,0
18694,2025-10-18,16:36,FICKÓ DÍJ,7425,Vikens Lagunitas,3,I.,9.1,0
18694,2025-10-18,16:36,FICKÓ DÍJ,7193,Grazia,6,II.,4.2,0
18694,2025-10-18,16:36,FICKÓ DÍJ,7106,Gentleman Jack,7,III.,9.1,0
18694,2025-10-18,16:36,FICKÓ DÍJ,7149,Füge M,8,IV.,21.3,0
18694,2025-10-18,16:36,FICKÓ DÍJ,7199,Gingerly KJ,2,V.,15.9,0
18694,2025-10-18,16:36,FICKÓ DÍJ,7136,First Home,12,6.,,0
18694,2025-10-18,16:36,FICKÓ DÍJ,7118,Ferrari,11,7.,4.5,0
18694,2025-10-18,16:36,FICKÓ DÍJ,7329,Exclusive Adri,9,8.,5.8,0
18694,2025-10-18,16:36,FICKÓ DÍJ,6966,Eagle GG,5,9.,31.9,0
18694,2025-10-18,16:36,FICKÓ DÍJ,7168,God save the Queen,10,10táv.,31.9,0
18694,2025-10-18,16:36,FICKÓ DÍJ,7055,Feeling Great BD,1,gal.,2.4,0
18694,2025-10-18,16:36,FICKÓ DÍJ,6999,First Lady KJ,4,gal.,21.3,0
18697,2025-10-18,17:12,VATIKÁN HENDIKEP,5906,Anybody,7,I.,4.7,0
18697,2025-10-18,17:12,VATIKÁN HENDIKEP,6525,Big Ben Pax,3,II.,3.7,0
18697,2025-10-18,17:12,VATIKÁN HENDIKEP,6340,Cunami,2,III.,5.4,0
18697,2025-10-18,17:12,VATIKÁN HENDIKEP,6228,Creatine,4,IV.,3.5,0
18697,2025-10-18,17:12,VATIKÁN HENDIKEP,6261,Be Happy,6,V.,3.2,0
18697,2025-10-18,17:12,VATIKÁN HENDIKEP,6310,Compact Boy,1,6.,4.7,0
18680,2025-10-11,12:30,PRÓBAFUTAM,7102,Gyöngyhajú Lány,1,1.,,1
18681,2025-10-11,13:00,NYERETLENEK VERSENYE,6945,Fabergé F,7,I.,,0
18681,2025-10-11,13:00,NYERETLENEK VERSENYE,7144,Giadaz,9,II.,3.3,0
18681,2025-10-11,13:00,NYERETLENEK VERSENYE,7125,Florenza,6,III.,16.7,0
18681,2025-10-11,13:00,NYERETLENEK VERSENYE,7414,Fusion,3,IV.,50.3,0
18681,2025-10-11,13:00,NYERETLENEK VERSENYE,7242,Golden Rose OZ,11,V.,1.6,0
18681,2025-10-11,13:00,NYERETLENEK VERSENYE,7192,Grófnő R.,12,6.,50.3,0
18681,2025-10-11,13:00,NYERETLENEK VERSENYE,7345,Esperanto,2,7.,8.3,0
18681,2025-10-11,13:00,NYERETLENEK VERSENYE,7349,Torra LV,8,8.,,0
18681,2025-10-11,13:00,NYERETLENEK VERSENYE,7064,Ganybody,4,9.,8.3,0
18681,2025-10-11,13:00,NYERETLENEK VERSENYE,7194,Gyémánt Lady,10,10.,7.1,0
18681,2025-10-11,13:00,NYERETLENEK VERSENYE,7371,Tequila,1,11.,,0
18681,2025-10-11,13:00,NYERETLENEK VERSENYE,7200,Icibell BD,5,12.,10.0,0
18685,2025-10-11,13:30,BESSENYŐI NADIN SZÜLETÉSNAPI FUTAMA HENDIKEP,6854,Elegáns Hölgy,7,I.,5.4,0
18685,2025-10-11,13:30,BESSENYŐI NADIN SZÜLETÉSNAPI FUTAMA HENDIKEP,6709,Eccelenza,3,II.,2.1,0
18685,2025-10-11,13:30,BESSENYŐI NADIN SZÜLETÉSNAPI FUTAMA HENDIKEP,7085,El Nino N,5,III.,4.1,0
18685,2025-10-11,13:30,BESSENYŐI NADIN SZÜLETÉSNAPI FUTAMA HENDIKEP,6330,Che Comandante,6,IV.,2.8,0
18685,2025-10-11,13:30,BESSENYŐI NADIN SZÜLETÉSNAPI FUTAMA HENDIKEP,6262,Bronz Boy,2,V.,18.1,0
18685,2025-10-11,13:30,BESSENYŐI NADIN SZÜLETÉSNAPI FUTAMA HENDIKEP,5288,Usain,4,6.,10.8,0
18685,2025-10-11,13:30,BESSENYŐI NADIN SZÜLETÉSNAPI FUTAMA HENDIKEP,6378,Chesterfield,1,7.,10.8,0
18684,2025-10-11,14:00,JUTÁNYOS HENDIKEP,5955,Atom Maki,8,I.,1.5,0
18684,2025-10-11,14:00,JUTÁNYOS HENDIKEP,7370,Another Star,7,II.,3.5,0
18684,2025-10-11,14:00,JUTÁNYOS HENDIKEP,6995,Fany,5,III.,6.9,0
18684,2025-10-11,14:00,JUTÁNYOS HENDIKEP,6770,Top of Climb,4,IV.,5.5,0
18684,2025-10-11,14:00,JUTÁNYOS HENDIKEP,5990,Aranyérem M,1,V.,13.8,0
18684,2025-10-11,14:00,JUTÁNYOS HENDIKEP,6695,Ékszer K,3,6.,12.3,0
18684,2025-10-11,14:00,JUTÁNYOS HENDIKEP,6674,Démon Jewel GG,2,7.,18.4,0
18684,2025-10-11,14:00,JUTÁNYOS HENDIKEP,6919,Fermina Daza,6,8.,,0
18679,2025-10-11,14:39,SOLDO DÍJ,6433,Digital Races,5,I.,3.7,0
18679,2025-10-11,14:39,SOLDO DÍJ,6954,Palace Bo,4,II.,5.0,0
18679,2025-10-11,14:39,SOLDO DÍJ,6943,Elizabeth Boss,1,III.,2.5,0
18679,2025-10-11,14:39,SOLDO DÍJ,7394,Furio Ferm,2,IV.,7.9,0
18679,2025-10-11,14:39,SOLDO DÍJ,7336,Extra George,3,V.,2.9,0
18679,2025-10-11,14:39,SOLDO DÍJ,6855,Eternity Bar,6,gal.,6.9,0
18686,2025-10-11,15:07,JÁNOSBOGÁR HENDIKEP,6727,Västerbo No Edge,7,I.,3.3,0
18686,2025-10-11,15:07,JÁNOSBOGÁR HENDIKEP,6328,Credit Card,5,II.,5.1,0
18686,2025-10-11,15:07,JÁNOSBOGÁR HENDIKEP,6899,Eunike T Boko,1,III.,2.9,0
18686,2025-10-11,15:07,JÁNOSBOGÁR HENDIKEP,6983,Fondorlat,6,IV.,4.0,0
18686,2025-10-11,15:07,JÁNOSBOGÁR HENDIKEP,4788,Szilvás,2,V.,4.2,0
18686,2025-10-11,15:07,JÁNOSBOGÁR HENDIKEP,5531,Very Nice Photo,3,6.,18.1,0
18686,2025-10-11,15:07,JÁNOSBOGÁR HENDIKEP,6703,Etalon N,4,7.,10.3,0
18683,2025-10-11,15:36,GOSZTONYI DÉNES EMLÉKVERSENY,6898,Euzébió,7,I.,2.2,0
18683,2025-10-11,15:36,GOSZTONYI DÉNES EMLÉKVERSENY,6973,Edoardo Ama,5,II.,1.8,0
18683,2025-10-11,15:36,GOSZTONYI DÉNES EMLÉKVERSENY,7363,Flying Dancer,6,III.,4.0,0
18683,2025-10-11,15:36,GOSZTONYI DÉNES EMLÉKVERSENY,6929,Fendi,4,IV.,8.2,0
18683,2025-10-11,15:36,GOSZTONYI DÉNES EMLÉKVERSENY,6987,Fabrice,2,V.,18.6,0
18683,2025-10-11,15:36,GOSZTONYI DÉNES EMLÉKVERSENY,7105,Gomez de Boko,1,6.,41.4,0
18683,2025-10-11,15:36,GOSZTONYI DÉNES EMLÉKVERSENY,7396,Fiamma Sn,3,7.,31.0,0
18682,2025-10-11,16:08,JÚDÁS DÍJ,7193,Grazia,1,I.,46.9,0
18682,2025-10-11,16:08,JÚDÁS DÍJ,7109,Gaya T Boko,11,II.,9.3,0
18682,2025-10-11,16:08,JÚDÁS DÍJ,7065,Greenback,9,III.,1.5,0
18682,2025-10-11,16:08,JÚDÁS DÍJ,7269,Gloria Estefan A.T.,8,IV.,5.2,0
18682,2025-10-11,16:08,JÚDÁS DÍJ,7106,Gentleman Jack,6,V.,11.7,0
18682,2025-10-11,16:08,JÚDÁS DÍJ,6918,Front of the Line,10,6.,3.6,0
18682,2025-10-11,16:08,JÚDÁS DÍJ,7110,Guinevere,5,7.,46.9,0
18682,2025-10-11,16:08,JÚDÁS DÍJ,7099,Fizető,7,8.,,0
18682,2025-10-11,16:08,JÚDÁS DÍJ,6966,Eagle GG,3,9.,,0
18682,2025-10-11,16:08,JÚDÁS DÍJ,7086,Fakta,2,10.,,0
18682,2025-10-11,16:08,JÚDÁS DÍJ,7189,Galatea,4,disq.,7.8,0
18687,2025-10-11,16:36,JOKER HENDIKEP,6441,Diána Gull,3,I.,4.5,0
18687,2025-10-11,16:36,JOKER HENDIKEP,6331,Charming Boy,1,II.,5.2,0
18687,2025-10-11,16:36,JOKER HENDIKEP,7034,Formula,4,III.,4.5,0
18687,2025-10-11,16:36,JOKER HENDIKEP,5905,Adamo Fling,6,IV.,9.1,0
18687,2025-10-11,16:36,JOKER HENDIKEP,6704,Emerald,5,V.,12.2,0
18687,2025-10-11,16:36,JOKER HENDIKEP,6310,Compact Boy,2,6.,4.0,0
18687,2025-10-11,16:36,JOKER HENDIKEP,6163,Bombay,7,gal.,2.4,0
18670,2025-10-04,12:30,PRÓBAFUTAM,6310,Compact Boy,1,1.,,1
18668,2025-10-04,12:15,Q27 KVALIFIKÁCIÓ,7422,Hilaria Fling,1,1.,,1
18668,2025-10-04,12:15,Q27 KVALIFIKÁCIÓ,7430,Hédi Lady,2,gal.,,0
18669,2025-10-04,13:00,NADÁLY DÍJ,7189,Galatea,5,I.,6.3,0
18669,2025-10-04,13:00,NADÁLY DÍJ,7055,Feeling Great BD,4,II.,5.5,0
18669,2025-10-04,13:00,NADÁLY DÍJ,7199,Gingerly KJ,9,III.,22.1,0
18669,2025-10-04,13:00,NADÁLY DÍJ,6966,Eagle GG,12,IV.,,0
18669,2025-10-04,13:00,NADÁLY DÍJ,7425,Vikens Lagunitas,11,V.,11.0,0
18669,2025-10-04,13:00,NADÁLY DÍJ,7244,Coco,1,6.,22.1,0
18669,2025-10-04,13:00,NADÁLY DÍJ,7200,Icibell BD,2,7.,,0
18669,2025-10-04,13:00,NADÁLY DÍJ,7125,Florenza,3,8.,5.5,0
18669,2025-10-04,13:00,NADÁLY DÍJ,7193,Grazia,10,9.,14.7,0
18669,2025-10-04,13:00,NADÁLY DÍJ,7079,Griff Grand Laser,8,10.,11.0,0
18669,2025-10-04,13:00,NADÁLY DÍJ,7175,Fearless ASM,6,gal.,5.5,0
18669,2025-10-04,13:00,NADÁLY DÍJ,7358,Fiona May,7,gal.,2.3,0
18675,2025-10-04,13:35,VERSENYKÖZEGEK HAJTÁSA HENDIKEP,6899,Eunike T Boko,6,I.,1.9,0
18675,2025-10-04,13:35,VERSENYKÖZEGEK HAJTÁSA HENDIKEP,5625,Vanderle,3,II.,11.8,0
18675,2025-10-04,13:35,VERSENYKÖZEGEK HAJTÁSA HENDIKEP,6328,Credit Card,9,III.,8.4,0
18675,2025-10-04,13:35,VERSENYKÖZEGEK HAJTÁSA HENDIKEP,5721,Zippy Boy,4,IV.,6.5,0
18675,2025-10-04,13:35,VERSENYKÖZEGEK HAJTÁSA HENDIKEP,6350,Grand Illusion,8,V.,4.5,0
18675,2025-10-04,13:35,VERSENYKÖZEGEK HAJTÁSA HENDIKEP,6343,Chicago,2,6.,5.3,0
18675,2025-10-04,13:35,VERSENYKÖZEGEK HAJTÁSA HENDIKEP,6692,Excellence,1,7.,11.8,0
18675,2025-10-04,13:35,VERSENYKÖZEGEK HAJTÁSA HENDIKEP,6709,Eccelenza,5,8.,19.7,0
18675,2025-10-04,13:35,VERSENYKÖZEGEK HAJTÁSA HENDIKEP,6703,Etalon N,7,9.,19.7,0
18673,2025-10-04,14:10,VUTÁN GYÖRGY EMLÉKVERSENY - AMATŐRVERSENY HENDIKEP,7081,Fancy,3,I.,1.8,0
18673,2025-10-04,14:10,VUTÁN GYÖRGY EMLÉKVERSENY - AMATŐRVERSENY HENDIKEP,5907,Always Winner,5,II.,1.6,0
18673,2025-10-04,14:10,VUTÁN GYÖRGY EMLÉKVERSENY - AMATŐRVERSENY HENDIKEP,6435,Ducks,4,III.,6.7,0
18673,2025-10-04,14:10,VUTÁN GYÖRGY EMLÉKVERSENY - AMATŐRVERSENY HENDIKEP,5904,Australian Gold,6,IV.,11.7,0
18673,2025-10-04,14:10,VUTÁN GYÖRGY EMLÉKVERSENY - AMATŐRVERSENY HENDIKEP,6799,Exclusive Fox,2,V.,15.6,0
18673,2025-10-04,14:10,VUTÁN GYÖRGY EMLÉKVERSENY - AMATŐRVERSENY HENDIKEP,7035,Firkó,1,6.,46.9,0
18671,2025-10-04,14:45,ESZES MÁTYÁS EMLÉKVERSENY,7127,Francesca,5,I.,1.6,0
18671,2025-10-04,14:45,ESZES MÁTYÁS EMLÉKVERSENY,7034,Formula,1,II.,17.6,0
18671,2025-10-04,14:45,ESZES MÁTYÁS EMLÉKVERSENY,6936,Aaron LV,2,III.,8.8,0
18671,2025-10-04,14:45,ESZES MÁTYÁS EMLÉKVERSENY,6934,Zaira LV,6,IV.,11.7,0
18671,2025-10-04,14:45,ESZES MÁTYÁS EMLÉKVERSENY,7105,Gomez de Boko,3,V.,11.7,0
18671,2025-10-04,14:45,ESZES MÁTYÁS EMLÉKVERSENY,7314,Anointed,7,gal.,1.9,0
18672,2025-10-04,15:25,MARSCHALL NORBERT EMLÉKVERSENY - AMATŐRVERSENY DÍJ,6514,El Valle Sagrado,6,I.,1.6,0
18672,2025-10-04,15:25,MARSCHALL NORBERT EMLÉKVERSENY - AMATŐRVERSENY DÍJ,6864,In Love Danover,3,II.,19.7,0
18672,2025-10-04,15:25,MARSCHALL NORBERT EMLÉKVERSENY - AMATŐRVERSENY DÍJ,6308,Csábító R.,4,III.,8.1,0
18672,2025-10-04,15:25,MARSCHALL NORBERT EMLÉKVERSENY - AMATŐRVERSENY DÍJ,7171,Peter Piper,2,IV.,13.4,0
18672,2025-10-04,15:25,MARSCHALL NORBERT EMLÉKVERSENY - AMATŐRVERSENY DÍJ,6441,Diána Gull,5,V.,19.7,0
18672,2025-10-04,15:25,MARSCHALL NORBERT EMLÉKVERSENY - AMATŐRVERSENY DÍJ,7001,Fárosz,1,gal.,1.7,0
18676,2025-10-04,16:00,NYERETLEN KÉTÉVESEK VERSENYE - PLATINA DÍJ,7294,Hidalgo TIM,10,I.,4.8,0
18676,2025-10-04,16:00,NYERETLEN KÉTÉVESEK VERSENYE - PLATINA DÍJ,7429,Hippy Glory K,12,II.,4.8,0
18676,2025-10-04,16:00,NYERETLEN KÉTÉVESEK VERSENYE - PLATINA DÍJ,7261,Hell Energy,3,III.,,0
18676,2025-10-04,16:00,NYERETLEN KÉTÉVESEK VERSENYE - PLATINA DÍJ,7356,Holiday,5,IV.,19.2,0
18676,2025-10-04,16:00,NYERETLEN KÉTÉVESEK VERSENYE - PLATINA DÍJ,7256,Hélium Boy,8,V.,11.5,0
18676,2025-10-04,16:00,NYERETLEN KÉTÉVESEK VERSENYE - PLATINA DÍJ,7415,Hugo CD,9,6.,8.2,0
18676,2025-10-04,16:00,NYERETLEN KÉTÉVESEK VERSENYE - PLATINA DÍJ,7267,Habi K,2,7.,8.2,0
18676,2025-10-04,16:00,NYERETLEN KÉTÉVESEK VERSENYE - PLATINA DÍJ,7259,Hollywood Boy,4,8.,6.4,0
18676,2025-10-04,16:00,NYERETLEN KÉTÉVESEK VERSENYE - PLATINA DÍJ,7420,Héliosz R,1,gal.,28.9,0
18676,2025-10-04,16:00,NYERETLEN KÉTÉVESEK VERSENYE - PLATINA DÍJ,7421,Hórusz Szeme,6,gal.,14.4,0
18676,2025-10-04,16:00,NYERETLEN KÉTÉVESEK VERSENYE - PLATINA DÍJ,7461,Happy Lady VT,7,gal.,28.9,0
18676,2025-10-04,16:00,NYERETLEN KÉTÉVESEK VERSENYE - PLATINA DÍJ,7257,Happy Holiday,11,gal.,2.6,0
18678,2025-10-04,16:35,2025. ÉVI AMATŐR KUPA V. FUTAMA HENDIKEP,5325,Ultimate Force,1,I.,1.5,0
18678,2025-10-04,16:35,2025. ÉVI AMATŐR KUPA V. FUTAMA HENDIKEP,6702,Ezigen,2,II.,7.3,0
18678,2025-10-04,16:35,2025. ÉVI AMATŐR KUPA V. FUTAMA HENDIKEP,5905,Adamo Fling,7,III.,6.3,0
18678,2025-10-04,16:35,2025. ÉVI AMATŐR KUPA V. FUTAMA HENDIKEP,6525,Big Ben Pax,5,IV.,3.6,0
18678,2025-10-04,16:35,2025. ÉVI AMATŐR KUPA V. FUTAMA HENDIKEP,6342,Carlos Fox,4,V.,4.9,0
18678,2025-10-04,16:35,2025. ÉVI AMATŐR KUPA V. FUTAMA HENDIKEP,7136,First Home,3,gal.,14.7,0
18677,2025-10-04,17:14,JÁGÓ HENDIKEP,6228,Creatine,3,I.,1.8,0
18677,2025-10-04,17:14,JÁGÓ HENDIKEP,6066,Berill Lady,6,II.,4.8,0
18677,2025-10-04,17:14,JÁGÓ HENDIKEP,6340,Cunami,7,III.,6.9,0
18677,2025-10-04,17:14,JÁGÓ HENDIKEP,5831,King's Call,2,IV.,8.1,0
18677,2025-10-04,17:14,JÁGÓ HENDIKEP,5531,Very Nice Photo,1,V.,9.7,0
18677,2025-10-04,17:14,JÁGÓ HENDIKEP,6331,Charming Boy,5,6.,6.1,0
18677,2025-10-04,17:14,JÁGÓ HENDIKEP,6617,Diófás,4,7.,5.4,0
18674,2025-10-04,17:46,KOMORNYIK HENDIKEP,6983,Fondorlat,5,I.,4.6,0
18674,2025-10-04,17:46,KOMORNYIK HENDIKEP,6021,Anna,6,II.,1.7,0
18674,2025-10-04,17:46,KOMORNYIK HENDIKEP,6003,Ambrosia Gielle,3,III.,4.6,0
18674,2025-10-04,17:46,KOMORNYIK HENDIKEP,6877,Petra La Roque,2,IV.,5.5,0
18674,2025-10-04,17:46,KOMORNYIK HENDIKEP,6962,Flinga VT,4,V.,7.9,0
18674,2025-10-04,17:46,KOMORNYIK HENDIKEP,6953,Eposz,1,gal.,6.1,0
18665,2025-09-27,,DR. VECSEKLŐY JÓZSEF EMLÉKVERSENY - VÉGEREDMÉNY,6783,Enjoy,6,I.,1.4,0
18665,2025-09-27,,DR. VECSEKLŐY JÓZSEF EMLÉKVERSENY - VÉGEREDMÉNY,6318,Bonaparte Boss,5,II.,2.3,0
18665,2025-09-27,,DR. VECSEKLŐY JÓZSEF EMLÉKVERSENY - VÉGEREDMÉNY,6699,El Diablo,1,III.,9.8,0
18665,2025-09-27,,DR. VECSEKLŐY JÓZSEF EMLÉKVERSENY - VÉGEREDMÉNY,7003,Friday Night,2,IV.,13.6,0
18665,2025-09-27,,DR. VECSEKLŐY JÓZSEF EMLÉKVERSENY - VÉGEREDMÉNY,6855,Eternity Bar,4,V.,16.0,0
18665,2025-09-27,,DR. VECSEKLŐY JÓZSEF EMLÉKVERSENY - VÉGEREDMÉNY,6023,Acélos Fiú,3,6.,9.3,0
18655,2025-09-27,12:31,PRÓBAFUTAM,7314,Anointed,1,1.,,1
18655,2025-09-27,12:31,PRÓBAFUTAM,7054,Fánia BD,2,2.,,0
18654,2025-09-27,12:15,Q26 KVALIFIKÁCIÓ,7422,Hilaria Fling,2,1.,,1
18654,2025-09-27,12:15,Q26 KVALIFIKÁCIÓ,7430,Hédi Lady,1,gal.,,0
18663,2025-09-27,14:00,JESSIE JAMES HENDIKEP,7094,Full Speed,4,I.,4.2,0
18663,2025-09-27,14:00,JESSIE JAMES HENDIKEP,6786,Enrico Fling,8,II.,4.5,0
18663,2025-09-27,14:00,JESSIE JAMES HENDIKEP,6358,Calvin,1,III.,9.0,0
18663,2025-09-27,14:00,JESSIE JAMES HENDIKEP,5700,Vezér,3,IV.,63.2,0
18663,2025-09-27,14:00,JESSIE JAMES HENDIKEP,6057,Bitangjó,6,V.,3.5,0
18663,2025-09-27,14:00,JESSIE JAMES HENDIKEP,6695,Ékszer K,2,6.,7.0,0
18663,2025-09-27,14:00,JESSIE JAMES HENDIKEP,6995,Fany,9,7.,12.6,0
18663,2025-09-27,14:00,JESSIE JAMES HENDIKEP,6546,Count Basie AT,7,8.,5.2,0
18663,2025-09-27,14:00,JESSIE JAMES HENDIKEP,6953,Eposz,11,9.,15.8,0
18663,2025-09-27,14:00,JESSIE JAMES HENDIKEP,5247,Universal Boy,10,10.,31.6,0
18663,2025-09-27,14:00,JESSIE JAMES HENDIKEP,7086,Fakta,5,11.,10.5,0
18664,2025-09-27,13:30,POETICA SAF HENDIKEP,7329,Exclusive Adri,3,I.,2.8,0
18664,2025-09-27,13:30,POETICA SAF HENDIKEP,6119,Firefly Shadow,6,II.,4.6,0
18664,2025-09-27,13:30,POETICA SAF HENDIKEP,6690,Enterprise,2,III.,15.6,0
18664,2025-09-27,13:30,POETICA SAF HENDIKEP,5625,Vanderle,7,IV.,11.1,0
18664,2025-09-27,13:30,POETICA SAF HENDIKEP,7099,Fizető,5,V.,11.1,0
18664,2025-09-27,13:30,POETICA SAF HENDIKEP,5288,Usain,4,6.,1.7,0
18664,2025-09-27,13:30,POETICA SAF HENDIKEP,7104,Florentin,8,7.,26.0,0
18664,2025-09-27,13:30,POETICA SAF HENDIKEP,6312,Bongiovi,1,8.,15.6,0
18666,2025-09-27,14:03,DR. VECSEKLŐY JÓZSEF EMLÉKVERSENY - I. FUTAM,6783,Enjoy,6,1.,1.4,1
18666,2025-09-27,14:03,DR. VECSEKLŐY JÓZSEF EMLÉKVERSENY - I. FUTAM,6318,Bonaparte Boss,2,2.,2.3,0
18666,2025-09-27,14:03,DR. VECSEKLŐY JÓZSEF EMLÉKVERSENY - I. FUTAM,6855,Eternity Bar,4,3.,16.0,0
18666,2025-09-27,14:03,DR. VECSEKLŐY JÓZSEF EMLÉKVERSENY - I. FUTAM,7003,Friday Night,5,4.,13.6,0
18666,2025-09-27,14:03,DR. VECSEKLŐY JÓZSEF EMLÉKVERSENY - I. FUTAM,6699,El Diablo,3,5.,9.8,0
18666,2025-09-27,14:03,DR. VECSEKLŐY JÓZSEF EMLÉKVERSENY - I. FUTAM,6023,Acélos Fiú,1,6.,9.3,0
18653,2025-09-27,14:30,OLD BOYS HENDIKEP - VETERÁNOK HAJTÁSA,6698,Easy Bet,6,I.,1.3,0
18653,2025-09-27,14:30,OLD BOYS HENDIKEP - VETERÁNOK HAJTÁSA,6696,Édes K,2,II.,16.4,0
18653,2025-09-27,14:30,OLD BOYS HENDIKEP - VETERÁNOK HAJTÁSA,6343,Chicago,3,III.,8.7,0
18653,2025-09-27,14:30,OLD BOYS HENDIKEP - VETERÁNOK HAJTÁSA,6692,Excellence,5,IV.,2.9,0
18653,2025-09-27,14:30,OLD BOYS HENDIKEP - VETERÁNOK HAJTÁSA,6153,Bing Crosby AT,4,V.,8.2,0
18653,2025-09-27,14:30,OLD BOYS HENDIKEP - VETERÁNOK HAJTÁSA,6962,Flinga VT,8,6.,16.4,0
18653,2025-09-27,14:30,OLD BOYS HENDIKEP - VETERÁNOK HAJTÁSA,6877,Petra La Roque,7,gal.,26.2,0
18661,2025-09-27,15:00,MASTERPIECE DÍJ,7185,Győztes Szív,7,I.,1.0,0
18661,2025-09-27,15:00,MASTERPIECE DÍJ,7269,Gloria Estefan A.T.,3,II.,9.7,0
18661,2025-09-27,15:00,MASTERPIECE DÍJ,7330,Emilia Adri,4,III.,6.9,0
18661,2025-09-27,15:00,MASTERPIECE DÍJ,7124,Fess Fiú,6,IV.,6.4,0
18661,2025-09-27,15:00,MASTERPIECE DÍJ,7370,Another Star,5,V.,13.8,0
18661,2025-09-27,15:00,MASTERPIECE DÍJ,7199,Gingerly KJ,1,6.,24.3,0
18661,2025-09-27,15:00,MASTERPIECE DÍJ,6999,First Lady KJ,2,7.,21.6,0
18656,2025-09-27,15:32,ŐSZI KANCA DÍJ,6731,Daytona Spav,6,I.,2.1,0
18656,2025-09-27,15:32,ŐSZI KANCA DÍJ,7114,Ginevra,4,II.,1.5,0
18656,2025-09-27,15:32,ŐSZI KANCA DÍJ,6929,Fendi,5,III.,10.2,0
18656,2025-09-27,15:32,ŐSZI KANCA DÍJ,5906,Anybody,7,IV.,10.9,0
18656,2025-09-27,15:32,ŐSZI KANCA DÍJ,7253,Baria TRGF Risaia,8,V.,85.6,0
18656,2025-09-27,15:32,ŐSZI KANCA DÍJ,7103,Grace Kelly,2,6.,9.7,0
18656,2025-09-27,15:32,ŐSZI KANCA DÍJ,7168,God save the Queen,1,7.,35.7,0
18656,2025-09-27,15:32,ŐSZI KANCA DÍJ,7186,Gina Fling,3,gal.,28.5,0
18657,2025-09-27,18:01,EFFENDI DÍJ,7338,Glory Grant K,4,I.,4.2,0
18657,2025-09-27,18:01,EFFENDI DÍJ,7189,Galatea,7,II.,1.2,0
18657,2025-09-27,18:01,EFFENDI DÍJ,7414,Fusion,1,III.,,0
18657,2025-09-27,18:01,EFFENDI DÍJ,7191,Glitter Lady,6,IV.,8.9,0
18657,2025-09-27,18:01,EFFENDI DÍJ,6945,Fabergé F,8,V.,16.0,0
18657,2025-09-27,18:01,EFFENDI DÍJ,7125,Florenza,5,6.,20.0,0
18657,2025-09-27,18:01,EFFENDI DÍJ,7198,Gabrielle,2,gal.,8.0,0
18657,2025-09-27,18:01,EFFENDI DÍJ,7325,Great Fille,3,gal.,10.0,0
18667,2025-09-27,16:30,DR. VECSEKLŐY JÓZSEF EMLÉKVERSENY - II. FUTAM,6783,Enjoy,6,1.,1.4,1
18667,2025-09-27,16:30,DR. VECSEKLŐY JÓZSEF EMLÉKVERSENY - II. FUTAM,6318,Bonaparte Boss,3,2.,2.3,0
18667,2025-09-27,16:30,DR. VECSEKLŐY JÓZSEF EMLÉKVERSENY - II. FUTAM,6699,El Diablo,1,3.,9.8,0
18667,2025-09-27,16:30,DR. VECSEKLŐY JÓZSEF EMLÉKVERSENY - II. FUTAM,7003,Friday Night,4,4.,13.6,0
18667,2025-09-27,16:30,DR. VECSEKLŐY JÓZSEF EMLÉKVERSENY - II. FUTAM,6023,Acélos Fiú,2,5.,9.3,0
18667,2025-09-27,16:30,DR. VECSEKLŐY JÓZSEF EMLÉKVERSENY - II. FUTAM,6855,Eternity Bar,5,gal.,16.0,0
18662,2025-09-27,17:03,DOROTTYA DÍJ,7001,Fárosz,8,I.,2.8,0
18662,2025-09-27,17:03,DOROTTYA DÍJ,6943,Elizabeth Boss,1,II.,5.1,0
18662,2025-09-27,17:03,DOROTTYA DÍJ,7396,Fiamma Sn,4,III.,30.9,0
18662,2025-09-27,17:03,DOROTTYA DÍJ,7363,Flying Dancer,7,IV.,2.6,0
18662,2025-09-27,17:03,DOROTTYA DÍJ,6704,Emerald,5,V.,,0
18662,2025-09-27,17:03,DOROTTYA DÍJ,6861,Emeli Sandé A.T.,3,6.,15.4,0
18662,2025-09-27,17:03,DOROTTYA DÍJ,6328,Credit Card,6,7.,30.9,0
18662,2025-09-27,17:03,DOROTTYA DÍJ,6360,Chip Chip Chip,10,8.,15.4,0
18662,2025-09-27,17:03,DOROTTYA DÍJ,7394,Furio Ferm,2,9.,10.3,0
18662,2025-09-27,17:03,DOROTTYA DÍJ,6459,Diamond Ville,9,10.,3.8,0
18643,2025-09-20,12:31,PRÓBAFUTAM,6023,Acélos Fiú,3,1.,,1
18643,2025-09-20,12:31,PRÓBAFUTAM,7242,Golden Rose OZ,2,2.,,0
18643,2025-09-20,12:31,PRÓBAFUTAM,7191,Glitter Lady,1,3.,,0
18643,2025-09-20,12:31,PRÓBAFUTAM,7166,Giannina,4,4.,,0
18641,2025-09-20,12:00,Q24 KVALIFIKÁCIÓ,7294,Hidalgo TIM,1,1.,,1
18641,2025-09-20,12:00,Q24 KVALIFIKÁCIÓ,7353,Hipervándor,2,2.,,0
18642,2025-09-20,12:15,Q25 KVALIFIKÁCIÓ,7371,Tequila,1,1.,,1
18650,2025-09-20,13:04,HÜVELYK MATYI DÍJ,7079,Griff Grand Laser,7,I.,4.6,0
18650,2025-09-20,13:04,HÜVELYK MATYI DÍJ,7106,Gentleman Jack,11,II.,5.1,0
18650,2025-09-20,13:04,HÜVELYK MATYI DÍJ,7194,Gyémánt Lady,6,III.,21.9,0
18650,2025-09-20,13:04,HÜVELYK MATYI DÍJ,7309,Goldina Amok,8,IV.,3.9,0
18650,2025-09-20,13:04,HÜVELYK MATYI DÍJ,7193,Grazia,9,V.,87.7,0
18650,2025-09-20,13:04,HÜVELYK MATYI DÍJ,7244,Coco,2,6.,29.2,0
18650,2025-09-20,13:04,HÜVELYK MATYI DÍJ,7010,Blanka BBM,12,7.,8.7,0
18650,2025-09-20,13:04,HÜVELYK MATYI DÍJ,7325,Great Fille,4,8.,1.9,0
18650,2025-09-20,13:04,HÜVELYK MATYI DÍJ,7414,Fusion,1,9.,87.7,0
18650,2025-09-20,13:04,HÜVELYK MATYI DÍJ,7349,Torra LV,3,10.,21.9,0
18650,2025-09-20,13:04,HÜVELYK MATYI DÍJ,6966,Eagle GG,10,11.,43.8,0
18650,2025-09-20,13:04,HÜVELYK MATYI DÍJ,7200,Icibell BD,5,gal.,87.7,0
18649,2025-09-20,13:36,KŐBÁNYA SC ÖKÖLVÍVÓ SZAKOSZTÁLY DÍJA - VÖRSAS KUPA HENDIKEP,6438,Danny DeVito,2,I.,6.8,0
18649,2025-09-20,13:36,KŐBÁNYA SC ÖKÖLVÍVÓ SZAKOSZTÁLY DÍJA - VÖRSAS KUPA HENDIKEP,6696,Édes K,4,II.,27.2,0
18649,2025-09-20,13:36,KŐBÁNYA SC ÖKÖLVÍVÓ SZAKOSZTÁLY DÍJA - VÖRSAS KUPA HENDIKEP,5960,Ann Bella M,6,III.,3.0,0
18649,2025-09-20,13:36,KŐBÁNYA SC ÖKÖLVÍVÓ SZAKOSZTÁLY DÍJA - VÖRSAS KUPA HENDIKEP,6153,Bing Crosby AT,3,IV.,6.8,0
18649,2025-09-20,13:36,KŐBÁNYA SC ÖKÖLVÍVÓ SZAKOSZTÁLY DÍJA - VÖRSAS KUPA HENDIKEP,6854,Elegáns Hölgy,7,V.,3.4,0
18649,2025-09-20,13:36,KŐBÁNYA SC ÖKÖLVÍVÓ SZAKOSZTÁLY DÍJA - VÖRSAS KUPA HENDIKEP,6080,Boszi,8,6.,6.8,0
18649,2025-09-20,13:36,KŐBÁNYA SC ÖKÖLVÍVÓ SZAKOSZTÁLY DÍJA - VÖRSAS KUPA HENDIKEP,6435,Ducks,1,gal.,13.6,0
18649,2025-09-20,13:36,KŐBÁNYA SC ÖKÖLVÍVÓ SZAKOSZTÁLY DÍJA - VÖRSAS KUPA HENDIKEP,7099,Fizető,5,gal.,3.4,0
18646,2025-09-20,14:12,VAK BOTTYÁN DÍJ,7255,Top Hill,6,I.,1.5,0
18646,2025-09-20,14:12,VAK BOTTYÁN DÍJ,6943,Elizabeth Boss,5,II.,5.2,0
18646,2025-09-20,14:12,VAK BOTTYÁN DÍJ,6987,Fabrice,9,III.,6.3,0
18646,2025-09-20,14:12,VAK BOTTYÁN DÍJ,7370,Another Star,2,IV.,8.8,0
18646,2025-09-20,14:12,VAK BOTTYÁN DÍJ,7186,Gina Fling,3,V.,11.0,0
18646,2025-09-20,14:12,VAK BOTTYÁN DÍJ,6727,Västerbo No Edge,4,6.,22.1,0
18646,2025-09-20,14:12,VAK BOTTYÁN DÍJ,7247,Fancy Jet,1,7.,88.4,0
18646,2025-09-20,14:12,VAK BOTTYÁN DÍJ,6262,Bronz Boy,7,8.,44.2,0
18646,2025-09-20,14:12,VAK BOTTYÁN DÍJ,7394,Furio Ferm,8,gal.,5.2,0
18648,2025-09-20,14:45,NÉMA LEVENTE HENDIKEP,6305,Csikós,10,I.,17.7,0
18648,2025-09-20,14:45,NÉMA LEVENTE HENDIKEP,5907,Always Winner,4,II.,12.9,0
18648,2025-09-20,14:45,NÉMA LEVENTE HENDIKEP,6003,Ambrosia Gielle,12,III.,3.8,0
18648,2025-09-20,14:45,NÉMA LEVENTE HENDIKEP,5925,Anikó,5,IV.,23.6,0
18648,2025-09-20,14:45,NÉMA LEVENTE HENDIKEP,5904,Australian Gold,7,V.,6.7,0
18648,2025-09-20,14:45,NÉMA LEVENTE HENDIKEP,6695,Ékszer K,2,6.,35.5,0
18648,2025-09-20,14:45,NÉMA LEVENTE HENDIKEP,6995,Fany,9,7.,3.2,0
18648,2025-09-20,14:45,NÉMA LEVENTE HENDIKEP,6982,Farkasfog,6,8.,20.3,0
18648,2025-09-20,14:45,NÉMA LEVENTE HENDIKEP,5721,Zippy Boy,11,9.,2.3,0
18648,2025-09-20,14:45,NÉMA LEVENTE HENDIKEP,5610,Winoc SB,8,10.,20.3,0
18648,2025-09-20,14:45,NÉMA LEVENTE HENDIKEP,6345,Berna Queen M,1,11.,,0
18648,2025-09-20,14:45,NÉMA LEVENTE HENDIKEP,6919,Fermina Daza,3,12.,35.5,0
18651,2025-09-20,25:25,NYERETLEN KÉTÉVESEK VERSENYE,7355,Hermész,1,I.,8.3,0
18651,2025-09-20,25:25,NYERETLEN KÉTÉVESEK VERSENYE,7429,Hippy Glory K,5,II.,33.4,0
18651,2025-09-20,25:25,NYERETLEN KÉTÉVESEK VERSENYE,7354,Have a dream,11,III.,2.8,0
18651,2025-09-20,25:25,NYERETLEN KÉTÉVESEK VERSENYE,7266,Hercegnő K,10,IV.,3.9,0
18651,2025-09-20,25:25,NYERETLEN KÉTÉVESEK VERSENYE,7366,Hermosa,8,V.,,0
18651,2025-09-20,25:25,NYERETLEN KÉTÉVESEK VERSENYE,7415,Hugo CD,7,6.,12.1,0
18651,2025-09-20,25:25,NYERETLEN KÉTÉVESEK VERSENYE,7310,Hamidu,12,7.,11.1,0
18651,2025-09-20,25:25,NYERETLEN KÉTÉVESEK VERSENYE,7461,Happy Lady VT,4,8.,10.3,0
18651,2025-09-20,25:25,NYERETLEN KÉTÉVESEK VERSENYE,7421,Hórusz Szeme,3,9.,44.6,0
18651,2025-09-20,25:25,NYERETLEN KÉTÉVESEK VERSENYE,7256,Hélium Boy,2,10.,11.1,0
18651,2025-09-20,25:25,NYERETLEN KÉTÉVESEK VERSENYE,7420,Héliosz R,6,gal.,44.6,0
18651,2025-09-20,25:25,NYERETLEN KÉTÉVESEK VERSENYE,7293,Harmatka R,9,gal.,3.1,0
18647,2025-09-20,16:03,PATKÓ BANDI HENDIKEP,6690,Enterprise,5,I.,6.4,0
18647,2025-09-20,16:03,PATKÓ BANDI HENDIKEP,7094,Full Speed,7,II.,2.4,0
18647,2025-09-20,16:03,PATKÓ BANDI HENDIKEP,5700,Vezér,8,III.,10.1,0
18647,2025-09-20,16:03,PATKÓ BANDI HENDIKEP,6927,Fast Track,9,IV.,28.4,0
18647,2025-09-20,16:03,PATKÓ BANDI HENDIKEP,5990,Aranyérem M,1,V.,5.4,0
18647,2025-09-20,16:03,PATKÓ BANDI HENDIKEP,6799,Exclusive Fox,6,6.,8.8,0
18647,2025-09-20,16:03,PATKÓ BANDI HENDIKEP,6336,Allegro Barbaro,2,7.,,0
18647,2025-09-20,16:03,PATKÓ BANDI HENDIKEP,6131,Bulibáró,4,8.,17.7,0
18647,2025-09-20,16:03,PATKÓ BANDI HENDIKEP,7189,Galatea,3,gal.,3.6,0
18647,2025-09-20,16:03,PATKÓ BANDI HENDIKEP,6953,Eposz,10,gal.,6.4,0
18645,2025-09-20,16:37,NEMECSEK DÍJ,6355,Coach Degli Dei,2,I.,6.1,0
18645,2025-09-20,16:37,NEMECSEK DÍJ,5906,Anybody,6,II.,33.5,0
18645,2025-09-20,16:37,NEMECSEK DÍJ,6731,Daytona Spav,3,III.,2.3,0
18645,2025-09-20,16:37,NEMECSEK DÍJ,6954,Palace Bo,7,IV.,1.5,0
18645,2025-09-20,16:37,NEMECSEK DÍJ,5570,Villeneuve,4,V.,48.5,0
18645,2025-09-20,16:37,NEMECSEK DÍJ,7003,Friday Night,5,6.,8.5,0
18645,2025-09-20,16:37,NEMECSEK DÍJ,7081,Fancy,1,7.,17.4,0
18644,2025-09-20,17:14,KOPPÁNY HENDIKEP,7171,Peter Piper,7,I.,1.9,0
18644,2025-09-20,17:14,KOPPÁNY HENDIKEP,5962,Zénó Boko,4,II.,5.9,0
18644,2025-09-20,17:14,KOPPÁNY HENDIKEP,6163,Bombay,6,III.,4.4,0
18644,2025-09-20,17:14,KOPPÁNY HENDIKEP,5325,Ultimate Force,1,IV.,16.7,0
18644,2025-09-20,17:14,KOPPÁNY HENDIKEP,6472,Dumbledore,2,V.,5.2,0
18644,2025-09-20,17:14,KOPPÁNY HENDIKEP,6861,Emeli Sandé A.T.,3,6.,10.4,0
18644,2025-09-20,17:14,KOPPÁNY HENDIKEP,6331,Charming Boy,5,7.,4.4,0
18652,2025-09-20,17:45,OND HENDIKEP,5228,Uptown Boy M,7,I.,11.5,0
18652,2025-09-20,17:45,OND HENDIKEP,6342,Carlos Fox,5,II.,6.9,0
18652,2025-09-20,17:45,OND HENDIKEP,5531,Very Nice Photo,3,III.,3.8,0
18652,2025-09-20,17:45,OND HENDIKEP,5564,Valentino,8,IV.,6.9,0
18652,2025-09-20,17:45,OND HENDIKEP,6330,Che Comandante,4,V.,34.6,0
18652,2025-09-20,17:45,OND HENDIKEP,6442,Dulcinea del Toboso,1,6.,4.9,0
18652,2025-09-20,17:45,OND HENDIKEP,5831,King's Call,6,7.,2.4,0
18652,2025-09-20,17:45,OND HENDIKEP,5625,Vanderle,2,8.,4.9,0
18638,2025-09-14,10:00,CSAK A SZÉL HENDIKEP,6119,Firefly Shadow,6,I.,4.4,0
18638,2025-09-14,10:00,CSAK A SZÉL HENDIKEP,6786,Enrico Fling,3,II.,4.4,0
18638,2025-09-14,10:00,CSAK A SZÉL HENDIKEP,6438,Danny DeVito,5,III.,2.2,0
18638,2025-09-14,10:00,CSAK A SZÉL HENDIKEP,5925,Anikó,8,IV.,8.8,0
18638,2025-09-14,10:00,CSAK A SZÉL HENDIKEP,6345,Berna Queen M,1,V.,,0
18638,2025-09-14,10:00,CSAK A SZÉL HENDIKEP,6378,Chesterfield,4,6.,,0
18638,2025-09-14,10:00,CSAK A SZÉL HENDIKEP,6927,Fast Track,2,gal.,4.4,0
18638,2025-09-14,10:00,CSAK A SZÉL HENDIKEP,5907,Always Winner,7,gal.,4.4,0
18637,2025-09-14,10:30,NANÁ DÍJ,6936,Aaron LV,4,I.,6.1,0
18637,2025-09-14,10:30,NANÁ DÍJ,7105,Gomez de Boko,6,II.,9.1,0
18637,2025-09-14,10:30,NANÁ DÍJ,7034,Formula,5,III.,4.5,0
18637,2025-09-14,10:30,NANÁ DÍJ,7370,Another Star,1,IV.,6.1,0
18637,2025-09-14,10:30,NANÁ DÍJ,6983,Fondorlat,2,V.,4.5,0
18637,2025-09-14,10:30,NANÁ DÍJ,7136,First Home,3,gal.,1.6,0
18640,2025-09-14,11:00,DETROIT HENDIKEP,6920,Fliegauf,7,I.,5.1,0
18640,2025-09-14,11:00,DETROIT HENDIKEP,4788,Szilvás,6,II.,6.9,0
18640,2025-09-14,11:00,DETROIT HENDIKEP,5795,Zara Mia,1,III.,5.9,0
18640,2025-09-14,11:00,DETROIT HENDIKEP,5531,Very Nice Photo,2,IV.,5.1,0
18640,2025-09-14,11:00,DETROIT HENDIKEP,6854,Elegáns Hölgy,3,V.,1.5,0
18640,2025-09-14,11:00,DETROIT HENDIKEP,6262,Bronz Boy,4,6.,8.2,0
18639,2025-09-14,11:36,OSTOROS CSALÁDI PINCÉSZET DÍJA-2025. ÉVI KP KUPA IV. F. HP.,4968,Titus Livius,4,I.,3.7,0
18639,2025-09-14,11:36,OSTOROS CSALÁDI PINCÉSZET DÍJA-2025. ÉVI KP KUPA IV. F. HP.,6709,Eccelenza,8,II.,6.7,0
18639,2025-09-14,11:36,OSTOROS CSALÁDI PINCÉSZET DÍJA-2025. ÉVI KP KUPA IV. F. HP.,6358,Calvin,1,III.,11.2,0
18639,2025-09-14,11:36,OSTOROS CSALÁDI PINCÉSZET DÍJA-2025. ÉVI KP KUPA IV. F. HP.,6435,Ducks,3,IV.,2.4,0
18639,2025-09-14,11:36,OSTOROS CSALÁDI PINCÉSZET DÍJA-2025. ÉVI KP KUPA IV. F. HP.,5247,Universal Boy,5,V.,5.6,0
18639,2025-09-14,11:36,OSTOROS CSALÁDI PINCÉSZET DÍJA-2025. ÉVI KP KUPA IV. F. HP.,5700,Vezér,2,6.,,0
18639,2025-09-14,11:36,OSTOROS CSALÁDI PINCÉSZET DÍJA-2025. ÉVI KP KUPA IV. F. HP.,6953,Eposz,9,7.,6.7,0
18639,2025-09-14,11:36,OSTOROS CSALÁDI PINCÉSZET DÍJA-2025. ÉVI KP KUPA IV. F. HP.,6305,Csikós,6,8.,2.4,0
18633,2025-09-13,10:00,NYERETLENEK VERSENYE,7358,Fiona May,9,I.,,0
18633,2025-09-13,10:00,NYERETLENEK VERSENYE,7144,Giadaz,3,II.,,0
18633,2025-09-13,10:00,NYERETLENEK VERSENYE,7079,Griff Grand Laser,10,III.,,0
18633,2025-09-13,10:00,NYERETLENEK VERSENYE,7338,Glory Grant K,2,IV.,,0
18633,2025-09-13,10:00,NYERETLENEK VERSENYE,7125,Florenza,7,V.,,0
18633,2025-09-13,10:00,NYERETLENEK VERSENYE,7192,Grófnő R.,12,6.,,0
18633,2025-09-13,10:00,NYERETLENEK VERSENYE,7194,Gyémánt Lady,11,7.,,0
18633,2025-09-13,10:00,NYERETLENEK VERSENYE,7064,Ganybody,6,8.,,0
18633,2025-09-13,10:00,NYERETLENEK VERSENYE,7345,Esperanto,4,9.,,0
18633,2025-09-13,10:00,NYERETLENEK VERSENYE,7241,Gigant Ris,5,10.,,0
18633,2025-09-13,10:00,NYERETLENEK VERSENYE,6945,Fabergé F,1,gal.,,0
18635,2025-09-13,10:30,JUNGFRAU DÍJ,6912,Fiona TIM,3,I.,4.0,0
18635,2025-09-13,10:30,JUNGFRAU DÍJ,6929,Fendi,7,II.,4.0,0
18635,2025-09-13,10:30,JUNGFRAU DÍJ,7176,Get Lucky,5,III.,1.0,0
18635,2025-09-13,10:30,JUNGFRAU DÍJ,7186,Gina Fling,2,IV.,,0
18635,2025-09-13,10:30,JUNGFRAU DÍJ,6704,Emerald,6,V.,,0
18634,2025-09-13,11:00,OGUZ DÍJ,7065,Greenback,9,I.,3.0,0
18634,2025-09-13,11:00,OGUZ DÍJ,7330,Emilia Adri,11,II.,2.0,0
18634,2025-09-13,11:00,OGUZ DÍJ,7110,Guinevere,10,III.,,0
18634,2025-09-13,11:00,OGUZ DÍJ,7106,Gentleman Jack,8,IV.,6.1,0
18634,2025-09-13,11:00,OGUZ DÍJ,7425,Vikens Lagunitas,5,V.,6.1,0
18634,2025-09-13,11:00,OGUZ DÍJ,7329,Exclusive Adri,12,6.,,0
18634,2025-09-13,11:00,OGUZ DÍJ,6999,First Lady KJ,6,7.,,0
18634,2025-09-13,11:00,OGUZ DÍJ,7193,Grazia,4,8.,,0
18634,2025-09-13,11:00,OGUZ DÍJ,7240,Gana Ris,1,9.,,0
18634,2025-09-13,11:00,OGUZ DÍJ,7199,Gingerly KJ,3,10.,6.1,0
18634,2025-09-13,11:00,OGUZ DÍJ,7188,Győcike,2,11.,6.1,0
18634,2025-09-13,11:00,OGUZ DÍJ,7035,Firkó,7,12.,,0
18636,2025-09-13,11:30,OSTOROS CSALÁDI PINCÉSZET DÍJA - AMATŐRVERSENY HENDIKEP,5325,Ultimate Force,1,I.,2.2,0
18636,2025-09-13,11:30,OSTOROS CSALÁDI PINCÉSZET DÍJA - AMATŐRVERSENY HENDIKEP,7124,Fess Fiú,3,II.,6.8,0
18636,2025-09-13,11:30,OSTOROS CSALÁDI PINCÉSZET DÍJA - AMATŐRVERSENY HENDIKEP,5228,Uptown Boy M,2,III.,1.7,0
18636,2025-09-13,11:30,OSTOROS CSALÁDI PINCÉSZET DÍJA - AMATŐRVERSENY HENDIKEP,6525,Big Ben Pax,6,IV.,3.4,0
18636,2025-09-13,11:30,OSTOROS CSALÁDI PINCÉSZET DÍJA - AMATŐRVERSENY HENDIKEP,6350,Grand Illusion,5,V.,,0
18636,2025-09-13,11:30,OSTOROS CSALÁDI PINCÉSZET DÍJA - AMATŐRVERSENY HENDIKEP,6962,Flinga VT,4,6.,,0
18621,2025-09-06,12:30,PRÓBAFUTAM,7192,Grófnő R.,1,1.,,1
18624,2025-09-06,12:00,Q23 KVALIFIKÁCIÓ,7293,Harmatka R,2,1.,,1
18624,2025-09-06,12:00,Q23 KVALIFIKÁCIÓ,7356,Holiday,4,2.,,0
18624,2025-09-06,12:00,Q23 KVALIFIKÁCIÓ,7461,Happy Lady VT,1,3.,,0
18624,2025-09-06,12:00,Q23 KVALIFIKÁCIÓ,7422,Hilaria Fling,3,gal.,,0
18629,2025-09-06,13:02,VILMOS D. HENDIKEP,7329,Exclusive Adri,3,I.,2.1,0
18629,2025-09-06,13:02,VILMOS D. HENDIKEP,6057,Bitangjó,5,II.,3.5,0
18629,2025-09-06,13:02,VILMOS D. HENDIKEP,5990,Aranyérem M,1,III.,4.7,0
18629,2025-09-06,13:02,VILMOS D. HENDIKEP,6690,Enterprise,2,IV.,11.8,0
18629,2025-09-06,13:02,VILMOS D. HENDIKEP,6786,Enrico Fling,9,V.,7.3,0
18629,2025-09-06,13:02,VILMOS D. HENDIKEP,6345,Berna Queen M,4,6.,29.5,0
18629,2025-09-06,13:02,VILMOS D. HENDIKEP,6927,Fast Track,7,7.,9.1,0
18629,2025-09-06,13:02,VILMOS D. HENDIKEP,6799,Exclusive Fox,6,8.,19.7,0
18629,2025-09-06,13:02,VILMOS D. HENDIKEP,7094,Full Speed,10,9.,13.1,0
18629,2025-09-06,13:02,VILMOS D. HENDIKEP,5695,Vinifera M,8,10.,59.1,0
18626,2025-09-06,13:36,ELEGANT YANKEE DÍJ,7185,Győztes Szív,4,I.,2.2,0
18626,2025-09-06,13:36,ELEGANT YANKEE DÍJ,6918,Front of the Line,3,II.,5.1,0
18626,2025-09-06,13:36,ELEGANT YANKEE DÍJ,7103,Grace Kelly,10,III.,10.8,0
18626,2025-09-06,13:36,ELEGANT YANKEE DÍJ,7269,Gloria Estefan A.T.,1,IV.,15.5,0
18626,2025-09-06,13:36,ELEGANT YANKEE DÍJ,7370,Another Star,2,V.,18.1,0
18626,2025-09-06,13:36,ELEGANT YANKEE DÍJ,6983,Fondorlat,9,6.,15.5,0
18626,2025-09-06,13:36,ELEGANT YANKEE DÍJ,7109,Gaya T Boko,6,7.,9.8,0
18626,2025-09-06,13:36,ELEGANT YANKEE DÍJ,7097,Fortuna Ville,8,8.,4.1,0
18626,2025-09-06,13:36,ELEGANT YANKEE DÍJ,7247,Fancy Jet,5,9.,8.3,0
18626,2025-09-06,13:36,ELEGANT YANKEE DÍJ,7168,God save the Queen,7,10.,15.5,0
18626,2025-09-06,13:36,ELEGANT YANKEE DÍJ,6919,Fermina Daza,11,11.,27.2,0
18627,2025-09-06,14:13,FEKETE LÁSZLÓ EMLÉKVERSENY,7001,Fárosz,6,I.,6.1,0
18627,2025-09-06,14:13,FEKETE LÁSZLÓ EMLÉKVERSENY,6973,Edoardo Ama,4,II.,4.7,0
18627,2025-09-06,14:13,FEKETE LÁSZLÓ EMLÉKVERSENY,6864,In Love Danover,7,III.,10.3,0
18627,2025-09-06,14:13,FEKETE LÁSZLÓ EMLÉKVERSENY,6987,Fabrice,1,IV.,7.2,0
18627,2025-09-06,14:13,FEKETE LÁSZLÓ EMLÉKVERSENY,7394,Furio Ferm,2,V.,61.8,0
18627,2025-09-06,14:13,FEKETE LÁSZLÓ EMLÉKVERSENY,6163,Bombay,8,6.,3.3,0
18627,2025-09-06,14:13,FEKETE LÁSZLÓ EMLÉKVERSENY,7396,Fiamma Sn,3,7.,61.8,0
18627,2025-09-06,14:13,FEKETE LÁSZLÓ EMLÉKVERSENY,7050,Luigi de Sajan,9,8.,30.9,0
18627,2025-09-06,14:13,FEKETE LÁSZLÓ EMLÉKVERSENY,6843,Dalia OZT,5,disq.,1.9,0
18628,2025-09-06,14:49,SZEGEDY ISTVÁN EMLÉKVERSENY,6514,El Valle Sagrado,1,I.,2.5,0
18628,2025-09-06,14:49,SZEGEDY ISTVÁN EMLÉKVERSENY,6731,Daytona Spav,2,II.,1.5,0
18628,2025-09-06,14:49,SZEGEDY ISTVÁN EMLÉKVERSENY,6954,Palace Bo,7,III.,28.1,0
18628,2025-09-06,14:49,SZEGEDY ISTVÁN EMLÉKVERSENY,5906,Anybody,6,IV.,27.2,0
18628,2025-09-06,14:49,SZEGEDY ISTVÁN EMLÉKVERSENY,6903,Cardenas Baba,10,V.,6.8,0
18628,2025-09-06,14:49,SZEGEDY ISTVÁN EMLÉKVERSENY,6855,Eternity Bar,9,6.,28.1,0
18628,2025-09-06,14:49,SZEGEDY ISTVÁN EMLÉKVERSENY,6699,El Diablo,5,7.,10.6,0
18628,2025-09-06,14:49,SZEGEDY ISTVÁN EMLÉKVERSENY,5962,Zénó Boko,4,8.,35.1,0
18628,2025-09-06,14:49,SZEGEDY ISTVÁN EMLÉKVERSENY,6679,Inforgettable,3,9.,32.4,0
18628,2025-09-06,14:49,SZEGEDY ISTVÁN EMLÉKVERSENY,7253,Baria TRGF Risaia,8,10.,211.1,0
18625,2025-09-06,15:25, A 100 ÉVES KINCSEM PARK DÍJA,7330,Emilia Adri,10,I.,5.8,0
18625,2025-09-06,15:25, A 100 ÉVES KINCSEM PARK DÍJA,7403,Baiyoke Sky,6,II.,1.6,0
18625,2025-09-06,15:25, A 100 ÉVES KINCSEM PARK DÍJA,7189,Galatea,5,III.,9.1,0
18625,2025-09-06,15:25, A 100 ÉVES KINCSEM PARK DÍJA,7309,Goldina Amok,7,IV.,34.9,0
18625,2025-09-06,15:25, A 100 ÉVES KINCSEM PARK DÍJA,7198,Gabrielle,2,V.,34.9,0
18625,2025-09-06,15:25, A 100 ÉVES KINCSEM PARK DÍJA,7200,Icibell BD,3,6táv.,21.8,0
18625,2025-09-06,15:25, A 100 ÉVES KINCSEM PARK DÍJA,7175,Fearless ASM,4,7táv.,6.7,0
18625,2025-09-06,15:25, A 100 ÉVES KINCSEM PARK DÍJA,7088,Faella BD,8,8táv.,24.9,0
18625,2025-09-06,15:25, A 100 ÉVES KINCSEM PARK DÍJA,7368,Rafaela BD,1,9táv.,17.4,0
18625,2025-09-06,15:25, A 100 ÉVES KINCSEM PARK DÍJA,7188,Győcike,9,gal.,4.4,0
18632,2025-09-06,16:05,EZERJÓ HENDIKEP,7173,Jula Netprice,4,I.,2.8,0
18632,2025-09-06,16:05,EZERJÓ HENDIKEP,7171,Peter Piper,7,II.,13.7,0
18632,2025-09-06,16:05,EZERJÓ HENDIKEP,6899,Eunike T Boko,6,III.,5.3,0
18632,2025-09-06,16:05,EZERJÓ HENDIKEP,6066,Berill Lady,1,IV.,7.6,0
18632,2025-09-06,16:05,EZERJÓ HENDIKEP,5905,Adamo Fling,5,V.,24.1,0
18632,2025-09-06,16:05,EZERJÓ HENDIKEP,6228,Creatine,9,6.,3.0,0
18632,2025-09-06,16:05,EZERJÓ HENDIKEP,5725,Zente,3,7.,3.5,0
18632,2025-09-06,16:05,EZERJÓ HENDIKEP,6472,Dumbledore,2,8.,19.9,0
18632,2025-09-06,16:05,EZERJÓ HENDIKEP,5564,Valentino,8,9.,36.8,0
18623,2025-09-06,16:47,V-SPORT LOVI - 111. HUNGÁRIA DÍJ,6765,Days of Thunder,6,I.,5.2,0
18623,2025-09-06,16:47,V-SPORT LOVI - 111. HUNGÁRIA DÍJ,6916,Freya T Boko,4,II.,3.0,0
18623,2025-09-06,16:47,V-SPORT LOVI - 111. HUNGÁRIA DÍJ,7453,Orlando Paladino,2,III.,2.2,0
18623,2025-09-06,16:47,V-SPORT LOVI - 111. HUNGÁRIA DÍJ,7130,Giovanni Fling,3,IV.,4.1,0
18623,2025-09-06,16:47,V-SPORT LOVI - 111. HUNGÁRIA DÍJ,7114,Ginevra,1,V.,22.9,0
18623,2025-09-06,16:47,V-SPORT LOVI - 111. HUNGÁRIA DÍJ,7437,Enzo Jet,5,gal.,4.5,0
18631,2025-09-06,17:21,KARVALY HENDIKEP,6328,Credit Card,4,I.,17.1,0
18631,2025-09-06,17:21,KARVALY HENDIKEP,7124,Fess Fiú,2,II.,5.9,0
18631,2025-09-06,17:21,KARVALY HENDIKEP,4788,Szilvás,3,III.,4.1,0
18631,2025-09-06,17:21,KARVALY HENDIKEP,7118,Ferrari,5,IV.,6.1,0
18631,2025-09-06,17:21,KARVALY HENDIKEP,6702,Ezigen,8,V.,1.7,0
18631,2025-09-06,17:21,KARVALY HENDIKEP,7034,Formula,7,6.,7.3,0
18631,2025-09-06,17:21,KARVALY HENDIKEP,6342,Carlos Fox,6,7.,9.0,0
18631,2025-09-06,17:21,KARVALY HENDIKEP,7104,Florentin,1,8.,30.8,0
18622,2025-09-06,18:04,KINCSEM+ TUTI - MARSCHALL JÓZSEF EMLÉKVERSENY (HUN Gr. III.),7230,Ois Tschikago,7,I.,4.1,0
18622,2025-09-06,18:04,KINCSEM+ TUTI - MARSCHALL JÓZSEF EMLÉKVERSENY (HUN Gr. III.),6783,Enjoy,4,II.,4.7,0
18622,2025-09-06,18:04,KINCSEM+ TUTI - MARSCHALL JÓZSEF EMLÉKVERSENY (HUN Gr. III.),7435,Catullo Jet,8,III.,5.5,0
18622,2025-09-06,18:04,KINCSEM+ TUTI - MARSCHALL JÓZSEF EMLÉKVERSENY (HUN Gr. III.),7217,Uccellone,1,IV.,1.4,0
18622,2025-09-06,18:04,KINCSEM+ TUTI - MARSCHALL JÓZSEF EMLÉKVERSENY (HUN Gr. III.),7433,Hello Sport,5,V.,15.4,0
18622,2025-09-06,18:04,KINCSEM+ TUTI - MARSCHALL JÓZSEF EMLÉKVERSENY (HUN Gr. III.),6433,Digital Races,2,6.,38.9,0
18622,2025-09-06,18:04,KINCSEM+ TUTI - MARSCHALL JÓZSEF EMLÉKVERSENY (HUN Gr. III.),6318,Bonaparte Boss,3,7.,37.6,0
18622,2025-09-06,18:04,KINCSEM+ TUTI - MARSCHALL JÓZSEF EMLÉKVERSENY (HUN Gr. III.),7428,Pure Muscle,6,8.,24.1,0
18630,2025-09-06,18:41,CALORINA HENDIKEP,6698,Easy Bet,3,I.,2.8,0
18630,2025-09-06,18:41,CALORINA HENDIKEP,5625,Vanderle,4,II.,48.0,0
18630,2025-09-06,18:41,CALORINA HENDIKEP,5288,Usain,7,III.,7.2,0
18630,2025-09-06,18:41,CALORINA HENDIKEP,6003,Ambrosia Gielle,5,IV.,10.2,0
18630,2025-09-06,18:41,CALORINA HENDIKEP,6343,Chicago,10,V.,4.8,0
18630,2025-09-06,18:41,CALORINA HENDIKEP,5904,Australian Gold,2,6.,8.0,0
18630,2025-09-06,18:41,CALORINA HENDIKEP,6696,Édes K,11,7.,20.5,0
18630,2025-09-06,18:41,CALORINA HENDIKEP,5247,Universal Boy,6,8.,12.0,0
18630,2025-09-06,18:41,CALORINA HENDIKEP,6518,Lolly Pop,12,9.,20.5,0
18630,2025-09-06,18:41,CALORINA HENDIKEP,6153,Bing Crosby AT,9,10.,28.8,0
18630,2025-09-06,18:41,CALORINA HENDIKEP,5955,Atom Maki,8,11.,4.5,0
18630,2025-09-06,18:41,CALORINA HENDIKEP,6982,Farkasfog,1,12.,10.2,0
18609,2025-08-23,12:30,PRÓBAFUTAM,6355,Coach Degli Dei,2,1.,,1
18609,2025-08-23,12:30,PRÓBAFUTAM,7010,Blanka BBM,1,2.,,0
18608,2025-08-23,12:00,Q22 KVALIFIKÁCIÓ,7415,Hugo CD,4,1.,,1
18608,2025-08-23,12:00,Q22 KVALIFIKÁCIÓ,7429,Hippy Glory K,2,2.,,0
18608,2025-08-23,12:00,Q22 KVALIFIKÁCIÓ,7421,Hórusz Szeme,1,3.,,0
18608,2025-08-23,12:00,Q22 KVALIFIKÁCIÓ,7353,Hipervándor,3,4.,,0
18612,2025-08-23,13:00,NYERETLENEK VERSENYE,7116,Golden Girl,7,I.,5.6,0
18612,2025-08-23,13:00,NYERETLENEK VERSENYE,7079,Griff Grand Laser,8,II.,7.7,0
18612,2025-08-23,13:00,NYERETLENEK VERSENYE,7325,Great Fille,1,III.,101.3,0
18612,2025-08-23,13:00,NYERETLENEK VERSENYE,7125,Florenza,6,IV.,5.6,0
18612,2025-08-23,13:00,NYERETLENEK VERSENYE,7338,Glory Grant K,2,V.,4.4,0
18612,2025-08-23,13:00,NYERETLENEK VERSENYE,7064,Ganybody,5,6.,101.3,0
18612,2025-08-23,13:00,NYERETLENEK VERSENYE,7059,Gatto,4,7.,101.3,0
18612,2025-08-23,13:00,NYERETLENEK VERSENYE,7088,Faella BD,9,8táv.,,0
18612,2025-08-23,13:00,NYERETLENEK VERSENYE,7345,Esperanto,3,gal.,1.3,0
18614,2025-08-23,13:31,BORUTKA DÍJ,6731,Daytona Spav,1,I.,1.5,0
18614,2025-08-23,13:31,BORUTKA DÍJ,6855,Eternity Bar,3,II.,5.9,0
18614,2025-08-23,13:31,BORUTKA DÍJ,6954,Palace Bo,7,III.,7.8,0
18614,2025-08-23,13:31,BORUTKA DÍJ,5906,Anybody,6,IV.,20.8,0
18614,2025-08-23,13:31,BORUTKA DÍJ,5570,Villeneuve,4,V.,3.5,0
18614,2025-08-23,13:31,BORUTKA DÍJ,7253,Baria TRGF Risaia,2,6.,13.9,0
18614,2025-08-23,13:31,BORUTKA DÍJ,6023,Acélos Fiú,5,7.,7.8,0
18619,2025-08-23,14:05,MEDITERRANEAN CUP HENDIKEP,5795,Zara Mia,5,I.,13.3,0
18619,2025-08-23,14:05,MEDITERRANEAN CUP HENDIKEP,7081,Fancy,4,II.,6.1,0
18619,2025-08-23,14:05,MEDITERRANEAN CUP HENDIKEP,4788,Szilvás,7,III.,7.9,0
18619,2025-08-23,14:05,MEDITERRANEAN CUP HENDIKEP,6360,Chip Chip Chip,10,IV.,12.2,0
18619,2025-08-23,14:05,MEDITERRANEAN CUP HENDIKEP,5228,Uptown Boy M,11,V.,4.4,0
18619,2025-08-23,14:05,MEDITERRANEAN CUP HENDIKEP,5610,Winoc SB,2,6.,,0
18619,2025-08-23,14:05,MEDITERRANEAN CUP HENDIKEP,6330,Che Comandante,8,7.,14.5,0
18619,2025-08-23,14:05,MEDITERRANEAN CUP HENDIKEP,6690,Enterprise,1,8.,11.4,0
18619,2025-08-23,14:05,MEDITERRANEAN CUP HENDIKEP,6328,Credit Card,12,9.,6.3,0
18619,2025-08-23,14:05,MEDITERRANEAN CUP HENDIKEP,6995,Fany,3,10.,3.2,0
18619,2025-08-23,14:05,MEDITERRANEAN CUP HENDIKEP,6153,Bing Crosby AT,6,11.,13.3,0
18619,2025-08-23,14:05,MEDITERRANEAN CUP HENDIKEP,7053,Fabio,9,12.,9.4,0
18620,2025-08-23,14:45,VARGA LAJOS EMLÉKVERSENY - AMATŐRVERSENY DÍJ,6514,El Valle Sagrado,6,I.,1.3,0
18620,2025-08-23,14:45,VARGA LAJOS EMLÉKVERSENY - AMATŐRVERSENY DÍJ,6864,In Love Danover,4,II.,2.8,0
18620,2025-08-23,14:45,VARGA LAJOS EMLÉKVERSENY - AMATŐRVERSENY DÍJ,6308,Csábító R.,5,III.,5.0,0
18620,2025-08-23,14:45,VARGA LAJOS EMLÉKVERSENY - AMATŐRVERSENY DÍJ,6899,Eunike T Boko,2,IV.,7.7,0
18620,2025-08-23,14:45,VARGA LAJOS EMLÉKVERSENY - AMATŐRVERSENY DÍJ,6342,Carlos Fox,3,tü.,13.7,0
18615,2025-08-23,15:25,DÖME LAJOS ÉS DÖME LÁSZLÓ EMLÉKVERSENY HENDIKEP,6692,Excellence,10,I.,3.8,0
18615,2025-08-23,15:25,DÖME LAJOS ÉS DÖME LÁSZLÓ EMLÉKVERSENY HENDIKEP,6003,Ambrosia Gielle,8,II.,6.0,0
18615,2025-08-23,15:25,DÖME LAJOS ÉS DÖME LÁSZLÓ EMLÉKVERSENY HENDIKEP,5247,Universal Boy,11,III.,,0
18615,2025-08-23,15:25,DÖME LAJOS ÉS DÖME LÁSZLÓ EMLÉKVERSENY HENDIKEP,6507,Despasito,12,IV.,5.6,0
18615,2025-08-23,15:25,DÖME LAJOS ÉS DÖME LÁSZLÓ EMLÉKVERSENY HENDIKEP,6927,Fast Track,5,V.,9.4,0
18615,2025-08-23,15:25,DÖME LAJOS ÉS DÖME LÁSZLÓ EMLÉKVERSENY HENDIKEP,6380,Cukrom,7,6.,6.5,0
18615,2025-08-23,15:25,DÖME LAJOS ÉS DÖME LÁSZLÓ EMLÉKVERSENY HENDIKEP,6345,Berna Queen M,4,7.,21.2,0
18615,2025-08-23,15:25,DÖME LAJOS ÉS DÖME LÁSZLÓ EMLÉKVERSENY HENDIKEP,5925,Anikó,9,8.,12.1,0
18615,2025-08-23,15:25,DÖME LAJOS ÉS DÖME LÁSZLÓ EMLÉKVERSENY HENDIKEP,7329,Exclusive Adri,3,9.,5.0,0
18615,2025-08-23,15:25,DÖME LAJOS ÉS DÖME LÁSZLÓ EMLÉKVERSENY HENDIKEP,5695,Vinifera M,6,10.,4.2,0
18615,2025-08-23,15:25,DÖME LAJOS ÉS DÖME LÁSZLÓ EMLÉKVERSENY HENDIKEP,5730,Magic Bucks,2,11.,85.0,0
18615,2025-08-23,15:25,DÖME LAJOS ÉS DÖME LÁSZLÓ EMLÉKVERSENY HENDIKEP,5990,Aranyérem M,1,gal.,28.3,0
18610,2025-08-23,16:03,SZALAY JÁNOS EMLÉKVERSENY,7406,Hermes History,2,I.,2.1,0
18610,2025-08-23,16:03,SZALAY JÁNOS EMLÉKVERSENY,7354,Have a dream,6,II.,7.4,0
18610,2025-08-23,16:03,SZALAY JÁNOS EMLÉKVERSENY,7266,Hercegnő K,5,III.,33.6,0
18610,2025-08-23,16:03,SZALAY JÁNOS EMLÉKVERSENY,7310,Hamidu,3,IV.,6.7,0
18610,2025-08-23,16:03,SZALAY JÁNOS EMLÉKVERSENY,7257,Happy Holiday,1,V.,2.1,0
18610,2025-08-23,16:03,SZALAY JÁNOS EMLÉKVERSENY,7366,Hermosa,8,6.,13.4,0
18610,2025-08-23,16:03,SZALAY JÁNOS EMLÉKVERSENY,7256,Hélium Boy,4,gal.,6.1,0
18610,2025-08-23,16:03,SZALAY JÁNOS EMLÉKVERSENY,7355,Hermész,7,gal.,,0
18611,2025-08-23,16:37,INARCHI DÍJ,6944,Euphoria,7,I.,1.2,0
18611,2025-08-23,16:37,INARCHI DÍJ,7136,First Home,3,II.,6.6,0
18611,2025-08-23,16:37,INARCHI DÍJ,7034,Formula,4,III.,9.2,0
18611,2025-08-23,16:37,INARCHI DÍJ,7105,Gomez de Boko,6,IV.,15.4,0
18611,2025-08-23,16:37,INARCHI DÍJ,7186,Gina Fling,8,V.,92.4,0
18611,2025-08-23,16:37,INARCHI DÍJ,6920,Fliegauf,9,6.,7.1,0
18611,2025-08-23,16:37,INARCHI DÍJ,6936,Aaron LV,5,7.,4.8,0
18611,2025-08-23,16:37,INARCHI DÍJ,6999,First Lady KJ,2,8.,,0
18611,2025-08-23,16:37,INARCHI DÍJ,7330,Emilia Adri,1,gal.,,0
18617,2025-08-23,17:10,LALI KIRÁLY HENDIKEP,6307,Csípkedd Magad!,12,I.,,0
18617,2025-08-23,17:10,LALI KIRÁLY HENDIKEP,5955,Atom Maki,2,II.,3.5,0
18617,2025-08-23,17:10,LALI KIRÁLY HENDIKEP,6854,Elegáns Hölgy,8,III.,2.2,0
18617,2025-08-23,17:10,LALI KIRÁLY HENDIKEP,5531,Very Nice Photo,9,IV.,14.2,0
18617,2025-08-23,17:10,LALI KIRÁLY HENDIKEP,4968,Titus Livius,1,V.,21.4,0
18617,2025-08-23,17:10,LALI KIRÁLY HENDIKEP,6506,Charlie's World,6,6.,21.4,0
18617,2025-08-23,17:10,LALI KIRÁLY HENDIKEP,6696,Édes K,7,7.,21.4,0
18617,2025-08-23,17:10,LALI KIRÁLY HENDIKEP,7110,Guinevere,5,8.,5.3,0
18617,2025-08-23,17:10,LALI KIRÁLY HENDIKEP,5288,Usain,4,9.,21.4,0
18617,2025-08-23,17:10,LALI KIRÁLY HENDIKEP,7104,Florentin,10,10.,42.8,0
18617,2025-08-23,17:10,LALI KIRÁLY HENDIKEP,6518,Lolly Pop,3,gal.,14.2,0
18617,2025-08-23,17:10,LALI KIRÁLY HENDIKEP,7124,Fess Fiú,11,gal.,4.7,0
18616,2025-08-23,17:45,PIKOLÓ DÍJ,7185,Győztes Szív,6,I.,3.0,0
18616,2025-08-23,17:45,PIKOLÓ DÍJ,7065,Greenback,4,II.,2.0,0
18616,2025-08-23,17:45,PIKOLÓ DÍJ,7099,Fizető,10,III.,13.3,0
18616,2025-08-23,17:45,PIKOLÓ DÍJ,7190,Gucci,9,IV.,10.0,0
18616,2025-08-23,17:45,PIKOLÓ DÍJ,7269,Gloria Estefan A.T.,8,V.,4.4,0
18616,2025-08-23,17:45,PIKOLÓ DÍJ,6982,Farkasfog,5,6.,13.3,0
18616,2025-08-23,17:45,PIKOLÓ DÍJ,7370,Another Star,11,7.,13.3,0
18616,2025-08-23,17:45,PIKOLÓ DÍJ,7193,Grazia,2,8.,40.1,0
18616,2025-08-23,17:45,PIKOLÓ DÍJ,7106,Gentleman Jack,7,9.,13.3,0
18616,2025-08-23,17:45,PIKOLÓ DÍJ,7240,Gana Ris,1,10.,,0
18616,2025-08-23,17:45,PIKOLÓ DÍJ,7199,Gingerly KJ,12,11táv.,,0
18616,2025-08-23,17:45,PIKOLÓ DÍJ,6966,Eagle GG,3,gal.,,0
18613,2025-08-23,18:23,SZENT ISTVÁN DÍJ,6783,Enjoy,7,I.,1.8,0
18613,2025-08-23,18:23,SZENT ISTVÁN DÍJ,7130,Giovanni Fling,3,II.,1.9,0
18613,2025-08-23,18:23,SZENT ISTVÁN DÍJ,7003,Friday Night,6,III.,2.8,0
18613,2025-08-23,18:23,SZENT ISTVÁN DÍJ,6929,Fendi,4,IV.,,0
18613,2025-08-23,18:23,SZENT ISTVÁN DÍJ,7109,Gaya T Boko,1,V.,25.8,0
18613,2025-08-23,18:23,SZENT ISTVÁN DÍJ,7001,Fárosz,5,6.,25.8,0
18613,2025-08-23,18:23,SZENT ISTVÁN DÍJ,7187,Genesis,2,gal.,,0
18618,2025-08-23,17:04,SÁRKÖZY MÁRIA EMLÉKVERSENY HENDIKEP,6441,Diána Gull,4,I.,5.0,0
18618,2025-08-23,17:04,SÁRKÖZY MÁRIA EMLÉKVERSENY HENDIKEP,7171,Peter Piper,8,II.,6.5,0
18618,2025-08-23,17:04,SÁRKÖZY MÁRIA EMLÉKVERSENY HENDIKEP,6340,Cunami,5,III.,16.3,0
18618,2025-08-23,17:04,SÁRKÖZY MÁRIA EMLÉKVERSENY HENDIKEP,5564,Valentino,3,IV.,3.6,0
18618,2025-08-23,17:04,SÁRKÖZY MÁRIA EMLÉKVERSENY HENDIKEP,6934,Zaira LV,2,V.,1.8,0
18618,2025-08-23,17:04,SÁRKÖZY MÁRIA EMLÉKVERSENY HENDIKEP,6770,Top of Climb,1,6.,13.0,0
18618,2025-08-23,17:04,SÁRKÖZY MÁRIA EMLÉKVERSENY HENDIKEP,6350,Grand Illusion,6,7.,32.6,0
18618,2025-08-23,17:04,SÁRKÖZY MÁRIA EMLÉKVERSENY HENDIKEP,6727,Västerbo No Edge,7,gal.,8.1,0
18599,2025-08-09,13:30,PRÓBAFUTAM,6018,Bonus RG,1,1.,,1
18600,2025-08-09,13:15,Q21 KVALIFIKÁCIÓ,7267,Habi K,1,1.,,1
18600,2025-08-09,13:15,Q21 KVALIFIKÁCIÓ,7420,Héliosz R,2,2.,,0
18600,2025-08-09,13:15,Q21 KVALIFIKÁCIÓ,7421,Hórusz Szeme,3,gal.,,0
18598,2025-08-09,14:00,SORS HENDIKEP,6163,Bombay,4,I.,2.2,0
18598,2025-08-09,14:00,SORS HENDIKEP,5962,Zénó Boko,5,II.,2.2,0
18598,2025-08-09,14:00,SORS HENDIKEP,6350,Grand Illusion,1,III.,8.8,0
18598,2025-08-09,14:00,SORS HENDIKEP,7171,Peter Piper,7,IV.,4.4,0
18598,2025-08-09,14:00,SORS HENDIKEP,6068,Balerina R.,3,V.,8.8,0
18598,2025-08-09,14:00,SORS HENDIKEP,6899,Eunike T Boko,6,6.,,0
18598,2025-08-09,14:00,SORS HENDIKEP,5228,Uptown Boy M,8,7.,8.8,0
18598,2025-08-09,14:00,SORS HENDIKEP,6340,Cunami,2,gal.,,0
18603,2025-08-09,14:30,JEGY HENDIKEP,5725,Zente,10,I.,4.8,0
18603,2025-08-09,14:30,JEGY HENDIKEP,6021,Anna,4,II.,14.5,0
18603,2025-08-09,14:30,JEGY HENDIKEP,5831,King's Call,5,III.,12.1,0
18603,2025-08-09,14:30,JEGY HENDIKEP,7034,Formula,3,IV.,8.0,0
18603,2025-08-09,14:30,JEGY HENDIKEP,6920,Fliegauf,8,V.,6.0,0
18603,2025-08-09,14:30,JEGY HENDIKEP,6328,Credit Card,7,6.,14.5,0
18603,2025-08-09,14:30,JEGY HENDIKEP,6360,Chip Chip Chip,6,7.,4.2,0
18603,2025-08-09,14:30,JEGY HENDIKEP,6934,Zaira LV,9,8.,4.0,0
18603,2025-08-09,14:30,JEGY HENDIKEP,6153,Bing Crosby AT,2,9.,9.0,0
18603,2025-08-09,14:30,JEGY HENDIKEP,6786,Enrico Fling,1,10.,6.0,0
18607,2025-08-09,15:00,PENÉSZVIRÁG DÍJ,6973,Edoardo Ama,6,I.,1.5,0
18607,2025-08-09,15:00,PENÉSZVIRÁG DÍJ,6704,Emerald,4,II.,15.8,0
18607,2025-08-09,15:00,PENÉSZVIRÁG DÍJ,6987,Fabrice,2,III.,2.1,0
18607,2025-08-09,15:00,PENÉSZVIRÁG DÍJ,7394,Furio Ferm,3,IV.,6.8,0
18607,2025-08-09,15:00,PENÉSZVIRÁG DÍJ,7186,Gina Fling,1,V.,,0
18607,2025-08-09,15:00,PENÉSZVIRÁG DÍJ,6303,CR-Seven,7,6.,6.8,0
18607,2025-08-09,15:00,PENÉSZVIRÁG DÍJ,7396,Fiamma Sn,5,7.,47.6,0
18605,2025-08-09,15:30,KAROLING DÍJ,7065,Greenback,12,I.,4.6,0
18605,2025-08-09,15:30,KAROLING DÍJ,7403,Baiyoke Sky,3,II.,2.1,0
18605,2025-08-09,15:30,KAROLING DÍJ,7329,Exclusive Adri,5,III.,7.0,0
18605,2025-08-09,15:30,KAROLING DÍJ,6057,Bitangjó,10,IV.,35.0,0
18605,2025-08-09,15:30,KAROLING DÍJ,7193,Grazia,11,V.,17.5,0
18605,2025-08-09,15:30,KAROLING DÍJ,7055,Feeling Great BD,8,6.,35.0,0
18605,2025-08-09,15:30,KAROLING DÍJ,7189,Galatea,4,7.,,0
18605,2025-08-09,15:30,KAROLING DÍJ,7330,Emilia Adri,7,8.,17.5,0
18605,2025-08-09,15:30,KAROLING DÍJ,7188,Győcike,9,9.,5.0,0
18605,2025-08-09,15:30,KAROLING DÍJ,7200,Icibell BD,1,10.,,0
18605,2025-08-09,15:30,KAROLING DÍJ,7309,Goldina Amok,6,11táv.,70.0,0
18605,2025-08-09,15:30,KAROLING DÍJ,7358,Fiona May,2,gal.,3.8,0
18602,2025-08-09,16:01,HIPPOLÓGUS HENDIKEP,6702,Ezigen,5,I.,2.1,0
18602,2025-08-09,16:01,HIPPOLÓGUS HENDIKEP,6782,Downtown Girl M,2,II.,8.0,0
18602,2025-08-09,16:01,HIPPOLÓGUS HENDIKEP,4788,Szilvás,6,III.,2.5,0
18602,2025-08-09,16:01,HIPPOLÓGUS HENDIKEP,7124,Fess Fiú,4,IV.,3.2,0
18602,2025-08-09,16:01,HIPPOLÓGUS HENDIKEP,6262,Bronz Boy,7,V.,15.0,0
18602,2025-08-09,16:01,HIPPOLÓGUS HENDIKEP,6003,Ambrosia Gielle,1,6.,,0
18602,2025-08-09,16:01,HIPPOLÓGUS HENDIKEP,5531,Very Nice Photo,3,7.,10.0,0
18606,2025-08-09,16:30,JÁTSZI DÍJ,7187,Genesis,5,I.,3.9,0
18606,2025-08-09,16:30,JÁTSZI DÍJ,7097,Fortuna Ville,6,II.,9.7,0
18606,2025-08-09,16:30,JÁTSZI DÍJ,6918,Front of the Line,4,III.,3.4,0
18606,2025-08-09,16:30,JÁTSZI DÍJ,6983,Fondorlat,11,IV.,2.8,0
18606,2025-08-09,16:30,JÁTSZI DÍJ,7103,Grace Kelly,10,V.,17.0,0
18606,2025-08-09,16:30,JÁTSZI DÍJ,6995,Fany,9,6.,17.0,0
18606,2025-08-09,16:30,JÁTSZI DÍJ,7099,Fizető,3,7.,19.5,0
18606,2025-08-09,16:30,JÁTSZI DÍJ,7110,Guinevere,2,8.,22.7,0
18606,2025-08-09,16:30,JÁTSZI DÍJ,7168,God save the Queen,8,9.,10.5,0
18606,2025-08-09,16:30,JÁTSZI DÍJ,7118,Ferrari,7,10.,6.5,0
18606,2025-08-09,16:30,JÁTSZI DÍJ,6999,First Lady KJ,1,11.,136.6,0
18604,2025-08-09,17:01,SVECZ ISTVÁN EMLÉKVERSENY,6023,Acélos Fiú,5,I.,5.5,0
18604,2025-08-09,17:01,SVECZ ISTVÁN EMLÉKVERSENY,7003,Friday Night,4,II.,1.5,0
18604,2025-08-09,17:01,SVECZ ISTVÁN EMLÉKVERSENY,7001,Fárosz,1,III.,3.4,0
18604,2025-08-09,17:01,SVECZ ISTVÁN EMLÉKVERSENY,5906,Anybody,6,IV.,4.6,0
18604,2025-08-09,17:01,SVECZ ISTVÁN EMLÉKVERSENY,6459,Diamond Ville,2,V.,25.6,0
18604,2025-08-09,17:01,SVECZ ISTVÁN EMLÉKVERSENY,5564,Valentino,3,6.,8.9,0
18601,2025-08-09,17:30,2025. ÉVI AMATŐR KUPA IV. FUTAMA HENDIKEP,6698,Easy Bet,2,I.,9.5,0
18601,2025-08-09,17:30,2025. ÉVI AMATŐR KUPA IV. FUTAMA HENDIKEP,5721,Zippy Boy,6,II.,15.8,0
18601,2025-08-09,17:30,2025. ÉVI AMATŐR KUPA IV. FUTAMA HENDIKEP,6435,Ducks,3,III.,11.9,0
18601,2025-08-09,17:30,2025. ÉVI AMATŐR KUPA IV. FUTAMA HENDIKEP,6690,Enterprise,1,IV.,15.8,0
18601,2025-08-09,17:30,2025. ÉVI AMATŐR KUPA IV. FUTAMA HENDIKEP,5904,Australian Gold,7,V.,15.8,0
18601,2025-08-09,17:30,2025. ÉVI AMATŐR KUPA IV. FUTAMA HENDIKEP,5925,Anikó,5,6.,23.8,0
18601,2025-08-09,17:30,2025. ÉVI AMATŐR KUPA IV. FUTAMA HENDIKEP,6507,Despasito,4,gal.,2.0,0
18601,2025-08-09,17:30,2025. ÉVI AMATŐR KUPA IV. FUTAMA HENDIKEP,6305,Csikós,9,gal.,3.4,0
18601,2025-08-09,17:30,2025. ÉVI AMATŐR KUPA IV. FUTAMA HENDIKEP,7081,Fancy,8,disq.,3.6,0
18586,2025-08-02,12:30,PRÓBAFUTAM,7190,Gucci,1,1.,,1
18586,2025-08-02,12:30,PRÓBAFUTAM,7425,Vikens Lagunitas,2,2.,,0
18586,2025-08-02,12:30,PRÓBAFUTAM,6470,Devoted,3,tü.,,0
18584,2025-08-02,12:00,Q19 KVALIFIKÁCIÓ,7310,Hamidu,4,1.,,1
18584,2025-08-02,12:00,Q19 KVALIFIKÁCIÓ,7257,Happy Holiday,6,2.,,0
18584,2025-08-02,12:00,Q19 KVALIFIKÁCIÓ,7256,Hélium Boy,2,3.,,0
18584,2025-08-02,12:00,Q19 KVALIFIKÁCIÓ,7266,Hercegnő K,1,4.,,0
18584,2025-08-02,12:00,Q19 KVALIFIKÁCIÓ,7259,Hollywood Boy,3,5.,,0
18584,2025-08-02,12:00,Q19 KVALIFIKÁCIÓ,7261,Hell Energy,5,6.,,0
18584,2025-08-02,12:00,Q19 KVALIFIKÁCIÓ,7420,Héliosz R,7,7.,,0
18585,2025-08-02,12:16,Q20 KVALIFIKÁCIÓ,6945,Fabergé F,1,1.,,1
18597,2025-08-02,13:04,ZENIT CHARME HENDIKEP,6343,Chicago,8,I.,7.7,0
18597,2025-08-02,13:04,ZENIT CHARME HENDIKEP,5907,Always Winner,3,II.,7.7,0
18597,2025-08-02,13:04,ZENIT CHARME HENDIKEP,5925,Anikó,7,III.,20.6,0
18597,2025-08-02,13:04,ZENIT CHARME HENDIKEP,6690,Enterprise,2,IV.,15.4,0
18597,2025-08-02,13:04,ZENIT CHARME HENDIKEP,6992,Finiselj!,11,V.,4.7,0
18597,2025-08-02,13:04,ZENIT CHARME HENDIKEP,6927,Fast Track,5,6.,10.3,0
18597,2025-08-02,13:04,ZENIT CHARME HENDIKEP,6999,First Lady KJ,1,7.,20.6,0
18597,2025-08-02,13:04,ZENIT CHARME HENDIKEP,6003,Ambrosia Gielle,9,8.,7.7,0
18597,2025-08-02,13:04,ZENIT CHARME HENDIKEP,6345,Berna Queen M,4,9.,20.6,0
18597,2025-08-02,13:04,ZENIT CHARME HENDIKEP,4611,Pálinka,10,10.,15.4,0
18597,2025-08-02,13:04,ZENIT CHARME HENDIKEP,7094,Full Speed,6,gal.,1.9,0
18595,2025-08-02,13:37,2025. ÉVI SEGÉDHAJTÓ KUPA IV. FUTAMA HENDIKEP,6068,Balerina R.,8,I.,6.3,0
18595,2025-08-02,13:37,2025. ÉVI SEGÉDHAJTÓ KUPA IV. FUTAMA HENDIKEP,6703,Etalon N,5,II.,3.0,0
18595,2025-08-02,13:37,2025. ÉVI SEGÉDHAJTÓ KUPA IV. FUTAMA HENDIKEP,6778,Dancing Lady,6,III.,5.2,0
18595,2025-08-02,13:37,2025. ÉVI SEGÉDHAJTÓ KUPA IV. FUTAMA HENDIKEP,6305,Csikós,4,IV.,29.4,0
18595,2025-08-02,13:37,2025. ÉVI SEGÉDHAJTÓ KUPA IV. FUTAMA HENDIKEP,6021,Anna,7,V.,4.4,0
18595,2025-08-02,13:37,2025. ÉVI SEGÉDHAJTÓ KUPA IV. FUTAMA HENDIKEP,6692,Excellence,1,6.,22.1,0
18595,2025-08-02,13:37,2025. ÉVI SEGÉDHAJTÓ KUPA IV. FUTAMA HENDIKEP,4968,Titus Livius,2,7.,88.4,0
18595,2025-08-02,13:37,2025. ÉVI SEGÉDHAJTÓ KUPA IV. FUTAMA HENDIKEP,6995,Fany,3,gal.,2.1,0
18593,2025-08-02,14:14,KONTA DEZSŐ EMLÉKVERSENY,6202,Maugli,2,I.,1.2,0
18593,2025-08-02,14:14,KONTA DEZSŐ EMLÉKVERSENY,6433,Digital Races,1,II.,8.8,0
18593,2025-08-02,14:14,KONTA DEZSŐ EMLÉKVERSENY,6318,Bonaparte Boss,6,III.,3.1,0
18593,2025-08-02,14:14,KONTA DEZSŐ EMLÉKVERSENY,6954,Palace Bo,3,IV.,10.6,0
18593,2025-08-02,14:14,KONTA DEZSŐ EMLÉKVERSENY,7163,Zacapa U.S.,7,V.,11.1,0
18593,2025-08-02,14:14,KONTA DEZSŐ EMLÉKVERSENY,7253,Baria TRGF Risaia,5,6.,36.5,0
18594,2025-08-02,14:45,BROWN LADY HENDIKEP,7081,Fancy,1,I.,51.0,0
18594,2025-08-02,14:45,BROWN LADY HENDIKEP,7124,Fess Fiú,5,II.,10.2,0
18594,2025-08-02,14:45,BROWN LADY HENDIKEP,6709,Eccelenza,2,III.,3.2,0
18594,2025-08-02,14:45,BROWN LADY HENDIKEP,6854,Elegáns Hölgy,10,IV.,5.1,0
18594,2025-08-02,14:45,BROWN LADY HENDIKEP,5795,Zara Mia,7,V.,6.8,0
18594,2025-08-02,14:45,BROWN LADY HENDIKEP,6506,Charlie's World,6,6.,34.0,0
18594,2025-08-02,14:45,BROWN LADY HENDIKEP,5531,Very Nice Photo,12,7.,20.4,0
18594,2025-08-02,14:45,BROWN LADY HENDIKEP,6153,Bing Crosby AT,9,8.,2.8,0
18594,2025-08-02,14:45,BROWN LADY HENDIKEP,6442,Dulcinea del Toboso,8,9.,,0
18594,2025-08-02,14:45,BROWN LADY HENDIKEP,6080,Boszi,11,10.,51.0,0
18594,2025-08-02,14:45,BROWN LADY HENDIKEP,5288,Usain,4,11.,11.3,0
18594,2025-08-02,14:45,BROWN LADY HENDIKEP,6518,Lolly Pop,3,gal.,6.0,0
18591,2025-08-02,15:27,ÚRILÁNY R. DÍJ,7185,Győztes Szív,1,I.,2.1,0
18591,2025-08-02,15:27,ÚRILÁNY R. DÍJ,7269,Gloria Estefan A.T.,4,II.,8.4,0
18591,2025-08-02,15:27,ÚRILÁNY R. DÍJ,7118,Ferrari,8,III.,3.8,0
18591,2025-08-02,15:27,ÚRILÁNY R. DÍJ,7370,Another Star,6,IV.,14.1,0
18591,2025-08-02,15:27,ÚRILÁNY R. DÍJ,7149,Füge M,7,V.,31.7,0
18591,2025-08-02,15:27,ÚRILÁNY R. DÍJ,6982,Farkasfog,5,6.,12.7,0
18591,2025-08-02,15:27,ÚRILÁNY R. DÍJ,7309,Goldina Amok,2,7.,10.5,0
18591,2025-08-02,15:27,ÚRILÁNY R. DÍJ,7086,Fakta,3,gal.,2.8,0
18588,2025-08-02,16:02,ÖTÉVESEK NAGYDÍJA,6783,Enjoy,3,I.,1.4,0
18588,2025-08-02,16:02,ÖTÉVESEK NAGYDÍJA,6699,El Diablo,2,II.,6.8,0
18588,2025-08-02,16:02,ÖTÉVESEK NAGYDÍJA,6855,Eternity Bar,1,III.,6.8,0
18588,2025-08-02,16:02,ÖTÉVESEK NAGYDÍJA,6901,Eastwood,4,IV.,2.7,0
18588,2025-08-02,16:02,ÖTÉVESEK NAGYDÍJA,6695,Ékszer K,5,V.,7.3,0
18590,2025-08-02,16:35,NYERETLENEK VERSENYE,7403,Baiyoke Sky,1,I.,2.2,0
18590,2025-08-02,16:35,NYERETLENEK VERSENYE,7358,Fiona May,6,II.,3.5,0
18590,2025-08-02,16:35,NYERETLENEK VERSENYE,7345,Esperanto,5,III.,8.6,0
18590,2025-08-02,16:35,NYERETLENEK VERSENYE,7194,Gyémánt Lady,10,IV.,9.7,0
18590,2025-08-02,16:35,NYERETLENEK VERSENYE,7144,Giadaz,3,V.,13.0,0
18590,2025-08-02,16:35,NYERETLENEK VERSENYE,7116,Golden Girl,11,6.,19.5,0
18590,2025-08-02,16:35,NYERETLENEK VERSENYE,7079,Griff Grand Laser,8,7.,19.5,0
18590,2025-08-02,16:35,NYERETLENEK VERSENYE,7201,Renebell BD,7,8.,15.6,0
18590,2025-08-02,16:35,NYERETLENEK VERSENYE,7349,Torra LV,4,9.,39.1,0
18590,2025-08-02,16:35,NYERETLENEK VERSENYE,7064,Ganybody,9,10.,5.5,0
18590,2025-08-02,16:35,NYERETLENEK VERSENYE,7414,Fusion,2,gal.,13.0,0
18589,2025-08-02,17:12,KANCA DÍJ,6916,Freya T Boko,2,I.,1.0,0
18589,2025-08-02,17:12,KANCA DÍJ,6965,Felhők felett,3,II.,16.2,0
18589,2025-08-02,17:12,KANCA DÍJ,6912,Fiona TIM,4,III.,3.6,0
18589,2025-08-02,17:12,KANCA DÍJ,6929,Fendi,1,IV.,7.2,0
18589,2025-08-02,17:12,KANCA DÍJ,6983,Fondorlat,5,gal.,16.2,0
18592,2025-08-02,17:46,SCHUM GYÖRGY EMLÉKVERSENY,7255,Top Hill,1,I.,11.3,0
18592,2025-08-02,17:46,SCHUM GYÖRGY EMLÉKVERSENY,6731,Daytona Spav,7,II.,2.2,0
18592,2025-08-02,17:46,SCHUM GYÖRGY EMLÉKVERSENY,6514,El Valle Sagrado,6,III.,1.7,0
18592,2025-08-02,17:46,SCHUM GYÖRGY EMLÉKVERSENY,6704,Emerald,3,IV.,11.3,0
18592,2025-08-02,17:46,SCHUM GYÖRGY EMLÉKVERSENY,6308,Csábító R.,5,V.,30.3,0
18592,2025-08-02,17:46,SCHUM GYÖRGY EMLÉKVERSENY,7396,Fiamma Sn,4,6.,91.1,0
18592,2025-08-02,17:46,SCHUM GYÖRGY EMLÉKVERSENY,6727,Västerbo No Edge,2,gal.,3.9,0
18587,2025-08-02,18:22,HÁROMÉVESEK NAGYDÍJA,7130,Giovanni Fling,3,I.,1.8,0
18587,2025-08-02,18:22,HÁROMÉVESEK NAGYDÍJA,7176,Get Lucky,2,II.,4.2,0
18587,2025-08-02,18:22,HÁROMÉVESEK NAGYDÍJA,7114,Ginevra,1,III.,4.2,0
18587,2025-08-02,18:22,HÁROMÉVESEK NAGYDÍJA,7109,Gaya T Boko,8,IV.,68.6,0
18587,2025-08-02,18:22,HÁROMÉVESEK NAGYDÍJA,7187,Genesis,6,V.,6.8,0
18587,2025-08-02,18:22,HÁROMÉVESEK NAGYDÍJA,7105,Gomez de Boko,5,6.,17.1,0
18587,2025-08-02,18:22,HÁROMÉVESEK NAGYDÍJA,7103,Grace Kelly,7,7.,9.8,0
18587,2025-08-02,18:22,HÁROMÉVESEK NAGYDÍJA,7167,Gainsville,4,gal.,6.8,0
18596,2025-08-02,18:57,KABALA HENDIKEP,7173,Jula Netprice,3,I.,2.2,0
18596,2025-08-02,18:57,KABALA HENDIKEP,6066,Berill Lady,2,II.,6.6,0
18596,2025-08-02,18:57,KABALA HENDIKEP,6920,Fliegauf,1,III.,2.3,0
18596,2025-08-02,18:57,KABALA HENDIKEP,6340,Cunami,4,IV.,7.5,0
18596,2025-08-02,18:57,KABALA HENDIKEP,6228,Creatine,7,V.,5.3,0
18596,2025-08-02,18:57,KABALA HENDIKEP,7136,First Home,5,6.,26.5,0
18596,2025-08-02,18:57,KABALA HENDIKEP,5905,Adamo Fling,6,7.,53.0,0
18596,2025-08-02,18:57,KABALA HENDIKEP,6861,Emeli Sandé A.T.,8,8táv.,17.6,0
18572,2025-07-05,12:30,PRÓBAFUTAM,5625,Vanderle,2,1.,,1
18572,2025-07-05,12:30,PRÓBAFUTAM,7185,Győztes Szív,1,2.,,0
18570,2025-07-05,11:50,Q17 KVALIFIKÁCIÓ,7366,Hermosa,1,1.,,1
18571,2025-07-05,12:10,Q18 KVALIFIKÁCIÓ,7358,Fiona May,1,1.,,1
18571,2025-07-05,12:10,Q18 KVALIFIKÁCIÓ,7349,Torra LV,2,2.,,0
18576,2025-07-05,13:02,FÁBIÁN ZSOLT EMLÉKVERSENY,7060,Filthy Rich,3,I.,2.5,0
18576,2025-07-05,13:02,FÁBIÁN ZSOLT EMLÉKVERSENY,6983,Fondorlat,4,II.,8.2,0
18576,2025-07-05,13:02,FÁBIÁN ZSOLT EMLÉKVERSENY,7094,Full Speed,6,III.,9.6,0
18576,2025-07-05,13:02,FÁBIÁN ZSOLT EMLÉKVERSENY,7370,Another Star,2,IV.,10.5,0
18576,2025-07-05,13:02,FÁBIÁN ZSOLT EMLÉKVERSENY,7097,Fortuna Ville,5,V.,3.0,0
18576,2025-07-05,13:02,FÁBIÁN ZSOLT EMLÉKVERSENY,7085,El Nino N,8,6.,12.8,0
18576,2025-07-05,13:02,FÁBIÁN ZSOLT EMLÉKVERSENY,6927,Fast Track,9,7.,19.2,0
18576,2025-07-05,13:02,FÁBIÁN ZSOLT EMLÉKVERSENY,7034,Formula,12,8.,8.2,0
18576,2025-07-05,13:02,FÁBIÁN ZSOLT EMLÉKVERSENY,7124,Fess Fiú,1,gal.,19.2,0
18576,2025-07-05,13:02,FÁBIÁN ZSOLT EMLÉKVERSENY,7136,First Home,11,gal.,8.2,0
18575,2025-07-05,13:33,MAGÁN AMBULANCIA DÍJ,7065,Greenback,10,I.,3.1,0
18575,2025-07-05,13:33,MAGÁN AMBULANCIA DÍJ,7188,Győcike,6,II.,3.1,0
18575,2025-07-05,13:33,MAGÁN AMBULANCIA DÍJ,7109,Gaya T Boko,8,III.,7.3,0
18575,2025-07-05,13:33,MAGÁN AMBULANCIA DÍJ,7329,Exclusive Adri,7,IV.,15.5,0
18575,2025-07-05,13:33,MAGÁN AMBULANCIA DÍJ,7309,Goldina Amok,9,V.,5.1,0
18575,2025-07-05,13:33,MAGÁN AMBULANCIA DÍJ,7201,Renebell BD,2,6.,70.0,0
18575,2025-07-05,13:33,MAGÁN AMBULANCIA DÍJ,7116,Golden Girl,4,7.,11.6,0
18575,2025-07-05,13:33,MAGÁN AMBULANCIA DÍJ,7200,Icibell BD,3,8.,70.0,0
18575,2025-07-05,13:33,MAGÁN AMBULANCIA DÍJ,7059,Gatto,1,9.,20.0,0
18575,2025-07-05,13:33,MAGÁN AMBULANCIA DÍJ,7189,Galatea,5,tü.,3.6,0
18577,2025-07-05,14:01,SOÓS IMRE EMLÉKVERSENY,6973,Edoardo Ama,4,I.,2.5,0
18577,2025-07-05,14:01,SOÓS IMRE EMLÉKVERSENY,6987,Fabrice,2,II.,7.1,0
18577,2025-07-05,14:01,SOÓS IMRE EMLÉKVERSENY,7409,Ontaria,1,III.,4.7,0
18577,2025-07-05,14:01,SOÓS IMRE EMLÉKVERSENY,7394,Furio Ferm,3,IV.,3.5,0
18577,2025-07-05,14:01,SOÓS IMRE EMLÉKVERSENY,6617,Diófás,8,V.,5.5,0
18577,2025-07-05,14:01,SOÓS IMRE EMLÉKVERSENY,6328,Credit Card,6,6.,33.0,0
18577,2025-07-05,14:01,SOÓS IMRE EMLÉKVERSENY,7396,Fiamma Sn,7,7.,16.5,0
18577,2025-07-05,14:01,SOÓS IMRE EMLÉKVERSENY,6704,Emerald,5,gal.,8.2,0
18577,2025-07-05,14:01,SOÓS IMRE EMLÉKVERSENY,6506,Charlie's World,9,disq.,20.6,0
18574,2025-07-05,14:36,KINCSEM+ - PANNÓNIA DÍJ,6783,Enjoy,2,I.,1.3,0
18574,2025-07-05,14:36,KINCSEM+ - PANNÓNIA DÍJ,6898,Euzébió,1,II.,8.9,0
18574,2025-07-05,14:36,KINCSEM+ - PANNÓNIA DÍJ,6855,Eternity Bar,3,III.,6.8,0
18574,2025-07-05,14:36,KINCSEM+ - PANNÓNIA DÍJ,6699,El Diablo,5,IV.,8.6,0
18574,2025-07-05,14:36,KINCSEM+ - PANNÓNIA DÍJ,6901,Eastwood,6,V.,6.8,0
18574,2025-07-05,14:36,KINCSEM+ - PANNÓNIA DÍJ,6700,Escobar,4,6.,4.3,0
18579,2025-07-05,15:05,CSICSERY-RÓNAY ISTVÁN EMLÉKVERSENY HENDIKEP,6475,Discovery LW,7,I.,3.2,0
18579,2025-07-05,15:05,CSICSERY-RÓNAY ISTVÁN EMLÉKVERSENY HENDIKEP,6703,Etalon N,11,II.,7.9,0
18579,2025-07-05,15:05,CSICSERY-RÓNAY ISTVÁN EMLÉKVERSENY HENDIKEP,6995,Fany,6,III.,15.8,0
18579,2025-07-05,15:05,CSICSERY-RÓNAY ISTVÁN EMLÉKVERSENY HENDIKEP,5907,Always Winner,1,IV.,12.1,0
18579,2025-07-05,15:05,CSICSERY-RÓNAY ISTVÁN EMLÉKVERSENY HENDIKEP,6380,Cukrom,3,V.,13.7,0
18579,2025-07-05,15:05,CSICSERY-RÓNAY ISTVÁN EMLÉKVERSENY HENDIKEP,6305,Csikós,12,6.,10.8,0
18579,2025-07-05,15:05,CSICSERY-RÓNAY ISTVÁN EMLÉKVERSENY HENDIKEP,4968,Titus Livius,9,7.,9.3,0
18579,2025-07-05,15:05,CSICSERY-RÓNAY ISTVÁN EMLÉKVERSENY HENDIKEP,6057,Bitangjó,2,8.,29.4,0
18579,2025-07-05,15:05,CSICSERY-RÓNAY ISTVÁN EMLÉKVERSENY HENDIKEP,4611,Pálinka,10,9.,8.9,0
18579,2025-07-05,15:05,CSICSERY-RÓNAY ISTVÁN EMLÉKVERSENY HENDIKEP,6343,Chicago,4,10.,51.5,0
18579,2025-07-05,15:05,CSICSERY-RÓNAY ISTVÁN EMLÉKVERSENY HENDIKEP,5757,Zsofesz,8,11.,12.1,0
18579,2025-07-05,15:05,CSICSERY-RÓNAY ISTVÁN EMLÉKVERSENY HENDIKEP,6507,Despasito,5,gal.,2.7,0
18580,2025-07-05,15:40,NAITEC - 3. CELEB DERBY HENDIKEP,6153,Bing Crosby AT,6,I.,3.9,0
18580,2025-07-05,15:40,NAITEC - 3. CELEB DERBY HENDIKEP,6438,Danny DeVito,2,II.,9.5,0
18580,2025-07-05,15:40,NAITEC - 3. CELEB DERBY HENDIKEP,6854,Elegáns Hölgy,7,III.,1.9,0
18580,2025-07-05,15:40,NAITEC - 3. CELEB DERBY HENDIKEP,5247,Universal Boy,4,IV.,11.4,0
18580,2025-07-05,15:40,NAITEC - 3. CELEB DERBY HENDIKEP,6435,Ducks,1,V.,5.3,0
18580,2025-07-05,15:40,NAITEC - 3. CELEB DERBY HENDIKEP,6119,Firefly Shadow,3,6.,11.7,0
18580,2025-07-05,15:40,NAITEC - 3. CELEB DERBY HENDIKEP,6709,Eccelenza,5,7.,6.3,0
18580,2025-07-05,15:40,NAITEC - 3. CELEB DERBY HENDIKEP,6080,Boszi,8,8.,12.0,0
18578,2025-07-05,16:16,SINKA JÓZSEF EMLÉKVERSENY,6731,Daytona Spav,2,I.,5.6,0
18578,2025-07-05,16:16,SINKA JÓZSEF EMLÉKVERSENY,6514,El Valle Sagrado,1,II.,3.8,0
18578,2025-07-05,16:16,SINKA JÓZSEF EMLÉKVERSENY,7408,Gino,5,III.,4.5,0
18578,2025-07-05,16:16,SINKA JÓZSEF EMLÉKVERSENY,6954,Palace Bo,6,IV.,8.2,0
18578,2025-07-05,16:16,SINKA JÓZSEF EMLÉKVERSENY,5228,Uptown Boy M,4,V.,20.1,0
18578,2025-07-05,16:16,SINKA JÓZSEF EMLÉKVERSENY,7253,Baria TRGF Risaia,7,6.,22.6,0
18578,2025-07-05,16:16,SINKA JÓZSEF EMLÉKVERSENY,6433,Digital Races,8,7táv.,2.7,0
18578,2025-07-05,16:16,SINKA JÓZSEF EMLÉKVERSENY,7121,Denalda Op,3,disq.,4.1,0
18573,2025-07-05,17:00,CONNOLLY'S RED MILLS - GRÓF ESTERHÁZY MIKLÓS EMLÉKVERSENY,7130,Giovanni Fling,6,I.,1.6,0
18573,2025-07-05,17:00,CONNOLLY'S RED MILLS - GRÓF ESTERHÁZY MIKLÓS EMLÉKVERSENY,7176,Get Lucky,4,II.,5.3,0
18573,2025-07-05,17:00,CONNOLLY'S RED MILLS - GRÓF ESTERHÁZY MIKLÓS EMLÉKVERSENY,7114,Ginevra,1,III.,11.1,0
18573,2025-07-05,17:00,CONNOLLY'S RED MILLS - GRÓF ESTERHÁZY MIKLÓS EMLÉKVERSENY,7167,Gainsville,7,IV.,8.4,0
18573,2025-07-05,17:00,CONNOLLY'S RED MILLS - GRÓF ESTERHÁZY MIKLÓS EMLÉKVERSENY,7105,Gomez de Boko,5,V.,44.7,0
18573,2025-07-05,17:00,CONNOLLY'S RED MILLS - GRÓF ESTERHÁZY MIKLÓS EMLÉKVERSENY,7186,Gina Fling,8,6.,31.3,0
18573,2025-07-05,17:00,CONNOLLY'S RED MILLS - GRÓF ESTERHÁZY MIKLÓS EMLÉKVERSENY,7187,Genesis,3,7.,9.2,0
18573,2025-07-05,17:00,CONNOLLY'S RED MILLS - GRÓF ESTERHÁZY MIKLÓS EMLÉKVERSENY,7103,Grace Kelly,2,8.,5.4,0
18573,2025-07-05,17:00,CONNOLLY'S RED MILLS - GRÓF ESTERHÁZY MIKLÓS EMLÉKVERSENY,7193,Grazia,9,9.,39.1,0
18573,2025-07-05,17:00,CONNOLLY'S RED MILLS - GRÓF ESTERHÁZY MIKLÓS EMLÉKVERSENY,7269,Gloria Estefan A.T.,10,gal.,9.4,0
18582,2025-07-05,17:45,CSATÓ GYULA EMLÉKVERSENY - AMATŐRVERSENY HENDIKEP,5570,Villeneuve,3,I.,2.2,0
18582,2025-07-05,17:45,CSATÓ GYULA EMLÉKVERSENY - AMATŐRVERSENY HENDIKEP,5325,Ultimate Force,1,II.,3.4,0
18582,2025-07-05,17:45,CSATÓ GYULA EMLÉKVERSENY - AMATŐRVERSENY HENDIKEP,6525,Big Ben Pax,7,III.,6.0,0
18582,2025-07-05,17:45,CSATÓ GYULA EMLÉKVERSENY - AMATŐRVERSENY HENDIKEP,6441,Diána Gull,5,IV.,4.1,0
18582,2025-07-05,17:45,CSATÓ GYULA EMLÉKVERSENY - AMATŐRVERSENY HENDIKEP,6068,Balerina R.,2,gal.,15.4,0
18582,2025-07-05,17:45,CSATÓ GYULA EMLÉKVERSENY - AMATŐRVERSENY HENDIKEP,5725,Zente,4,gal.,8.0,0
18582,2025-07-05,17:45,CSATÓ GYULA EMLÉKVERSENY - AMATŐRVERSENY HENDIKEP,7173,Jula Netprice,6,gal.,9.4,0
18582,2025-07-05,17:45,CSATÓ GYULA EMLÉKVERSENY - AMATŐRVERSENY HENDIKEP,5894,Apollo Creed,8,gal.,22.6,0
18569,2025-07-05,18:32,V-SPORT LOVI - 111. MAGYAR ÜGETŐDERBY,6916,Freya T Boko,2,I.,1.4,0
18569,2025-07-05,18:32,V-SPORT LOVI - 111. MAGYAR ÜGETŐDERBY,7003,Friday Night,4,II.,8.9,0
18569,2025-07-05,18:32,V-SPORT LOVI - 111. MAGYAR ÜGETŐDERBY,6965,Felhők felett,6,III.,55.7,0
18569,2025-07-05,18:32,V-SPORT LOVI - 111. MAGYAR ÜGETŐDERBY,6912,Fiona TIM,7,IV.,35.7,0
18569,2025-07-05,18:32,V-SPORT LOVI - 111. MAGYAR ÜGETŐDERBY,7001,Fárosz,1,V.,2.8,0
18569,2025-07-05,18:32,V-SPORT LOVI - 111. MAGYAR ÜGETŐDERBY,7118,Ferrari,8,6.,42.1,0
18569,2025-07-05,18:32,V-SPORT LOVI - 111. MAGYAR ÜGETŐDERBY,6929,Fendi,3,gal.,11.7,0
18569,2025-07-05,18:32,V-SPORT LOVI - 111. MAGYAR ÜGETŐDERBY,6986,Face to face,5,tü.,11.5,0
18569,2025-07-05,18:32,V-SPORT LOVI - 111. MAGYAR ÜGETŐDERBY,7127,Francesca,9,gal.,14.5,0
18581,2025-07-05,19:06,"G. DÉNES GYÖRGY ""ZSÜTI"" ÉS GÉM ZOLTÁN EMLÉKVERSENY HENDIKEP",6679,Inforgettable,3,I.,4.4,0
18581,2025-07-05,19:06,"G. DÉNES GYÖRGY ""ZSÜTI"" ÉS GÉM ZOLTÁN EMLÉKVERSENY HENDIKEP",6459,Diamond Ville,8,II.,2.0,0
18581,2025-07-05,19:06,"G. DÉNES GYÖRGY ""ZSÜTI"" ÉS GÉM ZOLTÁN EMLÉKVERSENY HENDIKEP",6047,Baraka SS,2,III.,21.4,0
18581,2025-07-05,19:06,"G. DÉNES GYÖRGY ""ZSÜTI"" ÉS GÉM ZOLTÁN EMLÉKVERSENY HENDIKEP",6330,Che Comandante,6,IV.,4.8,0
18581,2025-07-05,19:06,"G. DÉNES GYÖRGY ""ZSÜTI"" ÉS GÉM ZOLTÁN EMLÉKVERSENY HENDIKEP",6920,Fliegauf,4,V.,11.5,0
18581,2025-07-05,19:06,"G. DÉNES GYÖRGY ""ZSÜTI"" ÉS GÉM ZOLTÁN EMLÉKVERSENY HENDIKEP",6934,Zaira LV,9,6.,4.8,0
18581,2025-07-05,19:06,"G. DÉNES GYÖRGY ""ZSÜTI"" ÉS GÉM ZOLTÁN EMLÉKVERSENY HENDIKEP",6360,Chip Chip Chip,7,7.,13.6,0
18581,2025-07-05,19:06,"G. DÉNES GYÖRGY ""ZSÜTI"" ÉS GÉM ZOLTÁN EMLÉKVERSENY HENDIKEP",6021,Anna,5,gal.,12.5,0
18581,2025-07-05,19:06,"G. DÉNES GYÖRGY ""ZSÜTI"" ÉS GÉM ZOLTÁN EMLÉKVERSENY HENDIKEP",6518,Lolly Pop,1,disq.,21.4,0
18583,2025-07-05,17:46,BISBAC DÁNIEL EMLÉKVERSENY HENDIKEP,5906,Anybody,9,I.,7.4,0
18583,2025-07-05,17:46,BISBAC DÁNIEL EMLÉKVERSENY HENDIKEP,6165,Bűbájos,5,II.,4.9,0
18583,2025-07-05,17:46,BISBAC DÁNIEL EMLÉKVERSENY HENDIKEP,6228,Creatine,2,III.,1.5,0
18583,2025-07-05,17:46,BISBAC DÁNIEL EMLÉKVERSENY HENDIKEP,6023,Acélos Fiú,6,IV.,3.3,0
18583,2025-07-05,17:46,BISBAC DÁNIEL EMLÉKVERSENY HENDIKEP,6331,Charming Boy,4,V.,71.0,0
18583,2025-07-05,17:46,BISBAC DÁNIEL EMLÉKVERSENY HENDIKEP,6899,Eunike T Boko,3,6.,15.7,0
18583,2025-07-05,17:46,BISBAC DÁNIEL EMLÉKVERSENY HENDIKEP,6350,Grand Illusion,1,7.,35.5,0
18583,2025-07-05,17:46,BISBAC DÁNIEL EMLÉKVERSENY HENDIKEP,6261,Be Happy,7,8.,142.1,0
18583,2025-07-05,17:46,BISBAC DÁNIEL EMLÉKVERSENY HENDIKEP,6864,In Love Danover,8,gal.,11.8,0
18560,2025-06-21,13:00,Q14 KVALIFIKÁCIÓ,7406,Hermes History,2,1.,,1
18560,2025-06-21,13:00,Q14 KVALIFIKÁCIÓ,7355,Hermész,1,2.,,0
18561,2025-06-21,13:15,Q15 KVALIFIKÁCIÓ,7132,Gang Boss,3,1.,,1
18561,2025-06-21,13:15,Q15 KVALIFIKÁCIÓ,7325,Great Fille,1,2.,,0
18561,2025-06-21,13:15,Q15 KVALIFIKÁCIÓ,7407,Monica BD,2,tü.,,0
18559,2025-06-21,13:30,Q16 KVALIFIKÁCIÓ,7354,Have a dream,1,1.,,1
18562,2025-06-21,14:00,NYERETLENEK VERSENYE - ULI DÍJ,7086,Fakta,8,I.,,0
18562,2025-06-21,14:00,NYERETLENEK VERSENYE - ULI DÍJ,7329,Exclusive Adri,6,II.,4.0,0
18562,2025-06-21,14:00,NYERETLENEK VERSENYE - ULI DÍJ,7189,Galatea,7,III.,1.5,0
18562,2025-06-21,14:00,NYERETLENEK VERSENYE - ULI DÍJ,7116,Golden Girl,4,IV.,20.4,0
18562,2025-06-21,14:00,NYERETLENEK VERSENYE - ULI DÍJ,7240,Gana Ris,9,V.,6.8,0
18562,2025-06-21,14:00,NYERETLENEK VERSENYE - ULI DÍJ,7201,Renebell BD,3,6.,20.4,0
18562,2025-06-21,14:00,NYERETLENEK VERSENYE - ULI DÍJ,7198,Gabrielle,1,7.,20.4,0
18562,2025-06-21,14:00,NYERETLENEK VERSENYE - ULI DÍJ,7125,Florenza,5,8.,6.8,0
18562,2025-06-21,14:00,NYERETLENEK VERSENYE - ULI DÍJ,7059,Gatto,2,9.,,0
18562,2025-06-21,14:00,NYERETLENEK VERSENYE - ULI DÍJ,6960,Fantom KE,10,gal.,6.8,0
18568,2025-06-21,14:30,TALENT SCOUT HENDIKEP,6929,Fendi,4,I.,3.4,0
18568,2025-06-21,14:30,TALENT SCOUT HENDIKEP,5962,Zénó Boko,5,II.,4.5,0
18568,2025-06-21,14:30,TALENT SCOUT HENDIKEP,6228,Creatine,7,III.,13.6,0
18568,2025-06-21,14:30,TALENT SCOUT HENDIKEP,6165,Bűbájos,6,IV.,3.4,0
18568,2025-06-21,14:30,TALENT SCOUT HENDIKEP,6331,Charming Boy,9,V.,13.6,0
18568,2025-06-21,14:30,TALENT SCOUT HENDIKEP,6350,Grand Illusion,2,6.,13.6,0
18568,2025-06-21,14:30,TALENT SCOUT HENDIKEP,6920,Fliegauf,3,7.,6.8,0
18568,2025-06-21,14:30,TALENT SCOUT HENDIKEP,6340,Cunami,1,8.,4.5,0
18568,2025-06-21,14:30,TALENT SCOUT HENDIKEP,5725,Zente,10,9.,13.6,0
18565,2025-06-21,15:00,SEISMIC HENDIKEP,7104,Florentin,5,I.,12.0,0
18565,2025-06-21,15:00,SEISMIC HENDIKEP,4611,Pálinka,11,II.,18.0,0
18565,2025-06-21,15:00,SEISMIC HENDIKEP,5695,Vinifera M,1,III.,12.0,0
18565,2025-06-21,15:00,SEISMIC HENDIKEP,6057,Bitangjó,2,IV.,14.4,0
18565,2025-06-21,15:00,SEISMIC HENDIKEP,5700,Vezér,6,V.,,0
18565,2025-06-21,15:00,SEISMIC HENDIKEP,6380,Cukrom,3,6.,9.0,0
18565,2025-06-21,15:00,SEISMIC HENDIKEP,6343,Chicago,9,7.,5.5,0
18565,2025-06-21,15:00,SEISMIC HENDIKEP,5757,Zsofesz,7,8.,3.0,0
18565,2025-06-21,15:00,SEISMIC HENDIKEP,6695,Ékszer K,8,9.,5.5,0
18565,2025-06-21,15:00,SEISMIC HENDIKEP,6698,Easy Bet,10,10.,4.0,0
18565,2025-06-21,15:00,SEISMIC HENDIKEP,7035,Firkó,4,11.,8.0,0
18564,2025-06-21,15:31,BOCCACCIO DÍJ,6514,El Valle Sagrado,2,I.,2.2,0
18564,2025-06-21,15:31,BOCCACCIO DÍJ,6731,Daytona Spav,4,II.,2.0,0
18564,2025-06-21,15:31,BOCCACCIO DÍJ,6699,El Diablo,6,III.,6.3,0
18564,2025-06-21,15:31,BOCCACCIO DÍJ,6308,Csábító R.,5,IV.,17.6,0
18564,2025-06-21,15:31,BOCCACCIO DÍJ,6864,In Love Danover,3,V.,4.5,0
18564,2025-06-21,15:31,BOCCACCIO DÍJ,6899,Eunike T Boko,1,6.,24.5,0
18564,2025-06-21,15:31,BOCCACCIO DÍJ,7173,Jula Netprice,7,7.,63.0,0
18564,2025-06-21,15:31,BOCCACCIO DÍJ,5570,Villeneuve,8,8.,20.0,0
18566,2025-06-21,16:07,LET HIM ROLL HENDIKEP,6696,Édes K,3,I.,4.8,0
18566,2025-06-21,16:07,LET HIM ROLL HENDIKEP,6782,Downtown Girl M,5,II.,7.9,0
18566,2025-06-21,16:07,LET HIM ROLL HENDIKEP,6119,Firefly Shadow,1,III.,17.5,0
18566,2025-06-21,16:07,LET HIM ROLL HENDIKEP,6518,Lolly Pop,7,IV.,4.6,0
18566,2025-06-21,16:07,LET HIM ROLL HENDIKEP,6307,Csípkedd Magad!,8,V.,17.5,0
18566,2025-06-21,16:07,LET HIM ROLL HENDIKEP,6345,Berna Queen M,6,6.,5.4,0
18566,2025-06-21,16:07,LET HIM ROLL HENDIKEP,6690,Enterprise,2,7.,5.8,0
18566,2025-06-21,16:07,LET HIM ROLL HENDIKEP,7099,Fizető,4,gal.,2.1,0
18563,2025-06-21,16:40,THE SKIPPER DÍJ,7168,God save the Queen,5,I.,2.3,0
18563,2025-06-21,16:40,THE SKIPPER DÍJ,7370,Another Star,2,II.,7.0,0
18563,2025-06-21,16:40,THE SKIPPER DÍJ,7097,Fortuna Ville,7,III.,2.4,0
18563,2025-06-21,16:40,THE SKIPPER DÍJ,7149,Füge M,6,IV.,8.2,0
18563,2025-06-21,16:40,THE SKIPPER DÍJ,7106,Gentleman Jack,3,V.,10.9,0
18563,2025-06-21,16:40,THE SKIPPER DÍJ,7110,Guinevere,4,6.,7.5,0
18563,2025-06-21,16:40,THE SKIPPER DÍJ,7330,Emilia Adri,1,gal.,6.5,0
18567,2025-06-21,17:15,OZARK HANOVER HENDIKEP,6934,Zaira LV,1,I.,2.9,0
18567,2025-06-21,17:15,OZARK HANOVER HENDIKEP,6342,Carlos Fox,2,II.,2.9,0
18567,2025-06-21,17:15,OZARK HANOVER HENDIKEP,6328,Credit Card,5,III.,7.9,0
18567,2025-06-21,17:15,OZARK HANOVER HENDIKEP,6068,Balerina R.,7,IV.,15.8,0
18567,2025-06-21,17:15,OZARK HANOVER HENDIKEP,6047,Baraka SS,4,V.,7.9,0
18567,2025-06-21,17:15,OZARK HANOVER HENDIKEP,6877,Petra La Roque,3,6.,6.8,0
18567,2025-06-21,17:15,OZARK HANOVER HENDIKEP,6657,Dreamer,6,7.,3.4,0
18567,2025-06-21,17:15,OZARK HANOVER HENDIKEP,6962,Flinga VT,8,8.,23.8,0
18549,2025-06-14,13:30,Q13 KVALIFIKÁCIÓ,7403,Baiyoke Sky,1,1.,,1
18549,2025-06-14,13:30,Q13 KVALIFIKÁCIÓ,7345,Esperanto,2,2.,,0
18551,2025-06-14,14:00,JODI LYNN DÍJ,6918,Front of the Line,6,I.,1.8,0
18551,2025-06-14,14:00,JODI LYNN DÍJ,7193,Grazia,4,II.,6.5,0
18551,2025-06-14,14:00,JODI LYNN DÍJ,7188,Győcike,2,III.,4.7,0
18551,2025-06-14,14:00,JODI LYNN DÍJ,7055,Feeling Great BD,5,IV.,8.5,0
18551,2025-06-14,14:00,JODI LYNN DÍJ,7189,Galatea,1,V.,7.4,0
18551,2025-06-14,14:00,JODI LYNN DÍJ,7199,Gingerly KJ,7,6.,13.1,0
18551,2025-06-14,14:00,JODI LYNN DÍJ,7109,Gaya T Boko,3,7.,3.9,0
18558,2025-06-14,14:31,KEEP BLAZING HENDIKEP,6459,Diamond Ville,6,I.,7.2,0
18558,2025-06-14,14:31,KEEP BLAZING HENDIKEP,6163,Bombay,7,II.,1.8,0
18558,2025-06-14,14:31,KEEP BLAZING HENDIKEP,6441,Diána Gull,5,III.,12.9,0
18558,2025-06-14,14:31,KEEP BLAZING HENDIKEP,6360,Chip Chip Chip,4,IV.,2.6,0
18558,2025-06-14,14:31,KEEP BLAZING HENDIKEP,6475,Discovery LW,1,V.,11.3,0
18558,2025-06-14,14:31,KEEP BLAZING HENDIKEP,6442,Dulcinea del Toboso,2,6.,18.0,0
18558,2025-06-14,14:31,KEEP BLAZING HENDIKEP,6262,Bronz Boy,3,tü.,5.3,0
18552,2025-06-14,15:00,LOVE STORY DÍJ,6944,Euphoria,7,I.,1.7,0
18552,2025-06-14,15:00,LOVE STORY DÍJ,7274,Lucky de Sajan,6,II.,2.4,0
18552,2025-06-14,15:00,LOVE STORY DÍJ,6912,Fiona TIM,2,III.,3.6,0
18552,2025-06-14,15:00,LOVE STORY DÍJ,7060,Filthy Rich,1,IV.,20.9,0
18552,2025-06-14,15:00,LOVE STORY DÍJ,7034,Formula,3,V.,12.3,0
18552,2025-06-14,15:00,LOVE STORY DÍJ,7105,Gomez de Boko,4,6.,69.8,0
18552,2025-06-14,15:00,LOVE STORY DÍJ,6936,Aaron LV,5,7.,59.8,0
18552,2025-06-14,15:00,LOVE STORY DÍJ,6539,Dream Of Mine,8,tü.,59.8,0
18552,2025-06-14,15:00,LOVE STORY DÍJ,6909,Treue,9,gal.,32.2,0
18553,2025-06-14,15:30,TWIDDLE DÍJ,7001,Fárosz,10,I.,2.4,0
18553,2025-06-14,15:30,TWIDDLE DÍJ,6898,Euzébió,8,II.,2.7,0
18553,2025-06-14,15:30,TWIDDLE DÍJ,7363,Flying Dancer,9,III.,3.7,0
18553,2025-06-14,15:30,TWIDDLE DÍJ,6899,Eunike T Boko,5,IV.,,0
18553,2025-06-14,15:30,TWIDDLE DÍJ,6787,Domperidon,3,V.,8.3,0
18553,2025-06-14,15:30,TWIDDLE DÍJ,6617,Diófás,7,6.,16.6,0
18553,2025-06-14,15:30,TWIDDLE DÍJ,6303,CR-Seven,6,7.,6.0,0
18553,2025-06-14,15:30,TWIDDLE DÍJ,6003,Ambrosia Gielle,11,8.,,0
18553,2025-06-14,15:30,TWIDDLE DÍJ,7081,Fancy,1,9.,,0
18553,2025-06-14,15:30,TWIDDLE DÍJ,6878,Éden Evo,2,gal.,16.6,0
18553,2025-06-14,15:30,TWIDDLE DÍJ,7340,Great Pretender,4,tü.,33.3,0
18556,2025-06-14,16:06,KATERINA RODNEY HENDIKEP,6657,Dreamer,10,I.,57.1,0
18556,2025-06-14,16:06,KATERINA RODNEY HENDIKEP,6153,Bing Crosby AT,11,II.,14.2,0
18556,2025-06-14,16:06,KATERINA RODNEY HENDIKEP,6854,Elegáns Hölgy,4,III.,4.3,0
18556,2025-06-14,16:06,KATERINA RODNEY HENDIKEP,6709,Eccelenza,8,IV.,5.1,0
18556,2025-06-14,16:06,KATERINA RODNEY HENDIKEP,4968,Titus Livius,1,V.,6.3,0
18556,2025-06-14,16:06,KATERINA RODNEY HENDIKEP,5907,Always Winner,6,6.,57.1,0
18556,2025-06-14,16:06,KATERINA RODNEY HENDIKEP,6696,Édes K,2,7.,19.0,0
18556,2025-06-14,16:06,KATERINA RODNEY HENDIKEP,7124,Fess Fiú,3,8.,6.3,0
18556,2025-06-14,16:06,KATERINA RODNEY HENDIKEP,5904,Australian Gold,5,9.,11.4,0
18556,2025-06-14,16:06,KATERINA RODNEY HENDIKEP,6345,Berna Queen M,9,10.,11.4,0
18556,2025-06-14,16:06,KATERINA RODNEY HENDIKEP,6922,Follow the Flow,12,11.,3.8,0
18556,2025-06-14,16:06,KATERINA RODNEY HENDIKEP,6506,Charlie's World,7,kih.,7.1,0
18554,2025-06-14,16:40,RECORDER DÍJ,6318,Bonaparte Boss,1,I.,4.9,0
18554,2025-06-14,16:40,RECORDER DÍJ,6783,Enjoy,4,II.,1.2,0
18554,2025-06-14,16:40,RECORDER DÍJ,6855,Eternity Bar,5,III.,21.7,0
18554,2025-06-14,16:40,RECORDER DÍJ,6901,Eastwood,2,IV.,18.1,0
18554,2025-06-14,16:40,RECORDER DÍJ,7253,Baria TRGF Risaia,6,V.,4.7,0
18554,2025-06-14,16:40,RECORDER DÍJ,6261,Be Happy,7,6.,18.1,0
18554,2025-06-14,16:40,RECORDER DÍJ,6464,Dolomit Boy,3,kih.,9.0,0
18557,2025-06-14,17:15,AMATŐRVERSENY HENDIKEP,6987,Fabrice,6,I.,2.0,0
18557,2025-06-14,17:15,AMATŐRVERSENY HENDIKEP,6305,Csikós,5,II.,4.3,0
18557,2025-06-14,17:15,AMATŐRVERSENY HENDIKEP,6435,Ducks,1,III.,5.6,0
18557,2025-06-14,17:15,AMATŐRVERSENY HENDIKEP,6438,Danny DeVito,2,IV.,3.1,0
18557,2025-06-14,17:15,AMATŐRVERSENY HENDIKEP,7247,Fancy Jet,3,V.,28.2,0
18557,2025-06-14,17:15,AMATŐRVERSENY HENDIKEP,6047,Baraka SS,7,6táv.,56.4,0
18557,2025-06-14,17:15,AMATŐRVERSENY HENDIKEP,6307,Csípkedd Magad!,4,gal.,5.1,0
18555,2025-06-14,17:59,MARGARET SONG HENDIKEP,6934,Zaira LV,10,I.,2.0,0
18555,2025-06-14,17:59,MARGARET SONG HENDIKEP,6786,Enrico Fling,4,II.,3.8,0
18555,2025-06-14,17:59,MARGARET SONG HENDIKEP,4611,Pálinka,6,III.,7.2,0
18555,2025-06-14,17:59,MARGARET SONG HENDIKEP,5700,Vezér,5,IV.,8.2,0
18555,2025-06-14,17:59,MARGARET SONG HENDIKEP,5247,Universal Boy,9,V.,9.6,0
18555,2025-06-14,17:59,MARGARET SONG HENDIKEP,6690,Enterprise,7,6.,4.1,0
18555,2025-06-14,17:59,MARGARET SONG HENDIKEP,6999,First Lady KJ,1,7.,,0
18555,2025-06-14,17:59,MARGARET SONG HENDIKEP,5730,Magic Bucks,2,8.,19.3,0
18555,2025-06-14,17:59,MARGARET SONG HENDIKEP,6953,Eposz,8,gal.,8.2,0
18539,2025-06-07,12:46,Q12 KVALIFIKÁCIÓ,7368,Rafaela BD,1,1.,,1
18540,2025-06-07,13:01,PRÓBAFUTAM,7054,Fánia BD,2,1.,,1
18540,2025-06-07,13:01,PRÓBAFUTAM,6960,Fantom KE,1,2.,,0
18538,2025-06-07,13:30,NYERETLENEK VERSENYE - KENTISH BOY DÍJ,7188,Győcike,1,I.,2.2,0
18538,2025-06-07,13:30,NYERETLENEK VERSENYE - KENTISH BOY DÍJ,7086,Fakta,9,II.,,0
18538,2025-06-07,13:30,NYERETLENEK VERSENYE - KENTISH BOY DÍJ,7189,Galatea,7,III.,3.6,0
18538,2025-06-07,13:30,NYERETLENEK VERSENYE - KENTISH BOY DÍJ,7059,Gatto,3,IV.,,0
18538,2025-06-07,13:30,NYERETLENEK VERSENYE - KENTISH BOY DÍJ,7116,Golden Girl,4,V.,18.3,0
18538,2025-06-07,13:30,NYERETLENEK VERSENYE - KENTISH BOY DÍJ,7194,Gyémánt Lady,6,6.,3.0,0
18538,2025-06-07,13:30,NYERETLENEK VERSENYE - KENTISH BOY DÍJ,7064,Ganybody,5,7.,,0
18538,2025-06-07,13:30,NYERETLENEK VERSENYE - KENTISH BOY DÍJ,7198,Gabrielle,2,gal.,6.1,0
18538,2025-06-07,13:30,NYERETLENEK VERSENYE - KENTISH BOY DÍJ,7079,Griff Grand Laser,8,gal.,4.5,0
18548,2025-06-07,14:00,PAPERBOY DÍJ I. RÉSZ,7176,Get Lucky,5,I.,6.2,0
18548,2025-06-07,14:00,PAPERBOY DÍJ I. RÉSZ,7060,Filthy Rich,4,II.,5.8,0
18548,2025-06-07,14:00,PAPERBOY DÍJ I. RÉSZ,7108,Gotti,6,III.,1.7,0
18548,2025-06-07,14:00,PAPERBOY DÍJ I. RÉSZ,7187,Genesis,8,IV.,3.2,0
18548,2025-06-07,14:00,PAPERBOY DÍJ I. RÉSZ,7124,Fess Fiú,3,V.,21.9,0
18548,2025-06-07,14:00,PAPERBOY DÍJ I. RÉSZ,7330,Emilia Adri,1,6.,,0
18548,2025-06-07,14:00,PAPERBOY DÍJ I. RÉSZ,7099,Fizető,7,7.,4.8,0
18548,2025-06-07,14:00,PAPERBOY DÍJ I. RÉSZ,7035,Firkó,9,8.,,0
18548,2025-06-07,14:00,PAPERBOY DÍJ I. RÉSZ,7318,Clearwater Belle,2,gal.,43.8,0
18541,2025-06-07,14:31,2025. ÉVI SEGÉDHAJTÓ KUPA III. FUTAMA HENDIKEP,6679,Inforgettable,4,I.,4.3,0
18541,2025-06-07,14:31,2025. ÉVI SEGÉDHAJTÓ KUPA III. FUTAMA HENDIKEP,7053,Fabio,6,II.,3.6,0
18541,2025-06-07,14:31,2025. ÉVI SEGÉDHAJTÓ KUPA III. FUTAMA HENDIKEP,6305,Csikós,5,III.,12.2,0
18541,2025-06-07,14:31,2025. ÉVI SEGÉDHAJTÓ KUPA III. FUTAMA HENDIKEP,5960,Ann Bella M,7,IV.,4.9,0
18541,2025-06-07,14:31,2025. ÉVI SEGÉDHAJTÓ KUPA III. FUTAMA HENDIKEP,6506,Charlie's World,2,V.,1.7,0
18541,2025-06-07,14:31,2025. ÉVI SEGÉDHAJTÓ KUPA III. FUTAMA HENDIKEP,5990,Aranyérem M,1,6.,8.1,0
18547,2025-06-07,15:02,PAPERBOY DÍJ II. RÉSZ,6982,Farkasfog,10,I.,14.1,0
18547,2025-06-07,15:02,PAPERBOY DÍJ II. RÉSZ,7168,God save the Queen,6,II.,3.6,0
18547,2025-06-07,15:02,PAPERBOY DÍJ II. RÉSZ,7106,Gentleman Jack,3,III.,1.5,0
18547,2025-06-07,15:02,PAPERBOY DÍJ II. RÉSZ,7149,Füge M,9,IV.,6.8,0
18547,2025-06-07,15:02,PAPERBOY DÍJ II. RÉSZ,7370,Another Star,4,V.,12.1,0
18547,2025-06-07,15:02,PAPERBOY DÍJ II. RÉSZ,7104,Florentin,5,6.,11.0,0
18547,2025-06-07,15:02,PAPERBOY DÍJ II. RÉSZ,7329,Exclusive Adri,8,7.,42.3,0
18547,2025-06-07,15:02,PAPERBOY DÍJ II. RÉSZ,7110,Guinevere,7,8.,36.3,0
18547,2025-06-07,15:02,PAPERBOY DÍJ II. RÉSZ,7321,Joy du Bosquet,1,gal.,14.9,0
18547,2025-06-07,15:02,PAPERBOY DÍJ II. RÉSZ,7199,Gingerly KJ,2,gal.,16.9,0
18546,2025-06-07,15:38,SPEEDY BOY HENDIKEP,6052,Auróra,9,I.,4.5,0
18546,2025-06-07,15:38,SPEEDY BOY HENDIKEP,6307,Csípkedd Magad!,10,II.,64.9,0
18546,2025-06-07,15:38,SPEEDY BOY HENDIKEP,6927,Fast Track,3,III.,,0
18546,2025-06-07,15:38,SPEEDY BOY HENDIKEP,6709,Eccelenza,7,IV.,4.1,0
18546,2025-06-07,15:38,SPEEDY BOY HENDIKEP,5721,Zippy Boy,4,V.,25.9,0
18546,2025-06-07,15:38,SPEEDY BOY HENDIKEP,6995,Fany,6,6.,4.2,0
18546,2025-06-07,15:38,SPEEDY BOY HENDIKEP,5904,Australian Gold,8,7.,16.2,0
18546,2025-06-07,15:38,SPEEDY BOY HENDIKEP,6546,Count Basie AT,5,8.,5.4,0
18546,2025-06-07,15:38,SPEEDY BOY HENDIKEP,5610,Winoc SB,12,9.,4.9,0
18546,2025-06-07,15:38,SPEEDY BOY HENDIKEP,6953,Eposz,1,gal.,28.8,0
18546,2025-06-07,15:38,SPEEDY BOY HENDIKEP,6782,Downtown Girl M,11,gal.,9.9,0
18546,2025-06-07,15:38,SPEEDY BOY HENDIKEP,6934,Zaira LV,2,disq.,7.2,0
18544,2025-06-07,16:06,RADIUM BOY DÍJ,6727,Västerbo No Edge,3,I.,5.0,0
18544,2025-06-07,16:06,RADIUM BOY DÍJ,6986,Face to face,4,II.,1.7,0
18544,2025-06-07,16:06,RADIUM BOY DÍJ,7255,Top Hill,5,III.,4.2,0
18544,2025-06-07,16:06,RADIUM BOY DÍJ,6700,Escobar,6,IV.,2.9,0
18544,2025-06-07,16:06,RADIUM BOY DÍJ,6878,Éden Evo,2,V.,47.0,0
18544,2025-06-07,16:06,RADIUM BOY DÍJ,6920,Fliegauf,1,6.,18.2,0
18544,2025-06-07,16:06,RADIUM BOY DÍJ,6778,Dancing Lady,7,7táv.,31.3,0
18545,2025-06-07,16:35,ALFA BOY HENDIKEP,6345,Berna Queen M,6,I.,4.8,0
18545,2025-06-07,16:35,ALFA BOY HENDIKEP,6799,Exclusive Fox,3,II.,2.2,0
18545,2025-06-07,16:35,ALFA BOY HENDIKEP,6695,Ékszer K,1,III.,2.6,0
18545,2025-06-07,16:35,ALFA BOY HENDIKEP,5700,Vezér,4,IV.,8.7,0
18545,2025-06-07,16:35,ALFA BOY HENDIKEP,6336,Allegro Barbaro,2,V.,9.4,0
18545,2025-06-07,16:35,ALFA BOY HENDIKEP,6131,Bulibáró,5,6.,4.6,0
18542,2025-06-07,17:03,ROCKET BOY HENDIKEP,6163,Bombay,2,I.,3.1,0
18542,2025-06-07,17:03,ROCKET BOY HENDIKEP,5564,Valentino,11,II.,5.7,0
18542,2025-06-07,17:03,ROCKET BOY HENDIKEP,6328,Credit Card,6,III.,11.9,0
18542,2025-06-07,17:03,ROCKET BOY HENDIKEP,6703,Etalon N,3,IV.,18.3,0
18542,2025-06-07,17:03,ROCKET BOY HENDIKEP,6877,Petra La Roque,5,V.,22.9,0
18542,2025-06-07,17:03,ROCKET BOY HENDIKEP,5831,King's Call,10,6.,2.3,0
18542,2025-06-07,17:03,ROCKET BOY HENDIKEP,6003,Ambrosia Gielle,4,7.,39.2,0
18542,2025-06-07,17:03,ROCKET BOY HENDIKEP,6047,Baraka SS,8,8.,6.2,0
18542,2025-06-07,17:03,ROCKET BOY HENDIKEP,6674,Démon Jewel GG,7,9.,16.1,0
18542,2025-06-07,17:03,ROCKET BOY HENDIKEP,6262,Bronz Boy,9,10.,7.2,0
18543,2025-06-07,17:31,JUDIT LENKE - SMARTFILL KUPA HENDIKEP,6165,Bűbájos,6,I.,3.9,0
18543,2025-06-07,17:31,JUDIT LENKE - SMARTFILL KUPA HENDIKEP,5962,Zénó Boko,7,II.,8.4,0
18543,2025-06-07,17:31,JUDIT LENKE - SMARTFILL KUPA HENDIKEP,5570,Villeneuve,5,III.,4.9,0
18543,2025-06-07,17:31,JUDIT LENKE - SMARTFILL KUPA HENDIKEP,6072,Bobby Fischer,4,IV.,2.6,0
18543,2025-06-07,17:31,JUDIT LENKE - SMARTFILL KUPA HENDIKEP,5725,Zente,8,V.,8.4,0
18543,2025-06-07,17:31,JUDIT LENKE - SMARTFILL KUPA HENDIKEP,6441,Diána Gull,2,6.,33.7,0
18543,2025-06-07,17:31,JUDIT LENKE - SMARTFILL KUPA HENDIKEP,6066,Berill Lady,3,7.,4.9,0
18543,2025-06-07,17:31,JUDIT LENKE - SMARTFILL KUPA HENDIKEP,6438,Danny DeVito,1,8.,5.7,0
18527,2025-06-01,13:15,Q11 KVALIFIKÁCIÓ,7338,Glory Grant K,3,1.,,1
18527,2025-06-01,13:15,Q11 KVALIFIKÁCIÓ,7325,Great Fille,1,2.,,0
18528,2025-06-01,13:30,PRÓBAFUTAM,7253,Baria TRGF Risaia,3,1.,,1
18528,2025-06-01,13:30,PRÓBAFUTAM,7079,Griff Grand Laser,4,2.,,0
18528,2025-06-01,13:30,PRÓBAFUTAM,6539,Dream Of Mine,2,3.,,0
18528,2025-06-01,13:30,PRÓBAFUTAM,7093,Fitt Lady,1,gal.,,0
18531,2025-06-01,14:00,FAIRPLAY DÍJ,7167,Gainsville,11,I.,3.5,0
18531,2025-06-01,14:00,FAIRPLAY DÍJ,6918,Front of the Line,9,II.,2.8,0
18531,2025-06-01,14:00,FAIRPLAY DÍJ,6057,Bitangjó,10,III.,66.6,0
18531,2025-06-01,14:00,FAIRPLAY DÍJ,7329,Exclusive Adri,3,IV.,22.2,0
18531,2025-06-01,14:00,FAIRPLAY DÍJ,7240,Gana Ris,4,V.,16.6,0
18531,2025-06-01,14:00,FAIRPLAY DÍJ,7201,Renebell BD,1,6.,33.3,0
18531,2025-06-01,14:00,FAIRPLAY DÍJ,7200,Icibell BD,2,7.,66.6,0
18531,2025-06-01,14:00,FAIRPLAY DÍJ,7193,Grazia,8,8.,11.1,0
18531,2025-06-01,14:00,FAIRPLAY DÍJ,7197,Flawless Hope,7,9.,13.3,0
18531,2025-06-01,14:00,FAIRPLAY DÍJ,7309,Goldina Amok,6,10.,2.5,0
18531,2025-06-01,14:00,FAIRPLAY DÍJ,7109,Gaya T Boko,5,disq.,8.3,0
18537,2025-06-01,14:32,KATONA ADÉL SZÜLETÉSNAPI FUTAMA HENDIKEP,6920,Fliegauf,6,I.,12.6,0
18537,2025-06-01,14:32,KATONA ADÉL SZÜLETÉSNAPI FUTAMA HENDIKEP,6068,Balerina R.,3,II.,15.8,0
18537,2025-06-01,14:32,KATONA ADÉL SZÜLETÉSNAPI FUTAMA HENDIKEP,7171,Peter Piper,10,III.,3.0,0
18537,2025-06-01,14:32,KATONA ADÉL SZÜLETÉSNAPI FUTAMA HENDIKEP,6340,Cunami,9,IV.,10.5,0
18537,2025-06-01,14:32,KATONA ADÉL SZÜLETÉSNAPI FUTAMA HENDIKEP,6702,Ezigen,2,V.,3.9,0
18537,2025-06-01,14:32,KATONA ADÉL SZÜLETÉSNAPI FUTAMA HENDIKEP,5905,Adamo Fling,11,6.,21.0,0
18537,2025-06-01,14:32,KATONA ADÉL SZÜLETÉSNAPI FUTAMA HENDIKEP,6021,Anna,8,7.,5.7,0
18537,2025-06-01,14:32,KATONA ADÉL SZÜLETÉSNAPI FUTAMA HENDIKEP,6153,Bing Crosby AT,1,8.,21.0,0
18537,2025-06-01,14:32,KATONA ADÉL SZÜLETÉSNAPI FUTAMA HENDIKEP,4788,Szilvás,4,tü.,6.3,0
18537,2025-06-01,14:32,KATONA ADÉL SZÜLETÉSNAPI FUTAMA HENDIKEP,6459,Diamond Ville,7,gal.,4.5,0
18534,2025-06-01,15:02,BUTTERFLY DÍJ,6731,Daytona Spav,2,I.,1.8,0
18534,2025-06-01,15:02,BUTTERFLY DÍJ,6464,Dolomit Boy,8,II.,5.1,0
18534,2025-06-01,15:02,BUTTERFLY DÍJ,6308,Csábító R.,3,III.,10.3,0
18534,2025-06-01,15:02,BUTTERFLY DÍJ,6901,Eastwood,1,IV.,5.1,0
18534,2025-06-01,15:02,BUTTERFLY DÍJ,5564,Valentino,5,V.,17.2,0
18534,2025-06-01,15:02,BUTTERFLY DÍJ,7375,Lola Dragon,4,6.,7.3,0
18534,2025-06-01,15:02,BUTTERFLY DÍJ,5906,Anybody,6,gal.,10.3,0
18534,2025-06-01,15:02,BUTTERFLY DÍJ,7342,Bargecchia DR,7,gal.,34.4,0
18534,2025-06-01,15:02,BUTTERFLY DÍJ,6855,Eternity Bar,9,gal.,7.3,0
18532,2025-06-01,15:38,ORLANDO BLOOM DÍJ,6912,Fiona TIM,3,I.,1.8,0
18532,2025-06-01,15:38,ORLANDO BLOOM DÍJ,7136,First Home,6,II.,19.6,0
18532,2025-06-01,15:38,ORLANDO BLOOM DÍJ,7247,Fancy Jet,2,III.,7.8,0
18532,2025-06-01,15:38,ORLANDO BLOOM DÍJ,6962,Flinga VT,8,IV.,16.8,0
18532,2025-06-01,15:38,ORLANDO BLOOM DÍJ,7105,Gomez de Boko,9,V.,3.4,0
18532,2025-06-01,15:38,ORLANDO BLOOM DÍJ,6674,Démon Jewel GG,5,6.,39.2,0
18532,2025-06-01,15:38,ORLANDO BLOOM DÍJ,7081,Fancy,7,7.,9.0,0
18532,2025-06-01,15:38,ORLANDO BLOOM DÍJ,6999,First Lady KJ,1,8.,117.6,0
18532,2025-06-01,15:38,ORLANDO BLOOM DÍJ,6983,Fondorlat,4,gal.,3.9,0
18533,2025-06-01,16:15,BOB DO IT DÍJ,6864,In Love Danover,7,I.,7.6,0
18533,2025-06-01,16:15,BOB DO IT DÍJ,6898,Euzébió,5,II.,3.0,0
18533,2025-06-01,16:15,BOB DO IT DÍJ,6228,Creatine,6,III.,14.2,0
18533,2025-06-01,16:15,BOB DO IT DÍJ,6973,Edoardo Ama,2,IV.,1.9,0
18533,2025-06-01,16:15,BOB DO IT DÍJ,6624,My Dyla LV,9,V.,33.3,0
18533,2025-06-01,16:15,BOB DO IT DÍJ,6899,Eunike T Boko,3,6.,6.6,0
18533,2025-06-01,16:15,BOB DO IT DÍJ,6303,CR-Seven,4,7.,7.6,0
18533,2025-06-01,16:15,BOB DO IT DÍJ,6787,Domperidon,1,8.,9.9,0
18533,2025-06-01,16:15,BOB DO IT DÍJ,6475,Discovery LW,8,9.,49.9,0
18533,2025-06-01,16:15,BOB DO IT DÍJ,6878,Éden Evo,11,10.,99.9,0
18529,2025-06-01,16:48,SPRINTER KUPA,7217,Uccellone,4,I.,2.1,0
18529,2025-06-01,16:48,SPRINTER KUPA,6783,Enjoy,8,II.,1.5,0
18529,2025-06-01,16:48,SPRINTER KUPA,7121,Denalda Op,5,III.,28.6,0
18529,2025-06-01,16:48,SPRINTER KUPA,6318,Bonaparte Boss,3,IV.,14.3,0
18529,2025-06-01,16:48,SPRINTER KUPA,6903,Cardenas Baba,1,V.,8.0,0
18529,2025-06-01,16:48,SPRINTER KUPA,7163,Zacapa U.S.,7,6.,15.6,0
18529,2025-06-01,16:48,SPRINTER KUPA,7402,Dustin Jet,2,7.,39.6,0
18529,2025-06-01,16:48,SPRINTER KUPA,6954,Palace Bo,6,gal.,51.5,0
18536,2025-06-01,17:20,ZAPATO HENDIKEP,5531,Very Nice Photo,8,I.,6.4,0
18536,2025-06-01,17:20,ZAPATO HENDIKEP,5955,Atom Maki,4,II.,7.6,0
18536,2025-06-01,17:20,ZAPATO HENDIKEP,6782,Downtown Girl M,3,III.,9.6,0
18536,2025-06-01,17:20,ZAPATO HENDIKEP,6922,Follow the Flow,10,IV.,2.9,0
18536,2025-06-01,17:20,ZAPATO HENDIKEP,6080,Boszi,6,V.,15.3,0
18536,2025-06-01,17:20,ZAPATO HENDIKEP,6345,Berna Queen M,1,6.,76.8,0
18536,2025-06-01,17:20,ZAPATO HENDIKEP,6518,Lolly Pop,9,7.,9.6,0
18536,2025-06-01,17:20,ZAPATO HENDIKEP,6657,Dreamer,7,8.,5.4,0
18536,2025-06-01,17:20,ZAPATO HENDIKEP,6378,Chesterfield,2,9.,76.8,0
18536,2025-06-01,17:20,ZAPATO HENDIKEP,6854,Elegáns Hölgy,5,gal.,2.7,0
18530,2025-06-01,18:00,116. NEMZETI DÍJ,7130,Giovanni Fling,3,I.,6.5,0
18530,2025-06-01,18:00,116. NEMZETI DÍJ,6916,Freya T Boko,7,II.,1.4,0
18530,2025-06-01,18:00,116. NEMZETI DÍJ,7001,Fárosz,5,III.,7.9,0
18530,2025-06-01,18:00,116. NEMZETI DÍJ,7114,Ginevra,2,IV.,6.5,0
18530,2025-06-01,18:00,116. NEMZETI DÍJ,7003,Friday Night,6,V.,11.0,0
18530,2025-06-01,18:00,116. NEMZETI DÍJ,7187,Genesis,1,6.,36.9,0
18530,2025-06-01,18:00,116. NEMZETI DÍJ,6929,Fendi,4,7.,4.2,0
18535,2025-06-01,18:35,2025. ÉVI AMATŐR KUPA III. FUTAMA HENDIKEP,6507,Despasito,3,I.,9.5,0
18535,2025-06-01,18:35,2025. ÉVI AMATŐR KUPA III. FUTAMA HENDIKEP,5904,Australian Gold,6,II.,28.5,0
18535,2025-06-01,18:35,2025. ÉVI AMATŐR KUPA III. FUTAMA HENDIKEP,6435,Ducks,2,III.,1.3,0
18535,2025-06-01,18:35,2025. ÉVI AMATŐR KUPA III. FUTAMA HENDIKEP,5925,Anikó,5,IV.,17.1,0
18535,2025-06-01,18:35,2025. ÉVI AMATŐR KUPA III. FUTAMA HENDIKEP,5721,Zippy Boy,7,V.,17.1,0
18535,2025-06-01,18:35,2025. ÉVI AMATŐR KUPA III. FUTAMA HENDIKEP,6770,Top of Climb,1,gal.,4.2,0
18535,2025-06-01,18:35,2025. ÉVI AMATŐR KUPA III. FUTAMA HENDIKEP,6698,Easy Bet,4,gal.,4.5,0
18517,2025-05-17,13:32,PRÓBAFUTAM,7093,Fitt Lady,1,1.,,1
18518,2025-05-17,14:00,NYERETLENEK VERSENYE,7109,Gaya T Boko,7,I.,1.1,0
18518,2025-05-17,14:00,NYERETLENEK VERSENYE,7189,Galatea,4,II.,12.4,0
18518,2025-05-17,14:00,NYERETLENEK VERSENYE,7116,Golden Girl,1,III.,4.4,0
18518,2025-05-17,14:00,NYERETLENEK VERSENYE,7064,Ganybody,5,IV.,10.2,0
18518,2025-05-17,14:00,NYERETLENEK VERSENYE,7059,Gatto,2,V.,112.2,0
18518,2025-05-17,14:00,NYERETLENEK VERSENYE,7188,Győcike,3,gal.,18.7,0
18518,2025-05-17,14:00,NYERETLENEK VERSENYE,7125,Florenza,6,gal.,8.0,0
18525,2025-05-17,14:30,"SÁRKÖZY JÓZSEF ""SZIKRA"" EMLÉKVERSENY HENDIKEP",6475,Discovery LW,7,I.,4.0,0
18525,2025-05-17,14:30,"SÁRKÖZY JÓZSEF ""SZIKRA"" EMLÉKVERSENY HENDIKEP",6507,Despasito,8,II.,9.0,0
18525,2025-05-17,14:30,"SÁRKÖZY JÓZSEF ""SZIKRA"" EMLÉKVERSENY HENDIKEP",5610,Winoc SB,4,III.,7.1,0
18525,2025-05-17,14:30,"SÁRKÖZY JÓZSEF ""SZIKRA"" EMLÉKVERSENY HENDIKEP",6343,Chicago,2,IV.,8.1,0
18525,2025-05-17,14:30,"SÁRKÖZY JÓZSEF ""SZIKRA"" EMLÉKVERSENY HENDIKEP",6080,Boszi,6,V.,1.9,0
18525,2025-05-17,14:30,"SÁRKÖZY JÓZSEF ""SZIKRA"" EMLÉKVERSENY HENDIKEP",6119,Firefly Shadow,1,6.,10.1,0
18525,2025-05-17,14:30,"SÁRKÖZY JÓZSEF ""SZIKRA"" EMLÉKVERSENY HENDIKEP",6679,Inforgettable,5,7.,12.2,0
18525,2025-05-17,14:30,"SÁRKÖZY JÓZSEF ""SZIKRA"" EMLÉKVERSENY HENDIKEP",6307,Csípkedd Magad!,3,8.,6.1,0
18523,2025-05-17,15:01,ANGOL LADY HENDIKEP,6953,Eposz,4,I.,4.2,0
18523,2025-05-17,15:01,ANGOL LADY HENDIKEP,6799,Exclusive Fox,2,II.,3.7,0
18523,2025-05-17,15:01,ANGOL LADY HENDIKEP,6695,Ékszer K,8,III.,8.2,0
18523,2025-05-17,15:01,ANGOL LADY HENDIKEP,6131,Bulibáró,6,IV.,8.7,0
18523,2025-05-17,15:01,ANGOL LADY HENDIKEP,6345,Berna Queen M,7,V.,8.2,0
18523,2025-05-17,15:01,ANGOL LADY HENDIKEP,5730,Magic Bucks,5,6.,8.7,0
18523,2025-05-17,15:01,ANGOL LADY HENDIKEP,6336,Allegro Barbaro,3,7.,2.0,0
18523,2025-05-17,15:01,ANGOL LADY HENDIKEP,6999,First Lady KJ,1,gal.,,0
18521,2025-05-17,15:30,VAS LADY DÍJ,6973,Edoardo Ama,4,I.,5.6,0
18521,2025-05-17,15:30,VAS LADY DÍJ,7363,Flying Dancer,10,II.,4.5,0
18521,2025-05-17,15:30,VAS LADY DÍJ,6700,Escobar,2,III.,5.5,0
18521,2025-05-17,15:30,VAS LADY DÍJ,6898,Euzébió,9,IV.,4.3,0
18521,2025-05-17,15:30,VAS LADY DÍJ,7127,Francesca,1,V.,4.2,0
18521,2025-05-17,15:30,VAS LADY DÍJ,6787,Domperidon,3,6.,8.6,0
18521,2025-05-17,15:30,VAS LADY DÍJ,6328,Credit Card,5,7.,6.6,0
18521,2025-05-17,15:30,VAS LADY DÍJ,6899,Eunike T Boko,7,8.,18.3,0
18521,2025-05-17,15:30,VAS LADY DÍJ,6303,CR-Seven,8,9.,11.8,0
18521,2025-05-17,15:30,VAS LADY DÍJ,7340,Great Pretender,6,10.,41.3,0
18519,2025-05-17,16:04,URÁN LADY DÍJ,7118,Ferrari,9,I.,5.2,0
18519,2025-05-17,16:04,URÁN LADY DÍJ,7097,Fortuna Ville,6,II.,8.6,0
18519,2025-05-17,16:04,URÁN LADY DÍJ,7149,Füge M,8,III.,23.7,0
18519,2025-05-17,16:04,URÁN LADY DÍJ,6674,Démon Jewel GG,12,IV.,94.8,0
18519,2025-05-17,16:04,URÁN LADY DÍJ,7247,Fancy Jet,11,V.,47.4,0
18519,2025-05-17,16:04,URÁN LADY DÍJ,7110,Guinevere,7,6.,2.8,0
18519,2025-05-17,16:04,URÁN LADY DÍJ,7104,Florentin,4,7.,31.6,0
18519,2025-05-17,16:04,URÁN LADY DÍJ,7082,Fire Bird,2,gal.,94.8,0
18519,2025-05-17,16:04,URÁN LADY DÍJ,7370,Another Star,3,gal.,4.9,0
18519,2025-05-17,16:04,URÁN LADY DÍJ,7318,Clearwater Belle,5,gal.,2.7,0
18519,2025-05-17,16:04,URÁN LADY DÍJ,6992,Finiselj!,10,tü.,7.9,0
18522,2025-05-17,16:32,NIGHT LADY DÍJ,6704,Emerald,1,I.,7.2,0
18522,2025-05-17,16:32,NIGHT LADY DÍJ,5228,Uptown Boy M,2,II.,4.0,0
18522,2025-05-17,16:32,NIGHT LADY DÍJ,7173,Jula Netprice,3,III.,3.7,0
18522,2025-05-17,16:32,NIGHT LADY DÍJ,6855,Eternity Bar,7,IV.,2.6,0
18522,2025-05-17,16:32,NIGHT LADY DÍJ,6023,Acélos Fiú,4,V.,6.8,0
18522,2025-05-17,16:32,NIGHT LADY DÍJ,5906,Anybody,5,6.,13.6,0
18522,2025-05-17,16:32,NIGHT LADY DÍJ,6300,Catania R.,6,7.,4.6,0
18524,2025-05-17,17:01,LIGHT LADY HENDIKEP,6987,Fabrice,6,I.,4.0,0
18524,2025-05-17,17:01,LIGHT LADY HENDIKEP,6995,Fany,1,II.,5.9,0
18524,2025-05-17,17:01,LIGHT LADY HENDIKEP,6358,Calvin,2,III.,6.9,0
18524,2025-05-17,17:01,LIGHT LADY HENDIKEP,5907,Always Winner,7,IV.,8.5,0
18524,2025-05-17,17:01,LIGHT LADY HENDIKEP,5955,Atom Maki,3,V.,3.3,0
18524,2025-05-17,17:01,LIGHT LADY HENDIKEP,6546,Count Basie AT,5,gal.,5.6,0
18524,2025-05-17,17:01,LIGHT LADY HENDIKEP,6782,Downtown Girl M,4,disq.,3.1,0
18520,2025-05-17,17:31,ELEGANT LADY DÍJ,7255,Top Hill,6,I.,6.4,0
18520,2025-05-17,17:31,ELEGANT LADY DÍJ,6727,Västerbo No Edge,4,II.,49.8,0
18520,2025-05-17,17:31,ELEGANT LADY DÍJ,6986,Face to face,7,III.,1.9,0
18520,2025-05-17,17:31,ELEGANT LADY DÍJ,7034,Formula,3,IV.,6.6,0
18520,2025-05-17,17:31,ELEGANT LADY DÍJ,7177,Senorita,1,V.,2.4,0
18520,2025-05-17,17:31,ELEGANT LADY DÍJ,7136,First Home,2,tü.,24.9,0
18520,2025-05-17,17:31,ELEGANT LADY DÍJ,6878,Éden Evo,5,gal.,6.0,0
18526,2025-05-17,18:00,TITÁN LADY HENDIKEP,6340,Cunami,4,I.,12.9,0
18526,2025-05-17,18:00,TITÁN LADY HENDIKEP,5570,Villeneuve,8,II.,9.9,0
18526,2025-05-17,18:00,TITÁN LADY HENDIKEP,6360,Chip Chip Chip,3,III.,5.6,0
18526,2025-05-17,18:00,TITÁN LADY HENDIKEP,7171,Peter Piper,9,IV.,1.9,0
18526,2025-05-17,18:00,TITÁN LADY HENDIKEP,6068,Balerina R.,6,V.,25.9,0
18526,2025-05-17,18:00,TITÁN LADY HENDIKEP,5531,Very Nice Photo,1,6.,43.2,0
18526,2025-05-17,18:00,TITÁN LADY HENDIKEP,6047,Baraka SS,5,7.,25.9,0
18526,2025-05-17,18:00,TITÁN LADY HENDIKEP,6441,Diána Gull,7,8.,11.8,0
18526,2025-05-17,18:00,TITÁN LADY HENDIKEP,6003,Ambrosia Gielle,2,9.,12.9,0
18526,2025-05-17,18:00,TITÁN LADY HENDIKEP,6909,Treue,10,10táv.,2.9,0
18515,2025-05-10,12:15,Q10 KVALIFIKÁCIÓ,7386,Fantom Man,1,1.,,1
18507,2025-05-10,12:30,PRÓBAFUTAM,6072,Bobby Fischer,2,1.,,1
18509,2025-05-10,13:00,KŐSZEGI-KOVÁCS LÁSZLÓ EMLÉKVERSENY - SANGER MS DÍJ,7099,Fizető,11,I.,5.4,0
18509,2025-05-10,13:00,KŐSZEGI-KOVÁCS LÁSZLÓ EMLÉKVERSENY - SANGER MS DÍJ,6918,Front of the Line,12,II.,9.6,0
18509,2025-05-10,13:00,KŐSZEGI-KOVÁCS LÁSZLÓ EMLÉKVERSENY - SANGER MS DÍJ,7309,Goldina Amok,3,III.,1.9,0
18509,2025-05-10,13:00,KŐSZEGI-KOVÁCS LÁSZLÓ EMLÉKVERSENY - SANGER MS DÍJ,7330,Emilia Adri,9,IV.,6.3,0
18509,2025-05-10,13:00,KŐSZEGI-KOVÁCS LÁSZLÓ EMLÉKVERSENY - SANGER MS DÍJ,7193,Grazia,6,V.,13.6,0
18509,2025-05-10,13:00,KŐSZEGI-KOVÁCS LÁSZLÓ EMLÉKVERSENY - SANGER MS DÍJ,6057,Bitangjó,10,6.,18.2,0
18509,2025-05-10,13:00,KŐSZEGI-KOVÁCS LÁSZLÓ EMLÉKVERSENY - SANGER MS DÍJ,7329,Exclusive Adri,7,7.,32.8,0
18509,2025-05-10,13:00,KŐSZEGI-KOVÁCS LÁSZLÓ EMLÉKVERSENY - SANGER MS DÍJ,7175,Fearless ASM,2,8.,11.7,0
18509,2025-05-10,13:00,KŐSZEGI-KOVÁCS LÁSZLÓ EMLÉKVERSENY - SANGER MS DÍJ,7198,Gabrielle,1,9.,10.2,0
18509,2025-05-10,13:00,KŐSZEGI-KOVÁCS LÁSZLÓ EMLÉKVERSENY - SANGER MS DÍJ,6982,Farkasfog,5,gal.,6.0,0
18511,2025-05-10,13:32,VARSÁNYI OTTÓ EMLÉKVERSENY,6731,Daytona Spav,2,I.,1.8,0
18511,2025-05-10,13:32,VARSÁNYI OTTÓ EMLÉKVERSENY,7391,Fitzgerald Treb,1,II.,13.4,0
18511,2025-05-10,13:32,VARSÁNYI OTTÓ EMLÉKVERSENY,7389,Ferragni Dvs,4,III.,7.0,0
18511,2025-05-10,13:32,VARSÁNYI OTTÓ EMLÉKVERSENY,6780,Eternal Flame,8,IV.,11.3,0
18511,2025-05-10,13:32,VARSÁNYI OTTÓ EMLÉKVERSENY,6261,Be Happy,5,V.,5.2,0
18511,2025-05-10,13:32,VARSÁNYI OTTÓ EMLÉKVERSENY,6624,My Dyla LV,3,6.,4.3,0
18511,2025-05-10,13:32,VARSÁNYI OTTÓ EMLÉKVERSENY,6121,Farya BD,7,7.,16.3,0
18511,2025-05-10,13:32,VARSÁNYI OTTÓ EMLÉKVERSENY,6331,Charming Boy,6,8.,6.4,0
18513,2025-05-10,14:00,ZÖLDFÜLÜ HENDIKEP,4788,Szilvás,8,I.,2.1,0
18513,2025-05-10,14:00,ZÖLDFÜLÜ HENDIKEP,6442,Dulcinea del Toboso,9,II.,9.9,0
18513,2025-05-10,14:00,ZÖLDFÜLÜ HENDIKEP,6657,Dreamer,4,III.,6.8,0
18513,2025-05-10,14:00,ZÖLDFÜLÜ HENDIKEP,5907,Always Winner,3,IV.,15.5,0
18513,2025-05-10,14:00,ZÖLDFÜLÜ HENDIKEP,5531,Very Nice Photo,6,V.,4.9,0
18513,2025-05-10,14:00,ZÖLDFÜLÜ HENDIKEP,6518,Lolly Pop,7,6.,5.4,0
18513,2025-05-10,14:00,ZÖLDFÜLÜ HENDIKEP,6378,Chesterfield,1,7.,22.5,0
18513,2025-05-10,14:00,ZÖLDFÜLÜ HENDIKEP,6696,Édes K,2,disq.,3.6,0
18516,2025-05-10,14:35,KINCSEM+ - FERGE LÁSZLÓ EMLÉKVERSENY,7130,Giovanni Fling,5,I.,1.7,0
18516,2025-05-10,14:35,KINCSEM+ - FERGE LÁSZLÓ EMLÉKVERSENY,7103,Grace Kelly,4,II.,5.5,0
18516,2025-05-10,14:35,KINCSEM+ - FERGE LÁSZLÓ EMLÉKVERSENY,7168,God save the Queen,2,III.,18.4,0
18516,2025-05-10,14:35,KINCSEM+ - FERGE LÁSZLÓ EMLÉKVERSENY,7106,Gentleman Jack,3,IV.,13.3,0
18516,2025-05-10,14:35,KINCSEM+ - FERGE LÁSZLÓ EMLÉKVERSENY,7176,Get Lucky,7,V.,7.4,0
18516,2025-05-10,14:35,KINCSEM+ - FERGE LÁSZLÓ EMLÉKVERSENY,7105,Gomez de Boko,9,6.,49.8,0
18516,2025-05-10,14:35,KINCSEM+ - FERGE LÁSZLÓ EMLÉKVERSENY,7109,Gaya T Boko,1,7.,49.8,0
18516,2025-05-10,14:35,KINCSEM+ - FERGE LÁSZLÓ EMLÉKVERSENY,7167,Gainsville,6,gal.,7.8,0
18516,2025-05-10,14:35,KINCSEM+ - FERGE LÁSZLÓ EMLÉKVERSENY,7187,Genesis,8,gal.,3.9,0
18516,2025-05-10,14:35,KINCSEM+ - FERGE LÁSZLÓ EMLÉKVERSENY,7186,Gina Fling,10,gal.,38.4,0
18510,2025-05-10,15:04,MATUCZA LAJOS EMLÉKVERSENY,7274,Lucky de Sajan,3,I.,1.5,0
18510,2025-05-10,15:04,MATUCZA LAJOS EMLÉKVERSENY,6778,Dancing Lady,6,II.,4.1,0
18510,2025-05-10,15:04,MATUCZA LAJOS EMLÉKVERSENY,7114,Ginevra,4,III.,3.7,0
18510,2025-05-10,15:04,MATUCZA LAJOS EMLÉKVERSENY,7081,Fancy,1,IV.,11.3,0
18510,2025-05-10,15:04,MATUCZA LAJOS EMLÉKVERSENY,6919,Fermina Daza,2,V.,10.8,0
18510,2025-05-10,15:04,MATUCZA LAJOS EMLÉKVERSENY,6878,Éden Evo,5,6.,8.3,0
18508,2025-05-10,15:47,TIPPMIX - DR. BOROSTYÁNKŐY TAMÁS EMLÉKVERSENY,6514,El Valle Sagrado,1,I.,8.5,0
18508,2025-05-10,15:47,TIPPMIX - DR. BOROSTYÁNKŐY TAMÁS EMLÉKVERSENY,6916,Freya T Boko,3,II.,1.9,0
18508,2025-05-10,15:47,TIPPMIX - DR. BOROSTYÁNKŐY TAMÁS EMLÉKVERSENY,6464,Dolomit Boy,5,III.,22.1,0
18508,2025-05-10,15:47,TIPPMIX - DR. BOROSTYÁNKŐY TAMÁS EMLÉKVERSENY,6954,Palace Bo,6,IV.,22.1,0
18508,2025-05-10,15:47,TIPPMIX - DR. BOROSTYÁNKŐY TAMÁS EMLÉKVERSENY,6318,Bonaparte Boss,8,V.,3.6,0
18508,2025-05-10,15:47,TIPPMIX - DR. BOROSTYÁNKŐY TAMÁS EMLÉKVERSENY,7173,Jula Netprice,2,6.,3.6,0
18508,2025-05-10,15:47,TIPPMIX - DR. BOROSTYÁNKŐY TAMÁS EMLÉKVERSENY,6855,Eternity Bar,7,7.,8.6,0
18508,2025-05-10,15:47,TIPPMIX - DR. BOROSTYÁNKŐY TAMÁS EMLÉKVERSENY,7121,Denalda Op,4,gal.,9.8,0
18512,2025-05-10,16:18,VÁRHIDI CSEMPE ÉS ABLAK KFT. DÍJA HENDIKEP,6698,Easy Bet,1,I.,3.9,0
18512,2025-05-10,16:18,VÁRHIDI CSEMPE ÉS ABLAK KFT. DÍJA HENDIKEP,6709,Eccelenza,10,II.,3.4,0
18512,2025-05-10,16:18,VÁRHIDI CSEMPE ÉS ABLAK KFT. DÍJA HENDIKEP,6690,Enterprise,4,III.,20.3,0
18512,2025-05-10,16:18,VÁRHIDI CSEMPE ÉS ABLAK KFT. DÍJA HENDIKEP,5925,Anikó,5,IV.,8.7,0
18512,2025-05-10,16:18,VÁRHIDI CSEMPE ÉS ABLAK KFT. DÍJA HENDIKEP,5904,Australian Gold,7,V.,4.6,0
18512,2025-05-10,16:18,VÁRHIDI CSEMPE ÉS ABLAK KFT. DÍJA HENDIKEP,5990,Aranyérem M,9,6.,48.8,0
18512,2025-05-10,16:18,VÁRHIDI CSEMPE ÉS ABLAK KFT. DÍJA HENDIKEP,6507,Despasito,11,7.,9.3,0
18512,2025-05-10,16:18,VÁRHIDI CSEMPE ÉS ABLAK KFT. DÍJA HENDIKEP,6051,Briliáns BD,2,8.,27.1,0
18512,2025-05-10,16:18,VÁRHIDI CSEMPE ÉS ABLAK KFT. DÍJA HENDIKEP,6119,Firefly Shadow,6,9táv.,3.4,0
18512,2025-05-10,16:18,VÁRHIDI CSEMPE ÉS ABLAK KFT. DÍJA HENDIKEP,7035,Firkó,3,gal.,10.1,0
18514,2025-05-10,16:54,DŐRE HENDIKEP,6525,Big Ben Pax,6,I.,2.8,0
18514,2025-05-10,16:54,DŐRE HENDIKEP,6704,Emerald,4,II.,13.8,0
18514,2025-05-10,16:54,DŐRE HENDIKEP,7171,Peter Piper,3,III.,3.1,0
18514,2025-05-10,16:54,DŐRE HENDIKEP,6617,Diófás,7,IV.,4.5,0
18514,2025-05-10,16:54,DŐRE HENDIKEP,6805,Guiness des Fanes,5,V.,5.3,0
18514,2025-05-10,16:54,DŐRE HENDIKEP,6340,Cunami,1,6.,8.1,0
18514,2025-05-10,16:54,DŐRE HENDIKEP,5905,Adamo Fling,8,7.,15.9,0
18514,2025-05-10,16:54,DŐRE HENDIKEP,6262,Bronz Boy,2,8.,23.0,0
18514,2025-05-10,16:54,DŐRE HENDIKEP,5894,Apollo Creed,9,gal.,11.8,0
18498,2025-05-03,13:30,PRÓBAFUTAM,7097,Fortuna Ville,1,1.,,1
18498,2025-05-03,13:30,PRÓBAFUTAM,6899,Eunike T Boko,3,2.,,0
18498,2025-05-03,13:30,PRÓBAFUTAM,6918,Front of the Line,2,3.,,0
18504,2025-05-03,14:00,2025. ÉVI KINCSEM PARK KUPA III. FUTAMA HENDIKEP,4968,Titus Livius,6,I.,,0
18504,2025-05-03,14:00,2025. ÉVI KINCSEM PARK KUPA III. FUTAMA HENDIKEP,6435,Ducks,1,II.,,0
18504,2025-05-03,14:00,2025. ÉVI KINCSEM PARK KUPA III. FUTAMA HENDIKEP,6506,Charlie's World,9,III.,,0
18504,2025-05-03,14:00,2025. ÉVI KINCSEM PARK KUPA III. FUTAMA HENDIKEP,6854,Elegáns Hölgy,8,IV.,,0
18504,2025-05-03,14:00,2025. ÉVI KINCSEM PARK KUPA III. FUTAMA HENDIKEP,5925,Anikó,3,V.,,0
18504,2025-05-03,14:00,2025. ÉVI KINCSEM PARK KUPA III. FUTAMA HENDIKEP,6690,Enterprise,2,6.,,0
18504,2025-05-03,14:00,2025. ÉVI KINCSEM PARK KUPA III. FUTAMA HENDIKEP,6307,Csípkedd Magad!,11,7.,,0
18504,2025-05-03,14:00,2025. ÉVI KINCSEM PARK KUPA III. FUTAMA HENDIKEP,6052,Auróra,10,8.,,0
18504,2025-05-03,14:00,2025. ÉVI KINCSEM PARK KUPA III. FUTAMA HENDIKEP,6358,Calvin,7,9.,,0
18504,2025-05-03,14:00,2025. ÉVI KINCSEM PARK KUPA III. FUTAMA HENDIKEP,6679,Inforgettable,12,10.,,0
18504,2025-05-03,14:00,2025. ÉVI KINCSEM PARK KUPA III. FUTAMA HENDIKEP,6507,Despasito,4,gal.,,0
18504,2025-05-03,14:00,2025. ÉVI KINCSEM PARK KUPA III. FUTAMA HENDIKEP,5904,Australian Gold,5,gal.,,0
18502,2025-05-03,14:30,UP STAR DÍJ,6898,Euzébió,4,I.,2.2,0
18502,2025-05-03,14:30,UP STAR DÍJ,6308,Csábító R.,6,II.,4.9,0
18502,2025-05-03,14:30,UP STAR DÍJ,6700,Escobar,1,III.,4.9,0
18502,2025-05-03,14:30,UP STAR DÍJ,6228,Creatine,5,IV.,6.0,0
18502,2025-05-03,14:30,UP STAR DÍJ,6778,Dancing Lady,2,V.,9.0,0
18502,2025-05-03,14:30,UP STAR DÍJ,6943,Elizabeth Boss,3,gal.,2.8,0
18501,2025-05-03,15:00,CORAL STAR DÍJ,7127,Francesca,9,I.,2.0,0
18501,2025-05-03,15:00,CORAL STAR DÍJ,7034,Formula,6,II.,5.1,0
18501,2025-05-03,15:00,CORAL STAR DÍJ,7136,First Home,5,III.,19.8,0
18501,2025-05-03,15:00,CORAL STAR DÍJ,6920,Fliegauf,8,IV.,3.0,0
18501,2025-05-03,15:00,CORAL STAR DÍJ,6727,Västerbo No Edge,10,V.,11.3,0
18501,2025-05-03,15:00,CORAL STAR DÍJ,6922,Follow the Flow,3,6.,9.9,0
18501,2025-05-03,15:00,CORAL STAR DÍJ,7318,Clearwater Belle,1,7.,159.1,0
18501,2025-05-03,15:00,CORAL STAR DÍJ,6962,Flinga VT,7,8.,12.2,0
18501,2025-05-03,15:00,CORAL STAR DÍJ,6674,Démon Jewel GG,4,9.,,0
18501,2025-05-03,15:00,CORAL STAR DÍJ,7247,Fancy Jet,2,10.,7.5,0
18503,2025-05-03,15:34,KUDO STAR HENDIKEP,5610,Winoc SB,3,I.,9.2,0
18503,2025-05-03,15:34,KUDO STAR HENDIKEP,6799,Exclusive Fox,1,II.,33.7,0
18503,2025-05-03,15:34,KUDO STAR HENDIKEP,5700,Vezér,2,III.,9.2,0
18503,2025-05-03,15:34,KUDO STAR HENDIKEP,6782,Downtown Girl M,7,IV.,2.0,0
18503,2025-05-03,15:34,KUDO STAR HENDIKEP,5721,Zippy Boy,6,V.,4.0,0
18503,2025-05-03,15:34,KUDO STAR HENDIKEP,5247,Universal Boy,8,6.,10.1,0
18503,2025-05-03,15:34,KUDO STAR HENDIKEP,6312,Bongiovi,5,7.,3.0,0
18503,2025-05-03,15:34,KUDO STAR HENDIKEP,5856,Donia d'Aunay,4,8.,16.8,0
18505,2025-05-03,16:03,INTELLIGENT STAR HENDIKEP,6459,Diamond Ville,2,I.,2.8,0
18505,2025-05-03,16:03,INTELLIGENT STAR HENDIKEP,6068,Balerina R.,1,II.,5.0,0
18505,2025-05-03,16:03,INTELLIGENT STAR HENDIKEP,6328,Credit Card,5,III.,7.1,0
18505,2025-05-03,16:03,INTELLIGENT STAR HENDIKEP,6441,Diána Gull,7,IV.,4.5,0
18505,2025-05-03,16:03,INTELLIGENT STAR HENDIKEP,6703,Etalon N,4,V.,3.5,0
18505,2025-05-03,16:03,INTELLIGENT STAR HENDIKEP,5795,Zara Mia,6,6.,4.7,0
18505,2025-05-03,16:03,INTELLIGENT STAR HENDIKEP,6909,Treue,8,gal.,14.2,0
18499,2025-05-03,16:30,HUNTER STAR DÍJ,7130,Giovanni Fling,3,I.,2.0,0
18499,2025-05-03,16:30,HUNTER STAR DÍJ,7330,Emilia Adri,6,II.,12.3,0
18499,2025-05-03,16:30,HUNTER STAR DÍJ,7193,Grazia,10,III.,4.9,0
18499,2025-05-03,16:30,HUNTER STAR DÍJ,7240,Gana Ris,9,IV.,,0
18499,2025-05-03,16:30,HUNTER STAR DÍJ,7125,Florenza,1,V.,6.1,0
18499,2025-05-03,16:30,HUNTER STAR DÍJ,7200,Icibell BD,2,6.,,0
18499,2025-05-03,16:30,HUNTER STAR DÍJ,7329,Exclusive Adri,4,gal.,10.5,0
18499,2025-05-03,16:30,HUNTER STAR DÍJ,7086,Fakta,5,tü.,14.8,0
18499,2025-05-03,16:30,HUNTER STAR DÍJ,7168,God save the Queen,7,gal.,6.7,0
18499,2025-05-03,16:30,HUNTER STAR DÍJ,7098,Fernando,8,gal.,4.6,0
18506,2025-05-03,17:00,JACKPOT STAR HENDIKEP,6929,Fendi,4,I.,3.8,0
18506,2025-05-03,17:00,JACKPOT STAR HENDIKEP,6165,Bűbájos,3,II.,3.8,0
18506,2025-05-03,17:00,JACKPOT STAR HENDIKEP,5962,Zénó Boko,6,III.,2.9,0
18506,2025-05-03,17:00,JACKPOT STAR HENDIKEP,5955,Atom Maki,1,IV.,5.5,0
18506,2025-05-03,17:00,JACKPOT STAR HENDIKEP,6475,Discovery LW,2,V.,15.3,0
18506,2025-05-03,17:00,JACKPOT STAR HENDIKEP,5725,Zente,5,gal.,2.7,0
18500,2025-05-03,17:30,JUST A STAR DÍJ,6912,Fiona TIM,1,I.,2.2,0
18500,2025-05-03,17:30,JUST A STAR DÍJ,7108,Gotti,5,II.,2.8,0
18500,2025-05-03,17:30,JUST A STAR DÍJ,7124,Fess Fiú,4,III.,7.6,0
18500,2025-05-03,17:30,JUST A STAR DÍJ,6995,Fany,12,IV.,116.9,0
18500,2025-05-03,17:30,JUST A STAR DÍJ,7118,Ferrari,7,V.,6.4,0
18500,2025-05-03,17:30,JUST A STAR DÍJ,7149,Füge M,9,6.,18.7,0
18500,2025-05-03,17:30,JUST A STAR DÍJ,7104,Florentin,3,7.,58.4,0
18500,2025-05-03,17:30,JUST A STAR DÍJ,7060,Filthy Rich,8,8.,24.6,0
18500,2025-05-03,17:30,JUST A STAR DÍJ,6992,Finiselj!,10,9.,46.7,0
18500,2025-05-03,17:30,JUST A STAR DÍJ,6999,First Lady KJ,11,10táv.,116.9,0
18500,2025-05-03,17:30,JUST A STAR DÍJ,6751,Emilio Family,2,11táv.,51.9,0
18500,2025-05-03,17:30,JUST A STAR DÍJ,7187,Genesis,6,gal.,4.5,0
18486,2025-04-26,13:10,Q9 KVALIFIKÁCIÓ,7144,Giadaz,2,1.,,1
18486,2025-04-26,13:10,Q9 KVALIFIKÁCIÓ,7386,Fantom Man,1,2.,,0
18487,2025-04-26,13:30,PRÓBAFUTAM,6916,Freya T Boko,2,1.,,1
18487,2025-04-26,13:30,PRÓBAFUTAM,7363,Flying Dancer,1,2.,,0
18487,2025-04-26,13:30,PRÓBAFUTAM,6695,Ékszer K,3,3.,,0
18488,2025-04-26,14:00,NYERETLENEK VERSENYE I. RÉSZ,7309,Goldina Amok,6,I.,2.8,0
18488,2025-04-26,14:00,NYERETLENEK VERSENYE I. RÉSZ,7194,Gyémánt Lady,5,II.,22.5,0
18488,2025-04-26,14:00,NYERETLENEK VERSENYE I. RÉSZ,7125,Florenza,1,III.,50.6,0
18488,2025-04-26,14:00,NYERETLENEK VERSENYE I. RÉSZ,7200,Icibell BD,7,IV.,40.5,0
18488,2025-04-26,14:00,NYERETLENEK VERSENYE I. RÉSZ,7086,Fakta,9,V.,22.5,0
18488,2025-04-26,14:00,NYERETLENEK VERSENYE I. RÉSZ,7241,Gigant Ris,8,6.,2.1,0
18488,2025-04-26,14:00,NYERETLENEK VERSENYE I. RÉSZ,7059,Gatto,3,7.,2.4,0
18488,2025-04-26,14:00,NYERETLENEK VERSENYE I. RÉSZ,7244,Coco,2,gal.,67.5,0
18488,2025-04-26,14:00,NYERETLENEK VERSENYE I. RÉSZ,7116,Golden Girl,4,gal.,10.1,0
18496,2025-04-26,14:30,2025. ÉVI AMATŐR KUPA II. FUTAMA HENDIKEP,5564,Valentino,3,I.,11.4,0
18496,2025-04-26,14:30,2025. ÉVI AMATŐR KUPA II. FUTAMA HENDIKEP,6702,Ezigen,4,II.,3.5,0
18496,2025-04-26,14:30,2025. ÉVI AMATŐR KUPA II. FUTAMA HENDIKEP,6342,Carlos Fox,5,III.,3.2,0
18496,2025-04-26,14:30,2025. ÉVI AMATŐR KUPA II. FUTAMA HENDIKEP,6770,Top of Climb,1,IV.,2.3,0
18496,2025-04-26,14:30,2025. ÉVI AMATŐR KUPA II. FUTAMA HENDIKEP,6877,Petra La Roque,7,V.,20.4,0
18496,2025-04-26,14:30,2025. ÉVI AMATŐR KUPA II. FUTAMA HENDIKEP,6546,Count Basie AT,2,6.,11.4,0
18496,2025-04-26,14:30,2025. ÉVI AMATŐR KUPA II. FUTAMA HENDIKEP,6153,Bing Crosby AT,6,7.,4.2,0
18489,2025-04-26,15:00,NYERETLENEK VERSENYE II. RÉSZ,7175,Fearless ASM,9,I.,11.0,0
18489,2025-04-26,15:00,NYERETLENEK VERSENYE II. RÉSZ,7130,Giovanni Fling,3,II.,2.5,0
18489,2025-04-26,15:00,NYERETLENEK VERSENYE II. RÉSZ,7329,Exclusive Adri,8,III.,7.3,0
18489,2025-04-26,15:00,NYERETLENEK VERSENYE II. RÉSZ,7109,Gaya T Boko,6,IV.,2.4,0
18489,2025-04-26,15:00,NYERETLENEK VERSENYE II. RÉSZ,7112,Ferrum Boy,1,V.,9.0,0
18489,2025-04-26,15:00,NYERETLENEK VERSENYE II. RÉSZ,7189,Galatea,5,6.,13.5,0
18489,2025-04-26,15:00,NYERETLENEK VERSENYE II. RÉSZ,7188,Győcike,2,7.,14.9,0
18489,2025-04-26,15:00,NYERETLENEK VERSENYE II. RÉSZ,7321,Joy du Bosquet,4,gal.,5.2,0
18489,2025-04-26,15:00,NYERETLENEK VERSENYE II. RÉSZ,7201,Renebell BD,7,gal.,108.1,0
18493,2025-04-26,15:32,CITY DÍJ,7173,Jula Netprice,1,I.,3.8,0
18493,2025-04-26,15:32,CITY DÍJ,6780,Eternal Flame,2,II.,5.8,0
18493,2025-04-26,15:32,CITY DÍJ,6023,Acélos Fiú,6,III.,7.2,0
18493,2025-04-26,15:32,CITY DÍJ,5906,Anybody,7,IV.,2.8,0
18493,2025-04-26,15:32,CITY DÍJ,7342,Bargecchia DR,5,V.,17.6,0
18493,2025-04-26,15:32,CITY DÍJ,7308,Ducky Baba,3,6.,5.7,0
18493,2025-04-26,15:32,CITY DÍJ,6464,Dolomit Boy,4,7.,3.0,0
18490,2025-04-26,16:02,COUSINE DÍJ,7118,Ferrari,3,I.,8.0,0
18490,2025-04-26,16:02,COUSINE DÍJ,7124,Fess Fiú,4,II.,23.1,0
18490,2025-04-26,16:02,COUSINE DÍJ,7318,Clearwater Belle,9,III.,7.4,0
18490,2025-04-26,16:02,COUSINE DÍJ,7176,Get Lucky,8,IV.,5.4,0
18490,2025-04-26,16:02,COUSINE DÍJ,6912,Fiona TIM,7,V.,2.2,0
18490,2025-04-26,16:02,COUSINE DÍJ,7104,Florentin,11,6.,11.9,0
18490,2025-04-26,16:02,COUSINE DÍJ,7370,Another Star,10,7.,37.9,0
18490,2025-04-26,16:02,COUSINE DÍJ,7269,Gloria Estefan A.T.,12,8.,3.8,0
18490,2025-04-26,16:02,COUSINE DÍJ,7330,Emilia Adri,1,9.,37.9,0
18490,2025-04-26,16:02,COUSINE DÍJ,6982,Farkasfog,2,gal.,18.1,0
18490,2025-04-26,16:02,COUSINE DÍJ,7199,Gingerly KJ,6,gal.,11.2,0
18491,2025-04-26,16:33,DELMAR DÍJ,6944,Euphoria,11,I.,2.6,0
18491,2025-04-26,16:33,DELMAR DÍJ,7034,Formula,9,II.,26.3,0
18491,2025-04-26,16:33,DELMAR DÍJ,7085,El Nino N,5,III.,6.0,0
18491,2025-04-26,16:33,DELMAR DÍJ,7114,Ginevra,10,IV.,13.6,0
18491,2025-04-26,16:33,DELMAR DÍJ,7053,Fabio,3,V.,6.0,0
18491,2025-04-26,16:33,DELMAR DÍJ,6922,Follow the Flow,4,6.,6.0,0
18491,2025-04-26,16:33,DELMAR DÍJ,7081,Fancy,8,7.,7.9,0
18491,2025-04-26,16:33,DELMAR DÍJ,6962,Flinga VT,12,8.,20.1,0
18491,2025-04-26,16:33,DELMAR DÍJ,7099,Fizető,1,9.,5.5,0
18491,2025-04-26,16:33,DELMAR DÍJ,6674,Démon Jewel GG,7,10.,17.1,0
18491,2025-04-26,16:33,DELMAR DÍJ,7110,Guinevere,2,11.,171.0,0
18491,2025-04-26,16:33,DELMAR DÍJ,7094,Full Speed,6,gal.,14.8,0
18494,2025-04-26,17:06,DELTÁS HENDIKEP,6934,Zaira LV,5,I.,4.9,0
18494,2025-04-26,17:06,DELTÁS HENDIKEP,6435,Ducks,4,II.,10.1,0
18494,2025-04-26,17:06,DELTÁS HENDIKEP,6709,Eccelenza,9,III.,8.8,0
18494,2025-04-26,17:06,DELTÁS HENDIKEP,4611,Pálinka,8,IV.,7.5,0
18494,2025-04-26,17:06,DELTÁS HENDIKEP,6057,Bitangjó,2,V.,6.3,0
18494,2025-04-26,17:06,DELTÁS HENDIKEP,6062,Best Boy,3,6.,8.4,0
18494,2025-04-26,17:06,DELTÁS HENDIKEP,6999,First Lady KJ,1,7.,11.2,0
18494,2025-04-26,17:06,DELTÁS HENDIKEP,5700,Vezér,7,8.,13.5,0
18494,2025-04-26,17:06,DELTÁS HENDIKEP,6690,Enterprise,10,9.,16.8,0
18494,2025-04-26,17:06,DELTÁS HENDIKEP,6786,Enrico Fling,6,gal.,2.3,0
18492,2025-04-26,17:40,CSÍNOM PALKÓ DÍJ,6898,Euzébió,7,I.,6.5,0
18492,2025-04-26,17:40,CSÍNOM PALKÓ DÍJ,7001,Fárosz,9,II.,2.9,0
18492,2025-04-26,17:40,CSÍNOM PALKÓ DÍJ,6973,Edoardo Ama,6,III.,12.9,0
18492,2025-04-26,17:40,CSÍNOM PALKÓ DÍJ,6928,Fenegyerek,3,IV.,2.8,0
18492,2025-04-26,17:40,CSÍNOM PALKÓ DÍJ,6787,Domperidon,5,V.,10.0,0
18492,2025-04-26,17:40,CSÍNOM PALKÓ DÍJ,6303,CR-Seven,8,6.,11.0,0
18492,2025-04-26,17:40,CSÍNOM PALKÓ DÍJ,7127,Francesca,1,7.,6.3,0
18492,2025-04-26,17:40,CSÍNOM PALKÓ DÍJ,7186,Gina Fling,2,8.,15.5,0
18492,2025-04-26,17:40,CSÍNOM PALKÓ DÍJ,6475,Discovery LW,4,9.,16.7,0
18492,2025-04-26,17:40,CSÍNOM PALKÓ DÍJ,6506,Charlie's World,10,10.,12.9,0
18495,2025-04-26,18:15,DETEKTOR HENDIKEP,6163,Bombay,10,I.,1.9,0
18495,2025-04-26,18:15,DETEKTOR HENDIKEP,6987,Fabrice,5,II.,4.9,0
18495,2025-04-26,18:15,DETEKTOR HENDIKEP,6854,Elegáns Hölgy,11,III.,5.6,0
18495,2025-04-26,18:15,DETEKTOR HENDIKEP,6052,Auróra,12,IV.,14.8,0
18495,2025-04-26,18:15,DETEKTOR HENDIKEP,6696,Édes K,8,V.,16.9,0
18495,2025-04-26,18:15,DETEKTOR HENDIKEP,5610,Winoc SB,1,6.,9.8,0
18495,2025-04-26,18:15,DETEKTOR HENDIKEP,5757,Zsofesz,4,7.,23.7,0
18495,2025-04-26,18:15,DETEKTOR HENDIKEP,6358,Calvin,9,8.,29.6,0
18495,2025-04-26,18:15,DETEKTOR HENDIKEP,5925,Anikó,2,9.,29.6,0
18495,2025-04-26,18:15,DETEKTOR HENDIKEP,6378,Chesterfield,7,10.,29.6,0
18495,2025-04-26,18:15,DETEKTOR HENDIKEP,3754,Philadelphia,3,disq.,4.5,0
18497,2025-04-26,18:50,DICSŐ HENDIKEP,6525,Big Ben Pax,4,I.,6.3,0
18497,2025-04-26,18:50,DICSŐ HENDIKEP,6066,Berill Lady,2,II.,4.8,0
18497,2025-04-26,18:50,DICSŐ HENDIKEP,5962,Zénó Boko,7,III.,4.8,0
18497,2025-04-26,18:50,DICSŐ HENDIKEP,5228,Uptown Boy M,3,IV.,7.5,0
18497,2025-04-26,18:50,DICSŐ HENDIKEP,6805,Guiness des Fanes,6,V.,7.5,0
18497,2025-04-26,18:50,DICSŐ HENDIKEP,6165,Bűbájos,5,6.,3.0,0
18497,2025-04-26,18:50,DICSŐ HENDIKEP,5894,Apollo Creed,9,7.,8.2,0
18497,2025-04-26,18:50,DICSŐ HENDIKEP,6472,Dumbledore,8,8.,5.1,0
18475,2025-04-12,13:10,Q8 KVALIFIKÁCIÓ,7321,Joy du Bosquet,4,1.,,1
18475,2025-04-12,13:10,Q8 KVALIFIKÁCIÓ,7130,Giovanni Fling,3,2.,,0
18475,2025-04-12,13:10,Q8 KVALIFIKÁCIÓ,7116,Golden Girl,2,3.,,0
18475,2025-04-12,13:10,Q8 KVALIFIKÁCIÓ,7059,Gatto,1,4.,,0
18476,2025-04-12,13:30,PRÓBAFUTAM,6787,Domperidon,3,1.,,1
18476,2025-04-12,13:30,PRÓBAFUTAM,7066,Gustavo,2,2.,,0
18476,2025-04-12,13:30,PRÓBAFUTAM,7370,Another Star,4,3.,,0
18476,2025-04-12,13:30,PRÓBAFUTAM,7194,Gyémánt Lady,1,4.,,0
18480,2025-04-12,14:00,NYERETLENEK VERSENYE,7108,Gotti,10,I.,6.9,0
18480,2025-04-12,14:00,NYERETLENEK VERSENYE,7099,Fizető,11,II.,76.8,0
18480,2025-04-12,14:00,NYERETLENEK VERSENYE,7103,Grace Kelly,4,III.,4.2,0
18480,2025-04-12,14:00,NYERETLENEK VERSENYE,7106,Gentleman Jack,5,IV.,5.9,0
18480,2025-04-12,14:00,NYERETLENEK VERSENYE,7242,Golden Rose OZ,3,V.,2.5,0
18480,2025-04-12,14:00,NYERETLENEK VERSENYE,6982,Farkasfog,9,6.,9.6,0
18480,2025-04-12,14:00,NYERETLENEK VERSENYE,6057,Bitangjó,12,7.,,0
18480,2025-04-12,14:00,NYERETLENEK VERSENYE,7082,Fire Bird,8,8.,8.5,0
18480,2025-04-12,14:00,NYERETLENEK VERSENYE,7086,Fakta,2,9.,7.6,0
18480,2025-04-12,14:00,NYERETLENEK VERSENYE,7168,God save the Queen,6,10.,7.6,0
18480,2025-04-12,14:00,NYERETLENEK VERSENYE,7189,Galatea,1,gal.,,0
18480,2025-04-12,14:00,NYERETLENEK VERSENYE,7193,Grazia,7,disq.,25.6,0
18482,2025-04-12,14:30,TAYLOR BOKO HENDIKEP,6702,Ezigen,4,I.,2.1,0
18482,2025-04-12,14:30,TAYLOR BOKO HENDIKEP,6987,Fabrice,2,II.,2.8,0
18482,2025-04-12,14:30,TAYLOR BOKO HENDIKEP,6782,Downtown Girl M,6,III.,9.3,0
18482,2025-04-12,14:30,TAYLOR BOKO HENDIKEP,6119,Firefly Shadow,3,IV.,5.4,0
18482,2025-04-12,14:30,TAYLOR BOKO HENDIKEP,6696,Édes K,7,V.,16.3,0
18482,2025-04-12,14:30,TAYLOR BOKO HENDIKEP,6507,Despasito,5,gal.,3.4,0
18482,2025-04-12,14:30,TAYLOR BOKO HENDIKEP,5856,Donia d'Aunay,8,gal.,,0
18479,2025-04-12,15:00,UNDERPAID HANOVER DÍJ,6731,Daytona Spav,2,I.,2.4,0
18479,2025-04-12,15:00,UNDERPAID HANOVER DÍJ,6514,El Valle Sagrado,1,II.,2.4,0
18479,2025-04-12,15:00,UNDERPAID HANOVER DÍJ,7279,Igor de Vrie,8,III.,2.1,0
18479,2025-04-12,15:00,UNDERPAID HANOVER DÍJ,6308,Csábító R.,5,IV.,16.0,0
18479,2025-04-12,15:00,UNDERPAID HANOVER DÍJ,7336,Extra George,4,V.,23.6,0
18479,2025-04-12,15:00,UNDERPAID HANOVER DÍJ,6472,Dumbledore,6,6.,44.6,0
18479,2025-04-12,15:00,UNDERPAID HANOVER DÍJ,7384,Kasane du Hautvent,3,gal.,29.7,0
18479,2025-04-12,15:00,UNDERPAID HANOVER DÍJ,6261,Be Happy,7,gal.,25.9,0
18481,2025-04-12,15:34,WHAT A MAN DÍJ,6983,Fondorlat,6,I.,21.2,0
18481,2025-04-12,15:34,WHAT A MAN DÍJ,7060,Filthy Rich,4,II.,5.3,0
18481,2025-04-12,15:34,WHAT A MAN DÍJ,7124,Fess Fiú,1,III.,28.3,0
18481,2025-04-12,15:34,WHAT A MAN DÍJ,7318,Clearwater Belle,2,IV.,85.0,0
18481,2025-04-12,15:34,WHAT A MAN DÍJ,6995,Fany,12,V.,42.5,0
18481,2025-04-12,15:34,WHAT A MAN DÍJ,7149,Füge M,9,6.,14.1,0
18481,2025-04-12,15:34,WHAT A MAN DÍJ,7247,Fancy Jet,11,7.,7.0,0
18481,2025-04-12,15:34,WHAT A MAN DÍJ,6992,Finiselj!,10,8.,5.6,0
18481,2025-04-12,15:34,WHAT A MAN DÍJ,7187,Genesis,5,9.,4.0,0
18481,2025-04-12,15:34,WHAT A MAN DÍJ,7110,Guinevere,8,10.,42.5,0
18481,2025-04-12,15:34,WHAT A MAN DÍJ,6924,Felix Charme,3,gal.,17.0,0
18481,2025-04-12,15:34,WHAT A MAN DÍJ,7177,Senorita,7,gal.,2.2,0
18478,2025-04-12,16:02,RINETTE STREAMLINE DÍJ,6986,Face to face,2,I.,1.5,0
18478,2025-04-12,16:02,RINETTE STREAMLINE DÍJ,6928,Fenegyerek,8,II.,9.5,0
18478,2025-04-12,16:02,RINETTE STREAMLINE DÍJ,7255,Top Hill,4,III.,14.9,0
18478,2025-04-12,16:02,RINETTE STREAMLINE DÍJ,6727,Västerbo No Edge,3,IV.,34.9,0
18478,2025-04-12,16:02,RINETTE STREAMLINE DÍJ,7289,Sinatra A.T.,7,V.,17.4,0
18478,2025-04-12,16:02,RINETTE STREAMLINE DÍJ,7186,Gina Fling,5,6.,10.4,0
18478,2025-04-12,16:02,RINETTE STREAMLINE DÍJ,6751,Emilio Family,10,7.,,0
18478,2025-04-12,16:02,RINETTE STREAMLINE DÍJ,6878,Éden Evo,6,gal.,4.9,0
18478,2025-04-12,16:02,RINETTE STREAMLINE DÍJ,6943,Elizabeth Boss,9,gal.,3.6,0
18483,2025-04-12,16:30,2025. ÉVI SEGÉDHAJTÓ KUPA II. FUTAMA HENDIKEP,6703,Etalon N,4,I.,6.2,0
18483,2025-04-12,16:30,2025. ÉVI SEGÉDHAJTÓ KUPA II. FUTAMA HENDIKEP,6305,Csikós,6,II.,6.2,0
18483,2025-04-12,16:30,2025. ÉVI SEGÉDHAJTÓ KUPA II. FUTAMA HENDIKEP,6343,Chicago,3,III.,18.7,0
18483,2025-04-12,16:30,2025. ÉVI SEGÉDHAJTÓ KUPA II. FUTAMA HENDIKEP,6080,Boszi,7,IV.,6.2,0
18483,2025-04-12,16:30,2025. ÉVI SEGÉDHAJTÓ KUPA II. FUTAMA HENDIKEP,6051,Briliáns BD,1,V.,18.7,0
18483,2025-04-12,16:30,2025. ÉVI SEGÉDHAJTÓ KUPA II. FUTAMA HENDIKEP,5730,Magic Bucks,2,6.,37.4,0
18483,2025-04-12,16:30,2025. ÉVI SEGÉDHAJTÓ KUPA II. FUTAMA HENDIKEP,6378,Chesterfield,5,7táv.,18.7,0
18483,2025-04-12,16:30,2025. ÉVI SEGÉDHAJTÓ KUPA II. FUTAMA HENDIKEP,5564,Valentino,8,gal.,1.2,0
18485,2025-04-12,17:00,UKIYA HENDIKEP,6331,Charming Boy,6,I.,11.6,0
18485,2025-04-12,17:00,UKIYA HENDIKEP,6624,My Dyla LV,4,II.,1.0,0
18485,2025-04-12,17:00,UKIYA HENDIKEP,6617,Diófás,3,III.,12.3,0
18485,2025-04-12,17:00,UKIYA HENDIKEP,6165,Bűbájos,1,IV.,26.5,0
18485,2025-04-12,17:00,UKIYA HENDIKEP,5905,Adamo Fling,5,V.,26.5,0
18485,2025-04-12,17:00,UKIYA HENDIKEP,5725,Zente,2,gal.,18.5,0
18477,2025-04-12,17:30,PULAY KORNÉL EMLÉKVERSENY,6783,Enjoy,5,I.,1.2,0
18477,2025-04-12,17:30,PULAY KORNÉL EMLÉKVERSENY,6318,Bonaparte Boss,3,II.,3.2,0
18477,2025-04-12,17:30,PULAY KORNÉL EMLÉKVERSENY,7163,Zacapa U.S.,6,III.,19.4,0
18477,2025-04-12,17:30,PULAY KORNÉL EMLÉKVERSENY,6903,Cardenas Baba,1,IV.,6.6,0
18477,2025-04-12,17:30,PULAY KORNÉL EMLÉKVERSENY,6954,Palace Bo,7,V.,9.3,0
18477,2025-04-12,17:30,PULAY KORNÉL EMLÉKVERSENY,7332,Vulcano NP,2,6.,71.4,0
18477,2025-04-12,17:30,PULAY KORNÉL EMLÉKVERSENY,6855,Eternity Bar,4,gal.,19.4,0
18484,2025-04-12,18:00,MILLIONDOLLAR LUX HENDIKEP,7171,Peter Piper,6,I.,6.3,0
18484,2025-04-12,18:00,MILLIONDOLLAR LUX HENDIKEP,5960,Ann Bella M,4,II.,3.5,0
18484,2025-04-12,18:00,MILLIONDOLLAR LUX HENDIKEP,5288,Usain,7,III.,1.4,0
18484,2025-04-12,18:00,MILLIONDOLLAR LUX HENDIKEP,6438,Danny DeVito,2,IV.,10.3,0
18484,2025-04-12,18:00,MILLIONDOLLAR LUX HENDIKEP,6679,Inforgettable,1,V.,55.0,0
18484,2025-04-12,18:00,MILLIONDOLLAR LUX HENDIKEP,5504,Vakarcs RG,5,6.,11.0,0
18484,2025-04-12,18:00,MILLIONDOLLAR LUX HENDIKEP,6442,Dulcinea del Toboso,3,gal.,6.8,0
18465,2025-04-05,13:10,Q7 KVALIFIKÁCIÓ,7112,Ferrum Boy,2,1.,,1
18465,2025-04-05,13:10,Q7 KVALIFIKÁCIÓ,7116,Golden Girl,1,2.,,0
18466,2025-04-05,13:30,PRÓBAFUTAM,6318,Bonaparte Boss,4,1.,,1
18466,2025-04-05,13:30,PRÓBAFUTAM,7177,Senorita,2,2.,,0
18466,2025-04-05,13:30,PRÓBAFUTAM,7186,Gina Fling,1,3.,,0
18466,2025-04-05,13:30,PRÓBAFUTAM,6506,Charlie's World,5,4.,,0
18466,2025-04-05,13:30,PRÓBAFUTAM,6345,Berna Queen M,3,5.,,0
18467,2025-04-05,14:01,NÁRCISZ DÍJ,7128,Funny Girl,5,I.,2.4,0
18467,2025-04-05,14:01,NÁRCISZ DÍJ,7167,Gainsville,8,II.,2.9,0
18467,2025-04-05,14:01,NÁRCISZ DÍJ,7109,Gaya T Boko,1,III.,6.2,0
18467,2025-04-05,14:01,NÁRCISZ DÍJ,7106,Gentleman Jack,4,IV.,5.5,0
18467,2025-04-05,14:01,NÁRCISZ DÍJ,7329,Exclusive Adri,3,V.,16.5,0
18467,2025-04-05,14:01,NÁRCISZ DÍJ,7330,Emilia Adri,6,6.,16.5,0
18467,2025-04-05,14:01,NÁRCISZ DÍJ,7365,Discovery,9,7.,6.2,0
18467,2025-04-05,14:01,NÁRCISZ DÍJ,7188,Győcike,2,8.,49.6,0
18467,2025-04-05,14:01,NÁRCISZ DÍJ,7197,Flawless Hope,10,9.,12.4,0
18471,2025-04-05,14:30,NAPOLETANA HENDIKEP,6919,Fermina Daza,4,I.,11.5,0
18471,2025-04-05,14:30,NAPOLETANA HENDIKEP,5721,Zippy Boy,8,II.,1.4,0
18471,2025-04-05,14:30,NAPOLETANA HENDIKEP,6131,Bulibáró,5,III.,21.3,0
18471,2025-04-05,14:30,NAPOLETANA HENDIKEP,6336,Allegro Barbaro,3,IV.,4.5,0
18471,2025-04-05,14:30,NAPOLETANA HENDIKEP,5695,Vinifera M,6,V.,9.3,0
18471,2025-04-05,14:30,NAPOLETANA HENDIKEP,6999,First Lady KJ,2,gal.,7.8,0
18471,2025-04-05,14:30,NAPOLETANA HENDIKEP,5856,Donia d'Aunay,7,gal.,5.1,0
18472,2025-04-05,15:00,NÁDOR HENDIKEP,5288,Usain,2,I.,2.9,0
18472,2025-04-05,15:00,NÁDOR HENDIKEP,6328,Credit Card,6,II.,6.0,0
18472,2025-04-05,15:00,NÁDOR HENDIKEP,6299,Beyond The Limits,7,III.,6.6,0
18472,2025-04-05,15:00,NÁDOR HENDIKEP,6307,Csípkedd Magad!,5,IV.,4.2,0
18472,2025-04-05,15:00,NÁDOR HENDIKEP,6546,Count Basie AT,4,V.,3.4,0
18472,2025-04-05,15:00,NÁDOR HENDIKEP,5990,Aranyérem M,1,6.,127.1,0
18472,2025-04-05,15:00,NÁDOR HENDIKEP,6305,Csikós,3,7.,3.5,0
18468,2025-04-05,15:30,LA FEMITA DÍJ,6944,Euphoria,6,I.,2.9,0
18468,2025-04-05,15:30,LA FEMITA DÍJ,7290,Elisa,2,II.,2.1,0
18468,2025-04-05,15:30,LA FEMITA DÍJ,6992,Finiselj!,1,III.,4.3,0
18468,2025-04-05,15:30,LA FEMITA DÍJ,7081,Fancy,5,IV.,7.1,0
18468,2025-04-05,15:30,LA FEMITA DÍJ,6674,Démon Jewel GG,3,V.,15.7,0
18468,2025-04-05,15:30,LA FEMITA DÍJ,7114,Ginevra,7,6.,7.8,0
18468,2025-04-05,15:30,LA FEMITA DÍJ,7094,Full Speed,4,7.,8.7,0
18468,2025-04-05,15:30,LA FEMITA DÍJ,7175,Fearless ASM,8,8táv.,,0
18473,2025-04-05,16:00,AMATŐRVERSENY HENDIKEP,6617,Diófás,5,I.,4.0,0
18473,2025-04-05,16:00,AMATŐRVERSENY HENDIKEP,5325,Ultimate Force,3,II.,5.5,0
18473,2025-04-05,16:00,AMATŐRVERSENY HENDIKEP,6692,Excellence,2,III.,14.4,0
18473,2025-04-05,16:00,AMATŐRVERSENY HENDIKEP,5962,Zénó Boko,7,IV.,7.2,0
18473,2025-04-05,16:00,AMATŐRVERSENY HENDIKEP,6525,Big Ben Pax,6,V.,2.2,0
18473,2025-04-05,16:00,AMATŐRVERSENY HENDIKEP,6342,Carlos Fox,1,6táv.,8.0,0
18473,2025-04-05,16:00,AMATŐRVERSENY HENDIKEP,6441,Diána Gull,4,kih.,3.7,0
18474,2025-04-05,16:30,LEPKE HENDIKEP,6021,Anna,7,I.,2.4,0
18474,2025-04-05,16:30,LEPKE HENDIKEP,6003,Ambrosia Gielle,4,II.,7.4,0
18474,2025-04-05,16:30,LEPKE HENDIKEP,6153,Bing Crosby AT,5,III.,9.0,0
18474,2025-04-05,16:30,LEPKE HENDIKEP,6052,Auróra,1,IV.,3.0,0
18474,2025-04-05,16:30,LEPKE HENDIKEP,5504,Vakarcs RG,6,V.,11.6,0
18474,2025-04-05,16:30,LEPKE HENDIKEP,6657,Dreamer,2,gal.,6.2,0
18474,2025-04-05,16:30,LEPKE HENDIKEP,5531,Very Nice Photo,3,gal.,4.0,0
18470,2025-04-05,17:00,KÖVET DÍJ,6023,Acélos Fiú,5,I.,4.3,0
18470,2025-04-05,17:00,KÖVET DÍJ,5906,Anybody,6,II.,2.4,0
18470,2025-04-05,17:00,KÖVET DÍJ,6121,Farya BD,3,III.,10.6,0
18470,2025-04-05,17:00,KÖVET DÍJ,6780,Eternal Flame,4,IV.,9.4,0
18470,2025-04-05,17:00,KÖVET DÍJ,6308,Csábító R.,2,V.,3.8,0
18470,2025-04-05,17:00,KÖVET DÍJ,6901,Eastwood,1,gal.,2.6,0
18469,2025-04-05,17:30,LIL DÍJ,7127,Francesca,4,I.,2.8,0
18469,2025-04-05,17:30,LIL DÍJ,6703,Etalon N,1,II.,7.9,0
18469,2025-04-05,17:30,LIL DÍJ,6704,Emerald,5,III.,4.8,0
18469,2025-04-05,17:30,LIL DÍJ,7105,Gomez de Boko,3,IV.,9.0,0
18469,2025-04-05,17:30,LIL DÍJ,6861,Emeli Sandé A.T.,7,V.,9.0,0
18469,2025-04-05,17:30,LIL DÍJ,6973,Edoardo Ama,6,kih.,4.8,0
18469,2025-04-05,17:30,LIL DÍJ,6778,Dancing Lady,2,gal.,2.7,0
18455,2025-03-29,12:30,PRÓBAFUTAM,7001,Fárosz,3,1.,,1
18455,2025-03-29,12:30,PRÓBAFUTAM,6153,Bing Crosby AT,4,2.,,0
18455,2025-03-29,12:30,PRÓBAFUTAM,7365,Discovery,6,3.,,0
18455,2025-03-29,12:30,PRÓBAFUTAM,7114,Ginevra,2,4.,,0
18455,2025-03-29,12:30,PRÓBAFUTAM,7176,Get Lucky,1,5.,,0
18456,2025-03-29,13:03,NYERETLENEK VERSENYE I. RÉSZ,7330,Emilia Adri,8,I.,9.9,0
18456,2025-03-29,13:03,NYERETLENEK VERSENYE I. RÉSZ,7193,Grazia,4,II.,2.9,0
18456,2025-03-29,13:03,NYERETLENEK VERSENYE I. RÉSZ,7240,Gana Ris,6,III.,9.9,0
18456,2025-03-29,13:03,NYERETLENEK VERSENYE I. RÉSZ,7103,Grace Kelly,7,IV.,5.9,0
18456,2025-03-29,13:03,NYERETLENEK VERSENYE I. RÉSZ,7242,Golden Rose OZ,5,V.,1.6,0
18456,2025-03-29,13:03,NYERETLENEK VERSENYE I. RÉSZ,7201,Renebell BD,3,6.,14.9,0
18456,2025-03-29,13:03,NYERETLENEK VERSENYE I. RÉSZ,7244,Coco,1,7.,9.9,0
18456,2025-03-29,13:03,NYERETLENEK VERSENYE I. RÉSZ,7125,Florenza,2,8.,,0
18461,2025-03-29,13:30,ASZKÉTA HENDIKEP,6438,Danny DeVito,4,I.,5.5,0
18461,2025-03-29,13:30,ASZKÉTA HENDIKEP,6299,Beyond The Limits,10,II.,2.5,0
18461,2025-03-29,13:30,ASZKÉTA HENDIKEP,6358,Calvin,9,III.,11.1,0
18461,2025-03-29,13:30,ASZKÉTA HENDIKEP,6919,Fermina Daza,2,IV.,33.3,0
18461,2025-03-29,13:30,ASZKÉTA HENDIKEP,5925,Anikó,11,V.,6.0,0
18461,2025-03-29,13:30,ASZKÉTA HENDIKEP,5695,Vinifera M,1,6.,22.2,0
18461,2025-03-29,13:30,ASZKÉTA HENDIKEP,5955,Atom Maki,8,7.,4.4,0
18461,2025-03-29,13:30,ASZKÉTA HENDIKEP,5721,Zippy Boy,5,8.,7.4,0
18461,2025-03-29,13:30,ASZKÉTA HENDIKEP,7035,Firkó,6,9.,9.5,0
18461,2025-03-29,13:30,ASZKÉTA HENDIKEP,5270,Une Dame,7,10.,9.5,0
18462,2025-03-29,14:00,2025. ÉVI KINCSEM PARK KUPA II. FUTAMA HENDIKEP,6770,Top of Climb,5,I.,2.1,0
18462,2025-03-29,14:00,2025. ÉVI KINCSEM PARK KUPA II. FUTAMA HENDIKEP,5564,Valentino,7,II.,4.2,0
18462,2025-03-29,14:00,2025. ÉVI KINCSEM PARK KUPA II. FUTAMA HENDIKEP,6702,Ezigen,2,III.,5.7,0
18462,2025-03-29,14:00,2025. ÉVI KINCSEM PARK KUPA II. FUTAMA HENDIKEP,6679,Inforgettable,8,IV.,9.6,0
18462,2025-03-29,14:00,2025. ÉVI KINCSEM PARK KUPA II. FUTAMA HENDIKEP,5904,Australian Gold,4,V.,19.2,0
18462,2025-03-29,14:00,2025. ÉVI KINCSEM PARK KUPA II. FUTAMA HENDIKEP,6307,Csípkedd Magad!,6,6.,3.1,0
18462,2025-03-29,14:00,2025. ÉVI KINCSEM PARK KUPA II. FUTAMA HENDIKEP,6435,Ducks,3,7.,16.5,0
18462,2025-03-29,14:00,2025. ÉVI KINCSEM PARK KUPA II. FUTAMA HENDIKEP,6690,Enterprise,9,8.,16.5,0
18462,2025-03-29,14:00,2025. ÉVI KINCSEM PARK KUPA II. FUTAMA HENDIKEP,5610,Winoc SB,1,9.,115.6,0
18457,2025-03-29,14:30,NYERETLENEK VERSENYE II. RÉSZ,7128,Funny Girl,4,I.,1.7,0
18457,2025-03-29,14:30,NYERETLENEK VERSENYE II. RÉSZ,7098,Fernando,7,II.,12.0,0
18457,2025-03-29,14:30,NYERETLENEK VERSENYE II. RÉSZ,7241,Gigant Ris,5,III.,3.0,0
18457,2025-03-29,14:30,NYERETLENEK VERSENYE II. RÉSZ,7309,Goldina Amok,1,IV.,6.3,0
18457,2025-03-29,14:30,NYERETLENEK VERSENYE II. RÉSZ,7086,Fakta,8,V.,46.3,0
18457,2025-03-29,14:30,NYERETLENEK VERSENYE II. RÉSZ,7329,Exclusive Adri,6,6.,17.0,0
18457,2025-03-29,14:30,NYERETLENEK VERSENYE II. RÉSZ,7198,Gabrielle,3,7.,6.7,0
18457,2025-03-29,14:30,NYERETLENEK VERSENYE II. RÉSZ,7188,Győcike,2,gal.,12.0,0
18459,2025-03-29,15:00,ANIKÓ STAR DÍJ,6986,Face to face,2,I.,1.4,0
18459,2025-03-29,15:00,ANIKÓ STAR DÍJ,6700,Escobar,8,II.,7.4,0
18459,2025-03-29,15:00,ANIKÓ STAR DÍJ,6987,Fabrice,6,III.,7.4,0
18459,2025-03-29,15:00,ANIKÓ STAR DÍJ,6965,Felhők felett,5,IV.,9.4,0
18459,2025-03-29,15:00,ANIKÓ STAR DÍJ,6692,Excellence,4,V.,32.0,0
18459,2025-03-29,15:00,ANIKÓ STAR DÍJ,6878,Éden Evo,7,6.,6.4,0
18459,2025-03-29,15:00,ANIKÓ STAR DÍJ,6962,Flinga VT,1,7.,13.9,0
18459,2025-03-29,15:00,ANIKÓ STAR DÍJ,6920,Fliegauf,3,8.,7.2,0
18458,2025-03-29,15:30,ANDY YANKEE DÍJ,7053,Fabio,5,I.,1.8,0
18458,2025-03-29,15:30,ANDY YANKEE DÍJ,6983,Fondorlat,3,II.,27.8,0
18458,2025-03-29,15:30,ANDY YANKEE DÍJ,7099,Fizető,1,III.,,0
18458,2025-03-29,15:30,ANDY YANKEE DÍJ,6966,Eagle GG,4,IV.,10.3,0
18458,2025-03-29,15:30,ANDY YANKEE DÍJ,7197,Flawless Hope,9,V.,9.9,0
18458,2025-03-29,15:30,ANDY YANKEE DÍJ,7104,Florentin,7,6.,7.9,0
18458,2025-03-29,15:30,ANDY YANKEE DÍJ,6057,Bitangjó,10,7.,278.8,0
18458,2025-03-29,15:30,ANDY YANKEE DÍJ,7124,Fess Fiú,2,gal.,16.4,0
18458,2025-03-29,15:30,ANDY YANKEE DÍJ,6999,First Lady KJ,8,gal.,278.8,0
18458,2025-03-29,15:30,ANDY YANKEE DÍJ,6751,Emilio Family,11,gal.,39.8,0
18458,2025-03-29,15:30,ANDY YANKEE DÍJ,7060,Filthy Rich,6,disq.,2.1,0
18464,2025-03-29,16:00,ÁMOKFUTÓ HENDIKEP,5725,Zente,10,I.,14.4,0
18464,2025-03-29,16:00,ÁMOKFUTÓ HENDIKEP,6929,Fendi,2,II.,5.3,0
18464,2025-03-29,16:00,ÁMOKFUTÓ HENDIKEP,6228,Creatine,9,III.,4.4,0
18464,2025-03-29,16:00,ÁMOKFUTÓ HENDIKEP,6342,Carlos Fox,5,IV.,2.2,0
18464,2025-03-29,16:00,ÁMOKFUTÓ HENDIKEP,6805,Guiness des Fanes,7,V.,5.6,0
18464,2025-03-29,16:00,ÁMOKFUTÓ HENDIKEP,6068,Balerina R.,3,6.,60.0,0
18464,2025-03-29,16:00,ÁMOKFUTÓ HENDIKEP,5325,Ultimate Force,1,7.,12.2,0
18464,2025-03-29,16:00,ÁMOKFUTÓ HENDIKEP,6360,Chip Chip Chip,8,8.,4.5,0
18464,2025-03-29,16:00,ÁMOKFUTÓ HENDIKEP,6350,Grand Illusion,6,9.,40.0,0
18464,2025-03-29,16:00,ÁMOKFUTÓ HENDIKEP,6909,Treue,4,gal.,48.0,0
18463,2025-03-29,16:30,ADDICTED HENDIKEP,6617,Diófás,5,I.,11.6,0
18463,2025-03-29,16:30,ADDICTED HENDIKEP,6066,Berill Lady,9,II.,1.6,0
18463,2025-03-29,16:30,ADDICTED HENDIKEP,7171,Peter Piper,4,III.,2.5,0
18463,2025-03-29,16:30,ADDICTED HENDIKEP,6877,Petra La Roque,2,IV.,14.6,0
18463,2025-03-29,16:30,ADDICTED HENDIKEP,6328,Credit Card,3,V.,25.0,0
18463,2025-03-29,16:30,ADDICTED HENDIKEP,5795,Zara Mia,6,6.,9.2,0
18463,2025-03-29,16:30,ADDICTED HENDIKEP,6459,Diamond Ville,8,7.,7.9,0
18463,2025-03-29,16:30,ADDICTED HENDIKEP,5757,Zsofesz,1,8.,19.4,0
18460,2025-03-29,17:00,APANÁZS DÍJ,6898,Euzébió,2,I.,7.7,0
18460,2025-03-29,17:00,APANÁZS DÍJ,6943,Elizabeth Boss,1,II.,3.8,0
18460,2025-03-29,17:00,APANÁZS DÍJ,6864,In Love Danover,3,III.,5.5,0
18460,2025-03-29,17:00,APANÁZS DÍJ,7173,Jula Netprice,7,IV.,3.8,0
18460,2025-03-29,17:00,APANÁZS DÍJ,6472,Dumbledore,5,V.,1.8,0
18460,2025-03-29,17:00,APANÁZS DÍJ,5894,Apollo Creed,6,6táv.,8.9,0
18444,2025-03-16,12:15,Q5 KVALIFIKÁCIÓ,7128,Funny Girl,1,1.,,1
18445,2025-03-16,12:30,PRÓBAFUTAM,7197,Flawless Hope,1,1.,,1
18449,2025-03-16,13:05,WISS SHADOW DÍJ,6922,Follow the Flow,7,I.,1.9,0
18449,2025-03-16,13:05,WISS SHADOW DÍJ,7168,God save the Queen,2,II.,4.9,0
18449,2025-03-16,13:05,WISS SHADOW DÍJ,6999,First Lady KJ,5,III.,,0
18449,2025-03-16,13:05,WISS SHADOW DÍJ,7149,Füge M,6,IV.,8.5,0
18449,2025-03-16,13:05,WISS SHADOW DÍJ,6674,Démon Jewel GG,9,V.,17.1,0
18449,2025-03-16,13:05,WISS SHADOW DÍJ,7124,Fess Fiú,3,6.,13.7,0
18449,2025-03-16,13:05,WISS SHADOW DÍJ,6966,Eagle GG,4,7.,6.8,0
18449,2025-03-16,13:05,WISS SHADOW DÍJ,7034,Formula,10,8.,8.5,0
18449,2025-03-16,13:05,WISS SHADOW DÍJ,7110,Guinevere,8,9.,17.1,0
18449,2025-03-16,13:05,WISS SHADOW DÍJ,7330,Emilia Adri,1,gal.,5.2,0
18452,2025-03-16,13:34,ZSELNICE HENDIKEP,6303,CR-Seven,9,I.,1.9,0
18452,2025-03-16,13:34,ZSELNICE HENDIKEP,5831,King's Call,4,II.,4.1,0
18452,2025-03-16,13:34,ZSELNICE HENDIKEP,5960,Ann Bella M,2,III.,9.5,0
18452,2025-03-16,13:34,ZSELNICE HENDIKEP,6068,Balerina R.,10,IV.,11.1,0
18452,2025-03-16,13:34,ZSELNICE HENDIKEP,6442,Dulcinea del Toboso,5,V.,13.3,0
18452,2025-03-16,13:34,ZSELNICE HENDIKEP,5962,Zénó Boko,8,6.,9.5,0
18452,2025-03-16,13:34,ZSELNICE HENDIKEP,4968,Titus Livius,1,7.,16.6,0
18452,2025-03-16,13:34,ZSELNICE HENDIKEP,5228,Uptown Boy M,7,8.,6.6,0
18452,2025-03-16,13:34,ZSELNICE HENDIKEP,5531,Very Nice Photo,3,9.,8.3,0
18452,2025-03-16,13:34,ZSELNICE HENDIKEP,6047,Baraka SS,6,disq.,,0
18448,2025-03-16,14:08,FRANKENSTEIN DÍJ,6912,Fiona TIM,8,I.,2.2,0
18448,2025-03-16,14:08,FRANKENSTEIN DÍJ,6982,Farkasfog,7,II.,,0
18448,2025-03-16,14:08,FRANKENSTEIN DÍJ,7106,Gentleman Jack,4,III.,3.4,0
18448,2025-03-16,14:08,FRANKENSTEIN DÍJ,7193,Grazia,3,IV.,2.9,0
18448,2025-03-16,14:08,FRANKENSTEIN DÍJ,7082,Fire Bird,5,V.,5.2,0
18448,2025-03-16,14:08,FRANKENSTEIN DÍJ,7086,Fakta,6,6.,15.8,0
18448,2025-03-16,14:08,FRANKENSTEIN DÍJ,7088,Faella BD,1,7táv.,5.9,0
18453,2025-03-16,14:36,ALEXANDER BRODY EMLÉKVERSENY,6901,Eastwood,6,I.,2.3,0
18453,2025-03-16,14:36,ALEXANDER BRODY EMLÉKVERSENY,6973,Edoardo Ama,5,II.,3.3,0
18453,2025-03-16,14:36,ALEXANDER BRODY EMLÉKVERSENY,6727,Västerbo No Edge,3,III.,9.6,0
18453,2025-03-16,14:36,ALEXANDER BRODY EMLÉKVERSENY,6657,Dreamer,2,IV.,7.4,0
18453,2025-03-16,14:36,ALEXANDER BRODY EMLÉKVERSENY,6936,Aaron LV,1,V.,8.4,0
18453,2025-03-16,14:36,ALEXANDER BRODY EMLÉKVERSENY,6943,Elizabeth Boss,4,gal.,2.5,0
18447,2025-03-16,15:04,TAVASZI HENDIKEP,6898,Euzébió,2,I.,16.0,0
18447,2025-03-16,15:04,TAVASZI HENDIKEP,7171,Peter Piper,5,II.,1.9,0
18447,2025-03-16,15:04,TAVASZI HENDIKEP,5757,Zsofesz,3,III.,5.7,0
18447,2025-03-16,15:04,TAVASZI HENDIKEP,6299,Beyond The Limits,1,IV.,20.0,0
18447,2025-03-16,15:04,TAVASZI HENDIKEP,6518,Lolly Pop,7,V.,26.7,0
18447,2025-03-16,15:04,TAVASZI HENDIKEP,6021,Anna,6,6.,5.0,0
18447,2025-03-16,15:04,TAVASZI HENDIKEP,6992,Finiselj!,4,gal.,2.2,0
18450,2025-03-16,15:33,LÉZER HENDIKEP,6786,Enrico Fling,1,I.,2.1,0
18450,2025-03-16,15:33,LÉZER HENDIKEP,5536,Winner Boy,9,II.,4.5,0
18450,2025-03-16,15:33,LÉZER HENDIKEP,5925,Anikó,5,III.,7.3,0
18450,2025-03-16,15:33,LÉZER HENDIKEP,6782,Downtown Girl M,10,IV.,14.6,0
18450,2025-03-16,15:33,LÉZER HENDIKEP,6919,Fermina Daza,2,V.,18.3,0
18450,2025-03-16,15:33,LÉZER HENDIKEP,6438,Danny DeVito,4,6.,7.3,0
18450,2025-03-16,15:33,LÉZER HENDIKEP,5247,Universal Boy,7,7.,7.3,0
18450,2025-03-16,15:33,LÉZER HENDIKEP,5270,Une Dame,6,8.,14.6,0
18450,2025-03-16,15:33,LÉZER HENDIKEP,6131,Bulibáró,3,9.,8.1,0
18450,2025-03-16,15:33,LÉZER HENDIKEP,6213,Farinelli,8,tü.,14.6,0
18446,2025-03-16,16:04,BRÓDY JÁNOS EMLÉKVERSENY,6514,El Valle Sagrado,1,I.,10.6,0
18446,2025-03-16,16:04,BRÓDY JÁNOS EMLÉKVERSENY,6783,Enjoy,9,II.,2.2,0
18446,2025-03-16,16:04,BRÓDY JÁNOS EMLÉKVERSENY,6954,Palace Bo,4,III.,16.5,0
18446,2025-03-16,16:04,BRÓDY JÁNOS EMLÉKVERSENY,6903,Cardenas Baba,8,IV.,3.6,0
18446,2025-03-16,16:04,BRÓDY JÁNOS EMLÉKVERSENY,7163,Zacapa U.S.,5,V.,10.8,0
18446,2025-03-16,16:04,BRÓDY JÁNOS EMLÉKVERSENY,6300,Catania R.,6,6.,23.0,0
18446,2025-03-16,16:04,BRÓDY JÁNOS EMLÉKVERSENY,7342,Bargecchia DR,3,7.,138.0,0
18446,2025-03-16,16:04,BRÓDY JÁNOS EMLÉKVERSENY,7332,Vulcano NP,10,8.,69.0,0
18446,2025-03-16,16:04,BRÓDY JÁNOS EMLÉKVERSENY,6731,Daytona Spav,2,gal.,3.3,0
18446,2025-03-16,16:04,BRÓDY JÁNOS EMLÉKVERSENY,6855,Eternity Bar,7,gal.,7.2,0
18451,2025-03-16,16:31,IVIZA SUN HENDIKEP,6962,Flinga VT,8,I.,2.0,0
18451,2025-03-16,16:31,IVIZA SUN HENDIKEP,5795,Zara Mia,7,II.,4.4,0
18451,2025-03-16,16:31,IVIZA SUN HENDIKEP,5907,Always Winner,5,III.,6.9,0
18451,2025-03-16,16:31,IVIZA SUN HENDIKEP,6052,Auróra,2,IV.,6.1,0
18451,2025-03-16,16:31,IVIZA SUN HENDIKEP,5288,Usain,4,V.,9.7,0
18451,2025-03-16,16:31,IVIZA SUN HENDIKEP,6698,Easy Bet,6,6.,4.0,0
18451,2025-03-16,16:31,IVIZA SUN HENDIKEP,3754,Philadelphia,1,7.,9.7,0
18435,2025-03-08,12:10,Q4 KVALIFIKÁCIÓ,7166,Giannina,1,1.,,1
18434,2025-03-08,12:30,PRÓBAFUTAM,6786,Enrico Fling,3,1.,,1
18434,2025-03-08,12:30,PRÓBAFUTAM,6312,Bongiovi,4,2.,,0
18434,2025-03-08,12:30,PRÓBAFUTAM,7244,Coco,2,3.,,0
18442,2025-03-08,13:00,IPSE HENDIKEP,6330,Che Comandante,2,I.,7.2,0
18442,2025-03-08,13:00,IPSE HENDIKEP,6704,Emerald,6,II.,12.7,0
18442,2025-03-08,13:00,IPSE HENDIKEP,6328,Credit Card,3,III.,10.2,0
18442,2025-03-08,13:00,IPSE HENDIKEP,6696,Édes K,4,IV.,17.0,0
18442,2025-03-08,13:00,IPSE HENDIKEP,5570,Villeneuve,7,V.,1.3,0
18442,2025-03-08,13:00,IPSE HENDIKEP,6877,Petra La Roque,5,6.,3.9,0
18442,2025-03-08,13:00,IPSE HENDIKEP,6358,Calvin,1,7.,12.7,0
18436,2025-03-08,13:30,NYERETLEN HÁROMÉVESEK VERSENYE - SÁMSON DÍJ,7167,Gainsville,2,I.,5.1,0
18436,2025-03-08,13:30,NYERETLEN HÁROMÉVESEK VERSENYE - SÁMSON DÍJ,7242,Golden Rose OZ,5,II.,4.6,0
18436,2025-03-08,13:30,NYERETLEN HÁROMÉVESEK VERSENYE - SÁMSON DÍJ,7193,Grazia,3,III.,2.8,0
18436,2025-03-08,13:30,NYERETLEN HÁROMÉVESEK VERSENYE - SÁMSON DÍJ,7106,Gentleman Jack,7,IV.,2.8,0
18436,2025-03-08,13:30,NYERETLEN HÁROMÉVESEK VERSENYE - SÁMSON DÍJ,7103,Grace Kelly,8,V.,9.2,0
18436,2025-03-08,13:30,NYERETLEN HÁROMÉVESEK VERSENYE - SÁMSON DÍJ,7241,Gigant Ris,1,6.,,0
18436,2025-03-08,13:30,NYERETLEN HÁROMÉVESEK VERSENYE - SÁMSON DÍJ,7201,Renebell BD,4,7.,11.5,0
18436,2025-03-08,13:30,NYERETLEN HÁROMÉVESEK VERSENYE - SÁMSON DÍJ,7168,God save the Queen,6,gal.,5.7,0
18441,2025-03-08,14:00,LÁPVIRÁG HENDIKEP,5531,Very Nice Photo,5,I.,9.7,0
18441,2025-03-08,14:00,LÁPVIRÁG HENDIKEP,5795,Zara Mia,6,II.,3.2,0
18441,2025-03-08,14:00,LÁPVIRÁG HENDIKEP,5536,Winner Boy,1,III.,7.1,0
18441,2025-03-08,14:00,LÁPVIRÁG HENDIKEP,6380,Cukrom,4,IV.,7.1,0
18441,2025-03-08,14:00,LÁPVIRÁG HENDIKEP,5540,Velence R.,7,V.,26.0,0
18441,2025-03-08,14:00,LÁPVIRÁG HENDIKEP,5856,Donia d'Aunay,8,6.,11.1,0
18441,2025-03-08,14:00,LÁPVIRÁG HENDIKEP,6315,Csodabogyó,3,7.,2.3,0
18441,2025-03-08,14:00,LÁPVIRÁG HENDIKEP,6995,Fany,2,gal.,4.8,0
18441,2025-03-08,14:00,LÁPVIRÁG HENDIKEP,6378,Chesterfield,9,gal.,39.1,0
18438,2025-03-08,14:30,PÓZ DÍJ,7127,Francesca,3,I.,2.5,0
18438,2025-03-08,14:30,PÓZ DÍJ,6909,Treue,4,II.,3.9,0
18438,2025-03-08,14:30,PÓZ DÍJ,6934,Zaira LV,2,III.,13.1,0
18438,2025-03-08,14:30,PÓZ DÍJ,6920,Fliegauf,6,IV.,4.1,0
18438,2025-03-08,14:30,PÓZ DÍJ,6674,Démon Jewel GG,1,V.,11.4,0
18438,2025-03-08,14:30,PÓZ DÍJ,6703,Etalon N,8,6.,5.7,0
18438,2025-03-08,14:30,PÓZ DÍJ,6936,Aaron LV,7,gal.,8.3,0
18438,2025-03-08,14:30,PÓZ DÍJ,7105,Gomez de Boko,5,disq.,7.6,0
18443,2025-03-08,15:00,TIZEDES HENDIKEP,6360,Chip Chip Chip,1,I.,5.3,0
18443,2025-03-08,15:00,TIZEDES HENDIKEP,6805,Guiness des Fanes,3,II.,3.2,0
18443,2025-03-08,15:00,TIZEDES HENDIKEP,6342,Carlos Fox,2,III.,4.4,0
18443,2025-03-08,15:00,TIZEDES HENDIKEP,5905,Adamo Fling,4,IV.,3.7,0
18443,2025-03-08,15:00,TIZEDES HENDIKEP,6228,Creatine,6,gal.,2.0,0
18440,2025-03-08,15:30,AMATŐRVERSENY HENDIKEP,6770,Top of Climb,3,I.,5.9,0
18440,2025-03-08,15:30,AMATŐRVERSENY HENDIKEP,6507,Despasito,4,II.,4.1,0
18440,2025-03-08,15:30,AMATŐRVERSENY HENDIKEP,5904,Australian Gold,7,III.,11.1,0
18440,2025-03-08,15:30,AMATŐRVERSENY HENDIKEP,6702,Ezigen,5,IV.,1.9,0
18440,2025-03-08,15:30,AMATŐRVERSENY HENDIKEP,5721,Zippy Boy,6,V.,3.4,0
18440,2025-03-08,15:30,AMATŐRVERSENY HENDIKEP,5730,Magic Bucks,1,6.,12.5,0
18440,2025-03-08,15:30,AMATŐRVERSENY HENDIKEP,6051,Briliáns BD,2,7.,10.0,0
18439,2025-03-08,16:00,PAULOVITZ JÁNOS ÉS PAULOVICZ JÁNOS II. EMLÉKVERSENY,6864,In Love Danover,1,I.,2.8,0
18439,2025-03-08,16:00,PAULOVITZ JÁNOS ÉS PAULOVICZ JÁNOS II. EMLÉKVERSENY,5906,Anybody,9,II.,13.5,0
18439,2025-03-08,16:00,PAULOVITZ JÁNOS ÉS PAULOVICZ JÁNOS II. EMLÉKVERSENY,5894,Apollo Creed,3,III.,6.3,0
18439,2025-03-08,16:00,PAULOVITZ JÁNOS ÉS PAULOVICZ JÁNOS II. EMLÉKVERSENY,6023,Acélos Fiú,8,IV.,11.5,0
18439,2025-03-08,16:00,PAULOVITZ JÁNOS ÉS PAULOVICZ JÁNOS II. EMLÉKVERSENY,7342,Bargecchia DR,5,V.,10.9,0
18439,2025-03-08,16:00,PAULOVITZ JÁNOS ÉS PAULOVICZ JÁNOS II. EMLÉKVERSENY,6780,Eternal Flame,7,6.,6.9,0
18439,2025-03-08,16:00,PAULOVITZ JÁNOS ÉS PAULOVICZ JÁNOS II. EMLÉKVERSENY,6331,Charming Boy,2,7.,4.8,0
18439,2025-03-08,16:00,PAULOVITZ JÁNOS ÉS PAULOVICZ JÁNOS II. EMLÉKVERSENY,7173,Jula Netprice,4,8.,8.0,0
18439,2025-03-08,16:00,PAULOVITZ JÁNOS ÉS PAULOVICZ JÁNOS II. EMLÉKVERSENY,6261,Be Happy,6,9.,9.5,0
18439,2025-03-08,16:00,PAULOVITZ JÁNOS ÉS PAULOVICZ JÁNOS II. EMLÉKVERSENY,6470,Devoted,10,gal.,7.6,0
18437,2025-03-08,16:30,WIND SCOT DÍJ,6944,Euphoria,7,I.,2.5,0
18437,2025-03-08,16:30,WIND SCOT DÍJ,6966,Eagle GG,1,II.,6.7,0
18437,2025-03-08,16:30,WIND SCOT DÍJ,6922,Follow the Flow,4,III.,5.9,0
18437,2025-03-08,16:30,WIND SCOT DÍJ,7149,Füge M,5,IV.,10.5,0
18437,2025-03-08,16:30,WIND SCOT DÍJ,6336,Allegro Barbaro,8,V.,13.5,0
18437,2025-03-08,16:30,WIND SCOT DÍJ,7110,Guinevere,6,6.,5.5,0
18437,2025-03-08,16:30,WIND SCOT DÍJ,7124,Fess Fiú,2,7.,6.3,0
18437,2025-03-08,16:30,WIND SCOT DÍJ,7104,Florentin,3,gal.,3.9,0
18425,2025-03-01,12:31,PRÓBAFUTAM,6770,Top of Climb,1,1.,,1
18425,2025-03-01,12:31,PRÓBAFUTAM,5564,Valentino,3,2.,,0
18425,2025-03-01,12:31,PRÓBAFUTAM,6786,Enrico Fling,2,tü.,,0
18430,2025-03-01,13:00,CELERINA BOSS HENDIKEP,6546,Count Basie AT,4,I.,3.9,0
18430,2025-03-01,13:00,CELERINA BOSS HENDIKEP,6021,Anna,9,II.,2.7,0
18430,2025-03-01,13:00,CELERINA BOSS HENDIKEP,6052,Auróra,1,III.,3.3,0
18430,2025-03-01,13:00,CELERINA BOSS HENDIKEP,6679,Inforgettable,7,IV.,10.7,0
18430,2025-03-01,13:00,CELERINA BOSS HENDIKEP,6080,Boszi,5,V.,8.6,0
18430,2025-03-01,13:00,CELERINA BOSS HENDIKEP,5925,Anikó,2,6.,14.3,0
18430,2025-03-01,13:00,CELERINA BOSS HENDIKEP,5907,Always Winner,10,7.,53.8,0
18430,2025-03-01,13:00,CELERINA BOSS HENDIKEP,5288,Usain,6,8táv.,6.9,0
18430,2025-03-01,13:00,CELERINA BOSS HENDIKEP,5904,Australian Gold,3,gal.,21.5,0
18430,2025-03-01,13:00,CELERINA BOSS HENDIKEP,5531,Very Nice Photo,8,gal.,14.3,0
18426,2025-03-01,13:30,SZÁGULDJ! DÍJ,7060,Filthy Rich,6,I.,2.2,0
18426,2025-03-01,13:30,SZÁGULDJ! DÍJ,7082,Fire Bird,10,II.,15.1,0
18426,2025-03-01,13:30,SZÁGULDJ! DÍJ,7193,Grazia,2,III.,9.1,0
18426,2025-03-01,13:30,SZÁGULDJ! DÍJ,7201,Renebell BD,4,IV.,45.5,0
18426,2025-03-01,13:30,SZÁGULDJ! DÍJ,7189,Galatea,1,V.,45.5,0
18426,2025-03-01,13:30,SZÁGULDJ! DÍJ,7098,Fernando,7,kih.,3.2,0
18426,2025-03-01,13:30,SZÁGULDJ! DÍJ,6982,Farkasfog,5,gal.,11.3,0
18426,2025-03-01,13:30,SZÁGULDJ! DÍJ,7330,Emilia Adri,8,gal.,6.5,0
18426,2025-03-01,13:30,SZÁGULDJ! DÍJ,7086,Fakta,9,gal.,22.7,0
18426,2025-03-01,13:30,SZÁGULDJ! DÍJ,7314,Anointed,3,disq.,4.5,0
18431,2025-03-01,14:00,NELLI GULL HENDIKEP,6854,Elegáns Hölgy,9,I.,2.8,0
18431,2025-03-01,14:00,NELLI GULL HENDIKEP,6657,Dreamer,4,II.,6.0,0
18431,2025-03-01,14:00,NELLI GULL HENDIKEP,5795,Zara Mia,2,III.,2.4,0
18431,2025-03-01,14:00,NELLI GULL HENDIKEP,5960,Ann Bella M,6,IV.,22.2,0
18431,2025-03-01,14:00,NELLI GULL HENDIKEP,6703,Etalon N,8,V.,16.6,0
18431,2025-03-01,14:00,NELLI GULL HENDIKEP,6698,Easy Bet,3,6.,4.1,0
18431,2025-03-01,14:00,NELLI GULL HENDIKEP,4968,Titus Livius,5,7.,9.5,0
18431,2025-03-01,14:00,NELLI GULL HENDIKEP,5504,Vakarcs RG,7,8.,9.5,0
18429,2025-03-01,14:30,JÁVOR CLASS HENDIKEP,6992,Finiselj!,4,I.,13.8,0
18429,2025-03-01,14:30,JÁVOR CLASS HENDIKEP,5721,Zippy Boy,5,II.,2.8,0
18429,2025-03-01,14:30,JÁVOR CLASS HENDIKEP,6438,Danny DeVito,8,III.,5.3,0
18429,2025-03-01,14:30,JÁVOR CLASS HENDIKEP,6799,Exclusive Fox,1,IV.,6.9,0
18429,2025-03-01,14:30,JÁVOR CLASS HENDIKEP,6051,Briliáns BD,3,V.,69.3,0
18429,2025-03-01,14:30,JÁVOR CLASS HENDIKEP,6131,Bulibáró,6,6táv.,8.6,0
18429,2025-03-01,14:30,JÁVOR CLASS HENDIKEP,6511,Demi Moore,2,gal.,1.6,0
18427,2025-03-01,15:00,UNIGENA SUN DÍJ,7274,Lucky de Sajan,3,I.,4.4,0
18427,2025-03-01,15:00,UNIGENA SUN DÍJ,6962,Flinga VT,4,II.,12.4,0
18427,2025-03-01,15:00,UNIGENA SUN DÍJ,7034,Formula,7,III.,5.3,0
18427,2025-03-01,15:00,UNIGENA SUN DÍJ,7247,Fancy Jet,1,IV.,18.7,0
18427,2025-03-01,15:00,UNIGENA SUN DÍJ,7081,Fancy,6,V.,10.6,0
18427,2025-03-01,15:00,UNIGENA SUN DÍJ,7290,Elisa,2,6.,1.6,0
18427,2025-03-01,15:00,UNIGENA SUN DÍJ,6674,Démon Jewel GG,5,7.,10.6,0
18427,2025-03-01,15:00,UNIGENA SUN DÍJ,6924,Felix Charme,9,8.,24.9,0
18427,2025-03-01,15:00,UNIGENA SUN DÍJ,7136,First Home,8,tü.,12.4,0
18432,2025-03-01,15:30,ZSÉDA HENDIKEP,6472,Dumbledore,1,I.,2.0,0
18432,2025-03-01,15:30,ZSÉDA HENDIKEP,6805,Guiness des Fanes,4,II.,7.1,0
18432,2025-03-01,15:30,ZSÉDA HENDIKEP,6342,Carlos Fox,8,III.,3.8,0
18432,2025-03-01,15:30,ZSÉDA HENDIKEP,6360,Chip Chip Chip,5,IV.,8.1,0
18432,2025-03-01,15:30,ZSÉDA HENDIKEP,6068,Balerina R.,7,V.,8.1,0
18432,2025-03-01,15:30,ZSÉDA HENDIKEP,6442,Dulcinea del Toboso,3,6.,5.1,0
18432,2025-03-01,15:30,ZSÉDA HENDIKEP,6692,Excellence,2,7.,28.5,0
18432,2025-03-01,15:30,ZSÉDA HENDIKEP,6525,Big Ben Pax,6,8.,9.5,0
18428,2025-03-01,16:00,NAOMI DÍJ,6973,Edoardo Ama,3,I.,3.2,0
18428,2025-03-01,16:00,NAOMI DÍJ,6929,Fendi,2,II.,14.6,0
18428,2025-03-01,16:00,NAOMI DÍJ,6514,El Valle Sagrado,6,III.,2.1,0
18428,2025-03-01,16:00,NAOMI DÍJ,6861,Emeli Sandé A.T.,5,IV.,2.2,0
18428,2025-03-01,16:00,NAOMI DÍJ,6928,Fenegyerek,4,V.,29.2,0
18428,2025-03-01,16:00,NAOMI DÍJ,6727,Västerbo No Edge,1,gal.,6.4,0
18415,2025-02-22,12:10,Q2 KVALIFIKÁCIÓ,7314,Anointed,3,1.,,1
18415,2025-02-22,12:10,Q2 KVALIFIKÁCIÓ,7109,Gaya T Boko,2,2.,,0
18415,2025-02-22,12:10,Q2 KVALIFIKÁCIÓ,7125,Florenza,1,3.,,0
18416,2025-02-22,12:43,PRÓBAFUTAM,7332,Vulcano NP,3,1.,,1
18416,2025-02-22,12:43,PRÓBAFUTAM,7330,Emilia Adri,2,2.,,0
18416,2025-02-22,12:43,PRÓBAFUTAM,7081,Fancy,4,3.,,0
18416,2025-02-22,12:43,PRÓBAFUTAM,7051,Fára Noble BD,1,4.,,0
18421,2025-02-22,13:11,ELEFÁNT HENDIKEP,6380,Cukrom,5,I.,3.1,0
18421,2025-02-22,13:11,ELEFÁNT HENDIKEP,6709,Eccelenza,8,II.,1.8,0
18421,2025-02-22,13:11,ELEFÁNT HENDIKEP,5695,Vinifera M,1,III.,17.3,0
18421,2025-02-22,13:11,ELEFÁNT HENDIKEP,6460,Dezmin Lady,4,IV.,17.3,0
18421,2025-02-22,13:11,ELEFÁNT HENDIKEP,4611,Pálinka,7,V.,8.6,0
18421,2025-02-22,13:11,ELEFÁNT HENDIKEP,5721,Zippy Boy,3,6.,3.8,0
18421,2025-02-22,13:11,ELEFÁNT HENDIKEP,6919,Fermina Daza,2,7.,11.5,0
18421,2025-02-22,13:11,ELEFÁNT HENDIKEP,6507,Despasito,6,8.,34.6,0
18418,2025-02-22,13:38,PAÁL LÁSZLÓ EMLÉKVERSENY,7290,Elisa,5,I.,3.0,0
18418,2025-02-22,13:38,PAÁL LÁSZLÓ EMLÉKVERSENY,7104,Florentin,4,II.,3.7,0
18418,2025-02-22,13:38,PAÁL LÁSZLÓ EMLÉKVERSENY,7329,Exclusive Adri,2,III.,2.1,0
18418,2025-02-22,13:38,PAÁL LÁSZLÓ EMLÉKVERSENY,7240,Gana Ris,3,IV.,22.6,0
18418,2025-02-22,13:38,PAÁL LÁSZLÓ EMLÉKVERSENY,6922,Follow the Flow,8,V.,6.1,0
18418,2025-02-22,13:38,PAÁL LÁSZLÓ EMLÉKVERSENY,6999,First Lady KJ,7,6táv.,68.0,0
18418,2025-02-22,13:38,PAÁL LÁSZLÓ EMLÉKVERSENY,7241,Gigant Ris,1,tü.,6.1,0
18418,2025-02-22,13:38,PAÁL LÁSZLÓ EMLÉKVERSENY,7318,Clearwater Belle,6,gal.,34.0,0
18423,2025-02-22,14:06,"2025. ÉVI AMATŐR KUPA I. FUTAMA-VICEN ISTVÁN ""STEFI"" EV. HP.",6441,Diána Gull,5,I.,3.2,0
18423,2025-02-22,14:06,"2025. ÉVI AMATŐR KUPA I. FUTAMA-VICEN ISTVÁN ""STEFI"" EV. HP.",6310,Compact Boy,6,II.,1.8,0
18423,2025-02-22,14:06,"2025. ÉVI AMATŐR KUPA I. FUTAMA-VICEN ISTVÁN ""STEFI"" EV. HP.",6877,Petra La Roque,3,III.,3.9,0
18423,2025-02-22,14:06,"2025. ÉVI AMATŐR KUPA I. FUTAMA-VICEN ISTVÁN ""STEFI"" EV. HP.",6047,Baraka SS,4,IV.,4.2,0
18423,2025-02-22,14:06,"2025. ÉVI AMATŐR KUPA I. FUTAMA-VICEN ISTVÁN ""STEFI"" EV. HP.",5536,Winner Boy,1,V.,18.3,0
18423,2025-02-22,14:06,"2025. ÉVI AMATŐR KUPA I. FUTAMA-VICEN ISTVÁN ""STEFI"" EV. HP.",6697,Erzsébet Királynő,2,gal.,13.7,0
18417,2025-02-22,14:35,NYERETLENEK VERSENYE - IZGI DÍJ,6912,Fiona TIM,9,I.,3.2,0
18417,2025-02-22,14:35,NYERETLENEK VERSENYE - IZGI DÍJ,7106,Gentleman Jack,6,II.,4.2,0
18417,2025-02-22,14:35,NYERETLENEK VERSENYE - IZGI DÍJ,7242,Golden Rose OZ,2,III.,7.9,0
18417,2025-02-22,14:35,NYERETLENEK VERSENYE - IZGI DÍJ,7098,Fernando,8,IV.,3.5,0
18417,2025-02-22,14:35,NYERETLENEK VERSENYE - IZGI DÍJ,7167,Gainsville,4,V.,17.8,0
18417,2025-02-22,14:35,NYERETLENEK VERSENYE - IZGI DÍJ,7189,Galatea,5,6.,11.9,0
18417,2025-02-22,14:35,NYERETLENEK VERSENYE - IZGI DÍJ,7188,Győcike,3,7.,4.7,0
18417,2025-02-22,14:35,NYERETLENEK VERSENYE - IZGI DÍJ,7169,Giorgio Ville,1,gal.,23.8,0
18417,2025-02-22,14:35,NYERETLENEK VERSENYE - IZGI DÍJ,6991,Falcon VT,7,tü.,10.2,0
18417,2025-02-22,14:35,NYERETLENEK VERSENYE - IZGI DÍJ,7086,Fakta,11,gal.,35.7,0
18420,2025-02-22,15:13,TOLNAY LÁSZLÓ EMLÉKVERSENY,6954,Palace Bo,7,I.,1.7,0
18420,2025-02-22,15:13,TOLNAY LÁSZLÓ EMLÉKVERSENY,7121,Denalda Op,4,II.,4.8,0
18420,2025-02-22,15:13,TOLNAY LÁSZLÓ EMLÉKVERSENY,7163,Zacapa U.S.,9,III.,2.2,0
18420,2025-02-22,15:13,TOLNAY LÁSZLÓ EMLÉKVERSENY,7336,Extra George,1,IV.,10.5,0
18420,2025-02-22,15:13,TOLNAY LÁSZLÓ EMLÉKVERSENY,5906,Anybody,6,V.,6.4,0
18420,2025-02-22,15:13,TOLNAY LÁSZLÓ EMLÉKVERSENY,7139,Dallas Dei Greppi,3,6.,6.0,0
18420,2025-02-22,15:13,TOLNAY LÁSZLÓ EMLÉKVERSENY,7334,Cosimo Tor,5,7.,11.1,0
18422,2025-02-22,15:42,VEZÉR FERENC EMLÉKVERSENY HENDIKEP,5570,Villeneuve,12,I.,1.3,0
18422,2025-02-22,15:42,VEZÉR FERENC EMLÉKVERSENY HENDIKEP,4945,Trencsén,11,II.,116.0,0
18422,2025-02-22,15:42,VEZÉR FERENC EMLÉKVERSENY HENDIKEP,5288,Usain,4,III.,20.4,0
18422,2025-02-22,15:42,VEZÉR FERENC EMLÉKVERSENY HENDIKEP,6518,Lolly Pop,8,IV.,4.0,0
18422,2025-02-22,15:42,VEZÉR FERENC EMLÉKVERSENY HENDIKEP,5904,Australian Gold,1,V.,38.6,0
18422,2025-02-22,15:42,VEZÉR FERENC EMLÉKVERSENY HENDIKEP,6679,Inforgettable,6,6.,116.0,0
18422,2025-02-22,15:42,VEZÉR FERENC EMLÉKVERSENY HENDIKEP,6358,Calvin,3,7.,11.2,0
18422,2025-02-22,15:42,VEZÉR FERENC EMLÉKVERSENY HENDIKEP,6328,Credit Card,9,8.,38.6,0
18422,2025-02-22,15:42,VEZÉR FERENC EMLÉKVERSENY HENDIKEP,5960,Ann Bella M,10,9.,58.0,0
18422,2025-02-22,15:42,VEZÉR FERENC EMLÉKVERSENY HENDIKEP,6435,Ducks,5,10.,17.4,0
18422,2025-02-22,15:42,VEZÉR FERENC EMLÉKVERSENY HENDIKEP,6995,Fany,2,gal.,116.0,0
18422,2025-02-22,15:42,VEZÉR FERENC EMLÉKVERSENY HENDIKEP,6698,Easy Bet,7,gal.,4.5,0
18424,2025-02-22,16:10,2025. ÉVI SEGÉDHAJTÓ KUPA I. FUTAMA - CSOBÁN M HENDIKEP,6121,Farya BD,5,I.,4.6,0
18424,2025-02-22,16:10,2025. ÉVI SEGÉDHAJTÓ KUPA I. FUTAMA - CSOBÁN M HENDIKEP,5831,King's Call,2,II.,3.0,0
18424,2025-02-22,16:10,2025. ÉVI SEGÉDHAJTÓ KUPA I. FUTAMA - CSOBÁN M HENDIKEP,5905,Adamo Fling,4,III.,4.4,0
18424,2025-02-22,16:10,2025. ÉVI SEGÉDHAJTÓ KUPA I. FUTAMA - CSOBÁN M HENDIKEP,5228,Uptown Boy M,3,IV.,1.9,0
18424,2025-02-22,16:10,2025. ÉVI SEGÉDHAJTÓ KUPA I. FUTAMA - CSOBÁN M HENDIKEP,5540,Velence R.,1,V.,5.3,0
18419,2025-02-22,16:40,DERENGŐ DÍJ,6965,Felhők felett,1,I.,7.4,0
18419,2025-02-22,16:40,DERENGŐ DÍJ,6700,Escobar,6,II.,7.1,0
18419,2025-02-22,16:40,DERENGŐ DÍJ,6704,Emerald,10,III.,163.8,0
18419,2025-02-22,16:40,DERENGŐ DÍJ,6973,Edoardo Ama,7,IV.,32.7,0
18419,2025-02-22,16:40,DERENGŐ DÍJ,6778,Dancing Lady,8,V.,13.6,0
18419,2025-02-22,16:40,DERENGŐ DÍJ,6909,Treue,2,6.,12.6,0
18419,2025-02-22,16:40,DERENGŐ DÍJ,6920,Fliegauf,4,7.,2.5,0
18419,2025-02-22,16:40,DERENGŐ DÍJ,6936,Aaron LV,5,8.,5.4,0
18419,2025-02-22,16:40,DERENGŐ DÍJ,6442,Dulcinea del Toboso,9,9.,3.0,0
18419,2025-02-22,16:40,DERENGŐ DÍJ,6706,Eperke,3,gal.,9.6,0
18404,2025-02-08,11:15,Q1 KVALIFIKÁCIÓ,7109,Gaya T Boko,1,gal.,,0
18405,2025-02-08,11:30,PRÓBAFUTAM,7290,Elisa,2,1.,,1
18405,2025-02-08,11:30,PRÓBAFUTAM,7051,Fára Noble BD,1,2.,,0
18405,2025-02-08,11:30,PRÓBAFUTAM,7330,Emilia Adri,3,gal.,,0
18407,2025-02-08,12:00,ATALAI ZORA DORINA SZÜLETÉSNAPI DÍJA,6944,Euphoria,8,I.,3.7,0
18407,2025-02-08,12:00,ATALAI ZORA DORINA SZÜLETÉSNAPI DÍJA,7053,Fabio,5,II.,7.8,0
18407,2025-02-08,12:00,ATALAI ZORA DORINA SZÜLETÉSNAPI DÍJA,6922,Follow the Flow,7,III.,7.8,0
18407,2025-02-08,12:00,ATALAI ZORA DORINA SZÜLETÉSNAPI DÍJA,7124,Fess Fiú,2,IV.,4.3,0
18407,2025-02-08,12:00,ATALAI ZORA DORINA SZÜLETÉSNAPI DÍJA,6966,Eagle GG,1,V.,15.6,0
18407,2025-02-08,12:00,ATALAI ZORA DORINA SZÜLETÉSNAPI DÍJA,7060,Filthy Rich,9,6.,8.6,0
18407,2025-02-08,12:00,ATALAI ZORA DORINA SZÜLETÉSNAPI DÍJA,7104,Florentin,6,7.,13.0,0
18407,2025-02-08,12:00,ATALAI ZORA DORINA SZÜLETÉSNAPI DÍJA,7055,Feeling Great BD,4,8.,2.7,0
18407,2025-02-08,12:00,ATALAI ZORA DORINA SZÜLETÉSNAPI DÍJA,6992,Finiselj!,3,9.,15.6,0
18407,2025-02-08,12:00,ATALAI ZORA DORINA SZÜLETÉSNAPI DÍJA,6983,Fondorlat,10,10.,26.0,0
18408,2025-02-08,12:30,AILERON DÍJ,6936,Aaron LV,9,I.,4.7,0
18408,2025-02-08,12:30,AILERON DÍJ,6965,Felhők felett,8,II.,4.0,0
18408,2025-02-08,12:30,AILERON DÍJ,7136,First Home,6,III.,6.0,0
18408,2025-02-08,12:30,AILERON DÍJ,7034,Formula,7,IV.,3.8,0
18408,2025-02-08,12:30,AILERON DÍJ,6927,Fast Track,5,V.,29.3,0
18408,2025-02-08,12:30,AILERON DÍJ,7247,Fancy Jet,2,6.,35.2,0
18408,2025-02-08,12:30,AILERON DÍJ,6995,Fany,3,7.,2.3,0
18408,2025-02-08,12:30,AILERON DÍJ,6674,Démon Jewel GG,4,8.,17.6,0
18408,2025-02-08,12:30,AILERON DÍJ,7318,Clearwater Belle,10,9.,44.0,0
18408,2025-02-08,12:30,AILERON DÍJ,6999,First Lady KJ,1,10.,58.7,0
18409,2025-02-08,13:00,DARTH VADER DÍJ,6878,Éden Evo,1,I.,7.3,0
18409,2025-02-08,13:00,DARTH VADER DÍJ,6861,Emeli Sandé A.T.,9,II.,4.4,0
18409,2025-02-08,13:00,DARTH VADER DÍJ,6778,Dancing Lady,6,III.,8.5,0
18409,2025-02-08,13:00,DARTH VADER DÍJ,6518,Lolly Pop,5,IV.,3.1,0
18409,2025-02-08,13:00,DARTH VADER DÍJ,6328,Credit Card,8,V.,22.1,0
18409,2025-02-08,13:00,DARTH VADER DÍJ,6727,Västerbo No Edge,3,6.,6.6,0
18409,2025-02-08,13:00,DARTH VADER DÍJ,6928,Fenegyerek,7,7.,14.7,0
18409,2025-02-08,13:00,DARTH VADER DÍJ,6987,Fabrice,4,8.,2.4,0
18412,2025-02-08,13:33,JÓZSA IMRE EMLÉKVERSENY HENDIKEP,6021,Anna,7,I.,5.9,0
18412,2025-02-08,13:33,JÓZSA IMRE EMLÉKVERSENY HENDIKEP,5536,Winner Boy,1,II.,9.7,0
18412,2025-02-08,13:33,JÓZSA IMRE EMLÉKVERSENY HENDIKEP,5795,Zara Mia,4,III.,2.2,0
18412,2025-02-08,13:33,JÓZSA IMRE EMLÉKVERSENY HENDIKEP,5288,Usain,3,IV.,8.1,0
18412,2025-02-08,13:33,JÓZSA IMRE EMLÉKVERSENY HENDIKEP,6962,Flinga VT,8,IV.,6.8,0
18412,2025-02-08,13:33,JÓZSA IMRE EMLÉKVERSENY HENDIKEP,6679,Inforgettable,6,VI.,6.3,0
18412,2025-02-08,13:33,JÓZSA IMRE EMLÉKVERSENY HENDIKEP,6080,Boszi,5,7.,3.6,0
18412,2025-02-08,13:33,JÓZSA IMRE EMLÉKVERSENY HENDIKEP,6358,Calvin,2,8.,16.3,0
18411,2025-02-08,14:15,AMERIKA KAPITÁNY HENDIKEP,6877,Petra La Roque,6,I.,5.1,0
18411,2025-02-08,14:15,AMERIKA KAPITÁNY HENDIKEP,6307,Csípkedd Magad!,7,II.,3.3,0
18411,2025-02-08,14:15,AMERIKA KAPITÁNY HENDIKEP,6131,Bulibáró,2,III.,6.7,0
18411,2025-02-08,14:15,AMERIKA KAPITÁNY HENDIKEP,6953,Eposz,8,IV.,18.9,0
18411,2025-02-08,14:15,AMERIKA KAPITÁNY HENDIKEP,6052,Auróra,5,V.,2.3,0
18411,2025-02-08,14:15,AMERIKA KAPITÁNY HENDIKEP,6460,Dezmin Lady,3,6.,7.2,0
18411,2025-02-08,14:15,AMERIKA KAPITÁNY HENDIKEP,6511,Demi Moore,1,gal.,8.1,0
18411,2025-02-08,14:15,AMERIKA KAPITÁNY HENDIKEP,5856,Donia d'Aunay,4,gal.,11.8,0
18413,2025-02-08,14:50,ZSÁKOS FRODÓ HENDIKEP,6303,CR-Seven,7,I.,2.5,0
18413,2025-02-08,14:50,ZSÁKOS FRODÓ HENDIKEP,6459,Diamond Ville,11,II.,6.2,0
18413,2025-02-08,14:50,ZSÁKOS FRODÓ HENDIKEP,6305,Csikós,12,III.,9.2,0
18413,2025-02-08,14:50,ZSÁKOS FRODÓ HENDIKEP,6698,Easy Bet,2,IV.,9.7,0
18413,2025-02-08,14:50,ZSÁKOS FRODÓ HENDIKEP,6315,Csodabogyó,1,V.,4.8,0
18413,2025-02-08,14:50,ZSÁKOS FRODÓ HENDIKEP,6704,Emerald,9,6.,20.0,0
18413,2025-02-08,14:50,ZSÁKOS FRODÓ HENDIKEP,6330,Che Comandante,4,7.,24.3,0
18413,2025-02-08,14:50,ZSÁKOS FRODÓ HENDIKEP,5504,Vakarcs RG,8,8.,5.0,0
18413,2025-02-08,14:50,ZSÁKOS FRODÓ HENDIKEP,6703,Etalon N,10,9.,37.9,0
18413,2025-02-08,14:50,ZSÁKOS FRODÓ HENDIKEP,5960,Ann Bella M,6,10.,13.6,0
18413,2025-02-08,14:50,ZSÁKOS FRODÓ HENDIKEP,6697,Erzsébet Királynő,3,gal.,13.1,0
18413,2025-02-08,14:50,ZSÁKOS FRODÓ HENDIKEP,4968,Titus Livius,5,gal.,31.0,0
18410,2025-02-08,15:22,GLOBUS DÍJ,6308,Csábító R.,4,I.,3.8,0
18410,2025-02-08,15:22,GLOBUS DÍJ,6864,In Love Danover,2,II.,6.6,0
18410,2025-02-08,15:22,GLOBUS DÍJ,6331,Charming Boy,5,III.,5.2,0
18410,2025-02-08,15:22,GLOBUS DÍJ,6121,Farya BD,6,IV.,13.7,0
18410,2025-02-08,15:22,GLOBUS DÍJ,6702,Ezigen,1,V.,10.0,0
18410,2025-02-08,15:22,GLOBUS DÍJ,6901,Eastwood,3,tü.,1.4,0
18406,2025-02-08,15:50,TIPPMIX - SENNYEY GÉZA EMLÉKVERSENY,7163,Zacapa U.S.,4,I.,7.7,0
18406,2025-02-08,15:50,TIPPMIX - SENNYEY GÉZA EMLÉKVERSENY,6433,Digital Races,1,II.,1.8,0
18406,2025-02-08,15:50,TIPPMIX - SENNYEY GÉZA EMLÉKVERSENY,6954,Palace Bo,7,III.,12.0,0
18406,2025-02-08,15:50,TIPPMIX - SENNYEY GÉZA EMLÉKVERSENY,6514,El Valle Sagrado,5,IV.,3.6,0
18406,2025-02-08,15:50,TIPPMIX - SENNYEY GÉZA EMLÉKVERSENY,6300,Catania R.,6,V.,5.0,0
18406,2025-02-08,15:50,TIPPMIX - SENNYEY GÉZA EMLÉKVERSENY,6464,Dolomit Boy,2,6.,5.0,0
18406,2025-02-08,15:50,TIPPMIX - SENNYEY GÉZA EMLÉKVERSENY,7308,Ducky Baba,3,7.,21.6,0
18414,2025-02-08,16:36,GIYU TOMIOKA HENDIKEP,6624,My Dyla LV,7,I.,3.6,0
18414,2025-02-08,16:36,GIYU TOMIOKA HENDIKEP,6018,Bonus RG,6,II.,3.0,0
18414,2025-02-08,16:36,GIYU TOMIOKA HENDIKEP,6003,Ambrosia Gielle,2,III.,8.7,0
18414,2025-02-08,16:36,GIYU TOMIOKA HENDIKEP,5905,Adamo Fling,5,IV.,3.0,0
18414,2025-02-08,16:36,GIYU TOMIOKA HENDIKEP,6934,Zaira LV,1,V.,29.7,0
18414,2025-02-08,16:36,GIYU TOMIOKA HENDIKEP,6441,Diána Gull,3,gal.,5.0,0
18414,2025-02-08,16:36,GIYU TOMIOKA HENDIKEP,6360,Chip Chip Chip,4,gal.,5.0,0
18394,2025-01-26,12:00,PRÓBAFUTAM,7051,Fára Noble BD,1,gal.,,0
18397,2025-01-26,12:30,LÁZÁLOM DÍJ,6700,Escobar,3,I.,4.8,0
18397,2025-01-26,12:30,LÁZÁLOM DÍJ,7255,Top Hill,7,II.,2.7,0
18397,2025-01-26,12:30,LÁZÁLOM DÍJ,6987,Fabrice,5,III.,6.2,0
18397,2025-01-26,12:30,LÁZÁLOM DÍJ,6878,Éden Evo,9,IV.,5.6,0
18397,2025-01-26,12:30,LÁZÁLOM DÍJ,6703,Etalon N,4,V.,,0
18397,2025-01-26,12:30,LÁZÁLOM DÍJ,6934,Zaira LV,1,6.,,0
18397,2025-01-26,12:30,LÁZÁLOM DÍJ,6727,Västerbo No Edge,6,7.,3.6,0
18397,2025-01-26,12:30,LÁZÁLOM DÍJ,6706,Eperke,2,8.,5.2,0
18397,2025-01-26,12:30,LÁZÁLOM DÍJ,6909,Treue,8,gal.,10.4,0
18400,2025-01-26,13:00,CÉGJEGY HENDIKEP,6066,Berill Lady,10,I.,1.8,0
18400,2025-01-26,13:00,CÉGJEGY HENDIKEP,6459,Diamond Ville,6,II.,8.0,0
18400,2025-01-26,13:00,CÉGJEGY HENDIKEP,5504,Vakarcs RG,8,III.,5.3,0
18400,2025-01-26,13:00,CÉGJEGY HENDIKEP,5960,Ann Bella M,7,IV.,5.3,0
18400,2025-01-26,13:00,CÉGJEGY HENDIKEP,5536,Winner Boy,1,V.,40.4,0
18400,2025-01-26,13:00,CÉGJEGY HENDIKEP,5540,Velence R.,4,6.,20.2,0
18400,2025-01-26,13:00,CÉGJEGY HENDIKEP,6657,Dreamer,9,7.,11.5,0
18400,2025-01-26,13:00,CÉGJEGY HENDIKEP,6698,Easy Bet,5,8.,10.1,0
18400,2025-01-26,13:00,CÉGJEGY HENDIKEP,6877,Petra La Roque,2,9.,5.3,0
18395,2025-01-26,13:30,NYERETLENEK VERSENYE - TÓBIÁS DÍJ,6922,Follow the Flow,6,I.,1.7,0
18395,2025-01-26,13:30,NYERETLENEK VERSENYE - TÓBIÁS DÍJ,7240,Gana Ris,3,II.,4.5,0
18395,2025-01-26,13:30,NYERETLENEK VERSENYE - TÓBIÁS DÍJ,7191,Glitter Lady,4,III.,14.3,0
18395,2025-01-26,13:30,NYERETLENEK VERSENYE - TÓBIÁS DÍJ,7113,Gombóc Artúr,2,IV.,12.5,0
18395,2025-01-26,13:30,NYERETLENEK VERSENYE - TÓBIÁS DÍJ,7201,Renebell BD,1,V.,20.1,0
18395,2025-01-26,13:30,NYERETLENEK VERSENYE - TÓBIÁS DÍJ,6952,Fifty-Fifty,7,kih.,9.1,0
18395,2025-01-26,13:30,NYERETLENEK VERSENYE - TÓBIÁS DÍJ,7082,Fire Bird,5,gal.,4.7,0
18395,2025-01-26,13:30,NYERETLENEK VERSENYE - TÓBIÁS DÍJ,7192,Grófnő R.,8,gal.,16.7,0
18395,2025-01-26,13:30,NYERETLENEK VERSENYE - TÓBIÁS DÍJ,7175,Fearless ASM,9,gal.,11.1,0
18399,2025-01-26,14:00,2025. ÉVI KINCSEM PARK KUPA I. FUTAMA HENDIKEP,6315,Csodabogyó,9,I.,3.4,0
18399,2025-01-26,14:00,2025. ÉVI KINCSEM PARK KUPA I. FUTAMA HENDIKEP,5757,Zsofesz,10,II.,6.4,0
18399,2025-01-26,14:00,2025. ÉVI KINCSEM PARK KUPA I. FUTAMA HENDIKEP,6307,Csípkedd Magad!,5,III.,8.0,0
18399,2025-01-26,14:00,2025. ÉVI KINCSEM PARK KUPA I. FUTAMA HENDIKEP,5904,Australian Gold,4,IV.,7.1,0
18399,2025-01-26,14:00,2025. ÉVI KINCSEM PARK KUPA I. FUTAMA HENDIKEP,6343,Chicago,2,V.,8.0,0
18399,2025-01-26,14:00,2025. ÉVI KINCSEM PARK KUPA I. FUTAMA HENDIKEP,5270,Une Dame,7,6.,21.5,0
18399,2025-01-26,14:00,2025. ÉVI KINCSEM PARK KUPA I. FUTAMA HENDIKEP,6052,Auróra,3,7.,2.0,0
18399,2025-01-26,14:00,2025. ÉVI KINCSEM PARK KUPA I. FUTAMA HENDIKEP,6507,Despasito,1,gal.,9.2,0
18396,2025-01-26,14:30,ROCCO DÍJ,7136,First Home,7,I.,6.0,0
18396,2025-01-26,14:30,ROCCO DÍJ,7010,Blanka BBM,6,II.,2.4,0
18396,2025-01-26,14:30,ROCCO DÍJ,6919,Fermina Daza,9,III.,14.4,0
18396,2025-01-26,14:30,ROCCO DÍJ,7098,Fernando,8,IV.,18.0,0
18396,2025-01-26,14:30,ROCCO DÍJ,6966,Eagle GG,1,V.,9.0,0
18396,2025-01-26,14:30,ROCCO DÍJ,7318,Clearwater Belle,10,6.,18.0,0
18396,2025-01-26,14:30,ROCCO DÍJ,6953,Eposz,11,7.,24.0,0
18396,2025-01-26,14:30,ROCCO DÍJ,6999,First Lady KJ,2,gal.,36.0,0
18396,2025-01-26,14:30,ROCCO DÍJ,6924,Felix Charme,3,gal.,10.2,0
18396,2025-01-26,14:30,ROCCO DÍJ,7149,Füge M,4,gal.,4.5,0
18396,2025-01-26,14:30,ROCCO DÍJ,7035,Firkó,5,gal.,4.5,0
18402,2025-01-26,15:00,ZÁPOLYA HENDIKEP,6514,El Valle Sagrado,5,I.,2.6,0
18402,2025-01-26,15:00,ZÁPOLYA HENDIKEP,6228,Creatine,3,II.,3.1,0
18402,2025-01-26,15:00,ZÁPOLYA HENDIKEP,4788,Szilvás,1,III.,,0
18402,2025-01-26,15:00,ZÁPOLYA HENDIKEP,6121,Farya BD,4,IV.,11.5,0
18402,2025-01-26,15:00,ZÁPOLYA HENDIKEP,5725,Zente,6,V.,3.4,0
18402,2025-01-26,15:00,ZÁPOLYA HENDIKEP,6342,Carlos Fox,2,6.,2.4,0
18398,2025-01-26,15:30,ISTÓK FERENC EMLÉKVERSENY,6954,Palace Bo,6,I.,2.2,0
18398,2025-01-26,15:30,ISTÓK FERENC EMLÉKVERSENY,7163,Zacapa U.S.,5,II.,5.3,0
18398,2025-01-26,15:30,ISTÓK FERENC EMLÉKVERSENY,6300,Catania R.,7,III.,8.7,0
18398,2025-01-26,15:30,ISTÓK FERENC EMLÉKVERSENY,6780,Eternal Flame,2,IV.,10.9,0
18398,2025-01-26,15:30,ISTÓK FERENC EMLÉKVERSENY,5894,Apollo Creed,1,V.,15.1,0
18398,2025-01-26,15:30,ISTÓK FERENC EMLÉKVERSENY,6464,Dolomit Boy,4,gal.,2.5,0
18398,2025-01-26,15:30,ISTÓK FERENC EMLÉKVERSENY,5906,Anybody,3,disq.,5.7,0
18401,2025-01-26,16:00,MÁGNÁS HENDIKEP,5905,Adamo Fling,6,I.,5.4,0
18401,2025-01-26,16:00,MÁGNÁS HENDIKEP,6163,Bombay,3,II.,3.2,0
18401,2025-01-26,16:00,MÁGNÁS HENDIKEP,6047,Baraka SS,5,III.,1.9,0
18401,2025-01-26,16:00,MÁGNÁS HENDIKEP,6441,Diána Gull,7,IV.,5.4,0
18401,2025-01-26,16:00,MÁGNÁS HENDIKEP,6305,Csikós,4,V.,6.1,0
18401,2025-01-26,16:00,MÁGNÁS HENDIKEP,6328,Credit Card,1,6.,20.8,0
18401,2025-01-26,16:00,MÁGNÁS HENDIKEP,6003,Ambrosia Gielle,8,7.,20.8,0
18401,2025-01-26,16:00,MÁGNÁS HENDIKEP,6692,Excellence,10,8.,34.8,0
18385,2025-01-11,11:31,PRÓBAFUTAM,7051,Fára Noble BD,1,1.,,1
18388,2025-01-11,12:00,MEGNYITÓ VERSENY,6340,Cunami,5,I.,5.3,0
18388,2025-01-11,12:00,MEGNYITÓ VERSENY,6861,Emeli Sandé A.T.,6,II.,4.4,0
18388,2025-01-11,12:00,MEGNYITÓ VERSENY,6704,Emerald,3,III.,7.6,0
18388,2025-01-11,12:00,MEGNYITÓ VERSENY,6310,Compact Boy,4,IV.,1.4,0
18388,2025-01-11,12:00,MEGNYITÓ VERSENY,6518,Lolly Pop,2,V.,7.6,0
18388,2025-01-11,12:00,MEGNYITÓ VERSENY,6378,Chesterfield,1,6.,7.6,0
18391,2025-01-11,12:30,ZANUSSI HENDIKEP,6303,CR-Seven,3,I.,2.0,0
18391,2025-01-11,12:30,ZANUSSI HENDIKEP,4788,Szilvás,10,II.,8.2,0
18391,2025-01-11,12:30,ZANUSSI HENDIKEP,6330,Che Comandante,8,III.,6.9,0
18391,2025-01-11,12:30,ZANUSSI HENDIKEP,6328,Credit Card,9,IV.,20.7,0
18391,2025-01-11,12:30,ZANUSSI HENDIKEP,6021,Anna,6,V.,3.9,0
18391,2025-01-11,12:30,ZANUSSI HENDIKEP,5540,Velence R.,7,6.,13.8,0
18391,2025-01-11,12:30,ZANUSSI HENDIKEP,5925,Anikó,2,7.,20.7,0
18391,2025-01-11,12:30,ZANUSSI HENDIKEP,5990,Aranyérem M,1,8.,13.8,0
18391,2025-01-11,12:30,ZANUSSI HENDIKEP,6435,Ducks,4,9.,5.1,0
18391,2025-01-11,12:30,ZANUSSI HENDIKEP,5907,Always Winner,5,gal.,27.6,0
18386,2025-01-11,13:01,NYERETLENEK VERSENYE,7104,Florentin,5,I.,8.5,0
18386,2025-01-11,13:01,NYERETLENEK VERSENYE,7082,Fire Bird,3,II.,1.6,0
18386,2025-01-11,13:01,NYERETLENEK VERSENYE,7103,Grace Kelly,4,III.,7.8,0
18386,2025-01-11,13:01,NYERETLENEK VERSENYE,7191,Glitter Lady,6,IV.,102.6,0
18386,2025-01-11,13:01,NYERETLENEK VERSENYE,6982,Farkasfog,10,V.,10.2,0
18386,2025-01-11,13:01,NYERETLENEK VERSENYE,7064,Ganybody,2,6.,102.6,0
18386,2025-01-11,13:01,NYERETLENEK VERSENYE,7086,Fakta,9,7.,20.5,0
18386,2025-01-11,13:01,NYERETLENEK VERSENYE,7098,Fernando,7,8.,7.3,0
18386,2025-01-11,13:01,NYERETLENEK VERSENYE,7169,Giorgio Ville,1,gal.,11.4,0
18386,2025-01-11,13:01,NYERETLENEK VERSENYE,6912,Fiona TIM,8,gal.,4.6,0
18393,2025-01-11,13:30,ZSOLTÁNY HENDIKEP,6228,Creatine,2,I.,1.0,0
18393,2025-01-11,13:30,ZSOLTÁNY HENDIKEP,6624,My Dyla LV,5,II.,6.4,0
18393,2025-01-11,13:30,ZSOLTÁNY HENDIKEP,6342,Carlos Fox,3,III.,6.9,0
18393,2025-01-11,13:30,ZSOLTÁNY HENDIKEP,6121,Farya BD,6,IV.,19.2,0
18393,2025-01-11,13:30,ZSOLTÁNY HENDIKEP,6068,Balerina R.,4,V.,12.8,0
18393,2025-01-11,13:30,ZSOLTÁNY HENDIKEP,6788,Morena LV,1,6.,25.6,0
18392,2025-01-11,14:01,KRAFFT - ZSIGMOND HENDIKEP,6727,Västerbo No Edge,8,I.,15.4,0
18392,2025-01-11,14:01,KRAFFT - ZSIGMOND HENDIKEP,5228,Uptown Boy M,5,II.,2.0,0
18392,2025-01-11,14:01,KRAFFT - ZSIGMOND HENDIKEP,6163,Bombay,2,III.,2.4,0
18392,2025-01-11,14:01,KRAFFT - ZSIGMOND HENDIKEP,5905,Adamo Fling,6,IV.,3.5,0
18392,2025-01-11,14:01,KRAFFT - ZSIGMOND HENDIKEP,6441,Diána Gull,7,V.,6.6,0
18392,2025-01-11,14:01,KRAFFT - ZSIGMOND HENDIKEP,6679,Inforgettable,1,6.,15.4,0
18387,2025-01-11,14:30,ZÁDOR DÍJ,7274,Lucky de Sajan,5,I.,1.0,0
18387,2025-01-11,14:30,ZÁDOR DÍJ,7247,Fancy Jet,3,II.,8.4,0
18387,2025-01-11,14:30,ZÁDOR DÍJ,6999,First Lady KJ,2,III.,27.5,0
18387,2025-01-11,14:30,ZÁDOR DÍJ,6927,Fast Track,6,IV.,13.7,0
18387,2025-01-11,14:30,ZÁDOR DÍJ,7149,Füge M,4,V.,5.5,0
18387,2025-01-11,14:30,ZÁDOR DÍJ,6057,Bitangjó,1,tü.,27.5,0
18389,2025-01-11,15:01,ÉVNYITÓ DÍJ,6916,Freya T Boko,3,I.,1.2,0
18389,2025-01-11,15:01,ÉVNYITÓ DÍJ,5906,Anybody,5,II.,4.0,0
18389,2025-01-11,15:01,ÉVNYITÓ DÍJ,6023,Acélos Fiú,4,III.,15.0,0
18389,2025-01-11,15:01,ÉVNYITÓ DÍJ,6308,Csábító R.,1,IV.,8.5,0
18389,2025-01-11,15:01,ÉVNYITÓ DÍJ,6331,Charming Boy,2,V.,5.1,0
18389,2025-01-11,15:01,ÉVNYITÓ DÍJ,5725,Zente,6,6.,18.9,0
18390,2025-01-11,15:30,ZEST FOR LIFE HENDIKEP,6546,Count Basie AT,2,I.,5.2,0
18390,2025-01-11,15:30,ZEST FOR LIFE HENDIKEP,6709,Eccelenza,6,II.,3.6,0
18390,2025-01-11,15:30,ZEST FOR LIFE HENDIKEP,6071,Bellini Fling,10,III.,47.6,0
18390,2025-01-11,15:30,ZEST FOR LIFE HENDIKEP,5721,Zippy Boy,3,IV.,5.9,0
18390,2025-01-11,15:30,ZEST FOR LIFE HENDIKEP,4611,Pálinka,9,V.,4.3,0
18390,2025-01-11,15:30,ZEST FOR LIFE HENDIKEP,6919,Fermina Daza,1,6.,7.9,0
18390,2025-01-11,15:30,ZEST FOR LIFE HENDIKEP,6460,Dezmin Lady,7,7.,6.8,0
18390,2025-01-11,15:30,ZEST FOR LIFE HENDIKEP,5856,Donia d'Aunay,8,8.,,0
18390,2025-01-11,15:30,ZEST FOR LIFE HENDIKEP,6131,Bulibáró,4,9.,3.1,0
18390,2025-01-11,15:30,ZEST FOR LIFE HENDIKEP,5730,Magic Bucks,5,10.,,0
18373,2024-12-31,12:00,PRÓBAFUTAM,7051,Fára Noble BD,1,1.,,1
18374,2024-12-31,11:46,Q45 KVALIFIKÁCIÓ,7198,Gabrielle,1,1.,,1
18375,2024-12-31,13:01,KORHELY FALODA DÍJ,7124,Fess Fiú,1,I.,7.7,0
18375,2024-12-31,13:01,KORHELY FALODA DÍJ,7055,Feeling Great BD,3,II.,6.2,0
18375,2024-12-31,13:01,KORHELY FALODA DÍJ,7053,Fabio,7,III.,2.1,0
18375,2024-12-31,13:01,KORHELY FALODA DÍJ,7118,Ferrari,8,IV.,10.1,0
18375,2024-12-31,13:01,KORHELY FALODA DÍJ,7082,Fire Bird,2,gal.,26.0,0
18375,2024-12-31,13:01,KORHELY FALODA DÍJ,6981,Evita Meerswal,4,gal.,14.8,0
18375,2024-12-31,13:01,KORHELY FALODA DÍJ,7060,Filthy Rich,5,gal.,3.7,0
18375,2024-12-31,13:01,KORHELY FALODA DÍJ,6966,Eagle GG,6,gal.,10.4,0
18375,2024-12-31,13:01,KORHELY FALODA DÍJ,7000,Fantastic Dream BD,9,tü.,15.4,0
18375,2024-12-31,13:01,KORHELY FALODA DÍJ,6922,Follow the Flow,10,disq.,13.8,0
18377,2024-12-31,13:31,NEMZETIUTDIJ.HU DÍJ,6514,El Valle Sagrado,10,I.,13.7,0
18377,2024-12-31,13:31,NEMZETIUTDIJ.HU DÍJ,6929,Fendi,3,II.,13.4,0
18377,2024-12-31,13:31,NEMZETIUTDIJ.HU DÍJ,6987,Fabrice,1,III.,18.2,0
18377,2024-12-31,13:31,NEMZETIUTDIJ.HU DÍJ,7255,Top Hill,2,IV.,1.7,0
18377,2024-12-31,13:31,NEMZETIUTDIJ.HU DÍJ,6778,Dancing Lady,4,V.,13.4,0
18377,2024-12-31,13:31,NEMZETIUTDIJ.HU DÍJ,6878,Éden Evo,12,6.,19.3,0
18377,2024-12-31,13:31,NEMZETIUTDIJ.HU DÍJ,6928,Fenegyerek,6,7.,7.4,0
18377,2024-12-31,13:31,NEMZETIUTDIJ.HU DÍJ,6328,Credit Card,9,8.,22.9,0
18377,2024-12-31,13:31,NEMZETIUTDIJ.HU DÍJ,6704,Emerald,5,9.,9.5,0
18377,2024-12-31,13:31,NEMZETIUTDIJ.HU DÍJ,6745,Aerodynamics,7,10.,15.0,0
18377,2024-12-31,13:31,NEMZETIUTDIJ.HU DÍJ,6861,Emeli Sandé A.T.,8,gal.,7.8,0
18377,2024-12-31,13:31,NEMZETIUTDIJ.HU DÍJ,6617,Diófás,11,gal.,11.6,0
18384,2024-12-31,14:00,"PINTÉR TAMÁS ""OROSZLÁN"" EMLÉKVERSENY HENDIKEP",6261,Be Happy,5,I.,2.6,0
18384,2024-12-31,14:00,"PINTÉR TAMÁS ""OROSZLÁN"" EMLÉKVERSENY HENDIKEP",6624,My Dyla LV,4,II.,8.0,0
18384,2024-12-31,14:00,"PINTÉR TAMÁS ""OROSZLÁN"" EMLÉKVERSENY HENDIKEP",6018,Bonus RG,2,III.,13.2,0
18384,2024-12-31,14:00,"PINTÉR TAMÁS ""OROSZLÁN"" EMLÉKVERSENY HENDIKEP",5905,Adamo Fling,6,IV.,8.2,0
18384,2024-12-31,14:00,"PINTÉR TAMÁS ""OROSZLÁN"" EMLÉKVERSENY HENDIKEP",6068,Balerina R.,8,V.,18.9,0
18384,2024-12-31,14:00,"PINTÉR TAMÁS ""OROSZLÁN"" EMLÉKVERSENY HENDIKEP",5962,Zénó Boko,3,6.,2.1,0
18384,2024-12-31,14:00,"PINTÉR TAMÁS ""OROSZLÁN"" EMLÉKVERSENY HENDIKEP",6350,Grand Illusion,7,7.,16.5,0
18384,2024-12-31,14:00,"PINTÉR TAMÁS ""OROSZLÁN"" EMLÉKVERSENY HENDIKEP",6165,Bűbájos,9,8.,6.6,0
18384,2024-12-31,14:00,"PINTÉR TAMÁS ""OROSZLÁN"" EMLÉKVERSENY HENDIKEP",6366,Celerina Boss,10,9.,30.9,0
18384,2024-12-31,14:00,"PINTÉR TAMÁS ""OROSZLÁN"" EMLÉKVERSENY HENDIKEP",6435,Ducks,1,10.,42.2,0
18381,2024-12-31,14:35,KINCSEM+ TUTI - ZENTHE FERENC EMLÉKVERSENY HENDIKEP,6080,Boszi,6,I.,7.4,0
18381,2024-12-31,14:35,KINCSEM+ TUTI - ZENTHE FERENC EMLÉKVERSENY HENDIKEP,6698,Easy Bet,9,II.,15.3,0
18381,2024-12-31,14:35,KINCSEM+ TUTI - ZENTHE FERENC EMLÉKVERSENY HENDIKEP,5288,Usain,7,III.,4.6,0
18381,2024-12-31,14:35,KINCSEM+ TUTI - ZENTHE FERENC EMLÉKVERSENY HENDIKEP,6702,Ezigen,4,IV.,2.7,0
18381,2024-12-31,14:35,KINCSEM+ TUTI - ZENTHE FERENC EMLÉKVERSENY HENDIKEP,4968,Titus Livius,5,V.,11.5,0
18381,2024-12-31,14:35,KINCSEM+ TUTI - ZENTHE FERENC EMLÉKVERSENY HENDIKEP,5536,Winner Boy,3,VI.,8.8,0
18381,2024-12-31,14:35,KINCSEM+ TUTI - ZENTHE FERENC EMLÉKVERSENY HENDIKEP,5960,Ann Bella M,8,7.,2.2,0
18381,2024-12-31,14:35,KINCSEM+ TUTI - ZENTHE FERENC EMLÉKVERSENY HENDIKEP,6460,Dezmin Lady,1,gal.,16.4,0
18376,2024-12-31,15:10,ORBICO HUNGARY DÍJ,6986,Face to face,8,I.,1.5,0
18376,2024-12-31,15:10,ORBICO HUNGARY DÍJ,6927,Fast Track,4,II.,25.3,0
18376,2024-12-31,15:10,ORBICO HUNGARY DÍJ,7034,Formula,5,III.,6.5,0
18376,2024-12-31,15:10,ORBICO HUNGARY DÍJ,7010,Blanka BBM,2,IV.,20.6,0
18376,2024-12-31,15:10,ORBICO HUNGARY DÍJ,6934,Zaira LV,9,V.,16.6,0
18376,2024-12-31,15:10,ORBICO HUNGARY DÍJ,7085,El Nino N,6,6.,10.7,0
18376,2024-12-31,15:10,ORBICO HUNGARY DÍJ,6690,Enterprise,10,7.,25.6,0
18376,2024-12-31,15:10,ORBICO HUNGARY DÍJ,7136,First Home,3,8.,9.7,0
18376,2024-12-31,15:10,ORBICO HUNGARY DÍJ,6999,First Lady KJ,1,9.,14.4,0
18376,2024-12-31,15:10,ORBICO HUNGARY DÍJ,7094,Full Speed,7,10.,4.7,0
18383,2024-12-31,15:48,BET.LOVI.HU - BUBIK ISTVÁN EMLÉKVERSENY HENDIKEP,6472,Dumbledore,7,I.,2.7,0
18383,2024-12-31,15:48,BET.LOVI.HU - BUBIK ISTVÁN EMLÉKVERSENY HENDIKEP,7171,Peter Piper,4,II.,2.3,0
18383,2024-12-31,15:48,BET.LOVI.HU - BUBIK ISTVÁN EMLÉKVERSENY HENDIKEP,6066,Berill Lady,5,III.,5.3,0
18383,2024-12-31,15:48,BET.LOVI.HU - BUBIK ISTVÁN EMLÉKVERSENY HENDIKEP,5228,Uptown Boy M,8,IV.,6.9,0
18383,2024-12-31,15:48,BET.LOVI.HU - BUBIK ISTVÁN EMLÉKVERSENY HENDIKEP,5795,Zara Mia,3,V.,7.7,0
18383,2024-12-31,15:48,BET.LOVI.HU - BUBIK ISTVÁN EMLÉKVERSENY HENDIKEP,6441,Diána Gull,6,VI.,8.9,0
18383,2024-12-31,15:48,BET.LOVI.HU - BUBIK ISTVÁN EMLÉKVERSENY HENDIKEP,6475,Discovery LW,9,7.,23.1,0
18383,2024-12-31,15:48,BET.LOVI.HU - BUBIK ISTVÁN EMLÉKVERSENY HENDIKEP,6358,Calvin,1,8.,15.6,0
18380,2024-12-31,16:30,KŐBÁNYA SC ÖKÖLVÍVÓ SZAKOSZTÁLY DÍJA HENDIKEP,6047,Baraka SS,8,I.,1.8,0
18380,2024-12-31,16:30,KŐBÁNYA SC ÖKÖLVÍVÓ SZAKOSZTÁLY DÍJA HENDIKEP,5925,Anikó,7,II.,6.3,0
18380,2024-12-31,16:30,KŐBÁNYA SC ÖKÖLVÍVÓ SZAKOSZTÁLY DÍJA HENDIKEP,5721,Zippy Boy,1,III.,7.1,0
18380,2024-12-31,16:30,KŐBÁNYA SC ÖKÖLVÍVÓ SZAKOSZTÁLY DÍJA HENDIKEP,5990,Aranyérem M,2,IV.,10.0,0
18380,2024-12-31,16:30,KŐBÁNYA SC ÖKÖLVÍVÓ SZAKOSZTÁLY DÍJA HENDIKEP,6919,Fermina Daza,6,V.,28.9,0
18380,2024-12-31,16:30,KŐBÁNYA SC ÖKÖLVÍVÓ SZAKOSZTÁLY DÍJA HENDIKEP,5904,Australian Gold,9,6.,8.6,0
18380,2024-12-31,16:30,KŐBÁNYA SC ÖKÖLVÍVÓ SZAKOSZTÁLY DÍJA HENDIKEP,5610,Winoc SB,5,7.,5.0,0
18380,2024-12-31,16:30,KŐBÁNYA SC ÖKÖLVÍVÓ SZAKOSZTÁLY DÍJA HENDIKEP,6071,Bellini Fling,4,8.,13.0,0
18380,2024-12-31,16:30,KŐBÁNYA SC ÖKÖLVÍVÓ SZAKOSZTÁLY DÍJA HENDIKEP,7035,Firkó,3,9.,9.5,0
18378,2024-12-31,17:08,NYEREGBE! DÍJ,6901,Eastwood,1,I.,2.4,0
18378,2024-12-31,17:08,NYEREGBE! DÍJ,6331,Charming Boy,5,II.,2.9,0
18378,2024-12-31,17:08,NYEREGBE! DÍJ,6308,Csábító R.,4,III.,1.8,0
18378,2024-12-31,17:08,NYEREGBE! DÍJ,6864,In Love Danover,3,IV.,8.6,0
18378,2024-12-31,17:08,NYEREGBE! DÍJ,6121,Farya BD,6,V.,13.6,0
18379,2024-12-31,17:50,TIPPMIX - LOVAREGYLETI DÍJ,6464,Dolomit Boy,5,I.,6.0,0
18379,2024-12-31,17:50,TIPPMIX - LOVAREGYLETI DÍJ,6903,Cardenas Baba,8,II.,1.3,0
18379,2024-12-31,17:50,TIPPMIX - LOVAREGYLETI DÍJ,5906,Anybody,4,III.,12.1,0
18379,2024-12-31,17:50,TIPPMIX - LOVAREGYLETI DÍJ,6780,Eternal Flame,1,IV.,13.7,0
18379,2024-12-31,17:50,TIPPMIX - LOVAREGYLETI DÍJ,6023,Acélos Fiú,3,V.,5.5,0
18379,2024-12-31,17:50,TIPPMIX - LOVAREGYLETI DÍJ,6954,Palace Bo,7,6.,9.9,0
18379,2024-12-31,17:50,TIPPMIX - LOVAREGYLETI DÍJ,7163,Zacapa U.S.,6,7.,11.4,0
18379,2024-12-31,17:50,TIPPMIX - LOVAREGYLETI DÍJ,7308,Ducky Baba,2,8.,14.7,0
18382,2024-12-31,18:36,B.Ú.É.K. 2025 HENDIKEP,5504,Vakarcs RG,2,I.,26.0,0
18382,2024-12-31,18:36,B.Ú.É.K. 2025 HENDIKEP,6342,Carlos Fox,3,II.,2.5,0
18382,2024-12-31,18:36,B.Ú.É.K. 2025 HENDIKEP,6303,CR-Seven,1,III.,8.7,0
18382,2024-12-31,18:36,B.Ú.É.K. 2025 HENDIKEP,5831,King's Call,9,IV.,3.4,0
18382,2024-12-31,18:36,B.Ú.É.K. 2025 HENDIKEP,6262,Bronz Boy,11,V.,16.4,0
18382,2024-12-31,18:36,B.Ú.É.K. 2025 HENDIKEP,6703,Etalon N,5,6.,8.4,0
18382,2024-12-31,18:36,B.Ú.É.K. 2025 HENDIKEP,6679,Inforgettable,6,7.,32.2,0
18382,2024-12-31,18:36,B.Ú.É.K. 2025 HENDIKEP,6305,Csikós,10,8.,18.4,0
18382,2024-12-31,18:36,B.Ú.É.K. 2025 HENDIKEP,6854,Elegáns Hölgy,7,9.,4.0,0
18382,2024-12-31,18:36,B.Ú.É.K. 2025 HENDIKEP,6459,Diamond Ville,4,gal.,11.6,0
18382,2024-12-31,18:36,B.Ú.É.K. 2025 HENDIKEP,6936,Aaron LV,12,gal.,25.0,0
18364,2024-12-21,10:51,PRÓBAFUTAM,7163,Zacapa U.S.,3,1.,,1
18364,2024-12-21,10:51,PRÓBAFUTAM,5904,Australian Gold,2,2.,,0
18364,2024-12-21,10:51,PRÓBAFUTAM,7051,Fára Noble BD,1,gal.,,0
18363,2024-12-21,10:30,Q44 KVALIFIKÁCIÓ,7299,Portofino Boko,2,1.,,1
18363,2024-12-21,10:30,Q44 KVALIFIKÁCIÓ,7079,Griff Grand Laser,3,2.,,0
18363,2024-12-21,10:30,Q44 KVALIFIKÁCIÓ,7113,Gombóc Artúr,1,3.,,0
18371,2024-12-21,11:20,2024. ÉVI SEGÉDHAJTÓ KUPA VI. FUTAMA HENDIKEP,6525,Big Ben Pax,5,I.,1.3,0
18371,2024-12-21,11:20,2024. ÉVI SEGÉDHAJTÓ KUPA VI. FUTAMA HENDIKEP,5540,Velence R.,2,II.,24.8,0
18371,2024-12-21,11:20,2024. ÉVI SEGÉDHAJTÓ KUPA VI. FUTAMA HENDIKEP,5504,Vakarcs RG,3,III.,5.1,0
18371,2024-12-21,11:20,2024. ÉVI SEGÉDHAJTÓ KUPA VI. FUTAMA HENDIKEP,6330,Che Comandante,6,IV.,5.1,0
18371,2024-12-21,11:20,2024. ÉVI SEGÉDHAJTÓ KUPA VI. FUTAMA HENDIKEP,6435,Ducks,1,V.,3.8,0
18371,2024-12-21,11:20,2024. ÉVI SEGÉDHAJTÓ KUPA VI. FUTAMA HENDIKEP,4945,Trencsén,4,6.,30.1,0
18366,2024-12-21,11:50,ADVENTI DÍJ,6944,Euphoria,8,I.,18.0,0
18366,2024-12-21,11:50,ADVENTI DÍJ,7053,Fabio,4,II.,1.6,0
18366,2024-12-21,11:50,ADVENTI DÍJ,7055,Feeling Great BD,3,III.,2.2,0
18366,2024-12-21,11:50,ADVENTI DÍJ,7099,Fizető,5,IV.,,0
18366,2024-12-21,11:50,ADVENTI DÍJ,7124,Fess Fiú,1,V.,9.0,0
18366,2024-12-21,11:50,ADVENTI DÍJ,6922,Follow the Flow,7,6.,36.0,0
18366,2024-12-21,11:50,ADVENTI DÍJ,6981,Evita Meerswal,9,7.,18.0,0
18366,2024-12-21,11:50,ADVENTI DÍJ,6982,Farkasfog,2,gal.,6.0,0
18366,2024-12-21,11:50,ADVENTI DÍJ,7086,Fakta,6,gal.,,0
18365,2024-12-21,12:20,NYERETLEN KÉTÉVESEK VERSENYE,7269,Gloria Estefan A.T.,6,I.,1.7,0
18365,2024-12-21,12:20,NYERETLEN KÉTÉVESEK VERSENYE,7199,Gingerly KJ,7,II.,4.4,0
18365,2024-12-21,12:20,NYERETLEN KÉTÉVESEK VERSENYE,7103,Grace Kelly,4,III.,8.0,0
18365,2024-12-21,12:20,NYERETLEN KÉTÉVESEK VERSENYE,7191,Glitter Lady,5,IV.,8.0,0
18365,2024-12-21,12:20,NYERETLEN KÉTÉVESEK VERSENYE,7064,Ganybody,2,V.,10.0,0
18365,2024-12-21,12:20,NYERETLEN KÉTÉVESEK VERSENYE,7309,Goldina Amok,3,6.,3.3,0
18365,2024-12-21,12:20,NYERETLEN KÉTÉVESEK VERSENYE,7192,Grófnő R.,1,gal.,40.1,0
18370,2024-12-21,13:03,HÓVIRÁG HENDIKEP,6342,Carlos Fox,5,I.,2.4,0
18370,2024-12-21,13:03,HÓVIRÁG HENDIKEP,6378,Chesterfield,6,II.,9.1,0
18370,2024-12-21,13:03,HÓVIRÁG HENDIKEP,6507,Despasito,9,III.,5.2,0
18370,2024-12-21,13:03,HÓVIRÁG HENDIKEP,5925,Anikó,2,IV.,12.2,0
18370,2024-12-21,13:03,HÓVIRÁG HENDIKEP,6119,Firefly Shadow,7,V.,2.0,0
18370,2024-12-21,13:03,HÓVIRÁG HENDIKEP,5247,Universal Boy,8,6.,12.2,0
18370,2024-12-21,13:03,HÓVIRÁG HENDIKEP,5695,Vinifera M,4,7.,18.3,0
18370,2024-12-21,13:03,HÓVIRÁG HENDIKEP,6131,Bulibáró,3,8.,18.3,0
18369,2024-12-21,13:30,JÉGVIRÁG HENDIKEP,6336,Allegro Barbaro,1,I.,9.9,0
18369,2024-12-21,13:30,JÉGVIRÁG HENDIKEP,5856,Donia d'Aunay,3,II.,1.8,0
18369,2024-12-21,13:30,JÉGVIRÁG HENDIKEP,6992,Finiselj!,2,III.,2.9,0
18369,2024-12-21,13:30,JÉGVIRÁG HENDIKEP,6511,Demi Moore,5,IV.,4.5,0
18369,2024-12-21,13:30,JÉGVIRÁG HENDIKEP,6062,Best Boy,4,V.,9.9,0
18369,2024-12-21,13:30,JÉGVIRÁG HENDIKEP,5730,Magic Bucks,7,6.,8.2,0
18369,2024-12-21,13:30,JÉGVIRÁG HENDIKEP,6051,Briliáns BD,6,7.,24.8,0
18367,2024-12-21,14:03,TÉLI DÍJ,6706,Eperke,5,I.,5.6,0
18367,2024-12-21,14:03,TÉLI DÍJ,6700,Escobar,6,II.,1.8,0
18367,2024-12-21,14:03,TÉLI DÍJ,7094,Full Speed,4,III.,2.8,0
18367,2024-12-21,14:03,TÉLI DÍJ,6709,Eccelenza,2,IV.,10.5,0
18367,2024-12-21,14:03,TÉLI DÍJ,6703,Etalon N,8,V.,14.0,0
18367,2024-12-21,14:03,TÉLI DÍJ,7149,Füge M,3,6.,12.0,0
18367,2024-12-21,14:03,TÉLI DÍJ,6953,Eposz,1,gal.,12.0,0
18367,2024-12-21,14:03,TÉLI DÍJ,6782,Downtown Girl M,7,gal.,16.8,0
18368,2024-12-21,14:31,DECEMBERI AMATŐRVERSENY DÍJ,6901,Eastwood,2,I.,2.1,0
18368,2024-12-21,14:31,DECEMBERI AMATŐRVERSENY DÍJ,6308,Csábító R.,4,II.,2.1,0
18368,2024-12-21,14:31,DECEMBERI AMATŐRVERSENY DÍJ,6310,Compact Boy,1,III.,4.0,0
18368,2024-12-21,14:31,DECEMBERI AMATŐRVERSENY DÍJ,6441,Diána Gull,6,IV.,9.6,0
18368,2024-12-21,14:31,DECEMBERI AMATŐRVERSENY DÍJ,6864,In Love Danover,3,V.,8.0,0
18368,2024-12-21,14:31,DECEMBERI AMATŐRVERSENY DÍJ,6068,Balerina R.,5,6.,12.0,0
18372,2024-12-21,15:00,KARÁCSONYI HENDIKEP,6472,Dumbledore,2,I.,3.9,0
18372,2024-12-21,15:00,KARÁCSONYI HENDIKEP,6066,Berill Lady,6,II.,5.6,0
18372,2024-12-21,15:00,KARÁCSONYI HENDIKEP,6018,Bonus RG,4,III.,3.9,0
18372,2024-12-21,15:00,KARÁCSONYI HENDIKEP,6704,Emerald,3,IV.,19.7,0
18372,2024-12-21,15:00,KARÁCSONYI HENDIKEP,5905,Adamo Fling,9,V.,3.2,0
18372,2024-12-21,15:00,KARÁCSONYI HENDIKEP,6898,Euzébió,1,6.,19.7,0
18372,2024-12-21,15:00,KARÁCSONYI HENDIKEP,4788,Szilvás,7,7.,19.7,0
18372,2024-12-21,15:00,KARÁCSONYI HENDIKEP,5228,Uptown Boy M,8,8.,7.8,0
18372,2024-12-21,15:00,KARÁCSONYI HENDIKEP,6003,Ambrosia Gielle,5,gal.,7.8,0
18372,2024-12-21,15:00,KARÁCSONYI HENDIKEP,6366,Celerina Boss,10,gal.,13.1,0
18354,2024-12-14,11:00,PRÓBAFUTAM,6342,Carlos Fox,1,1.,,1
18353,2024-12-14,10:46,Q43 KVALIFIKÁCIÓ,7169,Giorgio Ville,2,1.,,1
18353,2024-12-14,10:46,Q43 KVALIFIKÁCIÓ,7309,Goldina Amok,4,2.,,0
18353,2024-12-14,10:46,Q43 KVALIFIKÁCIÓ,7167,Gainsville,1,3.,,0
18353,2024-12-14,10:46,Q43 KVALIFIKÁCIÓ,7079,Griff Grand Laser,3,gal.,,0
18357,2024-12-14,11:30,LECKE DÍJ,7255,Top Hill,3,I.,1.6,0
18357,2024-12-14,11:30,LECKE DÍJ,6920,Fliegauf,2,II.,5.4,0
18357,2024-12-14,11:30,LECKE DÍJ,6315,Csodabogyó,5,III.,8.4,0
18357,2024-12-14,11:30,LECKE DÍJ,6987,Fabrice,9,IV.,15.4,0
18357,2024-12-14,11:30,LECKE DÍJ,6929,Fendi,12,V.,23.1,0
18357,2024-12-14,11:30,LECKE DÍJ,6692,Excellence,4,6.,18.4,0
18357,2024-12-14,11:30,LECKE DÍJ,6697,Erzsébet Királynő,7,7.,23.1,0
18357,2024-12-14,11:30,LECKE DÍJ,6698,Easy Bet,6,8.,30.8,0
18357,2024-12-14,11:30,LECKE DÍJ,6788,Morena LV,10,9.,30.8,0
18357,2024-12-14,11:30,LECKE DÍJ,6690,Enterprise,1,10.,13.2,0
18357,2024-12-14,11:30,LECKE DÍJ,6878,Éden Evo,8,gal.,5.1,0
18357,2024-12-14,11:30,LECKE DÍJ,6696,Édes K,11,gal.,30.8,0
18355,2024-12-14,12:04,NYERETLENEK VERSENYE - WASSERFALL DÍJ,7118,Ferrari,4,I.,2.4,0
18355,2024-12-14,12:04,NYERETLENEK VERSENYE - WASSERFALL DÍJ,7104,Florentin,2,II.,3.9,0
18355,2024-12-14,12:04,NYERETLENEK VERSENYE - WASSERFALL DÍJ,6952,Fifty-Fifty,5,III.,7.8,0
18355,2024-12-14,12:04,NYERETLENEK VERSENYE - WASSERFALL DÍJ,7124,Fess Fiú,1,gal.,2.8,0
18355,2024-12-14,12:04,NYERETLENEK VERSENYE - WASSERFALL DÍJ,7000,Fantastic Dream BD,6,gal.,19.7,0
18355,2024-12-14,12:04,NYERETLENEK VERSENYE - WASSERFALL DÍJ,7082,Fire Bird,3,disq.,3.5,0
18358,2024-12-14,12:34,ORINOCO HENDIKEP,5695,Vinifera M,1,I.,3.6,0
18358,2024-12-14,12:34,ORINOCO HENDIKEP,6460,Dezmin Lady,5,II.,3.8,0
18358,2024-12-14,12:34,ORINOCO HENDIKEP,6343,Chicago,3,III.,2.1,0
18358,2024-12-14,12:34,ORINOCO HENDIKEP,6051,Briliáns BD,2,IV.,3.6,0
18358,2024-12-14,12:34,ORINOCO HENDIKEP,6062,Best Boy,6,tü.,5.5,0
18362,2024-12-14,13:01,NEBULÓ DÍJ,5894,Apollo Creed,2,I.,14.7,0
18362,2024-12-14,13:01,NEBULÓ DÍJ,6954,Palace Bo,11,II.,2.5,0
18362,2024-12-14,13:01,NEBULÓ DÍJ,5906,Anybody,9,III.,7.3,0
18362,2024-12-14,13:01,NEBULÓ DÍJ,6464,Dolomit Boy,12,IV.,7.9,0
18362,2024-12-14,13:01,NEBULÓ DÍJ,7171,Peter Piper,1,V.,34.4,0
18362,2024-12-14,13:01,NEBULÓ DÍJ,6331,Charming Boy,6,6.,10.3,0
18362,2024-12-14,13:01,NEBULÓ DÍJ,4788,Szilvás,4,7.,4.1,0
18362,2024-12-14,13:01,NEBULÓ DÍJ,7147,Cupido GSO,3,8.,5.1,0
18362,2024-12-14,13:01,NEBULÓ DÍJ,6165,Bűbájos,7,gal.,12.9,0
18362,2024-12-14,13:01,NEBULÓ DÍJ,7308,Ducky Baba,8,gal.,14.7,0
18362,2024-12-14,13:01,NEBULÓ DÍJ,5725,Zente,10,gal.,20.6,0
18360,2024-12-14,13:31,UNACCEPTED HENDIKEP,6745,Aerodynamics,8,I.,7.6,0
18360,2024-12-14,13:31,UNACCEPTED HENDIKEP,6854,Elegáns Hölgy,7,II.,2.2,0
18360,2024-12-14,13:31,UNACCEPTED HENDIKEP,6303,CR-Seven,3,III.,5.1,0
18360,2024-12-14,13:31,UNACCEPTED HENDIKEP,6328,Credit Card,6,IV.,6.8,0
18360,2024-12-14,13:31,UNACCEPTED HENDIKEP,4968,Titus Livius,4,V.,20.4,0
18360,2024-12-14,13:31,UNACCEPTED HENDIKEP,6380,Cukrom,5,6.,10.2,0
18360,2024-12-14,13:31,UNACCEPTED HENDIKEP,5288,Usain,9,7.,12.2,0
18360,2024-12-14,13:31,UNACCEPTED HENDIKEP,6438,Danny DeVito,2,8.,3.6,0
18360,2024-12-14,13:31,UNACCEPTED HENDIKEP,6546,Count Basie AT,1,9.,20.4,0
18356,2024-12-14,14:02,ZÖLD KIRÁLY DÍJ,7274,Lucky de Sajan,2,I.,1.6,0
18356,2024-12-14,14:02,ZÖLD KIRÁLY DÍJ,7247,Fancy Jet,4,II.,3.4,0
18356,2024-12-14,14:02,ZÖLD KIRÁLY DÍJ,7149,Füge M,5,III.,13.0,0
18356,2024-12-14,14:02,ZÖLD KIRÁLY DÍJ,6999,First Lady KJ,3,IV.,,0
18356,2024-12-14,14:02,ZÖLD KIRÁLY DÍJ,7035,Firkó,6,V.,13.0,0
18356,2024-12-14,14:02,ZÖLD KIRÁLY DÍJ,6922,Follow the Flow,1,gal.,5.2,0
18356,2024-12-14,14:02,ZÖLD KIRÁLY DÍJ,7136,First Home,7,gal.,4.0,0
18361,2024-12-14,14:31,2024. ÉVI AMATŐR KUPA VI. FUTAMA HENDIKEP,6261,Be Happy,6,I.,2.0,0
18361,2024-12-14,14:31,2024. ÉVI AMATŐR KUPA VI. FUTAMA HENDIKEP,6066,Berill Lady,3,II.,3.2,0
18361,2024-12-14,14:31,2024. ÉVI AMATŐR KUPA VI. FUTAMA HENDIKEP,6617,Diófás,5,III.,2.6,0
18361,2024-12-14,14:31,2024. ÉVI AMATŐR KUPA VI. FUTAMA HENDIKEP,5325,Ultimate Force,1,IV.,7.4,0
18361,2024-12-14,14:31,2024. ÉVI AMATŐR KUPA VI. FUTAMA HENDIKEP,6877,Petra La Roque,4,V.,7.6,0
18361,2024-12-14,14:31,2024. ÉVI AMATŐR KUPA VI. FUTAMA HENDIKEP,4945,Trencsén,2,6.,24.2,0
18359,2024-12-14,15:00,IDA JUNE HENDIKEP,6657,Dreamer,7,I.,3.7,0
18359,2024-12-14,15:00,IDA JUNE HENDIKEP,4611,Pálinka,4,II.,3.7,0
18359,2024-12-14,15:00,IDA JUNE HENDIKEP,5270,Une Dame,6,III.,1.4,0
18359,2024-12-14,15:00,IDA JUNE HENDIKEP,5730,Magic Bucks,1,IV.,24.9,0
18359,2024-12-14,15:00,IDA JUNE HENDIKEP,6071,Bellini Fling,2,V.,14.9,0
18359,2024-12-14,15:00,IDA JUNE HENDIKEP,6919,Fermina Daza,5,6.,37.4,0
18359,2024-12-14,15:00,IDA JUNE HENDIKEP,5700,Vezér,3,7.,10.6,0
18343,2024-12-07,10:25,PRÓBAFUTAM,6377,Cintia RG,2,1.,,1
18343,2024-12-07,10:25,PRÓBAFUTAM,7051,Fára Noble BD,1,2.,,0
18342,2024-12-07,10:10,Q42 KVALIFIKÁCIÓ,7079,Griff Grand Laser,1,gal.,,0
18346,2024-12-07,11:00,OROSHÁZI LOVAS EGYESÜLET DÍJA - NYERETLENEK VERSENYE,7035,Firkó,6,I.,7.0,0
18346,2024-12-07,11:00,OROSHÁZI LOVAS EGYESÜLET DÍJA - NYERETLENEK VERSENYE,6992,Finiselj!,10,II.,1.9,0
18346,2024-12-07,11:00,OROSHÁZI LOVAS EGYESÜLET DÍJA - NYERETLENEK VERSENYE,7098,Fernando,8,III.,17.6,0
18346,2024-12-07,11:00,OROSHÁZI LOVAS EGYESÜLET DÍJA - NYERETLENEK VERSENYE,7118,Ferrari,3,IV.,8.8,0
18346,2024-12-07,11:00,OROSHÁZI LOVAS EGYESÜLET DÍJA - NYERETLENEK VERSENYE,7000,Fantastic Dream BD,9,V.,35.3,0
18346,2024-12-07,11:00,OROSHÁZI LOVAS EGYESÜLET DÍJA - NYERETLENEK VERSENYE,7175,Fearless ASM,1,gal.,11.7,0
18346,2024-12-07,11:00,OROSHÁZI LOVAS EGYESÜLET DÍJA - NYERETLENEK VERSENYE,6991,Falcon VT,4,gal.,11.7,0
18346,2024-12-07,11:00,OROSHÁZI LOVAS EGYESÜLET DÍJA - NYERETLENEK VERSENYE,6922,Follow the Flow,5,gal.,17.6,0
18346,2024-12-07,11:00,OROSHÁZI LOVAS EGYESÜLET DÍJA - NYERETLENEK VERSENYE,6057,Bitangjó,7,tü.,4.4,0
18346,2024-12-07,11:00,OROSHÁZI LOVAS EGYESÜLET DÍJA - NYERETLENEK VERSENYE,7124,Fess Fiú,2,disq.,5.8,0
18347,2024-12-07,11:32,KÁRAI TRANS DÍJA,6986,Face to face,4,I.,1.8,0
18347,2024-12-07,11:32,KÁRAI TRANS DÍJA,6965,Felhők felett,6,II.,2.8,0
18347,2024-12-07,11:32,KÁRAI TRANS DÍJA,7094,Full Speed,5,III.,4.0,0
18347,2024-12-07,11:32,KÁRAI TRANS DÍJA,6995,Fany,3,IV.,18.8,0
18347,2024-12-07,11:32,KÁRAI TRANS DÍJA,7085,El Nino N,7,V.,9.4,0
18347,2024-12-07,11:32,KÁRAI TRANS DÍJA,6953,Eposz,9,6.,28.2,0
18347,2024-12-07,11:32,KÁRAI TRANS DÍJA,6927,Fast Track,2,7.,18.8,0
18347,2024-12-07,11:32,KÁRAI TRANS DÍJA,6709,Eccelenza,8,8.,56.4,0
18347,2024-12-07,11:32,KÁRAI TRANS DÍJA,7010,Blanka BBM,1,9.,14.1,0
18350,2024-12-07,12:00,KULIK FARM DÍJA HENDIKEP,7034,Formula,6,I.,4.6,0
18350,2024-12-07,12:00,KULIK FARM DÍJA HENDIKEP,6299,Beyond The Limits,2,II.,5.0,0
18350,2024-12-07,12:00,KULIK FARM DÍJA HENDIKEP,5990,Aranyérem M,1,III.,2.1,0
18350,2024-12-07,12:00,KULIK FARM DÍJA HENDIKEP,4611,Pálinka,4,IV.,6.1,0
18350,2024-12-07,12:00,KULIK FARM DÍJA HENDIKEP,6919,Fermina Daza,9,V.,27.8,0
18350,2024-12-07,12:00,KULIK FARM DÍJA HENDIKEP,6358,Calvin,7,6.,9.2,0
18350,2024-12-07,12:00,KULIK FARM DÍJA HENDIKEP,6071,Bellini Fling,3,7.,7.9,0
18350,2024-12-07,12:00,KULIK FARM DÍJA HENDIKEP,5227,Urban Legend,5,8.,7.9,0
18350,2024-12-07,12:00,KULIK FARM DÍJA HENDIKEP,6131,Bulibáró,8,9.,27.8,0
18351,2024-12-07,12:30,ALFÖLD GYÖNGYE - GYOPÁROSFÜRDŐI HENDIKEP,6052,Auróra,7,I.,1.8,0
18351,2024-12-07,12:30,ALFÖLD GYÖNGYE - GYOPÁROSFÜRDŐI HENDIKEP,6854,Elegáns Hölgy,4,II.,3.8,0
18351,2024-12-07,12:30,ALFÖLD GYÖNGYE - GYOPÁROSFÜRDŐI HENDIKEP,5536,Winner Boy,2,III.,3.8,0
18351,2024-12-07,12:30,ALFÖLD GYÖNGYE - GYOPÁROSFÜRDŐI HENDIKEP,6378,Chesterfield,3,IV.,16.7,0
18351,2024-12-07,12:30,ALFÖLD GYÖNGYE - GYOPÁROSFÜRDŐI HENDIKEP,5540,Velence R.,8,V.,16.7,0
18351,2024-12-07,12:30,ALFÖLD GYÖNGYE - GYOPÁROSFÜRDŐI HENDIKEP,6507,Despasito,6,6.,10.0,0
18351,2024-12-07,12:30,ALFÖLD GYÖNGYE - GYOPÁROSFÜRDŐI HENDIKEP,6546,Count Basie AT,5,7.,25.1,0
18351,2024-12-07,12:30,ALFÖLD GYÖNGYE - GYOPÁROSFÜRDŐI HENDIKEP,6343,Chicago,1,8.,6.2,0
18349,2024-12-07,13:07,OROSHÁZA VÁROS NAGYDÍJA - NAGY LÁSZLÓ EMLÉKVERSENY,6464,Dolomit Boy,6,I.,11.9,0
18349,2024-12-07,13:07,OROSHÁZA VÁROS NAGYDÍJA - NAGY LÁSZLÓ EMLÉKVERSENY,6780,Eternal Flame,2,II.,5.2,0
18349,2024-12-07,13:07,OROSHÁZA VÁROS NAGYDÍJA - NAGY LÁSZLÓ EMLÉKVERSENY,5906,Anybody,4,III.,7.6,0
18349,2024-12-07,13:07,OROSHÁZA VÁROS NAGYDÍJA - NAGY LÁSZLÓ EMLÉKVERSENY,6954,Palace Bo,8,IV.,1.5,0
18349,2024-12-07,13:07,OROSHÁZA VÁROS NAGYDÍJA - NAGY LÁSZLÓ EMLÉKVERSENY,5725,Zente,5,V.,16.7,0
18349,2024-12-07,13:07,OROSHÁZA VÁROS NAGYDÍJA - NAGY LÁSZLÓ EMLÉKVERSENY,6165,Bűbájos,3,6.,13.9,0
18349,2024-12-07,13:07,OROSHÁZA VÁROS NAGYDÍJA - NAGY LÁSZLÓ EMLÉKVERSENY,6776,Premal MS,9,7.,16.7,0
18349,2024-12-07,13:07,OROSHÁZA VÁROS NAGYDÍJA - NAGY LÁSZLÓ EMLÉKVERSENY,6470,Devoted,7,8.,4.1,0
18348,2024-12-07,13:34,OROSHÁZI BARÁTOK - HORVÁTH DEZSŐ ÉS KŐMŰVES FERENC EV.,6901,Eastwood,7,I.,3.9,0
18348,2024-12-07,13:34,OROSHÁZI BARÁTOK - HORVÁTH DEZSŐ ÉS KŐMŰVES FERENC EV.,6310,Compact Boy,4,II.,3.9,0
18348,2024-12-07,13:34,OROSHÁZI BARÁTOK - HORVÁTH DEZSŐ ÉS KŐMŰVES FERENC EV.,6340,Cunami,6,III.,5.6,0
18348,2024-12-07,13:34,OROSHÁZI BARÁTOK - HORVÁTH DEZSŐ ÉS KŐMŰVES FERENC EV.,6514,El Valle Sagrado,3,IV.,11.3,0
18348,2024-12-07,13:34,OROSHÁZI BARÁTOK - HORVÁTH DEZSŐ ÉS KŐMŰVES FERENC EV.,6898,Euzébió,1,V.,5.4,0
18348,2024-12-07,13:34,OROSHÁZI BARÁTOK - HORVÁTH DEZSŐ ÉS KŐMŰVES FERENC EV.,6475,Discovery LW,9,6.,17.0,0
18348,2024-12-07,13:34,OROSHÁZI BARÁTOK - HORVÁTH DEZSŐ ÉS KŐMŰVES FERENC EV.,7171,Peter Piper,8,7.,12.4,0
18348,2024-12-07,13:34,OROSHÁZI BARÁTOK - HORVÁTH DEZSŐ ÉS KŐMŰVES FERENC EV.,5724,Zero di Jesolo,5,8.,19.5,0
18348,2024-12-07,13:34,OROSHÁZI BARÁTOK - HORVÁTH DEZSŐ ÉS KŐMŰVES FERENC EV.,6861,Emeli Sandé A.T.,2,gal.,3.1,0
18345,2024-12-07,14:02,GY + GY ISTÁLLÓ DÍJA - KÉTÉVESEK VERSENYE,7066,Gustavo,4,I.,1.6,0
18345,2024-12-07,14:02,GY + GY ISTÁLLÓ DÍJA - KÉTÉVESEK VERSENYE,7269,Gloria Estefan A.T.,3,II.,22.8,0
18345,2024-12-07,14:02,GY + GY ISTÁLLÓ DÍJA - KÉTÉVESEK VERSENYE,7187,Genesis,6,III.,6.3,0
18345,2024-12-07,14:02,GY + GY ISTÁLLÓ DÍJA - KÉTÉVESEK VERSENYE,7200,Icibell BD,2,IV.,38.0,0
18345,2024-12-07,14:02,GY + GY ISTÁLLÓ DÍJA - KÉTÉVESEK VERSENYE,7201,Renebell BD,1,gal.,28.5,0
18345,2024-12-07,14:02,GY + GY ISTÁLLÓ DÍJA - KÉTÉVESEK VERSENYE,7185,Győztes Szív,5,gal.,1.6,0
18352,2024-12-07,14:33,JELINEK LÁSZLÓ EMLÉKVERSENY HENDIKEP,5962,Zénó Boko,6,I.,3.4,0
18352,2024-12-07,14:33,JELINEK LÁSZLÓ EMLÉKVERSENY HENDIKEP,6624,My Dyla LV,12,II.,3.0,0
18352,2024-12-07,14:33,JELINEK LÁSZLÓ EMLÉKVERSENY HENDIKEP,6441,Diána Gull,11,III.,17.6,0
18352,2024-12-07,14:33,JELINEK LÁSZLÓ EMLÉKVERSENY HENDIKEP,5960,Ann Bella M,4,IV.,12.6,0
18352,2024-12-07,14:33,JELINEK LÁSZLÓ EMLÉKVERSENY HENDIKEP,6679,Inforgettable,5,V.,29.4,0
18352,2024-12-07,14:33,JELINEK LÁSZLÓ EMLÉKVERSENY HENDIKEP,6380,Cukrom,3,6.,9.8,0
18352,2024-12-07,14:33,JELINEK LÁSZLÓ EMLÉKVERSENY HENDIKEP,6003,Ambrosia Gielle,10,7.,14.7,0
18352,2024-12-07,14:33,JELINEK LÁSZLÓ EMLÉKVERSENY HENDIKEP,5795,Zara Mia,9,8.,3.6,0
18352,2024-12-07,14:33,JELINEK LÁSZLÓ EMLÉKVERSENY HENDIKEP,6305,Csikós,7,9.,11.0,0
18352,2024-12-07,14:33,JELINEK LÁSZLÓ EMLÉKVERSENY HENDIKEP,6459,Diamond Ville,8,10.,29.4,0
18352,2024-12-07,14:33,JELINEK LÁSZLÓ EMLÉKVERSENY HENDIKEP,5564,Valentino,2,11.,17.6,0
18352,2024-12-07,14:33,JELINEK LÁSZLÓ EMLÉKVERSENY HENDIKEP,5757,Zsofesz,1,12.,17.6,0
18344,2024-12-07,15:01,BAKA HENDIKEP - OBERON TRANS DÍJA,6023,Acélos Fiú,5,I.,1.9,0
18344,2024-12-07,15:01,BAKA HENDIKEP - OBERON TRANS DÍJA,6936,Aaron LV,3,II.,7.7,0
18344,2024-12-07,15:01,BAKA HENDIKEP - OBERON TRANS DÍJA,3754,Philadelphia,1,III.,5.6,0
18344,2024-12-07,15:01,BAKA HENDIKEP - OBERON TRANS DÍJA,6442,Dulcinea del Toboso,4,IV.,2.4,0
18344,2024-12-07,15:01,BAKA HENDIKEP - OBERON TRANS DÍJA,6727,Västerbo No Edge,2,V.,4.2,0
18332,2024-11-23,10:20,Q41 KVALIFIKÁCIÓ,7201,Renebell BD,1,1.,,1
18332,2024-11-23,10:20,Q41 KVALIFIKÁCIÓ,7079,Griff Grand Laser,2,gal.,,0
18338,2024-11-23,11:02,GERGELY IMRE EMLÉKVERSENY HENDIKEP,6299,Beyond The Limits,2,I.,1.5,0
18338,2024-11-23,11:02,GERGELY IMRE EMLÉKVERSENY HENDIKEP,5610,Winoc SB,8,II.,11.5,0
18338,2024-11-23,11:02,GERGELY IMRE EMLÉKVERSENY HENDIKEP,6460,Dezmin Lady,6,III.,2.8,0
18338,2024-11-23,11:02,GERGELY IMRE EMLÉKVERSENY HENDIKEP,5700,Vezér,9,IV.,7.7,0
18338,2024-11-23,11:02,GERGELY IMRE EMLÉKVERSENY HENDIKEP,5872,Zaharova M,3,V.,11.5,0
18338,2024-11-23,11:02,GERGELY IMRE EMLÉKVERSENY HENDIKEP,5695,Vinifera M,4,6.,7.7,0
18338,2024-11-23,11:02,GERGELY IMRE EMLÉKVERSENY HENDIKEP,6511,Demi Moore,7,7.,,0
18338,2024-11-23,11:02,GERGELY IMRE EMLÉKVERSENY HENDIKEP,6336,Allegro Barbaro,1,8.,,0
18338,2024-11-23,11:02,GERGELY IMRE EMLÉKVERSENY HENDIKEP,6051,Briliáns BD,5,9.,23.1,0
18341,2024-11-23,11:30,AMAZONVERSENY HENDIKEP,6310,Compact Boy,8,I.,4.6,0
18341,2024-11-23,11:30,AMAZONVERSENY HENDIKEP,5570,Villeneuve,6,II.,2.1,0
18341,2024-11-23,11:30,AMAZONVERSENY HENDIKEP,6472,Dumbledore,4,III.,11.5,0
18341,2024-11-23,11:30,AMAZONVERSENY HENDIKEP,6518,Lolly Pop,5,IV.,23.1,0
18341,2024-11-23,11:30,AMAZONVERSENY HENDIKEP,6163,Bombay,7,V.,7.7,0
18341,2024-11-23,11:30,AMAZONVERSENY HENDIKEP,6745,Aerodynamics,3,6.,,0
18341,2024-11-23,11:30,AMAZONVERSENY HENDIKEP,6805,Guiness des Fanes,9,7.,2.3,0
18341,2024-11-23,11:30,AMAZONVERSENY HENDIKEP,5531,Very Nice Photo,2,8.,11.5,0
18334,2024-11-23,12:01,NYERETLEN KÉTÉVESEK VERSENYE - RÁDOKI JÓZSEF EMLÉKVERSENY,7187,Genesis,5,I.,2.0,0
18334,2024-11-23,12:01,NYERETLEN KÉTÉVESEK VERSENYE - RÁDOKI JÓZSEF EMLÉKVERSENY,7108,Gotti,6,II.,3.7,0
18334,2024-11-23,12:01,NYERETLEN KÉTÉVESEK VERSENYE - RÁDOKI JÓZSEF EMLÉKVERSENY,7168,God save the Queen,4,III.,16.6,0
18334,2024-11-23,12:01,NYERETLEN KÉTÉVESEK VERSENYE - RÁDOKI JÓZSEF EMLÉKVERSENY,7269,Gloria Estefan A.T.,2,IV.,5.5,0
18334,2024-11-23,12:01,NYERETLEN KÉTÉVESEK VERSENYE - RÁDOKI JÓZSEF EMLÉKVERSENY,7199,Gingerly KJ,7,V.,3.0,0
18334,2024-11-23,12:01,NYERETLEN KÉTÉVESEK VERSENYE - RÁDOKI JÓZSEF EMLÉKVERSENY,7200,Icibell BD,3,6.,16.6,0
18334,2024-11-23,12:01,NYERETLEN KÉTÉVESEK VERSENYE - RÁDOKI JÓZSEF EMLÉKVERSENY,7192,Grófnő R.,1,gal.,11.1,0
18339,2024-11-23,12:30,LAUFER IMRE EMLÉKVERSENY HENDIKEP,6679,Inforgettable,11,I.,9.7,0
18339,2024-11-23,12:30,LAUFER IMRE EMLÉKVERSENY HENDIKEP,6962,Flinga VT,6,II.,4.8,0
18339,2024-11-23,12:30,LAUFER IMRE EMLÉKVERSENY HENDIKEP,6507,Despasito,8,III.,7.3,0
18339,2024-11-23,12:30,LAUFER IMRE EMLÉKVERSENY HENDIKEP,6438,Danny DeVito,12,IV.,14.6,0
18339,2024-11-23,12:30,LAUFER IMRE EMLÉKVERSENY HENDIKEP,5270,Une Dame,5,V.,2.4,0
18339,2024-11-23,12:30,LAUFER IMRE EMLÉKVERSENY HENDIKEP,5955,Atom Maki,9,6.,7.3,0
18339,2024-11-23,12:30,LAUFER IMRE EMLÉKVERSENY HENDIKEP,5536,Winner Boy,2,7.,9.7,0
18339,2024-11-23,12:30,LAUFER IMRE EMLÉKVERSENY HENDIKEP,5990,Aranyérem M,1,8.,14.6,0
18339,2024-11-23,12:30,LAUFER IMRE EMLÉKVERSENY HENDIKEP,6307,Csípkedd Magad!,7,9.,29.2,0
18339,2024-11-23,12:30,LAUFER IMRE EMLÉKVERSENY HENDIKEP,6119,Firefly Shadow,10,10.,9.7,0
18339,2024-11-23,12:30,LAUFER IMRE EMLÉKVERSENY HENDIKEP,6378,Chesterfield,3,11.,9.7,0
18337,2024-11-23,13:02,API DÍJ,6903,Cardenas Baba,6,I.,3.0,0
18337,2024-11-23,13:02,API DÍJ,6954,Palace Bo,5,II.,29.6,0
18337,2024-11-23,13:02,API DÍJ,7171,Peter Piper,1,III.,106.6,0
18337,2024-11-23,13:02,API DÍJ,6780,Eternal Flame,4,IV.,7.7,0
18337,2024-11-23,13:02,API DÍJ,6121,Farya BD,3,V.,88.8,0
18337,2024-11-23,13:02,API DÍJ,6731,Daytona Spav,2,6táv.,1.8,0
18337,2024-11-23,13:02,API DÍJ,6433,Digital Races,7,gal.,2.3,0
18335,2024-11-23,13:31,DR. PAPP TIBOR EMLÉKVERSENY,6986,Face to face,5,I.,1.1,0
18335,2024-11-23,13:31,DR. PAPP TIBOR EMLÉKVERSENY,7034,Formula,6,II.,,0
18335,2024-11-23,13:31,DR. PAPP TIBOR EMLÉKVERSENY,7247,Fancy Jet,3,III.,3.4,0
18335,2024-11-23,13:31,DR. PAPP TIBOR EMLÉKVERSENY,7149,Füge M,8,IV.,9.2,0
18335,2024-11-23,13:31,DR. PAPP TIBOR EMLÉKVERSENY,6924,Felix Charme,7,V.,9.2,0
18335,2024-11-23,13:31,DR. PAPP TIBOR EMLÉKVERSENY,6983,Fondorlat,9,6.,,0
18335,2024-11-23,13:31,DR. PAPP TIBOR EMLÉKVERSENY,6057,Bitangjó,2,7.,,0
18335,2024-11-23,13:31,DR. PAPP TIBOR EMLÉKVERSENY,6999,First Lady KJ,4,8táv.,13.9,0
18335,2024-11-23,13:31,DR. PAPP TIBOR EMLÉKVERSENY,6922,Follow the Flow,1,9táv.,,0
18336,2024-11-23,14:01,TÖRÖK LÁSZLÓ EMLÉKVERSENY,6973,Edoardo Ama,7,I.,9.7,0
18336,2024-11-23,14:01,TÖRÖK LÁSZLÓ EMLÉKVERSENY,7127,Francesca,1,II.,1.9,0
18336,2024-11-23,14:01,TÖRÖK LÁSZLÓ EMLÉKVERSENY,6898,Euzébió,9,III.,9.7,0
18336,2024-11-23,14:01,TÖRÖK LÁSZLÓ EMLÉKVERSENY,6778,Dancing Lady,8,IV.,4.1,0
18336,2024-11-23,14:01,TÖRÖK LÁSZLÓ EMLÉKVERSENY,6934,Zaira LV,2,V.,14.6,0
18336,2024-11-23,14:01,TÖRÖK LÁSZLÓ EMLÉKVERSENY,6692,Excellence,3,6.,14.6,0
18336,2024-11-23,14:01,TÖRÖK LÁSZLÓ EMLÉKVERSENY,6697,Erzsébet Királynő,4,7.,9.7,0
18336,2024-11-23,14:01,TÖRÖK LÁSZLÓ EMLÉKVERSENY,6788,Morena LV,6,8.,14.6,0
18336,2024-11-23,14:01,TÖRÖK LÁSZLÓ EMLÉKVERSENY,6987,Fabrice,5,gal.,4.8,0
18333,2024-11-23,14:32,MÉNESEK DÍJA,6855,Eternity Bar,1,I.,3.3,0
18333,2024-11-23,14:32,MÉNESEK DÍJA,6783,Enjoy,2,II.,1.6,0
18333,2024-11-23,14:32,MÉNESEK DÍJA,6470,Devoted,5,III.,9.1,0
18333,2024-11-23,14:32,MÉNESEK DÍJA,6316,Casino Royale,3,IV.,2.8,0
18333,2024-11-23,14:32,MÉNESEK DÍJA,6464,Dolomit Boy,4,V.,9.1,0
18340,2024-11-23,15:01,LAKY FERENC EMLÉKVERSENY HENDIKEP,6018,Bonus RG,5,I.,3.5,0
18340,2024-11-23,15:01,LAKY FERENC EMLÉKVERSENY HENDIKEP,6704,Emerald,7,II.,7.1,0
18340,2024-11-23,15:01,LAKY FERENC EMLÉKVERSENY HENDIKEP,6328,Credit Card,4,III.,9.5,0
18340,2024-11-23,15:01,LAKY FERENC EMLÉKVERSENY HENDIKEP,6021,Anna,6,IV.,9.5,0
18340,2024-11-23,15:01,LAKY FERENC EMLÉKVERSENY HENDIKEP,5795,Zara Mia,8,V.,2.8,0
18340,2024-11-23,15:01,LAKY FERENC EMLÉKVERSENY HENDIKEP,5247,Universal Boy,1,6.,5.7,0
18340,2024-11-23,15:01,LAKY FERENC EMLÉKVERSENY HENDIKEP,6546,Count Basie AT,2,7.,7.1,0
18340,2024-11-23,15:01,LAKY FERENC EMLÉKVERSENY HENDIKEP,5907,Always Winner,3,8.,5.7,0
18322,2024-11-16,11:00,Q40 KVALIFIKÁCIÓ,7201,Renebell BD,1,1.,,1
18322,2024-11-16,11:00,Q40 KVALIFIKÁCIÓ,7079,Griff Grand Laser,2,gal.,,0
18325,2024-11-16,11:38,2024. ÉVI KINCSEM PARK KUPA VI. FUTAMA HENDIKEP,5325,Ultimate Force,7,I.,3.2,0
18325,2024-11-16,11:38,2024. ÉVI KINCSEM PARK KUPA VI. FUTAMA HENDIKEP,6052,Auróra,5,II.,17.1,0
18325,2024-11-16,11:38,2024. ÉVI KINCSEM PARK KUPA VI. FUTAMA HENDIKEP,6315,Csodabogyó,9,III.,3.0,0
18325,2024-11-16,11:38,2024. ÉVI KINCSEM PARK KUPA VI. FUTAMA HENDIKEP,5504,Vakarcs RG,8,IV.,10.2,0
18325,2024-11-16,11:38,2024. ÉVI KINCSEM PARK KUPA VI. FUTAMA HENDIKEP,5757,Zsofesz,2,V.,2.8,0
18325,2024-11-16,11:38,2024. ÉVI KINCSEM PARK KUPA VI. FUTAMA HENDIKEP,6854,Elegáns Hölgy,4,6.,4.6,0
18325,2024-11-16,11:38,2024. ÉVI KINCSEM PARK KUPA VI. FUTAMA HENDIKEP,6328,Credit Card,6,7táv.,51.3,0
18325,2024-11-16,11:38,2024. ÉVI KINCSEM PARK KUPA VI. FUTAMA HENDIKEP,6507,Despasito,1,gal.,10.2,0
18328,2024-11-16,12:05,ANNYROSA DÍJ I. RÉSZ,6944,Euphoria,7,I.,14.2,0
18328,2024-11-16,12:05,ANNYROSA DÍJ I. RÉSZ,6992,Finiselj!,8,II.,2.8,0
18328,2024-11-16,12:05,ANNYROSA DÍJ I. RÉSZ,7035,Firkó,6,III.,4.0,0
18328,2024-11-16,12:05,ANNYROSA DÍJ I. RÉSZ,7124,Fess Fiú,1,IV.,7.1,0
18328,2024-11-16,12:05,ANNYROSA DÍJ I. RÉSZ,7104,Florentin,4,V.,9.5,0
18328,2024-11-16,12:05,ANNYROSA DÍJ I. RÉSZ,7098,Fernando,2,gal.,5.7,0
18328,2024-11-16,12:05,ANNYROSA DÍJ I. RÉSZ,7175,Fearless ASM,3,gal.,3.1,0
18328,2024-11-16,12:05,ANNYROSA DÍJ I. RÉSZ,6960,Fantom KE,5,tü.,14.2,0
18327,2024-11-16,12:33,HARDY JENŐ EMLÉKVERSENY,6700,Escobar,7,I.,6.2,0
18327,2024-11-16,12:33,HARDY JENŐ EMLÉKVERSENY,6920,Fliegauf,6,II.,3.1,0
18327,2024-11-16,12:33,HARDY JENŐ EMLÉKVERSENY,7085,El Nino N,3,III.,8.7,0
18327,2024-11-16,12:33,HARDY JENŐ EMLÉKVERSENY,6692,Excellence,8,IV.,8.7,0
18327,2024-11-16,12:33,HARDY JENŐ EMLÉKVERSENY,6995,Fany,1,V.,21.7,0
18327,2024-11-16,12:33,HARDY JENŐ EMLÉKVERSENY,7094,Full Speed,2,6.,3.1,0
18327,2024-11-16,12:33,HARDY JENŐ EMLÉKVERSENY,6709,Eccelenza,5,7.,14.5,0
18327,2024-11-16,12:33,HARDY JENŐ EMLÉKVERSENY,6965,Felhők felett,4,disq.,3.1,0
18329,2024-11-16,13:00,ANNYROSA DÍJ II. RÉSZ,6986,Face to face,6,I.,1.4,0
18329,2024-11-16,13:00,ANNYROSA DÍJ II. RÉSZ,7053,Fabio,4,II.,7.4,0
18329,2024-11-16,13:00,ANNYROSA DÍJ II. RÉSZ,7060,Filthy Rich,5,III.,4.9,0
18329,2024-11-16,13:00,ANNYROSA DÍJ II. RÉSZ,6057,Bitangjó,7,IV.,4.9,0
18329,2024-11-16,13:00,ANNYROSA DÍJ II. RÉSZ,7082,Fire Bird,3,V.,9.9,0
18329,2024-11-16,13:00,ANNYROSA DÍJ II. RÉSZ,7118,Ferrari,2,6.,14.9,0
18329,2024-11-16,13:00,ANNYROSA DÍJ II. RÉSZ,6952,Fifty-Fifty,1,7.,7.4,0
18324,2024-11-16,13:30,SPEEDY FOSTER HENDIKEP,6442,Dulcinea del Toboso,5,I.,5.3,0
18324,2024-11-16,13:30,SPEEDY FOSTER HENDIKEP,5894,Apollo Creed,7,II.,3.5,0
18324,2024-11-16,13:30,SPEEDY FOSTER HENDIKEP,6330,Che Comandante,4,III.,2.5,0
18324,2024-11-16,13:30,SPEEDY FOSTER HENDIKEP,6936,Aaron LV,3,IV.,6.3,0
18324,2024-11-16,13:30,SPEEDY FOSTER HENDIKEP,6358,Calvin,1,V.,17.9,0
18324,2024-11-16,13:30,SPEEDY FOSTER HENDIKEP,6782,Downtown Girl M,6,6.,2.5,0
18323,2024-11-16,14:00,SALUS HENDIKEP,6350,Grand Illusion,3,I.,11.5,0
18323,2024-11-16,14:00,SALUS HENDIKEP,6261,Be Happy,2,II.,9.9,0
18323,2024-11-16,14:00,SALUS HENDIKEP,6068,Balerina R.,5,III.,4.9,0
18323,2024-11-16,14:00,SALUS HENDIKEP,5228,Uptown Boy M,4,IV.,5.7,0
18323,2024-11-16,14:00,SALUS HENDIKEP,6165,Bűbájos,7,V.,2.7,0
18323,2024-11-16,14:00,SALUS HENDIKEP,6380,Cukrom,1,6.,17.3,0
18323,2024-11-16,14:00,SALUS HENDIKEP,4788,Szilvás,8,7.,9.9,0
18323,2024-11-16,14:00,SALUS HENDIKEP,5725,Zente,6,gal.,2.5,0
18330,2024-11-16,14:30,"RÓZSA PÉTER ""ROSENTHAL"" EMLÉKVERSENY",6943,Elizabeth Boss,1,I.,3.4,0
18330,2024-11-16,14:30,"RÓZSA PÉTER ""ROSENTHAL"" EMLÉKVERSENY",6899,Eunike T Boko,5,II.,2.1,0
18330,2024-11-16,14:30,"RÓZSA PÉTER ""ROSENTHAL"" EMLÉKVERSENY",6617,Diófás,4,III.,5.2,0
18330,2024-11-16,14:30,"RÓZSA PÉTER ""ROSENTHAL"" EMLÉKVERSENY",6228,Creatine,6,IV.,5.8,0
18330,2024-11-16,14:30,"RÓZSA PÉTER ""ROSENTHAL"" EMLÉKVERSENY",6898,Euzébió,2,V.,4.3,0
18330,2024-11-16,14:30,"RÓZSA PÉTER ""ROSENTHAL"" EMLÉKVERSENY",6475,Discovery LW,3,gal.,7.4,0
18326,2024-11-16,15:00,EUROSA HENDIKEP,6303,CR-Seven,2,I.,3.6,0
18326,2024-11-16,15:00,EUROSA HENDIKEP,6962,Flinga VT,4,II.,5.7,0
18326,2024-11-16,15:00,EUROSA HENDIKEP,6213,Farinelli,7,III.,2.7,0
18326,2024-11-16,15:00,EUROSA HENDIKEP,5925,Anikó,3,IV.,5.7,0
18326,2024-11-16,15:00,EUROSA HENDIKEP,6131,Bulibáró,6,V.,9.6,0
18326,2024-11-16,15:00,EUROSA HENDIKEP,6695,Ékszer K,1,6.,11.5,0
18326,2024-11-16,15:00,EUROSA HENDIKEP,6740,Dignitá,5,7.,3.4,0
18321,2024-11-09,11:05,PRÓBAFUTAM,6776,Premal MS,2,1.,,1
18321,2024-11-09,11:05,PRÓBAFUTAM,5960,Ann Bella M,1,2.,,0
18320,2024-11-09,10:51,Q39 KVALIFIKÁCIÓ,7269,Gloria Estefan A.T.,1,1.,,1
18320,2024-11-09,10:51,Q39 KVALIFIKÁCIÓ,7079,Griff Grand Laser,2,2.,,0
18316,2024-11-09,11:34,DESPOTOVOI HENDIKEP,6330,Che Comandante,6,I.,10.7,0
18316,2024-11-09,11:34,DESPOTOVOI HENDIKEP,5700,Vezér,2,II.,4.8,0
18316,2024-11-09,11:34,DESPOTOVOI HENDIKEP,5536,Winner Boy,5,III.,2.6,0
18316,2024-11-09,11:34,DESPOTOVOI HENDIKEP,6438,Danny DeVito,8,IV.,5.3,0
18316,2024-11-09,11:34,DESPOTOVOI HENDIKEP,5925,Anikó,4,V.,8.9,0
18316,2024-11-09,11:34,DESPOTOVOI HENDIKEP,5270,Une Dame,7,6.,4.8,0
18316,2024-11-09,11:34,DESPOTOVOI HENDIKEP,5610,Winoc SB,3,7.,3.3,0
18318,2024-11-09,12:02,ZOMBORI HENDIKEP,6624,My Dyla LV,5,I.,5.2,0
18318,2024-11-09,12:02,ZOMBORI HENDIKEP,5831,King's Call,3,II.,2.0,0
18318,2024-11-09,12:02,ZOMBORI HENDIKEP,6617,Diófás,4,III.,6.3,0
18318,2024-11-09,12:02,ZOMBORI HENDIKEP,6163,Bombay,10,IV.,6.7,0
18318,2024-11-09,12:02,ZOMBORI HENDIKEP,6003,Ambrosia Gielle,9,V.,18.9,0
18318,2024-11-09,12:02,ZOMBORI HENDIKEP,6696,Édes K,7,6.,31.5,0
18318,2024-11-09,12:02,ZOMBORI HENDIKEP,6525,Big Ben Pax,6,7.,11.8,0
18318,2024-11-09,12:02,ZOMBORI HENDIKEP,6262,Bronz Boy,8,8.,13.5,0
18318,2024-11-09,12:02,ZOMBORI HENDIKEP,6380,Cukrom,1,9.,18.9,0
18318,2024-11-09,12:02,ZOMBORI HENDIKEP,6018,Bonus RG,2,gal.,5.2,0
18311,2024-11-09,12:35,JOÓ RÓBERT EMLÉKVERSENY - KÉTÉVESEK VERSENYE,7185,Győztes Szív,1,I.,6.4,0
18311,2024-11-09,12:35,JOÓ RÓBERT EMLÉKVERSENY - KÉTÉVESEK VERSENYE,7066,Gustavo,6,II.,4.3,0
18311,2024-11-09,12:35,JOÓ RÓBERT EMLÉKVERSENY - KÉTÉVESEK VERSENYE,7187,Genesis,8,III.,3.6,0
18311,2024-11-09,12:35,JOÓ RÓBERT EMLÉKVERSENY - KÉTÉVESEK VERSENYE,7272,Voltigeur,10,IV.,2.3,0
18311,2024-11-09,12:35,JOÓ RÓBERT EMLÉKVERSENY - KÉTÉVESEK VERSENYE,7199,Gingerly KJ,9,V.,35.5,0
18311,2024-11-09,12:35,JOÓ RÓBERT EMLÉKVERSENY - KÉTÉVESEK VERSENYE,7193,Grazia,2,6.,9.1,0
18311,2024-11-09,12:35,JOÓ RÓBERT EMLÉKVERSENY - KÉTÉVESEK VERSENYE,7106,Gentleman Jack,5,7.,6.6,0
18311,2024-11-09,12:35,JOÓ RÓBERT EMLÉKVERSENY - KÉTÉVESEK VERSENYE,7200,Icibell BD,3,8.,71.0,0
18311,2024-11-09,12:35,JOÓ RÓBERT EMLÉKVERSENY - KÉTÉVESEK VERSENYE,7240,Gana Ris,7,9.,15.7,0
18311,2024-11-09,12:35,JOÓ RÓBERT EMLÉKVERSENY - KÉTÉVESEK VERSENYE,7189,Galatea,4,10.,71.0,0
18317,2024-11-09,13:05,SRBOBRANI HENDIKEP,6080,Boszi,2,I.,11.3,0
18317,2024-11-09,13:05,SRBOBRANI HENDIKEP,6782,Downtown Girl M,7,II.,11.3,0
18317,2024-11-09,13:05,SRBOBRANI HENDIKEP,5531,Very Nice Photo,6,III.,5.4,0
18317,2024-11-09,13:05,SRBOBRANI HENDIKEP,5955,Atom Maki,4,IV.,2.3,0
18317,2024-11-09,13:05,SRBOBRANI HENDIKEP,6745,Aerodynamics,8,V.,4.6,0
18317,2024-11-09,13:05,SRBOBRANI HENDIKEP,5504,Vakarcs RG,5,6.,6.6,0
18317,2024-11-09,13:05,SRBOBRANI HENDIKEP,5730,Magic Bucks,1,7.,47.8,0
18317,2024-11-09,13:05,SRBOBRANI HENDIKEP,6657,Dreamer,3,gal.,3.3,0
18314,2024-11-09,13:35,ADAI DÍJ,7279,Igor de Vrie,4,I.,1.5,0
18314,2024-11-09,13:35,ADAI DÍJ,6308,Csábító R.,1,II.,6.9,0
18314,2024-11-09,13:35,ADAI DÍJ,5702,Zizitop,3,III.,3.2,0
18314,2024-11-09,13:35,ADAI DÍJ,6121,Farya BD,5,IV.,19.9,0
18314,2024-11-09,13:35,ADAI DÍJ,7147,Cupido GSO,6,V.,13.3,0
18314,2024-11-09,13:35,ADAI DÍJ,6331,Charming Boy,2,gal.,4.3,0
18313,2024-11-09,14:02,TOMISLAV VISNJIC EMLÉKVERSENY - UKSS BEOGRAD DÍJ,7282,Armani B.,12,I.,4.0,0
18313,2024-11-09,14:02,TOMISLAV VISNJIC EMLÉKVERSENY - UKSS BEOGRAD DÍJ,7289,Sinatra A.T.,10,II.,9.9,0
18313,2024-11-09,14:02,TOMISLAV VISNJIC EMLÉKVERSENY - UKSS BEOGRAD DÍJ,6987,Fabrice,2,III.,30.7,0
18313,2024-11-09,14:02,TOMISLAV VISNJIC EMLÉKVERSENY - UKSS BEOGRAD DÍJ,6943,Elizabeth Boss,7,IV.,2.1,0
18313,2024-11-09,14:02,TOMISLAV VISNJIC EMLÉKVERSENY - UKSS BEOGRAD DÍJ,6778,Dancing Lady,8,V.,7.8,0
18313,2024-11-09,14:02,TOMISLAV VISNJIC EMLÉKVERSENY - UKSS BEOGRAD DÍJ,6929,Fendi,5,6.,37.5,0
18313,2024-11-09,14:02,TOMISLAV VISNJIC EMLÉKVERSENY - UKSS BEOGRAD DÍJ,6697,Erzsébet Királynő,3,7.,9.9,0
18313,2024-11-09,14:02,TOMISLAV VISNJIC EMLÉKVERSENY - UKSS BEOGRAD DÍJ,6315,Csodabogyó,1,8.,16.0,0
18313,2024-11-09,14:02,TOMISLAV VISNJIC EMLÉKVERSENY - UKSS BEOGRAD DÍJ,6928,Fenegyerek,11,9.,16.0,0
18313,2024-11-09,14:02,TOMISLAV VISNJIC EMLÉKVERSENY - UKSS BEOGRAD DÍJ,6518,Lolly Pop,6,10.,9.6,0
18313,2024-11-09,14:02,TOMISLAV VISNJIC EMLÉKVERSENY - UKSS BEOGRAD DÍJ,6878,Éden Evo,4,gal.,8.0,0
18313,2024-11-09,14:02,TOMISLAV VISNJIC EMLÉKVERSENY - UKSS BEOGRAD DÍJ,6704,Emerald,9,disq.,37.5,0
18312,2024-11-09,14:32,CSANTAVÉRI DÍJ,7127,Francesca,9,I.,2.4,0
18312,2024-11-09,14:32,CSANTAVÉRI DÍJ,7177,Senorita,1,II.,5.9,0
18312,2024-11-09,14:32,CSANTAVÉRI DÍJ,7288,Estonija,4,III.,1.7,0
18312,2024-11-09,14:32,CSANTAVÉRI DÍJ,7285,Salvador (SRB),3,IV.,10.2,0
18312,2024-11-09,14:32,CSANTAVÉRI DÍJ,7284,Tutto Bello,5,V.,29.1,0
18312,2024-11-09,14:32,CSANTAVÉRI DÍJ,7034,Formula,2,6.,27.2,0
18312,2024-11-09,14:32,CSANTAVÉRI DÍJ,6995,Fany,8,7.,136.0,0
18312,2024-11-09,14:32,CSANTAVÉRI DÍJ,7054,Fánia BD,7,8.,12.7,0
18312,2024-11-09,14:32,CSANTAVÉRI DÍJ,6919,Fermina Daza,6,9.,22.6,0
18312,2024-11-09,14:32,CSANTAVÉRI DÍJ,6927,Fast Track,11,10.,58.2,0
18312,2024-11-09,14:32,CSANTAVÉRI DÍJ,6751,Emilio Family,12,11.,68.0,0
18312,2024-11-09,14:32,CSANTAVÉRI DÍJ,6738,Eurydice,10,12táv.,204.0,0
18315,2024-11-09,15:01,PÁSZTOR ISTVÁN EMLÉKVERSENY - SZABADKAI DÍJ,6433,Digital Races,5,I.,1.8,0
18315,2024-11-09,15:01,PÁSZTOR ISTVÁN EMLÉKVERSENY - SZABADKAI DÍJ,6318,Bonaparte Boss,7,II.,5.3,0
18315,2024-11-09,15:01,PÁSZTOR ISTVÁN EMLÉKVERSENY - SZABADKAI DÍJ,6903,Cardenas Baba,4,III.,4.3,0
18315,2024-11-09,15:01,PÁSZTOR ISTVÁN EMLÉKVERSENY - SZABADKAI DÍJ,6574,Brenno Laumar,6,IV.,9.7,0
18315,2024-11-09,15:01,PÁSZTOR ISTVÁN EMLÉKVERSENY - SZABADKAI DÍJ,7026,Stan Getz A.T.,2,V.,6.7,0
18315,2024-11-09,15:01,PÁSZTOR ISTVÁN EMLÉKVERSENY - SZABADKAI DÍJ,6976,Duc de Connee,8,6.,30.4,0
18315,2024-11-09,15:01,PÁSZTOR ISTVÁN EMLÉKVERSENY - SZABADKAI DÍJ,5725,Zente,3,7.,49.3,0
18315,2024-11-09,15:01,PÁSZTOR ISTVÁN EMLÉKVERSENY - SZABADKAI DÍJ,7281,No Fear Of' Em,1,disq.,4.8,0
18319,2024-11-09,15:31,DOLOVOI HENDIKEP,6861,Emeli Sandé A.T.,7,I.,3.1,0
18319,2024-11-09,15:31,DOLOVOI HENDIKEP,6340,Cunami,2,II.,1.5,0
18319,2024-11-09,15:31,DOLOVOI HENDIKEP,5905,Adamo Fling,4,II.,3.7,0
18319,2024-11-09,15:31,DOLOVOI HENDIKEP,6360,Chip Chip Chip,3,IV.,10.9,0
18319,2024-11-09,15:31,DOLOVOI HENDIKEP,6066,Berill Lady,1,V.,24.6,0
18319,2024-11-09,15:31,DOLOVOI HENDIKEP,4788,Szilvás,5,6.,43.6,0
18319,2024-11-09,15:31,DOLOVOI HENDIKEP,6475,Discovery LW,6,7táv.,12.9,0
18306,2024-11-02,11:00,PRÓBAFUTAM,6261,Be Happy,1,1.,,1
18304,2024-11-02,10:32,Q37 KVALIFIKÁCIÓ,7079,Griff Grand Laser,1,gal.,,0
18305,2024-11-02,10:46,Q38 KVALIFIKÁCIÓ,7175,Fearless ASM,1,1.,,1
18301,2024-11-02,11:30,NYERETLENEK VERSENYE - FECSEGŐ DÍJ,6986,Face to face,4,I.,1.5,0
18301,2024-11-02,11:30,NYERETLENEK VERSENYE - FECSEGŐ DÍJ,7055,Feeling Great BD,8,II.,14.2,0
18301,2024-11-02,11:30,NYERETLENEK VERSENYE - FECSEGŐ DÍJ,6932,Miro LV,7,III.,14.2,0
18301,2024-11-02,11:30,NYERETLENEK VERSENYE - FECSEGŐ DÍJ,7118,Ferrari,5,IV.,8.1,0
18301,2024-11-02,11:30,NYERETLENEK VERSENYE - FECSEGŐ DÍJ,6991,Falcon VT,10,V.,28.5,0
18301,2024-11-02,11:30,NYERETLENEK VERSENYE - FECSEGŐ DÍJ,7104,Florentin,6,6táv.,14.2,0
18301,2024-11-02,11:30,NYERETLENEK VERSENYE - FECSEGŐ DÍJ,6952,Fifty-Fifty,1,gal.,57.1,0
18301,2024-11-02,11:30,NYERETLENEK VERSENYE - FECSEGŐ DÍJ,6944,Euphoria,2,gal.,7.1,0
18301,2024-11-02,11:30,NYERETLENEK VERSENYE - FECSEGŐ DÍJ,7124,Fess Fiú,3,gal.,6.3,0
18301,2024-11-02,11:30,NYERETLENEK VERSENYE - FECSEGŐ DÍJ,7000,Fantastic Dream BD,9,tü.,57.1,0
18301,2024-11-02,11:30,NYERETLENEK VERSENYE - FECSEGŐ DÍJ,6992,Finiselj!,11,gal.,9.5,0
18308,2024-11-02,12:00,AMATŐRVERSENY HENDIKEP,6702,Ezigen,1,I.,2.9,0
18308,2024-11-02,12:00,AMATŐRVERSENY HENDIKEP,5757,Zsofesz,2,II.,7.3,0
18308,2024-11-02,12:00,AMATŐRVERSENY HENDIKEP,5247,Universal Boy,4,III.,2.9,0
18308,2024-11-02,12:00,AMATŐRVERSENY HENDIKEP,6546,Count Basie AT,6,IV.,2.6,0
18308,2024-11-02,12:00,AMATŐRVERSENY HENDIKEP,6927,Fast Track,3,V.,,0
18308,2024-11-02,12:00,AMATŐRVERSENY HENDIKEP,6679,Inforgettable,7,6.,9.7,0
18308,2024-11-02,12:00,AMATŐRVERSENY HENDIKEP,6507,Despasito,5,7.,5.8,0
18309,2024-11-02,12:31,KOMORNYIK HENDIKEP,5795,Zara Mia,4,I.,3.9,0
18309,2024-11-02,12:31,KOMORNYIK HENDIKEP,6305,Csikós,6,II.,5.7,0
18309,2024-11-02,12:31,KOMORNYIK HENDIKEP,6021,Anna,3,III.,2.0,0
18309,2024-11-02,12:31,KOMORNYIK HENDIKEP,6698,Easy Bet,5,IV.,7.3,0
18309,2024-11-02,12:31,KOMORNYIK HENDIKEP,6657,Dreamer,1,V.,8.6,0
18309,2024-11-02,12:31,KOMORNYIK HENDIKEP,6704,Emerald,7,6.,5.1,0
18309,2024-11-02,12:31,KOMORNYIK HENDIKEP,5907,Always Winner,2,gal.,8.6,0
18307,2024-11-02,13:00,PLATINA HENDIKEP,6378,Chesterfield,5,I.,3.5,0
18307,2024-11-02,13:00,PLATINA HENDIKEP,6303,CR-Seven,7,II.,2.6,0
18307,2024-11-02,13:00,PLATINA HENDIKEP,6460,Dezmin Lady,3,III.,2.2,0
18307,2024-11-02,13:00,PLATINA HENDIKEP,5695,Vinifera M,4,IV.,10.7,0
18307,2024-11-02,13:00,PLATINA HENDIKEP,5856,Donia d'Aunay,2,V.,10.7,0
18307,2024-11-02,13:00,PLATINA HENDIKEP,6799,Exclusive Fox,6,6.,14.2,0
18307,2024-11-02,13:00,PLATINA HENDIKEP,6695,Ékszer K,1,7.,8.5,0
18303,2024-11-02,13:30,ESZES MÁTYÁS EMLÉKVERSENY,6899,Eunike T Boko,2,I.,1.5,0
18303,2024-11-02,13:30,ESZES MÁTYÁS EMLÉKVERSENY,6340,Cunami,3,II.,5.1,0
18303,2024-11-02,13:30,ESZES MÁTYÁS EMLÉKVERSENY,7171,Peter Piper,5,III.,6.1,0
18303,2024-11-02,13:30,ESZES MÁTYÁS EMLÉKVERSENY,6310,Compact Boy,1,IV.,6.1,0
18303,2024-11-02,13:30,ESZES MÁTYÁS EMLÉKVERSENY,6901,Eastwood,4,V.,5.1,0
18303,2024-11-02,13:30,ESZES MÁTYÁS EMLÉKVERSENY,6727,Västerbo No Edge,6,gal.,10.2,0
18302,2024-11-02,14:02,NADÁLY DÍJ,7177,Senorita,2,I.,3.7,0
18302,2024-11-02,14:02,NADÁLY DÍJ,7247,Fancy Jet,1,II.,2.7,0
18302,2024-11-02,14:02,NADÁLY DÍJ,6706,Eperke,9,III.,5.1,0
18302,2024-11-02,14:02,NADÁLY DÍJ,6709,Eccelenza,8,IV.,13.3,0
18302,2024-11-02,14:02,NADÁLY DÍJ,6936,Aaron LV,7,V.,22.2,0
18302,2024-11-02,14:02,NADÁLY DÍJ,6919,Fermina Daza,6,6.,8.3,0
18302,2024-11-02,14:02,NADÁLY DÍJ,6999,First Lady KJ,3,7.,16.6,0
18302,2024-11-02,14:02,NADÁLY DÍJ,6983,Fondorlat,4,gal.,9.5,0
18302,2024-11-02,14:02,NADÁLY DÍJ,6924,Felix Charme,5,gal.,4.1,0
18310,2024-11-02,14:31,JÁGÓ HENDIKEP,6366,Celerina Boss,1,I.,6.7,0
18310,2024-11-02,14:31,JÁGÓ HENDIKEP,6316,Casino Royale,6,II.,1.9,0
18310,2024-11-02,14:31,JÁGÓ HENDIKEP,6068,Balerina R.,4,III.,12.6,0
18310,2024-11-02,14:31,JÁGÓ HENDIKEP,6805,Guiness des Fanes,3,IV.,3.6,0
18310,2024-11-02,14:31,JÁGÓ HENDIKEP,6620,Nelstrong,5,V.,3.3,0
18310,2024-11-02,14:31,JÁGÓ HENDIKEP,6441,Diána Gull,2,6.,6.0,0
18291,2024-10-26,11:31,PRÓBAFUTAM,6986,Face to face,1,1.,,1
18290,2024-10-26,11:17,Q36 KVALIFIKÁCIÓ,7066,Gustavo,1,1.,,1
18290,2024-10-26,11:17,Q36 KVALIFIKÁCIÓ,7200,Icibell BD,2,2.,,0
18292,2024-10-26,12:00,NYERETLEN KÉTÉVESEK VERSENYE,7176,Get Lucky,9,I.,9.0,0
18292,2024-10-26,12:00,NYERETLEN KÉTÉVESEK VERSENYE,7108,Gotti,7,II.,2.2,0
18292,2024-10-26,12:00,NYERETLEN KÉTÉVESEK VERSENYE,7187,Genesis,5,III.,3.8,0
18292,2024-10-26,12:00,NYERETLEN KÉTÉVESEK VERSENYE,7240,Gana Ris,4,IV.,27.2,0
18292,2024-10-26,12:00,NYERETLEN KÉTÉVESEK VERSENYE,7199,Gingerly KJ,10,V.,,0
18292,2024-10-26,12:00,NYERETLEN KÉTÉVESEK VERSENYE,7106,Gentleman Jack,1,6.,,0
18292,2024-10-26,12:00,NYERETLEN KÉTÉVESEK VERSENYE,7194,Gyémánt Lady,3,7.,27.2,0
18292,2024-10-26,12:00,NYERETLEN KÉTÉVESEK VERSENYE,7189,Galatea,2,8.,,0
18292,2024-10-26,12:00,NYERETLEN KÉTÉVESEK VERSENYE,7185,Győztes Szív,6,tü.,1.7,0
18292,2024-10-26,12:00,NYERETLEN KÉTÉVESEK VERSENYE,7168,God save the Queen,8,gal.,,0
18294,2024-10-26,12:30,SIMB ILLUSION DÍJ,7255,Top Hill,6,I.,2.7,0
18294,2024-10-26,12:30,SIMB ILLUSION DÍJ,6690,Enterprise,5,II.,,0
18294,2024-10-26,12:30,SIMB ILLUSION DÍJ,6934,Zaira LV,4,III.,5.0,0
18294,2024-10-26,12:30,SIMB ILLUSION DÍJ,7085,El Nino N,1,IV.,23.5,0
18294,2024-10-26,12:30,SIMB ILLUSION DÍJ,6705,Eminem,3,V.,5.0,0
18294,2024-10-26,12:30,SIMB ILLUSION DÍJ,7094,Full Speed,2,gal.,4.4,0
18294,2024-10-26,12:30,SIMB ILLUSION DÍJ,6920,Fliegauf,7,gal.,2.7,0
18294,2024-10-26,12:30,SIMB ILLUSION DÍJ,6909,Treue,8,gal.,14.1,0
18298,2024-10-26,13:00,GALOPPOSOK HAJTÁSA HENDIKEP I. RÉSZ,6459,Diamond Ville,8,I.,83.6,0
18298,2024-10-26,13:00,GALOPPOSOK HAJTÁSA HENDIKEP I. RÉSZ,6047,Baraka SS,4,II.,6.9,0
18298,2024-10-26,13:00,GALOPPOSOK HAJTÁSA HENDIKEP I. RÉSZ,5536,Winner Boy,2,III.,2.9,0
18298,2024-10-26,13:00,GALOPPOSOK HAJTÁSA HENDIKEP I. RÉSZ,5270,Une Dame,5,IV.,2.6,0
18298,2024-10-26,13:00,GALOPPOSOK HAJTÁSA HENDIKEP I. RÉSZ,5247,Universal Boy,6,V.,3.8,0
18298,2024-10-26,13:00,GALOPPOSOK HAJTÁSA HENDIKEP I. RÉSZ,6358,Calvin,3,6.,41.8,0
18298,2024-10-26,13:00,GALOPPOSOK HAJTÁSA HENDIKEP I. RÉSZ,6679,Inforgettable,7,7.,4.6,0
18298,2024-10-26,13:00,GALOPPOSOK HAJTÁSA HENDIKEP I. RÉSZ,5724,Zero di Jesolo,1,disq.,9.2,0
18293,2024-10-26,13:30,VERONICA FLING DÍJ,7149,Füge M,9,I.,9.7,0
18293,2024-10-26,13:30,VERONICA FLING DÍJ,6982,Farkasfog,8,II.,43.8,0
18293,2024-10-26,13:30,VERONICA FLING DÍJ,7099,Fizető,5,III.,2.6,0
18293,2024-10-26,13:30,VERONICA FLING DÍJ,7035,Firkó,6,IV.,5.1,0
18293,2024-10-26,13:30,VERONICA FLING DÍJ,7082,Fire Bird,1,V.,4.8,0
18293,2024-10-26,13:30,VERONICA FLING DÍJ,7000,Fantastic Dream BD,2,gal.,,0
18293,2024-10-26,13:30,VERONICA FLING DÍJ,7086,Fakta,4,gal.,6.7,0
18293,2024-10-26,13:30,VERONICA FLING DÍJ,6918,Front of the Line,7,gal.,2.3,0
18297,2024-10-26,14:00,HITELEZŐ HENDIKEP,5962,Zénó Boko,3,I.,3.0,0
18297,2024-10-26,14:00,HITELEZŐ HENDIKEP,6624,My Dyla LV,6,II.,1.4,0
18297,2024-10-26,14:00,HITELEZŐ HENDIKEP,6328,Credit Card,2,III.,20.0,0
18297,2024-10-26,14:00,HITELEZŐ HENDIKEP,5955,Atom Maki,1,IV.,8.8,0
18297,2024-10-26,14:00,HITELEZŐ HENDIKEP,6782,Downtown Girl M,8,V.,35.5,0
18297,2024-10-26,14:00,HITELEZŐ HENDIKEP,5540,Velence R.,4,6.,23.0,0
18297,2024-10-26,14:00,HITELEZŐ HENDIKEP,6380,Cukrom,5,7.,9.4,0
18297,2024-10-26,14:00,HITELEZŐ HENDIKEP,6727,Västerbo No Edge,7,gal.,7.9,0
18300,2024-10-26,14:30,OMNIA HENDIKEP,6165,Bűbájos,7,I.,2.6,0
18300,2024-10-26,14:30,OMNIA HENDIKEP,5905,Adamo Fling,6,II.,3.2,0
18300,2024-10-26,14:30,OMNIA HENDIKEP,6441,Diána Gull,4,III.,11.0,0
18300,2024-10-26,14:30,OMNIA HENDIKEP,6003,Ambrosia Gielle,3,IV.,9.1,0
18300,2024-10-26,14:30,OMNIA HENDIKEP,6696,Édes K,2,V.,9.1,0
18300,2024-10-26,14:30,OMNIA HENDIKEP,6315,Csodabogyó,1,6.,18.3,0
18300,2024-10-26,14:30,OMNIA HENDIKEP,6366,Celerina Boss,5,gal.,5.0,0
18300,2024-10-26,14:30,OMNIA HENDIKEP,5894,Apollo Creed,8,gal.,4.5,0
18299,2024-10-26,15:01,GALOPPOSOK HAJTÁSA HENDIKEP II. RÉSZ,5831,King's Call,5,I.,7.4,0
18299,2024-10-26,15:01,GALOPPOSOK HAJTÁSA HENDIKEP II. RÉSZ,5325,Ultimate Force,4,II.,2.9,0
18299,2024-10-26,15:01,GALOPPOSOK HAJTÁSA HENDIKEP II. RÉSZ,6854,Elegáns Hölgy,3,III.,8.5,0
18299,2024-10-26,15:01,GALOPPOSOK HAJTÁSA HENDIKEP II. RÉSZ,6525,Big Ben Pax,8,IV.,3.7,0
18299,2024-10-26,15:01,GALOPPOSOK HAJTÁSA HENDIKEP II. RÉSZ,6066,Berill Lady,7,V.,5.9,0
18299,2024-10-26,15:01,GALOPPOSOK HAJTÁSA HENDIKEP II. RÉSZ,6119,Firefly Shadow,2,6.,8.5,0
18299,2024-10-26,15:01,GALOPPOSOK HAJTÁSA HENDIKEP II. RÉSZ,5288,Usain,6,7.,5.4,0
18299,2024-10-26,15:01,GALOPPOSOK HAJTÁSA HENDIKEP II. RÉSZ,6435,Ducks,1,8.,6.6,0
18289,2024-10-26,15:30,ŐSZI KÍSÉRLETI VERSENY,6855,Eternity Bar,3,I.,3.2,0
18289,2024-10-26,15:30,ŐSZI KÍSÉRLETI VERSENY,7001,Fárosz,1,II.,9.0,0
18289,2024-10-26,15:30,ŐSZI KÍSÉRLETI VERSENY,6780,Eternal Flame,2,III.,4.0,0
18289,2024-10-26,15:30,ŐSZI KÍSÉRLETI VERSENY,6470,Devoted,5,IV.,10.2,0
18289,2024-10-26,15:30,ŐSZI KÍSÉRLETI VERSENY,6783,Enjoy,4,V.,1.4,0
18296,2024-10-26,16:00,ZALA SZÉPE HENDIKEP,6018,Bonus RG,7,I.,8.8,0
18296,2024-10-26,16:00,ZALA SZÉPE HENDIKEP,6080,Boszi,5,II.,8.8,0
18296,2024-10-26,16:00,ZALA SZÉPE HENDIKEP,5610,Winoc SB,4,III.,6.8,0
18296,2024-10-26,16:00,ZALA SZÉPE HENDIKEP,6307,Csípkedd Magad!,12,IV.,5.6,0
18296,2024-10-26,16:00,ZALA SZÉPE HENDIKEP,5925,Anikó,6,V.,2.8,0
18296,2024-10-26,16:00,ZALA SZÉPE HENDIKEP,5757,Zsofesz,10,6.,3.8,0
18296,2024-10-26,16:00,ZALA SZÉPE HENDIKEP,6378,Chesterfield,2,7.,15.4,0
18296,2024-10-26,16:00,ZALA SZÉPE HENDIKEP,6799,Exclusive Fox,3,8.,,0
18296,2024-10-26,16:00,ZALA SZÉPE HENDIKEP,6330,Che Comandante,11,9.,10.3,0
18296,2024-10-26,16:00,ZALA SZÉPE HENDIKEP,5227,Urban Legend,9,10.,20.6,0
18296,2024-10-26,16:00,ZALA SZÉPE HENDIKEP,4611,Pálinka,8,11.,20.6,0
18296,2024-10-26,16:00,ZALA SZÉPE HENDIKEP,6051,Briliáns BD,1,tü.,20.6,0
18295,2024-10-26,16:31,ILLETMÉNY DÍJ,6731,Daytona Spav,2,I.,1.6,0
18295,2024-10-26,16:31,ILLETMÉNY DÍJ,6464,Dolomit Boy,8,II.,3.3,0
18295,2024-10-26,16:31,ILLETMÉNY DÍJ,6308,Csábító R.,5,III.,5.8,0
18295,2024-10-26,16:31,ILLETMÉNY DÍJ,6864,In Love Danover,3,IV.,11.7,0
18295,2024-10-26,16:31,ILLETMÉNY DÍJ,5906,Anybody,7,V.,6.4,0
18295,2024-10-26,16:31,ILLETMÉNY DÍJ,6228,Creatine,4,6.,8.8,0
18295,2024-10-26,16:31,ILLETMÉNY DÍJ,7147,Cupido GSO,6,7.,,0
18295,2024-10-26,16:31,ILLETMÉNY DÍJ,7171,Peter Piper,1,8.,17.6,0
18276,2024-10-12,12:15,Q34 KVALIFIKÁCIÓ,7108,Gotti,1,1.,,1
18276,2024-10-12,12:15,Q34 KVALIFIKÁCIÓ,7185,Győztes Szív,3,2.,,0
18276,2024-10-12,12:15,Q34 KVALIFIKÁCIÓ,7187,Genesis,4,3.,,0
18276,2024-10-12,12:15,Q34 KVALIFIKÁCIÓ,7194,Gyémánt Lady,2,4.,,0
18288,2024-10-12,12:30,Q35 KVALIFIKÁCIÓ,7124,Fess Fiú,1,1.,,1
18284,2024-10-12,13:00,VERSENYKÖZEGEK HAJTÁSA HENDIKEP,6303,CR-Seven,1,I.,12.3,0
18284,2024-10-12,13:00,VERSENYKÖZEGEK HAJTÁSA HENDIKEP,6047,Baraka SS,5,II.,15.4,0
18284,2024-10-12,13:00,VERSENYKÖZEGEK HAJTÁSA HENDIKEP,5962,Zénó Boko,8,III.,5.6,0
18284,2024-10-12,13:00,VERSENYKÖZEGEK HAJTÁSA HENDIKEP,6435,Ducks,6,IV.,2.8,0
18284,2024-10-12,13:00,VERSENYKÖZEGEK HAJTÁSA HENDIKEP,6080,Boszi,3,V.,4.4,0
18284,2024-10-12,13:00,VERSENYKÖZEGEK HAJTÁSA HENDIKEP,5270,Une Dame,7,6.,10.3,0
18284,2024-10-12,13:00,VERSENYKÖZEGEK HAJTÁSA HENDIKEP,5227,Urban Legend,4,7.,61.8,0
18284,2024-10-12,13:00,VERSENYKÖZEGEK HAJTÁSA HENDIKEP,5724,Zero di Jesolo,2,8.,2.2,0
18280,2024-10-12,13:36,FICKÓ DÍJ,7247,Fancy Jet,1,I.,2.1,0
18280,2024-10-12,13:36,FICKÓ DÍJ,6936,Aaron LV,7,II.,11.8,0
18280,2024-10-12,13:36,FICKÓ DÍJ,7136,First Home,6,III.,4.6,0
18280,2024-10-12,13:36,FICKÓ DÍJ,6691,Elizeus LIW,8,IV.,11.8,0
18280,2024-10-12,13:36,FICKÓ DÍJ,6511,Demi Moore,9,V.,11.8,0
18280,2024-10-12,13:36,FICKÓ DÍJ,6738,Eurydice,10,6.,35.5,0
18280,2024-10-12,13:36,FICKÓ DÍJ,7000,Fantastic Dream BD,3,7.,6.2,0
18280,2024-10-12,13:36,FICKÓ DÍJ,6981,Evita Meerswal,5,8táv.,10.6,0
18280,2024-10-12,13:36,FICKÓ DÍJ,7118,Ferrari,2,gal.,10.6,0
18280,2024-10-12,13:36,FICKÓ DÍJ,7149,Füge M,4,gal.,6.2,0
18279,2024-10-12,14:04,ÜTOE NAGYDÍJ,6916,Freya T Boko,6,I.,1.4,0
18279,2024-10-12,14:04,ÜTOE NAGYDÍJ,7001,Fárosz,5,II.,2.8,0
18279,2024-10-12,14:04,ÜTOE NAGYDÍJ,6965,Felhők felett,2,III.,6.5,0
18279,2024-10-12,14:04,ÜTOE NAGYDÍJ,6928,Fenegyerek,4,IV.,6.5,0
18279,2024-10-12,14:04,ÜTOE NAGYDÍJ,6987,Fabrice,3,V.,15.6,0
18279,2024-10-12,14:04,ÜTOE NAGYDÍJ,7054,Fánia BD,1,6.,19.5,0
18282,2024-10-12,14:36,GRÓZA JÁNOS EMLÉKVERSENY,6731,Daytona Spav,1,I.,1.4,0
18282,2024-10-12,14:36,GRÓZA JÁNOS EMLÉKVERSENY,6331,Charming Boy,3,II.,7.8,0
18282,2024-10-12,14:36,GRÓZA JÁNOS EMLÉKVERSENY,6121,Farya BD,4,III.,27.5,0
18282,2024-10-12,14:36,GRÓZA JÁNOS EMLÉKVERSENY,7147,Cupido GSO,6,IV.,55.0,0
18282,2024-10-12,14:36,GRÓZA JÁNOS EMLÉKVERSENY,6003,Ambrosia Gielle,2,V.,55.0,0
18282,2024-10-12,14:36,GRÓZA JÁNOS EMLÉKVERSENY,7173,Jula Netprice,5,gal.,9.1,0
18282,2024-10-12,14:36,GRÓZA JÁNOS EMLÉKVERSENY,6780,Eternal Flame,7,gal.,5.0,0
18282,2024-10-12,14:36,GRÓZA JÁNOS EMLÉKVERSENY,6776,Premal MS,8,tü.,3.6,0
18278,2024-10-12,15:05,KIRÁLYSÁG-EPERJES - 91. KÉTÉVESEK NAGYDÍJA,7186,Gina Fling,1,I.,2.2,0
18278,2024-10-12,15:05,KIRÁLYSÁG-EPERJES - 91. KÉTÉVESEK NAGYDÍJA,7105,Gomez de Boko,5,II.,16.8,0
18278,2024-10-12,15:05,KIRÁLYSÁG-EPERJES - 91. KÉTÉVESEK NAGYDÍJA,7110,Guinevere,2,III.,14.4,0
18278,2024-10-12,15:05,KIRÁLYSÁG-EPERJES - 91. KÉTÉVESEK NAGYDÍJA,7199,Gingerly KJ,7,IV.,5.9,0
18278,2024-10-12,15:05,KIRÁLYSÁG-EPERJES - 91. KÉTÉVESEK NAGYDÍJA,7114,Ginevra,3,V.,1.8,0
18278,2024-10-12,15:05,KIRÁLYSÁG-EPERJES - 91. KÉTÉVESEK NAGYDÍJA,7190,Gucci,4,gal.,7.7,0
18278,2024-10-12,15:05,KIRÁLYSÁG-EPERJES - 91. KÉTÉVESEK NAGYDÍJA,7242,Golden Rose OZ,6,gal.,25.3,0
18286,2024-10-12,15:42,2024. ÉVI SEGÉDHAJTÓ KUPA V. FUTAMA - VATIKÁN HENDIKEP,6316,Casino Royale,7,I.,1.9,0
18286,2024-10-12,15:42,2024. ÉVI SEGÉDHAJTÓ KUPA V. FUTAMA - VATIKÁN HENDIKEP,5702,Zizitop,4,II.,7.4,0
18286,2024-10-12,15:42,2024. ÉVI SEGÉDHAJTÓ KUPA V. FUTAMA - VATIKÁN HENDIKEP,5228,Uptown Boy M,2,III.,2.1,0
18286,2024-10-12,15:42,2024. ÉVI SEGÉDHAJTÓ KUPA V. FUTAMA - VATIKÁN HENDIKEP,6620,Nelstrong,6,IV.,6.4,0
18286,2024-10-12,15:42,2024. ÉVI SEGÉDHAJTÓ KUPA V. FUTAMA - VATIKÁN HENDIKEP,6475,Discovery LW,5,gal.,6.4,0
18286,2024-10-12,15:42,2024. ÉVI SEGÉDHAJTÓ KUPA V. FUTAMA - VATIKÁN HENDIKEP,6805,Guiness des Fanes,1,disq.,10.3,0
18275,2024-10-12,16:11,KÖZTÁRSASÁGI DÍJ,6783,Enjoy,7,I.,1.1,0
18275,2024-10-12,16:11,KÖZTÁRSASÁGI DÍJ,6903,Cardenas Baba,5,II.,5.1,0
18275,2024-10-12,16:11,KÖZTÁRSASÁGI DÍJ,6318,Bonaparte Boss,6,III.,5.0,0
18275,2024-10-12,16:11,KÖZTÁRSASÁGI DÍJ,7121,Denalda Op,4,IV.,11.7,0
18275,2024-10-12,16:11,KÖZTÁRSASÁGI DÍJ,7151,Dragons Bar,3,V.,28.8,0
18275,2024-10-12,16:11,KÖZTÁRSASÁGI DÍJ,7160,Campari Jet,2,6táv.,86.4,0
18275,2024-10-12,16:11,KÖZTÁRSASÁGI DÍJ,6300,Catania R.,1,7táv.,13.6,0
18285,2024-10-12,16:39,BESSENYŐI NADIN SZÜLETÉSNAPI FUTAMA HENDIKEP,5905,Adamo Fling,3,I.,4.0,0
18285,2024-10-12,16:39,BESSENYŐI NADIN SZÜLETÉSNAPI FUTAMA HENDIKEP,5570,Villeneuve,5,II.,7.3,0
18285,2024-10-12,16:39,BESSENYŐI NADIN SZÜLETÉSNAPI FUTAMA HENDIKEP,6525,Big Ben Pax,2,III.,3.3,0
18285,2024-10-12,16:39,BESSENYŐI NADIN SZÜLETÉSNAPI FUTAMA HENDIKEP,5894,Apollo Creed,6,IV.,2.4,0
18285,2024-10-12,16:39,BESSENYŐI NADIN SZÜLETÉSNAPI FUTAMA HENDIKEP,6366,Celerina Boss,8,V.,12.2,0
18285,2024-10-12,16:39,BESSENYŐI NADIN SZÜLETÉSNAPI FUTAMA HENDIKEP,6262,Bronz Boy,7,6.,9.1,0
18285,2024-10-12,16:39,BESSENYŐI NADIN SZÜLETÉSNAPI FUTAMA HENDIKEP,6021,Anna,1,7.,9.1,0
18285,2024-10-12,16:39,BESSENYŐI NADIN SZÜLETÉSNAPI FUTAMA HENDIKEP,6704,Emerald,4,gal.,12.2,0
18283,2024-10-12,17:10,ÜZÉR HENDIKEP,6052,Auróra,9,I.,3.4,0
18283,2024-10-12,17:10,ÜZÉR HENDIKEP,5536,Winner Boy,6,II.,2.5,0
18283,2024-10-12,17:10,ÜZÉR HENDIKEP,6740,Dignitá,7,III.,3.7,0
18283,2024-10-12,17:10,ÜZÉR HENDIKEP,5990,Aranyérem M,4,IV.,12.0,0
18283,2024-10-12,17:10,ÜZÉR HENDIKEP,6460,Dezmin Lady,2,V.,8.0,0
18283,2024-10-12,17:10,ÜZÉR HENDIKEP,5925,Anikó,8,6.,12.0,0
18283,2024-10-12,17:10,ÜZÉR HENDIKEP,6799,Exclusive Fox,5,7.,48.2,0
18283,2024-10-12,17:10,ÜZÉR HENDIKEP,6299,Beyond The Limits,1,gal.,12.0,0
18283,2024-10-12,17:10,ÜZÉR HENDIKEP,6062,Best Boy,3,tü.,8.0,0
18281,2024-10-12,17:38,LADY FLAME DÍJ,6943,Elizabeth Boss,2,I.,2.1,0
18281,2024-10-12,17:38,LADY FLAME DÍJ,6514,El Valle Sagrado,5,II.,8.9,0
18281,2024-10-12,17:38,LADY FLAME DÍJ,6861,Emeli Sandé A.T.,4,III.,5.9,0
18281,2024-10-12,17:38,LADY FLAME DÍJ,6340,Cunami,6,IV.,3.8,0
18281,2024-10-12,17:38,LADY FLAME DÍJ,6727,Västerbo No Edge,1,V.,2.9,0
18281,2024-10-12,17:38,LADY FLAME DÍJ,6442,Dulcinea del Toboso,3,6.,8.0,0
18266,2024-10-05,12:30,PRÓBAFUTAM,6952,Fifty-Fifty,1,1.,,1
18265,2024-10-05,12:10,Q33 KVALIFIKÁCIÓ,7192,Grófnő R.,2,1.,,1
18265,2024-10-05,12:10,Q33 KVALIFIKÁCIÓ,7244,Coco,4,2.,,0
18265,2024-10-05,12:10,Q33 KVALIFIKÁCIÓ,7064,Ganybody,1,3.,,0
18265,2024-10-05,12:10,Q33 KVALIFIKÁCIÓ,7194,Gyémánt Lady,3,4.,,0
18269,2024-10-05,13:00,IVORY BOY DÍJ,6518,Lolly Pop,9,I.,4.2,0
18269,2024-10-05,13:00,IVORY BOY DÍJ,6943,Elizabeth Boss,8,II.,3.5,0
18269,2024-10-05,13:00,IVORY BOY DÍJ,6782,Downtown Girl M,7,III.,3.5,0
18269,2024-10-05,13:00,IVORY BOY DÍJ,6692,Excellence,6,IV.,10.5,0
18269,2024-10-05,13:00,IVORY BOY DÍJ,6690,Enterprise,5,V.,21.0,0
18269,2024-10-05,13:00,IVORY BOY DÍJ,6709,Eccelenza,3,6.,5.2,0
18269,2024-10-05,13:00,IVORY BOY DÍJ,6799,Exclusive Fox,4,7.,21.0,0
18269,2024-10-05,13:00,IVORY BOY DÍJ,7094,Full Speed,2,8.,21.0,0
18269,2024-10-05,13:00,IVORY BOY DÍJ,6788,Morena LV,10,9.,,0
18269,2024-10-05,13:00,IVORY BOY DÍJ,7085,El Nino N,1,gal.,4.2,0
18271,2024-10-05,13:30,MARSCHALL NORBERT EMLÉKVERSENY - AMATŐRVERSENY HENDIKEP,6153,Bing Crosby AT,6,I.,7.2,0
18271,2024-10-05,13:30,MARSCHALL NORBERT EMLÉKVERSENY - AMATŐRVERSENY HENDIKEP,6307,Csípkedd Magad!,5,II.,4.3,0
18271,2024-10-05,13:30,MARSCHALL NORBERT EMLÉKVERSENY - AMATŐRVERSENY HENDIKEP,6343,Chicago,3,III.,4.8,0
18271,2024-10-05,13:30,MARSCHALL NORBERT EMLÉKVERSENY - AMATŐRVERSENY HENDIKEP,6702,Ezigen,4,IV.,2.7,0
18271,2024-10-05,13:30,MARSCHALL NORBERT EMLÉKVERSENY - AMATŐRVERSENY HENDIKEP,5721,Zippy Boy,2,V.,3.6,0
18271,2024-10-05,13:30,MARSCHALL NORBERT EMLÉKVERSENY - AMATŐRVERSENY HENDIKEP,5872,Zaharova M,1,6.,6.2,0
18271,2024-10-05,13:30,MARSCHALL NORBERT EMLÉKVERSENY - AMATŐRVERSENY HENDIKEP,5227,Urban Legend,7,7.,14.5,0
18271,2024-10-05,13:30,MARSCHALL NORBERT EMLÉKVERSENY - AMATŐRVERSENY HENDIKEP,6131,Bulibáró,8,gal.,43.5,0
18267,2024-10-05,14:00,NYERETLENEK VERSENYE - INGYENÉLŐ DÍJ,6918,Front of the Line,1,I.,4.1,0
18267,2024-10-05,14:00,NYERETLENEK VERSENYE - INGYENÉLŐ DÍJ,7099,Fizető,8,II.,10.3,0
18267,2024-10-05,14:00,NYERETLENEK VERSENYE - INGYENÉLŐ DÍJ,7082,Fire Bird,4,III.,12.3,0
18267,2024-10-05,14:00,NYERETLENEK VERSENYE - INGYENÉLŐ DÍJ,7118,Ferrari,3,IV.,7.7,0
18267,2024-10-05,14:00,NYERETLENEK VERSENYE - INGYENÉLŐ DÍJ,7055,Feeling Great BD,6,V.,12.3,0
18267,2024-10-05,14:00,NYERETLENEK VERSENYE - INGYENÉLŐ DÍJ,7000,Fantastic Dream BD,9,6.,30.9,0
18267,2024-10-05,14:00,NYERETLENEK VERSENYE - INGYENÉLŐ DÍJ,6944,Euphoria,2,tü.,7.7,0
18267,2024-10-05,14:00,NYERETLENEK VERSENYE - INGYENÉLŐ DÍJ,7104,Florentin,5,gal.,7.7,0
18267,2024-10-05,14:00,NYERETLENEK VERSENYE - INGYENÉLŐ DÍJ,6982,Farkasfog,7,gal.,5.6,0
18267,2024-10-05,14:00,NYERETLENEK VERSENYE - INGYENÉLŐ DÍJ,6992,Finiselj!,10,gal.,5.1,0
18267,2024-10-05,14:00,NYERETLENEK VERSENYE - INGYENÉLŐ DÍJ,7053,Fabio,11,gal.,7.7,0
18267,2024-10-05,14:00,NYERETLENEK VERSENYE - INGYENÉLŐ DÍJ,7086,Fakta,12,gal.,20.6,0
18273,2024-10-05,14:31,2024. ÉVI AMATŐR KUPA V. FUTAMA - REDWOOD VITA HENDIKEP,6310,Compact Boy,6,I.,23.9,0
18273,2024-10-05,14:31,2024. ÉVI AMATŐR KUPA V. FUTAMA - REDWOOD VITA HENDIKEP,5325,Ultimate Force,1,II.,8.7,0
18273,2024-10-05,14:31,2024. ÉVI AMATŐR KUPA V. FUTAMA - REDWOOD VITA HENDIKEP,6877,Petra La Roque,7,III.,5.3,0
18273,2024-10-05,14:31,2024. ÉVI AMATŐR KUPA V. FUTAMA - REDWOOD VITA HENDIKEP,6380,Cukrom,4,IV.,6.3,0
18273,2024-10-05,14:31,2024. ÉVI AMATŐR KUPA V. FUTAMA - REDWOOD VITA HENDIKEP,6617,Diófás,5,V.,1.9,0
18273,2024-10-05,14:31,2024. ÉVI AMATŐR KUPA V. FUTAMA - REDWOOD VITA HENDIKEP,6679,Inforgettable,2,6.,10.6,0
18273,2024-10-05,14:31,2024. ÉVI AMATŐR KUPA V. FUTAMA - REDWOOD VITA HENDIKEP,5962,Zénó Boko,3,gal.,2.8,0
18268,2024-10-05,16:00,ÜVEGTIGRIS DÍJ,7080,Endless Love,6,I.,2.6,0
18268,2024-10-05,16:00,ÜVEGTIGRIS DÍJ,6995,Fany,7,II.,5.0,0
18268,2024-10-05,16:00,ÜVEGTIGRIS DÍJ,6924,Felix Charme,3,III.,9.1,0
18268,2024-10-05,16:00,ÜVEGTIGRIS DÍJ,7149,Füge M,1,gal.,6.8,0
18268,2024-10-05,16:00,ÜVEGTIGRIS DÍJ,7197,Flawless Hope,2,gal.,2.2,0
18268,2024-10-05,16:00,ÜVEGTIGRIS DÍJ,6983,Fondorlat,4,gal.,27.5,0
18268,2024-10-05,16:00,ÜVEGTIGRIS DÍJ,6953,Eposz,8,gal.,18.3,0
18268,2024-10-05,16:00,ÜVEGTIGRIS DÍJ,7034,Formula,5,disq.,9.1,0
18270,2024-10-05,15:30,PIPACSOS DÍJ - AMATŐRVERSENY,6864,In Love Danover,6,I.,7.4,0
18270,2024-10-05,15:30,PIPACSOS DÍJ - AMATŐRVERSENY,6901,Eastwood,4,II.,5.9,0
18270,2024-10-05,15:30,PIPACSOS DÍJ - AMATŐRVERSENY,6315,Csodabogyó,1,III.,30.3,0
18270,2024-10-05,15:30,PIPACSOS DÍJ - AMATŐRVERSENY,6308,Csábító R.,7,IV.,4.5,0
18270,2024-10-05,15:30,PIPACSOS DÍJ - AMATŐRVERSENY,6899,Eunike T Boko,3,V.,1.2,0
18270,2024-10-05,15:30,PIPACSOS DÍJ - AMATŐRVERSENY,6514,El Valle Sagrado,2,6.,18.0,0
18270,2024-10-05,15:30,PIPACSOS DÍJ - AMATŐRVERSENY,7171,Peter Piper,5,gal.,16.2,0
18274,2024-10-05,16:01,HÓPEHELY HENDIKEP,6023,Acélos Fiú,3,I.,4.4,0
18274,2024-10-05,16:01,HÓPEHELY HENDIKEP,6316,Casino Royale,6,II.,3.5,0
18274,2024-10-05,16:01,HÓPEHELY HENDIKEP,5707,Zlatan LIW,5,III.,4.4,0
18274,2024-10-05,16:01,HÓPEHELY HENDIKEP,5228,Uptown Boy M,4,IV.,4.0,0
18274,2024-10-05,16:01,HÓPEHELY HENDIKEP,6305,Csikós,1,V.,13.2,0
18274,2024-10-05,16:01,HÓPEHELY HENDIKEP,4945,Trencsén,2,6.,26.5,0
18274,2024-10-05,16:01,HÓPEHELY HENDIKEP,4788,Szilvás,8,7.,17.6,0
18274,2024-10-05,16:01,HÓPEHELY HENDIKEP,6165,Bűbájos,7,gal.,3.1,0
18272,2024-10-05,16:31,JIM BIM HENDIKEP,4968,Titus Livius,1,I.,3.0,0
18272,2024-10-05,16:31,JIM BIM HENDIKEP,5907,Always Winner,4,II.,17.2,0
18272,2024-10-05,16:31,JIM BIM HENDIKEP,5531,Very Nice Photo,5,III.,8.6,0
18272,2024-10-05,16:31,JIM BIM HENDIKEP,6705,Eminem,7,IV.,10.3,0
18272,2024-10-05,16:31,JIM BIM HENDIKEP,6213,Farinelli,3,tü.,3.2,0
18272,2024-10-05,16:31,JIM BIM HENDIKEP,6021,Anna,6,gal.,1.7,0
18255,2024-09-28,12:30,PRÓBAFUTAM,6315,Csodabogyó,1,1.,,1
18253,2024-09-28,12:00,Q31 KVALIFIKÁCIÓ,7188,Győcike,3,1.,,1
18253,2024-09-28,12:00,Q31 KVALIFIKÁCIÓ,7192,Grófnő R.,2,2.,,0
18253,2024-09-28,12:00,Q31 KVALIFIKÁCIÓ,7064,Ganybody,1,3.,,0
18254,2024-09-28,12:15,Q32 KVALIFIKÁCIÓ,7098,Fernando,1,1.,,1
18257,2024-09-28,13:00,NYERETLEN KÉTÉVESEK VERSENYE,7186,Gina Fling,5,I.,2.8,0
18257,2024-09-28,13:00,NYERETLEN KÉTÉVESEK VERSENYE,7176,Get Lucky,4,II.,11.5,0
18257,2024-09-28,13:00,NYERETLEN KÉTÉVESEK VERSENYE,7110,Guinevere,8,III.,3.8,0
18257,2024-09-28,13:00,NYERETLEN KÉTÉVESEK VERSENYE,7190,Gucci,9,IV.,3.8,0
18257,2024-09-28,13:00,NYERETLEN KÉTÉVESEK VERSENYE,7168,God save the Queen,1,V.,,0
18257,2024-09-28,13:00,NYERETLEN KÉTÉVESEK VERSENYE,7240,Gana Ris,3,6.,3.8,0
18257,2024-09-28,13:00,NYERETLEN KÉTÉVESEK VERSENYE,7191,Glitter Lady,7,7.,11.5,0
18257,2024-09-28,13:00,NYERETLEN KÉTÉVESEK VERSENYE,7103,Grace Kelly,6,8.,11.5,0
18257,2024-09-28,13:00,NYERETLEN KÉTÉVESEK VERSENYE,7241,Gigant Ris,2,9.,11.5,0
18258,2024-09-28,13:30,FLINGA DÍJ,6706,Eperke,5,I.,9.1,0
18258,2024-09-28,13:30,FLINGA DÍJ,7127,Francesca,6,II.,2.4,0
18258,2024-09-28,13:30,FLINGA DÍJ,6691,Elizeus LIW,8,III.,37.2,0
18258,2024-09-28,13:30,FLINGA DÍJ,6962,Flinga VT,4,IV.,5.6,0
18258,2024-09-28,13:30,FLINGA DÍJ,6919,Fermina Daza,7,V.,15.1,0
18258,2024-09-28,13:30,FLINGA DÍJ,7097,Fortuna Ville,9,6táv.,3.7,0
18258,2024-09-28,13:30,FLINGA DÍJ,7149,Füge M,1,gal.,2.9,0
18258,2024-09-28,13:30,FLINGA DÍJ,7035,Firkó,2,gal.,21.5,0
18258,2024-09-28,13:30,FLINGA DÍJ,6981,Evita Meerswal,3,gal.,29.2,0
18262,2024-09-28,14:00,NIKITA HENDIKEP,5530,Velocity,3,I.,28.5,0
18262,2024-09-28,14:00,NIKITA HENDIKEP,5757,Zsofesz,11,II.,7.1,0
18262,2024-09-28,14:00,NIKITA HENDIKEP,5721,Zippy Boy,4,III.,9.5,0
18262,2024-09-28,14:00,NIKITA HENDIKEP,6782,Downtown Girl M,9,IV.,14.2,0
18262,2024-09-28,14:00,NIKITA HENDIKEP,5540,Velence R.,10,V.,7.1,0
18262,2024-09-28,14:00,NIKITA HENDIKEP,6438,Danny DeVito,5,6.,14.2,0
18262,2024-09-28,14:00,NIKITA HENDIKEP,6299,Beyond The Limits,6,7.,4.0,0
18262,2024-09-28,14:00,NIKITA HENDIKEP,5856,Donia d'Aunay,1,8.,28.5,0
18262,2024-09-28,14:00,NIKITA HENDIKEP,6213,Farinelli,2,gal.,1.7,0
18262,2024-09-28,14:00,NIKITA HENDIKEP,5907,Always Winner,8,gal.,14.2,0
18260,2024-09-28,14:30,NANÁ DÍJ,6331,Charming Boy,4,I.,3.2,0
18260,2024-09-28,14:30,NANÁ DÍJ,6864,In Love Danover,3,II.,3.2,0
18260,2024-09-28,14:30,NANÁ DÍJ,6121,Farya BD,5,III.,5.4,0
18260,2024-09-28,14:30,NANÁ DÍJ,7171,Peter Piper,1,IV.,5.4,0
18260,2024-09-28,14:30,NANÁ DÍJ,6624,My Dyla LV,2,V.,4.0,0
18260,2024-09-28,14:30,NANÁ DÍJ,7147,Cupido GSO,6,6.,8.1,0
18260,2024-09-28,14:30,NANÁ DÍJ,6305,Csikós,7,7.,8.1,0
18263,2024-09-28,15:00,VETERÁNOK HAJTÁSA HENDIKEP,6021,Anna,8,I.,3.7,0
18263,2024-09-28,15:00,VETERÁNOK HAJTÁSA HENDIKEP,6435,Ducks,6,II.,2.4,0
18263,2024-09-28,15:00,VETERÁNOK HAJTÁSA HENDIKEP,6080,Boszi,1,III.,22.4,0
18263,2024-09-28,15:00,VETERÁNOK HAJTÁSA HENDIKEP,6052,Auróra,5,IV.,11.2,0
18263,2024-09-28,15:00,VETERÁNOK HAJTÁSA HENDIKEP,5504,Vakarcs RG,4,V.,14.9,0
18263,2024-09-28,15:00,VETERÁNOK HAJTÁSA HENDIKEP,4477,Reménység,2,6.,14.9,0
18263,2024-09-28,15:00,VETERÁNOK HAJTÁSA HENDIKEP,6459,Diamond Ville,7,7.,22.4,0
18263,2024-09-28,15:00,VETERÁNOK HAJTÁSA HENDIKEP,5894,Apollo Creed,9,gal.,2.8,0
18263,2024-09-28,15:00,VETERÁNOK HAJTÁSA HENDIKEP,5536,Winner Boy,3,disq.,7.4,0
18264,2024-09-28,15:34,DOROTTYA HENDIKEP,6620,Nelstrong,3,I.,3.6,0
18264,2024-09-28,15:34,DOROTTYA HENDIKEP,5702,Zizitop,8,II.,6.3,0
18264,2024-09-28,15:34,DOROTTYA HENDIKEP,6805,Guiness des Fanes,6,III.,8.5,0
18264,2024-09-28,15:34,DOROTTYA HENDIKEP,6165,Bűbájos,9,IV.,3.0,0
18264,2024-09-28,15:34,DOROTTYA HENDIKEP,6350,Grand Illusion,4,V.,25.5,0
18264,2024-09-28,15:34,DOROTTYA HENDIKEP,5564,Valentino,2,6.,5.1,0
18264,2024-09-28,15:34,DOROTTYA HENDIKEP,5325,Ultimate Force,5,7.,4.2,0
18264,2024-09-28,15:34,DOROTTYA HENDIKEP,4788,Szilvás,7,8.,51.0,0
18264,2024-09-28,15:34,DOROTTYA HENDIKEP,5270,Une Dame,1,9.,10.2,0
18259,2024-09-28,16:02,POETICA SAF DÍJ,6861,Emeli Sandé A.T.,11,I.,11.0,0
18259,2024-09-28,16:02,POETICA SAF DÍJ,6877,Petra La Roque,5,II.,7.7,0
18259,2024-09-28,16:02,POETICA SAF DÍJ,6310,Compact Boy,10,III.,4.5,0
18259,2024-09-28,16:02,POETICA SAF DÍJ,6704,Emerald,7,IV.,5.5,0
18259,2024-09-28,16:02,POETICA SAF DÍJ,6928,Fenegyerek,9,V.,2.8,0
18259,2024-09-28,16:02,POETICA SAF DÍJ,6987,Fabrice,1,6.,25.8,0
18259,2024-09-28,16:02,POETICA SAF DÍJ,6697,Erzsébet Királynő,2,7.,19.3,0
18259,2024-09-28,16:02,POETICA SAF DÍJ,6696,Édes K,4,8.,77.5,0
18259,2024-09-28,16:02,POETICA SAF DÍJ,6788,Morena LV,3,9.,38.7,0
18259,2024-09-28,16:02,POETICA SAF DÍJ,6973,Edoardo Ama,6,kih.,3.6,0
18259,2024-09-28,16:02,POETICA SAF DÍJ,6778,Dancing Lady,8,gal.,9.6,0
18256,2024-09-28,16:35,ŐSZI KANCA DÍJ,6916,Freya T Boko,3,I.,1.8,0
18256,2024-09-28,16:35,ŐSZI KANCA DÍJ,5906,Anybody,7,II.,5.5,0
18256,2024-09-28,16:35,ŐSZI KANCA DÍJ,6855,Eternity Bar,5,III.,3.4,0
18256,2024-09-28,16:35,ŐSZI KANCA DÍJ,6929,Fendi,2,IV.,5.5,0
18256,2024-09-28,16:35,ŐSZI KANCA DÍJ,7173,Jula Netprice,6,V.,14.7,0
18256,2024-09-28,16:35,ŐSZI KANCA DÍJ,7153,Eclipse Degli Dei,4,6.,11.0,0
18256,2024-09-28,16:35,ŐSZI KANCA DÍJ,6934,Zaira LV,1,7.,8.8,0
18261,2024-09-28,17:04,JESSIE JAMES HENDIKEP,6153,Bing Crosby AT,3,I.,2.3,0
18261,2024-09-28,17:04,JESSIE JAMES HENDIKEP,6358,Calvin,6,II.,6.2,0
18261,2024-09-28,17:04,JESSIE JAMES HENDIKEP,5610,Winoc SB,9,III.,4.1,0
18261,2024-09-28,17:04,JESSIE JAMES HENDIKEP,6378,Chesterfield,4,IV.,3.5,0
18261,2024-09-28,17:04,JESSIE JAMES HENDIKEP,6336,Allegro Barbaro,1,V.,,0
18261,2024-09-28,17:04,JESSIE JAMES HENDIKEP,6460,Dezmin Lady,2,6.,5.5,0
18261,2024-09-28,17:04,JESSIE JAMES HENDIKEP,6051,Briliáns BD,5,7.,16.7,0
18261,2024-09-28,17:04,JESSIE JAMES HENDIKEP,4942,Bezique Va Bene,10,8.,,0
18261,2024-09-28,17:04,JESSIE JAMES HENDIKEP,6062,Best Boy,7,9táv.,7.1,0
18245,2024-09-18,14:30,PRÓBAFUTAM,6944,Euphoria,1,1.,,1
18245,2024-09-18,14:30,PRÓBAFUTAM,6460,Dezmin Lady,2,2.,,0
18244,2024-09-18,14:10,Q30 KVALIFIKÁCIÓ,7176,Get Lucky,1,1.,,1
18244,2024-09-18,14:10,Q30 KVALIFIKÁCIÓ,7242,Golden Rose OZ,6,2.,,0
18244,2024-09-18,14:10,Q30 KVALIFIKÁCIÓ,7199,Gingerly KJ,3,3.,,0
18244,2024-09-18,14:10,Q30 KVALIFIKÁCIÓ,7106,Gentleman Jack,2,4.,,0
18244,2024-09-18,14:10,Q30 KVALIFIKÁCIÓ,7200,Icibell BD,4,5.,,0
18244,2024-09-18,14:10,Q30 KVALIFIKÁCIÓ,7192,Grófnő R.,5,gal.,,0
18252,2024-09-18,15:00,JÁNOSBOGÁR HENDIKEP,6475,Discovery LW,9,I.,9.8,0
18252,2024-09-18,15:00,JÁNOSBOGÁR HENDIKEP,6003,Ambrosia Gielle,10,II.,,0
18252,2024-09-18,15:00,JÁNOSBOGÁR HENDIKEP,6340,Cunami,11,III.,9.8,0
18252,2024-09-18,15:00,JÁNOSBOGÁR HENDIKEP,5531,Very Nice Photo,4,IV.,19.7,0
18252,2024-09-18,15:00,JÁNOSBOGÁR HENDIKEP,6525,Big Ben Pax,6,V.,1.4,0
18252,2024-09-18,15:00,JÁNOSBOGÁR HENDIKEP,5955,Atom Maki,7,6.,6.5,0
18252,2024-09-18,15:00,JÁNOSBOGÁR HENDIKEP,6679,Inforgettable,3,7.,9.8,0
18252,2024-09-18,15:00,JÁNOSBOGÁR HENDIKEP,5530,Velocity,1,8.,,0
18252,2024-09-18,15:00,JÁNOSBOGÁR HENDIKEP,6052,Auróra,5,9.,,0
18252,2024-09-18,15:00,JÁNOSBOGÁR HENDIKEP,6119,Firefly Shadow,8,10.,,0
18252,2024-09-18,15:00,JÁNOSBOGÁR HENDIKEP,6745,Aerodynamics,2,gal.,3.9,0
18250,2024-09-18,15:30,2024. ÉVI KINCSEM PARK KUPA V. FUTAMA HENDIKEP,6213,Farinelli,4,I.,2.1,0
18250,2024-09-18,15:30,2024. ÉVI KINCSEM PARK KUPA V. FUTAMA HENDIKEP,6343,Chicago,5,II.,2.8,0
18250,2024-09-18,15:30,2024. ÉVI KINCSEM PARK KUPA V. FUTAMA HENDIKEP,5990,Aranyérem M,7,III.,25.9,0
18250,2024-09-18,15:30,2024. ÉVI KINCSEM PARK KUPA V. FUTAMA HENDIKEP,6358,Calvin,2,IV.,6.9,0
18250,2024-09-18,15:30,2024. ÉVI KINCSEM PARK KUPA V. FUTAMA HENDIKEP,5872,Zaharova M,3,V.,93.4,0
18250,2024-09-18,15:30,2024. ÉVI KINCSEM PARK KUPA V. FUTAMA HENDIKEP,6071,Bellini Fling,6,6.,12.2,0
18250,2024-09-18,15:30,2024. ÉVI KINCSEM PARK KUPA V. FUTAMA HENDIKEP,6153,Bing Crosby AT,1,gal.,2.5,0
18246,2024-09-18,16:00,NAPOSPART DÍJ,6692,Excellence,5,I.,2.7,0
18246,2024-09-18,16:00,NAPOSPART DÍJ,6696,Édes K,8,II.,8.1,0
18246,2024-09-18,16:00,NAPOSPART DÍJ,6690,Enterprise,3,III.,8.1,0
18246,2024-09-18,16:00,NAPOSPART DÍJ,6691,Elizeus LIW,1,IV.,,0
18246,2024-09-18,16:00,NAPOSPART DÍJ,6698,Easy Bet,6,V.,,0
18246,2024-09-18,16:00,NAPOSPART DÍJ,7094,Full Speed,2,6.,2.0,0
18246,2024-09-18,16:00,NAPOSPART DÍJ,6657,Dreamer,4,gal.,2.7,0
18246,2024-09-18,16:00,NAPOSPART DÍJ,6782,Downtown Girl M,7,gal.,,0
18243,2024-09-18,16:30,GOSZTONYI DÉNES EMLÉKVERSENY,6965,Felhők felett,7,I.,1.9,0
18243,2024-09-18,16:30,GOSZTONYI DÉNES EMLÉKVERSENY,6924,Felix Charme,5,II.,,0
18243,2024-09-18,16:30,GOSZTONYI DÉNES EMLÉKVERSENY,7034,Formula,9,III.,,0
18243,2024-09-18,16:30,GOSZTONYI DÉNES EMLÉKVERSENY,6983,Fondorlat,8,IV.,11.5,0
18243,2024-09-18,16:30,GOSZTONYI DÉNES EMLÉKVERSENY,6057,Bitangjó,4,V.,,0
18243,2024-09-18,16:30,GOSZTONYI DÉNES EMLÉKVERSENY,6932,Miro LV,1,6.,5.7,0
18243,2024-09-18,16:30,GOSZTONYI DÉNES EMLÉKVERSENY,7000,Fantastic Dream BD,2,7.,,0
18243,2024-09-18,16:30,GOSZTONYI DÉNES EMLÉKVERSENY,6960,Fantom KE,3,gal.,5.7,0
18243,2024-09-18,16:30,GOSZTONYI DÉNES EMLÉKVERSENY,7197,Flawless Hope,6,gal.,1.9,0
18247,2024-09-18,17:00,JOKER DÍJ,6228,Creatine,4,I.,4.7,0
18247,2024-09-18,17:00,JOKER DÍJ,6899,Eunike T Boko,2,II.,1.3,0
18247,2024-09-18,17:00,JOKER DÍJ,6308,Csábító R.,5,III.,3.1,0
18247,2024-09-18,17:00,JOKER DÍJ,6901,Eastwood,3,IV.,9.5,0
18247,2024-09-18,17:00,JOKER DÍJ,6702,Ezigen,1,V.,,0
18247,2024-09-18,17:00,JOKER DÍJ,5536,Winner Boy,6,6.,9.5,0
18249,2024-09-18,17:30,JUTÁNYOS HENDIKEP,5724,Zero di Jesolo,2,I.,,0
18249,2024-09-18,17:30,JUTÁNYOS HENDIKEP,5610,Winoc SB,4,II.,2.7,0
18249,2024-09-18,17:30,JUTÁNYOS HENDIKEP,6051,Briliáns BD,3,III.,2.7,0
18249,2024-09-18,17:30,JUTÁNYOS HENDIKEP,6345,Berna Queen M,8,IV.,,0
18249,2024-09-18,17:30,JUTÁNYOS HENDIKEP,5695,Vinifera M,7,V.,,0
18249,2024-09-18,17:30,JUTÁNYOS HENDIKEP,5730,Magic Bucks,5,6.,,0
18249,2024-09-18,17:30,JUTÁNYOS HENDIKEP,6336,Allegro Barbaro,1,7.,,0
18249,2024-09-18,17:30,JUTÁNYOS HENDIKEP,6062,Best Boy,6,gal.,1.3,0
18248,2024-09-18,18:00,SOLDO DÍJ,6780,Eternal Flame,3,I.,,0
18248,2024-09-18,18:00,SOLDO DÍJ,6954,Palace Bo,8,II.,6.5,0
18248,2024-09-18,18:00,SOLDO DÍJ,6731,Daytona Spav,1,III.,1.6,0
18248,2024-09-18,18:00,SOLDO DÍJ,6470,Devoted,7,IV.,6.5,0
18248,2024-09-18,18:00,SOLDO DÍJ,5906,Anybody,5,V.,6.5,0
18248,2024-09-18,18:00,SOLDO DÍJ,6464,Dolomit Boy,6,6.,4.9,0
18248,2024-09-18,18:00,SOLDO DÍJ,7151,Dragons Bar,11,7.,,0
18248,2024-09-18,18:00,SOLDO DÍJ,7160,Campari Jet,9,8.,,0
18248,2024-09-18,18:00,SOLDO DÍJ,6624,My Dyla LV,2,9.,,0
18248,2024-09-18,18:00,SOLDO DÍJ,7156,Dats Pepito,10,10.,19.7,0
18248,2024-09-18,18:00,SOLDO DÍJ,7147,Cupido GSO,4,11.,6.5,0
18251,2024-09-18,18:30,JÚDÁS HENDIKEP,6047,Baraka SS,3,I.,6.5,0
18251,2024-09-18,18:30,JÚDÁS HENDIKEP,6018,Bonus RG,5,II.,,0
18251,2024-09-18,18:30,JÚDÁS HENDIKEP,4968,Titus Livius,1,III.,1.3,0
18251,2024-09-18,18:30,JÚDÁS HENDIKEP,6459,Diamond Ville,6,IV.,5.4,0
18251,2024-09-18,18:30,JÚDÁS HENDIKEP,6303,CR-Seven,4,V.,3.6,0
18251,2024-09-18,18:30,JÚDÁS HENDIKEP,6080,Boszi,2,6.,10.8,0
18234,2024-09-14,12:30,PRÓBAFUTAM,6460,Dezmin Lady,1,1.,,1
18235,2024-09-14,12:15,Q29 KVALIFIKÁCIÓ,7240,Gana Ris,3,1.,,1
18235,2024-09-14,12:15,Q29 KVALIFIKÁCIÓ,7241,Gigant Ris,4,2.,,0
18235,2024-09-14,12:15,Q29 KVALIFIKÁCIÓ,7168,God save the Queen,2,3.,,0
18235,2024-09-14,12:15,Q29 KVALIFIKÁCIÓ,7199,Gingerly KJ,1,4.,,0
18233,2024-09-14,13:00,NYERETLEN KÉTÉVESEK VERSENYE - GOMB DÍJ,7105,Gomez de Boko,4,I.,1.9,0
18233,2024-09-14,13:00,NYERETLEN KÉTÉVESEK VERSENYE - GOMB DÍJ,7190,Gucci,5,II.,1.2,0
18233,2024-09-14,13:00,NYERETLEN KÉTÉVESEK VERSENYE - GOMB DÍJ,7110,Guinevere,3,III.,15.2,0
18233,2024-09-14,13:00,NYERETLEN KÉTÉVESEK VERSENYE - GOMB DÍJ,7103,Grace Kelly,1,IV.,14.5,0
18233,2024-09-14,13:00,NYERETLEN KÉTÉVESEK VERSENYE - GOMB DÍJ,7191,Glitter Lady,2,V.,22.8,0
18239,2024-09-14,13:30,TÖHÖTÖM HENDIKEP,4477,Reménység,7,I.,5.1,0
18239,2024-09-14,13:30,TÖHÖTÖM HENDIKEP,6962,Flinga VT,3,II.,3.2,0
18239,2024-09-14,13:30,TÖHÖTÖM HENDIKEP,6378,Chesterfield,1,III.,1.7,0
18239,2024-09-14,13:30,TÖHÖTÖM HENDIKEP,5724,Zero di Jesolo,2,IV.,8.6,0
18239,2024-09-14,13:30,TÖHÖTÖM HENDIKEP,6799,Exclusive Fox,4,V.,,0
18239,2024-09-14,13:30,TÖHÖTÖM HENDIKEP,6051,Briliáns BD,5,6.,4.3,0
18239,2024-09-14,13:30,TÖHÖTÖM HENDIKEP,6511,Demi Moore,6,gal.,25.8,0
18236,2024-09-14,14:00,NYERETLENEK VERSENYE - ILEDA BI DÍJ,7177,Senorita,4,I.,2.3,0
18236,2024-09-14,14:00,NYERETLENEK VERSENYE - ILEDA BI DÍJ,7149,Füge M,10,II.,4.7,0
18236,2024-09-14,14:00,NYERETLENEK VERSENYE - ILEDA BI DÍJ,7053,Fabio,6,III.,7.9,0
18236,2024-09-14,14:00,NYERETLENEK VERSENYE - ILEDA BI DÍJ,7104,Florentin,3,IV.,7.9,0
18236,2024-09-14,14:00,NYERETLENEK VERSENYE - ILEDA BI DÍJ,6982,Farkasfog,5,V.,11.9,0
18236,2024-09-14,14:00,NYERETLENEK VERSENYE - ILEDA BI DÍJ,7055,Feeling Great BD,7,6.,2.9,0
18236,2024-09-14,14:00,NYERETLENEK VERSENYE - ILEDA BI DÍJ,7099,Fizető,8,7.,23.8,0
18236,2024-09-14,14:00,NYERETLENEK VERSENYE - ILEDA BI DÍJ,7082,Fire Bird,1,8.,23.8,0
18236,2024-09-14,14:00,NYERETLENEK VERSENYE - ILEDA BI DÍJ,7118,Ferrari,2,9.,11.9,0
18242,2024-09-14,14:30,IMIKE HENDIKEP,6360,Chip Chip Chip,5,I.,2.0,0
18242,2024-09-14,14:30,IMIKE HENDIKEP,5707,Zlatan LIW,4,II.,3.1,0
18242,2024-09-14,14:30,IMIKE HENDIKEP,6163,Bombay,6,III.,2.0,0
18242,2024-09-14,14:30,IMIKE HENDIKEP,6366,Celerina Boss,3,IV.,11.0,0
18242,2024-09-14,14:30,IMIKE HENDIKEP,6003,Ambrosia Gielle,1,V.,11.0,0
18242,2024-09-14,14:30,IMIKE HENDIKEP,5288,Usain,2,6.,,0
18240,2024-09-14,15:00,HÁREMHÖLGY HENDIKEP,6328,Credit Card,7,I.,10.8,0
18240,2024-09-14,15:00,HÁREMHÖLGY HENDIKEP,6299,Beyond The Limits,3,II.,21.7,0
18240,2024-09-14,15:00,HÁREMHÖLGY HENDIKEP,6307,Csípkedd Magad!,6,III.,1.5,0
18240,2024-09-14,15:00,HÁREMHÖLGY HENDIKEP,6047,Baraka SS,4,IV.,5.4,0
18240,2024-09-14,15:00,HÁREMHÖLGY HENDIKEP,5907,Always Winner,8,V.,10.8,0
18240,2024-09-14,15:00,HÁREMHÖLGY HENDIKEP,5856,Donia d'Aunay,1,6.,21.7,0
18240,2024-09-14,15:00,HÁREMHÖLGY HENDIKEP,6071,Bellini Fling,2,7.,10.8,0
18240,2024-09-14,15:00,HÁREMHÖLGY HENDIKEP,6438,Danny DeVito,5,8.,3.6,0
18238,2024-09-14,15:30,TÖRZS ÚR DÍJ,6973,Edoardo Ama,3,I.,2.2,0
18238,2024-09-14,15:30,TÖRZS ÚR DÍJ,6861,Emeli Sandé A.T.,7,II.,4.8,0
18238,2024-09-14,15:30,TÖRZS ÚR DÍJ,6778,Dancing Lady,5,III.,6.1,0
18238,2024-09-14,15:30,TÖRZS ÚR DÍJ,6704,Emerald,6,IV.,4.8,0
18238,2024-09-14,15:30,TÖRZS ÚR DÍJ,6953,Eposz,1,tü.,,0
18238,2024-09-14,15:30,TÖRZS ÚR DÍJ,6727,Västerbo No Edge,2,gal.,6.1,0
18238,2024-09-14,15:30,TÖRZS ÚR DÍJ,6442,Dulcinea del Toboso,4,gal.,3.4,0
18241,2024-09-14,16:10,AMATŐRVERSENY HENDIKEP,5564,Valentino,3,I.,1.1,0
18241,2024-09-14,16:10,AMATŐRVERSENY HENDIKEP,6066,Berill Lady,6,II.,1.6,0
18241,2024-09-14,16:10,AMATŐRVERSENY HENDIKEP,5757,Zsofesz,2,III.,5.0,0
18241,2024-09-14,16:10,AMATŐRVERSENY HENDIKEP,5700,Vezér,1,IV.,,0
18237,2024-09-14,16:40,MIKI DÍJ,6705,Eminem,7,I.,2.1,0
18237,2024-09-14,16:40,MIKI DÍJ,6927,Fast Track,5,II.,4.3,0
18237,2024-09-14,16:40,MIKI DÍJ,6936,Aaron LV,6,III.,3.6,0
18237,2024-09-14,16:40,MIKI DÍJ,7111,Emoji,4,IV.,12.9,0
18237,2024-09-14,16:40,MIKI DÍJ,7086,Fakta,3,V.,2.8,0
18237,2024-09-14,16:40,MIKI DÍJ,6932,Miro LV,1,6.,12.9,0
18237,2024-09-14,16:40,MIKI DÍJ,6991,Falcon VT,2,7.,,0
18223,2024-09-07,12:30,PRÓBAFUTAM,7033,Feeling,1,tü.,,0
18221,2024-09-07,12:00,Q27 KVALIFIKÁCIÓ,7186,Gina Fling,3,1.,,1
18221,2024-09-07,12:00,Q27 KVALIFIKÁCIÓ,7103,Grace Kelly,2,2.,,0
18221,2024-09-07,12:00,Q27 KVALIFIKÁCIÓ,7189,Galatea,1,3.,,0
18222,2024-09-07,12:15,Q28 KVALIFIKÁCIÓ,7177,Senorita,2,1.,,1
18222,2024-09-07,12:15,Q28 KVALIFIKÁCIÓ,7104,Florentin,1,2.,,0
18225,2024-09-07,13:01,CALORINA DÍJ,7054,Fánia BD,7,I.,1.6,0
18225,2024-09-07,13:01,CALORINA DÍJ,6983,Fondorlat,6,II.,6.9,0
18225,2024-09-07,13:01,CALORINA DÍJ,7086,Fakta,1,III.,,0
18225,2024-09-07,13:01,CALORINA DÍJ,6057,Bitangjó,4,IV.,4.6,0
18225,2024-09-07,13:01,CALORINA DÍJ,6924,Felix Charme,8,V.,5.5,0
18225,2024-09-07,13:01,CALORINA DÍJ,7111,Emoji,2,6.,7.9,0
18225,2024-09-07,13:01,CALORINA DÍJ,6960,Fantom KE,5,7.,27.8,0
18225,2024-09-07,13:01,CALORINA DÍJ,7035,Firkó,3,8.,6.1,0
18226,2024-09-07,13:30,BET.LOVI.HU - MOLINÁRI DÍJ,7094,Full Speed,5,I.,12.5,0
18226,2024-09-07,13:30,BET.LOVI.HU - MOLINÁRI DÍJ,7136,First Home,1,II.,3.5,0
18226,2024-09-07,13:30,BET.LOVI.HU - MOLINÁRI DÍJ,7081,Fancy,10,III.,8.3,0
18226,2024-09-07,13:30,BET.LOVI.HU - MOLINÁRI DÍJ,7085,El Nino N,9,IV.,2.2,0
18226,2024-09-07,13:30,BET.LOVI.HU - MOLINÁRI DÍJ,6691,Elizeus LIW,3,V.,10.0,0
18226,2024-09-07,13:30,BET.LOVI.HU - MOLINÁRI DÍJ,6705,Eminem,7,6.,5.0,0
18226,2024-09-07,13:30,BET.LOVI.HU - MOLINÁRI DÍJ,6995,Fany,8,7.,25.1,0
18226,2024-09-07,13:30,BET.LOVI.HU - MOLINÁRI DÍJ,6919,Fermina Daza,6,8.,12.5,0
18226,2024-09-07,13:30,BET.LOVI.HU - MOLINÁRI DÍJ,6690,Enterprise,11,9.,25.1,0
18226,2024-09-07,13:30,BET.LOVI.HU - MOLINÁRI DÍJ,6927,Fast Track,4,10.,12.5,0
18226,2024-09-07,13:30,BET.LOVI.HU - MOLINÁRI DÍJ,6751,Emilio Family,12,gal.,50.3,0
18229,2024-09-07,14:00,SZEGEDY ISTVÁN EMLÉKVERSENY,6318,Bonaparte Boss,6,I.,1.1,0
18229,2024-09-07,14:00,SZEGEDY ISTVÁN EMLÉKVERSENY,6300,Catania R.,4,II.,4.1,0
18229,2024-09-07,14:00,SZEGEDY ISTVÁN EMLÉKVERSENY,6470,Devoted,2,III.,23.4,0
18229,2024-09-07,14:00,SZEGEDY ISTVÁN EMLÉKVERSENY,6954,Palace Bo,3,IV.,8.1,0
18229,2024-09-07,14:00,SZEGEDY ISTVÁN EMLÉKVERSENY,7156,Dats Pepito,5,V.,28.9,0
18229,2024-09-07,14:00,SZEGEDY ISTVÁN EMLÉKVERSENY,5906,Anybody,1,6.,6.3,0
18228,2024-09-07,14:30,FEKETE LÁSZLÓ EMLÉKVERSENY,6731,Daytona Spav,2,I.,2.6,0
18228,2024-09-07,14:30,FEKETE LÁSZLÓ EMLÉKVERSENY,6827,Jacky Hazelaar,7,II.,2.1,0
18228,2024-09-07,14:30,FEKETE LÁSZLÓ EMLÉKVERSENY,7207,Latina di Baia S,6,III.,3.6,0
18228,2024-09-07,14:30,FEKETE LÁSZLÓ EMLÉKVERSENY,6864,In Love Danover,4,IV.,32.6,0
18228,2024-09-07,14:30,FEKETE LÁSZLÓ EMLÉKVERSENY,6780,Eternal Flame,10,V.,45.6,0
18228,2024-09-07,14:30,FEKETE LÁSZLÓ EMLÉKVERSENY,6121,Farya BD,8,6.,76.1,0
18228,2024-09-07,14:30,FEKETE LÁSZLÓ EMLÉKVERSENY,7173,Jula Netprice,9,7.,16.3,0
18228,2024-09-07,14:30,FEKETE LÁSZLÓ EMLÉKVERSENY,6472,Dumbledore,5,8.,32.6,0
18228,2024-09-07,14:30,FEKETE LÁSZLÓ EMLÉKVERSENY,6624,My Dyla LV,3,9.,20.7,0
18228,2024-09-07,14:30,FEKETE LÁSZLÓ EMLÉKVERSENY,6305,Csikós,1,gal.,45.6,0
18228,2024-09-07,14:30,FEKETE LÁSZLÓ EMLÉKVERSENY,6776,Premal MS,11,gal.,8.4,0
18231,2024-09-07,15:00,VÁRHIDI CSEMPE ÉS ABLAK KFT. DÍJA HENDIKEP,6262,Bronz Boy,10,I.,7.8,0
18231,2024-09-07,15:00,VÁRHIDI CSEMPE ÉS ABLAK KFT. DÍJA HENDIKEP,5955,Atom Maki,6,II.,5.7,0
18231,2024-09-07,15:00,VÁRHIDI CSEMPE ÉS ABLAK KFT. DÍJA HENDIKEP,5831,King's Call,8,III.,11.1,0
18231,2024-09-07,15:00,VÁRHIDI CSEMPE ÉS ABLAK KFT. DÍJA HENDIKEP,6679,Inforgettable,12,IV.,12.6,0
18231,2024-09-07,15:00,VÁRHIDI CSEMPE ÉS ABLAK KFT. DÍJA HENDIKEP,6877,Petra La Roque,7,V.,3.9,0
18231,2024-09-07,15:00,VÁRHIDI CSEMPE ÉS ABLAK KFT. DÍJA HENDIKEP,5990,Aranyérem M,2,6.,15.7,0
18231,2024-09-07,15:00,VÁRHIDI CSEMPE ÉS ABLAK KFT. DÍJA HENDIKEP,5540,Velence R.,11,7.,37.8,0
18231,2024-09-07,15:00,VÁRHIDI CSEMPE ÉS ABLAK KFT. DÍJA HENDIKEP,5536,Winner Boy,4,8.,2.4,0
18231,2024-09-07,15:00,VÁRHIDI CSEMPE ÉS ABLAK KFT. DÍJA HENDIKEP,5610,Winoc SB,1,9.,94.5,0
18231,2024-09-07,15:00,VÁRHIDI CSEMPE ÉS ABLAK KFT. DÍJA HENDIKEP,6786,Enrico Fling,9,10.,37.8,0
18231,2024-09-07,15:00,VÁRHIDI CSEMPE ÉS ABLAK KFT. DÍJA HENDIKEP,6506,Charlie's World,3,gal.,5.5,0
18231,2024-09-07,15:00,VÁRHIDI CSEMPE ÉS ABLAK KFT. DÍJA HENDIKEP,6782,Downtown Girl M,5,disq.,31.5,0
18224,2024-09-07,15:37,KINCSEM+ TUTI - 110. HUNGÁRIA DÍJ,6783,Enjoy,5,I.,1.5,0
18224,2024-09-07,15:37,KINCSEM+ TUTI - 110. HUNGÁRIA DÍJ,7233,Nelson Newport,6,II.,2.9,0
18224,2024-09-07,15:37,KINCSEM+ TUTI - 110. HUNGÁRIA DÍJ,6855,Eternity Bar,3,III.,5.9,0
18224,2024-09-07,15:37,KINCSEM+ TUTI - 110. HUNGÁRIA DÍJ,7184,Vaiana Viva,2,IV.,34.4,0
18224,2024-09-07,15:37,KINCSEM+ TUTI - 110. HUNGÁRIA DÍJ,7160,Campari Jet,7,V.,18.7,0
18224,2024-09-07,15:37,KINCSEM+ TUTI - 110. HUNGÁRIA DÍJ,6909,Treue,1,6táv.,29.5,0
18224,2024-09-07,15:37,KINCSEM+ TUTI - 110. HUNGÁRIA DÍJ,7205,Power Hill,4,disq.,4.8,0
18230,2024-09-07,16:15,VILMOS D. HENDIKEP,6617,Diófás,10,I.,1.7,0
18230,2024-09-07,16:15,VILMOS D. HENDIKEP,5227,Urban Legend,4,II.,26.1,0
18230,2024-09-07,16:15,VILMOS D. HENDIKEP,6080,Boszi,11,III.,17.4,0
18230,2024-09-07,16:15,VILMOS D. HENDIKEP,6345,Berna Queen M,2,IV.,22.4,0
18230,2024-09-07,16:15,VILMOS D. HENDIKEP,6299,Beyond The Limits,9,V.,5.0,0
18230,2024-09-07,16:15,VILMOS D. HENDIKEP,5925,Anikó,7,6.,3.4,0
18230,2024-09-07,16:15,VILMOS D. HENDIKEP,5856,Donia d'Aunay,5,7.,11.2,0
18230,2024-09-07,16:15,VILMOS D. HENDIKEP,5730,Magic Bucks,3,8.,17.4,0
18230,2024-09-07,16:15,VILMOS D. HENDIKEP,5872,Zaharova M,6,9.,26.1,0
18230,2024-09-07,16:15,VILMOS D. HENDIKEP,6799,Exclusive Fox,1,10.,39.2,0
18230,2024-09-07,16:15,VILMOS D. HENDIKEP,6471,Dynamo,8,gal.,13.0,0
18220,2024-09-07,16:45,TIPPMIX - MARSCHALL JÓZSEF EMLÉKVERSENY (HUN Gr. III.),7219,Blind Date,7,I.,3.1,0
18220,2024-09-07,16:45,TIPPMIX - MARSCHALL JÓZSEF EMLÉKVERSENY (HUN Gr. III.),7217,Uccellone,2,II.,13.0,0
18220,2024-09-07,16:45,TIPPMIX - MARSCHALL JÓZSEF EMLÉKVERSENY (HUN Gr. III.),6433,Digital Races,3,III.,16.4,0
18220,2024-09-07,16:45,TIPPMIX - MARSCHALL JÓZSEF EMLÉKVERSENY (HUN Gr. III.),7203,Zaire Wise As,1,IV.,3.5,0
18220,2024-09-07,16:45,TIPPMIX - MARSCHALL JÓZSEF EMLÉKVERSENY (HUN Gr. III.),6903,Cardenas Baba,6,V.,9.9,0
18220,2024-09-07,16:45,TIPPMIX - MARSCHALL JÓZSEF EMLÉKVERSENY (HUN Gr. III.),7151,Dragons Bar,5,6.,23.3,0
18220,2024-09-07,16:45,TIPPMIX - MARSCHALL JÓZSEF EMLÉKVERSENY (HUN Gr. III.),6202,Maugli,4,gal.,1.6,0
18227,2024-09-07,17:13,ELEGANT YANKEE DÍJ,6943,Elizabeth Boss,2,I.,1.9,0
18227,2024-09-07,17:13,ELEGANT YANKEE DÍJ,7001,Fárosz,9,II.,3.4,0
18227,2024-09-07,17:13,ELEGANT YANKEE DÍJ,6704,Emerald,6,III.,13.3,0
18227,2024-09-07,17:13,ELEGANT YANKEE DÍJ,6929,Fendi,3,IV.,9.7,0
18227,2024-09-07,17:13,ELEGANT YANKEE DÍJ,6303,CR-Seven,5,V.,36.7,0
18227,2024-09-07,17:13,ELEGANT YANKEE DÍJ,6702,Ezigen,1,6.,6.9,0
18227,2024-09-07,17:13,ELEGANT YANKEE DÍJ,6928,Fenegyerek,7,7.,5.8,0
18227,2024-09-07,17:13,ELEGANT YANKEE DÍJ,6310,Compact Boy,8,8.,16.3,0
18227,2024-09-07,17:13,ELEGANT YANKEE DÍJ,6703,Etalon N,4,gal.,11.2,0
18232,2024-09-07,17:41,SÁRKÖZY MÁRIA EMLÉKVERSENY HENDIKEP,6514,El Valle Sagrado,3,I.,2.2,0
18232,2024-09-07,17:41,SÁRKÖZY MÁRIA EMLÉKVERSENY HENDIKEP,5325,Ultimate Force,5,II.,13.8,0
18232,2024-09-07,17:41,SÁRKÖZY MÁRIA EMLÉKVERSENY HENDIKEP,6898,Euzébió,2,III.,6.1,0
18232,2024-09-07,17:41,SÁRKÖZY MÁRIA EMLÉKVERSENY HENDIKEP,6805,Guiness des Fanes,6,IV.,6.1,0
18232,2024-09-07,17:41,SÁRKÖZY MÁRIA EMLÉKVERSENY HENDIKEP,6119,Firefly Shadow,4,V.,6.9,0
18232,2024-09-07,17:41,SÁRKÖZY MÁRIA EMLÉKVERSENY HENDIKEP,5905,Adamo Fling,7,6.,9.2,0
18232,2024-09-07,17:41,SÁRKÖZY MÁRIA EMLÉKVERSENY HENDIKEP,6068,Balerina R.,9,7.,3.3,0
18232,2024-09-07,17:41,SÁRKÖZY MÁRIA EMLÉKVERSENY HENDIKEP,5504,Vakarcs RG,1,8.,18.4,0
18232,2024-09-07,17:41,SÁRKÖZY MÁRIA EMLÉKVERSENY HENDIKEP,4788,Szilvás,8,9.,36.9,0
18216,2024-08-20,10:04,PIKOLÓ DÍJ,7085,El Nino N,4,I.,4.3,0
18216,2024-08-20,10:04,PIKOLÓ DÍJ,7127,Francesca,3,II.,4.0,0
18216,2024-08-20,10:04,PIKOLÓ DÍJ,6936,Aaron LV,8,III.,28.2,0
18216,2024-08-20,10:04,PIKOLÓ DÍJ,6995,Fany,7,IV.,14.1,0
18216,2024-08-20,10:04,PIKOLÓ DÍJ,7080,Endless Love,6,V.,1.6,0
18216,2024-08-20,10:04,PIKOLÓ DÍJ,7086,Fakta,1,6.,56.4,0
18216,2024-08-20,10:04,PIKOLÓ DÍJ,6881,Everton,5,7.,56.4,0
18216,2024-08-20,10:04,PIKOLÓ DÍJ,7060,Filthy Rich,2,gal.,5.1,0
18216,2024-08-20,10:04,PIKOLÓ DÍJ,6751,Emilio Family,9,gal.,18.8,0
18219,2024-08-20,10:32,INARCHI HENDIKEP,5962,Zénó Boko,3,I.,13.8,0
18219,2024-08-20,10:32,INARCHI HENDIKEP,6163,Bombay,12,II.,10.3,0
18219,2024-08-20,10:32,INARCHI HENDIKEP,6525,Big Ben Pax,2,III.,4.1,0
18219,2024-08-20,10:32,INARCHI HENDIKEP,6119,Firefly Shadow,5,IV.,41.4,0
18219,2024-08-20,10:32,INARCHI HENDIKEP,5564,Valentino,1,V.,1.8,0
18219,2024-08-20,10:32,INARCHI HENDIKEP,4945,Trencsén,6,6.,13.8,0
18219,2024-08-20,10:32,INARCHI HENDIKEP,6366,Celerina Boss,10,7.,20.7,0
18219,2024-08-20,10:32,INARCHI HENDIKEP,6435,Ducks,7,8.,13.8,0
18219,2024-08-20,10:32,INARCHI HENDIKEP,6475,Discovery LW,11,9.,20.7,0
18219,2024-08-20,10:32,INARCHI HENDIKEP,6305,Csikós,4,10.,10.3,0
18219,2024-08-20,10:32,INARCHI HENDIKEP,5325,Ultimate Force,8,11.,13.8,0
18219,2024-08-20,10:32,INARCHI HENDIKEP,5288,Usain,9,12.,10.3,0
18214,2024-08-20,11:01,SZENT ISTVÁN DÍJ,6783,Enjoy,5,I.,1.5,0
18214,2024-08-20,11:01,SZENT ISTVÁN DÍJ,6916,Freya T Boko,3,II.,3.8,0
18214,2024-08-20,11:01,SZENT ISTVÁN DÍJ,7003,Friday Night,2,III.,7.9,0
18214,2024-08-20,11:01,SZENT ISTVÁN DÍJ,6318,Bonaparte Boss,6,IV.,3.1,0
18214,2024-08-20,11:01,SZENT ISTVÁN DÍJ,7001,Fárosz,1,V.,11.9,0
18214,2024-08-20,11:01,SZENT ISTVÁN DÍJ,6901,Eastwood,4,6.,15.9,0
18217,2024-08-20,11:30,MERENGŐ DÍJ,6973,Edoardo Ama,3,I.,4.0,0
18217,2024-08-20,11:30,MERENGŐ DÍJ,6943,Elizabeth Boss,1,II.,2.4,0
18217,2024-08-20,11:30,MERENGŐ DÍJ,6929,Fendi,5,III.,4.0,0
18217,2024-08-20,11:30,MERENGŐ DÍJ,6909,Treue,2,IV.,24.4,0
18217,2024-08-20,11:30,MERENGŐ DÍJ,6898,Euzébió,9,V.,8.1,0
18217,2024-08-20,11:30,MERENGŐ DÍJ,6778,Dancing Lady,7,6.,24.4,0
18217,2024-08-20,11:30,MERENGŐ DÍJ,6727,Västerbo No Edge,4,7.,9.7,0
18217,2024-08-20,11:30,MERENGŐ DÍJ,6786,Enrico Fling,8,8.,16.3,0
18217,2024-08-20,11:30,MERENGŐ DÍJ,6861,Emeli Sandé A.T.,6,gal.,4.8,0
18215,2024-08-20,12:01,SZALAY JÁNOS EMLÉKVERSENY,7114,Ginevra,1,I.,2.3,0
18215,2024-08-20,12:01,SZALAY JÁNOS EMLÉKVERSENY,7190,Gucci,4,II.,5.7,0
18215,2024-08-20,12:01,SZALAY JÁNOS EMLÉKVERSENY,7105,Gomez de Boko,2,III.,1.6,0
18215,2024-08-20,12:01,SZALAY JÁNOS EMLÉKVERSENY,7110,Guinevere,3,IV.,5.9,0
18215,2024-08-20,12:01,SZALAY JÁNOS EMLÉKVERSENY,7191,Glitter Lady,5,V.,12.6,0
18218,2024-08-20,12:31,DÖME LAJOS ÉS DÖME LÁSZLÓ EMLÉKVERSENY HENDIKEP,5247,Universal Boy,6,I.,10.0,0
18218,2024-08-20,12:31,DÖME LAJOS ÉS DÖME LÁSZLÓ EMLÉKVERSENY HENDIKEP,6679,Inforgettable,7,II.,7.1,0
18218,2024-08-20,12:31,DÖME LAJOS ÉS DÖME LÁSZLÓ EMLÉKVERSENY HENDIKEP,6330,Che Comandante,8,III.,7.1,0
18218,2024-08-20,12:31,DÖME LAJOS ÉS DÖME LÁSZLÓ EMLÉKVERSENY HENDIKEP,6080,Boszi,5,IV.,16.7,0
18218,2024-08-20,12:31,DÖME LAJOS ÉS DÖME LÁSZLÓ EMLÉKVERSENY HENDIKEP,6782,Downtown Girl M,12,V.,16.7,0
18218,2024-08-20,12:31,DÖME LAJOS ÉS DÖME LÁSZLÓ EMLÉKVERSENY HENDIKEP,6307,Csípkedd Magad!,9,6.,3.1,0
18218,2024-08-20,12:31,DÖME LAJOS ÉS DÖME LÁSZLÓ EMLÉKVERSENY HENDIKEP,6328,Credit Card,10,7.,50.3,0
18218,2024-08-20,12:31,DÖME LAJOS ÉS DÖME LÁSZLÓ EMLÉKVERSENY HENDIKEP,6153,Bing Crosby AT,1,8.,3.3,0
18218,2024-08-20,12:31,DÖME LAJOS ÉS DÖME LÁSZLÓ EMLÉKVERSENY HENDIKEP,5907,Always Winner,11,9.,10.0,0
18218,2024-08-20,12:31,DÖME LAJOS ÉS DÖME LÁSZLÓ EMLÉKVERSENY HENDIKEP,5730,Magic Bucks,3,10.,8.3,0
18218,2024-08-20,12:31,DÖME LAJOS ÉS DÖME LÁSZLÓ EMLÉKVERSENY HENDIKEP,4942,Bezique Va Bene,4,11.,50.3,0
18218,2024-08-20,12:31,DÖME LAJOS ÉS DÖME LÁSZLÓ EMLÉKVERSENY HENDIKEP,6511,Demi Moore,2,gal.,10.0,0
18202,2024-08-10,13:31,PRÓBAFUTAM,6433,Digital Races,2,1.,,1
18202,2024-08-10,13:31,PRÓBAFUTAM,4788,Szilvás,1,2.,,0
18203,2024-08-10,13:00,Q25 KVALIFIKÁCIÓ,7193,Grazia,1,1.,,1
18203,2024-08-10,13:00,Q25 KVALIFIKÁCIÓ,7103,Grace Kelly,5,2.,,0
18203,2024-08-10,13:00,Q25 KVALIFIKÁCIÓ,7199,Gingerly KJ,3,3.,,0
18203,2024-08-10,13:00,Q25 KVALIFIKÁCIÓ,7189,Galatea,2,4.,,0
18204,2024-08-10,13:16,Q26 KVALIFIKÁCIÓ,7175,Fearless ASM,1,gal.,,0
18209,2024-08-10,14:00,NÉMA LEVENTE HENDIKEP,6262,Bronz Boy,4,I.,11.9,0
18209,2024-08-10,14:00,NÉMA LEVENTE HENDIKEP,5748,Zoom Photo,8,II.,7.9,0
18209,2024-08-10,14:00,NÉMA LEVENTE HENDIKEP,6330,Che Comandante,9,III.,3.0,0
18209,2024-08-10,14:00,NÉMA LEVENTE HENDIKEP,6071,Bellini Fling,7,IV.,23.8,0
18209,2024-08-10,14:00,NÉMA LEVENTE HENDIKEP,6299,Beyond The Limits,5,V.,6.6,0
18209,2024-08-10,14:00,NÉMA LEVENTE HENDIKEP,6740,Dignitá,2,6.,9.1,0
18209,2024-08-10,14:00,NÉMA LEVENTE HENDIKEP,4968,Titus Livius,10,7.,5.1,0
18209,2024-08-10,14:00,NÉMA LEVENTE HENDIKEP,5872,Zaharova M,6,8.,119.0,0
18209,2024-08-10,14:00,NÉMA LEVENTE HENDIKEP,3754,Philadelphia,3,9.,5.1,0
18209,2024-08-10,14:00,NÉMA LEVENTE HENDIKEP,5530,Velocity,11,10.,13.2,0
18209,2024-08-10,14:00,NÉMA LEVENTE HENDIKEP,6051,Briliáns BD,1,11.,6.2,0
18213,2024-08-10,14:30,VAK BOTTYÁN HENDIKEP,6165,Bűbájos,2,I.,1.8,0
18213,2024-08-10,14:30,VAK BOTTYÁN HENDIKEP,6316,Casino Royale,3,II.,4.7,0
18213,2024-08-10,14:30,VAK BOTTYÁN HENDIKEP,6023,Acélos Fiú,5,III.,4.1,0
18213,2024-08-10,14:30,VAK BOTTYÁN HENDIKEP,6228,Creatine,4,IV.,5.5,0
18213,2024-08-10,14:30,VAK BOTTYÁN HENDIKEP,6472,Dumbledore,6,V.,5.5,0
18213,2024-08-10,14:30,VAK BOTTYÁN HENDIKEP,5325,Ultimate Force,1,6.,8.3,0
18210,2024-08-10,15:01,2024. ÉVI AMATŐR KUPA IV. FUTAMA HENDIKEP,6617,Diófás,2,I.,9.5,0
18210,2024-08-10,15:01,2024. ÉVI AMATŐR KUPA IV. FUTAMA HENDIKEP,6877,Petra La Roque,6,II.,8.1,0
18210,2024-08-10,15:01,2024. ÉVI AMATŐR KUPA IV. FUTAMA HENDIKEP,5504,Vakarcs RG,9,III.,4.0,0
18210,2024-08-10,15:01,2024. ÉVI AMATŐR KUPA IV. FUTAMA HENDIKEP,6438,Danny DeVito,5,IV.,5.1,0
18210,2024-08-10,15:01,2024. ÉVI AMATŐR KUPA IV. FUTAMA HENDIKEP,5247,Universal Boy,4,V.,9.5,0
18210,2024-08-10,15:01,2024. ÉVI AMATŐR KUPA IV. FUTAMA HENDIKEP,6702,Ezigen,8,6.,7.1,0
18210,2024-08-10,15:01,2024. ÉVI AMATŐR KUPA IV. FUTAMA HENDIKEP,4942,Bezique Va Bene,3,7.,11.4,0
18210,2024-08-10,15:01,2024. ÉVI AMATŐR KUPA IV. FUTAMA HENDIKEP,5724,Zero di Jesolo,1,8.,28.5,0
18210,2024-08-10,15:01,2024. ÉVI AMATŐR KUPA IV. FUTAMA HENDIKEP,6307,Csípkedd Magad!,7,9.,2.2,0
18206,2024-08-10,15:30,KOPPÁNY DÍJ,6943,Elizabeth Boss,7,I.,5.9,0
18206,2024-08-10,15:30,KOPPÁNY DÍJ,7097,Fortuna Ville,3,II.,1.8,0
18206,2024-08-10,15:30,KOPPÁNY DÍJ,6709,Eccelenza,8,III.,23.8,0
18206,2024-08-10,15:30,KOPPÁNY DÍJ,6706,Eperke,6,IV.,23.8,0
18206,2024-08-10,15:30,KOPPÁNY DÍJ,6303,CR-Seven,10,V.,9.5,0
18206,2024-08-10,15:30,KOPPÁNY DÍJ,6507,Despasito,9,6.,3.6,0
18206,2024-08-10,15:30,KOPPÁNY DÍJ,6336,Allegro Barbaro,2,7.,47.6,0
18206,2024-08-10,15:30,KOPPÁNY DÍJ,7094,Full Speed,4,8.,11.9,0
18206,2024-08-10,15:30,KOPPÁNY DÍJ,6999,First Lady KJ,1,9.,47.6,0
18206,2024-08-10,15:30,KOPPÁNY DÍJ,6953,Eposz,5,tü.,5.9,0
18212,2024-08-10,16:00,"SÁRKÖZY JÓZSEF ""SZIKRA"" EMLÉKVERSENY HENDIKEP",6679,Inforgettable,5,I.,16.7,0
18212,2024-08-10,16:00,"SÁRKÖZY JÓZSEF ""SZIKRA"" EMLÉKVERSENY HENDIKEP",6805,Guiness des Fanes,8,II.,1.8,0
18212,2024-08-10,16:00,"SÁRKÖZY JÓZSEF ""SZIKRA"" EMLÉKVERSENY HENDIKEP",6525,Big Ben Pax,6,III.,3.5,0
18212,2024-08-10,16:00,"SÁRKÖZY JÓZSEF ""SZIKRA"" EMLÉKVERSENY HENDIKEP",6358,Calvin,2,IV.,22.7,0
18212,2024-08-10,16:00,"SÁRKÖZY JÓZSEF ""SZIKRA"" EMLÉKVERSENY HENDIKEP",6080,Boszi,4,V.,17.5,0
18212,2024-08-10,16:00,"SÁRKÖZY JÓZSEF ""SZIKRA"" EMLÉKVERSENY HENDIKEP",5700,Vezér,3,6.,29.7,0
18212,2024-08-10,16:00,"SÁRKÖZY JÓZSEF ""SZIKRA"" EMLÉKVERSENY HENDIKEP",5610,Winoc SB,1,7.,55.1,0
18212,2024-08-10,16:00,"SÁRKÖZY JÓZSEF ""SZIKRA"" EMLÉKVERSENY HENDIKEP",5894,Apollo Creed,7,gal.,2.2,0
18211,2024-08-10,16:30,PATKÓ BANDI HENDIKEP,6727,Västerbo No Edge,3,I.,4.4,0
18211,2024-08-10,16:30,PATKÓ BANDI HENDIKEP,6442,Dulcinea del Toboso,1,II.,8.0,0
18211,2024-08-10,16:30,PATKÓ BANDI HENDIKEP,6459,Diamond Ville,4,III.,5.7,0
18211,2024-08-10,16:30,PATKÓ BANDI HENDIKEP,4945,Trencsén,6,IV.,5.7,0
18211,2024-08-10,16:30,PATKÓ BANDI HENDIKEP,6018,Bonus RG,2,V.,13.3,0
18211,2024-08-10,16:30,PATKÓ BANDI HENDIKEP,5962,Zénó Boko,5,tü.,5.7,0
18211,2024-08-10,16:30,PATKÓ BANDI HENDIKEP,6305,Csikós,7,gal.,1.9,0
18205,2024-08-10,17:00,HÜVELYK MATYI DÍJ,7004,Frankó,7,I.,1.6,0
18205,2024-08-10,17:00,HÜVELYK MATYI DÍJ,7054,Fánia BD,8,II.,6.4,0
18205,2024-08-10,17:00,HÜVELYK MATYI DÍJ,7149,Füge M,5,III.,5.4,0
18205,2024-08-10,17:00,HÜVELYK MATYI DÍJ,6932,Miro LV,3,IV.,23.5,0
18205,2024-08-10,17:00,HÜVELYK MATYI DÍJ,7055,Feeling Great BD,4,V.,17.6,0
18205,2024-08-10,17:00,HÜVELYK MATYI DÍJ,7111,Emoji,6,6.,23.5,0
18205,2024-08-10,17:00,HÜVELYK MATYI DÍJ,7118,Ferrari,2,7táv.,3.9,0
18205,2024-08-10,17:00,HÜVELYK MATYI DÍJ,6983,Fondorlat,9,8táv.,14.1,0
18205,2024-08-10,17:00,HÜVELYK MATYI DÍJ,7088,Faella BD,1,gal.,14.1,0
18207,2024-08-10,17:30,NEMECSEK DÍJ,6731,Daytona Spav,3,I.,2.3,0
18207,2024-08-10,17:30,NEMECSEK DÍJ,6864,In Love Danover,6,II.,14.9,0
18207,2024-08-10,17:30,NEMECSEK DÍJ,6331,Charming Boy,11,III.,2.9,0
18207,2024-08-10,17:30,NEMECSEK DÍJ,7171,Peter Piper,4,IV.,7.4,0
18207,2024-08-10,17:30,NEMECSEK DÍJ,6624,My Dyla LV,5,V.,7.4,0
18207,2024-08-10,17:30,NEMECSEK DÍJ,6360,Chip Chip Chip,10,6.,9.9,0
18207,2024-08-10,17:30,NEMECSEK DÍJ,6119,Firefly Shadow,7,7.,14.9,0
18207,2024-08-10,17:30,NEMECSEK DÍJ,7153,Eclipse Degli Dei,8,8.,9.9,0
18207,2024-08-10,17:30,NEMECSEK DÍJ,5757,Zsofesz,9,9.,14.9,0
18207,2024-08-10,17:30,NEMECSEK DÍJ,6310,Compact Boy,1,10.,29.9,0
18208,2024-08-10,18:06,OND HENDIKEP,6343,Chicago,2,I.,2.8,0
18208,2024-08-10,18:06,OND HENDIKEP,6995,Fany,4,II.,6.9,0
18208,2024-08-10,18:06,OND HENDIKEP,6962,Flinga VT,1,III.,8.6,0
18208,2024-08-10,18:06,OND HENDIKEP,6345,Berna Queen M,7,IV.,3.1,0
18208,2024-08-10,18:06,OND HENDIKEP,6511,Demi Moore,5,V.,11.5,0
18208,2024-08-10,18:06,OND HENDIKEP,6572,Del Piero,3,6.,8.6,0
18208,2024-08-10,18:06,OND HENDIKEP,5984,Angelina Jolie,6,7.,4.9,0
18208,2024-08-10,18:06,OND HENDIKEP,6798,Kall Me Queen,8,kih.,6.9,0
18192,2024-08-03,13:30,PRÓBAFUTAM,6745,Aerodynamics,2,1.,,1
18192,2024-08-03,13:30,PRÓBAFUTAM,6624,My Dyla LV,1,2.,,0
18191,2024-08-03,13:15,Q24 KVALIFIKÁCIÓ,7191,Glitter Lady,2,1.,,1
18191,2024-08-03,13:15,Q24 KVALIFIKÁCIÓ,7193,Grazia,1,2.,,0
18193,2024-08-03,14:00,NYERETLENEK VERSENYE,6924,Felix Charme,11,I.,18.9,0
18193,2024-08-03,14:00,NYERETLENEK VERSENYE,6057,Bitangjó,9,II.,1.6,0
18193,2024-08-03,14:00,NYERETLENEK VERSENYE,7086,Fakta,1,III.,11.3,0
18193,2024-08-03,14:00,NYERETLENEK VERSENYE,7149,Füge M,4,IV.,28.4,0
18193,2024-08-03,14:00,NYERETLENEK VERSENYE,7053,Fabio,7,V.,14.2,0
18193,2024-08-03,14:00,NYERETLENEK VERSENYE,7111,Emoji,10,6.,56.8,0
18193,2024-08-03,14:00,NYERETLENEK VERSENYE,6992,Finiselj!,8,7.,28.4,0
18193,2024-08-03,14:00,NYERETLENEK VERSENYE,7082,Fire Bird,3,8.,28.4,0
18193,2024-08-03,14:00,NYERETLENEK VERSENYE,6918,Front of the Line,5,gal.,1.8,0
18196,2024-08-03,14:30,PENÉSZVIRÁG DÍJ,6308,Csábító R.,2,I.,2.0,0
18196,2024-08-03,14:30,PENÉSZVIRÁG DÍJ,6121,Farya BD,5,II.,2.3,0
18196,2024-08-03,14:30,PENÉSZVIRÁG DÍJ,6331,Charming Boy,4,III.,5.6,0
18196,2024-08-03,14:30,PENÉSZVIRÁG DÍJ,6780,Eternal Flame,6,IV.,2.8,0
18196,2024-08-03,14:30,PENÉSZVIRÁG DÍJ,6459,Diamond Ville,3,V.,22.7,0
18196,2024-08-03,14:30,PENÉSZVIRÁG DÍJ,6003,Ambrosia Gielle,1,6.,,0
18198,2024-08-03,15:00,JEGY HENDIKEP,5536,Winner Boy,4,I.,3.7,0
18198,2024-08-03,15:00,JEGY HENDIKEP,6701,Durcás Lányka,1,II.,5.2,0
18198,2024-08-03,15:00,JEGY HENDIKEP,5730,Magic Bucks,2,III.,3.4,0
18198,2024-08-03,15:00,JEGY HENDIKEP,6740,Dignitá,3,IV.,5.2,0
18198,2024-08-03,15:00,JEGY HENDIKEP,5695,Vinifera M,5,0.,7.5,0
18198,2024-08-03,15:00,JEGY HENDIKEP,3754,Philadelphia,6,gal.,4.0,0
18198,2024-08-03,15:00,JEGY HENDIKEP,6471,Dynamo,7,disq.,6.8,0
18195,2024-08-03,15:31,KAROLING DÍJ,6928,Fenegyerek,3,I.,2.0,0
18195,2024-08-03,15:31,KAROLING DÍJ,6704,Emerald,2,II.,20.5,0
18195,2024-08-03,15:31,KAROLING DÍJ,6310,Compact Boy,7,III.,5.1,0
18195,2024-08-03,15:31,KAROLING DÍJ,6153,Bing Crosby AT,6,IV.,6.0,0
18195,2024-08-03,15:31,KAROLING DÍJ,6442,Dulcinea del Toboso,1,V.,8.5,0
18195,2024-08-03,15:31,KAROLING DÍJ,6786,Enrico Fling,5,6.,14.6,0
18195,2024-08-03,15:31,KAROLING DÍJ,6861,Emeli Sandé A.T.,4,gal.,2.5,0
18200,2024-08-03,16:00,JÁTSZI HENDIKEP,5308,Gigant Wings,5,I.,5.7,0
18200,2024-08-03,16:00,JÁTSZI HENDIKEP,5270,Une Dame,4,II.,3.2,0
18200,2024-08-03,16:00,JÁTSZI HENDIKEP,6163,Bombay,7,III.,5.3,0
18200,2024-08-03,16:00,JÁTSZI HENDIKEP,5540,Velence R.,1,IV.,14.2,0
18200,2024-08-03,16:00,JÁTSZI HENDIKEP,6018,Bonus RG,3,V.,7.7,0
18200,2024-08-03,16:00,JÁTSZI HENDIKEP,5504,Vakarcs RG,2,6.,2.7,0
18200,2024-08-03,16:00,JÁTSZI HENDIKEP,6514,El Valle Sagrado,6,gal.,4.0,0
18194,2024-08-03,16:30,HIPPOLÓGUS DÍJ,6920,Fliegauf,5,I.,3.0,0
18194,2024-08-03,16:30,HIPPOLÓGUS DÍJ,6692,Excellence,7,II.,3.1,0
18194,2024-08-03,16:30,HIPPOLÓGUS DÍJ,6727,Västerbo No Edge,6,III.,3.8,0
18194,2024-08-03,16:30,HIPPOLÓGUS DÍJ,6705,Eminem,2,IV.,6.9,0
18194,2024-08-03,16:30,HIPPOLÓGUS DÍJ,6953,Eposz,1,V.,16.2,0
18194,2024-08-03,16:30,HIPPOLÓGUS DÍJ,6943,Elizabeth Boss,3,6.,4.4,0
18194,2024-08-03,16:30,HIPPOLÓGUS DÍJ,6799,Exclusive Fox,4,gal.,7.4,0
18197,2024-08-03,17:04,SVECZ ISTVÁN EMLÉKVERSENY,6903,Cardenas Baba,3,I.,1.4,0
18197,2024-08-03,17:04,SVECZ ISTVÁN EMLÉKVERSENY,6318,Bonaparte Boss,6,II.,4.0,0
18197,2024-08-03,17:04,SVECZ ISTVÁN EMLÉKVERSENY,6355,Coach Degli Dei,1,III.,6.3,0
18197,2024-08-03,17:04,SVECZ ISTVÁN EMLÉKVERSENY,7151,Dragons Bar,7,IV.,3.9,0
18197,2024-08-03,17:04,SVECZ ISTVÁN EMLÉKVERSENY,6954,Palace Bo,2,V.,11.9,0
18197,2024-08-03,17:04,SVECZ ISTVÁN EMLÉKVERSENY,7160,Campari Jet,4,6.,71.6,0
18197,2024-08-03,17:04,SVECZ ISTVÁN EMLÉKVERSENY,7156,Dats Pepito,5,7.,52.1,0
18199,2024-08-03,17:31,SORS HENDIKEP,6021,Anna,10,I.,9.6,0
18199,2024-08-03,17:31,SORS HENDIKEP,6898,Euzébió,8,II.,10.0,0
18199,2024-08-03,17:31,SORS HENDIKEP,6047,Baraka SS,4,III.,25.0,0
18199,2024-08-03,17:31,SORS HENDIKEP,6328,Credit Card,7,IV.,41.7,0
18199,2024-08-03,17:31,SORS HENDIKEP,6330,Che Comandante,3,V.,1.0,0
18199,2024-08-03,17:31,SORS HENDIKEP,6303,CR-Seven,9,6.,125.1,0
18199,2024-08-03,17:31,SORS HENDIKEP,6262,Bronz Boy,2,7.,83.4,0
18199,2024-08-03,17:31,SORS HENDIKEP,5227,Urban Legend,1,8.,62.5,0
18199,2024-08-03,17:31,SORS HENDIKEP,5530,Velocity,5,gal.,50.0,0
18199,2024-08-03,17:31,SORS HENDIKEP,6546,Count Basie AT,6,gal.,14.7,0
18201,2024-08-03,18:00,2024. ÉVI SEGÉDHAJTÓ KUPA IV. FUTAMA HENDIKEP,5228,Uptown Boy M,3,I.,2.2,0
18201,2024-08-03,18:00,2024. ÉVI SEGÉDHAJTÓ KUPA IV. FUTAMA HENDIKEP,6068,Balerina R.,4,II.,2.1,0
18201,2024-08-03,18:00,2024. ÉVI SEGÉDHAJTÓ KUPA IV. FUTAMA HENDIKEP,6864,In Love Danover,6,III.,8.5,0
18201,2024-08-03,18:00,2024. ÉVI SEGÉDHAJTÓ KUPA IV. FUTAMA HENDIKEP,5702,Zizitop,5,IV.,6.8,0
18201,2024-08-03,18:00,2024. ÉVI SEGÉDHAJTÓ KUPA IV. FUTAMA HENDIKEP,6360,Chip Chip Chip,1,V.,5.6,0
18201,2024-08-03,18:00,2024. ÉVI SEGÉDHAJTÓ KUPA IV. FUTAMA HENDIKEP,6620,Nelstrong,2,gal.,8.5,0
18189,2024-07-27,13:30,PRÓBAFUTAM,7153,Eclipse Degli Dei,4,1.,,1
18189,2024-07-27,13:30,PRÓBAFUTAM,6310,Compact Boy,5,2.,,0
18189,2024-07-27,13:30,PRÓBAFUTAM,5530,Velocity,2,3.,,0
18189,2024-07-27,13:30,PRÓBAFUTAM,6350,Grand Illusion,3,4.,,0
18189,2024-07-27,13:30,PRÓBAFUTAM,6944,Euphoria,1,tü.,,0
18190,2024-07-27,13:15,Q23 KVALIFIKÁCIÓ,7114,Ginevra,1,1.,,1
18190,2024-07-27,13:15,Q23 KVALIFIKÁCIÓ,7190,Gucci,2,2.,,0
18182,2024-07-27,14:03,ÚRILÁNY R. DÍJ I. RÉSZ,6936,Aaron LV,6,I.,2.3,0
18182,2024-07-27,14:03,ÚRILÁNY R. DÍJ I. RÉSZ,7054,Fánia BD,4,II.,3.0,0
18182,2024-07-27,14:03,ÚRILÁNY R. DÍJ I. RÉSZ,6962,Flinga VT,7,III.,4.2,0
18182,2024-07-27,14:03,ÚRILÁNY R. DÍJ I. RÉSZ,6960,Fantom KE,5,IV.,5.2,0
18182,2024-07-27,14:03,ÚRILÁNY R. DÍJ I. RÉSZ,7055,Feeling Great BD,1,V.,7.0,0
18182,2024-07-27,14:03,ÚRILÁNY R. DÍJ I. RÉSZ,6932,Miro LV,2,6.,21.0,0
18182,2024-07-27,14:03,ÚRILÁNY R. DÍJ I. RÉSZ,7086,Fakta,8,7táv.,10.5,0
18185,2024-07-27,14:30,KONTA DEZSŐ EMLÉKVERSENY,6954,Palace Bo,6,I.,1.4,0
18185,2024-07-27,14:30,KONTA DEZSŐ EMLÉKVERSENY,6228,Creatine,2,II.,7.3,0
18185,2024-07-27,14:30,KONTA DEZSŐ EMLÉKVERSENY,6072,Bobby Fischer,5,III.,4.1,0
18185,2024-07-27,14:30,KONTA DEZSŐ EMLÉKVERSENY,7173,Jula Netprice,3,IV.,4.8,0
18185,2024-07-27,14:30,KONTA DEZSŐ EMLÉKVERSENY,6023,Acélos Fiú,4,V.,7.3,0
18185,2024-07-27,14:30,KONTA DEZSŐ EMLÉKVERSENY,7171,Peter Piper,1,6.,14.6,0
18188,2024-07-27,15:04,KABALA HENDIKEP,5702,Zizitop,8,I.,2.8,0
18188,2024-07-27,15:04,KABALA HENDIKEP,5905,Adamo Fling,9,II.,2.0,0
18188,2024-07-27,15:04,KABALA HENDIKEP,6119,Firefly Shadow,3,III.,15.1,0
18188,2024-07-27,15:04,KABALA HENDIKEP,6018,Bonus RG,2,IV.,7.5,0
18188,2024-07-27,15:04,KABALA HENDIKEP,6514,El Valle Sagrado,5,V.,7.5,0
18188,2024-07-27,15:04,KABALA HENDIKEP,5325,Ultimate Force,6,6.,11.3,0
18188,2024-07-27,15:04,KABALA HENDIKEP,6299,Beyond The Limits,1,7.,,0
18188,2024-07-27,15:04,KABALA HENDIKEP,6366,Celerina Boss,7,8.,9.1,0
18188,2024-07-27,15:04,KABALA HENDIKEP,5962,Zénó Boko,4,9.,9.1,0
18179,2024-07-27,15:34,HÁROMÉVESEK NAGYDÍJA,6916,Freya T Boko,2,I.,1.2,0
18179,2024-07-27,15:34,HÁROMÉVESEK NAGYDÍJA,7003,Friday Night,1,II.,2.5,0
18179,2024-07-27,15:34,HÁROMÉVESEK NAGYDÍJA,6984,Fatiqué de je t'aime,4,III.,13.2,0
18179,2024-07-27,15:34,HÁROMÉVESEK NAGYDÍJA,6928,Fenegyerek,5,IV.,33.1,0
18179,2024-07-27,15:34,HÁROMÉVESEK NAGYDÍJA,7081,Fancy,6,V.,54.2,0
18179,2024-07-27,15:34,HÁROMÉVESEK NAGYDÍJA,7001,Fárosz,3,gal.,5.6,0
18183,2024-07-27,16:01,ÚRILÁNY R. DÍJ II. RÉSZ,7010,Blanka BBM,2,I.,7.6,0
18183,2024-07-27,16:01,ÚRILÁNY R. DÍJ II. RÉSZ,6751,Emilio Family,4,II.,2.9,0
18183,2024-07-27,16:01,ÚRILÁNY R. DÍJ II. RÉSZ,6691,Elizeus LIW,9,III.,4.7,0
18183,2024-07-27,16:01,ÚRILÁNY R. DÍJ II. RÉSZ,6983,Fondorlat,1,IV.,12.6,0
18183,2024-07-27,16:01,ÚRILÁNY R. DÍJ II. RÉSZ,6881,Everton,7,V.,19.0,0
18183,2024-07-27,16:01,ÚRILÁNY R. DÍJ II. RÉSZ,7034,Formula,6,6.,4.2,0
18183,2024-07-27,16:01,ÚRILÁNY R. DÍJ II. RÉSZ,6995,Fany,3,gal.,12.6,0
18183,2024-07-27,16:01,ÚRILÁNY R. DÍJ II. RÉSZ,7136,First Home,8,gal.,2.9,0
18184,2024-07-27,16:30,SCHUM GYÖRGY EMLÉKVERSENY,6973,Edoardo Ama,1,I.,2.9,0
18184,2024-07-27,16:30,SCHUM GYÖRGY EMLÉKVERSENY,6878,Éden Evo,6,II.,3.3,0
18184,2024-07-27,16:30,SCHUM GYÖRGY EMLÉKVERSENY,6518,Lolly Pop,7,III.,2.7,0
18184,2024-07-27,16:30,SCHUM GYÖRGY EMLÉKVERSENY,6929,Fendi,4,IV.,7.4,0
18184,2024-07-27,16:30,SCHUM GYÖRGY EMLÉKVERSENY,6698,Easy Bet,5,V.,14.9,0
18184,2024-07-27,16:30,SCHUM GYÖRGY EMLÉKVERSENY,6657,Dreamer,2,6.,9.9,0
18184,2024-07-27,16:30,SCHUM GYÖRGY EMLÉKVERSENY,6700,Escobar,3,tü.,5.9,0
18181,2024-07-27,17:00,KANCA DÍJ,6855,Eternity Bar,2,I.,1.3,0
18181,2024-07-27,17:00,KANCA DÍJ,6899,Eunike T Boko,1,II.,2.7,0
18181,2024-07-27,17:00,KANCA DÍJ,6861,Emeli Sandé A.T.,5,III.,4.3,0
18181,2024-07-27,17:00,KANCA DÍJ,6696,Édes K,4,IV.,12.9,0
18181,2024-07-27,17:00,KANCA DÍJ,6704,Emerald,3,V.,19.3,0
18187,2024-07-27,17:30,2024. ÉVI KINCSEM PARK KUPA IV. FUTAMA HENDIKEP,5564,Valentino,10,I.,3.4,0
18187,2024-07-27,17:30,2024. ÉVI KINCSEM PARK KUPA IV. FUTAMA HENDIKEP,6307,Csípkedd Magad!,6,II.,9.3,0
18187,2024-07-27,17:30,2024. ÉVI KINCSEM PARK KUPA IV. FUTAMA HENDIKEP,6021,Anna,7,III.,9.3,0
18187,2024-07-27,17:30,2024. ÉVI KINCSEM PARK KUPA IV. FUTAMA HENDIKEP,6786,Enrico Fling,11,IV.,4.6,0
18187,2024-07-27,17:30,2024. ÉVI KINCSEM PARK KUPA IV. FUTAMA HENDIKEP,5748,Zoom Photo,5,V.,12.4,0
18187,2024-07-27,17:30,2024. ÉVI KINCSEM PARK KUPA IV. FUTAMA HENDIKEP,6617,Diófás,2,6.,18.7,0
18187,2024-07-27,17:30,2024. ÉVI KINCSEM PARK KUPA IV. FUTAMA HENDIKEP,6702,Ezigen,8,7.,9.3,0
18187,2024-07-27,17:30,2024. ÉVI KINCSEM PARK KUPA IV. FUTAMA HENDIKEP,6358,Calvin,3,8.,12.4,0
18187,2024-07-27,17:30,2024. ÉVI KINCSEM PARK KUPA IV. FUTAMA HENDIKEP,5872,Zaharova M,4,9.,37.4,0
18187,2024-07-27,17:30,2024. ÉVI KINCSEM PARK KUPA IV. FUTAMA HENDIKEP,5724,Zero di Jesolo,1,10.,18.7,0
18187,2024-07-27,17:30,2024. ÉVI KINCSEM PARK KUPA IV. FUTAMA HENDIKEP,5757,Zsofesz,9,gal.,9.3,0
18187,2024-07-27,17:30,2024. ÉVI KINCSEM PARK KUPA IV. FUTAMA HENDIKEP,6507,Despasito,12,gal.,4.1,0
18180,2024-07-27,18:00,ÖTÉVESEK NAGYDÍJA,6464,Dolomit Boy,1,I.,1.0,0
18180,2024-07-27,18:00,ÖTÉVESEK NAGYDÍJA,6470,Devoted,6,II.,5.0,0
18180,2024-07-27,18:00,ÖTÉVESEK NAGYDÍJA,6472,Dumbledore,3,III.,12.5,0
18180,2024-07-27,18:00,ÖTÉVESEK NAGYDÍJA,6778,Dancing Lady,5,IV.,8.3,0
18180,2024-07-27,18:00,ÖTÉVESEK NAGYDÍJA,6475,Discovery LW,4,V.,25.1,0
18180,2024-07-27,18:00,ÖTÉVESEK NAGYDÍJA,6441,Diána Gull,2,6.,12.5,0
18186,2024-07-27,16:30,BROWN LADY HENDIKEP,6898,Euzébió,7,I.,4.8,0
18186,2024-07-27,16:30,BROWN LADY HENDIKEP,6062,Best Boy,1,II.,4.1,0
18186,2024-07-27,16:30,BROWN LADY HENDIKEP,6877,Petra La Roque,10,III.,2.2,0
18186,2024-07-27,16:30,BROWN LADY HENDIKEP,5730,Magic Bucks,2,IV.,14.6,0
18186,2024-07-27,16:30,BROWN LADY HENDIKEP,6345,Berna Queen M,4,V.,29.2,0
18186,2024-07-27,16:30,BROWN LADY HENDIKEP,6080,Boszi,8,6.,14.6,0
18186,2024-07-27,16:30,BROWN LADY HENDIKEP,5536,Winner Boy,6,7.,4.1,0
18186,2024-07-27,16:30,BROWN LADY HENDIKEP,5984,Angelina Jolie,5,8.,29.2,0
18186,2024-07-27,16:30,BROWN LADY HENDIKEP,6071,Bellini Fling,9,9.,14.6,0
18186,2024-07-27,16:30,BROWN LADY HENDIKEP,6799,Exclusive Fox,3,10.,14.6,0
18166,2024-07-06,12:30,PRÓBAFUTAM,6985,Fantastic Love,1,1.,,1
18167,2024-07-06,12:15,Q22 KVALIFIKÁCIÓ,6918,Front of the Line,1,1.,,1
18171,2024-07-06,13:04,PRESTIGE MAGÁN AMBULANCIA - NYERETLENEK VERSENYE,7060,Filthy Rich,1,I.,2.1,0
18171,2024-07-06,13:04,PRESTIGE MAGÁN AMBULANCIA - NYERETLENEK VERSENYE,7010,Blanka BBM,7,II.,19.9,0
18171,2024-07-06,13:04,PRESTIGE MAGÁN AMBULANCIA - NYERETLENEK VERSENYE,6965,Felhők felett,10,III.,2.3,0
18171,2024-07-06,13:04,PRESTIGE MAGÁN AMBULANCIA - NYERETLENEK VERSENYE,6057,Bitangjó,5,IV.,5.2,0
18171,2024-07-06,13:04,PRESTIGE MAGÁN AMBULANCIA - NYERETLENEK VERSENYE,6936,Aaron LV,12,V.,33.3,0
18171,2024-07-06,13:04,PRESTIGE MAGÁN AMBULANCIA - NYERETLENEK VERSENYE,6992,Finiselj!,6,6.,16.6,0
18171,2024-07-06,13:04,PRESTIGE MAGÁN AMBULANCIA - NYERETLENEK VERSENYE,6960,Fantom KE,9,7.,33.3,0
18171,2024-07-06,13:04,PRESTIGE MAGÁN AMBULANCIA - NYERETLENEK VERSENYE,6922,Follow the Flow,11,8.,24.9,0
18171,2024-07-06,13:04,PRESTIGE MAGÁN AMBULANCIA - NYERETLENEK VERSENYE,7099,Fizető,3,9táv.,12.4,0
18171,2024-07-06,13:04,PRESTIGE MAGÁN AMBULANCIA - NYERETLENEK VERSENYE,6807,Idole de Crennes,8,kih.,16.6,0
18171,2024-07-06,13:04,PRESTIGE MAGÁN AMBULANCIA - NYERETLENEK VERSENYE,6924,Felix Charme,2,gal.,24.9,0
18173,2024-07-06,13:35,SOÓS IMRE EMLÉKVERSENY,5906,Anybody,7,I.,4.8,0
18173,2024-07-06,13:35,SOÓS IMRE EMLÉKVERSENY,7184,Vaiana Viva,1,II.,1.8,0
18173,2024-07-06,13:35,SOÓS IMRE EMLÉKVERSENY,7179,Noosa Heads Boko,4,III.,2.0,0
18173,2024-07-06,13:35,SOÓS IMRE EMLÉKVERSENY,6121,Farya BD,6,IV.,10.3,0
18173,2024-07-06,13:35,SOÓS IMRE EMLÉKVERSENY,6107,Andy Baby,3,V.,10.3,0
18173,2024-07-06,13:35,SOÓS IMRE EMLÉKVERSENY,7171,Peter Piper,2,6.,24.2,0
18172,2024-07-06,14:06,FÁBIÁN ZSOLT EMLÉKVERSENY,6788,Morena LV,9,I.,2.8,0
18172,2024-07-06,14:06,FÁBIÁN ZSOLT EMLÉKVERSENY,6973,Edoardo Ama,6,II.,4.2,0
18172,2024-07-06,14:06,FÁBIÁN ZSOLT EMLÉKVERSENY,6518,Lolly Pop,11,III.,5.9,0
18172,2024-07-06,14:06,FÁBIÁN ZSOLT EMLÉKVERSENY,6861,Emeli Sandé A.T.,10,IV.,25.3,0
18172,2024-07-06,14:06,FÁBIÁN ZSOLT EMLÉKVERSENY,6690,Enterprise,7,V.,9.2,0
18172,2024-07-06,14:06,FÁBIÁN ZSOLT EMLÉKVERSENY,6934,Zaira LV,8,6.,9.2,0
18172,2024-07-06,14:06,FÁBIÁN ZSOLT EMLÉKVERSENY,6709,Eccelenza,5,7.,5.3,0
18172,2024-07-06,14:06,FÁBIÁN ZSOLT EMLÉKVERSENY,6706,Eperke,3,8.,33.7,0
18172,2024-07-06,14:06,FÁBIÁN ZSOLT EMLÉKVERSENY,6927,Fast Track,2,9.,14.4,0
18172,2024-07-06,14:06,FÁBIÁN ZSOLT EMLÉKVERSENY,7034,Formula,1,10.,25.3,0
18172,2024-07-06,14:06,FÁBIÁN ZSOLT EMLÉKVERSENY,6704,Emerald,12,11táv.,7.2,0
18170,2024-07-06,14:40,KINCSEM+ - PANNÓNIA DÍJ,6464,Dolomit Boy,5,I.,5.7,0
18170,2024-07-06,14:40,KINCSEM+ - PANNÓNIA DÍJ,6300,Catania R.,6,II.,1.7,0
18170,2024-07-06,14:40,KINCSEM+ - PANNÓNIA DÍJ,6308,Csábító R.,3,III.,10.4,0
18170,2024-07-06,14:40,KINCSEM+ - PANNÓNIA DÍJ,6331,Charming Boy,7,IV.,11.9,0
18170,2024-07-06,14:40,KINCSEM+ - PANNÓNIA DÍJ,6316,Casino Royale,4,V.,2.5,0
18170,2024-07-06,14:40,KINCSEM+ - PANNÓNIA DÍJ,6228,Creatine,2,6.,33.3,0
18170,2024-07-06,14:40,KINCSEM+ - PANNÓNIA DÍJ,6470,Devoted,9,7.,11.9,0
18170,2024-07-06,14:40,KINCSEM+ - PANNÓNIA DÍJ,6302,Cherie Bella M,1,8.,55.5,0
18170,2024-07-06,14:40,KINCSEM+ - PANNÓNIA DÍJ,6441,Diána Gull,8,9.,83.3,0
18175,2024-07-06,15:08,CSICSERY-RÓNAY ISTVÁN EMLÉKVERSENY HENDIKEP,6307,Csípkedd Magad!,7,I.,6.0,0
18175,2024-07-06,15:08,CSICSERY-RÓNAY ISTVÁN EMLÉKVERSENY HENDIKEP,6358,Calvin,2,II.,16.9,0
18175,2024-07-06,15:08,CSICSERY-RÓNAY ISTVÁN EMLÉKVERSENY HENDIKEP,6877,Petra La Roque,9,III.,24.1,0
18175,2024-07-06,15:08,CSICSERY-RÓNAY ISTVÁN EMLÉKVERSENY HENDIKEP,6343,Chicago,1,IV.,24.1,0
18175,2024-07-06,15:08,CSICSERY-RÓNAY ISTVÁN EMLÉKVERSENY HENDIKEP,6071,Bellini Fling,11,V.,28.2,0
18175,2024-07-06,15:08,CSICSERY-RÓNAY ISTVÁN EMLÉKVERSENY HENDIKEP,3754,Philadelphia,12,6.,8.9,0
18175,2024-07-06,15:08,CSICSERY-RÓNAY ISTVÁN EMLÉKVERSENY HENDIKEP,6770,Top of Climb,5,7.,16.9,0
18175,2024-07-06,15:08,CSICSERY-RÓNAY ISTVÁN EMLÉKVERSENY HENDIKEP,6572,Del Piero,3,8.,11.2,0
18175,2024-07-06,15:08,CSICSERY-RÓNAY ISTVÁN EMLÉKVERSENY HENDIKEP,5730,Magic Bucks,6,9.,84.6,0
18175,2024-07-06,15:08,CSICSERY-RÓNAY ISTVÁN EMLÉKVERSENY HENDIKEP,6617,Diófás,4,gal.,3.3,0
18175,2024-07-06,15:08,CSICSERY-RÓNAY ISTVÁN EMLÉKVERSENY HENDIKEP,6898,Euzébió,8,gal.,6.2,0
18175,2024-07-06,15:08,CSICSERY-RÓNAY ISTVÁN EMLÉKVERSENY HENDIKEP,6471,Dynamo,10,gal.,2.5,0
18169,2024-07-06,14:39,CONNOLLY'S RED MILLS - GRÓF ESTERHÁZY MIKLÓS EMLÉKVERSENY,6916,Freya T Boko,7,I.,1.5,0
18169,2024-07-06,14:39,CONNOLLY'S RED MILLS - GRÓF ESTERHÁZY MIKLÓS EMLÉKVERSENY,7003,Friday Night,1,II.,2.2,0
18169,2024-07-06,14:39,CONNOLLY'S RED MILLS - GRÓF ESTERHÁZY MIKLÓS EMLÉKVERSENY,7001,Fárosz,6,III.,13.3,0
18169,2024-07-06,14:39,CONNOLLY'S RED MILLS - GRÓF ESTERHÁZY MIKLÓS EMLÉKVERSENY,6984,Fatiqué de je t'aime,3,IV.,8.2,0
18169,2024-07-06,14:39,CONNOLLY'S RED MILLS - GRÓF ESTERHÁZY MIKLÓS EMLÉKVERSENY,6928,Fenegyerek,5,V.,9.6,0
18169,2024-07-06,14:39,CONNOLLY'S RED MILLS - GRÓF ESTERHÁZY MIKLÓS EMLÉKVERSENY,7081,Fancy,4,6.,33.7,0
18169,2024-07-06,14:39,CONNOLLY'S RED MILLS - GRÓF ESTERHÁZY MIKLÓS EMLÉKVERSENY,6929,Fendi,2,7.,18.2,0
18169,2024-07-06,14:39,CONNOLLY'S RED MILLS - GRÓF ESTERHÁZY MIKLÓS EMLÉKVERSENY,7094,Full Speed,8,8táv.,115.3,0
18169,2024-07-06,14:39,CONNOLLY'S RED MILLS - GRÓF ESTERHÁZY MIKLÓS EMLÉKVERSENY,7054,Fánia BD,9,gal.,115.3,0
18174,2024-07-06,16:12,ORBICO - SINKA JÓZSEF EMLÉKVERSENY,6903,Cardenas Baba,2,I.,1.4,0
18174,2024-07-06,16:12,ORBICO - SINKA JÓZSEF EMLÉKVERSENY,6318,Bonaparte Boss,4,II.,2.9,0
18174,2024-07-06,16:12,ORBICO - SINKA JÓZSEF EMLÉKVERSENY,6954,Palace Bo,1,III.,6.6,0
18174,2024-07-06,16:12,ORBICO - SINKA JÓZSEF EMLÉKVERSENY,7151,Dragons Bar,6,IV.,3.9,0
18174,2024-07-06,16:12,ORBICO - SINKA JÓZSEF EMLÉKVERSENY,7156,Dats Pepito,3,V.,18.5,0
18177,2024-07-06,16:45,CSATÓ GYULA EMLÉKVERSENY-AMATŐRVERSENY HENDIKEP,5894,Apollo Creed,1,I.,6.7,0
18177,2024-07-06,16:45,CSATÓ GYULA EMLÉKVERSENY-AMATŐRVERSENY HENDIKEP,5570,Villeneuve,5,II.,1.5,0
18177,2024-07-06,16:45,CSATÓ GYULA EMLÉKVERSENY-AMATŐRVERSENY HENDIKEP,5325,Ultimate Force,6,III.,3.5,0
18177,2024-07-06,16:45,CSATÓ GYULA EMLÉKVERSENY-AMATŐRVERSENY HENDIKEP,5962,Zénó Boko,4,IV.,3.5,0
18177,2024-07-06,16:45,CSATÓ GYULA EMLÉKVERSENY-AMATŐRVERSENY HENDIKEP,6119,Firefly Shadow,3,V.,14.7,0
18177,2024-07-06,16:45,CSATÓ GYULA EMLÉKVERSENY-AMATŐRVERSENY HENDIKEP,5540,Velence R.,2,6.,24.5,0
18168,2024-07-06,17:25,SZERENCSEJÁTÉK ZRT. - 110. MAGYAR ÜGETŐDERBY,6783,Enjoy,4,I.,1.5,0
18168,2024-07-06,17:25,SZERENCSEJÁTÉK ZRT. - 110. MAGYAR ÜGETŐDERBY,6855,Eternity Bar,2,II.,4.3,0
18168,2024-07-06,17:25,SZERENCSEJÁTÉK ZRT. - 110. MAGYAR ÜGETŐDERBY,6699,El Diablo,10,III.,8.6,0
18168,2024-07-06,17:25,SZERENCSEJÁTÉK ZRT. - 110. MAGYAR ÜGETŐDERBY,6853,Éjjeli Hölgy,5,IV.,24.1,0
18168,2024-07-06,17:25,SZERENCSEJÁTÉK ZRT. - 110. MAGYAR ÜGETŐDERBY,6780,Eternal Flame,1,V.,15.3,0
18168,2024-07-06,17:25,SZERENCSEJÁTÉK ZRT. - 110. MAGYAR ÜGETŐDERBY,6899,Eunike T Boko,9,6.,6.4,0
18168,2024-07-06,17:25,SZERENCSEJÁTÉK ZRT. - 110. MAGYAR ÜGETŐDERBY,6696,Édes K,11,7.,101.9,0
18168,2024-07-06,17:25,SZERENCSEJÁTÉK ZRT. - 110. MAGYAR ÜGETŐDERBY,6878,Éden Evo,6,8táv.,131.9,0
18168,2024-07-06,17:25,SZERENCSEJÁTÉK ZRT. - 110. MAGYAR ÜGETŐDERBY,6854,Elegáns Hölgy,8,9táv.,54.6,0
18168,2024-07-06,17:25,SZERENCSEJÁTÉK ZRT. - 110. MAGYAR ÜGETŐDERBY,6901,Eastwood,3,gal.,6.3,0
18178,2024-07-06,18:05,"G. DÉNES GYÖRGY ""ZSÜTI"" ÉS GÉM ZOLTÁN EMLÉKVERSENY HENDIKEP",6165,Bűbájos,2,I.,14.6,0
18178,2024-07-06,18:05,"G. DÉNES GYÖRGY ""ZSÜTI"" ÉS GÉM ZOLTÁN EMLÉKVERSENY HENDIKEP",6072,Bobby Fischer,5,II.,1.9,0
18178,2024-07-06,18:05,"G. DÉNES GYÖRGY ""ZSÜTI"" ÉS GÉM ZOLTÁN EMLÉKVERSENY HENDIKEP",6620,Nelstrong,3,III.,3.0,0
18178,2024-07-06,18:05,"G. DÉNES GYÖRGY ""ZSÜTI"" ÉS GÉM ZOLTÁN EMLÉKVERSENY HENDIKEP",5905,Adamo Fling,4,IV.,42.7,0
18178,2024-07-06,18:05,"G. DÉNES GYÖRGY ""ZSÜTI"" ÉS GÉM ZOLTÁN EMLÉKVERSENY HENDIKEP",6472,Dumbledore,7,V.,34.1,0
18178,2024-07-06,18:05,"G. DÉNES GYÖRGY ""ZSÜTI"" ÉS GÉM ZOLTÁN EMLÉKVERSENY HENDIKEP",6459,Diamond Ville,1,gal.,73.2,0
18178,2024-07-06,18:05,"G. DÉNES GYÖRGY ""ZSÜTI"" ÉS GÉM ZOLTÁN EMLÉKVERSENY HENDIKEP",6864,In Love Danover,6,tü.,1.9,0
18176,2024-07-06,18:35,BISBAC DÁNIEL EMLÉKVERSENY HENDIKEP,5308,Gigant Wings,3,I.,4.2,0
18176,2024-07-06,18:35,BISBAC DÁNIEL EMLÉKVERSENY HENDIKEP,5955,Atom Maki,4,II.,1.5,0
18176,2024-07-06,18:35,BISBAC DÁNIEL EMLÉKVERSENY HENDIKEP,6018,Bonus RG,6,III.,5.7,0
18176,2024-07-06,18:35,BISBAC DÁNIEL EMLÉKVERSENY HENDIKEP,6342,Carlos Fox,8,IV.,7.3,0
18176,2024-07-06,18:35,BISBAC DÁNIEL EMLÉKVERSENY HENDIKEP,6679,Inforgettable,5,V.,13.4,0
18176,2024-07-06,18:35,BISBAC DÁNIEL EMLÉKVERSENY HENDIKEP,5907,Always Winner,9,6.,15.2,0
18176,2024-07-06,18:35,BISBAC DÁNIEL EMLÉKVERSENY HENDIKEP,6328,Credit Card,7,7.,16.3,0
18176,2024-07-06,18:35,BISBAC DÁNIEL EMLÉKVERSENY HENDIKEP,6299,Beyond The Limits,2,8.,28.5,0
18176,2024-07-06,18:35,BISBAC DÁNIEL EMLÉKVERSENY HENDIKEP,4942,Bezique Va Bene,1,gal.,25.3,0
18157,2024-06-22,13:33,Q21 KVALIFIKÁCIÓ,7082,Fire Bird,4,1.,,1
18157,2024-06-22,13:33,Q21 KVALIFIKÁCIÓ,7118,Ferrari,1,2.,,0
18157,2024-06-22,13:33,Q21 KVALIFIKÁCIÓ,6913,Federico Fling,2,tü.,,0
18157,2024-06-22,13:33,Q21 KVALIFIKÁCIÓ,6918,Front of the Line,3,gal.,,0
18162,2024-06-22,14:00,OZARK HANOVER HENDIKEP,6213,Farinelli,7,I.,6.5,0
18162,2024-06-22,14:00,OZARK HANOVER HENDIKEP,6047,Baraka SS,9,II.,6.5,0
18162,2024-06-22,14:00,OZARK HANOVER HENDIKEP,6438,Danny DeVito,6,III.,16.3,0
18162,2024-06-22,14:00,OZARK HANOVER HENDIKEP,6080,Boszi,5,IV.,8.1,0
18162,2024-06-22,14:00,OZARK HANOVER HENDIKEP,6572,Del Piero,10,V.,32.6,0
18162,2024-06-22,14:00,OZARK HANOVER HENDIKEP,6877,Petra La Roque,12,6.,5.4,0
18162,2024-06-22,14:00,OZARK HANOVER HENDIKEP,6695,Ékszer K,3,7.,10.8,0
18162,2024-06-22,14:00,OZARK HANOVER HENDIKEP,6511,Demi Moore,2,8.,8.1,0
18162,2024-06-22,14:00,OZARK HANOVER HENDIKEP,5872,Zaharova M,8,9.,8.1,0
18162,2024-06-22,14:00,OZARK HANOVER HENDIKEP,5730,Magic Bucks,1,10.,32.6,0
18162,2024-06-22,14:00,OZARK HANOVER HENDIKEP,6706,Eperke,4,gal.,5.4,0
18162,2024-06-22,14:00,OZARK HANOVER HENDIKEP,6262,Bronz Boy,11,gal.,4.6,0
18159,2024-06-22,14:30,SEISMIC DÍJ,6692,Excellence,7,I.,12.9,0
18159,2024-06-22,14:30,SEISMIC DÍJ,6920,Fliegauf,8,II.,3.6,0
18159,2024-06-22,14:30,SEISMIC DÍJ,7097,Fortuna Ville,3,III.,3.1,0
18159,2024-06-22,14:30,SEISMIC DÍJ,6953,Eposz,4,IV.,19.4,0
18159,2024-06-22,14:30,SEISMIC DÍJ,6943,Elizabeth Boss,9,V.,1.9,0
18159,2024-06-22,14:30,SEISMIC DÍJ,6881,Everton,10,6.,29.1,0
18159,2024-06-22,14:30,SEISMIC DÍJ,7094,Full Speed,5,7.,17.5,0
18159,2024-06-22,14:30,SEISMIC DÍJ,6999,First Lady KJ,1,gal.,116.7,0
18159,2024-06-22,14:30,SEISMIC DÍJ,6751,Emilio Family,2,gal.,18.4,0
18159,2024-06-22,14:30,SEISMIC DÍJ,6705,Eminem,6,gal.,10.3,0
18160,2024-06-22,15:00,THE SKIPPER DÍJ,6916,Freya T Boko,6,I.,4.8,0
18160,2024-06-22,15:00,THE SKIPPER DÍJ,6861,Emeli Sandé A.T.,1,II.,13.9,0
18160,2024-06-22,15:00,THE SKIPPER DÍJ,6703,Etalon N,4,III.,2.7,0
18160,2024-06-22,15:00,THE SKIPPER DÍJ,6778,Dancing Lady,2,IV.,3.2,0
18160,2024-06-22,15:00,THE SKIPPER DÍJ,6786,Enrico Fling,5,V.,22.3,0
18160,2024-06-22,15:00,THE SKIPPER DÍJ,6704,Emerald,3,gal.,2.1,0
18158,2024-06-22,15:30,NYERETLENEK VERSENYE - ULI DÍJ,7004,Frankó,4,I.,2.7,0
18158,2024-06-22,15:30,NYERETLENEK VERSENYE - ULI DÍJ,6995,Fany,12,II.,27.4,0
18158,2024-06-22,15:30,NYERETLENEK VERSENYE - ULI DÍJ,6960,Fantom KE,10,III.,27.4,0
18158,2024-06-22,15:30,NYERETLENEK VERSENYE - ULI DÍJ,7099,Fizető,5,IV.,19.6,0
18158,2024-06-22,15:30,NYERETLENEK VERSENYE - ULI DÍJ,6922,Follow the Flow,11,V.,12.4,0
18158,2024-06-22,15:30,NYERETLENEK VERSENYE - ULI DÍJ,6992,Finiselj!,9,6.,27.4,0
18158,2024-06-22,15:30,NYERETLENEK VERSENYE - ULI DÍJ,7000,Fantastic Dream BD,7,7.,12.4,0
18158,2024-06-22,15:30,NYERETLENEK VERSENYE - ULI DÍJ,6991,Falcon VT,8,8.,2.7,0
18158,2024-06-22,15:30,NYERETLENEK VERSENYE - ULI DÍJ,7149,Füge M,3,9.,3.6,0
18158,2024-06-22,15:30,NYERETLENEK VERSENYE - ULI DÍJ,7051,Fára Noble BD,2,gal.,8.5,0
18158,2024-06-22,15:30,NYERETLENEK VERSENYE - ULI DÍJ,6924,Felix Charme,6,gal.,34.3,0
18161,2024-06-22,16:03,TALENT SCOUT DÍJ,6712,Street Genius,1,I.,2.0,0
18161,2024-06-22,16:03,TALENT SCOUT DÍJ,6776,Premal MS,2,II.,5.6,0
18161,2024-06-22,16:03,TALENT SCOUT DÍJ,5906,Anybody,4,III.,7.8,0
18161,2024-06-22,16:03,TALENT SCOUT DÍJ,6072,Bobby Fischer,5,IV.,2.5,0
18161,2024-06-22,16:03,TALENT SCOUT DÍJ,6023,Acélos Fiú,3,V.,5.3,0
18161,2024-06-22,16:03,TALENT SCOUT DÍJ,6954,Palace Bo,6,6.,10.2,0
18165,2024-06-22,16:35,BOCCACCIO HENDIKEP,6805,Guiness des Fanes,6,I.,7.9,0
18165,2024-06-22,16:35,BOCCACCIO HENDIKEP,5707,Zlatan LIW,9,II.,10.5,0
18165,2024-06-22,16:35,BOCCACCIO HENDIKEP,6316,Casino Royale,10,III.,6.5,0
18165,2024-06-22,16:35,BOCCACCIO HENDIKEP,6228,Creatine,8,IV.,4.7,0
18165,2024-06-22,16:35,BOCCACCIO HENDIKEP,6163,Bombay,4,V.,15.8,0
18165,2024-06-22,16:35,BOCCACCIO HENDIKEP,6472,Dumbledore,7,6.,11.1,0
18165,2024-06-22,16:35,BOCCACCIO HENDIKEP,5757,Zsofesz,1,7.,63.3,0
18165,2024-06-22,16:35,BOCCACCIO HENDIKEP,5725,Zente,11,8.,5.0,0
18165,2024-06-22,16:35,BOCCACCIO HENDIKEP,5531,Very Nice Photo,5,9.,7.6,0
18165,2024-06-22,16:35,BOCCACCIO HENDIKEP,5755,Zsóka,2,kih.,2.5,0
18163,2024-06-22,17:04,2024. ÉVI AMATŐR KUPA III. FUTAMA HENDIKEP,5962,Zénó Boko,3,I.,6.8,0
18163,2024-06-22,17:04,2024. ÉVI AMATŐR KUPA III. FUTAMA HENDIKEP,5325,Ultimate Force,10,II.,4.1,0
18163,2024-06-22,17:04,2024. ÉVI AMATŐR KUPA III. FUTAMA HENDIKEP,5748,Zoom Photo,2,III.,7.0,0
18163,2024-06-22,17:04,2024. ÉVI AMATŐR KUPA III. FUTAMA HENDIKEP,5721,Zippy Boy,5,IV.,2.2,0
18163,2024-06-22,17:04,2024. ÉVI AMATŐR KUPA III. FUTAMA HENDIKEP,5925,Anikó,6,V.,36.8,0
18163,2024-06-22,17:04,2024. ÉVI AMATŐR KUPA III. FUTAMA HENDIKEP,5227,Urban Legend,4,6.,46.0,0
18163,2024-06-22,17:04,2024. ÉVI AMATŐR KUPA III. FUTAMA HENDIKEP,6153,Bing Crosby AT,8,7.,61.4,0
18163,2024-06-22,17:04,2024. ÉVI AMATŐR KUPA III. FUTAMA HENDIKEP,6131,Bulibáró,9,8.,3.5,0
18163,2024-06-22,17:04,2024. ÉVI AMATŐR KUPA III. FUTAMA HENDIKEP,5724,Zero di Jesolo,1,9.,184.2,0
18163,2024-06-22,17:04,2024. ÉVI AMATŐR KUPA III. FUTAMA HENDIKEP,6380,Cukrom,7,gal.,6.8,0
18164,2024-06-22,17:32,LET HIM ROLL HENDIKEP,6525,Big Ben Pax,6,I.,4.0,0
18164,2024-06-22,17:32,LET HIM ROLL HENDIKEP,6340,Cunami,7,II.,44.0,0
18164,2024-06-22,17:32,LET HIM ROLL HENDIKEP,6119,Firefly Shadow,4,III.,27.5,0
18164,2024-06-22,17:32,LET HIM ROLL HENDIKEP,5504,Vakarcs RG,5,IV.,2.0,0
18164,2024-06-22,17:32,LET HIM ROLL HENDIKEP,6107,Andy Baby,8,V.,9.5,0
18164,2024-06-22,17:32,LET HIM ROLL HENDIKEP,5270,Une Dame,10,6.,36.7,0
18164,2024-06-22,17:32,LET HIM ROLL HENDIKEP,6062,Best Boy,2,7.,2.6,0
18164,2024-06-22,17:32,LET HIM ROLL HENDIKEP,4477,Reménység,1,8.,,0
18164,2024-06-22,17:32,LET HIM ROLL HENDIKEP,5308,Gigant Wings,9,9.,15.7,0
18164,2024-06-22,17:32,LET HIM ROLL HENDIKEP,5904,Australian Gold,3,10.,11.0,0
18148,2024-06-15,13:30,PRÓBAFUTAM,7151,Dragons Bar,1,1.,,1
18148,2024-06-15,13:30,PRÓBAFUTAM,6807,Idole de Crennes,3,2.,,0
18148,2024-06-15,13:30,PRÓBAFUTAM,7158,Track Max,2,tü.,,0
18147,2024-06-15,13:10,Q20 KVALIFIKÁCIÓ,7118,Ferrari,1,1.,,1
18150,2024-06-15,14:00,KATERINA RODNEY DÍJ,6928,Fenegyerek,4,I.,11.6,0
18150,2024-06-15,14:00,KATERINA RODNEY DÍJ,6692,Excellence,1,II.,7.3,0
18150,2024-06-15,14:00,KATERINA RODNEY DÍJ,6861,Emeli Sandé A.T.,10,III.,58.4,0
18150,2024-06-15,14:00,KATERINA RODNEY DÍJ,6727,Västerbo No Edge,3,IV.,2.9,0
18150,2024-06-15,14:00,KATERINA RODNEY DÍJ,6934,Zaira LV,5,V.,8.3,0
18150,2024-06-15,14:00,KATERINA RODNEY DÍJ,6695,Ékszer K,8,6.,29.2,0
18150,2024-06-15,14:00,KATERINA RODNEY DÍJ,6909,Treue,6,7.,7.3,0
18150,2024-06-15,14:00,KATERINA RODNEY DÍJ,6700,Escobar,7,8táv.,2.4,0
18150,2024-06-15,14:00,KATERINA RODNEY DÍJ,6690,Enterprise,2,gal.,9.7,0
18150,2024-06-15,14:00,KATERINA RODNEY DÍJ,6788,Morena LV,9,gal.,11.6,0
18155,2024-06-15,14:31,2024. ÉVI SEGÉDHAJTÓ KUPA III. FUTAMA HENDIKEP,6435,Ducks,1,I.,20.0,0
18155,2024-06-15,14:31,2024. ÉVI SEGÉDHAJTÓ KUPA III. FUTAMA HENDIKEP,6475,Discovery LW,3,II.,4.0,0
18155,2024-06-15,14:31,2024. ÉVI SEGÉDHAJTÓ KUPA III. FUTAMA HENDIKEP,6305,Csikós,4,III.,1.8,0
18155,2024-06-15,14:31,2024. ÉVI SEGÉDHAJTÓ KUPA III. FUTAMA HENDIKEP,4945,Trencsén,6,IV.,4.0,0
18155,2024-06-15,14:31,2024. ÉVI SEGÉDHAJTÓ KUPA III. FUTAMA HENDIKEP,5990,Aranyérem M,2,V.,10.0,0
18155,2024-06-15,14:31,2024. ÉVI SEGÉDHAJTÓ KUPA III. FUTAMA HENDIKEP,5904,Australian Gold,5,6.,10.0,0
18155,2024-06-15,14:31,2024. ÉVI SEGÉDHAJTÓ KUPA III. FUTAMA HENDIKEP,6018,Bonus RG,7,gal.,5.7,0
18151,2024-06-15,15:00,TWIDDLE DÍJ,6731,Daytona Spav,5,I.,1.8,0
18151,2024-06-15,15:00,TWIDDLE DÍJ,6514,El Valle Sagrado,3,II.,16.1,0
18151,2024-06-15,15:00,TWIDDLE DÍJ,7171,Peter Piper,6,III.,1.4,0
18151,2024-06-15,15:00,TWIDDLE DÍJ,6854,Elegáns Hölgy,7,IV.,25.4,0
18151,2024-06-15,15:00,TWIDDLE DÍJ,6696,Édes K,1,V.,35.6,0
18151,2024-06-15,15:00,TWIDDLE DÍJ,6698,Easy Bet,2,6.,16.1,0
18151,2024-06-15,15:00,TWIDDLE DÍJ,6328,Credit Card,4,gal.,19.7,0
18153,2024-06-15,15:30,JODI LYNN HENDIKEP,6358,Calvin,2,I.,3.7,0
18153,2024-06-15,15:30,JODI LYNN HENDIKEP,6706,Eperke,6,II.,41.4,0
18153,2024-06-15,15:30,JODI LYNN HENDIKEP,6378,Chesterfield,3,III.,10.3,0
18153,2024-06-15,15:30,JODI LYNN HENDIKEP,6511,Demi Moore,9,IV.,5.1,0
18153,2024-06-15,15:30,JODI LYNN HENDIKEP,5984,Angelina Jolie,8,V.,5.1,0
18153,2024-06-15,15:30,JODI LYNN HENDIKEP,6691,Elizeus LIW,5,6.,4.6,0
18153,2024-06-15,15:30,JODI LYNN HENDIKEP,6798,Kall Me Queen,7,7.,13.8,0
18153,2024-06-15,15:30,JODI LYNN HENDIKEP,5695,Vinifera M,10,8.,20.7,0
18153,2024-06-15,15:30,JODI LYNN HENDIKEP,6779,Elton John A.T.,4,9.,5.1,0
18153,2024-06-15,15:30,JODI LYNN HENDIKEP,6701,Durcás Lányka,1,disq.,5.9,0
18149,2024-06-15,16:00,KEEP BLAZING DÍJ,7136,First Home,2,I.,4.8,0
18149,2024-06-15,16:00,KEEP BLAZING DÍJ,7085,El Nino N,6,II.,3.2,0
18149,2024-06-15,16:00,KEEP BLAZING DÍJ,7127,Francesca,7,III.,2.4,0
18149,2024-06-15,16:00,KEEP BLAZING DÍJ,7034,Formula,9,IV.,11.5,0
18149,2024-06-15,16:00,KEEP BLAZING DÍJ,6983,Fondorlat,3,V.,8.2,0
18149,2024-06-15,16:00,KEEP BLAZING DÍJ,7058,Great Cole TG,8,6.,,0
18149,2024-06-15,16:00,KEEP BLAZING DÍJ,6962,Flinga VT,5,7.,19.2,0
18149,2024-06-15,16:00,KEEP BLAZING DÍJ,7086,Fakta,10,8.,8.2,0
18149,2024-06-15,16:00,KEEP BLAZING DÍJ,7053,Fabio,1,gal.,57.8,0
18149,2024-06-15,16:00,KEEP BLAZING DÍJ,6936,Aaron LV,4,gal.,7.2,0
18156,2024-06-15,16:30,LOVE STORY HENDIKEP,6003,Ambrosia Gielle,7,I.,4.7,0
18156,2024-06-15,16:30,LOVE STORY HENDIKEP,5955,Atom Maki,3,II.,9.5,0
18156,2024-06-15,16:30,LOVE STORY HENDIKEP,6107,Andy Baby,5,III.,3.1,0
18156,2024-06-15,16:30,LOVE STORY HENDIKEP,6360,Chip Chip Chip,10,IV.,4.3,0
18156,2024-06-15,16:30,LOVE STORY HENDIKEP,5531,Very Nice Photo,12,V.,8.1,0
18156,2024-06-15,16:30,LOVE STORY HENDIKEP,5247,Universal Boy,2,6.,57.1,0
18156,2024-06-15,16:30,LOVE STORY HENDIKEP,4968,Titus Livius,1,7.,6.3,0
18156,2024-06-15,16:30,LOVE STORY HENDIKEP,6076,Breeze Up,8,8.,11.4,0
18156,2024-06-15,16:30,LOVE STORY HENDIKEP,6021,Anna,11,9.,28.5,0
18156,2024-06-15,16:30,LOVE STORY HENDIKEP,6299,Beyond The Limits,4,10.,19.0,0
18156,2024-06-15,16:30,LOVE STORY HENDIKEP,6163,Bombay,9,11.,7.1,0
18156,2024-06-15,16:30,LOVE STORY HENDIKEP,5625,Vanderle,6,12.,,0
18152,2024-06-15,17:00,RECORDER DÍJ,6783,Enjoy,7,I.,1.3,0
18152,2024-06-15,17:00,RECORDER DÍJ,6864,In Love Danover,2,II.,10.4,0
18152,2024-06-15,17:00,RECORDER DÍJ,6787,Domperidon,1,III.,3.8,0
18152,2024-06-15,17:00,RECORDER DÍJ,6165,Bűbájos,9,IV.,35.8,0
18152,2024-06-15,17:00,RECORDER DÍJ,7173,Jula Netprice,6,V.,3.8,0
18152,2024-06-15,17:00,RECORDER DÍJ,6121,Farya BD,5,6.,17.9,0
18152,2024-06-15,17:00,RECORDER DÍJ,7147,Cupido GSO,8,7.,125.6,0
18152,2024-06-15,17:00,RECORDER DÍJ,6459,Diamond Ville,3,8.,,0
18152,2024-06-15,17:00,RECORDER DÍJ,6441,Diána Gull,4,9.,251.2,0
18154,2024-06-15,17:30,MARGARET SONG HENDIKEP,5894,Apollo Creed,3,I.,3.2,0
18154,2024-06-15,17:30,MARGARET SONG HENDIKEP,6330,Che Comandante,2,II.,52.3,0
18154,2024-06-15,17:30,MARGARET SONG HENDIKEP,5721,Zippy Boy,1,III.,5.2,0
18154,2024-06-15,17:30,MARGARET SONG HENDIKEP,5925,Anikó,4,IV.,3.4,0
18154,2024-06-15,17:30,MARGARET SONG HENDIKEP,4477,Reménység,5,V.,,0
18154,2024-06-15,17:30,MARGARET SONG HENDIKEP,6546,Count Basie AT,7,6.,4.7,0
18154,2024-06-15,17:30,MARGARET SONG HENDIKEP,5227,Urban Legend,11,7.,10.4,0
18154,2024-06-15,17:30,MARGARET SONG HENDIKEP,6343,Chicago,6,8.,26.1,0
18154,2024-06-15,17:30,MARGARET SONG HENDIKEP,6303,CR-Seven,9,9.,6.5,0
18154,2024-06-15,17:30,MARGARET SONG HENDIKEP,6740,Dignitá,8,gal.,7.4,0
18154,2024-06-15,17:30,MARGARET SONG HENDIKEP,6782,Downtown Girl M,10,gal.,26.1,0
18137,2024-06-08,13:30,PRÓBAFUTAM,7156,Dats Pepito,1,1.,,1
18138,2024-06-08,13:00,Q18 KVALIFIKÁCIÓ,7102,Gyöngyhajú Lány,1,1.,,1
18139,2024-06-08,13:15,Q19 KVALIFIKÁCIÓ,7118,Ferrari,1,1.,,1
18145,2024-06-08,14:00,PAPERBOY HENDIKEP,5564,Valentino,5,I.,2.1,0
18145,2024-06-08,14:00,PAPERBOY HENDIKEP,6018,Bonus RG,6,II.,6.4,0
18145,2024-06-08,14:00,PAPERBOY HENDIKEP,5795,Zara Mia,9,III.,4.3,0
18145,2024-06-08,14:00,PAPERBOY HENDIKEP,6475,Discovery LW,2,IV.,5.5,0
18145,2024-06-08,14:00,PAPERBOY HENDIKEP,6679,Inforgettable,1,V.,12.9,0
18145,2024-06-08,14:00,PAPERBOY HENDIKEP,6062,Best Boy,3,6.,,0
18145,2024-06-08,14:00,PAPERBOY HENDIKEP,6299,Beyond The Limits,7,7.,7.7,0
18145,2024-06-08,14:00,PAPERBOY HENDIKEP,6303,CR-Seven,8,8.,19.3,0
18145,2024-06-08,14:00,PAPERBOY HENDIKEP,5904,Australian Gold,4,gal.,5.5,0
18141,2024-06-08,14:30,SPEEDY BOY DÍJ,7097,Fortuna Ville,2,I.,1.6,0
18141,2024-06-08,14:30,SPEEDY BOY DÍJ,6709,Eccelenza,7,II.,12.8,0
18141,2024-06-08,14:30,SPEEDY BOY DÍJ,6701,Durcás Lányka,5,III.,4.0,0
18141,2024-06-08,14:30,SPEEDY BOY DÍJ,7000,Fantastic Dream BD,1,IV.,6.6,0
18141,2024-06-08,14:30,SPEEDY BOY DÍJ,6962,Flinga VT,4,V.,9.0,0
18141,2024-06-08,14:30,SPEEDY BOY DÍJ,7081,Fancy,6,6.,5.5,0
18141,2024-06-08,14:30,SPEEDY BOY DÍJ,6981,Evita Meerswal,3,gal.,9.0,0
18143,2024-06-08,15:00,RADIUM BOY DÍJ,6901,Eastwood,1,I.,2.3,0
18143,2024-06-08,15:00,RADIUM BOY DÍJ,6853,Éjjeli Hölgy,3,II.,1.9,0
18143,2024-06-08,15:00,RADIUM BOY DÍJ,6068,Balerina R.,6,III.,8.8,0
18143,2024-06-08,15:00,RADIUM BOY DÍJ,6472,Dumbledore,4,IV.,3.6,0
18143,2024-06-08,15:00,RADIUM BOY DÍJ,6459,Diamond Ville,5,V.,13.5,0
18143,2024-06-08,15:00,RADIUM BOY DÍJ,6003,Ambrosia Gielle,2,6.,28.9,0
18143,2024-06-08,15:00,RADIUM BOY DÍJ,6471,Dynamo,7,7.,33.7,0
18140,2024-06-08,15:33,CSILLAGKÖZI DERBY - GALAKTIKUS INTEGRÁCIÓ DÍJ,7034,Formula,10,I.,6.8,0
18140,2024-06-08,15:33,CSILLAGKÖZI DERBY - GALAKTIKUS INTEGRÁCIÓ DÍJ,7111,Emoji,6,II.,18.0,0
18140,2024-06-08,15:33,CSILLAGKÖZI DERBY - GALAKTIKUS INTEGRÁCIÓ DÍJ,6924,Felix Charme,4,III.,15.2,0
18140,2024-06-08,15:33,CSILLAGKÖZI DERBY - GALAKTIKUS INTEGRÁCIÓ DÍJ,7099,Fizető,3,IV.,33.0,0
18140,2024-06-08,15:33,CSILLAGKÖZI DERBY - GALAKTIKUS INTEGRÁCIÓ DÍJ,6057,Bitangjó,7,V.,2.9,0
18140,2024-06-08,15:33,CSILLAGKÖZI DERBY - GALAKTIKUS INTEGRÁCIÓ DÍJ,6992,Finiselj!,9,6.,7.2,0
18140,2024-06-08,15:33,CSILLAGKÖZI DERBY - GALAKTIKUS INTEGRÁCIÓ DÍJ,7149,Füge M,2,7.,8.6,0
18140,2024-06-08,15:33,CSILLAGKÖZI DERBY - GALAKTIKUS INTEGRÁCIÓ DÍJ,6991,Falcon VT,8,8.,44.1,0
18140,2024-06-08,15:33,CSILLAGKÖZI DERBY - GALAKTIKUS INTEGRÁCIÓ DÍJ,7140,Fashion Noble BD,1,9.,18.0,0
18140,2024-06-08,15:33,CSILLAGKÖZI DERBY - GALAKTIKUS INTEGRÁCIÓ DÍJ,6982,Farkasfog,5,gal.,10.4,0
18140,2024-06-08,15:33,CSILLAGKÖZI DERBY - GALAKTIKUS INTEGRÁCIÓ DÍJ,7086,Fakta,11,gal.,99.2,0
18140,2024-06-08,15:33,CSILLAGKÖZI DERBY - GALAKTIKUS INTEGRÁCIÓ DÍJ,7004,Frankó,12,disq.,2.5,0
18146,2024-06-08,16:00,AMATŐRVERSENY HENDIKEP,5228,Uptown Boy M,4,I.,1.5,0
18146,2024-06-08,16:00,AMATŐRVERSENY HENDIKEP,6066,Berill Lady,6,II.,3.8,0
18146,2024-06-08,16:00,AMATŐRVERSENY HENDIKEP,6507,Despasito,5,III.,6.4,0
18146,2024-06-08,16:00,AMATŐRVERSENY HENDIKEP,6525,Big Ben Pax,3,IV.,4.5,0
18146,2024-06-08,16:00,AMATŐRVERSENY HENDIKEP,5504,Vakarcs RG,2,V.,9.2,0
18146,2024-06-08,16:00,AMATŐRVERSENY HENDIKEP,6153,Bing Crosby AT,1,6.,13.5,0
18142,2024-06-08,16:31,KENTISH BOY DÍJ,6899,Eunike T Boko,7,I.,2.4,0
18142,2024-06-08,16:31,KENTISH BOY DÍJ,6514,El Valle Sagrado,9,II.,15.5,0
18142,2024-06-08,16:31,KENTISH BOY DÍJ,6704,Emerald,3,III.,12.5,0
18142,2024-06-08,16:31,KENTISH BOY DÍJ,6703,Etalon N,5,IV.,16.3,0
18142,2024-06-08,16:31,KENTISH BOY DÍJ,6909,Treue,1,V.,29.7,0
18142,2024-06-08,16:31,KENTISH BOY DÍJ,6854,Elegáns Hölgy,10,6.,17.2,0
18142,2024-06-08,16:31,KENTISH BOY DÍJ,6698,Easy Bet,2,7.,27.2,0
18142,2024-06-08,16:31,KENTISH BOY DÍJ,6898,Euzébió,6,8.,32.7,0
18142,2024-06-08,16:31,KENTISH BOY DÍJ,6786,Enrico Fling,8,9.,25.1,0
18142,2024-06-08,16:31,KENTISH BOY DÍJ,6778,Dancing Lady,4,gal.,1.5,0
18144,2024-06-08,17:00,CSILLAGKÖZI DERBY - KOZMIKUS VÁGTA HENDIKEP,6131,Bulibáró,3,I.,6.8,0
18144,2024-06-08,17:00,CSILLAGKÖZI DERBY - KOZMIKUS VÁGTA HENDIKEP,5925,Anikó,2,II.,1.5,0
18144,2024-06-08,17:00,CSILLAGKÖZI DERBY - KOZMIKUS VÁGTA HENDIKEP,6071,Bellini Fling,7,III.,12.7,0
18144,2024-06-08,17:00,CSILLAGKÖZI DERBY - KOZMIKUS VÁGTA HENDIKEP,6328,Credit Card,6,IV.,2.8,0
18144,2024-06-08,17:00,CSILLAGKÖZI DERBY - KOZMIKUS VÁGTA HENDIKEP,5730,Magic Bucks,1,V.,17.3,0
18144,2024-06-08,17:00,CSILLAGKÖZI DERBY - KOZMIKUS VÁGTA HENDIKEP,6213,Farinelli,4,tü.,15.8,0
18144,2024-06-08,17:00,CSILLAGKÖZI DERBY - KOZMIKUS VÁGTA HENDIKEP,6877,Petra La Roque,5,tü.,7.5,0
18127,2024-06-02,13:30,PRÓBAFUTAM,7004,Frankó,1,1.,,1
18125,2024-06-02,13:00,Q16 KVALIFIKÁCIÓ,7110,Guinevere,1,1.,,1
18126,2024-06-02,13:15,Q17 KVALIFIKÁCIÓ,7060,Filthy Rich,1,1.,,1
18126,2024-06-02,13:15,Q17 KVALIFIKÁCIÓ,7099,Fizető,2,2.,,0
18131,2024-06-02,14:00,ORLANDO BLOOM DÍJ,6878,Éden Evo,8,I.,2.0,0
18131,2024-06-02,14:00,ORLANDO BLOOM DÍJ,6657,Dreamer,6,II.,17.5,0
18131,2024-06-02,14:00,ORLANDO BLOOM DÍJ,6696,Édes K,7,III.,15.0,0
18131,2024-06-02,14:00,ORLANDO BLOOM DÍJ,6928,Fenegyerek,5,IV.,11.7,0
18131,2024-06-02,14:00,ORLANDO BLOOM DÍJ,6920,Fliegauf,3,V.,3.9,0
18131,2024-06-02,14:00,ORLANDO BLOOM DÍJ,6705,Eminem,2,6.,35.1,0
18131,2024-06-02,14:00,ORLANDO BLOOM DÍJ,7080,Endless Love,1,7.,15.0,0
18131,2024-06-02,14:00,ORLANDO BLOOM DÍJ,6706,Eperke,10,8.,52.7,0
18131,2024-06-02,14:00,ORLANDO BLOOM DÍJ,6690,Enterprise,4,gal.,2.7,0
18131,2024-06-02,14:00,ORLANDO BLOOM DÍJ,6861,Emeli Sandé A.T.,9,gal.,35.1,0
18135,2024-06-02,14:38,FIRST KING HENDIKEP,6506,Charlie's World,7,I.,3.9,0
18135,2024-06-02,14:38,FIRST KING HENDIKEP,6727,Västerbo No Edge,11,II.,9.5,0
18135,2024-06-02,14:38,FIRST KING HENDIKEP,5955,Atom Maki,8,III.,7.9,0
18135,2024-06-02,14:38,FIRST KING HENDIKEP,6679,Inforgettable,6,IV.,1.9,0
18135,2024-06-02,14:38,FIRST KING HENDIKEP,6343,Chicago,3,V.,15.8,0
18135,2024-06-02,14:38,FIRST KING HENDIKEP,6062,Best Boy,10,6.,11.9,0
18135,2024-06-02,14:38,FIRST KING HENDIKEP,6877,Petra La Roque,2,7.,2.9,0
18135,2024-06-02,14:38,FIRST KING HENDIKEP,6435,Ducks,1,8.,15.8,0
18135,2024-06-02,14:38,FIRST KING HENDIKEP,6051,Briliáns BD,5,9.,9.5,0
18134,2024-06-02,15:10,ZAPATO HENDIKEP,5990,Aranyérem M,2,I.,15.6,0
18134,2024-06-02,15:10,ZAPATO HENDIKEP,5610,Winoc SB,6,II.,4.4,0
18134,2024-06-02,15:10,ZAPATO HENDIKEP,6330,Che Comandante,7,III.,2.7,0
18134,2024-06-02,15:10,ZAPATO HENDIKEP,4611,Pálinka,4,IV.,2.3,0
18134,2024-06-02,15:10,ZAPATO HENDIKEP,6779,Elton John A.T.,1,V.,15.6,0
18134,2024-06-02,15:10,ZAPATO HENDIKEP,6695,Ékszer K,5,6.,15.6,0
18134,2024-06-02,15:10,ZAPATO HENDIKEP,6131,Bulibáró,3,7.,3.9,0
18128,2024-06-02,15:40,HIPPODROM ÉS LOVARDA SPRINTER KUPA,6202,Maugli,3,I.,1.3,0
18128,2024-06-02,15:40,HIPPODROM ÉS LOVARDA SPRINTER KUPA,6976,Duc de Connee,2,II.,49.8,0
18128,2024-06-02,15:40,HIPPODROM ÉS LOVARDA SPRINTER KUPA,6903,Cardenas Baba,4,III.,2.8,0
18128,2024-06-02,15:40,HIPPODROM ÉS LOVARDA SPRINTER KUPA,6318,Bonaparte Boss,6,IV.,9.6,0
18128,2024-06-02,15:40,HIPPODROM ÉS LOVARDA SPRINTER KUPA,6409,Unno del Duomo,1,V.,6.0,0
18128,2024-06-02,15:40,HIPPODROM ÉS LOVARDA SPRINTER KUPA,7022,Diamant Venus,5,gal.,13.0,0
18130,2024-06-02,16:16,FAIRPLAY DÍJ,7094,Full Speed,6,I.,8.0,0
18130,2024-06-02,16:16,FAIRPLAY DÍJ,7127,Francesca,4,II.,2.3,0
18130,2024-06-02,16:16,FAIRPLAY DÍJ,7136,First Home,2,III.,3.6,0
18130,2024-06-02,16:16,FAIRPLAY DÍJ,6881,Everton,11,IV.,20.7,0
18130,2024-06-02,16:16,FAIRPLAY DÍJ,6936,Aaron LV,3,V.,6.9,0
18130,2024-06-02,16:16,FAIRPLAY DÍJ,6701,Durcás Lányka,9,6.,145.5,0
18130,2024-06-02,16:16,FAIRPLAY DÍJ,6691,Elizeus LIW,10,7.,5.1,0
18130,2024-06-02,16:16,FAIRPLAY DÍJ,6960,Fantom KE,1,8.,14.5,0
18130,2024-06-02,16:16,FAIRPLAY DÍJ,6751,Emilio Family,8,9.,8.0,0
18130,2024-06-02,16:16,FAIRPLAY DÍJ,6999,First Lady KJ,7,10.,72.7,0
18130,2024-06-02,16:16,FAIRPLAY DÍJ,7058,Great Cole TG,5,11.,24.2,0
18133,2024-06-02,16:45,BUTTERFLY DÍJ,6712,Street Genius,1,I.,9.0,0
18133,2024-06-02,16:45,BUTTERFLY DÍJ,6300,Catania R.,9,II.,3.7,0
18133,2024-06-02,16:45,BUTTERFLY DÍJ,6355,Coach Degli Dei,2,III.,6.4,0
18133,2024-06-02,16:45,BUTTERFLY DÍJ,7121,Denalda Op,4,IV.,1.9,0
18133,2024-06-02,16:45,BUTTERFLY DÍJ,5906,Anybody,6,V.,7.5,0
18133,2024-06-02,16:45,BUTTERFLY DÍJ,6316,Casino Royale,3,6.,5.8,0
18133,2024-06-02,16:45,BUTTERFLY DÍJ,7139,Dallas Dei Greppi,7,7.,10.0,0
18133,2024-06-02,16:45,BUTTERFLY DÍJ,6165,Bűbájos,5,8.,36.1,0
18133,2024-06-02,16:45,BUTTERFLY DÍJ,6954,Palace Bo,8,9.,180.8,0
18132,2024-06-02,17:15,BOB DO IT DÍJ,6731,Daytona Spav,4,I.,2.4,0
18132,2024-06-02,17:15,BOB DO IT DÍJ,6864,In Love Danover,5,II.,6.4,0
18132,2024-06-02,17:15,BOB DO IT DÍJ,6308,Csábító R.,6,III.,3.2,0
18132,2024-06-02,17:15,BOB DO IT DÍJ,6514,El Valle Sagrado,1,IV.,21.5,0
18132,2024-06-02,17:15,BOB DO IT DÍJ,6228,Creatine,7,V.,2.5,0
18132,2024-06-02,17:15,BOB DO IT DÍJ,6302,Cherie Bella M,2,6.,6.4,0
18132,2024-06-02,17:15,BOB DO IT DÍJ,6749,Diana Krall AT,3,7.,64.6,0
18129,2024-06-02,17:47,115. NEMZETI DÍJ,6855,Eternity Bar,6,I.,7.4,0
18129,2024-06-02,17:47,115. NEMZETI DÍJ,6984,Fatiqué de je t'aime,1,II.,16.3,0
18129,2024-06-02,17:47,115. NEMZETI DÍJ,6929,Fendi,2,III.,10.2,0
18129,2024-06-02,17:47,115. NEMZETI DÍJ,7001,Fárosz,4,IV.,8.1,0
18129,2024-06-02,17:47,115. NEMZETI DÍJ,6916,Freya T Boko,5,V.,2.9,0
18129,2024-06-02,17:47,115. NEMZETI DÍJ,6783,Enjoy,7,6.,1.4,0
18129,2024-06-02,17:47,115. NEMZETI DÍJ,6987,Fabrice,3,7.,27.2,0
18136,2024-06-02,16:18,LESTER HENDIKEP,6021,Anna,3,I.,6.8,0
18136,2024-06-02,16:18,LESTER HENDIKEP,6805,Guiness des Fanes,8,II.,4.1,0
18136,2024-06-02,16:18,LESTER HENDIKEP,5540,Velence R.,6,III.,23.9,0
18136,2024-06-02,16:18,LESTER HENDIKEP,6340,Cunami,2,IV.,5.9,0
18136,2024-06-02,16:18,LESTER HENDIKEP,6535,Kokomo Harley,5,V.,1.9,0
18136,2024-06-02,16:18,LESTER HENDIKEP,5962,Zénó Boko,1,6.,7.3,0
18136,2024-06-02,16:18,LESTER HENDIKEP,5625,Vanderle,4,7.,23.9,0
18136,2024-06-02,16:18,LESTER HENDIKEP,6770,Top of Climb,7,8.,31.9,0
18136,2024-06-02,16:18,LESTER HENDIKEP,6472,Dumbledore,9,gal.,5.9,0
18116,2024-05-25,13:30,Q15 KVALIFIKÁCIÓ,7149,Füge M,1,1.,,1
18117,2024-05-25,14:00,RUBIN LADY DÍJ I.RÉSZ,6943,Elizabeth Boss,8,I.,2.3,0
18117,2024-05-25,14:00,RUBIN LADY DÍJ I.RÉSZ,6705,Eminem,7,II.,8.1,0
18117,2024-05-25,14:00,RUBIN LADY DÍJ I.RÉSZ,7080,Endless Love,2,III.,10.8,0
18117,2024-05-25,14:00,RUBIN LADY DÍJ I.RÉSZ,6751,Emilio Family,1,IV.,32.6,0
18117,2024-05-25,14:00,RUBIN LADY DÍJ I.RÉSZ,6701,Durcás Lányka,3,V.,10.8,0
18117,2024-05-25,14:00,RUBIN LADY DÍJ I.RÉSZ,6706,Eperke,4,gal.,4.6,0
18117,2024-05-25,14:00,RUBIN LADY DÍJ I.RÉSZ,6798,Kall Me Queen,5,gal.,,0
18117,2024-05-25,14:00,RUBIN LADY DÍJ I.RÉSZ,6953,Eposz,6,gal.,2.0,0
18123,2024-05-25,14:30,MAGYAR WILLIAMS SZINDRÓMA TÁRSASÁG DÍJA HENDIKEP,6749,Diana Krall AT,8,I.,22.4,0
18123,2024-05-25,14:30,MAGYAR WILLIAMS SZINDRÓMA TÁRSASÁG DÍJA HENDIKEP,5270,Une Dame,10,II.,22.4,0
18123,2024-05-25,14:30,MAGYAR WILLIAMS SZINDRÓMA TÁRSASÁG DÍJA HENDIKEP,6107,Andy Baby,4,III.,3.4,0
18123,2024-05-25,14:30,MAGYAR WILLIAMS SZINDRÓMA TÁRSASÁG DÍJA HENDIKEP,6340,Cunami,7,IV.,4.4,0
18123,2024-05-25,14:30,MAGYAR WILLIAMS SZINDRÓMA TÁRSASÁG DÍJA HENDIKEP,6475,Discovery LW,1,V.,8.9,0
18123,2024-05-25,14:30,MAGYAR WILLIAMS SZINDRÓMA TÁRSASÁG DÍJA HENDIKEP,6018,Bonus RG,5,6.,,0
18123,2024-05-25,14:30,MAGYAR WILLIAMS SZINDRÓMA TÁRSASÁG DÍJA HENDIKEP,6299,Beyond The Limits,6,7.,22.4,0
18123,2024-05-25,14:30,MAGYAR WILLIAMS SZINDRÓMA TÁRSASÁG DÍJA HENDIKEP,6052,Auróra,9,8.,44.8,0
18123,2024-05-25,14:30,MAGYAR WILLIAMS SZINDRÓMA TÁRSASÁG DÍJA HENDIKEP,6062,Best Boy,2,9.,14.9,0
18123,2024-05-25,14:30,MAGYAR WILLIAMS SZINDRÓMA TÁRSASÁG DÍJA HENDIKEP,5564,Valentino,3,gal.,1.6,0
18120,2024-05-25,15:01,VAS LADY DÍJ,6787,Domperidon,2,I.,3.1,0
18120,2024-05-25,15:01,VAS LADY DÍJ,6901,Eastwood,3,II.,2.7,0
18120,2024-05-25,15:01,VAS LADY DÍJ,6121,Farya BD,9,III.,4.2,0
18120,2024-05-25,15:01,VAS LADY DÍJ,6366,Celerina Boss,4,IV.,15.0,0
18120,2024-05-25,15:01,VAS LADY DÍJ,6780,Eternal Flame,7,V.,8.1,0
18120,2024-05-25,15:01,VAS LADY DÍJ,6441,Diána Gull,5,6.,15.0,0
18120,2024-05-25,15:01,VAS LADY DÍJ,5755,Zsóka,6,7.,5.8,0
18120,2024-05-25,15:01,VAS LADY DÍJ,6459,Diamond Ville,10,8.,35.1,0
18120,2024-05-25,15:01,VAS LADY DÍJ,6471,Dynamo,8,9.,15.0,0
18120,2024-05-25,15:01,VAS LADY DÍJ,6704,Emerald,1,gal.,52.7,0
18122,2024-05-25,15:32,VETERÁN BUNYÓSOK ALAPÍTVÁNYÁNAK DÍJA HENDIKEP,5925,Anikó,2,I.,5.3,0
18122,2024-05-25,15:32,VETERÁN BUNYÓSOK ALAPÍTVÁNYÁNAK DÍJA HENDIKEP,6071,Bellini Fling,7,II.,4.7,0
18122,2024-05-25,15:32,VETERÁN BUNYÓSOK ALAPÍTVÁNYÁNAK DÍJA HENDIKEP,5610,Winoc SB,3,III.,1.9,0
18122,2024-05-25,15:32,VETERÁN BUNYÓSOK ALAPÍTVÁNYÁNAK DÍJA HENDIKEP,4477,Reménység,6,IV.,11.6,0
18122,2024-05-25,15:32,VETERÁN BUNYÓSOK ALAPÍTVÁNYÁNAK DÍJA HENDIKEP,5695,Vinifera M,1,V.,9.1,0
18122,2024-05-25,15:32,VETERÁN BUNYÓSOK ALAPÍTVÁNYÁNAK DÍJA HENDIKEP,5700,Vezér,4,6.,6.0,0
18122,2024-05-25,15:32,VETERÁN BUNYÓSOK ALAPÍTVÁNYÁNAK DÍJA HENDIKEP,6343,Chicago,5,7.,4.7,0
18115,2024-05-25,16:00,NYERETLENEK VERSENYE - TITÁN LADY DÍJ,6983,Fondorlat,1,I.,31.2,0
18115,2024-05-25,16:00,NYERETLENEK VERSENYE - TITÁN LADY DÍJ,6960,Fantom KE,7,II.,12.5,0
18115,2024-05-25,16:00,NYERETLENEK VERSENYE - TITÁN LADY DÍJ,6057,Bitangjó,3,III.,12.5,0
18115,2024-05-25,16:00,NYERETLENEK VERSENYE - TITÁN LADY DÍJ,7010,Blanka BBM,11,IV.,20.8,0
18115,2024-05-25,16:00,NYERETLENEK VERSENYE - TITÁN LADY DÍJ,7054,Fánia BD,10,V.,1.8,0
18115,2024-05-25,16:00,NYERETLENEK VERSENYE - TITÁN LADY DÍJ,6982,Farkasfog,5,6.,10.4,0
18115,2024-05-25,16:00,NYERETLENEK VERSENYE - TITÁN LADY DÍJ,6992,Finiselj!,9,7.,6.2,0
18115,2024-05-25,16:00,NYERETLENEK VERSENYE - TITÁN LADY DÍJ,7053,Fabio,4,8.,8.9,0
18115,2024-05-25,16:00,NYERETLENEK VERSENYE - TITÁN LADY DÍJ,7140,Fashion Noble BD,2,gal.,8.9,0
18115,2024-05-25,16:00,NYERETLENEK VERSENYE - TITÁN LADY DÍJ,7000,Fantastic Dream BD,6,gal.,62.5,0
18115,2024-05-25,16:00,NYERETLENEK VERSENYE - TITÁN LADY DÍJ,7111,Emoji,8,gal.,5.2,0
18119,2024-05-25,16:30,NIGHT LADY DÍJ,6778,Dancing Lady,6,I.,2.9,0
18119,2024-05-25,16:30,NIGHT LADY DÍJ,6703,Etalon N,10,II.,2.5,0
18119,2024-05-25,16:30,NIGHT LADY DÍJ,6740,Dignitá,5,III.,35.4,0
18119,2024-05-25,16:30,NIGHT LADY DÍJ,6702,Ezigen,3,IV.,35.4,0
18119,2024-05-25,16:30,NIGHT LADY DÍJ,6700,Escobar,4,V.,12.5,0
18119,2024-05-25,16:30,NIGHT LADY DÍJ,6698,Easy Bet,11,6.,5.2,0
18119,2024-05-25,16:30,NIGHT LADY DÍJ,6987,Fabrice,9,7.,5.7,0
18119,2024-05-25,16:30,NIGHT LADY DÍJ,6657,Dreamer,2,8.,5.7,0
18119,2024-05-25,16:30,NIGHT LADY DÍJ,6770,Top of Climb,7,9.,32.4,0
18119,2024-05-25,16:30,NIGHT LADY DÍJ,6738,Eurydice,1,10.,97.4,0
18119,2024-05-25,16:30,NIGHT LADY DÍJ,6572,Del Piero,8,11.,48.7,0
18124,2024-05-25,17:00,URÁN LADY HENDIKEP,6620,Nelstrong,7,I.,3.1,0
18124,2024-05-25,17:00,URÁN LADY HENDIKEP,5308,Gigant Wings,3,II.,4.5,0
18124,2024-05-25,17:00,URÁN LADY HENDIKEP,6805,Guiness des Fanes,10,III.,63.9,0
18124,2024-05-25,17:00,URÁN LADY HENDIKEP,6003,Ambrosia Gielle,6,IV.,63.9,0
18124,2024-05-25,17:00,URÁN LADY HENDIKEP,6525,Big Ben Pax,2,V.,10.6,0
18124,2024-05-25,17:00,URÁN LADY HENDIKEP,5757,Zsofesz,1,6.,7.1,0
18124,2024-05-25,17:00,URÁN LADY HENDIKEP,6021,Anna,5,7.,5.8,0
18124,2024-05-25,17:00,URÁN LADY HENDIKEP,6163,Bombay,11,8.,10.6,0
18124,2024-05-25,17:00,URÁN LADY HENDIKEP,6076,Breeze Up,8,9.,21.3,0
18124,2024-05-25,17:00,URÁN LADY HENDIKEP,5831,King's Call,4,gal.,4.5,0
18124,2024-05-25,17:00,URÁN LADY HENDIKEP,6514,El Valle Sagrado,9,gal.,7.1,0
18118,2024-05-25,17:30,RUBIN LADY DÍJ II. RÉSZ,6690,Enterprise,5,I.,12.9,0
18118,2024-05-25,17:30,RUBIN LADY DÍJ II. RÉSZ,6727,Västerbo No Edge,8,II.,12.9,0
18118,2024-05-25,17:30,RUBIN LADY DÍJ II. RÉSZ,6919,Fermina Daza,1,III.,3.5,0
18118,2024-05-25,17:30,RUBIN LADY DÍJ II. RÉSZ,7081,Fancy,3,IV.,1.7,0
18118,2024-05-25,17:30,RUBIN LADY DÍJ II. RÉSZ,6709,Eccelenza,7,V.,4.3,0
18118,2024-05-25,17:30,RUBIN LADY DÍJ II. RÉSZ,6692,Excellence,4,6.,12.9,0
18118,2024-05-25,17:30,RUBIN LADY DÍJ II. RÉSZ,6927,Fast Track,2,7.,12.9,0
18118,2024-05-25,17:30,RUBIN LADY DÍJ II. RÉSZ,6511,Demi Moore,6,8.,12.9,0
18121,2024-05-25,18:03,LIGHT LADY HENDIKEP,5247,Universal Boy,7,I.,5.0,0
18121,2024-05-25,18:03,LIGHT LADY HENDIKEP,5730,Magic Bucks,4,II.,9.3,0
18121,2024-05-25,18:03,LIGHT LADY HENDIKEP,5990,Aranyérem M,5,III.,8.1,0
18121,2024-05-25,18:03,LIGHT LADY HENDIKEP,5984,Angelina Jolie,6,IV.,16.3,0
18121,2024-05-25,18:03,LIGHT LADY HENDIKEP,6779,Elton John A.T.,2,V.,21.7,0
18121,2024-05-25,18:03,LIGHT LADY HENDIKEP,6358,Calvin,1,6táv.,2.3,0
18121,2024-05-25,18:03,LIGHT LADY HENDIKEP,6131,Bulibáró,8,7táv.,13.0,0
18121,2024-05-25,18:03,LIGHT LADY HENDIKEP,6378,Chesterfield,3,kih.,2.3,0
18114,2024-05-18,,DR. VECSEKLŐY JÓZSEF EMLÉKVERSENY - VÉGEREDMÉNY,6318,Bonaparte Boss,6,I.,2.1,0
18114,2024-05-18,,DR. VECSEKLŐY JÓZSEF EMLÉKVERSENY - VÉGEREDMÉNY,6300,Catania R.,5,II.,5.0,0
18114,2024-05-18,,DR. VECSEKLŐY JÓZSEF EMLÉKVERSENY - VÉGEREDMÉNY,6464,Dolomit Boy,3,III.,2.8,0
18114,2024-05-18,,DR. VECSEKLŐY JÓZSEF EMLÉKVERSENY - VÉGEREDMÉNY,5702,Zizitop,2,IV.,16.9,0
18114,2024-05-18,,DR. VECSEKLŐY JÓZSEF EMLÉKVERSENY - VÉGEREDMÉNY,6331,Charming Boy,1,V.,3.9,0
18114,2024-05-18,,DR. VECSEKLŐY JÓZSEF EMLÉKVERSENY - VÉGEREDMÉNY,5570,Villeneuve,4,6.,7.1,0
18103,2024-05-18,13:10,Q13 KVALIFIKÁCIÓ,7105,Gomez de Boko,1,1.,,1
18104,2024-05-18,13:30,Q14 KVALIFIKÁCIÓ,7093,Fitt Lady,1,1.,,1
18104,2024-05-18,13:30,Q14 KVALIFIKÁCIÓ,7149,Füge M,2,2.,,0
18107,2024-05-18,14:00,FRIDERIKA DÍJ,6943,Elizabeth Boss,4,I.,2.4,0
18107,2024-05-18,14:00,FRIDERIKA DÍJ,7085,El Nino N,2,II.,5.9,0
18107,2024-05-18,14:00,FRIDERIKA DÍJ,6962,Flinga VT,1,III.,5.9,0
18107,2024-05-18,14:00,FRIDERIKA DÍJ,6999,First Lady KJ,6,IV.,33.7,0
18107,2024-05-18,14:00,FRIDERIKA DÍJ,6981,Evita Meerswal,3,V.,50.6,0
18107,2024-05-18,14:00,FRIDERIKA DÍJ,6751,Emilio Family,7,gal.,1.9,0
18107,2024-05-18,14:00,FRIDERIKA DÍJ,7094,Full Speed,5,disq.,5.9,0
18112,2024-05-18,14:30,EFFENDI HENDIKEP,6119,Firefly Shadow,2,I.,10.8,0
18112,2024-05-18,14:30,EFFENDI HENDIKEP,4942,Bezique Va Bene,6,II.,13.7,0
18112,2024-05-18,14:30,EFFENDI HENDIKEP,6782,Downtown Girl M,5,III.,6.6,0
18112,2024-05-18,14:30,EFFENDI HENDIKEP,6051,Briliáns BD,3,IV.,6.0,0
18112,2024-05-18,14:30,EFFENDI HENDIKEP,5308,Gigant Wings,9,V.,1.5,0
18112,2024-05-18,14:30,EFFENDI HENDIKEP,6442,Dulcinea del Toboso,8,6.,11.4,0
18112,2024-05-18,14:30,EFFENDI HENDIKEP,4477,Reménység,4,7.,25.7,0
18112,2024-05-18,14:30,EFFENDI HENDIKEP,6213,Farinelli,1,8.,29.4,0
18112,2024-05-18,14:30,EFFENDI HENDIKEP,5955,Atom Maki,7,gal.,5.2,0
18105,2024-05-18,15:00,DR. VECSEKLŐY JÓZSEF EMLÉKVERSENY - I. FUTAM,6318,Bonaparte Boss,1,1.,2.1,1
18105,2024-05-18,15:00,DR. VECSEKLŐY JÓZSEF EMLÉKVERSENY - I. FUTAM,6300,Catania R.,4,2.,5.0,0
18105,2024-05-18,15:00,DR. VECSEKLŐY JÓZSEF EMLÉKVERSENY - I. FUTAM,6464,Dolomit Boy,3,3.,2.8,0
18105,2024-05-18,15:00,DR. VECSEKLŐY JÓZSEF EMLÉKVERSENY - I. FUTAM,5702,Zizitop,5,4.,16.9,0
18105,2024-05-18,15:00,DR. VECSEKLŐY JÓZSEF EMLÉKVERSENY - I. FUTAM,5570,Villeneuve,6,5.,7.1,0
18105,2024-05-18,15:00,DR. VECSEKLŐY JÓZSEF EMLÉKVERSENY - I. FUTAM,6331,Charming Boy,2,6.,3.9,0
18108,2024-05-18,15:30,VITAL RG DÍJ,6697,Erzsébet Királynő,4,I.,1.6,0
18108,2024-05-18,15:30,VITAL RG DÍJ,6518,Lolly Pop,5,II.,2.5,0
18108,2024-05-18,15:30,VITAL RG DÍJ,6909,Treue,3,III.,5.7,0
18108,2024-05-18,15:30,VITAL RG DÍJ,6799,Exclusive Fox,1,IV.,15.0,0
18108,2024-05-18,15:30,VITAL RG DÍJ,6877,Petra La Roque,6,V.,11.4,0
18108,2024-05-18,15:30,VITAL RG DÍJ,6435,Ducks,7,6.,24.0,0
18108,2024-05-18,15:30,VITAL RG DÍJ,6929,Fendi,2,gal.,11.4,0
18109,2024-05-18,16:00,TIME TO SAY GOODBYE DÍJ,6853,Éjjeli Hölgy,7,I.,1.3,0
18109,2024-05-18,16:00,TIME TO SAY GOODBYE DÍJ,6731,Daytona Spav,1,II.,3.8,0
18109,2024-05-18,16:00,TIME TO SAY GOODBYE DÍJ,6308,Csábító R.,6,III.,9.1,0
18109,2024-05-18,16:00,TIME TO SAY GOODBYE DÍJ,6864,In Love Danover,4,IV.,22.5,0
18109,2024-05-18,16:00,TIME TO SAY GOODBYE DÍJ,6003,Ambrosia Gielle,5,V.,24.1,0
18109,2024-05-18,16:00,TIME TO SAY GOODBYE DÍJ,6471,Dynamo,2,6.,10.9,0
18109,2024-05-18,16:00,TIME TO SAY GOODBYE DÍJ,6506,Charlie's World,3,gal.,5.1,0
18110,2024-05-18,16:30,ZSENERŐZ DÍJ,5906,Anybody,8,I.,1.3,0
18110,2024-05-18,16:30,ZSENERŐZ DÍJ,6121,Farya BD,7,II.,19.0,0
18110,2024-05-18,16:30,ZSENERŐZ DÍJ,6302,Cherie Bella M,4,III.,15.0,0
18110,2024-05-18,16:30,ZSENERŐZ DÍJ,6068,Balerina R.,5,IV.,23.8,0
18110,2024-05-18,16:30,ZSENERŐZ DÍJ,6441,Diána Gull,3,V.,28.6,0
18110,2024-05-18,16:30,ZSENERŐZ DÍJ,6066,Berill Lady,6,6.,,0
18110,2024-05-18,16:30,ZSENERŐZ DÍJ,6878,Éden Evo,1,7.,4.6,0
18110,2024-05-18,16:30,ZSENERŐZ DÍJ,6855,Eternity Bar,2,8.,3.1,0
18110,2024-05-18,16:30,ZSENERŐZ DÍJ,6113,Borutka,9,9.,57.2,0
18111,2024-05-18,17:00,AMATŐRVERSENY HENDIKEP,5325,Ultimate Force,1,I.,5.8,0
18111,2024-05-18,17:00,AMATŐRVERSENY HENDIKEP,6380,Cukrom,6,II.,1.8,0
18111,2024-05-18,17:00,AMATŐRVERSENY HENDIKEP,6328,Credit Card,2,III.,16.4,0
18111,2024-05-18,17:00,AMATŐRVERSENY HENDIKEP,5721,Zippy Boy,3,IV.,4.2,0
18111,2024-05-18,17:00,AMATŐRVERSENY HENDIKEP,5748,Zoom Photo,5,V.,2.8,0
18111,2024-05-18,17:00,AMATŐRVERSENY HENDIKEP,5872,Zaharova M,4,6.,9.1,0
18106,2024-05-18,17:30,DR. VECSEKLŐY JÓZSEF EMLÉKVERSENY - II. FUTAM,6300,Catania R.,4,1.,5.0,1
18106,2024-05-18,17:30,DR. VECSEKLŐY JÓZSEF EMLÉKVERSENY - II. FUTAM,6318,Bonaparte Boss,1,2.,2.1,0
18106,2024-05-18,17:30,DR. VECSEKLŐY JÓZSEF EMLÉKVERSENY - II. FUTAM,6464,Dolomit Boy,2,3.,2.8,0
18106,2024-05-18,17:30,DR. VECSEKLŐY JÓZSEF EMLÉKVERSENY - II. FUTAM,6331,Charming Boy,3,4.,3.9,0
18106,2024-05-18,17:30,DR. VECSEKLŐY JÓZSEF EMLÉKVERSENY - II. FUTAM,5702,Zizitop,5,5.,16.9,0
18106,2024-05-18,17:30,DR. VECSEKLŐY JÓZSEF EMLÉKVERSENY - II. FUTAM,5570,Villeneuve,6,6.,7.1,0
18113,2024-05-18,18:00,MASTERPIECE HENDIKEP,6228,Creatine,3,I.,7.0,0
18113,2024-05-18,18:00,MASTERPIECE HENDIKEP,5707,Zlatan LIW,5,II.,4.2,0
18113,2024-05-18,18:00,MASTERPIECE HENDIKEP,6360,Chip Chip Chip,2,III.,4.2,0
18113,2024-05-18,18:00,MASTERPIECE HENDIKEP,6472,Dumbledore,4,IV.,7.0,0
18113,2024-05-18,18:00,MASTERPIECE HENDIKEP,5905,Adamo Fling,8,V.,21.0,0
18113,2024-05-18,18:00,MASTERPIECE HENDIKEP,6366,Celerina Boss,6,6.,,0
18113,2024-05-18,18:00,MASTERPIECE HENDIKEP,6507,Despasito,1,7.,3.5,0
18113,2024-05-18,18:00,MASTERPIECE HENDIKEP,6165,Bűbájos,7,gal.,2.6,0
18093,2024-05-11,13:10,Q12 KVALIFIKÁCIÓ,7141,Fényűző,2,1.,,1
18093,2024-05-11,13:10,Q12 KVALIFIKÁCIÓ,7149,Füge M,1,2.,,0
18094,2024-05-11,13:30,PRÓBAFUTAM,6701,Durcás Lányka,2,1.,,1
18094,2024-05-11,13:30,PRÓBAFUTAM,6705,Eminem,1,2.,,0
18097,2024-05-11,14:00,JUST A STAR DÍJ,6788,Morena LV,6,I.,7.3,0
18097,2024-05-11,14:00,JUST A STAR DÍJ,6702,Ezigen,5,II.,10.3,0
18097,2024-05-11,14:00,JUST A STAR DÍJ,6696,Édes K,7,III.,4.6,0
18097,2024-05-11,14:00,JUST A STAR DÍJ,6927,Fast Track,3,IV.,2.4,0
18097,2024-05-11,14:00,JUST A STAR DÍJ,6779,Elton John A.T.,4,V.,12.9,0
18097,2024-05-11,14:00,JUST A STAR DÍJ,7058,Great Cole TG,1,6.,4.3,0
18097,2024-05-11,14:00,JUST A STAR DÍJ,7080,Endless Love,2,gal.,3.2,0
18101,2024-05-11,14:30,HUNTER STAR HENDIKEP,6535,Kokomo Harley,7,I.,7.5,0
18101,2024-05-11,14:30,HUNTER STAR HENDIKEP,4945,Trencsén,9,II.,3.3,0
18101,2024-05-11,14:30,HUNTER STAR HENDIKEP,6107,Andy Baby,6,III.,3.0,0
18101,2024-05-11,14:30,HUNTER STAR HENDIKEP,5795,Zara Mia,8,IV.,2.5,0
18101,2024-05-11,14:30,HUNTER STAR HENDIKEP,6546,Count Basie AT,2,V.,10.4,0
18101,2024-05-11,14:30,HUNTER STAR HENDIKEP,6877,Petra La Roque,1,6.,20.1,0
18101,2024-05-11,14:30,HUNTER STAR HENDIKEP,5536,Winner Boy,4,7.,10.4,0
18101,2024-05-11,14:30,HUNTER STAR HENDIKEP,4576,Salihamidzic,3,8.,22.8,0
18101,2024-05-11,14:30,HUNTER STAR HENDIKEP,6062,Best Boy,5,9.,35.9,0
18102,2024-05-11,15:00,2024. ÉVI KINCSEM PARK KUPA III. FUTAMA HENDIKEP,6305,Csikós,8,I.,11.6,0
18102,2024-05-11,15:00,2024. ÉVI KINCSEM PARK KUPA III. FUTAMA HENDIKEP,5228,Uptown Boy M,10,II.,2.5,0
18102,2024-05-11,15:00,2024. ÉVI KINCSEM PARK KUPA III. FUTAMA HENDIKEP,6386,Csillagfény R.,12,III.,3.7,0
18102,2024-05-11,15:00,2024. ÉVI KINCSEM PARK KUPA III. FUTAMA HENDIKEP,5962,Zénó Boko,4,IV.,15.5,0
18102,2024-05-11,15:00,2024. ÉVI KINCSEM PARK KUPA III. FUTAMA HENDIKEP,5960,Ann Bella M,9,V.,7.4,0
18102,2024-05-11,15:00,2024. ÉVI KINCSEM PARK KUPA III. FUTAMA HENDIKEP,6307,Csípkedd Magad!,6,6.,6.2,0
18102,2024-05-11,15:00,2024. ÉVI KINCSEM PARK KUPA III. FUTAMA HENDIKEP,6021,Anna,11,7.,37.4,0
18102,2024-05-11,15:00,2024. ÉVI KINCSEM PARK KUPA III. FUTAMA HENDIKEP,5504,Vakarcs RG,7,8.,12.4,0
18102,2024-05-11,15:00,2024. ÉVI KINCSEM PARK KUPA III. FUTAMA HENDIKEP,6358,Calvin,2,9.,46.7,0
18102,2024-05-11,15:00,2024. ÉVI KINCSEM PARK KUPA III. FUTAMA HENDIKEP,5894,Apollo Creed,5,10.,9.8,0
18102,2024-05-11,15:00,2024. ÉVI KINCSEM PARK KUPA III. FUTAMA HENDIKEP,5700,Vezér,3,11.,37.4,0
18102,2024-05-11,15:00,2024. ÉVI KINCSEM PARK KUPA III. FUTAMA HENDIKEP,5724,Zero di Jesolo,1,12táv.,9.3,0
18095,2024-05-11,15:35,NYERETLENEK VERSENYE - IZZY STAR DÍJ I. RÉSZ,7127,Francesca,4,I.,4.9,0
18095,2024-05-11,15:35,NYERETLENEK VERSENYE - IZZY STAR DÍJ I. RÉSZ,7136,First Home,7,II.,5.3,0
18095,2024-05-11,15:35,NYERETLENEK VERSENYE - IZZY STAR DÍJ I. RÉSZ,6922,Follow the Flow,9,III.,3.6,0
18095,2024-05-11,15:35,NYERETLENEK VERSENYE - IZZY STAR DÍJ I. RÉSZ,6960,Fantom KE,2,IV.,29.0,0
18095,2024-05-11,15:35,NYERETLENEK VERSENYE - IZZY STAR DÍJ I. RÉSZ,7053,Fabio,3,V.,4.7,0
18095,2024-05-11,15:35,NYERETLENEK VERSENYE - IZZY STAR DÍJ I. RÉSZ,6991,Falcon VT,8,6.,10.1,0
18095,2024-05-11,15:35,NYERETLENEK VERSENYE - IZZY STAR DÍJ I. RÉSZ,7140,Fashion Noble BD,1,7.,7.8,0
18095,2024-05-11,15:35,NYERETLENEK VERSENYE - IZZY STAR DÍJ I. RÉSZ,6932,Miro LV,5,8.,6.7,0
18095,2024-05-11,15:35,NYERETLENEK VERSENYE - IZZY STAR DÍJ I. RÉSZ,7000,Fantastic Dream BD,6,9.,5.3,0
18100,2024-05-11,16:03,GLAMOUR STAR HENDIKEP,5907,Always Winner,2,I.,4.8,0
18100,2024-05-11,16:03,GLAMOUR STAR HENDIKEP,4942,Bezique Va Bene,3,II.,4.4,0
18100,2024-05-11,16:03,GLAMOUR STAR HENDIKEP,6071,Bellini Fling,6,III.,12.4,0
18100,2024-05-11,16:03,GLAMOUR STAR HENDIKEP,6679,Inforgettable,8,IV.,4.3,0
18100,2024-05-11,16:03,GLAMOUR STAR HENDIKEP,6213,Farinelli,4,V.,16.9,0
18100,2024-05-11,16:03,GLAMOUR STAR HENDIKEP,6572,Del Piero,5,6.,7.3,0
18100,2024-05-11,16:03,GLAMOUR STAR HENDIKEP,4477,Reménység,7,7.,5.1,0
18100,2024-05-11,16:03,GLAMOUR STAR HENDIKEP,6336,Allegro Barbaro,1,8.,33.8,0
18100,2024-05-11,16:03,GLAMOUR STAR HENDIKEP,6782,Downtown Girl M,9,gal.,3.2,0
18099,2024-05-11,16:35,CORAL STAR DÍJ,5906,Anybody,5,I.,8.9,0
18099,2024-05-11,16:35,CORAL STAR DÍJ,7139,Dallas Dei Greppi,8,II.,4.7,0
18099,2024-05-11,16:35,CORAL STAR DÍJ,6072,Bobby Fischer,7,III.,11.9,0
18099,2024-05-11,16:35,CORAL STAR DÍJ,6316,Casino Royale,2,IV.,8.2,0
18099,2024-05-11,16:35,CORAL STAR DÍJ,6023,Acélos Fiú,6,V.,12.6,0
18099,2024-05-11,16:35,CORAL STAR DÍJ,5564,Valentino,3,6.,8.9,0
18099,2024-05-11,16:35,CORAL STAR DÍJ,7147,Cupido GSO,4,7.,9.7,0
18099,2024-05-11,16:35,CORAL STAR DÍJ,6712,Street Genius,1,gal.,3.0,0
18099,2024-05-11,16:35,CORAL STAR DÍJ,6776,Premal MS,9,gal.,3.1,0
18096,2024-05-11,17:05,NYERETLENEK VERSENYE - IZZY STAR DÍJ II. RÉSZ,7097,Fortuna Ville,3,I.,2.9,0
18096,2024-05-11,17:05,NYERETLENEK VERSENYE - IZZY STAR DÍJ II. RÉSZ,7054,Fánia BD,2,II.,8.0,0
18096,2024-05-11,17:05,NYERETLENEK VERSENYE - IZZY STAR DÍJ II. RÉSZ,6936,Aaron LV,6,III.,7.8,0
18096,2024-05-11,17:05,NYERETLENEK VERSENYE - IZZY STAR DÍJ II. RÉSZ,7115,Electra N,5,IV.,3.4,0
18096,2024-05-11,17:05,NYERETLENEK VERSENYE - IZZY STAR DÍJ II. RÉSZ,7035,Firkó,7,V.,6.0,0
18096,2024-05-11,17:05,NYERETLENEK VERSENYE - IZZY STAR DÍJ II. RÉSZ,7111,Emoji,4,6.,14.0,0
18096,2024-05-11,17:05,NYERETLENEK VERSENYE - IZZY STAR DÍJ II. RÉSZ,7088,Faella BD,1,7.,10.6,0
18096,2024-05-11,17:05,NYERETLENEK VERSENYE - IZZY STAR DÍJ II. RÉSZ,6962,Flinga VT,8,gal.,3.8,0
18098,2024-05-11,17:35,JACKPOT STAR DÍJ,6787,Domperidon,6,I.,15.6,0
18098,2024-05-11,17:35,JACKPOT STAR DÍJ,6899,Eunike T Boko,5,II.,2.0,0
18098,2024-05-11,17:35,JACKPOT STAR DÍJ,6703,Etalon N,1,III.,,0
18098,2024-05-11,17:35,JACKPOT STAR DÍJ,6302,Cherie Bella M,7,IV.,4.2,0
18098,2024-05-11,17:35,JACKPOT STAR DÍJ,6704,Emerald,3,V.,3.0,0
18098,2024-05-11,17:35,JACKPOT STAR DÍJ,6749,Diana Krall AT,8,6.,17.8,0
18098,2024-05-11,17:35,JACKPOT STAR DÍJ,6898,Euzébió,4,7.,12.6,0
18098,2024-05-11,17:35,JACKPOT STAR DÍJ,6698,Easy Bet,2,8.,8.1,0
18098,2024-05-11,17:35,JACKPOT STAR DÍJ,6299,Beyond The Limits,9,9.,10.8,0
18082,2024-05-04,13:15,Q11 KVALIFIKÁCIÓ,7097,Fortuna Ville,3,1.,,1
18082,2024-05-04,13:15,Q11 KVALIFIKÁCIÓ,7127,Francesca,4,2.,,0
18082,2024-05-04,13:15,Q11 KVALIFIKÁCIÓ,6057,Bitangjó,5,3.,,0
18082,2024-05-04,13:15,Q11 KVALIFIKÁCIÓ,7088,Faella BD,1,4.,,0
18083,2024-05-04,13:31,PRÓBAFUTAM,6113,Borutka,2,1.,,1
18083,2024-05-04,13:31,PRÓBAFUTAM,6701,Durcás Lányka,1,gal.,,0
18089,2024-05-04,14:00,PRESTIGE MAGÁN AMBULANCIA DÍJA - DŐRE HENDIKEP,5856,Donia d'Aunay,3,I.,,0
18089,2024-05-04,14:00,PRESTIGE MAGÁN AMBULANCIA DÍJA - DŐRE HENDIKEP,5984,Angelina Jolie,2,II.,,0
18089,2024-05-04,14:00,PRESTIGE MAGÁN AMBULANCIA DÍJA - DŐRE HENDIKEP,5907,Always Winner,5,III.,,0
18089,2024-05-04,14:00,PRESTIGE MAGÁN AMBULANCIA DÍJA - DŐRE HENDIKEP,6131,Bulibáró,6,IV.,,0
18089,2024-05-04,14:00,PRESTIGE MAGÁN AMBULANCIA DÍJA - DŐRE HENDIKEP,6358,Calvin,1,V.,,0
18089,2024-05-04,14:00,PRESTIGE MAGÁN AMBULANCIA DÍJA - DŐRE HENDIKEP,5730,Magic Bucks,4,6.,,0
18090,2024-05-04,14:30,LANDLORD HENDIKEP,6305,Csikós,2,I.,5.2,0
18090,2024-05-04,14:30,LANDLORD HENDIKEP,5795,Zara Mia,11,II.,3.7,0
18090,2024-05-04,14:30,LANDLORD HENDIKEP,6475,Discovery LW,8,III.,21.9,0
18090,2024-05-04,14:30,LANDLORD HENDIKEP,6307,Csípkedd Magad!,10,IV.,19.2,0
18090,2024-05-04,14:30,LANDLORD HENDIKEP,6506,Charlie's World,9,V.,3.5,0
18090,2024-05-04,14:30,LANDLORD HENDIKEP,6330,Che Comandante,3,6.,11.3,0
18090,2024-05-04,14:30,LANDLORD HENDIKEP,6328,Credit Card,4,7.,4.0,0
18090,2024-05-04,14:30,LANDLORD HENDIKEP,6262,Bronz Boy,7,8.,6.5,0
18090,2024-05-04,14:30,LANDLORD HENDIKEP,6024,Antónia Schwim,5,9.,18.0,0
18090,2024-05-04,14:30,LANDLORD HENDIKEP,5721,Zippy Boy,6,10.,19.2,0
18090,2024-05-04,14:30,LANDLORD HENDIKEP,6695,Ékszer K,1,11.,23.6,0
18088,2024-05-04,15:00,MATUCZA LAJOS EMLÉKVERSENY,6901,Eastwood,1,I.,15.9,0
18088,2024-05-04,15:00,MATUCZA LAJOS EMLÉKVERSENY,6853,Éjjeli Hölgy,5,II.,1.6,0
18088,2024-05-04,15:00,MATUCZA LAJOS EMLÉKVERSENY,6620,Nelstrong,6,III.,3.2,0
18088,2024-05-04,15:00,MATUCZA LAJOS EMLÉKVERSENY,6308,Csábító R.,8,IV.,3.9,0
18088,2024-05-04,15:00,MATUCZA LAJOS EMLÉKVERSENY,6003,Ambrosia Gielle,4,V.,59.4,0
18088,2024-05-04,15:00,MATUCZA LAJOS EMLÉKVERSENY,5536,Winner Boy,7,6.,43.5,0
18088,2024-05-04,15:00,MATUCZA LAJOS EMLÉKVERSENY,6459,Diamond Ville,9,7.,65.3,0
18088,2024-05-04,15:00,MATUCZA LAJOS EMLÉKVERSENY,6471,Dynamo,2,8.,17.4,0
18088,2024-05-04,15:00,MATUCZA LAJOS EMLÉKVERSENY,6843,Dalia OZT,3,gal.,8.4,0
18086,2024-05-04,15:44,MAGYAR POSTA - TIMOTEO DÍJ,7081,Fancy,6,I.,2.0,0
18086,2024-05-04,15:44,MAGYAR POSTA - TIMOTEO DÍJ,7115,Electra N,2,II.,9.0,0
18086,2024-05-04,15:44,MAGYAR POSTA - TIMOTEO DÍJ,7136,First Home,1,III.,7.7,0
18086,2024-05-04,15:44,MAGYAR POSTA - TIMOTEO DÍJ,6943,Elizabeth Boss,3,IV.,3.5,0
18086,2024-05-04,15:44,MAGYAR POSTA - TIMOTEO DÍJ,6995,Fany,5,V.,12.0,0
18086,2024-05-04,15:44,MAGYAR POSTA - TIMOTEO DÍJ,7058,Great Cole TG,4,tü.,2.6,0
18087,2024-05-04,16:12,SPARTAKUS ANS DÍJ,6778,Dancing Lady,9,I.,3.2,0
18087,2024-05-04,16:12,SPARTAKUS ANS DÍJ,6934,Zaira LV,7,II.,3.3,0
18087,2024-05-04,16:12,SPARTAKUS ANS DÍJ,6657,Dreamer,8,III.,4.4,0
18087,2024-05-04,16:12,SPARTAKUS ANS DÍJ,6691,Elizeus LIW,1,IV.,10.2,0
18087,2024-05-04,16:12,SPARTAKUS ANS DÍJ,6738,Eurydice,4,V.,7.8,0
18087,2024-05-04,16:12,SPARTAKUS ANS DÍJ,6919,Fermina Daza,2,6.,6.8,0
18087,2024-05-04,16:12,SPARTAKUS ANS DÍJ,6702,Ezigen,5,7.,11.0,0
18087,2024-05-04,16:12,SPARTAKUS ANS DÍJ,6799,Exclusive Fox,6,8.,10.7,0
18087,2024-05-04,16:12,SPARTAKUS ANS DÍJ,6953,Eposz,10,9.,22.6,0
18087,2024-05-04,16:12,SPARTAKUS ANS DÍJ,6692,Excellence,3,gal.,25.2,0
18084,2024-05-04,16:41,KINCSEM+ TUTI - FERGE LÁSZLÓ EMLÉKVERSENY,6916,Freya T Boko,4,I.,8.4,0
18084,2024-05-04,16:41,KINCSEM+ TUTI - FERGE LÁSZLÓ EMLÉKVERSENY,7001,Fárosz,6,II.,5.6,0
18084,2024-05-04,16:41,KINCSEM+ TUTI - FERGE LÁSZLÓ EMLÉKVERSENY,6928,Fenegyerek,2,III.,4.7,0
18084,2024-05-04,16:41,KINCSEM+ TUTI - FERGE LÁSZLÓ EMLÉKVERSENY,6965,Felhők felett,1,IV.,17.5,0
18084,2024-05-04,16:41,KINCSEM+ TUTI - FERGE LÁSZLÓ EMLÉKVERSENY,6920,Fliegauf,3,V.,1.6,0
18084,2024-05-04,16:41,KINCSEM+ TUTI - FERGE LÁSZLÓ EMLÉKVERSENY,6987,Fabrice,7,6.,11.4,0
18084,2024-05-04,16:41,KINCSEM+ TUTI - FERGE LÁSZLÓ EMLÉKVERSENY,6984,Fatiqué de je t'aime,5,7.,4.8,0
18091,2024-05-04,17:15,CLAES-L. LJUNG EMLÉKVERSENY - AMATŐRVERSENY HENDIKEP,5570,Villeneuve,5,I.,2.0,0
18091,2024-05-04,17:15,CLAES-L. LJUNG EMLÉKVERSENY - AMATŐRVERSENY HENDIKEP,6525,Big Ben Pax,4,II.,3.0,0
18091,2024-05-04,17:15,CLAES-L. LJUNG EMLÉKVERSENY - AMATŐRVERSENY HENDIKEP,6302,Cherie Bella M,6,III.,10.5,0
18091,2024-05-04,17:15,CLAES-L. LJUNG EMLÉKVERSENY - AMATŐRVERSENY HENDIKEP,5308,Gigant Wings,7,IV.,10.0,0
18091,2024-05-04,17:15,CLAES-L. LJUNG EMLÉKVERSENY - AMATŐRVERSENY HENDIKEP,6679,Inforgettable,3,V.,16.4,0
18091,2024-05-04,17:15,CLAES-L. LJUNG EMLÉKVERSENY - AMATŐRVERSENY HENDIKEP,5962,Zénó Boko,2,6.,2.7,0
18091,2024-05-04,17:15,CLAES-L. LJUNG EMLÉKVERSENY - AMATŐRVERSENY HENDIKEP,6071,Bellini Fling,1,gal.,25.5,0
18085,2024-05-04,17:46,TIPPMIX - DR. BOROSTYÁNKŐY TAMÁS EMLÉKVERSENY,6712,Street Genius,2,I.,5.0,0
18085,2024-05-04,17:46,TIPPMIX - DR. BOROSTYÁNKŐY TAMÁS EMLÉKVERSENY,6355,Coach Degli Dei,3,II.,1.6,0
18085,2024-05-04,17:46,TIPPMIX - DR. BOROSTYÁNKŐY TAMÁS EMLÉKVERSENY,6855,Eternity Bar,1,III.,8.0,0
18085,2024-05-04,17:46,TIPPMIX - DR. BOROSTYÁNKŐY TAMÁS EMLÉKVERSENY,6954,Palace Bo,7,IV.,24.5,0
18085,2024-05-04,17:46,TIPPMIX - DR. BOROSTYÁNKŐY TAMÁS EMLÉKVERSENY,6976,Duc de Connee,8,V.,3.4,0
18085,2024-05-04,17:46,TIPPMIX - DR. BOROSTYÁNKŐY TAMÁS EMLÉKVERSENY,6780,Eternal Flame,5,6.,17.6,0
18085,2024-05-04,17:46,TIPPMIX - DR. BOROSTYÁNKŐY TAMÁS EMLÉKVERSENY,6776,Premal MS,4,gal.,6.8,0
18085,2024-05-04,17:46,TIPPMIX - DR. BOROSTYÁNKŐY TAMÁS EMLÉKVERSENY,6470,Devoted,6,gal.,55.1,0
18092,2024-05-04,18:25,CONWAY BOKO HENDIKEP,5725,Zente,10,I.,3.2,0
18092,2024-05-04,18:25,CONWAY BOKO HENDIKEP,6121,Farya BD,6,II.,2.9,0
18092,2024-05-04,18:25,CONWAY BOKO HENDIKEP,5707,Zlatan LIW,8,III.,7.1,0
18092,2024-05-04,18:25,CONWAY BOKO HENDIKEP,6805,Guiness des Fanes,4,IV.,31.4,0
18092,2024-05-04,18:25,CONWAY BOKO HENDIKEP,6749,Diana Krall AT,2,V.,33.8,0
18092,2024-05-04,18:25,CONWAY BOKO HENDIKEP,5531,Very Nice Photo,7,6.,4.6,0
18092,2024-05-04,18:25,CONWAY BOKO HENDIKEP,6018,Bonus RG,1,7.,55.0,0
18092,2024-05-04,18:25,CONWAY BOKO HENDIKEP,6342,Carlos Fox,11,8.,14.2,0
18092,2024-05-04,18:25,CONWAY BOKO HENDIKEP,6472,Dumbledore,9,9.,6.1,0
18092,2024-05-04,18:25,CONWAY BOKO HENDIKEP,6052,Auróra,3,10.,19.1,0
18092,2024-05-04,18:25,CONWAY BOKO HENDIKEP,6770,Top of Climb,5,11.,10.0,0
18073,2024-04-20,13:10,Q10 KVALIFIKÁCIÓ,7054,Fánia BD,2,1.,,1
18073,2024-04-20,13:10,Q10 KVALIFIKÁCIÓ,7053,Fabio,1,2.,,0
18073,2024-04-20,13:10,Q10 KVALIFIKÁCIÓ,6952,Fifty-Fifty,3,3.,,0
18074,2024-04-20,13:34,PRÓBAFUTAM,6929,Fendi,1,1.,,1
18074,2024-04-20,13:34,PRÓBAFUTAM,6303,CR-Seven,3,2.,,0
18074,2024-04-20,13:34,PRÓBAFUTAM,6701,Durcás Lányka,2,gal.,,0
18071,2024-04-20,14:00,NYERETLEN HÁROMÉVESEK VERSENYE I. RÉSZ,7058,Great Cole TG,8,I.,29.2,0
18071,2024-04-20,14:00,NYERETLEN HÁROMÉVESEK VERSENYE I. RÉSZ,6936,Aaron LV,5,II.,14.6,0
18071,2024-04-20,14:00,NYERETLEN HÁROMÉVESEK VERSENYE I. RÉSZ,6922,Follow the Flow,7,III.,1.2,0
18071,2024-04-20,14:00,NYERETLEN HÁROMÉVESEK VERSENYE I. RÉSZ,6992,Finiselj!,6,IV.,4.8,0
18071,2024-04-20,14:00,NYERETLEN HÁROMÉVESEK VERSENYE I. RÉSZ,6991,Falcon VT,4,V.,7.3,0
18071,2024-04-20,14:00,NYERETLEN HÁROMÉVESEK VERSENYE I. RÉSZ,7140,Fashion Noble BD,2,6.,9.7,0
18071,2024-04-20,14:00,NYERETLEN HÁROMÉVESEK VERSENYE I. RÉSZ,6983,Fondorlat,3,7.,7.3,0
18071,2024-04-20,14:00,NYERETLEN HÁROMÉVESEK VERSENYE I. RÉSZ,7086,Fakta,1,gal.,,0
18079,2024-04-20,14:30,AMATŐRVERSENY HENDIKEP,6153,Bing Crosby AT,2,I.,9.0,0
18079,2024-04-20,14:30,AMATŐRVERSENY HENDIKEP,6525,Big Ben Pax,6,II.,1.5,0
18079,2024-04-20,14:30,AMATŐRVERSENY HENDIKEP,5748,Zoom Photo,3,III.,30.2,0
18079,2024-04-20,14:30,AMATŐRVERSENY HENDIKEP,6051,Briliáns BD,7,IV.,7.7,0
18079,2024-04-20,14:30,AMATŐRVERSENY HENDIKEP,5872,Zaharova M,5,V.,60.5,0
18079,2024-04-20,14:30,AMATŐRVERSENY HENDIKEP,5724,Zero di Jesolo,1,6.,30.2,0
18079,2024-04-20,14:30,AMATŐRVERSENY HENDIKEP,5325,Ultimate Force,4,gal.,3.5,0
18079,2024-04-20,14:30,AMATŐRVERSENY HENDIKEP,6047,Baraka SS,8,gal.,4.9,0
18079,2024-04-20,14:30,AMATŐRVERSENY HENDIKEP,5227,Urban Legend,9,gal.,30.2,0
18072,2024-04-20,15:00,NYERETLEN HÁROMÉVESEK VERSENYE II. RÉSZ,7094,Full Speed,5,I.,1.9,0
18072,2024-04-20,15:00,NYERETLEN HÁROMÉVESEK VERSENYE II. RÉSZ,7034,Formula,8,II.,7.7,0
18072,2024-04-20,15:00,NYERETLEN HÁROMÉVESEK VERSENYE II. RÉSZ,7035,Firkó,6,III.,3.2,0
18072,2024-04-20,15:00,NYERETLEN HÁROMÉVESEK VERSENYE II. RÉSZ,6982,Farkasfog,1,IV.,7.1,0
18072,2024-04-20,15:00,NYERETLEN HÁROMÉVESEK VERSENYE II. RÉSZ,6932,Miro LV,3,V.,14.2,0
18072,2024-04-20,15:00,NYERETLEN HÁROMÉVESEK VERSENYE II. RÉSZ,6960,Fantom KE,7,6.,21.4,0
18072,2024-04-20,15:00,NYERETLEN HÁROMÉVESEK VERSENYE II. RÉSZ,7136,First Home,2,gal.,14.2,0
18072,2024-04-20,15:00,NYERETLEN HÁROMÉVESEK VERSENYE II. RÉSZ,7000,Fantastic Dream BD,4,gal.,4.7,0
18080,2024-04-20,15:30,DETEKTOR HENDIKEP,6121,Farya BD,9,I.,1.6,0
18080,2024-04-20,15:30,DETEKTOR HENDIKEP,5270,Une Dame,7,II.,25.6,0
18080,2024-04-20,15:30,DETEKTOR HENDIKEP,5536,Winner Boy,2,III.,34.2,0
18080,2024-04-20,15:30,DETEKTOR HENDIKEP,6107,Andy Baby,4,IV.,4.4,0
18080,2024-04-20,15:30,DETEKTOR HENDIKEP,5955,Atom Maki,3,V.,17.1,0
18080,2024-04-20,15:30,DETEKTOR HENDIKEP,4945,Trencsén,5,6.,12.8,0
18080,2024-04-20,15:30,DETEKTOR HENDIKEP,3754,Philadelphia,1,7.,12.8,0
18080,2024-04-20,15:30,DETEKTOR HENDIKEP,6340,Cunami,8,8.,3.3,0
18080,2024-04-20,15:30,DETEKTOR HENDIKEP,6018,Bonus RG,6,9.,20.5,0
18078,2024-04-20,16:00,COUSINE HENDIKEP,6438,Danny DeVito,7,I.,2.2,0
18078,2024-04-20,16:00,COUSINE HENDIKEP,5907,Always Winner,4,II.,5.4,0
18078,2024-04-20,16:00,COUSINE HENDIKEP,5990,Aranyérem M,6,III.,70.7,0
18078,2024-04-20,16:00,COUSINE HENDIKEP,6378,Chesterfield,3,IV.,3.9,0
18078,2024-04-20,16:00,COUSINE HENDIKEP,6131,Bulibáró,8,V.,11.7,0
18078,2024-04-20,16:00,COUSINE HENDIKEP,6336,Allegro Barbaro,1,6.,23.5,0
18078,2024-04-20,16:00,COUSINE HENDIKEP,6779,Elton John A.T.,5,7.,14.1,0
18078,2024-04-20,16:00,COUSINE HENDIKEP,6358,Calvin,2,gal.,2.7,0
18076,2024-04-20,16:30,DICSŐ DÍJ,6899,Eunike T Boko,8,I.,1.9,0
18076,2024-04-20,16:30,DICSŐ DÍJ,6507,Despasito,7,II.,9.9,0
18076,2024-04-20,16:30,DICSŐ DÍJ,6697,Erzsébet Királynő,6,III.,6.1,0
18076,2024-04-20,16:30,DICSŐ DÍJ,6703,Etalon N,10,IV.,13.2,0
18076,2024-04-20,16:30,DICSŐ DÍJ,6878,Éden Evo,4,V.,2.4,0
18076,2024-04-20,16:30,DICSŐ DÍJ,6861,Emeli Sandé A.T.,5,6.,19.8,0
18076,2024-04-20,16:30,DICSŐ DÍJ,6696,Édes K,3,7.,9.9,0
18076,2024-04-20,16:30,DICSŐ DÍJ,6702,Ezigen,1,8.,,0
18076,2024-04-20,16:30,DICSŐ DÍJ,6909,Treue,2,9táv.,15.9,0
18075,2024-04-20,17:00,DELMAR DÍJ,6920,Fliegauf,1,I.,1.2,0
18075,2024-04-20,17:00,DELMAR DÍJ,6928,Fenegyerek,4,II.,14.1,0
18075,2024-04-20,17:00,DELMAR DÍJ,6919,Fermina Daza,6,III.,14.1,0
18075,2024-04-20,17:00,DELMAR DÍJ,6751,Emilio Family,2,IV.,5.6,0
18075,2024-04-20,17:00,DELMAR DÍJ,7080,Endless Love,5,V.,3.5,0
18075,2024-04-20,17:00,DELMAR DÍJ,6999,First Lady KJ,7,6.,28.2,0
18075,2024-04-20,17:00,DELMAR DÍJ,6881,Everton,3,gal.,28.2,0
18077,2024-04-20,17:30,CITY DÍJ,6855,Eternity Bar,6,I.,6.8,0
18077,2024-04-20,17:30,CITY DÍJ,6787,Domperidon,3,II.,8.5,0
18077,2024-04-20,17:30,CITY DÍJ,6441,Diána Gull,9,III.,6.2,0
18077,2024-04-20,17:30,CITY DÍJ,6853,Éjjeli Hölgy,7,IV.,1.3,0
18077,2024-04-20,17:30,CITY DÍJ,6076,Breeze Up,5,V.,34.3,0
18077,2024-04-20,17:30,CITY DÍJ,6472,Dumbledore,8,6.,22.8,0
18077,2024-04-20,17:30,CITY DÍJ,6572,Del Piero,1,7.,11.4,0
18077,2024-04-20,17:30,CITY DÍJ,6854,Elegáns Hölgy,2,gal.,22.8,0
18077,2024-04-20,17:30,CITY DÍJ,6901,Eastwood,4,gal.,11.4,0
18081,2024-04-20,18:00,CSÍNOM PALKÓ HENDIKEP,6316,Casino Royale,6,I.,1.5,0
18081,2024-04-20,18:00,CSÍNOM PALKÓ HENDIKEP,6068,Balerina R.,7,II.,8.9,0
18081,2024-04-20,18:00,CSÍNOM PALKÓ HENDIKEP,6805,Guiness des Fanes,5,III.,3.5,0
18081,2024-04-20,18:00,CSÍNOM PALKÓ HENDIKEP,5504,Vakarcs RG,2,IV.,8.2,0
18081,2024-04-20,18:00,CSÍNOM PALKÓ HENDIKEP,5540,Velence R.,4,V.,13.4,0
18081,2024-04-20,18:00,CSÍNOM PALKÓ HENDIKEP,6052,Auróra,3,6.,26.8,0
18081,2024-04-20,18:00,CSÍNOM PALKÓ HENDIKEP,5610,Winoc SB,1,7.,107.4,0
18081,2024-04-20,18:00,CSÍNOM PALKÓ HENDIKEP,6366,Celerina Boss,8,gal.,4.8,0
18060,2024-04-13,13:10,Q9 KVALIFIKÁCIÓ,6983,Fondorlat,1,1.,,1
18061,2024-04-13,13:30,PRÓBAFUTAM,6702,Ezigen,1,1.,,1
18061,2024-04-13,13:30,PRÓBAFUTAM,6299,Beyond The Limits,2,2.,,0
18061,2024-04-13,13:30,PRÓBAFUTAM,6932,Miro LV,3,3.,,0
18063,2024-04-13,14:00,NYERETLENEK VERSENYE,6927,Fast Track,6,I.,2.4,0
18063,2024-04-13,14:00,NYERETLENEK VERSENYE,6706,Eperke,7,II.,3.4,0
18063,2024-04-13,14:00,NYERETLENEK VERSENYE,6992,Finiselj!,1,III.,12.2,0
18063,2024-04-13,14:00,NYERETLENEK VERSENYE,7000,Fantastic Dream BD,3,IV.,,0
18063,2024-04-13,14:00,NYERETLENEK VERSENYE,6981,Evita Meerswal,8,V.,8.1,0
18063,2024-04-13,14:00,NYERETLENEK VERSENYE,6941,Elektron R.,4,6.,2.0,0
18063,2024-04-13,14:00,NYERETLENEK VERSENYE,6995,Fany,5,7.,12.2,0
18063,2024-04-13,14:00,NYERETLENEK VERSENYE,7086,Fakta,2,gal.,,0
18065,2024-04-13,14:30,WHAT A MAN DÍJ,6731,Daytona Spav,8,I.,2.9,0
18065,2024-04-13,14:30,WHAT A MAN DÍJ,6704,Emerald,4,II.,28.2,0
18065,2024-04-13,14:30,WHAT A MAN DÍJ,6518,Lolly Pop,2,III.,8.0,0
18065,2024-04-13,14:30,WHAT A MAN DÍJ,6770,Top of Climb,3,IV.,5.1,0
18065,2024-04-13,14:30,WHAT A MAN DÍJ,7145,Family OZT,1,V.,18.8,0
18065,2024-04-13,14:30,WHAT A MAN DÍJ,6854,Elegáns Hölgy,6,gal.,3.7,0
18065,2024-04-13,14:30,WHAT A MAN DÍJ,6787,Domperidon,7,gal.,2.5,0
18065,2024-04-13,14:30,WHAT A MAN DÍJ,6987,Fabrice,5,disq.,14.1,0
18070,2024-04-13,15:01,UKIYA HENDIKEP,5725,Zente,4,I.,2.6,0
18070,2024-04-13,15:01,UKIYA HENDIKEP,5707,Zlatan LIW,6,II.,6.6,0
18070,2024-04-13,15:01,UKIYA HENDIKEP,5702,Zizitop,3,III.,10.5,0
18070,2024-04-13,15:01,UKIYA HENDIKEP,6360,Chip Chip Chip,5,IV.,4.5,0
18070,2024-04-13,15:01,UKIYA HENDIKEP,5228,Uptown Boy M,8,V.,11.4,0
18070,2024-04-13,15:01,UKIYA HENDIKEP,5962,Zénó Boko,1,6.,21.0,0
18070,2024-04-13,15:01,UKIYA HENDIKEP,6749,Diana Krall AT,2,7.,14.0,0
18070,2024-04-13,15:01,UKIYA HENDIKEP,6163,Bombay,9,8.,10.5,0
18070,2024-04-13,15:01,UKIYA HENDIKEP,6228,Creatine,7,9.,3.0,0
18067,2024-04-13,15:30,TAYLOR BOKO HENDIKEP,4968,Titus Livius,1,I.,7.8,0
18067,2024-04-13,15:30,TAYLOR BOKO HENDIKEP,6782,Downtown Girl M,4,II.,5.4,0
18067,2024-04-13,15:30,TAYLOR BOKO HENDIKEP,4942,Bezique Va Bene,2,III.,4.7,0
18067,2024-04-13,15:30,TAYLOR BOKO HENDIKEP,6024,Antónia Schwim,3,IV.,5.8,0
18067,2024-04-13,15:30,TAYLOR BOKO HENDIKEP,6330,Che Comandante,5,V.,10.1,0
18067,2024-04-13,15:30,TAYLOR BOKO HENDIKEP,6695,Ékszer K,8,6.,14.1,0
18067,2024-04-13,15:30,TAYLOR BOKO HENDIKEP,6460,Dezmin Lady,6,7.,17.6,0
18067,2024-04-13,15:30,TAYLOR BOKO HENDIKEP,6213,Farinelli,9,8.,11.7,0
18067,2024-04-13,15:30,TAYLOR BOKO HENDIKEP,6305,Csikós,7,tü.,2.1,0
18064,2024-04-13,16:00,RINETTE STREAMLINE DÍJ,6906,Libera DW,8,I.,1.9,0
18064,2024-04-13,16:00,RINETTE STREAMLINE DÍJ,6778,Dancing Lady,5,II.,1.9,0
18064,2024-04-13,16:00,RINETTE STREAMLINE DÍJ,6973,Edoardo Ama,4,III.,9.8,0
18064,2024-04-13,16:00,RINETTE STREAMLINE DÍJ,7001,Fárosz,6,IV.,12.6,0
18064,2024-04-13,16:00,RINETTE STREAMLINE DÍJ,6984,Fatiqué de je t'aime,3,V.,17.6,0
18064,2024-04-13,16:00,RINETTE STREAMLINE DÍJ,6738,Eurydice,2,6.,44.2,0
18064,2024-04-13,16:00,RINETTE STREAMLINE DÍJ,6692,Excellence,1,7.,12.6,0
18064,2024-04-13,16:00,RINETTE STREAMLINE DÍJ,6953,Eposz,7,8.,9.8,0
18066,2024-04-13,16:30,UNDERPAID HANOVER DÍJ,7121,Denalda Op,7,I.,7.5,0
18066,2024-04-13,16:30,UNDERPAID HANOVER DÍJ,6776,Premal MS,6,II.,4.2,0
18066,2024-04-13,16:30,UNDERPAID HANOVER DÍJ,6355,Coach Degli Dei,5,III.,2.9,0
18066,2024-04-13,16:30,UNDERPAID HANOVER DÍJ,6320,Bolide Laksmy,4,IV.,3.5,0
18066,2024-04-13,16:30,UNDERPAID HANOVER DÍJ,6780,Eternal Flame,9,V.,23.8,0
18066,2024-04-13,16:30,UNDERPAID HANOVER DÍJ,6165,Bűbájos,11,6.,10.2,0
18066,2024-04-13,16:30,UNDERPAID HANOVER DÍJ,5905,Adamo Fling,10,7.,47.6,0
18066,2024-04-13,16:30,UNDERPAID HANOVER DÍJ,6471,Dynamo,8,8.,20.4,0
18066,2024-04-13,16:30,UNDERPAID HANOVER DÍJ,6308,Csábító R.,1,gal.,10.9,0
18066,2024-04-13,16:30,UNDERPAID HANOVER DÍJ,6620,Nelstrong,2,gal.,9.5,0
18066,2024-04-13,16:30,UNDERPAID HANOVER DÍJ,6052,Auróra,3,gal.,14.2,0
18068,2024-04-13,17:00,MILLIONDOLLAR LUX HENDIKEP I. RÉSZ,5288,Usain,9,I.,3.0,0
18068,2024-04-13,17:00,MILLIONDOLLAR LUX HENDIKEP I. RÉSZ,6107,Andy Baby,6,II.,3.7,0
18068,2024-04-13,17:00,MILLIONDOLLAR LUX HENDIKEP I. RÉSZ,6343,Chicago,1,III.,11.2,0
18068,2024-04-13,17:00,MILLIONDOLLAR LUX HENDIKEP I. RÉSZ,6546,Count Basie AT,2,IV.,2.8,0
18068,2024-04-13,17:00,MILLIONDOLLAR LUX HENDIKEP I. RÉSZ,6679,Inforgettable,3,V.,39.4,0
18068,2024-04-13,17:00,MILLIONDOLLAR LUX HENDIKEP I. RÉSZ,5536,Winner Boy,7,6.,78.8,0
18068,2024-04-13,17:00,MILLIONDOLLAR LUX HENDIKEP I. RÉSZ,6788,Morena LV,4,7.,19.7,0
18068,2024-04-13,17:00,MILLIONDOLLAR LUX HENDIKEP I. RÉSZ,4576,Salihamidzic,8,8.,4.9,0
18068,2024-04-13,17:00,MILLIONDOLLAR LUX HENDIKEP I. RÉSZ,5250,Utódló,5,9.,7.1,0
18062,2024-04-13,17:30,PULAY KORNÉL EMLÉKVERSENY,6903,Cardenas Baba,5,I.,1.6,0
18062,2024-04-13,17:30,PULAY KORNÉL EMLÉKVERSENY,6300,Catania R.,1,II.,5.6,0
18062,2024-04-13,17:30,PULAY KORNÉL EMLÉKVERSENY,6318,Bonaparte Boss,2,III.,2.8,0
18062,2024-04-13,17:30,PULAY KORNÉL EMLÉKVERSENY,6409,Unno del Duomo,3,IV.,11.3,0
18062,2024-04-13,17:30,PULAY KORNÉL EMLÉKVERSENY,6712,Street Genius,8,V.,15.9,0
18062,2024-04-13,17:30,PULAY KORNÉL EMLÉKVERSENY,6954,Palace Bo,7,6.,16.7,0
18062,2024-04-13,17:30,PULAY KORNÉL EMLÉKVERSENY,6121,Farya BD,4,7.,66.8,0
18062,2024-04-13,17:30,PULAY KORNÉL EMLÉKVERSENY,7139,Dallas Dei Greppi,6,8.,10.5,0
18069,2024-04-13,18:00,MILLIONDOLLAR LUX HENDIKEP II. RÉSZ,5831,King's Call,4,I.,5.6,0
18069,2024-04-13,18:00,MILLIONDOLLAR LUX HENDIKEP II. RÉSZ,5960,Ann Bella M,8,II.,6.4,0
18069,2024-04-13,18:00,MILLIONDOLLAR LUX HENDIKEP II. RÉSZ,6302,Cherie Bella M,5,III.,3.7,0
18069,2024-04-13,18:00,MILLIONDOLLAR LUX HENDIKEP II. RÉSZ,6535,Kokomo Harley,6,IV.,8.9,0
18069,2024-04-13,18:00,MILLIONDOLLAR LUX HENDIKEP II. RÉSZ,5795,Zara Mia,2,V.,1.7,0
18069,2024-04-13,18:00,MILLIONDOLLAR LUX HENDIKEP II. RÉSZ,4477,Reménység,1,6.,22.4,0
18069,2024-04-13,18:00,MILLIONDOLLAR LUX HENDIKEP II. RÉSZ,6475,Discovery LW,3,gal.,22.4,0
18069,2024-04-13,18:00,MILLIONDOLLAR LUX HENDIKEP II. RÉSZ,5308,Gigant Wings,9,gal.,8.9,0
18051,2024-04-06,13:10,Q8 KVALIFIKÁCIÓ,6941,Elektron R.,4,1.,,1
18051,2024-04-06,13:10,Q8 KVALIFIKÁCIÓ,7055,Feeling Great BD,2,2.,,0
18051,2024-04-06,13:10,Q8 KVALIFIKÁCIÓ,7051,Fára Noble BD,1,3.,,0
18051,2024-04-06,13:10,Q8 KVALIFIKÁCIÓ,7136,First Home,3,4.,,0
18052,2024-04-06,13:30,PRÓBAFUTAM,6228,Creatine,5,1.,,1
18052,2024-04-06,13:30,PRÓBAFUTAM,6780,Eternal Flame,2,2.,,0
18052,2024-04-06,13:30,PRÓBAFUTAM,6704,Emerald,3,3.,,0
18052,2024-04-06,13:30,PRÓBAFUTAM,6953,Eposz,4,4.,,0
18052,2024-04-06,13:30,PRÓBAFUTAM,6987,Fabrice,1,5.,,0
18052,2024-04-06,13:30,PRÓBAFUTAM,5325,Ultimate Force,6,6.,,0
18055,2024-04-06,14:01,2024. ÉVI SEGÉDHAJTÓ KUPA II. FUTAMA DÍJ,6712,Street Genius,7,I.,4.2,0
18055,2024-04-06,14:01,2024. ÉVI SEGÉDHAJTÓ KUPA II. FUTAMA DÍJ,6864,In Love Danover,6,II.,4.7,0
18055,2024-04-06,14:01,2024. ÉVI SEGÉDHAJTÓ KUPA II. FUTAMA DÍJ,6386,Csillagfény R.,8,III.,2.0,0
18055,2024-04-06,14:01,2024. ÉVI SEGÉDHAJTÓ KUPA II. FUTAMA DÍJ,6506,Charlie's World,5,IV.,4.7,0
18055,2024-04-06,14:01,2024. ÉVI SEGÉDHAJTÓ KUPA II. FUTAMA DÍJ,6076,Breeze Up,4,V.,62.3,0
18055,2024-04-06,14:01,2024. ÉVI SEGÉDHAJTÓ KUPA II. FUTAMA DÍJ,6051,Briliáns BD,3,6.,7.1,0
18055,2024-04-06,14:01,2024. ÉVI SEGÉDHAJTÓ KUPA II. FUTAMA DÍJ,6854,Elegáns Hölgy,1,7.,6.0,0
18053,2024-04-06,14:40,LIL DÍJ,7081,Fancy,4,I.,2.8,0
18053,2024-04-06,14:40,LIL DÍJ,6962,Flinga VT,5,II.,3.9,0
18053,2024-04-06,14:40,LIL DÍJ,7035,Firkó,3,III.,3.2,0
18053,2024-04-06,14:40,LIL DÍJ,7111,Emoji,1,IV.,23.7,0
18053,2024-04-06,14:40,LIL DÍJ,6943,Elizabeth Boss,6,gal.,2.3,0
18053,2024-04-06,14:40,LIL DÍJ,6999,First Lady KJ,7,gal.,10.7,0
18058,2024-04-06,15:10,NAPOLETANA HENDIKEP,6442,Dulcinea del Toboso,5,I.,6.6,0
18058,2024-04-06,15:10,NAPOLETANA HENDIKEP,5288,Usain,9,II.,5.0,0
18058,2024-04-06,15:10,NAPOLETANA HENDIKEP,6475,Discovery LW,7,III.,55.6,0
18058,2024-04-06,15:10,NAPOLETANA HENDIKEP,6071,Bellini Fling,6,IV.,23.1,0
18058,2024-04-06,15:10,NAPOLETANA HENDIKEP,6047,Baraka SS,4,V.,2.6,0
18058,2024-04-06,15:10,NAPOLETANA HENDIKEP,5955,Atom Maki,11,6.,18.5,0
18058,2024-04-06,15:10,NAPOLETANA HENDIKEP,6080,Boszi,2,7.,17.3,0
18058,2024-04-06,15:10,NAPOLETANA HENDIKEP,6307,Csípkedd Magad!,12,8.,19.8,0
18058,2024-04-06,15:10,NAPOLETANA HENDIKEP,6328,Credit Card,3,9.,5.9,0
18058,2024-04-06,15:10,NAPOLETANA HENDIKEP,4477,Reménység,8,10.,39.7,0
18058,2024-04-06,15:10,NAPOLETANA HENDIKEP,4576,Salihamidzic,10,11.,2.9,0
18059,2024-04-06,15:38,2024. ÉVI AMATŐR KUPA II. FUTAMA HENDIKEP,6514,El Valle Sagrado,7,I.,28.1,0
18059,2024-04-06,15:38,2024. ÉVI AMATŐR KUPA II. FUTAMA HENDIKEP,5725,Zente,10,II.,1.9,0
18059,2024-04-06,15:38,2024. ÉVI AMATŐR KUPA II. FUTAMA HENDIKEP,5228,Uptown Boy M,8,III.,5.2,0
18059,2024-04-06,15:38,2024. ÉVI AMATŐR KUPA II. FUTAMA HENDIKEP,5504,Vakarcs RG,4,IV.,22.5,0
18059,2024-04-06,15:38,2024. ÉVI AMATŐR KUPA II. FUTAMA HENDIKEP,5540,Velence R.,9,V.,18.7,0
18059,2024-04-06,15:38,2024. ÉVI AMATŐR KUPA II. FUTAMA HENDIKEP,5724,Zero di Jesolo,1,6.,112.5,0
18059,2024-04-06,15:38,2024. ÉVI AMATŐR KUPA II. FUTAMA HENDIKEP,6305,Csikós,2,7.,5.6,0
18059,2024-04-06,15:38,2024. ÉVI AMATŐR KUPA II. FUTAMA HENDIKEP,5308,Gigant Wings,5,8.,18.7,0
18059,2024-04-06,15:38,2024. ÉVI AMATŐR KUPA II. FUTAMA HENDIKEP,4945,Trencsén,6,9.,5.9,0
18059,2024-04-06,15:38,2024. ÉVI AMATŐR KUPA II. FUTAMA HENDIKEP,5894,Apollo Creed,3,disq.,4.5,0
18057,2024-04-06,16:06,LEPKE HENDIKEP,6262,Bronz Boy,6,I.,3.4,0
18057,2024-04-06,16:06,LEPKE HENDIKEP,4611,Pálinka,7,II.,3.4,0
18057,2024-04-06,16:06,LEPKE HENDIKEP,5856,Donia d'Aunay,4,III.,2.7,0
18057,2024-04-06,16:06,LEPKE HENDIKEP,5984,Angelina Jolie,2,IV.,2.7,0
18057,2024-04-06,16:06,LEPKE HENDIKEP,5990,Aranyérem M,3,V.,20.4,0
18057,2024-04-06,16:06,LEPKE HENDIKEP,6779,Elton John A.T.,5,6.,12.5,0
18057,2024-04-06,16:06,LEPKE HENDIKEP,6336,Allegro Barbaro,1,7.,40.8,0
18056,2024-04-06,16:34,NÁDOR DÍJ,6464,Dolomit Boy,6,I.,1.9,0
18056,2024-04-06,16:34,NÁDOR DÍJ,6023,Acélos Fiú,8,II.,4.5,0
18056,2024-04-06,16:34,NÁDOR DÍJ,5906,Anybody,7,III.,5.3,0
18056,2024-04-06,16:34,NÁDOR DÍJ,6787,Domperidon,1,IV.,22.7,0
18056,2024-04-06,16:34,NÁDOR DÍJ,6331,Charming Boy,3,V.,4.7,0
18056,2024-04-06,16:34,NÁDOR DÍJ,5702,Zizitop,4,6.,15.4,0
18056,2024-04-06,16:34,NÁDOR DÍJ,6441,Diána Gull,5,7.,5.3,0
18056,2024-04-06,16:34,NÁDOR DÍJ,6459,Diamond Ville,2,gal.,24.1,0
18054,2024-04-06,17:02,LA FEMITA DÍJ,6878,Éden Evo,4,I.,2.2,0
18054,2024-04-06,17:02,LA FEMITA DÍJ,6507,Despasito,6,II.,3.3,0
18054,2024-04-06,17:02,LA FEMITA DÍJ,6782,Downtown Girl M,5,III.,4.1,0
18054,2024-04-06,17:02,LA FEMITA DÍJ,6657,Dreamer,2,IV.,18.0,0
18054,2024-04-06,17:02,LA FEMITA DÍJ,6799,Exclusive Fox,3,V.,7.5,0
18054,2024-04-06,17:02,LA FEMITA DÍJ,6740,Dignitá,7,6.,9.0,0
18054,2024-04-06,17:02,LA FEMITA DÍJ,6916,Freya T Boko,1,gal.,5.6,0
18040,2024-03-30,12:15,Q7 KVALIFIKÁCIÓ,7086,Fakta,2,1.,,1
18040,2024-03-30,12:15,Q7 KVALIFIKÁCIÓ,7140,Fashion Noble BD,1,2.,,0
18041,2024-03-30,12:34,PRÓBAFUTAM,6409,Unno del Duomo,4,1.,,1
18041,2024-03-30,12:34,PRÓBAFUTAM,6320,Bolide Laksmy,5,2.,,0
18041,2024-03-30,12:34,PRÓBAFUTAM,6350,Grand Illusion,2,3.,,0
18041,2024-03-30,12:34,PRÓBAFUTAM,6906,Libera DW,1,4.,,0
18041,2024-03-30,12:34,PRÓBAFUTAM,4945,Trencsén,3,5.,,0
18041,2024-03-30,12:34,PRÓBAFUTAM,6470,Devoted,6,6.,,0
18042,2024-03-30,13:00,NYERETLENEK VERSENYE I. RÉSZ,6943,Elizabeth Boss,6,I.,1.8,0
18042,2024-03-30,13:00,NYERETLENEK VERSENYE I. RÉSZ,6927,Fast Track,4,II.,1.4,0
18042,2024-03-30,13:00,NYERETLENEK VERSENYE I. RÉSZ,6922,Follow the Flow,2,III.,4.3,0
18042,2024-03-30,13:00,NYERETLENEK VERSENYE I. RÉSZ,6981,Evita Meerswal,9,IV.,,0
18042,2024-03-30,13:00,NYERETLENEK VERSENYE I. RÉSZ,7035,Firkó,3,V.,,0
18042,2024-03-30,13:00,NYERETLENEK VERSENYE I. RÉSZ,6960,Fantom KE,8,6.,,0
18042,2024-03-30,13:00,NYERETLENEK VERSENYE I. RÉSZ,6992,Finiselj!,7,7.,,0
18042,2024-03-30,13:00,NYERETLENEK VERSENYE I. RÉSZ,7111,Emoji,1,gal.,12.9,0
18048,2024-03-30,13:30,2024. ÉVI KINCSEM PARK KUPA II. FUTAMA HENDIKEP,6380,Cukrom,11,I.,3.1,0
18048,2024-03-30,13:30,2024. ÉVI KINCSEM PARK KUPA II. FUTAMA HENDIKEP,4942,Bezique Va Bene,1,II.,15.7,0
18048,2024-03-30,13:30,2024. ÉVI KINCSEM PARK KUPA II. FUTAMA HENDIKEP,6024,Antónia Schwim,2,III.,13.1,0
18048,2024-03-30,13:30,2024. ÉVI KINCSEM PARK KUPA II. FUTAMA HENDIKEP,5962,Zénó Boko,10,IV.,4.3,0
18048,2024-03-30,13:30,2024. ÉVI KINCSEM PARK KUPA II. FUTAMA HENDIKEP,5748,Zoom Photo,3,V.,15.7,0
18048,2024-03-30,13:30,2024. ÉVI KINCSEM PARK KUPA II. FUTAMA HENDIKEP,5250,Utódló,5,6.,13.1,0
18048,2024-03-30,13:30,2024. ÉVI KINCSEM PARK KUPA II. FUTAMA HENDIKEP,5724,Zero di Jesolo,4,7.,19.7,0
18048,2024-03-30,13:30,2024. ÉVI KINCSEM PARK KUPA II. FUTAMA HENDIKEP,6119,Firefly Shadow,8,8.,4.3,0
18048,2024-03-30,13:30,2024. ÉVI KINCSEM PARK KUPA II. FUTAMA HENDIKEP,5700,Vezér,9,9.,5.2,0
18048,2024-03-30,13:30,2024. ÉVI KINCSEM PARK KUPA II. FUTAMA HENDIKEP,6343,Chicago,7,10.,6.5,0
18048,2024-03-30,13:30,2024. ÉVI KINCSEM PARK KUPA II. FUTAMA HENDIKEP,6679,Inforgettable,6,11táv.,39.4,0
18045,2024-03-30,14:02,ANDY YANKEE DÍJ,6899,Eunike T Boko,2,I.,1.7,0
18045,2024-03-30,14:02,ANDY YANKEE DÍJ,6909,Treue,1,II.,6.8,0
18045,2024-03-30,14:02,ANDY YANKEE DÍJ,6315,Csodabogyó,4,III.,3.4,0
18045,2024-03-30,14:02,ANDY YANKEE DÍJ,6770,Top of Climb,7,IV.,24.9,0
18045,2024-03-30,14:02,ANDY YANKEE DÍJ,6572,Del Piero,5,V.,8.3,0
18045,2024-03-30,14:02,ANDY YANKEE DÍJ,6703,Etalon N,3,gal.,4.9,0
18045,2024-03-30,14:02,ANDY YANKEE DÍJ,6877,Petra La Roque,6,gal.,10.6,0
18043,2024-03-30,14:30,NYERETLENEK VERSENYE II. RÉSZ,6691,Elizeus LIW,6,I.,5.3,0
18043,2024-03-30,14:30,NYERETLENEK VERSENYE II. RÉSZ,6436,Donna von Freiherr,2,II.,32.3,0
18043,2024-03-30,14:30,NYERETLENEK VERSENYE II. RÉSZ,7081,Fancy,7,III.,16.1,0
18043,2024-03-30,14:30,NYERETLENEK VERSENYE II. RÉSZ,6962,Flinga VT,3,IV.,3.4,0
18043,2024-03-30,14:30,NYERETLENEK VERSENYE II. RÉSZ,7094,Full Speed,5,V.,1.7,0
18043,2024-03-30,14:30,NYERETLENEK VERSENYE II. RÉSZ,6936,Aaron LV,4,6.,8.0,0
18043,2024-03-30,14:30,NYERETLENEK VERSENYE II. RÉSZ,7000,Fantastic Dream BD,8,7.,12.9,0
18043,2024-03-30,14:30,NYERETLENEK VERSENYE II. RÉSZ,7115,Electra N,1,gal.,9.2,0
18047,2024-03-30,15:06,ANIKÓ STAR HENDIKEP,5227,Urban Legend,7,I.,9.8,0
18047,2024-03-30,15:06,ANIKÓ STAR HENDIKEP,5872,Zaharova M,6,II.,5.8,0
18047,2024-03-30,15:06,ANIKÓ STAR HENDIKEP,5984,Angelina Jolie,1,III.,2.5,0
18047,2024-03-30,15:06,ANIKÓ STAR HENDIKEP,6131,Bulibáró,5,IV.,5.3,0
18047,2024-03-30,15:06,ANIKÓ STAR HENDIKEP,6378,Chesterfield,3,V.,2.3,0
18047,2024-03-30,15:06,ANIKÓ STAR HENDIKEP,5907,Always Winner,2,6.,4.9,0
18044,2024-03-30,15:33,ASZKÉTA DÍJ,6934,Zaira LV,4,I.,3.1,0
18044,2024-03-30,15:33,ASZKÉTA DÍJ,6709,Eccelenza,7,II.,10.6,0
18044,2024-03-30,15:33,ASZKÉTA DÍJ,6690,Enterprise,5,III.,2.8,0
18044,2024-03-30,15:33,ASZKÉTA DÍJ,6751,Emilio Family,1,IV.,5.7,0
18044,2024-03-30,15:33,ASZKÉTA DÍJ,6919,Fermina Daza,3,V.,3.1,0
18044,2024-03-30,15:33,ASZKÉTA DÍJ,6999,First Lady KJ,6,6.,12.4,0
18044,2024-03-30,15:33,ASZKÉTA DÍJ,6881,Everton,2,tü.,7.4,0
18050,2024-03-30,16:01,ÁMOKFUTÓ HENDIKEP,6023,Acélos Fiú,11,I.,5.4,0
18050,2024-03-30,16:01,ÁMOKFUTÓ HENDIKEP,6165,Bűbájos,7,II.,2.0,0
18050,2024-03-30,16:01,ÁMOKFUTÓ HENDIKEP,6316,Casino Royale,5,III.,7.9,0
18050,2024-03-30,16:01,ÁMOKFUTÓ HENDIKEP,5531,Very Nice Photo,6,IV.,14.5,0
18050,2024-03-30,16:01,ÁMOKFUTÓ HENDIKEP,6366,Celerina Boss,9,V.,10.8,0
18050,2024-03-30,16:01,ÁMOKFUTÓ HENDIKEP,5504,Vakarcs RG,2,6.,,0
18050,2024-03-30,16:01,ÁMOKFUTÓ HENDIKEP,6506,Charlie's World,1,7.,21.7,0
18050,2024-03-30,16:01,ÁMOKFUTÓ HENDIKEP,5707,Zlatan LIW,10,7.,3.2,0
18050,2024-03-30,16:01,ÁMOKFUTÓ HENDIKEP,5795,Zara Mia,3,9.,21.7,0
18050,2024-03-30,16:01,ÁMOKFUTÓ HENDIKEP,6052,Auróra,4,10.,21.7,0
18050,2024-03-30,16:01,ÁMOKFUTÓ HENDIKEP,5564,Valentino,8,11.,17.4,0
18046,2024-03-30,16:30,APANÁZS DÍJ,6853,Éjjeli Hölgy,3,I.,2.6,0
18046,2024-03-30,16:30,APANÁZS DÍJ,6308,Csábító R.,4,II.,4.3,0
18046,2024-03-30,16:30,APANÁZS DÍJ,6620,Nelstrong,7,III.,3.7,0
18046,2024-03-30,16:30,APANÁZS DÍJ,6864,In Love Danover,2,IV.,16.6,0
18046,2024-03-30,16:30,APANÁZS DÍJ,6471,Dynamo,8,V.,60.1,0
18046,2024-03-30,16:30,APANÁZS DÍJ,6163,Bombay,9,6.,7.6,0
18046,2024-03-30,16:30,APANÁZS DÍJ,6535,Kokomo Harley,1,7.,68.7,0
18046,2024-03-30,16:30,APANÁZS DÍJ,6472,Dumbledore,10,8.,53.4,0
18046,2024-03-30,16:30,APANÁZS DÍJ,6712,Street Genius,6,9.,9.0,0
18046,2024-03-30,16:30,APANÁZS DÍJ,6855,Eternity Bar,5,gal.,4.0,0
18049,2024-03-30,17:00,ADDICTED HENDIKEP,6386,Csillagfény R.,6,I.,21.0,0
18049,2024-03-30,17:00,ADDICTED HENDIKEP,6340,Cunami,7,II.,2.8,0
18049,2024-03-30,17:00,ADDICTED HENDIKEP,5570,Villeneuve,5,III.,2.8,0
18049,2024-03-30,17:00,ADDICTED HENDIKEP,5270,Une Dame,9,IV.,31.6,0
18049,2024-03-30,17:00,ADDICTED HENDIKEP,6696,Édes K,10,V.,63.2,0
18049,2024-03-30,17:00,ADDICTED HENDIKEP,5308,Gigant Wings,11,6.,5.7,0
18049,2024-03-30,17:00,ADDICTED HENDIKEP,4968,Titus Livius,3,7.,10.5,0
18049,2024-03-30,17:00,ADDICTED HENDIKEP,6153,Bing Crosby AT,2,8.,15.8,0
18049,2024-03-30,17:00,ADDICTED HENDIKEP,5610,Winoc SB,1,9.,63.2,0
18049,2024-03-30,17:00,ADDICTED HENDIKEP,6749,Diana Krall AT,8,10.,4.2,0
18049,2024-03-30,17:00,ADDICTED HENDIKEP,4611,Pálinka,4,11.,15.8,0
18049,2024-03-30,17:00,ADDICTED HENDIKEP,6213,Farinelli,12,12.,31.6,0
18029,2024-03-16,12:15,Q6 KVALIFIKÁCIÓ,6982,Farkasfog,1,1.,,1
18029,2024-03-16,12:15,Q6 KVALIFIKÁCIÓ,7086,Fakta,2,gal.,,0
18030,2024-03-16,12:30,PRÓBAFUTAM,4576,Salihamidzic,1,1.,,1
18035,2024-03-16,13:00,IVIZA SUN DÍJ,6698,Easy Bet,1,I.,31.1,0
18035,2024-03-16,13:00,IVIZA SUN DÍJ,6315,Csodabogyó,2,II.,4.0,0
18035,2024-03-16,13:00,IVIZA SUN DÍJ,6617,Diófás,6,III.,4.5,0
18035,2024-03-16,13:00,IVIZA SUN DÍJ,6854,Elegáns Hölgy,3,IV.,2.9,0
18035,2024-03-16,13:00,IVIZA SUN DÍJ,6786,Enrico Fling,5,V.,2.8,0
18035,2024-03-16,13:00,IVIZA SUN DÍJ,6787,Domperidon,4,gal.,3.5,0
18034,2024-03-16,13:37,FRANKENSTEIN DÍJ,6788,Morena LV,8,I.,4.7,0
18034,2024-03-16,13:37,FRANKENSTEIN DÍJ,6707,Elinor Lady,5,II.,7.5,0
18034,2024-03-16,13:37,FRANKENSTEIN DÍJ,6973,Edoardo Ama,6,III.,4.7,0
18034,2024-03-16,13:37,FRANKENSTEIN DÍJ,6799,Exclusive Fox,7,IV.,2.0,0
18034,2024-03-16,13:37,FRANKENSTEIN DÍJ,6779,Elton John A.T.,3,V.,8.2,0
18034,2024-03-16,13:37,FRANKENSTEIN DÍJ,6995,Fany,2,gal.,4.0,0
18034,2024-03-16,13:37,FRANKENSTEIN DÍJ,6953,Eposz,4,gal.,8.9,0
18037,2024-03-16,14:05,ALEXANDER BRODY EMLÉKVERSENY HENDIKEP,6068,Balerina R.,7,I.,4.7,0
18037,2024-03-16,14:05,ALEXANDER BRODY EMLÉKVERSENY HENDIKEP,6360,Chip Chip Chip,11,II.,4.7,0
18037,2024-03-16,14:05,ALEXANDER BRODY EMLÉKVERSENY HENDIKEP,6506,Charlie's World,2,III.,4.9,0
18037,2024-03-16,14:05,ALEXANDER BRODY EMLÉKVERSENY HENDIKEP,5564,Valentino,8,IV.,15.2,0
18037,2024-03-16,14:05,ALEXANDER BRODY EMLÉKVERSENY HENDIKEP,6514,El Valle Sagrado,10,V.,27.4,0
18037,2024-03-16,14:05,ALEXANDER BRODY EMLÉKVERSENY HENDIKEP,6003,Ambrosia Gielle,6,6.,7.2,0
18037,2024-03-16,14:05,ALEXANDER BRODY EMLÉKVERSENY HENDIKEP,5795,Zara Mia,12,7.,8.0,0
18037,2024-03-16,14:05,ALEXANDER BRODY EMLÉKVERSENY HENDIKEP,6076,Breeze Up,9,8.,30.5,0
18037,2024-03-16,14:05,ALEXANDER BRODY EMLÉKVERSENY HENDIKEP,5962,Zénó Boko,1,9.,24.9,0
18037,2024-03-16,14:05,ALEXANDER BRODY EMLÉKVERSENY HENDIKEP,4611,Pálinka,3,10.,5.2,0
18037,2024-03-16,14:05,ALEXANDER BRODY EMLÉKVERSENY HENDIKEP,6330,Che Comandante,4,11.,8.5,0
18037,2024-03-16,14:05,ALEXANDER BRODY EMLÉKVERSENY HENDIKEP,5884,Lingot AT,5,gal.,9.4,0
18038,2024-03-16,14:35,OSZTRÁK - MAGYAR AMATŐRVERSENY DÍJ,6441,Diána Gull,5,I.,16.8,0
18038,2024-03-16,14:35,OSZTRÁK - MAGYAR AMATŐRVERSENY DÍJ,6464,Dolomit Boy,6,II.,2.9,0
18038,2024-03-16,14:35,OSZTRÁK - MAGYAR AMATŐRVERSENY DÍJ,6864,In Love Danover,1,III.,3.6,0
18038,2024-03-16,14:35,OSZTRÁK - MAGYAR AMATŐRVERSENY DÍJ,6066,Berill Lady,4,IV.,8.0,0
18038,2024-03-16,14:35,OSZTRÁK - MAGYAR AMATŐRVERSENY DÍJ,7123,Mister Bemms,3,V.,27.2,0
18038,2024-03-16,14:35,OSZTRÁK - MAGYAR AMATŐRVERSENY DÍJ,5894,Apollo Creed,7,6.,4.1,0
18038,2024-03-16,14:35,OSZTRÁK - MAGYAR AMATŐRVERSENY DÍJ,6308,Csábító R.,2,gal.,2.5,0
18032,2024-03-16,15:08,TAVASZI HENDIKEP,5755,Zsóka,2,I.,1.2,0
18032,2024-03-16,15:08,TAVASZI HENDIKEP,6107,Andy Baby,4,II.,7.0,0
18032,2024-03-16,15:08,TAVASZI HENDIKEP,5702,Zizitop,6,III.,6.8,0
18032,2024-03-16,15:08,TAVASZI HENDIKEP,3754,Philadelphia,1,IV.,5.1,0
18032,2024-03-16,15:08,TAVASZI HENDIKEP,6018,Bonus RG,5,V.,11.3,0
18032,2024-03-16,15:08,TAVASZI HENDIKEP,6657,Dreamer,3,6.,8.4,0
18036,2024-03-16,15:35,WISS SHADOW HENDIKEP,4968,Titus Livius,3,I.,3.8,0
18036,2024-03-16,15:35,WISS SHADOW HENDIKEP,6460,Dezmin Lady,5,II.,4.0,0
18036,2024-03-16,15:35,WISS SHADOW HENDIKEP,6051,Briliáns BD,7,III.,10.6,0
18036,2024-03-16,15:35,WISS SHADOW HENDIKEP,6328,Credit Card,6,IV.,4.0,0
18036,2024-03-16,15:35,WISS SHADOW HENDIKEP,6782,Downtown Girl M,9,V.,5.3,0
18036,2024-03-16,15:35,WISS SHADOW HENDIKEP,6679,Inforgettable,8,6.,12.1,0
18036,2024-03-16,15:35,WISS SHADOW HENDIKEP,5856,Donia d'Aunay,2,7.,7.0,0
18036,2024-03-16,15:35,WISS SHADOW HENDIKEP,6539,Dream Of Mine,1,gal.,6.5,0
18036,2024-03-16,15:35,WISS SHADOW HENDIKEP,5227,Urban Legend,4,tü.,17.0,0
18039,2024-03-16,16:03,OSZTRÁK - MAGYAR AMATŐRVERSENY HENDIKEP,5570,Villeneuve,6,I.,2.1,0
18039,2024-03-16,16:03,OSZTRÁK - MAGYAR AMATŐRVERSENY HENDIKEP,6546,Count Basie AT,2,II.,9.5,0
18039,2024-03-16,16:03,OSZTRÁK - MAGYAR AMATŐRVERSENY HENDIKEP,6047,Baraka SS,4,III.,7.6,0
18039,2024-03-16,16:03,OSZTRÁK - MAGYAR AMATŐRVERSENY HENDIKEP,5748,Zoom Photo,1,IV.,38.0,0
18039,2024-03-16,16:03,OSZTRÁK - MAGYAR AMATŐRVERSENY HENDIKEP,5270,Une Dame,8,V.,10.1,0
18039,2024-03-16,16:03,OSZTRÁK - MAGYAR AMATŐRVERSENY HENDIKEP,5904,Australian Gold,10,6.,10.1,0
18039,2024-03-16,16:03,OSZTRÁK - MAGYAR AMATŐRVERSENY HENDIKEP,5721,Zippy Boy,5,7.,5.6,0
18039,2024-03-16,16:03,OSZTRÁK - MAGYAR AMATŐRVERSENY HENDIKEP,5536,Winner Boy,7,8.,4.1,0
18039,2024-03-16,16:03,OSZTRÁK - MAGYAR AMATŐRVERSENY HENDIKEP,6119,Firefly Shadow,3,gal.,13.8,0
18039,2024-03-16,16:03,OSZTRÁK - MAGYAR AMATŐRVERSENY HENDIKEP,6307,Csípkedd Magad!,9,disq.,19.0,0
18031,2024-03-16,16:31,BRÓDY JÁNOS EMLÉKVERSENY,6903,Cardenas Baba,6,I.,2.6,0
18031,2024-03-16,16:31,BRÓDY JÁNOS EMLÉKVERSENY,6331,Charming Boy,1,II.,3.3,0
18031,2024-03-16,16:31,BRÓDY JÁNOS EMLÉKVERSENY,6805,Guiness des Fanes,5,III.,6.3,0
18031,2024-03-16,16:31,BRÓDY JÁNOS EMLÉKVERSENY,6072,Bobby Fischer,4,IV.,6.3,0
18031,2024-03-16,16:31,BRÓDY JÁNOS EMLÉKVERSENY,6121,Farya BD,2,V.,19.1,0
18031,2024-03-16,16:31,BRÓDY JÁNOS EMLÉKVERSENY,6776,Premal MS,3,gal.,2.3,0
18033,2024-03-16,17:00,NYERETLEN HÁROMÉVESEK VERSENYE - LÉZER DÍJ,6920,Fliegauf,7,I.,1.5,0
18033,2024-03-16,17:00,NYERETLEN HÁROMÉVESEK VERSENYE - LÉZER DÍJ,6927,Fast Track,4,II.,4.9,0
18033,2024-03-16,17:00,NYERETLEN HÁROMÉVESEK VERSENYE - LÉZER DÍJ,7094,Full Speed,1,III.,3.6,0
18033,2024-03-16,17:00,NYERETLEN HÁROMÉVESEK VERSENYE - LÉZER DÍJ,6922,Follow the Flow,3,IV.,7.7,0
18033,2024-03-16,17:00,NYERETLEN HÁROMÉVESEK VERSENYE - LÉZER DÍJ,7035,Firkó,8,V.,18.4,0
18033,2024-03-16,17:00,NYERETLEN HÁROMÉVESEK VERSENYE - LÉZER DÍJ,6991,Falcon VT,6,6.,8.1,0
18033,2024-03-16,17:00,NYERETLEN HÁROMÉVESEK VERSENYE - LÉZER DÍJ,7000,Fantastic Dream BD,10,7.,,0
18033,2024-03-16,17:00,NYERETLEN HÁROMÉVESEK VERSENYE - LÉZER DÍJ,6960,Fantom KE,2,gal.,36.8,0
18020,2024-03-09,12:15,Q5 KVALIFIKÁCIÓ,6982,Farkasfog,2,1.,,1
18020,2024-03-09,12:15,Q5 KVALIFIKÁCIÓ,7086,Fakta,1,gal.,,0
18027,2024-03-09,13:00,JÁVOR CLASS HENDIKEP,6305,Csikós,9,I.,3.4,0
18027,2024-03-09,13:00,JÁVOR CLASS HENDIKEP,6018,Bonus RG,12,II.,14.9,0
18027,2024-03-09,13:00,JÁVOR CLASS HENDIKEP,5925,Anikó,11,III.,44.8,0
18027,2024-03-09,13:00,JÁVOR CLASS HENDIKEP,6386,Csillagfény R.,7,IV.,4.9,0
18027,2024-03-09,13:00,JÁVOR CLASS HENDIKEP,6062,Best Boy,10,V.,,0
18027,2024-03-09,13:00,JÁVOR CLASS HENDIKEP,6153,Bing Crosby AT,5,6.,2.8,0
18027,2024-03-09,13:00,JÁVOR CLASS HENDIKEP,5250,Utódló,1,7.,6.4,0
18027,2024-03-09,13:00,JÁVOR CLASS HENDIKEP,6343,Chicago,3,8.,22.4,0
18027,2024-03-09,13:00,JÁVOR CLASS HENDIKEP,6506,Charlie's World,8,9.,3.7,0
18027,2024-03-09,13:00,JÁVOR CLASS HENDIKEP,6071,Bellini Fling,4,gal.,,0
18027,2024-03-09,13:00,JÁVOR CLASS HENDIKEP,6442,Dulcinea del Toboso,6,gal.,14.9,0
18022,2024-03-09,13:30,SZÁGULDJ! DÍJ,6692,Excellence,7,I.,10.2,0
18022,2024-03-09,13:30,SZÁGULDJ! DÍJ,6919,Fermina Daza,6,II.,2.1,0
18022,2024-03-09,13:30,SZÁGULDJ! DÍJ,6751,Emilio Family,4,III.,5.1,0
18022,2024-03-09,13:30,SZÁGULDJ! DÍJ,6691,Elizeus LIW,3,IV.,72.0,0
18022,2024-03-09,13:30,SZÁGULDJ! DÍJ,7081,Fancy,8,V.,24.0,0
18022,2024-03-09,13:30,SZÁGULDJ! DÍJ,7111,Emoji,1,6.,18.0,0
18022,2024-03-09,13:30,SZÁGULDJ! DÍJ,6995,Fany,5,7.,7.2,0
18022,2024-03-09,13:30,SZÁGULDJ! DÍJ,7010,Blanka BBM,2,gal.,18.0,0
18022,2024-03-09,13:30,SZÁGULDJ! DÍJ,6706,Eperke,9,gal.,2.4,0
18024,2024-03-09,14:00,NAOMI DÍJ,6901,Eastwood,5,I.,26.2,0
18024,2024-03-09,14:00,NAOMI DÍJ,6731,Daytona Spav,7,II.,2.5,0
18024,2024-03-09,14:00,NAOMI DÍJ,6772,Drina TIM,4,III.,1.4,0
18024,2024-03-09,14:00,NAOMI DÍJ,6743,Cyrano RG,3,IV.,16.4,0
18024,2024-03-09,14:00,NAOMI DÍJ,6471,Dynamo,6,V.,5.2,0
18024,2024-03-09,14:00,NAOMI DÍJ,6358,Calvin,1,6.,43.7,0
18024,2024-03-09,14:00,NAOMI DÍJ,6749,Diana Krall AT,2,gal.,10.0,0
18023,2024-03-09,14:30,ZSÉDA DÍJ,6697,Erzsébet Királynő,5,I.,1.2,0
18023,2024-03-09,14:30,ZSÉDA DÍJ,6909,Treue,6,II.,5.2,0
18023,2024-03-09,14:30,ZSÉDA DÍJ,6738,Eurydice,1,III.,24.3,0
18023,2024-03-09,14:30,ZSÉDA DÍJ,6799,Exclusive Fox,2,IV.,28.3,0
18023,2024-03-09,14:30,ZSÉDA DÍJ,6973,Edoardo Ama,3,kih.,24.3,0
18023,2024-03-09,14:30,ZSÉDA DÍJ,6878,Éden Evo,4,gal.,3.0,0
18025,2024-03-09,15:00,VIMPEX TABAK DÍJ,6783,Enjoy,4,I.,4.6,0
18025,2024-03-09,15:00,VIMPEX TABAK DÍJ,5906,Anybody,5,II.,13.1,0
18025,2024-03-09,15:00,VIMPEX TABAK DÍJ,6163,Bombay,1,III.,7.4,0
18025,2024-03-09,15:00,VIMPEX TABAK DÍJ,5725,Zente,9,IV.,8.0,0
18025,2024-03-09,15:00,VIMPEX TABAK DÍJ,5570,Villeneuve,6,V.,4.0,0
18025,2024-03-09,15:00,VIMPEX TABAK DÍJ,6072,Bobby Fischer,7,6.,3.7,0
18025,2024-03-09,15:00,VIMPEX TABAK DÍJ,6331,Charming Boy,2,7.,3.2,0
18025,2024-03-09,15:00,VIMPEX TABAK DÍJ,5564,Valentino,8,8táv.,51.2,0
18025,2024-03-09,15:00,VIMPEX TABAK DÍJ,6121,Farya BD,3,9táv.,13.9,0
18026,2024-03-09,15:31,AMATŐRVERSENY - UNIGENA SUN HENDIKEP,6380,Cukrom,2,I.,1.8,0
18026,2024-03-09,15:31,AMATŐRVERSENY - UNIGENA SUN HENDIKEP,6047,Baraka SS,7,II.,8.6,0
18026,2024-03-09,15:31,AMATŐRVERSENY - UNIGENA SUN HENDIKEP,6438,Danny DeVito,1,III.,3.7,0
18026,2024-03-09,15:31,AMATŐRVERSENY - UNIGENA SUN HENDIKEP,5724,Zero di Jesolo,6,IV.,24.9,0
18026,2024-03-09,15:31,AMATŐRVERSENY - UNIGENA SUN HENDIKEP,6131,Bulibáró,3,gal.,7.2,0
18026,2024-03-09,15:31,AMATŐRVERSENY - UNIGENA SUN HENDIKEP,5227,Urban Legend,4,gal.,6.7,0
18026,2024-03-09,15:31,AMATŐRVERSENY - UNIGENA SUN HENDIKEP,4942,Bezique Va Bene,5,disq.,4.7,0
18028,2024-03-09,16:00,NELLI GULL HENDIKEP,5757,Zsofesz,1,I.,17.8,0
18028,2024-03-09,16:00,NELLI GULL HENDIKEP,6165,Bűbájos,6,II.,1.0,0
18028,2024-03-09,16:00,NELLI GULL HENDIKEP,5625,Vanderle,3,III.,113.3,0
18028,2024-03-09,16:00,NELLI GULL HENDIKEP,6316,Casino Royale,4,IV.,6.6,0
18028,2024-03-09,16:00,NELLI GULL HENDIKEP,5540,Velence R.,7,V.,22.6,0
18028,2024-03-09,16:00,NELLI GULL HENDIKEP,5884,Lingot AT,2,6.,3.7,0
18028,2024-03-09,16:00,NELLI GULL HENDIKEP,6617,Diófás,5,7.,68.0,0
18019,2024-03-02,12:30,PRÓBAFUTAM,6920,Fliegauf,1,1.,,1
18011,2024-03-02,13:00,NYERETLENEK VERSENYE,7080,Endless Love,7,I.,2.6,0
18011,2024-03-02,13:00,NYERETLENEK VERSENYE,7085,El Nino N,6,II.,3.5,0
18011,2024-03-02,13:00,NYERETLENEK VERSENYE,6936,Aaron LV,1,III.,21.0,0
18011,2024-03-02,13:00,NYERETLENEK VERSENYE,6927,Fast Track,2,IV.,3.5,0
18011,2024-03-02,13:00,NYERETLENEK VERSENYE,6991,Falcon VT,5,V.,10.5,0
18011,2024-03-02,13:00,NYERETLENEK VERSENYE,7081,Fancy,8,6.,7.0,0
18011,2024-03-02,13:00,NYERETLENEK VERSENYE,6436,Donna von Freiherr,3,gal.,21.0,0
18011,2024-03-02,13:00,NYERETLENEK VERSENYE,7034,Formula,4,gal.,10.5,0
18011,2024-03-02,13:00,NYERETLENEK VERSENYE,7000,Fantastic Dream BD,10,gal.,21.0,0
18011,2024-03-02,13:00,NYERETLENEK VERSENYE,7058,Great Cole TG,9,disq.,21.0,0
18018,2024-03-02,13:30,TIZEDES HENDIKEP,6360,Chip Chip Chip,4,I.,3.8,0
18018,2024-03-02,13:30,TIZEDES HENDIKEP,5564,Valentino,8,II.,9.7,0
18018,2024-03-02,13:30,TIZEDES HENDIKEP,6003,Ambrosia Gielle,5,III.,5.4,0
18018,2024-03-02,13:30,TIZEDES HENDIKEP,6068,Balerina R.,9,IV.,9.1,0
18018,2024-03-02,13:30,TIZEDES HENDIKEP,6076,Breeze Up,10,V.,48.9,0
18018,2024-03-02,13:30,TIZEDES HENDIKEP,5625,Vanderle,7,6.,24.4,0
18018,2024-03-02,13:30,TIZEDES HENDIKEP,6062,Best Boy,3,7.,5.0,0
18018,2024-03-02,13:30,TIZEDES HENDIKEP,6358,Calvin,6,8.,5.8,0
18018,2024-03-02,13:30,TIZEDES HENDIKEP,6506,Charlie's World,1,gal.,2.5,0
18017,2024-03-02,14:00,DUCHESSE DANIELA HENDIKEP,5960,Ann Bella M,7,I.,1.6,0
18017,2024-03-02,14:00,DUCHESSE DANIELA HENDIKEP,6107,Andy Baby,4,II.,2.3,0
18017,2024-03-02,14:00,DUCHESSE DANIELA HENDIKEP,5724,Zero di Jesolo,1,III.,35.3,0
18017,2024-03-02,14:00,DUCHESSE DANIELA HENDIKEP,6679,Inforgettable,3,IV.,5.2,0
18017,2024-03-02,14:00,DUCHESSE DANIELA HENDIKEP,4611,Pálinka,5,V.,9.8,0
18017,2024-03-02,14:00,DUCHESSE DANIELA HENDIKEP,6345,Berna Queen M,6,6.,17.6,0
18017,2024-03-02,14:00,DUCHESSE DANIELA HENDIKEP,6727,Västerbo No Edge,2,gal.,14.7,0
18013,2024-03-02,14:30,PAULOVITZ JÁNOS ÉS PAULOVICZ JÁNOS II. EMLÉKVERSENY,6854,Elegáns Hölgy,5,I.,9.3,0
18013,2024-03-02,14:30,PAULOVITZ JÁNOS ÉS PAULOVICZ JÁNOS II. EMLÉKVERSENY,6698,Easy Bet,2,II.,15.5,0
18013,2024-03-02,14:30,PAULOVITZ JÁNOS ÉS PAULOVICZ JÁNOS II. EMLÉKVERSENY,6518,Lolly Pop,4,III.,4.8,0
18013,2024-03-02,14:30,PAULOVITZ JÁNOS ÉS PAULOVICZ JÁNOS II. EMLÉKVERSENY,6786,Enrico Fling,9,IV.,3.1,0
18013,2024-03-02,14:30,PAULOVITZ JÁNOS ÉS PAULOVICZ JÁNOS II. EMLÉKVERSENY,6535,Kokomo Harley,7,V.,16.0,0
18013,2024-03-02,14:30,PAULOVITZ JÁNOS ÉS PAULOVICZ JÁNOS II. EMLÉKVERSENY,6787,Domperidon,8,6.,2.1,0
18013,2024-03-02,14:30,PAULOVITZ JÁNOS ÉS PAULOVICZ JÁNOS II. EMLÉKVERSENY,7117,Leona B,1,7.,8.4,0
18013,2024-03-02,14:30,PAULOVITZ JÁNOS ÉS PAULOVICZ JÁNOS II. EMLÉKVERSENY,6696,Édes K,3,8.,13.8,0
18013,2024-03-02,14:30,PAULOVITZ JÁNOS ÉS PAULOVICZ JÁNOS II. EMLÉKVERSENY,6703,Etalon N,6,9.,20.5,0
18016,2024-03-02,15:00,PÓZ HENDIKEP,6435,Ducks,9,I.,8.5,0
18016,2024-03-02,15:00,PÓZ HENDIKEP,6782,Downtown Girl M,8,II.,1.9,0
18016,2024-03-02,15:00,PÓZ HENDIKEP,6328,Credit Card,7,III.,5.8,0
18016,2024-03-02,15:00,PÓZ HENDIKEP,6024,Antónia Schwim,3,IV.,13.2,0
18016,2024-03-02,15:00,PÓZ HENDIKEP,5695,Vinifera M,5,V.,36.3,0
18016,2024-03-02,15:00,PÓZ HENDIKEP,5872,Zaharova M,2,6.,48.5,0
18016,2024-03-02,15:00,PÓZ HENDIKEP,4803,Sziklaszirt,10,7.,36.3,0
18016,2024-03-02,15:00,PÓZ HENDIKEP,5247,Universal Boy,4,8.,10.3,0
18016,2024-03-02,15:00,PÓZ HENDIKEP,6695,Ékszer K,6,9.,3.0,0
18016,2024-03-02,15:00,PÓZ HENDIKEP,6539,Dream Of Mine,1,gal.,11.1,0
18012,2024-03-02,15:30,IPSE DÍJ,6778,Dancing Lady,3,I.,1.7,0
18012,2024-03-02,15:30,IPSE DÍJ,6788,Morena LV,7,II.,6.1,0
18012,2024-03-02,15:30,IPSE DÍJ,6511,Demi Moore,5,III.,5.2,0
18012,2024-03-02,15:30,IPSE DÍJ,6738,Eurydice,6,IV.,11.9,0
18012,2024-03-02,15:30,IPSE DÍJ,6781,Ernesto,2,V.,5.7,0
18012,2024-03-02,15:30,IPSE DÍJ,6707,Elinor Lady,4,6.,20.8,0
18012,2024-03-02,15:30,IPSE DÍJ,6709,Eccelenza,1,gal.,16.6,0
18012,2024-03-02,15:30,IPSE DÍJ,6953,Eposz,8,gal.,5.9,0
18015,2024-03-02,16:00,LÁPVIRÁG HENDIKEP,6546,Count Basie AT,6,I.,1.5,0
18015,2024-03-02,16:00,LÁPVIRÁG HENDIKEP,6262,Bronz Boy,2,II.,2.7,0
18015,2024-03-02,16:00,LÁPVIRÁG HENDIKEP,6378,Chesterfield,4,III.,4.3,0
18015,2024-03-02,16:00,LÁPVIRÁG HENDIKEP,5907,Always Winner,5,IV.,10.8,0
18015,2024-03-02,16:00,LÁPVIRÁG HENDIKEP,5984,Angelina Jolie,3,V.,16.8,0
18015,2024-03-02,16:00,LÁPVIRÁG HENDIKEP,6336,Allegro Barbaro,1,6táv.,11.6,0
18014,2024-03-02,16:30,SÁMSON DÍJ,6556,Krack du Clocher,5,I.,3.5,0
18014,2024-03-02,16:30,SÁMSON DÍJ,6464,Dolomit Boy,2,II.,1.5,0
18014,2024-03-02,16:30,SÁMSON DÍJ,7121,Denalda Op,3,III.,4.6,0
18014,2024-03-02,16:30,SÁMSON DÍJ,6805,Guiness des Fanes,4,IV.,6.5,0
18014,2024-03-02,16:30,SÁMSON DÍJ,6475,Discovery LW,1,V.,5.8,0
18002,2024-02-24,12:31,PRÓBAFUTAM,6783,Enjoy,2,1.,,1
18002,2024-02-24,12:31,PRÓBAFUTAM,6506,Charlie's World,1,2.,,0
18001,2024-02-24,12:07,Q4 KVALIFIKÁCIÓ,7115,Electra N,1,1.,,1
18003,2024-02-24,13:00,IZGI DÍJ,6934,Zaira LV,4,I.,2.4,0
18003,2024-02-24,13:00,IZGI DÍJ,6690,Enterprise,5,II.,15.4,0
18003,2024-02-24,13:00,IZGI DÍJ,7080,Endless Love,3,III.,1.8,0
18003,2024-02-24,13:00,IZGI DÍJ,6781,Ernesto,6,IV.,7.7,0
18003,2024-02-24,13:00,IZGI DÍJ,6511,Demi Moore,8,V.,54.0,0
18003,2024-02-24,13:00,IZGI DÍJ,6707,Elinor Lady,9,6.,5.4,0
18003,2024-02-24,13:00,IZGI DÍJ,7034,Formula,2,7táv.,108.1,0
18003,2024-02-24,13:00,IZGI DÍJ,7000,Fantastic Dream BD,1,gal.,108.1,0
18003,2024-02-24,13:00,IZGI DÍJ,6779,Elton John A.T.,7,gal.,8.3,0
18009,2024-02-24,13:30,VEZÉR FERENC EMLÉKVERSENY,6620,Nelstrong,4,I.,1.0,0
18009,2024-02-24,13:30,VEZÉR FERENC EMLÉKVERSENY,6864,In Love Danover,1,II.,4.8,0
18009,2024-02-24,13:30,VEZÉR FERENC EMLÉKVERSENY,6624,My Dyla LV,5,III.,6.3,0
18009,2024-02-24,13:30,VEZÉR FERENC EMLÉKVERSENY,6855,Eternity Bar,3,IV.,26.0,0
18009,2024-02-24,13:30,VEZÉR FERENC EMLÉKVERSENY,6471,Dynamo,6,V.,34.6,0
18009,2024-02-24,13:30,VEZÉR FERENC EMLÉKVERSENY,6003,Ambrosia Gielle,2,6.,24.4,0
18008,2024-02-24,14:00,PAÁL LÁSZLÓ EMLÉKVERSENY HENDIKEP,6163,Bombay,4,I.,2.3,0
18008,2024-02-24,14:00,PAÁL LÁSZLÓ EMLÉKVERSENY HENDIKEP,6261,Be Happy,6,II.,3.1,0
18008,2024-02-24,14:00,PAÁL LÁSZLÓ EMLÉKVERSENY HENDIKEP,5288,Usain,1,III.,13.8,0
18008,2024-02-24,14:00,PAÁL LÁSZLÓ EMLÉKVERSENY HENDIKEP,6052,Auróra,7,IV.,5.9,0
18008,2024-02-24,14:00,PAÁL LÁSZLÓ EMLÉKVERSENY HENDIKEP,6805,Guiness des Fanes,5,V.,4.1,0
18008,2024-02-24,14:00,PAÁL LÁSZLÓ EMLÉKVERSENY HENDIKEP,6475,Discovery LW,3,6.,10.3,0
18008,2024-02-24,14:00,PAÁL LÁSZLÓ EMLÉKVERSENY HENDIKEP,6358,Calvin,2,7.,6.9,0
18004,2024-02-24,14:33,DERENGŐ DÍJ,6899,Eunike T Boko,4,I.,1.4,0
18004,2024-02-24,14:33,DERENGŐ DÍJ,6697,Erzsébet Királynő,3,II.,5.7,0
18004,2024-02-24,14:33,DERENGŐ DÍJ,6507,Despasito,8,III.,12.4,0
18004,2024-02-24,14:33,DERENGŐ DÍJ,6696,Édes K,6,IV.,5.7,0
18004,2024-02-24,14:33,DERENGŐ DÍJ,6698,Easy Bet,5,V.,12.4,0
18004,2024-02-24,14:33,DERENGŐ DÍJ,6782,Downtown Girl M,7,6.,8.3,0
18004,2024-02-24,14:33,DERENGŐ DÍJ,6799,Exclusive Fox,1,gal.,24.9,0
18004,2024-02-24,14:33,DERENGŐ DÍJ,6657,Dreamer,2,gal.,9.3,0
18007,2024-02-24,15:00,"2024. ÉVI AMATŐR KUPA I. FUTAMA-VICEN ISTVÁN ""STEFI"" EV. HP.",6315,Csodabogyó,4,I.,13.9,0
18007,2024-02-24,15:00,"2024. ÉVI AMATŐR KUPA I. FUTAMA-VICEN ISTVÁN ""STEFI"" EV. HP.",5904,Australian Gold,9,II.,16.7,0
18007,2024-02-24,15:00,"2024. ÉVI AMATŐR KUPA I. FUTAMA-VICEN ISTVÁN ""STEFI"" EV. HP.",6525,Big Ben Pax,8,III.,6.4,0
18007,2024-02-24,15:00,"2024. ÉVI AMATŐR KUPA I. FUTAMA-VICEN ISTVÁN ""STEFI"" EV. HP.",5884,Lingot AT,10,IV.,6.9,0
18007,2024-02-24,15:00,"2024. ÉVI AMATŐR KUPA I. FUTAMA-VICEN ISTVÁN ""STEFI"" EV. HP.",5960,Ann Bella M,7,V.,1.2,0
18007,2024-02-24,15:00,"2024. ÉVI AMATŐR KUPA I. FUTAMA-VICEN ISTVÁN ""STEFI"" EV. HP.",6153,Bing Crosby AT,2,6.,13.9,0
18007,2024-02-24,15:00,"2024. ÉVI AMATŐR KUPA I. FUTAMA-VICEN ISTVÁN ""STEFI"" EV. HP.",5721,Zippy Boy,3,7.,16.7,0
18007,2024-02-24,15:00,"2024. ÉVI AMATŐR KUPA I. FUTAMA-VICEN ISTVÁN ""STEFI"" EV. HP.",5536,Winner Boy,6,8.,27.8,0
18007,2024-02-24,15:00,"2024. ÉVI AMATŐR KUPA I. FUTAMA-VICEN ISTVÁN ""STEFI"" EV. HP.",5724,Zero di Jesolo,1,9.,83.6,0
18007,2024-02-24,15:00,"2024. ÉVI AMATŐR KUPA I. FUTAMA-VICEN ISTVÁN ""STEFI"" EV. HP.",6305,Csikós,5,10.,11.9,0
18006,2024-02-24,15:31,ELEFÁNT HENDIKEP,6340,Cunami,3,I.,1.4,0
18006,2024-02-24,15:31,ELEFÁNT HENDIKEP,5530,Velocity,2,II.,4.9,0
18006,2024-02-24,15:31,ELEFÁNT HENDIKEP,5925,Anikó,7,III.,8.2,0
18006,2024-02-24,15:31,ELEFÁNT HENDIKEP,6460,Dezmin Lady,1,IV.,12.3,0
18006,2024-02-24,15:31,ELEFÁNT HENDIKEP,6442,Dulcinea del Toboso,6,V.,6.1,0
18006,2024-02-24,15:31,ELEFÁNT HENDIKEP,6071,Bellini Fling,5,6.,12.3,0
18006,2024-02-24,15:31,ELEFÁNT HENDIKEP,4803,Sziklaszirt,4,7.,7.0,0
18010,2024-02-24,16:00,TOLNAY LÁSZLÓ EMLÉKVERSENY,6776,Premal MS,6,I.,1.0,0
18010,2024-02-24,16:00,TOLNAY LÁSZLÓ EMLÉKVERSENY,6464,Dolomit Boy,2,II.,6.4,0
18010,2024-02-24,16:00,TOLNAY LÁSZLÓ EMLÉKVERSENY,5906,Anybody,4,III.,8.6,0
18010,2024-02-24,16:00,TOLNAY LÁSZLÓ EMLÉKVERSENY,6331,Charming Boy,1,IV.,12.9,0
18010,2024-02-24,16:00,TOLNAY LÁSZLÓ EMLÉKVERSENY,6441,Diána Gull,3,V.,34.4,0
18010,2024-02-24,16:00,TOLNAY LÁSZLÓ EMLÉKVERSENY,5725,Zente,5,gal.,12.9,0
18005,2024-02-24,16:30,CINEMA HENDIKEP,6107,Andy Baby,7,I.,2.7,0
18005,2024-02-24,16:30,CINEMA HENDIKEP,6378,Chesterfield,1,II.,,0
18005,2024-02-24,16:30,CINEMA HENDIKEP,6262,Bronz Boy,2,III.,5.1,0
18005,2024-02-24,16:30,CINEMA HENDIKEP,6539,Dream Of Mine,8,IV.,2.5,0
18005,2024-02-24,16:30,CINEMA HENDIKEP,5907,Always Winner,4,V.,10.3,0
18005,2024-02-24,16:30,CINEMA HENDIKEP,6438,Danny DeVito,6,6.,4.1,0
18005,2024-02-24,16:30,CINEMA HENDIKEP,5782,Zselnice,3,7.,41.4,0
18005,2024-02-24,16:30,CINEMA HENDIKEP,6692,Excellence,5,8.,41.4,0
18005,2024-02-24,16:30,CINEMA HENDIKEP,5856,Donia d'Aunay,9,9.,6.9,0
17992,2024-02-10,12:30,PRÓBAFUTAM,6624,My Dyla LV,1,1.,,1
17991,2024-02-10,12:15,Q3 KVALIFIKÁCIÓ,6921,Friendly,1,1.,,1
17994,2024-02-10,13:00,NYERETLENEK VERSENYE,6751,Emilio Family,1,I.,,0
17994,2024-02-10,13:00,NYERETLENEK VERSENYE,6706,Eperke,10,II.,6.9,0
17994,2024-02-10,13:00,NYERETLENEK VERSENYE,7085,El Nino N,6,III.,6.9,0
17994,2024-02-10,13:00,NYERETLENEK VERSENYE,6995,Fany,9,IV.,8.6,0
17994,2024-02-10,13:00,NYERETLENEK VERSENYE,7010,Blanka BBM,7,V.,4.9,0
17994,2024-02-10,13:00,NYERETLENEK VERSENYE,6927,Fast Track,2,6.,5.7,0
17994,2024-02-10,13:00,NYERETLENEK VERSENYE,6922,Follow the Flow,3,7.,,0
17994,2024-02-10,13:00,NYERETLENEK VERSENYE,7035,Firkó,8,8.,34.6,0
17994,2024-02-10,13:00,NYERETLENEK VERSENYE,7000,Fantastic Dream BD,12,9.,,0
17994,2024-02-10,13:00,NYERETLENEK VERSENYE,6436,Donna von Freiherr,5,10.,2.1,0
17994,2024-02-10,13:00,NYERETLENEK VERSENYE,6943,Elizabeth Boss,11,kih.,4.9,0
17994,2024-02-10,13:00,NYERETLENEK VERSENYE,6960,Fantom KE,4,tü.,,0
17995,2024-02-10,13:30,AILERON DÍJ,6698,Easy Bet,8,I.,,0
17995,2024-02-10,13:30,AILERON DÍJ,6778,Dancing Lady,3,II.,10.2,0
17995,2024-02-10,13:30,AILERON DÍJ,6690,Enterprise,1,III.,10.2,0
17995,2024-02-10,13:30,AILERON DÍJ,6799,Exclusive Fox,6,IV.,20.4,0
17995,2024-02-10,13:30,AILERON DÍJ,6788,Morena LV,5,V.,20.4,0
17995,2024-02-10,13:30,AILERON DÍJ,6881,Everton,2,6.,4.0,0
17995,2024-02-10,13:30,AILERON DÍJ,6973,Edoardo Ama,7,7táv.,2.9,0
17995,2024-02-10,13:30,AILERON DÍJ,6798,Kall Me Queen,4,kih.,,0
17995,2024-02-10,13:30,AILERON DÍJ,6378,Chesterfield,9,tü.,,0
17995,2024-02-10,13:30,AILERON DÍJ,6909,Treue,10,gal.,1.7,0
17996,2024-02-10,14:00,WIND SCOT DÍJ,6772,Drina TIM,4,I.,2.3,0
17996,2024-02-10,14:00,WIND SCOT DÍJ,6617,Diófás,5,II.,3.1,0
17996,2024-02-10,14:00,WIND SCOT DÍJ,6743,Cyrano RG,6,III.,13.2,0
17996,2024-02-10,14:00,WIND SCOT DÍJ,6514,El Valle Sagrado,7,IV.,8.9,0
17996,2024-02-10,14:00,WIND SCOT DÍJ,6518,Lolly Pop,1,V.,6.0,0
17996,2024-02-10,14:00,WIND SCOT DÍJ,6770,Top of Climb,2,6.,32.8,0
17996,2024-02-10,14:00,WIND SCOT DÍJ,6703,Etalon N,3,gal.,2.8,0
17997,2024-02-10,14:33,GLOBUS DÍJ,6776,Premal MS,8,I.,3.6,0
17997,2024-02-10,14:33,GLOBUS DÍJ,6329,Como Tiago,4,II.,2.1,0
17997,2024-02-10,14:33,GLOBUS DÍJ,6864,In Love Danover,1,III.,4.6,0
17997,2024-02-10,14:33,GLOBUS DÍJ,6331,Charming Boy,5,IV.,4.4,0
17997,2024-02-10,14:33,GLOBUS DÍJ,7092,Malvazija B Tomazic,3,V.,8.5,0
17997,2024-02-10,14:33,GLOBUS DÍJ,6441,Diána Gull,6,6.,30.0,0
17997,2024-02-10,14:33,GLOBUS DÍJ,6471,Dynamo,7,7.,20.0,0
17997,2024-02-10,14:33,GLOBUS DÍJ,6472,Dumbledore,2,8.,12.0,0
17998,2024-02-10,15:01,2024. ÉVI SEGÉDHAJTÓ KUPA I. FUTAMA - CSOBÁN M HENDIKEP,6854,Elegáns Hölgy,9,I.,15.3,0
17998,2024-02-10,15:01,2024. ÉVI SEGÉDHAJTÓ KUPA I. FUTAMA - CSOBÁN M HENDIKEP,6386,Csillagfény R.,10,II.,2.6,0
17998,2024-02-10,15:01,2024. ÉVI SEGÉDHAJTÓ KUPA I. FUTAMA - CSOBÁN M HENDIKEP,6024,Antónia Schwim,2,III.,25.6,0
17998,2024-02-10,15:01,2024. ÉVI SEGÉDHAJTÓ KUPA I. FUTAMA - CSOBÁN M HENDIKEP,6328,Credit Card,7,IV.,9.6,0
17998,2024-02-10,15:01,2024. ÉVI SEGÉDHAJTÓ KUPA I. FUTAMA - CSOBÁN M HENDIKEP,4942,Bezique Va Bene,4,V.,25.6,0
17998,2024-02-10,15:01,2024. ÉVI SEGÉDHAJTÓ KUPA I. FUTAMA - CSOBÁN M HENDIKEP,5530,Velocity,8,6.,3.8,0
17998,2024-02-10,15:01,2024. ÉVI SEGÉDHAJTÓ KUPA I. FUTAMA - CSOBÁN M HENDIKEP,5695,Vinifera M,6,7.,5.1,0
17998,2024-02-10,15:01,2024. ÉVI SEGÉDHAJTÓ KUPA I. FUTAMA - CSOBÁN M HENDIKEP,6460,Dezmin Lady,3,8.,76.8,0
17998,2024-02-10,15:01,2024. ÉVI SEGÉDHAJTÓ KUPA I. FUTAMA - CSOBÁN M HENDIKEP,6047,Baraka SS,11,9.,19.2,0
17998,2024-02-10,15:01,2024. ÉVI SEGÉDHAJTÓ KUPA I. FUTAMA - CSOBÁN M HENDIKEP,5984,Angelina Jolie,1,10.,15.3,0
17998,2024-02-10,15:01,2024. ÉVI SEGÉDHAJTÓ KUPA I. FUTAMA - CSOBÁN M HENDIKEP,5247,Universal Boy,5,gal.,5.4,0
17998,2024-02-10,15:01,2024. ÉVI SEGÉDHAJTÓ KUPA I. FUTAMA - CSOBÁN M HENDIKEP,6679,Inforgettable,12,gal.,12.8,0
17999,2024-02-10,15:38,IN TIME NOVEMBER HENDIKEP,5884,Lingot AT,2,I.,3.4,0
17999,2024-02-10,15:38,IN TIME NOVEMBER HENDIKEP,6305,Csikós,1,II.,3.6,0
17999,2024-02-10,15:38,IN TIME NOVEMBER HENDIKEP,4611,Pálinka,4,III.,5.1,0
17999,2024-02-10,15:38,IN TIME NOVEMBER HENDIKEP,5960,Ann Bella M,8,IV.,2.7,0
17999,2024-02-10,15:38,IN TIME NOVEMBER HENDIKEP,6315,Csodabogyó,5,V.,13.2,0
17999,2024-02-10,15:38,IN TIME NOVEMBER HENDIKEP,6062,Best Boy,7,6.,22.1,0
17999,2024-02-10,15:38,IN TIME NOVEMBER HENDIKEP,6572,Del Piero,6,7.,13.2,0
17999,2024-02-10,15:38,IN TIME NOVEMBER HENDIKEP,5990,Aranyérem M,3,8.,33.2,0
17999,2024-02-10,15:38,IN TIME NOVEMBER HENDIKEP,6213,Farinelli,10,gal.,6.0,0
17993,2024-02-10,16:08,SENNYEY GÉZA EMLÉKVERSENY,6300,Catania R.,5,I.,3.6,0
17993,2024-02-10,16:08,SENNYEY GÉZA EMLÉKVERSENY,6318,Bonaparte Boss,2,II.,1.9,0
17993,2024-02-10,16:08,SENNYEY GÉZA EMLÉKVERSENY,6620,Nelstrong,4,III.,3.3,0
17993,2024-02-10,16:08,SENNYEY GÉZA EMLÉKVERSENY,6464,Dolomit Boy,6,IV.,4.9,0
17993,2024-02-10,16:08,SENNYEY GÉZA EMLÉKVERSENY,6968,Qvidja's First,1,V.,10.4,0
17993,2024-02-10,16:08,SENNYEY GÉZA EMLÉKVERSENY,6855,Eternity Bar,3,gal.,13.9,0
18000,2024-02-10,16:35,ERIKA HENDIKEP,6165,Bűbájos,5,I.,3.9,0
18000,2024-02-10,16:35,ERIKA HENDIKEP,6366,Celerina Boss,8,II.,10.6,0
18000,2024-02-10,16:35,ERIKA HENDIKEP,5755,Zsóka,1,III.,12.7,0
18000,2024-02-10,16:35,ERIKA HENDIKEP,6068,Balerina R.,4,IV.,5.3,0
18000,2024-02-10,16:35,ERIKA HENDIKEP,6066,Berill Lady,6,V.,9.1,0
18000,2024-02-10,16:35,ERIKA HENDIKEP,4788,Szilvás,9,6.,3.7,0
18000,2024-02-10,16:35,ERIKA HENDIKEP,6358,Calvin,3,7.,21.3,0
18000,2024-02-10,16:35,ERIKA HENDIKEP,5955,Atom Maki,2,8.,10.6,0
18000,2024-02-10,16:35,ERIKA HENDIKEP,6316,Casino Royale,7,gal.,2.9,0
17985,2024-01-28,12:17,PRÓBAFUTAM,6329,Como Tiago,2,1.,,1
17985,2024-01-28,12:17,PRÓBAFUTAM,6471,Dynamo,3,2.,,0
17985,2024-01-28,12:17,PRÓBAFUTAM,6927,Fast Track,1,3.,,0
17984,2024-01-28,12:00,Q2 KVALIFIKÁCIÓ,7111,Emoji,2,1.,,1
17984,2024-01-28,12:00,Q2 KVALIFIKÁCIÓ,7088,Faella BD,1,2.,,0
17982,2024-01-28,12:45,NYERETLENEK VERSENYE,6778,Dancing Lady,11,I.,1.9,0
17982,2024-01-28,12:45,NYERETLENEK VERSENYE,7080,Endless Love,2,II.,3.2,0
17982,2024-01-28,12:45,NYERETLENEK VERSENYE,6690,Enterprise,9,III.,10.2,0
17982,2024-01-28,12:45,NYERETLENEK VERSENYE,7010,Blanka BBM,5,IV.,9.8,0
17982,2024-01-28,12:45,NYERETLENEK VERSENYE,6692,Excellence,7,V.,5.4,0
17982,2024-01-28,12:45,NYERETLENEK VERSENYE,7035,Firkó,4,6.,53.3,0
17982,2024-01-28,12:45,NYERETLENEK VERSENYE,6936,Aaron LV,1,7.,24.2,0
17982,2024-01-28,12:45,NYERETLENEK VERSENYE,6922,Follow the Flow,8,8.,33.3,0
17982,2024-01-28,12:45,NYERETLENEK VERSENYE,6992,Finiselj!,10,9.,53.3,0
17982,2024-01-28,12:45,NYERETLENEK VERSENYE,7034,Formula,3,gal.,14.0,0
17982,2024-01-28,12:45,NYERETLENEK VERSENYE,6995,Fany,6,gal.,13.3,0
17988,2024-01-28,13:15,2024. ÉVI KINCSEM PARK KUPA I. FUTAMA HENDIKEP,6153,Bing Crosby AT,9,I.,21.3,0
17988,2024-01-28,13:15,2024. ÉVI KINCSEM PARK KUPA I. FUTAMA HENDIKEP,5695,Vinifera M,4,II.,15.9,0
17988,2024-01-28,13:15,2024. ÉVI KINCSEM PARK KUPA I. FUTAMA HENDIKEP,5700,Vezér,8,III.,5.8,0
17988,2024-01-28,13:15,2024. ÉVI KINCSEM PARK KUPA I. FUTAMA HENDIKEP,5872,Zaharova M,2,IV.,15.9,0
17988,2024-01-28,13:15,2024. ÉVI KINCSEM PARK KUPA I. FUTAMA HENDIKEP,6435,Ducks,7,V.,7.1,0
17988,2024-01-28,13:15,2024. ÉVI KINCSEM PARK KUPA I. FUTAMA HENDIKEP,5748,Zoom Photo,6,6.,7.1,0
17988,2024-01-28,13:15,2024. ÉVI KINCSEM PARK KUPA I. FUTAMA HENDIKEP,5925,Anikó,10,7.,7.1,0
17988,2024-01-28,13:15,2024. ÉVI KINCSEM PARK KUPA I. FUTAMA HENDIKEP,5721,Zippy Boy,12,8.,12.7,0
17988,2024-01-28,13:15,2024. ÉVI KINCSEM PARK KUPA I. FUTAMA HENDIKEP,6315,Csodabogyó,11,9.,15.9,0
17988,2024-01-28,13:15,2024. ÉVI KINCSEM PARK KUPA I. FUTAMA HENDIKEP,5247,Universal Boy,3,10.,6.3,0
17988,2024-01-28,13:15,2024. ÉVI KINCSEM PARK KUPA I. FUTAMA HENDIKEP,5856,Donia d'Aunay,1,gal.,7.9,0
17988,2024-01-28,13:15,2024. ÉVI KINCSEM PARK KUPA I. FUTAMA HENDIKEP,5530,Velocity,5,gal.,3.5,0
17983,2024-01-28,13:45,ŐRANGYAL DÍJ,6899,Eunike T Boko,1,I.,1.6,0
17983,2024-01-28,13:45,ŐRANGYAL DÍJ,6696,Édes K,5,II.,2.6,0
17983,2024-01-28,13:45,ŐRANGYAL DÍJ,6657,Dreamer,3,III.,5.2,0
17983,2024-01-28,13:45,ŐRANGYAL DÍJ,6799,Exclusive Fox,2,IV.,11.7,0
17983,2024-01-28,13:45,ŐRANGYAL DÍJ,6854,Elegáns Hölgy,4,V.,11.7,0
17983,2024-01-28,13:45,ŐRANGYAL DÍJ,6732,Davide Fling,6,6.,9.3,0
17989,2024-01-28,14:15,NŐCSÁBÁSZ HENDIKEP,6076,Breeze Up,5,I.,5.2,0
17989,2024-01-28,14:15,NŐCSÁBÁSZ HENDIKEP,6066,Berill Lady,10,II.,2.6,0
17989,2024-01-28,14:15,NŐCSÁBÁSZ HENDIKEP,5904,Australian Gold,4,III.,11.7,0
17989,2024-01-28,14:15,NŐCSÁBÁSZ HENDIKEP,6358,Calvin,7,IV.,23.4,0
17989,2024-01-28,14:15,NŐCSÁBÁSZ HENDIKEP,5625,Vanderle,8,V.,6.7,0
17989,2024-01-28,14:15,NŐCSÁBÁSZ HENDIKEP,5536,Winner Boy,3,6.,4.6,0
17989,2024-01-28,14:15,NŐCSÁBÁSZ HENDIKEP,6330,Che Comandante,6,7.,11.7,0
17989,2024-01-28,14:15,NŐCSÁBÁSZ HENDIKEP,6062,Best Boy,2,8.,46.9,0
17989,2024-01-28,14:15,NŐCSÁBÁSZ HENDIKEP,6047,Baraka SS,1,9.,23.4,0
17989,2024-01-28,14:15,NŐCSÁBÁSZ HENDIKEP,5288,Usain,9,10.,3.9,0
17990,2024-01-28,14:50,HITVES HENDIKEP,5725,Zente,7,I.,1.1,0
17990,2024-01-28,14:50,HITVES HENDIKEP,6366,Celerina Boss,5,II.,7.5,0
17990,2024-01-28,14:50,HITVES HENDIKEP,6316,Casino Royale,3,III.,9.1,0
17990,2024-01-28,14:50,HITVES HENDIKEP,5540,Velence R.,6,IV.,30.7,0
17990,2024-01-28,14:50,HITVES HENDIKEP,6805,Guiness des Fanes,2,V.,7.6,0
17990,2024-01-28,14:50,HITVES HENDIKEP,6617,Diófás,4,6.,5.6,0
17990,2024-01-28,14:50,HITVES HENDIKEP,6475,Discovery LW,1,7.,43.0,0
17986,2024-01-28,15:25,KISKARCSI DÍJ,5906,Anybody,5,I.,2.0,0
17986,2024-01-28,15:25,KISKARCSI DÍJ,6864,In Love Danover,1,II.,3.3,0
17986,2024-01-28,15:25,KISKARCSI DÍJ,6620,Nelstrong,2,III.,36.2,0
17986,2024-01-28,15:25,KISKARCSI DÍJ,5884,Lingot AT,4,IV.,20.3,0
17986,2024-01-28,15:25,KISKARCSI DÍJ,5905,Adamo Fling,6,V.,25.3,0
17986,2024-01-28,15:25,KISKARCSI DÍJ,7092,Malvazija B Tomazic,3,6.,3.6,0
17986,2024-01-28,15:25,KISKARCSI DÍJ,7096,Elma di Girifalco,7,gal.,3.3,0
17987,2024-01-28,16:00,KÁMEA HENDIKEP,6442,Dulcinea del Toboso,2,I.,3.8,0
17987,2024-01-28,16:00,KÁMEA HENDIKEP,6071,Bellini Fling,6,II.,1.2,0
17987,2024-01-28,16:00,KÁMEA HENDIKEP,6328,Credit Card,3,III.,4.0,0
17987,2024-01-28,16:00,KÁMEA HENDIKEP,6788,Morena LV,5,IV.,14.1,0
17987,2024-01-28,16:00,KÁMEA HENDIKEP,6546,Count Basie AT,1,gal.,10.6,0
17972,2024-01-13,11:00,PRÓBAFUTAM,6927,Fast Track,1,1.,,1
17971,2024-01-13,10:40,Q1 KVALIFIKÁCIÓ,7094,Full Speed,2,1.,,1
17971,2024-01-13,10:40,Q1 KVALIFIKÁCIÓ,7088,Faella BD,1,2.,,0
17981,2024-01-13,11:30,MEGNYITÓ VERSENY,6308,Csábító R.,3,I.,2.0,0
17981,2024-01-13,11:30,MEGNYITÓ VERSENY,6864,In Love Danover,2,II.,8.5,0
17981,2024-01-13,11:30,MEGNYITÓ VERSENY,7092,Malvazija B Tomazic,7,III.,3.4,0
17981,2024-01-13,11:30,MEGNYITÓ VERSENY,6617,Diófás,1,IV.,17.0,0
17981,2024-01-13,11:30,MEGNYITÓ VERSENY,6620,Nelstrong,4,V.,17.0,0
17981,2024-01-13,11:30,MEGNYITÓ VERSENY,6052,Auróra,5,6.,6.8,0
17981,2024-01-13,11:30,MEGNYITÓ VERSENY,6472,Dumbledore,6,7.,17.0,0
17981,2024-01-13,11:30,MEGNYITÓ VERSENY,6331,Charming Boy,8,kih.,4.2,0
17973,2024-01-13,12:00,NYERETLENEK VERSENYE,6934,Zaira LV,7,I.,1.7,0
17973,2024-01-13,12:00,NYERETLENEK VERSENYE,6706,Eperke,8,II.,7.6,0
17973,2024-01-13,12:00,NYERETLENEK VERSENYE,6995,Fany,9,III.,7.6,0
17973,2024-01-13,12:00,NYERETLENEK VERSENYE,7085,El Nino N,3,IV.,7.6,0
17973,2024-01-13,12:00,NYERETLENEK VERSENYE,7034,Formula,5,V.,7.6,0
17973,2024-01-13,12:00,NYERETLENEK VERSENYE,6924,Felix Charme,4,6.,38.0,0
17973,2024-01-13,12:00,NYERETLENEK VERSENYE,7058,Great Cole TG,1,gal.,7.6,0
17973,2024-01-13,12:00,NYERETLENEK VERSENYE,6936,Aaron LV,2,gal.,38.0,0
17973,2024-01-13,12:00,NYERETLENEK VERSENYE,7000,Fantastic Dream BD,6,gal.,5.4,0
17973,2024-01-13,12:00,NYERETLENEK VERSENYE,6992,Finiselj!,10,gal.,,0
17974,2024-01-13,12:30,KÖZLEGÉNY DÍJ,6973,Edoardo Ama,5,I.,3.3,0
17974,2024-01-13,12:30,KÖZLEGÉNY DÍJ,6881,Everton,2,II.,4.4,0
17974,2024-01-13,12:30,KÖZLEGÉNY DÍJ,6778,Dancing Lady,7,III.,13.2,0
17974,2024-01-13,12:30,KÖZLEGÉNY DÍJ,6798,Kall Me Queen,6,IV.,3.3,0
17974,2024-01-13,12:30,KÖZLEGÉNY DÍJ,7010,Blanka BBM,1,V.,26.5,0
17974,2024-01-13,12:30,KÖZLEGÉNY DÍJ,6690,Enterprise,3,6.,2.9,0
17974,2024-01-13,12:30,KÖZLEGÉNY DÍJ,6999,First Lady KJ,4,gal.,5.3,0
17975,2024-01-13,13:00,KAPOS DÍJ,6703,Etalon N,1,I.,4.2,0
17975,2024-01-13,13:00,KAPOS DÍJ,6535,Kokomo Harley,5,II.,4.0,0
17975,2024-01-13,13:00,KAPOS DÍJ,6518,Lolly Pop,2,III.,5.1,0
17975,2024-01-13,13:00,KAPOS DÍJ,6770,Top of Climb,8,IV.,85.9,0
17975,2024-01-13,13:00,KAPOS DÍJ,6877,Petra La Roque,7,V.,2.4,0
17975,2024-01-13,13:00,KAPOS DÍJ,6475,Discovery LW,6,6.,4.8,0
17975,2024-01-13,13:00,KAPOS DÍJ,6507,Despasito,3,7.,6.6,0
17975,2024-01-13,13:00,KAPOS DÍJ,6572,Del Piero,4,8.,85.9,0
17979,2024-01-13,13:30,KERESZTAPA HENDIKEP,5894,Apollo Creed,2,I.,6.6,0
17979,2024-01-13,13:30,KERESZTAPA HENDIKEP,6360,Chip Chip Chip,3,II.,3.3,0
17979,2024-01-13,13:30,KERESZTAPA HENDIKEP,6749,Diana Krall AT,4,III.,1.8,0
17979,2024-01-13,13:30,KERESZTAPA HENDIKEP,5288,Usain,6,IV.,8.3,0
17979,2024-01-13,13:30,KERESZTAPA HENDIKEP,6330,Che Comandante,5,V.,33.3,0
17979,2024-01-13,13:30,KERESZTAPA HENDIKEP,4611,Pálinka,1,6.,4.7,0
17979,2024-01-13,13:30,KERESZTAPA HENDIKEP,6213,Farinelli,8,gal.,8.3,0
17978,2024-01-13,14:00,KHÁN HENDIKEP,6003,Ambrosia Gielle,7,I.,1.5,0
17978,2024-01-13,14:00,KHÁN HENDIKEP,6696,Édes K,6,II.,4.6,0
17978,2024-01-13,14:00,KHÁN HENDIKEP,5884,Lingot AT,1,III.,7.7,0
17978,2024-01-13,14:00,KHÁN HENDIKEP,5700,Vezér,5,IV.,2.8,0
17978,2024-01-13,14:00,KHÁN HENDIKEP,4803,Sziklaszirt,2,V.,,0
17978,2024-01-13,14:00,KHÁN HENDIKEP,6679,Inforgettable,4,6.,11.5,0
17978,2024-01-13,14:00,KHÁN HENDIKEP,5990,Aranyérem M,8,7.,23.1,0
17978,2024-01-13,14:00,KHÁN HENDIKEP,6698,Easy Bet,3,8.,,0
17980,2024-01-13,14:30,KÉZMŰVES HENDIKEP,4788,Szilvás,11,I.,11.0,0
17980,2024-01-13,14:30,KÉZMŰVES HENDIKEP,5725,Zente,10,II.,2.8,0
17980,2024-01-13,14:30,KÉZMŰVES HENDIKEP,5625,Vanderle,2,III.,101.4,0
17980,2024-01-13,14:30,KÉZMŰVES HENDIKEP,6068,Balerina R.,4,IV.,2.3,0
17980,2024-01-13,14:30,KÉZMŰVES HENDIKEP,6743,Cyrano RG,7,V.,21.1,0
17980,2024-01-13,14:30,KÉZMŰVES HENDIKEP,5270,Une Dame,5,6.,26.6,0
17980,2024-01-13,14:30,KÉZMŰVES HENDIKEP,6358,Calvin,3,7.,72.4,0
17980,2024-01-13,14:30,KÉZMŰVES HENDIKEP,5508,Vitya,1,8.,169.0,0
17980,2024-01-13,14:30,KÉZMŰVES HENDIKEP,5955,Atom Maki,6,gal.,20.2,0
17980,2024-01-13,14:30,KÉZMŰVES HENDIKEP,6316,Casino Royale,8,gal.,3.2,0
17980,2024-01-13,14:30,KÉZMŰVES HENDIKEP,6366,Celerina Boss,9,gal.,6.9,0
17976,2024-01-13,15:00,ÉVNYITÓ DÍJ,6355,Coach Degli Dei,1,I.,1.2,0
17976,2024-01-13,15:00,ÉVNYITÓ DÍJ,6300,Catania R.,3,II.,2.1,0
17976,2024-01-13,15:00,ÉVNYITÓ DÍJ,5747,Zóna,4,III.,22.5,0
17976,2024-01-13,15:00,ÉVNYITÓ DÍJ,6968,Qvidja's First,5,IV.,13.3,0
17976,2024-01-13,15:00,ÉVNYITÓ DÍJ,7084,Hat Trick,6,V.,14.4,0
17977,2024-01-13,15:30,KÖVET HENDIKEP,6340,Cunami,5,I.,2.6,0
17977,2024-01-13,15:30,KÖVET HENDIKEP,6695,Ékszer K,11,II.,5.6,0
17977,2024-01-13,15:30,KÖVET HENDIKEP,5907,Always Winner,3,III.,13.1,0
17977,2024-01-13,15:30,KÖVET HENDIKEP,6442,Dulcinea del Toboso,8,IV.,2.8,0
17977,2024-01-13,15:30,KÖVET HENDIKEP,5984,Angelina Jolie,4,V.,19.7,0
17977,2024-01-13,15:30,KÖVET HENDIKEP,6378,Chesterfield,1,6.,,0
17977,2024-01-13,15:30,KÖVET HENDIKEP,6390,Airline,6,7.,13.1,0
17977,2024-01-13,15:30,KÖVET HENDIKEP,6781,Ernesto,7,8.,13.1,0
17977,2024-01-13,15:30,KÖVET HENDIKEP,6779,Elton John A.T.,9,9.,7.8,0
17977,2024-01-13,15:30,KÖVET HENDIKEP,6024,Antónia Schwim,10,10.,39.4,0
17977,2024-01-13,15:30,KÖVET HENDIKEP,6262,Bronz Boy,2,gal.,7.8,0
