race_id,date,distance,track_quality,temperature,horse_id,driver_id,h_age,h_sex,h_win_rate,h_top_3_rate,h_avg_percentile,h_avg_speed,h_best_speed,h_speed_ratio,h_points_l5,h_gallop_rate,h_total_prize,h_days_since,dist_diff,d_win_rate,d_top_3_rate,t_win_rate,t_top3_rate,hd_pair_runs,win,market_odds,horse_name,year_month,ml_prob,prob_norm,fair_odds
18391,2025-01-11,1900.0,0,4.0,5907,2144,9,1,0.0823529411764705,0.2823529411764706,0.4474522536287242,12.262168152322657,12.804097311139566,0.8688731313731313,10,0.4,3068000.0,365,0.0,0.0428571428571428,0.1714285714285714,0.1236363636363636,0.4109090909090909,9,0,27.6,Always Winner,2025-01,0.0895927498737971,0.07130275079743933,14.024704360156504
18386,2025-01-11,1800.0,0,4.0,7104,2403,4,2,0.0,0.3333333333333333,0.3558982683982684,11.851971449413972,12.224938875305623,0.9627776008000208,4,0.1666666666666666,190000.0,126,100.0,0.0806451612903225,0.2903225806451613,0.1564245810055866,0.3407821229050279,11,1,8.5,Florentin,2025-01,0.13059914112091064,0.12003358528858465,8.33100167420477
18386,2025-01-11,1800.0,0,4.0,7082,110,4,1,0.1111111111111111,0.2222222222222222,0.3144540644540645,12.05617001112642,12.330456226880395,0.9735275662659992,7,0.2222222222222222,110000.0,365,100.0,0.1649854292759471,0.412687738175297,0.1153846153846153,0.2788461538461538,0,0,1.6,Fire Bird,2025-01,0.06879424303770065,0.06322874383518674,15.815591760080181
18386,2025-01-11,1800.0,0,4.0,7103,91,3,1,0.0,0.6,0.4416666666666667,11.610031396123471,12.106537530266344,0.9589885933197988,9,0.0,140000.0,154,100.0,0.0955173858399664,0.3246753246753247,0.1058823529411764,0.3294117647058823,0,0,7.8,Grace Kelly,2025-01,0.049606037636597954,0.04559287678598634,21.933250772791006
18386,2025-01-11,1800.0,0,4.0,7191,32,3,1,0.2,0.2,0.35,11.589407258356797,11.876484560570072,0.9758280911536422,6,0.0,191000.0,161,100.0,0.062480376766091,0.2781789638932496,0.1123595505617977,0.4089887640449438,10,0,102.6,Glitter Lady,2025-01,0.0895927498737971,0.08234463788133885,12.144081578706203
18386,2025-01-11,1800.0,0,4.0,7169,2271,3,0,1.0,1.0,1.0,11.389521640091116,11.389521640091116,1.0,5,0.0,0.0,28,100.0,0.1949152542372881,0.4067796610169492,0.1811320754716981,0.4981132075471698,1,0,11.4,Giorgio Ville,2025-01,0.18394924451907477,0.16906763047016518,5.9147927797832756
18386,2025-01-11,1800.0,0,4.0,7086,1854,4,2,0.0666666666666666,0.2,0.2505651755651755,11.838228771273547,12.43781094527363,0.9316338354577058,5,0.5,145000.0,308,100.0,0.0351105331599479,0.1495448634590377,0.0355555555555555,0.1377777777777777,13,0,20.5,Fakta,2025-01,0.05593520154555639,0.05141000720009865,19.451465861651954
18386,2025-01-11,1800.0,0,4.0,7098,138,4,2,0.3333333333333333,0.6666666666666666,0.4259259259259259,11.836464991782371,12.1654501216545,0.9729574223245108,7,0.3333333333333333,60000.0,105,100.0,0.1287332646755921,0.3773429454170958,0.1058823529411764,0.3294117647058823,7,0,7.3,Fernando,2025-01,0.1530458057920138,0.14066430012421016,7.109124341549167
18386,2025-01-11,1800.0,0,4.0,6912,2274,4,1,0.2,0.2,0.3333333333333333,12.218045112781954,12.531328320802006,0.975,6,0.6,23717.0,249,100.0,0.0625,0.4375,0.2152466367713004,0.5381165919282511,0,0,4.6,Fiona TIM,2025-01,0.17671139041582742,0.16241532349209603,6.157054509999268
18393,2025-01-11,1800.0,0,4.0,6228,635,7,2,0.3125,0.5,0.5702463624338624,12.729744495955584,13.280212483399737,0.8956569797780355,8,0.6,4639000.0,365,100.0,0.2049151955694012,0.4562132225683628,0.1335740072202166,0.296028880866426,12,1,1.0,Creatine,2025-01,0.18394924451907477,0.23787395676358025,4.203907033815756
18391,2025-01-11,1900.0,0,4.0,6435,2232,6,1,0.1,0.375,0.4956746031746031,12.544231728723757,12.9366106080207,0.9401278145315196,7,0.3,2325000.0,365,0.0,0.1666666666666666,0.3333333333333333,0.2441471571906354,0.4816053511705686,0,0,5.1,Ducks,2025-01,0.1047331914305687,0.08335233218439722,11.997264789037189
18386,2025-01-11,1800.0,0,4.0,6982,635,4,0,0.2222222222222222,0.3333333333333333,0.5324675324675324,11.812634898250876,12.239902080783354,0.9500744603738238,11,0.3333333333333333,190000.0,308,100.0,0.2049151955694012,0.4562132225683628,0.1335740072202166,0.296028880866426,11,0,10.2,Farkasfog,2025-01,0.09019509951273601,0.0828982570409946,12.062979798302429
18391,2025-01-11,1900.0,0,4.0,5990,2277,9,1,0.0555555555555555,0.2592592592592592,0.4380184116295227,12.32102276218486,12.755102040816324,0.946390525340854,3,0.1,1999000.0,365,0.0,0.0704225352112676,0.2535211267605634,0.0425531914893617,0.2765957446808511,9,0,13.8,Aranyérem M,2025-01,0.09334985663493474,0.07429285934401404,13.460243808486185
18388,2025-01-11,1900.0,0,4.0,6518,2225,6,1,0.1666666666666666,0.7083333333333334,0.6392887205387205,12.520741598075723,12.87001287001287,0.9602805065346166,12,0.3,1848000.0,365,0.0,0.1363636363636363,0.5454545454545454,0.2441471571906354,0.4816053511705686,10,0,7.6,Lolly Pop,2025-01,0.18394924451907477,0.22987251783361556,4.350237294237199
18391,2025-01-11,1900.0,0,4.0,5540,1409,11,1,0.1481481481481481,0.4074074074074074,0.5991014643792423,12.57096312602114,13.280212483399737,0.8868447387371132,10,0.1,7963000.0,365,0.0,0.0812182741116751,0.3350253807106599,0.1082251082251082,0.3939393939393939,3,0,13.8,Velence R.,2025-01,0.08837691694498062,0.07033512526460504,14.217647245781377
18391,2025-01-11,1900.0,0,4.0,6021,1076,9,1,0.1123595505617977,0.5056179775280899,0.6266387794477682,12.49945908915062,13.03780964797914,0.8910351652697485,6,0.1,6031000.0,365,0.0,0.12,0.3789473684210526,0.1196172248803827,0.3397129186602871,9,0,3.9,Anna,2025-01,0.23672954241434732,0.18840215969415997,5.307794781245269
18391,2025-01-11,1900.0,0,4.0,6328,175,7,1,0.0588235294117647,0.2794117647058823,0.5066441728206434,12.383889452587834,12.953367875647668,0.9097944702591492,14,0.1,2602000.0,365,0.0,0.0825396825396825,0.2619047619047619,0.0973451327433628,0.3716814159292035,16,0,20.7,Credit Card,2025-01,0.09019509951273601,0.07178213318338783,13.931043222764309
18391,2025-01-11,1900.0,0,4.0,6330,860,7,0,0.0612244897959183,0.4897959183673469,0.6143681715110286,12.544777797777575,13.020833333333334,0.905217393616989,13,0.0,4450000.0,365,0.0,0.1624940954180444,0.4227680680207841,0.1236363636363636,0.4109090909090909,8,0,6.9,Che Comandante,2025-01,0.17673667271931967,0.14065659274244305,7.109513891262138
18391,2025-01-11,1900.0,0,4.0,4788,33,14,2,0.1741935483870967,0.4709677419354838,0.6072913466461853,12.521546724616083,13.14060446780552,0.8871785724942964,2,0.3,11177000.0,365,0.0,0.1040327293980128,0.335086693941165,0.1123595505617977,0.4089887640449438,9,0,8.2,Szilvás,2025-01,0.154324509203434,0.12281978214944624,8.142010859319122
18391,2025-01-11,1900.0,0,4.0,6303,5,7,2,0.225,0.375,0.5115972222222223,12.422458619229085,12.9366106080207,0.8695438164940731,1,0.5,2530000.0,365,0.0,0.2180360114994704,0.464064154940233,0.2441471571906354,0.4816053511705686,7,1,2.0,CR-Seven,2025-01,0.13059914112091064,0.10393785241351741,9.62113394474896
18388,2025-01-11,1900.0,0,4.0,6378,1492,7,2,0.1111111111111111,0.3055555555555556,0.4576879910213243,12.364835790976066,12.78772378516624,0.9291069580626344,5,0.4,1600000.0,365,0.0,0.0946843853820598,0.3588039867109635,0.1058823529411764,0.3294117647058823,9,0,7.6,Chesterfield,2025-01,0.13059914112091064,0.1632034612311677,6.127321028955148
18393,2025-01-11,1800.0,0,4.0,6624,138,6,1,0.2727272727272727,0.6666666666666666,0.7117713935895754,12.635678395523591,13.10615989515072,0.8934047580845881,7,0.1,4804000.0,365,100.0,0.1287332646755921,0.3773429454170958,0.1058823529411764,0.3294117647058823,4,0,6.4,My Dyla LV,2025-01,0.0895927498737971,0.11585686021993925,8.631340415247138
18388,2025-01-11,1900.0,0,4.0,6310,719,7,2,0.3225806451612903,0.6451612903225806,0.6808243727598566,12.511997596327673,13.03780964797914,0.9201989774646764,9,0.2,3175000.0,365,0.0,0.1569839307787391,0.3992583436341162,0.1441441441441441,0.4504504504504504,2,0,1.4,Compact Boy,2025-01,0.1577437942226728,0.1971248278045166,5.072927703412749
18388,2025-01-11,1900.0,0,4.0,6704,23,5,1,0.032258064516129,0.3225806451612903,0.4762346972024391,12.541293061432995,13.03780964797914,0.9279059752321728,11,0.2,2138000.0,365,0.0,0.0821389195148842,0.3183572216097023,0.0930232558139534,0.3255813953488372,17,0,7.6,Emerald,2025-01,0.1047331914305687,0.13088002877010113,7.640585117509119
18388,2025-01-11,1900.0,0,4.0,6861,1408,5,1,0.1785714285714285,0.4642857142857143,0.4877435064935064,12.591451674911092,13.020833333333334,0.9320172537869386,17,0.3,2552519.0,365,0.0,0.1278195488721804,0.4035087719298245,0.1196172248803827,0.3397129186602871,1,0,4.4,Emeli Sandé A.T.,2025-01,0.11846430102984111,0.14803913559049783,6.754970542155657
18388,2025-01-11,1900.0,0,4.0,6340,33,7,2,0.1509433962264151,0.3584905660377358,0.5454545454545455,12.490177244627214,12.987012987012989,0.9060671553108476,13,0.4,3429500.0,365,0.0,0.1040327293980128,0.335086693941165,0.1123595505617977,0.4089887640449438,10,1,5.3,Cunami,2025-01,0.1047331914305687,0.13088002877010113,7.640585117509119
18391,2025-01-11,1900.0,0,4.0,5925,1064,9,1,0.1139240506329113,0.3291139240506329,0.5671041335598297,12.392777407215274,12.804097311139566,0.9301337412082138,8,0.0,4156640.0,365,0.0,0.0998593530239099,0.2770745428973277,0.0833333333333333,0.2794117647058823,5,0,20.7,Anikó,2025-01,0.09187414993842442,0.07311841222658985,13.67644577539589
18393,2025-01-11,1800.0,0,4.0,6342,33,7,2,0.1538461538461538,0.4615384615384615,0.6045405982905983,12.66876740526892,13.14060446780552,0.9009068043951408,10,0.3,4125000.0,365,100.0,0.1040327293980128,0.335086693941165,0.1123595505617977,0.4089887640449438,4,0,6.9,Carlos Fox,2025-01,0.20288864026467004,0.2623654354673642,3.8114776750933363
18386,2025-01-11,1800.0,0,4.0,7064,23,3,1,0.0,0.6666666666666666,0.2222222222222222,11.19911168144934,11.7096018735363,0.9564041375957736,4,0.0,35000.0,105,100.0,0.0821389195148842,0.3183572216097023,0.0780141843971631,0.3333333333333333,7,0,102.6,Ganybody,2025-01,0.0895927498737971,0.08234463788133885,12.144081578706203
18393,2025-01-11,1800.0,0,4.0,6068,2225,8,1,0.1428571428571428,0.4761904761904761,0.5840702947845805,12.648537873984306,13.054830287206268,0.9193691405491446,5,0.1,5449000.0,365,100.0,0.1363636363636363,0.5454545454545454,0.2441471571906354,0.4816053511705686,8,0,12.8,Balerina R.,2025-01,0.11846430102984111,0.1531921052183396,6.527751535072473
18393,2025-01-11,1800.0,0,4.0,6121,2274,8,1,0.0886075949367088,0.4050632911392405,0.6100763512155918,12.563735063048314,13.315579227696404,0.8855479226589896,6,0.0,7477400.0,365,100.0,0.0625,0.4375,0.2152466367713004,0.5381165919282511,1,0,19.2,Farya BD,2025-01,0.09019509951273601,0.1166357886267621,8.573697762699826
18390,2025-01-11,1800.0,0,4.0,6131,138,8,2,0.025,0.1875,0.476468253968254,12.271254234776023,12.706480304955528,0.9217319384704712,1,0.3,2777000.0,365,100.0,0.1287332646755921,0.3773429454170958,0.1058823529411764,0.3294117647058823,4,0,3.1,Bulibáró,2025-01,0.06748390694459279,0.07403039308242754,13.507965557964438
18390,2025-01-11,1800.0,0,4.0,6460,100,6,1,0.088235294117647,0.3823529411764705,0.5188651218062983,12.299859817782968,12.77139208173691,0.9560919041367456,10,0.1,1285000.0,365,100.0,0.0631578947368421,0.2105263157894736,0.1058823529411764,0.3294117647058823,1,0,6.8,Dezmin Lady,2025-01,0.0895927498737971,0.09828397303580023,10.174598859935658
18390,2025-01-11,1800.0,0,4.0,6919,1854,4,1,0.1428571428571428,0.3571428571428571,0.5462945784374356,12.387658772875984,12.674271229404308,0.9687244541375224,15,0.0,700000.0,365,100.0,0.0351105331599479,0.1495448634590377,0.0355555555555555,0.1377777777777777,11,0,7.9,Fermina Daza,2025-01,0.04778785506884257,0.052423664477771595,19.07535480324949
18390,2025-01-11,1800.0,0,4.0,4611,33,16,1,0.1455696202531645,0.3734177215189873,0.4913134509653497,12.361884120021758,12.836970474967906,0.8903601411252664,8,0.6,7820000.0,365,100.0,0.1040327293980128,0.335086693941165,0.1123595505617977,0.4089887640449438,5,0,4.3,Pálinka,2025-01,0.09019509951273601,0.09894475547360897,10.106649869549932
18390,2025-01-11,1800.0,0,4.0,5721,615,10,2,0.075,0.3625,0.5549720418470419,12.420857435481192,12.903225806451612,0.9334754569776736,8,0.3,3754000.0,365,100.0,0.1136131013306038,0.3613101330603889,0.1441441441441441,0.4504504504504504,8,0,5.9,Zippy Boy,2025-01,0.1577437942226728,0.17304622125992258,5.778802869656187
18390,2025-01-11,1800.0,0,4.0,6071,1409,8,1,0.0641025641025641,0.2948717948717949,0.5012649387649387,12.451678236505645,12.97016861219196,0.9184460237278224,7,0.1,4278000.0,365,100.0,0.0812182741116751,0.3350253807106599,0.1082251082251082,0.3939393939393939,0,0,47.6,Bellini Fling,2025-01,0.0750546579559644,0.08233556832607775,12.145419292421096
18390,2025-01-11,1800.0,0,4.0,6546,1408,7,2,0.0857142857142857,0.2857142857142857,0.4339569160997732,12.462379494621285,13.020833333333334,0.93419898329388,5,0.3,1673040.0,365,100.0,0.1278195488721804,0.4035087719298245,0.1196172248803827,0.3397129186602871,6,1,5.2,Count Basie AT,2025-01,0.25311308602492016,0.2776671076278363,3.6014348568081864
18389,2025-01-11,1800.0,0,4.0,5725,1076,10,2,0.3095238095238095,0.5238095238095238,0.5962537792894936,12.757597126142915,13.280212483399737,0.9073577980352886,5,0.2,10055000.0,365,100.0,0.12,0.3789473684210526,0.1196172248803827,0.3397129186602871,4,0,18.9,Zente,2025-01,0.22457265357176462,0.1862170079733078,5.370078763929765
18389,2025-01-11,1800.0,0,4.0,6331,635,7,0,0.2040816326530612,0.5510204081632653,0.6540573372206026,12.813495321825322,13.368983957219251,0.93040529204466,15,0.0,6674400.0,365,100.0,0.2049151955694012,0.4562132225683628,0.1335740072202166,0.296028880866426,8,0,5.1,Charming Boy,2025-01,0.16834985464811325,0.13959672171435963,7.163492005537082
18389,2025-01-11,1800.0,0,4.0,6308,860,7,2,0.2448979591836734,0.6530612244897959,0.6111192095885973,12.787517594466896,13.333333333333334,0.8735735460509194,15,0.3,5247000.0,365,100.0,0.1624940954180444,0.4227680680207841,0.1236363636363636,0.4109090909090909,9,0,8.5,Csábító R.,2025-01,0.1773819550871849,0.14708619424241542,6.798734613745474
18389,2025-01-11,1800.0,0,4.0,6023,615,9,0,0.1978021978021978,0.5164835164835165,0.6740798883656026,12.69874962806615,13.315579227696404,0.906803376845769,6,0.2,10010100.0,365,100.0,0.1136131013306038,0.3613101330603889,0.1082251082251082,0.3939393939393939,1,0,15.0,Acélos Fiú,2025-01,0.16834985464811325,0.13959672171435963,7.163492005537082
18389,2025-01-11,1800.0,0,4.0,5906,28,9,1,0.1797752808988764,0.6292134831460674,0.7008962011771,12.692131798062356,13.386880856760374,0.8710076069205591,6,0.0,10241440.0,365,100.0,0.1426626735638442,0.3988565205554043,0.0780141843971631,0.3333333333333333,14,0,4.0,Anybody,2025-01,0.21764706571896872,0.18047426847278436,5.54095610671945
18390,2025-01-11,1800.0,0,4.0,6709,5,5,2,0.0333333333333333,0.2,0.4505026455026455,12.146457751117726,12.642225031605564,0.937470692226725,3,0.0,960000.0,365,100.0,0.2180360114994704,0.464064154940233,0.1564245810055866,0.3407821229050279,8,0,3.6,Eccelenza,2025-01,0.13059914112091064,0.14326831671655496,6.979910303395418
18387,2025-01-11,1980.0,0,4.0,6057,175,8,2,0.2142857142857142,0.5,0.6467867450010306,12.056781037222269,12.515644555694616,0.9273759858996676,20,0.0,355000.0,365,80.0,0.0825396825396825,0.2619047619047619,0.0973451327433628,0.3716814159292035,14,0,27.5,Bitangjó,2025-01,0.09019509951273601,0.14913276772346923,6.705434461286597
18389,2025-01-11,1800.0,0,4.0,6916,2450,4,1,0.6923076923076923,0.7692307692307693,0.7794871794871795,12.766334039263215,13.26259946949602,0.9245958228180686,15,0.2,9100000.0,365,100.0,0.4,0.625,0.4215686274509804,0.7254901960784313,1,1,1.2,Freya T Boko,2025-01,0.2496714542309443,0.2070290858827731,4.830239170191931
18392,2025-01-11,1900.0,0,4.0,6727,635,6,0,0.0588235294117647,0.3235294117647059,0.40078197945845,12.253867539259408,12.97016861219196,0.8864977718387062,4,0.2,1375000.0,365,0.0,0.2049151955694012,0.4562132225683628,0.1335740072202166,0.296028880866426,15,1,15.4,Västerbo No Edge,2025-01,0.1577437942226728,0.1543405591005743,6.479178291354778
18392,2025-01-11,1900.0,0,4.0,5228,138,12,2,0.2371134020618556,0.5154639175257731,0.6328870442272504,12.6850543299257,13.26259946949602,0.8396436525612474,3,0.5,11133000.0,365,0.0,0.1287332646755921,0.3773429454170958,0.1403508771929824,0.3450292397660818,1,0,2.0,Uptown Boy M,2025-01,0.16452291359504065,0.16097342272159149,6.212205611913532
18392,2025-01-11,1900.0,0,4.0,6163,33,8,2,0.1038961038961039,0.3246753246753247,0.4918212739641311,12.614425484321288,13.227513227513228,0.8867931688804555,2,0.3,4635000.0,365,0.0,0.1040327293980128,0.335086693941165,0.1123595505617977,0.4089887640449438,9,0,2.4,Bombay,2025-01,0.13187784453233084,0.1290326529699577,7.749976281064508
18392,2025-01-11,1900.0,0,4.0,5905,28,9,0,0.1818181818181818,0.5113636363636364,0.6621482683982683,12.694691916038476,13.26259946949602,0.9015243416546748,8,0.1,8407500.0,365,0.0,0.1426626735638442,0.3988565205554043,0.0780141843971631,0.3333333333333333,10,0,3.5,Adamo Fling,2025-01,0.23817661901315054,0.23303809017857707,4.291143989524202
18392,2025-01-11,1900.0,0,4.0,6441,1408,6,1,0.119047619047619,0.3809523809523809,0.5007919329347901,12.616039992060603,13.054830287206268,0.9073133897625992,7,0.2,6037000.0,365,0.0,0.1278195488721804,0.4035087719298245,0.1196172248803827,0.3397129186602871,5,0,6.6,Diána Gull,2025-01,0.1530458057920138,0.14974392717214233,6.678067143587212
18393,2025-01-11,1800.0,0,4.0,6788,1492,5,1,0.12,0.36,0.5448614718614718,12.14531507923324,12.755102040816324,0.9249818830691974,10,0.1,1577000.0,365,100.0,0.0946843853820598,0.3588039867109635,0.1058823529411764,0.3294117647058823,0,0,25.6,Morena LV,2025-01,0.08821548769871394,0.11407585370401484,8.76609700940424
18387,2025-01-11,1980.0,0,4.0,7274,2237,4,0,0.2857142857142857,0.5714285714285714,0.5079365079365079,12.500876699512183,12.919896640826872,0.9695935809797196,9,0.4285714285714285,600398.0,365,80.0,0.2280701754385964,0.4736842105263157,0.4215686274509804,0.7254901960784313,2,1,1.0,Lucky de Sajan,2025-01,0.2269364446401596,0.37522726034280784,2.665051571909779
18387,2025-01-11,1980.0,0,4.0,7247,2274,4,1,0.3333333333333333,0.8333333333333334,0.8541666666666666,12.304575395543695,12.547051442910917,0.9802621185733258,16,0.0,560000.0,365,80.0,0.0625,0.4375,0.2152466367713004,0.5381165919282511,0,0,8.4,Fancy Jet,2025-01,0.13059914112091064,0.21593868716691364,4.630944149563308
18387,2025-01-11,1980.0,0,4.0,6999,1854,4,1,0.0909090909090909,0.0909090909090909,0.2078282828282828,11.847362250690813,12.360939431396783,0.9125848098173248,5,0.6,465000.0,365,80.0,0.0351105331599479,0.1495448634590377,0.0355555555555555,0.1377777777777777,22,0,27.5,First Lady KJ,2025-01,0.022108842929204304,0.03655578800852829,27.35544914985022
18387,2025-01-11,1980.0,0,4.0,6927,23,4,2,0.1111111111111111,0.4444444444444444,0.4858625941959275,12.208114376664897,12.78772378516624,0.9137354954875132,10,0.1,880000.0,365,80.0,0.0821389195148842,0.3183572216097023,0.0780141843971631,0.3333333333333333,3,0,13.7,Fast Track,2025-01,0.05990314235289892,0.09904663848349463,10.096253798321912
18387,2025-01-11,1980.0,0,4.0,7149,33,4,1,0.1333333333333333,0.4666666666666667,0.3987950937950938,11.98831586216408,12.547051442910917,0.9146045785556016,11,0.2,575000.0,245,80.0,0.1040327293980128,0.335086693941165,0.1123595505617977,0.4089887640449438,13,0,5.5,Füge M,2025-01,0.0750546579559644,0.12409885827478627,8.058091862422675
18392,2025-01-11,1900.0,0,4.0,6679,1064,10,1,0.1568627450980392,0.2352941176470588,0.4894837733073027,12.585945106992186,13.477088948787062,0.9862385321100916,0,0.3,7068200.0,365,0.0,0.0998593530239099,0.2770745428973277,0.0833333333333333,0.2794117647058823,2,0,15.4,Inforgettable,2025-01,0.17668318996826807,0.17287134785715708,5.784648597905861
18399,2025-01-26,1900.0,0,13.0,6307,2467,7,2,0.0727272727272727,0.3272727272727272,0.4777541650268923,12.386478033424796,12.97016861219196,0.8836663066753205,3,0.2,2598000.0,365,0.0,0.0,0.0,0.1196172248803827,0.3397129186602871,1,0,8.0,Csípkedd Magad!,2025-01,0.07307504614194234,0.0847963425078279,11.792961470097438
18400,2025-01-26,1900.0,0,12.0,6877,23,6,1,0.1111111111111111,0.3888888888888889,0.5810405643738977,12.576985494950453,13.003901170351105,0.933924972108228,18,0.1,2004000.0,365,0.0,0.0820710548058386,0.3183695951528504,0.0780141843971631,0.3333333333333333,4,0,5.3,Petra La Roque,2025-01,0.09019509951273601,0.06447282167350904,15.51041158186017
18395,2025-01-26,1900.0,0,13.0,6922,110,4,0,0.0555555555555555,0.2222222222222222,0.3889870931537598,11.813654318763252,12.391573729863692,0.9071379118289156,5,0.1,245000.0,365,0.0,0.1649484536082474,0.4128193635141192,0.1144578313253012,0.3313253012048193,5,1,1.7,Follow the Flow,2025-01,0.13059914112091064,0.1318848257278849,7.582373441985497
18395,2025-01-26,1900.0,0,13.0,7240,635,3,1,0.25,0.25,0.5381944444444444,11.934006818185331,12.330456226880395,0.9678479529548304,6,0.0,56000.0,134,0.0,0.2053231939163498,0.4562737642585551,0.1335740072202166,0.296028880866426,3,0,4.5,Gana Ris,2025-01,0.0895927498737971,0.09047474663442354,11.052807962432285
18395,2025-01-26,1900.0,0,13.0,7191,32,3,1,0.1666666666666666,0.1666666666666666,0.4027777777777778,11.641966366090983,11.904761904761903,0.9735102097019708,6,0.0,231000.0,176,0.0,0.0624607658505963,0.2780916509730069,0.1123595505617977,0.4089887640449438,9,0,14.3,Glitter Lady,2025-01,0.0895927498737971,0.09047474663442354,11.052807962432285
18395,2025-01-26,1900.0,0,13.0,7113,27,3,0,0.0,1.0,0.0,11.402508551881413,11.402508551881413,1.0,2,0.0,0.0,36,0.0,0.0595427963849016,0.2280701754385964,0.1058823529411764,0.3294117647058823,0,0,12.5,Gombóc Artúr,2025-01,0.08333233495553334,0.0841527009961979,11.883159876771881
18395,2025-01-26,1900.0,0,13.0,7201,2125,3,1,0.6666666666666666,0.6666666666666666,0.6666666666666666,11.10601623130097,11.389521640091116,0.9751082251082251,10,0.3333333333333333,0.0,71,0.0,0.0252100840336134,0.1848739495798319,0.1058823529411764,0.3294117647058823,4,0,20.1,Renebell BD,2025-01,0.053653801480929054,0.05418199688924203,18.456314964621626
18395,2025-01-26,1900.0,0,13.0,7192,33,3,1,0.2,0.4,0.3,11.123690739125324,11.1731843575419,0.9955703211517164,8,0.6,0.0,130,0.0,0.1041058571706557,0.3354738275929169,0.1123595505617977,0.4089887640449438,2,0,16.7,Grófnő R.,2025-01,0.13059914112091064,0.1318848257278849,7.582373441985497
18395,2025-01-26,1900.0,0,13.0,7082,2271,4,1,0.1,0.3,0.3718975468975469,12.069669764787758,12.330456226880395,0.9735275662659992,7,0.2,235000.0,365,0.0,0.1932773109243697,0.4033613445378151,0.1153846153846153,0.2788461538461538,0,0,4.7,Fire Bird,2025-01,0.14433025072018305,0.14575111137882918,6.861011147975735
18395,2025-01-26,1900.0,0,13.0,7175,1791,4,2,0.25,0.25,0.25,12.285012285012284,12.285012285012284,1.0,5,0.75,0.0,169,0.0,0.1594202898550724,0.3840579710144927,0.1335740072202166,0.296028880866426,0,0,11.1,Fearless ASM,2025-01,0.18926671892404556,0.19112995711263278,5.232042193211504
18399,2025-01-26,1900.0,0,13.0,6315,841,7,2,0.0857142857142857,0.4,0.4644155844155844,12.519421312144102,13.089005235602093,0.911266371510239,6,0.5,1525000.0,365,0.0,0.0526315789473684,0.1842105263157894,0.15,0.4375,1,1,3.4,Csodabogyó,2025-01,0.09346511711676915,0.10845699731989447,9.22024419549893
18399,2025-01-26,1900.0,0,13.0,5757,2271,10,1,0.1547619047619047,0.3452380952380952,0.5455060812203669,12.463781090214288,13.020833333333334,0.903557604476874,8,0.0,5440000.0,365,0.0,0.1932773109243697,0.4033613445378151,0.1811320754716981,0.4981132075471698,0,0,6.4,Zsofesz,2025-01,0.13187784453233084,0.15303115720838553,6.534616990697393
18400,2025-01-26,1900.0,0,12.0,6698,1076,5,2,0.088235294117647,0.2352941176470588,0.500657838893133,12.274788972325164,13.089005235602093,0.8824427984876971,0,0.1,1625000.0,365,0.0,0.1194968553459119,0.3773584905660377,0.1196172248803827,0.3397129186602871,5,0,10.1,Easy Bet,2025-01,0.12717985610167185,0.09091008521752113,10.99987968999582
18395,2025-01-26,1900.0,0,13.0,6952,138,4,1,0.2,0.6,0.24,11.616141997893692,11.961722488038278,0.9711094710239124,9,0.2,60000.0,281,0.0,0.1286272895657542,0.3774439185017493,0.1058823529411764,0.3294117647058823,0,0,9.1,Fifty-Fifty,2025-01,0.07928457111120224,0.08006508889848123,12.489838127425962
18400,2025-01-26,1900.0,0,12.0,6657,635,6,1,0.1071428571428571,0.4285714285714285,0.4527777777777778,12.23890439838302,12.836970474967906,0.8885287233569377,8,0.4,1317000.0,365,0.0,0.2053231939163498,0.4562737642585551,0.1335740072202166,0.296028880866426,7,0,11.5,Dreamer,2025-01,0.14433025072018305,0.1031694467553777,9.692792114811597
18400,2025-01-26,1900.0,0,12.0,5536,175,11,2,0.0571428571428571,0.2428571428571428,0.4788530715316429,12.388208381172308,13.192612137203168,0.8704568556449253,9,0.0,5051000.0,365,0.0,0.0822784810126582,0.2610759493670886,0.0973451327433628,0.3716814159292035,1,0,40.4,Winner Boy,2025-01,0.11203941454490025,0.08008746853633344,12.486347967738897
18399,2025-01-26,1900.0,0,13.0,5904,1638,9,1,0.108433734939759,0.3975903614457831,0.5573962516733602,12.505302096108975,13.003901170351105,0.907123451930019,6,0.5,5022000.0,365,0.0,0.0470588235294117,0.2941176470588235,0.0780141843971631,0.3333333333333333,4,0,7.1,Australian Gold,2025-01,0.05112763245900472,0.05932854596063985,16.85529257136062
18397,2025-01-26,1800.0,0,12.0,6700,2271,5,2,0.25,0.625,0.6952380952380952,12.558219969197026,12.903225806451612,0.9637041942123782,21,0.1,1510000.0,365,100.0,0.1932773109243697,0.4033613445378151,0.1811320754716981,0.4981132075471698,6,1,4.8,Escobar,2025-01,0.1577437942226728,0.16207367917876825,6.170033314891272
18397,2025-01-26,1800.0,0,12.0,7255,1509,5,2,0.5555555555555556,0.8888888888888888,0.9079685746352412,12.878021630104609,13.054830287206268,0.9853756841778428,20,0.0,1692464.0,365,100.0,0.1566666666666666,0.4566666666666666,0.1811320754716981,0.4981132075471698,7,0,2.7,Top Hill,2025-01,0.22690763076146445,0.23313598314577721,4.289342153479207
18397,2025-01-26,1800.0,0,12.0,6987,719,4,2,0.1428571428571428,0.3571428571428571,0.472005772005772,12.684531264221112,13.003901170351105,0.965183444599466,12,0.0,1668000.0,365,100.0,0.1567901234567901,0.3987654320987654,0.1441441441441441,0.4504504504504504,9,0,6.2,Fabrice,2025-01,0.1530458057920138,0.15724673639190107,6.359432462291183
18397,2025-01-26,1800.0,0,12.0,6878,110,5,1,0.2727272727272727,0.3636363636363636,0.4617768595041322,12.453200474227982,13.03780964797914,0.8813747522442433,5,0.5,1525000.0,365,100.0,0.1649484536082474,0.4128193635141192,0.1144578313253012,0.3313253012048193,10,0,5.6,Éden Evo,2025-01,0.0895927498737971,0.09205196737750553,10.863428870553038
18400,2025-01-26,1900.0,0,12.0,5540,1409,11,1,0.146788990825688,0.4036697247706422,0.5976825926367211,12.57202815801478,13.280212483399737,0.8868447387371132,10,0.1,7963000.0,365,0.0,0.0808080808080808,0.3358585858585858,0.1082251082251082,0.3939393939393939,2,0,20.2,Velence R.,2025-01,0.07551787545283635,0.05398131986700094,18.524926816606147
18397,2025-01-26,1800.0,0,12.0,6706,2403,5,1,0.0869565217391304,0.3478260869565217,0.53131626827279,12.048450743808486,12.69035532994924,0.9157137907514136,5,0.1,1245000.0,365,100.0,0.0952380952380952,0.3015873015873015,0.1564245810055866,0.3407821229050279,5,0,5.2,Eperke,2025-01,0.13059914112091064,0.13418393670164952,7.452456863174644
18397,2025-01-26,1800.0,0,12.0,6909,1791,5,1,0.25,0.4375,0.4883680555555555,12.46257799049211,12.919896640826872,0.9520046871384682,20,0.2,1183000.0,365,100.0,0.1594202898550724,0.3840579710144927,0.2105263157894736,0.4385964912280701,1,0,10.4,Treue,2025-01,0.12717985610167185,0.13067079625793357,7.65281936467335
18400,2025-01-26,1900.0,0,12.0,6066,5,8,1,0.1525423728813559,0.5084745762711864,0.6611312886736616,12.638022910844429,13.157894736842104,0.905425041149228,11,0.0,5680080.0,365,0.0,0.218121312963243,0.4642262895174708,0.2441471571906354,0.4816053511705686,0,1,1.8,Berill Lady,2025-01,0.17053570101658502,0.12190149908373461,8.203344565214051
18400,2025-01-26,1900.0,0,12.0,6459,138,6,2,0.25,0.3333333333333333,0.4430906285072951,12.497034108153976,12.903225806451612,0.9475019190462508,25,0.2,4872700.0,365,0.0,0.1286272895657542,0.3774439185017493,0.1403508771929824,0.3450292397660818,3,0,8.0,Diamond Ville,2025-01,0.21834985663493475,0.15607978088956573,6.406979778550241
18400,2025-01-26,1900.0,0,12.0,5504,2271,11,2,0.1818181818181818,0.4141414141414141,0.5743040068797645,12.641735389611034,13.227513227513228,0.9214285400749652,15,0.2,9041000.0,365,0.0,0.1932773109243697,0.4033613445378151,0.1811320754716981,0.4981132075471698,1,0,5.3,Vakarcs RG,2025-01,0.21914839247862497,0.1566505863915085,6.38363393993785
18400,2025-01-26,1900.0,0,12.0,5960,860,9,1,0.1935483870967742,0.4516129032258064,0.6288489736070382,12.652857648902597,13.245033112582782,0.9143254789563224,16,0.1,7285400.0,365,0.0,0.1623407267579046,0.4228409627182633,0.1236363636363636,0.4109090909090909,5,0,5.3,Ann Bella M,2025-01,0.2416666696468989,0.17274699158544887,5.788812822858061
18397,2025-01-26,1800.0,0,12.0,6727,635,6,0,0.0857142857142857,0.3428571428571428,0.4179024943310657,12.285118940554897,13.003901170351105,0.8841981667236901,4,0.2,1675000.0,365,100.0,0.2053231939163498,0.4562737642585551,0.1335740072202166,0.296028880866426,14,0,3.6,Västerbo No Edge,2025-01,0.08821548769871394,0.09063690094646493,11.033033891909591
18399,2025-01-26,1900.0,0,13.0,6343,1023,7,2,0.0754716981132075,0.3962264150943396,0.5943899915598029,12.4946895732328,12.9366106080207,0.9242660594569756,16,0.0,2597000.0,365,0.0,0.0862068965517241,0.2586206896551724,0.1376146788990825,0.3990825688073394,5,0,8.0,Chicago,2025-01,0.1773819550871849,0.2058341638137935,4.858279993328238
18398,2025-01-26,1960.0,0,13.0,6954,5,6,0,0.3333333333333333,0.5,0.6304761904761905,13.074257218911551,13.531799729364003,0.963734577608923,20,0.2,11862180.0,365,60.0,0.218121312963243,0.4642262895174708,0.2441471571906354,0.4816053511705686,3,1,2.2,Palace Bo,2025-01,0.16677691539128622,0.13252105110766857,7.545970935497154
18399,2025-01-26,1900.0,0,13.0,6052,1380,9,1,0.1756756756756756,0.3513513513513513,0.5472704847704848,12.541699423936436,12.953367875647668,0.9342112597386636,15,0.2,5014000.0,365,0.0,0.1111111111111111,0.3015873015873015,0.1441441441441441,0.4504504504504504,1,0,2.0,Auróra,2025-01,0.14433025072018305,0.16748093939669473,5.970828702073397
18398,2025-01-26,1960.0,0,13.0,7163,110,8,2,0.2,0.4,0.4365079365079365,13.08973691233667,13.831258644536652,0.9624283278878526,8,0.0,11799902.0,365,60.0,0.1649484536082474,0.4128193635141192,0.1144578313253012,0.3313253012048193,6,0,5.3,Zacapa U.S.,2025-01,0.22346600393454233,0.1775662396606672,5.631701171974025
18398,2025-01-26,1960.0,0,13.0,6300,138,7,2,0.25,0.6666666666666666,0.6592923280423281,12.990851713690809,13.531799729364003,0.8542319979485754,1,0.4,12898202.0,365,60.0,0.1286272895657542,0.3774439185017493,0.1403508771929824,0.3450292397660818,3,0,8.7,Catania R.,2025-01,0.0750546579559644,0.05963848257725132,16.767696909536106
18398,2025-01-26,1960.0,0,13.0,6780,1509,5,0,0.2307692307692307,0.5,0.6496947496947497,12.69526886330356,13.333333333333334,0.8953040709077938,12,0.1,8262000.0,365,60.0,0.1566666666666666,0.4566666666666666,0.1811320754716981,0.4981132075471698,4,0,10.9,Eternal Flame,2025-01,0.16161616146564484,0.1284203125064691,7.7869301240769495
18398,2025-01-26,1960.0,0,13.0,5894,860,9,2,0.2028985507246377,0.4492753623188406,0.5933642846686324,12.618397886781548,13.054830287206268,0.9202940087163825,13,0.2,6760000.0,365,60.0,0.1623407267579046,0.4228409627182633,0.1236363636363636,0.4109090909090909,4,0,15.1,Apollo Creed,2025-01,0.20452660818894705,0.16251698283959082,6.1532030839326515
18398,2025-01-26,1960.0,0,13.0,6464,39,6,0,0.275,0.6,0.6576785714285714,12.804244889769448,13.422818791946307,0.9222907215098544,16,0.1,11687000.0,365,60.0,0.170196380438968,0.438197920677705,0.2441471571906354,0.4816053511705686,1,0,2.5,Dolomit Boy,2025-01,0.2496714542309443,0.198389108400512,5.0405992953059675
18401,2025-01-26,1800.0,0,13.0,5905,28,9,0,0.1797752808988764,0.5056179775280899,0.6592027822364901,12.697405225975686,13.26259946949602,0.9015243416546748,8,0.1,8455500.0,365,100.0,0.1425850340136054,0.3989115646258503,0.0780141843971631,0.3333333333333333,9,1,5.4,Adamo Fling,2025-01,0.18622449040412903,0.14257871614550768,7.013669550646376
18402,2025-01-26,1900.0,0,13.0,6342,33,7,2,0.1509433962264151,0.4716981132075472,0.604454926624738,12.667439520585374,13.14060446780552,0.9009068043951408,10,0.3,4209000.0,365,0.0,0.1041058571706557,0.3354738275929169,0.1123595505617977,0.4089887640449438,3,0,2.4,Carlos Fox,2025-01,0.18235212316115698,0.18323222336944298,5.4575553448573535
18401,2025-01-26,1800.0,0,13.0,6163,33,8,2,0.1025641025641025,0.3333333333333333,0.4932081807081807,12.61998040024714,13.227513227513228,0.8867931688804555,2,0.3,4707000.0,365,100.0,0.1041058571706557,0.3354738275929169,0.1123595505617977,0.4089887640449438,8,0,3.2,Bombay,2025-01,0.13187784453233084,0.10096939301942472,9.903991398736228
18401,2025-01-26,1800.0,0,13.0,6441,1076,6,1,0.1162790697674418,0.3720930232558139,0.4937967717037484,12.623403730891145,13.054830287206268,0.9073133897625992,7,0.2,6067000.0,365,100.0,0.1194968553459119,0.3773584905660377,0.1196172248803827,0.3397129186602871,1,0,5.4,Diána Gull,2025-01,0.1335060919324557,0.10221602509973414,9.783201792715778
18401,2025-01-26,1800.0,0,13.0,6305,860,7,2,0.1632653061224489,0.3673469387755102,0.4646781223311835,12.60305489033594,13.020833333333334,0.9122179204632224,10,0.4,2854000.0,365,100.0,0.1623407267579046,0.4228409627182633,0.1236363636363636,0.4109090909090909,1,0,6.1,Csikós,2025-01,0.17486504465341568,0.13388160446193428,7.469286045823598
18401,2025-01-26,1800.0,0,13.0,6328,175,7,1,0.0579710144927536,0.2753623188405797,0.508963339398122,12.389614679210364,12.953367875647668,0.9097944702591492,14,0.1,2642000.0,365,100.0,0.0822784810126582,0.2610759493670886,0.0973451327433628,0.3716814159292035,15,0,20.8,Credit Card,2025-01,0.1047331914305687,0.08018668188908132,12.470898863021365
18401,2025-01-26,1800.0,0,13.0,6003,39,9,1,0.171875,0.421875,0.5780381944444445,12.653868806667536,13.123359580052494,0.937007639440624,14,0.2,4189000.0,365,100.0,0.170196380438968,0.438197920677705,0.15,0.4375,12,0,20.8,Ambrosia Gielle,2025-01,0.14433025072018305,0.11050330600441081,9.049503007268257
18401,2025-01-26,1800.0,0,13.0,6692,1791,5,1,0.12,0.32,0.5569292929292929,12.226265001035818,12.88659793814433,0.8990465726391413,3,0.1,1445000.0,365,100.0,0.1594202898550724,0.3840579710144927,0.2105263157894736,0.4385964912280701,2,0,34.8,Excellence,2025-01,0.13637556384007135,0.10441297363059382,9.577353897973769
18399,2025-01-26,1900.0,0,13.0,5270,2436,12,1,0.11,0.5,0.6844830447330448,12.556990496787243,12.97016861219196,0.9081925379899176,15,0.1,7153000.0,365,0.0,0.0357142857142857,0.5,0.1236363636363636,0.4109090909090909,0,0,21.5,Une Dame,2025-01,0.0750546579559644,0.08709348565418043,11.481915007635255
18401,2025-01-26,1800.0,0,13.0,6047,110,8,1,0.109375,0.453125,0.5974093614718615,12.46864454537344,12.836970474967906,0.9249950499623666,10,0.2,4025000.0,365,100.0,0.1649484536082474,0.4128193635141192,0.1144578313253012,0.3313253012048193,3,0,1.9,Baraka SS,2025-01,0.2942045604189237,0.2252512997493133,4.439486036763917
18402,2025-01-26,1900.0,0,13.0,5725,1076,10,2,0.3058823529411765,0.5176470588235295,0.5892390289449113,12.76056334962026,13.280212483399737,0.9073577980352886,5,0.2,10055000.0,365,0.0,0.1194968553459119,0.3773584905660377,0.1196172248803827,0.3397129186602871,3,0,3.4,Zente,2025-01,0.2838691274325053,0.2852391870394259,3.5058296525777837
18398,2025-01-26,1960.0,0,13.0,5906,28,9,1,0.1777777777777777,0.6333333333333333,0.7019973544973545,12.6975476461877,13.386880856760374,0.8710076069205591,6,0.0,10441440.0,365,60.0,0.1425850340136054,0.3989115646258503,0.0780141843971631,0.3333333333333333,13,0,5.7,Anybody,2025-01,0.1773819550871849,0.14094782290784105,7.0948240233114594
18399,2025-01-26,1900.0,0,13.0,6507,2402,6,0,0.0555555555555555,0.4444444444444444,0.461763468013468,12.320306018231037,13.10615989515072,0.8737194297899137,3,0.2,1617000.0,365,0.0,0.2222222222222222,0.2222222222222222,0.1144578313253012,0.3313253012048193,2,0,9.2,Despasito,2025-01,0.11545869956413905,0.1339783681385836,7.463891476612306
18402,2025-01-26,1900.0,0,13.0,6121,2271,8,1,0.0875,0.4,0.6074503968253968,12.56412396653235,13.315579227696404,0.8855479226589896,6,0.0,7533400.0,365,0.0,0.1932773109243697,0.4033613445378151,0.2152466367713004,0.5381165919282511,0,0,11.5,Farya BD,2025-01,0.1439846232533455,0.14467954741829891,6.911826984838363
18396,2025-01-26,1900.0,0,13.0,7136,860,4,2,0.0833333333333333,0.5,0.468287037037037,12.455035682427544,12.82051282051282,0.953109744762375,8,0.2,680000.0,295,0.0,0.1623407267579046,0.4228409627182633,0.2105263157894736,0.4385964912280701,1,1,6.0,First Home,2025-01,0.16677691539128622,0.16534828506402519,6.047840167273497
18396,2025-01-26,1900.0,0,13.0,7010,39,8,1,0.1666666666666666,0.3333333333333333,0.5595117845117845,12.288731757142337,12.77139208173691,0.9377679081987116,8,0.2,613000.0,365,0.0,0.170196380438968,0.438197920677705,0.15,0.4375,2,0,2.4,Blanka BBM,2025-01,0.16677691539128622,0.16534828506402519,6.047840167273497
18396,2025-01-26,1900.0,0,13.0,6919,2024,4,1,0.1333333333333333,0.3333333333333333,0.5395045695045695,12.394107821808682,12.674271229404308,0.9687244541375224,15,0.0,700000.0,365,0.0,0.009009009009009,0.0990990990990991,0.0355555555555555,0.1377777777777777,3,0,14.4,Fermina Daza,2025-01,0.06819189339876175,0.06760775376076535,14.79120284839766
18396,2025-01-26,1900.0,0,13.0,7098,138,4,2,0.25,0.5,0.375,11.687483874551951,12.1654501216545,0.9607111744881706,7,0.25,60000.0,120,0.0,0.1286272895657542,0.3774439185017493,0.1058823529411764,0.3294117647058823,6,0,18.0,Fernando,2025-01,0.1047331914305687,0.10383603481151563,9.630568056794653
18396,2025-01-26,1900.0,0,13.0,7318,1791,4,1,0.0,0.3333333333333333,0.3888888888888889,12.271308342423357,12.43781094527363,0.986613190730838,6,0.5,503410.0,140,0.0,0.1594202898550724,0.3840579710144927,0.2105263157894736,0.4385964912280701,5,0,18.0,Clearwater Belle,2025-01,0.1344715083638827,0.13331960988590413,7.500772023379059
18396,2025-01-26,1900.0,0,13.0,6953,635,5,0,0.1304347826086956,0.1304347826086956,0.246256038647343,12.446899964962029,12.722646310432571,0.9713141574059064,15,0.5,590000.0,365,0.0,0.2053231939163498,0.4562737642585551,0.1335740072202166,0.296028880866426,0,0,24.0,Eposz,2025-01,0.04778785506884257,0.047378498780738014,21.106620634559984
18396,2025-01-26,1900.0,0,13.0,6966,2125,5,2,0.0833333333333333,0.4166666666666667,0.4074074074074074,12.190929442471758,12.422360248447204,0.9636774853566556,3,0.5,334548.0,365,0.0,0.0252100840336134,0.1848739495798319,0.0,0.0,11,0,9.0,Eagle GG,2025-01,0.0750546579559644,0.07441173108382189,13.438741249999135
18396,2025-01-26,1900.0,0,13.0,6924,23,4,2,0.0769230769230769,0.3846153846153846,0.4514901764901765,12.210185808450756,12.515644555694616,0.9484811325421316,5,0.4,545000.0,365,0.0,0.0820710548058386,0.3183695951528504,0.0780141843971631,0.3333333333333333,1,0,10.2,Felix Charme,2025-01,0.0750546579559644,0.07441173108382189,13.438741249999135
18396,2025-01-26,1900.0,0,13.0,7149,33,4,1,0.125,0.4375,0.3863704004329004,11.982980113713024,12.547051442910917,0.9146045785556016,11,0.2,600000.0,260,0.0,0.1041058571706557,0.3354738275929169,0.1123595505617977,0.4089887640449438,12,0,4.5,Füge M,2025-01,0.08821548769871394,0.08745982363834429,11.433821363911123
18396,2025-01-26,1900.0,0,13.0,7035,1492,4,0,0.1176470588235294,0.2941176470588235,0.4689160512689924,11.937545813858884,12.34567901234568,0.9289327355930694,5,0.0,605000.0,365,0.0,0.0943708609271523,0.3576158940397351,0.1058823529411764,0.3294117647058823,0,0,4.5,Firkó,2025-01,0.06642552961905797,0.06585652085729068,15.184525191772174
18402,2025-01-26,1900.0,0,13.0,6514,27,6,2,0.25,0.53125,0.6144176136363636,12.675344223031736,13.157894736842104,0.9339401070432422,13,0.2,3131000.0,365,0.0,0.0595427963849016,0.2280701754385964,0.1376146788990825,0.3990825688073394,10,1,2.6,El Valle Sagrado,2025-01,0.13187784453233084,0.13251433681127534,7.546353278167803
18402,2025-01-26,1900.0,0,13.0,6228,635,7,2,0.3265306122448979,0.5102040816326531,0.5790168448331714,12.730870106382106,13.280212483399737,0.8956569797780355,8,0.6,4989000.0,365,0.0,0.2053231939163498,0.4562737642585551,0.1335740072202166,0.296028880866426,11,0,3.1,Creatine,2025-01,0.25311308602492016,0.25433470536155695,3.9318267578874884
18396,2025-01-26,1900.0,0,13.0,6999,1854,4,1,0.0869565217391304,0.1304347826086956,0.2248792270531401,11.865874770660492,12.360939431396783,0.9125848098173248,5,0.6,525000.0,365,0.0,0.0362225097024579,0.1513583441138421,0.0355555555555555,0.1377777777777777,21,0,36.0,First Lady KJ,2025-01,0.01515151560306549,0.015021725969747693,66.57024645596009
18408,2025-02-08,2400.0,0,4.0,7318,1791,4,1,0.0,0.2857142857142857,0.4047619047619047,12.309071318929318,12.43781094527363,0.986613190730838,6,0.4285714285714285,503410.0,153,500.0,0.1549295774647887,0.3732394366197183,0.2105263157894736,0.4385964912280701,4,0,44.0,Clearwater Belle,2025-02,0.1039313127597173,0.11983346852088038,8.344914090722117
18409,2025-02-08,1900.0,0,4.0,6518,2225,6,1,0.16,0.68,0.6217171717171717,12.52500821146226,12.87001287001287,0.9602805065346166,12,0.3,1878000.0,365,0.0,0.1343283582089552,0.5373134328358209,0.2441471571906354,0.4816053511705686,9,0,3.1,Lolly Pop,2025-02,0.14557301501433054,0.1216366990686579,8.221203038694346
18408,2025-02-08,2400.0,0,4.0,6999,1854,4,1,0.0833333333333333,0.125,0.2196759259259259,11.865874770660492,12.360939431396783,0.9125848098173248,5,0.6,525000.0,365,500.0,0.0361757105943152,0.1511627906976744,0.0355555555555555,0.1377777777777777,20,0,58.7,First Lady KJ,2025-02,0.01550387591123581,0.017876068112947074,55.9407132307653
18408,2025-02-08,2400.0,0,4.0,6674,2125,6,1,0.0526315789473684,0.1578947368421052,0.391812865497076,12.261025711172437,12.919896640826872,0.9117367662189972,7,0.0,887323.0,365,500.0,0.024793388429752,0.1818181818181818,0.0,0.0,12,0,17.6,Démon Jewel GG,2025-02,0.050642590038478374,0.058391230304405475,17.12585939338484
18409,2025-02-08,1900.0,0,4.0,6878,110,5,1,0.2608695652173913,0.3478260869565217,0.4688735177865612,12.464737951030292,13.03780964797914,0.8813747522442433,5,0.5,1565000.0,365,0.0,0.1650246305418719,0.4131213613972234,0.1144578313253012,0.3313253012048193,9,1,7.3,Éden Evo,2025-02,0.1559799239039421,0.13033241815310503,7.672688147512715
18409,2025-02-08,1900.0,0,4.0,6861,69,5,1,0.1724137931034483,0.4827586206896552,0.4985109717868338,12.60126528042385,13.020833333333334,0.9320172537869386,17,0.3,2702519.0,365,0.0,0.0731846769582618,0.2561463693539165,0.1196172248803827,0.3397129186602871,3,0,4.4,Emeli Sandé A.T.,2025-02,0.14892524977525076,0.12443773173794354,8.036147766707323
18409,2025-02-08,1900.0,0,4.0,6778,2271,6,1,0.2222222222222222,0.4074074074074074,0.5031639142750254,12.466023383209466,12.987012987012989,0.9164822764528932,8,0.6,2023000.0,365,0.0,0.1935483870967742,0.4112903225806452,0.1811320754716981,0.4981132075471698,3,0,8.5,Dancing Lady,2025-02,0.209096759557724,0.17471534553330936,5.723595697604883
18409,2025-02-08,1900.0,0,4.0,6328,175,7,1,0.0571428571428571,0.2714285714285714,0.5057740672026387,12.396715564857312,12.953367875647668,0.9097944702591492,14,0.1,2642000.0,365,0.0,0.0820189274447949,0.2602523659305993,0.0973451327433628,0.3716814159292035,14,0,22.1,Credit Card,2025-02,0.09369252373774846,0.078286826124675,12.773541213785558
18412,2025-02-08,1900.0,0,6.0,6962,1464,4,1,0.1111111111111111,0.5,0.6080026455026455,12.045135650426571,12.706480304955528,0.8986209965631711,10,0.1,841000.0,365,0.0,0.0253164556962025,0.2025316455696202,0.1196172248803827,0.3397129186602871,0,0,6.8,Flinga VT,2025-02,0.09623122091094653,0.1250059215328701,7.999621039848513
18409,2025-02-08,1900.0,0,4.0,6987,615,4,2,0.1333333333333333,0.4,0.4905387205387205,12.680049061301228,13.003901170351105,0.965183444599466,12,0.0,1728000.0,365,0.0,0.1133810010214504,0.3615934627170582,0.1441441441441441,0.4504504504504504,3,0,2.4,Fabrice,2025-02,0.1559799239039421,0.13033241815310503,7.672688147512715
18412,2025-02-08,1900.0,0,6.0,6021,2223,9,1,0.1111111111111111,0.5,0.6258489658489659,12.502148091816668,13.03780964797914,0.8910351652697485,6,0.1,6056000.0,365,0.0,0.0,0.25,0.1196172248803827,0.3397129186602871,0,1,5.9,Anna,2025-02,0.09217872718969981,0.11974166625963174,8.351311880291814
18412,2025-02-08,1900.0,0,6.0,5536,1912,11,2,0.0567375886524822,0.2411347517730496,0.4790030497477305,12.391133447588832,13.192612137203168,0.8704568556449253,9,0.0,5076000.0,365,0.0,0.0833333333333333,0.4166666666666667,0.0973451327433628,0.3716814159292035,0,0,9.7,Winner Boy,2025-02,0.08737437675396602,0.11350073688244422,8.810515486218623
18412,2025-02-08,1900.0,0,6.0,5795,2220,10,1,0.144578313253012,0.5783132530120482,0.6937216398059772,12.6580001645429,13.03780964797914,0.9305370779767882,9,0.0,6683000.0,365,0.0,0.0,0.2,0.1123595505617977,0.4089887640449438,0,0,2.2,Zara Mia,2025-02,0.10266540447870891,0.13336403066404393,7.4982736725998524
18412,2025-02-08,1900.0,0,6.0,5288,2105,12,2,0.1680672268907563,0.3865546218487395,0.5514138988928905,12.476529423457158,12.987012987012989,0.8527131782945737,1,0.6,7556000.0,365,0.0,0.1,0.3,0.1123595505617977,0.4089887640449438,0,0,8.1,Usain,2025-02,0.09217872718969981,0.11974166625963174,8.351311880291814
18408,2025-02-08,2400.0,0,4.0,6995,1507,4,0,0.0,0.25,0.4773508898508898,11.96252896828447,12.722646310432571,0.9104236090633588,6,0.3,774000.0,365,500.0,0.2285714285714285,0.3714285714285714,0.081081081081081,0.2702702702702703,0,0,2.3,Fany,2025-02,0.04493397877862056,0.051809165000490084,19.301604262306498
18412,2025-02-08,1900.0,0,6.0,6679,2446,10,1,0.1538461538461538,0.2307692307692307,0.4800706238206238,12.589976562964896,13.477088948787062,0.9862385321100916,0,0.3,7068200.0,365,0.0,0.5,0.5,0.0833333333333333,0.2794117647058823,0,0,6.3,Inforgettable,2025-02,0.11307231336832047,0.14688277461990001,6.808150258515866
18409,2025-02-08,1900.0,0,4.0,6928,1638,4,2,0.1,0.35,0.5966414141414141,12.49312711247783,13.020833333333334,0.9103575083863276,4,0.1,2187000.0,365,0.0,0.0465116279069767,0.2906976744186046,0.1082251082251082,0.3939393939393939,1,0,14.7,Fenegyerek,2025-02,0.10858297596375148,0.09072886736585047,11.021850366186662
18408,2025-02-08,2400.0,0,4.0,7247,148,4,1,0.2857142857142857,0.8571428571428571,0.8464285714285714,12.286817191308204,12.547051442910917,0.9802621185733258,16,0.0,685000.0,365,500.0,0.1269487750556792,0.4,0.1082251082251082,0.3939393939393939,5,0,35.2,Fancy Jet,2025-02,0.09920488049586614,0.1143838618829297,8.742492022375378
18408,2025-02-08,2400.0,0,4.0,7034,32,4,2,0.1,0.4,0.4701100288600289,11.972994944179773,12.77139208173691,0.870603499657511,5,0.3,947000.0,365,500.0,0.0624215809284818,0.2785445420326223,0.1123595505617977,0.4089887640449438,16,0,3.8,Formula,2025-02,0.09014640903721254,0.10393938633880292,9.620991957181465
18412,2025-02-08,1900.0,0,6.0,6080,1530,8,1,0.1785714285714285,0.4464285714285714,0.6201131210059782,12.426122682210885,12.82051282051282,0.9368667577956744,13,0.1,4390000.0,365,0.0,0.25,0.25,0.1058823529411764,0.3294117647058823,0,0,3.6,Boszi,2025-02,0.16223118205865225,0.21074094480600908,4.7451623647247025
18407,2025-02-08,1800.0,0,4.0,6944,2271,5,1,0.5,0.5,0.5630050505050505,12.050965291206737,12.468827930174562,0.9538309239488468,10,0.125,500000.0,365,100.0,0.1935483870967742,0.4112903225806452,0.1811320754716981,0.4981132075471698,5,1,3.7,Euphoria,2025-02,0.1789549415310224,0.1540328228277929,6.492122793321717
18407,2025-02-08,1800.0,0,4.0,7053,1401,4,0,0.0,0.5,0.5217929292929293,12.263912711400856,12.594458438287154,0.9598774988006816,3,0.2,432000.0,294,100.0,0.233375156838143,0.5595984943538268,0.2152466367713004,0.5381165919282511,2,0,7.8,Fabio,2025-02,0.1559799239039421,0.13425741573737737,7.448378136192586
18407,2025-02-08,1800.0,0,4.0,6922,451,4,0,0.1052631578947368,0.2631578947368421,0.4211456671982988,11.861499252232502,12.531328320802006,0.8970211321430911,5,0.1,495000.0,365,100.0,0.08,0.1942857142857142,0.1144578313253012,0.3313253012048193,1,0,7.8,Follow the Flow,2025-02,0.04809140941749016,0.04139397036465167,24.158107840120326
18407,2025-02-08,1800.0,0,4.0,7124,69,4,2,0.2857142857142857,0.2857142857142857,0.3816326530612244,12.23962531226601,12.468827930174562,0.966333793519934,6,0.2857142857142857,365000.0,119,100.0,0.0731846769582618,0.2561463693539165,0.1196172248803827,0.3397129186602871,11,0,4.3,Fess Fiú,2025-02,0.13604733099540076,0.11710073078801189,8.539656356289575
18407,2025-02-08,1800.0,0,4.0,6966,2125,5,2,0.0769230769230769,0.3846153846153846,0.4222222222222222,12.223990986182535,12.422360248447204,0.9636774853566556,3,0.5,359548.0,365,100.0,0.024793388429752,0.1818181818181818,0.0,0.0,10,0,15.6,Eagle GG,2025-02,0.08300959194699924,0.07144928024892228,13.995942247648937
18407,2025-02-08,1800.0,0,4.0,7060,635,4,0,0.4,0.6,0.5333333333333334,12.38912275995814,12.547051442910917,0.9874130839686638,12,0.4,310000.0,251,100.0,0.2049689440993788,0.4561766735679779,0.1335740072202166,0.296028880866426,8,0,8.6,Filthy Rich,2025-02,0.17525594433148703,0.1508489656210459,6.629147212796556
18407,2025-02-08,1800.0,0,4.0,7104,2403,4,2,0.1428571428571428,0.4285714285714285,0.44791280148423,11.936799446411108,12.360939431396783,0.9521846932117566,4,0.1428571428571428,440000.0,154,100.0,0.09375,0.296875,0.1564245810055866,0.3407821229050279,10,0,13.0,Florentin,2025-02,0.1789549415310224,0.1540328228277929,6.492122793321717
18407,2025-02-08,1800.0,0,4.0,7055,138,4,1,0.0,0.5,0.6312815656565657,12.195759026573189,12.40694789081886,0.9730129155414754,3,0.0,410000.0,308,100.0,0.1284950657894736,0.3774671052631579,0.1058823529411764,0.3294117647058823,3,0,2.7,Feeling Great BD,2025-02,0.0849173292517662,0.07309133695746084,13.681511949658276
18407,2025-02-08,1800.0,0,4.0,6992,1076,4,2,0.0,0.2222222222222222,0.3930054513387847,12.003366124292,12.391573729863692,0.9181315161046072,0,0.3,410000.0,365,100.0,0.11875,0.375,0.1196172248803827,0.3397129186602871,0,0,15.6,Finiselj!,2025-02,0.052195376716554165,0.044926399603316736,22.258627640532627
18407,2025-02-08,1800.0,0,4.0,6983,39,4,1,0.1818181818181818,0.2727272727272727,0.4206349206349207,12.123364185588972,12.453300124533,0.9713230219682284,11,0.2,480000.0,301,100.0,0.17,0.4380769230769231,0.1153846153846153,0.2788461538461538,2,0,26.0,Fondorlat,2025-02,0.06839066526542108,0.058866255023627405,16.987661260235182
18408,2025-02-08,2400.0,0,4.0,6936,138,4,0,0.0555555555555555,0.5,0.559347442680776,12.217959087139942,12.515644555694616,0.9462758014856032,4,0.2,1150000.0,365,500.0,0.1284950657894736,0.3774671052631579,0.1058823529411764,0.3294117647058823,8,1,4.7,Aaron LV,2025-02,0.13730491201082864,0.1583134419676952,6.316583023973769
18408,2025-02-08,2400.0,0,4.0,6965,1138,4,1,0.4,0.7,0.7219444444444444,12.44456783588608,13.14060446780552,0.9266778897654984,13,0.0,1032819.0,365,500.0,0.3426294820717131,0.5896414342629482,0.081081081081081,0.2702702702702703,3,0,4.0,Felhők felett,2025-02,0.09217872718969981,0.10628266217053947,9.408872337008418
18408,2025-02-08,2400.0,0,4.0,7136,860,4,2,0.1538461538461538,0.5384615384615384,0.5091880341880342,12.462664946264988,12.82051282051282,0.953109744762375,8,0.2,930000.0,308,500.0,0.1625058878944889,0.4225153085256712,0.2105263157894736,0.4385964912280701,0,0,6.0,First Home,2025-02,0.17906522502501807,0.2064633500380144,4.843474640006947
18408,2025-02-08,2400.0,0,4.0,6927,23,4,2,0.1052631578947368,0.4210526315789473,0.4813435102908787,12.211549058533889,12.78772378516624,0.9137354954875132,10,0.1,920000.0,365,500.0,0.0820258739333883,0.3181943297550234,0.0780141843971631,0.3333333333333333,2,0,29.3,Fast Track,2025-02,0.05438596506913503,0.06270736566329521,15.947089937878456
18412,2025-02-08,1900.0,0,6.0,6358,855,7,2,0.0416666666666666,0.3541666666666667,0.5288156866281867,12.319053213610609,12.78772378516624,0.9147846891281032,5,0.0,2632000.0,365,0.0,0.0,0.0,0.0833333333333333,0.2794117647058823,0,0,16.3,Calvin,2025-02,0.02388134753952424,0.03102225897546917,32.234918830080986
18409,2025-02-08,1900.0,0,4.0,6727,635,6,0,0.0833333333333333,0.3333333333333333,0.4132385361552028,12.291846187914018,13.003901170351105,0.8841981667236901,4,0.2,1675000.0,365,0.0,0.2049689440993788,0.4561766735679779,0.1335740072202166,0.296028880866426,13,0,6.6,Västerbo No Edge,2025-02,0.1789549415310224,0.14952969386335374,6.687634904902837
18411,2025-02-08,1960.0,0,6.0,6307,1076,7,2,0.0714285714285714,0.3392857142857143,0.4819779426922284,12.38799671731362,12.97016861219196,0.8836663066753205,3,0.2,2658000.0,365,60.0,0.11875,0.375,0.1196172248803827,0.3397129186602871,3,0,3.3,Csípkedd Magad!,2025-02,0.14182150115569434,0.19981517983960428,5.00462477777074
18410,2025-02-08,1800.0,0,5.0,6331,635,7,0,0.2,0.54,0.6449761904761906,12.81772656290367,13.368983957219251,0.93040529204466,15,0.0,6714400.0,365,100.0,0.2049689440993788,0.4561766735679779,0.1335740072202166,0.296028880866426,7,0,5.2,Charming Boy,2025-02,0.1463108385602633,0.17683275870271462,5.655060789280379
18410,2025-02-08,1800.0,0,5.0,6121,2520,8,1,0.0864197530864197,0.3950617283950617,0.6048892808152068,12.569621181580086,13.315579227696404,0.8855479226589896,6,0.0,7589400.0,365,100.0,0.05,0.15,0.2152466367713004,0.5381165919282511,0,0,13.7,Farya BD,2025-02,0.05410311402132114,0.0653895705946429,15.2929586615442
18410,2025-02-08,1800.0,0,5.0,6702,1943,5,2,0.2,0.32,0.5993405483405483,12.42573050267066,13.089005235602093,0.9062831594516142,6,0.0,1405000.0,365,100.0,0.1176470588235294,0.3235294117647059,0.1236363636363636,0.4109090909090909,0,0,10.0,Ezigen,2025-02,0.09806777785221736,0.11852570778828407,8.436988216819973
18410,2025-02-08,1800.0,0,5.0,6901,2139,5,0,0.4347826086956521,0.6086956521739131,0.7000000000000001,12.73301571010798,13.280212483399737,0.9371695852129114,22,0.0,4778000.0,365,100.0,0.0614525139664804,0.2346368715083799,0.1335740072202166,0.296028880866426,0,0,1.4,Eastwood,2025-02,0.22244216253360113,0.2688458465530069,3.719603679288515
18406,2025-02-08,1800.0,0,5.0,7163,110,8,2,0.1818181818181818,0.4545454545454545,0.4725829725829726,13.068258141853152,13.831258644536652,0.9624283278878526,8,0.0,11999902.0,365,100.0,0.1650246305418719,0.4131213613972234,0.1144578313253012,0.3313253012048193,5,1,7.7,Zacapa U.S.,2025-02,0.1559799239039421,0.11646088750386319,8.586573753929434
18406,2025-02-08,1800.0,0,5.0,6433,5,8,0,0.4054054054054054,0.5675675675675675,0.6366366366366367,13.36012433449542,13.908205841446453,0.9400753869747228,17,0.1,20909000.0,365,100.0,0.2183577801300468,0.4643883260244972,0.2441471571906354,0.4816053511705686,1,0,1.8,Digital Races,2025-02,0.349349707365036,0.2608385486455461,3.8337891588213884
18406,2025-02-08,1800.0,0,5.0,6954,860,6,0,0.3548387096774194,0.5161290322580645,0.6423963133640553,13.06721431032884,13.531799729364003,0.963734577608923,20,0.2,12262180.0,365,100.0,0.1625058878944889,0.4225153085256712,0.2441471571906354,0.4816053511705686,9,0,12.0,Palace Bo,2025-02,0.15628996243079504,0.11669237474333588,8.569540230880497
18406,2025-02-08,1800.0,0,5.0,6514,27,6,2,0.2727272727272727,0.5454545454545454,0.6261019283746556,12.697930963280363,13.26259946949602,0.926566895671848,13,0.2,3481000.0,365,100.0,0.0600106213489113,0.2283590015932023,0.1376146788990825,0.3990825688073394,9,0,3.6,El Valle Sagrado,2025-02,0.2241965482632319,0.16739416414972877,5.9739239123386145
18406,2025-02-08,1800.0,0,5.0,6300,138,7,2,0.2448979591836734,0.673469387755102,0.6594428247489471,12.99032137775494,13.531799729364003,0.8542319979485754,1,0.4,12994202.0,365,100.0,0.1284950657894736,0.3774671052631579,0.1403508771929824,0.3450292397660818,2,0,5.0,Catania R.,2025-02,0.08300959194699924,0.0619783014859949,16.134679009007176
18406,2025-02-08,1800.0,0,5.0,6464,39,6,0,0.2682926829268293,0.5853658536585366,0.641637630662021,12.804244889769448,13.422818791946307,0.9222907215098544,16,0.1,11687000.0,365,100.0,0.17,0.4380769230769231,0.2441471571906354,0.4816053511705686,0,0,5.0,Dolomit Boy,2025-02,0.2241965482632319,0.16739416414972877,5.9739239123386145
18406,2025-02-08,1800.0,0,5.0,7308,1401,6,1,0.0,0.3,0.5322222222222222,13.032763488341333,13.58695652173913,0.9731272746276506,8,0.1,9778997.0,365,100.0,0.233375156838143,0.5595984943538268,0.2152466367713004,0.5381165919282511,1,0,21.6,Ducky Baba,2025-02,0.1463108385602633,0.10924155932180239,9.154025319743127
18414,2025-02-08,1960.0,0,4.0,6624,138,6,1,0.2647058823529412,0.6764705882352942,0.7143663526016467,12.638313786884469,13.10615989515072,0.8934047580845881,7,0.1,4979000.0,365,60.0,0.1284950657894736,0.3774671052631579,0.1058823529411764,0.3294117647058823,3,1,3.6,My Dyla LV,2025-02,0.08300959194699924,0.0863061866684956,11.586654892319912
18414,2025-02-08,1960.0,0,4.0,6018,620,8,2,0.123076923076923,0.4615384615384615,0.5571794871794872,12.61455176295338,13.386880856760374,0.8885489510480103,13,0.0,5046000.0,365,60.0,0.1531531531531531,0.4324324324324324,0.0793650793650793,0.3968253968253968,5,0,3.0,Bonus RG,2025-02,0.1467811663945516,0.15261034838427046,6.5526355885252014
18414,2025-02-08,1960.0,0,4.0,6003,39,9,1,0.1692307692307692,0.4153846153846154,0.5713431013431013,12.65564482831927,13.123359580052494,0.937007639440624,14,0.2,4189000.0,365,60.0,0.17,0.4380769230769231,0.15,0.4375,11,0,8.7,Ambrosia Gielle,2025-02,0.13331494480371475,0.1386093370905376,7.2145211930911595
18414,2025-02-08,1960.0,0,4.0,5905,28,9,0,0.1888888888888888,0.5111111111111111,0.662989417989418,12.699460078880888,13.26259946949602,0.9015243416546748,8,0.1,8755500.0,365,60.0,0.1427406199021207,0.398858075040783,0.0780141843971631,0.3333333333333333,8,0,3.0,Adamo Fling,2025-02,0.1692858561873436,0.17600877635646706,5.681534868322248
18414,2025-02-08,1960.0,0,4.0,6441,1076,6,1,0.1136363636363636,0.3636363636363636,0.4955611307884035,12.628742899493062,13.054830287206268,0.9073133897625992,7,0.2,6115000.0,365,60.0,0.11875,0.375,0.1196172248803827,0.3397129186602871,0,0,5.0,Diána Gull,2025-02,0.10858297596375148,0.11289517720472396,8.85777430675007
18411,2025-02-08,1960.0,0,6.0,6877,23,6,1,0.1081081081081081,0.3783783783783784,0.5653367653367654,12.582382966037295,13.003901170351105,0.933924972108228,18,0.1,2004000.0,365,60.0,0.0820258739333883,0.3181943297550234,0.0780141843971631,0.3333333333333333,3,1,5.1,Petra La Roque,2025-02,0.09217872718969981,0.12987247209134586,7.699861132208599
18410,2025-02-08,1800.0,0,5.0,6864,148,7,0,0.1590909090909091,0.6590909090909091,0.6909361471861472,12.901868669655247,13.280212483399737,0.9705219939011022,7,0.2,4736600.0,365,100.0,0.1269487750556792,0.4,0.1082251082251082,0.3939393939393939,9,0,6.6,In Love Danover,2025-02,0.1262602706750234,0.15259943964315195,6.553104010987605
18410,2025-02-08,1800.0,0,5.0,6308,860,7,2,0.24,0.64,0.6068968253968253,12.795451479759928,13.333333333333334,0.8735735460509194,15,0.3,5311000.0,365,100.0,0.1625058878944889,0.4225153085256712,0.1236363636363636,0.4109090909090909,8,1,3.8,Csábító R.,2025-02,0.1802125225464503,0.2178066767181996,4.591227482405463
18414,2025-02-08,1960.0,0,4.0,6934,91,4,1,0.2666666666666666,0.4666666666666667,0.6133597883597884,12.316371576909276,12.77139208173691,0.927575071245087,12,0.1,1129000.0,365,60.0,0.0954374215152783,0.3248221012976141,0.1058823529411764,0.3294117647058823,2,0,29.7,Zaira LV,2025-02,0.10266540447870891,0.10674259872272947,9.36833103152718
18413,2025-02-08,1800.0,0,6.0,6697,1640,5,1,0.1666666666666666,0.5,0.5833092833092833,12.525917224407705,12.9366106080207,0.9230389414316478,10,0.2,1522000.0,365,100.0,0.0752212389380531,0.2566371681415929,0.1179487179487179,0.2871794871794871,0,0,13.1,Erzsébet Királynő,2025-02,0.08892716343204181,0.0645203810141277,15.498978528676622
18411,2025-02-08,1960.0,0,6.0,6131,138,8,2,0.0246913580246913,0.1851851851851851,0.4719576719576719,12.270824753214482,12.706480304955528,0.9217319384704712,1,0.3,2777000.0,365,60.0,0.1284950657894736,0.3774671052631579,0.1058823529411764,0.3294117647058823,3,0,6.7,Bulibáró,2025-02,0.06386469801266988,0.08998026402776707,11.113548185315496
18413,2025-02-08,1800.0,0,6.0,4968,898,13,0,0.1545454545454545,0.4181818181818181,0.5641807687262232,12.383577501768158,12.903225806451612,0.8881702197554802,10,0.1,7248000.0,365,100.0,0.0963414634146341,0.3121951219512195,0.1179487179487179,0.2871794871794871,5,0,31.0,Titus Livius,2025-02,0.13012975951035818,0.09441458988289178,10.591583369057277
18411,2025-02-08,1960.0,0,6.0,6052,719,9,1,0.1733333333333333,0.3466666666666667,0.541878306878307,12.5391924269641,12.953367875647668,0.9342112597386636,15,0.2,5014000.0,365,60.0,0.156596794081381,0.3995067817509248,0.1441441441441441,0.4504504504504504,4,0,2.3,Auróra,2025-02,0.17303737004597983,0.24379584853464484,4.10179256952316
18411,2025-02-08,1960.0,0,6.0,6460,100,6,1,0.0857142857142857,0.3714285714285714,0.5135642135642136,12.299395832383883,12.77139208173691,0.9560919041367456,10,0.1,1285000.0,365,60.0,0.0625,0.2083333333333333,0.1058823529411764,0.3294117647058823,0,0,7.2,Dezmin Lady,2025-02,0.07574819400906563,0.10672316175690802,9.370037239692925
18411,2025-02-08,1960.0,0,6.0,6511,27,6,1,0.0,0.1851851851851851,0.4791967291967292,12.16034834811318,12.706480304955528,0.9256952337808408,4,0.1,785000.0,365,60.0,0.0600106213489113,0.2283590015932023,0.1376146788990825,0.3990825688073394,0,0,8.1,Demi Moore,2025-02,0.052195376716554165,0.07353912136330118,13.5982043497604
18411,2025-02-08,1960.0,0,6.0,5856,2271,12,1,0.1063829787234042,0.2446808510638297,0.4592881704583832,12.356447559627766,12.804097311139566,0.9924017482760236,0,0.4,4014000.0,365,60.0,0.1935483870967742,0.4112903225806452,0.0833333333333333,0.2794117647058823,1,0,11.8,Donia d'Aunay,2025-02,0.07008752009520929,0.09874772385155944,10.126815697577294
18413,2025-02-08,1800.0,0,6.0,6303,5,7,2,0.2439024390243902,0.3902439024390244,0.523509485094851,12.437967238171746,12.9366106080207,0.8695438164940731,1,0.5,2780000.0,365,100.0,0.2183577801300468,0.4643883260244972,0.1564245810055866,0.3407821229050279,6,1,2.5,CR-Seven,2025-02,0.22305944561958313,0.1618389687103186,6.178981539297473
18413,2025-02-08,1800.0,0,6.0,6459,138,6,2,0.2432432432432432,0.3513513513513513,0.4547638547638547,12.511462398153618,12.903225806451612,0.9475019190462508,25,0.2,4997700.0,365,100.0,0.1284950657894736,0.3774671052631579,0.1403508771929824,0.3450292397660818,2,0,6.2,Diamond Ville,2025-02,0.10091101874907811,0.07321516988664407,13.658371640033852
18411,2025-02-08,1960.0,0,6.0,6953,2139,5,0,0.125,0.125,0.252662037037037,12.433409324966217,12.722646310432571,0.9713141574059064,15,0.5,590000.0,365,60.0,0.0614525139664804,0.2346368715083799,0.1335740072202166,0.296028880866426,0,0,18.9,Eposz,2025-02,0.04083001147955656,0.057526228534869286,17.383374948591566
18413,2025-02-08,1800.0,0,6.0,6305,860,7,2,0.16,0.36,0.4639559884559884,12.609738192753992,13.020833333333334,0.9122179204632224,10,0.4,2884000.0,365,100.0,0.1625058878944889,0.4225153085256712,0.1236363636363636,0.4109090909090909,0,0,9.2,Csikós,2025-02,0.1071547418832779,0.07774525248478238,12.862521736561817
18413,2025-02-08,1800.0,0,6.0,6698,1076,5,2,0.0857142857142857,0.2285714285714285,0.4899247577819006,12.289798755715513,13.089005235602093,0.8824427984876971,0,0.1,1625000.0,365,100.0,0.11875,0.375,0.1196172248803827,0.3397129186602871,4,0,9.7,Easy Bet,2025-02,0.08758110056320827,0.06354375603460186,15.737187450100748
18413,2025-02-08,1800.0,0,6.0,6315,841,7,2,0.1111111111111111,0.4166666666666667,0.4792929292929292,12.51927605228066,13.089005235602093,0.911266371510239,6,0.5,1775000.0,365,100.0,0.0769230769230769,0.2051282051282051,0.15,0.4375,0,0,4.8,Csodabogyó,2025-02,0.15628996243079504,0.11339491259523547,8.818737782086504
18413,2025-02-08,1800.0,0,6.0,6704,23,5,1,0.03125,0.34375,0.4801023629148629,12.549195479103064,13.03780964797914,0.9279059752321728,11,0.2,2210000.0,365,100.0,0.0820258739333883,0.3181943297550234,0.0930232558139534,0.3255813953488372,16,0,20.0,Emerald,2025-02,0.08892716343204181,0.0645203810141277,15.498978528676622
18413,2025-02-08,1800.0,0,6.0,6330,2144,7,0,0.06,0.5,0.6176363636363637,12.551077647557992,13.020833333333334,0.905217393616989,13,0.0,4510000.0,365,100.0,0.0422535211267605,0.1690140845070422,0.1236363636363636,0.4109090909090909,0,0,24.3,Che Comandante,2025-02,0.052195376716554165,0.03786993155923136,26.406173943988424
18413,2025-02-08,1800.0,0,6.0,5504,2271,11,2,0.18,0.42,0.5760609668109669,12.644368320240424,13.227513227513228,0.9214285400749652,15,0.2,9101000.0,365,100.0,0.1935483870967742,0.4112903225806452,0.1811320754716981,0.4981132075471698,0,0,5.0,Vakarcs RG,2025-02,0.15037239094575247,0.10910146667659826,9.165779622048795
18413,2025-02-08,1800.0,0,6.0,5960,2436,9,1,0.1904761904761904,0.4444444444444444,0.6287878787878788,12.65518292711404,13.245033112582782,0.9143254789563224,16,0.1,7325400.0,365,100.0,0.0344827586206896,0.4827586206896552,0.1236363636363636,0.4109090909090909,1,0,13.6,Ann Bella M,2025-02,0.09809629867474239,0.07117297260253709,14.0502772812998
18414,2025-02-08,1960.0,0,4.0,6360,860,7,0,0.0769230769230769,0.4358974358974359,0.617039442039442,12.526519671504976,13.03780964797914,0.909397664224322,9,0.3,6172000.0,365,60.0,0.1625058878944889,0.4225153085256712,0.1236363636363636,0.4109090909090909,8,0,5.0,Chip Chip Chip,2025-02,0.21816355486710867,0.22682757557277594,4.40863505010288
18413,2025-02-08,1800.0,0,6.0,6703,28,5,0,0.1333333333333333,0.3,0.4138227513227513,12.457956097732584,13.054830287206268,0.9000945560003086,6,0.7,1647000.0,365,100.0,0.1427406199021207,0.398858075040783,0.0780141843971631,0.3333333333333333,8,0,37.9,Etalon N,2025-02,0.09463577469189961,0.06866221753890381,14.564050446424964
18418,2025-02-22,1980.0,0,4.0,6999,1854,4,1,0.08,0.12,0.2108888888888888,11.878998197690846,12.360939431396783,0.9125848098173248,5,0.6,525000.0,365,80.0,0.0360824742268041,0.152061855670103,0.0355555555555555,0.1377777777777777,19,0,68.0,First Lady KJ,2025-02,0.013888889302810034,0.015573164128804736,64.2130264427356
18418,2025-02-22,1980.0,0,4.0,7241,2271,3,0,0.0,0.5,0.3333333333333333,11.46240593601547,11.574074074074073,0.9903518728717368,3,0.0,0.0,161,80.0,0.1953125,0.4140625,0.1335740072202166,0.296028880866426,0,0,6.1,Gigant Ris,2025-02,0.07185118924826384,0.08056442373593072,12.412426647247432
18418,2025-02-22,1980.0,0,4.0,7318,2274,4,1,0.0,0.25,0.3680555555555556,12.262715992341525,12.43781094527363,0.986613190730838,6,0.375,503410.0,167,80.0,0.0526315789473684,0.4210526315789473,0.2105263157894736,0.4385964912280701,1,0,34.0,Clearwater Belle,2025-02,0.10858297596375148,0.121750592823534,8.213512368267526
18423,2025-02-22,1900.0,0,5.0,6441,1398,6,1,0.1111111111111111,0.3555555555555555,0.4845486612153278,12.628742899493062,13.054830287206268,0.9073133897625992,7,0.2,6115000.0,365,0.0,0.1785714285714285,0.5071428571428571,0.1196172248803827,0.3397129186602871,1,1,3.2,Diána Gull,2025-02,0.0994138407210509,0.12949729043690986,7.722169295018515
18423,2025-02-22,1900.0,0,5.0,6310,449,7,2,0.3125,0.625,0.6720486111111111,12.515937769773704,13.03780964797914,0.9201989774646764,9,0.2,3223000.0,365,0.0,0.1862917398945518,0.4973637961335677,0.1441441441441441,0.4504504504504504,0,0,1.8,Compact Boy,2025-02,0.1836607406536738,0.2392379984696698,4.1799379964582775
18423,2025-02-22,1900.0,0,5.0,6877,1563,6,1,0.131578947368421,0.3947368421052631,0.5767752715121136,12.57950095253227,13.003901170351105,0.933924972108228,18,0.1,2254000.0,365,0.0,0.091254752851711,0.4334600760456273,0.0780141843971631,0.3333333333333333,1,0,3.9,Petra La Roque,2025-02,0.13590392967065176,0.17702958184122475,5.648773440005555
18423,2025-02-22,1900.0,0,5.0,6697,1463,5,1,0.1578947368421052,0.4736842105263157,0.5621781727044886,12.525917224407705,12.9366106080207,0.9230389414316478,10,0.2,1522000.0,365,0.0,0.1450381679389313,0.4274809160305343,0.1179487179487179,0.2871794871794871,0,0,13.7,Erzsébet Királynő,2025-02,0.09463577469189961,0.12327334214343327,8.112053933253968
18423,2025-02-22,1900.0,0,5.0,5536,1867,11,2,0.056338028169014,0.2464788732394366,0.4816660061378371,12.391839970765176,13.192612137203168,0.8704568556449253,9,0.0,5201000.0,365,0.0,0.109090909090909,0.2818181818181818,0.0973451327433628,0.3716814159292035,0,0,18.3,Winner Boy,2025-02,0.09809629867474239,0.12778104927978165,7.8258865898843935
18417,2025-02-22,1800.0,0,5.0,6912,1401,4,1,0.1666666666666666,0.1666666666666666,0.2777777777777778,12.218045112781954,12.531328320802006,0.975,6,0.6666666666666666,23717.0,291,100.0,0.2327909887359199,0.5594493116395495,0.2152466367713004,0.5381165919282511,6,1,3.2,Fiona TIM,2025-02,0.33207625647385913,0.19266248844736047,5.190423979565806
18417,2025-02-22,1800.0,0,5.0,7106,1076,3,2,0.0,0.0,0.3925925925925926,11.877707108875107,12.239902080783354,0.9704086707950962,1,0.0,0.0,157,100.0,0.1177685950413223,0.3739669421487603,0.1196172248803827,0.3397129186602871,15,0,4.2,Gentleman Jack,2025-02,0.15006235241889954,0.0870624914478517,11.486002564020069
18417,2025-02-22,1800.0,0,5.0,7242,1138,3,1,0.0,0.5,0.4,11.534025374855824,11.534025374855824,1.0,3,0.5,0.0,157,100.0,0.3412698412698413,0.5912698412698413,0.081081081081081,0.2702702702702703,3,0,7.9,Golden Rose OZ,2025-02,0.1789549415310224,0.1038252620690837,9.631567309067957
18417,2025-02-22,1800.0,0,5.0,7098,138,4,2,0.2,0.4,0.44,11.875065642232371,12.43781094527363,0.9547552776354828,8,0.2,100000.0,147,100.0,0.128747433264887,0.37782340862423,0.1058823529411764,0.3294117647058823,5,0,3.5,Fernando,2025-02,0.13012975951035818,0.075498090572747,13.245368093600183
18418,2025-02-22,1980.0,0,4.0,6922,451,4,0,0.1,0.3,0.4389772727272727,11.90830182891753,12.61034047919294,0.8914006989842997,5,0.1,555000.0,365,80.0,0.0795454545454545,0.1988636363636363,0.1144578313253012,0.3313253012048193,0,0,6.1,Follow the Flow,2025-02,0.04809140941749016,0.05392334806013564,18.544842558455272
18417,2025-02-22,1800.0,0,5.0,7167,1509,3,0,0.0,1.0,0.3333333333333333,11.32502831257078,11.32502831257078,1.0,2,0.0,0.0,70,100.0,0.1561461794019933,0.4568106312292359,0.1811320754716981,0.4981132075471698,2,0,17.8,Gainsville,2025-02,0.10152830183506012,0.0589042272611779,16.97671027184617
18423,2025-02-22,1900.0,0,5.0,6047,2401,8,1,0.1076923076923077,0.4615384615384615,0.5992074592074593,12.474783310866682,12.836970474967906,0.9249950499623666,10,0.2,4097000.0,365,0.0,0.1818181818181818,0.3636363636363636,0.1144578313253012,0.3313253012048193,1,0,4.2,Baraka SS,2025-02,0.1559799239039421,0.20318073782898072,4.921726393383364
18418,2025-02-22,1980.0,0,4.0,7240,2139,3,1,0.2,0.4,0.6055555555555555,12.007230054794269,12.330456226880395,0.9737863574438153,9,0.0,181000.0,161,80.0,0.0607734806629834,0.2320441988950276,0.1335740072202166,0.296028880866426,4,0,22.6,Gana Ris,2025-02,0.09349626923600833,0.10483435460520854,9.538857789184277
18421,2025-02-22,1900.0,0,4.0,6709,5,5,2,0.032258064516129,0.2258064516129032,0.4646441372247824,12.166141216386324,12.658227848101266,0.9362855206815586,3,0.0,1085000.0,365,0.0,0.218442932728647,0.4645502645502645,0.1564245810055866,0.3407821229050279,7,0,1.8,Eccelenza,2025-02,0.1559799239039421,0.19331548328320056,5.17289139502103
18418,2025-02-22,1980.0,0,4.0,7104,5,4,2,0.125,0.375,0.433590367965368,12.01502731219044,12.484394506866415,0.9427687753555216,4,0.125,440000.0,168,80.0,0.218442932728647,0.4645502645502645,0.1564245810055866,0.3407821229050279,2,0,3.7,Florentin,2025-02,0.13012975951035818,0.14591030706009617,6.853525430442206
18417,2025-02-22,1800.0,0,5.0,7189,32,3,1,0.0,0.25,0.0555555555555555,11.492704037825671,12.12121212121212,0.948148083120618,3,0.0,0.0,196,100.0,0.0624020068987143,0.2784571966133584,0.1123595505617977,0.4089887640449438,4,0,11.9,Galatea,2025-02,0.08758110056320827,0.050812403616681066,19.680234132276173
18421,2025-02-22,1900.0,0,4.0,6380,1640,7,1,0.25,0.4444444444444444,0.6044482523649191,12.520850546350676,13.03780964797914,0.9155948303459868,5,0.1,3048000.0,365,0.0,0.0748898678414096,0.2555066079295154,0.1179487179487179,0.2871794871794871,4,1,3.1,Cukrom,2025-02,0.08300959194699924,0.1028788768627542,9.720168323124797
18421,2025-02-22,1900.0,0,4.0,6460,138,6,1,0.0833333333333333,0.3611111111111111,0.5072350489017157,12.294442089890344,12.77139208173691,0.9560919041367456,10,0.1,1285000.0,365,0.0,0.128747433264887,0.37782340862423,0.1058823529411764,0.3294117647058823,0,0,17.3,Dezmin Lady,2025-02,0.09217872718969981,0.11424274835575016,8.75329081620144
18421,2025-02-22,1900.0,0,4.0,4611,32,16,1,0.1446540880503144,0.3710691823899371,0.4917174893589988,12.363491559624396,12.836970474967906,0.8903601411252664,8,0.6,7845000.0,365,0.0,0.0624020068987143,0.2784571966133584,0.1123595505617977,0.4089887640449438,0,0,8.6,Pálinka,2025-02,0.04783950621883074,0.05929043323817915,16.866127389942324
18421,2025-02-22,1900.0,0,4.0,5721,615,10,2,0.074074074074074,0.3580246913580246,0.5563509878324693,12.423172115518607,12.903225806451612,0.9334754569776736,8,0.3,3794000.0,365,0.0,0.1132653061224489,0.3612244897959183,0.1441441441441441,0.4504504504504504,7,0,3.8,Zippy Boy,2025-02,0.14557301501433054,0.18041756301803588,5.542697635817376
18421,2025-02-22,1900.0,0,4.0,6919,2024,4,1,0.125,0.375,0.5557855339105339,12.401703867676552,12.674271229404308,0.9687244541375224,15,0.0,760000.0,365,0.0,0.0089285714285714,0.1071428571428571,0.0355555555555555,0.1377777777777777,2,0,11.5,Fermina Daza,2025-02,0.05410311402132114,0.06705330642806827,14.913507674267404
18421,2025-02-22,1900.0,0,4.0,6507,451,6,0,0.054054054054054,0.4324324324324324,0.4492833742833743,12.320306018231037,13.10615989515072,0.8737194297899137,3,0.2,1617000.0,365,0.0,0.0795454545454545,0.1988636363636363,0.1144578313253012,0.3313253012048193,0,0,34.6,Despasito,2025-02,0.08187248930335045,0.1014695958373644,9.855168848832328
18418,2025-02-22,1980.0,0,4.0,7290,2237,5,1,0.5714285714285714,0.7142857142857143,0.7777777777777778,12.72206378254556,13.14060446780552,0.973412527988397,18,0.1428571428571428,454254.0,279,80.0,0.2347826086956521,0.4782608695652174,0.4215686274509804,0.7254901960784313,0,1,3.0,Elisa,2025-02,0.2956773638725281,0.33153350252619407,3.0162864156420848
18418,2025-02-22,1980.0,0,4.0,7329,620,5,1,0.0,0.0,0.2222222222222222,12.61034047919294,12.61034047919294,1.0,0,0.5,0.0,121,80.0,0.1504424778761062,0.4336283185840708,0.0793650793650793,0.3968253968253968,2,0,2.1,Exclusive Adri,2025-02,0.13012975951035818,0.14591030706009617,6.853525430442206
18417,2025-02-22,1800.0,0,5.0,7188,5,3,2,1.0,1.0,1.0,11.148272017837234,11.148272017837234,1.0,5,0.0,0.0,147,100.0,0.218442932728647,0.4645502645502645,0.2441471571906354,0.4816053511705686,9,0,4.7,Győcike,2025-02,0.5346118261416754,0.31016865183780734,3.2240524439681857
18421,2025-02-22,1900.0,0,4.0,5695,898,11,1,0.1219512195121951,0.3170731707317073,0.5146213880969979,12.36651568845704,12.919896640826872,0.9296212831947428,5,0.1,4085000.0,365,0.0,0.0962241169305724,0.3118148599269184,0.1179487179487179,0.2871794871794871,2,0,17.3,Vinifera M,2025-02,0.1463108385602633,0.18133199297664745,5.514746645556272
18417,2025-02-22,1800.0,0,5.0,6991,2154,4,0,0.0,0.0,0.3627435064935065,11.582699801068443,12.106537530266344,0.9514147499017946,1,0.0,110000.0,365,100.0,0.1571428571428571,0.2714285714285714,0.1153846153846153,0.2788461538461538,0,0,10.2,Falcon VT,2025-02,0.04083001147955656,0.023688569904138576,42.21445211959766
18424,2025-02-22,1900.0,0,5.0,6121,2274,8,1,0.0853658536585365,0.3902439024390244,0.6023906310491677,12.574358795087091,13.315579227696404,0.8855479226589896,6,0.0,7637400.0,365,0.0,0.0526315789473684,0.4210526315789473,0.2152466367713004,0.5381165919282511,0,1,4.6,Farya BD,2025-02,0.08871820320685704,0.13453432204861313,7.433047454155649
18424,2025-02-22,1900.0,0,5.0,5831,2100,12,2,0.1262135922330097,0.4660194174757281,0.6618809453760911,12.71894041288212,13.531799729364003,0.9367595940032272,5,0.1,9554900.0,365,0.0,0.1352459016393442,0.4139344262295082,0.0789473684210526,0.4473684210526316,0,0,3.0,King's Call,2025-02,0.15037239094575247,0.22802814912230124,4.385423483236964
18424,2025-02-22,1900.0,0,5.0,5905,2237,9,0,0.1868131868131868,0.5054945054945055,0.6611983254840398,12.698786725383531,13.26259946949602,0.9015243416546748,8,0.1,8803500.0,365,0.0,0.2347826086956521,0.4782608695652174,0.0780141843971631,0.3333333333333333,0,0,4.4,Adamo Fling,2025-02,0.1789549415310224,0.27137138564438934,3.6849868958196668
18424,2025-02-22,1900.0,0,5.0,5228,2271,12,2,0.2346938775510204,0.5204081632653061,0.6345922784698295,12.688174254875957,13.26259946949602,0.8396436525612474,3,0.5,11283000.0,365,0.0,0.1953125,0.4140625,0.1403508771929824,0.3450292397660818,1,0,1.9,Uptown Boy M,2025-02,0.19080948332945505,0.2893478852397488,3.456047377610577
18424,2025-02-22,1900.0,0,5.0,5540,1409,11,1,0.1454545454545454,0.4,0.5956582054309327,12.574062483767047,13.280212483399737,0.8868447387371132,10,0.1,7963000.0,365,0.0,0.0806045340050377,0.3350125944584383,0.1082251082251082,0.3939393939393939,1,0,5.3,Velence R.,2025-02,0.050591595470905304,0.07671825794494755,13.034706819302292
18419,2025-02-22,1960.0,0,5.0,6965,1138,4,1,0.3636363636363636,0.7272727272727273,0.7371212121212121,12.431638145893531,13.14060446780552,0.9266778897654984,13,0.0,1157819.0,365,60.0,0.3412698412698413,0.5912698412698413,0.081081081081081,0.2702702702702703,2,1,7.4,Felhők felett,2025-02,0.09809629867474239,0.06272948644664439,15.941466392373014
18419,2025-02-22,1960.0,0,5.0,6700,2271,5,2,0.2941176470588235,0.6470588235294118,0.7131652661064426,12.567028993247174,12.903225806451612,0.9637041942123782,21,0.1,1760000.0,365,60.0,0.1953125,0.4140625,0.1811320754716981,0.4981132075471698,5,0,7.1,Escobar,2025-02,0.22391127794981003,0.14318419415573652,6.984011090723704
18419,2025-02-22,1960.0,0,5.0,6704,23,5,1,0.0303030303030303,0.3333333333333333,0.482082732082732,12.55649001849082,13.03780964797914,0.9279059752321728,11,0.2,2210000.0,365,60.0,0.0822332233223322,0.3182068206820682,0.0930232558139534,0.3255813953488372,15,0,163.8,Emerald,2025-02,0.08892716343204181,0.056866113896355396,17.585165074276176
18419,2025-02-22,1960.0,0,5.0,6973,1791,5,2,0.2857142857142857,0.5238095238095238,0.5578231292517007,12.434501844429784,12.987012987012989,0.9391783807968772,11,0.2,2095000.0,365,60.0,0.1527777777777778,0.3680555555555556,0.2105263157894736,0.4385964912280701,10,0,32.7,Edoardo Ama,2025-02,0.19518853724002838,0.12481690814794506,8.011735067293154
18419,2025-02-22,1960.0,0,5.0,6778,1509,6,1,0.2142857142857142,0.4285714285714285,0.5107039785611215,12.494332740427447,13.003901170351105,0.9152920397302272,8,0.6,2095000.0,365,60.0,0.1561461794019933,0.4568106312292359,0.1811320754716981,0.4981132075471698,1,0,13.6,Dancing Lady,2025-02,0.12546707689762115,0.0802322351207721,12.463818295660323
18419,2025-02-22,1960.0,0,5.0,6909,1401,5,1,0.2352941176470588,0.4117647058823529,0.459640522875817,12.46257799049211,12.919896640826872,0.9520046871384682,20,0.2,1183000.0,365,60.0,0.2327909887359199,0.5594493116395495,0.2105263157894736,0.4385964912280701,3,0,12.6,Treue,2025-02,0.1559799239039421,0.09974423759782755,10.025641822358068
18419,2025-02-22,1960.0,0,5.0,6920,5,4,2,0.4166666666666667,0.75,0.7351491101491101,12.494272522190034,12.9366106080207,0.9424624690649512,22,0.1,1384000.0,365,60.0,0.218442932728647,0.4645502645502645,0.1564245810055866,0.3407821229050279,5,0,2.5,Fliegauf,2025-02,0.20632571975390115,0.13193878480380372,7.5792724746330284
18419,2025-02-22,1960.0,0,5.0,6442,1076,6,1,0.06,0.3,0.4073888888888888,12.31050466488078,12.77139208173691,0.8929269121409908,7,0.2,2137000.0,365,60.0,0.1177685950413223,0.3739669421487603,0.1196172248803827,0.3397129186602871,9,0,3.0,Dulcinea del Toboso,2025-02,0.26943301657835644,0.17229390904717445,5.804035705790376
18419,2025-02-22,1960.0,0,5.0,6706,2403,5,1,0.0833333333333333,0.3333333333333333,0.5143864237614237,12.05802331065723,12.69035532994924,0.9157137907514136,5,0.1,1245000.0,365,60.0,0.0923076923076923,0.2923076923076923,0.1564245810055866,0.3407821229050279,4,0,9.6,Eperke,2025-02,0.1229080359141032,0.07859580919175456,12.72332469483512
18417,2025-02-22,1800.0,0,5.0,7169,2271,3,0,0.5,0.5,0.5,11.389521640091116,11.389521640091116,1.0,5,0.5,0.0,70,100.0,0.1953125,0.4140625,0.1811320754716981,0.4981132075471698,0,0,23.8,Giorgio Ville,2025-02,0.1229080359141032,0.07130822390264067,14.023627924954784
18422,2025-02-22,1960.0,0,5.0,6698,1076,5,2,0.0833333333333333,0.2222222222222222,0.4965177569344237,12.304392492867676,13.089005235602093,0.8824427984876971,0,0.1,1673000.0,365,60.0,0.1177685950413223,0.3739669421487603,0.1196172248803827,0.3397129186602871,3,0,4.5,Easy Bet,2025-02,0.09104162454605103,0.07302955451577295,13.693086403587737
18422,2025-02-22,1960.0,0,5.0,6995,1138,4,0,0.0,0.24,0.4715901875901876,11.973415918165008,12.722646310432571,0.9104236090633588,6,0.3,774000.0,365,60.0,0.3412698412698413,0.5912698412698413,0.081081081081081,0.2702702702702703,1,0,116.0,Fany,2025-02,0.08145680526892345,0.06534103747301351,15.304317756096387
18419,2025-02-22,1960.0,0,5.0,6936,138,4,0,0.1052631578947368,0.5263157894736842,0.5825396825396826,12.22499015837372,12.515644555694616,0.9462758014856032,4,0.2,1400000.0,365,60.0,0.128747433264887,0.37782340862423,0.1058823529411764,0.3294117647058823,7,0,5.4,Aaron LV,2025-02,0.0775617981950442,0.0495983215919861,20.16197258097492
18422,2025-02-22,1960.0,0,5.0,5960,860,9,1,0.1875,0.4375,0.6218039772727273,12.655234535944327,13.245033112582782,0.9143254789563224,16,0.1,7325400.0,365,60.0,0.162593984962406,0.4234022556390977,0.1236363636363636,0.4109090909090909,4,0,58.0,Ann Bella M,2025-02,0.14779158929983774,0.1185518600042752,8.43512704030066
18422,2025-02-22,1960.0,0,5.0,6435,69,6,1,0.0975609756097561,0.3658536585365853,0.4862950058072008,12.540647273421504,12.9366106080207,0.9401278145315196,7,0.3,2325000.0,365,60.0,0.0731010850942318,0.2564249000571102,0.1196172248803827,0.3397129186602871,1,0,17.4,Ducks,2025-02,0.12678461894392967,0.10170099981293476,9.832745025509727
18420,2025-02-22,1960.0,0,5.0,6954,5,6,0,0.34375,0.53125,0.643154761904762,13.073141603737303,13.531799729364003,0.963734577608923,20,0.2,12442180.0,365,60.0,0.218442932728647,0.4645502645502645,0.2441471571906354,0.4816053511705686,2,1,1.7,Palace Bo,2025-02,0.2723778461416562,0.2710555048455429,3.689281280488421
18417,2025-02-22,1800.0,0,5.0,7086,1854,4,2,0.0625,0.1875,0.2557381854256854,11.817026604269255,12.43781094527363,0.9316338354577058,5,0.5,145000.0,350,100.0,0.0360824742268041,0.152061855670103,0.0355555555555555,0.1377777777777777,12,0,35.7,Fakta,2025-02,0.04493397877862056,0.026069590940511603,38.358868088183954
18420,2025-02-22,1960.0,0,5.0,7163,110,8,2,0.25,0.5,0.5165343915343915,13.085921003648702,13.831258644536652,0.9624283278878526,8,0.0,12749902.0,365,60.0,0.1653983885407341,0.4133840644583706,0.1144578313253012,0.3313253012048193,4,0,2.2,Zacapa U.S.,2025-02,0.1559799239039421,0.15522267180849994,6.442357861445085
18420,2025-02-22,1960.0,0,5.0,7336,39,5,2,0.2857142857142857,0.2857142857142857,0.4603174603174603,13.103595573680773,13.513513513513514,0.9673509906078795,10,0.2857142857142857,4319912.0,247,60.0,0.1698040722243565,0.437956204379562,0.1176470588235294,0.4117647058823529,1,0,10.5,Extra George,2025-02,0.1071547418832779,0.1066345265196799,9.377825669019549
18420,2025-02-22,1960.0,0,5.0,5906,28,9,1,0.1758241758241758,0.6263736263736264,0.6942830978545265,12.6975476461877,13.386880856760374,0.8710076069205591,6,0.0,10441440.0,365,60.0,0.1426630434782608,0.3986413043478261,0.0780141843971631,0.3333333333333333,12,0,6.4,Anybody,2025-02,0.1338443880279859,0.13319459964009192,7.507811898546354
18420,2025-02-22,1960.0,0,5.0,7139,1138,6,0,0.2307692307692307,0.5384615384615384,0.5908119658119658,13.25707717042523,13.568521031207595,0.9683651974637846,17,0.0,9294898.0,365,60.0,0.3412698412698413,0.5912698412698413,0.081081081081081,0.2702702702702703,0,0,6.0,Dallas Dei Greppi,2025-02,0.10690013567606609,0.10638115637592484,9.400161025381657
18420,2025-02-22,1960.0,0,5.0,7334,1506,7,2,0.1428571428571428,0.4285714285714285,0.5396825396825397,13.3017021054738,13.736263736263735,0.9722114171792624,8,0.0,9784352.0,365,60.0,0.28,0.6,0.0,0.25,0,0,11.1,Cosimo Tor,2025-02,0.07634052665283282,0.07596990829164797,13.163106583741113
18420,2025-02-22,1960.0,0,5.0,7121,929,6,1,0.2941176470588235,0.4117647058823529,0.5151143790849674,12.96934946399896,13.623978201634875,0.9492626572575066,2,0.1,9597347.0,365,60.0,0.3249299719887955,0.5868347338935574,0.1176470588235294,0.4117647058823529,3,0,4.8,Denalda Op,2025-02,0.15228092670440674,0.15154163251861266,6.598846689058718
18422,2025-02-22,1960.0,0,5.0,4945,898,13,0,0.1507936507936507,0.4444444444444444,0.6442068073020455,12.61443607075033,13.0718954248366,0.8801181805771511,1,0.5,11621000.0,365,60.0,0.0962241169305724,0.3118148599269184,0.1179487179487179,0.2871794871794871,0,0,116.0,Trencsén,2025-02,0.07461109136541684,0.059849709311765246,16.708518913448092
18422,2025-02-22,1960.0,0,5.0,5288,32,12,2,0.1666666666666666,0.3833333333333333,0.5515806878306878,12.476310279127686,12.987012987012989,0.8527131782945737,1,0.6,7588500.0,365,60.0,0.0624020068987143,0.2784571966133584,0.1123595505617977,0.4089887640449438,9,0,20.4,Usain,2025-02,0.09174188350637753,0.07359127120496115,13.588568095458923
18422,2025-02-22,1960.0,0,5.0,6518,2225,6,1,0.1538461538461538,0.6538461538461539,0.6197829947829947,12.54524277513179,12.97016861219196,0.9528652130478628,12,0.3,1926000.0,365,60.0,0.1333333333333333,0.5333333333333333,0.2441471571906354,0.4816053511705686,8,0,4.0,Lolly Pop,2025-02,0.1789549415310224,0.14354971941209319,6.966227479200186
18422,2025-02-22,1960.0,0,5.0,5904,23,9,1,0.1071428571428571,0.3928571428571428,0.5575633030990174,12.504117212570948,13.003901170351105,0.907123451930019,6,0.5,5062000.0,365,60.0,0.0822332233223322,0.3182068206820682,0.0780141843971631,0.3333333333333333,4,0,38.6,Australian Gold,2025-02,0.07164422671000163,0.05746982203301871,17.400436692242756
18422,2025-02-22,1960.0,0,5.0,6679,1064,10,1,0.1509433962264151,0.2264150943396226,0.4710126875221215,12.586410258400692,13.477088948787062,0.9862385321100916,0,0.3,7088200.0,365,60.0,0.0994397759103641,0.2759103641456583,0.0833333333333333,0.2794117647058823,1,0,116.0,Inforgettable,2025-02,0.12739737331867218,0.10219252420343375,9.785451605141967
18422,2025-02-22,1960.0,0,5.0,6358,2271,7,2,0.0408163265306122,0.3469387755102041,0.5180235297582236,12.314625803540936,12.78772378516624,0.9147846891281032,5,0.0,2652000.0,365,60.0,0.1953125,0.4140625,0.0833333333333333,0.2794117647058823,0,0,11.2,Calvin,2025-02,0.05864978830019633,0.047046259701145836,21.255674868785466
18422,2025-02-22,1960.0,0,5.0,5570,138,11,2,0.1619047619047619,0.4476190476190476,0.6447536590393734,12.6154547674507,13.26259946949602,0.8878132078136409,5,0.1,9190000.0,365,60.0,0.128747433264887,0.37782340862423,0.1403508771929824,0.3450292397660818,2,1,1.3,Villeneuve,2025-02,0.12678461894392967,0.10170099981293476,9.832745025509727
18422,2025-02-22,1960.0,0,5.0,6328,175,7,1,0.056338028169014,0.2676056338028169,0.5046867060951568,12.405413257213407,12.953367875647668,0.9097944702591492,14,0.1,2672000.0,365,60.0,0.0818897637795275,0.2598425196850393,0.0973451327433628,0.3716814159292035,13,0,38.6,Credit Card,2025-02,0.06978226949771245,0.05597624251465095,17.864721801186725
18426,2025-03-01,1900.0,0,10.0,7189,32,3,1,0.0,0.2,0.1333333333333333,11.552653796298276,12.12121212121212,0.9530939381946076,3,0.0,0.0,203,0.0,0.0623433583959899,0.2785087719298245,0.1123595505617977,0.4089887640449438,3,0,45.5,Galatea,2025-03,0.07412257418036461,0.05170315839058442,19.341178201254888
18426,2025-03-01,1900.0,0,10.0,7098,138,4,2,0.1666666666666666,0.3333333333333333,0.4777777777777778,11.948032929942569,12.43781094527363,0.9547552776354828,8,0.1666666666666666,140000.0,154,0.0,0.1288205128205128,0.3778461538461538,0.1058823529411764,0.3294117647058823,4,0,3.2,Fernando,2025-03,0.1470609245200952,0.10258027810834539,9.748462554798293
18426,2025-03-01,1900.0,0,10.0,6982,2139,4,0,0.2,0.3,0.5347763347763348,11.809751745670562,12.239902080783354,0.9500744603738238,11,0.3,215000.0,357,0.0,0.0604395604395604,0.2307692307692307,0.1335740072202166,0.296028880866426,0,0,11.3,Farkasfog,2025-03,0.08057041962941487,0.05620076223417256,17.793352976838374
18426,2025-03-01,1900.0,0,10.0,7330,620,5,1,0.0,0.1666666666666666,0.1481481481481481,12.426118620808886,12.642225031605564,1.0,0,0.6666666666666666,0.0,312,0.0,0.1478260869565217,0.4434782608695652,0.0793650793650793,0.3968253968253968,8,0,6.5,Emilia Adri,2025-03,0.16955504069725671,0.11827073225709077,8.45517721008315
18426,2025-03-01,1900.0,0,10.0,7086,1854,4,2,0.0588235294117647,0.1764705882352941,0.2406947627535862,11.817026604269255,12.43781094527363,0.9316338354577058,5,0.5,145000.0,357,0.0,0.0359435173299101,0.1514762516046213,0.1196172248803827,0.3397129186602871,11,0,22.7,Fakta,2025-03,0.13964983075857162,0.09741077396150977,10.265804893359467
18431,2025-03-01,1800.0,0,10.0,6657,635,6,1,0.1034482758620689,0.4137931034482758,0.4457854406130268,12.263108383990016,12.836970474967906,0.8885287233569377,8,0.4,1317000.0,365,100.0,0.2047569803516029,0.4560496380558428,0.1335740072202166,0.296028880866426,6,0,6.0,Dreamer,2025-03,0.1422926882902781,0.13659473934607608,7.320926155628897
18431,2025-03-01,1800.0,0,10.0,6854,1076,5,1,0.0857142857142857,0.4,0.5342517006802721,12.40864988786124,13.003901170351105,0.9332263565290698,9,0.0,1900000.0,365,100.0,0.1170431211498973,0.3737166324435318,0.1196172248803827,0.3397129186602871,8,1,2.8,Elegáns Hölgy,2025-03,0.1748163104057312,0.16781598998678185,5.958907730298917
18431,2025-03-01,1800.0,0,10.0,5795,33,10,1,0.1428571428571428,0.5833333333333334,0.6939664502164502,12.655473003555128,13.03780964797914,0.9305370779767882,9,0.0,6743000.0,365,100.0,0.10402488819755,0.335407349795839,0.1123595505617977,0.4089887640449438,5,0,2.4,Zara Mia,2025-03,0.1662441442410151,0.15958708647129005,6.2661711678024865
18431,2025-03-01,1800.0,0,10.0,5960,860,9,1,0.1846153846153846,0.4307692307692308,0.6164335664335665,12.650075277217686,13.245033112582782,0.9143254789563224,16,0.1,7325400.0,365,100.0,0.1625176139032409,0.4232033818694222,0.1236363636363636,0.4109090909090909,3,0,22.2,Ann Bella M,2025-03,0.14903868238131204,0.1430705977725832,6.989556313936302
18431,2025-03-01,1800.0,0,10.0,6703,28,5,0,0.1290322580645161,0.2903225806451613,0.4092712842712843,12.46877185431617,13.054830287206268,0.9000945560003086,6,0.7,1647000.0,365,100.0,0.1426242868785656,0.3985330073349633,0.0780141843971631,0.3333333333333333,7,0,16.6,Etalon N,2025-03,0.09808330858747165,0.09415567399622886,10.620708849049842
18426,2025-03-01,1900.0,0,10.0,7201,2125,3,1,0.5,0.5,0.625,11.275478106968746,11.614401858304298,0.970818665010009,10,0.25,25000.0,105,0.0,0.024,0.176,0.1058823529411764,0.3294117647058823,3,0,45.5,Renebell BD,2025-03,0.08057041962941487,0.05620076223417256,17.793352976838374
18426,2025-03-01,1900.0,0,10.0,7314,1401,5,0,1.0,1.0,1.0,12.300123001230013,12.300123001230013,1.0,5,0.0,0.0,7,0.0,0.2344139650872818,0.559850374064838,0.2105263157894736,0.4385964912280701,2,0,4.5,Anointed,2025-03,0.33547009030977887,0.23400243996362563,4.273459713306598
18426,2025-03-01,1900.0,0,10.0,7193,33,3,1,0.3333333333333333,0.6666666666666666,0.4814814814814814,11.532554390763904,12.285012285012284,0.938749927408182,8,0.0,0.0,210,0.0,0.10402488819755,0.335407349795839,0.1123595505617977,0.4089887640449438,10,0,9.1,Grazia,2025-03,0.09914873416225116,0.06915980405838092,14.459265951011874
18430,2025-03-01,1900.0,0,10.0,6679,1064,10,1,0.1481481481481481,0.2222222222222222,0.472391240446796,12.58235116405617,13.477088948787062,0.9862385321100916,0,0.3,7088200.0,365,0.0,0.0993006993006993,0.2755244755244755,0.0833333333333333,0.2794117647058823,0,0,10.7,Inforgettable,2025-03,0.1422926882902781,0.0867758752681627,11.523940230043305
18426,2025-03-01,1900.0,0,10.0,7060,635,4,0,0.3333333333333333,0.5,0.5185185185185185,12.428604930696334,12.547051442910917,0.9874130839686638,12,0.3333333333333333,310000.0,272,0.0,0.2047569803516029,0.4560496380558428,0.1335740072202166,0.296028880866426,7,1,2.2,Filthy Rich,2025-03,0.1651771937807401,0.11521702675593522,8.679272744282013
18430,2025-03-01,1900.0,0,10.0,5531,23,11,1,0.1261261261261261,0.4594594594594595,0.6142701142701144,12.662430946596643,13.227513227513228,0.8965304900166179,5,0.3,8046000.0,365,0.0,0.0821880153930731,0.3183067619571193,0.0930232558139534,0.3255813953488372,15,0,14.3,Very Nice Photo,2025-03,0.09914873416225116,0.06046493528260624,16.538511044890953
18430,2025-03-01,1900.0,0,10.0,5904,1638,9,1,0.1058823529411764,0.388235294117647,0.558490365843307,12.500818922961596,13.003901170351105,0.907123451930019,6,0.5,5092000.0,365,0.0,0.0459770114942528,0.2873563218390804,0.0780141843971631,0.3333333333333333,3,0,21.5,Australian Gold,2025-03,0.08163930599888165,0.04978697303045012,20.085575385119153
18430,2025-03-01,1900.0,0,10.0,5288,32,12,2,0.1652892561983471,0.3884297520661157,0.5537840029575567,12.47480523853734,12.987012987012989,0.8527131782945737,1,0.6,7660500.0,365,0.0,0.0623433583959899,0.2785087719298245,0.1123595505617977,0.4089887640449438,8,0,6.9,Usain,2025-03,0.08057041962941487,0.04913512259887017,20.35204039610953
18430,2025-03-01,1900.0,0,10.0,5907,860,9,1,0.0813953488372093,0.2790697674418604,0.4422493204469949,12.262168152322657,12.804097311139566,0.8688731313731313,10,0.4,3068000.0,365,0.0,0.1625176139032409,0.4232033818694222,0.1236363636363636,0.4109090909090909,1,0,53.8,Always Winner,2025-03,0.1422926882902781,0.0867758752681627,11.523940230043305
18430,2025-03-01,1900.0,0,10.0,5925,110,9,1,0.1125,0.325,0.5641819985569986,12.395975453681816,12.804097311139566,0.9301337412082138,8,0.0,4156640.0,365,0.0,0.165361378384426,0.4135153278138286,0.0833333333333333,0.2794117647058823,1,0,14.3,Anikó,2025-03,0.1422926882902781,0.0867758752681627,11.523940230043305
18430,2025-03-01,1900.0,0,10.0,6080,138,8,1,0.175438596491228,0.4385964912280701,0.6117402091086301,12.425482886797049,12.82051282051282,0.9368667577956744,13,0.1,4410000.0,365,0.0,0.1288205128205128,0.3778461538461538,0.1058823529411764,0.3294117647058823,2,0,8.6,Boszi,2025-03,0.22866234680016836,0.13944760987281501,7.1711519538560955
18430,2025-03-01,1900.0,0,10.0,6052,719,9,1,0.1710526315789473,0.3421052631578947,0.5403874269005847,12.533614183601273,12.953367875647668,0.9342112597386636,15,0.2,5039000.0,365,0.0,0.1564039408866995,0.3990147783251231,0.1441441441441441,0.4504504504504504,3,0,3.3,Auróra,2025-03,0.1662441442410151,0.10138244837494159,9.863640265440335
18430,2025-03-01,1900.0,0,10.0,6021,1076,9,1,0.1208791208791208,0.5054945054945055,0.6299605156748014,12.502122519295042,13.03780964797914,0.8910351652697485,6,0.1,6306000.0,365,0.0,0.1170431211498973,0.3737166324435318,0.1196172248803827,0.3397129186602871,8,0,2.7,Anna,2025-03,0.22329608599344888,0.13617504552663887,7.343489375256921
18430,2025-03-01,1900.0,0,10.0,6546,1408,7,2,0.1111111111111111,0.3055555555555556,0.4496803350970018,12.470240730322246,13.020833333333334,0.93419898329388,5,0.3,1923040.0,365,0.0,0.1293532338308457,0.4054726368159204,0.1196172248803827,0.3397129186602871,5,1,3.9,Count Basie AT,2025-03,0.3333333333333333,0.2032802395091899,4.919317305088043
18431,2025-03-01,1800.0,0,10.0,6698,1408,5,2,0.081081081081081,0.2162162162162162,0.488012363012363,12.304392492867676,13.089005235602093,0.8824427984876971,0,0.1,1673000.0,365,100.0,0.1293532338308457,0.4054726368159204,0.1196172248803827,0.3397129186602871,1,0,4.1,Easy Bet,2025-03,0.08163930599888165,0.07837015279775054,12.759959809963558
18426,2025-03-01,1900.0,0,10.0,7082,39,4,1,0.0909090909090909,0.2727272727272727,0.3380886789977699,12.069669764787758,12.330456226880395,0.9735275662659992,7,0.2,235000.0,365,0.0,0.1697388632872503,0.4377880184331797,0.1153846153846153,0.2788461538461538,1,0,15.1,Fire Bird,2025-03,0.1422926882902781,0.0992542620361828,10.07513409988836
18431,2025-03-01,1800.0,0,10.0,4968,898,13,0,0.1531531531531531,0.4144144144144144,0.5607360607360607,12.383577501768158,12.903225806451612,0.8881702197554802,10,0.1,7248000.0,365,100.0,0.0959902794653706,0.3134872417982989,0.1179487179487179,0.2871794871794871,4,0,9.5,Titus Livius,2025-03,0.14902940392494202,0.1430616908614508,6.9899914783508175
18429,2025-03-01,1960.0,0,10.0,5721,615,10,2,0.073170731707317,0.3536585365853658,0.5530505402456622,12.425217434422326,12.903225806451612,0.9334754569776736,8,0.3,3794000.0,365,60.0,0.1131498470948012,0.3608562691131498,0.1441441441441441,0.4504504504504504,6,0,2.8,Zippy Boy,2025-03,0.10788543025652568,0.18312250686989015,5.460825198895443
18429,2025-03-01,1960.0,0,10.0,6992,620,4,2,0.0,0.2105263157894736,0.3781689071162755,12.013887707325123,12.391573729863692,0.9181315161046072,0,0.3,410000.0,365,60.0,0.1478260869565217,0.4434782608695652,0.0793650793650793,0.3968253968253968,5,1,13.8,Finiselj!,2025-03,0.07412257418036461,0.1258141304834509,7.9482328110317955
18431,2025-03-01,1800.0,0,10.0,5504,2139,11,2,0.1782178217821782,0.4158415841584158,0.573957752918149,12.64468643629536,13.227513227513228,0.9214285400749652,15,0.2,9101000.0,365,100.0,0.0604395604395604,0.2307692307692307,0.1335740072202166,0.296028880866426,0,0,9.5,Vakarcs RG,2025-03,0.08057041962941487,0.07734406876783863,12.929239642171787
18428,2025-03-01,2500.0,0,9.0,6727,635,6,0,0.081081081081081,0.3243243243243243,0.4097919347919348,12.31728932974993,13.003901170351105,0.8841981667236901,4,0.2,1675000.0,365,600.0,0.2047569803516029,0.4560496380558428,0.1335740072202166,0.296028880866426,12,0,6.4,Västerbo No Edge,2025-03,0.13291311512390772,0.17195853407253056,5.815355459928549
18428,2025-03-01,2500.0,0,9.0,6928,1638,4,2,0.0952380952380952,0.3333333333333333,0.5750326393183537,12.51446558889528,13.020833333333334,0.9103575083863276,4,0.1,2187000.0,365,600.0,0.0459770114942528,0.2873563218390804,0.1082251082251082,0.3939393939393939,0,0,29.2,Fenegyerek,2025-03,0.05554425964752833,0.0718613016949367,13.915695602692644
18428,2025-03-01,2500.0,0,9.0,6861,1408,5,1,0.1666666666666666,0.5,0.510465367965368,12.62124471151478,13.020833333333334,0.9320172537869386,17,0.3,2852519.0,365,600.0,0.1293532338308457,0.4054726368159204,0.1196172248803827,0.3397129186602871,0,0,2.2,Emeli Sandé A.T.,2025-03,0.12507794797420502,0.16182165739169974,6.179642552908945
18428,2025-03-01,2500.0,0,9.0,6514,1640,6,2,0.2647058823529412,0.5294117647058824,0.6223930481283422,12.71819400584712,13.26259946949602,0.926566895671848,13,0.2,3601000.0,365,600.0,0.0789473684210526,0.2587719298245614,0.1376146788990825,0.3990825688073394,0,0,2.1,El Valle Sagrado,2025-03,0.14902940392494202,0.1928092484232689,5.1864732017663755
18428,2025-03-01,2500.0,0,9.0,6929,148,4,1,0.125,0.5,0.6627998737373737,12.620950727861349,12.9366106080207,0.9644257998306432,14,0.1,1870000.0,365,600.0,0.1268357810413885,0.4000890075656431,0.1082251082251082,0.3939393939393939,13,0,14.6,Fendi,2025-03,0.1422926882902781,0.18409351150054043,5.43202197540278
18428,2025-03-01,2500.0,0,9.0,6973,1791,5,2,0.2727272727272727,0.5,0.5627705627705628,12.45555748426148,12.987012987012989,0.9391783807968772,11,0.2,2143000.0,365,600.0,0.1506849315068493,0.3698630136986301,0.2105263157894736,0.4385964912280701,9,1,3.2,Edoardo Ama,2025-03,0.1680795947710673,0.21745574691702366,4.598636799337283
18432,2025-03-01,1800.0,0,10.0,6692,1791,5,1,0.1153846153846153,0.3076923076923077,0.5355089355089355,12.24028787892398,12.88659793814433,0.8990465726391413,3,0.1,1445000.0,365,100.0,0.1506849315068493,0.3698630136986301,0.2105263157894736,0.4385964912280701,1,0,28.5,Excellence,2025-03,0.11167654395103455,0.08531936090004244,11.72066913594875
18432,2025-03-01,1800.0,0,10.0,6442,1076,6,1,0.0588235294117647,0.2941176470588235,0.4015795206971677,12.313260185621871,12.77139208173691,0.8929269121409908,7,0.2,2137000.0,365,100.0,0.1170431211498973,0.3737166324435318,0.1196172248803827,0.3397129186602871,8,0,5.1,Dulcinea del Toboso,2025-03,0.1920310507218043,0.1467091113397246,6.816209237914106
18432,2025-03-01,1800.0,0,10.0,6068,2225,8,1,0.140625,0.46875,0.5780691964285715,12.646979259372804,13.054830287206268,0.9193691405491446,5,0.1,5484000.0,365,100.0,0.1323529411764706,0.5294117647058824,0.2441471571906354,0.4816053511705686,7,0,8.1,Balerina R.,2025-03,0.14902940392494202,0.11385643796216834,8.782990385947917
18432,2025-03-01,1800.0,0,10.0,6360,860,7,0,0.075,0.425,0.6016134559884561,12.526519671504976,13.03780964797914,0.909397664224322,9,0.3,6172000.0,365,100.0,0.1625176139032409,0.4232033818694222,0.1236363636363636,0.4109090909090909,7,0,8.1,Chip Chip Chip,2025-03,0.24169435600439707,0.1846512012091279,5.4156160016930714
18432,2025-03-01,1800.0,0,10.0,6342,33,7,2,0.1481481481481481,0.4629629629629629,0.593261316872428,12.672309707642238,13.14060446780552,0.9009068043951408,10,0.3,4209000.0,365,100.0,0.10402488819755,0.335407349795839,0.1123595505617977,0.4089887640449438,2,0,3.8,Carlos Fox,2025-03,0.1662441442410151,0.1270082654620553,7.873503321709072
18432,2025-03-01,1800.0,0,10.0,6805,138,9,1,0.027027027027027,0.2702702702702703,0.5208065208065208,12.800268952901428,13.368983957219251,0.9850843060959792,1,0.2,10328600.0,365,100.0,0.1288205128205128,0.3778461538461538,0.1058823529411764,0.3294117647058823,4,0,7.1,Guiness des Fanes,2025-03,0.11091579745213191,0.08473816092019908,11.801058568426276
18432,2025-03-01,1800.0,0,10.0,6472,2403,6,2,0.125,0.375,0.537311507936508,12.595007423575378,13.123359580052494,0.8985459415640789,10,0.0,5732000.0,365,100.0,0.0909090909090909,0.2878787878787879,0.1564245810055866,0.3407821229050279,9,1,2.0,Dumbledore,2025-03,0.2142323354880015,0.16367059098796946,6.109833134735272
18432,2025-03-01,1800.0,0,10.0,6525,1640,8,0,0.0980392156862745,0.5294117647058824,0.6778619528619528,12.855205126509471,13.642564802182813,0.958258244511508,4,0.1,5272290.0,365,100.0,0.0789473684210526,0.2587719298245614,0.1179487179487179,0.2871794871794871,0,0,9.5,Big Ben Pax,2025-03,0.12310019011298816,0.09404687121871287,10.632995941719601
18427,2025-03-01,1800.0,0,10.0,6924,23,4,2,0.0714285714285714,0.3571428571428571,0.4263837353123067,12.210185808450756,12.515644555694616,0.9484811325421316,5,0.4,545000.0,365,100.0,0.0821880153930731,0.3183067619571193,0.0780141843971631,0.3333333333333333,0,0,24.9,Felix Charme,2025-03,0.06474300101399422,0.03674660787200122,27.213396226483855
18427,2025-03-01,1800.0,0,10.0,7136,1791,4,2,0.1428571428571428,0.5714285714285714,0.5283730158730159,12.449265490782771,12.82051282051282,0.953109744762375,8,0.2,990000.0,329,100.0,0.1506849315068493,0.3698630136986301,0.2105263157894736,0.4385964912280701,5,0,12.4,First Home,2025-03,0.20742306609948477,0.11772846414577601,8.494122532353439
18429,2025-03-01,1960.0,0,10.0,6799,1854,5,0,0.024390243902439,0.0975609756097561,0.3716063069721607,12.24936327128141,12.77139208173691,0.9146996761213072,3,0.4,895000.0,365,60.0,0.0359435173299101,0.1514762516046213,0.1196172248803827,0.3397129186602871,5,0,6.9,Exclusive Fox,2025-03,0.06306099146604538,0.10703842785355608,9.342439159963591
18429,2025-03-01,1960.0,0,10.0,6051,1409,8,1,0.0326086956521739,0.2282608695652173,0.4439190037016123,12.340540620730444,12.9366106080207,0.929879082092774,13,0.1,3016440.0,365,60.0,0.0804020100502512,0.3341708542713568,0.1196172248803827,0.3397129186602871,0,0,69.3,Briliáns BD,2025-03,0.06052833298842112,0.10273954552658143,9.733350433609555
18429,2025-03-01,1960.0,0,10.0,6131,138,8,2,0.024390243902439,0.1951219512195122,0.4749128919860627,12.270002962090128,12.706480304955528,0.9217319384704712,1,0.3,2837000.0,365,60.0,0.1288205128205128,0.3778461538461538,0.1058823529411764,0.3294117647058823,2,0,8.6,Bulibáró,2025-03,0.058165126790603004,0.09872828800862071,10.128809282226007
18429,2025-03-01,1960.0,0,10.0,6511,39,6,1,0.0,0.1785714285714285,0.462082560296846,12.16034834811318,12.706480304955528,0.9256952337808408,4,0.1,785000.0,365,60.0,0.1697388632872503,0.4377880184331797,0.1376146788990825,0.3990825688073394,0,0,1.6,Demi Moore,2025-03,0.08163930599888165,0.13857287622699163,7.216419455434649
18427,2025-03-01,1800.0,0,10.0,7274,2237,4,0,0.375,0.625,0.5694444444444444,12.43972574985365,12.919896640826872,0.9695935809797196,9,0.375,850398.0,365,100.0,0.2393162393162393,0.4871794871794871,0.4215686274509804,0.7254901960784313,1,1,4.4,Lucky de Sajan,2025-03,0.38435426354408264,0.21815045928027613,4.583992182731169
18429,2025-03-01,1960.0,0,10.0,6438,1640,6,0,0.1111111111111111,0.25,0.5224957912457913,12.474333880672376,12.88659793814433,0.9376524865359366,15,0.0,2443000.0,365,60.0,0.0789473684210526,0.2587719298245614,0.1179487179487179,0.2871794871794871,2,0,5.3,Danny DeVito,2025-03,0.14374171445767084,0.24398422503090916,4.098625638085064
18427,2025-03-01,1800.0,0,10.0,7034,32,4,2,0.0952380952380952,0.3809523809523809,0.479469868755583,11.99223777106508,12.77139208173691,0.870603499657511,5,0.3,987000.0,365,100.0,0.0623433583959899,0.2785087719298245,0.1123595505617977,0.4089887640449438,15,0,5.3,Formula,2025-03,0.08057041962941487,0.045729879212190745,21.867540811991002
18427,2025-03-01,1800.0,0,10.0,7247,148,4,1,0.25,0.75,0.7961805555555556,12.275355286297115,12.547051442910917,0.9802621185733258,16,0.0,685000.0,365,100.0,0.1268357810413885,0.4000890075656431,0.1082251082251082,0.3939393939393939,4,0,18.7,Fancy Jet,2025-03,0.10788543025652568,0.06123323816703792,16.33099979576621
18427,2025-03-01,1800.0,0,10.0,7081,138,4,1,0.2307692307692307,0.4615384615384615,0.5807387057387058,12.209132202540529,12.88659793814433,0.909210974826132,7,0.0,935000.0,365,100.0,0.1288205128205128,0.3778461538461538,0.1058823529411764,0.3294117647058823,6,0,10.6,Fancy,2025-03,0.13487653185923895,0.07655275396170835,13.062887332573293
18427,2025-03-01,1800.0,0,10.0,7290,2450,5,1,0.625,0.75,0.8055555555555556,12.69931382366073,13.14060446780552,0.973412527988397,18,0.125,704254.0,286,100.0,0.4285714285714285,0.6428571428571429,0.4215686274509804,0.7254901960784313,1,0,1.6,Elisa,2025-03,0.55977530280749,0.31771532407420233,3.1474717277610766
18427,2025-03-01,1800.0,0,10.0,6674,2125,6,1,0.05,0.15,0.3833333333333333,12.254441322694785,12.919896640826872,0.9117367662189972,7,0.0,887323.0,365,100.0,0.024,0.176,0.1058823529411764,0.3294117647058823,11,0,10.6,Démon Jewel GG,2025-03,0.09914873416225116,0.05627449451220245,17.770039671936317
18427,2025-03-01,1800.0,0,10.0,6962,1076,4,1,0.1052631578947368,0.4736842105263157,0.606077694235589,12.067811454543596,12.706480304955528,0.8986209965631711,10,0.1,873500.0,365,100.0,0.1170431211498973,0.3737166324435318,0.1196172248803827,0.3397129186602871,5,0,12.4,Flinga VT,2025-03,0.12310019011298816,0.06986877877460483,14.312544423110333
18436,2025-03-08,1800.0,0,19.0,7201,2125,3,1,0.4,0.4,0.6333333333333334,11.483242962793144,12.106537530266344,0.9485158687267138,11,0.2,65000.0,112,100.0,0.0236220472440944,0.1732283464566929,0.1058823529411764,0.3294117647058823,2,0,11.5,Renebell BD,2025-03,0.09914873416225116,0.13819135439284486,7.236342710393011
18436,2025-03-08,1800.0,0,19.0,7168,1509,3,1,0.0,0.5,0.375,11.733574695886157,11.990407673860911,0.9785801296369054,4,0.25,119000.0,175,100.0,0.1556291390728476,0.4552980132450331,0.1811320754716981,0.4981132075471698,5,0,5.7,God save the Queen,2025-03,0.05069952520231406,0.07066389817258435,14.151497806668873
18441,2025-03-08,1800.0,0,19.0,5531,23,11,1,0.125,0.4553571428571428,0.6087855596784169,12.662430946596643,13.227513227513228,0.8965304900166179,5,0.3,8046000.0,365,100.0,0.0821428571428571,0.3181318681318681,0.0930232558139534,0.3255813953488372,14,1,9.7,Very Nice Photo,2025-03,0.1508648544549942,0.13072872414914413,7.649428283711639
18441,2025-03-08,1800.0,0,19.0,5795,33,10,1,0.1411764705882353,0.5882352941176471,0.6942055003819709,12.65768638735284,13.03780964797914,0.9305370779767882,9,0.0,6815000.0,365,100.0,0.1039642440730664,0.3357947920715118,0.1123595505617977,0.4089887640449438,4,0,3.2,Zara Mia,2025-03,0.14766582970817885,0.12795667743764536,7.815145094614626
18441,2025-03-08,1800.0,0,19.0,5536,175,11,2,0.0559440559440559,0.2447552447552447,0.4796963137872229,12.393722565207584,13.192612137203168,0.8704568556449253,9,0.0,5231000.0,365,100.0,0.0817610062893081,0.2594339622641509,0.0973451327433628,0.3716814159292035,0,0,7.1,Winner Boy,2025-03,0.14305343478918076,0.12395990492750122,8.067124612469303
18441,2025-03-08,1800.0,0,19.0,6380,1640,7,1,0.2702702702702703,0.4594594594594595,0.6151388401388401,12.52477561211498,13.03780964797914,0.9155948303459868,5,0.1,3298000.0,365,100.0,0.0779220779220779,0.264069264069264,0.1179487179487179,0.2871794871794871,3,0,7.1,Cukrom,2025-03,0.12507794797420502,0.10838362995099525,9.226485590602028
18441,2025-03-08,1800.0,0,19.0,6315,39,7,2,0.1081081081081081,0.4054054054054054,0.4835380835380835,12.528613683001264,13.089005235602093,0.911266371510239,6,0.5,1805000.0,365,100.0,0.1699271192942079,0.4380514000767165,0.15,0.4375,0,0,2.3,Csodabogyó,2025-03,0.16065415988365808,0.13921143812264478,7.183317789727908
18441,2025-03-08,1800.0,0,19.0,5856,1064,12,1,0.1052631578947368,0.2421052631578947,0.4544535581377687,12.356447559627766,12.804097311139566,0.9924017482760236,0,0.4,4014000.0,365,100.0,0.0991620111731843,0.2751396648044693,0.0833333333333333,0.2794117647058823,2,0,11.1,Donia d'Aunay,2025-03,0.12310019011298816,0.10666984602957205,9.374720572135917
18441,2025-03-08,1800.0,0,19.0,6995,1138,4,0,0.0,0.2307692307692307,0.4604451104451105,11.973415918165008,12.722646310432571,0.9104236090633588,6,0.3,774000.0,365,100.0,0.33984375,0.58984375,0.081081081081081,0.2702702702702703,0,0,4.8,Fany,2025-03,0.05573001752297083,0.04829165887513468,20.70750981211165
18441,2025-03-08,1800.0,0,19.0,6378,1492,7,2,0.1081081081081081,0.2972972972972973,0.4453180453180453,12.37071371523203,12.78772378516624,0.9291069580626344,5,0.4,1600000.0,365,100.0,0.0942148760330578,0.3570247933884297,0.1058823529411764,0.3294117647058823,8,0,39.1,Chesterfield,2025-03,0.1662441442410151,0.14405531992461185,6.9417776484987
18438,2025-03-08,1960.0,0,0.0,7127,255,4,1,0.25,1.0,0.8711805555555556,12.489291319275532,12.903225806451612,0.96758525116666,16,0.0,1160000.0,308,60.0,0.3728706624605678,0.673186119873817,0.4126984126984127,0.7936507936507936,8,1,2.5,Francesca,2025-03,0.3183678636948268,0.27716138586991085,3.608006204981824
18438,2025-03-08,1960.0,0,0.0,6909,1401,5,1,0.2222222222222222,0.3888888888888889,0.4587962962962962,12.475169116320613,12.919896640826872,0.9520046871384682,20,0.2,1183000.0,365,60.0,0.2341220423412204,0.5591531755915318,0.2152466367713004,0.5381165919282511,2,0,3.9,Treue,2025-03,0.1680795947710673,0.14632498670737853,6.834102790658749
18441,2025-03-08,1800.0,0,19.0,5540,1409,11,1,0.1441441441441441,0.3963963963963964,0.5902919152919154,12.573472403685503,13.280212483399737,0.8868447387371132,10,0.1,7998000.0,365,100.0,0.0802005012531328,0.3333333333333333,0.1082251082251082,0.3939393939393939,0,0,26.0,Velence R.,2025-03,0.08163930599888165,0.07074280058275073,14.135714048106696
18436,2025-03-08,1800.0,0,19.0,7103,138,3,1,0.0,0.6666666666666666,0.4976851851851852,11.692782418480618,12.106537530266344,0.9589885933197988,9,0.0,200000.0,210,100.0,0.1286621593935669,0.3777914361811104,0.1058823529411764,0.3294117647058823,7,0,9.2,Grace Kelly,2025-03,0.1508648544549942,0.21027216074486801,4.755741304305812
18436,2025-03-08,1800.0,0,19.0,7193,33,3,1,0.25,0.75,0.5555555555555556,11.770514419789532,12.484394506866415,0.9428182050251416,10,0.0,60000.0,217,100.0,0.1039642440730664,0.3357947920715118,0.1123595505617977,0.4089887640449438,9,0,2.8,Grazia,2025-03,0.12310019011298816,0.17157437400958023,5.828376211613995
18436,2025-03-08,1800.0,0,19.0,7242,1138,3,1,0.0,0.6666666666666666,0.525925925925926,11.939852193600752,12.34567901234568,0.9671280276816608,5,0.3333333333333333,60000.0,171,100.0,0.33984375,0.58984375,0.081081081081081,0.2702702702702703,2,0,4.6,Golden Rose OZ,2025-03,0.0999094806611538,0.1392516663566964,7.181242610328818
18436,2025-03-08,1800.0,0,19.0,7167,2271,3,0,0.0,0.5,0.4444444444444445,11.782465196677068,12.239902080783354,0.9626274065685164,2,0.0,25000.0,84,100.0,0.18796992481203,0.4060150375939849,0.1811320754716981,0.4981132075471698,2,1,5.1,Gainsville,2025-03,0.05069952520231406,0.07066389817258435,14.151497806668873
18442,2025-03-08,1960.0,0,18.0,6358,1064,7,2,0.04,0.34,0.5167539682539682,12.313406949607128,12.78772378516624,0.9147846891281032,5,0.0,2652000.0,365,60.0,0.0991620111731843,0.2751396648044693,0.0833333333333333,0.2794117647058823,7,0,12.7,Calvin,2025-03,0.14152997732162476,0.13082442054720747,7.643832824309388
18442,2025-03-08,1960.0,0,18.0,6877,28,6,1,0.1282051282051282,0.4102564102564102,0.5773707773707775,12.582668220458467,13.003901170351105,0.933924972108228,18,0.1,2326000.0,365,60.0,0.1425855513307984,0.3984247691472026,0.0780141843971631,0.3333333333333333,2,0,3.9,Petra La Roque,2025-03,0.1662441442410151,0.15366916784190088,6.507486270953376
18442,2025-03-08,1960.0,0,18.0,5570,138,11,2,0.1698113207547169,0.4528301886792453,0.6481050396144736,12.615886818770402,13.26259946949602,0.8878132078136409,5,0.1,9490000.0,365,60.0,0.1286621593935669,0.3777914361811104,0.1403508771929824,0.3450292397660818,1,0,1.3,Villeneuve,2025-03,0.21042932073275247,0.19451210600030625,5.141068186256878
18442,2025-03-08,1960.0,0,18.0,6696,898,5,1,0.064516129032258,0.4193548387096774,0.5531082716566588,12.369027734143094,12.88659793814433,0.8924590797222147,10,0.2,1630000.0,365,60.0,0.0958737864077669,0.3131067961165049,0.1179487179487179,0.2871794871794871,6,0,17.0,Édes K,2025-03,0.1748163104057312,0.16159292147032747,6.1883898805779385
18442,2025-03-08,1960.0,0,18.0,6328,175,7,1,0.0555555555555555,0.2638888888888889,0.5027276735610069,12.40472904450854,12.953367875647668,0.9097944702591492,14,0.1,2672000.0,365,60.0,0.0817610062893081,0.2594339622641509,0.0973451327433628,0.3716814159292035,12,0,10.2,Credit Card,2025-03,0.1244842807451884,0.1150680880751957,8.690506783657614
18442,2025-03-08,1960.0,0,18.0,6704,23,5,1,0.0294117647058823,0.3529411764705882,0.4907796451914099,12.565660658959292,13.03780964797914,0.9279059752321728,11,0.2,2282000.0,365,60.0,0.0821428571428571,0.3181318681318681,0.0930232558139534,0.3255813953488372,14,0,12.7,Emerald,2025-03,0.09808330858747165,0.09066412822316143,11.02972056973395
18442,2025-03-08,1960.0,0,18.0,6330,860,7,0,0.0588235294117647,0.4901960784313725,0.6144385026737967,12.554185700705943,13.020833333333334,0.905217393616989,13,0.0,4510000.0,365,60.0,0.1622889305816135,0.4226078799249531,0.1236363636363636,0.4109090909090909,7,1,7.2,Che Comandante,2025-03,0.1662441442410151,0.15366916784190088,6.507486270953376
18438,2025-03-08,1960.0,0,0.0,6934,138,4,1,0.25,0.4375,0.5958581349206349,12.325500146750858,12.77139208173691,0.927575071245087,12,0.1,1159000.0,365,60.0,0.1286621593935669,0.3777914361811104,0.1058823529411764,0.3294117647058823,9,0,13.1,Zaira LV,2025-03,0.12507794797420502,0.10888905996971256,9.183659040477984
18436,2025-03-08,1800.0,0,19.0,7106,1076,3,2,0.0,0.25,0.5166666666666666,12.002339737596923,12.376237623762377,0.9697890507978314,4,0.0,125000.0,171,100.0,0.1181262729124236,0.3767820773930753,0.1196172248803827,0.3397129186602871,14,0,2.8,Gentleman Jack,2025-03,0.14305190990368524,0.1993826481508419,5.015481584151973
18438,2025-03-08,1960.0,0,0.0,6920,615,4,2,0.3846153846153846,0.6923076923076923,0.7042402042402043,12.50262134853146,12.9366106080207,0.9424624690649512,22,0.1,1384000.0,365,60.0,0.1130346232179226,0.3615071283095723,0.1564245810055866,0.3407821229050279,1,0,4.1,Fliegauf,2025-03,0.14902940392494202,0.12974046955567403,7.707695242854671
18443,2025-03-08,1800.0,0,19.0,6805,138,9,1,0.0263157894736842,0.2894736842105263,0.529657477025898,12.805417427425384,13.368983957219251,0.9850843060959792,1,0.2,10478600.0,365,100.0,0.1286621593935669,0.3777914361811104,0.1058823529411764,0.3294117647058823,3,0,3.2,Guiness des Fanes,2025-03,0.12507794797420502,0.1349637548479311,7.409396701556939
18438,2025-03-08,1960.0,0,0.0,6703,28,5,0,0.125,0.28125,0.4098744137806638,12.483182341336208,13.054830287206268,0.9000945560003086,6,0.7,1677000.0,365,60.0,0.1425855513307984,0.3984247691472026,0.0780141843971631,0.3333333333333333,6,0,5.7,Etalon N,2025-03,0.07412257418036461,0.06452886024880829,15.496941928684816
18437,2025-03-08,1960.0,0,19.0,7124,69,4,2,0.25,0.25,0.4172619047619048,12.313768345651397,12.61034047919294,0.9554896487048724,6,0.25,405000.0,147,60.0,0.0730176839703365,0.2567027952082145,0.1196172248803827,0.3397129186602871,10,0,6.3,Fess Fiú,2025-03,0.12310946856935819,0.1357031311591337,7.369026723689518
18437,2025-03-08,1960.0,0,19.0,7110,1408,3,1,0.2,0.8,0.5333333333333334,11.886749742766858,12.150668286755772,0.9782795038297124,12,0.0,688000.0,279,60.0,0.1308641975308642,0.4049382716049383,0.1196172248803827,0.3397129186602871,0,0,5.5,Guinevere,2025-03,0.05554425964752833,0.061226240675703786,16.33286625087251
18437,2025-03-08,1960.0,0,19.0,6336,236,9,2,0.1025641025641025,0.1282051282051282,0.3777981277981278,12.150722404185474,12.594458438287154,0.943429137396739,5,0.3,790000.0,365,60.0,0.0454545454545454,0.2045454545454545,0.1376146788990825,0.3990825688073394,1,0,13.5,Allegro Barbaro,2025-03,0.08057041962941487,0.08881248818288136,11.25967778248499
18437,2025-03-08,1960.0,0,19.0,7149,33,4,1,0.1176470588235294,0.4117647058823529,0.3695250827603769,11.982980113713024,12.547051442910917,0.9146045785556016,11,0.2,600000.0,301,60.0,0.1039642440730664,0.3357947920715118,0.1123595505617977,0.4089887640449438,11,0,10.5,Füge M,2025-03,0.06306099146604538,0.06951190753553248,14.386024430257923
18437,2025-03-08,1960.0,0,19.0,6922,110,4,0,0.0952380952380952,0.2857142857142857,0.4384817563388992,11.925173600817644,12.61034047919294,0.8914006989842997,5,0.1,580000.0,365,60.0,0.165324384787472,0.4134228187919463,0.1144578313253012,0.3313253012048193,4,0,5.9,Follow the Flow,2025-03,0.1662441442410151,0.18325033137208702,5.457016052917881
18437,2025-03-08,1960.0,0,19.0,6966,2125,5,2,0.0714285714285714,0.3571428571428571,0.4317460317460317,12.272284672808835,12.61034047919294,0.9493121066929538,3,0.5,384548.0,365,60.0,0.0236220472440944,0.1732283464566929,0.1058823529411764,0.3294117647058823,9,0,6.7,Eagle GG,2025-03,0.09914873416225116,0.10929129848937497,9.149859264387985
18437,2025-03-08,1960.0,0,19.0,6944,2271,5,1,0.5555555555555556,0.5555555555555556,0.6115600448933782,12.17375837353332,12.78772378516624,0.9300446166184516,10,0.1111111111111111,750000.0,365,60.0,0.18796992481203,0.4060150375939849,0.1811320754716981,0.4981132075471698,4,1,2.5,Euphoria,2025-03,0.1846424142519633,0.20353067923980808,4.913264200439087
18439,2025-03-08,1960.0,0,19.0,6470,28,6,2,0.1818181818181818,0.5757575757575758,0.5855218855218856,12.67879905713002,13.440860215053762,0.8929342852775899,15,0.2,11495000.0,365,60.0,0.1425855513307984,0.3984247691472026,0.0780141843971631,0.3333333333333333,0,0,7.6,Devoted,2025-03,0.05554425964752833,0.04701194895905713,21.271187903120193
18439,2025-03-08,1960.0,0,19.0,6261,1401,8,2,0.2040816326530612,0.5102040816326531,0.6750890832523486,12.722907242293898,13.495276653171391,0.8810105190222186,14,0.1,6375200.0,365,60.0,0.2341220423412204,0.5591531755915318,0.1236363636363636,0.4109090909090909,0,0,9.5,Be Happy,2025-03,0.23605098327000937,0.19979052466709302,5.005242374062935
18439,2025-03-08,1960.0,0,19.0,7173,110,7,1,0.0,0.0909090909090909,0.3,12.961288624256971,13.26259946949602,0.9768228973907672,2,0.0,7245970.0,365,60.0,0.165324384787472,0.4134228187919463,0.1144578313253012,0.3313253012048193,9,0,8.0,Jula Netprice,2025-03,0.08976916099588077,0.07597946649422169,13.161450667412241
18439,2025-03-08,1960.0,0,19.0,6331,635,7,0,0.196078431372549,0.5490196078431373,0.644094304388422,12.822510977796616,13.368983957219251,0.93040529204466,15,0.0,6786400.0,365,60.0,0.2048898071625344,0.456267217630854,0.1335740072202166,0.296028880866426,6,0,4.8,Charming Boy,2025-03,0.1508648544549942,0.1276900778291205,7.831462060335152
18439,2025-03-08,1960.0,0,19.0,6780,1509,5,0,0.2222222222222222,0.4814814814814814,0.6441504997060553,12.700278621591927,13.333333333333334,0.8953040709077938,12,0.1,8326000.0,365,60.0,0.1556291390728476,0.4552980132450331,0.1811320754716981,0.4981132075471698,3,0,6.9,Eternal Flame,2025-03,0.1680795947710673,0.14226041323764482,7.029362401257112
18439,2025-03-08,1960.0,0,19.0,7342,2036,8,1,0.0,0.2857142857142857,0.3174603174603175,13.203270962925558,13.774104683195594,0.9587509295952568,5,0.2857142857142857,11830123.0,365,60.0,0.0434782608695652,0.1304347826086956,0.1564245810055866,0.3407821229050279,3,0,10.9,Bargecchia DR,2025-03,0.09223884344100952,0.0780697740398123,12.809054621959609
18439,2025-03-08,1960.0,0,19.0,6023,615,9,0,0.1956521739130435,0.5217391304347826,0.6732746721877156,12.70354269003185,13.315579227696404,0.906803376845769,6,0.2,10106100.0,365,60.0,0.1130346232179226,0.3615071283095723,0.1082251082251082,0.3939393939393939,0,0,11.5,Acélos Fiú,2025-03,0.08798960223793983,0.07447327078599093,13.427636378072288
18439,2025-03-08,1960.0,0,19.0,5894,860,9,2,0.2,0.4428571428571428,0.5896495567924139,12.619329109158594,13.054830287206268,0.9202940087163825,13,0.2,6800000.0,365,60.0,0.1622889305816135,0.4226078799249531,0.1236363636363636,0.4109090909090909,3,0,6.3,Apollo Creed,2025-03,0.12507794797420502,0.1058643709247566,9.446048668354651
18438,2025-03-08,1960.0,0,0.0,6674,2125,6,1,0.0476190476190476,0.1428571428571428,0.376984126984127,12.27866193171928,12.919896640826872,0.9117367662189972,7,0.0,887323.0,365,60.0,0.0236220472440944,0.1732283464566929,0.1058823529411764,0.3294117647058823,10,0,11.4,Démon Jewel GG,2025-03,0.08976916099588077,0.07815030317835986,12.795855669526105
18439,2025-03-08,1960.0,0,19.0,6864,148,7,0,0.1555555555555555,0.6666666666666666,0.6933597883597884,12.90740594241518,13.280212483399737,0.9705219939011022,7,0.2,4886600.0,365,60.0,0.1267229879946643,0.4001778568252557,0.1082251082251082,0.3939393939393939,8,1,2.8,In Love Danover,2025-03,0.13045108939210573,0.11041212890534902,9.056975985466703
18439,2025-03-08,1960.0,0,19.0,5906,23,9,1,0.1739130434782608,0.6195652173913043,0.6903597308488613,12.699339862174256,13.386880856760374,0.8710076069205591,6,0.0,10476440.0,365,60.0,0.0821428571428571,0.3181318681318681,0.0780141843971631,0.3333333333333333,2,0,13.5,Anybody,2025-03,0.045426047717531524,0.03844802415695384,26.009138881045374
18438,2025-03-08,1960.0,0,0.0,6936,1492,4,0,0.1,0.5,0.5645238095238095,12.243934939817084,12.547051442910917,0.9439071511689936,4,0.2,1400000.0,365,60.0,0.0942148760330578,0.3570247933884297,0.1058823529411764,0.3294117647058823,1,0,8.3,Aaron LV,2025-03,0.12507794797420502,0.10888905996971256,9.183659040477984
18438,2025-03-08,1960.0,0,0.0,7105,69,3,2,0.5,1.0,0.7083333333333334,11.975739293575115,12.376237623762377,0.9676397349208694,15,0.0,1340000.0,294,60.0,0.0730176839703365,0.2567027952082145,0.1196172248803827,0.3397129186602871,6,0,7.6,Gomez de Boko,2025-03,0.09914873416225116,0.08631587450044328,11.58535444131849
18443,2025-03-08,1800.0,0,19.0,6360,860,7,0,0.073170731707317,0.4146341463414634,0.6008772392918734,12.53791108640819,13.03780964797914,0.909397664224322,9,0.3,6220000.0,365,100.0,0.1622889305816135,0.4226078799249531,0.1236363636363636,0.4109090909090909,6,1,5.3,Chip Chip Chip,2025-03,0.20742306609948477,0.22381719796546737,4.467931906440405
18437,2025-03-08,1960.0,0,19.0,7104,2403,4,2,0.1111111111111111,0.4444444444444444,0.4806517556517556,12.058266327091232,12.484394506866415,0.9427687753555216,4,0.1111111111111111,565000.0,182,60.0,0.1044776119402985,0.2985074626865671,0.1564245810055866,0.3407821229050279,9,0,3.9,Florentin,2025-03,0.13487653185923895,0.14867392334547871,6.72612908503306
18443,2025-03-08,1800.0,0,19.0,5905,28,9,0,0.1847826086956521,0.5108695652173914,0.6594461697722567,12.700011267078368,13.26259946949602,0.9015243416546748,8,0.1,8887500.0,365,100.0,0.1425855513307984,0.3984247691472026,0.0780141843971631,0.3333333333333333,7,0,3.7,Adamo Fling,2025-03,0.1846424142519633,0.19923602789495237,5.019172539051281
18443,2025-03-08,1800.0,0,19.0,6228,635,7,2,0.32,0.52,0.5834365079365079,12.738947462739924,13.280212483399737,0.8956569797780355,8,0.6,5164000.0,365,100.0,0.2048898071625344,0.456267217630854,0.1335740072202166,0.296028880866426,10,0,2.0,Creatine,2025-03,0.26731601854165393,0.28844391979328915,3.466878416839715
18443,2025-03-08,1800.0,0,19.0,6342,33,7,2,0.1454545454545454,0.4727272727272727,0.5954617604617605,12.678419667816271,13.14060446780552,0.9009068043951408,10,0.3,4281000.0,365,100.0,0.1039642440730664,0.3357947920715118,0.1123595505617977,0.4089887640449438,1,0,4.4,Carlos Fox,2025-03,0.1422926882902781,0.1535390994983601,6.512998990271405
18440,2025-03-08,1900.0,0,19.0,6507,2401,6,0,0.0526315789473684,0.4210526315789473,0.4374601275917065,12.327340094983402,13.10615989515072,0.8737194297899137,3,0.2,1617000.0,365,0.0,0.1739130434782608,0.3478260869565217,0.1144578313253012,0.3313253012048193,3,0,4.1,Despasito,2025-03,0.12507794797420502,0.18990376502266731,5.265825034488589
18440,2025-03-08,1900.0,0,19.0,5904,1563,9,1,0.1046511627906976,0.3837209302325581,0.5519962918218732,12.500818922961596,13.003901170351105,0.907123451930019,6,0.5,5092000.0,365,0.0,0.0909090909090909,0.4356060606060606,0.0780141843971631,0.3333333333333333,4,0,11.1,Australian Gold,2025-03,0.09066401794552803,0.1376536682828313,7.264608437062073
18440,2025-03-08,1900.0,0,19.0,6702,1867,5,2,0.1923076923076923,0.3076923076923077,0.5839812964812965,12.444165200089609,13.089005235602093,0.9062831594516142,6,0.0,1435000.0,365,0.0,0.1081081081081081,0.2792792792792792,0.1236363636363636,0.4109090909090909,1,0,1.9,Ezigen,2025-03,0.14902940392494202,0.2262688616403186,4.419521063351702
18440,2025-03-08,1900.0,0,19.0,5721,449,10,2,0.072289156626506,0.3614457831325301,0.5564274413672005,12.424581332985182,12.903225806451612,0.9334754569776736,8,0.3,3919000.0,365,0.0,0.1859649122807017,0.4982456140350877,0.1441441441441441,0.4504504504504504,3,0,3.4,Zippy Boy,2025-03,0.07651006430387497,0.11616395622694965,8.608522234266013
18440,2025-03-08,1900.0,0,19.0,5730,2535,12,2,0.0757575757575757,0.2348484848484848,0.4671706239888058,12.31185484232546,12.853470437017997,0.965203264304312,7,0.0,4805540.0,365,0.0,0.05,0.15,0.1196172248803827,0.3397129186602871,0,0,12.5,Magic Bucks,2025-03,0.04318279338379701,0.06556371591153858,15.252338676917635
18440,2025-03-08,1900.0,0,19.0,6051,758,8,1,0.032258064516129,0.2258064516129032,0.4427299104718459,12.33745379356806,12.9366106080207,0.929879082092774,13,0.1,3041440.0,365,0.0,0.0546875,0.22265625,0.1196172248803827,0.3397129186602871,0,0,10.0,Briliáns BD,2025-03,0.07412257418036461,0.11253906974014422,8.885802968773666
18440,2025-03-08,1900.0,0,19.0,6770,1463,5,2,0.3043478260869565,0.3478260869565217,0.5618435911914172,12.36622180919981,12.755102040816324,0.957424340601144,19,0.0,1270000.0,365,0.0,0.1446700507614213,0.4263959390862944,0.1376146788990825,0.3990825688073394,2,1,5.9,Top of Climb,2025-03,0.10005178799231847,0.1519069631755504,6.582976705579689
18448,2025-03-16,1900.0,0,10.0,6912,1401,4,1,0.2857142857142857,0.2857142857142857,0.380952380952381,12.34881023491895,12.61034047919294,0.968890977443609,6,0.5714285714285714,273717.0,313,0.0,0.2335403726708074,0.5590062111801242,0.2152466367713004,0.5381165919282511,5,1,2.2,Fiona TIM,2025-03,0.2712842772404353,0.3189189080256257,3.1355933274412444
18452,2025-03-16,1900.0,0,10.0,4968,898,13,0,0.1517857142857142,0.4107142857142857,0.5570049989692847,12.38749482075774,12.903225806451612,0.8881702197554802,10,0.1,7248000.0,365,0.0,0.0967351874244256,0.3143893591293833,0.1179487179487179,0.2871794871794871,3,0,16.6,Titus Livius,2025-03,0.1348672534028689,0.07643084468074728,13.083722993995607
18452,2025-03-16,1900.0,0,10.0,5228,138,12,2,0.2323232323232323,0.5151515151515151,0.6307075079802352,12.689318502350556,13.26259946949602,0.8396436525612474,3,0.5,11339000.0,365,0.0,0.1285568065506653,0.3778915046059365,0.1403508771929824,0.3450292397660818,0,0,6.6,Uptown Boy M,2025-03,0.17077319820721945,0.09677916216489665,10.332802822741485
18452,2025-03-16,1900.0,0,10.0,5531,23,11,1,0.1327433628318584,0.4601769911504424,0.6122476343715283,12.663554257268194,13.227513227513228,0.8965304900166179,5,0.3,8296000.0,365,0.0,0.0823497117760087,0.318693384573154,0.0930232558139534,0.3255813953488372,13,0,8.3,Very Nice Photo,2025-03,0.12310946856935819,0.06976757095250372,14.333306812140254
18453,2025-03-16,1800.0,0,10.0,6727,2139,6,0,0.0789473684210526,0.3157894736842105,0.3990079365079365,12.31728932974993,13.003901170351105,0.8841981667236901,4,0.2,1675000.0,365,100.0,0.0597826086956521,0.2282608695652173,0.1335740072202166,0.296028880866426,0,0,9.6,Västerbo No Edge,2025-03,0.03593641643722852,0.04073936160662689,24.54628547339177
18448,2025-03-16,1900.0,0,10.0,7193,33,3,1,0.2,0.8,0.5873015873015873,11.97723099805954,12.804097311139566,0.93542174094845,12,0.0,120000.0,225,0.0,0.103883495145631,0.3361165048543689,0.1123595505617977,0.4089887640449438,8,0,2.9,Grazia,2025-03,0.12310019011298816,0.14471527287881286,6.91012068116278
18448,2025-03-16,1900.0,0,10.0,7082,39,4,1,0.0833333333333333,0.3333333333333333,0.3839886964886965,12.127377084289538,12.531328320802006,0.9579223155120437,7,0.2,360000.0,365,0.0,0.1701801456496742,0.4380988884630126,0.1153846153846153,0.2788461538461538,0,0,5.2,Fire Bird,2025-03,0.11726500342289607,0.13785548953176505,7.2539730075063655
18448,2025-03-16,1900.0,0,10.0,7086,1854,4,2,0.0555555555555555,0.1666666666666666,0.2273228314894981,11.817026604269255,12.43781094527363,0.9316338354577058,5,0.5,145000.0,365,0.0,0.0358514724711907,0.1510883482714468,0.0355555555555555,0.1377777777777777,10,0,15.8,Fakta,2025-03,0.08057041962941487,0.0947177275025266,10.557685729667922
18448,2025-03-16,1900.0,0,10.0,7088,2125,4,1,0.25,0.5,0.2678571428571428,11.295295199080671,12.21001221001221,0.9065322070806496,12,0.25,0.0,365,0.0,0.0229007633587786,0.1755725190839694,0.0,0.0,1,0,5.9,Faella BD,2025-03,0.06820895336568356,0.08018571937243216,12.47104855860157
18453,2025-03-16,1800.0,0,10.0,6973,1791,5,2,0.3043478260869565,0.5217391304347826,0.5817805383022775,12.48287155229474,12.987012987012989,0.9391783807968772,11,0.2,2443000.0,365,100.0,0.1543624161073825,0.3691275167785235,0.2152466367713004,0.5381165919282511,8,0,3.3,Edoardo Ama,2025-03,0.20742306609948477,0.23514540772707834,4.252687771647451
18452,2025-03-16,1900.0,0,10.0,5962,110,10,2,0.2222222222222222,0.4222222222222222,0.5834303350970018,12.59606662798622,13.192612137203168,0.8989761433491176,7,0.0,7446000.0,365,0.0,0.1652504472271914,0.4134615384615384,0.1144578313253012,0.3313253012048193,7,0,9.5,Zénó Boko,2025-03,0.3333333333333333,0.1889038857402416,5.293697353452445
18448,2025-03-16,1900.0,0,10.0,7106,1076,3,2,0.0,0.2,0.5276190476190477,12.159416547110787,12.78772378516624,0.9508663739840636,5,0.0,165000.0,179,0.0,0.1178861788617886,0.3760162601626016,0.1196172248803827,0.3397129186602871,13,0,3.4,Gentleman Jack,2025-03,0.19020832578341165,0.2236068826888376,4.472134256223052
18452,2025-03-16,1900.0,0,10.0,6442,1076,6,1,0.0576923076923076,0.2884615384615384,0.3993513431013431,12.328725537966063,12.87001287001287,0.8860845603238185,7,0.2,2137000.0,365,0.0,0.1178861788617886,0.3760162601626016,0.1196172248803827,0.3397129186602871,7,0,13.3,Dulcinea del Toboso,2025-03,0.20742306609948477,0.11754906953504297,8.50708562777595
18449,2025-03-16,1980.0,0,9.0,6966,2125,5,2,0.0666666666666666,0.4,0.4601058201058201,12.299324659796149,12.61034047919294,0.9493121066929538,3,0.5,509548.0,365,80.0,0.0229007633587786,0.1755725190839694,0.1058823529411764,0.3294117647058823,8,0,6.8,Eagle GG,2025-03,0.09914873416225116,0.12122358898871194,8.249219548293672
18452,2025-03-16,1900.0,0,10.0,5960,860,9,1,0.1818181818181818,0.4242424242424242,0.6157516725698544,12.652331810134877,13.245033112582782,0.9143254789563224,16,0.1,7373400.0,365,0.0,0.1629976580796253,0.4234192037470726,0.1236363636363636,0.4109090909090909,2,0,9.5,Ann Bella M,2025-03,0.16700336585442224,0.09464275422479865,10.56604922575231
18453,2025-03-16,1800.0,0,10.0,6657,110,6,1,0.1,0.4333333333333333,0.4594973544973545,12.28877629933906,12.853470437017997,0.8873881216581482,8,0.4,1467000.0,365,100.0,0.1652504472271914,0.4134615384615384,0.1335740072202166,0.296028880866426,0,0,7.4,Dreamer,2025-03,0.06504571562012036,0.07373915354745006,13.561316504081034
18449,2025-03-16,1980.0,0,9.0,6922,2237,4,0,0.0909090909090909,0.3181818181818182,0.4510182998819363,11.964122991120144,12.626262626262626,0.8902766123525415,5,0.1,640000.0,365,80.0,0.2457627118644068,0.4915254237288136,0.1144578313253012,0.3313253012048193,0,1,1.9,Follow the Flow,2025-03,0.04318279338379701,0.05279717629047563,18.940406859985718
18449,2025-03-16,1980.0,0,9.0,7168,2271,3,1,0.0,0.4,0.3,11.733574695886157,11.990407673860911,0.9785801296369054,4,0.4,119000.0,183,80.0,0.2,0.4148148148148148,0.1811320754716981,0.4981132075471698,0,0,4.9,God save the Queen,2025-03,0.06306099146604538,0.07710113271028562,12.96997806449341
18452,2025-03-16,1900.0,0,10.0,6068,2225,8,1,0.1384615384615384,0.4615384615384615,0.5757692307692307,12.651258164350867,13.054830287206268,0.9193691405491446,5,0.1,5514000.0,365,0.0,0.1313868613138686,0.5255474452554745,0.2441471571906354,0.4816053511705686,6,0,11.1,Balerina R.,2025-03,0.17299013833204904,0.09803552797699795,10.200383683705255
18449,2025-03-16,1980.0,0,9.0,7149,33,4,1,0.1111111111111111,0.3888888888888889,0.3807419432419432,12.024396824901505,12.56281407035176,0.9134570194858956,11,0.2,640000.0,309,80.0,0.103883495145631,0.3361165048543689,0.1123595505617977,0.4089887640449438,10,0,8.5,Füge M,2025-03,0.08281367396314938,0.10125162827319431,9.876384380721543
18449,2025-03-16,1980.0,0,9.0,7124,69,4,2,0.2222222222222222,0.2222222222222222,0.3867724867724867,12.276790026051698,12.61034047919294,0.9554896487048724,6,0.2222222222222222,405000.0,155,80.0,0.0729344729344729,0.2564102564102564,0.1196172248803827,0.3397129186602871,9,0,13.7,Fess Fiú,2025-03,0.09914873416225116,0.12122358898871194,8.249219548293672
18449,2025-03-16,1980.0,0,9.0,7034,32,4,2,0.0909090909090909,0.4090909090909091,0.4917666929030565,12.041924447013928,12.88659793814433,0.8628203266082102,5,0.3,1047000.0,365,80.0,0.0622848200312989,0.2785602503912363,0.1123595505617977,0.4089887640449438,14,0,8.5,Formula,2025-03,0.08798960223793983,0.10757994509054745,9.295412812846521
18449,2025-03-16,1980.0,0,9.0,7110,1076,3,1,0.1666666666666666,0.6666666666666666,0.4920634920634921,11.960700823452449,12.330456226880395,0.9640154041383922,12,0.0,688000.0,287,80.0,0.1178861788617886,0.3760162601626016,0.1196172248803827,0.3397129186602871,2,0,17.1,Guinevere,2025-03,0.09914873416225116,0.12122358898871194,8.249219548293672
18449,2025-03-16,1980.0,0,9.0,7330,620,5,1,0.0,0.1428571428571428,0.126984126984127,12.426118620808886,12.642225031605564,1.0,0,0.7142857142857143,0.0,327,80.0,0.1538461538461538,0.4444444444444444,0.0793650793650793,0.3968253968253968,7,0,5.2,Emilia Adri,2025-03,0.14305190990368524,0.1749015363306264,5.717502664525728
18452,2025-03-16,1900.0,0,10.0,6303,5,7,2,0.2619047619047619,0.4047619047619047,0.5348544973544973,12.451468664166782,12.9366106080207,0.8695438164940731,1,0.5,3080000.0,365,0.0,0.2185470472738257,0.4647334239540855,0.1564245810055866,0.3407821229050279,5,1,1.9,CR-Seven,2025-03,0.2802496502796809,0.15882074374552654,6.296406731366706
18452,2025-03-16,1900.0,0,10.0,5831,1506,12,2,0.125,0.4711538461538461,0.662728243978244,12.72048196856713,13.531799729364003,0.9367595940032272,5,0.1,9729900.0,365,0.0,0.2745098039215686,0.5882352941176471,0.0789473684210526,0.4473684210526316,3,0,4.1,King's Call,2025-03,0.1748163104057312,0.09907044097924458,10.093828089545918
18449,2025-03-16,1980.0,0,9.0,6674,138,6,1,0.0454545454545454,0.1363636363636363,0.3793290043290043,12.288458721012002,12.919896640826872,0.9117367662189972,7,0.0,917323.0,365,80.0,0.1285568065506653,0.3778915046059365,0.1058823529411764,0.3294117647058823,1,0,17.1,Démon Jewel GG,2025-03,0.10035450259844463,0.1226978143387349,8.150104428423436
18453,2025-03-16,1800.0,0,10.0,6936,138,4,0,0.0952380952380952,0.4761904761904761,0.5376417233560091,12.243934939817084,12.547051442910917,0.9439071511689936,4,0.2,1400000.0,365,100.0,0.1285568065506653,0.3778915046059365,0.1058823529411764,0.3294117647058823,6,0,8.4,Aaron LV,2025-03,0.12507794797420502,0.14179476577573255,7.052446502726583
18453,2025-03-16,1800.0,0,10.0,6901,635,5,0,0.4166666666666667,0.5833333333333334,0.6708333333333334,12.73301571010798,13.280212483399737,0.9371695852129114,22,0.0,4778000.0,365,100.0,0.2046079779917469,0.4559834938101788,0.1335740072202166,0.296028880866426,7,1,2.3,Eastwood,2025-03,0.19020487864812216,0.21562598886635223,4.637659890894752
18447,2025-03-16,1960.0,0,10.0,6898,32,5,2,0.1290322580645161,0.4838709677419355,0.6243238840013033,12.453171002282112,12.903225806451612,0.9267137161227036,12,0.1,2151000.0,365,60.0,0.0622848200312989,0.2785602503912363,0.1123595505617977,0.4089887640449438,13,1,16.0,Euzébió,2025-03,0.12310946856935819,0.12868144450871627,7.77112818260495
18446,2025-03-16,1960.0,0,10.0,6954,860,6,0,0.3636363636363636,0.5454545454545454,0.653968253968254,13.069819894332616,13.531799729364003,0.963734577608923,20,0.2,12792180.0,365,60.0,0.1629976580796253,0.4234192037470726,0.2441471571906354,0.4816053511705686,8,0,16.5,Palace Bo,2025-03,0.21042932073275247,0.1013985787047562,9.862071172730294
18446,2025-03-16,1960.0,0,10.0,6903,1401,7,1,0.3793103448275862,0.8275862068965517,0.7970990695128627,13.257407398784425,13.79310344827586,0.9692821797764792,10,0.1,18586200.0,365,60.0,0.2335403726708074,0.5590062111801242,0.2152466367713004,0.5381165919282511,3,0,3.6,Cardenas Baba,2025-03,0.3369324455658595,0.16235603945747198,6.159302748093599
18446,2025-03-16,1960.0,0,10.0,7163,110,8,2,0.2307692307692307,0.5384615384615384,0.5280830280830281,13.074435588600393,13.831258644536652,0.9624283278878526,8,0.0,12833902.0,365,60.0,0.1652504472271914,0.4134615384615384,0.1144578313253012,0.3313253012048193,3,0,10.8,Zacapa U.S.,2025-03,0.19020487864812216,0.09165312272297019,10.91070298851235
18446,2025-03-16,1960.0,0,10.0,6300,138,7,2,0.24,0.66,0.6529206349206349,12.994078455006209,13.531799729364003,0.8542319979485754,1,0.4,13069202.0,365,60.0,0.1285568065506653,0.3778915046059365,0.1403508771929824,0.3450292397660818,1,0,23.0,Catania R.,2025-03,0.12478326012690862,0.06012871770414381,16.63098828949556
18446,2025-03-16,1960.0,0,10.0,7342,2036,8,1,0.0,0.25,0.3472222222222222,13.1394779391901,13.774104683195594,0.9587509295952568,5,0.25,11865123.0,365,60.0,0.0416666666666666,0.125,0.1564245810055866,0.3407821229050279,2,0,138.0,Bargecchia DR,2025-03,0.11391881604989369,0.0548935195673513,18.217086604786846
18446,2025-03-16,1960.0,0,10.0,7332,2520,11,0,0.2857142857142857,0.5714285714285714,0.746031746031746,13.187841194759406,13.75515818431912,0.9688094106557776,10,0.0,23442566.0,365,60.0,0.0,0.0,0.1564245810055866,0.3407821229050279,0,0,69.0,Vulcano NP,2025-03,0.13045108939210573,0.06285984770936821,15.90840634268617
18446,2025-03-16,1960.0,0,10.0,6855,33,5,1,0.2580645161290322,0.5161290322580645,0.5561059907834102,12.824689008737108,13.245033112582782,0.944273566317,11,0.2,13725000.0,365,60.0,0.103883495145631,0.3361165048543689,0.2441471571906354,0.4816053511705686,1,0,7.2,Eternity Bar,2025-03,0.1662441442410151,0.08010727728117265,12.483260372088901
18451,2025-03-16,2400.0,0,9.0,6962,1408,4,1,0.1,0.5,0.6195238095238096,12.113537725779237,12.9366106080207,0.8826353625709418,10,0.1,998500.0,365,500.0,0.1305418719211822,0.4039408866995074,0.1196172248803827,0.3397129186602871,2,1,2.0,Flinga VT,2025-03,0.11620680242776871,0.1521884541444553,6.570800693269497
18451,2025-03-16,2400.0,0,9.0,5795,33,10,1,0.1395348837209302,0.5930232558139535,0.6963077620054364,12.6584690370285,13.03780964797914,0.9305370779767882,9,0.0,6940000.0,365,500.0,0.103883495145631,0.3361165048543689,0.1123595505617977,0.4089887640449438,3,0,4.4,Zara Mia,2025-03,0.14766582970817885,0.19338828608776848,5.17094401232841
18451,2025-03-16,2400.0,0,9.0,5907,860,9,1,0.0804597701149425,0.2758620689655172,0.4409974125491367,12.266915156407862,12.804097311139566,0.8688731313731313,10,0.4,3068000.0,365,500.0,0.1629976580796253,0.4234192037470726,0.1236363636363636,0.4109090909090909,0,0,6.9,Always Winner,2025-03,0.05584697425365448,0.07313913215701641,13.672571310433133
18451,2025-03-16,2400.0,0,9.0,6052,719,9,1,0.1688311688311688,0.3506493506493506,0.5434704184704184,12.538317952033868,12.953367875647668,0.9342112597386636,15,0.2,5111000.0,365,500.0,0.1562115621156211,0.3997539975399754,0.1441441441441441,0.4504504504504504,2,0,6.1,Auróra,2025-03,0.14766582970817885,0.19338828608776848,5.17094401232841
18451,2025-03-16,2400.0,0,9.0,5288,32,12,2,0.1639344262295081,0.3852459016393442,0.5492447898185604,12.47058695641413,12.987012987012989,0.8527131782945737,1,0.6,7660500.0,365,500.0,0.0622848200312989,0.2785602503912363,0.1123595505617977,0.4089887640449438,7,0,9.7,Usain,2025-03,0.08057041962941487,0.10551781270113181,9.477072869510627
18451,2025-03-16,2400.0,0,9.0,6698,1076,5,2,0.0789473684210526,0.2105263157894736,0.4826887293992556,12.318127774893242,13.089005235602093,0.8824427984876971,0,0.1,1673000.0,365,500.0,0.1178861788617886,0.3760162601626016,0.1196172248803827,0.3397129186602871,2,0,4.0,Easy Bet,2025-03,0.06504571562012036,0.08518612251721729,11.7390012651167
18451,2025-03-16,2400.0,0,9.0,3754,1506,16,2,0.1891891891891892,0.5495495495495496,0.6316907816907817,12.635245303235276,13.175230566534914,0.8501516637912565,8,0.4,9109000.0,365,500.0,0.2745098039215686,0.5882352941176471,0.0789473684210526,0.4473684210526316,1,0,9.7,Philadelphia,2025-03,0.15057016660769781,0.19719190630464203,5.071202052558378
18453,2025-03-16,1800.0,0,10.0,6943,255,5,1,0.4444444444444444,0.5555555555555556,0.6552890011223345,12.526236429124785,13.003901170351105,0.9054277181531576,10,0.3,2238000.0,365,100.0,0.3732660781841109,0.6733921815889029,0.4126984126984127,0.7936507936507936,9,0,2.5,Elizabeth Boss,2025-03,0.2584175119797389,0.2929553224767599,3.413489782488351
18446,2025-03-16,1960.0,0,10.0,6783,5,5,0,0.5909090909090909,0.7272727272727273,0.7386363636363636,12.925003374766764,13.404825737265416,0.938060210841498,21,0.2,19835000.0,365,60.0,0.2185470472738257,0.4647334239540855,0.2441471571906354,0.4816053511705686,13,0,2.2,Enjoy,2025-03,0.3040192872285843,0.14649633195823633,6.826109477506122
18446,2025-03-16,1960.0,0,10.0,6514,27,6,2,0.2571428571428571,0.5428571428571428,0.6217532467532467,12.723025306960364,13.26259946949602,0.926566895671848,13,0.2,3673000.0,365,60.0,0.059946949602122,0.2281167108753315,0.1376146788990825,0.3990825688073394,8,1,10.6,El Valle Sagrado,2025-03,0.20860314865907034,0.10051860982923598,9.948406585594746
18446,2025-03-16,1960.0,0,10.0,6731,255,6,1,0.6956521739130435,0.8695652173913043,0.8367149758454105,12.786760025211786,13.315579227696404,0.9360686025657868,22,0.2,4559000.0,365,60.0,0.3732660781841109,0.6733921815889029,0.4126984126984127,0.7936507936507936,13,0,3.3,Daytona Spav,2025-03,0.2896825472513835,0.1395879550652934,7.163941899802472
18450,2025-03-16,1960.0,0,10.0,6131,138,8,2,0.0240963855421686,0.1927710843373494,0.4691910499139415,12.241766712781716,12.706480304955528,0.9217319384704712,1,0.3,2837000.0,365,60.0,0.1285568065506653,0.3778915046059365,0.1058823529411764,0.3294117647058823,1,0,8.1,Bulibáró,2025-03,0.058165126790603004,0.05422300755168128,18.44235584031143
18447,2025-03-16,1960.0,0,10.0,7171,110,7,2,0.0,0.25,0.4236904761904762,12.774093883494109,13.297872340425531,0.9778093513101728,3,0.0,4134660.0,365,60.0,0.1652504472271914,0.4134615384615384,0.1144578313253012,0.3313253012048193,8,0,1.9,Peter Piper,2025-03,0.1422926882902781,0.1487329032039939,6.723461846424492
18450,2025-03-16,1960.0,0,10.0,6213,1064,8,0,0.1071428571428571,0.2678571428571428,0.3725198412698413,12.435525369282267,13.020833333333334,0.9194429131319084,7,0.4,2229000.0,365,60.0,0.0988857938718663,0.2743732590529248,0.0833333333333333,0.2794117647058823,0,0,14.6,Farinelli,2025-03,0.15844392528136572,0.14770544879887557,6.77023094362388
18447,2025-03-16,1960.0,0,10.0,5757,1509,10,1,0.1529411764705882,0.3529411764705882,0.5491723962312198,12.46442938353279,13.020833333333334,0.903557604476874,8,0.0,5565000.0,365,60.0,0.1551155115511551,0.4537953795379538,0.1811320754716981,0.4981132075471698,1,0,5.7,Zsofesz,2025-03,0.09914873416225116,0.103636239206257,9.649134392167575
18447,2025-03-16,1960.0,0,10.0,6299,587,8,2,0.1956521739130435,0.4130434782608695,0.4834556747600226,12.490350041104428,13.14060446780552,0.929563580145907,18,0.1,2650000.0,365,60.0,0.1081081081081081,0.3461538461538461,0.0588235294117647,0.3529411764705882,0,0,20.0,Beyond The Limits,2025-03,0.08798960223793983,0.09197204121912407,10.87286948016618
18447,2025-03-16,1960.0,0,10.0,6518,2225,6,1,0.1481481481481481,0.6296296296296297,0.6237640959863181,12.540571826007522,12.97016861219196,0.9528652130478628,12,0.3,1974000.0,365,60.0,0.1313868613138686,0.5255474452554745,0.2441471571906354,0.4816053511705686,7,0,26.7,Lolly Pop,2025-03,0.20860314865907034,0.21804459730400405,4.586217738776491
18447,2025-03-16,1960.0,0,10.0,6992,620,4,2,0.05,0.25,0.4092604617604617,12.044217055515087,12.468827930174562,0.9124429689168464,0,0.3,660000.0,365,60.0,0.1538461538461538,0.4444444444444444,0.0793650793650793,0.3968253968253968,4,0,2.2,Finiselj!,2025-03,0.07225973283251126,0.07553023263570356,13.239731496964758
18450,2025-03-16,1960.0,0,10.0,6786,39,5,2,0.28,0.44,0.5468080808080807,12.505262155044234,13.003901170351105,0.9150492670543464,12,0.3,1852000.0,365,60.0,0.1701801456496742,0.4380988884630126,0.1376146788990825,0.3990825688073394,2,1,2.1,Enrico Fling,2025-03,0.09914873416225116,0.09242896659666422,10.81911912272846
18447,2025-03-16,1960.0,0,10.0,6021,1076,9,1,0.1195652173913043,0.5108695652173914,0.6327749545140849,12.5066457595168,13.03780964797914,0.8910351652697485,6,0.1,6456000.0,365,60.0,0.1178861788617886,0.3760162601626016,0.1196172248803827,0.3397129186602871,7,0,5.0,Anna,2025-03,0.22329608599344888,0.23340254192220114,4.284443484481522
18450,2025-03-16,1960.0,0,10.0,5925,2271,9,1,0.1111111111111111,0.3209876543209876,0.5627037571482015,12.399701781229505,12.804097311139566,0.9301337412082138,8,0.0,4156640.0,365,60.0,0.2,0.4148148148148148,0.0833333333333333,0.2794117647058823,5,0,7.3,Anikó,2025-03,0.10139198849598567,0.09452018522524769,10.579750744424967
18450,2025-03-16,1960.0,0,10.0,6782,33,6,1,0.0512820512820512,0.282051282051282,0.5057877307877308,12.365641229105671,12.87001287001287,0.9133692430664944,9,0.3,1708000.0,365,60.0,0.103883495145631,0.3361165048543689,0.1123595505617977,0.4089887640449438,6,0,14.6,Downtown Girl M,2025-03,0.1422926882902781,0.1326488557222449,7.5387005380122725
18450,2025-03-16,1960.0,0,10.0,6919,1854,4,1,0.1176470588235294,0.3529411764705882,0.5314956285544521,12.41025372504328,12.674271229404308,0.9687244541375224,15,0.0,760000.0,365,60.0,0.0358514724711907,0.1510883482714468,0.0355555555555555,0.1377777777777777,10,0,18.3,Fermina Daza,2025-03,0.019978969047466915,0.01862490205575591,53.69155751833639
18450,2025-03-16,1960.0,0,10.0,6438,898,6,0,0.1081081081081081,0.2702702702702703,0.5263923013923014,12.470549913956884,12.88659793814433,0.9376524865359366,15,0.0,2503000.0,365,60.0,0.0967351874244256,0.3143893591293833,0.1179487179487179,0.2871794871794871,3,0,7.3,Danny DeVito,2025-03,0.17513488481442133,0.16326518492846132,6.125004546671568
18450,2025-03-16,1960.0,0,10.0,5247,126,12,0,0.1401869158878504,0.4579439252336448,0.6061078070423864,12.4589953560479,12.953367875647668,0.9297124856905264,17,0.2,7049000.0,365,60.0,0.0763790664780763,0.2503536067892503,0.1179487179487179,0.2871794871794871,2,0,7.3,Universal Boy,2025-03,0.14902940392494202,0.13892899302938003,7.197921601494116
18450,2025-03-16,1960.0,0,10.0,5270,860,12,1,0.1089108910891089,0.495049504950495,0.6805348391982056,12.555459449787568,12.97016861219196,0.9081925379899176,15,0.1,7153000.0,365,60.0,0.1629976580796253,0.4234192037470726,0.1236363636363636,0.4109090909090909,1,0,14.6,Une Dame,2025-03,0.09499367078145345,0.08855551104853486,11.292351974028215
18450,2025-03-16,1960.0,0,10.0,5536,1492,11,2,0.0555555555555555,0.25,0.4815734227192561,12.395936242556402,13.192612137203168,0.8704568556449253,9,0.0,5291000.0,365,60.0,0.0939044481054365,0.3558484349258649,0.0973451327433628,0.3716814159292035,0,0,4.5,Winner Boy,2025-03,0.07412257418036461,0.06909894504315407,14.47200097447905
18461,2025-03-29,1800.0,0,11.0,5270,860,12,1,0.1078431372549019,0.4901960784313725,0.6760415782474606,12.55197008372923,12.97016861219196,0.9081925379899176,15,0.1,7153000.0,365,100.0,0.1626928471248246,0.4240299205236091,0.1236363636363636,0.4109090909090909,0,0,9.5,Une Dame,2025-03,0.08163930599888165,0.09284653720035478,10.770460914897523
18462,2025-03-29,1900.0,0,11.0,6307,2467,7,2,0.0701754385964912,0.3508771929824561,0.4885597832966253,12.386718039748436,12.97016861219196,0.8836663066753205,3,0.2,2783000.0,365,0.0,0.0,0.3333333333333333,0.1196172248803827,0.3397129186602871,0,0,3.1,Csípkedd Magad!,2025-03,0.08057041962941487,0.07504557205251211,13.325236554933097
18462,2025-03-29,1900.0,0,11.0,6770,2237,5,2,0.3333333333333333,0.375,0.5801001082251082,12.39258727737253,12.919896640826872,0.9452122954404152,19,0.0,1520000.0,365,0.0,0.2521008403361344,0.4957983193277311,0.1376146788990825,0.3990825688073394,0,1,2.1,Top of Climb,2025-03,0.11620680242776871,0.1082383088569808,9.238873099184655
18462,2025-03-29,1900.0,0,11.0,5564,2271,11,2,0.2988505747126437,0.5172413793103449,0.6171339835132938,12.751722098391747,13.351134846461948,0.8613292228435386,4,0.3,8125000.0,365,0.0,0.1970802919708029,0.4233576642335766,0.1403508771929824,0.3450292397660818,1,0,4.2,Valentino,2025-03,0.2931203643480937,0.2730206138173395,3.6627270960171368
18462,2025-03-29,1900.0,0,11.0,6702,2436,5,2,0.1851851851851851,0.2962962962962963,0.5808708780931003,12.454876012025876,13.089005235602093,0.9062831594516142,6,0.0,1475000.0,365,0.0,0.0333333333333333,0.4666666666666667,0.1236363636363636,0.4109090909090909,0,0,5.7,Ezigen,2025-03,0.1674276739358902,0.1559468800799592,6.412439924974879
18462,2025-03-29,1900.0,0,11.0,6679,841,10,1,0.1454545454545454,0.2181818181818181,0.4759235209235209,12.587884210443146,13.477088948787062,0.9862385321100916,0,0.3,7136200.0,365,0.0,0.075,0.2,0.0833333333333333,0.2794117647058823,2,0,9.6,Inforgettable,2025-03,0.1422926882902781,0.1325354421728145,7.5451515730870575
18462,2025-03-29,1900.0,0,11.0,5904,1638,9,1,0.1034482758620689,0.3908045977011494,0.5533143421074456,12.504124958798029,13.003901170351105,0.907123451930019,6,0.5,5152000.0,365,0.0,0.0449438202247191,0.2808988764044944,0.0780141843971631,0.3333333333333333,2,0,19.2,Australian Gold,2025-03,0.06326615686217944,0.05892789134181032,16.969892816960233
18462,2025-03-29,1900.0,0,11.0,6435,1380,6,1,0.0952380952380952,0.3571428571428571,0.4790455576169862,12.52992735479959,12.9366106080207,0.9401278145315196,7,0.3,2325000.0,365,0.0,0.1105263157894736,0.3,0.1196172248803827,0.3397129186602871,0,0,16.5,Ducks,2025-03,0.1403276560207208,0.13070515543173938,7.650807626499851
18457,2025-03-29,1800.0,0,11.0,7086,1854,4,2,0.0526315789473684,0.1578947368421052,0.2241304017619806,11.857386755561032,12.43781094527363,0.9316338354577058,5,0.5,145000.0,365,100.0,0.0357142857142857,0.1517857142857142,0.0355555555555555,0.1377777777777777,9,0,46.3,Fakta,2025-03,0.06820895336568356,0.06320484188003656,15.821572687390159
18462,2025-03-29,1900.0,0,11.0,5610,2538,11,2,0.1149425287356321,0.4137931034482758,0.5541934119520326,12.4205190982927,12.903225806451612,0.910793666045464,7,0.0,4929000.0,365,0.0,0.05,0.15,0.1058823529411764,0.3294117647058823,0,0,115.6,Winoc SB,2025-03,0.04318279338379701,0.04022167747441353,24.862215173301422
18457,2025-03-29,1800.0,0,11.0,7128,255,4,1,1.0,1.0,0.5,11.933174224343675,11.933174224343675,1.0,5,0.0,0.0,13,100.0,0.3731906859660163,0.6727501573316551,0.4126984126984127,0.7936507936507936,1,1,1.7,Funny Girl,2025-03,0.24733282128969827,0.22918738801852975,4.363241837369996
18457,2025-03-29,1800.0,0,11.0,7098,138,4,2,0.1428571428571428,0.2857142857142857,0.4095238095238095,11.948032929942569,12.43781094527363,0.9547552776354828,8,0.1428571428571428,140000.0,182,100.0,0.1284253578732106,0.3775051124744376,0.1058823529411764,0.3294117647058823,3,0,12.0,Fernando,2025-03,0.14902940392494202,0.13809594555794813,7.241342212906445
18457,2025-03-29,1800.0,0,11.0,7241,635,3,0,0.0,0.25,0.2380952380952381,11.861013240044068,12.658227848101266,0.9370200459634814,3,0.0,0.0,196,100.0,0.2048109965635738,0.4563573883161512,0.1335740072202166,0.296028880866426,3,0,3.0,Gigant Ris,2025-03,0.08976916099588077,0.08318329700837696,12.021644199788032
18457,2025-03-29,1800.0,0,11.0,7309,110,3,1,0.0,0.5,0.4166666666666667,11.318912769424712,11.376564277588168,0.9949324324324323,3,0.0,0.0,105,100.0,0.1651027703306523,0.4133154602323503,0.1144578313253012,0.3313253012048193,8,0,6.3,Goldina Amok,2025-03,0.09914873416225116,0.09187474306684901,10.884384180235363
18457,2025-03-29,1800.0,0,11.0,7329,2527,5,1,0.0,0.3333333333333333,0.3862433862433862,12.373131404645012,12.61034047919294,0.9811893203883494,2,0.3333333333333333,60000.0,156,100.0,0.05,0.15,0.0793650793650793,0.3968253968253968,12,0,17.0,Exclusive Adri,2025-03,0.0803188147644202,0.07442627011091434,13.43611601803694
18457,2025-03-29,1800.0,0,11.0,7198,860,3,1,1.0,1.0,0.5,11.52073732718894,11.52073732718894,1.0,5,0.0,0.0,88,100.0,0.1626928471248246,0.4240299205236091,0.1236363636363636,0.4109090909090909,4,0,6.7,Gabrielle,2025-03,0.07628139605124791,0.07068505434996498,14.14726223522378
18461,2025-03-29,1800.0,0,11.0,7035,138,4,0,0.1111111111111111,0.2777777777777778,0.4484207150873818,11.937545813858884,12.34567901234568,0.9289327355930694,5,0.0,605000.0,365,100.0,0.1284253578732106,0.3775051124744376,0.1058823529411764,0.3294117647058823,1,0,9.5,Firkó,2025-03,0.06550941119591396,0.07450237246820891,13.422391353063453
18462,2025-03-29,1900.0,0,11.0,6690,2277,5,1,0.0384615384615384,0.4615384615384615,0.4767274392274392,12.251921605558218,12.77139208173691,0.8979042786560929,4,0.3,1137000.0,365,0.0,0.0694444444444444,0.25,0.0833333333333333,0.2794117647058823,0,0,16.5,Enterprise,2025-03,0.027225345994035404,0.02535845877243067,39.43457325124131
18461,2025-03-29,1800.0,0,11.0,5721,615,10,2,0.0714285714285714,0.3571428571428571,0.553771559128702,12.428195422369418,12.903225806451612,0.9334754569776736,8,0.3,3944000.0,365,100.0,0.1128048780487804,0.3607723577235772,0.1441441441441441,0.4504504504504504,5,0,7.4,Zippy Boy,2025-03,0.12507794797420502,0.14224832275877197,7.029959866000131
18461,2025-03-29,1800.0,0,11.0,5695,1023,11,1,0.1204819277108433,0.3253012048192771,0.5170269823884281,12.37002578221117,12.919896640826872,0.9296212831947428,5,0.1,4145000.0,365,100.0,0.0847457627118644,0.2542372881355932,0.1179487179487179,0.2871794871794871,4,0,22.2,Vinifera M,2025-03,0.09868668889005978,0.11223414039477861,8.909944839266771
18457,2025-03-29,1800.0,0,11.0,7188,5,3,2,0.5,0.5,0.6666666666666667,11.249504907897052,11.350737797956867,0.9910813823857304,5,0.0,0.0,182,100.0,0.2186320398610901,0.4648950626604258,0.2441471571906354,0.4816053511705686,8,0,12.0,Győcike,2025-03,0.2690836290518443,0.24934246000738045,4.0105483838187865
18456,2025-03-29,1800.0,0,11.0,7330,620,5,1,0.0,0.125,0.1111111111111111,12.426118620808886,12.642225031605564,1.0,0,0.75,0.0,340,100.0,0.1512605042016806,0.4369747899159664,0.0793650793650793,0.3968253968253968,6,1,9.9,Emilia Adri,2025-03,0.11620680242776871,0.12294727330923667,8.133567935946026
18456,2025-03-29,1800.0,0,11.0,7193,33,3,1,0.1666666666666666,0.6666666666666666,0.5727513227513228,12.077461890416492,12.804097311139566,0.93542174094845,12,0.0,160000.0,238,100.0,0.1037827352085354,0.3359844810863239,0.1123595505617977,0.4089887640449438,7,0,2.9,Grazia,2025-03,0.1470609245200952,0.1555910609563473,6.427104448375478
18456,2025-03-29,1800.0,0,11.0,7240,2139,3,1,0.1666666666666666,0.3333333333333333,0.5998677248677249,12.021341450337424,12.330456226880395,0.9737863574438153,9,0.0,221000.0,196,100.0,0.0594594594594594,0.2324324324324324,0.1335740072202166,0.296028880866426,3,0,9.9,Gana Ris,2025-03,0.11194105818867683,0.11843409841866241,8.443514269556205
18461,2025-03-29,1800.0,0,11.0,5955,503,9,2,0.0618556701030927,0.2886597938144329,0.4917518335044109,12.466407580108154,12.953367875647668,0.9270440250286888,13,0.0,4114000.0,365,100.0,0.0888888888888888,0.3555555555555555,0.0425531914893617,0.2765957446808511,7,0,4.4,Atom Maki,2025-03,0.053109150379896164,0.06039983615850206,16.556336301571857
18456,2025-03-29,1800.0,0,11.0,7103,138,3,1,0.0,0.5714285714285714,0.48781179138322,11.846869513231516,12.77139208173691,0.9090654583164678,9,0.0,225000.0,231,100.0,0.1284253578732106,0.3775051124744376,0.1058823529411764,0.3294117647058823,6,0,5.9,Grace Kelly,2025-03,0.17299013833204904,0.1830242754552443,5.463756091986466
18456,2025-03-29,1800.0,0,11.0,7201,2125,3,1,0.3333333333333333,0.3333333333333333,0.5515873015873016,11.622647963413566,12.18026796589525,0.9427742472453172,11,0.1666666666666666,65000.0,133,100.0,0.0225563909774436,0.1729323308270676,0.1058823529411764,0.3294117647058823,1,0,14.9,Renebell BD,2025-03,0.08976916099588077,0.09497614030436533,10.528960187214912
18456,2025-03-29,1800.0,0,11.0,7244,635,3,1,0.0,1.0,0.3333333333333333,11.469638650513208,11.77856301531213,0.9737723214285714,5,0.0,0.0,175,100.0,0.2048109965635738,0.4563573883161512,0.1335740072202166,0.296028880866426,5,0,9.9,Coco,2025-03,0.12507794797420502,0.13233298166087698,7.556695144696802
18461,2025-03-29,1800.0,0,11.0,6438,898,6,0,0.1052631578947368,0.2631578947368421,0.524235778841042,12.465248838844182,12.88659793814433,0.9376524865359366,15,0.0,2503000.0,365,100.0,0.0965018094089264,0.3136308805790108,0.1179487179487179,0.2871794871794871,2,1,5.5,Danny DeVito,2025-03,0.17881355931361517,0.20336061880495218,4.917372920462653
18461,2025-03-29,1800.0,0,11.0,6299,27,8,2,0.1914893617021276,0.4042553191489361,0.4838076816800221,12.492308528381384,13.14060446780552,0.929563580145907,18,0.1,2740000.0,365,100.0,0.0604453870625662,0.228525980911983,0.0588235294117647,0.3529411764705882,1,0,2.5,Beyond The Limits,2025-03,0.06820895336568356,0.0775725007528966,12.891166203155562
18461,2025-03-29,1800.0,0,11.0,6358,110,7,2,0.0392156862745098,0.3333333333333333,0.5066215375038904,12.316204813105644,12.78772378516624,0.9147846891281032,5,0.0,2652000.0,365,100.0,0.1651027703306523,0.4133154602323503,0.0833333333333333,0.2794117647058823,0,0,11.1,Calvin,2025-03,0.06474300101399422,0.07363075149353629,13.581282001281563
18461,2025-03-29,1800.0,0,11.0,6919,1854,4,1,0.1111111111111111,0.3333333333333333,0.5328322911656245,12.398301959830848,12.674271229404308,0.9687244541375224,15,0.0,785000.0,365,100.0,0.0357142857142857,0.1517857142857142,0.0355555555555555,0.1377777777777777,9,0,33.3,Fermina Daza,2025-03,0.03593641643722852,0.040869674046865194,24.468019951744697
18461,2025-03-29,1800.0,0,11.0,5925,1064,9,1,0.1097560975609756,0.3292682926829268,0.5653266110583184,12.39883621180014,12.804097311139566,0.9301337412082138,8,0.0,4216640.0,365,100.0,0.0987482614742698,0.2739916550764951,0.0833333333333333,0.2794117647058823,4,0,6.0,Anikó,2025-03,0.10756851981083553,0.12233524592113332,8.174259122711673
18456,2025-03-29,1800.0,0,11.0,7242,1138,3,1,0.0,0.75,0.6087301587301588,12.244391608073164,12.853470437017997,0.9526136671080924,8,0.25,185000.0,192,100.0,0.3372093023255814,0.5891472868217055,0.081081081081081,0.2702702702702703,1,0,1.6,Golden Rose OZ,2025-03,0.1821298897266388,0.19269416989526705,5.189570605812927
18459,2025-03-29,2500.0,0,11.0,6986,5,4,0,0.8571428571428571,1.0,0.9126984126984128,12.63449544040707,12.87001287001287,0.9769217100684724,23,0.0,1300000.0,365,600.0,0.2186320398610901,0.4648950626604258,0.2441471571906354,0.4816053511705686,4,1,1.4,Face to face,2025-03,0.4159071793158849,0.30063896237784554,3.326248840438691
18463,2025-03-29,1900.0,0,12.0,6459,138,6,2,0.2368421052631578,0.3684210526315789,0.4667198298777246,12.523676970970204,12.903225806451612,0.9475019190462508,25,0.2,5147700.0,365,0.0,0.1284253578732106,0.3775051124744376,0.1403508771929824,0.3450292397660818,1,0,7.9,Diamond Ville,2025-03,0.1422926882902781,0.11955549870233863,8.36431624520871
18459,2025-03-29,2500.0,0,11.0,6987,719,4,2,0.125,0.375,0.4598800505050505,12.677347344894397,13.003901170351105,0.965183444599466,12,0.0,1728000.0,365,600.0,0.156019656019656,0.3992628992628992,0.1441441441441441,0.4504504504504504,8,0,7.4,Fabrice,2025-03,0.07666854312022527,0.055419940787267134,18.04404670583395
18464,2025-03-29,2500.0,0,12.0,5325,860,12,2,0.140625,0.3515625,0.5412608225108225,12.448462030827418,13.089005235602093,0.8727277488392342,3,0.3,7780000.0,365,600.0,0.1626928471248246,0.4240299205236091,0.1236363636363636,0.4109090909090909,0,0,12.2,Ultimate Force,2025-03,0.10649963344136874,0.07334153427227624,13.634838838897988
18464,2025-03-29,2500.0,0,12.0,6360,2436,7,0,0.0952380952380952,0.4285714285714285,0.6103801621658764,12.555135937222426,13.175230566534914,0.8999124213119433,9,0.3,6520000.0,365,600.0,0.0333333333333333,0.4666666666666667,0.1236363636363636,0.4109090909090909,1,0,4.5,Chip Chip Chip,2025-03,0.1348672534028689,0.09287704537593336,10.766923042742741
18464,2025-03-29,2500.0,0,12.0,6350,1506,12,2,0.1785714285714285,0.5357142857142857,0.6513888888888888,12.828101568353803,13.66120218579235,0.9847390890239938,11,0.2,10864100.0,365,600.0,0.2641509433962264,0.5849056603773585,0.0789473684210526,0.4473684210526316,2,0,40.0,Grand Illusion,2025-03,0.2363893191019694,0.16279075136969143,6.142855116683129
18464,2025-03-29,2500.0,0,12.0,6909,1791,5,1,0.2105263157894736,0.4210526315789473,0.4797619047619048,12.483689782175365,12.919896640826872,0.9520046871384682,20,0.2,1333000.0,365,600.0,0.1533333333333333,0.3733333333333333,0.2152466367713004,0.5381165919282511,0,0,48.0,Treue,2025-03,0.07225973283251126,0.04976204612909547,20.095636690777233
18463,2025-03-29,1900.0,0,12.0,6617,841,6,0,0.1707317073170731,0.4634146341463415,0.5759476296061662,12.680865352177475,13.054830287206268,0.9254658177604552,11,0.1,2786000.0,365,0.0,0.075,0.2,0.15,0.4375,9,1,11.6,Diófás,2025-03,0.14903868238131204,0.12522353897543603,7.985719044373606
18463,2025-03-29,1900.0,0,12.0,6066,860,8,1,0.1666666666666666,0.5166666666666667,0.6667791005291005,12.64374956086766,13.157894736842104,0.905425041149228,11,0.0,5930080.0,365,0.0,0.1626928471248246,0.4240299205236091,0.1236363636363636,0.4109090909090909,7,0,1.6,Berill Lady,2025-03,0.21042932073275247,0.17680446327977248,5.655965813587049
18463,2025-03-29,1900.0,0,12.0,7171,110,7,2,0.0,0.2857142857142857,0.4431972789115646,12.766702320632534,13.297872340425531,0.9778093513101728,3,0.0,4409660.0,365,0.0,0.1651027703306523,0.4133154602323503,0.1144578313253012,0.3313253012048193,7,0,2.5,Peter Piper,2025-03,0.1680795947710673,0.14122187173488718,7.081056126187583
18463,2025-03-29,1900.0,0,12.0,6877,1638,6,1,0.125,0.4,0.5671031746031746,12.579505990172803,13.003901170351105,0.933924972108228,18,0.1,2326000.0,365,0.0,0.0449438202247191,0.2808988764044944,0.0780141843971631,0.3333333333333333,2,0,14.6,Petra La Roque,2025-03,0.1662441442410151,0.13967971095276602,7.159235891733476
18463,2025-03-29,1900.0,0,12.0,6328,175,7,1,0.0547945205479452,0.273972602739726,0.5049734131925913,12.407844369276484,12.953367875647668,0.9097944702591492,14,0.1,2744000.0,365,0.0,0.0815047021943573,0.2617554858934169,0.0973451327433628,0.3716814159292035,11,0,25.0,Credit Card,2025-03,0.09808330858747165,0.08241041063634,12.134389238912933
18463,2025-03-29,1900.0,0,12.0,5795,33,10,1,0.1379310344827586,0.5977011494252874,0.6978827685724237,12.658085627376527,13.03780964797914,0.9305370779767882,9,0.0,7090000.0,365,0.0,0.1037827352085354,0.3359844810863239,0.1123595505617977,0.4089887640449438,2,0,9.2,Zara Mia,2025-03,0.15686457107464472,0.13179891566388324,7.587315836119806
18463,2025-03-29,1900.0,0,12.0,5757,1509,10,1,0.1511627906976744,0.3604651162790697,0.5505386086781435,12.465644009295984,13.020833333333334,0.903557604476874,8,0.0,5695000.0,365,0.0,0.1548599670510708,0.4546952224052718,0.1811320754716981,0.4981132075471698,0,0,19.4,Zsofesz,2025-03,0.09914873416225116,0.08330559005457644,12.003996362607415
18460,2025-03-29,1960.0,0,12.0,6898,32,5,2,0.15625,0.5,0.6360637626262626,12.463778371597272,12.903225806451612,0.9267137161227036,12,0.1,2701000.0,365,60.0,0.0625390869293308,0.2786116322701688,0.1123595505617977,0.4089887640449438,12,1,7.7,Euzébió,2025-03,0.09914873416225116,0.08875535488534042,11.266925824271233
18459,2025-03-29,2500.0,0,11.0,6700,2271,5,2,0.2777777777777778,0.6666666666666666,0.7229276895943563,12.582871732451276,12.903225806451612,0.9637041942123782,21,0.1,1910000.0,365,600.0,0.1970802919708029,0.4233576642335766,0.1811320754716981,0.4981132075471698,4,0,7.4,Escobar,2025-03,0.1662441442410151,0.12016976265767189,8.321560914193567
18460,2025-03-29,1960.0,0,12.0,6864,148,7,0,0.1739130434782608,0.6739130434782609,0.7000258799171842,12.909347577649273,13.280212483399737,0.9705219939011022,7,0.2,5236600.0,365,60.0,0.1271111111111111,0.4004444444444444,0.1082251082251082,0.3939393939393939,7,0,5.5,In Love Danover,2025-03,0.14766582970817885,0.13218659048879264,7.56506387147329
18460,2025-03-29,1960.0,0,12.0,7173,110,7,1,0.0,0.0833333333333333,0.2935185185185185,12.921441168866451,13.26259946949602,0.9768228973907672,2,0.0,7245970.0,365,60.0,0.1651027703306523,0.4133154602323503,0.1144578313253012,0.3313253012048193,8,0,3.8,Jula Netprice,2025-03,0.10139198849598567,0.09076345752195975,11.0176499144279
18460,2025-03-29,1960.0,0,12.0,6472,2403,6,2,0.1463414634146341,0.3902439024390244,0.5485965931087882,12.607108025249875,13.123359580052494,0.8985459415640789,10,0.0,6032000.0,365,60.0,0.1029411764705882,0.2941176470588235,0.1564245810055866,0.3407821229050279,8,0,1.8,Dumbledore,2025-03,0.2562221934398015,0.22936340943128378,4.359893334684648
18460,2025-03-29,1960.0,0,12.0,5894,860,9,2,0.1971830985915492,0.4507042253521127,0.5922992500457289,12.62425644574332,13.054830287206268,0.9202940087163825,13,0.2,6884000.0,365,60.0,0.1626928471248246,0.4240299205236091,0.1236363636363636,0.4109090909090909,2,0,8.9,Apollo Creed,2025-03,0.17299013833204904,0.15485624954323207,6.4576018271760125
18464,2025-03-29,2500.0,0,12.0,6068,2225,8,1,0.1363636363636363,0.4545454545454545,0.5771464646464647,12.653652298049384,13.054830287206268,0.9193691405491446,5,0.1,5570000.0,365,600.0,0.1294964028776978,0.5179856115107914,0.2441471571906354,0.4816053511705686,5,0,60.0,Balerina R.,2025-03,0.19020487864812216,0.1309855928640848,7.634427406360903
18464,2025-03-29,2500.0,0,12.0,6805,138,9,1,0.0256410256410256,0.3076923076923077,0.5353072853072853,12.815275869789506,13.368983957219251,0.9850843060959792,1,0.2,10628600.0,365,600.0,0.1284253578732106,0.3775051124744376,0.1058823529411764,0.3294117647058823,2,0,5.6,Guiness des Fanes,2025-03,0.1422926882902781,0.09799061027455146,10.20505941536833
18460,2025-03-29,1960.0,0,12.0,6943,255,5,1,0.4210526315789473,0.5263157894736842,0.620800106326422,12.526236429124785,13.003901170351105,0.9054277181531576,10,0.3,2238000.0,365,60.0,0.3731906859660163,0.6727501573316551,0.4126984126984127,0.7936507936507936,8,0,3.8,Elizabeth Boss,2025-03,0.33968254923820496,0.30407493812939146,3.2886630057439166
18464,2025-03-29,2500.0,0,12.0,6228,635,7,2,0.3137254901960784,0.5098039215686274,0.5719965764083411,12.738947462739924,13.280212483399737,0.8956569797780355,8,0.6,5164000.0,365,600.0,0.2048109965635738,0.4563573883161512,0.1335740072202166,0.296028880866426,9,0,4.4,Creatine,2025-03,0.19931096335252127,0.13725654612329588,7.285627011929269
18459,2025-03-29,2500.0,0,11.0,6965,1138,4,1,0.4166666666666667,0.75,0.7590277777777777,12.46252486733384,13.14060446780552,0.9266778897654984,13,0.0,1457819.0,365,600.0,0.3372093023255814,0.5891472868217055,0.081081081081081,0.2702702702702703,1,0,9.4,Felhők felett,2025-03,0.2544492532809575,0.18392892281886847,5.4368828168737275
18464,2025-03-29,2500.0,0,12.0,6342,33,7,2,0.1428571428571428,0.4821428571428571,0.5937570861678004,12.687886474459594,13.14060446780552,0.9009068043951408,10,0.3,4353000.0,365,600.0,0.1037827352085354,0.3359844810863239,0.1123595505617977,0.4089887640449438,0,0,2.2,Carlos Fox,2025-03,0.11569837480783463,0.07967629603051157,12.550784233457035
18459,2025-03-29,2500.0,0,11.0,6692,1791,5,1,0.1111111111111111,0.2962962962962963,0.520966276521832,12.264815181247744,12.88659793814433,0.8990465726391413,3,0.1,1445000.0,365,600.0,0.1533333333333333,0.3733333333333333,0.2152466367713004,0.5381165919282511,0,0,32.0,Excellence,2025-03,0.08163930599888165,0.05901306220566553,16.945400943860786
18459,2025-03-29,2500.0,0,11.0,6962,1076,4,1,0.1428571428571428,0.5238095238095238,0.6376417233560091,12.13997209107055,12.9366106080207,0.8826353625709418,10,0.1,1298500.0,365,600.0,0.1167002012072434,0.3742454728370221,0.1196172248803827,0.3397129186602871,4,0,13.9,Flinga VT,2025-03,0.09914873416225116,0.07166977162704047,13.952883863002397
18459,2025-03-29,2500.0,0,11.0,6920,615,4,2,0.3571428571428571,0.6428571428571429,0.6947536590393734,12.512132216049244,12.9366106080207,0.9424624690649512,22,0.1,1432000.0,365,600.0,0.1128048780487804,0.3607723577235772,0.1564245810055866,0.3407821229050279,0,0,7.2,Fliegauf,2025-03,0.12310019011298816,0.08898310792556881,11.238088029432106
18458,2025-03-29,1900.0,0,12.0,7053,1401,4,0,0.0,0.5454545454545454,0.5551652892561983,12.313086888462486,12.706480304955528,0.9514151027155372,3,0.2,557000.0,343,0.0,0.2342007434944238,0.5588599752168525,0.2152466367713004,0.5381165919282511,1,1,1.8,Fabio,2025-03,0.1508648544549942,0.13566623919720672,7.371030596244237
18458,2025-03-29,1900.0,0,12.0,6983,39,4,1,0.1666666666666666,0.25,0.3855820105820106,12.111507959106904,12.453300124533,0.9713230219682284,11,0.2,480000.0,350,0.0,0.1704327843738031,0.4381463040980467,0.1153846153846153,0.2788461538461538,1,0,27.8,Fondorlat,2025-03,0.10035450259844463,0.09024446418101187,11.081012105010732
18458,2025-03-29,1900.0,0,12.0,6966,2125,5,2,0.0625,0.375,0.4521825396825397,12.294882389894962,12.61034047919294,0.9493121066929538,3,0.5,509548.0,365,0.0,0.0225563909774436,0.1729323308270676,0.1058823529411764,0.3294117647058823,7,0,10.3,Eagle GG,2025-03,0.09914873416225116,0.0891601687719054,11.215770604452945
18459,2025-03-29,2500.0,0,11.0,6878,110,5,1,0.2916666666666667,0.375,0.4910037878787878,12.50590180284418,13.123359580052494,0.8756291541200957,5,0.5,1865000.0,365,600.0,0.1651027703306523,0.4133154602323503,0.1144578313253012,0.3313253012048193,8,0,6.4,Éden Evo,2025-03,0.16625342269738516,0.12017646960007224,8.321096495244348
18458,2025-03-29,1900.0,0,12.0,7104,2403,4,2,0.1,0.4,0.4325865800865801,12.058266327091232,12.484394506866415,0.9427687753555216,4,0.2,565000.0,203,0.0,0.1029411764705882,0.2941176470588235,0.1564245810055866,0.3407821229050279,8,0,7.9,Florentin,2025-03,0.1748163104057312,0.15720474771115225,6.361131038086702
18458,2025-03-29,1900.0,0,12.0,6057,175,8,2,0.2,0.4666666666666667,0.6036676286676286,12.056781037222269,12.515644555694616,0.9273759858996676,20,0.0,355000.0,365,0.0,0.0815047021943573,0.2617554858934169,0.0973451327433628,0.3716814159292035,13,0,278.8,Bitangjó,2025-03,0.09914873416225116,0.0891601687719054,11.215770604452945
18458,2025-03-29,1900.0,0,12.0,7124,69,4,2,0.2,0.2,0.3925396825396826,12.282287298895824,12.61034047919294,0.9554896487048724,6,0.2,405000.0,168,0.0,0.0728929384965831,0.2562642369020501,0.1196172248803827,0.3397129186602871,8,0,16.4,Fess Fiú,2025-03,0.1680795947710673,0.15114671068193467,6.616088405022246
18458,2025-03-29,1900.0,0,12.0,6999,1854,4,1,0.074074074074074,0.1481481481481481,0.224074074074074,11.89283770830743,12.360939431396783,0.9125848098173248,5,0.6,597000.0,365,0.0,0.0357142857142857,0.1517857142857142,0.0355555555555555,0.1377777777777777,17,0,278.8,First Lady KJ,2025-03,0.03350130716959635,0.030126276715067606,33.19361398217031
18458,2025-03-29,1900.0,0,12.0,6751,110,5,2,0.1052631578947368,0.2105263157894736,0.2931305536568694,12.27515999438125,12.61034047919294,0.914850735947316,5,0.3,555000.0,365,0.0,0.1651027703306523,0.4133154602323503,0.0833333333333333,0.2794117647058823,0,0,39.8,Emilio Family,2025-03,0.06296344225605328,0.056620300656820506,17.66150988955477
18458,2025-03-29,1900.0,0,12.0,7060,635,4,0,0.4285714285714285,0.5714285714285714,0.5873015873015872,12.50370340678498,12.804097311139566,0.9675904875527306,12,0.2857142857142857,560000.0,300,0.0,0.2048109965635738,0.4563573883161512,0.1335740072202166,0.296028880866426,6,0,2.1,Filthy Rich,2025-03,0.14902940392494202,0.13401569791279522,7.461812426262972
18458,2025-03-29,1900.0,0,12.0,7197,28,4,1,0.2857142857142857,0.4285714285714285,0.4682539682539682,12.588028285768331,12.853470437017997,0.9849483584170466,7,0.2857142857142857,336627.0,365,0.0,0.1426634119880661,0.39815568212639,0.0780141843971631,0.3333333333333333,1,0,9.9,Flawless Hope,2025-03,0.07412257418036461,0.06665522540020026,15.002574726826976
18464,2025-03-29,2500.0,0,12.0,6929,148,4,1,0.1176470588235294,0.5294117647058824,0.6708704693998812,12.637553678504034,12.9366106080207,0.9644257998306432,14,0.1,2020000.0,365,600.0,0.1271111111111111,0.4004444444444444,0.1082251082251082,0.3939393939393939,12,0,5.3,Fendi,2025-03,0.1422926882902781,0.09799061027455146,10.20505941536833
18464,2025-03-29,2500.0,0,12.0,5725,1076,10,2,0.3023255813953488,0.5116279069767442,0.5847129937246216,12.763190920641163,13.280212483399737,0.9073577980352886,5,0.2,10090000.0,365,600.0,0.1167002012072434,0.3742454728370221,0.1196172248803827,0.3397129186602871,2,1,14.4,Zente,2025-03,0.11228980620702107,0.07732896728600844,12.931764577967352
18471,2025-04-05,1800.0,0,19.0,5721,615,10,2,0.0705882352941176,0.3529411764705882,0.5498709786945082,12.426382977592748,12.903225806451612,0.9334754569776736,8,0.3,3944000.0,365,100.0,0.1124620060790273,0.3596757852077001,0.1441441441441441,0.4504504504504504,4,0,1.4,Zippy Boy,2025-04,0.11544874558846156,0.25417173181599073,3.934347824029292
18471,2025-04-05,1800.0,0,19.0,6131,138,8,2,0.0238095238095238,0.1904761904761904,0.4649281934996221,12.23960260716604,12.706480304955528,0.9217319384704712,1,0.3,2837000.0,365,100.0,0.1282941777323799,0.3773237997957099,0.1058823529411764,0.3294117647058823,0,0,21.3,Bulibáró,2025-04,0.057142858703931175,0.1258056056275266,7.948771400224453
18471,2025-04-05,1800.0,0,19.0,6336,236,9,2,0.1,0.125,0.3790674603174603,12.162255916810215,12.594458438287154,0.943429137396739,5,0.3,815000.0,365,100.0,0.0451127819548872,0.2030075187969924,0.1376146788990825,0.3990825688073394,0,0,4.5,Allegro Barbaro,2025-04,0.045651773611704506,0.10050685523012017,9.949570083656516
18471,2025-04-05,1800.0,0,19.0,5695,1023,11,1,0.119047619047619,0.3214285714285714,0.5161629045557616,12.369295717594497,12.919896640826872,0.9296212831947428,5,0.1,4145000.0,365,100.0,0.0833333333333333,0.25,0.1179487179487179,0.2871794871794871,3,0,9.3,Vinifera M,2025-04,0.08228138585885365,0.18115053769847803,5.520270669383731
18471,2025-04-05,1800.0,0,19.0,6999,2422,4,1,0.0714285714285714,0.1428571428571428,0.2196428571428571,11.89283770830743,12.360939431396783,0.9125848098173248,5,0.6,597000.0,365,100.0,0.05,0.15,0.0355555555555555,0.1377777777777777,0,0,7.8,First Lady KJ,2025-04,0.007092198356986046,0.015614169990235308,64.04439048795894
18471,2025-04-05,1800.0,0,19.0,5856,1064,12,1,0.1041666666666666,0.2395833333333333,0.4536259169071669,12.3578523142596,12.804097311139566,0.9924017482760236,0,0.4,4014000.0,365,100.0,0.0986111111111111,0.2736111111111111,0.0833333333333333,0.2794117647058823,1,0,5.1,Donia d'Aunay,2025-04,0.08133894205093384,0.17907565525971916,5.584231974746472
18472,2025-04-05,2560.0,0,19.0,6299,27,8,2,0.1875,0.4166666666666667,0.4922468734968735,12.494163937380604,13.14060446780552,0.929563580145907,18,0.1,2865000.0,365,660.0,0.0604133545310015,0.2289348171701113,0.0588235294117647,0.3529411764705882,0,0,6.6,Beyond The Limits,2025-04,0.045651773611704506,0.06720336058773434,14.880208240397366
18472,2025-04-05,2560.0,0,19.0,6328,175,7,1,0.054054054054054,0.2702702702702703,0.503940953940954,12.407144295576789,12.953367875647668,0.9097944702591492,14,0.1,2774000.0,365,660.0,0.08125,0.2609375,0.0973451327433628,0.3716814159292035,10,0,6.0,Credit Card,2025-04,0.11544874558846156,0.1699505422324665,5.884064780635722
18472,2025-04-05,2560.0,0,19.0,6307,1076,7,2,0.0689655172413793,0.3448275862068966,0.4866018559984077,12.390889742193064,12.97016861219196,0.8836663066753205,3,0.2,2783000.0,365,660.0,0.1182364729458917,0.374749498997996,0.1196172248803827,0.3397129186602871,2,0,4.2,Csípkedd Magad!,2025-04,0.08395494769016902,0.12358894685529272,8.091338468729534
18472,2025-04-05,2560.0,0,19.0,6546,1408,7,2,0.1351351351351351,0.3243243243243243,0.4645538395538395,12.4852292606724,13.020833333333334,0.93419898329388,5,0.3,2223040.0,365,660.0,0.1326781326781326,0.4054054054054054,0.1196172248803827,0.3397129186602871,4,0,3.4,Count Basie AT,2025-04,0.18345218896865845,0.27005749460540224,3.702915193896626
18472,2025-04-05,2560.0,0,19.0,5990,2277,9,1,0.0545454545454545,0.2545454545454545,0.4340948445493899,12.323803433210784,12.755102040816324,0.946390525340854,3,0.1,1999000.0,365,660.0,0.0684931506849315,0.2465753424657534,0.0425531914893617,0.2765957446808511,8,0,127.1,Aranyérem M,2025-04,0.07966538021961848,0.11727433240152013,8.527015072456194
18471,2025-04-05,1800.0,0,19.0,6919,1854,4,1,0.1052631578947368,0.3157894736842105,0.5398762056656793,12.401196600078327,12.674271229404308,0.9687244541375224,15,0.0,825000.0,365,100.0,0.0355781448538754,0.1512071156289707,0.0355555555555555,0.1377777777777777,8,1,11.5,Fermina Daza,2025-04,0.06525961682200432,0.14367544437792998,6.9601315961101715
18472,2025-04-05,2560.0,0,19.0,6305,1778,7,2,0.1568627450980392,0.3725490196078431,0.4709015929604165,12.615137057153593,13.020833333333334,0.9122179204632224,10,0.4,2956000.0,365,660.0,0.0404040404040404,0.1919191919191919,0.1236363636363636,0.4109090909090909,6,0,3.5,Csikós,2025-04,0.12548308819532394,0.1847219627298499,5.413541439371066
18472,2025-04-05,2560.0,0,19.0,5288,33,12,2,0.1626016260162601,0.3821138211382114,0.5474894121235585,12.471000328884594,12.987012987012989,0.8527131782945737,1,0.6,7690500.0,365,660.0,0.1037223730127956,0.3359829391236913,0.1123595505617977,0.4089887640449438,2,1,2.9,Usain,2025-04,0.045651773611704506,0.06720336058773434,14.880208240397366
18467,2025-04-05,1980.0,0,19.0,7197,28,4,1,0.25,0.375,0.4847222222222222,12.545099609287009,12.853470437017997,0.9849483584170466,7,0.25,361627.0,365,80.0,0.1426247288503253,0.3980477223427331,0.0780141843971631,0.3333333333333333,0,0,12.4,Flawless Hope,2025-04,0.0759548048178355,0.0491147393087852,20.360486771862575
18467,2025-04-05,1980.0,0,19.0,7365,1318,4,0,0.2857142857142857,0.4285714285714285,0.4523809523809524,12.34406468986473,12.531328320802006,0.9894133551087936,11,0.4285714285714285,303347.0,252,80.0,0.1759259259259259,0.4537037037037037,0.081081081081081,0.2702702702702703,0,0,6.2,Discovery,2025-04,0.045651773611704506,0.029519856779304698,33.875503105457604
18467,2025-04-05,1980.0,0,19.0,7330,620,5,1,0.1111111111111111,0.2222222222222222,0.2098765432098765,12.404392224338189,12.642225031605564,1.0,0,0.6666666666666666,250000.0,347,80.0,0.1583333333333333,0.4416666666666666,0.0793650793650793,0.3968253968253968,5,0,16.5,Emilia Adri,2025-04,0.18967842559019724,0.1226519697826383,8.153150754710117
18467,2025-04-05,1980.0,0,19.0,7329,2527,5,1,0.0,0.25,0.3611111111111111,12.188864592852388,12.61034047919294,0.9665769622131944,2,0.25,60000.0,163,80.0,0.0,0.0,0.0793650793650793,0.3968253968253968,11,0,16.5,Exclusive Adri,2025-04,0.1030296857158343,0.06662219943998898,15.01001180395982
18467,2025-04-05,1980.0,0,19.0,7106,1076,3,2,0.0,0.3333333333333333,0.5507936507936507,12.229283181292532,12.78772378516624,0.9508663739840636,5,0.0,225000.0,199,80.0,0.1182364729458917,0.374749498997996,0.1196172248803827,0.3397129186602871,12,0,5.5,Gentleman Jack,2025-04,0.2522873630126317,0.16313685612100523,6.129822676356221
18467,2025-04-05,1980.0,0,19.0,7109,2237,3,1,0.0,0.5,0.5,12.1654501216545,12.1654501216545,1.0,3,0.5,0.0,56,80.0,0.2583333333333333,0.5,0.1335740072202166,0.296028880866426,1,0,6.2,Gaya T Boko,2025-04,0.20820510884126028,0.13463189943046922,7.427660192200222
18467,2025-04-05,1980.0,0,19.0,7167,2271,3,0,0.3333333333333333,0.6666666666666666,0.6296296296296297,12.144981087789,12.87001287001287,0.9436650305212052,7,0.0,275000.0,112,80.0,0.1942446043165467,0.4316546762589928,0.1811320754716981,0.4981132075471698,1,0,2.9,Gainsville,2025-04,0.18345218896865845,0.11862589152103131,8.429862883877327
18467,2025-04-05,1980.0,0,19.0,7128,255,4,1,1.0,1.0,0.75,12.07159321717794,12.21001221001221,0.9886634844868736,10,0.0,250000.0,20,80.0,0.3733500942803268,0.6731615336266499,0.4126984126984127,0.7936507936507936,0,1,2.4,Funny Girl,2025-04,0.3075988441705704,0.19890298025719727,5.0275767547923165
18468,2025-04-05,1800.0,0,19.0,6944,2271,5,1,0.6,0.6,0.6504040404040403,12.245260210086316,12.78772378516624,0.9300446166184516,10,0.1,1000000.0,365,100.0,0.1942446043165467,0.4316546762589928,0.1811320754716981,0.4981132075471698,3,1,2.9,Euphoria,2025-04,0.20875316361586252,0.20856818687825449,4.7945950672895306
18467,2025-04-05,1980.0,0,19.0,7188,5,3,2,0.3333333333333333,0.3333333333333333,0.4444444444444445,11.249504907897052,11.350737797956867,0.9910813823857304,5,0.3333333333333333,0.0,189,80.0,0.2186839722306067,0.4648354965288258,0.2441471571906354,0.4816053511705686,7,0,49.6,Győcike,2025-04,0.1806186040242513,0.11679360735957987,8.5621124529636
18468,2025-04-05,1800.0,0,19.0,7290,2450,5,1,0.5555555555555556,0.6666666666666666,0.7577160493827161,12.70628735080518,13.14060446780552,0.973412527988397,18,0.1111111111111111,704254.0,321,100.0,0.4186046511627907,0.627906976744186,0.4215686274509804,0.7254901960784313,0,0,2.1,Elisa,2025-04,0.20875316361586252,0.20856818687825449,4.7945950672895306
18470,2025-04-05,1800.0,0,17.0,6901,635,5,0,0.44,0.6,0.684,12.743795387475434,13.280212483399737,0.9371695852129114,22,0.0,5078000.0,365,100.0,0.2045298558682223,0.456417295813315,0.1335740072202166,0.296028880866426,6,0,2.6,Eastwood,2025-04,0.26067424813906354,0.2196014458222252,4.553704080844412
18468,2025-04-05,1800.0,0,19.0,7081,138,4,1,0.2142857142857142,0.4285714285714285,0.5749716553287981,12.249293622483126,12.88659793814433,0.909210974826132,7,0.0,960000.0,365,100.0,0.1282941777323799,0.3773237997957099,0.1058823529411764,0.3294117647058823,5,0,7.1,Fancy,2025-04,0.13859455535809198,0.13847174635124238,7.22168981290549
18468,2025-04-05,1800.0,0,19.0,6992,620,4,2,0.0476190476190476,0.238095238095238,0.3897718683432969,12.044217055515087,12.468827930174562,0.9124429689168464,0,0.3,660000.0,365,100.0,0.1583333333333333,0.4416666666666666,0.0793650793650793,0.3968253968253968,3,0,4.3,Finiselj!,2025-04,0.14351356650392214,0.14338639874811634,6.974162185052695
18469,2025-04-05,1980.0,0,16.0,6778,2271,6,1,0.2068965517241379,0.4137931034482758,0.5122505846643778,12.50737120544689,13.003901170351105,0.9152920397302272,8,0.6,2125000.0,365,80.0,0.1942446043165467,0.4316546762589928,0.1811320754716981,0.4981132075471698,2,0,2.7,Dancing Lady,2025-04,0.17866762975851694,0.17743372073835573,5.6359072888664885
18469,2025-04-05,1980.0,0,16.0,6973,1791,5,2,0.2916666666666667,0.5416666666666666,0.5908730158730159,12.509943611177915,12.987012987012989,0.9391783807968772,11,0.2,2593000.0,365,80.0,0.1513157894736842,0.3684210526315789,0.2152466367713004,0.5381165919282511,7,0,4.8,Edoardo Ama,2025-04,0.18204926947752634,0.1807920062786711,5.5312180034033664
18469,2025-04-05,1980.0,0,16.0,6861,1076,5,1,0.1612903225806451,0.4838709677419355,0.5069019689987432,12.631050428035376,13.020833333333334,0.9320172537869386,17,0.3,2900519.0,365,80.0,0.1182364729458917,0.374749498997996,0.1196172248803827,0.3397129186602871,0,0,9.0,Emeli Sandé A.T.,2025-04,0.14680821945269903,0.14579433693541638,6.858976974139795
18469,2025-04-05,1980.0,0,16.0,7105,1408,3,2,0.4,0.8,0.5666666666666667,11.975739293575115,12.376237623762377,0.9676397349208694,15,0.0,1340000.0,322,80.0,0.1326781326781326,0.4054054054054054,0.1196172248803827,0.3397129186602871,3,0,9.0,Gomez de Boko,2025-04,0.11544874558846156,0.11465143692801515,8.722088678468621
18469,2025-04-05,1980.0,0,16.0,6704,23,5,1,0.0285714285714285,0.3714285714285714,0.5005668934240363,12.572426422597044,13.03780964797914,0.9279059752321728,11,0.2,2432000.0,365,80.0,0.0823271130625686,0.3186059275521405,0.0930232558139534,0.3255813953488372,13,0,4.8,Emerald,2025-04,0.0978922297557195,0.0972161693777846,10.286354691820593
18469,2025-04-05,1980.0,0,16.0,7127,255,4,1,0.3333333333333333,1.0,0.8854938271604939,12.513423428795532,12.903225806451612,0.96758525116666,16,0.0,1460000.0,336,80.0,0.3733500942803268,0.6731615336266499,0.4126984126984127,0.7936507936507936,7,1,2.8,Francesca,2025-04,0.20875316361586252,0.20731147878509074,4.823659576692563
18470,2025-04-05,1800.0,0,17.0,6308,860,7,2,0.2549019607843137,0.6470588235294118,0.6146047307812014,12.804744896608188,13.333333333333334,0.8735735460509194,15,0.3,5611000.0,365,100.0,0.1623134328358209,0.4235074626865671,0.1236363636363636,0.4109090909090909,7,0,3.8,Csábító R.,2025-04,0.17866762975851694,0.15051609469175126,6.643807773832728
18470,2025-04-05,1800.0,0,17.0,6780,1509,5,0,0.2142857142857142,0.4642857142857143,0.6370181405895691,12.709368313377649,13.333333333333334,0.8953040709077938,12,0.1,8326000.0,365,100.0,0.1559934318555008,0.4548440065681445,0.1811320754716981,0.4981132075471698,2,0,9.4,Eternal Flame,2025-04,0.13452348361412683,0.11332746410356943,8.823986382383927
18470,2025-04-05,1800.0,0,17.0,6121,1401,8,1,0.0963855421686747,0.3975903614457831,0.6071811053738765,12.578369368396416,13.315579227696404,0.8855479226589896,6,0.0,7987400.0,365,100.0,0.2351485148514851,0.5594059405940595,0.2152466367713004,0.5381165919282511,1,0,10.6,Farya BD,2025-04,0.13335269192854562,0.11234114670265336,8.901458008496377
18470,2025-04-05,1800.0,0,17.0,5906,28,9,1,0.1720430107526881,0.6236559139784946,0.692494452978324,12.703379526095077,13.386880856760374,0.8710076069205591,6,0.0,10651440.0,365,100.0,0.1426247288503253,0.3980477223427331,0.0780141843971631,0.3333333333333333,11,0,2.4,Anybody,2025-04,0.23249074319998422,0.1958586385555178,5.105723226583859
18470,2025-04-05,1800.0,0,17.0,6023,148,9,0,0.1935483870967742,0.5161290322580645,0.6732036183649087,12.70762742953388,13.315579227696404,0.906803376845769,6,0.2,10162100.0,365,100.0,0.1269982238010657,0.4009769094138543,0.1082251082251082,0.3939393939393939,7,1,4.3,Acélos Fiú,2025-04,0.24732459088166556,0.20835521012428307,4.799496011659627
18474,2025-04-05,1800.0,0,19.0,5531,23,11,1,0.131578947368421,0.4561403508771929,0.6078516999569631,12.665660977806404,13.227513227513228,0.8965304900166179,5,0.3,8296000.0,365,100.0,0.0823271130625686,0.3186059275521405,0.0930232558139534,0.3255813953488372,12,0,4.0,Very Nice Photo,2025-04,0.22506305078665415,0.22970477801865818,4.353414015266035
18474,2025-04-05,1800.0,0,19.0,6657,635,6,1,0.0967741935483871,0.4193548387096774,0.4575780849974398,12.303503329850164,12.853470437017997,0.8873881216581482,8,0.4,1515000.0,365,100.0,0.2045298558682223,0.456417295813315,0.1335740072202166,0.296028880866426,5,0,6.2,Dreamer,2025-04,0.08228138585885365,0.08397836698522307,11.907828598000258
18474,2025-04-05,1800.0,0,19.0,5504,2527,11,2,0.1764705882352941,0.4117647058823529,0.5683307161248338,12.645507066549436,13.227513227513228,0.9214285400749652,15,0.2,9101000.0,365,100.0,0.0,0.0,0.0793650793650793,0.3968253968253968,1,0,11.6,Vakarcs RG,2025-04,0.11544874558846156,0.1178297743020848,8.486819277411675
18469,2025-04-05,1980.0,0,16.0,6703,28,5,0,0.1212121212121212,0.2727272727272727,0.4061119856574402,12.488962256693329,13.054830287206268,0.9000945560003086,6,0.7,1677000.0,365,80.0,0.1426247288503253,0.3980477223427331,0.0780141843971631,0.3333333333333333,5,0,7.9,Etalon N,2025-04,0.07733493919173877,0.07680085095666632,13.020689061951076
18474,2025-04-05,1800.0,0,19.0,6153,110,8,2,0.1875,0.3333333333333333,0.5261468855218855,12.366443139675646,12.919896640826872,0.9361626013565963,6,0.2,2451000.0,365,100.0,0.1648449698862369,0.4133392817309837,0.1153846153846153,0.2788461538461538,0,0,9.0,Bing Crosby AT,2025-04,0.1571425274014473,0.16038345364942871,6.235057153625286
18474,2025-04-05,1800.0,0,19.0,6052,719,9,1,0.1666666666666666,0.3461538461538461,0.5429131054131054,12.538901986818905,12.953367875647668,0.9342112597386636,15,0.2,5159000.0,365,100.0,0.1558282208588957,0.4,0.1441441441441441,0.4504504504504504,1,0,3.0,Auróra,2025-04,0.11544874558846156,0.1178297743020848,8.486819277411675
18468,2025-04-05,1800.0,0,19.0,7114,5,3,1,0.5,0.5,0.6458333333333334,11.429391192943214,12.07729468599034,0.946353590775698,11,0.0,1150000.0,252,100.0,0.2186839722306067,0.4648354965288258,0.1564245810055866,0.3407821229050279,8,0,7.8,Ginevra,2025-04,0.13859455535809198,0.13847174635124238,7.22168981290549
18468,2025-04-05,1800.0,0,19.0,7094,110,4,2,0.2222222222222222,0.4444444444444444,0.4914021164021164,12.128378820146786,12.738853503184714,0.9310312523762244,15,0.0,955000.0,365,100.0,0.1648449698862369,0.4133392817309837,0.1153846153846153,0.2788461538461538,0,0,8.7,Full Speed,2025-04,0.08133894205093384,0.08126686739644498,12.305137776773035
18468,2025-04-05,1800.0,0,19.0,6674,2125,6,1,0.0434782608695652,0.1304347826086956,0.3869910282953762,12.297364893096294,12.919896640826872,0.9117367662189972,7,0.0,947323.0,365,100.0,0.0220588235294117,0.1691176470588235,0.1058823529411764,0.3294117647058823,9,0,15.7,Démon Jewel GG,2025-04,0.08133894205093384,0.08126686739644498,12.305137776773035
18473,2025-04-05,1900.0,0,19.0,6617,758,6,0,0.1904761904761904,0.4761904761904761,0.5860441146155432,12.676144757992253,13.054830287206268,0.9254658177604552,11,0.1,3086000.0,365,0.0,0.0544747081712062,0.2217898832684824,0.15,0.4375,0,1,4.0,Diófás,2025-04,0.18204926947752634,0.170987425565787,5.8483832755014635
18473,2025-04-05,1900.0,0,19.0,5325,2260,12,2,0.1395348837209302,0.3488372093023256,0.5396489815094466,12.447333292735326,13.089005235602093,0.8727277488392342,3,0.3,7780000.0,365,0.0,0.2954545454545454,0.5681818181818182,0.1236363636363636,0.4109090909090909,3,0,5.5,Ultimate Force,2025-04,0.1892456735173861,0.17774655513350412,5.62598807751243
18473,2025-04-05,1900.0,0,19.0,5962,2401,10,2,0.2197802197802197,0.4175824175824176,0.5819030176173033,12.59823113976092,13.192612137203168,0.8989761433491176,7,0.0,7446000.0,365,0.0,0.1666666666666666,0.375,0.1144578313253012,0.3313253012048193,0,0,7.2,Zénó Boko,2025-04,0.08395494769016902,0.07885360051293391,12.681729096643794
18473,2025-04-05,1900.0,0,19.0,6525,1463,8,0,0.0961538461538461,0.5192307692307693,0.664826146076146,12.852230630078395,13.642564802182813,0.958258244511508,4,0.1,5272290.0,365,0.0,0.1468354430379747,0.4278481012658228,0.1179487179487179,0.2871794871794871,3,0,2.2,Big Ben Pax,2025-04,0.16950749357541403,0.1592077245009061,6.2811022714812355
18473,2025-04-05,1900.0,0,19.0,6342,2223,7,2,0.1403508771929824,0.4736842105263157,0.5950362016151489,12.681393790070068,13.14060446780552,0.9009068043951408,10,0.3,4409000.0,365,0.0,0.2,0.4,0.1196172248803827,0.3397129186602871,4,0,8.0,Carlos Fox,2025-04,0.16950749357541403,0.1592077245009061,6.2811022714812355
18473,2025-04-05,1900.0,0,19.0,6441,1398,6,1,0.1304347826086956,0.3695652173913043,0.4957541251019511,12.63182482976924,13.054830287206268,0.9073133897625992,7,0.2,6415000.0,365,0.0,0.1814946619217081,0.5088967971530249,0.1196172248803827,0.3397129186602871,0,0,3.7,Diána Gull,2025-04,0.16484648982683817,0.1548299369173099,6.4586992664995435
18474,2025-04-05,1800.0,0,19.0,6021,1076,9,1,0.1182795698924731,0.5053763440860215,0.6277630374404568,12.507851512071172,13.03780964797914,0.8910351652697485,6,0.1,6456000.0,365,100.0,0.1182364729458917,0.374749498997996,0.1196172248803827,0.3397129186602871,6,1,2.4,Anna,2025-04,0.16895943880081177,0.1724440784404356,5.798981380189363
18474,2025-04-05,1800.0,0,19.0,6003,39,9,1,0.1666666666666666,0.4242424242424242,0.5727873977873978,12.653231030515396,13.123359580052494,0.937007639440624,14,0.2,4261000.0,365,100.0,0.1703675344563552,0.4383614088820827,0.15,0.4375,10,0,7.4,Ambrosia Gielle,2025-04,0.11544874558846156,0.1178297743020848,8.486819277411675
18473,2025-04-05,1900.0,0,19.0,6692,449,5,1,0.1071428571428571,0.2857142857142857,0.5176664605236033,12.275065686615214,12.88659793814433,0.8990465726391413,3,0.1,1475000.0,365,0.0,0.1856392294220665,0.4973730297723292,0.2152466367713004,0.5381165919282511,0,0,14.4,Excellence,2025-04,0.10558253526687622,0.09916703286865276,10.083996375332768
18482,2025-04-12,1900.0,0,17.0,6782,33,6,1,0.05,0.275,0.5098097041847043,12.3640163809397,12.87001287001287,0.9133692430664944,9,0.3,1748000.0,365,0.0,0.103875968992248,0.336046511627907,0.1123595505617977,0.4089887640449438,5,0,9.3,Downtown Girl M,2025-04,0.13452348361412683,0.16001082239604875,6.249577278747201
18482,2025-04-12,1900.0,0,17.0,6119,65,8,1,0.1379310344827586,0.396551724137931,0.5814636512912374,12.569002047641368,13.280212483399737,0.919754686048191,9,0.2,4130000.0,365,0.0,0.0978520286396181,0.2890811455847255,0.1403508771929824,0.3450292397660818,0,0,5.4,Firefly Shadow,2025-04,0.10558253526687622,0.12558661019493955,7.962632309668746
18482,2025-04-12,1900.0,0,17.0,6696,1640,5,1,0.0625,0.40625,0.5514486381673882,12.377348863282744,12.88659793814433,0.8924590797222147,10,0.2,1678000.0,365,0.0,0.0775862068965517,0.2629310344827586,0.1179487179487179,0.2871794871794871,2,0,16.3,Édes K,2025-04,0.08395494769016902,0.09986137634269883,10.0138816089241
18482,2025-04-12,1900.0,0,17.0,6507,110,6,0,0.0512820512820512,0.4358974358974359,0.4476107226107226,12.345380670569236,13.10615989515072,0.8737194297899137,3,0.2,1742000.0,365,0.0,0.1647714604236343,0.4133779264214047,0.1144578313253012,0.3313253012048193,5,0,3.4,Despasito,2025-04,0.19612541794776917,0.2332840971365966,4.286618814888451
18479,2025-04-12,1900.0,0,17.0,6731,255,6,1,0.6666666666666666,0.8333333333333334,0.8018518518518518,12.786760025211786,13.315579227696404,0.9360686025657868,22,0.2,4559000.0,365,0.0,0.3745294855708908,0.6737766624843162,0.4126984126984127,0.7936507936507936,12,1,2.4,Daytona Spav,2025-04,0.3132621943950653,0.14941378281089654,6.692822985852891
18479,2025-04-12,1900.0,0,17.0,6514,27,6,2,0.2777777777777778,0.5555555555555556,0.632260101010101,12.735055311025064,13.26259946949602,0.926566895671848,13,0.2,4423000.0,365,0.0,0.0603813559322033,0.229343220338983,0.1376146788990825,0.3990825688073394,7,0,2.4,El Valle Sagrado,2025-04,0.16492550571759543,0.07866299902180043,12.712457094635598
18479,2025-04-12,1900.0,0,17.0,7279,1901,7,2,0.3333333333333333,0.7777777777777778,0.7777777777777778,13.030108257780851,13.568521031207595,0.9716229301447185,9,0.0,6883612.0,321,0.0,0.2198952879581152,0.5445026178010471,0.5,1.0,0,0,2.1,Igor de Vrie,2025-04,0.5620833337306976,0.2680917092783606,3.7300668591795065
18481,2025-04-12,1800.0,0,18.0,7124,69,4,2,0.1818181818181818,0.1818181818181818,0.3659451659451659,12.282287298895824,12.61034047919294,0.9554896487048724,6,0.2,405000.0,182,100.0,0.0728100113765642,0.2559726962457337,0.1196172248803827,0.3397129186602871,7,0,28.3,Fess Fiú,2025-04,0.1030296857158343,0.07687728316071123,13.007743755844096
18479,2025-04-12,1900.0,0,17.0,7336,39,5,2,0.3636363636363636,0.4545454545454545,0.5909090909090909,13.060260395916576,13.513513513513514,0.9673509906078795,10,0.2,5678264.0,296,0.0,0.1703023344814389,0.4385763490241102,0.1176470588235294,0.4117647058823529,0,0,23.6,Extra George,2025-04,0.15602963169415793,0.07442001594553835,13.437245172479063
18479,2025-04-12,1900.0,0,17.0,7384,2237,5,1,0.6666666666666666,0.6666666666666666,0.6666666666666666,12.480425071902165,12.97016861219196,0.9636570457090372,15,0.1666666666666666,4943435.0,365,0.0,0.256198347107438,0.5041322314049587,0.1176470588235294,0.4117647058823529,0,0,29.7,Kasane du Hautvent,2025-04,0.18204926947752634,0.08683036286304575,11.516708752873257
18479,2025-04-12,1900.0,0,17.0,6261,2332,8,2,0.2,0.5,0.6638095238095238,12.718589269656412,13.495276653171391,0.8810105190222186,14,0.1,6375200.0,365,0.0,0.2,0.35,0.1236363636363636,0.4109090909090909,0,0,25.9,Be Happy,2025-04,0.15043275554974875,0.07175052549433625,13.93718015457513
18481,2025-04-12,1800.0,0,18.0,6983,2271,4,1,0.1538461538461538,0.3076923076923077,0.4251526251526251,12.14399159284033,12.468827930174562,0.9701134042571844,11,0.2,605000.0,364,100.0,0.1971830985915492,0.4366197183098591,0.1153846153846153,0.2788461538461538,9,1,21.2,Fondorlat,2025-04,0.10558253526687622,0.07878213355832805,12.693233285686892
18481,2025-04-12,1800.0,0,18.0,7060,635,4,0,0.375,0.5,0.5263888888888889,12.50370340678498,12.804097311139566,0.9675904875527306,12,0.25,560000.0,314,100.0,0.2043895747599451,0.4561042524005487,0.1335740072202166,0.296028880866426,5,0,5.3,Filthy Rich,2025-04,0.16099581122398376,0.12012965468313024,8.324339253598385
18481,2025-04-12,1800.0,0,18.0,7318,1791,4,1,0.0,0.2222222222222222,0.3271604938271605,12.262715992341525,12.43781094527363,0.986613190730838,6,0.4444444444444444,503410.0,216,100.0,0.1503267973856209,0.3660130718954248,0.2152466367713004,0.5381165919282511,3,0,85.0,Clearwater Belle,2025-04,0.08395494769016902,0.0626443557648152,15.96313008236984
18481,2025-04-12,1800.0,0,18.0,6995,1318,4,0,0.0,0.2222222222222222,0.4433915878360323,11.973415918165008,12.722646310432571,0.9104236090633588,6,0.3,774000.0,365,100.0,0.1743119266055046,0.4495412844036697,0.081081081081081,0.2702702702702703,0,0,42.5,Fany,2025-04,0.045651773611704506,0.03406381667916041,29.35666338915512
18482,2025-04-12,1900.0,0,17.0,6987,719,4,2,0.1176470588235294,0.4117647058823529,0.4748450895509719,12.673941696985612,13.003901170351105,0.965183444599466,12,0.0,1800000.0,365,0.0,0.1556372549019608,0.3995098039215686,0.1441441441441441,0.4504504504504504,7,0,2.8,Fabrice,2025-04,0.13707633316516876,0.1630473446830222,6.133187890573038
18479,2025-04-12,1900.0,0,17.0,6308,860,7,2,0.25,0.6346153846153846,0.606631562881563,12.808041539393503,13.333333333333334,0.8735735460509194,15,0.3,5646000.0,365,0.0,0.1622377622377622,0.4233100233100233,0.1236363636363636,0.4109090909090909,6,0,16.0,Csábító R.,2025-04,0.28284592429796857,0.1349064146843941,7.412545966323716
18482,2025-04-12,1900.0,0,17.0,6702,860,5,2,0.1785714285714285,0.3214285714285714,0.5869112038754896,12.46359746824526,13.089005235602093,0.9062831594516142,6,0.0,1535000.0,365,0.0,0.1622377622377622,0.4233100233100233,0.1236363636363636,0.4109090909090909,3,1,2.1,Ezigen,2025-04,0.18345218896865845,0.21820974924669412,4.582746662109324
18481,2025-04-12,1800.0,0,18.0,7149,33,4,1,0.1052631578947368,0.3684210526315789,0.395790612895876,12.047852878158896,12.56281407035176,0.9134570194858956,11,0.2,688000.0,336,100.0,0.103875968992248,0.336046511627907,0.1123595505617977,0.4089887640449438,9,0,14.1,Füge M,2025-04,0.08395494769016902,0.0626443557648152,15.96313008236984
18480,2025-04-12,1900.0,0,17.0,7193,33,3,1,0.1428571428571428,0.7142857142857143,0.6133786848072562,12.10927062053271,12.804097311139566,0.93542174094845,12,0.0,285000.0,252,0.0,0.103875968992248,0.336046511627907,0.1123595505617977,0.4089887640449438,6,0,25.6,Grazia,2025-04,0.1505554715792338,0.10347113691577847,9.664530900186799
18480,2025-04-12,1900.0,0,17.0,7108,2450,3,2,0.3333333333333333,1.0,0.9074074074074074,12.21182359923751,12.422360248447204,0.9830517997386196,11,0.0,350000.0,182,0.0,0.4,0.6444444444444445,0.4215686274509804,0.7254901960784313,2,1,6.9,Gotti,2025-04,0.20680218935012817,0.14212739945136146,7.035941020944508
18480,2025-04-12,1900.0,0,17.0,7103,138,3,1,0.0,0.5,0.4982638888888889,11.895998584175496,12.77139208173691,0.9090654583164678,9,0.0,265000.0,245,0.0,0.1284197631686402,0.3775010208248264,0.1058823529411764,0.3294117647058823,5,0,4.2,Grace Kelly,2025-04,0.15641463299592337,0.10749791911637673,9.302505650527102
18480,2025-04-12,1900.0,0,17.0,7106,1076,3,2,0.0,0.2857142857142857,0.5613945578231292,12.25027667307394,12.78772378516624,0.9508663739840636,5,0.0,265000.0,206,0.0,0.1192842942345924,0.3737574552683896,0.1196172248803827,0.3397129186602871,11,0,5.9,Gentleman Jack,2025-04,0.2522873630126317,0.1733876557695385,5.767423266447348
18480,2025-04-12,1900.0,0,17.0,7242,1138,3,1,0.0,0.6,0.5726984126984127,12.206268313068176,12.853470437017997,0.949647674756704,8,0.2,210000.0,206,0.0,0.3371647509578544,0.5862068965517241,0.081081081081081,0.2702702702702703,0,0,2.5,Golden Rose OZ,2025-04,0.10041368007659912,0.06901056155873415,14.490535613869923
18480,2025-04-12,1900.0,0,17.0,6982,635,4,0,0.1666666666666666,0.3333333333333333,0.5150913900913902,11.913810906412438,12.642225031605564,0.9198395326263092,11,0.3,340000.0,365,0.0,0.2043895747599451,0.4561042524005487,0.1335740072202166,0.296028880866426,9,0,9.6,Farkasfog,2025-04,0.15335452556610107,0.10539482188897707,9.488132168897256
18480,2025-04-12,1900.0,0,17.0,7082,1318,4,1,0.0769230769230769,0.3076923076923077,0.38009213009213,12.155028255342076,12.531328320802006,0.9579223155120437,7,0.2,385000.0,365,0.0,0.1743119266055046,0.4495412844036697,0.081081081081081,0.2702702702702703,0,0,8.5,Fire Bird,2025-04,0.08395494769016902,0.05769909121260187,17.33129550195746
18480,2025-04-12,1900.0,0,17.0,7086,1854,4,2,0.05,0.15,0.2343524531024531,11.85508003266765,12.43781094527363,0.9316338354577058,5,0.5,170000.0,365,0.0,0.0368020304568527,0.1522842639593908,0.0355555555555555,0.1377777777777777,8,0,7.6,Fakta,2025-04,0.07966538021961848,0.05475103214574013,18.264495860792724
18480,2025-04-12,1900.0,0,17.0,7168,1509,3,1,0.0,0.5,0.3981481481481481,11.871434093167688,12.285012285012284,0.9551129802451332,4,0.3333333333333333,269000.0,210,0.0,0.1557377049180328,0.4540983606557377,0.1811320754716981,0.4981132075471698,4,0,7.6,God save the Queen,2025-04,0.13707633316516876,0.09420742991317742,10.614874017066496
18480,2025-04-12,1900.0,0,17.0,7099,587,4,1,0.0,0.4444444444444444,0.5361832611832612,12.098047812957304,12.422360248447204,0.9588659067844516,5,0.0,365000.0,314,0.0,0.1078838174273859,0.3464730290456431,0.1376146788990825,0.3990825688073394,8,0,76.8,Fizető,2025-04,0.13452348361412683,0.09245295202771427,10.816312276326599
18481,2025-04-12,1800.0,0,18.0,7247,148,4,1,0.2222222222222222,0.6666666666666666,0.7771604938271605,12.343271136502365,12.88659793814433,0.9544333801918452,16,0.0,725000.0,365,100.0,0.1273857079449622,0.401242787394585,0.1082251082251082,0.3939393939393939,3,0,7.0,Fancy Jet,2025-04,0.0978922297557195,0.07304388646705587,13.690399681170009
18479,2025-04-12,1900.0,0,17.0,6472,2403,6,2,0.1428571428571428,0.3809523809523809,0.5402966742252456,12.602767074481251,13.123359580052494,0.8985459415640789,10,0.0,6067000.0,365,0.0,0.1,0.2857142857142857,0.1564245810055866,0.3407821229050279,7,0,44.6,Dumbledore,2025-04,0.28497980038324994,0.135924189901628,7.357042191855085
18481,2025-04-12,1800.0,0,18.0,7187,5,3,0,0.2,1.0,0.6977777777777778,12.30434870476,12.61034047919294,0.975734852287468,13,0.0,602000.0,182,100.0,0.218585005279831,0.4647759843113592,0.2441471571906354,0.4816053511705686,8,0,4.0,Genesis,2025-04,0.18967842559019724,0.14153165597140546,7.065557123150148
18485,2025-04-12,1800.0,0,18.0,6617,841,6,0,0.2093023255813953,0.4883720930232558,0.5956709956709957,12.68808962291332,13.10615989515072,0.9218412780042132,11,0.1,3386000.0,365,100.0,0.0952380952380952,0.2142857142857142,0.15,0.4375,8,0,12.3,Diófás,2025-04,0.1840002437432607,0.1632231627179457,6.1265814443752
18485,2025-04-12,1800.0,0,18.0,6165,33,8,1,0.2394366197183098,0.5352112676056338,0.5802872792309411,12.82101331194037,13.245033112582782,0.9004254163134569,5,0.4,9077000.0,365,100.0,0.103875968992248,0.336046511627907,0.1123595505617977,0.4089887640449438,5,0,26.5,Bűbájos,2025-04,0.17866762975851694,0.1584927009400889,6.3094388200123195
18485,2025-04-12,1800.0,0,18.0,5905,28,9,0,0.1827956989247312,0.5053763440860215,0.6550435227854583,12.704877339641287,13.26259946949602,0.9015243416546748,8,0.1,8935500.0,365,100.0,0.1425088052018423,0.3982660525602817,0.0780141843971631,0.3333333333333333,6,0,26.5,Adamo Fling,2025-04,0.2467765361070633,0.21891083342355352,4.5680699504952225
18485,2025-04-12,1800.0,0,18.0,5725,1408,10,2,0.3103448275862069,0.5172413793103449,0.5894864075898558,12.758633703051336,13.280212483399737,0.9073577980352886,5,0.2,10440000.0,365,100.0,0.1320293398533007,0.4034229828850856,0.1196172248803827,0.3397129186602871,0,0,18.5,Zente,2025-04,0.22062069674332938,0.19570847924380502,5.109640644410935
18477,2025-04-12,1900.0,0,18.0,6783,5,5,0,0.5652173913043478,0.7391304347826086,0.7451690821256038,12.937514734355172,13.404825737265416,0.938060210841498,21,0.2,20210000.0,365,0.0,0.218585005279831,0.4647759843113592,0.2441471571906354,0.4816053511705686,12,1,1.2,Enjoy,2025-04,0.3792383372783661,0.2349459785886773,4.2562975795840785
18477,2025-04-12,1900.0,0,18.0,6318,255,8,2,0.4107142857142857,0.75,0.7678429705215419,13.037097704648144,13.58695652173913,0.8868411293083052,13,0.3,25830000.0,365,0.0,0.3745294855708908,0.6737766624843162,0.4126984126984127,0.7936507936507936,11,0,3.2,Bonaparte Boss,2025-04,0.18746553361415863,0.11613876793869071,8.610389258889821
18477,2025-04-12,1900.0,0,18.0,7163,110,8,2,0.2142857142857142,0.5,0.530045351473923,13.073035209929383,13.831258644536652,0.9624283278878526,8,0.0,12908902.0,365,0.0,0.1647714604236343,0.4133779264214047,0.1144578313253012,0.3313253012048193,2,0,19.4,Zacapa U.S.,2025-04,0.28284592429796857,0.17522888891169086,5.706821553288308
18477,2025-04-12,1900.0,0,18.0,6903,1401,7,1,0.3666666666666666,0.8,0.7927513227513228,13.252191967624643,13.79310344827586,0.9692821797764792,10,0.1,18706200.0,365,0.0,0.2348578491965389,0.5599505562422744,0.2152466367713004,0.5381165919282511,2,0,6.6,Cardenas Baba,2025-04,0.29264868795871735,0.18130190335869184,5.515661895846604
18485,2025-04-12,1800.0,0,18.0,6624,138,6,1,0.2857142857142857,0.6857142857142857,0.7225273139558854,12.640318684474794,13.10615989515072,0.8934047580845881,7,0.1,5279000.0,365,100.0,0.1284197631686402,0.3775010208248264,0.1058823529411764,0.3294117647058823,2,0,1.0,My Dyla LV,2025-04,0.1627038891116778,0.14433156623625762,6.928491293187321
18477,2025-04-12,1900.0,0,18.0,6954,860,6,0,0.3529411764705882,0.5588235294117647,0.657609710550887,13.072572233161038,13.531799729364003,0.963734577608923,20,0.2,12972180.0,365,0.0,0.1622377622377622,0.4233100233100233,0.2441471571906354,0.4816053511705686,7,0,9.3,Palace Bo,2025-04,0.20661928753058115,0.12800491388225724,7.812200091942017
18484,2025-04-12,1960.0,0,18.0,7171,110,7,2,0.0,0.3181818181818182,0.4555194805194805,12.7503050790999,13.297872340425531,0.9778093513101728,3,0.0,4481660.0,365,60.0,0.1647714604236343,0.4133779264214047,0.1144578313253012,0.3313253012048193,6,1,6.3,Peter Piper,2025-04,0.11144474272926648,0.14927540763983235,6.699027092344459
18484,2025-04-12,1960.0,0,18.0,5960,860,9,1,0.1791044776119403,0.4328358208955223,0.6181699726475846,12.65477964079624,13.245033112582782,0.9143254789563224,16,0.1,7457400.0,365,60.0,0.1622377622377622,0.4233100233100233,0.1236363636363636,0.4109090909090909,1,0,3.5,Ann Bella M,2025-04,0.1030296857158343,0.13800380311879973,7.246177115417291
18484,2025-04-12,1960.0,0,18.0,5288,32,12,2,0.1693548387096774,0.3870967741935484,0.5511386910580459,12.470558146335163,12.987012987012989,0.8527131782945737,1,0.6,7940500.0,365,60.0,0.0628321350422006,0.2788371366051891,0.1123595505617977,0.4089887640449438,6,0,1.4,Usain,2025-04,0.08133894205093384,0.10894999112826942,9.178523005317881
18484,2025-04-12,1960.0,0,18.0,6438,1640,6,0,0.1282051282051282,0.282051282051282,0.5364348614348615,12.469279162187204,12.88659793814433,0.9376524865359366,15,0.0,2753000.0,365,60.0,0.0775862068965517,0.2629310344827586,0.1179487179487179,0.2871794871794871,1,0,10.3,Danny DeVito,2025-04,0.11427795390288036,0.15307037133675938,6.532942928582633
18484,2025-04-12,1960.0,0,18.0,6679,841,10,1,0.1428571428571428,0.2142857142857142,0.4785856009070294,12.588015695000026,13.477088948787062,0.9862385321100916,0,0.3,7176200.0,365,60.0,0.0952380952380952,0.2142857142857142,0.0833333333333333,0.2794117647058823,1,0,55.0,Inforgettable,2025-04,0.11544874558846156,0.15463859610758623,6.466690885529465
18484,2025-04-12,1960.0,0,18.0,5504,2527,11,2,0.174757281553398,0.4077669902912621,0.5660491881365668,12.644481487136533,13.227513227513228,0.9214285400749652,15,0.2,9131000.0,365,60.0,0.0,0.0,0.0793650793650793,0.3968253968253968,0,0,11.0,Vakarcs RG,2025-04,0.13707633316516876,0.18360781325246386,5.446391317917299
18484,2025-04-12,1960.0,0,18.0,6442,1408,6,1,0.0566037735849056,0.2830188679245283,0.402298592392932,12.341130895998502,12.87001287001287,0.8860845603238185,7,0.2,2172000.0,365,60.0,0.1320293398533007,0.4034229828850856,0.1196172248803827,0.3397129186602871,0,0,6.8,Dulcinea del Toboso,2025-04,0.08395494769016902,0.11245401741628903,8.892523566304794
18481,2025-04-12,1800.0,0,18.0,6992,620,4,2,0.0454545454545454,0.2727272727272727,0.4045224977043158,12.096865860679417,12.88659793814433,0.8828625235404897,0,0.3,720000.0,365,100.0,0.1557377049180328,0.4426229508196721,0.0793650793650793,0.3968253968253968,2,0,5.6,Finiselj!,2025-04,0.16130096962054571,0.12035735360600248,8.308590792662027
18477,2025-04-12,1900.0,0,18.0,6855,33,5,1,0.25,0.5,0.5387276785714286,12.824689008737108,13.245033112582782,0.944273566317,11,0.2,13725000.0,365,0.0,0.103875968992248,0.336046511627907,0.2441471571906354,0.4816053511705686,0,0,19.4,Eternity Bar,2025-04,0.14988470077514648,0.09285666621104217,10.769286049180643
18485,2025-04-12,1800.0,0,18.0,6331,635,7,0,0.1923076923076923,0.5384615384615384,0.6381181318681318,12.820042240076594,13.368983957219251,0.93040529204466,15,0.0,6786400.0,365,100.0,0.2043895747599451,0.4561042524005487,0.1335740072202166,0.296028880866426,5,1,11.6,Charming Boy,2025-04,0.13452348361412683,0.11933325743834916,8.37989359769742
18477,2025-04-12,1900.0,0,18.0,7332,2036,11,0,0.25,0.5,0.6805555555555556,13.115653605313598,13.75515818431912,0.9688094106557776,10,0.0,23442566.0,365,0.0,0.04,0.12,0.1564245810055866,0.3407821229050279,0,0,71.4,Vulcano NP,2025-04,0.11544874558846156,0.07152288110894969,13.981539676466829
18483,2025-04-12,1800.0,0,18.0,6378,100,7,2,0.1052631578947368,0.2894736842105263,0.433599149388623,12.37071371523203,12.78772378516624,0.9291069580626344,5,0.4,1600000.0,365,100.0,0.0618556701030927,0.2061855670103092,0.1058823529411764,0.3294117647058823,0,0,18.7,Chesterfield,2025-04,0.08133894205093384,0.10853787700900486,9.213373502017502
18481,2025-04-12,1800.0,0,18.0,7110,1076,3,1,0.1428571428571428,0.5714285714285714,0.4376417233560091,11.924829544893,12.330456226880395,0.9640154041383922,12,0.0,688000.0,314,100.0,0.1192842942345924,0.3737574552683896,0.1196172248803827,0.3397129186602871,1,0,42.5,Guinevere,2025-04,0.06525961682200432,0.04869452921774463,20.536187864726145
18483,2025-04-12,1800.0,0,18.0,5564,2271,11,2,0.2954545454545454,0.5227272727272727,0.6200642791551882,12.750903874812517,13.351134846461948,0.8613292228435386,4,0.3,8250000.0,365,100.0,0.1971830985915492,0.4366197183098591,0.1403508771929824,0.3450292397660818,0,0,1.2,Valentino,2025-04,0.1690909080207348,0.2256332294880735,4.431971311445763
18481,2025-04-12,1800.0,0,18.0,6924,28,4,2,0.0666666666666666,0.3333333333333333,0.4062914862914863,12.258190166579068,12.642225031605564,0.9389844503639874,5,0.4,545000.0,365,100.0,0.1425088052018423,0.3982660525602817,0.0780141843971631,0.3333333333333333,0,0,17.0,Felix Charme,2025-04,0.08133894205093384,0.06069238042023165,16.476532854306246
18481,2025-04-12,1800.0,0,18.0,7177,2450,4,1,0.6,1.0,0.931818181818182,12.452517797522646,12.87001287001287,0.9675606328675096,21,0.0,650000.0,217,100.0,0.4,0.6444444444444445,0.4215686274509804,0.7254901960784313,1,0,2.2,Senorita,2025-04,0.16154386599858603,0.12053859470659964,8.29609804589209
18478,2025-04-12,1900.0,0,18.0,6986,5,4,0,0.875,1.0,0.9236111111111112,12.645514299160258,12.87001287001287,0.9769217100684724,23,0.0,1600000.0,365,0.0,0.218585005279831,0.4647759843113592,0.2441471571906354,0.4816053511705686,3,1,1.5,Face to face,2025-04,0.33986111481984455,0.21382390942734414,4.67674547097266
18478,2025-04-12,1900.0,0,18.0,6928,148,4,2,0.0909090909090909,0.3181818181818182,0.5579857011675193,12.516767897536068,13.020833333333334,0.9103575083863276,4,0.1,2217000.0,365,0.0,0.1273857079449622,0.401242787394585,0.1082251082251082,0.3939393939393939,1,0,9.5,Fenegyerek,2025-04,0.18886845310529074,0.11882674789634456,8.415613636689983
18478,2025-04-12,1900.0,0,18.0,6727,635,6,0,0.0769230769230769,0.3333333333333333,0.4041615791615792,12.335319254986585,13.003901170351105,0.8841981667236901,4,0.2,1747000.0,365,0.0,0.2043895747599451,0.4561042524005487,0.1335740072202166,0.296028880866426,11,0,34.9,Västerbo No Edge,2025-04,0.147174671292305,0.09259506960979186,10.799711088442777
18478,2025-04-12,1900.0,0,18.0,7289,1138,5,0,0.125,0.625,0.6830808080808081,12.630950955716258,13.020833333333334,0.9755652109524132,5,0.125,2113718.0,321,0.0,0.3371647509578544,0.5862068965517241,0.0,0.5,0,0,17.4,Sinatra A.T.,2025-04,0.08133894205093384,0.05117446456689883,19.54099585532019
18478,2025-04-12,1900.0,0,18.0,7186,860,3,1,0.75,1.0,0.875,12.202874065751375,12.515644555694616,0.975009637853535,17,0.0,1850000.0,217,0.0,0.1622377622377622,0.4233100233100233,0.2441471571906354,0.4816053511705686,3,0,10.4,Gina Fling,2025-04,0.11544874558846156,0.0726346764715735,13.767528797231757
18478,2025-04-12,1900.0,0,18.0,7255,1509,5,2,0.5,0.9,0.9046717171717172,12.85764659003458,13.054830287206268,0.9853756841778428,20,0.0,1817464.0,365,0.0,0.1557377049180328,0.4540983606557377,0.1811320754716981,0.4981132075471698,6,0,14.9,Top Hill,2025-04,0.26067424813906354,0.16400342490983194,6.097433639265727
18478,2025-04-12,1900.0,0,18.0,6878,110,5,1,0.28,0.36,0.4827922077922078,12.505554637970992,13.123359580052494,0.8756291541200957,5,0.5,1865000.0,365,0.0,0.1647714604236343,0.4133779264214047,0.1144578313253012,0.3313253012048193,7,0,4.9,Éden Evo,2025-04,0.20875316361586252,0.13133723042523077,7.613987265928316
18478,2025-04-12,1900.0,0,18.0,6943,255,5,1,0.4,0.55,0.629760101010101,12.543668919527546,13.003901170351105,0.9054277181531576,10,0.3,2413000.0,365,0.0,0.3745294855708908,0.6737766624843162,0.4126984126984127,0.7936507936507936,7,0,3.6,Elizabeth Boss,2025-04,0.24732459088166556,0.1556044766929844,6.426550323311399
18483,2025-04-12,1800.0,0,18.0,6703,2237,5,0,0.1176470588235294,0.2941176470588235,0.4186773194126135,12.4914878734854,13.054830287206268,0.9000945560003086,6,0.7,1827000.0,365,100.0,0.256198347107438,0.5041322314049587,0.0780141843971631,0.3333333333333333,1,1,6.2,Etalon N,2025-04,0.08395494769016902,0.11202864897095603,8.926288134200876
18483,2025-04-12,1800.0,0,18.0,6305,1778,7,2,0.1538461538461538,0.3653846153846153,0.4618457930957931,12.59981423861118,13.020833333333334,0.9122179204632224,10,0.4,2956000.0,365,100.0,0.04,0.19,0.1236363636363636,0.4109090909090909,5,0,6.2,Csikós,2025-04,0.1314807335535685,0.17544658594839838,5.699740434357132
18483,2025-04-12,1800.0,0,18.0,6343,1023,7,2,0.074074074074074,0.3888888888888889,0.5913192774303886,12.49329862467923,12.9366106080207,0.9242660594569756,16,0.0,2622000.0,365,100.0,0.081967213114754,0.2459016393442623,0.1376146788990825,0.3990825688073394,4,0,18.7,Chicago,2025-04,0.13847925265630087,0.1847853403809539,5.411684703658838
18483,2025-04-12,1800.0,0,18.0,6080,236,8,1,0.1724137931034483,0.4310344827586206,0.6107715081853013,12.43147596232467,12.82051282051282,0.9368667577956744,13,0.1,4440000.0,365,100.0,0.044776119402985,0.2014925373134328,0.1058823529411764,0.3294117647058823,0,0,6.2,Boszi,2025-04,0.11698798338572185,0.15610760396047224,6.405837862025019
18483,2025-04-12,1800.0,0,18.0,6051,2232,8,1,0.0319148936170212,0.2234042553191489,0.4380200178072518,12.339068526681228,12.9366106080207,0.929879082092774,13,0.1,3041440.0,365,100.0,0.1632653061224489,0.3265306122448979,0.0355555555555555,0.1377777777777777,0,0,18.7,Briliáns BD,2025-04,0.020981087659796078,0.02799695514244707,35.7181698835481
18483,2025-04-12,1800.0,0,18.0,5730,1854,12,2,0.075187969924812,0.2330827067669172,0.4649111957382634,12.313636634754136,12.853470437017997,0.965203264304312,7,0.0,4805540.0,365,100.0,0.0368020304568527,0.1522842639593908,0.0355555555555555,0.1377777777777777,1,0,37.4,Magic Bucks,2025-04,0.007092198356986046,0.00946375909969412,105.66625687168234
18493,2025-04-26,1960.0,0,20.0,5906,28,9,1,0.1702127659574468,0.6276595744680851,0.6936381290104695,12.706188383955215,13.386880856760374,0.8710076069205591,6,0.0,10826440.0,365,60.0,0.1424316274031952,0.3980503655564582,0.0780141843971631,0.3333333333333333,10,0,2.8,Anybody,2025-04,0.1787701149781545,0.17579643128903885,5.688397612325998
18493,2025-04-26,1960.0,0,20.0,6023,148,9,0,0.202127659574468,0.5212765957446809,0.6766801756163459,12.710645144277072,13.315579227696404,0.906803376845769,6,0.2,10512100.0,365,60.0,0.1272727272727272,0.401330376940133,0.1082251082251082,0.3939393939393939,6,0,7.2,Acélos Fiú,2025-04,0.22942123313744864,0.22560501262989344,4.432525626726685
18493,2025-04-26,1960.0,0,20.0,6780,1509,5,0,0.2068965517241379,0.4482758620689655,0.6288451012588944,12.718405334202464,13.333333333333334,0.8953040709077938,12,0.1,8382000.0,365,60.0,0.1552287581699346,0.4542483660130719,0.1811320754716981,0.4981132075471698,1,0,5.8,Eternal Flame,2025-04,0.13452348361412683,0.13228580373639542,7.559390136773027
18493,2025-04-26,1960.0,0,20.0,7173,110,7,1,0.0,0.0769230769230769,0.3017094017094017,12.904842290168112,13.26259946949602,0.9768228973907672,2,0.0,7301970.0,365,60.0,0.1648474047672087,0.4134551124972154,0.1144578313253012,0.3313253012048193,7,1,3.8,Jula Netprice,2025-04,0.08133894205093384,0.0799859402625961,12.502197220123584
18489,2025-04-26,1900.0,0,19.0,7321,2271,6,1,1.0,1.0,1.0,12.254901960784316,12.254901960784316,1.0,5,0.0,0.0,14,0.0,0.2068965517241379,0.4413793103448276,0.1811320754716981,0.4981132075471698,1,0,5.2,Joy du Bosquet,2025-04,0.19212653736273447,0.1347732565420653,7.419869680806303
18489,2025-04-26,1900.0,0,19.0,7189,33,3,1,0.0,0.1428571428571428,0.2005772005772005,11.616073867639177,12.12121212121212,0.9530939381946076,3,0.1428571428571428,25000.0,259,0.0,0.1037553232675183,0.3358497870692992,0.1123595505617977,0.4089887640449438,11,0,13.5,Galatea,2025-04,0.08133894205093384,0.0570577820969826,17.526093080524475
18489,2025-04-26,1900.0,0,19.0,7188,5,3,2,0.25,0.25,0.3645833333333333,11.47265364936482,11.918951132300355,0.9625556411817084,5,0.25,0.0,210,0.0,0.2187876960193003,0.4648673100120627,0.2441471571906354,0.4816053511705686,6,0,14.9,Győcike,2025-04,0.20661928753058115,0.1449396560576281,6.899423023347036
18493,2025-04-26,1960.0,0,20.0,7342,2036,8,1,0.0,0.2222222222222222,0.345679012345679,13.112890787255468,13.774104683195594,0.9587509295952568,5,0.2222222222222222,11865123.0,365,60.0,0.0384615384615384,0.1153846153846153,0.1564245810055866,0.3407821229050279,1,0,17.6,Bargecchia DR,2025-04,0.08228138585885365,0.08091270734636176,12.358998144992425
18489,2025-04-26,1900.0,0,19.0,7201,2125,3,1,0.2857142857142857,0.2857142857142857,0.5136054421768708,11.66966695363829,12.18026796589525,0.9427742472453172,11,0.1428571428571428,65000.0,161,0.0,0.0215827338129496,0.1654676258992805,0.1058823529411764,0.3294117647058823,0,0,108.1,Renebell BD,2025-04,0.0756613773604234,0.053075074174007496,18.841236033349357
18493,2025-04-26,1960.0,0,20.0,7308,1401,6,1,0.0,0.2727272727272727,0.4838383838383838,13.026504000726396,13.58695652173913,0.9731272746276506,8,0.1,9778997.0,365,60.0,0.2345679012345679,0.5592592592592592,0.2152466367713004,0.5381165919282511,0,0,5.7,Ducky Baba,2025-04,0.10182717194159825,0.10013336646215047,9.986681116708397
18490,2025-04-26,1800.0,0,20.0,7269,2450,3,1,0.5,0.75,0.825,12.084062956482928,12.31527093596059,0.9812259120664136,14,0.0,581000.0,168,100.0,0.3958333333333333,0.6458333333333334,0.4215686274509804,0.7254901960784313,5,0,3.8,Gloria Estefan A.T.,2025-04,0.13606272141138712,0.10345651507333117,9.665896819462635
18490,2025-04-26,1800.0,0,20.0,7118,1492,4,2,0.25,0.3333333333333333,0.4661616161616161,11.914559737874264,12.224938875305623,0.951889019570666,13,0.1,418000.0,322,100.0,0.09375,0.3569078947368421,0.1058823529411764,0.3294117647058823,2,1,8.0,Ferrari,2025-04,0.10390897343556087,0.07900812334913945,12.656926371747467
18490,2025-04-26,1800.0,0,20.0,7124,69,4,2,0.1666666666666666,0.25,0.4036315536315536,12.347513550426292,12.804097311139566,0.9410307889514568,6,0.2,465000.0,196,100.0,0.0727686185332575,0.2563956793632745,0.1196172248803827,0.3397129186602871,6,0,23.1,Fess Fiú,2025-04,0.10558253526687622,0.08028063115312593,12.4563046607421
18490,2025-04-26,1800.0,0,20.0,7318,1791,4,1,0.0,0.2,0.3671717171717171,12.347495340574088,12.77139208173691,0.9608434432117486,6,0.4,543410.0,230,100.0,0.1493506493506493,0.3636363636363636,0.2152466367713004,0.5381165919282511,2,0,7.4,Clearwater Belle,2025-04,0.0978922297557195,0.07443323812893407,13.434858204983492
18490,2025-04-26,1800.0,0,20.0,7176,719,3,0,0.5,0.75,0.71875,12.016724100291288,12.422360248447204,0.9673462900734486,13,0.0,525000.0,220,100.0,0.1554467564259486,0.4002447980416156,0.1441441441441441,0.4504504504504504,4,0,5.4,Get Lucky,2025-04,0.1137751837571462,0.08650998518362077,11.559359279480416
18490,2025-04-26,1800.0,0,20.0,6912,1401,4,1,0.375,0.375,0.4583333333333333,12.43419650867652,12.69035532994924,0.962781954887218,6,0.5,523717.0,354,100.0,0.2345679012345679,0.5592592592592592,0.2152466367713004,0.5381165919282511,4,0,2.2,Fiona TIM,2025-04,0.1840002437432607,0.1399062417160218,7.147643934498469
18490,2025-04-26,1800.0,0,20.0,7104,2403,4,2,0.0909090909090909,0.3636363636363636,0.4387150728059819,12.07182206473612,12.484394506866415,0.9427687753555216,4,0.2,565000.0,231,100.0,0.0985915492957746,0.2816901408450704,0.1564245810055866,0.3407821229050279,7,0,11.9,Florentin,2025-04,0.08395494769016902,0.06383590024579498,15.66516640557399
18490,2025-04-26,1800.0,0,20.0,7370,138,4,2,0.0,0.2857142857142857,0.5555555555555556,12.633643777171477,12.97016861219196,0.974231280111626,7,0.0,554669.0,286,100.0,0.1283149734802121,0.3778049775601795,0.1058823529411764,0.3294117647058823,12,0,37.9,Another Star,2025-04,0.15615107119083405,0.1187308726651658,8.422409248352032
18490,2025-04-26,1800.0,0,20.0,7330,620,5,1,0.1,0.2,0.2263888888888889,12.370778830830329,12.642225031605564,1.0,0,0.6,250000.0,365,100.0,0.1544715447154471,0.4390243902439024,0.0793650793650793,0.3968253968253968,4,0,37.9,Emilia Adri,2025-04,0.16437745094299316,0.12498587456428974,8.000904130055305
18490,2025-04-26,1800.0,0,20.0,6982,635,4,0,0.1538461538461538,0.3076923076923077,0.5174270174270175,12.003681506859118,12.722646310432571,0.9140251234440948,11,0.3,340000.0,365,100.0,0.2044520547945205,0.4561643835616438,0.1335740072202166,0.296028880866426,8,0,18.1,Farkasfog,2025-04,0.14848178128401437,0.11289945904491586,8.857438365600677
18489,2025-04-26,1900.0,0,19.0,7112,138,4,0,1.0,1.0,1.0,11.7096018735363,11.7096018735363,1.0,5,0.0,0.0,21,0.0,0.1283149734802121,0.3778049775601795,0.1058823529411764,0.3294117647058823,0,0,9.0,Ferrum Boy,2025-04,0.13452348361412683,0.09436576652515898,10.597063287070197
18493,2025-04-26,1960.0,0,20.0,6464,5,6,0,0.2619047619047619,0.5714285714285714,0.6303287981859411,12.813855163427622,13.422818791946307,0.9222907215098544,16,0.1,11687000.0,365,60.0,0.2187876960193003,0.4648673100120627,0.2441471571906354,0.4816053511705686,1,0,3.0,Dolomit Boy,2025-04,0.20875316361586252,0.20528073827356388,4.871377648044928
18489,2025-04-26,1900.0,0,19.0,7109,635,3,1,0.0,0.6666666666666666,0.5833333333333334,12.225231203333394,12.285012285012284,0.9951338199513384,5,0.3333333333333333,60000.0,77,0.0,0.2044520547945205,0.4561643835616438,0.1335740072202166,0.296028880866426,10,0,2.4,Gaya T Boko,2025-04,0.16484648982683817,0.11563680149788971,8.647765997040738
18489,2025-04-26,1900.0,0,19.0,7130,255,3,2,0.0,1.0,0.6666666666666667,12.239902080783354,12.239902080783354,1.0,3,0.0,0.0,14,0.0,0.3742177722152691,0.6739674593241552,0.4126984126984127,0.7936507936507936,9,0,2.5,Giovanni Fling,2025-04,0.3175233652194341,0.22273684076252492,4.48960305163962
18490,2025-04-26,1800.0,0,20.0,7199,1854,3,1,0.0,0.375,0.4638888888888889,11.70957254897536,12.34567901234568,0.9266713962017432,6,0.0,520000.0,259,100.0,0.0367088607594936,0.1518987341772152,0.0355555555555555,0.1377777777777777,6,0,11.2,Gingerly KJ,2025-04,0.020981087659796078,0.01595315887566038,62.68351038148895
18488,2025-04-26,1900.0,0,19.0,7309,110,3,1,0.0,0.3333333333333333,0.4682539682539682,11.518925557049927,11.918951132300355,0.966437854236489,4,0.0,40000.0,133,0.0,0.1648474047672087,0.4134551124972154,0.1144578313253012,0.3313253012048193,7,1,2.8,Goldina Amok,2025-04,0.08133894205093384,0.0933950235910209,10.707208602238
18488,2025-04-26,1900.0,0,19.0,7194,33,3,1,0.0,0.0,0.0833333333333333,11.746639331357027,12.1654501216545,0.9655737530375476,3,0.0,0.0,203,0.0,0.1037553232675183,0.3358497870692992,0.1123595505617977,0.4089887640449438,11,0,22.5,Gyémánt Lady,2025-04,0.08133894205093384,0.0933950235910209,10.707208602238
18488,2025-04-26,1900.0,0,19.0,7125,69,4,1,0.0,0.5,0.0,11.689170540284255,11.72332942555686,0.997086247086247,2,0.0,0.0,63,0.0,0.0727686185332575,0.2563956793632745,0.1196172248803827,0.3397129186602871,3,0,50.6,Florenza,2025-04,0.08395494769016902,0.096398774343491,10.373575875941846
18488,2025-04-26,1900.0,0,19.0,7200,2125,3,1,0.0,0.2,0.1977777777777777,11.687889303197636,12.224938875305623,0.9560693450015666,4,0.0,56000.0,220,0.0,0.0215827338129496,0.1654676258992805,0.1058823529411764,0.3294117647058823,2,0,40.5,Icibell BD,2025-04,0.1030296857158343,0.1183007755618496,8.453029959023247
18488,2025-04-26,1900.0,0,19.0,7086,1854,4,2,0.0476190476190476,0.1428571428571428,0.2361798254655397,11.908055570177284,12.43781094527363,0.9316338354577058,5,0.5,170000.0,365,0.0,0.0367088607594936,0.1518987341772152,0.0355555555555555,0.1377777777777777,7,0,22.5,Fakta,2025-04,0.07966538021961848,0.0914734059405374,10.932139125223493
18489,2025-04-26,1900.0,0,19.0,7329,2527,5,1,0.0,0.2,0.3888888888888889,12.194151497142345,12.61034047919294,0.9669962137233876,2,0.2,85000.0,184,0.0,0.0,0.0,0.0793650793650793,0.3968253968253968,10,0,7.3,Exclusive Adri,2025-04,0.1030296857158343,0.07227344257088457,13.83634104628705
18488,2025-04-26,1900.0,0,19.0,7241,635,3,0,0.0,0.4,0.3333333333333333,11.896960410225129,12.658227848101266,0.9398598724077852,5,0.0,60000.0,224,0.0,0.2044520547945205,0.4561643835616438,0.1335740072202166,0.296028880866426,2,0,2.1,Gigant Ris,2025-04,0.11544874558846156,0.1325605920843711,7.5437200775591595
18488,2025-04-26,1900.0,0,19.0,7244,2139,3,1,0.0,0.6666666666666666,0.2698412698412699,11.549626391520905,11.77856301531213,0.9805632806401248,5,0.0,0.0,203,0.0,0.0588235294117647,0.2352941176470588,0.1335740072202166,0.296028880866426,0,0,67.5,Coco,2025-04,0.07733493919173877,0.08879754626879471,11.261572442249124
18488,2025-04-26,1900.0,0,19.0,7116,175,3,1,0.0,1.0,0.1666666666666666,11.547851660053624,11.947431302270012,0.9665551839464884,5,0.0,0.0,21,0.0,0.0807453416149068,0.2639751552795031,0.0973451327433628,0.3716814159292035,8,0,10.1,Golden Girl,2025-04,0.16484648982683817,0.18928008427542342,5.283176007809092
18496,2025-04-26,1900.0,0,19.0,5564,449,11,2,0.2921348314606741,0.5168539325842697,0.613097264782658,12.750903874812517,13.351134846461948,0.8613292228435386,4,0.3,8250000.0,365,0.0,0.1853146853146853,0.4982517482517482,0.1403508771929824,0.3450292397660818,0,1,11.4,Valentino,2025-04,0.282939188182354,0.23352453322981698,4.282205326221021
18496,2025-04-26,1900.0,0,19.0,6702,2260,5,2,0.2068965517241379,0.3448275862068966,0.6011556451211624,12.481689294814784,13.089005235602093,0.9062831594516142,6,0.0,1785000.0,365,0.0,0.2888888888888888,0.5777777777777777,0.1236363636363636,0.4109090909090909,0,0,3.5,Ezigen,2025-04,0.14997288584709167,0.12378047872958074,8.078818326310307
18496,2025-04-26,1900.0,0,19.0,6342,2223,7,2,0.1379310344827586,0.4655172413793103,0.5847769567597154,12.672383755186669,13.14060446780552,0.9009068043951408,10,0.3,4409000.0,365,0.0,0.1666666666666666,0.3333333333333333,0.1196172248803827,0.3397129186602871,3,0,3.2,Carlos Fox,2025-04,0.147174671292305,0.12147096567845016,8.232419940145478
18496,2025-04-26,1900.0,0,19.0,6770,1463,5,2,0.36,0.4,0.5968961038961038,12.409065221165427,12.919896640826872,0.9452122954404152,19,0.0,1770000.0,365,0.0,0.1464646464646464,0.4267676767676767,0.1376146788990825,0.3990825688073394,1,0,2.3,Top of Climb,2025-04,0.26067424813906354,0.21514811190620645,4.6479608449269065
18496,2025-04-26,1900.0,0,19.0,6877,1563,6,1,0.1219512195121951,0.3902439024390244,0.5672086720867209,12.57359878588156,13.003901170351105,0.933924972108228,18,0.1,2374000.0,365,0.0,0.090566037735849,0.4377358490566038,0.0780141843971631,0.3333333333333333,0,0,20.4,Petra La Roque,2025-04,0.08133894205093384,0.06713328965802162,14.89573958157005
18496,2025-04-26,1900.0,0,19.0,6546,1398,7,2,0.131578947368421,0.3157894736842105,0.4611006683375104,12.478770648554333,13.020833333333334,0.93419898329388,5,0.3,2248040.0,365,0.0,0.1808510638297872,0.5070921985815603,0.1196172248803827,0.3397129186602871,0,0,11.4,Count Basie AT,2025-04,0.16484648982683817,0.13605644321908397,7.349890797819525
18496,2025-04-26,1900.0,0,19.0,6153,2401,8,2,0.1836734693877551,0.3469387755102041,0.5290146361574933,12.380349663293815,12.9366106080207,0.9349530889517428,6,0.2,2523000.0,365,0.0,0.16,0.36,0.1153846153846153,0.2788461538461538,0,0,4.2,Bing Crosby AT,2025-04,0.1246572732925415,0.10288617757883996,9.719478588207018
18489,2025-04-26,1900.0,0,19.0,7175,2139,4,2,0.1666666666666666,0.1666666666666666,0.1666666666666666,11.637011637011636,12.285012285012284,1.0,5,0.6666666666666666,0.0,259,0.0,0.0588235294117647,0.2352941176470588,0.1335740072202166,0.296028880866426,2,1,11.0,Fearless ASM,2025-04,0.14988470077514648,0.10514137977285828,9.51100320502114
18488,2025-04-26,1900.0,0,19.0,7059,138,3,1,0.0,0.0,0.0,11.806375442739078,11.806375442739078,1.0,1,0.0,0.0,14,0.0,0.1283149734802121,0.3778049775601795,0.1058823529411764,0.3294117647058823,5,0,2.4,Gatto,2025-04,0.08395494769016902,0.096398774343491,10.373575875941846
18491,2025-04-26,1900.0,0,20.0,6944,2271,5,1,0.6363636363636364,0.6363636363636364,0.6821854912764004,12.355022631332089,13.123359580052494,0.9062583092880564,10,0.1,1250000.0,365,0.0,0.2068965517241379,0.4413793103448276,0.1811320754716981,0.4981132075471698,2,1,2.6,Euphoria,2025-04,0.18967842559019724,0.12217930755342996,8.184691991012409
18494,2025-04-26,1960.0,0,20.0,6690,1064,5,1,0.037037037037037,0.4444444444444444,0.4637004970338303,12.261075174602526,12.77139208173691,0.8979042786560929,4,0.3,1137000.0,365,60.0,0.0982019363762102,0.272475795297372,0.0833333333333333,0.2794117647058823,10,0,16.8,Enterprise,2025-04,0.11544874558846156,0.11576643525640908,8.638082340404775
18491,2025-04-26,1900.0,0,20.0,7085,1509,5,0,0.1538461538461538,0.5384615384615384,0.6943167943167943,12.433827939287712,12.82051282051282,0.9469546274609052,14,0.1,940000.0,365,0.0,0.1552287581699346,0.4542483660130719,0.1811320754716981,0.4981132075471698,5,0,6.0,El Nino N,2025-04,0.16492550571759543,0.10623498177916371,9.413095227697719
18492,2025-04-26,1800.0,0,18.0,7186,33,3,1,0.6,0.8,0.775,12.306828514687616,12.722646310432571,0.9673167212544465,17,0.0,1850000.0,231,100.0,0.1037553232675183,0.3358497870692992,0.2441471571906354,0.4816053511705686,0,0,15.5,Gina Fling,2025-04,0.08228138585885365,0.048257287798446076,20.72225866021838
18492,2025-04-26,1800.0,0,18.0,6475,91,6,2,0.1282051282051282,0.4102564102564102,0.4914862914862915,12.503524011716006,12.9366106080207,0.943979269315028,7,0.2,2392000.0,365,100.0,0.0953575909661229,0.3245503973232957,0.1058823529411764,0.3294117647058823,3,0,16.7,Discovery LW,2025-04,0.1571425274014473,0.09216266949119288,10.850380154142135
18492,2025-04-26,1800.0,0,18.0,6506,2271,7,2,0.2051282051282051,0.5128205128205128,0.5913105413105413,12.549406399221391,13.0718954248366,0.9148341498663068,16,0.0,3489000.0,365,100.0,0.2068965517241379,0.4413793103448276,0.1403508771929824,0.3450292397660818,1,0,12.9,Charlie's World,2025-04,0.11739971985419591,0.06885387271161607,14.523511323587378
18495,2025-04-26,1800.0,0,18.0,6163,33,8,2,0.1012658227848101,0.3417721518987341,0.4978149487643159,12.623937858497492,13.227513227513228,0.8867931688804555,2,0.3,4857000.0,365,100.0,0.1037553232675183,0.3358497870692992,0.1123595505617977,0.4089887640449438,7,1,1.9,Bombay,2025-04,0.14577175180117288,0.10606804800433266,9.427909901379085
18495,2025-04-26,1800.0,0,18.0,6987,719,4,2,0.1111111111111111,0.4444444444444444,0.4947611030944364,12.69140583315199,13.003901170351105,0.965183444599466,12,0.0,1925000.0,365,100.0,0.1554467564259486,0.4002447980416156,0.1441441441441441,0.4504504504504504,6,0,4.9,Fabrice,2025-04,0.16679746409257254,0.12136700842082894,8.239471442952535
18495,2025-04-26,1800.0,0,18.0,6854,1076,5,1,0.1111111111111111,0.4166666666666667,0.5471891534391534,12.422707183457804,13.003901170351105,0.9332263565290698,9,0.0,2200000.0,365,100.0,0.1188118811881188,0.3722772277227723,0.1196172248803827,0.3397129186602871,7,0,5.6,Elegáns Hölgy,2025-04,0.18967842559019724,0.1380159057039294,7.245541699702293
18495,2025-04-26,1800.0,0,18.0,6052,615,9,1,0.1645569620253164,0.3417721518987341,0.5423699015471167,12.542690491452056,12.953367875647668,0.9342112597386636,15,0.2,5207000.0,365,100.0,0.1123481781376518,0.3603238866396761,0.1441441441441441,0.4504504504504504,0,0,14.8,Auróra,2025-04,0.08395494769016902,0.061088223965011276,16.36976711866361
18495,2025-04-26,1800.0,0,18.0,6696,898,5,1,0.0606060606060606,0.3939393939393939,0.5448390834754471,12.386178068893503,12.88659793814433,0.8924590797222147,10,0.2,1703000.0,365,100.0,0.0975903614457831,0.3144578313253012,0.1179487179487179,0.2871794871794871,5,0,16.9,Édes K,2025-04,0.13592640310525894,0.09890426692058779,10.110787240381853
18495,2025-04-26,1800.0,0,18.0,5610,2125,11,2,0.1136363636363636,0.4090909090909091,0.5478957595434868,12.42054300933367,12.903225806451612,0.910793666045464,7,0.0,4929000.0,365,100.0,0.0215827338129496,0.1654676258992805,0.1058823529411764,0.3294117647058823,4,0,9.8,Winoc SB,2025-04,0.07733493919173877,0.05627130044914158,17.771048332245446
18495,2025-04-26,1800.0,0,18.0,5757,65,10,1,0.1494252873563218,0.3563218390804598,0.5442105786933373,12.46270858083269,13.020833333333334,0.903557604476874,8,0.0,5695000.0,365,100.0,0.0978228452132418,0.2889949299135103,0.1403508771929824,0.3450292397660818,0,0,23.7,Zsofesz,2025-04,0.11544874558846156,0.08400408815707462,11.904182545617958
18495,2025-04-26,1800.0,0,18.0,6358,1064,7,2,0.0384615384615384,0.3461538461538461,0.5118360805860805,12.320115396293664,12.78772378516624,0.9147846891281032,5,0.0,2712000.0,365,100.0,0.0982019363762102,0.272475795297372,0.0833333333333333,0.2794117647058823,6,0,29.6,Calvin,2025-04,0.11544874558846156,0.08400408815707462,11.904182545617958
18495,2025-04-26,1800.0,0,18.0,5925,110,9,1,0.108433734939759,0.3253012048192771,0.5652088874980441,12.397992014455452,12.804097311139566,0.9301337412082138,8,0.0,4241640.0,365,100.0,0.1648474047672087,0.4134551124972154,0.0833333333333333,0.2794117647058823,0,0,29.6,Anikó,2025-04,0.08133894205093384,0.05918473712141165,16.896248063898614
18495,2025-04-26,1800.0,0,18.0,6378,1492,7,2,0.1025641025641025,0.282051282051282,0.4224812224812224,12.35882915143918,12.78772378516624,0.9291069580626344,5,0.4,1600000.0,365,100.0,0.09375,0.3569078947368421,0.1058823529411764,0.3294117647058823,7,0,29.6,Chesterfield,2025-04,0.15959289173285165,0.11612473810810149,8.61142953940694
18495,2025-04-26,1800.0,0,18.0,3754,1506,16,2,0.1875,0.5446428571428571,0.6260506854256854,12.631634653562871,13.175230566534914,0.8501516637912565,8,0.4,9109000.0,365,100.0,0.2592592592592592,0.5740740740740741,0.0789473684210526,0.4473684210526316,0,0,4.5,Philadelphia,2025-04,0.1030296857158343,0.07496759499250588,13.339096713719638
18497,2025-04-26,1960.0,0,17.0,6525,898,8,0,0.0943396226415094,0.5094339622641509,0.6585715647036402,12.850645560503072,13.642564802182813,0.958258244511508,4,0.1,5302290.0,365,60.0,0.0975903614457831,0.3144578313253012,0.1179487179487179,0.2871794871794871,4,1,6.3,Big Ben Pax,2025-04,0.16492550571759543,0.13286930656459053,7.526192661462256
18497,2025-04-26,1960.0,0,17.0,5962,110,10,2,0.217391304347826,0.4130434782608695,0.5810127674258109,12.60215388977392,13.192612137203168,0.8989761433491176,7,0.0,7494000.0,365,60.0,0.1648474047672087,0.4134551124972154,0.1144578313253012,0.3313253012048193,6,0,4.8,Zénó Boko,2025-04,0.2283401389916738,0.1839581803716676,5.43601811009224
18497,2025-04-26,1960.0,0,17.0,5228,2271,12,2,0.23,0.51,0.6266226551226551,12.686109745401332,13.26259946949602,0.8396436525612474,3,0.5,11339000.0,365,60.0,0.2068965517241379,0.4413793103448276,0.1811320754716981,0.4981132075471698,0,0,7.5,Uptown Boy M,2025-04,0.1030296857158343,0.08300403771428369,12.047606689233573
18497,2025-04-26,1960.0,0,17.0,6805,138,9,1,0.025,0.3,0.535813492063492,12.80185881671968,13.368983957219251,0.9850843060959792,1,0.2,10663600.0,365,60.0,0.1283149734802121,0.3778049775601795,0.1058823529411764,0.3294117647058823,1,0,7.5,Guiness des Fanes,2025-04,0.07270530983805656,0.058573742488852935,17.07249626725334
18497,2025-04-26,1960.0,0,17.0,6165,33,8,1,0.2361111111111111,0.5277777777777778,0.5777832892416226,12.826069763330212,13.245033112582782,0.9004254163134569,5,0.4,9125000.0,365,60.0,0.1037553232675183,0.3358497870692992,0.1123595505617977,0.4089887640449438,4,0,3.0,Bűbájos,2025-04,0.13707633316516876,0.11043311496803637,9.05525485077043
18497,2025-04-26,1960.0,0,17.0,5894,2332,9,2,0.1944444444444444,0.4444444444444444,0.5840728715728716,12.614497967089893,13.054830287206268,0.9202940087163825,13,0.2,6884000.0,365,60.0,0.1904761904761904,0.3333333333333333,0.1236363636363636,0.4109090909090909,1,0,8.2,Apollo Creed,2025-04,0.08395494769016902,0.06763681356454455,14.784847885326807
18491,2025-04-26,1900.0,0,20.0,7034,32,4,2,0.0869565217391304,0.391304347826087,0.4800473680908464,12.043786038539002,12.88659793814433,0.8628203266082102,5,0.3,1047000.0,365,0.0,0.0627928772258669,0.2789753202124336,0.1123595505617977,0.4089887640449438,13,0,26.3,Formula,2025-04,0.10558253526687622,0.06800984881914382,14.703752726450908
18492,2025-04-26,1800.0,0,18.0,7127,255,4,1,0.4,1.0,0.8969444444444445,12.534345716959235,12.903225806451612,0.96758525116666,16,0.0,1760000.0,357,100.0,0.3742177722152691,0.6739674593241552,0.4126984126984127,0.7936507936507936,6,0,6.3,Francesca,2025-04,0.21410289903481802,0.1255694117127356,7.963722903215427
18492,2025-04-26,1800.0,0,18.0,6303,5,7,2,0.2790697674418604,0.4186046511627907,0.545671834625323,12.464151821919694,12.9366106080207,0.8695438164940731,1,0.5,3430000.0,365,100.0,0.2187876960193003,0.4648673100120627,0.1564245810055866,0.3407821229050279,4,0,11.0,CR-Seven,2025-04,0.24159951011339822,0.14169592514527773,7.057365968532418
18497,2025-04-26,1960.0,0,17.0,6066,860,8,1,0.1639344262295081,0.5245901639344263,0.6698998178506375,12.641048627748996,13.157894736842104,0.905425041149228,11,0.0,6080080.0,365,60.0,0.1627150162715016,0.4235239423523942,0.1236363636363636,0.4109090909090909,6,0,4.8,Berill Lady,2025-04,0.16624940931797028,0.13393588600343959,7.466258893261207
18492,2025-04-26,1800.0,0,18.0,6928,148,4,2,0.0869565217391304,0.3478260869565217,0.5717689315515403,12.545124105275589,13.14060446780552,0.9020599790130146,4,0.1,2367000.0,365,100.0,0.1272727272727272,0.401330376940133,0.1082251082251082,0.3939393939393939,0,0,2.8,Fenegyerek,2025-04,0.19017556309700012,0.11153624583264081,8.965695344457725
18492,2025-04-26,1800.0,0,18.0,6787,860,6,2,0.4545454545454545,0.6818181818181818,0.6875901875901875,12.69072106536027,13.192612137203168,0.9490938901874232,18,0.2,2515000.0,365,100.0,0.1627150162715016,0.4235239423523942,0.1236363636363636,0.4109090909090909,3,0,10.0,Domperidon,2025-04,0.20680218935012817,0.12128761158613904,8.244865134390047
18491,2025-04-26,1900.0,0,20.0,7114,5,3,1,0.4,0.4,0.5738095238095238,11.701057711387818,12.78772378516624,0.9150227130305276,11,0.0,1150000.0,273,0.0,0.2187876960193003,0.4648673100120627,0.1564245810055866,0.3407821229050279,7,0,13.6,Ginevra,2025-04,0.11427795390288036,0.07361090874216061,13.584943007601405
18491,2025-04-26,1900.0,0,20.0,7053,1401,4,0,0.0833333333333333,0.5833333333333334,0.5922348484848484,12.346000702776797,12.706480304955528,0.9514151027155372,3,0.2,807000.0,365,0.0,0.2345679012345679,0.5592592592592592,0.2152466367713004,0.5381165919282511,0,0,6.0,Fabio,2025-04,0.18345218896865845,0.11816874453490851,8.462474607273055
18491,2025-04-26,1900.0,0,20.0,6922,110,4,0,0.1304347826086956,0.3478260869565217,0.4748870694522868,11.98824074150578,12.626262626262626,0.8902766123525415,5,0.1,940000.0,365,0.0,0.1648474047672087,0.4134551124972154,0.1144578313253012,0.3313253012048193,3,0,6.0,Follow the Flow,2025-04,0.13707633316516876,0.08829623830950405,11.325510793502987
18491,2025-04-26,1900.0,0,20.0,6962,1408,4,1,0.1363636363636363,0.5,0.6151515151515151,12.1526852243919,12.9366106080207,0.8826353625709418,10,0.1,1298500.0,365,0.0,0.1313868613138686,0.4014598540145985,0.1196172248803827,0.3397129186602871,1,0,20.1,Flinga VT,2025-04,0.14848178128401437,0.09564293443037876,10.455555404648617
18491,2025-04-26,1900.0,0,20.0,7099,587,4,1,0.0,0.5,0.573474025974026,12.171940079158365,12.836970474967906,0.9278963247019726,5,0.0,490000.0,328,0.0,0.1077720207253886,0.3471502590673575,0.1376146788990825,0.3990825688073394,7,0,5.5,Fizető,2025-04,0.18007054924964905,0.11599049786305772,8.621395876588387
18491,2025-04-26,1900.0,0,20.0,6674,2125,6,1,0.0416666666666666,0.125,0.3887235449735449,12.31868484492542,12.919896640826872,0.9117367662189972,7,0.0,972323.0,365,0.0,0.0215827338129496,0.1654676258992805,0.1058823529411764,0.3294117647058823,8,0,17.1,Démon Jewel GG,2025-04,0.08395494769016902,0.054078672060632105,18.491578322759416
18491,2025-04-26,1900.0,0,20.0,7110,69,3,1,0.125,0.5,0.4056637806637806,11.917025377285526,12.330456226880395,0.9640154041383922,12,0.0,688000.0,328,0.0,0.0727686185332575,0.2563956793632745,0.1196172248803827,0.3397129186602871,2,0,171.0,Guinevere,2025-04,0.08228138585885365,0.05300066529701771,18.867687686483983
18491,2025-04-26,1900.0,0,20.0,7094,136,4,2,0.2105263157894736,0.4210526315789473,0.4730576441102756,12.162384789841417,12.738853503184714,0.9310312523762244,15,0.0,955000.0,365,0.0,0.087378640776699,0.3300970873786408,0.1153846153846153,0.2788461538461538,1,0,14.8,Full Speed,2025-04,0.08133894205093384,0.05239360030530148,19.086300505651916
18494,2025-04-26,1960.0,0,20.0,6934,138,4,1,0.2352941176470588,0.4705882352941176,0.6028244631185808,12.338364407629054,12.77139208173691,0.927575071245087,12,0.1,1231000.0,365,60.0,0.1283149734802121,0.3778049775601795,0.1058823529411764,0.3294117647058823,8,1,4.9,Zaira LV,2025-04,0.11427795390288036,0.11459242180847842,8.726580555835781
18494,2025-04-26,1960.0,0,20.0,6435,69,6,1,0.0930232558139534,0.3488372093023256,0.4737189167421725,12.530403023913792,12.9366106080207,0.9401278145315196,7,0.3,2325000.0,365,60.0,0.0727686185332575,0.2563956793632745,0.1196172248803827,0.3397129186602871,0,0,10.1,Ducks,2025-04,0.10041368007659912,0.10068999653649932,9.931473179041257
18491,2025-04-26,1900.0,0,20.0,7081,138,4,1,0.2,0.4,0.5747354497354497,12.29178057686054,12.88659793814433,0.909210974826132,7,0.0,1000000.0,365,0.0,0.1283149734802121,0.3778049775601795,0.1058823529411764,0.3294117647058823,4,0,7.9,Fancy,2025-04,0.08133894205093384,0.05239360030530148,19.086300505651916
18494,2025-04-26,1960.0,0,20.0,4611,33,16,1,0.14375,0.36875,0.4913228264790764,12.365198899248025,12.836970474967906,0.8903601411252664,8,0.6,7870000.0,365,60.0,0.1037553232675183,0.3358497870692992,0.1123595505617977,0.4089887640449438,4,0,7.5,Pálinka,2025-04,0.04277936679621538,0.042897086246203524,23.31160662662728
18494,2025-04-26,1960.0,0,20.0,6709,5,5,2,0.03125,0.25,0.4769097222222222,12.183182750085448,12.658227848101266,0.9362855206815586,3,0.0,1210000.0,365,60.0,0.2187876960193003,0.4648673100120627,0.1564245810055866,0.3407821229050279,6,0,8.8,Eccelenza,2025-04,0.11544874558846156,0.11576643525640908,8.638082340404775
18492,2025-04-26,1800.0,0,18.0,7001,1509,4,0,0.1764705882352941,0.6470588235294118,0.6961951447245565,12.52941460812844,13.245033112582782,0.9120304123634578,12,0.0,3530000.0,365,100.0,0.1552287581699346,0.4542483660130719,0.1811320754716981,0.4981132075471698,8,0,2.9,Fárosz,2025-04,0.16492550571759543,0.09672731580349138,10.338341260617355
18492,2025-04-26,1800.0,0,18.0,6898,32,5,2,0.1818181818181818,0.5151515151515151,0.6470921334557698,12.475285934465514,12.903225806451612,0.9267137161227036,12,0.1,3051000.0,365,100.0,0.0627928772258669,0.2789753202124336,0.1123595505617977,0.4089887640449438,11,1,6.5,Euzébió,2025-04,0.16437745094299316,0.09640588664048891,10.372810570470042
18492,2025-04-26,1800.0,0,18.0,6973,1791,5,2,0.28,0.52,0.5672380952380953,12.509943611177915,12.987012987012989,0.9391783807968772,11,0.2,2593000.0,365,100.0,0.1493506493506493,0.3636363636363636,0.2152466367713004,0.5381165919282511,6,0,12.9,Edoardo Ama,2025-04,0.16624940931797028,0.09750377327797147,10.25601334575146
18497,2025-04-26,1960.0,0,17.0,6472,2403,6,2,0.1395348837209302,0.3720930232558139,0.5343761535622001,12.61195211292402,13.123359580052494,0.8985459415640789,10,0.0,6067000.0,365,60.0,0.0985915492957746,0.2816901408450704,0.1564245810055866,0.3407821229050279,6,0,5.1,Dumbledore,2025-04,0.28497980038324994,0.22958891832458472,4.355610921021176
18494,2025-04-26,1960.0,0,20.0,6786,39,5,2,0.3076923076923077,0.4615384615384615,0.5642385392385392,12.493882146214236,13.003901170351105,0.9150492670543464,12,0.3,2102000.0,365,60.0,0.1702371843917368,0.4384085692425402,0.1376146788990825,0.3990825688073394,1,0,2.3,Enrico Fling,2025-04,0.16492550571759543,0.16537934459544926,6.046704335696811
18494,2025-04-26,1960.0,0,20.0,6999,1854,4,1,0.0689655172413793,0.1379310344827586,0.2120689655172414,11.89283770830743,12.360939431396783,0.9125848098173248,5,0.6,597000.0,365,60.0,0.0367088607594936,0.1518987341772152,0.0355555555555555,0.1377777777777777,16,0,11.2,First Lady KJ,2025-04,0.02961471987267335,0.029696213097002058,33.674327320238476
18494,2025-04-26,1960.0,0,20.0,6062,27,8,2,0.081081081081081,0.2702702702702703,0.4365990990990991,12.301007725393973,12.836970474967906,0.8845814824048998,3,0.3,2947000.0,365,60.0,0.0603493912122816,0.2297511911064055,0.1376146788990825,0.3990825688073394,0,0,8.4,Best Boy,2025-04,0.02561071701347828,0.02568119209869846,38.93900237016959
18494,2025-04-26,1960.0,0,20.0,6057,175,8,2,0.1764705882352941,0.4117647058823529,0.582915287327052,12.089584007464538,12.515644555694616,0.9273759858996676,20,0.0,355000.0,365,60.0,0.0807453416149068,0.2639751552795031,0.0973451327433628,0.3716814159292035,11,0,6.3,Bitangjó,2025-04,0.11564142505327861,0.11595964493292212,8.623689737739873
18494,2025-04-26,1960.0,0,20.0,5700,110,11,2,0.0727272727272727,0.3,0.5387081857536403,12.336303258304708,12.903225806451612,0.8988963773743933,9,0.1,4724000.0,365,60.0,0.1648474047672087,0.4134551124972154,0.0833333333333333,0.2794117647058823,3,0,13.5,Vezér,2025-04,0.17309491087992987,0.17357123017192871,5.761323457864895
18501,2025-05-03,1800.0,0,27.0,7127,255,4,1,0.3636363636363636,0.9090909090909092,0.8457070707070706,12.575497286964122,12.987012987012989,0.9613427656752622,16,0.0,1760000.0,364,100.0,0.37375,0.67375,0.4126984126984127,0.7936507936507936,5,1,2.0,Francesca,2025-05,0.18420133491357168,0.18126861956856005,5.51667465874741
18502,2025-05-03,1960.0,0,27.0,6943,255,5,1,0.3809523809523809,0.5238095238095238,0.5997715247715247,12.543668919527546,13.003901170351105,0.9054277181531576,10,0.3,2413000.0,365,60.0,0.37375,0.67375,0.4126984126984127,0.7936507936507936,6,0,2.8,Elizabeth Boss,2025-05,0.14813823501269022,0.15219903299292453,6.570343978772114
18501,2025-05-03,1800.0,0,27.0,7034,32,4,2,0.0833333333333333,0.4166666666666667,0.4979241822991823,12.082622377637692,12.88659793814433,0.8628203266082102,5,0.3,1172000.0,365,100.0,0.0630658757414923,0.2794255385576022,0.1123595505617977,0.4089887640449438,12,0,5.1,Formula,2025-05,0.12010807792345683,0.11819580729115522,8.460536992963469
18501,2025-05-03,1800.0,0,27.0,7136,620,4,2,0.1333333333333333,0.5333333333333333,0.4931481481481481,12.449265490782771,12.82051282051282,0.953109744762375,8,0.2,990000.0,365,100.0,0.152,0.44,0.0793650793650793,0.3968253968253968,4,0,19.8,First Home,2025-05,0.07949039340019226,0.0782248070426605,12.78366847814201
18501,2025-05-03,1800.0,0,27.0,6920,5,4,2,0.3333333333333333,0.6,0.6484367484367485,12.49915535968004,12.9366106080207,0.9424624690649512,22,0.1,1432000.0,365,100.0,0.2186228717794184,0.4646677715835468,0.1564245810055866,0.3407821229050279,4,0,3.0,Fliegauf,2025-05,0.19524352252483368,0.1921350017598166,5.20467374939875
18501,2025-05-03,1800.0,0,27.0,6727,635,6,0,0.075,0.325,0.4096825396825396,12.36162554676694,13.0718954248366,0.8795989564936579,4,0.2,1795000.0,365,100.0,0.2042422169004447,0.4556962025316455,0.1335740072202166,0.296028880866426,10,0,11.3,Västerbo No Edge,2025-05,0.10748443007469177,0.10577314368484132,9.454195698102458
18501,2025-05-03,1800.0,0,27.0,6922,110,4,0,0.125,0.3333333333333333,0.477827380952381,12.027398308517336,12.77139208173691,0.8801598326667173,5,0.1,940000.0,365,100.0,0.1650723025583982,0.4135706340378198,0.1144578313253012,0.3313253012048193,2,0,9.9,Follow the Flow,2025-05,0.08628108104070027,0.08490737845341456,11.777539457877172
18503,2025-05-03,1980.0,0,28.0,5610,2125,11,2,0.1123595505617977,0.4044943820224719,0.5473576049418746,12.42462391310099,12.903225806451612,0.910793666045464,7,0.0,4929000.0,365,80.0,0.0208333333333333,0.1597222222222222,0.1058823529411764,0.3294117647058823,3,1,9.2,Winoc SB,2025-05,0.06469177454710007,0.09403271878184354,10.634596265582896
18501,2025-05-03,1800.0,0,27.0,6962,1076,4,1,0.1304347826086956,0.4782608695652174,0.6042160737812913,12.178592546484657,12.9366106080207,0.8826353625709418,10,0.1,1298500.0,365,100.0,0.1185770750988142,0.3735177865612648,0.1196172248803827,0.3397129186602871,3,0,12.2,Flinga VT,2025-05,0.07991776863733928,0.0786453779321808,12.715305416452344
18501,2025-05-03,1800.0,0,27.0,7247,1638,4,1,0.2,0.6,0.74489898989899,12.37959205334768,12.88659793814433,0.9544333801918452,16,0.0,725000.0,365,100.0,0.0439560439560439,0.2747252747252747,0.1082251082251082,0.3939393939393939,1,0,7.5,Fancy Jet,2025-05,0.07234832892815272,0.0711964531584516,14.045643506628696
18503,2025-05-03,1980.0,0,28.0,6799,1854,5,0,0.0238095238095238,0.0952380952380952,0.3746632996632997,12.245594119808786,12.77139208173691,0.9146996761213072,3,0.4,935000.0,365,80.0,0.0365699873896595,0.1513240857503152,0.0355555555555555,0.1377777777777777,4,0,33.7,Exclusive Fox,2025-05,0.04030153155326843,0.058580284890267606,17.070589565639647
18503,2025-05-03,1980.0,0,28.0,5700,1064,11,2,0.072072072072072,0.2972972972972973,0.5358569608569609,12.337713651148151,12.903225806451612,0.8988963773743933,9,0.1,4724000.0,365,80.0,0.0979310344827586,0.2717241379310345,0.0833333333333333,0.2794117647058823,5,0,9.2,Vezér,2025-05,0.1044132336974144,0.15176983952146048,6.588924407860355
18502,2025-05-03,1960.0,0,27.0,6778,1509,6,1,0.2,0.4,0.4951755651755652,12.50737120544689,13.003901170351105,0.9152920397302272,8,0.6,2125000.0,365,60.0,0.1544715447154471,0.456910569105691,0.1811320754716981,0.4981132075471698,0,0,9.0,Dancing Lady,2025-05,0.07363486538330714,0.07565336055842344,13.218183470220708
18503,2025-05-03,1980.0,0,28.0,6782,33,6,1,0.048780487804878,0.2926829268292683,0.513635483757435,12.379828771223238,12.87001287001287,0.9133692430664944,9,0.3,1808000.0,365,80.0,0.1038283062645011,0.3358468677494199,0.1123595505617977,0.4089887640449438,4,0,2.0,Downtown Girl M,2025-05,0.0761728584766388,0.11072104653317207,9.031706539193518
18501,2025-05-03,1800.0,0,27.0,7318,1791,4,1,0.0,0.2727272727272727,0.4065197428833793,12.417420359773203,12.836970474967906,0.9559349198747796,6,0.4,603410.0,237,100.0,0.1474358974358974,0.3717948717948718,0.2152466367713004,0.5381165919282511,1,0,159.1,Clearwater Belle,2025-05,0.09110389898220699,0.08965341110891946,11.154065279067913
18502,2025-05-03,1960.0,0,27.0,6228,635,7,2,0.3076923076923077,0.5192307692307693,0.5759539072039073,12.730829841860624,13.280212483399737,0.8956569797780355,8,0.6,5248000.0,365,60.0,0.2042422169004447,0.4556962025316455,0.1335740072202166,0.296028880866426,8,0,6.0,Creatine,2025-05,0.21061203380425772,0.21638537733985544,4.621384366603467
18502,2025-05-03,1960.0,0,27.0,6308,860,7,2,0.2452830188679245,0.6226415094339622,0.6059673554956574,12.817421310071786,13.333333333333334,0.8735735460509194,15,0.3,5694000.0,365,60.0,0.1625638643752903,0.4235949837436135,0.1236363636363636,0.4109090909090909,5,0,4.9,Csábító R.,2025-05,0.15784299125274023,0.1621698181520776,6.166375540128142
18503,2025-05-03,1980.0,0,28.0,5721,719,10,2,0.0697674418604651,0.3604651162790697,0.5531670525856572,12.429081003267909,12.903225806451612,0.9334754569776736,8,0.3,4069000.0,365,80.0,0.155067155067155,0.4004884004884005,0.1441441441441441,0.4504504504504504,0,0,4.0,Zippy Boy,2025-05,0.07512858261664708,0.1092031395200977,9.157245885004619
18502,2025-05-03,1960.0,0,27.0,6898,32,5,2,0.2058823529411764,0.5294117647058824,0.6574717765894237,12.502656212965404,13.351134846461948,0.8956239656463291,12,0.1,3351000.0,365,60.0,0.0630658757414923,0.2794255385576022,0.1123595505617977,0.4089887640449438,10,1,2.2,Euzébió,2025-05,0.19692852348089218,0.2023267716126674,4.942499660471977
18502,2025-05-03,1960.0,0,27.0,6700,2271,5,2,0.2631578947368421,0.6842105263157895,0.7299916457811195,12.590142824951528,12.903225806451612,0.9637041942123782,21,0.1,2060000.0,365,60.0,0.2080536912751678,0.436241610738255,0.1811320754716981,0.4981132075471698,3,0,4.9,Escobar,2025-05,0.18616251150767008,0.19126563934405164,5.228330626606613
18503,2025-05-03,1980.0,0,28.0,5247,126,12,0,0.1388888888888889,0.4537037037037037,0.6035821174710064,12.45708569235354,12.953367875647668,0.9297124856905264,17,0.2,7049000.0,365,80.0,0.0762711864406779,0.25,0.1179487179487179,0.2871794871794871,1,0,10.1,Universal Boy,2025-05,0.1300572156906128,0.189044645539611,5.289755746033375
18503,2025-05-03,1980.0,0,28.0,5856,2271,12,1,0.1020408163265306,0.2346938775510204,0.4443682451335513,12.3578523142596,12.804097311139566,0.9924017482760236,0,0.4,4014000.0,365,80.0,0.2080536912751678,0.436241610738255,0.0833333333333333,0.2794117647058823,0,0,16.8,Donia d'Aunay,2025-05,0.06469177454710007,0.09403271878184354,10.634596265582896
18506,2025-05-03,1800.0,0,28.0,5962,110,10,2,0.2150537634408602,0.4193548387096774,0.5824458098651647,12.606587802092209,13.192612137203168,0.8989761433491176,7,0.0,7566000.0,365,100.0,0.1650723025583982,0.4135706340378198,0.1144578313253012,0.3313253012048193,5,0,2.9,Zénó Boko,2025-05,0.22238073498010635,0.2594991788732246,3.8535767409442894
18506,2025-05-03,1800.0,0,28.0,5955,503,9,2,0.0612244897959183,0.2857142857142857,0.4901353181965426,12.46440415144697,12.953367875647668,0.9270440250286888,13,0.0,4114000.0,365,100.0,0.0879120879120879,0.3516483516483517,0.0425531914893617,0.2765957446808511,6,0,5.5,Atom Maki,2025-05,0.06843668470780055,0.0798597211582591,12.52195707042711
18506,2025-05-03,1800.0,0,28.0,6475,91,6,2,0.125,0.4,0.481976911976912,12.515132312516863,12.9366106080207,0.943979269315028,7,0.2,2392000.0,365,100.0,0.0953177257525083,0.3244147157190635,0.1058823529411764,0.3294117647058823,2,0,15.3,Discovery LW,2025-05,0.10493013262748718,0.12244443412927537,8.166969835020936
18506,2025-05-03,1800.0,0,28.0,5725,1076,10,2,0.3068181818181818,0.5113636363636364,0.5827876984126984,12.758633703051336,13.280212483399737,0.9073577980352886,5,0.2,10440000.0,365,100.0,0.1185770750988142,0.3735177865612648,0.1196172248803827,0.3397129186602871,1,0,2.7,Zente,2025-05,0.2286223272482554,0.2667825798773225,3.7483706786996387
18500,2025-05-03,2400.0,0,28.0,6912,1401,4,1,0.3333333333333333,0.3333333333333333,0.4740740740740741,12.504901963974463,12.78772378516624,0.9554511278195488,6,0.4444444444444444,548717.0,361,500.0,0.2337023370233702,0.5571955719557196,0.2152466367713004,0.5381165919282511,3,1,2.2,Fiona TIM,2025-05,0.15968315800031027,0.1408376114698691,7.100376025717681
18500,2025-05-03,2400.0,0,28.0,7108,2450,3,2,0.5,1.0,0.9305555555555556,12.368110318170109,12.836970474967906,0.9634757937854516,16,0.0,600000.0,203,500.0,0.4,0.64,0.4215686274509804,0.7254901960784313,1,0,2.8,Gotti,2025-05,0.1143191506465276,0.10082739046462122,9.91793991089043
18500,2025-05-03,2400.0,0,28.0,7124,69,4,2,0.1538461538461538,0.3076923076923077,0.4418137418137418,12.411111671581914,12.919896640826872,0.932596454095298,6,0.2,590000.0,203,500.0,0.0726035167328417,0.257515598411798,0.1196172248803827,0.3397129186602871,5,0,7.6,Fess Fiú,2025-05,0.08323530356089275,0.07341200844401415,13.621749645531429
18500,2025-05-03,2400.0,0,28.0,6995,2449,4,0,0.0,0.2142857142857142,0.4502834467120181,12.01063906686269,12.755102040816324,0.9081070095492028,6,0.3,799000.0,365,500.0,0.1428571428571428,0.1428571428571428,0.081081081081081,0.2702702702702703,1,0,116.9,Fany,2025-05,0.07241345942020416,0.06386734074354936,15.657454786091131
18500,2025-05-03,2400.0,0,28.0,7118,1492,4,2,0.3076923076923077,0.3846153846153846,0.5072261072261072,12.001127082688711,12.953367875647668,0.8983598082011663,13,0.1,668000.0,329,500.0,0.0950819672131147,0.3573770491803278,0.1058823529411764,0.3294117647058823,1,0,6.4,Ferrari,2025-05,0.11095208426316579,0.09785769977819174,10.21891994464044
18500,2025-05-03,2400.0,0,28.0,7187,5,3,0,0.1666666666666666,0.8333333333333334,0.6269360269360269,12.29111373318427,12.61034047919294,0.975734852287468,13,0.0,602000.0,203,500.0,0.2186228717794184,0.4646677715835468,0.2441471571906354,0.4816053511705686,7,0,4.5,Genesis,2025-05,0.16200176378091177,0.1428825791682128,6.998753842641097
18500,2025-05-03,2400.0,0,28.0,7149,33,4,1,0.1,0.35,0.4032738095238095,12.090027467676002,12.722646310432571,0.9019814287888366,11,0.2,688000.0,357,500.0,0.1038283062645011,0.3358468677494199,0.1123595505617977,0.4089887640449438,8,0,18.7,Füge M,2025-05,0.08623969306548436,0.07606182478689362,13.147199699740995
18500,2025-05-03,2400.0,0,28.0,7104,2403,4,2,0.0833333333333333,0.3333333333333333,0.44382215007215,12.1417790664362,12.77139208173691,0.921582960178993,4,0.2,565000.0,238,500.0,0.0958904109589041,0.273972602739726,0.1564245810055866,0.3407821229050279,6,0,58.4,Florentin,2025-05,0.09202862034241359,0.0811675522841786,12.320194115240342
18500,2025-05-03,2400.0,0,28.0,7060,635,4,0,0.3333333333333333,0.5555555555555556,0.5689113355780022,12.55650497573962,12.82051282051282,0.9663515752767348,12,0.2222222222222222,685000.0,335,500.0,0.2042422169004447,0.4556962025316455,0.1335740072202166,0.296028880866426,4,0,24.6,Filthy Rich,2025-05,0.10529100646575291,0.0928647331728395,10.768350544213632
18500,2025-05-03,2400.0,0,28.0,6992,620,4,2,0.0434782608695652,0.2608695652173913,0.4027448397013614,12.121499901562665,12.88659793814433,0.8828625235404897,0,0.3,720000.0,365,500.0,0.152,0.44,0.0793650793650793,0.3968253968253968,1,0,46.7,Finiselj!,2025-05,0.08623969306548436,0.07606182478689362,13.147199699740995
18500,2025-05-03,2400.0,0,28.0,6999,1854,4,1,0.0666666666666666,0.1333333333333333,0.2161111111111111,11.91969325916604,12.376237623762377,0.9114567692613084,5,0.6,597000.0,365,500.0,0.0365699873896595,0.1513240857503152,0.0355555555555555,0.1377777777777777,15,0,116.9,First Lady KJ,2025-05,0.018018018454313278,0.01589156122852088,62.92647938235806
18506,2025-05-03,1800.0,0,28.0,6165,33,8,1,0.2328767123287671,0.5205479452054794,0.5737823439878235,12.82627162836054,13.245033112582782,0.9004254163134569,5,0.4,9125000.0,365,100.0,0.1038283062645011,0.3358468677494199,0.1123595505617977,0.4089887640449438,3,0,3.8,Bűbájos,2025-05,0.1406847114364306,0.16416695043766344,6.091360029129094
18506,2025-05-03,1800.0,0,28.0,6929,148,4,1,0.1111111111111111,0.5555555555555556,0.6829826038159372,12.624895241441868,12.9366106080207,0.9644257998306432,14,0.1,2195000.0,365,100.0,0.1271599468320779,0.4014178112538768,0.1082251082251082,0.3939393939393939,11,1,3.8,Fendi,2025-05,0.09190663695335388,0.10724713552425495,9.324258360017835
18500,2025-05-03,2400.0,0,28.0,6751,1064,5,2,0.0952380952380952,0.1904761904761904,0.2818800247371675,12.298448024055864,12.61034047919294,0.914850735947316,5,0.3,555000.0,365,500.0,0.0979310344827586,0.2717241379310345,0.0833333333333333,0.2794117647058823,0,0,51.9,Emilio Family,2025-05,0.04338851571083069,0.03826787367221539,26.13157994001783
18499,2025-05-03,1900.0,0,28.0,7168,1509,3,1,0.0,0.4285714285714285,0.3672438672438672,11.98161932422359,12.422360248447204,0.9445527630188356,4,0.2857142857142857,269000.0,231,0.0,0.1544715447154471,0.456910569105691,0.1811320754716981,0.4981132075471698,3,0,6.7,God save the Queen,2025-05,0.0761728584766388,0.07726328492897114,12.9427580113803
18499,2025-05-03,1900.0,0,28.0,7098,138,4,2,0.125,0.375,0.4654761904761905,11.96714847097144,12.43781094527363,0.9547552776354828,8,0.125,265000.0,217,0.0,0.1285132382892057,0.3778004073319755,0.0625,0.1875,2,0,4.6,Fernando,2025-05,0.07429221272468567,0.0753557174372224,13.270393196549199
18505,2025-05-03,1960.0,0,28.0,6459,138,6,2,0.2307692307692307,0.358974358974359,0.4584156584156584,12.517014186691243,12.903225806451612,0.9475019190462508,25,0.2,5147700.0,365,60.0,0.1285132382892057,0.3778004073319755,0.1403508771929824,0.3450292397660818,0,1,2.8,Diamond Ville,2025-05,0.06987546632687251,0.10215896613056444,9.788666016078787
18505,2025-05-03,1960.0,0,28.0,6068,2225,8,1,0.1343283582089552,0.4477611940298507,0.5751658374792703,12.64781813663406,13.054830287206268,0.9193691405491446,5,0.1,5570000.0,365,60.0,0.1285714285714285,0.5142857142857142,0.2441471571906354,0.4816053511705686,4,0,5.0,Balerina R.,2025-05,0.12066391110420227,0.1764124242121157,5.668534993871037
18505,2025-05-03,1960.0,0,28.0,6328,175,7,1,0.0533333333333333,0.28,0.5083328523328524,12.408509820641834,12.953367875647668,0.9097944702591492,14,0.1,2899000.0,365,60.0,0.0804953560371517,0.2631578947368421,0.0973451327433628,0.3716814159292035,9,0,7.1,Credit Card,2025-05,0.09202862034241359,0.13454720523256933,7.432335723893088
18505,2025-05-03,1960.0,0,28.0,6441,69,6,1,0.1276595744680851,0.3617021276595745,0.485206164993399,12.63182482976924,13.054830287206268,0.9073133897625992,7,0.2,6415000.0,365,60.0,0.0726035167328417,0.257515598411798,0.1196172248803827,0.3397129186602871,0,0,4.5,Diána Gull,2025-05,0.07406224062045415,0.10828009212425008,9.23530799043385
18505,2025-05-03,1960.0,0,28.0,6703,28,5,0,0.1428571428571428,0.3142857142857143,0.4352865388579674,12.506570480299258,13.054830287206268,0.9000945560003086,6,0.7,2127000.0,365,60.0,0.1423930698429886,0.3979426096372496,0.0780141843971631,0.3333333333333333,4,0,3.5,Etalon N,2025-05,0.07910280177990596,0.11564946715437338,8.646818914134393
18505,2025-05-03,1960.0,0,28.0,5795,33,10,1,0.1363636363636363,0.5909090909090909,0.6931990358126722,12.654589789776765,13.03780964797914,0.9305370779767882,9,0.0,7090000.0,365,60.0,0.1038283062645011,0.3358468677494199,0.1123595505617977,0.4089887640449438,1,0,4.7,Zara Mia,2025-05,0.07949039340019226,0.11621613184071826,8.604657409958927
18505,2025-05-03,1960.0,0,28.0,6909,1401,5,1,0.2,0.4,0.4557738095238095,12.483689782175365,12.919896640826872,0.9520046871384682,20,0.2,1333000.0,365,60.0,0.2337023370233702,0.5571955719557196,0.2152466367713004,0.5381165919282511,1,0,14.2,Treue,2025-05,0.16876416901747385,0.24673571330540883,4.052919565649593
18503,2025-05-03,1980.0,0,28.0,6312,898,8,2,0.064516129032258,0.3225806451612903,0.5931899641577061,12.20615254953968,12.674271229404308,0.937110051761038,3,0.0,1462000.0,365,80.0,0.0985576923076923,0.3149038461538461,0.1179487179487179,0.2871794871794871,1,0,3.0,Bongiovi,2025-05,0.13251393288373947,0.19261560643170417,5.191687311975786
18499,2025-05-03,1900.0,0,28.0,7330,620,5,1,0.0909090909090909,0.1818181818181818,0.223989898989899,12.425068070985374,12.642225031605564,1.0,0,0.6,250000.0,365,0.0,0.152,0.44,0.0793650793650793,0.3968253968253968,3,0,12.3,Emilia Adri,2025-05,0.12380368759234746,0.12557595685658135,7.963307826052139
18499,2025-05-03,1900.0,0,28.0,7193,33,3,1,0.125,0.625,0.5594336219336219,12.10927062053271,12.804097311139566,0.93542174094845,12,0.0,285000.0,273,0.0,0.1038283062645011,0.3358468677494199,0.1123595505617977,0.4089887640449438,5,0,4.9,Grazia,2025-05,0.11720823744932811,0.11888609180719226,8.411412847364732
18499,2025-05-03,1900.0,0,28.0,7125,69,4,1,0.0,0.6666666666666666,0.25,11.86775998529138,12.224938875305623,0.9707827667968348,4,0.0,60000.0,70,0.0,0.0726035167328417,0.257515598411798,0.1196172248803827,0.3397129186602871,2,0,6.1,Florenza,2025-05,0.11763668557008107,0.11932067323019571,8.380777386922558
18499,2025-05-03,1900.0,0,28.0,7329,2527,5,1,0.0,0.3333333333333333,0.4490740740740741,12.212323654716332,12.61034047919294,0.9669962137233876,2,0.1666666666666666,145000.0,191,0.0,0.0,0.2,0.0793650793650793,0.3968253968253968,9,0,10.5,Exclusive Adri,2025-05,0.221551351249218,0.22472289369600973,4.449924898852245
18499,2025-05-03,1900.0,0,28.0,7130,255,3,2,0.0,1.0,0.7708333333333334,12.30042075609007,12.360939431396783,0.9951040391676867,6,0.0,125000.0,21,0.0,0.37375,0.67375,0.4126984126984127,0.7936507936507936,8,1,2.0,Giovanni Fling,2025-05,0.1761190394560496,0.17864021121227477,5.59784380691153
18499,2025-05-03,1900.0,0,28.0,7086,1854,4,2,0.0454545454545454,0.1363636363636363,0.2481716515807424,11.919733670252874,12.43781094527363,0.9316338354577058,5,0.5,195000.0,365,0.0,0.0365699873896595,0.1513240857503152,0.0355555555555555,0.1377777777777777,6,0,14.8,Fakta,2025-05,0.07910280177990596,0.08023517083155268,12.46336225916961
18511,2025-05-10,1800.0,0,17.0,6331,635,7,0,0.2075471698113207,0.5471698113207547,0.6449460916442048,12.826003024557304,13.368983957219251,0.93040529204466,15,0.0,7086400.0,365,100.0,0.2040328092959671,0.455228981544771,0.1335740072202166,0.296028880866426,4,0,6.4,Charming Boy,2025-05,0.15142471343278885,0.14724389816549288,6.79145290541047
18513,2025-05-10,1800.0,0,18.0,4788,32,14,2,0.1719745222929936,0.4777070063694267,0.6090385198665453,12.527490360806862,13.14060446780552,0.8871785724942964,2,0.3,11386000.0,365,100.0,0.0633385335413416,0.2798751950078003,0.1123595505617977,0.4089887640449438,1,1,2.1,Szilvás,2025-05,0.07031733045975368,0.06947565043764278,14.393532031737372
18513,2025-05-10,1800.0,0,18.0,6442,1076,6,1,0.0555555555555555,0.2777777777777778,0.3948486184597296,12.341130895998502,12.87001287001287,0.8860845603238185,7,0.2,2172000.0,365,100.0,0.1178781925343811,0.3732809430255402,0.1196172248803827,0.3397129186602871,6,0,9.9,Dulcinea del Toboso,2025-05,0.15383933981259665,0.1519979232217165,6.579037257905944
18513,2025-05-10,1800.0,0,18.0,6657,635,6,1,0.09375,0.40625,0.4432787698412698,12.303503329850164,12.853470437017997,0.8873881216581482,8,0.4,1515000.0,365,100.0,0.2040328092959671,0.455228981544771,0.1335740072202166,0.296028880866426,4,0,6.8,Dreamer,2025-05,0.07341467092434566,0.0725359165483923,13.786273719073371
18513,2025-05-10,1800.0,0,18.0,5907,2144,9,1,0.0795454545454545,0.2840909090909091,0.4435618358913814,12.271752132785116,12.804097311139566,0.8688731313731313,10,0.4,3140000.0,365,100.0,0.0416666666666666,0.1666666666666666,0.1236363636363636,0.4109090909090909,8,0,15.5,Always Winner,2025-05,0.05463659266630808,0.053982606967152985,18.52448512922827
18513,2025-05-10,1800.0,0,18.0,5531,23,11,1,0.1304347826086956,0.4521739130434782,0.6025660330008156,12.665660977806404,13.227513227513228,0.8965304900166179,5,0.3,8296000.0,365,100.0,0.0822819528250137,0.3187054306088864,0.0930232558139534,0.3255813953488372,11,0,4.9,Very Nice Photo,2025-05,0.18616251150767008,0.18393419502043262,5.436726976671811
18513,2025-05-10,1800.0,0,18.0,6696,898,5,1,0.0588235294117647,0.3823529411764705,0.5464614633732281,12.398078842181338,12.88659793814433,0.8924590797222147,10,0.2,1728000.0,365,100.0,0.0984393757503001,0.3145258103241296,0.1179487179487179,0.2871794871794871,4,0,3.6,Édes K,2025-05,0.10238095372915268,0.10115548053733679,9.885771830532672
18513,2025-05-10,1800.0,0,18.0,6378,1492,7,2,0.1,0.275,0.4144191919191919,12.362162447764495,12.78772378516624,0.9291069580626344,5,0.4,1600000.0,365,100.0,0.0949263502454991,0.3567921440261866,0.1058823529411764,0.3294117647058823,6,0,22.5,Chesterfield,2025-05,0.1440535510579745,0.1423292677945616,7.025961810211814
18511,2025-05-10,1800.0,0,17.0,6121,1401,8,1,0.0952380952380952,0.4047619047619047,0.6070956160241875,12.582887422700647,13.315579227696404,0.8855479226589896,6,0.0,8071400.0,365,100.0,0.2343558282208589,0.5570552147239264,0.0355555555555555,0.1377777777777777,0,0,16.3,Farya BD,2025-05,0.08884306252002716,0.08639011792626423,11.575398020101337
18516,2025-05-10,1960.0,0,18.0,7130,255,3,2,0.3333333333333333,1.0,0.8472222222222223,12.484770649732711,12.853470437017997,0.971315156549205,11,0.0,375000.0,28,60.0,0.3742981908920773,0.6737367436057392,0.4126984126984127,0.7936507936507936,7,1,1.7,Giovanni Fling,2025-05,0.1972046991189321,0.16004852907968062,6.248104907619283
18516,2025-05-10,1960.0,0,18.0,7103,138,3,1,0.0,0.5555555555555556,0.5338103254769921,12.000551016485764,12.836970474967906,0.9044214457580184,9,0.0,325000.0,273,60.0,0.1286644951140065,0.3778501628664495,0.1058823529411764,0.3294117647058823,4,0,5.5,Grace Kelly,2025-05,0.09486329803864162,0.07698970350384701,12.988749852115383
18516,2025-05-10,1960.0,0,18.0,7168,929,3,1,0.0,0.375,0.3213383838383838,11.98161932422359,12.422360248447204,0.9445527630188356,4,0.375,269000.0,238,60.0,0.3240997229916897,0.5858725761772853,0.1811320754716981,0.4981132075471698,0,0,18.4,God save the Queen,2025-05,0.09860820819934209,0.08002901932863975,12.495467374072057
18516,2025-05-10,1960.0,0,18.0,7106,1076,3,2,0.0,0.25,0.582129329004329,12.319504252832145,12.804097311139566,0.9496504323293524,5,0.0,305000.0,234,60.0,0.1178781925343811,0.3732809430255402,0.1196172248803827,0.3397129186602871,10,0,13.3,Gentleman Jack,2025-05,0.1683792844414711,0.13665423249419642,7.317738951425958
18516,2025-05-10,1960.0,0,18.0,7176,615,3,0,0.4,0.6,0.7150000000000001,12.177481844335594,12.82051282051282,0.9498435838581762,14,0.0,565000.0,234,60.0,0.1122345803842265,0.3599595551061678,0.1441441441441441,0.4504504504504504,2,0,7.4,Get Lucky,2025-05,0.07363486538330714,0.05976100948016,16.7333184077486
18513,2025-05-10,1800.0,0,18.0,6518,2225,6,1,0.1428571428571428,0.6071428571428571,0.6133915687487116,12.546142634482388,12.97016861219196,0.9528652130478628,12,0.3,2029000.0,365,100.0,0.1276595744680851,0.5177304964539007,0.2441471571906354,0.4816053511705686,6,0,5.4,Lolly Pop,2025-05,0.2273097982009252,0.22458895947276444,4.452578623399644
18511,2025-05-10,1800.0,0,17.0,6624,138,6,1,0.2777777777777778,0.6944444444444444,0.7246793330126663,12.653138300221288,13.10615989515072,0.8934047580845881,7,0.1,5429000.0,365,100.0,0.1286644951140065,0.3778501628664495,0.1058823529411764,0.3294117647058823,1,0,4.3,My Dyla LV,2025-05,0.09860820819934209,0.09588564929218261,10.429089309838236
18511,2025-05-10,1800.0,0,17.0,7391,2049,4,1,0.1428571428571428,0.1428571428571428,0.380952380952381,13.165867588628586,13.368983957219251,0.9868832931660156,6,0.2857142857142857,4111432.0,365,100.0,0.2146892655367231,0.4915254237288136,0.0,0.5,0,0,13.4,Fitzgerald Treb,2025-05,0.05463659266630808,0.053128083945413455,18.822436755435255
18511,2025-05-10,1800.0,0,17.0,6780,1509,5,0,0.2,0.4666666666666667,0.6356613756613757,12.725601452296193,13.333333333333334,0.8953040709077938,12,0.1,8557000.0,365,100.0,0.1537216828478964,0.4563106796116505,0.1811320754716981,0.4981132075471698,0,0,11.3,Eternal Flame,2025-05,0.07031733045975368,0.06837587875033953,14.625040559278142
18516,2025-05-10,1960.0,0,18.0,7105,69,3,2,0.3333333333333333,0.6666666666666666,0.5555555555555556,12.065063484549537,12.422360248447204,0.9640470131327968,15,0.0,1388000.0,357,60.0,0.072480181200453,0.2576443941109853,0.1196172248803827,0.3397129186602871,5,0,49.8,Gomez de Boko,2025-05,0.06860341876745224,0.05567755896600739,17.96055751313606
18509,2025-05-10,1900.0,0,17.0,7099,587,4,1,0.0,0.4545454545454545,0.546133412042503,12.21906873832117,12.836970474967906,0.9278963247019726,5,0.0,490000.0,342,0.0,0.1076604554865424,0.3467908902691511,0.1376146788990825,0.3990825688073394,6,1,5.4,Fizető,2025-05,0.13467839856942496,0.11481982315413188,8.709297510915164
18509,2025-05-10,1900.0,0,17.0,6918,1509,4,2,0.4285714285714285,0.5714285714285714,0.3571428571428571,12.014098313737836,12.43781094527363,0.954992084574311,15,0.4285714285714285,250000.0,365,0.0,0.1537216828478964,0.4563106796116505,0.1811320754716981,0.4981132075471698,3,0,9.6,Front of the Line,2025-05,0.1281103640794754,0.10922025732459391,9.155810693872288
18509,2025-05-10,1900.0,0,17.0,7309,110,3,1,0.25,0.5,0.6011904761904762,11.729429025636644,12.360939431396783,0.9489108081740044,9,0.0,290000.0,147,0.0,0.1649988881476539,0.4136090727151434,0.1144578313253012,0.3313253012048193,6,0,1.9,Goldina Amok,2025-05,0.14356658111015955,0.12239742697426279,8.170106388022976
18511,2025-05-10,1800.0,0,17.0,6261,860,8,2,0.196078431372549,0.4901960784313725,0.6507936507936508,12.718589269656412,13.495276653171391,0.8810105190222186,14,0.1,6375200.0,365,100.0,0.1624883936861652,0.4238625812441968,0.1236363636363636,0.4109090909090909,6,0,5.2,Be Happy,2025-05,0.178080216050148,0.1731634460646708,5.774890848652511
18509,2025-05-10,1900.0,0,17.0,7330,620,5,1,0.0833333333333333,0.25,0.2793981481481482,12.488239611011071,12.804097311139566,0.9873577749683944,0,0.6,375000.0,365,0.0,0.1484375,0.4453125,0.0793650793650793,0.3968253968253968,2,0,6.3,Emilia Adri,2025-05,0.10867504278818767,0.09265070959226732,10.793225485274217
18509,2025-05-10,1900.0,0,17.0,6057,175,8,2,0.1666666666666666,0.3888888888888889,0.5813953022286356,12.111348191077605,12.515644555694616,0.9273759858996676,20,0.0,380000.0,365,0.0,0.080370942812983,0.2642967542503864,0.0973451327433628,0.3716814159292035,10,0,18.2,Bitangjó,2025-05,0.09202862034241359,0.07845883248595112,12.745537606349936
18509,2025-05-10,1900.0,0,17.0,7175,2139,4,2,0.2857142857142857,0.2857142857142857,0.2857142857142857,11.878320901806688,12.360939431396783,0.993857493857494,5,0.5714285714285714,250000.0,273,0.0,0.0631578947368421,0.2368421052631578,0.1335740072202166,0.296028880866426,1,0,11.7,Fearless ASM,2025-05,0.1266858627398809,0.10800580130467953,9.25876191760334
18509,2025-05-10,1900.0,0,17.0,7198,860,3,1,0.5,0.5,0.3214285714285714,11.60832187996874,11.695906432748538,0.9925115207373272,5,0.0,0.0,130,0.0,0.1624883936861652,0.4238625812441968,0.1236363636363636,0.4109090909090909,3,0,10.2,Gabrielle,2025-05,0.09190663695335388,0.0783548357700089,12.762454163457772
18509,2025-05-10,1900.0,0,17.0,6982,635,4,0,0.1428571428571428,0.2857142857142857,0.4876108018965161,12.003681506859118,12.722646310432571,0.9140251234440948,11,0.3,340000.0,365,0.0,0.2040328092959671,0.455228981544771,0.1335740072202166,0.296028880866426,7,0,6.0,Farkasfog,2025-05,0.08998460322618484,0.07671620942017103,13.035054880293258
18511,2025-05-10,1800.0,0,17.0,6731,255,6,1,0.68,0.84,0.8097777777777777,12.808389090861066,13.315579227696404,0.9360686025657868,22,0.2,4859000.0,365,100.0,0.3742981908920773,0.6737367436057392,0.4126984126984127,0.7936507936507936,11,1,1.8,Daytona Spav,2025-05,0.3091039111216863,0.3005695951470878,3.3270164918398897
18511,2025-05-10,1800.0,0,17.0,7389,929,4,1,0.0,0.3333333333333333,0.5,13.13629191428367,13.386880856760374,0.9840687899637702,2,0.1666666666666666,5905521.0,168,100.0,0.3240997229916897,0.5858725761772853,0.1176470588235294,0.4117647058823529,0,0,7.0,Ferragni Dvs,2025-05,0.07737977554400761,0.07524333070854873,13.290214436060118
18509,2025-05-10,1900.0,0,17.0,7193,33,3,1,0.1111111111111111,0.6666666666666666,0.5836940836940836,12.162027833066372,12.804097311139566,0.93542174094845,12,0.0,345000.0,280,0.0,0.103728027815337,0.3359088275062777,0.1123595505617977,0.4089887640449438,4,0,13.6,Grazia,2025-05,0.1000499576330185,0.08529740896851992,11.723685538549741
18509,2025-05-10,1900.0,0,17.0,7329,2527,5,1,0.0,0.2857142857142857,0.3849206349206349,12.212323654716332,12.61034047919294,0.9669962137233876,2,0.2857142857142857,145000.0,198,0.0,0.0,0.1666666666666666,0.0793650793650793,0.3968253968253968,8,0,32.8,Exclusive Adri,2025-05,0.15726817399263382,0.13407869500541358,7.458306481575047
18516,2025-05-10,1960.0,0,18.0,7109,635,3,1,0.0,0.5,0.59375,12.24515823055969,12.285012285012284,0.9967558799675588,6,0.25,100000.0,91,60.0,0.2040328092959671,0.455228981544771,0.1335740072202166,0.296028880866426,9,0,49.8,Gaya T Boko,2025-05,0.2108206277092298,0.1710990230723053,5.84456873010553
18516,2025-05-10,1960.0,0,18.0,7187,5,3,0,0.1428571428571428,0.7142857142857143,0.5633477633477634,12.29111373318427,12.61034047919294,0.975734852287468,13,0.1428571428571428,602000.0,210,60.0,0.2185570115981322,0.4645277903298689,0.2441471571906354,0.4816053511705686,6,0,3.9,Genesis,2025-05,0.10197347154219945,0.08276021919556209,12.083099944878152
18512,2025-05-10,1900.0,0,18.0,5904,23,9,1,0.1011235955056179,0.3820224719101123,0.548541190395123,12.505145388844646,13.003901170351105,0.907123451930019,6,0.5,5177000.0,365,0.0,0.0822819528250137,0.3187054306088864,0.0780141843971631,0.3333333333333333,3,0,4.6,Australian Gold,2025-05,0.07031733045975368,0.08989662179502304,11.1238885292057
18512,2025-05-10,1900.0,0,18.0,5990,2277,9,1,0.0535714285714285,0.25,0.4293193413729128,12.318410293555957,12.755102040816324,0.946390525340854,3,0.1,1999000.0,365,0.0,0.0675675675675675,0.2432432432432432,0.0425531914893617,0.2765957446808511,7,0,48.8,Aranyérem M,2025-05,0.07031733045975368,0.08989662179502304,11.1238885292057
18512,2025-05-10,1900.0,0,18.0,6507,110,6,0,0.048780487804878,0.4146341463414634,0.4302106430155211,12.345380670569236,13.10615989515072,0.8737194297899137,3,0.2,1742000.0,365,0.0,0.1649988881476539,0.4136090727151434,0.1144578313253012,0.3313253012048193,4,0,9.3,Despasito,2025-05,0.11801452934741974,0.15087471952785228,6.628015635286034
18512,2025-05-10,1900.0,0,18.0,6051,1854,8,1,0.031578947368421,0.2210526315789473,0.4379205589731906,12.340478954980073,12.9366106080207,0.929879082092774,13,0.1,3071440.0,365,0.0,0.0364321608040201,0.1520100502512562,0.0355555555555555,0.1377777777777777,0,0,27.1,Briliáns BD,2025-05,0.04240826144814491,0.05421649848568063,18.444569972812143
18512,2025-05-10,1900.0,0,18.0,6119,138,8,1,0.135593220338983,0.3898305084745763,0.5800829114388436,12.57035802882589,13.280212483399737,0.919754686048191,9,0.2,4170000.0,365,0.0,0.1286644951140065,0.3778501628664495,0.1403508771929824,0.3450292397660818,0,0,3.4,Firefly Shadow,2025-05,0.08900777002175649,0.11379126292406554,8.788020927997906
18512,2025-05-10,1900.0,0,18.0,7035,1491,4,0,0.1052631578947368,0.2631578947368421,0.4306675780359991,11.954451288061632,12.34567901234568,0.9289327355930694,5,0.0,605000.0,365,0.0,0.0738255033557047,0.2416107382550335,0.0625,0.1875,3,0,10.1,Firkó,2025-05,0.04404644171396891,0.05631081678283412,17.758577430275203
18514,2025-05-10,1960.0,0,19.0,6704,23,5,1,0.0277777777777777,0.3888888888888889,0.5051807760141094,12.575385092442016,13.03780964797914,0.9279059752321728,11,0.2,2504000.0,365,60.0,0.0822819528250137,0.3187054306088864,0.0930232558139534,0.3255813953488372,12,0,13.8,Emerald,2025-05,0.09202862034241359,0.06889961784934745,14.513868599192397
18514,2025-05-10,1960.0,0,19.0,7171,110,7,2,0.0434782608695652,0.3478260869565217,0.4791925465838509,12.736100800289616,13.297872340425531,0.9778093513101728,3,0.0,4781660.0,365,60.0,0.1649988881476539,0.4136090727151434,0.1144578313253012,0.3313253012048193,5,0,3.1,Peter Piper,2025-05,0.22021502008040747,0.16486969675056332,6.065396004900356
18514,2025-05-10,1960.0,0,19.0,6617,841,6,0,0.2045454545454545,0.5,0.5957693821330184,12.698925180013015,13.10615989515072,0.9218412780042132,11,0.1,3458000.0,365,60.0,0.0888888888888888,0.2222222222222222,0.15,0.4375,7,0,4.5,Diófás,2025-05,0.18879739195108414,0.1413480731101223,7.074733867938292
18514,2025-05-10,1960.0,0,19.0,6805,138,9,1,0.024390243902439,0.2926829268292683,0.5331978319783198,12.803751984866716,13.368983957219251,0.9850843060959792,1,0.2,10693600.0,365,60.0,0.1286644951140065,0.3778501628664495,0.1058823529411764,0.3294117647058823,0,0,5.3,Guiness des Fanes,2025-05,0.07031733045975368,0.05264489654236888,18.995193564397926
18514,2025-05-10,1960.0,0,19.0,6340,33,7,2,0.1666666666666666,0.3703703703703703,0.5538720538720538,12.499186805843513,12.987012987012989,0.9060671553108476,13,0.4,3729500.0,365,60.0,0.103728027815337,0.3359088275062777,0.1123595505617977,0.4089887640449438,9,0,8.1,Cunami,2025-05,0.21474546194076538,0.16077476993079823,6.219881393271014
18514,2025-05-10,1960.0,0,19.0,5905,28,9,0,0.1808510638297872,0.5,0.6502026342451874,12.708275337717538,13.26259946949602,0.9015243416546748,8,0.1,8965500.0,365,60.0,0.1423545331529093,0.3978349120433017,0.0780141843971631,0.3333333333333333,5,0,15.9,Adamo Fling,2025-05,0.178080216050148,0.1333243809016407,7.500503608096589
18514,2025-05-10,1960.0,0,19.0,6262,27,8,2,0.0769230769230769,0.2,0.4481329781329781,12.3069807061451,12.9366106080207,0.8956212030899304,3,0.3,2758000.0,365,60.0,0.0603174603174603,0.2296296296296296,0.1376146788990825,0.3990825688073394,3,0,23.0,Bronz Boy,2025-05,0.06469177454710007,0.04843317793646323,20.64700361623687
18514,2025-05-10,1960.0,0,19.0,5894,2332,9,2,0.1917808219178082,0.4383561643835616,0.5780288204945739,12.619345565085716,13.054830287206268,0.9202940087163825,13,0.2,6884000.0,365,60.0,0.1818181818181818,0.3181818181818182,0.1236363636363636,0.4109090909090909,0,0,11.8,Apollo Creed,2025-05,0.07406224062045415,0.05544862084022718,18.03471366549327
18516,2025-05-10,1960.0,0,18.0,7167,1509,3,0,0.25,0.75,0.6909722222222222,12.210472788546468,12.87001287001287,0.9487537356700604,10,0.0,400000.0,147,60.0,0.1537216828478964,0.4563106796116505,0.1811320754716981,0.4981132075471698,1,0,7.8,Gainsville,2025-05,0.11597232023874919,0.09412148570037582,10.624566671029578
18512,2025-05-10,1900.0,0,18.0,5925,2271,9,1,0.1058823529411764,0.3176470588235294,0.5617494270435447,12.404661610240904,12.804097311139566,0.9301337412082138,8,0.0,4266640.0,365,0.0,0.2039473684210526,0.4407894736842105,0.0833333333333333,0.2794117647058823,4,0,8.7,Anikó,2025-05,0.0761728584766388,0.09738257417834574,10.268777637450897
18512,2025-05-10,1900.0,0,18.0,6690,1064,5,1,0.0344827586206896,0.4137931034482758,0.4543613474647957,12.280153948224063,12.77139208173691,0.8979042786560929,4,0.3,1137000.0,365,0.0,0.0976616231086657,0.2723521320495186,0.0833333333333333,0.2794117647058823,9,0,20.3,Enterprise,2025-05,0.0938190221786499,0.11994216928926504,8.337351291256837
18514,2025-05-10,1960.0,0,19.0,6525,898,8,0,0.1111111111111111,0.5185185185185185,0.6648943135054246,12.854900365586408,13.642564802182813,0.958258244511508,4,0.1,5602290.0,365,60.0,0.0984393757503001,0.3145258103241296,0.1179487179487179,0.2871794871794871,3,1,2.8,Big Ben Pax,2025-05,0.23275324702262878,0.17425676613846874,5.738658085766238
18512,2025-05-10,1900.0,0,18.0,6698,1076,5,2,0.0769230769230769,0.2051282051282051,0.4745855995855996,12.317613352788578,13.089005235602093,0.8824427984876971,0,0.1,1673000.0,365,0.0,0.1178781925343811,0.3732809430255402,0.1196172248803827,0.3397129186602871,1,1,3.9,Easy Bet,2025-05,0.07949039340019226,0.10162384984061171,9.84020976934464
18516,2025-05-10,1960.0,0,18.0,7186,2225,3,1,0.5,0.6666666666666666,0.6828703703703703,12.406228063314948,12.903225806451612,0.9537792098882902,17,0.0,1850000.0,245,60.0,0.1276595744680851,0.5177304964539007,0.2441471571906354,0.4816053511705686,3,0,38.4,Gina Fling,2025-05,0.10209545493125916,0.0828592191792257,12.068663087893519
18512,2025-05-10,1900.0,0,18.0,6709,5,5,2,0.0303030303030303,0.2727272727272727,0.486026936026936,12.199007031377487,12.658227848101266,0.9362855206815586,3,0.0,1270000.0,365,0.0,0.2185570115981322,0.4645277903298689,0.1564245810055866,0.3407821229050279,5,0,3.4,Eccelenza,2025-05,0.09860820819934209,0.12606486538129877,7.932424287888432
18510,2025-05-10,1980.0,0,18.0,7274,2237,4,0,0.4444444444444444,0.6666666666666666,0.6172839506172839,12.53657701376693,13.020833333333334,0.9620773516697992,9,0.3333333333333333,1100398.0,365,80.0,0.2580645161290322,0.5,0.4215686274509804,0.7254901960784313,0,1,1.5,Lucky de Sajan,2025-05,0.2152124842007955,0.2972917078337752,3.363699604292799
18510,2025-05-10,1980.0,0,18.0,6778,2271,6,1,0.1935483870967742,0.3870967741935484,0.4856537727505469,12.51685259113778,13.003901170351105,0.9152920397302272,8,0.6,2155000.0,365,80.0,0.2039473684210526,0.4407894736842105,0.1811320754716981,0.4981132075471698,1,0,4.1,Dancing Lady,2025-05,0.1105970765153567,0.15277735341782542,6.545472726347963
18510,2025-05-10,1980.0,0,18.0,7114,5,3,1,0.3333333333333333,0.3333333333333333,0.5993867243867244,11.884897644679777,12.804097311139566,0.9138526072593884,11,0.0,1190000.0,287,80.0,0.2185570115981322,0.4645277903298689,0.1564245810055866,0.3407821229050279,6,0,3.7,Ginevra,2025-05,0.10918690015872319,0.15082935426263125,6.630009157625594
18510,2025-05-10,1980.0,0,18.0,7081,138,4,1,0.1875,0.375,0.567223575036075,12.318709685208791,12.88659793814433,0.909210974826132,7,0.0,1000000.0,365,80.0,0.1286644951140065,0.3778501628664495,0.1058823529411764,0.3294117647058823,3,0,11.3,Fancy,2025-05,0.10867504278818767,0.1501222811928746,6.661236373801279
18510,2025-05-10,1980.0,0,18.0,6878,110,5,1,0.2692307692307692,0.3461538461538461,0.4642232767232767,12.505554637970992,13.123359580052494,0.8756291541200957,5,0.5,1865000.0,365,80.0,0.1649988881476539,0.4136090727151434,0.1144578313253012,0.3313253012048193,6,0,8.3,Éden Evo,2025-05,0.12401475012302399,0.17131235205785705,5.837290703137807
18508,2025-05-10,2560.0,0,18.0,6514,27,6,2,0.2702702702702703,0.5675675675675675,0.6383380133380133,12.752054571076988,13.26259946949602,0.926566895671848,13,0.2,4573000.0,365,660.0,0.0603174603174603,0.2296296296296296,0.1376146788990825,0.3990825688073394,6,1,8.5,El Valle Sagrado,2025-05,0.10965286443630855,0.0794215498317069,12.591041123208818
18510,2025-05-10,1980.0,0,18.0,6919,1854,4,1,0.15,0.35,0.5628823953823954,12.418891872115228,12.755102040816324,0.9625855158983748,15,0.0,1075000.0,365,80.0,0.0364321608040201,0.1520100502512562,0.0355555555555555,0.1377777777777777,7,0,10.8,Fermina Daza,2025-05,0.05622389415899912,0.07766695123503659,12.875489305274632
18508,2025-05-10,2560.0,0,18.0,6464,91,6,0,0.2558139534883721,0.5581395348837209,0.6156699889258029,12.80127417087121,13.422818791946307,0.9222907215098544,16,0.1,11687000.0,365,660.0,0.0952778938570831,0.3242791475135813,0.2441471571906354,0.4816053511705686,2,0,22.1,Dolomit Boy,2025-05,0.10529100646575291,0.07626225689441632,13.112646290870744
18508,2025-05-10,2560.0,0,18.0,6954,860,6,0,0.3428571428571428,0.5428571428571428,0.648344671201814,13.081013524473189,13.531799729364003,0.963734577608923,20,0.2,13047180.0,365,660.0,0.1624883936861652,0.4238625812441968,0.2441471571906354,0.4816053511705686,6,0,22.1,Palace Bo,2025-05,0.1220884124437968,0.0884286149990285,11.308556625148842
18508,2025-05-10,2560.0,0,18.0,6318,255,8,2,0.4035087719298245,0.7543859649122807,0.7689919242550821,13.044758705327672,13.58695652173913,0.8868411293083052,13,0.3,26205000.0,365,660.0,0.3742981908920773,0.6737367436057392,0.4126984126984127,0.7936507936507936,10,0,3.6,Bonaparte Boss,2025-05,0.1292866071065267,0.09364226608824737,10.678938494051518
18508,2025-05-10,2560.0,0,18.0,7173,110,7,1,0.0714285714285714,0.1428571428571428,0.3515873015873016,12.91450821043188,13.26259946949602,0.9768228973907672,2,0.0,7651970.0,365,660.0,0.1649988881476539,0.4136090727151434,0.1144578313253012,0.3313253012048193,6,0,3.6,Jula Netprice,2025-05,0.19717578838268915,0.1428143877786056,7.002095626038916
18508,2025-05-10,2560.0,0,18.0,6855,5,5,1,0.2424242424242424,0.4848484848484848,0.5224025974025974,12.824689008737108,13.245033112582782,0.944273566317,11,0.2,13725000.0,365,660.0,0.2185570115981322,0.4645277903298689,0.2441471571906354,0.4816053511705686,2,0,8.6,Eternity Bar,2025-05,0.283694788813591,0.20548008410524934,4.86665169694883
18508,2025-05-10,2560.0,0,18.0,7121,929,6,1,0.2631578947368421,0.4473684210526316,0.5266812865497076,12.994601079882637,13.623978201634875,0.9492626572575066,2,0.1,10065621.0,365,660.0,0.3240997229916897,0.5858725761772853,0.1176470588235294,0.4117647058823529,2,0,9.8,Denalda Op,2025-05,0.08605110893646876,0.06232680260205221,16.044461744409674
18508,2025-05-10,2560.0,0,18.0,6916,1401,4,1,0.6875,0.75,0.7583333333333333,12.852351867466773,13.440860215053762,0.9123332787488636,15,0.2,9500000.0,365,660.0,0.2343558282208589,0.5570552147239264,0.4215686274509804,0.7254901960784313,3,0,1.9,Freya T Boko,2025-05,0.3474031488100688,0.2516240377006938,3.974183107217672
18523,2025-05-17,1800.0,0,16.0,6345,33,8,1,0.0294117647058823,0.2058823529411764,0.4658263305322129,12.293922449842706,12.88659793814433,0.8982251564777503,3,0.4,2119000.0,365,100.0,0.1036879706507047,0.3357791079358949,0.1123595505617977,0.4089887640449438,0,0,8.2,Berna Queen M,2025-05,0.04901407162348429,0.10306100663367558,9.702990807711034
18521,2025-05-17,1800.0,0,16.0,7363,1506,4,0,0.0,0.2857142857142857,0.4841269841269841,13.15705679121591,13.333333333333334,0.9834583626960004,3,0.1428571428571428,0.0,365,100.0,0.25,0.5714285714285714,0.0789473684210526,0.4473684210526316,2,0,4.5,Flying Dancer,2025-05,0.13709604740142822,0.07634240480256808,13.098880007593905
18523,2025-05-17,1800.0,0,16.0,5730,615,12,2,0.0746268656716417,0.2313432835820895,0.4635739053649501,12.311859627620574,12.853470437017997,0.965203264304312,7,0.0,4805540.0,365,100.0,0.1121212121212121,0.3595959595959596,0.0355555555555555,0.1377777777777777,0,0,8.7,Magic Bucks,2025-05,0.018998272716999054,0.039947326260830016,25.032964496062927
18523,2025-05-17,1800.0,0,16.0,6336,39,9,2,0.0975609756097561,0.1219512195121951,0.3820170344560588,12.17311098751586,12.594458438287154,0.943429137396739,5,0.3,855000.0,365,100.0,0.1701720841300191,0.4382409177820268,0.1376146788990825,0.3990825688073394,0,0,2.0,Allegro Barbaro,2025-05,0.06843668470780055,0.1439005857509294,6.949242039437226
18521,2025-05-17,1800.0,0,16.0,6973,1791,5,2,0.2692307692307692,0.5384615384615384,0.5753357753357753,12.547710433090302,13.227513227513228,0.922102410236934,11,0.2,2665000.0,365,100.0,0.1464968152866242,0.3694267515923566,0.2152466367713004,0.5381165919282511,5,1,5.6,Edoardo Ama,2025-05,0.15772198140621185,0.08782802698548627,11.385887106006056
18521,2025-05-17,1800.0,0,16.0,6700,2271,5,2,0.25,0.7,0.7234920634920635,12.608462481389047,12.919896640826872,0.9624607049295236,21,0.1,2132000.0,365,100.0,0.2064516129032258,0.4451612903225806,0.1811320754716981,0.4981132075471698,2,0,5.5,Escobar,2025-05,0.1848054031531016,0.10290952339351614,9.71727364994293
18519,2025-05-17,1980.0,0,16.0,7118,2277,4,2,0.2857142857142857,0.3571428571428571,0.5164502164502165,12.05787526888071,12.953367875647668,0.8983598082011663,13,0.1,693000.0,343,80.0,0.0666666666666666,0.24,0.1058823529411764,0.3294117647058823,2,1,5.2,Ferrari,2025-05,0.08323530356089275,0.07037648750642933,14.209291134466518
18521,2025-05-17,1800.0,0,16.0,7127,255,4,1,0.4166666666666667,0.9166666666666666,0.8585648148148147,12.615441703650967,13.054830287206268,0.9563487772821438,16,0.0,2010000.0,365,100.0,0.3748443337484433,0.6737235367372354,0.4126984126984127,0.7936507936507936,4,0,4.2,Francesca,2025-05,0.15968315800031027,0.08892011490686585,11.246049344936083
18521,2025-05-17,1800.0,0,16.0,6787,860,6,2,0.4347826086956521,0.6521739130434783,0.6818495514147688,12.717638259869972,13.192612137203168,0.9490938901874232,18,0.2,2545000.0,365,100.0,0.1622624014835419,0.4232730644413537,0.1236363636363636,0.4109090909090909,2,0,8.6,Domperidon,2025-05,0.2355879247188568,0.1311879449217187,7.622651613276746
18521,2025-05-17,1800.0,0,16.0,6328,175,7,1,0.0526315789473684,0.2894736842105263,0.5104161919951394,12.41236143526158,12.953367875647668,0.9097944702591492,14,0.1,2971000.0,365,100.0,0.0802469135802469,0.2638888888888889,0.0973451327433628,0.3716814159292035,8,0,6.6,Credit Card,2025-05,0.1406847114364306,0.0783407646944355,12.764746475228488
18521,2025-05-17,1800.0,0,16.0,6899,1076,5,1,0.4444444444444444,0.8888888888888888,0.8365740740740741,12.61881870155851,13.192612137203168,0.9176666869686324,18,0.0,3405000.0,365,100.0,0.119140625,0.375,0.1196172248803827,0.3397129186602871,2,0,18.3,Eunike T Boko,2025-05,0.16876416901747385,0.09397690707724071,10.640912018716346
18521,2025-05-17,1800.0,0,16.0,6303,5,7,2,0.2727272727272727,0.4090909090909091,0.5433712121212122,12.479530091481262,12.987012987012989,0.8661691315658944,1,0.5,3430000.0,365,100.0,0.2184254102062321,0.4645491494806563,0.1564245810055866,0.3407821229050279,3,0,11.8,CR-Seven,2025-05,0.20133561889330545,0.11211443079553128,8.919458386438675
18521,2025-05-17,1800.0,0,16.0,7340,1401,8,2,0.1428571428571428,0.4285714285714285,0.5873015873015873,12.915243915074791,13.422818791946307,0.9644671524195636,10,0.0,3205219.0,365,100.0,0.233782129742962,0.5569155446756426,0.2152466367713004,0.5381165919282511,0,0,41.3,Great Pretender,2025-05,0.20791842540105185,0.115780089205652,8.637063651106457
18523,2025-05-17,1800.0,0,16.0,6131,1492,8,2,0.0235294117647058,0.2,0.4673015873015873,12.2435954491887,12.706480304955528,0.9217319384704712,1,0.3,2897000.0,365,100.0,0.0947712418300653,0.3562091503267974,0.1058823529411764,0.3294117647058823,1,0,8.7,Bulibáró,2025-05,0.06484401971101761,0.13634635369466794,7.334262874674196
18521,2025-05-17,1800.0,0,16.0,6898,32,5,2,0.2285714285714285,0.5428571428571428,0.6672582972582972,12.516823255366209,13.351134846461948,0.8956239656463291,12,0.1,3651000.0,365,100.0,0.0636306924516531,0.2800998128509046,0.1123595505617977,0.4089887640449438,9,0,4.3,Euzébió,2025-05,0.20220723499854407,0.11259979321698553,8.881010980836786
18523,2025-05-17,1800.0,0,16.0,6695,138,5,1,0.037037037037037,0.3703703703703703,0.4838103254769921,12.407643842724312,12.755102040816324,0.9411978052976736,11,0.0,1213000.0,365,100.0,0.128533658735001,0.3776693105552166,0.1058823529411764,0.3294117647058823,2,0,8.2,Ékszer K,2025-05,0.14396612594525018,0.3027149830572116,3.3034374113256395
18523,2025-05-17,1800.0,0,16.0,6953,2271,5,0,0.12,0.12,0.2654126984126984,12.4150795269857,12.722646310432571,0.9713141574059064,15,0.5,630000.0,365,100.0,0.2064516129032258,0.4451612903225806,0.1811320754716981,0.4981132075471698,3,1,4.2,Eposz,2025-05,0.1127800519267718,0.23714058625976764,4.216907851044038
18519,2025-05-17,1980.0,0,16.0,7097,2450,4,1,0.5714285714285714,0.8571428571428571,0.8095238095238095,12.207015461818898,12.738853503184714,0.9732629282226836,20,0.0,685000.0,365,80.0,0.4038461538461538,0.6538461538461539,0.4215686274509804,0.7254901960784313,2,0,8.6,Fortuna Ville,2025-05,0.24123497307300568,0.20396717909686096,4.902749571905954
18518,2025-05-17,1800.0,0,16.0,7109,635,3,1,0.0,0.4,0.5416666666666667,12.251353335496454,12.285012285012284,0.9972601615094114,6,0.2,100000.0,98,100.0,0.203754266211604,0.4549488054607508,0.1335740072202166,0.296028880866426,8,1,1.1,Gaya T Boko,2025-05,0.14405177781979242,0.1873981608677591,5.336231665078443
18518,2025-05-17,1800.0,0,16.0,7189,33,3,1,0.0,0.125,0.2223800505050505,11.692444498941544,12.150668286755772,0.950783407435348,3,0.125,25000.0,280,100.0,0.1036879706507047,0.3357791079358949,0.1123595505617977,0.4089887640449438,10,0,12.4,Galatea,2025-05,0.07031733045975368,0.09147640247642787,10.931781015958574
18518,2025-05-17,1800.0,0,16.0,7116,175,3,1,0.0,0.6666666666666666,0.1111111111111111,11.547851660053624,11.947431302270012,0.9665551839464884,5,0.3333333333333333,0.0,42,100.0,0.0802469135802469,0.2638888888888889,0.0973451327433628,0.3716814159292035,7,0,4.4,Golden Girl,2025-05,0.10334283113479614,0.13443955212934072,7.4382872016557045
18518,2025-05-17,1800.0,0,16.0,7064,23,3,1,0.0,0.5,0.2777777777777778,11.316486619896809,11.7096018735363,0.9664279573391874,4,0.0,35000.0,231,100.0,0.0822143052891203,0.3187174568374897,0.0780141843971631,0.3333333333333333,6,0,10.2,Ganybody,2025-05,0.07363486538330714,0.09579221136610519,10.439262083408138
18518,2025-05-17,1800.0,0,16.0,7059,138,3,1,0.0,0.0,0.125,11.65692765232466,11.806375442739078,0.9873417721518988,1,0.0,0.0,35,100.0,0.128533658735001,0.3776693105552166,0.1058823529411764,0.3294117647058823,4,0,112.2,Gatto,2025-05,0.06469177454710007,0.0841580698057346,11.882401798286718
18518,2025-05-17,1800.0,0,16.0,7188,5,3,2,0.2,0.2,0.3416666666666667,11.605690717215692,12.004801920768308,0.9667540367440672,5,0.2,0.0,231,100.0,0.2184254102062321,0.4645491494806563,0.2441471571906354,0.4816053511705686,5,0,18.7,Győcike,2025-05,0.2385928382476171,0.31038741597313946,3.221780099765832
18523,2025-05-17,1800.0,0,16.0,6799,1854,5,0,0.0232558139534883,0.1162790697674418,0.3858837544884057,12.25108602910778,12.77139208173691,0.9146996761213072,3,0.4,1060000.0,365,100.0,0.0363408521303258,0.1516290726817042,0.0355555555555555,0.1377777777777777,3,0,3.7,Exclusive Fox,2025-05,0.017543859779834747,0.03688915834291774,27.108235723463924
18518,2025-05-17,1800.0,0,16.0,7125,69,4,1,0.0,0.5,0.3263888888888889,11.979637722958682,12.31527093596059,0.972746583104245,4,0.0,85000.0,84,100.0,0.0724391624221845,0.2574985851726089,0.1196172248803827,0.3397129186602871,1,0,8.0,Florenza,2025-05,0.07406224062045415,0.09634818738149295,10.37902245156389
18525,2025-05-17,1900.0,0,16.0,6507,2094,6,0,0.0476190476190476,0.4047619047619047,0.4279040404040404,12.354158231684655,13.10615989515072,0.8737194297899137,3,0.2,1742000.0,365,0.0,0.0,0.0,0.1144578313253012,0.3313253012048193,0,0,9.0,Despasito,2025-05,0.04030153155326843,0.07203304476877209,13.882517436407491
18525,2025-05-17,1900.0,0,16.0,5610,839,11,2,0.1222222222222222,0.4111111111111111,0.5523869648869649,12.42538050289549,12.903225806451612,0.910793666045464,7,0.0,5179000.0,365,0.0,0.0517241379310344,0.1551724137931034,0.1058823529411764,0.3294117647058823,0,0,7.1,Winoc SB,2025-05,0.018998272716999054,0.03395661098745389,29.449346413559198
18525,2025-05-17,1900.0,0,16.0,6343,1975,7,2,0.0727272727272727,0.4,0.5935550308277582,12.49823831177616,12.9366106080207,0.9242660594569756,16,0.0,2694000.0,365,0.0,0.0,0.1578947368421052,0.1376146788990825,0.3990825688073394,0,0,8.1,Chicago,2025-05,0.08435904731353124,0.15077935744835846,6.632207597399382
18525,2025-05-17,1900.0,0,16.0,6080,662,8,1,0.1694915254237288,0.423728813559322,0.6101046787487465,12.434386363681142,12.82051282051282,0.9368667577956744,13,0.1,4488000.0,365,0.0,0.0263157894736842,0.1368421052631579,0.1058823529411764,0.3294117647058823,0,0,1.9,Boszi,2025-05,0.09333113829294841,0.16681564704533386,5.994641496239497
18525,2025-05-17,1900.0,0,16.0,6119,2254,8,1,0.1333333333333333,0.3833333333333333,0.5704148629148629,12.55672117319755,13.280212483399737,0.919754686048191,9,0.2,4170000.0,365,0.0,0.0,0.25,0.1403508771929824,0.3450292397660818,0,0,10.1,Firefly Shadow,2025-05,0.10425231605768204,0.1863356418578133,5.366659808235012
18525,2025-05-17,1900.0,0,16.0,6679,73,10,1,0.1379310344827586,0.2068965517241379,0.4709645718266408,12.580364079071227,13.477088948787062,0.9862385321100916,0,0.3,7206200.0,365,0.0,0.108695652173913,0.3260869565217391,0.0833333333333333,0.2794117647058823,0,0,12.2,Inforgettable,2025-05,0.0761728584766388,0.13614775204164847,7.344961521612884
18525,2025-05-17,1900.0,0,16.0,6307,1756,7,2,0.0666666666666666,0.3333333333333333,0.4862908850408851,12.396542305795704,12.97016861219196,0.8836663066753205,3,0.2,2823000.0,365,0.0,0.0,0.3333333333333333,0.1196172248803827,0.3397129186602871,0,0,6.1,Csípkedd Magad!,2025-05,0.06843668470780055,0.12232048220965294,8.17524573101368
18525,2025-05-17,1900.0,0,16.0,6475,765,6,2,0.1219512195121951,0.3902439024390244,0.4750994263189385,12.528515733095546,12.97016861219196,0.9415368908691936,7,0.2,2422000.0,365,0.0,0.1234567901234567,0.419753086419753,0.1058823529411764,0.3294117647058823,0,1,4.0,Discovery LW,2025-05,0.07363486538330714,0.13161146364096693,7.598122324115908
18519,2025-05-17,1980.0,0,16.0,7149,33,4,1,0.0952380952380952,0.3333333333333333,0.4100443207586065,12.121570712298745,12.722646310432571,0.9019814287888366,11,0.2,688000.0,365,80.0,0.1036879706507047,0.3357791079358949,0.1123595505617977,0.4089887640449438,7,0,23.7,Füge M,2025-05,0.12354878584543864,0.10446203968157627,9.572855393674336
18526,2025-05-17,1800.0,0,15.0,5531,23,11,1,0.1293103448275862,0.4482758620689655,0.6010660795143553,12.66705932460775,13.227513227513228,0.8965304900166179,5,0.3,8326000.0,365,100.0,0.0822143052891203,0.3187174568374897,0.0930232558139534,0.3255813953488372,10,0,43.2,Very Nice Photo,2025-05,0.15142471343278885,0.08664662131606847,11.541130915563487
18519,2025-05-17,1980.0,0,16.0,7247,148,4,1,0.1818181818181818,0.5454545454545454,0.6771808999081727,12.394815634217064,12.88659793814433,0.9544333801918452,16,0.0,725000.0,365,80.0,0.1279327135900841,0.4019477644975653,0.1082251082251082,0.3939393939393939,2,0,47.4,Fancy Jet,2025-05,0.1301749125123024,0.11006451243816813,9.085580609479177
18520,2025-05-17,1900.0,0,16.0,7255,1509,5,2,0.4545454545454545,0.9090909090909092,0.8906106519742883,12.8802387086815,13.10615989515072,0.9815165104800184,20,0.0,1889464.0,365,0.0,0.1529790660225443,0.4557165861513688,0.1811320754716981,0.4981132075471698,5,1,6.4,Top Hill,2025-05,0.23443370560805002,0.1521549965143634,6.57224555820354
18520,2025-05-17,1900.0,0,16.0,6727,635,6,0,0.073170731707317,0.3170731707317073,0.4132404181184669,12.378585715396284,13.0718954248366,0.8795989564936579,4,0.2,1820000.0,365,0.0,0.203754266211604,0.4549488054607508,0.1335740072202166,0.296028880866426,9,0,49.8,Västerbo No Edge,2025-05,0.16200176378091177,0.10514434236097721,9.510735219274483
18520,2025-05-17,1900.0,0,16.0,6986,5,4,0,0.8888888888888888,1.0,0.9320987654320988,12.704371662201886,13.175230566534914,0.9542903191016352,23,0.0,1900000.0,365,0.0,0.2184254102062321,0.4645491494806563,0.2441471571906354,0.4816053511705686,2,0,1.9,Face to face,2025-05,0.5777777830759684,0.37499631864788413,2.666692845427597
18520,2025-05-17,1900.0,0,16.0,7034,32,4,2,0.08,0.44,0.5135627705627706,12.127299089813675,13.020833333333334,0.8539252716947234,5,0.3,1297000.0,365,0.0,0.0636306924516531,0.2800998128509046,0.1123595505617977,0.4089887640449438,11,0,6.6,Formula,2025-05,0.08827069153388341,0.057290510883761275,17.454897583806417
18520,2025-05-17,1900.0,0,16.0,7177,2450,4,1,0.5,0.8333333333333334,0.8068181818181818,12.452517797522646,12.87001287001287,0.9675606328675096,21,0.1666666666666666,650000.0,252,0.0,0.4038461538461538,0.6538461538461539,0.4215686274509804,0.7254901960784313,0,0,2.4,Senorita,2025-05,0.1667976180712382,0.10825700566566437,9.23727747549522
18520,2025-05-17,1900.0,0,16.0,7136,620,4,2,0.125,0.5625,0.5109375,12.491274022854846,12.953367875647668,0.9433342602007097,8,0.2,1050000.0,365,0.0,0.1472868217054263,0.4418604651162791,0.0793650793650793,0.3968253968253968,3,0,24.9,First Home,2025-05,0.11426961918671925,0.07416464908046001,13.48351286493807
18520,2025-05-17,1900.0,0,16.0,6878,110,5,1,0.2592592592592592,0.3333333333333333,0.447029822029822,12.49330228502884,13.123359580052494,0.8756291541200957,5,0.5,1865000.0,365,0.0,0.1648156374944469,0.4135939582407819,0.1144578313253012,0.3313253012048193,5,0,6.0,Éden Evo,2025-05,0.1972046991189321,0.12799217684688963,7.812977516557499
18524,2025-05-17,2500.0,0,16.0,6782,33,6,1,0.0476190476190476,0.2857142857142857,0.5150115096543668,12.38441966666502,12.87001287001287,0.9133692430664944,9,0.3,1848000.0,365,600.0,0.1036879706507047,0.3357791079358949,0.1123595505617977,0.4089887640449438,3,0,3.1,Downtown Girl M,2025-05,0.10209545493125916,0.1547737477405895,6.461044037494412
18526,2025-05-17,1800.0,0,15.0,6340,33,7,2,0.1636363636363636,0.3636363636363636,0.5506198347107438,12.502365433082668,12.987012987012989,0.9060671553108476,13,0.4,3729500.0,365,100.0,0.1036879706507047,0.3357791079358949,0.1123595505617977,0.4089887640449438,8,1,12.9,Cunami,2025-05,0.2152124842007955,0.12314657362263076,8.12040457629289
18526,2025-05-17,1800.0,0,15.0,6360,860,7,0,0.0930232558139534,0.4186046511627907,0.6013532333299776,12.547630745461486,13.175230566534914,0.8999124213119433,9,0.3,6520000.0,365,100.0,0.1622624014835419,0.4232730644413537,0.1236363636363636,0.4109090909090909,5,0,5.6,Chip Chip Chip,2025-05,0.31406981746355694,0.1797136538921061,5.5644074801370715
18526,2025-05-17,1800.0,0,15.0,7171,110,7,2,0.0416666666666666,0.375,0.4904761904761905,12.734812952666392,13.297872340425531,0.9778093513101728,3,0.0,4865660.0,365,100.0,0.1648156374944469,0.4135939582407819,0.1144578313253012,0.3313253012048193,4,0,1.9,Peter Piper,2025-05,0.18616251150767008,0.10652391060996079,9.38756373356887
18526,2025-05-17,1800.0,0,15.0,6068,2225,8,1,0.1323529411764706,0.4558823529411764,0.5789624183006536,12.64826649413864,13.054830287206268,0.9193691405491446,5,0.1,5720000.0,365,100.0,0.1258741258741259,0.5104895104895105,0.2441471571906354,0.4816053511705686,3,0,25.9,Balerina R.,2025-05,0.16876416901747385,0.09656841814707152,10.355352393543638
18526,2025-05-17,1800.0,0,15.0,6909,1401,5,1,0.1904761904761904,0.3809523809523809,0.4340702947845805,12.483689782175365,12.919896640826872,0.9520046871384682,20,0.2,1333000.0,365,100.0,0.233782129742962,0.5569155446756426,0.2152466367713004,0.5381165919282511,0,0,2.9,Treue,2025-05,0.15772198140621185,0.09024997628402207,11.080335321672997
18526,2025-05-17,1800.0,0,15.0,6047,1076,8,1,0.1044776119402985,0.4477611940298507,0.5872908186341023,12.477528257108302,12.836970474967906,0.9249950499623666,10,0.2,4145000.0,365,100.0,0.119140625,0.375,0.1144578313253012,0.3313253012048193,0,0,25.9,Baraka SS,2025-05,0.11801452934741974,0.06752900502399584,14.808451563067734
18526,2025-05-17,1800.0,0,15.0,6441,1408,6,1,0.125,0.3541666666666667,0.4855143698893698,12.635147859577993,13.054830287206268,0.9073133897625992,7,0.2,6463000.0,365,100.0,0.1310679611650485,0.4004854368932038,0.1196172248803827,0.3397129186602871,4,0,11.8,Diána Gull,2025-05,0.1423490767677625,0.08145345809000232,12.27694960347842
18526,2025-05-17,1800.0,0,15.0,6003,39,9,1,0.1641791044776119,0.4328358208955223,0.5766761430940536,12.658888351811967,13.123359580052494,0.937007639440624,14,0.2,4411000.0,365,100.0,0.1701720841300191,0.4382409177820268,0.15,0.4375,9,0,12.9,Ambrosia Gielle,2025-05,0.1444296215971311,0.08264396508106504,12.10009707326004
18526,2025-05-17,1800.0,0,15.0,5570,138,11,2,0.1682242990654205,0.4485981308411215,0.6451632479669863,12.616470662876743,13.26259946949602,0.8878132078136409,5,0.1,9520000.0,365,100.0,0.128533658735001,0.3776693105552166,0.1403508771929824,0.3450292397660818,0,0,9.9,Villeneuve,2025-05,0.14946353683869043,0.08552441793307705,11.692567154125516
18524,2025-05-17,2500.0,0,16.0,6546,1408,7,2,0.1282051282051282,0.3076923076923077,0.4535510785510785,12.488425434073454,13.020833333333334,0.93419898329388,5,0.3,2248040.0,365,600.0,0.1310679611650485,0.4004854368932038,0.1196172248803827,0.3397129186602871,3,0,5.6,Count Basie AT,2025-05,0.16224217414855957,0.24595442913165005,4.065793828273521
18519,2025-05-17,1980.0,0,16.0,6674,138,6,1,0.0384615384615384,0.1153846153846153,0.3700882450882451,12.344574525675275,12.919896640826872,0.9117367662189972,7,0.0,972323.0,365,80.0,0.128533658735001,0.3776693105552166,0.1058823529411764,0.3294117647058823,0,0,94.8,Démon Jewel GG,2025-05,0.06860341876745224,0.05800504638339975,17.239879326881915
18524,2025-05-17,2500.0,0,16.0,5907,2144,9,1,0.0786516853932584,0.2808988764044944,0.4449985407850576,12.279602387537656,12.836970474967906,0.8666481041481042,10,0.4,3188000.0,365,600.0,0.0410958904109589,0.1643835616438356,0.1236363636363636,0.4109090909090909,7,0,8.5,Always Winner,2025-05,0.05463659266630808,0.08282748939640988,12.073286384596663
18524,2025-05-17,2500.0,0,16.0,5955,503,9,2,0.0606060606060606,0.2828282828282828,0.4892248604369816,12.47062568520371,12.987012987012989,0.9246423565700652,13,0.0,4162000.0,365,600.0,0.0869565217391304,0.3478260869565217,0.0425531914893617,0.2765957446808511,5,0,3.3,Atom Maki,2025-05,0.060932375490665436,0.09237171350846951,10.8258249416182
18519,2025-05-17,1980.0,0,16.0,7110,1076,3,1,0.1111111111111111,0.4444444444444444,0.370691037357704,11.96296213835162,12.330456226880395,0.9640154041383922,12,0.0,688000.0,349,80.0,0.119140625,0.375,0.1196172248803827,0.3397129186602871,0,0,2.8,Guinevere,2025-05,0.060932375490665436,0.051519083597967995,19.41028314485473
18519,2025-05-17,1980.0,0,16.0,7104,2403,4,2,0.0769230769230769,0.3076923076923077,0.4446470196470197,12.185823026420422,12.77139208173691,0.921582960178993,4,0.2,565000.0,252,80.0,0.0945945945945946,0.2702702702702703,0.1564245810055866,0.3407821229050279,5,0,31.6,Florentin,2025-05,0.10867504278818767,0.09188610437935586,10.883038374022862
18519,2025-05-17,1980.0,0,16.0,7082,2449,4,1,0.0714285714285714,0.2857142857142857,0.3789167182024325,12.186408222825325,12.531328320802006,0.9579223155120437,7,0.2,385000.0,365,80.0,0.1111111111111111,0.1111111111111111,0.081081081081081,0.2702702702702703,0,0,94.8,Fire Bird,2025-05,0.07069954772790273,0.059777349568298783,16.728744369260586
18519,2025-05-17,1980.0,0,16.0,7370,236,4,2,0.0,0.25,0.5361111111111112,12.648826060127083,12.97016861219196,0.974231280111626,7,0.0,554669.0,307,80.0,0.0441176470588235,0.1985294117647058,0.1058823529411764,0.3294117647058823,0,0,4.9,Another Star,2025-05,0.07949039340019226,0.06721011924846497,14.878711884190553
18519,2025-05-17,1980.0,0,16.0,6992,2237,4,2,0.0416666666666666,0.25,0.397327441077441,12.13821436527847,12.88659793814433,0.8828625235404897,0,0.3,720000.0,365,80.0,0.264,0.504,0.0793650793650793,0.3968253968253968,0,0,7.9,Finiselj!,2025-05,0.12167402108510335,0.10287690268935389,9.720354849908249
18522,2025-05-17,1980.0,0,16.0,6704,23,5,1,0.027027027027027,0.4054054054054054,0.5151758901758902,12.580293799708368,13.03780964797914,0.9279059752321728,11,0.2,2679000.0,365,80.0,0.0822143052891203,0.3187174568374897,0.0930232558139534,0.3255813953488372,11,1,7.2,Emerald,2025-05,0.08955722798903783,0.08745805990080252,11.434051945975352
18522,2025-05-17,1980.0,0,16.0,5228,39,12,2,0.2277227722772277,0.504950495049505,0.6260761790464761,12.689112645741178,13.26259946949602,0.8396436525612474,3,0.5,11387000.0,365,80.0,0.1701720841300191,0.4382409177820268,0.1403508771929824,0.3450292397660818,0,0,4.0,Uptown Boy M,2025-05,0.10493013262748718,0.10247063280986352,9.758893573493605
18519,2025-05-17,1980.0,0,16.0,7318,2274,4,1,0.0,0.25,0.4004208754208754,12.463708287947334,12.836970474967906,0.9559349198747796,6,0.4,603410.0,251,80.0,0.0909090909090909,0.4090909090909091,0.2152466367713004,0.5381165919282511,0,0,2.7,Clearwater Belle,2025-05,0.09444588671127956,0.07985517541012395,12.522669881621988
18522,2025-05-17,1980.0,0,16.0,6855,5,5,1,0.2352941176470588,0.4705882352941176,0.5112394957983193,12.83101420888732,13.245033112582782,0.944273566317,11,0.2,13725000.0,365,80.0,0.2184254102062321,0.4645491494806563,0.2441471571906354,0.4816053511705686,1,0,2.6,Eternity Bar,2025-05,0.2152124842007955,0.21016803174097337,4.758097564678504
18522,2025-05-17,1980.0,0,16.0,6023,148,9,0,0.2,0.5263157894736842,0.6765747702589807,12.714362922728236,13.315579227696404,0.906803376845769,6,0.2,10596100.0,365,80.0,0.1279327135900841,0.4019477644975653,0.1082251082251082,0.3939393939393939,5,0,6.8,Acélos Fiú,2025-05,0.1972046991189321,0.1925823384168883,5.192584160211371
18522,2025-05-17,1980.0,0,16.0,5906,28,9,1,0.1684210526315789,0.6210526315789474,0.6915998329156224,12.709684438948306,13.386880856760374,0.8710076069205591,6,0.0,10882440.0,365,80.0,0.1423160173160173,0.3977272727272727,0.0780141843971631,0.3333333333333333,9,0,13.6,Anybody,2025-05,0.13316787779331207,0.1300465020459971,7.689557075870465
18522,2025-05-17,1980.0,0,16.0,6300,138,7,2,0.2352941176470588,0.6470588235294118,0.6488328664799252,12.995560207011083,13.531799729364003,0.8542319979485754,1,0.4,13069202.0,365,80.0,0.128533658735001,0.3776693105552166,0.1058823529411764,0.3294117647058823,0,0,4.6,Catania R.,2025-05,0.06703209007779758,0.06546089780735068,15.276295215854935
18524,2025-05-17,2500.0,0,16.0,6987,719,4,2,0.1052631578947368,0.4736842105263157,0.5160894660894662,12.712783742214006,13.054830287206268,0.9614180995620168,12,0.0,2050000.0,365,600.0,0.1548780487804878,0.4,0.1441441441441441,0.4504504504504504,5,1,4.0,Fabrice,2025-05,0.1463907981912295,0.22192420305143024,4.5060429923826435
18524,2025-05-17,2500.0,0,16.0,6995,2449,4,0,0.0,0.2068965517241379,0.4598348012141116,12.043739723059144,12.755102040816324,0.9081070095492028,6,0.3,839000.0,365,600.0,0.1111111111111111,0.1111111111111111,0.081081081081081,0.2702702702702703,0,0,5.9,Fany,2025-05,0.060932375490665436,0.09237171350846951,10.8258249416182
18524,2025-05-17,2500.0,0,16.0,6358,1064,7,2,0.037037037037037,0.3333333333333333,0.5034852493185826,12.333482840519585,12.78772378516624,0.9147846891281032,5,0.0,2712000.0,365,600.0,0.0975274725274725,0.2733516483516483,0.0833333333333333,0.2794117647058823,5,0,6.9,Calvin,2025-05,0.07241345942020416,0.10977670366298126,9.109400871336407
18522,2025-05-17,1980.0,0,16.0,7173,110,7,1,0.0666666666666666,0.1333333333333333,0.3471957671957672,12.904755562334524,13.26259946949602,0.9768228973907672,2,0.0,7651970.0,365,80.0,0.1648156374944469,0.4135939582407819,0.1144578313253012,0.3313253012048193,5,0,3.7,Jula Netprice,2025-05,0.216897485156854,0.21181353727812455,4.721133563276161
18534,2025-06-01,1960.0,0,28.0,6308,860,7,2,0.2407407407407407,0.6296296296296297,0.6095605526161082,12.823073904765463,13.333333333333334,0.8735735460509194,15,0.3,5844000.0,365,60.0,0.1621120889300602,0.4233441408059287,0.1236363636363636,0.4109090909090909,4,0,10.3,Csábító R.,2025-06,0.14414256562789282,0.10165750433733796,9.836952092406506
18537,2025-06-01,1960.0,0,28.0,6021,1076,9,1,0.1276595744680851,0.5106382978723404,0.6317230051272604,12.513553232281287,13.03780964797914,0.8910351652697485,6,0.1,6756000.0,365,60.0,0.1184466019417475,0.3728155339805825,0.1196172248803827,0.3397129186602871,5,0,5.7,Anna,2025-06,0.18234140674273172,0.11697067232704748,8.549151510423242
18537,2025-06-01,1960.0,0,28.0,6153,1492,8,2,0.18,0.34,0.5184343434343435,12.385070298743994,12.9366106080207,0.9349530889517428,6,0.2,2523000.0,365,60.0,0.0946166394779771,0.3556280587275693,0.1153846153846153,0.2788461538461538,5,0,21.0,Bing Crosby AT,2025-06,0.19298867881298065,0.12380081910913956,8.077490982660027
18537,2025-06-01,1960.0,0,28.0,4788,32,14,2,0.1772151898734177,0.4810126582278481,0.6115129596142255,12.529972407975022,13.14060446780552,0.8871785724942964,2,0.3,11686000.0,365,60.0,0.0635910224438902,0.279925187032419,0.1123595505617977,0.4089887640449438,0,0,6.3,Szilvás,2025-06,0.13689598689476648,0.08781776949076762,11.38721702679013
18537,2025-06-01,1960.0,0,28.0,6459,929,6,2,0.25,0.375,0.4719552669552669,12.524950448495414,12.903225806451612,0.9475019190462508,25,0.2,5447700.0,365,60.0,0.3232462173314993,0.5859697386519945,0.1403508771929824,0.3450292397660818,1,0,4.5,Diamond Ville,2025-06,0.1580587774515152,0.1013935440992854,9.862560865026985
18534,2025-06-01,1960.0,0,28.0,6731,255,6,1,0.6923076923076923,0.8461538461538461,0.8170940170940171,12.822083459956346,13.315579227696404,0.9360686025657868,22,0.2,5459000.0,365,60.0,0.3746110765401369,0.6733042937149969,0.4126984126984127,0.7936507936507936,10,1,1.8,Daytona Spav,2025-06,0.320248822371165,0.22585761469840435,4.427568232912295
18534,2025-06-01,1960.0,0,28.0,6464,91,6,0,0.25,0.5681818181818182,0.6179112554112554,12.807208202289106,13.422818791946307,0.9222907215098544,16,0.1,11927000.0,365,60.0,0.0952380952380952,0.3245614035087719,0.2441471571906354,0.4816053511705686,1,0,5.1,Dolomit Boy,2025-06,0.11594542612632115,0.08177128392288141,12.229231975165035
18534,2025-06-01,1960.0,0,28.0,6901,635,5,0,0.4230769230769231,0.5769230769230769,0.6576923076923078,12.743795387475434,13.280212483399737,0.9371695852129114,22,0.0,5078000.0,365,60.0,0.203956343792633,0.4553206002728513,0.1335740072202166,0.296028880866426,5,0,5.1,Eastwood,2025-06,0.20475838581720987,0.1444072152014714,6.924861743264271
18532,2025-06-01,1960.0,0,28.0,6962,1076,4,1,0.125,0.4583333333333333,0.5882996632996633,12.202951718515092,12.9366106080207,0.8826353625709418,10,0.1,1298500.0,365,60.0,0.1184466019417475,0.3728155339805825,0.1196172248803827,0.3397129186602871,2,0,16.8,Flinga VT,2025-06,0.0834561971326669,0.08127765488070127,12.303504591363918
18534,2025-06-01,1960.0,0,28.0,7375,138,7,1,0.0,0.1818181818181818,0.4343434343434343,13.012807059769358,13.531799729364003,0.9637249818443702,6,0.0,6960332.0,365,60.0,0.1284030881755384,0.3776919951239333,0.0,0.0,0,0,7.3,Lola Dragon,2025-06,0.051165989289681114,0.03608515469030495,27.712227052435814
18534,2025-06-01,1960.0,0,28.0,5906,28,9,1,0.1666666666666666,0.6145833333333334,0.6861317791005291,12.71329021047612,13.386880856760374,0.8710076069205591,6,0.0,10882440.0,365,60.0,0.1422775223153908,0.3976196916418718,0.0780141843971631,0.3333333333333333,8,0,10.3,Anybody,2025-06,0.11480400462945302,0.08096628881083277,12.350819269194494
18534,2025-06-01,1960.0,0,28.0,7342,2036,8,1,0.0,0.2,0.3444444444444444,13.07429160274098,13.774104683195594,0.9587509295952568,5,0.2,11900123.0,365,60.0,0.037037037037037,0.1111111111111111,0.1564245810055866,0.3407821229050279,0,0,34.4,Bargecchia DR,2025-06,0.0749594656129678,0.052865662321749586,18.915870076758456
18534,2025-06-01,1960.0,0,28.0,6855,5,5,1,0.2285714285714285,0.4571428571428571,0.5109183673469387,12.841763835000435,13.245033112582782,0.944273566317,11,0.2,13781000.0,365,60.0,0.2182939672032496,0.4644200391153904,0.2441471571906354,0.4816053511705686,0,0,7.3,Eternity Bar,2025-06,0.13385102897882462,0.09439932957831958,10.593295571769263
18532,2025-06-01,1960.0,0,28.0,6912,1401,4,1,0.4,0.4,0.5266666666666666,12.568517959669444,12.88659793814433,0.9481203007518796,6,0.4,798717.0,365,60.0,0.2332112332112332,0.5555555555555556,0.2152466367713004,0.5381165919282511,2,1,1.8,Fiona TIM,2025-06,0.22031106551488241,0.2145600610204316,4.660699643932215
18532,2025-06-01,1960.0,0,28.0,7136,620,4,2,0.1176470588235294,0.5294117647058824,0.4808823529411765,12.491274022854846,12.953367875647668,0.9433342602007097,8,0.2,1050000.0,365,60.0,0.1461538461538461,0.4384615384615384,0.0793650793650793,0.3968253968253968,2,0,19.6,First Home,2025-06,0.09689840177694957,0.09436896394402922,10.596704236290078
18532,2025-06-01,1960.0,0,28.0,7247,148,4,1,0.1666666666666666,0.5,0.6707491582491582,12.386924581468143,12.88659793814433,0.9544333801918452,16,0.0,750000.0,365,60.0,0.1278195488721804,0.4015922158337019,0.1082251082251082,0.3939393939393939,1,0,7.8,Fancy Jet,2025-06,0.1276877298951149,0.1243545668204557,8.0415221215302
18537,2025-06-01,1960.0,0,28.0,5905,28,9,0,0.1789473684210526,0.4947368421052631,0.6459899749373433,12.7082551688101,13.26259946949602,0.9015243416546748,8,0.1,8965500.0,365,60.0,0.1422775223153908,0.3976196916418718,0.0780141843971631,0.3333333333333333,4,0,21.0,Adamo Fling,2025-06,0.10807124276955922,0.0693269079787814,14.424413682290085
18532,2025-06-01,1960.0,0,28.0,7105,1408,3,2,0.2857142857142857,0.5714285714285714,0.5396825396825397,12.148021915516573,12.56281407035176,0.9532688477685792,15,0.0,1388000.0,365,60.0,0.1304347826086956,0.3985507246376811,0.1196172248803827,0.3397129186602871,2,0,3.4,Gomez de Boko,2025-06,0.1033721665541331,0.10067373743499393,9.933077140855234
18534,2025-06-01,1960.0,0,28.0,5564,929,11,2,0.3,0.5222222222222223,0.6173961840628508,12.753567874823505,13.351134846461948,0.8613292228435386,4,0.3,8550000.0,365,60.0,0.3232462173314993,0.5859697386519945,0.1403508771929824,0.3450292397660818,0,0,17.2,Valentino,2025-06,0.25804782410462695,0.1819899464386981,5.494809024172345
18537,2025-06-01,1960.0,0,28.0,6702,860,5,2,0.2,0.3666666666666666,0.6088949013949014,12.496799892953131,13.089005235602093,0.9062831594516142,6,0.0,1935000.0,365,60.0,0.1621120889300602,0.4233441408059287,0.1236363636363636,0.4109090909090909,2,0,3.9,Ezigen,2025-06,0.1558686395486196,0.09998858673075912,10.00114145720167
18531,2025-06-01,1800.0,0,28.0,7200,2125,3,1,0.0,0.1428571428571428,0.294047619047619,11.83509584603037,12.285012285012284,0.9513941892802876,4,0.0,96000.0,256,100.0,0.027027027027027,0.1621621621621621,0.1058823529411764,0.3294117647058823,0,0,66.6,Icibell BD,2025-06,0.07336852699518204,0.06129824611235011,16.313680462686587
18537,2025-06-01,1960.0,0,28.0,7171,110,7,2,0.04,0.36,0.4975238095238095,12.74602496173659,13.297872340425531,0.9778093513101728,3,0.0,4913660.0,365,60.0,0.1647058823529411,0.4135405105438401,0.1144578313253012,0.3313253012048193,3,0,3.0,Peter Piper,2025-06,0.17560864488283792,0.1126516550756295,8.876922397000229
18532,2025-06-01,1960.0,0,28.0,6674,2125,6,1,0.037037037037037,0.1111111111111111,0.3823071989738656,12.345792337140166,12.919896640826872,0.9117367662189972,7,0.0,1012323.0,365,60.0,0.027027027027027,0.1621621621621621,0.1058823529411764,0.3294117647058823,6,0,39.2,Démon Jewel GG,2025-06,0.08872662236293156,0.08641050082453253,11.572667563061886
18531,2025-06-01,1800.0,0,28.0,7167,2271,3,0,0.2,0.6,0.5527777777777778,12.210472788546468,12.87001287001287,0.9487537356700604,10,0.2,400000.0,169,100.0,0.2101910828025477,0.4522292993630573,0.1811320754716981,0.4981132075471698,0,1,3.5,Gainsville,2025-06,0.11480400462945302,0.09591693357727785,10.425687756107479
18531,2025-06-01,1800.0,0,28.0,6918,929,4,2,0.375,0.625,0.4236111111111111,12.136531176242794,12.626262626262626,0.9407384713717092,15,0.375,375000.0,365,100.0,0.3232462173314993,0.5859697386519945,0.1811320754716981,0.4981132075471698,2,0,2.8,Front of the Line,2025-06,0.23365450898806253,0.19521465380041111,5.122566265042825
18537,2025-06-01,1960.0,0,28.0,6340,33,7,2,0.1785714285714285,0.375,0.5586444805194806,12.515118472267874,13.089005235602093,0.899006891762971,13,0.4,4029500.0,365,60.0,0.1037808641975308,0.3360339506172839,0.1123595505617977,0.4089887640449438,7,0,10.5,Cunami,2025-06,0.14797101418177286,0.09492231810066899,10.534930246219432
18531,2025-06-01,1800.0,0,28.0,6057,175,8,2,0.1578947368421052,0.3684210526315789,0.5741873623452571,12.138834553496643,12.57861635220126,0.9227333026160646,20,0.0,380000.0,365,100.0,0.08,0.2646153846153846,0.0973451327433628,0.3716814159292035,9,0,66.6,Bitangjó,2025-06,0.08556329210599263,0.07148677985644253,13.988600437845545
18531,2025-06-01,1800.0,0,28.0,7240,2139,3,1,0.125,0.375,0.6225198412698413,12.096750052304202,12.360939431396783,0.9713849114328564,9,0.0,321000.0,260,100.0,0.06282722513089,0.2356020942408377,0.1335740072202166,0.296028880866426,1,0,16.6,Gana Ris,2025-06,0.07439045111338298,0.06215204758106082,16.08957450188211
18531,2025-06-01,1800.0,0,28.0,7201,138,3,1,0.25,0.25,0.4494047619047619,11.66966695363829,12.18026796589525,0.9427742472453172,11,0.25,65000.0,197,100.0,0.1284030881755384,0.3776919951239333,0.1058823529411764,0.3294117647058823,0,0,33.3,Renebell BD,2025-06,0.017412935694058735,0.014548232892600271,68.73687047645726
18531,2025-06-01,1800.0,0,28.0,7193,33,3,1,0.1,0.6,0.5808802308802309,12.210075678090902,12.804097311139566,0.93542174094845,12,0.0,370000.0,302,100.0,0.1037808641975308,0.3360339506172839,0.1123595505617977,0.4089887640449438,3,0,11.1,Grazia,2025-06,0.09092152987917264,0.07596350293104437,13.164216517341846
18531,2025-06-01,1800.0,0,28.0,7197,1791,4,1,0.2222222222222222,0.3333333333333333,0.4308641975308642,12.480356583396468,12.853470437017997,0.9849483584170466,7,0.2222222222222222,361627.0,365,100.0,0.1518987341772152,0.3734177215189873,0.2152466367713004,0.5381165919282511,0,0,13.3,Flawless Hope,2025-06,0.13296972463528314,0.11109410587894529,9.001377634648405
18531,2025-06-01,1800.0,0,28.0,7309,110,3,1,0.2,0.6,0.6365079365079366,11.9056113163479,12.61034047919294,0.9441149773863884,11,0.0,350000.0,169,100.0,0.1647058823529411,0.4135405105438401,0.1144578313253012,0.3313253012048193,5,0,2.5,Goldina Amok,2025-06,0.12602154289682707,0.10528900972013615,9.497667445615205
18531,2025-06-01,1800.0,0,28.0,7109,635,3,1,0.1666666666666666,0.5,0.6180555555555556,12.313645482467516,12.56281407035176,0.9752077255055176,6,0.1666666666666666,350000.0,113,100.0,0.203956343792633,0.4553206002728513,0.1335740072202166,0.296028880866426,7,0,8.3,Gaya T Boko,2025-06,0.17560864488283792,0.14671825064978303,6.815784645544905
18537,2025-06-01,1960.0,0,28.0,6920,5,4,2,0.3125,0.5625,0.6495761183261184,12.526093389464812,12.9366106080207,0.9424624690649512,22,0.1,1472000.0,365,60.0,0.2182939672032496,0.4644200391153904,0.1564245810055866,0.3407821229050279,3,1,12.6,Fliegauf,2025-06,0.19298867881298065,0.12380081910913956,8.077490982660027
18537,2025-06-01,1960.0,0,28.0,6068,2225,8,1,0.1304347826086956,0.4492753623188406,0.5786231884057971,12.653072229370006,13.054830287206268,0.9193691405491446,5,0.1,5750000.0,365,60.0,0.125,0.5069444444444444,0.2441471571906354,0.4816053511705686,2,0,15.8,Balerina R.,2025-06,0.10807124276955922,0.0693269079787814,14.424413682290085
18531,2025-06-01,1800.0,0,28.0,7329,620,5,1,0.0,0.25,0.3784722222222222,12.23709295082974,12.61034047919294,0.9669962137233876,2,0.25,145000.0,220,100.0,0.1461538461538461,0.4384615384615384,0.0793650793650793,0.3968253968253968,1,0,22.2,Exclusive Adri,2025-06,0.0721955435971419,0.06031823699994846,16.57873389105942
18532,2025-06-01,1960.0,0,28.0,7081,138,4,1,0.1764705882352941,0.3529411764705882,0.5573868941516,12.335864437796094,12.88659793814433,0.909210974826132,7,0.0,1056000.0,365,60.0,0.1284030881755384,0.3776919951239333,0.1058823529411764,0.3294117647058823,2,0,9.0,Fancy,2025-06,0.13067315767208734,0.12726206293056838,7.85780127221087
18532,2025-06-01,1960.0,0,28.0,6983,2271,4,1,0.2142857142857142,0.3571428571428571,0.4662131519274376,12.205875454948997,12.88659793814433,0.9386633437700436,11,0.2,855000.0,365,60.0,0.2101910828025477,0.4522292993630573,0.1153846153846153,0.2788461538461538,8,0,3.9,Fondorlat,2025-06,0.15858434637387595,0.15444465739995059,6.474811216100505
18536,2025-06-01,1800.0,0,28.0,6345,32,8,1,0.0289855072463768,0.2028985507246377,0.4652864044168392,12.295098186361198,12.88659793814433,0.8982251564777503,3,0.4,2144000.0,365,100.0,0.0635910224438902,0.279925187032419,0.1123595505617977,0.4089887640449438,8,0,76.8,Berna Queen M,2025-06,0.11039989565809567,0.0964761464805541,10.365256454366799
18536,2025-06-01,1800.0,0,28.0,6518,2225,6,1,0.1379310344827586,0.5862068965517241,0.6020923520923521,12.55515261237257,12.97016861219196,0.9528652130478628,12,0.3,2029000.0,365,100.0,0.125,0.5069444444444444,0.2441471571906354,0.4816053511705686,5,0,9.6,Lolly Pop,2025-06,0.1915411576628685,0.1673837884862414,5.974294219551601
18536,2025-06-01,1800.0,0,28.0,6657,635,6,1,0.0909090909090909,0.4242424242424242,0.4514911014911015,12.325502014136877,12.853470437017997,0.8873881216581482,8,0.4,1587000.0,365,100.0,0.203956343792633,0.4553206002728513,0.1335740072202166,0.296028880866426,3,0,5.4,Dreamer,2025-06,0.07263314723968506,0.06347257948631635,15.754834734825668
18536,2025-06-01,1800.0,0,28.0,6378,1492,7,2,0.0975609756097561,0.2682926829268293,0.4077957273079224,12.371342117812729,12.78772378516624,0.9291069580626344,5,0.4,1600000.0,365,100.0,0.0946166394779771,0.3556280587275693,0.1058823529411764,0.3294117647058823,5,0,76.8,Chesterfield,2025-06,0.11480400462945302,0.10032480466726894,9.967624689791705
18536,2025-06-01,1800.0,0,28.0,6854,1076,5,1,0.1052631578947368,0.4210526315789473,0.5585811118705856,12.448041928454236,13.003901170351105,0.9332263565290698,9,0.0,2300000.0,365,100.0,0.1184466019417475,0.3728155339805825,0.1196172248803827,0.3397129186602871,6,0,2.7,Elegáns Hölgy,2025-06,0.18234140674273172,0.15934431967999854,6.2757179045242335
18530,2025-06-01,1960.0,0,28.0,7130,255,3,2,0.5,1.0,0.8854166666666667,12.492489126223187,12.853470437017997,0.971915654020164,16,0.0,1875000.0,50,60.0,0.3746110765401369,0.6733042937149969,0.4126984126984127,0.7936507936507936,6,1,6.5,Giovanni Fling,2025-06,0.16443580389022827,0.13388470630983518,7.469112997012564
18530,2025-06-01,1960.0,0,28.0,6916,1401,4,1,0.6470588235294118,0.7647058823529411,0.7641456582633053,12.865598851789084,13.440860215053762,0.9123332787488636,15,0.2,10000000.0,365,60.0,0.2332112332112332,0.5555555555555556,0.4215686274509804,0.7254901960784313,2,0,1.4,Freya T Boko,2025-06,0.28984245161215466,0.2359916185657544,4.2374386263271875
18530,2025-06-01,1960.0,0,28.0,7001,929,4,0,0.1666666666666666,0.6666666666666666,0.7069003527336861,12.570479232798132,13.245033112582782,0.9120304123634578,12,0.0,3680000.0,365,60.0,0.3232462173314993,0.5859697386519945,0.1811320754716981,0.4981132075471698,2,0,7.9,Fárosz,2025-06,0.19209071745475134,0.15640151769162985,6.393799847720513
18530,2025-06-01,1960.0,0,28.0,7114,5,3,1,0.2857142857142857,0.4285714285714285,0.5994743351886209,11.99308727138346,12.804097311139566,0.9138526072593884,11,0.0,1274000.0,309,60.0,0.2182939672032496,0.4644200391153904,0.1564245810055866,0.3407821229050279,5,0,6.5,Ginevra,2025-06,0.10027423997720082,0.08164394160016186,12.248306247845553
18530,2025-06-01,1960.0,0,28.0,7003,522,4,0,0.2,0.8666666666666667,0.7812962962962964,12.924964960698452,13.245033112582782,0.9572272231234404,14,0.1,5956711.0,365,60.0,0.3217391304347826,0.6608695652173913,0.2777777777777778,0.8888888888888888,1,0,11.0,Friday Night,2025-06,0.22266398866971335,0.1812944749473299,5.5158878961453315
18530,2025-06-01,1960.0,0,28.0,7187,91,3,0,0.125,0.625,0.4929292929292929,12.29111373318427,12.61034047919294,0.975734852287468,13,0.25,602000.0,232,60.0,0.0952380952380952,0.3245614035087719,0.2441471571906354,0.4816053511705686,3,0,36.9,Genesis,2025-06,0.06589371959368388,0.053651097186549306,18.638947802370513
18530,2025-06-01,1960.0,0,28.0,6929,148,4,1,0.1578947368421052,0.5789473684210527,0.6996677299308879,12.665241886165203,13.351134846461948,0.934482437352072,14,0.1,2495000.0,365,60.0,0.1278195488721804,0.4015922158337019,0.1082251082251082,0.3939393939393939,10,0,4.2,Fendi,2025-06,0.19298867881298065,0.15713264369873942,6.364049992802498
18535,2025-06-01,1900.0,0,28.0,6507,2401,6,0,0.0465116279069767,0.4186046511627907,0.4378863384677338,12.364346022541158,13.10615989515072,0.8737194297899137,3,0.2,1867000.0,365,0.0,0.1538461538461538,0.3461538461538461,0.1144578313253012,0.3313253012048193,2,1,9.5,Despasito,2025-06,0.09793218225240707,0.12286900809724755,8.13874886341173
18535,2025-06-01,1900.0,0,28.0,5904,1563,9,1,0.1,0.3777777777777777,0.5486191277857945,12.509407110894216,13.003901170351105,0.907123451930019,6,0.5,5202000.0,365,0.0,0.0902255639097744,0.4360902255639097,0.0780141843971631,0.3333333333333333,3,0,28.5,Australian Gold,2025-06,0.08500523492693901,0.10665042540997582,9.376427671581162
18535,2025-06-01,1900.0,0,28.0,6435,2223,6,1,0.0888888888888888,0.3777777777777777,0.492619849286516,12.539778241416323,12.9366106080207,0.9401278145315196,7,0.3,2575000.0,365,0.0,0.1428571428571428,0.4285714285714285,0.1196172248803827,0.3397129186602871,7,0,1.3,Ducks,2025-06,0.1203020562728246,0.15093500406438562,6.625368357716554
18535,2025-06-01,1900.0,0,28.0,5925,2460,9,1,0.1046511627906976,0.313953488372093,0.5629693949461391,12.410004572464445,12.853470437017997,0.9265608843277726,8,0.0,4306640.0,365,0.0,0.0,0.0,0.0833333333333333,0.2794117647058823,1,0,17.1,Anikó,2025-06,0.11382321268320084,0.14280642909377408,7.002485856875171
18535,2025-06-01,1900.0,0,28.0,5721,449,10,2,0.0689655172413793,0.3563218390804598,0.5517349189762983,12.430343315830056,12.903225806451612,0.9334754569776736,8,0.3,4094000.0,365,0.0,0.1867364746945898,0.4991273996509598,0.1441441441441441,0.4504504504504504,2,0,17.1,Zippy Boy,2025-06,0.08895424877603848,0.11160499094136139,8.960172762573064
18532,2025-06-01,1960.0,0,28.0,6999,1854,4,1,0.0625,0.125,0.2082859848484848,11.921905323843523,12.376237623762377,0.9114567692613084,5,0.6,597000.0,365,60.0,0.0362953692115143,0.1526908635794743,0.0355555555555555,0.1377777777777777,14,0,117.6,First Lady KJ,2025-06,0.01709401731689771,0.016647794744336742,60.06801593587527
18535,2025-06-01,1900.0,0,28.0,6698,1398,5,2,0.1,0.225,0.4877209595959596,12.33480772098947,13.089005235602093,0.8824427984876971,0,0.1,1923000.0,365,0.0,0.1802120141342756,0.5053003533568905,0.1196172248803827,0.3397129186602871,1,0,4.5,Easy Bet,2025-06,0.11594542612632115,0.14546902942320183,6.874315474332183
18536,2025-06-01,1800.0,0,28.0,6080,138,8,1,0.1666666666666666,0.4166666666666667,0.6070791245791246,12.43663948134203,12.82051282051282,0.9368667577956744,13,0.1,4513000.0,365,100.0,0.1284030881755384,0.3776919951239333,0.1058823529411764,0.3294117647058823,1,0,15.3,Boszi,2025-06,0.13630305727322897,0.11911237452582771,8.395433337475488
18536,2025-06-01,1800.0,0,28.0,6922,110,4,0,0.12,0.32,0.4764920634920635,12.065949364062602,12.836970474967906,0.8756634861396843,5,0.1,940000.0,365,100.0,0.1647058823529411,0.4135405105438401,0.1144578313253012,0.3313253012048193,1,0,2.9,Follow the Flow,2025-06,0.09478263556957245,0.08282855140862169,12.073131583174218
18535,2025-06-01,1900.0,0,28.0,6770,1463,5,2,0.3461538461538461,0.3846153846153846,0.5931693306693306,12.426954247224012,12.919896640826872,0.9452122954404152,19,0.0,1818000.0,365,0.0,0.1460957178841309,0.4256926952141058,0.1376146788990825,0.3990825688073394,0,0,4.2,Top of Climb,2025-06,0.1750830759604772,0.21966511297005362,4.552384247453657
18536,2025-06-01,1800.0,0,28.0,5955,503,9,2,0.06,0.28,0.4876659451659451,12.469155724346557,12.987012987012989,0.9246423565700652,13,0.0,4187000.0,365,100.0,0.086021505376344,0.3440860215053763,0.0425531914893617,0.2765957446808511,4,0,7.6,Atom Maki,2025-06,0.03291681160529455,0.02876530923489442,34.764096983422206
18536,2025-06-01,1800.0,0,28.0,6782,33,6,1,0.0465116279069767,0.2790697674418604,0.5030344978019397,12.38441966666502,12.87001287001287,0.9133692430664944,9,0.3,1848000.0,365,100.0,0.1037808641975308,0.3360339506172839,0.1123595505617977,0.4089887640449438,2,0,9.6,Downtown Girl M,2025-06,0.08126128961642583,0.07101253161065042,14.082021543504872
18533,2025-06-01,2500.0,0,28.0,6898,32,5,2,0.2222222222222222,0.5277777777777778,0.6672418630751964,12.536188176282936,13.351134846461948,0.8956239656463291,12,0.1,3699000.0,365,600.0,0.0635910224438902,0.279925187032419,0.1123595505617977,0.4089887640449438,8,0,3.0,Euzébió,2025-06,0.17016244182984033,0.11191300971016381,8.935511631666726
18533,2025-06-01,2500.0,0,28.0,6228,635,7,2,0.3018867924528302,0.5094339622641509,0.5726340221623241,12.736393292705298,13.280212483399737,0.8956569797780355,8,0.6,5296000.0,365,600.0,0.203956343792633,0.4553206002728513,0.1335740072202166,0.296028880866426,7,0,14.2,Creatine,2025-06,0.145245427886645,0.09552550378707886,10.468408543847573
18533,2025-06-01,2500.0,0,28.0,6973,1791,5,2,0.2962962962962963,0.5555555555555556,0.5910640799529688,12.584335535605774,13.280212483399737,0.9184432736883748,11,0.2,2965000.0,365,600.0,0.1518987341772152,0.3734177215189873,0.2152466367713004,0.5381165919282511,4,0,1.9,Edoardo Ama,2025-06,0.1750830759604772,0.11514922899169482,8.684382941653265
18533,2025-06-01,2500.0,0,28.0,6624,138,6,1,0.2702702702702703,0.6756756756756757,0.7128154128154128,12.66288171328045,13.10615989515072,0.8934047580845881,7,0.1,5429000.0,365,600.0,0.1284030881755384,0.3776919951239333,0.1058823529411764,0.3294117647058823,0,0,33.3,My Dyla LV,2025-06,0.1067836806178093,0.07022985188363841,14.238959262748667
18533,2025-06-01,2500.0,0,28.0,6899,1408,5,1,0.4210526315789473,0.8421052631578947,0.8042397660818713,12.644468238063364,13.192612137203168,0.9176666869686324,18,0.0,3405000.0,365,600.0,0.1304347826086956,0.3985507246376811,0.1196172248803827,0.3397129186602871,7,0,6.6,Eunike T Boko,2025-06,0.17985990395148596,0.11829086936540387,8.453737852842822
18533,2025-06-01,2500.0,0,28.0,6303,5,7,2,0.2666666666666666,0.4,0.5337654320987655,12.489742673866594,12.987012987012989,0.8661691315658944,1,0.5,3430000.0,365,600.0,0.2182939672032496,0.4644200391153904,0.1564245810055866,0.3407821229050279,2,0,7.6,CR-Seven,2025-06,0.1254990299542745,0.082538626073159,12.115539688213847
18533,2025-06-01,2500.0,0,28.0,6787,860,6,2,0.4166666666666667,0.625,0.671957671957672,12.738992013563788,13.192612137203168,0.9490938901874232,18,0.2,2545000.0,365,600.0,0.1621120889300602,0.4233441408059287,0.1236363636363636,0.4109090909090909,1,0,9.9,Domperidon,2025-06,0.2633298188447952,0.1731876450316974,5.774083941247521
18533,2025-06-01,2500.0,0,28.0,6475,91,6,2,0.1428571428571428,0.4047619047619047,0.4875970590256304,12.53313972157708,12.97016861219196,0.9415368908691936,7,0.2,2672000.0,365,600.0,0.0952380952380952,0.3245614035087719,0.1058823529411764,0.3294117647058823,1,0,49.9,Discovery LW,2025-06,0.09689840177694957,0.06372846829388548,15.691574374398488
18533,2025-06-01,2500.0,0,28.0,6864,148,7,0,0.1702127659574468,0.6808510638297872,0.6978976697061804,12.905288194923926,13.280212483399737,0.9705219939011022,7,0.2,5320600.0,365,600.0,0.1278195488721804,0.4015922158337019,0.1082251082251082,0.3939393939393939,6,1,7.6,In Love Danover,2025-06,0.16443580389022827,0.10814669512011302,9.246699576804922
18529,2025-06-01,1800.0,0,28.0,7217,522,6,0,0.3076923076923077,0.6923076923076923,0.7222222222222222,13.576825396639242,13.986013986013988,0.974690900387615,17,0.1,31010257.0,365,100.0,0.3217391304347826,0.6608695652173913,0.2777777777777778,0.8888888888888888,1,1,2.1,Uccellone,2025-06,0.26016714175542194,0.18807287695239297,5.317087802368923
18533,2025-06-01,2500.0,0,28.0,6878,110,5,1,0.25,0.3214285714285714,0.4310644712430426,12.49330228502884,13.123359580052494,0.8756291541200957,5,0.5,1865000.0,365,600.0,0.1647058823529411,0.4135405105438401,0.1144578313253012,0.3313253012048193,4,0,99.9,Éden Evo,2025-06,0.09319089353084564,0.061290101743165355,16.315848261934285
18529,2025-06-01,1800.0,0,28.0,6954,860,6,0,0.3333333333333333,0.5277777777777778,0.6462081128747795,13.079243518851426,13.531799729364003,0.963734577608923,20,0.2,13207180.0,365,100.0,0.1621120889300602,0.4233441408059287,0.2441471571906354,0.4816053511705686,5,0,51.5,Palace Bo,2025-06,0.1555369645357132,0.11243650599111167,8.893908532510357
18529,2025-06-01,1800.0,0,28.0,7402,467,6,0,0.1428571428571428,0.5714285714285714,0.619047619047619,13.25404308228257,13.831258644536652,0.9682154311033758,8,0.1428571428571428,20867542.0,365,100.0,0.1,0.3,0.0,0.0,0,0,39.6,Dustin Jet,2025-06,0.06666986520091693,0.04819514589644895,20.748977545344054
18529,2025-06-01,1800.0,0,28.0,7163,110,8,2,0.2,0.5333333333333333,0.5391534391534392,13.092765126415376,13.831258644536652,0.9624283278878526,8,0.0,13088902.0,365,100.0,0.1647058823529411,0.4135405105438401,0.1144578313253012,0.3313253012048193,1,0,15.6,Zacapa U.S.,2025-06,0.15176813552776972,0.1097120477467577,9.114769257686676
18536,2025-06-01,1800.0,0,28.0,5531,23,11,1,0.1282051282051282,0.4444444444444444,0.5997274330607664,12.66975483744188,13.227513227513228,0.8965304900166179,5,0.3,8326000.0,365,100.0,0.082420591456736,0.3187294633077766,0.0930232558139534,0.3255813953488372,9,1,6.4,Very Nice Photo,2025-06,0.12733982503414154,0.11127959441962648,8.986373514528456
18529,2025-06-01,1800.0,0,28.0,6318,255,8,2,0.396551724137931,0.7413793103448276,0.7631226053639847,13.04392487808325,13.58695652173913,0.8868411293083052,13,0.3,26305000.0,365,100.0,0.3746110765401369,0.6733042937149969,0.4126984126984127,0.7936507936507936,9,0,14.3,Bonaparte Boss,2025-06,0.17560864488283792,0.12694617328684304,7.87735442596159
18529,2025-06-01,1800.0,0,28.0,7121,929,6,1,0.2564102564102564,0.4358974358974359,0.5131766381766382,12.994601079882637,13.623978201634875,0.9492626572575066,2,0.1,10065621.0,365,100.0,0.3232462173314993,0.5859697386519945,0.1176470588235294,0.4117647058823529,1,0,28.6,Denalda Op,2025-06,0.09652422616879146,0.06977663969662203,14.33144393808364
18529,2025-06-01,1800.0,0,28.0,6783,5,5,0,0.5833333333333334,0.75,0.7557870370370371,12.965814019831786,13.531799729364003,0.9292580372813232,21,0.2,20960000.0,365,100.0,0.2182939672032496,0.4644200391153904,0.2441471571906354,0.4816053511705686,11,0,1.5,Enjoy,2025-06,0.2472766935825348,0.1787544685756746,5.594265743217805
18529,2025-06-01,1800.0,0,28.0,6903,1401,7,1,0.3548387096774194,0.7741935483870968,0.7833077316948285,13.255490063585889,13.79310344827586,0.9692821797764792,10,0.1,18826200.0,365,100.0,0.2332112332112332,0.5555555555555556,0.2152466367713004,0.5381165919282511,1,0,8.0,Cardenas Baba,2025-06,0.22977986435095468,0.16610614185414915,6.020246986881786
18547,2025-06-07,1900.0,0,30.0,6982,635,4,0,0.1333333333333333,0.2666666666666666,0.455103415103415,12.003681506859118,12.722646310432571,0.9140251234440948,11,0.3,340000.0,365,0.0,0.2036784741144414,0.4550408719346049,0.1335740072202166,0.296028880866426,6,1,14.1,Farkasfog,2025-06,0.08571044231454532,0.0854272352882831,11.705868703644638
18541,2025-06-07,1900.0,0,30.0,7053,2274,4,0,0.0769230769230769,0.5384615384615384,0.5956293706293706,12.384672646318622,12.77139208173691,0.9465794478097402,3,0.2,832000.0,365,0.0,0.0869565217391304,0.391304347826087,0.2152466367713004,0.5381165919282511,0,0,3.6,Fabio,2025-06,0.10027423997720082,0.18205792448680885,5.492757334341992
18541,2025-06-07,1900.0,0,30.0,6305,1778,7,2,0.1509433962264151,0.3773584905660377,0.4693042282664924,12.605622096029643,13.020833333333334,0.9122179204632224,10,0.4,3106000.0,365,0.0,0.0396039603960396,0.198019801980198,0.1236363636363636,0.4109090909090909,4,0,12.2,Csikós,2025-06,0.09922705466548602,0.18015665468464218,5.550724738702906
18541,2025-06-07,1900.0,0,30.0,5960,2436,9,1,0.1764705882352941,0.4411764705882353,0.6213341397164927,12.64891031768856,13.245033112582782,0.9143254789563224,16,0.1,7607400.0,365,0.0,0.03125,0.46875,0.1236363636363636,0.4109090909090909,0,0,4.9,Ann Bella M,2025-06,0.07974868888656299,0.14479173098228448,6.9064717523292245
18541,2025-06-07,1900.0,0,30.0,6506,2100,7,2,0.1951219512195122,0.5121951219512195,0.5824217787632422,12.56539634823607,13.0718954248366,0.9148341498663068,16,0.0,3549000.0,365,0.0,0.1346938775510204,0.4163265306122449,0.1403508771929824,0.3450292397660818,2,0,1.7,Charlie's World,2025-06,0.10862447569767635,0.19721861365873417,5.070515310133929
18541,2025-06-07,1900.0,0,30.0,5990,2277,9,1,0.0526315789473684,0.2456140350877192,0.4295846940583783,12.32833510599369,12.755102040816324,0.946390525340854,3,0.1,1999000.0,365,0.0,0.0789473684210526,0.25,0.0425531914893617,0.2765957446808511,6,0,8.1,Aranyérem M,2025-06,0.06971671432256699,0.12657767652482027,7.900287218527927
18541,2025-06-07,1900.0,0,30.0,6679,2271,10,1,0.135593220338983,0.2033898305084746,0.465403428962751,12.579142955988653,13.477088948787062,0.9862385321100916,0,0.3,7206200.0,365,0.0,0.2138364779874214,0.4528301886792453,0.0833333333333333,0.2794117647058823,0,1,4.3,Inforgettable,2025-06,0.09319089353084564,0.16919739966271,5.910256315956808
18547,2025-06-07,1900.0,0,30.0,7104,2403,4,2,0.0714285714285714,0.2857142857142857,0.4414579468150897,12.176778998051248,12.77139208173691,0.921582960178993,4,0.2,565000.0,273,0.0,0.0933333333333333,0.2666666666666666,0.1564245810055866,0.3407821229050279,4,0,11.0,Florentin,2025-06,0.08895424877603848,0.08866032346671855,11.27900238684987
18547,2025-06-07,1900.0,0,30.0,7106,1076,3,2,0.0,0.2222222222222222,0.5915223665223666,12.330932696789372,12.804097311139566,0.9496504323293524,5,0.0,545000.0,262,0.0,0.1177606177606177,0.3706563706563706,0.1196172248803827,0.3397129186602871,9,0,1.5,Gentleman Jack,2025-06,0.10224152108033498,0.10190369156547348,9.81318718328763
18547,2025-06-07,1900.0,0,30.0,7149,33,4,1,0.0909090909090909,0.3636363636363636,0.4277695789059425,12.132331835835512,12.722646310432571,0.9019814287888366,11,0.2,748000.0,365,0.0,0.1037208405629458,0.3360323886639676,0.1123595505617977,0.4089887640449438,6,0,6.8,Füge M,2025-06,0.09477618833382924,0.0944630259963863,10.586152512605887
18547,2025-06-07,1900.0,0,30.0,7370,138,4,2,0.0,0.2222222222222222,0.4876543209876544,12.648826060127083,12.97016861219196,0.974231280111626,7,0.1111111111111111,554669.0,328,0.0,0.1282727826263446,0.3773087071240105,0.1058823529411764,0.3294117647058823,11,0,12.1,Another Star,2025-06,0.11480400462945302,0.11442466577789533,8.739374445200967
18547,2025-06-07,1900.0,0,30.0,7329,2527,5,1,0.0,0.2222222222222222,0.4141975308641975,12.279126575111492,12.61034047919294,0.9669962137233876,2,0.2222222222222222,185000.0,226,0.0,0.0,0.1428571428571428,0.0793650793650793,0.3968253968253968,7,0,42.3,Exclusive Adri,2025-06,0.0721955435971419,0.07195699290647466,13.897189968732288
18547,2025-06-07,1900.0,0,30.0,7110,69,3,1,0.1,0.4,0.3836219336219336,11.98321093668191,12.330456226880395,0.9640154041383922,12,0.0,688000.0,365,0.0,0.0723981900452488,0.2573529411764705,0.1196172248803827,0.3397129186602871,1,0,36.3,Guinevere,2025-06,0.07117361947894096,0.07093844546073935,14.0967284172226
18547,2025-06-07,1900.0,0,30.0,7321,2271,6,1,0.5,0.5,0.5,12.254901960784316,12.254901960784316,1.0,5,0.5,0.0,56,0.0,0.2138364779874214,0.4528301886792453,0.1811320754716981,0.4981132075471698,0,0,14.9,Joy du Bosquet,2025-06,0.22300723691781363,0.2222703696855729,4.499025225065381
18547,2025-06-07,1900.0,0,30.0,7199,1854,3,1,0.0,0.3333333333333333,0.4234567901234568,11.70957254897536,12.34567901234568,0.9266713962017432,6,0.1111111111111111,520000.0,301,0.0,0.0362047440699126,0.1535580524344569,0.0355555555555555,0.1377777777777777,5,0,16.9,Gingerly KJ,2025-06,0.034506953010956444,0.03439293409699799,29.075739719667755
18548,2025-06-07,1900.0,0,30.0,7318,1791,4,1,0.0,0.2307692307692307,0.3773115773115773,12.463708287947334,12.836970474967906,0.9559349198747796,6,0.4,603410.0,272,0.0,0.15,0.36875,0.2152466367713004,0.5381165919282511,0,0,43.8,Clearwater Belle,2025-06,0.08783265575766563,0.098250338203053,10.178082012637045
18547,2025-06-07,1900.0,0,30.0,7168,1141,3,1,0.0,0.4444444444444444,0.3720538720538721,12.060232790941829,12.453300124533,0.9422060480796584,4,0.3333333333333333,629000.0,266,0.0,0.3157894736842105,0.6491228070175439,0.1811320754716981,0.4981132075471698,1,0,3.6,God save the Queen,2025-06,0.11594542612632115,0.11556231575545835,8.653339918491268
18538,2025-06-07,1800.0,0,30.0,7188,5,3,2,0.1666666666666666,0.1666666666666666,0.2847222222222222,11.605690717215692,12.004801920768308,0.9667540367440672,5,0.3333333333333333,0.0,252,100.0,0.2182802164762477,0.464371617558629,0.2441471571906354,0.4816053511705686,4,1,2.2,Győcike,2025-06,0.1455771028995514,0.27594196005082444,3.623950485152076
18538,2025-06-07,1800.0,0,30.0,7189,32,3,1,0.0,0.2222222222222222,0.2902637485970819,11.783683967629752,12.422360248447204,0.9299886306020112,3,0.1111111111111111,150000.0,301,100.0,0.0635316100903145,0.2799750856431018,0.1123595505617977,0.4089887640449438,1,0,3.6,Galatea,2025-06,0.07035474851727486,0.1333576971794476,7.498629784034055
18538,2025-06-07,1800.0,0,30.0,7116,175,3,1,0.0,0.75,0.25,11.676292514816971,11.947431302270012,0.9773056834901808,7,0.25,60000.0,63,100.0,0.0798771121351766,0.2657450076804915,0.0973451327433628,0.3716814159292035,6,0,18.3,Golden Girl,2025-06,0.06589371959368388,0.12490179964816828,8.006289763773355
18538,2025-06-07,1800.0,0,30.0,7194,33,3,1,0.0,0.2,0.2416666666666667,11.86036565227774,12.31527093596059,0.9630616909649524,6,0.0,125000.0,245,100.0,0.1037208405629458,0.3360323886639676,0.1123595505617977,0.4089887640449438,10,0,3.0,Gyémánt Lady,2025-06,0.08783265575766563,0.16648713776755802,6.006470009690212
18538,2025-06-07,1800.0,0,30.0,7198,587,3,1,0.3333333333333333,0.3333333333333333,0.2513227513227513,11.774393763401273,12.106537530266344,0.9725649248569452,5,0.0,0.0,158,100.0,0.108583247156153,0.3474663908996898,0.1236363636363636,0.4109090909090909,0,0,6.1,Gabrielle,2025-06,0.08571044231454532,0.16246447400054448,6.155191811328849
18538,2025-06-07,1800.0,0,30.0,7079,23,3,0,0.0,0.375,0.2708333333333333,11.51092892302521,12.135922330097086,0.869198312236287,3,0.625,0.0,217,100.0,0.0826491516146688,0.3191023535851122,0.0780141843971631,0.3333333333333333,10,0,4.5,Griff Grand Laser,2025-06,0.0721955435971419,0.1368469313534572,7.30743459213663
18546,2025-06-07,1900.0,0,30.0,6052,719,9,1,0.1604938271604938,0.3333333333333333,0.5421093652575134,12.550428852123655,12.953367875647668,0.9342112597386636,15,0.2,5247000.0,365,0.0,0.1559074299634592,0.4007308160779537,0.1441441441441441,0.4504504504504504,0,1,4.5,Auróra,2025-06,0.09689840177694957,0.0736952106600502,13.569402828806822
18548,2025-06-07,1900.0,0,30.0,7176,719,3,0,0.3333333333333333,0.5,0.6884259259259259,12.21060780757339,12.82051282051282,0.9498435838581762,14,0.0,715000.0,262,0.0,0.1559074299634592,0.4007308160779537,0.1441441441441441,0.4504504504504504,3,1,6.2,Get Lucky,2025-06,0.11144708096981049,0.12466563036916108,8.021457053069
18548,2025-06-07,1900.0,0,30.0,7060,635,4,0,0.3,0.5,0.5483838383838384,12.546203480186303,12.82051282051282,0.9663515752767348,12,0.2,685000.0,365,0.0,0.2036784741144414,0.4550408719346049,0.1335740072202166,0.296028880866426,3,0,5.8,Filthy Rich,2025-06,0.20475838581720987,0.22904443094556332,4.365965135549044
18548,2025-06-07,1900.0,0,30.0,7108,2450,3,2,0.4,1.0,0.9262626262626265,12.46849082853866,12.87001287001287,0.968801737377454,19,0.0,725000.0,238,0.0,0.4,0.6545454545454545,0.4215686274509804,0.7254901960784313,0,0,1.7,Gotti,2025-06,0.1254990299542745,0.14038425720819006,7.123305845590639
18548,2025-06-07,1900.0,0,30.0,7187,5,3,0,0.1111111111111111,0.5555555555555556,0.4566778900112233,12.341272490101598,12.642225031605564,0.973273982546516,13,0.2222222222222222,602000.0,238,0.0,0.2182802164762477,0.464371617558629,0.2441471571906354,0.4816053511705686,5,0,3.2,Genesis,2025-06,0.11594542612632115,0.12969751662113366,7.710247860189593
18548,2025-06-07,1900.0,0,30.0,7124,69,4,2,0.1428571428571428,0.3571428571428571,0.4686971758400329,12.445510708505354,12.919896640826872,0.932596454095298,6,0.2,650000.0,238,0.0,0.0723981900452488,0.2573529411764705,0.1196172248803827,0.3397129186602871,4,0,21.9,Fess Fiú,2025-06,0.09116598839561145,0.10197903177603389,9.805937383247546
18548,2025-06-07,1900.0,0,30.0,7099,587,4,1,0.0833333333333333,0.5,0.5839556277056277,12.258342620956844,12.836970474967906,0.9278963247019726,5,0.0,740000.0,365,0.0,0.108583247156153,0.3474663908996898,0.1376146788990825,0.3990825688073394,5,0,4.8,Fizető,2025-06,0.15731940666834512,0.17597879487686502,5.682502830524069
18546,2025-06-07,1900.0,0,30.0,6307,1076,7,2,0.0655737704918032,0.3278688524590163,0.4783189033189033,12.398335207858374,12.97016861219196,0.8836663066753205,3,0.2,2823000.0,365,0.0,0.1177606177606177,0.3706563706563706,0.1196172248803827,0.3397129186602871,1,0,64.9,Csípkedd Magad!,2025-06,0.11594542612632115,0.08818125424934657,11.34027870790248
18542,2025-06-07,1800.0,0,30.0,5831,1506,12,2,0.1238095238095238,0.4761904761904761,0.664882154882155,12.721992381713047,13.531799729364003,0.9367595940032272,5,0.1,9904900.0,365,100.0,0.2456140350877192,0.5789473684210527,0.0789473684210526,0.4473684210526316,2,0,2.3,King's Call,2025-06,0.19758318612972894,0.15654445615714901,6.3879617620961175
18546,2025-06-07,1900.0,0,30.0,6709,5,5,2,0.0294117647058823,0.2941176470588235,0.497875816993464,12.222717062645309,12.88659793814433,0.919693119049227,3,0.0,1395000.0,365,0.0,0.2182802164762477,0.464371617558629,0.1564245810055866,0.3407821229050279,4,0,4.1,Eccelenza,2025-06,0.12733982503414154,0.09684716217411714,10.325547776011703
18542,2025-06-07,1800.0,0,30.0,6163,33,8,2,0.1125,0.35,0.504092261904762,12.631119398975972,13.227513227513228,0.8867931688804555,2,0.3,5107000.0,365,100.0,0.1037208405629458,0.3360323886639676,0.1123595505617977,0.4089887640449438,6,1,3.1,Bombay,2025-06,0.1952086091041565,0.15466308721906827,6.465666876179561
18542,2025-06-07,1800.0,0,30.0,5564,615,11,2,0.2967032967032967,0.5164835164835165,0.6161061161061161,12.754011458074707,13.351134846461948,0.8613292228435386,4,0.3,8585000.0,365,100.0,0.1120080726538849,0.3592330978809283,0.1403508771929824,0.3450292397660818,0,0,5.7,Valentino,2025-06,0.162269726395607,0.12856572751433903,7.778122671833123
18542,2025-06-07,1800.0,0,30.0,6328,175,7,1,0.0519480519480519,0.2857142857142857,0.5081164146099212,12.422272841831424,13.10615989515072,0.8991880580411022,14,0.1,2971000.0,365,100.0,0.0798771121351766,0.2657450076804915,0.0973451327433628,0.3716814159292035,7,0,11.9,Credit Card,2025-06,0.09243413060903549,0.0732352331693326,13.654629837633289
18542,2025-06-07,1800.0,0,30.0,6703,28,5,0,0.1388888888888889,0.3055555555555556,0.4324545053711721,12.511358166137793,13.054830287206268,0.9000945560003086,6,0.7,2157000.0,365,100.0,0.1422005947553392,0.397404703974047,0.0780141843971631,0.3333333333333333,3,0,18.3,Etalon N,2025-06,0.09922705466548602,0.07861724275711028,12.719855911120188
18542,2025-06-07,1800.0,0,30.0,6877,23,6,1,0.119047619047619,0.3809523809523809,0.5616402116402116,12.579664536546248,13.003901170351105,0.933924972108228,18,0.1,2404000.0,365,100.0,0.0826491516146688,0.3191023535851122,0.0780141843971631,0.3333333333333333,2,0,22.9,Petra La Roque,2025-06,0.10645200560490291,0.08434154570883255,11.856552919390904
18542,2025-06-07,1800.0,0,30.0,6003,39,9,1,0.1617647058823529,0.4264705882352941,0.5698295985060691,12.659412801447589,13.123359580052494,0.937007639440624,14,0.2,4411000.0,365,100.0,0.1702290076335877,0.4381679389312977,0.15,0.4375,8,0,39.2,Ambrosia Gielle,2025-06,0.12711826711893082,0.10071535125821145,9.928972966953424
18542,2025-06-07,1800.0,0,30.0,6047,110,8,1,0.1029411764705882,0.4411764705882353,0.5835561497326203,12.483591840655231,12.853470437017997,0.9238076365477806,10,0.2,4145000.0,365,100.0,0.1645232815964523,0.4133037694013304,0.1144578313253012,0.3313253012048193,2,0,6.2,Baraka SS,2025-06,0.1558686395486196,0.12349416915502402,8.097548304039242
18542,2025-06-07,1800.0,0,30.0,6674,2125,6,1,0.0357142857142857,0.1071428571428571,0.3820462275819419,12.340763443542835,12.919896640826872,0.9117367662189972,7,0.0,1012323.0,365,100.0,0.0266666666666666,0.16,0.1058823529411764,0.3294117647058823,5,0,16.1,Démon Jewel GG,2025-06,0.0721955435971419,0.05720027260803351,17.482434163426603
18542,2025-06-07,1800.0,0,30.0,6262,27,8,2,0.0757575757575757,0.1969696969696969,0.4432370239188421,12.30713712557558,12.9366106080207,0.8956212030899304,3,0.3,2758000.0,365,100.0,0.0607822410147991,0.2299154334038055,0.1376146788990825,0.3990825688073394,2,0,7.2,Bronz Boy,2025-06,0.0537966750562191,0.04262291445289913,23.46155847941979
18543,2025-06-07,1800.0,0,30.0,6165,33,8,1,0.2297297297297297,0.527027027027027,0.5768393393393393,12.83420486183573,13.26259946949602,0.8992327998680086,5,0.4,9275000.0,365,100.0,0.1037208405629458,0.3360323886639676,0.1123595505617977,0.4089887640449438,2,1,3.9,Bűbájos,2025-06,0.13743312284350395,0.121488419472265,8.231237218690572
18543,2025-06-07,1800.0,0,30.0,5962,110,10,2,0.2127659574468085,0.425531914893617,0.5826325565687268,12.61418834150281,13.245033112582782,0.8954181902751766,7,0.0,7638000.0,365,100.0,0.1645232815964523,0.4133037694013304,0.1144578313253012,0.3313253012048193,4,0,8.4,Zénó Boko,2025-06,0.18625916292270026,0.16464976453655206,6.073497905173142
18543,2025-06-07,1800.0,0,30.0,5570,2100,11,2,0.1666666666666666,0.4537037037037037,0.6474199668644113,12.620474253673342,13.26259946949602,0.8878132078136409,5,0.1,9670000.0,365,100.0,0.1346938775510204,0.4163265306122449,0.1403508771929824,0.3450292397660818,0,0,4.9,Villeneuve,2025-06,0.12836448103189468,0.11347190250999631,8.812754328428618
18543,2025-06-07,1800.0,0,30.0,6072,148,8,2,0.2711864406779661,0.6440677966101694,0.7358286252354049,12.880588289267276,13.642564802182813,0.8718681397478778,10,0.2,9321000.0,365,100.0,0.1280918727915194,0.4019434628975265,0.1082251082251082,0.3939393939393939,0,0,2.6,Bobby Fischer,2025-06,0.15621798237164816,0.13809389890011334,7.2414495351697195
18543,2025-06-07,1800.0,0,30.0,5725,69,10,2,0.3033707865168539,0.5056179775280899,0.5762395220260389,12.758633703051336,13.280212483399737,0.9073577980352886,5,0.2,10440000.0,365,100.0,0.0723981900452488,0.2573529411764705,0.1196172248803827,0.3397129186602871,3,0,8.4,Zente,2025-06,0.18177153170108795,0.16068277890013538,6.223442280777965
18543,2025-06-07,1800.0,0,30.0,6441,1408,6,1,0.1224489795918367,0.3469387755102041,0.4801410607533056,12.63643175423779,13.054830287206268,0.9073133897625992,7,0.2,6463000.0,365,100.0,0.1298076923076923,0.3966346153846153,0.1196172248803827,0.3397129186602871,3,0,33.7,Diána Gull,2025-06,0.09689840177694957,0.08565645193608105,11.67454380139659
18543,2025-06-07,1800.0,0,30.0,6438,898,6,0,0.125,0.275,0.53552398989899,12.461067566497132,12.88659793814433,0.9376524865359366,15,0.0,2801000.0,365,100.0,0.0994011976047904,0.3149700598802395,0.1179487179487179,0.2871794871794871,1,0,5.7,Danny DeVito,2025-06,0.11718168606360753,0.10358651201700264,9.653766504232332
18545,2025-06-07,1800.0,0,30.0,6131,1492,8,2,0.0232558139534883,0.1976744186046511,0.4685123661867847,12.24509985921701,12.706480304955528,0.9217319384704712,1,0.3,2937000.0,365,100.0,0.0941558441558441,0.3555194805194805,0.1058823529411764,0.3294117647058823,0,0,4.6,Bulibáró,2025-06,0.08549798900882404,0.18240675564879147,5.482253091137776
18545,2025-06-07,1800.0,0,30.0,6336,27,9,2,0.0952380952380952,0.119047619047619,0.3763227513227513,12.177172700328564,12.594458438287154,0.943429137396739,5,0.3,855000.0,365,100.0,0.0607822410147991,0.2299154334038055,0.1376146788990825,0.3990825688073394,1,0,9.4,Allegro Barbaro,2025-06,0.06633132323622704,0.14151539246335643,7.066369124891747
18543,2025-06-07,1800.0,0,30.0,6066,860,8,1,0.1612903225806451,0.532258064516129,0.6729198668714799,12.647096170125698,13.157894736842104,0.905425041149228,11,0.0,6230080.0,365,100.0,0.1618122977346278,0.4230235783633841,0.1236363636363636,0.4109090909090909,5,0,4.9,Berill Lady,2025-06,0.12711826711893082,0.11237027172785416,8.899150857460477
18545,2025-06-07,1800.0,0,30.0,6695,138,5,1,0.0357142857142857,0.3928571428571428,0.4920415893630179,12.408169428642989,12.755102040816324,0.9411978052976736,11,0.0,1273000.0,365,100.0,0.1282727826263446,0.3773087071240105,0.1058823529411764,0.3294117647058823,1,0,2.6,Ékszer K,2025-06,0.07974868888656299,0.17014083928385096,5.877483643604641
18545,2025-06-07,1800.0,0,30.0,5700,1064,11,2,0.0714285714285714,0.3035714285714285,0.5374500747268605,12.33851220395286,12.903225806451612,0.8988963773743933,9,0.1,4784000.0,365,100.0,0.0973936899862825,0.2743484224965706,0.0833333333333333,0.2794117647058823,4,0,8.7,Vezér,2025-06,0.11480400462945302,0.24493004177894862,4.08279847068539
18546,2025-06-07,1900.0,0,30.0,5721,615,10,2,0.0681818181818181,0.3522727272727273,0.5492530827758101,12.427474762603095,12.903225806451612,0.9334754569776736,8,0.3,4119000.0,365,0.0,0.1120080726538849,0.3592330978809283,0.1441441441441441,0.4504504504504504,3,0,25.9,Zippy Boy,2025-06,0.07125195736686389,0.05419003731536317,18.453576515927118
18546,2025-06-07,1900.0,0,30.0,5904,23,9,1,0.0989010989010989,0.3846153846153846,0.5517478553192838,12.51096518443246,13.003901170351105,0.907123451930019,6,0.5,5327000.0,365,0.0,0.0826491516146688,0.3191023535851122,0.0780141843971631,0.3333333333333333,2,0,16.2,Australian Gold,2025-06,0.06946981698274612,0.052834646425267154,18.92697439386609
18546,2025-06-07,1900.0,0,30.0,6546,1408,7,2,0.125,0.3,0.4422123015873015,12.488425434073454,13.020833333333334,0.93419898329388,5,0.3,2248040.0,365,0.0,0.1298076923076923,0.3966346153846153,0.1196172248803827,0.3397129186602871,2,0,5.4,Count Basie AT,2025-06,0.1859112580617269,0.14139314039948483,7.072478885288579
18546,2025-06-07,1900.0,0,30.0,5610,2125,11,2,0.1208791208791208,0.4175824175824176,0.5541660720232149,12.42729595101181,12.903225806451612,0.910793666045464,7,0.0,5239000.0,365,0.0,0.0266666666666666,0.16,0.1058823529411764,0.3294117647058823,2,0,4.9,Winoc SB,2025-06,0.15915380915006003,0.12104300254261977,8.261526721859825
18546,2025-06-07,1900.0,0,30.0,6953,2271,5,0,0.1538461538461538,0.1538461538461538,0.2936660561660562,12.423383012258292,12.722646310432571,0.9713141574059064,15,0.5,880000.0,365,0.0,0.2138364779874214,0.4528301886792453,0.1811320754716981,0.4981132075471698,2,0,28.8,Eposz,2025-06,0.2219651440779368,0.1688136001424037,5.923693346723511
18546,2025-06-07,1900.0,0,30.0,6782,33,6,1,0.0454545454545454,0.2954545454545454,0.5092786632559361,12.393892038379445,12.87001287001287,0.9133692430664944,9,0.3,1920000.0,365,0.0,0.1037208405629458,0.3360323886639676,0.1123595505617977,0.4089887640449438,1,0,9.9,Downtown Girl M,2025-06,0.07755378137032191,0.058982833057716434,16.954085589979556
18546,2025-06-07,1900.0,0,30.0,6934,91,4,1,0.2777777777777778,0.5,0.624889770723104,12.360018283942376,12.77139208173691,0.927575071245087,12,0.1,1481000.0,365,0.0,0.0951188986232791,0.3245723821443471,0.1058823529411764,0.3294117647058823,1,0,7.2,Zaira LV,2025-06,0.1033721665541331,0.07861877441620334,12.719608101571982
18546,2025-06-07,1900.0,0,30.0,6995,1141,4,0,0.0,0.2333333333333333,0.4722847522847522,12.058196153524504,12.755102040816324,0.9081070095492028,6,0.3,964000.0,365,0.0,0.3157894736842105,0.6491228070175439,0.081081081081081,0.2702702702702703,0,0,4.2,Fany,2025-06,0.08599186067779858,0.06540033861742764,15.290440709331797
18544,2025-06-07,2400.0,0,30.0,6986,5,4,0,0.8,1.0,0.9055555555555556,12.725924160064384,13.175230566534914,0.9542903191016352,23,0.0,1960000.0,365,500.0,0.2182802164762477,0.464371617558629,0.2441471571906354,0.4816053511705686,1,0,1.7,Face to face,2025-06,0.28984245161215466,0.25439553953402166,3.9308865313900863
18544,2025-06-07,2400.0,0,30.0,7255,1141,5,2,0.5,0.9166666666666666,0.8997264309764309,12.884936366959767,13.10615989515072,0.9815165104800184,20,0.0,2139464.0,365,500.0,0.3157894736842105,0.6491228070175439,0.1811320754716981,0.4981132075471698,0,0,4.2,Top Hill,2025-06,0.16241540759801865,0.1425524626041471,7.014961241159984
18544,2025-06-07,2400.0,0,30.0,6700,2271,5,2,0.238095238095238,0.7142857142857143,0.7260770975056688,12.639207200116104,13.192612137203168,0.9425648764038486,21,0.1,2204000.0,365,500.0,0.2138364779874214,0.4528301886792453,0.1811320754716981,0.4981132075471698,1,0,2.9,Escobar,2025-06,0.2387630045413971,0.20956296437331684,4.771835533966743
18544,2025-06-07,2400.0,0,30.0,6878,110,5,1,0.2413793103448276,0.3103448275862069,0.4162001791312136,12.502826966311762,13.123359580052494,0.8756291541200957,5,0.5,1865000.0,365,500.0,0.1645232815964523,0.4133037694013304,0.1144578313253012,0.3313253012048193,3,0,47.0,Éden Evo,2025-06,0.12246536960204442,0.10748820126540423,9.30334667644919
18544,2025-06-07,2400.0,0,30.0,6920,2403,4,2,0.3529411764705882,0.5882352941176471,0.6701892878363467,12.541424557731816,12.9366106080207,0.9424624690649512,22,0.1,1772000.0,365,500.0,0.0933333333333333,0.2666666666666666,0.1564245810055866,0.3407821229050279,4,0,18.2,Fliegauf,2025-06,0.12733982503414154,0.11176652458445419,8.947222826494615
18544,2025-06-07,2400.0,0,30.0,6778,2100,6,1,0.1875,0.40625,0.4954770923520923,12.529909169319678,13.003901170351105,0.9152920397302272,8,0.6,2330000.0,365,500.0,0.1346938775510204,0.4163265306122449,0.1811320754716981,0.4981132075471698,0,0,31.3,Dancing Lady,2025-06,0.08468851819634438,0.07433135194331335,13.453273401546914
18545,2025-06-07,1800.0,0,30.0,6345,32,8,1,0.0285714285714285,0.2,0.4649886621315193,12.301359042598094,12.88659793814433,0.8982251564777503,3,0.4,2144000.0,365,100.0,0.0635316100903145,0.2799750856431018,0.1123595505617977,0.4089887640449438,7,1,4.8,Berna Queen M,2025-06,0.08783265575766563,0.18738767966951148,5.33653013775325
18544,2025-06-07,2400.0,0,30.0,6727,635,6,0,0.0714285714285714,0.3333333333333333,0.4232426303854875,12.39662941291064,13.0718954248366,0.8795989564936579,4,0.2,1945000.0,365,500.0,0.2036784741144414,0.4550408719346049,0.1335740072202166,0.296028880866426,8,1,5.0,Västerbo No Edge,2025-06,0.11382321268320084,0.09990295569534262,10.009713857210924
18545,2025-06-07,1800.0,0,30.0,6799,1854,5,0,0.0227272727272727,0.1363636363636363,0.3965941886396432,12.25627283233461,12.77139208173691,0.9146996761213072,3,0.4,1185000.0,365,100.0,0.0362047440699126,0.1535580524344569,0.0355555555555555,0.1377777777777777,2,0,2.2,Exclusive Fox,2025-06,0.034506953010956444,0.073619291155541,13.583396203682877
18552,2025-06-14,1900.0,0,26.0,7060,635,4,0,0.2727272727272727,0.5454545454545454,0.5780762167125804,12.595004371165604,12.9366106080207,0.957679189344764,12,0.2,810000.0,365,0.0,0.2041510717931269,0.4555971418849949,0.1335740072202166,0.296028880866426,2,0,20.9,Filthy Rich,2025-06,0.19890692830085754,0.1380988078236077,7.241192127286794
18552,2025-06-14,1900.0,0,26.0,7034,32,4,2,0.0769230769230769,0.4230769230769231,0.5130411255411256,12.161058807095458,13.020833333333334,0.8539252716947234,5,0.3,1337000.0,365,0.0,0.0638032990974167,0.2804232804232804,0.1123595505617977,0.4089887640449438,10,0,12.3,Formula,2025-06,0.09689840177694957,0.06727545329727962,14.864262535417751
18552,2025-06-14,1900.0,0,26.0,7105,69,3,2,0.25,0.5,0.5347222222222222,12.167591968301677,12.56281407035176,0.9532688477685792,15,0.0,1418000.0,365,0.0,0.0722755505364201,0.2569169960474308,0.1196172248803827,0.3397129186602871,4,0,69.8,Gomez de Boko,2025-06,0.09197776764631271,0.06385911323822811,15.659472067353542
18552,2025-06-14,1900.0,0,26.0,6936,138,4,0,0.0909090909090909,0.4545454545454545,0.5222943722943723,12.235488466941312,12.547051442910917,0.9439071511689936,4,0.2,1430000.0,365,0.0,0.128345498783455,0.3773317112733171,0.1058823529411764,0.3294117647058823,5,0,59.8,Aaron LV,2025-06,0.13296972463528314,0.09231936064585455,10.831964097282809
18552,2025-06-14,1900.0,0,26.0,6539,1854,6,2,0.0833333333333333,0.375,0.5769675925925927,12.380442003770906,12.87001287001287,0.9248478776026742,12,0.0,1230000.0,365,0.0,0.0360696517412935,0.1554726368159203,0.0355555555555555,0.1377777777777777,0,0,59.8,Dream Of Mine,2025-06,0.040887114902337394,0.028387456744689548,35.22682602368281
18552,2025-06-14,1900.0,0,26.0,6909,860,5,1,0.1818181818181818,0.3636363636363636,0.4143398268398268,12.38404452929774,12.919896640826872,0.9520046871384682,20,0.2,1333000.0,365,0.0,0.1617375231053604,0.4228280961182994,0.2152466367713004,0.5381165919282511,0,0,32.2,Treue,2025-06,0.12711826711893082,0.08825676054468322,11.330576760674479
18553,2025-06-14,1800.0,0,27.0,6898,32,5,2,0.2162162162162162,0.5405405405405406,0.6732323232323233,12.55003518077009,13.351134846461948,0.8956239656463291,12,0.1,3849000.0,365,100.0,0.0638032990974167,0.2804232804232804,0.1123595505617977,0.4089887640449438,7,0,2.7,Euzébió,2025-06,0.1750830759604772,0.14990928137397178,6.670701045556653
18553,2025-06-14,1800.0,0,27.0,7363,1506,4,0,0.0,0.375,0.5347222222222222,13.169624837125465,13.333333333333334,0.9834583626960004,3,0.125,150000.0,365,100.0,0.2413793103448276,0.5689655172413793,0.0789473684210526,0.4473684210526316,1,0,3.7,Flying Dancer,2025-06,0.13385102897882462,0.11460566051462225,8.72557250234959
18553,2025-06-14,1800.0,0,27.0,6787,860,6,2,0.4,0.6,0.6539682539682539,12.740612016972443,13.192612137203168,0.9490938901874232,18,0.2,2545000.0,365,100.0,0.1617375231053604,0.4228280961182994,0.1236363636363636,0.4109090909090909,0,0,8.3,Domperidon,2025-06,0.1819172129034996,0.15576079244846916,6.420100875711923
18553,2025-06-14,1800.0,0,27.0,6617,841,6,0,0.2,0.4888888888888889,0.5964189514189514,12.70169286767424,13.10615989515072,0.9218412780042132,11,0.1,3514000.0,365,100.0,0.0869565217391304,0.217391304347826,0.15,0.4375,6,0,16.6,Diófás,2025-06,0.13296972463528314,0.11385107187098951,8.78340435066919
18553,2025-06-14,1800.0,0,27.0,6303,5,7,2,0.2608695652173913,0.391304347826087,0.5294082125603865,12.49756626852966,12.987012987012989,0.8661691315658944,1,0.5,3430000.0,365,100.0,0.2182992788461538,0.4643930288461538,0.1564245810055866,0.3407821229050279,1,0,6.0,CR-Seven,2025-06,0.11412252734104793,0.0977137622721448,10.233972950656403
18552,2025-06-14,1900.0,0,26.0,6912,1401,4,1,0.4545454545454545,0.4545454545454545,0.5696969696969697,12.56996058717399,12.88659793814433,0.9481203007518796,6,0.4,1098717.0,365,0.0,0.2335766423357664,0.5559610705596107,0.2152466367713004,0.5381165919282511,1,0,3.6,Fiona TIM,2025-06,0.2677096575498581,0.18586775667553404,5.380169309008672
18553,2025-06-14,1800.0,0,27.0,7001,929,4,0,0.1578947368421052,0.6842105263157895,0.7047827903091061,12.594558229328852,13.245033112582782,0.9120304123634578,12,0.0,4040000.0,365,100.0,0.3219645293315143,0.5866302864938608,0.1811320754716981,0.4981132075471698,1,1,2.4,Fárosz,2025-06,0.15176813552776972,0.12994660967443458,7.695468181165929
18552,2025-06-14,1900.0,0,26.0,7274,2450,4,0,0.5,0.7,0.6555555555555556,12.558545344650115,13.020833333333334,0.9620773516697992,9,0.3,1450398.0,365,0.0,0.3928571428571428,0.6607142857142857,0.4215686274509804,0.7254901960784313,0,0,2.4,Lucky de Sajan,2025-06,0.23313798507054648,0.16186503945172892,6.1779863235891535
18551,2025-06-14,1800.0,0,25.0,7199,1854,3,1,0.0,0.3,0.3811111111111111,11.70957254897536,12.34567901234568,0.9266713962017432,6,0.2,520000.0,308,100.0,0.0360696517412935,0.1554726368159203,0.0355555555555555,0.1377777777777777,4,0,13.1,Gingerly KJ,2025-06,0.03552887712915739,0.0417482189727228,23.953117632476104
18558,2025-06-14,2400.0,0,26.0,6262,39,8,2,0.0746268656716417,0.1940298507462686,0.4366215459499041,12.310998374281487,12.9366106080207,0.8956212030899304,3,0.3,2758000.0,365,500.0,0.1701640595192674,0.4380007630675315,0.1376146788990825,0.3990825688073394,4,0,5.3,Bronz Boy,2025-06,0.11733261247475942,0.12388883094699828,8.071752654021061
18551,2025-06-14,1800.0,0,25.0,6918,929,4,2,0.3333333333333333,0.6666666666666666,0.4765432098765432,12.245063277730036,12.78772378516624,0.9288604603695412,15,0.3333333333333333,500000.0,365,100.0,0.3219645293315143,0.5866302864938608,0.1811320754716981,0.4981132075471698,1,1,1.8,Front of the Line,2025-06,0.15858434637387595,0.186344589332078,5.366402124066698
18551,2025-06-14,1800.0,0,25.0,7193,32,3,1,0.0909090909090909,0.5454545454545454,0.5553456644365735,12.20413493895739,12.804097311139566,0.93542174094845,12,0.0,370000.0,315,100.0,0.0638032990974167,0.2804232804232804,0.1123595505617977,0.4089887640449438,8,0,6.5,Grazia,2025-06,0.1135692944129308,0.13344963744541244,7.4934635952761575
18551,2025-06-14,1800.0,0,25.0,7188,5,3,2,0.2857142857142857,0.2857142857142857,0.3869047619047619,11.750643819148632,12.330456226880395,0.9412215171661926,5,0.2857142857142857,250000.0,259,100.0,0.2182992788461538,0.4643930288461538,0.2441471571906354,0.4816053511705686,3,0,4.7,Győcike,2025-06,0.15087532748778662,0.17728610410747206,5.64060000660736
18551,2025-06-14,1800.0,0,25.0,7055,138,4,1,0.0,0.4444444444444444,0.5858305274971942,12.21241680277013,12.40694789081886,0.9730129155414754,3,0.0,410000.0,365,100.0,0.128345498783455,0.3773317112733171,0.1058823529411764,0.3294117647058823,2,0,8.5,Feeling Great BD,2025-06,0.13296972463528314,0.15624611947729486,6.400158950157585
18551,2025-06-14,1800.0,0,25.0,7189,33,3,1,0.0,0.3,0.3362373737373737,11.803466025452924,12.422360248447204,0.9299886306020112,3,0.1,210000.0,308,100.0,0.1040061633281972,0.3360939907550077,0.1123595505617977,0.4089887640449438,9,0,7.4,Galatea,2025-06,0.11480400462945302,0.13490048409896244,7.412871841634046
18551,2025-06-14,1800.0,0,25.0,7109,635,3,1,0.1428571428571428,0.4285714285714285,0.5440476190476191,12.313645482467516,12.56281407035176,0.9752077255055176,6,0.1428571428571428,350000.0,126,100.0,0.2041510717931269,0.4555971418849949,0.1335740072202166,0.296028880866426,6,0,3.9,Gaya T Boko,2025-06,0.14469579855600992,0.17002484656605737,5.881493324044754
18558,2025-06-14,2400.0,0,26.0,6459,2100,6,2,0.2439024390243902,0.3658536585365853,0.4604441628831873,12.524950448495414,12.903225806451612,0.9475019190462508,25,0.2,5447700.0,365,500.0,0.1330645161290322,0.4153225806451613,0.1403508771929824,0.3450292397660818,0,1,7.2,Diamond Ville,2025-06,0.13944348941246668,0.14723520189407638,6.791854034468046
18558,2025-06-14,2400.0,0,26.0,6163,33,8,2,0.1234567901234567,0.3580246913580246,0.5102145796590242,12.63947161321908,13.227513227513228,0.8867931688804555,2,0.3,5407000.0,365,500.0,0.1040061633281972,0.3360939907550077,0.1123595505617977,0.4089887640449438,5,0,1.8,Bombay,2025-06,0.16190255681673685,0.17094921921789094,5.849690361705633
18558,2025-06-14,2400.0,0,26.0,6441,1408,6,1,0.12,0.34,0.4762525252525252,12.645553979095547,13.054830287206268,0.9073133897625992,7,0.2,6463000.0,365,500.0,0.1291866028708134,0.3947368421052631,0.1196172248803827,0.3397129186602871,2,0,12.9,Diána Gull,2025-06,0.10239645342032115,0.10811808106711435,9.249146767405625
18558,2025-06-14,2400.0,0,26.0,6360,860,7,0,0.0909090909090909,0.4318181818181818,0.6053628820674275,12.559329987125324,13.175230566534914,0.8999124213119433,9,0.3,6592000.0,365,500.0,0.1617375231053604,0.4228280961182994,0.1236363636363636,0.4109090909090909,4,0,2.6,Chip Chip Chip,2025-06,0.1915411576628685,0.20224394224744816,4.944523869973255
18558,2025-06-14,2400.0,0,26.0,6475,91,6,2,0.1395348837209302,0.3953488372093023,0.4788415718648277,12.538403793489731,12.97016861219196,0.9415368908691936,7,0.2,2672000.0,365,500.0,0.0950792326939116,0.3244370308590492,0.1058823529411764,0.3294117647058823,0,0,11.3,Discovery LW,2025-06,0.08571044231454532,0.09049970229362632,11.049760105900676
18558,2025-06-14,2400.0,0,26.0,6442,1076,6,1,0.0545454545454545,0.2909090909090909,0.4032539682539682,12.355048842683091,12.87001287001287,0.8860845603238185,7,0.2,2322000.0,365,500.0,0.1173076923076923,0.3730769230769231,0.1196172248803827,0.3397129186602871,5,0,18.0,Dulcinea del Toboso,2025-06,0.1487531140446663,0.1570650223328457,6.366789913802969
18552,2025-06-14,1900.0,0,26.0,6944,2271,5,1,0.6666666666666666,0.6666666666666666,0.7086700336700337,12.415934095234258,13.123359580052494,0.9062583092880564,10,0.1,1500000.0,365,0.0,0.2147239263803681,0.4478527607361963,0.1811320754716981,0.4981132075471698,1,1,1.7,Euphoria,2025-06,0.2507174362738927,0.17407025157839434,5.7448070013826555
18553,2025-06-14,1800.0,0,27.0,6878,110,5,1,0.2333333333333333,0.3,0.4134379509379509,12.510597010401238,13.123359580052494,0.8756291541200957,5,0.5,1895000.0,365,100.0,0.1644139153556392,0.4132506093507644,0.1144578313253012,0.3313253012048193,2,0,16.6,Éden Evo,2025-06,0.162269726395607,0.13893826081858243,7.197441468666017
18556,2025-06-14,1800.0,0,27.0,6854,1076,5,1,0.1025641025641025,0.4102564102564102,0.5442585192585192,12.448041928454236,13.003901170351105,0.9332263565290698,9,0.0,2300000.0,365,100.0,0.1173076923076923,0.3730769230769231,0.1196172248803827,0.3397129186602871,5,0,4.3,Elegáns Hölgy,2025-06,0.17560864488283792,0.12837929258349853,7.789418214386833
18556,2025-06-14,1800.0,0,27.0,6657,635,6,1,0.088235294117647,0.4117647058823529,0.4447478991596639,12.3340231460128,12.853470437017997,0.8873881216581482,8,0.4,1587000.0,365,100.0,0.2041510717931269,0.4555971418849949,0.1335740072202166,0.296028880866426,2,1,57.1,Dreamer,2025-06,0.060098499059677124,0.0439352105914771,22.760787681167685
18557,2025-06-14,1960.0,0,27.0,6305,2260,7,2,0.1481481481481481,0.3888888888888889,0.4717245203356314,12.60697096146738,13.020833333333334,0.9122179204632224,10,0.4,3178000.0,365,60.0,0.2826086956521739,0.5869565217391305,0.1236363636363636,0.4109090909090909,2,0,4.3,Csikós,2025-06,0.1304715760052204,0.1916028798344066,5.219128234733493
18557,2025-06-14,1960.0,0,27.0,6435,2223,6,1,0.0869565217391304,0.391304347826087,0.4964034757513018,12.53956157678519,12.9366106080207,0.9401278145315196,7,0.3,2635000.0,365,60.0,0.125,0.5,0.1196172248803827,0.3397129186602871,6,0,5.6,Ducks,2025-06,0.145245427886645,0.21329888944353903,4.688256945963629
18557,2025-06-14,1960.0,0,27.0,6438,1463,6,0,0.1219512195121951,0.2682926829268293,0.5224624291697463,12.47358185706354,12.9366106080207,0.9340275413560296,15,0.0,2801000.0,365,60.0,0.1457286432160804,0.4246231155778894,0.1179487179487179,0.2871794871794871,0,0,3.1,Danny DeVito,2025-06,0.051165989289681114,0.07513936136624154,13.308603930313387
18557,2025-06-14,1960.0,0,27.0,7247,1563,4,1,0.1538461538461538,0.5384615384615384,0.6768453768453768,12.379085174048464,12.88659793814433,0.9544333801918452,16,0.0,822000.0,365,60.0,0.0898876404494382,0.4382022471910112,0.1082251082251082,0.3939393939393939,0,0,28.2,Fancy Jet,2025-06,0.07035474851727486,0.10331884413963041,9.6787764935557
18557,2025-06-14,1960.0,0,27.0,6047,2401,8,1,0.1014492753623188,0.4347826086956521,0.578319426145513,12.486873800802757,12.853470437017997,0.9238076365477806,10,0.2,4145000.0,365,60.0,0.1851851851851851,0.3703703703703703,0.1144578313253012,0.3313253012048193,0,0,56.4,Baraka SS,2025-06,0.07439045111338298,0.10924543951959706,9.1537001855406
18557,2025-06-14,1960.0,0,27.0,6307,1398,7,2,0.064516129032258,0.3387096774193548,0.4852668388958711,12.406450449923998,12.97016861219196,0.8836663066753205,3,0.2,2948000.0,365,60.0,0.1795774647887324,0.5035211267605634,0.1196172248803827,0.3397129186602871,0,0,5.1,Csípkedd Magad!,2025-06,0.06990588953097661,0.10265967624231877,9.74092298557022
18555,2025-06-14,1960.0,0,27.0,6934,138,4,1,0.2631578947368421,0.4736842105263157,0.6015702134123186,12.360018283942376,12.77139208173691,0.927575071245087,12,0.1,1481000.0,365,60.0,0.128345498783455,0.3773317112733171,0.1058823529411764,0.3294117647058823,7,1,2.0,Zaira LV,2025-06,0.16443580389022827,0.17936977347298314,5.575075335369262
18555,2025-06-14,1960.0,0,27.0,6786,39,5,2,0.2962962962962963,0.4444444444444444,0.5433408155630377,12.493882146214236,13.003901170351105,0.9150492670543464,12,0.3,2102000.0,365,60.0,0.1701640595192674,0.4380007630675315,0.1376146788990825,0.3990825688073394,0,0,3.8,Enrico Fling,2025-06,0.12767150004704794,0.1392665557051217,7.180474845068806
18555,2025-06-14,1960.0,0,27.0,4611,33,16,1,0.1428571428571428,0.3664596273291925,0.4924119186541547,12.367254519145776,12.836970474967906,0.8903601411252664,8,0.6,7910000.0,365,60.0,0.1040061633281972,0.3360939907550077,0.1123595505617977,0.4089887640449438,3,0,7.2,Pálinka,2025-06,0.05322766055663427,0.058061767514536365,17.22303751344875
18555,2025-06-14,1960.0,0,27.0,5700,110,11,2,0.0707964601769911,0.3008849557522124,0.5362337023841449,12.33973010793624,12.903225806451612,0.8988963773743933,9,0.1,4824000.0,365,60.0,0.1644139153556392,0.4132506093507644,0.0833333333333333,0.2794117647058823,2,0,8.2,Vezér,2025-06,0.17115861177444458,0.18670314308450192,5.356096225693424
18555,2025-06-14,1960.0,0,27.0,5247,126,12,0,0.1376146788990825,0.4495412844036697,0.6006658988310364,12.458618240221936,12.953367875647668,0.9297124856905264,17,0.2,7049000.0,365,60.0,0.0762173606210303,0.2498235709244883,0.1179487179487179,0.2871794871794871,0,0,9.6,Universal Boy,2025-06,0.09689840177694957,0.10569866151673558,9.460857740773443
18555,2025-06-14,1960.0,0,27.0,6690,1064,5,1,0.0333333333333333,0.4333333333333333,0.4651418951418951,12.303748305095615,12.87001287001287,0.8910237860993412,4,0.3,1197000.0,365,60.0,0.0971272229822161,0.2749658002735978,0.0833333333333333,0.2794117647058823,8,0,4.1,Enterprise,2025-06,0.0990054967502753,0.10799712170064908,9.259506033613022
18553,2025-06-14,1800.0,0,27.0,7340,1791,8,2,0.125,0.375,0.513888888888889,12.869219856054306,13.422818791946307,0.9644671524195636,10,0.0,3205219.0,365,100.0,0.1543209876543209,0.3703703703703703,0.2152466367713004,0.5381165919282511,0,0,33.3,Great Pretender,2025-06,0.11594542612632115,0.09927456102678561,10.073074004630316
18555,2025-06-14,1960.0,0,27.0,6953,2271,5,0,0.1481481481481481,0.1481481481481481,0.28952354230132,12.423383012258292,12.722646310432571,0.9713141574059064,15,0.5,880000.0,365,60.0,0.2147239263803681,0.4478527607361963,0.1811320754716981,0.4981132075471698,1,0,8.2,Eposz,2025-06,0.16881564259529114,0.1841473867286691,5.430432751529861
18557,2025-06-14,1960.0,0,27.0,6987,449,4,2,0.15,0.5,0.5402849927849929,12.694938741527876,13.054830287206268,0.9614180995620168,12,0.0,2300000.0,365,60.0,0.1864111498257839,0.4982578397212543,0.1441441441441441,0.4504504504504504,0,1,2.0,Fabrice,2025-06,0.13941380381584167,0.20473490945426648,4.88436487292549
18554,2025-06-14,1900.0,0,27.0,6464,91,6,0,0.2444444444444444,0.5777777777777777,0.6236243386243386,12.81238433302758,13.422818791946307,0.9222907215098544,16,0.1,12102000.0,365,0.0,0.0950792326939116,0.3244370308590492,0.2441471571906354,0.4816053511705686,0,0,9.0,Dolomit Boy,2025-06,0.13296972463528314,0.09129023790336613,10.954073764804233
18555,2025-06-14,1960.0,0,27.0,5730,2024,12,2,0.074074074074074,0.2296296296296296,0.4622564267008711,12.312225894812936,12.853470437017997,0.965203264304312,7,0.0,4805540.0,365,60.0,0.0088495575221238,0.1061946902654867,0.0355555555555555,0.1377777777777777,0,0,19.3,Magic Bucks,2025-06,0.03552887712915739,0.038755590276802976,25.802729176816243
18554,2025-06-14,1900.0,0,27.0,7253,2036,8,1,0.25,0.5,0.5416666666666667,13.12271760420751,13.605442176870747,0.9697449577630278,4,0.125,13941689.0,365,0.0,0.0689655172413793,0.1379310344827586,0.1564245810055866,0.3407821229050279,9,0,4.7,Baria TRGF Risaia,2025-06,0.14414256562789282,0.09896094125384275,10.10499685360631
18556,2025-06-14,1800.0,0,27.0,6709,5,5,2,0.0285714285714285,0.2857142857142857,0.5044300144300143,12.241550620062672,12.88659793814433,0.919693119049227,3,0.0,1435000.0,365,100.0,0.2182992788461538,0.4643930288461538,0.1564245810055866,0.3407821229050279,3,0,5.1,Eccelenza,2025-06,0.10239645342032115,0.07485727289752975,13.358755419381561
18556,2025-06-14,1800.0,0,27.0,4968,1758,13,0,0.1578947368421052,0.4122807017543859,0.5589288878762563,12.39591939972179,12.903225806451612,0.8881702197554802,10,0.1,7498000.0,365,100.0,0.1393442622950819,0.4180327868852459,0.1179487179487179,0.2871794871794871,5,0,6.3,Titus Livius,2025-06,0.21593122680981955,0.15785725220433477,6.334837240835616
18556,2025-06-14,1800.0,0,27.0,5907,2144,9,1,0.0777777777777777,0.2777777777777778,0.4456096681096681,12.280716593617916,12.836970474967906,0.8666481041481042,10,0.4,3228000.0,365,100.0,0.0405405405405405,0.1621621621621621,0.1236363636363636,0.4109090909090909,6,0,57.1,Always Winner,2025-06,0.07117361947894096,0.052031714756467125,19.219047549758255
18554,2025-06-14,1900.0,0,27.0,6261,860,8,2,0.1923076923076923,0.4807692307692308,0.6465201465201466,12.725103971254834,13.495276653171391,0.8810105190222186,14,0.1,6435200.0,365,0.0,0.1617375231053604,0.4228280961182994,0.1236363636363636,0.4109090909090909,5,0,18.1,Be Happy,2025-06,0.24951986968517303,0.17130762906861047,5.837451638534381
18556,2025-06-14,1800.0,0,27.0,7124,69,4,2,0.1333333333333333,0.3333333333333333,0.4707840307840307,12.484101814096949,12.919896640826872,0.932596454095298,6,0.2,675000.0,245,100.0,0.0722755505364201,0.2569169960474308,0.1196172248803827,0.3397129186602871,3,0,6.3,Fess Fiú,2025-06,0.08904377495249112,0.06509575223356351,15.361985470449758
18556,2025-06-14,1800.0,0,27.0,5904,28,9,1,0.0978260869565217,0.3804347826086957,0.5506913074847858,12.513325581084,13.003901170351105,0.907123451930019,6,0.5,5327000.0,365,100.0,0.142085359265262,0.3973527822798487,0.0780141843971631,0.3333333333333333,1,0,11.4,Australian Gold,2025-06,0.08895424877603848,0.06503030382008498,15.377446225172706
18556,2025-06-14,1800.0,0,27.0,6696,898,5,1,0.0571428571428571,0.3714285714285714,0.5308482787054216,12.398078842181338,12.88659793814433,0.8924590797222147,10,0.2,1728000.0,365,100.0,0.0992822966507177,0.3145933014354067,0.1179487179487179,0.2871794871794871,3,0,19.0,Édes K,2025-06,0.10239645342032115,0.07485727289752975,13.358755419381561
18556,2025-06-14,1800.0,0,27.0,6922,110,4,0,0.1153846153846153,0.3076923076923077,0.4838064713064713,12.094331453421086,12.836970474967906,0.8756634861396843,5,0.1,988000.0,365,100.0,0.1644139153556392,0.4132506093507644,0.1144578313253012,0.3313253012048193,0,0,3.8,Follow the Flow,2025-06,0.0898555542031924,0.0656892061948336,15.2232011608423
18556,2025-06-14,1800.0,0,27.0,6506,2100,7,2,0.1904761904761904,0.5,0.5733164983164983,12.56657908852441,13.0718954248366,0.9148341498663068,16,0.0,3579000.0,365,100.0,0.1330645161290322,0.4153225806451613,0.1403508771929824,0.3450292397660818,1,0,7.1,Charlie's World,2025-06,0.09689840177694957,0.07083790368575488,14.116736209983225
18554,2025-06-14,1900.0,0,27.0,6318,255,8,2,0.3898305084745763,0.7288135593220338,0.7598735539413506,13.050783997656792,13.58695652173913,0.8868411293083052,13,0.3,26465000.0,365,0.0,0.3751552795031055,0.6732919254658385,0.4126984126984127,0.7936507936507936,8,1,4.9,Bonaparte Boss,2025-06,0.26844071845213574,0.18429771978292414,5.426003106158092
18554,2025-06-14,1900.0,0,27.0,6783,5,5,0,0.56,0.76,0.7598412698412699,12.989053789329752,13.531799729364003,0.9292580372813232,21,0.2,21460000.0,365,0.0,0.2182992788461538,0.4643930288461538,0.2441471571906354,0.4816053511705686,10,0,1.2,Enjoy,2025-06,0.29468073944250744,0.20231278122168964,4.942841445613974
18554,2025-06-14,1900.0,0,27.0,6855,2225,5,1,0.2222222222222222,0.4444444444444444,0.4967261904761904,12.841763835000435,13.245033112582782,0.944273566317,11,0.2,13781000.0,365,0.0,0.1232876712328767,0.5068493150684932,0.2441471571906354,0.4816053511705686,7,0,21.7,Eternity Bar,2025-06,0.15087532748778662,0.1035833125012998,9.654064692973124
18554,2025-06-14,1900.0,0,27.0,6901,635,5,0,0.4074074074074074,0.5555555555555556,0.6564814814814816,12.749283104107496,13.280212483399737,0.9371695852129114,22,0.0,5134000.0,365,0.0,0.2041510717931269,0.4555971418849949,0.1335740072202166,0.296028880866426,4,0,18.1,Eastwood,2025-06,0.21593122680981955,0.14824737826826712,6.745481853921282
18556,2025-06-14,1800.0,0,27.0,6345,32,8,1,0.0422535211267605,0.2112676056338028,0.4725240330874133,12.305256826974432,12.88659793814433,0.8982251564777503,3,0.4,2394000.0,365,100.0,0.0638032990974167,0.2804232804232804,0.1123595505617977,0.4089887640449438,6,0,11.4,Berna Queen M,2025-06,0.09319089353084564,0.06812751726827604,14.678356706617512
18556,2025-06-14,1800.0,0,27.0,6153,1492,8,2,0.1764705882352941,0.3333333333333333,0.5126262626262627,12.388106909370752,12.9366106080207,0.9349530889517428,6,0.2,2523000.0,365,100.0,0.0940032414910859,0.3549432739059968,0.1153846153846153,0.2788461538461538,4,0,14.2,Bing Crosby AT,2025-06,0.18234140674273172,0.13330130086664999,7.501802259232004
18568,2025-06-21,1900.0,0,25.0,6228,635,7,2,0.2962962962962963,0.5185185185185185,0.5764329805996473,12.742917875086905,13.280212483399737,0.8956569797780355,8,0.6,5368000.0,365,0.0,0.2042133876996262,0.455317703024125,0.1335740072202166,0.296028880866426,6,0,13.6,Creatine,2025-06,0.20326723158359528,0.1279937526514,7.812881326509508
18568,2025-06-21,1900.0,0,25.0,6165,33,8,1,0.24,0.5333333333333333,0.5824814814814815,12.840294606562503,13.26259946949602,0.8992327998680086,5,0.4,9625000.0,365,0.0,0.1039461020211742,0.3362848893166506,0.1123595505617977,0.4089887640449438,1,0,3.4,Bűbájos,2025-06,0.1420203521847725,0.08942768437089062,11.182219544594487
18568,2025-06-21,1900.0,0,25.0,6331,2139,7,0,0.2037037037037037,0.5370370370370371,0.6330026455026455,12.828602307232618,13.368983957219251,0.93040529204466,15,0.0,7086400.0,365,0.0,0.0625,0.234375,0.1335740072202166,0.296028880866426,2,0,13.6,Charming Boy,2025-06,0.13296972463528314,0.0837286655232173,11.943340954391635
18568,2025-06-21,1900.0,0,25.0,6350,1506,12,2,0.1724137931034483,0.5172413793103449,0.6327586206896553,12.801376974350562,13.66120218579235,0.9847390890239938,11,0.2,10864100.0,365,0.0,0.25,0.5833333333333334,0.0789473684210526,0.4473684210526316,1,0,13.6,Grand Illusion,2025-06,0.18310068051020303,0.11529523489322384,8.673385339178248
18568,2025-06-21,1900.0,0,25.0,6920,2403,4,2,0.3333333333333333,0.5555555555555556,0.6422158088824755,12.53898781904171,12.9366106080207,0.9424624690649512,22,0.1,1772000.0,365,0.0,0.0909090909090909,0.2597402597402597,0.1564245810055866,0.3407821229050279,3,0,6.8,Fliegauf,2025-06,0.162269726395607,0.10217835438245759,9.786808625405737
18568,2025-06-21,1900.0,0,25.0,5725,69,10,2,0.3,0.5,0.5745987654320988,12.76342169627671,13.280212483399737,0.9073577980352886,5,0.2,10475000.0,365,0.0,0.0721940214326001,0.2566271855611957,0.1196172248803827,0.3397129186602871,2,0,13.6,Zente,2025-06,0.20622305075327554,0.12985497929742107,7.700898382260649
18565,2025-06-21,1800.0,0,25.0,7104,2403,4,2,0.0666666666666666,0.2666666666666666,0.4416570466570466,12.189771306843124,12.77139208173691,0.921582960178993,4,0.2,565000.0,287,100.0,0.0909090909090909,0.2597402597402597,0.1564245810055866,0.3407821229050279,3,1,12.0,Florentin,2025-06,0.08675934125979741,0.09040230193727976,11.06166522942956
18565,2025-06-21,1800.0,0,25.0,4611,33,16,1,0.1419753086419753,0.3703703703703703,0.4940019685390056,12.367926750437864,12.836970474967906,0.8903601411252664,8,0.6,7970000.0,365,100.0,0.1039461020211742,0.3362848893166506,0.1123595505617977,0.4089887640449438,2,0,18.0,Pálinka,2025-06,0.06946981698274612,0.07238680330220439,13.8146727632818
18565,2025-06-21,1800.0,0,25.0,5695,898,11,1,0.1176470588235294,0.3176470588235294,0.5140119684237331,12.36958884933488,12.919896640826872,0.9296212831947428,5,0.1,4170000.0,365,100.0,0.0991636798088411,0.3142174432497013,0.1179487179487179,0.2871794871794871,1,0,12.0,Vinifera M,2025-06,0.13908212880293527,0.14492208469485962,6.900259557441144
18565,2025-06-21,1800.0,0,25.0,6057,175,8,2,0.15,0.4,0.5854779942279943,12.165029327146438,12.61034047919294,0.9204119609742633,20,0.0,440000.0,365,100.0,0.0796324655436447,0.2664624808575804,0.0973451327433628,0.3716814159292035,8,0,14.4,Bitangjó,2025-06,0.09243413060903549,0.0963153715010986,10.382558717417123
18568,2025-06-21,1900.0,0,25.0,5962,110,10,2,0.2105263157894736,0.431578947368421,0.5855221386800334,12.620788838267895,13.245033112582782,0.8954181902751766,7,0.0,7813000.0,365,0.0,0.1643046944198405,0.4129760850310008,0.1144578313253012,0.3313253012048193,3,0,4.5,Zénó Boko,2025-06,0.22506835063298544,0.1417215287291875,7.056090976205017
18565,2025-06-21,1800.0,0,25.0,6380,1640,7,1,0.2631578947368421,0.4473684210526316,0.6153983443457127,12.529375048721484,13.03780964797914,0.9155948303459868,5,0.1,3338000.0,365,100.0,0.0769230769230769,0.2606837606837607,0.1179487179487179,0.2871794871794871,2,0,9.0,Cukrom,2025-06,0.12767150004704794,0.13303233206297868,7.516969630560119
18568,2025-06-21,1900.0,0,25.0,6340,32,7,2,0.175438596491228,0.3684210526315789,0.5605396065922382,12.522317450241282,13.089005235602093,0.899006891762971,13,0.4,4077500.0,365,0.0,0.0637239664283493,0.2806963009014609,0.1123595505617977,0.4089887640449438,1,0,4.5,Cunami,2025-06,0.14436412354310355,0.0909035154193707,11.000674675634263
18568,2025-06-21,1900.0,0,25.0,6929,148,4,1,0.15,0.55,0.6646843434343435,12.670828738563715,13.351134846461948,0.934482437352072,14,0.1,2495000.0,365,0.0,0.1280353200883002,0.401766004415011,0.1082251082251082,0.3939393939393939,9,1,3.4,Fendi,2025-06,0.18881951769193014,0.11889628473283155,8.410691740680303
18562,2025-06-21,1900.0,0,25.0,7189,33,3,1,0.0,0.2727272727272727,0.3359733700642792,11.871558873594273,12.484394506866415,0.9253675690834918,3,0.1,235000.0,315,0.0,0.1039461020211742,0.3362848893166506,0.1123595505617977,0.4089887640449438,8,0,1.5,Galatea,2025-06,0.145245427886645,0.18627184187245752,5.368497943369839
18562,2025-06-21,1900.0,0,25.0,7125,69,4,1,0.0,0.4,0.2611111111111111,11.979637722958682,12.31527093596059,0.972746583104245,4,0.2,85000.0,119,0.0,0.0721940214326001,0.2566271855611957,0.1196172248803827,0.3397129186602871,0,0,6.8,Florenza,2025-06,0.07035474851727486,0.09022733989956681,11.08311517454812
18562,2025-06-21,1900.0,0,25.0,7198,860,3,1,0.25,0.25,0.1884920634920635,11.774393763401273,12.106537530266344,0.9725649248569452,5,0.25,0.0,172,0.0,0.1613646841862609,0.4223144306131858,0.1236363636363636,0.4109090909090909,2,0,20.4,Gabrielle,2025-06,0.1385126660267512,0.17763732599971133,5.629447495745489
18562,2025-06-21,1900.0,0,25.0,7201,91,3,1,0.2222222222222222,0.2222222222222222,0.455026455026455,11.761896093970048,12.31527093596059,0.9324393285788034,11,0.2222222222222222,65000.0,217,0.0,0.095,0.3241666666666666,0.0355555555555555,0.1377777777777777,0,0,20.4,Renebell BD,2025-06,0.028205129007498424,0.036172025563360875,27.645673263399253
18562,2025-06-21,1900.0,0,25.0,7240,635,3,1,0.1111111111111111,0.3333333333333333,0.6200176366843034,12.12271740503489,12.360939431396783,0.9713849114328564,9,0.0,346000.0,280,0.0,0.2042133876996262,0.455317703024125,0.1335740072202166,0.296028880866426,2,0,6.8,Gana Ris,2025-06,0.11594542612632115,0.1486956828554507,6.725144811178647
18562,2025-06-21,1900.0,0,25.0,7116,175,3,1,0.0,0.6,0.3,11.722818437121036,11.947431302270012,0.9811999031870308,7,0.2,85000.0,77,0.0,0.0796324655436447,0.2664624808575804,0.0973451327433628,0.3716814159292035,5,0,20.4,Golden Girl,2025-06,0.1059490293264389,0.13587567694479843,7.359668945062664
18565,2025-06-21,1800.0,0,25.0,6343,1023,7,2,0.0714285714285714,0.3928571428571428,0.5931599154813441,12.499434159157188,12.9366106080207,0.9242660594569756,16,0.0,2734000.0,365,100.0,0.0806451612903225,0.2580645161290322,0.1376146788990825,0.3990825688073394,3,0,5.5,Chicago,2025-06,0.10027423997720082,0.10448468127259412,9.57078097784556
18562,2025-06-21,1900.0,0,25.0,6960,1064,4,0,0.1052631578947368,0.2631578947368421,0.3905844155844156,11.939792807434232,12.453300124533,0.9235448063022332,10,0.1,265000.0,365,0.0,0.0969945355191256,0.2745901639344262,0.0833333333333333,0.2794117647058823,0,0,6.8,Fantom KE,2025-06,0.1043637345234553,0.13384259551043445,7.471462998653813
18565,2025-06-21,1800.0,0,25.0,5757,2100,10,1,0.1477272727272727,0.3522727272727273,0.5425718221172766,12.465451312749757,13.020833333333334,0.903557604476874,8,0.0,5695000.0,365,100.0,0.136,0.416,0.1403508771929824,0.3450292397660818,1,0,3.0,Zsofesz,2025-06,0.10239645342032115,0.10669600489117512,9.37242215413738
18562,2025-06-21,1900.0,0,25.0,7329,620,5,1,0.0,0.2,0.4061111111111111,12.285542781582606,12.61034047919294,0.9669962137233876,2,0.2,185000.0,240,0.0,0.1428571428571428,0.4360902255639097,0.0793650793650793,0.3968253968253968,0,0,4.0,Exclusive Adri,2025-06,0.07117361947894096,0.09127751135421983,10.955601058395523
18565,2025-06-21,1800.0,0,25.0,6698,1076,5,2,0.0975609756097561,0.2195121951219512,0.4758253264350825,12.33480772098947,13.089005235602093,0.8824427984876971,0,0.1,1923000.0,365,100.0,0.1168582375478927,0.3735632183908046,0.1196172248803827,0.3397129186602871,0,0,4.0,Easy Bet,2025-06,0.1276877298951149,0.13304924339038204,7.5160141802977645
18563,2025-06-21,1980.0,0,25.0,7370,138,4,2,0.0,0.2,0.4944444444444444,12.627100956172184,12.97016861219196,0.974231280111626,7,0.1,579669.0,342,80.0,0.1284440842787682,0.3772285251215559,0.1058823529411764,0.3294117647058823,10,0,7.0,Another Star,2025-06,0.12711826711893082,0.1497311950961923,6.678634998923015
18563,2025-06-21,1980.0,0,25.0,7097,2450,4,1,0.5,0.875,0.8208333333333333,12.253465573116692,12.738853503184714,0.9732629282226836,20,0.0,810000.0,365,80.0,0.3859649122807017,0.6666666666666666,0.4215686274509804,0.7254901960784313,1,0,2.4,Fortuna Ville,2025-06,0.2507174362738927,0.295317283782834,3.386188533195927
18563,2025-06-21,1980.0,0,25.0,7149,33,4,1,0.0869565217391304,0.3478260869565217,0.4381564088085827,12.149224903661697,12.722646310432571,0.9019814287888366,11,0.2,788000.0,365,80.0,0.1039461020211742,0.3362848893166506,0.1123595505617977,0.4089887640449438,5,0,8.2,Füge M,2025-06,0.08675934125979741,0.10219286454270156,9.78541901604243
18563,2025-06-21,1980.0,0,25.0,7106,1076,3,2,0.0,0.3,0.6101479076479077,12.34472222012789,12.804097311139566,0.9496504323293524,5,0.0,605000.0,276,80.0,0.1168582375478927,0.3735632183908046,0.1196172248803827,0.3397129186602871,8,0,10.9,Gentleman Jack,2025-06,0.15087532748778662,0.17771437266478757,5.627006893169201
18563,2025-06-21,1980.0,0,25.0,7110,69,3,1,0.0909090909090909,0.3636363636363636,0.3689492325855962,12.014778690336318,12.330456226880395,0.9640154041383922,12,0.0,688000.0,365,80.0,0.0721940214326001,0.2566271855611957,0.1196172248803827,0.3397129186602871,0,0,7.5,Guinevere,2025-06,0.06625298534830411,0.07803865565293532,12.814162310116453
18563,2025-06-21,1980.0,0,25.0,7330,620,5,1,0.0714285714285714,0.2142857142857142,0.3138888888888889,12.549238621795809,12.87001287001287,0.9823008849557524,0,0.6,415000.0,365,80.0,0.1428571428571428,0.4360902255639097,0.0793650793650793,0.3968253968253968,0,0,6.5,Emilia Adri,2025-06,0.08783265575766563,0.10345710976978227,9.665841257553474
18563,2025-06-21,1980.0,0,25.0,7168,2274,3,1,0.0,0.5,0.4237373737373737,12.118603525117932,12.468827930174562,0.94103269061007,4,0.3,754000.0,280,80.0,0.0833333333333333,0.4166666666666667,0.1811320754716981,0.4981132075471698,0,1,2.3,God save the Queen,2025-06,0.07942049453655879,0.093548518490767,10.689640158210496
18567,2025-06-21,1960.0,0,25.0,6934,138,4,1,0.3,0.5,0.6214917027417027,12.373925072567408,12.77139208173691,0.927575071245087,12,0.1,1731000.0,365,60.0,0.1284440842787682,0.3772285251215559,0.1058823529411764,0.3294117647058823,6,1,2.9,Zaira LV,2025-06,0.1750830759604772,0.19486397735653904,5.1317848150575225
18567,2025-06-21,1960.0,0,25.0,6328,175,7,1,0.0512820512820512,0.2948717948717949,0.5115736115736116,12.428579039411446,13.10615989515072,0.8991880580411022,14,0.1,3043000.0,365,60.0,0.0796324655436447,0.2664624808575804,0.0973451327433628,0.3716814159292035,6,0,7.9,Credit Card,2025-06,0.11144708096981049,0.1240383820276031,8.06202067177451
18567,2025-06-21,1960.0,0,25.0,6068,2225,8,1,0.1285714285714285,0.4571428571428571,0.5830555555555555,12.654478479760412,13.054830287206268,0.9193691405491446,5,0.1,5900000.0,365,60.0,0.1224489795918367,0.5102040816326531,0.2441471571906354,0.4816053511705686,1,0,15.8,Balerina R.,2025-06,0.10807124276955922,0.12028114132912691,8.313855264007568
18567,2025-06-21,1960.0,0,25.0,6877,28,6,1,0.1162790697674418,0.3720930232558139,0.561498708010336,12.584999389074964,13.003901170351105,0.933924972108228,18,0.1,2434000.0,365,60.0,0.1420469889278963,0.3972454766405617,0.0780141843971631,0.3333333333333333,1,0,6.8,Petra La Roque,2025-06,0.09689840177694957,0.10784599177370346,9.272481837788932
18567,2025-06-21,1960.0,0,25.0,6657,635,6,1,0.1142857142857142,0.4285714285714285,0.4606122448979591,12.35634120016124,12.9366106080207,0.8816851131642012,8,0.4,1837000.0,365,60.0,0.2042133876996262,0.455317703024125,0.1335740072202166,0.296028880866426,1,0,3.4,Dreamer,2025-06,0.07571298629045486,0.08426704617315278,11.867035162775135
18567,2025-06-21,1960.0,0,25.0,6962,1408,4,1,0.12,0.44,0.5897676767676768,12.210810968987952,12.9366106080207,0.8826353625709418,10,0.1,1346500.0,365,60.0,0.1285714285714285,0.3952380952380952,0.1196172248803827,0.3397129186602871,0,0,23.8,Flinga VT,2025-06,0.060098499059677124,0.06688843279501512,14.950268054038265
18565,2025-06-21,1800.0,0,25.0,6695,138,5,1,0.0344827586206896,0.4137931034482758,0.4957642931780863,12.410797879616208,12.755102040816324,0.9411978052976736,11,0.0,1333000.0,365,100.0,0.1284440842787682,0.3772285251215559,0.1058823529411764,0.3294117647058823,0,0,5.5,Ékszer K,2025-06,0.07942049453655879,0.08275530245904533,12.08381783747197
18567,2025-06-21,1960.0,0,25.0,6342,1076,7,2,0.135593220338983,0.4745762711864407,0.586164917944579,12.676005488823291,13.14060446780552,0.9009068043951408,10,0.3,4481000.0,365,60.0,0.1168582375478927,0.3735632183908046,0.1196172248803827,0.3397129186602871,0,0,2.9,Carlos Fox,2025-06,0.1203020562728246,0.13389379322296482,7.4686060938968515
18566,2025-06-21,1960.0,0,25.0,7099,587,4,1,0.0769230769230769,0.4615384615384615,0.5582667332667333,12.296554884022957,12.836970474967906,0.9278963247019726,5,0.0,740000.0,365,60.0,0.1083591331269349,0.3467492260061919,0.1376146788990825,0.3990825688073394,4,0,2.1,Fizető,2025-06,0.1555369645357132,0.17041514199900606,5.868023159619422
18567,2025-06-21,1960.0,0,25.0,6047,110,8,1,0.1,0.4285714285714285,0.57005772005772,12.457285465461824,12.853470437017997,0.9238076365477806,10,0.2,4145000.0,365,60.0,0.1643046944198405,0.4129760850310008,0.1144578313253012,0.3313253012048193,1,0,7.9,Baraka SS,2025-06,0.15087532748778662,0.16792123532189474,5.955172960007477
18566,2025-06-21,1960.0,0,25.0,6345,32,8,1,0.0416666666666666,0.2083333333333333,0.4684864518197851,12.31302574788714,12.88659793814433,0.8982251564777503,3,0.4,2394000.0,365,60.0,0.0637239664283493,0.2806963009014609,0.1123595505617977,0.4089887640449438,5,0,5.4,Berna Queen M,2025-06,0.08783265575766563,0.0962344517123167,10.391289005203669
18566,2025-06-21,1960.0,0,25.0,6690,1064,5,1,0.032258064516129,0.4193548387096774,0.4622340920728017,12.311296447207324,12.87001287001287,0.8910237860993412,4,0.3,1197000.0,365,60.0,0.0969945355191256,0.2745901639344262,0.0833333333333333,0.2794117647058823,7,0,5.8,Enterprise,2025-06,0.1043637345234553,0.11434684154632269,8.745322445962735
18564,2025-06-21,1960.0,0,25.0,6514,27,6,2,0.2894736842105263,0.5789473684210527,0.6478554340396446,12.75800799162356,13.26259946949602,0.926566895671848,13,0.2,5573000.0,365,60.0,0.0607180570221752,0.2296726504751848,0.1376146788990825,0.3990825688073394,5,1,2.2,El Valle Sagrado,2025-06,0.20986928542455038,0.14192560280352548,7.045945060274633
18564,2025-06-21,1960.0,0,25.0,6731,255,6,1,0.7037037037037037,0.8518518518518519,0.8238683127572016,12.831072051123964,13.315579227696404,0.9360686025657868,22,0.2,5809000.0,365,60.0,0.3755431409062694,0.6734947237740534,0.4126984126984127,0.7936507936507936,9,0,2.0,Daytona Spav,2025-06,0.320248822371165,0.21657055280958162,4.617432919789627
18564,2025-06-21,1960.0,0,25.0,6699,1401,5,2,0.0909090909090909,0.4848484848484848,0.5723905723905724,12.836474608416546,13.623978201634875,0.8879902131775405,12,0.1,6848294.0,365,60.0,0.2332928311057108,0.5565006075334143,0.2152466367713004,0.5381165919282511,2,0,6.3,El Diablo,2025-06,0.16443580389022827,0.11120088650605814,8.992734063729975
18564,2025-06-21,1960.0,0,25.0,6308,860,7,2,0.2363636363636363,0.6363636363636364,0.6121139971139972,12.826886441561918,13.333333333333334,0.8735735460509194,15,0.3,5928000.0,365,60.0,0.1613646841862609,0.4223144306131858,0.1236363636363636,0.4109090909090909,3,0,17.6,Csábító R.,2025-06,0.1555369645357132,0.10518298285195084,9.507241313050981
18564,2025-06-21,1960.0,0,25.0,6864,148,7,0,0.1875,0.6875,0.7041914682539683,12.910359622485055,13.280212483399737,0.9705219939011022,7,0.2,5620600.0,365,60.0,0.1280353200883002,0.401766004415011,0.1082251082251082,0.3939393939393939,5,0,4.5,In Love Danover,2025-06,0.16881564259529114,0.11416278370383429,8.75942200738763
18564,2025-06-21,1960.0,0,25.0,6899,1408,5,1,0.3809523809523809,0.7619047619047619,0.7821428571428571,12.683654176083786,13.192612137203168,0.9176666869686324,18,0.0,3453000.0,365,60.0,0.1285714285714285,0.3952380952380952,0.1196172248803827,0.3397129186602871,5,0,24.5,Eunike T Boko,2025-06,0.15176813552776972,0.10263428532466026,9.743332813559592
18565,2025-06-21,1800.0,0,25.0,7035,1491,4,0,0.0952380952380952,0.238095238095238,0.3956039991754277,11.981304602351187,12.43781094527363,0.922051752366454,5,0.0,605000.0,365,100.0,0.0733333333333333,0.24,0.0625,0.1875,2,0,8.0,Firkó,2025-06,0.034506953010956444,0.03595587448838237,27.81186702392979
18564,2025-06-21,1960.0,0,25.0,5570,615,11,2,0.1651376146788991,0.4587155963302752,0.64803341408846,12.625404501971175,13.26259946949602,0.8878132078136409,5,0.1,9754000.0,365,60.0,0.1117824773413897,0.3595166163141994,0.1403508771929824,0.3450292397660818,0,0,20.0,Villeneuve,2025-06,0.13296972463528314,0.08992172573182898,11.120783012797949
18566,2025-06-21,1960.0,0,25.0,6696,898,5,1,0.0555555555555555,0.3611111111111111,0.5287287558120891,12.410766919336282,12.88659793814433,0.8924590797222147,10,0.2,1728000.0,365,60.0,0.0991636798088411,0.3142174432497013,0.1179487179487179,0.2871794871794871,2,1,4.8,Édes K,2025-06,0.13296972463528314,0.14568919081667872,6.8639272027964235
18564,2025-06-21,1960.0,0,25.0,7173,110,7,1,0.0625,0.1875,0.3671626984126984,12.911837391478564,13.26259946949602,0.9768228973907672,2,0.0,7735970.0,365,60.0,0.1643046944198405,0.4129760850310008,0.1144578313253012,0.3313253012048193,4,0,63.0,Jula Netprice,2025-06,0.1750830759604772,0.1184011802685605,8.445861753504273
18566,2025-06-21,1960.0,0,25.0,6782,33,6,1,0.0444444444444444,0.2888888888888888,0.5020017636684303,12.393892038379445,12.87001287001287,0.9133692430664944,9,0.3,1920000.0,365,60.0,0.1039461020211742,0.3362848893166506,0.1123595505617977,0.4089887640449438,0,0,7.9,Downtown Girl M,2025-06,0.06589371959368388,0.07219690582827303,13.851009105273734
18566,2025-06-21,1960.0,0,25.0,6119,27,8,1,0.1311475409836065,0.3770491803278688,0.5657476403378042,12.556267729404771,13.280212483399737,0.919754686048191,9,0.2,4170000.0,365,60.0,0.0607180570221752,0.2296726504751848,0.1376146788990825,0.3990825688073394,0,0,17.5,Firefly Shadow,2025-06,0.07439045111338298,0.0815064079956789,12.268973993468286
18566,2025-06-21,1960.0,0,25.0,6518,2225,6,1,0.1333333333333333,0.5666666666666667,0.5931337181337181,12.557887612906804,12.97016861219196,0.9528652130478628,12,0.3,2029000.0,365,60.0,0.1224489795918367,0.5102040816326531,0.2441471571906354,0.4816053511705686,4,0,4.6,Lolly Pop,2025-06,0.19664965321620306,0.21546054133774586,4.641221050458825
18566,2025-06-21,1960.0,0,25.0,6307,1076,7,2,0.0634920634920634,0.3333333333333333,0.4775641906594287,12.406450449923998,12.97016861219196,0.8836663066753205,3,0.2,2948000.0,365,60.0,0.1168582375478927,0.3735632183908046,0.1196172248803827,0.3397129186602871,0,0,17.5,Csípkedd Magad!,2025-06,0.09505760669708252,0.10415051876397806,9.601488421446675
18574,2025-07-05,1800.0,0,28.0,6901,635,5,0,0.3928571428571428,0.5357142857142857,0.6508928571428572,12.770671285998686,13.280212483399737,0.9371695852129114,22,0.0,5190000.0,365,100.0,0.2040054310930074,0.455193482688391,0.1335740072202166,0.296028880866426,3,0,6.8,Eastwood,2025-07,0.1579598163565,0.1990774989975117,5.023169394008206
18574,2025-07-05,1800.0,0,28.0,6699,1401,5,2,0.088235294117647,0.5,0.5765639589169002,12.83268033181708,13.623978201634875,0.8879902131775405,12,0.1,6920294.0,365,100.0,0.233009708737864,0.5570388349514563,0.2152466367713004,0.5381165919282511,1,0,8.6,El Diablo,2025-07,0.11505891010165215,0.14500928520150108,6.896110125709718
18574,2025-07-05,1800.0,0,28.0,6855,2225,5,1,0.2162162162162162,0.4594594594594595,0.5013191763191763,12.862852639889187,13.368983957219251,0.9355187120597562,11,0.2,13865000.0,365,100.0,0.1208053691275167,0.5033557046979866,0.2441471571906354,0.4816053511705686,6,0,6.8,Eternity Bar,2025-07,0.11833833654721577,0.14914236176481935,6.7050031135814185
18574,2025-07-05,1800.0,0,28.0,6898,32,5,2,0.2105263157894736,0.5526315789473685,0.6791998936735779,12.5698286332347,13.351134846461948,0.8956239656463291,12,0.1,3999000.0,365,100.0,0.0636843740292016,0.2805219012115564,0.1123595505617977,0.4089887640449438,6,0,8.9,Euzébió,2025-07,0.1209334855278333,0.15241304022282212,6.561118382902393
18577,2025-07-05,1900.0,0,28.0,6506,2100,7,2,0.1860465116279069,0.4883720930232558,0.5642118863049095,12.56657908852441,13.0718954248366,0.9148341498663068,16,0.0,3579000.0,365,0.0,0.1354581673306772,0.4143426294820717,0.1403508771929824,0.3450292397660818,0,0,20.6,Charlie's World,2025-07,0.0872485985358556,0.0701422593776189,14.256740642133941
18574,2025-07-05,1800.0,0,28.0,6700,929,5,2,0.2272727272727272,0.6818181818181818,0.7158008658008658,12.640158232515365,13.192612137203168,0.9425648764038486,21,0.1,2252000.0,365,100.0,0.3224932249322493,0.5880758807588076,0.1811320754716981,0.4981132075471698,0,0,4.3,Escobar,2025-07,0.14672746509313583,0.18492131390594765,5.407705466058971
18577,2025-07-05,1900.0,0,28.0,6704,23,5,1,0.0526315789473684,0.4210526315789473,0.5279344193817878,12.59124873006703,13.03780964797914,0.9279059752321728,11,0.2,3029000.0,365,0.0,0.0825813508340169,0.3188405797101449,0.0930232558139534,0.3255813953488372,10,0,8.2,Emerald,2025-07,0.130678690969944,0.105057259267891,9.518618770075161
18577,2025-07-05,1900.0,0,28.0,7396,1076,4,1,0.0,0.2857142857142857,0.5396825396825397,12.90407211321594,13.280212483399737,0.9685001484172624,6,0.0,3163736.0,365,0.0,0.1159695817490494,0.3726235741444867,0.1144578313253012,0.3313253012048193,4,0,16.5,Fiamma Sn,2025-07,0.11962608744700749,0.0961716771942122,10.398071752253708
18577,2025-07-05,1900.0,0,28.0,6328,175,7,1,0.050632911392405,0.3037974683544304,0.514139587557309,12.430443414841172,13.10615989515072,0.8991880580411022,14,0.1,3115000.0,365,0.0,0.0792682926829268,0.2667682926829268,0.0973451327433628,0.3716814159292035,5,0,33.0,Credit Card,2025-07,0.10173934573928516,0.08179188774959507,12.226151364319755
18577,2025-07-05,1900.0,0,28.0,6617,841,6,0,0.1956521739130435,0.4782608695652174,0.5943228872576699,12.7125048346583,13.123359580052494,0.920633098085466,11,0.1,3514000.0,365,0.0,0.0851063829787234,0.2127659574468085,0.15,0.4375,5,0,5.5,Diófás,2025-07,0.13444090137879053,0.108081834364327,9.252248593682783
18574,2025-07-05,1800.0,0,28.0,6783,5,5,0,0.5384615384615384,0.7692307692307693,0.7626678876678876,13.007130830544346,13.531799729364003,0.9292580372813232,21,0.2,21635000.0,365,100.0,0.2181681681681681,0.4644144144144144,0.2441471571906354,0.4816053511705686,9,1,1.3,Enjoy,2025-07,0.13444090137879053,0.16943649990739815,5.901916060273485
18579,2025-07-05,1800.0,0,28.0,6475,1492,6,2,0.1363636363636363,0.3863636363636363,0.4755345664436573,12.542946401907724,12.97016861219196,0.9415368908691936,7,0.2,2702000.0,365,100.0,0.0938511326860841,0.3559870550161812,0.1058823529411764,0.3294117647058823,1,1,3.2,Discovery LW,2025-07,0.13165790090958276,0.10270173974307538,9.736933400560282
18579,2025-07-05,1800.0,0,28.0,5907,2144,9,1,0.0769230769230769,0.2747252747252747,0.4467068645640074,12.287789306016858,12.836970474967906,0.8666481041481042,10,0.4,3228000.0,365,100.0,0.04,0.16,0.1236363636363636,0.4109090909090909,5,0,12.1,Always Winner,2025-07,0.08338576927781105,0.06504633231641138,15.373656967092318
18579,2025-07-05,1800.0,0,28.0,6995,1409,4,0,0.0,0.2258064516129032,0.4746450681934553,12.086556876427013,12.755102040816324,0.9081070095492028,6,0.3,964000.0,365,100.0,0.08,0.3325,0.1082251082251082,0.3939393939393939,5,0,15.8,Fany,2025-07,0.1182224452495575,0.09222120905716413,10.843492621964446
18579,2025-07-05,1800.0,0,28.0,6380,1640,7,1,0.2564102564102564,0.4358974358974359,0.6124394124394125,12.532425048258894,13.03780964797914,0.9155948303459868,5,0.1,3338000.0,365,100.0,0.076595744680851,0.2595744680851063,0.1179487179487179,0.2871794871794871,1,0,13.7,Cukrom,2025-07,0.10206000010172527,0.07961344891731233,12.560691862986797
18579,2025-07-05,1800.0,0,28.0,6305,1778,7,2,0.1454545454545454,0.4,0.4782992260264987,12.612720949304892,13.020833333333334,0.9122179204632224,10,0.4,3328000.0,365,100.0,0.0392156862745098,0.2058823529411764,0.1236363636363636,0.4109090909090909,3,0,10.8,Csikós,2025-07,0.10516817371050517,0.08203802681837147,12.189469186209895
18579,2025-07-05,1800.0,0,28.0,4968,898,13,0,0.1565217391304348,0.408695652173913,0.559602233515277,12.400243429871262,12.903225806451612,0.8881702197554802,10,0.1,7523000.0,365,100.0,0.100119189511323,0.3158522050059594,0.1179487179487179,0.2871794871794871,2,0,9.3,Titus Livius,2025-07,0.16863750418027243,0.13154823938092675,7.601774107400107
18579,2025-07-05,1800.0,0,28.0,6057,175,8,2,0.1428571428571428,0.3809523809523809,0.5909314230742803,12.193526747031129,12.706480304955528,0.913447936048859,20,0.0,480000.0,365,100.0,0.0792682926829268,0.2667682926829268,0.0973451327433628,0.3716814159292035,7,0,29.4,Bitangjó,2025-07,0.08338576927781105,0.06504633231641138,15.373656967092318
18579,2025-07-05,1800.0,0,28.0,6343,1023,7,2,0.0701754385964912,0.3859649122807017,0.589771145034303,12.501450637703291,12.9366106080207,0.9242660594569756,16,0.0,2734000.0,365,100.0,0.0793650793650793,0.2539682539682539,0.1376146788990825,0.3990825688073394,2,0,51.5,Chicago,2025-07,0.08534511799613635,0.0665747519611509,15.02070936116354
18579,2025-07-05,1800.0,0,28.0,5757,2100,10,1,0.146067415730337,0.348314606741573,0.5398462960260714,12.4666103931974,13.020833333333334,0.903557604476874,8,0.0,5695000.0,365,100.0,0.1354581673306772,0.4143426294820717,0.1403508771929824,0.3450292397660818,0,0,12.1,Zsofesz,2025-07,0.1006874938805898,0.07854280465103611,12.731911019003933
18579,2025-07-05,1800.0,0,28.0,6507,110,6,0,0.0681818181818181,0.4318181818181818,0.4506616489571035,12.37346146980184,13.10615989515072,0.8737194297899137,3,0.2,2117000.0,365,100.0,0.164195618499668,0.4129232131002434,0.1144578313253012,0.3313253012048193,3,0,2.7,Despasito,2025-07,0.16992127895355225,0.1325496673373443,7.544341831164006
18580,2025-07-05,1900.0,0,28.0,6153,2219,8,2,0.173076923076923,0.3461538461538461,0.5202505827505828,12.39981415703168,12.9366106080207,0.9349530889517428,6,0.2,2648000.0,365,0.0,0.75,0.75,0.1058823529411764,0.3294117647058823,0,1,3.9,Bing Crosby AT,2025-07,0.07229084645708402,0.09657384446152527,10.354770544506977
18580,2025-07-05,1900.0,0,28.0,6438,2105,6,0,0.119047619047619,0.2619047619047619,0.5219276094276095,12.469522602676284,12.9366106080207,0.9340275413560296,15,0.0,2849000.0,365,0.0,0.0909090909090909,0.2727272727272727,0.1179487179487179,0.2871794871794871,1,0,9.5,Danny DeVito,2025-07,0.1182224452495575,0.15793418667700693,6.33175135187869
18577,2025-07-05,1900.0,0,28.0,7394,110,4,0,0.125,0.5,0.4583333333333333,13.03378291625387,13.26259946949602,0.9784340398569272,10,0.25,2772890.0,365,0.0,0.164195618499668,0.4129232131002434,0.1144578313253012,0.3313253012048193,3,0,3.5,Furio Ferm,2025-07,0.14955217639605203,0.12023032717194153,8.317369032606049
18579,2025-07-05,1800.0,0,28.0,6703,28,5,0,0.1351351351351351,0.2972972972972973,0.4387845637845638,12.524516330402417,13.054830287206268,0.9000945560003086,6,0.7,2205000.0,365,100.0,0.1420086393088553,0.3971382289416846,0.0780141843971631,0.3333333333333333,2,0,7.9,Etalon N,2025-07,0.08534511799613635,0.0665747519611509,15.02070936116354
18577,2025-07-05,1900.0,0,28.0,7409,522,4,1,0.1666666666666666,0.3333333333333333,0.6111111111111112,12.891612378964442,13.020833333333334,0.9927353787057032,8,0.1666666666666666,2486903.0,108,0.0,0.3360655737704918,0.6721311475409836,0.2777777777777778,0.8888888888888888,0,0,4.7,Ontaria,2025-07,0.19735917448997498,0.15866407758904663,6.30262385283003
18576,2025-07-05,1900.0,0,26.0,6927,28,4,2,0.0952380952380952,0.4285714285714285,0.5009173366316224,12.24177544597798,12.78772378516624,0.9137354954875132,10,0.1,1005000.0,365,0.0,0.1420086393088553,0.3971382289416846,0.0780141843971631,0.3333333333333333,3,0,19.2,Fast Track,2025-07,0.10162345444162686,0.08001485523941836,12.49767929977285
18577,2025-07-05,1900.0,0,28.0,6973,1791,5,2,0.2857142857142857,0.5357142857142857,0.593764172335601,12.604314851546029,13.280212483399737,0.9184432736883748,11,0.2,3013000.0,365,0.0,0.1533742331288343,0.3680981595092024,0.2152466367713004,0.5381165919282511,3,1,2.5,Edoardo Ama,2025-07,0.15740515291690826,0.12654361500986458,7.902413724485791
18576,2025-07-05,1900.0,0,26.0,7060,635,4,0,0.25,0.5,0.5819865319865319,12.64043734885288,13.003901170351105,0.952723540240781,12,0.2,850000.0,365,0.0,0.2040054310930074,0.455193482688391,0.1335740072202166,0.296028880866426,1,1,2.5,Filthy Rich,2025-07,0.14672746509313583,0.11552822075948833,8.655893715197461
18576,2025-07-05,1900.0,0,26.0,6983,2271,4,1,0.2,0.3333333333333333,0.4351322751322751,12.205875454948997,12.88659793814433,0.9386633437700436,11,0.2,855000.0,365,0.0,0.2181818181818181,0.4484848484848485,0.1153846153846153,0.2788461538461538,7,0,8.2,Fondorlat,2025-07,0.15740515291690826,0.12393546936371296,8.068715155830844
18576,2025-07-05,1900.0,0,26.0,7094,1492,4,2,0.2,0.4,0.458495670995671,12.162384789841417,12.738853503184714,0.9310312523762244,15,0.0,955000.0,365,0.0,0.0938511326860841,0.3559870550161812,0.1058823529411764,0.3294117647058823,1,0,9.6,Full Speed,2025-07,0.08546100929379463,0.0672890950699323,14.861249047274578
18576,2025-07-05,1900.0,0,26.0,7370,138,4,2,0.0,0.2727272727272727,0.5252525252525253,12.617523692635167,12.97016861219196,0.974231280111626,7,0.1,704669.0,356,0.0,0.1285164946367132,0.3774539566889294,0.1058823529411764,0.3294117647058823,9,0,10.5,Another Star,2025-07,0.13444090137879053,0.10585419794265984,9.446956468761778
18576,2025-07-05,1900.0,0,26.0,7097,1437,4,1,0.4444444444444444,0.8888888888888888,0.8037037037037037,12.282596571180909,12.738853503184714,0.9732629282226836,20,0.0,870000.0,365,0.0,0.15,0.5,0.4215686274509804,0.7254901960784313,0,0,3.0,Fortuna Ville,2025-07,0.1469570274154345,0.11570897033239037,8.642372299462684
18576,2025-07-05,1900.0,0,26.0,7085,1509,5,0,0.1428571428571428,0.5714285714285714,0.7031642960214388,12.46231019866093,12.82051282051282,0.9469546274609052,14,0.1,1000000.0,365,0.0,0.1554487179487179,0.4583333333333333,0.1811320754716981,0.4981132075471698,4,0,12.8,El Nino N,2025-07,0.13318428645531336,0.10486478204702647,9.536090005427669
18580,2025-07-05,1900.0,0,28.0,6854,1747,5,1,0.1,0.425,0.5511066017316018,12.458999455712714,13.003901170351105,0.9332263565290698,9,0.0,2360000.0,365,0.0,0.2105263157894736,0.6842105263157895,0.1196172248803827,0.3397129186602871,0,0,1.9,Elegáns Hölgy,2025-07,0.06437468652923901,0.08599859136833995,11.628097438444161
18576,2025-07-05,1900.0,0,26.0,7034,32,4,2,0.074074074074074,0.4074074074074074,0.5125581208914542,12.19696985839622,13.020833333333334,0.8539252716947234,5,0.3,1362000.0,365,0.0,0.0636843740292016,0.2805219012115564,0.1123595505617977,0.4089887640449438,9,0,8.2,Formula,2025-07,0.08712929487228394,0.06860264645228083,14.576697135081924
18576,2025-07-05,1900.0,0,26.0,7124,69,4,2,0.125,0.3125,0.4640873015873016,12.509403645019388,12.919896640826872,0.932596454095298,6,0.2,675000.0,266,0.0,0.072072072072072,0.2561936936936937,0.1196172248803827,0.3397129186602871,2,0,19.2,Fess Fiú,2025-07,0.14672746509313583,0.11552822075948833,8.655893715197461
18576,2025-07-05,1900.0,0,26.0,7136,620,4,2,0.1111111111111111,0.5555555555555556,0.5027777777777778,12.506587969554412,12.953367875647668,0.9433342602007097,8,0.2,1200000.0,365,0.0,0.1407407407407407,0.437037037037037,0.0793650793650793,0.3968253968253968,1,0,8.2,First Home,2025-07,0.1304012859861056,0.10267354203360218,9.739607499590575
18575,2025-07-05,1900.0,0,27.0,7065,522,3,0,0.0,0.3333333333333333,0.2962962962962963,12.330456226880395,12.330456226880395,1.0,3,0.6666666666666666,0.0,153,0.0,0.3360655737704918,0.6721311475409836,0.2777777777777778,0.8888888888888888,0,1,3.1,Greenback,2025-07,0.2038784921169281,0.19603836474665062,5.101042345932369
18575,2025-07-05,1900.0,0,27.0,7188,5,3,2,0.25,0.375,0.421875,11.899240687891457,12.642225031605564,0.9180101357317612,5,0.25,310000.0,280,0.0,0.2181681681681681,0.4644144144144144,0.2441471571906354,0.4816053511705686,2,0,3.1,Győcike,2025-07,0.16583051284154257,0.15945351677365682,6.271420162024355
18575,2025-07-05,1900.0,0,27.0,7109,635,3,1,0.125,0.375,0.4760416666666667,12.215259472982405,12.56281407035176,0.9752077255055176,6,0.125,350000.0,147,0.0,0.2040054310930074,0.455193482688391,0.1335740072202166,0.296028880866426,5,0,7.3,Gaya T Boko,2025-07,0.12376321355501811,0.1190039113453976,8.403085148164537
18575,2025-07-05,1900.0,0,27.0,7329,2527,5,1,0.0,0.2727272727272727,0.45,12.325174142696268,12.642225031605564,0.9645573834239592,2,0.2,310000.0,254,0.0,0.0,0.125,0.0793650793650793,0.3968253968253968,6,0,15.5,Exclusive Adri,2025-07,0.08347859357794125,0.08026843246900325,12.458197690432831
18575,2025-07-05,1900.0,0,27.0,7309,110,3,1,0.1666666666666666,0.5,0.5470899470899471,11.87523100121606,12.61034047919294,0.9441149773863884,11,0.0,350000.0,203,0.0,0.164195618499668,0.4129232131002434,0.1144578313253012,0.3313253012048193,4,0,5.1,Goldina Amok,2025-07,0.11833833654721577,0.11378764744958977,8.78830015747553
18575,2025-07-05,1900.0,0,27.0,7201,2024,3,1,0.2,0.2,0.4539682539682539,11.846385450382996,12.43781094527363,0.923252734208569,11,0.2,65000.0,231,0.0,0.0087719298245614,0.1052631578947368,0.0355555555555555,0.1377777777777777,1,0,70.0,Renebell BD,2025-07,0.037016529589891434,0.035593062583749606,28.095362618685158
18575,2025-07-05,1900.0,0,27.0,7116,175,3,1,0.0,0.5,0.3611111111111111,11.897146437354255,12.594458438287154,0.93079178390741,7,0.1666666666666666,125000.0,91,0.0,0.0792682926829268,0.2667682926829268,0.0973451327433628,0.3716814159292035,4,0,11.6,Golden Girl,2025-07,0.08347859357794125,0.08026843246900325,12.458197690432831
18575,2025-07-05,1900.0,0,27.0,7200,1854,3,1,0.0,0.125,0.3072916666666666,11.8819603915281,12.285012285012284,0.9513941892802876,4,0.0,96000.0,290,0.0,0.0370828182941903,0.1557478368355995,0.0355555555555555,0.1377777777777777,5,0,70.0,Icibell BD,2025-07,0.06446751082936923,0.06198841903847487,16.13204555804725
18575,2025-07-05,1900.0,0,27.0,7059,138,3,1,0.0,0.0,0.2638888888888889,11.71986077660864,11.947431302270012,0.9809523470021432,2,0.0,65000.0,84,0.0,0.1285164946367132,0.3774539566889294,0.1058823529411764,0.3294117647058823,1,0,20.0,Gatto,2025-07,0.05185640354951223,0.04986227064921829,20.055243914482208
18575,2025-07-05,1900.0,0,27.0,7189,33,3,1,0.0,0.3333333333333333,0.372790404040404,11.93727701583908,12.594458438287154,0.917280711426083,3,0.1,295000.0,329,0.0,0.1038461538461538,0.3365384615384615,0.1123595505617977,0.4089887640449438,7,0,3.6,Galatea,2025-07,0.10788463552792867,0.10373594247525578,9.63986036217419
18577,2025-07-05,1900.0,0,28.0,6987,615,4,2,0.1904761904761904,0.5238095238095238,0.5621761836047551,12.703282514974726,13.054830287206268,0.9614180995620168,12,0.0,2600000.0,365,0.0,0.1116700201207243,0.3591549295774648,0.1441441441441441,0.4504504504504504,2,0,7.1,Fabrice,2025-07,0.16583051284154257,0.13331706227550325,7.500915358706851
18580,2025-07-05,1900.0,0,28.0,5247,228,12,0,0.1363636363636363,0.4454545454545454,0.5997507542962088,12.45964988210441,12.953367875647668,0.9297124856905264,17,0.2,7074000.0,365,0.0,0.217391304347826,0.3043478260869565,0.1179487179487179,0.2871794871794871,0,0,11.4,Universal Boy,2025-07,0.13709593067566553,0.18314740709585858,5.460082759875515
18579,2025-07-05,1800.0,0,28.0,4611,33,16,1,0.1411042944785276,0.3742331288343558,0.4964927540080914,12.370802151621946,12.836970474967906,0.8903601411252664,8,0.6,8095000.0,365,100.0,0.1038461538461538,0.3365384615384615,0.1123595505617977,0.4089887640449438,1,0,8.9,Pálinka,2025-07,0.04812764128049215,0.037542695539644844,26.636339922475905
18580,2025-07-05,1900.0,0,28.0,6119,2397,8,1,0.1290322580645161,0.3870967741935484,0.5681434157240609,12.554461280196495,13.280212483399737,0.919754686048191,9,0.2,4230000.0,365,0.0,0.0,0.0,0.1376146788990825,0.3990825688073394,0,0,11.7,Firefly Shadow,2025-07,0.08347859357794125,0.11151963363506824,8.967030893164107
18569,2025-07-05,2500.0,0,29.0,6965,1901,4,1,0.3529411764705882,0.7058823529411765,0.7262605042016806,12.545196839862593,13.14060446780552,0.9266778897654984,13,0.0,1698065.0,365,600.0,0.2182741116751269,0.5532994923857868,0.0,0.5,1,0,55.7,Felhők felett,2025-07,0.1342530498902003,0.07953901867796166,12.572445783481559
18569,2025-07-05,2500.0,0,29.0,6912,1401,4,1,0.4166666666666667,0.5,0.5847222222222223,12.6348411682275,13.089005235602093,0.9334586466165414,6,0.4,1158717.0,365,600.0,0.233009708737864,0.5570388349514563,0.2152466367713004,0.5381165919282511,0,0,35.7,Fiona TIM,2025-07,0.1811536302169164,0.1073255467133759,9.317446131167676
18569,2025-07-05,2500.0,0,29.0,7001,929,4,0,0.2,0.7,0.7195436507936508,12.637203887641304,13.404825737265416,0.9011585266531648,12,0.0,4340000.0,365,600.0,0.3224932249322493,0.5880758807588076,0.1811320754716981,0.4981132075471698,0,0,2.8,Fárosz,2025-07,0.1413025880853335,0.08371555955083038,11.945210727437358
18569,2025-07-05,2500.0,0,29.0,7118,138,4,2,0.3333333333333333,0.4,0.5486868686868687,12.086119901427306,12.953367875647668,0.8983598082011663,13,0.1,943000.0,365,600.0,0.1285164946367132,0.3774539566889294,0.1058823529411764,0.3294117647058823,2,0,42.1,Ferrari,2025-07,0.1533143868048986,0.09083202121403125,11.009333345601313
18569,2025-07-05,2500.0,0,29.0,6929,148,4,1,0.1904761904761904,0.5714285714285714,0.6806517556517557,12.697789283141477,13.351134846461948,0.934482437352072,14,0.1,2795000.0,365,600.0,0.128747795414462,0.4021164021164021,0.1082251082251082,0.3939393939393939,8,0,11.7,Fendi,2025-07,0.1523591677347819,0.0902660959890796,11.078356597154485
18569,2025-07-05,2500.0,0,29.0,6986,5,4,0,0.7272727272727273,1.0,0.898989898989899,12.731542307800918,13.175230566534914,0.9542903191016352,23,0.0,2110000.0,365,600.0,0.2181681681681681,0.4644144144144144,0.2441471571906354,0.4816053511705686,0,0,11.5,Face to face,2025-07,0.24667343000570932,0.14614314216792437,6.8426064005860745
18569,2025-07-05,2500.0,0,29.0,7127,255,4,1,0.3846153846153846,0.8461538461538461,0.8352564102564103,12.655838839355162,13.14060446780552,0.950106291790746,16,0.0,2040000.0,365,600.0,0.3756974581525109,0.6738995660260384,0.4126984126984127,0.7936507936507936,3,0,14.5,Francesca,2025-07,0.28615855673948926,0.16953634057457787,5.89844039697263
18581,2025-07-05,1960.0,0,28.0,6679,2100,10,1,0.15,0.2166666666666666,0.4743133718133718,12.583917539673454,13.477088948787062,0.9862385321100916,0,0.3,7506200.0,365,60.0,0.1354581673306772,0.4143426294820717,0.1403508771929824,0.3450292397660818,0,1,4.4,Inforgettable,2025-07,0.16992127895355225,0.13335001062522492,7.499062019653389
18581,2025-07-05,1960.0,0,28.0,6459,929,6,2,0.2619047619047619,0.3809523809523809,0.4732907304335875,12.54094667058696,13.020833333333334,0.9389438371968007,25,0.2,5747700.0,365,60.0,0.3224932249322493,0.5880758807588076,0.1403508771929824,0.3450292397660818,0,0,2.0,Diamond Ville,2025-07,0.1546221524477005,0.12134363511607128,8.241058536308474
18581,2025-07-05,1960.0,0,28.0,6047,110,8,1,0.0985915492957746,0.4225352112676056,0.568064955388899,12.457463041842018,12.853470437017997,0.9238076365477806,10,0.2,4175000.0,365,60.0,0.164195618499668,0.4129232131002434,0.1144578313253012,0.3313253012048193,0,0,21.4,Baraka SS,2025-07,0.08546100929379463,0.06706768315041403,14.910310793907701
18581,2025-07-05,1960.0,0,28.0,6330,860,7,0,0.0769230769230769,0.5,0.6218531468531469,12.558125236786536,13.020833333333334,0.905217393616989,13,0.0,4810000.0,365,60.0,0.1612160294795025,0.4219253800092123,0.1236363636363636,0.4109090909090909,6,0,4.8,Che Comandante,2025-07,0.20812263091405234,0.16332948536318945,6.122593221770942
18581,2025-07-05,1960.0,0,28.0,6920,2403,4,2,0.3157894736842105,0.5263157894736842,0.6215728715728716,12.562008933297598,12.953367875647668,0.9412432420674548,22,0.1,1772000.0,365,60.0,0.1012658227848101,0.2658227848101265,0.1564245810055866,0.3407821229050279,2,0,11.5,Fliegauf,2025-07,0.13684188077847162,0.1073901183428179,9.311843728561069
18581,2025-07-05,1960.0,0,28.0,6934,138,4,1,0.3333333333333333,0.5238095238095238,0.6395159073730502,12.392278821928732,12.77139208173691,0.927575071245087,12,0.1,2031000.0,365,60.0,0.1285164946367132,0.3774539566889294,0.1058823529411764,0.3294117647058823,5,0,4.8,Zaira LV,2025-07,0.199461763103803,0.1565326508429166,6.388443526734358
18581,2025-07-05,1960.0,0,28.0,6360,2436,7,0,0.0888888888888888,0.4222222222222222,0.6030214846881513,12.56918093433838,13.175230566534914,0.8999124213119433,9,0.3,6640000.0,365,60.0,0.0303030303030303,0.4545454545454545,0.1236363636363636,0.4109090909090909,0,0,13.6,Chip Chip Chip,2025-07,0.0740535669028759,0.058115404934267444,17.20714156824803
18581,2025-07-05,1960.0,0,28.0,6021,1076,9,1,0.1263157894736842,0.5052631578947369,0.6285820612136402,12.514113014532086,13.03780964797914,0.8910351652697485,6,0.1,6756000.0,365,60.0,0.1159695817490494,0.3726235741444867,0.1196172248803827,0.3397129186602871,4,0,12.5,Anna,2025-07,0.13444090137879053,0.10550588918429128,9.478143900131117
18581,2025-07-05,1960.0,0,28.0,6518,2225,6,1,0.1290322580645161,0.5483870967741935,0.5924335521109715,12.557486273277323,12.97016861219196,0.9528652130478628,12,0.3,2069000.0,365,60.0,0.1208053691275167,0.5033557046979866,0.2441471571906354,0.4816053511705686,3,0,21.4,Lolly Pop,2025-07,0.11132502555847168,0.08736512244080712,11.446215286626932
18583,2025-07-05,1800.0,0,27.0,5906,28,9,1,0.1649484536082474,0.6082474226804123,0.6790582556046474,12.71329021047612,13.386880856760374,0.8710076069205591,6,0.0,10882440.0,365,100.0,0.1420086393088553,0.3971382289416846,0.0780141843971631,0.3333333333333333,7,1,7.4,Anybody,2025-07,0.1170817216237386,0.10351256430476799,9.660662999862888
18583,2025-07-05,1800.0,0,27.0,6165,33,8,1,0.2368421052631578,0.5263157894736842,0.5830409356725146,12.844357778812924,13.26259946949602,0.8992327998680086,5,0.4,9673000.0,365,100.0,0.1038461538461538,0.3365384615384615,0.1123595505617977,0.4089887640449438,0,0,4.9,Bűbájos,2025-07,0.10340763131777446,0.09142322933022715,10.9381391067245
18583,2025-07-05,1800.0,0,27.0,6228,635,7,2,0.2909090909090909,0.5272727272727272,0.5795887445887447,12.752386603484965,13.280212483399737,0.8956569797780355,8,0.6,5440000.0,365,100.0,0.2040054310930074,0.455193482688391,0.1335740072202166,0.296028880866426,5,0,1.5,Creatine,2025-07,0.12376321355501811,0.10941970637269033,9.139121581938246
18583,2025-07-05,1800.0,0,27.0,6023,522,9,0,0.1979166666666666,0.5208333333333334,0.6729993386243387,12.71857238691783,13.315579227696404,0.906803376845769,6,0.2,10631100.0,365,100.0,0.3360655737704918,0.6721311475409836,0.1082251082251082,0.3939393939393939,0,0,3.3,Acélos Fiú,2025-07,0.11505891010165215,0.10172418602630966,9.830503826704131
18583,2025-07-05,1800.0,0,27.0,6331,2139,7,0,0.2,0.5272727272727272,0.6305844155844156,12.831433633331804,13.368983957219251,0.93040529204466,15,0.0,7116400.0,365,100.0,0.0621761658031088,0.233160621761658,0.1335740072202166,0.296028880866426,1,0,71.0,Charming Boy,2025-07,0.08546100929379463,0.07555652664984973,13.235124010322526
18580,2025-07-05,1900.0,0,28.0,6435,2223,6,1,0.0851063829787234,0.4042553191489361,0.5000260968346075,12.538963651257925,12.9366106080207,0.9401278145315196,7,0.3,2707000.0,365,0.0,0.1111111111111111,0.5555555555555556,0.1196172248803827,0.3397129186602871,5,0,5.3,Ducks,2025-07,0.12250659863154094,0.16365741697016176,6.110324961210413
18583,2025-07-05,1800.0,0,27.0,6350,1506,12,2,0.1666666666666666,0.5,0.6241666666666668,12.807405247130614,13.66120218579235,0.9847390890239938,11,0.2,10864100.0,365,100.0,0.2459016393442623,0.5737704918032787,0.0789473684210526,0.4473684210526316,0,0,35.5,Grand Illusion,2025-07,0.17977527156472206,0.15894026070143985,6.291672075953383
18583,2025-07-05,1800.0,0,27.0,6261,860,8,2,0.1886792452830188,0.4716981132075472,0.637466307277628,12.733069083430786,13.495276653171391,0.8810105190222186,14,0.1,6435200.0,365,100.0,0.1612160294795025,0.4219253800092123,0.1236363636363636,0.4109090909090909,4,0,142.1,Be Happy,2025-07,0.1304012859861056,0.11528846103271179,8.67389495047784
18583,2025-07-05,1800.0,0,27.0,6864,148,7,0,0.1836734693877551,0.673469387755102,0.6985665694849369,12.90390287257091,13.280212483399737,0.9705219939011022,7,0.2,5650600.0,365,100.0,0.128747795414462,0.4021164021164021,0.1082251082251082,0.3939393939393939,4,0,11.8,In Love Danover,2025-07,0.1908752421538035,0.16875380293030956,5.925792382960229
18569,2025-07-05,2500.0,0,29.0,7003,522,4,0,0.1875,0.8125,0.7532986111111111,12.929101495786089,13.245033112582782,0.9572272231234404,14,0.1,6106711.0,365,600.0,0.3360655737704918,0.6721311475409836,0.2777777777777778,0.8888888888888888,0,0,8.9,Friday Night,2025-07,0.1908752421538035,0.1130851735826378,8.842892205221252
18569,2025-07-05,2500.0,0,29.0,6916,1437,4,1,0.6111111111111112,0.7777777777777778,0.767989417989418,12.877079571535088,13.440860215053762,0.9123332787488636,15,0.2,10750000.0,365,600.0,0.15,0.5,0.4215686274509804,0.7254901960784313,0,1,1.4,Freya T Boko,2025-07,0.20179913938045502,0.11955710152958116,8.36420411005512
18583,2025-07-05,1800.0,0,27.0,6899,1408,5,1,0.3636363636363636,0.7272727272727273,0.7595779220779221,12.678161444005058,13.192612137203168,0.9176666869686324,18,0.0,3453000.0,365,100.0,0.1279620853080568,0.3933649289099526,0.1196172248803827,0.3397129186602871,4,0,15.7,Eunike T Boko,2025-07,0.08526277045408885,0.07538126265169387,13.265896123557825
18582,2025-07-05,1900.0,0,29.0,7173,2401,7,1,0.0588235294117647,0.1764705882352941,0.353968253968254,12.895999647340282,13.26259946949602,0.9768228973907672,2,0.0,7735970.0,365,0.0,0.1785714285714285,0.3571428571428571,0.1144578313253012,0.3313253012048193,0,0,9.4,Jula Netprice,2025-07,0.10217930376529694,0.08471529762746713,11.804243483832975
18582,2025-07-05,1900.0,0,29.0,5894,1867,9,2,0.1891891891891892,0.4324324324324324,0.5702176202176202,12.619345565085716,13.054830287206268,0.9202940087163825,13,0.2,6884000.0,365,0.0,0.1071428571428571,0.2767857142857143,0.1236363636363636,0.4109090909090909,0,0,22.6,Apollo Creed,2025-07,0.10535793875654538,0.0873506552724088,11.448111028834687
18580,2025-07-05,1900.0,0,28.0,6709,2446,5,2,0.0277777777777777,0.2777777777777778,0.5106200897867565,12.260757712156392,12.88659793814433,0.919693119049227,3,0.0,1475000.0,365,0.0,0.3333333333333333,0.3333333333333333,0.1564245810055866,0.3407821229050279,0,0,6.3,Eccelenza,2025-07,0.08338576927781105,0.11139562900706398,8.97701291256757
18578,2025-07-05,1960.0,0,29.0,6731,255,6,1,0.6785714285714286,0.8571428571428571,0.8250566893424036,12.826735021496306,13.315579227696404,0.9360686025657868,22,0.2,5959000.0,365,60.0,0.3756974581525109,0.6738995660260384,0.4126984126984127,0.7936507936507936,8,1,5.6,Daytona Spav,2025-07,0.27459970116615295,0.19669442390420677,5.084028210616766
18578,2025-07-05,1960.0,0,29.0,6514,27,6,2,0.3076923076923077,0.5897435897435898,0.6568847818847819,12.757917180660831,13.26259946949602,0.926566895671848,13,0.2,5873000.0,365,60.0,0.0611814345991561,0.2304852320675105,0.1376146788990825,0.3990825688073394,4,0,3.8,El Valle Sagrado,2025-07,0.2346117546161016,0.16805125322203834,5.950565561559641
18578,2025-07-05,1960.0,0,29.0,7408,522,8,2,0.8571428571428571,0.8571428571428571,0.9523809523809524,13.207605455779548,13.550135501355014,0.9747212826365308,25,0.0,12218686.0,365,60.0,0.3360655737704918,0.6721311475409836,0.2777777777777778,0.8888888888888888,0,0,4.5,Gino,2025-07,0.16992127895355225,0.12171378166435758,8.215996465853284
18578,2025-07-05,1960.0,0,29.0,6954,860,6,0,0.3243243243243243,0.5135135135135135,0.6287430287430287,13.079243518851426,13.531799729364003,0.963734577608923,20,0.2,13207180.0,365,60.0,0.1612160294795025,0.4219253800092123,0.2441471571906354,0.4816053511705686,4,0,8.2,Palace Bo,2025-07,0.13165790090958276,0.0943059109746748,10.603789196931071
18578,2025-07-05,1960.0,0,29.0,5228,2100,12,2,0.2254901960784313,0.5098039215686274,0.6281081119316414,12.691491680860183,13.26259946949602,0.8396436525612474,3,0.5,11562000.0,365,60.0,0.1354581673306772,0.4143426294820717,0.1403508771929824,0.3450292397660818,0,0,20.1,Uptown Boy M,2025-07,0.10340763131777446,0.07407038093257519,13.500673108597624
18578,2025-07-05,1960.0,0,29.0,7253,2036,8,1,0.2222222222222222,0.4444444444444444,0.5185185185185186,13.13800704275442,13.605442176870747,0.9697449577630278,4,0.1111111111111111,13976689.0,365,60.0,0.0666666666666666,0.1333333333333333,0.1564245810055866,0.3407821229050279,8,0,22.6,Baria TRGF Risaia,2025-07,0.15053138633569083,0.10782489634569874,9.274295954747664
18578,2025-07-05,1960.0,0,29.0,6433,5,8,0,0.3947368421052631,0.5789473684210527,0.6418128654970761,13.356836013869342,13.908205841446453,0.9400753869747228,17,0.1,21284000.0,365,60.0,0.2181681681681681,0.4644144144144144,0.2441471571906354,0.4816053511705686,0,0,2.7,Digital Races,2025-07,0.24795720477898917,0.17761053395098267,5.6302966820424185
18578,2025-07-05,1960.0,0,29.0,7121,929,6,1,0.2558139534883721,0.4883720930232558,0.5440660760428202,13.0310082570636,13.623978201634875,0.9492626572575066,2,0.1,10888897.0,365,60.0,0.3224932249322493,0.5880758807588076,0.1176470588235294,0.4117647058823529,0,0,4.1,Denalda Op,2025-07,0.08338576927781105,0.05972881900546581,16.74233672540034
18573,2025-07-05,1800.0,0,29.0,7130,255,3,2,0.6,1.0,0.9083333333333334,12.5515360580118,12.853470437017997,0.976509505313318,21,0.0,3375000.0,84,100.0,0.3756974581525109,0.6738995660260384,0.4126984126984127,0.7936507936507936,5,1,1.6,Giovanni Fling,2025-07,0.21751773854096731,0.17017874664424998,5.876174432583225
18573,2025-07-05,1800.0,0,29.0,7176,719,3,0,0.4285714285714285,0.5714285714285714,0.7329365079365079,12.31671638872686,12.953367875647668,0.9401015983827078,14,0.0,965000.0,290,100.0,0.157958687727825,0.402187120291616,0.1441441441441441,0.4504504504504504,2,0,5.3,Get Lucky,2025-07,0.15740515291690826,0.12314863062858153,8.120268937589877
18573,2025-07-05,1800.0,0,29.0,7114,5,3,1,0.25,0.375,0.5870400432900433,12.086308050358618,12.804097311139566,0.9138526072593884,11,0.0,1514000.0,343,100.0,0.2181681681681681,0.4644144144144144,0.1564245810055866,0.3407821229050279,4,0,11.1,Ginevra,2025-07,0.10194410880406697,0.0797577281761492,12.53796996062183
18580,2025-07-05,1900.0,0,28.0,6080,2222,8,1,0.1639344262295081,0.4098360655737705,0.6062344759066071,12.440736580446552,12.82051282051282,0.9368667577956744,13,0.1,4543000.0,365,0.0,0.2,0.6,0.1058823529411764,0.3294117647058823,0,0,12.0,Boszi,2025-07,0.06720025713245074,0.08977329078497526,11.139170584658608
18573,2025-07-05,1800.0,0,29.0,7105,69,3,2,0.2222222222222222,0.4444444444444444,0.5169753086419753,12.265813956719922,12.953367875647668,0.9245270734639992,15,0.0,1418000.0,365,100.0,0.072072072072072,0.2561936936936937,0.1196172248803827,0.3397129186602871,3,0,44.7,Gomez de Boko,2025-07,0.08534511799613635,0.06677122201715364,14.976511883264592
18573,2025-07-05,1800.0,0,29.0,7167,929,3,0,0.3333333333333333,0.6666666666666666,0.6273148148148148,12.32592298787042,12.87001287001287,0.9487537356700604,10,0.1666666666666666,650000.0,203,100.0,0.3224932249322493,0.5880758807588076,0.1811320754716981,0.4981132075471698,0,0,8.4,Gainsville,2025-07,0.14118669678767523,0.11045984232519539,9.053063800833478
18582,2025-07-05,1900.0,0,29.0,6441,2223,6,1,0.1176470588235294,0.3529411764705882,0.4799861358684887,12.652767637608802,13.054830287206268,0.9073133897625992,7,0.2,6535000.0,365,0.0,0.1111111111111111,0.5555555555555556,0.1196172248803827,0.3397129186602871,1,0,4.1,Diána Gull,2025-07,0.10194410880406697,0.08452030108309017,11.83147702014124
18582,2025-07-05,1900.0,0,29.0,6525,1463,8,0,0.1272727272727272,0.5272727272727272,0.6709871441689623,12.8548733858021,13.642564802182813,0.958258244511508,4,0.1,5952290.0,365,0.0,0.1453634085213032,0.4235588972431077,0.1179487179487179,0.2871794871794871,2,0,6.0,Big Ben Pax,2025-07,0.1679109906156858,0.1392124336412024,7.183266421283452
18582,2025-07-05,1900.0,0,29.0,5325,2260,12,2,0.1384615384615384,0.3538461538461538,0.541908091908092,12.452725493935883,13.089005235602093,0.8727277488392342,3,0.3,7930000.0,365,0.0,0.2765957446808511,0.5957446808510638,0.1236363636363636,0.4109090909090909,2,0,3.4,Ultimate Force,2025-07,0.14118669678767523,0.11705573045281462,8.542939300208817
18582,2025-07-05,1900.0,0,29.0,5570,449,11,2,0.1636363636363636,0.4545454545454545,0.6421422012331104,12.625412833274977,13.26259946949602,0.8878132078136409,5,0.1,9754000.0,365,0.0,0.1878260869565217,0.4991304347826087,0.1403508771929824,0.3450292397660818,0,1,2.2,Villeneuve,2025-07,0.20322397351264954,0.16848988754812516,5.93507429171008
18582,2025-07-05,1900.0,0,29.0,6068,2423,8,1,0.1267605633802817,0.4507042253521127,0.5828917952157389,12.65428084349985,13.054830287206268,0.9193691405491446,5,0.1,5948000.0,365,0.0,0.0,0.0,0.2441471571906354,0.4816053511705686,0,0,15.4,Balerina R.,2025-07,0.13444090137879053,0.1114628946755194,8.97159546153102
18573,2025-07-05,1800.0,0,29.0,7193,33,3,1,0.0833333333333333,0.5833333333333334,0.5785113035113035,12.251272336364224,12.804097311139566,0.93542174094845,12,0.0,495000.0,336,100.0,0.1038461538461538,0.3365384615384615,0.1123595505617977,0.4089887640449438,2,0,39.1,Grazia,2025-07,0.08347859357794125,0.06531091451211996,15.311376474669128
18573,2025-07-05,1800.0,0,29.0,7103,138,3,1,0.0,0.6,0.5693181818181818,12.050495914837189,12.836970474967906,0.9044214457580184,9,0.0,1075000.0,329,100.0,0.1285164946367132,0.3774539566889294,0.1058823529411764,0.3294117647058823,3,0,5.4,Grace Kelly,2025-07,0.10007758438587189,0.07829742067111553,12.771812805947349
18573,2025-07-05,1800.0,0,29.0,7187,91,3,0,0.1,0.5,0.473510101010101,12.40943817110694,12.88659793814433,0.954817459489376,13,0.2,642000.0,266,100.0,0.0949604331528529,0.3240316534777176,0.2441471571906354,0.4816053511705686,2,0,9.2,Genesis,2025-07,0.16583051284154257,0.12974035598219408,7.707701990098152
18573,2025-07-05,1800.0,0,29.0,7186,2225,3,1,0.4285714285714285,0.5714285714285714,0.5853174603174603,12.406228063314948,12.903225806451612,0.9537792098882902,17,0.1428571428571428,1850000.0,301,100.0,0.1208053691275167,0.5033557046979866,0.2441471571906354,0.4816053511705686,2,0,31.3,Gina Fling,2025-07,0.10162345444162686,0.07950685871661871,12.577531248772349
18573,2025-07-05,1800.0,0,29.0,7269,1437,3,1,0.4,0.6,0.72,12.195695371507457,12.642225031605564,0.9646795038862396,14,0.0,581000.0,238,100.0,0.15,0.5,0.4215686274509804,0.7254901960784313,0,0,9.4,Gloria Estefan A.T.,2025-07,0.12376321355501811,0.0968282803266219,10.327561293320425
18582,2025-07-05,1900.0,0,29.0,5725,1398,10,2,0.2967032967032967,0.4945054945054945,0.5682844932844933,12.763302844055849,13.280212483399737,0.9073577980352886,5,0.2,10475000.0,365,0.0,0.1789473684210526,0.5017543859649123,0.1196172248803827,0.3397129186602871,0,0,8.0,Zente,2025-07,0.24990546703338623,0.20719279969937232,4.826422546782302
18595,2025-08-02,1900.0,0,28.0,6021,2100,9,1,0.125,0.5,0.6220343314093314,12.514113014532086,13.03780964797914,0.8910351652697485,6,0.1,6756000.0,365,0.0,0.1372549019607843,0.4117647058823529,0.1196172248803827,0.3397129186602871,0,0,4.4,Anna,2025-08,0.14109395444393158,0.15463663946709838,6.466772709534776
18593,2025-08-02,1800.0,0,28.0,7253,2036,8,1,0.2,0.4,0.4952380952380952,13.144074275470947,13.605442176870747,0.9697449577630278,4,0.1,13976689.0,365,100.0,0.064516129032258,0.1290322580645161,0.1564245810055866,0.3407821229050279,7,0,36.5,Baria TRGF Risaia,2025-08,0.12244491279125214,0.13982415548026528,7.1518400848924815
18595,2025-08-02,1900.0,0,28.0,6692,100,5,1,0.1034482758620689,0.3103448275862069,0.5228043986664677,12.302059593420246,13.003901170351105,0.8909366164426543,3,0.1,1547000.0,365,0.0,0.0612244897959183,0.2040816326530612,0.1058823529411764,0.3294117647058823,2,0,22.1,Excellence,2025-08,0.08996937920649846,0.0986049509368779,10.141478602227096
18595,2025-08-02,1900.0,0,28.0,4968,1758,13,0,0.1551724137931034,0.4051724137931034,0.5586965716276061,12.403373554925254,12.903225806451612,0.8881702197554802,10,0.1,7523000.0,365,0.0,0.1382113821138211,0.4146341463414634,0.1179487179487179,0.2871794871794871,4,0,88.4,Titus Livius,2025-08,0.15325029691060385,0.1679597896663111,5.953805979316353
18595,2025-08-02,1900.0,0,28.0,6995,1409,4,0,0.0,0.25,0.4853805916305916,12.116573420368647,12.836970474967906,0.9023155107638124,6,0.3,1036000.0,365,0.0,0.0798004987531172,0.3341645885286783,0.1082251082251082,0.3939393939393939,4,0,2.1,Fany,2025-08,0.06666855017344157,0.07306762786254907,13.685951347444133
18593,2025-08-02,1800.0,0,28.0,6202,1327,9,2,0.4556962025316455,0.6075949367088608,0.6540084388185654,13.174257861119116,13.831258644536652,0.8771538990826714,7,0.2,29744910.0,365,100.0,0.3173913043478261,0.6608695652173913,0.4444444444444444,0.7777777777777778,0,1,1.2,Maugli,2025-08,0.2499114821354548,0.2853827173202728,3.5040664318776624
18593,2025-08-02,1800.0,0,28.0,6433,91,8,0,0.3846153846153846,0.5641025641025641,0.6253561253561254,13.329172219911772,13.908205841446453,0.9400753869747228,17,0.1,21284000.0,365,100.0,0.0949208992506244,0.3238967527060782,0.2441471571906354,0.4816053511705686,2,0,8.8,Digital Races,2025-08,0.10767944778005283,0.12296295129954042,8.132530891877979
18593,2025-08-02,1800.0,0,28.0,6318,255,8,2,0.4,0.7333333333333333,0.7638756613756613,13.05807879754482,13.58695652173913,0.8868411293083052,13,0.3,26815000.0,365,100.0,0.3762376237623762,0.6738861386138614,0.4126984126984127,0.7936507936507936,7,0,3.1,Bonaparte Boss,2025-08,0.1795736402273178,0.2050614600388327,4.876586755066647
18593,2025-08-02,1800.0,0,28.0,6954,860,6,0,0.3157894736842105,0.5,0.627234753550543,13.08701184249744,13.531799729364003,0.963734577608923,20,0.2,13303180.0,365,100.0,0.1609935602575897,0.421343146274149,0.2441471571906354,0.4816053511705686,3,0,10.6,Palace Bo,2025-08,0.13042172292868295,0.14893315572753701,6.714421614952089
18593,2025-08-02,1800.0,0,28.0,7163,110,8,2,0.1875,0.5,0.5233134920634921,13.103379772857917,13.831258644536652,0.9624283278878526,8,0.0,13088902.0,365,100.0,0.1640504090205615,0.4127791288967499,0.1144578313253012,0.3313253012048193,0,0,11.1,Zacapa U.S.,2025-08,0.08567522962888081,0.09783556013355185,10.221232429547452
18594,2025-08-02,1800.0,0,29.0,6506,39,7,2,0.1818181818181818,0.4772727272727273,0.5513888888888888,12.56657908852441,13.0718954248366,0.9148341498663068,16,0.0,3579000.0,365,100.0,0.1699695121951219,0.4378810975609756,0.1403508771929824,0.3450292397660818,1,0,34.0,Charlie's World,2025-08,0.10599801441033681,0.07360255197778107,13.586485429226384
18594,2025-08-02,1800.0,0,29.0,7124,1408,4,2,0.1176470588235294,0.2941176470588235,0.4367880485527544,12.509403645019388,12.919896640826872,0.932596454095298,6,0.2,675000.0,294,100.0,0.1276595744680851,0.392434988179669,0.1196172248803827,0.3397129186602871,5,0,10.2,Fess Fiú,2025-08,0.14835615456104279,0.10301505776355398,9.707318732910453
18594,2025-08-02,1800.0,0,29.0,6709,5,5,2,0.027027027027027,0.2702702702702703,0.5006805506805507,12.26872292601696,12.88659793814433,0.919693119049227,3,0.0,1475000.0,365,100.0,0.2181218121812181,0.4645964596459646,0.1564245810055866,0.3407821229050279,2,0,3.2,Eccelenza,2025-08,0.10599801441033681,0.07360255197778107,13.586485429226384
18594,2025-08-02,1800.0,0,29.0,6854,1076,5,1,0.0975609756097561,0.4390243902439024,0.5550865800865802,12.46551210964016,13.003901170351105,0.9332263565290698,9,0.0,2420000.0,365,100.0,0.115530303030303,0.3712121212121212,0.2,0.6,4,0,5.1,Elegáns Hölgy,2025-08,0.13278705378373465,0.09220423686672986,10.845488602062613
18594,2025-08-02,1800.0,0,29.0,5795,33,10,1,0.1348314606741573,0.5842696629213483,0.6872829417773239,12.653890588015257,13.03780964797914,0.9305370779767882,9,0.0,7090000.0,365,100.0,0.103938520653218,0.3365994236311239,0.1123595505617977,0.4089887640449438,0,0,6.8,Zara Mia,2025-08,0.058090576281150184,0.04033674294690995,24.791292676163046
18594,2025-08-02,1800.0,0,29.0,5531,23,11,1,0.135593220338983,0.4491525423728814,0.6031195734585565,12.67027851539228,13.227513227513228,0.8965304900166179,5,0.3,8626000.0,365,100.0,0.0825587752870421,0.3187534171678512,0.0930232558139534,0.3255813953488372,8,0,20.4,Very Nice Photo,2025-08,0.29898200929164886,0.20760614245207998,4.81681316452774
18594,2025-08-02,1800.0,0,29.0,6153,1492,8,2,0.1886792452830188,0.3584905660377358,0.5293024585477416,12.40734836472397,12.9366106080207,0.9349530889517428,6,0.2,2898000.0,365,100.0,0.0964630225080385,0.360128617363344,0.1058823529411764,0.3294117647058823,3,0,2.8,Bing Crosby AT,2025-08,0.14079144597053528,0.09776230033854981,10.228891878945264
18594,2025-08-02,1800.0,0,29.0,6080,91,8,1,0.1612903225806451,0.4032258064516129,0.5964565004887586,12.440949521871747,12.82051282051282,0.9368667577956744,13,0.1,4543000.0,365,100.0,0.0949208992506244,0.3238967527060782,0.1058823529411764,0.3294117647058823,1,0,51.0,Boszi,2025-08,0.10531411692500114,0.07312766949538824,13.674714467183513
18594,2025-08-02,1800.0,0,29.0,5288,32,12,2,0.168,0.392,0.5520629148629149,12.46902269457746,12.987012987012989,0.8527131782945737,1,0.6,8012500.0,365,100.0,0.0636448307978888,0.2806581806892269,0.1123595505617977,0.4089887640449438,5,0,11.3,Usain,2025-08,0.16503105560938516,0.11459372060891469,8.726481649136769
18595,2025-08-02,1900.0,0,28.0,6305,1778,7,2,0.1428571428571428,0.3928571428571428,0.4794984281591424,12.61540205567386,13.020833333333334,0.9122179204632224,10,0.4,3328000.0,365,0.0,0.0388349514563106,0.203883495145631,0.1236363636363636,0.4109090909090909,2,0,29.4,Csikós,2025-08,0.11397482454776764,0.12491452182611197,8.005474346626057
18594,2025-08-02,1800.0,0,29.0,7081,1640,4,1,0.1578947368421052,0.3157894736842105,0.522398800030379,12.34527081072714,12.88659793814433,0.909210974826132,7,0.0,1056000.0,365,100.0,0.0762711864406779,0.2584745762711864,0.1058823529411764,0.3294117647058823,1,1,51.0,Fancy,2025-08,0.0624518816669782,0.04336513181001378,23.06000139423264
18595,2025-08-02,1900.0,0,28.0,6778,2271,6,1,0.1818181818181818,0.3939393939393939,0.4804626350080895,12.499666141376528,13.003901170351105,0.9152920397302272,8,0.6,2330000.0,365,0.0,0.216867469879518,0.4518072289156626,0.1811320754716981,0.4981132075471698,0,0,5.2,Dancing Lady,2025-08,0.08589931949973106,0.09414423284328263,10.621999561721978
18595,2025-08-02,1900.0,0,28.0,6068,1380,8,1,0.125,0.4444444444444444,0.5747960758377425,12.65428084349985,13.054830287206268,0.9193691405491446,5,0.1,5948000.0,365,0.0,0.109375,0.296875,0.2441471571906354,0.4816053511705686,0,1,6.3,Balerina R.,2025-08,0.10599801441033681,0.11617206990334328,8.607920998842609
18594,2025-08-02,1800.0,0,29.0,6518,2225,6,1,0.125,0.53125,0.5739200036075036,12.557486273277323,12.97016861219196,0.9528652130478628,12,0.3,2069000.0,365,100.0,0.1184210526315789,0.5,0.2441471571906354,0.4816053511705686,2,0,6.0,Lolly Pop,2025-08,0.11634015540281932,0.08078389376229758,12.378705128307484
18595,2025-08-02,1900.0,0,28.0,6703,2237,5,0,0.131578947368421,0.3157894736842105,0.4511610465557834,12.53669981583262,13.054830287206268,0.9000945560003086,6,0.7,2355000.0,365,0.0,0.2578125,0.4921875,0.0780141843971631,0.3333333333333333,0,0,3.0,Etalon N,2025-08,0.15556819488604864,0.1705001674944257,5.865096877589248
18597,2025-08-02,1960.0,0,28.0,5907,2144,9,1,0.0760869565217391,0.2717391304347826,0.4497564935064935,12.29423734302646,12.836970474967906,0.8666481041481042,10,0.4,3276000.0,365,60.0,0.0394736842105263,0.1578947368421052,0.1236363636363636,0.4109090909090909,4,0,7.7,Always Winner,2025-08,0.041979207346836724,0.05345864335733657,18.706048960420574
18597,2025-08-02,1960.0,0,28.0,5925,2271,9,1,0.1034482758620689,0.3103448275862069,0.5622456087973329,12.407651721141471,12.853470437017997,0.9265608843277726,8,0.0,4346640.0,365,60.0,0.216867469879518,0.4518072289156626,0.0833333333333333,0.2794117647058823,3,0,20.6,Anikó,2025-08,0.10599801441033681,0.13498373140137457,7.408300167866131
18597,2025-08-02,1960.0,0,28.0,6690,1064,5,1,0.03125,0.40625,0.4522535624098124,12.3020901408706,12.87001287001287,0.8910237860993412,4,0.3,1197000.0,365,60.0,0.0965986394557823,0.273469387755102,0.0833333333333333,0.2794117647058823,6,0,15.4,Enterprise,2025-08,0.08567522962888081,0.10910357376324734,9.165602605923622
18597,2025-08-02,1960.0,0,28.0,6992,620,4,2,0.04,0.24,0.3854343434343434,12.13821436527847,12.88659793814433,0.8828625235404897,0,0.3,720000.0,365,60.0,0.1397058823529411,0.4338235294117647,0.0793650793650793,0.3968253968253968,0,0,4.7,Finiselj!,2025-08,0.07769841949145,0.09894546275503092,10.106577625249972
18597,2025-08-02,1960.0,0,28.0,6927,23,4,2,0.0909090909090909,0.4090909090909091,0.4932998819362455,12.263136392833752,12.78772378516624,0.9137354954875132,10,0.1,1005000.0,365,60.0,0.0825587752870421,0.3187534171678512,0.0780141843971631,0.3333333333333333,1,0,10.3,Fast Track,2025-08,0.042061941077311836,0.05356400106346354,18.66925509943111
18597,2025-08-02,1960.0,0,28.0,6999,1854,4,1,0.0588235294117647,0.1176470588235294,0.2070632798573975,11.929965030657902,12.376237623762377,0.9114567692613084,5,0.6,597000.0,365,60.0,0.037037037037037,0.1555555555555555,0.0355555555555555,0.1377777777777777,12,0,20.6,First Lady KJ,2025-08,0.0,0.0,inf
18597,2025-08-02,1960.0,0,28.0,6003,39,9,1,0.1571428571428571,0.4142857142857143,0.5625963718820862,12.664365164576443,13.123359580052494,0.937007639440624,14,0.2,4411000.0,365,60.0,0.1699695121951219,0.4378810975609756,0.15,0.4375,6,0,7.7,Ambrosia Gielle,2025-08,0.12075134366750717,0.1537714364806097,6.5031583425839825
18597,2025-08-02,1960.0,0,28.0,6345,32,8,1,0.0410958904109589,0.2054794520547945,0.46598272351697,12.312072898918242,12.88659793814433,0.8982251564777503,3,0.4,2394000.0,365,60.0,0.0636448307978888,0.2806581806892269,0.1123595505617977,0.4089887640449438,4,0,20.6,Berna Queen M,2025-08,0.08677739029129346,0.11050712608112699,9.04919017861225
18597,2025-08-02,1960.0,0,28.0,4611,33,16,1,0.1402439024390244,0.3719512195121951,0.4951283303417449,12.373260252993695,12.836970474967906,0.8903601411252664,8,0.6,8095000.0,365,60.0,0.103938520653218,0.3365994236311239,0.1123595505617977,0.4089887640449438,0,0,15.4,Pálinka,2025-08,0.045677583664655685,0.058168360216494984,17.191476539447418
18597,2025-08-02,1960.0,0,28.0,7094,138,4,2,0.1904761904761904,0.4285714285714285,0.4736995808424379,12.201697460962054,12.87001287001287,0.9215430357914988,15,0.0,1027000.0,365,60.0,0.1283865750101091,0.3770723817226041,0.1058823529411764,0.3294117647058823,5,0,1.9,Full Speed,2025-08,0.09733730678757031,0.12395470752766562,8.067462865634278
18597,2025-08-02,1960.0,0,28.0,6343,27,7,2,0.0689655172413793,0.3793103448275862,0.5827374732547147,12.503111491285148,12.9366106080207,0.9242660594569756,16,0.0,2734000.0,365,60.0,0.0611491829204006,0.2308908803373748,0.1376146788990825,0.3990825688073394,1,1,7.7,Chicago,2025-08,0.08130867158373196,0.10354295735364971,9.657827297558367
18591,2025-08-02,1980.0,0,29.0,7185,5,3,0,0.2,0.6,0.3333333333333333,12.371555913238597,12.722646310432571,0.9724042947805536,11,0.2,350000.0,294,80.0,0.2181218121812181,0.4645964596459646,0.2441471571906354,0.4816053511705686,5,1,2.1,Győztes Szív,2025-08,0.2552552595734596,0.230569999062908,4.337077694688124
18587,2025-08-02,1900.0,0,27.0,7167,1509,3,0,0.2857142857142857,0.5714285714285714,0.6329365079365079,12.4389193516172,13.003901170351105,0.9389853574392232,10,0.1428571428571428,890000.0,231,0.0,0.1552,0.4576,0.1811320754716981,0.4981132075471698,0,0,6.8,Gainsville,2025-08,0.08635912711421649,0.09057190698575758,11.040951143462728
18591,2025-08-02,1980.0,0,29.0,7118,1492,4,2,0.3125,0.375,0.5378314393939394,12.126402263328767,12.953367875647668,0.8983598082011663,13,0.1,943000.0,365,80.0,0.0964630225080385,0.360128617363344,0.1058823529411764,0.3294117647058823,0,0,3.8,Ferrari,2025-08,0.10599801441033681,0.09574714395347422,10.444175760333106
18592,2025-08-02,1960.0,0,27.0,7255,1509,5,2,0.4615384615384615,0.9230769230769232,0.8817987567987569,12.873699223592457,13.10615989515072,0.9815165104800184,20,0.0,2211464.0,365,60.0,0.1552,0.4576,0.1811320754716981,0.4981132075471698,4,1,11.3,Top Hill,2025-08,0.24653559426466623,0.19057197618930885,5.247361233251987
18592,2025-08-02,1960.0,0,27.0,6731,255,6,1,0.6896551724137931,0.8620689655172413,0.8310892172961138,12.843499038727064,13.315579227696404,0.9360686025657868,22,0.2,6559000.0,365,60.0,0.3762376237623762,0.6738861386138614,0.4126984126984127,0.7936507936507936,7,0,2.2,Daytona Spav,2025-08,0.3494709034760793,0.2701409542696802,3.7017711835048366
18592,2025-08-02,1960.0,0,27.0,6514,27,6,2,0.3,0.6,0.6618912337662338,12.773210583352808,13.26259946949602,0.926566895671848,13,0.2,6173000.0,365,60.0,0.0611491829204006,0.2308908803373748,0.1376146788990825,0.3990825688073394,3,0,1.7,El Valle Sagrado,2025-08,0.16234119981527328,0.12548972231785405,7.968780084372894
18592,2025-08-02,1960.0,0,27.0,6704,23,5,1,0.0512820512820512,0.4102564102564102,0.5143976393976394,12.59124873006703,13.03780964797914,0.9279059752321728,11,0.2,3029000.0,365,60.0,0.0825587752870421,0.3187534171678512,0.0930232558139534,0.3255813953488372,9,0,11.3,Emerald,2025-08,0.12848137567440668,0.0993160835003284,10.068862612737778
18592,2025-08-02,1960.0,0,27.0,6308,860,7,2,0.2321428571428571,0.625,0.6113874716553288,12.82378346175254,13.333333333333334,0.8735735460509194,15,0.3,5976000.0,365,60.0,0.1609935602575897,0.421343146274149,0.1236363636363636,0.4109090909090909,2,0,30.3,Csábító R.,2025-08,0.11634015540281932,0.08993092211052048,11.119645796259617
18592,2025-08-02,1960.0,0,27.0,7396,1076,4,1,0.0,0.25,0.5034722222222222,12.88748710928106,13.280212483399737,0.9685001484172624,6,0.0,3163736.0,365,60.0,0.115530303030303,0.3712121212121212,0.1144578313253012,0.3313253012048193,3,0,91.1,Fiamma Sn,2025-08,0.08635912711421649,0.06675559188614368,14.9800184785354
18592,2025-08-02,1960.0,0,27.0,6727,635,6,0,0.0930232558139534,0.3488372093023256,0.4366555924695459,12.40977353865996,13.0718954248366,0.8795989564936579,4,0.2,2245000.0,365,60.0,0.2040677966101695,0.455593220338983,0.1335740072202166,0.296028880866426,7,0,3.9,Västerbo No Edge,2025-08,0.20413296421368918,0.15779474972616436,6.337346468975624
18587,2025-08-02,1900.0,0,27.0,7130,255,3,2,0.6666666666666666,1.0,0.9236111111111112,12.64397336420162,13.10615989515072,0.9576822012263002,21,0.0,4875000.0,112,0.0,0.3762376237623762,0.6738861386138614,0.4126984126984127,0.7936507936507936,4,1,1.8,Giovanni Fling,2025-08,0.2725672870874405,0.28586369267945005,3.498170721251189
18587,2025-08-02,1900.0,0,27.0,7176,615,3,0,0.375,0.625,0.7524305555555555,12.411113768240575,13.0718954248366,0.9315773610916728,14,0.0,1715000.0,318,0.0,0.1115577889447236,0.3597989949748744,0.1441441441441441,0.4504504504504504,1,0,4.2,Get Lucky,2025-08,0.10599801441033681,0.11116882051332808,8.995327965003547
18587,2025-08-02,1900.0,0,27.0,7114,5,3,1,0.2222222222222222,0.4444444444444444,0.6082331248997916,12.19392163223058,13.054830287206268,0.8963010206923069,11,0.0,1874000.0,365,0.0,0.2181218121812181,0.4645964596459646,0.1564245810055866,0.3407821229050279,3,0,4.2,Ginevra,2025-08,0.10599801441033681,0.11116882051332808,8.995327965003547
18589,2025-08-02,1900.0,0,28.0,6983,1509,4,1,0.1875,0.375,0.4634920634920635,12.259517789679965,12.903225806451612,0.937453726059,11,0.2,1005000.0,365,0.0,0.1552,0.4576,0.1153846153846153,0.2788461538461538,0,0,16.2,Fondorlat,2025-08,0.07769841949145,0.0764107136858733,13.087170002246408
18587,2025-08-02,1900.0,0,27.0,7109,635,3,1,0.1111111111111111,0.4444444444444444,0.509567901234568,12.283130309691954,12.69035532994924,0.9654066428371204,6,0.1111111111111111,422000.0,175,0.0,0.2040677966101695,0.455593220338983,0.1335740072202166,0.296028880866426,4,0,68.6,Gaya T Boko,2025-08,0.07769841949145,0.08148871182790707,12.271638335771735
18587,2025-08-02,1900.0,0,27.0,7105,69,3,2,0.2,0.4,0.5208333333333333,12.340346917975564,12.953367875647668,0.9245270734639992,15,0.0,1568000.0,365,0.0,0.0719910011248594,0.2559055118110236,0.1196172248803827,0.3397129186602871,2,0,17.1,Gomez de Boko,2025-08,0.08130867158373196,0.0852750796111853,11.726755396295552
18587,2025-08-02,1900.0,0,27.0,7103,138,3,1,0.0,0.5454545454545454,0.5377640036730946,12.114551017198927,12.836970474967906,0.9044214457580184,9,0.0,1075000.0,357,0.0,0.1283865750101091,0.3770723817226041,0.1058823529411764,0.3294117647058823,2,0,9.8,Grace Kelly,2025-08,0.09077031537890434,0.09519828229264976,10.504391212920128
18596,2025-08-02,1960.0,0,27.0,7173,110,7,1,0.0555555555555555,0.1666666666666666,0.3343033509700176,12.895999647340282,13.26259946949602,0.9768228973907672,2,0.0,7735970.0,365,60.0,0.1640504090205615,0.4127791288967499,0.1144578313253012,0.3313253012048193,3,1,2.2,Jula Netprice,2025-08,0.15325029691060385,0.16514731424994158,6.0551998955705315
18596,2025-08-02,1960.0,0,27.0,6920,5,4,2,0.3,0.5,0.615494227994228,12.563716801981258,12.953367875647668,0.9412432420674548,22,0.1,1802000.0,365,60.0,0.2181218121812181,0.4645964596459646,0.1564245810055866,0.3407821229050279,2,0,2.3,Fliegauf,2025-08,0.21050684650739035,0.2268487633156079,4.408223282261098
18596,2025-08-02,1960.0,0,27.0,6340,33,7,2,0.1724137931034483,0.3620689655172414,0.5530303030303031,12.530600350045146,13.089005235602093,0.899006891762971,13,0.4,4077500.0,365,60.0,0.103938520653218,0.3365994236311239,0.1123595505617977,0.4089887640449438,6,0,7.5,Cunami,2025-08,0.12434454758961995,0.13399757449102137,7.462821650305363
18596,2025-08-02,1960.0,0,27.0,6228,635,7,2,0.2857142857142857,0.5357142857142857,0.5826318027210885,12.765072318297538,13.297872340425531,0.8944675282776664,8,0.6,5536000.0,365,60.0,0.2040677966101695,0.455593220338983,0.1335740072202166,0.296028880866426,4,0,5.3,Creatine,2025-08,0.11314816648761432,0.12193200394668731,8.201292258242823
18596,2025-08-02,1960.0,0,27.0,7136,620,4,2,0.1052631578947368,0.5263157894736842,0.4763157894736842,12.506587969554412,12.953367875647668,0.9433342602007097,8,0.2,1200000.0,365,60.0,0.1397058823529411,0.4338235294117647,0.0793650793650793,0.3968253968253968,0,0,26.5,First Home,2025-08,0.07769841949145,0.0837302475698526,11.943115290155356
18596,2025-08-02,1960.0,0,27.0,5905,23,9,0,0.1770833333333333,0.4895833333333333,0.6438905423280423,12.70913815343628,13.26259946949602,0.9015243416546748,8,0.1,8965500.0,365,60.0,0.0825587752870421,0.3187534171678512,0.0780141843971631,0.3333333333333333,0,0,53.0,Adamo Fling,2025-08,0.07343006134033203,0.07913053129442395,12.637347224161333
18596,2025-08-02,1960.0,0,27.0,6861,69,5,1,0.15625,0.46875,0.5014779491341992,12.616005291382198,13.020833333333334,0.9320172537869386,17,0.3,2930519.0,365,60.0,0.0719910011248594,0.2559055118110236,0.1196172248803827,0.3397129186602871,2,0,17.6,Emeli Sandé A.T.,2025-08,0.0892237164080143,0.09615026808579347,10.400387018242267
18591,2025-08-02,1980.0,0,29.0,7269,2450,3,1,0.3333333333333333,0.5,0.6,12.195695371507457,12.642225031605564,0.9646795038862396,14,0.1666666666666666,581000.0,266,80.0,0.3793103448275862,0.6724137931034483,0.4215686274509804,0.7254901960784313,4,0,8.4,Gloria Estefan A.T.,2025-08,0.2725672870874405,0.24620781265525382,4.061609537144235
18587,2025-08-02,1900.0,0,27.0,7187,91,3,0,0.0909090909090909,0.4545454545454545,0.4607667584940312,12.451469906002416,12.88659793814433,0.954817459489376,13,0.2,642000.0,294,0.0,0.0949208992506244,0.3238967527060782,0.2441471571906354,0.4816053511705686,1,0,6.8,Genesis,2025-08,0.13278705378373465,0.13926468557639404,7.180571268740252
18589,2025-08-02,1900.0,0,28.0,6929,148,4,1,0.1818181818181818,0.5454545454545454,0.6497130394857668,12.697789283141477,13.351134846461948,0.934482437352072,14,0.1,2795000.0,365,0.0,0.1286343612334801,0.4017621145374449,0.1082251082251082,0.3939393939393939,7,0,7.2,Fendi,2025-08,0.20413296421368918,0.20074984258974835,4.981323955723325
18596,2025-08-02,1960.0,0,27.0,6066,860,8,1,0.1587301587301587,0.5238095238095238,0.6645061728395062,12.653501309106902,13.157894736842104,0.905425041149228,11,0.0,6230080.0,365,60.0,0.1609935602575897,0.421343146274149,0.1236363636363636,0.4109090909090909,4,0,6.6,Berill Lady,2025-08,0.08635912711421649,0.09306329704667171,10.745374725961998
18589,2025-08-02,1900.0,0,28.0,6965,1901,4,1,0.3333333333333333,0.7222222222222222,0.727579365079365,12.58133201112446,13.14060446780552,0.9266778897654984,13,0.0,3378065.0,365,0.0,0.2238805970149253,0.5621890547263682,0.0,0.5,0,0,16.2,Felhők felett,2025-08,0.07033049191037814,0.06916489570733021,14.458201516438033
18589,2025-08-02,1900.0,0,28.0,6912,110,4,1,0.3846153846153846,0.4615384615384615,0.5878205128205128,12.677729186572591,13.089005235602093,0.9334586466165414,6,0.4,2278717.0,365,0.0,0.1640504090205615,0.4127791288967499,0.2152466367713004,0.5381165919282511,0,0,3.6,Fiona TIM,2025-08,0.25996439158916473,0.25565596860599943,3.9115065666279665
18591,2025-08-02,1980.0,0,29.0,7370,138,4,2,0.0,0.25,0.5370370370370371,12.64047725421496,12.97016861219196,0.974231280111626,7,0.1,752669.0,365,80.0,0.1283865750101091,0.3770723817226041,0.1058823529411764,0.3294117647058823,8,0,14.1,Another Star,2025-08,0.173007865746816,0.15627659743339808,6.398910754543269
18591,2025-08-02,1980.0,0,29.0,7149,33,4,1,0.0833333333333333,0.3333333333333333,0.4407332251082251,12.165983383821931,12.722646310432571,0.9019814287888366,11,0.2,828000.0,365,80.0,0.103938520653218,0.3365994236311239,0.1123595505617977,0.4089887640449438,4,0,31.7,Füge M,2025-08,0.07769841949145,0.07018435012571149,14.248190632368024
18591,2025-08-02,1980.0,0,29.0,6982,635,4,0,0.1875,0.3125,0.4891594516594516,12.059594763208384,12.722646310432571,0.9140251234440948,11,0.3,590000.0,365,80.0,0.2040677966101695,0.455593220338983,0.1335740072202166,0.296028880866426,5,0,12.7,Farkasfog,2025-08,0.10599801441033681,0.09574714395347422,10.444175760333106
18591,2025-08-02,1980.0,0,29.0,7086,1854,4,2,0.08,0.2,0.2933910533910533,11.986972343050368,12.674271229404308,0.9142526071842412,5,0.5,570000.0,365,80.0,0.037037037037037,0.1555555555555555,0.0355555555555555,0.1377777777777777,3,0,2.8,Fakta,2025-08,0.03929842015107473,0.03549794316696303,28.17064626241987
18588,2025-08-02,3000.0,0,29.0,6783,5,5,0,0.5555555555555556,0.7777777777777778,0.7714579659024103,13.02671241880446,13.531799729364003,0.9292580372813232,21,0.2,23135000.0,365,1100.0,0.2181218121812181,0.4645964596459646,0.2441471571906354,0.4816053511705686,8,1,1.4,Enjoy,2025-08,0.2890133907397588,0.40477896746758624,2.4704840922350484
18588,2025-08-02,3000.0,0,29.0,6699,1401,5,2,0.0857142857142857,0.4857142857142857,0.5715192743764173,12.84768652564316,13.623978201634875,0.8879902131775405,12,0.1,7160294.0,365,1100.0,0.2324455205811138,0.5556900726392252,0.2152466367713004,0.5381165919282511,0,0,6.8,El Diablo,2025-08,0.10599801441033681,0.14845598232251053,6.736003388718738
18588,2025-08-02,3000.0,0,29.0,6855,2225,5,1,0.2105263157894736,0.4736842105263157,0.5039160401002507,12.882319229017268,13.368983957219251,0.9355187120597562,11,0.2,14225000.0,365,1100.0,0.1184210526315789,0.5,0.2441471571906354,0.4816053511705686,5,0,6.8,Eternity Bar,2025-08,0.10767944778005283,0.15081092117678682,6.630819520210731
18588,2025-08-02,3000.0,0,29.0,6901,635,5,0,0.3793103448275862,0.5172413793103449,0.6353448275862069,12.785468613270956,13.280212483399737,0.9371695852129114,22,0.0,5340000.0,365,1100.0,0.2040677966101695,0.455593220338983,0.1335740072202166,0.296028880866426,2,0,2.7,Eastwood,2025-08,0.11397482454776764,0.1596279386213162,6.264567522683421
18588,2025-08-02,3000.0,0,29.0,6695,1492,5,1,0.0333333333333333,0.4,0.4859054834054834,12.414292768818822,12.755102040816324,0.9411978052976736,11,0.0,1333000.0,365,1100.0,0.0964630225080385,0.360128617363344,0.1058823529411764,0.3294117647058823,2,0,7.3,Ékszer K,2025-08,0.09733730678757031,0.13632619041180025,7.335347646547608
18590,2025-08-02,1900.0,0,29.0,7403,1327,3,2,0.5,0.5,0.5,12.69035532994924,12.69035532994924,1.0,5,0.5,0.0,49,0.0,0.3173913043478261,0.6608695652173913,0.4444444444444444,0.7777777777777778,1,1,2.2,Baiyoke Sky,2025-08,0.40472615758577984,0.25921955427199644,3.857733660596878
18591,2025-08-02,1980.0,0,29.0,7309,2237,3,1,0.1428571428571428,0.4285714285714285,0.5482993197278911,11.946803375865532,12.61034047919294,0.9441149773863884,11,0.0,380000.0,231,80.0,0.2578125,0.4921875,0.1144578313253012,0.3313253012048193,0,0,10.5,Goldina Amok,2025-08,0.07723861187696457,0.06976900964881717,14.33301124716414
18590,2025-08-02,1900.0,0,29.0,7345,860,5,0,0.0,1.0,0.0,12.135922330097086,12.135922330097086,1.0,3,0.0,0.0,49,0.0,0.1609935602575897,0.421343146274149,0.1236363636363636,0.4109090909090909,9,0,8.6,Esperanto,2025-08,0.19128034015496573,0.12251148977307469,8.162499712086415
18590,2025-08-02,1900.0,0,29.0,7358,1791,4,1,1.0,1.0,1.0,12.56281407035176,12.56281407035176,1.0,5,0.0,0.0,28,0.0,0.1636363636363636,0.3757575757575757,0.2152466367713004,0.5381165919282511,4,0,3.5,Fiona May,2025-08,0.23611587285995483,0.15122781211967645,6.61254028596694
18590,2025-08-02,1900.0,0,29.0,7414,110,4,1,1.0,1.0,1.0,11.547344110854503,11.547344110854503,1.0,5,0.0,0.0,121,0.0,0.1640504090205615,0.4127791288967499,0.0,0.25,0,0,13.0,Fusion,2025-08,0.07343006134033203,0.04703058454227029,21.262759324226916
18590,2025-08-02,1900.0,0,29.0,7064,2237,3,1,0.0,0.3333333333333333,0.3101851851851852,11.450295537909636,11.848341232227488,0.9640891765754326,5,0.0,75000.0,308,0.0,0.2578125,0.4921875,0.0780141843971631,0.3333333333333333,2,0,5.5,Ganybody,2025-08,0.12434454758961995,0.07964036323869875,12.556446999152827
18589,2025-08-02,1900.0,0,28.0,6916,1401,4,1,0.631578947368421,0.7894736842105263,0.7802005012531329,12.904485800045167,13.440860215053762,0.9123332787488636,15,0.2,17750000.0,365,0.0,0.2324455205811138,0.5556900726392252,0.4215686274509804,0.7254901960784313,1,1,1.0,Freya T Boko,2025-08,0.40472615758577984,0.3980185794110486,2.512445528245712
18590,2025-08-02,1900.0,0,29.0,7201,1854,3,1,0.1818181818181818,0.1818181818181818,0.4531024531024531,11.90017109221604,12.43781094527363,0.923252734208569,11,0.2,65000.0,259,0.0,0.037037037037037,0.1555555555555555,0.0355555555555555,0.1377777777777777,1,0,15.6,Renebell BD,2025-08,0.019690576940774918,0.01261144722741158,79.29304083566655
18590,2025-08-02,1900.0,0,29.0,7349,1492,3,1,0.0,1.0,0.0,11.933174224343675,11.933174224343675,1.0,3,0.0,0.0,28,0.0,0.0964630225080385,0.360128617363344,0.1058823529411764,0.3294117647058823,5,0,39.1,Torra LV,2025-08,0.14678135638435683,0.09401072074104282,10.637084708185032
18590,2025-08-02,1900.0,0,29.0,7116,175,3,1,0.0,0.4285714285714285,0.3571428571428571,11.964309198000215,12.594458438287154,0.93079178390741,7,0.1428571428571428,125000.0,119,0.0,0.0789074355083459,0.2655538694992412,0.0973451327433628,0.3716814159292035,3,0,19.5,Golden Girl,2025-08,0.07723861187696457,0.04946989011722319,20.21431617556484
18590,2025-08-02,1900.0,0,29.0,7144,138,3,1,1.0,1.0,1.0,11.737089201877934,11.737089201877934,1.0,5,0.0,0.0,98,0.0,0.1283865750101091,0.3770723817226041,0.1058823529411764,0.3294117647058823,4,0,13.0,Giadaz,2025-08,0.13232135772705078,0.08474936133427875,11.799498949091523
18590,2025-08-02,1900.0,0,29.0,7194,33,3,1,0.0,0.1666666666666666,0.2638888888888889,11.858361582269366,12.31527093596059,0.9630616909649524,6,0.0,125000.0,301,0.0,0.103938520653218,0.3365994236311239,0.1123595505617977,0.4089887640449438,9,0,9.7,Gyémánt Lady,2025-08,0.07769841949145,0.04976438831716353,20.09469087868009
18590,2025-08-02,1900.0,0,29.0,7079,23,3,0,0.0,0.3333333333333333,0.2407407407407407,11.51092892302521,12.135922330097086,0.869198312236287,3,0.6666666666666666,0.0,273,0.0,0.0825587752870421,0.3187534171678512,0.0780141843971631,0.3333333333333333,9,0,19.5,Griff Grand Laser,2025-08,0.07769841949145,0.04976438831716353,20.09469087868009
18603,2025-08-09,1800.0,0,33.0,6153,1492,8,2,0.1851851851851851,0.3518518518518518,0.5262345679012346,12.414908227247718,12.9366106080207,0.9349530889517428,6,0.2,2898000.0,365,100.0,0.0958466453674121,0.3594249201277955,0.1058823529411764,0.3294117647058823,2,0,9.0,Bing Crosby AT,2025-08,0.14079144597053528,0.11480557703373828,8.710378239779473
18603,2025-08-09,1800.0,0,33.0,6934,138,4,1,0.3181818181818182,0.5,0.6274924570379116,12.404776132412575,12.77139208173691,0.927575071245087,12,0.1,2031000.0,365,100.0,0.1282310177705977,0.3768174474959612,0.1058823529411764,0.3294117647058823,4,0,4.0,Zaira LV,2025-08,0.13926792641480765,0.1135632533931806,8.805665302118312
18603,2025-08-09,1800.0,0,33.0,6786,27,5,2,0.2857142857142857,0.4642857142857143,0.5551857864357864,12.492117710488964,13.003901170351105,0.9150492670543464,12,0.3,2227000.0,365,100.0,0.0616113744075829,0.2317008952080042,0.1376146788990825,0.3990825688073394,6,0,6.0,Enrico Fling,2025-08,0.12434454758961995,0.10139428172371355,9.862489116742028
18607,2025-08-09,1800.0,0,33.0,6973,1791,5,2,0.3103448275862069,0.5517241379310345,0.6077723043240285,12.62479282589422,13.280212483399737,0.9184432736883748,11,0.2,3363000.0,365,100.0,0.1626506024096385,0.3795180722891566,0.2152466367713004,0.5381165919282511,2,1,1.5,Edoardo Ama,2025-08,0.171596830089887,0.22087771017229235,4.52739209954669
18607,2025-08-09,1800.0,0,33.0,6704,23,5,1,0.05,0.4,0.5140376984126984,12.594849716782296,13.03780964797914,0.9279059752321728,11,0.2,3085000.0,365,100.0,0.0824010914051841,0.3184174624829468,0.0930232558139534,0.3255813953488372,8,0,15.8,Emerald,2025-08,0.1287557358543078,0.16573308546638527,6.033798243639316
18607,2025-08-09,1800.0,0,33.0,6987,719,4,2,0.1818181818181818,0.5454545454545454,0.5763954479863571,12.714948919627023,13.054830287206268,0.9614180995620168,12,0.0,2775000.0,365,100.0,0.1577669902912621,0.4029126213592233,0.1441441441441441,0.4504504504504504,4,0,2.1,Fabrice,2025-08,0.13926792641480765,0.17926427120380078,5.578356430340358
18607,2025-08-09,1800.0,0,33.0,7394,110,4,0,0.1111111111111111,0.4444444444444444,0.4768518518518518,13.017587531548342,13.26259946949602,0.9784340398569272,10,0.2222222222222222,2828890.0,365,100.0,0.1641263529931522,0.4128561961563949,0.1144578313253012,0.3313253012048193,2,0,6.8,Furio Ferm,2025-08,0.10463505238294601,0.13468518481370859,7.424721593419216
18605,2025-08-09,1800.0,0,34.0,7403,1327,3,2,0.6666666666666666,0.6666666666666666,0.6666666666666666,12.610841825375624,12.69035532994924,0.993734335839599,10,0.3333333333333333,250000.0,56,100.0,0.3232758620689655,0.6637931034482759,0.4444444444444444,0.7777777777777778,0,0,2.1,Baiyoke Sky,2025-08,0.30780423680941266,0.21771209033133224,4.5932221700600895
18607,2025-08-09,1800.0,0,33.0,6303,5,7,2,0.2553191489361702,0.3829787234042553,0.5266548463356974,12.508980602916068,12.987012987012989,0.8661691315658944,1,0.5,3430000.0,365,100.0,0.2182254196642686,0.4650779376498801,0.1564245810055866,0.3407821229050279,0,0,6.8,CR-Seven,2025-08,0.12621431052684784,0.16246178839983003,6.1552935607167445
18607,2025-08-09,1800.0,0,33.0,7396,1076,4,1,0.0,0.2222222222222222,0.4660493827160494,12.863796455961422,13.280212483399737,0.9685001484172624,6,0.0,3163736.0,365,100.0,0.1150943396226415,0.3698113207547169,0.1144578313253012,0.3313253012048193,2,0,47.6,Fiamma Sn,2025-08,0.10641627758741379,0.13697795994398299,7.300444541654359
18605,2025-08-09,1800.0,0,34.0,7065,148,3,0,0.25,0.5,0.4722222222222222,12.608527082512364,12.88659793814433,0.9784217016029594,8,0.5,300000.0,188,100.0,0.1285777190664905,0.4015852047556142,0.1082251082251082,0.3939393939393939,6,1,4.6,Greenback,2025-08,0.1028060254951318,0.07271542114301702,13.752241055349119
18605,2025-08-09,1800.0,0,34.0,7329,2546,5,1,0.0,0.25,0.4680555555555556,12.36008385136707,12.674271229404308,0.962118553124531,2,0.2,358000.0,289,100.0,0.05,0.15,0.1811320754716981,0.4981132075471698,0,0,7.0,Exclusive Adri,2025-08,0.09733730678757031,0.0688473581377814,14.52488558818395
18605,2025-08-09,1800.0,0,34.0,6057,175,8,2,0.1363636363636363,0.3636363636363636,0.5805998294634658,12.218368176177034,12.706480304955528,0.913447936048859,20,0.0,480000.0,365,100.0,0.0801815431164901,0.2662632375189107,0.0973451327433628,0.3716814159292035,6,0,35.0,Bitangjó,2025-08,0.07769841949145,0.054956635744420716,18.196164784368584
18603,2025-08-09,1800.0,0,33.0,6360,860,7,0,0.0869565217391304,0.4130434782608695,0.595347104586235,12.569797458824937,13.175230566534914,0.8999124213119433,9,0.3,6640000.0,365,100.0,0.1606978879706152,0.4214876033057851,0.1236363636363636,0.4109090909090909,3,0,4.2,Chip Chip Chip,2025-08,0.1549029846986135,0.12631254988527085,7.9168697085784085
18605,2025-08-09,1800.0,0,34.0,7193,32,3,1,0.0769230769230769,0.5384615384615384,0.5425574425574425,12.29055350086992,12.804097311139566,0.93542174094845,12,0.0,495000.0,365,100.0,0.0635856079404466,0.2803970223325062,0.1123595505617977,0.4089887640449438,7,0,17.5,Grazia,2025-08,0.09733730678757031,0.0688473581377814,14.52488558818395
18603,2025-08-09,1800.0,0,33.0,6328,175,7,1,0.05,0.3,0.5124003427128427,12.435561961365808,13.10615989515072,0.8991880580411022,14,0.1,3115000.0,365,100.0,0.0801815431164901,0.2662632375189107,0.0973451327433628,0.3716814159292035,4,0,14.5,Credit Card,2025-08,0.07723861187696457,0.06298268580660529,15.877379428857656
18598,2025-08-09,1900.0,0,33.0,5962,110,10,2,0.2083333333333333,0.4375,0.5885375330687831,12.627437946395048,13.245033112582782,0.8954181902751766,7,0.0,7963000.0,365,0.0,0.1641263529931522,0.4128561961563949,0.1144578313253012,0.3313253012048193,2,0,2.2,Zénó Boko,2025-08,0.12075134366750717,0.1639625156893281,6.098954970261459
18603,2025-08-09,1800.0,0,33.0,7034,32,4,2,0.0714285714285714,0.3928571428571428,0.5021889816532673,12.207004903682778,13.020833333333334,0.8539252716947234,5,0.3,1362000.0,365,100.0,0.0635856079404466,0.2803970223325062,0.1123595505617977,0.4089887640449438,8,0,8.0,Formula,2025-08,0.12244491279125214,0.09984526240882118,10.015497739947364
18598,2025-08-09,1900.0,0,33.0,6163,33,8,2,0.1219512195121951,0.3658536585365853,0.5141550522648084,12.645077119248011,13.227513227513228,0.8867931688804555,2,0.3,5557000.0,365,0.0,0.1040107464977931,0.3364037612742276,0.1123595505617977,0.4089887640449438,4,1,2.2,Bombay,2025-08,0.16503105560938516,0.22408783391336654,4.462535883972197
18598,2025-08-09,1900.0,0,33.0,6350,1509,12,2,0.1612903225806451,0.4838709677419355,0.6120967741935485,12.815350226470215,13.66120218579235,0.9847390890239938,11,0.2,10864100.0,365,0.0,0.1560509554140127,0.4570063694267516,0.0789473684210526,0.4473684210526316,0,0,8.8,Grand Illusion,2025-08,0.0880405604839325,0.11954609647568179,8.364974093515643
18598,2025-08-09,1900.0,0,33.0,7171,1076,7,2,0.0384615384615384,0.3846153846153846,0.5083028083028084,12.75098447806764,13.297872340425531,0.9778093513101728,3,0.0,4985660.0,365,0.0,0.1150943396226415,0.3698113207547169,0.1144578313253012,0.3313253012048193,2,0,4.4,Peter Piper,2025-08,0.13042172292868295,0.17709346449018146,5.646735766781742
18598,2025-08-09,1900.0,0,33.0,6068,2225,8,1,0.136986301369863,0.4520547945205479,0.5806207871276364,12.652578789522249,13.054830287206268,0.9193691405491446,5,0.1,6248000.0,365,0.0,0.1161290322580645,0.4967741935483871,0.2441471571906354,0.4816053511705686,0,0,8.8,Balerina R.,2025-08,0.10599801441033681,0.14392967045276164,6.947837765863603
18598,2025-08-09,1900.0,0,33.0,5228,27,12,2,0.2233009708737864,0.5048543689320388,0.6261708625786296,12.695859961681522,13.26259946949602,0.8396436525612474,3,0.5,11622000.0,365,0.0,0.0616113744075829,0.2317008952080042,0.1403508771929824,0.3450292397660818,2,0,8.8,Uptown Boy M,2025-08,0.12621431052684784,0.17138041897868048,5.8349723145699555
18603,2025-08-09,1800.0,0,33.0,5725,69,10,2,0.2934782608695652,0.4891304347826087,0.5621074879227053,12.763302844055849,13.280212483399737,0.9073577980352886,5,0.2,10475000.0,365,100.0,0.0723905723905724,0.2558922558922559,0.1196172248803827,0.3397129186602871,1,1,4.8,Zente,2025-08,0.10767944778005283,0.0878050584099435,11.388865494869426
18603,2025-08-09,1800.0,0,33.0,6021,1076,9,1,0.1237113402061855,0.4948453608247423,0.6200398684934767,12.514130222859755,13.03780964797914,0.8910351652697485,6,0.1,6786000.0,365,100.0,0.1150943396226415,0.3698113207547169,0.1196172248803827,0.3397129186602871,3,0,14.5,Anna,2025-08,0.11040920267502467,0.09003098260382883,11.10728741460467
18603,2025-08-09,1800.0,0,33.0,5831,1509,12,2,0.1226415094339622,0.4716981132075472,0.6628025538402897,12.721998921000242,13.531799729364003,0.9367595940032272,5,0.1,9904900.0,365,100.0,0.1560509554140127,0.4570063694267516,0.0789473684210526,0.4473684210526316,0,0,12.1,King's Call,2025-08,0.08567522962888081,0.06986215751417287,14.31390090976121
18603,2025-08-09,1800.0,0,33.0,6920,5,4,2,0.2857142857142857,0.5238095238095238,0.6201985844842988,12.57737948563059,12.953367875647668,0.9412432420674548,22,0.1,1886000.0,365,100.0,0.2182254196642686,0.4650779376498801,0.1564245810055866,0.3407821229050279,1,0,6.0,Fliegauf,2025-08,0.16359243790308634,0.1333981912207249,7.496353517607806
18605,2025-08-09,1800.0,0,34.0,7330,2527,5,1,0.0666666666666666,0.2,0.292962962962963,12.549238621795809,12.87001287001287,0.9823008849557524,0,0.6,415000.0,365,100.0,0.0,0.1111111111111111,0.1811320754716981,0.4981132075471698,2,0,17.5,Emilia Adri,2025-08,0.1707194745540619,0.12075107883731023,8.281499508151933
18605,2025-08-09,1800.0,0,34.0,7055,138,4,1,0.0,0.4,0.5772474747474747,12.24273957806258,12.515644555694616,0.9645624311633236,3,0.0,450000.0,365,100.0,0.1282310177705977,0.3768174474959612,0.1058823529411764,0.3294117647058823,1,0,35.0,Feeling Great BD,2025-08,0.10599801441033681,0.07497313723635986,13.338110646849499
18606,2025-08-09,1900.0,0,34.0,6999,1854,4,1,0.0571428571428571,0.1142857142857142,0.2125757575757575,11.957299725664454,12.531328320802006,0.9001763637011435,5,0.6,597000.0,365,0.0,0.03690036900369,0.1549815498154981,0.0355555555555555,0.1377777777777777,11,0,136.6,First Lady KJ,2025-08,0.05333136642972628,0.03661332633486128,27.31245969989492
18604,2025-08-09,1900.0,0,34.0,6023,148,9,0,0.1958762886597938,0.5154639175257731,0.6725045000818197,12.724227285146668,13.315579227696404,0.906803376845769,6,0.2,10695100.0,365,0.0,0.1285777190664905,0.4015852047556142,0.1082251082251082,0.3939393939393939,4,1,5.5,Acélos Fiú,2025-08,0.16359243790308634,0.18309277462430099,5.461711976630207
18604,2025-08-09,1900.0,0,34.0,7003,28,4,0,0.1764705882352941,0.8235294117647058,0.7604575163398692,12.951045932511942,13.280212483399737,0.9546915218701332,14,0.1,9606711.0,365,0.0,0.1421634745076881,0.3973563528459671,0.0780141843971631,0.3333333333333333,6,0,1.5,Friday Night,2025-08,0.13232135772705078,0.1480941591117602,6.7524607722398
18604,2025-08-09,1900.0,0,34.0,7001,1509,4,0,0.1904761904761904,0.6666666666666666,0.7090891912320484,12.654694342609888,13.404825737265416,0.9011585266531648,12,0.0,5040000.0,365,0.0,0.1560509554140127,0.4570063694267516,0.1811320754716981,0.4981132075471698,7,0,3.4,Fárosz,2025-08,0.14079144597053528,0.15757388798975983,6.346229142134175
18604,2025-08-09,1900.0,0,34.0,5906,23,9,1,0.173469387755102,0.6122448979591837,0.6823331713637837,12.720223304345527,13.386880856760374,0.8710076069205591,6,0.0,11282440.0,365,0.0,0.0824010914051841,0.3184174624829468,0.0780141843971631,0.3333333333333333,1,0,4.6,Anybody,2025-08,0.06166978428761164,0.06902086710383276,14.488372023719034
18604,2025-08-09,1900.0,0,34.0,6459,27,6,2,0.2558139534883721,0.3953488372093023,0.4826328064700158,12.552788857156957,13.020833333333334,0.9389438371968007,25,0.2,5897700.0,365,0.0,0.0616113744075829,0.2317008952080042,0.1403508771929824,0.3450292397660818,2,0,25.6,Diamond Ville,2025-08,0.10599801441033681,0.11863305426472322,8.429353911503908
18604,2025-08-09,1900.0,0,34.0,5564,39,11,2,0.2934782608695652,0.5217391304347826,0.6190711462450593,12.75786810973024,13.351134846461948,0.8613292228435386,4,0.3,8735000.0,365,0.0,0.1698400609291698,0.4375476009139376,0.1403508771929824,0.3450292397660818,3,0,8.9,Valentino,2025-08,0.28912173708279926,0.323585256905623,3.090375654202504
18606,2025-08-09,1900.0,0,34.0,7118,2277,4,2,0.2941176470588235,0.4117647058823529,0.5482111026228673,12.155655774263666,12.953367875647668,0.8983598082011663,13,0.1,1003000.0,365,0.0,0.0779220779220779,0.2467532467532467,0.1058823529411764,0.3294117647058823,1,0,6.5,Ferrari,2025-08,0.13926792641480765,0.09561093928699045,10.459054240627752
18601,2025-08-09,1900.0,0,34.0,6698,1398,5,2,0.0952380952380952,0.2142857142857142,0.4668771043771044,12.335513983432913,13.089005235602093,0.8824427984876971,0,0.1,1923000.0,365,0.0,0.1783216783216783,0.5,0.1196172248803827,0.3397129186602871,0,1,9.5,Easy Bet,2025-08,0.12420082837343216,0.13875948044880138,7.2067147899777115
18601,2025-08-09,1900.0,0,34.0,6690,2425,5,1,0.0303030303030303,0.3939393939393939,0.4597610302155757,12.31309908152497,12.87001287001287,0.8910237860993412,4,0.3,1237000.0,365,0.0,0.0,0.5,0.0833333333333333,0.2794117647058823,0,0,15.8,Enterprise,2025-08,0.07769841949145,0.08680612248342197,11.519924763267449
18601,2025-08-09,1900.0,0,34.0,5904,1563,9,1,0.0967741935483871,0.3763440860215054,0.5477024468959952,12.51667709407949,13.003901170351105,0.907123451930019,6,0.5,5327000.0,365,0.0,0.0895522388059701,0.4365671641791044,0.0780141843971631,0.3333333333333333,2,0,15.8,Australian Gold,2025-08,0.06166978428761164,0.0688986324745732,14.514076173704122
18601,2025-08-09,1900.0,0,34.0,5925,2460,9,1,0.1022727272727272,0.3181818181818182,0.5649473632428178,12.410193708410324,12.853470437017997,0.9265608843277726,8,0.0,4406640.0,365,0.0,0.0,0.0,0.0833333333333333,0.2794117647058823,0,0,23.8,Anikó,2025-08,0.0530963862935702,0.059320272435321945,16.857643415079046
18601,2025-08-09,1900.0,0,34.0,6507,2401,6,0,0.0666666666666666,0.4222222222222222,0.4446873496873497,12.37346146980184,13.10615989515072,0.8737194297899137,3,0.2,2117000.0,365,0.0,0.1724137931034483,0.3448275862068966,0.1144578313253012,0.3313253012048193,1,0,2.0,Despasito,2025-08,0.1576144595940908,0.17608981204808904,5.678920253074642
18601,2025-08-09,1900.0,0,34.0,6305,2260,7,2,0.1403508771929824,0.3859649122807017,0.481111237690185,12.613400300081672,13.020833333333334,0.9122179204632224,10,0.4,3376000.0,365,0.0,0.2708333333333333,0.6041666666666666,0.1236363636363636,0.4109090909090909,1,0,3.4,Csikós,2025-08,0.08635912711421649,0.09648202646725659,10.364624755672738
18601,2025-08-09,1900.0,0,34.0,7081,1463,4,1,0.2,0.35,0.54627886002886,12.381602041432611,13.0718954248366,0.8963226749252461,7,0.0,1306000.0,365,0.0,0.145,0.425,0.1058823529411764,0.3294117647058823,2,0,3.6,Fancy,2025-08,0.12244491279125214,0.13679773883172716,7.310062348545724
18605,2025-08-09,1800.0,0,34.0,7188,5,3,2,0.2222222222222222,0.4444444444444444,0.4737654320987655,12.02150659545215,12.755102040816324,0.9098861522297104,5,0.2222222222222222,460000.0,315,100.0,0.2182254196642686,0.4650779376498801,0.2441471571906354,0.4816053511705686,1,0,5.0,Győcike,2025-08,0.13232135772705078,0.09359182214270047,10.68469420838168
18601,2025-08-09,1900.0,0,34.0,5721,449,10,2,0.0674157303370786,0.348314606741573,0.5502318530408418,12.431618344761334,12.903225806451612,0.9334754569776736,8,0.3,4144000.0,365,0.0,0.1892361111111111,0.5,0.1441441441441441,0.4504504504504504,1,0,15.8,Zippy Boy,2025-08,0.10599801441033681,0.11842295740540439,8.44430861979439
18606,2025-08-09,1900.0,0,34.0,7168,2100,3,1,0.0909090909090909,0.5454545454545454,0.4761248852157942,12.154646570830549,12.468827930174562,0.94103269061007,4,0.3,1004000.0,329,0.0,0.13671875,0.41015625,0.1811320754716981,0.4981132075471698,2,0,10.5,God save the Queen,2025-08,0.20032901565233865,0.1375309150213771,7.2710924656072065
18601,2025-08-09,1900.0,0,34.0,6435,2223,6,1,0.0833333333333333,0.3958333333333333,0.4985374579124579,12.542263836090765,12.9366106080207,0.9401278145315196,7,0.3,2732000.0,365,0.0,0.0909090909090909,0.4545454545454545,0.1196172248803827,0.3397129186602871,4,0,11.9,Ducks,2025-08,0.10599801441033681,0.11842295740540439,8.44430861979439
18606,2025-08-09,1900.0,0,34.0,7099,587,4,1,0.0714285714285714,0.4285714285714285,0.5183905380333952,12.296554884022957,12.836970474967906,0.9278963247019726,5,0.0,740000.0,365,0.0,0.1082474226804123,0.3463917525773196,0.1376146788990825,0.3990825688073394,3,0,19.5,Fizető,2025-08,0.09733730678757031,0.0668245127877199,14.964568513603384
18606,2025-08-09,1900.0,0,34.0,7110,1791,3,1,0.0833333333333333,0.3333333333333333,0.352092352092352,12.00916640799746,12.330456226880395,0.9640154041383922,12,0.0,688000.0,365,0.0,0.1626506024096385,0.3795180722891566,0.2152466367713004,0.5381165919282511,4,0,22.7,Guinevere,2025-08,0.11397482454776764,0.07824658778665748,12.780110012292688
18605,2025-08-09,1800.0,0,34.0,7309,110,3,1,0.125,0.375,0.4976190476190476,11.954053193978382,12.61034047919294,0.9441149773863884,11,0.0,380000.0,238,100.0,0.1641263529931522,0.4128561961563949,0.1144578313253012,0.3313253012048193,3,0,70.0,Goldina Amok,2025-08,0.08567522962888081,0.060598689366546554,16.502007064067776
18605,2025-08-09,1800.0,0,34.0,7358,1791,4,1,0.5,1.0,0.95,12.547071195576883,12.56281407035176,0.9987468671679198,8,0.0,125000.0,35,100.0,0.1626506024096385,0.3795180722891566,0.2152466367713004,0.5381165919282511,3,0,3.8,Fiona May,2025-08,0.23611587285995483,0.16700640892275032,5.987794159819072
18602,2025-08-09,2400.0,0,34.0,6702,860,5,2,0.1935483870967742,0.3548387096774194,0.6071742773355676,12.50378924001988,13.089005235602093,0.9062831594516142,6,0.0,1965000.0,365,500.0,0.1606978879706152,0.4214876033057851,0.1236363636363636,0.4109090909090909,1,1,2.1,Ezigen,2025-08,0.10599801441033681,0.12790316566286436,7.818414773531613
18602,2025-08-09,2400.0,0,34.0,4788,33,14,2,0.1761006289308176,0.4779874213836478,0.6076669661575322,12.529972407975022,13.14060446780552,0.8871785724942964,2,0.3,11686000.0,365,500.0,0.1040107464977931,0.3364037612742276,0.1123595505617977,0.4089887640449438,8,0,2.5,Szilvás,2025-08,0.18270047008991241,0.22045666253833565,4.53603891343546
18602,2025-08-09,2400.0,0,34.0,7124,1408,4,2,0.1111111111111111,0.3333333333333333,0.4630270963604296,12.550050260631677,13.03780964797914,0.9241621192391388,6,0.2,800000.0,301,500.0,0.1273584905660377,0.3938679245283019,0.1196172248803827,0.3397129186602871,4,0,3.2,Fess Fiú,2025-08,0.16122710704803467,0.19454569500028449,5.140180562713237
18602,2025-08-09,2400.0,0,34.0,6262,27,8,2,0.0735294117647058,0.1911764705882352,0.4302006408624055,12.310998374281487,12.9366106080207,0.8956212030899304,3,0.3,2758000.0,365,500.0,0.0616113744075829,0.2317008952080042,0.1376146788990825,0.3990825688073394,1,0,15.0,Bronz Boy,2025-08,0.06166978428761164,0.07441423011563786,13.438289940593686
18602,2025-08-09,2400.0,0,34.0,6782,32,6,1,0.0434782608695652,0.3043478260869565,0.5097222222222222,12.395589412269548,12.87001287001287,0.9133692430664944,9,0.3,2045000.0,365,500.0,0.0635856079404466,0.2803970223325062,0.1123595505617977,0.4089887640449438,6,0,8.0,Downtown Girl M,2025-08,0.10599801441033681,0.12790316566286436,7.818414773531613
18602,2025-08-09,2400.0,0,34.0,5531,23,11,1,0.134453781512605,0.4453781512605042,0.6018710514508834,12.671269824866249,13.227513227513228,0.8965304900166179,5,0.3,8626000.0,365,500.0,0.0824010914051841,0.3184174624829468,0.0930232558139534,0.3255813953488372,7,0,10.0,Very Nice Photo,2025-08,0.21114305158456168,0.2547770810200132,3.9249998312110668
18606,2025-08-09,1900.0,0,34.0,7187,5,3,0,0.0833333333333333,0.4166666666666667,0.4580838143338143,12.49498270921661,12.88659793814433,0.954817459489376,13,0.2,892000.0,301,0.0,0.2182254196642686,0.4650779376498801,0.2441471571906354,0.4816053511705686,4,1,3.9,Genesis,2025-08,0.16891813774903616,0.11596655618100302,8.623175792503307
18606,2025-08-09,1900.0,0,34.0,7097,2450,4,1,0.4,0.8,0.7788888888888889,12.341338201064104,12.87001287001287,0.9633443251325162,20,0.0,900000.0,365,0.0,0.3728813559322034,0.6779661016949152,0.4215686274509804,0.7254901960784313,0,0,9.7,Fortuna Ville,2025-08,0.20032901565233865,0.1375309150213771,7.2710924656072065
18606,2025-08-09,1900.0,0,34.0,6918,1509,4,2,0.4,0.7,0.5288888888888889,12.329621448764016,12.836970474967906,0.9252970570688908,15,0.3,750000.0,365,0.0,0.1560509554140127,0.4570063694267516,0.1811320754716981,0.4981132075471698,2,0,3.4,Front of the Line,2025-08,0.171596830089887,0.1178055459424129,8.488564710602265
18606,2025-08-09,1900.0,0,34.0,6983,39,4,1,0.1764705882352941,0.3529411764705882,0.4362278244631186,12.259517789679965,12.903225806451612,0.937453726059,11,0.2,1005000.0,365,0.0,0.1698400609291698,0.4375476009139376,0.1153846153846153,0.2788461538461538,0,0,2.8,Fondorlat,2025-08,0.10599801441033681,0.07277030671184527,13.741868698723293
18606,2025-08-09,1900.0,0,34.0,7103,138,3,1,0.0,0.5,0.5048550986050986,12.174752638679676,12.836970474967906,0.9044214457580184,9,0.0,1075000.0,364,0.0,0.1282310177705977,0.3768174474959612,0.1058823529411764,0.3294117647058823,1,0,17.0,Grace Kelly,2025-08,0.08635912711421649,0.059287715929666716,16.86690040794124
18606,2025-08-09,1900.0,0,34.0,6995,1409,4,0,0.0,0.2424242424242424,0.470672088853907,12.116573420368647,12.836970474967906,0.9023155107638124,6,0.3,1036000.0,365,0.0,0.0796019900497512,0.3333333333333333,0.1082251082251082,0.3939393939393939,3,0,17.0,Fany,2025-08,0.11916923150420189,0.08181267899608867,12.223044304022954
18620,2025-08-23,1900.0,0,22.0,6308,2260,7,2,0.2280701754385964,0.6140350877192983,0.6065093288777499,12.823710780836102,13.333333333333334,0.8735735460509194,15,0.3,6011000.0,365,0.0,0.2653061224489796,0.5918367346938775,0.1236363636363636,0.4109090909090909,1,0,5.0,Csábító R.,2025-08,0.11634015540281932,0.16253074431599923,6.15268209229238
18620,2025-08-23,1900.0,0,22.0,6864,449,7,0,0.18,0.66,0.6845952380952381,12.90390287257091,13.280212483399737,0.9705219939011022,7,0.2,5650600.0,365,0.0,0.1889081455805892,0.5008665511265165,0.1082251082251082,0.3939393939393939,0,0,2.8,In Love Danover,2025-08,0.13042172292868295,0.18220312349746248,5.48838011557978
18620,2025-08-23,1900.0,0,22.0,6514,1463,6,2,0.2926829268292683,0.6097560975609756,0.6620077077394151,12.779498889342811,13.26259946949602,0.926566895671848,13,0.2,6257000.0,365,0.0,0.1446384039900249,0.4239401496259352,0.1376146788990825,0.3990825688073394,1,1,1.3,El Valle Sagrado,2025-08,0.20269434650739035,0.28317018223351,3.5314452676919643
18619,2025-08-23,1900.0,0,22.0,7053,2379,4,0,0.0714285714285714,0.5714285714285714,0.6102272727272727,12.408805861575765,12.77139208173691,0.9465794478097402,3,0.2,982000.0,365,0.0,0.0,0.0,0.2152466367713004,0.5381165919282511,0,0,9.4,Fabio,2025-08,0.10599801441033681,0.07662108785893704,13.051237302203882
18619,2025-08-23,1900.0,0,22.0,6328,2551,7,1,0.0493827160493827,0.2962962962962963,0.5115613810058255,12.442559338585832,13.10615989515072,0.8991880580411022,14,0.1,3115000.0,365,0.0,0.05,0.15,0.0973451327433628,0.3716814159292035,0,0,6.3,Credit Card,2025-08,0.07769841949145,0.0561646127002769,17.80480540899501
18619,2025-08-23,1900.0,0,22.0,6995,2552,4,0,0.0,0.2352941176470588,0.4715346744758509,12.142386895937786,12.836970474967906,0.9023155107638124,6,0.3,1036000.0,365,0.0,0.05,0.15,0.1082251082251082,0.3939393939393939,0,0,3.2,Fany,2025-08,0.06987068429589272,0.050506303065971155,19.799508958194853
18619,2025-08-23,1900.0,0,22.0,6690,2271,5,1,0.0294117647058823,0.3823529411764705,0.4646209999151175,12.32610791767753,12.87001287001287,0.8910237860993412,4,0.3,1277000.0,365,0.0,0.2142857142857142,0.4583333333333333,0.0833333333333333,0.2794117647058823,0,0,11.4,Enterprise,2025-08,0.07343006134033203,0.05307921297152192,18.839766907179282
18620,2025-08-23,1900.0,0,22.0,6899,1398,5,1,0.3333333333333333,0.6666666666666666,0.7238095238095238,12.70462469430576,13.192612137203168,0.9176666869686324,18,0.0,3453000.0,365,0.0,0.181184668989547,0.5017421602787456,0.1196172248803827,0.3397129186602871,0,0,7.7,Eunike T Boko,2025-08,0.15237294137477875,0.21286964496061486,4.697710658487827
18619,2025-08-23,1900.0,0,22.0,6330,860,7,0,0.0754716981132075,0.490566037735849,0.6219125214408233,12.561913252248653,13.020833333333334,0.905217393616989,13,0.0,4858000.0,365,0.0,0.1610091743119266,0.4215596330275229,0.1236363636363636,0.4109090909090909,5,0,14.5,Che Comandante,2025-08,0.17188896238803864,0.12425062264025842,8.048249407130054
18619,2025-08-23,1900.0,0,22.0,6153,2550,8,2,0.1818181818181818,0.3454545454545454,0.5186868686868688,12.419066360267829,12.9366106080207,0.9349530889517428,6,0.2,2898000.0,365,0.0,0.05,0.15,0.1058823529411764,0.3294117647058823,0,0,13.3,Bing Crosby AT,2025-08,0.10599801441033681,0.07662108785893704,13.051237302203882
18620,2025-08-23,1900.0,0,22.0,6342,2223,7,2,0.1333333333333333,0.4833333333333333,0.5906812169312169,12.673786049245418,13.14060446780552,0.9009068043951408,10,0.3,4631000.0,365,0.0,0.0833333333333333,0.5,0.1196172248803827,0.3397129186602871,2,0,13.7,Carlos Fox,2025-08,0.11397482454776764,0.15922630499241353,6.280369314904632
18615,2025-08-23,1800.0,0,22.0,5925,2271,9,1,0.1011235955056179,0.3146067415730337,0.5628131232063817,12.412677259190236,12.853470437017997,0.9265608843277726,8,0.0,4406640.0,365,100.0,0.2142857142857142,0.4583333333333333,0.0833333333333333,0.2794117647058823,2,0,12.1,Anikó,2025-08,0.10599801441033681,0.10921605473090952,9.156163006105983
18615,2025-08-23,1800.0,0,22.0,6003,39,9,1,0.1527777777777778,0.4027777777777778,0.5534501763668431,12.662926932400502,13.123359580052494,0.937007639440624,14,0.2,4411000.0,365,100.0,0.1696462533282617,0.4370483073411944,0.15,0.4375,4,0,6.0,Ambrosia Gielle,2025-08,0.10531411692500114,0.10851139450114707,9.215622051465102
18615,2025-08-23,1800.0,0,22.0,6507,110,6,0,0.0652173913043478,0.4130434782608695,0.4350202333897986,12.37346146980184,13.10615989515072,0.8737194297899137,3,0.2,2117000.0,365,100.0,0.1640176600441501,0.41280353200883,0.1144578313253012,0.3313253012048193,2,0,5.6,Despasito,2025-08,0.15857599675655365,0.16339027515861995,6.120315294341697
18615,2025-08-23,1800.0,0,22.0,5990,2277,9,1,0.0517241379310344,0.2413793103448276,0.4221780614021994,12.332497538209266,12.755102040816324,0.946390525340854,3,0.1,1999000.0,365,100.0,0.0769230769230769,0.2435897435897435,0.0425531914893617,0.2765957446808511,5,0,28.3,Aranyérem M,2025-08,0.07723861187696457,0.07958353285220973,12.565413524140048
18615,2025-08-23,1800.0,0,22.0,6927,28,4,2,0.0869565217391304,0.391304347826087,0.4935911914172783,12.276041622382714,12.78772378516624,0.9137354954875132,10,0.1,1005000.0,365,100.0,0.1421251348435814,0.3975188781014023,0.0780141843971631,0.3333333333333333,2,0,9.4,Fast Track,2025-08,0.06166978428761164,0.06354204438137433,15.737611367964163
18615,2025-08-23,1800.0,0,22.0,6380,1640,7,1,0.25,0.425,0.613037518037518,12.537430870947675,13.03780964797914,0.9155948303459868,5,0.1,3368000.0,365,100.0,0.080168776371308,0.2616033755274262,0.1179487179487179,0.2871794871794871,0,0,6.5,Cukrom,2025-08,0.06987068429589272,0.07199191911845994,13.890447875886437
18615,2025-08-23,1800.0,0,22.0,6345,32,8,1,0.0405405405405405,0.2027027027027027,0.4623883623883624,12.31360314072309,12.88659793814433,0.8982251564777503,3,0.4,2394000.0,365,100.0,0.0634871477237534,0.2805822235986373,0.1123595505617977,0.4089887640449438,3,0,21.2,Berna Queen M,2025-08,0.08996937920649846,0.09270079914407017,10.787393520155726
18615,2025-08-23,1800.0,0,22.0,7329,2527,5,1,0.0,0.3076923076923077,0.494988344988345,12.394517456077766,12.738853503184714,0.957240892525674,2,0.2,418000.0,303,100.0,0.0,0.1,0.1811320754716981,0.4981132075471698,5,0,5.0,Exclusive Adri,2025-08,0.12366065010428429,0.12741491814711106,7.848374543123885
18615,2025-08-23,1800.0,0,22.0,5695,1023,11,1,0.1162790697674418,0.3255813953488372,0.5173374106513642,12.374174011167318,12.919896640826872,0.9296212831947428,5,0.1,4230000.0,365,100.0,0.078125,0.25,0.1179487179487179,0.2871794871794871,2,0,4.2,Vinifera M,2025-08,0.06166978428761164,0.06354204438137433,15.737611367964163
18615,2025-08-23,1800.0,0,22.0,5730,1854,12,2,0.0735294117647058,0.2279411764705882,0.459776600033953,12.310055560549362,12.853470437017997,0.965203264304312,7,0.0,4805540.0,365,100.0,0.0368098159509202,0.154601226993865,0.0355555555555555,0.1377777777777777,0,0,85.0,Magic Bucks,2025-08,0.019230769326289494,0.01981460470690392,50.46782485908357
18615,2025-08-23,1800.0,0,22.0,6692,138,5,1,0.1,0.3,0.5149013949013949,12.308571554614756,13.003901170351105,0.8909366164426543,3,0.1,1547000.0,365,100.0,0.1283292978208232,0.3767150928167877,0.1058823529411764,0.3294117647058823,1,1,3.8,Excellence,2025-08,0.09733730678757031,0.10029241287781997,9.97084396820962
18619,2025-08-23,1900.0,0,22.0,5228,5,12,2,0.2211538461538461,0.5,0.6215236152736152,12.698295142976582,13.26259946949602,0.8396436525612474,3,0.5,11622000.0,365,0.0,0.2182444577591372,0.4649490713001797,0.1403508771929824,0.3450292397660818,0,0,4.4,Uptown Boy M,2025-08,0.3059088538090388,0.22112743615925073,4.522279176971164
18612,2025-08-23,1800.0,0,21.0,7079,23,3,0,0.0,0.3,0.2566666666666667,11.630798610734136,12.135922330097086,0.869198312236287,3,0.6,0.0,294,100.0,0.0823336968375136,0.3184296619411123,0.0780141843971631,0.3333333333333333,8,0,7.7,Griff Grand Laser,2025-08,0.09733730678757031,0.10449161947419934,9.570145481828963
18619,2025-08-23,1900.0,0,22.0,4788,33,14,2,0.175,0.48125,0.6080357142857143,12.531592045621364,13.14060446780552,0.8871785724942964,2,0.3,11746000.0,365,0.0,0.1041227229146692,0.336529242569511,0.1123595505617977,0.4089887640449438,7,0,7.9,Szilvás,2025-08,0.1833775887886683,0.1325552220963715,7.54402568367296
18610,2025-08-23,1800.0,0,21.0,7406,148,2,2,1.0,1.0,1.0,12.224938875305623,12.224938875305623,1.0,5,0.0,0.0,63,100.0,0.1293444786625605,0.4021117465904091,0.1082251082251082,0.3939393939393939,1,1,2.1,Hermes History,2025-08,0.17924463003873825,0.18869962249105454,5.299427666037889
18612,2025-08-23,1800.0,0,21.0,7116,175,3,1,0.0,0.375,0.375,11.976292565583664,12.594458438287154,0.93079178390741,7,0.125,125000.0,140,100.0,0.0799396681749622,0.2654600301659125,0.0973451327433628,0.3716814159292035,2,1,5.6,Golden Girl,2025-08,0.07723861187696457,0.08291566622627956,12.060447024220577
18612,2025-08-23,1800.0,0,21.0,7325,2379,3,0,0.0,1.0,0.25,11.430721337302952,11.587485515643106,0.9864712514092449,6,0.0,0.0,83,100.0,0.0,0.0,0.1058823529411764,0.3294117647058823,0,0,101.3,Great Fille,2025-08,0.05379117404421171,0.0577448367414245,17.317565628904593
18612,2025-08-23,1800.0,0,21.0,7125,110,4,1,0.0,0.3333333333333333,0.2546296296296296,11.981791713139128,12.31527093596059,0.972746583104245,4,0.1666666666666666,85000.0,182,100.0,0.1640176600441501,0.41280353200883,0.1144578313253012,0.3313253012048193,0,0,5.6,Florenza,2025-08,0.05379117404421171,0.0577448367414245,17.317565628904593
18612,2025-08-23,1800.0,0,21.0,7338,2450,3,1,1.0,1.0,1.0,12.07729468599034,12.07729468599034,1.0,5,0.0,0.0,83,100.0,0.3666666666666666,0.6833333333333333,0.4215686274509804,0.7254901960784313,0,0,4.4,Glory Grant K,2025-08,0.3445714960495631,0.36989757406626994,2.703451090546602
18619,2025-08-23,1900.0,0,22.0,6360,2020,7,0,0.0851063829787234,0.4042553191489361,0.5897723434957478,12.578930087796907,13.175230566534914,0.8999124213119433,9,0.3,6640000.0,365,0.0,0.3333333333333333,0.3333333333333333,0.1236363636363636,0.4109090909090909,0,0,12.2,Chip Chip Chip,2025-08,0.10599801441033681,0.07662108785893704,13.051237302203882
18612,2025-08-23,1800.0,0,21.0,7064,2237,3,1,0.0,0.2857142857142857,0.2801587301587301,11.50315774238928,11.848341232227488,0.9640891765754326,5,0.0,75000.0,329,100.0,0.2519083969465648,0.4885496183206106,0.0780141843971631,0.3333333333333333,1,0,101.3,Ganybody,2025-08,0.10599801441033681,0.11378889094350793,8.788204118242648
18612,2025-08-23,1800.0,0,21.0,7345,860,5,0,0.0,1.0,0.4,12.18791220544022,12.239902080783354,0.995752427184466,5,0.0,60000.0,70,100.0,0.1610091743119266,0.4215596330275229,0.1236363636363636,0.4109090909090909,8,0,1.3,Esperanto,2025-08,0.1795736402273178,0.19277234085775802,5.187466187059872
18614,2025-08-23,1980.0,0,22.0,6731,255,6,1,0.6666666666666666,0.8666666666666667,0.8311640211640212,12.848814370145064,13.315579227696404,0.9360686025657868,22,0.2,6734000.0,365,80.0,0.3761581222977146,0.6744904261890056,0.4126984126984127,0.7936507936507936,6,1,1.5,Daytona Spav,2025-08,0.22148519257704416,0.21687967926054003,4.610851525645649
18614,2025-08-23,1980.0,0,22.0,6855,2225,5,1,0.2051282051282051,0.4871794871794871,0.5038156288156289,12.87580667627424,13.368983957219251,0.9355187120597562,11,0.2,14705000.0,365,80.0,0.1146496815286624,0.4904458598726114,0.2441471571906354,0.4816053511705686,4,0,5.9,Eternity Bar,2025-08,0.18344256778558096,0.1796281042590573,5.567057583360191
18614,2025-08-23,1980.0,0,22.0,6954,860,6,0,0.3076923076923077,0.4871794871794871,0.6214082214082214,13.095840006240996,13.531799729364003,0.963734577608923,20,0.2,13399180.0,365,80.0,0.1610091743119266,0.4215596330275229,0.2441471571906354,0.4816053511705686,2,0,7.8,Palace Bo,2025-08,0.13419112066427866,0.13140078066012253,7.61030486254546
18614,2025-08-23,1980.0,0,22.0,5906,28,9,1,0.1717171717171717,0.6060606060606061,0.6794813211479878,12.722730235219744,13.386880856760374,0.8710076069205591,6,0.0,11338440.0,365,80.0,0.1421251348435814,0.3975188781014023,0.0780141843971631,0.3333333333333333,6,0,20.8,Anybody,2025-08,0.10599801441033681,0.10379391552133324,9.63447611526386
18614,2025-08-23,1980.0,0,22.0,5570,27,11,2,0.1711711711711711,0.4594594594594595,0.6453661453661454,12.631708983756946,13.280212483399737,0.8866357367157448,5,0.1,10054000.0,365,80.0,0.0614818707304256,0.2312138728323699,0.1403508771929824,0.3450292397660818,2,0,3.5,Villeneuve,2025-08,0.15556819488604864,0.15233334480494004,6.564550927969717
18614,2025-08-23,1980.0,0,22.0,7253,2036,8,1,0.1818181818181818,0.3636363636363636,0.4502164502164502,13.145456321608062,13.605442176870747,0.9697449577630278,4,0.1,13976689.0,365,80.0,0.0625,0.125,0.1564245810055866,0.3407821229050279,6,0,13.9,Baria TRGF Risaia,2025-08,0.10657542323072751,0.10435931783248314,9.582278044450167
18614,2025-08-23,1980.0,0,22.0,6023,148,9,0,0.2040816326530612,0.5204081632653061,0.6758462908973114,12.72711504011223,13.315579227696404,0.906803376845769,6,0.2,11045100.0,365,80.0,0.1293444786625605,0.4021117465904091,0.1082251082251082,0.3939393939393939,3,0,7.8,Acélos Fiú,2025-08,0.11397482454776764,0.11160485766152366,8.96018346291709
18619,2025-08-23,1900.0,0,22.0,5795,1506,10,1,0.1333333333333333,0.5777777777777777,0.6867171717171717,12.65675651006625,13.03780964797914,0.9305370779767882,9,0.0,7115000.0,365,0.0,0.234375,0.546875,0.1123595505617977,0.4089887640449438,0,1,13.3,Zara Mia,2025-08,0.09733730678757031,0.07036066078041014,14.212487331819098
18619,2025-08-23,1900.0,0,22.0,7081,1640,4,1,0.1904761904761904,0.3333333333333333,0.5202655809798666,12.381602041432611,13.0718954248366,0.8963226749252461,7,0.0,1306000.0,365,0.0,0.080168776371308,0.2616033755274262,0.1058823529411764,0.3294117647058823,0,0,6.1,Fancy,2025-08,0.08589931949973106,0.06209266600912817,16.10496157232146
18612,2025-08-23,1800.0,0,21.0,7059,138,3,1,0.0,0.0,0.2384259259259259,11.764951926150689,11.990407673860911,0.9774363887691606,2,0.0,65000.0,133,100.0,0.1283292978208232,0.3767150928167877,0.1058823529411764,0.3294117647058823,0,0,101.3,Gatto,2025-08,0.019230769326289494,0.020644234949136153,48.43967347125375
18610,2025-08-23,1800.0,0,21.0,7354,1509,2,0,1.0,1.0,0.5,11.79245283018868,11.79245283018868,1.0,5,0.0,0.0,63,100.0,0.1550632911392405,0.4604430379746835,0.1811320754716981,0.4981132075471698,2,0,7.4,Have a dream,2025-08,0.10599801441033681,0.11158931399902547,8.961431557942307
18610,2025-08-23,1800.0,0,21.0,7256,23,2,0,0.0,1.0,0.6666666666666667,11.83431952662722,11.83431952662722,1.0,2,0.0,0.0,21,100.0,0.0823336968375136,0.3184296619411123,0.0780141843971631,0.3333333333333333,4,0,6.1,Hélium Boy,2025-08,0.08209076896309853,0.0864209829325948,11.571263899879076
18610,2025-08-23,1800.0,0,21.0,7310,69,2,2,1.0,1.0,1.0,12.091898428053204,12.091898428053204,1.0,5,0.0,0.0,21,100.0,0.0729108244531688,0.256309590577678,0.1196172248803827,0.3397129186602871,1,0,6.7,Hamidu,2025-08,0.12434454758961995,0.1309036102443419,7.639208713445115
18616,2025-08-23,1900.0,0,21.0,7190,33,3,1,0.1666666666666666,0.6666666666666666,0.5208333333333334,11.98560532835592,12.468827930174562,0.9515569341676812,10,0.1666666666666666,731000.0,365,0.0,0.1041227229146692,0.336529242569511,0.1123595505617977,0.4089887640449438,5,0,10.0,Gucci,2025-08,0.07769841949145,0.06472724762712836,15.449444193281005
18616,2025-08-23,1900.0,0,21.0,7269,2450,3,1,0.2857142857142857,0.5714285714285714,0.636734693877551,12.24902023553865,12.642225031605564,0.9646795038862396,14,0.1428571428571428,706000.0,287,0.0,0.3666666666666666,0.6833333333333333,0.4215686274509804,0.7254901960784313,3,0,4.4,Gloria Estefan A.T.,2025-08,0.2332659512758255,0.19432393979223075,5.146046344414333
18616,2025-08-23,1900.0,0,21.0,6982,635,4,0,0.1764705882352941,0.2941176470588235,0.4771920889567949,12.085602422220864,12.722646310432571,0.9140251234440948,11,0.3,590000.0,365,0.0,0.2037225042301184,0.4548223350253807,0.1335740072202166,0.296028880866426,4,0,13.3,Farkasfog,2025-08,0.1402294635772705,0.11681920009433616,8.560236666510814
18616,2025-08-23,1900.0,0,21.0,7370,138,4,2,0.0,0.2307692307692307,0.5396825396825397,12.63664235288764,12.97016861219196,0.974231280111626,7,0.1,792669.0,365,0.0,0.1283292978208232,0.3767150928167877,0.1058823529411764,0.3294117647058823,7,0,13.3,Another Star,2025-08,0.15857599675655365,0.1321029163393682,7.569855592218962
18616,2025-08-23,1900.0,0,21.0,7193,32,3,1,0.0714285714285714,0.5,0.5492578849721708,12.321307487722176,12.804097311139566,0.93542174094845,12,0.0,520000.0,365,0.0,0.0634871477237534,0.2805822235986373,0.1123595505617977,0.4089887640449438,6,0,40.1,Grazia,2025-08,0.12434454758961995,0.10358615240303878,9.653800018646741
18616,2025-08-23,1900.0,0,21.0,7106,1076,3,2,0.0,0.2727272727272727,0.5849829463465827,12.350379099281616,12.804097311139566,0.9496504323293524,5,0.0,630000.0,339,0.0,0.1144465290806754,0.3696060037523452,0.1196172248803827,0.3397129186602871,7,0,13.3,Gentleman Jack,2025-08,0.10531411692500114,0.08773271025914517,11.398257241184009
18613,2025-08-23,1960.0,0,19.0,6783,5,5,0,0.5714285714285714,0.7857142857142857,0.7796201814058957,13.020444436852795,13.531799729364003,0.9292580372813232,21,0.2,25135000.0,365,60.0,0.2182444577591372,0.4649490713001797,0.2441471571906354,0.4816053511705686,7,1,1.8,Enjoy,2025-08,0.22574593126773834,0.31395665224920677,3.185153086695033
18613,2025-08-23,1960.0,0,19.0,7130,255,3,2,0.7142857142857143,1.0,0.9345238095238096,12.712457109323172,13.123359580052494,0.956427047620499,21,0.0,7375000.0,133,60.0,0.3761581222977146,0.6744904261890056,0.4126984126984127,0.7936507936507936,3,0,1.9,Giovanni Fling,2025-08,0.13232135772705078,0.18402622036090516,5.434008251861275
18613,2025-08-23,1960.0,0,19.0,7003,28,4,0,0.1666666666666666,0.8333333333333334,0.7626543209876543,12.95217079602253,13.280212483399737,0.9546915218701332,14,0.1,9781711.0,365,60.0,0.1421251348435814,0.3975188781014023,0.0780141843971631,0.3333333333333333,5,0,2.8,Friday Night,2025-08,0.10599801441033681,0.1474169725338852,6.783479424461389
18613,2025-08-23,1960.0,0,19.0,7109,635,3,1,0.1,0.4,0.5157539682539682,12.366910005436418,12.953367875647668,0.9458044775003264,6,0.1,822000.0,196,60.0,0.2037225042301184,0.4548223350253807,0.1335740072202166,0.296028880866426,3,0,25.8,Gaya T Boko,2025-08,0.11040920267502467,0.153551842350785,6.512458494086494
18613,2025-08-23,1960.0,0,19.0,7001,1509,4,0,0.1818181818181818,0.6818181818181818,0.7041305916305917,12.668916891802164,13.404825737265416,0.9011585266531648,12,0.0,5124000.0,365,60.0,0.1550632911392405,0.4604430379746835,0.1811320754716981,0.4981132075471698,6,0,25.8,Fárosz,2025-08,0.14456084370613098,0.20104831250521787,4.973928840979686
18618,2025-08-23,2560.0,0,19.0,6441,1408,6,1,0.1153846153846153,0.3461538461538461,0.4817446442446442,12.658212380409733,13.054830287206268,0.9073133897625992,7,0.2,6583000.0,365,660.0,0.1267605633802817,0.392018779342723,0.1196172248803827,0.3397129186602871,1,1,5.0,Diána Gull,2025-08,0.10599801441033681,0.09574831975201026,10.444047504854566
18618,2025-08-23,2560.0,0,19.0,7171,110,7,2,0.037037037037037,0.3703703703703703,0.5106407995296884,12.760712043155468,13.297872340425531,0.9778093513101728,3,0.0,5041660.0,365,660.0,0.1640176600441501,0.41280353200883,0.1144578313253012,0.3313253012048193,2,0,6.5,Peter Piper,2025-08,0.13926792641480765,0.12580112961308507,7.9490542181585155
18618,2025-08-23,2560.0,0,19.0,6340,33,7,2,0.1666666666666666,0.35,0.5441197691197691,12.536181920679724,13.089005235602093,0.899006891762971,13,0.4,4133500.0,365,660.0,0.1041227229146692,0.336529242569511,0.1123595505617977,0.4089887640449438,5,0,16.3,Cunami,2025-08,0.1287557358543078,0.11630543680525215,8.598050335982588
18618,2025-08-23,2560.0,0,19.0,5564,39,11,2,0.2903225806451613,0.5161290322580645,0.6124144672531769,12.753426081642756,13.351134846461948,0.8613292228435386,4,0.3,8735000.0,365,660.0,0.1696462533282617,0.4370483073411944,0.1403508771929824,0.3450292397660818,2,0,3.6,Valentino,2025-08,0.1833775887886683,0.16564551802564537,6.036987972383166
18618,2025-08-23,2560.0,0,19.0,6934,138,4,1,0.3043478260869565,0.4782608695652174,0.6098720120459251,12.42851183117634,12.903225806451612,0.9180979313089942,12,0.1,2031000.0,365,660.0,0.1283292978208232,0.3767150928167877,0.1058823529411764,0.3294117647058823,3,0,1.8,Zaira LV,2025-08,0.1833775887886683,0.16564551802564537,6.036987972383166
18618,2025-08-23,2560.0,0,19.0,6350,1943,12,2,0.15625,0.5,0.6152901785714285,12.822199663365655,13.66120218579235,0.9847390890239938,11,0.2,10948100.0,365,660.0,0.1159420289855072,0.3188405797101449,0.0789473684210526,0.4473684210526316,0,0,32.6,Grand Illusion,2025-08,0.09733730678757031,0.08792507695490319,11.373319587913473
18610,2025-08-23,1800.0,0,21.0,7266,138,2,1,0.0,0.0,0.5,11.806375442739078,11.806375442739078,1.0,1,0.0,0.0,21,100.0,0.1283292978208232,0.3767150928167877,0.1058823529411764,0.3294117647058823,2,0,33.6,Hercegnő K,2025-08,0.10641627758741379,0.1120296401811782,8.926209156637167
18616,2025-08-23,1900.0,0,21.0,7099,27,4,1,0.0666666666666666,0.4,0.5104978354978356,12.32930825236534,12.836970474967906,0.9278963247019726,5,0.0,740000.0,365,0.0,0.0614818707304256,0.2312138728323699,0.1376146788990825,0.3990825688073394,0,0,13.3,Fizető,2025-08,0.08130867158373196,0.06773479504833695,14.763460925605214
18616,2025-08-23,1900.0,0,21.0,7065,148,3,0,0.4,0.6,0.5777777777777777,12.701217367723018,12.88659793814433,0.985614467735306,13,0.4,550000.0,202,0.0,0.1293444786625605,0.4021117465904091,0.1082251082251082,0.3939393939393939,5,0,2.0,Greenback,2025-08,0.1247572439412276,0.10392995217554586,9.62186529549173
18618,2025-08-23,2560.0,0,19.0,6770,27,5,2,0.3333333333333333,0.3703703703703703,0.5712000962000962,12.426954247224012,12.919896640826872,0.9452122954404152,19,0.0,1818000.0,365,660.0,0.0614818707304256,0.2312138728323699,0.1376146788990825,0.3990825688073394,0,0,13.0,Top of Climb,2025-08,0.09733730678757031,0.08792507695490319,11.373319587913473
18617,2025-08-23,1900.0,0,21.0,7124,1408,4,2,0.1052631578947368,0.3157894736842105,0.4649730386572491,12.563536206528322,13.03780964797914,0.9241621192391388,6,0.2,840000.0,315,0.0,0.1267605633802817,0.392018779342723,0.1196172248803827,0.3397129186602871,3,0,4.7,Fess Fiú,2025-08,0.19135439892609915,0.1205309334077505,8.29662537016159
18610,2025-08-23,1800.0,0,21.0,7257,5,2,0,0.0,1.0,0.8333333333333334,11.947431302270012,11.947431302270012,1.0,3,0.0,0.0,21,100.0,0.2182444577591372,0.4649490713001797,0.2441471571906354,0.4816053511705686,1,0,2.1,Happy Holiday,2025-08,0.23611587285995483,0.248570772040368,4.0229991313604625
18610,2025-08-23,1800.0,0,21.0,7366,1492,2,1,1.0,1.0,0.5,11.389521640091116,11.389521640091116,1.0,5,0.0,0.0,49,100.0,0.0956937799043062,0.3588516746411483,0.1058823529411764,0.3294117647058823,1,0,13.4,Hermosa,2025-08,0.11568383996685346,0.12178605811143707,8.211120513359393
18618,2025-08-23,2560.0,0,19.0,6727,635,6,0,0.0909090909090909,0.3409090909090909,0.4267316017316017,12.40977353865996,13.0718954248366,0.8795989564936579,4,0.2,2245000.0,365,660.0,0.2037225042301184,0.4548223350253807,0.1335740072202166,0.296028880866426,6,0,8.1,Västerbo No Edge,2025-08,0.171596830089887,0.1550039238685553,6.4514495829667435
18611,2025-08-23,1800.0,0,21.0,6944,2271,5,1,0.6923076923076923,0.6923076923076923,0.7310800310800312,12.486676643716082,13.123359580052494,0.9062583092880564,10,0.1,1750000.0,365,100.0,0.2142857142857142,0.4583333333333333,0.1811320754716981,0.4981132075471698,0,1,1.2,Euphoria,2025-08,0.1795736402273178,0.1921049476340917,5.205488001822479
18611,2025-08-23,1800.0,0,21.0,7136,1791,4,2,0.1,0.5,0.4667857142857142,12.518565345257976,12.953367875647668,0.9433342602007097,8,0.2,1200000.0,365,100.0,0.165680473372781,0.378698224852071,0.2152466367713004,0.5381165919282511,4,0,6.6,First Home,2025-08,0.19371972978115082,0.2072382032139541,4.825365132931564
18611,2025-08-23,1800.0,0,21.0,7034,32,4,2,0.0689655172413793,0.3793103448275862,0.5078606259640742,12.238205227015987,13.020833333333334,0.8539252716947234,5,0.3,1410000.0,365,100.0,0.0634871477237534,0.2805822235986373,0.1123595505617977,0.4089887640449438,7,0,9.2,Formula,2025-08,0.10599801441033681,0.11339494472484245,8.818735283363306
18616,2025-08-23,1900.0,0,21.0,7185,5,3,0,0.3333333333333333,0.6666666666666666,0.4444444444444445,12.395873917472588,12.722646310432571,0.9724042947805536,11,0.1666666666666666,600000.0,315,0.0,0.2182444577591372,0.4649490713001797,0.2441471571906354,0.4816053511705686,4,1,3.0,Győztes Szív,2025-08,0.1549029846986135,0.12904308626086983,7.749349686029893
18611,2025-08-23,1800.0,0,21.0,7186,2225,3,1,0.3333333333333333,0.4444444444444444,0.5416666666666666,12.50368011195924,12.903225806451612,0.9537792098882902,17,0.1111111111111111,1880000.0,350,100.0,0.1146496815286624,0.4904458598726114,0.2441471571906354,0.4816053511705686,0,0,92.4,Gina Fling,2025-08,0.10599801441033681,0.11339494472484245,8.818735283363306
18611,2025-08-23,1800.0,0,21.0,6920,5,4,2,0.2727272727272727,0.5,0.6172602649875377,12.59608372975256,12.97016861219196,0.940024015069958,22,0.1,1916000.0,365,100.0,0.2182444577591372,0.4649490713001797,0.1564245810055866,0.3407821229050279,0,0,7.1,Fliegauf,2025-08,0.14614370961984,0.1563421538263183,6.396227604174545
18611,2025-08-23,1800.0,0,21.0,6936,138,4,0,0.0869565217391304,0.4347826086956521,0.5104554865424431,12.268884488155605,12.87001287001287,0.9202206480028956,4,0.2,1430000.0,365,100.0,0.1283292978208232,0.3767150928167877,0.1058823529411764,0.3294117647058823,4,0,4.8,Aaron LV,2025-08,0.09733730678757031,0.10412986115110848,9.603393195241525
18611,2025-08-23,1800.0,0,21.0,7105,69,3,2,0.1818181818181818,0.3636363636363636,0.4994588744588744,12.391659269879806,12.953367875647668,0.9245270734639992,15,0.0,1568000.0,365,100.0,0.0729108244531688,0.256309590577678,0.1196172248803827,0.3397129186602871,1,0,15.4,Gomez de Boko,2025-08,0.10599801441033681,0.11339494472484245,8.818735283363306
18617,2025-08-23,1900.0,0,21.0,6518,2225,6,1,0.1212121212121212,0.5151515151515151,0.5620381302199483,12.557486273277323,12.97016861219196,0.9528652130478628,12,0.3,2069000.0,365,0.0,0.1146496815286624,0.4904458598726114,0.2441471571906354,0.4816053511705686,1,0,14.2,Lolly Pop,2025-08,0.11634015540281932,0.07328071683849854,13.646154720400373
18617,2025-08-23,1900.0,0,21.0,5288,33,12,2,0.1666666666666666,0.3888888888888889,0.5484029638791544,12.469719379830437,12.987012987012989,0.8527131782945737,1,0.6,8012500.0,365,0.0,0.1041227229146692,0.336529242569511,0.1123595505617977,0.4089887640449438,1,0,21.4,Usain,2025-08,0.14456084370613098,0.09105645610394905,10.982197669305414
18617,2025-08-23,1900.0,0,21.0,7110,1791,3,1,0.0769230769230769,0.3076923076923077,0.348085248085248,12.066546072060447,12.755102040816324,0.9319211798329218,12,0.0,688000.0,365,0.0,0.165680473372781,0.378698224852071,0.2152466367713004,0.5381165919282511,3,0,5.3,Guinevere,2025-08,0.12075134366750717,0.07605925050150295,13.147644677096046
18617,2025-08-23,1900.0,0,21.0,6696,898,5,1,0.081081081081081,0.3783783783783784,0.5414658164658165,12.41394502952896,12.88659793814433,0.8924590797222147,10,0.2,1978000.0,365,0.0,0.1,0.3154761904761904,0.1179487179487179,0.2871794871794871,1,0,21.4,Édes K,2025-08,0.1655912697315216,0.10430316949558592,9.587436363017902
18617,2025-08-23,1900.0,0,21.0,7104,2403,4,2,0.125,0.3125,0.4765534812409812,12.228991463724668,12.77139208173691,0.921582960178993,4,0.2,815000.0,350,0.0,0.1,0.2625,0.1564245810055866,0.3407821229050279,2,0,42.8,Florentin,2025-08,0.14724473655223846,0.09274699529052219,10.782020451094764
18617,2025-08-23,1900.0,0,21.0,4968,1758,13,0,0.1538461538461538,0.4017094017094017,0.5551423884757218,12.403853618094558,12.903225806451612,0.8881702197554802,10,0.1,7523000.0,365,0.0,0.1370967741935483,0.4112903225806452,0.1179487179487179,0.2871794871794871,3,0,21.4,Titus Livius,2025-08,0.21210977435112,0.13360439702941612,7.484783601694087
18617,2025-08-23,1900.0,0,21.0,5531,23,11,1,0.1333333333333333,0.4416666666666666,0.5968554593554594,12.669607011032596,13.227513227513228,0.8965304900166179,5,0.3,8626000.0,365,0.0,0.0823336968375136,0.3184296619411123,0.0930232558139534,0.3255813953488372,6,0,14.2,Very Nice Photo,2025-08,0.13439750174681345,0.08465473709579711,11.812688035028431
18617,2025-08-23,1900.0,0,21.0,6854,1076,5,1,0.0952380952380952,0.4285714285714285,0.5591862502576789,12.478021231845478,13.003901170351105,0.9332263565290698,9,0.0,2460000.0,365,0.0,0.1144465290806754,0.3696060037523452,0.2,0.6,3,0,2.2,Elegáns Hölgy,2025-08,0.17924463003873825,0.11290319265270551,8.857145458021172
18617,2025-08-23,1900.0,0,21.0,5955,503,9,2,0.0594059405940594,0.2871287128712871,0.4916384495592417,12.472103289301042,12.987012987012989,0.9246423565700652,13,0.0,4337000.0,365,0.0,0.0851063829787234,0.351063829787234,0.0425531914893617,0.2765957446808511,3,0,3.5,Atom Maki,2025-08,0.053556193908055626,0.033734150235017114,29.64355091304385
18617,2025-08-23,1900.0,0,21.0,6506,39,7,2,0.1777777777777777,0.4666666666666667,0.5512570145903479,12.572669299360696,13.0718954248366,0.9148341498663068,16,0.0,3579000.0,365,0.0,0.1696462533282617,0.4370483073411944,0.1403508771929824,0.3450292397660818,0,0,21.4,Charlie's World,2025-08,0.12244491279125214,0.07712600134925514,12.965796002720653
18627,2025-09-06,1800.0,0,26.0,7001,1509,4,0,0.1739130434782608,0.6521739130434783,0.6807625948930297,12.672834398575532,13.404825737265416,0.9011585266531648,12,0.0,5124000.0,365,100.0,0.1545741324921135,0.4605678233438486,0.1811320754716981,0.4981132075471698,5,1,6.1,Fárosz,2025-09,0.12410455693801244,0.11376653984988197,8.789930688931271
18627,2025-09-06,1800.0,0,26.0,6973,1791,5,2,0.3333333333333333,0.5666666666666667,0.6208465608465609,12.642750079028348,13.280212483399737,0.9184432736883748,11,0.2,3663000.0,365,100.0,0.1637426900584795,0.3801169590643274,0.2152466367713004,0.5381165919282511,1,0,4.7,Edoardo Ama,2025-09,0.22239695489406586,0.20387109591862623,4.905060207255389
18627,2025-09-06,1800.0,0,26.0,6864,148,7,0,0.1764705882352941,0.6666666666666666,0.6858776844070963,12.90801625841605,13.280212483399737,0.9705219939011022,7,0.2,5800600.0,365,100.0,0.12955643390426,0.4022837066315327,0.1082251082251082,0.3939393939393939,3,0,10.3,In Love Danover,2025-09,0.12353838483492534,0.11324753037338126,8.830214634287948
18627,2025-09-06,1800.0,0,26.0,6987,719,4,2,0.1739130434782608,0.5652173913043478,0.5803202835811532,12.726302203247055,13.054830287206268,0.9614180995620168,12,0.0,2847000.0,365,100.0,0.1575757575757575,0.4036363636363636,0.1441441441441441,0.4504504504504504,3,0,7.2,Fabrice,2025-09,0.1384193350871404,0.1268888845802081,7.880910950619059
18627,2025-09-06,1800.0,0,26.0,7394,1076,4,0,0.1,0.4,0.4791666666666667,13.006019399615822,13.26259946949602,0.9784340398569272,10,0.2,2876890.0,365,100.0,0.114018691588785,0.3700934579439252,0.1144578313253012,0.3313253012048193,6,0,61.8,Furio Ferm,2025-09,0.09921654313802719,0.09095171915659615,10.994844399568189
18627,2025-09-06,1800.0,0,26.0,6163,33,8,2,0.1325301204819277,0.3734939759036144,0.5200086058519794,12.652395893468691,13.227513227513228,0.8867931688804555,2,0.3,5907000.0,365,100.0,0.1040229885057471,0.3367816091954023,0.1123595505617977,0.4089887640449438,3,0,3.3,Bombay,2025-09,0.1665031611919403,0.15263330364521235,6.551650105958818
18627,2025-09-06,1800.0,0,26.0,7396,110,4,1,0.0,0.2,0.4194444444444444,12.841639313525835,13.280212483399737,0.9685001484172624,6,0.0,3163736.0,365,100.0,0.1639091109640414,0.4127509375689389,0.1144578313253012,0.3313253012048193,3,0,61.8,Fiamma Sn,2025-09,0.10480247437953949,0.09607233748734467,10.408823456926163
18627,2025-09-06,1800.0,0,26.0,7050,2237,4,2,0.3333333333333333,0.4166666666666667,0.4722222222222222,12.33409962982925,13.020833333333334,0.9331015812761184,18,0.3,4611886.0,365,100.0,0.25,0.4848484848484848,0.0,0.0,0,0,30.9,Luigi de Sajan,2025-09,0.03205049658815066,0.029380662461295306,34.035992255700585
18627,2025-09-06,1800.0,0,26.0,6843,2049,6,1,0.25,0.45,0.4777777777777777,13.011327159719352,13.351134846461948,0.9765577219562372,4,0.3,4934600.0,365,100.0,0.2216216216216216,0.5027027027027027,0.1666666666666666,0.75,0,0,1.9,Dalia OZT,2025-09,0.07983854661385219,0.0731879265274539,13.66345581091008
18625,2025-09-06,1900.0,0,26.0,7330,2271,5,1,0.0588235294117647,0.1764705882352941,0.2798871063576946,12.5368577688489,12.87001287001287,0.9823008849557524,0,0.6,415000.0,365,0.0,0.2163742690058479,0.4561403508771929,0.1811320754716981,0.4981132075471698,4,1,5.8,Emilia Adri,2025-09,0.23584132393201193,0.19950298698664856,5.012456280000076
18628,2025-09-06,1960.0,0,26.0,6731,255,6,1,0.6774193548387096,0.8709677419354839,0.836610343061956,12.850757635727438,13.315579227696404,0.9360686025657868,22,0.2,7084000.0,365,60.0,0.3763109191856878,0.674892041949414,0.4126984126984127,0.7936507936507936,5,0,1.5,Daytona Spav,2025-09,0.33850887417793274,0.21294598459045253,4.696026562431998
18628,2025-09-06,1960.0,0,26.0,6954,860,6,0,0.3,0.5,0.6225396825396825,13.091084780148725,13.531799729364003,0.963734577608923,20,0.2,13483180.0,365,60.0,0.1607879065506184,0.4214383875400824,0.2441471571906354,0.4816053511705686,1,0,28.1,Palace Bo,2025-09,0.11167831346392632,0.07025354497937497,14.234157155963873
18628,2025-09-06,1960.0,0,26.0,5906,28,9,1,0.17,0.6,0.677686507936508,12.723945556919194,13.386880856760374,0.8710076069205591,6,0.0,11394440.0,365,60.0,0.1420102398275397,0.3974669900296416,0.0780141843971631,0.3333333333333333,5,0,27.2,Anybody,2025-09,0.11127287149429321,0.06999849335147457,14.286021771623378
18628,2025-09-06,1960.0,0,26.0,6903,1401,7,1,0.34375,0.75,0.7722222222222223,13.259728476268934,13.79310344827586,0.9692821797764792,10,0.1,18926200.0,365,60.0,0.2337349397590361,0.5566265060240964,0.2152466367713004,0.5381165919282511,0,0,6.8,Cardenas Baba,2025-09,0.198442243039608,0.12483418324269724,8.010626368707385
18628,2025-09-06,1960.0,0,26.0,6855,2225,5,1,0.2,0.5,0.5120535714285714,12.876192078483886,13.368983957219251,0.9355187120597562,11,0.2,14880000.0,365,60.0,0.1125,0.4875,0.2441471571906354,0.4816053511705686,3,0,28.1,Eternity Bar,2025-09,0.1581899436811606,0.0995126446575413,10.048974212687831
18628,2025-09-06,1960.0,0,26.0,6699,1791,5,2,0.0833333333333333,0.5,0.5764770723104057,12.843779018917829,13.623978201634875,0.8879902131775405,12,0.1,8160294.0,365,60.0,0.1637426900584795,0.3801169590643274,0.2152466367713004,0.5381165919282511,0,0,10.6,El Diablo,2025-09,0.12884331991275152,0.08105154608827717,12.33782757099848
18628,2025-09-06,1960.0,0,26.0,5962,110,10,2,0.2061855670103092,0.4432989690721649,0.5913066601210931,12.631959732451811,13.245033112582782,0.8954181902751766,7,0.0,8138000.0,365,60.0,0.1639091109640414,0.4127509375689389,0.1144578313253012,0.3313253012048193,1,0,35.1,Zénó Boko,2025-09,0.12773355593283972,0.08035342618244237,12.44502005091234
18628,2025-09-06,1960.0,0,26.0,6679,65,10,1,0.1639344262295081,0.2295081967213114,0.4829311853902018,12.59033014091613,13.477088948787062,0.9862385321100916,0,0.3,7806200.0,365,60.0,0.097793679189028,0.2889087656529517,0.1403508771929824,0.3450292397660818,0,0,32.4,Inforgettable,2025-09,0.1229278842608134,0.07733031936344602,12.93153847328735
18628,2025-09-06,1960.0,0,26.0,7253,2036,8,1,0.1666666666666666,0.3333333333333333,0.4265873015873016,13.105549411003288,13.605442176870747,0.9697449577630278,4,0.1,13976689.0,365,60.0,0.0606060606060606,0.1212121212121212,0.1564245810055866,0.3407821229050279,5,0,211.1,Baria TRGF Risaia,2025-09,0.11870215584834416,0.0746720378055684,13.391893798369443
18626,2025-09-06,1800.0,0,25.0,6919,1854,4,1,0.1428571428571428,0.3333333333333333,0.5456022813165671,12.41613223208102,12.755102040816324,0.9625855158983748,15,0.0,1110000.0,365,100.0,0.0366748166259168,0.1540342298288508,0.0355555555555555,0.1377777777777777,6,0,27.2,Fermina Daza,2025-09,0.058733842025200524,0.03856336256845831,25.931348653136347
18628,2025-09-06,1960.0,0,26.0,6514,27,6,2,0.3095238095238095,0.6190476190476191,0.6700551432694289,12.788341927807364,13.26259946949602,0.926566895671848,13,0.2,6557000.0,365,60.0,0.0613850996852046,0.2313746065057712,0.1376146788990825,0.3990825688073394,2,1,2.5,El Valle Sagrado,2025-09,0.17334750294685364,0.10904781973872549,9.170288799867459
18626,2025-09-06,1800.0,0,25.0,7168,2100,3,1,0.0833333333333333,0.5,0.4531144781144781,12.22136384527341,12.755102040816324,0.9199122561574749,4,0.3,1004000.0,357,100.0,0.1361867704280155,0.4085603112840467,0.1811320754716981,0.4981132075471698,1,0,15.5,God save the Queen,2025-09,0.16848074396451315,0.11062079018293089,9.039892034276058
18629,2025-09-06,1800.0,0,25.0,6927,28,4,2,0.0833333333333333,0.375,0.4995400432900432,12.29057635528751,12.78772378516624,0.9137354954875132,10,0.1,1030000.0,365,100.0,0.1420102398275397,0.3974669900296416,0.0780141843971631,0.3333333333333333,1,0,9.1,Fast Track,2025-09,0.07911121100187302,0.09343301251959822,10.702855158290472
18626,2025-09-06,1800.0,0,25.0,7097,1401,4,1,0.3636363636363636,0.8181818181818182,0.7898989898989899,12.3893995346049,12.87001287001287,0.9633443251325162,20,0.0,1025000.0,365,100.0,0.2337349397590361,0.5566265060240964,0.4215686274509804,0.7254901960784313,0,0,4.1,Fortuna Ville,2025-09,0.1744481921195984,0.1145388867841083,8.7306593252026
18625,2025-09-06,1900.0,0,26.0,7403,929,3,2,0.5,0.75,0.7272727272727273,12.691718029256414,12.853470437017997,0.987415662676149,13,0.25,375000.0,84,0.0,0.3181818181818182,0.5855614973262032,0.4444444444444444,0.7777777777777778,0,0,1.6,Baiyoke Sky,2025-09,0.2175406664609909,0.18402208750551804,5.434130291397842
18629,2025-09-06,1800.0,0,25.0,7329,2271,5,1,0.0,0.2857142857142857,0.4791125541125541,12.400709995585832,12.738853503184714,0.957240892525674,2,0.2,418000.0,317,100.0,0.2163742690058479,0.4561403508771929,0.1811320754716981,0.4981132075471698,1,1,2.1,Exclusive Adri,2025-09,0.16594009598096213,0.1959808587044065,5.102539128621114
18629,2025-09-06,1800.0,0,25.0,6057,175,8,2,0.1304347826086956,0.3478260869565217,0.586976911976912,12.24161161088077,12.706480304955528,0.913447936048859,20,0.0,520000.0,365,100.0,0.0813253012048192,0.2665662650602409,0.0973451327433628,0.3716814159292035,5,0,3.5,Bitangjó,2025-09,0.06651673962672551,0.07855851639231712,12.729364630641092
18629,2025-09-06,1800.0,0,25.0,5990,138,9,1,0.0508474576271186,0.2372881355932203,0.4181041651380634,12.332497538209266,12.755102040816324,0.946390525340854,3,0.1,1999000.0,365,100.0,0.1283756549778315,0.3766626360338573,0.0425531914893617,0.2765957446808511,0,0,4.7,Aranyérem M,2025-09,0.012298534934719404,0.014524985194590797,68.84688601076212
18629,2025-09-06,1800.0,0,25.0,6690,1064,5,1,0.0285714285714285,0.3714285714285714,0.4617357245928674,12.335052935031184,12.87001287001287,0.8910237860993412,4,0.3,1277000.0,365,100.0,0.0964673913043478,0.2730978260869565,0.0833333333333333,0.2794117647058823,5,0,11.8,Enterprise,2025-09,0.09624453882376353,0.11366805143016649,8.797546781334274
18626,2025-09-06,1800.0,0,25.0,7247,148,4,1,0.1428571428571428,0.5,0.6523088023088023,12.37778904957334,12.88659793814433,0.9544333801918452,16,0.0,852000.0,365,100.0,0.12955643390426,0.4022837066315327,0.1082251082251082,0.3939393939393939,0,0,8.3,Fancy Jet,2025-09,0.08208321531613667,0.053894052966309454,18.554922945303918
18629,2025-09-06,1800.0,0,25.0,6786,27,5,2,0.2758620689655172,0.4482758620689655,0.5360414489724834,12.493751485918674,13.003901170351105,0.9150492670543464,12,0.3,2227000.0,365,100.0,0.0613850996852046,0.2313746065057712,0.1376146788990825,0.3990825688073394,5,0,7.3,Enrico Fling,2025-09,0.15386319408814111,0.18171762961892088,5.5030433871336255
18629,2025-09-06,1800.0,0,25.0,6799,1854,5,0,0.0222222222222222,0.1555555555555555,0.4055587622254288,12.262438282997632,12.77139208173691,0.9146996761213072,3,0.4,1310000.0,365,100.0,0.0366748166259168,0.1540342298288508,0.0355555555555555,0.1377777777777777,1,0,19.7,Exclusive Fox,2025-09,0.02974331130584081,0.035127855362334634,28.46743673034581
18629,2025-09-06,1800.0,0,25.0,7094,136,4,2,0.1818181818181818,0.4090909090909091,0.4567132362586907,12.201697460962054,12.87001287001287,0.9215430357914988,15,0.0,1027000.0,365,100.0,0.0872844827586206,0.3297413793103448,0.1058823529411764,0.3294117647058823,0,0,13.1,Full Speed,2025-09,0.03926712088286877,0.04637579618103421,21.562972117963525
18629,2025-09-06,1800.0,0,25.0,5695,1640,11,1,0.1149425287356321,0.3218390804597701,0.5134808677912126,12.372452576162395,12.919896640826872,0.9296212831947428,5,0.1,4230000.0,365,100.0,0.0794979079497908,0.2635983263598326,0.1179487179487179,0.2871794871794871,0,0,59.1,Vinifera M,2025-09,0.08385225757956505,0.09903234867739019,10.097710630469045
18626,2025-09-06,1800.0,0,25.0,7185,5,3,0,0.4285714285714285,0.7142857142857143,0.5238095238095238,12.497344295268393,12.903225806451612,0.9587955832759912,11,0.1428571428571428,850000.0,329,100.0,0.2183804819637778,0.4649004640023949,0.2441471571906354,0.4816053511705686,3,1,2.2,Győztes Szív,2025-09,0.23176924884319305,0.1521746452671087,6.571396951474556
18626,2025-09-06,1800.0,0,25.0,6918,929,4,2,0.3636363636363636,0.7272727272727273,0.5535353535353535,12.393040077039505,12.836970474967906,0.9252970570688908,15,0.3,810000.0,365,100.0,0.3181818181818182,0.5855614973262032,0.1811320754716981,0.4981132075471698,0,0,5.1,Front of the Line,2025-09,0.1596610595782598,0.10482997733979137,9.539256092354606
18626,2025-09-06,1800.0,0,25.0,7103,522,3,1,0.0,0.4615384615384615,0.5121739371739372,12.223163767330435,12.836970474967906,0.9044214457580184,9,0.0,1100000.0,365,100.0,0.3333333333333333,0.6818181818181818,0.1058823529411764,0.3294117647058823,0,0,10.8,Grace Kelly,2025-09,0.06459819649656613,0.042413770100323836,23.577248559480566
18626,2025-09-06,1800.0,0,25.0,7269,2450,3,1,0.25,0.5,0.6366883116883117,12.309770377519458,12.674271229404308,0.9622403648119384,14,0.125,731000.0,301,100.0,0.3548387096774194,0.6612903225806451,0.4215686274509804,0.7254901960784313,2,0,15.5,Gloria Estefan A.T.,2025-09,0.15641609330972037,0.10269940310147725,9.737154937618287
18626,2025-09-06,1800.0,0,25.0,7370,138,4,2,0.0,0.2142857142857142,0.5336013193156051,12.632178814373304,12.97016861219196,0.974231280111626,7,0.1,792669.0,365,100.0,0.1283756549778315,0.3766626360338573,0.1058823529411764,0.3294117647058823,6,0,18.1,Another Star,2025-09,0.15075394014517465,0.0989817565475734,10.10287183092545
18626,2025-09-06,1800.0,0,25.0,6983,2271,4,1,0.1666666666666666,0.3333333333333333,0.4508818342151675,12.299588863310884,12.903225806451612,0.937453726059,11,0.2,1045000.0,365,100.0,0.2163742690058479,0.4561403508771929,0.1153846153846153,0.2788461538461538,6,0,15.5,Fondorlat,2025-09,0.1504486451546351,0.09878130650029981,10.12337288732828
18626,2025-09-06,1800.0,0,25.0,7109,635,3,1,0.0909090909090909,0.3636363636363636,0.4991702741702741,12.385178707143703,12.953367875647668,0.9458044775003264,6,0.1,972000.0,210,100.0,0.2035158891142664,0.4543610547667343,0.1335740072202166,0.296028880866426,2,0,9.8,Gaya T Boko,2025-09,0.1256545583407084,0.0825020486416186,12.120911134509024
18629,2025-09-06,1800.0,0,25.0,6345,32,8,1,0.04,0.2,0.4622837902837903,12.31681014730994,12.88659793814433,0.8982251564777503,3,0.4,2394000.0,365,100.0,0.0634282178217821,0.2806311881188119,0.1123595505617977,0.4089887640449438,2,0,29.5,Berna Queen M,2025-09,0.11987882852554321,0.141580945919241,7.063097322223067
18625,2025-09-06,1900.0,0,26.0,7189,33,3,1,0.0,0.2857142857142857,0.3520021645021645,11.989405103715136,12.594458438287154,0.917280711426083,3,0.1,295000.0,365,0.0,0.1040229885057471,0.3367816091954023,0.1123595505617977,0.4089887640449438,5,0,9.1,Galatea,2025-09,0.1312683274348577,0.11104255600068251,9.005556392216455
18623,2025-09-06,2560.0,0,26.0,7453,522,3,0,0.6666666666666666,1.0,0.9444444444444444,13.316740599042763,13.440860215053762,0.988918600682538,23,0.0,5824587.0,128,660.0,0.3333333333333333,0.6818181818181818,0.2777777777777778,0.8888888888888888,0,0,2.2,Orlando Paladino,2025-09,0.10169685631990433,0.13011757812333954,7.6853566937135245
18625,2025-09-06,1900.0,0,26.0,7198,860,3,1,0.2,0.2,0.2174603174603175,11.875862314024769,12.18026796589525,0.9750082959814336,5,0.2,0.0,249,0.0,0.1607879065506184,0.4214383875400824,0.1236363636363636,0.4109090909090909,1,0,34.9,Gabrielle,2025-09,0.12196559955676396,0.10317318871652204,9.692440569493236
18631,2025-09-06,2400.0,0,26.0,7104,2403,4,2,0.1176470588235294,0.2941176470588235,0.4592161106866989,12.23778799490281,12.77139208173691,0.921582960178993,4,0.2,815000.0,364,500.0,0.0987654320987654,0.2592592592592592,0.1564245810055866,0.3407821229050279,1,0,30.8,Florentin,2025-09,0.1229278842608134,0.13398757027058023,7.463378864028636
18622,2025-09-06,1800.0,0,26.0,7230,2437,5,0,0.7142857142857143,0.8571428571428571,0.8412698412698413,13.426911186866006,13.79310344827586,0.9707446232757734,18,0.0,27355430.0,321,100.0,0.0,0.5,0.2777777777777778,0.8888888888888888,0,1,4.1,Ois Tschikago,2025-09,0.17247060934702554,0.128904356170625,7.75768972986719
18622,2025-09-06,1800.0,0,26.0,6783,5,5,0,0.5862068965517241,0.7931034482758621,0.7872194854953476,13.02773655967072,13.531799729364003,0.9292580372813232,21,0.2,26635000.0,365,100.0,0.2183804819637778,0.4649004640023949,0.2441471571906354,0.4816053511705686,6,0,4.7,Enjoy,2025-09,0.2958003431558609,0.22108087246816346,4.52323165200103
18622,2025-09-06,1800.0,0,26.0,7435,2362,7,0,0.125,0.375,0.4305555555555556,13.964870365604758,14.204545454545451,0.9831268737385752,12,0.5,69745347.0,365,100.0,0.1904761904761904,0.5238095238095238,0.0,0.3333333333333333,0,0,5.5,Catullo Jet,2025-09,0.10704714308182399,0.0800069247224775,12.498918105760607
18622,2025-09-06,1800.0,0,26.0,7217,522,6,0,0.3333333333333333,0.7222222222222222,0.7561728395061729,13.586396266149158,13.986013986013988,0.974690900387615,17,0.1,37327647.0,365,100.0,0.3333333333333333,0.6818181818181818,0.2777777777777778,0.8888888888888888,0,0,1.4,Uccellone,2025-09,0.32063492635885876,0.23964221443053224,4.172887495537148
18625,2025-09-06,1900.0,0,26.0,7309,110,3,1,0.1111111111111111,0.3333333333333333,0.4625300625300625,11.942307420450504,12.61034047919294,0.9441149773863884,11,0.0,380000.0,266,0.0,0.1639091109640414,0.4127509375689389,0.1144578313253012,0.3313253012048193,2,0,34.9,Goldina Amok,2025-09,0.13848624378442764,0.11714833868350909,8.536185926644896
18622,2025-09-06,1800.0,0,26.0,6433,91,8,0,0.375,0.575,0.6297222222222223,13.334648639086158,13.908205841446453,0.9400753869747228,17,0.1,21584000.0,365,100.0,0.0947237224761113,0.3236393851267137,0.2441471571906354,0.4816053511705686,1,0,38.9,Digital Races,2025-09,0.11167831346392632,0.08346825670641105,11.980602440486718
18622,2025-09-06,1800.0,0,26.0,6318,255,8,2,0.3934426229508196,0.7377049180327869,0.7611891751236014,13.066136685068711,13.58695652173913,0.8868411293083052,13,0.3,26959000.0,365,100.0,0.3763109191856878,0.674892041949414,0.4126984126984127,0.7936507936507936,6,0,37.6,Bonaparte Boss,2025-09,0.1229278842608134,0.09187617435834461,10.884214618032532
18622,2025-09-06,1800.0,0,26.0,7428,719,6,2,0.1428571428571428,0.4285714285714285,0.6507936507936508,13.581633942783911,14.104372355430185,0.9639459595258156,8,0.0,34309689.0,365,100.0,0.1575757575757575,0.4036363636363636,0.1441441441441441,0.4504504504504504,3,0,24.1,Pure Muscle,2025-09,0.1384193350871404,0.10345446878472202,9.666088007091274
18630,2025-09-06,1900.0,0,24.0,6698,1408,5,2,0.1162790697674418,0.2325581395348837,0.4792753112520554,12.348710206894358,13.089005235602093,0.8824427984876971,0,0.1,2173000.0,365,0.0,0.1285046728971962,0.3925233644859813,0.1196172248803827,0.3397129186602871,0,1,2.8,Easy Bet,2025-09,0.11987882852554321,0.08554050869822546,11.690367700849842
18630,2025-09-06,1900.0,0,24.0,5625,33,11,2,0.1037735849056603,0.3867924528301887,0.5082023060796645,12.4002845485135,13.003901170351105,0.8409371362835787,8,0.2,5231000.0,365,0.0,0.1040229885057471,0.3367816091954023,0.1123595505617977,0.4089887640449438,7,0,48.0,Vanderle,2025-09,0.24295287827650705,0.17336099337208877,5.768310278735405
18630,2025-09-06,1900.0,0,24.0,5288,32,12,2,0.1653543307086614,0.3858267716535433,0.546232289145675,12.47040373437097,12.987012987012989,0.8527131782945737,1,0.6,8012500.0,365,0.0,0.0634282178217821,0.2806311881188119,0.1123595505617977,0.4089887640449438,4,0,7.2,Usain,2025-09,0.12390899658203125,0.08841626774535254,11.310135855090575
18630,2025-09-06,1900.0,0,24.0,6003,39,9,1,0.1506849315068493,0.410958904109589,0.5583219672260769,12.664595627005678,13.123359580052494,0.937007639440624,14,0.2,4536000.0,365,0.0,0.1694528875379939,0.4369300911854103,0.15,0.4375,3,0,10.2,Ambrosia Gielle,2025-09,0.1256545583407084,0.08966182747126858,11.153018271018869
18630,2025-09-06,1900.0,0,24.0,6343,27,7,2,0.0847457627118644,0.3898305084745763,0.5898097194707365,12.506679365209187,12.9366106080207,0.9242660594569756,16,0.0,2984000.0,365,0.0,0.0613850996852046,0.2313746065057712,0.1376146788990825,0.3990825688073394,0,0,4.8,Chicago,2025-09,0.1147847877194484,0.08190561463692737,12.209175212625134
18630,2025-09-06,1900.0,0,24.0,5904,28,9,1,0.0957446808510638,0.3723404255319149,0.5471949740566762,12.518082036799788,13.003901170351105,0.907123451930019,6,0.5,5352000.0,365,0.0,0.1420102398275397,0.3974669900296416,0.0780141843971631,0.3333333333333333,0,0,8.0,Australian Gold,2025-09,0.09614982455968857,0.06860848579554155,14.57545649644674
18630,2025-09-06,1900.0,0,24.0,6696,898,5,1,0.0789473684210526,0.3684210526315789,0.5391784385205438,12.419254247433612,12.88659793814433,0.8924590797222147,10,0.2,1978000.0,365,0.0,0.0997624703087886,0.3159144893111639,0.1179487179487179,0.2871794871794871,0,0,20.5,Édes K,2025-09,0.10169685631990433,0.07256661521981236,13.780441556642659
18630,2025-09-06,1900.0,0,24.0,5247,1640,12,0,0.1339285714285714,0.4464285714285714,0.6014481550195836,12.465072917274156,12.953367875647668,0.9297124856905264,17,0.2,7174000.0,365,0.0,0.0794979079497908,0.2635983263598326,0.1179487179487179,0.2871794871794871,1,0,12.0,Universal Boy,2025-09,0.09624453882376353,0.06867606992553014,14.561112787676464
18630,2025-09-06,1900.0,0,24.0,6518,2225,6,1,0.1176470588235294,0.5,0.5508551905610729,12.557486273277323,12.97016861219196,0.9528652130478628,12,0.3,2069000.0,365,0.0,0.1125,0.4875,0.2441471571906354,0.4816053511705686,0,0,20.5,Lolly Pop,2025-09,0.10438346117734909,0.07448366386804788,13.425762752105722
18630,2025-09-06,1900.0,0,24.0,6153,1492,8,2,0.1785714285714285,0.3392857142857143,0.5110479797979798,12.42140515111229,12.9366106080207,0.9349530889517428,6,0.2,2898000.0,365,0.0,0.0955414012738853,0.35828025477707,0.1058823529411764,0.3294117647058823,1,0,28.8,Bing Crosby AT,2025-09,0.1389824002981186,0.09917201700939457,10.083489578570031
18630,2025-09-06,1900.0,0,24.0,5955,503,9,2,0.0588235294117647,0.2941176470588235,0.4957311207311207,12.474058711626384,12.987012987012989,0.9246423565700652,13,0.0,4462000.0,365,0.0,0.0842105263157894,0.3578947368421052,0.0425531914893617,0.2765957446808511,2,0,4.5,Atom Maki,2025-09,0.02974331130584081,0.021223580600215702,47.11740298853421
18630,2025-09-06,1900.0,0,24.0,6982,635,4,0,0.1666666666666666,0.2777777777777778,0.4809844476511143,12.13465815615282,12.722646310432571,0.9140251234440948,11,0.3,590000.0,365,0.0,0.2035158891142664,0.4543610547667343,0.1335740072202166,0.296028880866426,3,0,10.2,Farkasfog,2025-09,0.10704714308182399,0.0763843556575951,13.091686005478103
18631,2025-09-06,2400.0,0,26.0,6342,69,7,2,0.1311475409836065,0.4754098360655737,0.5809979182930003,12.673786049245418,13.14060446780552,0.9009068043951408,10,0.3,4631000.0,365,500.0,0.0733482642777155,0.2564389697648376,0.1196172248803827,0.3397129186602871,2,0,9.0,Carlos Fox,2025-09,0.1229278842608134,0.13398757027058023,7.463378864028636
18631,2025-09-06,2400.0,0,26.0,7034,32,4,2,0.0666666666666666,0.4,0.5159319384319384,12.258712413736022,13.020833333333334,0.8539252716947234,5,0.3,1470000.0,365,500.0,0.0634282178217821,0.2806311881188119,0.1123595505617977,0.4089887640449438,6,0,7.3,Formula,2025-09,0.10039321581522624,0.10942548258776276,9.138639157455557
18622,2025-09-06,1800.0,0,26.0,7433,2559,8,2,0.5714285714285714,0.7142857142857143,0.7142857142857143,13.639332865656508,13.92757660167131,0.9829293106018856,18,0.1428571428571428,118321744.0,365,100.0,0.5,0.5,0.0,0.0,0,0,15.4,Hello Sport,2025-09,0.06899492007990678,0.05156673235872401,19.39234762915554
18631,2025-09-06,2400.0,0,26.0,7118,138,4,2,0.2777777777777778,0.3888888888888889,0.5233104858104859,12.18805721724554,12.953367875647668,0.8983598082011663,13,0.1,1003000.0,365,500.0,0.1283756549778315,0.3766626360338573,0.1058823529411764,0.3294117647058823,1,0,6.1,Ferrari,2025-09,0.13312561064958572,0.1451027748422036,6.8916669656213
18625,2025-09-06,1900.0,0,26.0,7200,1854,3,1,0.0,0.1,0.2862373737373737,11.944625349976391,12.285012285012284,0.9513941892802876,4,0.0,96000.0,353,0.0,0.0366748166259168,0.1540342298288508,0.0355555555555555,0.1377777777777777,3,0,21.8,Icibell BD,2025-09,0.05368863294521967,0.045416309835883045,22.018521619515383
18625,2025-09-06,1900.0,0,26.0,7175,2139,4,2,0.25,0.25,0.2777777777777778,11.95010320676864,12.360939431396783,0.993857493857494,5,0.5,250000.0,365,0.0,0.0612244897959183,0.2295918367346938,0.1335740072202166,0.296028880866426,0,0,6.7,Fearless ASM,2025-09,0.08208321531613667,0.06943586630203237,14.401778983359934
18625,2025-09-06,1900.0,0,26.0,7088,138,4,1,0.1818181818181818,0.3636363636363636,0.1948051948051948,11.3754635959698,12.21001221001221,0.9065322070806496,12,0.3,0.0,365,0.0,0.1283756549778315,0.3766626360338573,0.0,0.0,0,0,24.9,Faella BD,2025-09,0.018018018454313278,0.0152418093711699,65.60900846139135
18631,2025-09-06,2400.0,0,26.0,6702,2332,5,2,0.21875,0.375,0.6194500811688312,12.512948418895569,13.089005235602093,0.9062831594516142,6,0.0,2215000.0,365,500.0,0.1739130434782608,0.3043478260869565,0.1236363636363636,0.4109090909090909,1,0,1.7,Ezigen,2025-09,0.11244954417149226,0.1225665054936238,8.158835857909176
18625,2025-09-06,1900.0,0,26.0,7188,5,3,2,0.2,0.4,0.4536616161616161,12.058227138015706,12.755102040816324,0.9098861522297104,5,0.2,460000.0,343,0.0,0.2183804819637778,0.4649004640023949,0.2441471571906354,0.4816053511705686,0,0,4.4,Győcike,2025-09,0.13037939369678497,0.11029058881773945,9.066956761401904
18632,2025-09-06,1800.0,0,26.0,7173,110,7,1,0.1052631578947368,0.2105263157894736,0.3693400167084377,12.899585161609494,13.26259946949602,0.9768228973907672,2,0.0,8085970.0,365,100.0,0.1639091109640414,0.4127509375689389,0.1144578313253012,0.3313253012048193,2,1,2.8,Jula Netprice,2025-09,0.1823379099369049,0.15386469070954106,6.499216911875874
18632,2025-09-06,1800.0,0,26.0,7171,1076,7,2,0.0357142857142857,0.3928571428571428,0.523015873015873,12.750478060329945,13.297872340425531,0.9778093513101728,3,0.0,5191660.0,365,100.0,0.114018691588785,0.3700934579439252,0.1144578313253012,0.3313253012048193,1,0,13.7,Peter Piper,2025-09,0.12410455693801244,0.10472484452366233,9.548832510074076
18632,2025-09-06,1800.0,0,26.0,6899,1408,5,1,0.32,0.64,0.7048571428571428,12.71863291802178,13.192612137203168,0.9176666869686324,18,0.0,3501000.0,365,100.0,0.1285046728971962,0.3925233644859813,0.1196172248803827,0.3397129186602871,2,0,5.3,Eunike T Boko,2025-09,0.11127287149429321,0.09389690801411713,10.64997795081445
18632,2025-09-06,1800.0,0,26.0,6066,860,8,1,0.15625,0.53125,0.6675161210317461,12.65779800800561,13.157894736842104,0.905425041149228,11,0.0,6405080.0,365,100.0,0.1607879065506184,0.4214383875400824,0.1236363636363636,0.4109090909090909,3,0,7.6,Berill Lady,2025-09,0.1373095711072286,0.11586781211424522,8.630524575833052
18632,2025-09-06,1800.0,0,26.0,5905,28,9,0,0.1752577319587628,0.4845360824742268,0.6387252495499919,12.71000173180694,13.26259946949602,0.9015243416546748,8,0.1,8965500.0,365,100.0,0.1420102398275397,0.3974669900296416,0.0780141843971631,0.3333333333333333,3,0,24.1,Adamo Fling,2025-09,0.09550727034608524,0.0805932053153289,12.407993900818324
18632,2025-09-06,1800.0,0,26.0,6228,635,7,2,0.2807017543859649,0.5263157894736842,0.5799289891395155,12.767081366450276,13.297872340425531,0.8944675282776664,8,0.6,5571000.0,365,100.0,0.2035158891142664,0.4543610547667343,0.1335740072202166,0.296028880866426,3,0,3.0,Creatine,2025-09,0.11607854316631953,0.09795214362433005,10.209067030071743
18625,2025-09-06,1900.0,0,26.0,7368,91,3,1,1.0,1.0,0.5,11.60092807424594,11.60092807424594,1.0,5,0.0,0.0,91,0.0,0.0947237224761113,0.3236393851267137,0.1058823529411764,0.3294117647058823,0,0,17.4,Rafaela BD,2025-09,0.052872903645038605,0.044726267780294995,22.35822592916123
18632,2025-09-06,1800.0,0,26.0,6472,2403,6,2,0.1363636363636363,0.3636363636363636,0.522231240981241,12.617440365656796,13.123359580052494,0.8985459415640789,10,0.0,6067000.0,365,100.0,0.0987654320987654,0.2592592592592592,0.1564245810055866,0.3407821229050279,5,0,19.9,Dumbledore,2025-09,0.1373095711072286,0.11586781211424522,8.630524575833052
18632,2025-09-06,1800.0,0,26.0,5725,69,10,2,0.3010752688172043,0.4946236559139785,0.5668160095579451,12.767169137068851,13.280212483399737,0.9073577980352886,5,0.2,10775000.0,365,100.0,0.0733482642777155,0.2564389697648376,0.1196172248803827,0.3397129186602871,0,0,3.5,Zente,2025-09,0.13037939369678497,0.11001982578935461,9.089270891181132
18631,2025-09-06,2400.0,0,26.0,4788,33,14,2,0.1739130434782608,0.484472049689441,0.6093409695894167,12.532382281235536,13.14060446780552,0.8871785724942964,2,0.3,11806000.0,365,500.0,0.1040229885057471,0.3367816091954023,0.1123595505617977,0.4089887640449438,6,0,4.1,Szilvás,2025-09,0.10039321581522624,0.10942548258776276,9.138639157455557
18631,2025-09-06,2400.0,0,26.0,6328,175,7,1,0.048780487804878,0.2926829268292683,0.5086487699292578,12.444584659915185,13.10615989515072,0.8991880580411022,14,0.1,3115000.0,365,500.0,0.0813253012048192,0.2665662650602409,0.0973451327433628,0.3716814159292035,3,1,17.1,Credit Card,2025-09,0.06882392490903537,0.07501593743760653,13.330500613042878
18623,2025-09-06,2560.0,0,26.0,7437,2362,5,2,0.75,0.75,0.75,13.477154146250063,13.75515818431912,0.976783952724692,20,0.25,21338134.0,365,660.0,0.1904761904761904,0.5238095238095238,0.0,0.3333333333333333,0,0,4.5,Enzo Jet,2025-09,0.03926712088286877,0.050240910624444565,19.90409782726854
18631,2025-09-06,2400.0,0,26.0,7124,1408,4,2,0.1,0.3,0.4508152958152958,12.563536206528322,13.03780964797914,0.9241621192391388,6,0.2,840000.0,329,500.0,0.1285046728971962,0.3925233644859813,0.1196172248803827,0.3397129186602871,2,0,5.9,Fess Fiú,2025-09,0.15641609330972037,0.17048867650988006,5.865492186761439
18623,2025-09-06,2560.0,0,26.0,7130,255,3,2,0.625,1.0,0.921875,12.715756658555865,13.123359580052494,0.956427047620499,21,0.0,8125000.0,147,660.0,0.3763109191856878,0.674892041949414,0.4126984126984127,0.7936507936507936,2,0,4.1,Giovanni Fling,2025-09,0.17190754413604736,0.21994970261175745,4.546493985332376
18623,2025-09-06,2560.0,0,26.0,6916,1401,4,1,0.65,0.8,0.7911904761904762,12.923487413425644,13.440860215053762,0.9123332787488636,15,0.2,19250000.0,365,660.0,0.2337349397590361,0.5566265060240964,0.4215686274509804,0.7254901960784313,0,0,3.0,Freya T Boko,2025-09,0.2428184300661087,0.31067770614783224,3.2187697417984733
18623,2025-09-06,2560.0,0,26.0,6765,2437,7,0,0.5238095238095238,0.5714285714285714,0.6402116402116402,13.539415386581204,13.88888888888889,0.9902173321575406,22,0.1,90059892.0,365,660.0,0.0,0.5,0.2777777777777778,0.8888888888888888,0,1,5.2,Days of Thunder,2025-09,0.14203440646330515,0.18172806562530974,5.502727366623812
18632,2025-09-06,1800.0,0,26.0,5564,39,11,2,0.2872340425531915,0.5106382978723404,0.6119784470848301,12.74832924327654,13.351134846461948,0.8613292228435386,4,0.3,8783000.0,365,100.0,0.1694528875379939,0.4369300911854103,0.1403508771929824,0.3450292397660818,1,0,36.8,Valentino,2025-09,0.15075394014517465,0.12721275779517527,7.860846799737616
18623,2025-09-06,2560.0,0,26.0,7114,5,3,1,0.2,0.5,0.6188383838383839,12.28342999256773,13.089005235602093,0.8939608091500294,11,0.0,2474000.0,365,660.0,0.2183804819637778,0.4649004640023949,0.1564245810055866,0.3407821229050279,2,0,22.9,Ginevra,2025-09,0.08385225757956505,0.1072860368673165,9.320877433814864
18635,2025-09-13,1800.0,0,21.0,7176,719,3,0,0.3333333333333333,0.6666666666666666,0.7640652557319224,12.488341115675038,13.10615989515072,0.9291418647228058,14,0.0,2965000.0,360,100.0,0.1571946795646916,0.4026602176541717,0.1441441441441441,0.4504504504504504,1,0,1.0,Get Lucky,2025-09,0.1504486451546351,0.36356763023836436,2.750519894591205
18635,2025-09-13,1800.0,0,21.0,6929,148,4,1,0.1666666666666666,0.5,0.6268202861952862,12.711949837340304,13.351134846461948,0.934482437352072,14,0.1,3275000.0,365,100.0,0.1294427380430013,0.4023694602896007,0.1082251082251082,0.3939393939393939,5,0,4.0,Fendi,2025-09,0.140435462196668,0.33937020928166844,2.946634597411071
18635,2025-09-13,1800.0,0,21.0,6912,1791,4,1,0.3571428571428571,0.5,0.5815476190476191,12.703617328717405,13.089005235602093,0.9334586466165414,6,0.4,2638717.0,365,100.0,0.1618497109826589,0.3815028901734104,0.2152466367713004,0.5381165919282511,0,1,4.0,Fiona TIM,2025-09,0.1229278842608134,0.2970621604799672,3.366298819022547
18634,2025-09-13,1800.0,0,22.0,7065,148,3,0,0.3333333333333333,0.6666666666666666,0.632996632996633,12.747562510328349,12.88659793814433,0.985614467735306,13,0.3333333333333333,675000.0,223,100.0,0.1294427380430013,0.4023694602896007,0.1082251082251082,0.3939393939393939,4,1,3.0,Greenback,2025-09,0.10822381575902303,0.167175185914918,5.981748992993129
18636,2025-09-13,1900.0,0,22.0,6525,1463,8,0,0.125,0.5357142857142857,0.6717603329210472,12.857633159590044,13.642564802182813,0.958258244511508,4,0.1,6024290.0,365,0.0,0.1467661691542288,0.4253731343283582,0.1179487179487179,0.2871794871794871,1,0,3.4,Big Ben Pax,2025-09,0.15397769461075464,0.23441948214526892,4.265857047582349
18636,2025-09-13,1900.0,0,22.0,5228,449,12,2,0.219047619047619,0.4952380952380952,0.621664948807806,12.697520599786108,13.26259946949602,0.8396436525612474,3,0.5,11647000.0,365,0.0,0.1885813148788927,0.5017301038062284,0.1403508771929824,0.3450292397660818,0,0,1.7,Uptown Boy M,2025-09,0.19726557036240897,0.3003220236953539,3.3297591288689445
18636,2025-09-13,1900.0,0,22.0,7124,1398,4,2,0.0952380952380952,0.3333333333333333,0.4701642273070844,12.567717967843942,13.03780964797914,0.9241621192391388,6,0.2,990000.0,336,0.0,0.1805555555555555,0.5,0.1196172248803827,0.3397129186602871,0,0,6.8,Fess Fiú,2025-09,0.17190754413604736,0.26171633219414703,3.8209308208483437
18636,2025-09-13,1900.0,0,22.0,5325,2260,12,2,0.1374045801526717,0.3587786259541984,0.5443144641617924,12.458601904293436,13.157894736842104,0.8681584936097093,3,0.3,8080000.0,365,0.0,0.26,0.6,0.1236363636363636,0.4109090909090909,1,1,2.2,Ultimate Force,2025-09,0.13369602461655936,0.20354216196523017,4.912987021189368
18634,2025-09-13,1800.0,0,22.0,7188,1380,3,2,0.1818181818181818,0.3636363636363636,0.4124196510560147,12.058227138015706,12.755102040816324,0.9098861522297104,5,0.2,460000.0,350,100.0,0.1139896373056994,0.3005181347150259,0.2441471571906354,0.4816053511705686,0,0,6.1,Győcike,2025-09,0.08304003501931827,0.12827336751502794,7.795850529010587
18634,2025-09-13,1800.0,0,22.0,7330,2271,5,1,0.1111111111111111,0.2222222222222222,0.3198933782267115,12.585255325297345,13.020833333333334,0.9709228824273072,0,0.6,715000.0,365,100.0,0.2228571428571428,0.4628571428571428,0.1811320754716981,0.4981132075471698,3,0,2.0,Emilia Adri,2025-09,0.20409629742304483,0.3152710540369135,3.1718738120592413
18634,2025-09-13,1800.0,0,22.0,7425,138,4,1,0.0,0.1666666666666666,0.212962962962963,12.56673119532028,12.722646310432571,0.9916980272293082,0,0.0,545863.0,365,100.0,0.1282722513089005,0.3765606121627064,0.0625,0.1875,0,0,6.1,Vikens Lagunitas,2025-09,0.02974331130584081,0.04594500353185576,21.765152315347077
18634,2025-09-13,1800.0,0,22.0,7106,1076,3,2,0.0,0.25,0.5589616402116402,12.361547049913682,12.804097311139566,0.9496504323293524,5,0.0,630000.0,360,100.0,0.1135940409683426,0.3705772811918063,0.1196172248803827,0.3397129186602871,6,0,6.1,Gentleman Jack,2025-09,0.15193061282237372,0.23468982558610385,4.260943129948837
18634,2025-09-13,1800.0,0,22.0,7199,2024,3,1,0.0,0.25,0.3466329966329966,11.79815053138012,12.34567901234568,0.9266713962017432,6,0.2,520000.0,365,100.0,0.008695652173913,0.1043478260869565,0.0355555555555555,0.1377777777777777,1,0,6.1,Gingerly KJ,2025-09,0.07033362860480945,0.10864556341518113,9.204241467077424
18637,2025-09-14,1900.0,0,18.0,7370,1492,4,2,0.0,0.2,0.5380278980278981,12.644458706999467,12.97016861219196,0.974231280111626,7,0.1,822669.0,365,0.0,0.095389507154213,0.3577106518282988,0.1058823529411764,0.3294117647058823,0,0,6.1,Another Star,2025-09,0.08630894372860591,0.12566942426881703,7.957385066560975
18637,2025-09-14,1900.0,0,18.0,7034,32,4,2,0.064516129032258,0.3870967741935484,0.5085055625378206,12.27114745168236,13.020833333333334,0.8539252716947234,5,0.3,1470000.0,365,0.0,0.063639172072907,0.2808155699721965,0.1123595505617977,0.4089887640449438,5,0,4.5,Formula,2025-09,0.08013560995459557,0.11668079264289209,8.570390870248493
18637,2025-09-14,1900.0,0,18.0,7105,1408,3,2,0.1666666666666666,0.3333333333333333,0.5099206349206349,12.42618043459409,12.953367875647668,0.9245270734639992,15,0.0,1608000.0,365,0.0,0.1299303944315545,0.3967517401392111,0.1196172248803827,0.3397129186602871,1,0,9.1,Gomez de Boko,2025-09,0.1229278842608134,0.17898813001600988,5.586962665683771
18637,2025-09-14,1900.0,0,18.0,6936,138,4,0,0.0833333333333333,0.4166666666666667,0.4996031746031746,12.289958030245288,12.87001287001287,0.9202206480028956,4,0.2,1430000.0,365,0.0,0.128220611916264,0.376610305958132,0.1058823529411764,0.3294117647058823,3,1,6.1,Aaron LV,2025-09,0.0896405279636383,0.13052034996240564,7.661640505009636
18638,2025-09-14,1900.0,0,18.0,5907,2144,9,1,0.075268817204301,0.2795698924731182,0.4545978215333054,12.2988161284025,12.836970474967906,0.8666481041481042,10,0.4,3401000.0,365,0.0,0.0389610389610389,0.1688311688311688,0.1236363636363636,0.4109090909090909,3,0,4.4,Always Winner,2025-09,0.04427299275994301,0.08733796257657693,11.44977476573502
18638,2025-09-14,1900.0,0,18.0,6438,898,6,0,0.1162790697674418,0.2790697674418604,0.5297233128628477,12.475850695370193,12.9366106080207,0.9340275413560296,15,0.0,2974000.0,365,0.0,0.0995260663507109,0.3151658767772511,0.1179487179487179,0.2871794871794871,0,0,2.2,Danny DeVito,2025-09,0.06229101121425629,0.12288236387783,8.137864282902328
18638,2025-09-14,1900.0,0,18.0,5925,1064,9,1,0.1,0.3111111111111111,0.560600048100048,12.413492227913828,12.853470437017997,0.9265608843277726,8,0.0,4406640.0,365,0.0,0.0963364993215739,0.2727272727272727,0.0833333333333333,0.2794117647058823,3,0,8.8,Anikó,2025-09,0.10831904038786888,0.21368251175208322,4.679840160060506
18637,2025-09-14,1900.0,0,18.0,6983,2271,4,1,0.1578947368421052,0.3157894736842105,0.4534670008354218,12.328873172635806,12.903225806451612,0.937453726059,11,0.2,1045000.0,365,0.0,0.2215909090909091,0.4659090909090909,0.1153846153846153,0.2788461538461538,5,0,4.5,Fondorlat,2025-09,0.1570265938838323,0.22863727437477807,4.373740033135709
18638,2025-09-14,1900.0,0,18.0,6786,27,5,2,0.2666666666666666,0.4333333333333333,0.5366919191919192,12.494627208709712,13.003901170351105,0.9150492670543464,12,0.3,2257000.0,365,0.0,0.0618124672603457,0.2315348349921424,0.1376146788990825,0.3990825688073394,4,0,4.4,Enrico Fling,2025-09,0.16373049467802048,0.32299347582780824,3.0960377680604054
18638,2025-09-14,1900.0,0,18.0,6119,39,8,1,0.1269841269841269,0.3809523809523809,0.5636604136604136,12.55652696897594,13.280212483399737,0.919754686048191,9,0.2,4230000.0,365,0.0,0.1693242217160212,0.4365983295368261,0.1376146788990825,0.3990825688073394,2,1,4.4,Firefly Shadow,2025-09,0.12830225626627603,0.25310368596570165,3.950949968130891
18637,2025-09-14,1900.0,0,18.0,7136,1791,4,2,0.0952380952380952,0.5238095238095238,0.4862244897959183,12.545320764962572,12.953367875647668,0.9433342602007097,8,0.2,1325000.0,365,0.0,0.1704545454545454,0.3920454545454545,0.2152466367713004,0.5381165919282511,3,0,1.6,First Home,2025-09,0.15075394014517465,0.21950402873509722,4.555725039592891
18638,2025-09-14,1900.0,0,18.0,6927,23,4,2,0.08,0.36,0.4928917748917749,12.298652111603296,12.78772378516624,0.9137354954875132,10,0.1,1030000.0,365,0.0,0.082221617206643,0.3185407024230874,0.0780141843971631,0.3333333333333333,0,0,4.4,Fast Track,2025-09,0.0,0.0,inf
18640,2025-09-14,1900.0,0,18.0,4788,33,14,2,0.1728395061728395,0.4876543209876543,0.6099887766554433,12.53293517625651,13.14060446780552,0.8871785724942964,2,0.3,11878000.0,365,0.0,0.1038836808876984,0.3369045341496078,0.1123595505617977,0.4089887640449438,5,0,6.9,Szilvás,2025-09,0.13037939369678497,0.14579335248218858,6.859023288610974
18639,2025-09-14,2500.0,0,18.0,6305,1778,7,2,0.1379310344827586,0.3793103448275862,0.4728162163506991,12.613400300081672,13.020833333333334,0.9122179204632224,10,0.4,3376000.0,365,600.0,0.0384615384615384,0.2019230769230769,0.1236363636363636,0.4109090909090909,1,0,2.4,Csikós,2025-09,0.1153510610262553,0.18055630396223976,5.53843858151379
18640,2025-09-14,1900.0,0,18.0,6920,2403,4,2,0.2608695652173913,0.4782608695652174,0.6067272099880795,12.603311834800913,12.97016861219196,0.940024015069958,22,0.1,1916000.0,365,0.0,0.0963855421686747,0.253012048192771,0.1564245810055866,0.3407821229050279,1,1,5.1,Fliegauf,2025-09,0.2324266086022059,0.2599049858521983,3.847559894709661
18639,2025-09-14,2500.0,0,18.0,6953,2449,5,0,0.1428571428571428,0.1428571428571428,0.2791834157905586,12.423383012258292,12.722646310432571,0.9713141574059064,15,0.5,880000.0,365,600.0,0.0909090909090909,0.1818181818181818,0.1811320754716981,0.4981132075471698,1,0,6.7,Eposz,2025-09,0.07680402571956317,0.12021953582367768,8.318115630280502
18639,2025-09-14,2500.0,0,18.0,5247,1023,12,0,0.1327433628318584,0.4424778761061947,0.5993436258922985,12.467239094319106,12.953367875647668,0.9297124856905264,17,0.2,7174000.0,365,600.0,0.0769230769230769,0.2461538461538461,0.1179487179487179,0.2871794871794871,0,0,5.6,Universal Boy,2025-09,0.07257829730709393,0.11360510248500207,8.802421529719743
18639,2025-09-14,2500.0,0,18.0,6435,2539,6,1,0.0816326530612244,0.4081632653061224,0.5036693465264893,12.546558656908426,12.9366106080207,0.9401278145315196,7,0.3,2792000.0,365,600.0,0.0,1.0,0.1196172248803827,0.3397129186602871,0,0,2.4,Ducks,2025-09,0.06662855669856071,0.10429211338673716,9.588452736515071
18639,2025-09-14,2500.0,0,18.0,6358,2467,7,2,0.0363636363636363,0.3454545454545454,0.5064521841794569,12.33427459576482,12.78772378516624,0.9147846891281032,5,0.0,2772000.0,365,600.0,0.0,0.2,0.0833333333333333,0.2794117647058823,1,0,11.2,Calvin,2025-09,0.07789094125231107,0.12192085915409281,8.20204193882955
18639,2025-09-14,2500.0,0,18.0,4968,1758,13,0,0.1525423728813559,0.3983050847457627,0.5558307041357889,12.405820159628828,12.903225806451612,0.8881702197554802,10,0.1,7548000.0,365,600.0,0.136,0.408,0.1179487179487179,0.2871794871794871,2,1,3.7,Titus Livius,2025-09,0.1356745312611262,0.21236815412337223,4.7088039359190565
18640,2025-09-14,1900.0,0,18.0,6262,39,8,2,0.072463768115942,0.1884057971014492,0.4287967668402451,12.316440958007153,12.9366106080207,0.8956212030899304,3,0.3,2783000.0,365,0.0,0.1693242217160212,0.4365983295368261,0.1376146788990825,0.3990825688073394,3,0,8.2,Bronz Boy,2025-09,0.17247060934702554,0.19286075528029392,5.185088062870289
18640,2025-09-14,1900.0,0,18.0,6854,1076,5,1,0.0930232558139534,0.4418604651162791,0.5652094030001007,12.481727266705906,13.003901170351105,0.9332263565290698,9,0.0,2520000.0,365,0.0,0.1133828996282527,0.3698884758364312,0.1196172248803827,0.3397129186602871,2,0,1.5,Elegáns Hölgy,2025-09,0.15075394014517465,0.1685766570197372,5.932019401018959
18640,2025-09-14,1900.0,0,18.0,5531,23,11,1,0.1322314049586777,0.4380165289256198,0.5979332880159327,12.669190238102116,13.227513227513228,0.8965304900166179,5,0.3,8666000.0,365,0.0,0.082221617206643,0.3185407024230874,0.0930232558139534,0.3255813953488372,5,0,5.1,Very Nice Photo,2025-09,0.10344227155049641,0.11567161903508437,8.645162991076402
18640,2025-09-14,1900.0,0,18.0,5795,32,10,1,0.1428571428571428,0.5824175824175825,0.6901598401598401,12.657505257797686,13.03780964797914,0.9305370779767882,9,0.0,7365000.0,365,0.0,0.063639172072907,0.2808155699721965,0.1123595505617977,0.4089887640449438,0,0,5.9,Zara Mia,2025-09,0.10480247437953949,0.11719263033049766,8.532959770421371
18639,2025-09-14,2500.0,0,18.0,6709,1380,5,2,0.0263157894736842,0.2894736842105263,0.509035847193742,12.289978855901053,12.97016861219196,0.9137672613233944,3,0.0,1535000.0,365,600.0,0.1134020618556701,0.2989690721649484,0.1564245810055866,0.3407821229050279,0,0,6.7,Eccelenza,2025-09,0.09393735354145367,0.14703793106487825,6.80096620482755
18649,2025-09-20,1900.0,0,28.0,6080,946,8,1,0.1587301587301587,0.3968253968253968,0.5898749398749399,12.445375034923142,12.82051282051282,0.9368667577956744,13,0.1,4543000.0,365,0.0,0.125,0.35,0.1058823529411764,0.3294117647058823,0,0,6.8,Boszi,2025-09,0.09131622066100438,0.12221855665056129,8.18206357042106
18646,2025-09-20,1960.0,0,28.0,7186,860,3,1,0.2727272727272727,0.3636363636363636,0.5113636363636364,12.563780345237872,12.903225806451612,0.9537792098882902,17,0.1,1953000.0,365,60.0,0.1604204753199268,0.4209323583180987,0.2441471571906354,0.4816053511705686,1,0,11.0,Gina Fling,2025-09,0.14472014705340067,0.10595696510253792,9.437793910313195
18649,2025-09-20,1900.0,0,28.0,6435,1756,6,1,0.08,0.4,0.505024531024531,12.537695667716472,12.9366106080207,0.9401278145315196,7,0.3,2832000.0,365,0.0,0.0,0.25,0.1196172248803827,0.3397129186602871,0,0,13.6,Ducks,2025-09,0.09393735354145367,0.1257267075039249,7.953759546027898
18649,2025-09-20,1900.0,0,28.0,7099,839,4,1,0.0625,0.4375,0.5297280844155844,12.3533780575376,12.836970474967906,0.9278963247019726,5,0.0,800000.0,365,0.0,0.0508474576271186,0.1694915254237288,0.1376146788990825,0.3990825688073394,0,0,3.4,Fizető,2025-09,0.09614982455968857,0.12868790117272222,7.770738281431918
18646,2025-09-20,1960.0,0,28.0,7255,1509,5,2,0.5,0.9285714285714286,0.8902417027417028,12.873435912622485,13.10615989515072,0.9815165104800184,20,0.0,2561464.0,365,60.0,0.1556603773584905,0.4622641509433962,0.1811320754716981,0.4981132075471698,3,1,1.5,Top Hill,2025-09,0.23176924884319305,0.16969003080447445,5.893098111062583
18646,2025-09-20,1960.0,0,28.0,6943,255,5,1,0.3636363636363636,0.5,0.5725091827364555,12.543668919527546,13.003901170351105,0.9054277181531576,10,0.3,2413000.0,365,60.0,0.375615763546798,0.6742610837438424,0.4126984126984127,0.7936507936507936,5,0,5.2,Elizabeth Boss,2025-09,0.20387582977612814,0.1492678429415164,6.69936659024277
18646,2025-09-20,1960.0,0,28.0,6987,719,4,2,0.1666666666666666,0.5416666666666666,0.5821819384319384,12.743568461969948,13.10615989515072,0.9576527545245676,12,0.0,2903000.0,365,60.0,0.1570048309178744,0.4033816425120773,0.1441441441441441,0.4504504504504504,2,0,6.3,Fabrice,2025-09,0.17247060934702554,0.12627448705571792,7.919256085029714
18646,2025-09-20,1960.0,0,28.0,7370,138,4,2,0.0,0.1875,0.5294011544011544,12.63378776032393,12.97016861219196,0.974231280111626,7,0.1,870669.0,365,60.0,0.1283960555443751,0.3767357617226806,0.1058823529411764,0.3294117647058823,5,0,8.8,Another Star,2025-09,0.15193061282237372,0.11123611306784652,8.989886219685395
18646,2025-09-20,1960.0,0,28.0,6727,635,6,0,0.0888888888888888,0.3333333333333333,0.4172486772486772,12.40977353865996,13.0718954248366,0.8795989564936579,4,0.2,2245000.0,365,60.0,0.2031724603442457,0.4535943300708741,0.1335740072202166,0.296028880866426,5,0,22.1,Västerbo No Edge,2025-09,0.13037939369678497,0.09545737168801252,10.475880304648902
18648,2025-09-20,1900.0,0,28.0,5925,1064,9,1,0.0989010989010989,0.3076923076923077,0.5607190428619,12.413765471929109,12.853470437017997,0.9265608843277726,8,0.0,4446640.0,365,0.0,0.0962059620596205,0.2723577235772357,0.0833333333333333,0.2794117647058823,2,0,23.6,Anikó,2025-09,0.12294008210301399,0.12452214063047039,8.030700363299902
18646,2025-09-20,1960.0,0,28.0,6262,39,8,2,0.0714285714285714,0.1857142857142857,0.4226710987425273,12.317508755609923,12.9366106080207,0.8956212030899304,3,0.3,2783000.0,365,60.0,0.1695751138088012,0.4366464339908953,0.1376146788990825,0.3990825688073394,2,0,44.2,Bronz Boy,2025-09,0.16194134205579758,0.11856547604621231,8.434158351544408
18646,2025-09-20,1960.0,0,28.0,7394,110,4,0,0.0909090909090909,0.3636363636363636,0.4810606060606061,13.009993180661237,13.26259946949602,0.9784340398569272,10,0.2,2911890.0,365,60.0,0.1639850121225479,0.4126074498567335,0.1144578313253012,0.3313253012048193,1,0,5.2,Furio Ferm,2025-09,0.08630894372860591,0.06319115841773126,15.824998702973655
18648,2025-09-20,1900.0,0,28.0,6305,1778,7,2,0.135593220338983,0.3728813559322034,0.4648023821752635,12.601612793806895,13.020833333333334,0.9122179204632224,10,0.4,3376000.0,365,0.0,0.0380952380952381,0.2,0.1236363636363636,0.4109090909090909,0,1,17.7,Csikós,2025-09,0.09393735354145367,0.09514618949368947,10.51014239583735
18648,2025-09-20,1900.0,0,28.0,5907,2144,9,1,0.0744680851063829,0.2765957446808511,0.449761674495717,12.2988161284025,12.836970474967906,0.8666481041481042,10,0.4,3401000.0,365,0.0,0.0384615384615384,0.1666666666666666,0.1236363636363636,0.4109090909090909,2,0,12.9,Always Winner,2025-09,0.042028324057658516,0.04256916694089659,23.491180867795908
18648,2025-09-20,1900.0,0,28.0,5904,23,9,1,0.0947368421052631,0.3684210526315789,0.5471766537556011,12.52046682500429,13.003901170351105,0.907123451930019,6,0.5,5352000.0,365,0.0,0.0821768707482993,0.3183673469387755,0.0780141843971631,0.3333333333333333,1,0,6.7,Australian Gold,2025-09,0.07983854661385219,0.08086595160113967,12.366143972834998
18648,2025-09-20,1900.0,0,28.0,6695,1492,5,1,0.032258064516129,0.3870967741935484,0.4702311129730484,12.404365180478418,12.755102040816324,0.9411978052976736,11,0.0,1533000.0,365,0.0,0.0950871632329635,0.3565768621236133,0.1058823529411764,0.3294117647058823,1,0,35.5,Ékszer K,2025-09,0.10704714308182399,0.10842468279593073,9.22299216574264
18648,2025-09-20,1900.0,0,28.0,6995,1409,4,0,0.0,0.2285714285714285,0.4632570603999175,12.157958272767935,12.836970474967906,0.9023155107638124,6,0.3,1036000.0,365,0.0,0.0794044665012407,0.3325062034739454,0.1082251082251082,0.3939393939393939,2,0,3.2,Fany,2025-09,0.06651673962672551,0.0673727124985907,14.842804496270178
18648,2025-09-20,1900.0,0,28.0,6982,635,4,0,0.1578947368421052,0.2631578947368421,0.4556694767221083,12.17124910407898,12.722646310432571,0.9140251234440948,11,0.3,590000.0,365,0.0,0.2031724603442457,0.4535943300708741,0.1335740072202166,0.296028880866426,2,0,20.3,Farkasfog,2025-09,0.1462229167421659,0.14810459120003433,6.751985147100343
18649,2025-09-20,1900.0,0,28.0,6854,2094,5,1,0.0909090909090909,0.4318181818181818,0.5569091892955529,12.480279290650817,13.003901170351105,0.9332263565290698,9,0.0,2550000.0,365,0.0,0.0,0.5,0.2,0.6,0,0,3.4,Elegáns Hölgy,2025-09,0.07911121100187302,0.10588324783414857,9.444364622875579
18646,2025-09-20,1960.0,0,28.0,7247,1638,4,1,0.1333333333333333,0.4666666666666667,0.6221548821548822,12.393292478214647,12.88659793814433,0.9544333801918452,16,0.0,852000.0,365,60.0,0.043010752688172,0.2688172043010752,0.1082251082251082,0.3939393939393939,0,0,88.4,Fancy Jet,2025-09,0.08244279523690541,0.060360554875950836,16.567110790401717
18649,2025-09-20,1900.0,0,28.0,6153,765,8,2,0.175438596491228,0.3333333333333333,0.5052720184299132,12.425585915911276,12.9366106080207,0.9349530889517428,6,0.2,2898000.0,365,0.0,0.1341463414634146,0.4268292682926829,0.1058823529411764,0.3294117647058823,0,0,6.8,Bing Crosby AT,2025-09,0.1384193350871404,0.18526184312515134,5.397765579415414
18649,2025-09-20,1900.0,0,28.0,6696,662,5,1,0.0769230769230769,0.358974358974359,0.537008362008362,12.427460706219952,12.88659793814433,0.8924590797222147,10,0.2,1978000.0,365,0.0,0.0261780104712041,0.1361256544502617,0.1179487179487179,0.2871794871794871,1,0,27.2,Édes K,2025-09,0.10912614067395528,0.14605553437794047,6.846710768332482
18648,2025-09-20,1900.0,0,28.0,5721,615,10,2,0.0666666666666666,0.3555555555555555,0.5538403880070547,12.435469341142944,12.903225806451612,0.9334754569776736,8,0.3,4269000.0,365,0.0,0.1114457831325301,0.3604417670682731,0.1441441441441441,0.4504504504504504,2,0,2.3,Zippy Boy,2025-09,0.08385225757956505,0.08493131313964726,11.77422040273606
18650,2025-09-20,1980.0,0,27.0,7079,23,3,0,0.0,0.4166666666666667,0.3534722222222222,11.928361219905527,12.531328320802006,0.8417721518987341,3,0.6,185000.0,322,80.0,0.0821768707482993,0.3183673469387755,0.0780141843971631,0.3333333333333333,6,1,4.6,Griff Grand Laser,2025-09,0.10988895719250043,0.09550570410980606,10.470578792343826
18650,2025-09-20,1980.0,0,27.0,7106,1076,3,2,0.0,0.2307692307692307,0.571908646908647,12.375816618605777,12.804097311139566,0.9496504323293524,5,0.0,670000.0,365,80.0,0.1131725417439703,0.3692022263450835,0.1196172248803827,0.3397129186602871,5,0,5.1,Gentleman Jack,2025-09,0.10105021049578984,0.08782385191751702,11.386428380973163
18649,2025-09-20,1900.0,0,28.0,5960,2517,9,1,0.1739130434782608,0.4347826086956521,0.6181263985611812,12.648805860093512,13.245033112582782,0.9143254789563224,16,0.1,7655400.0,365,0.0,0.05,0.15,0.1236363636363636,0.4109090909090909,0,0,3.0,Ann Bella M,2025-09,0.06651673962672551,0.08902667950373507,11.232587866629864
18650,2025-09-20,1980.0,0,27.0,7194,33,3,1,0.0,0.125,0.3354166666666667,11.94629244253685,12.31527093596059,0.9630616909649524,6,0.0,165000.0,350,80.0,0.1038638102524866,0.3370313695485845,0.1123595505617977,0.4089887640449438,7,0,21.9,Gyémánt Lady,2025-09,0.08208321531613667,0.07133942731508117,14.017494079162587
18650,2025-09-20,1980.0,0,27.0,7193,32,3,1,0.0625,0.4375,0.5260551948051948,12.341041500877528,12.804097311139566,0.93542174094845,12,0.0,520000.0,365,80.0,0.0635802469135802,0.2811728395061728,0.1123595505617977,0.4089887640449438,5,0,87.7,Grazia,2025-09,0.11130228141943614,0.09673403977589567,10.337622643659936
18650,2025-09-20,1980.0,0,27.0,7244,635,3,1,0.0,0.5,0.2023809523809524,11.549626391520905,11.77856301531213,0.9805632806401248,5,0.25,0.0,350,80.0,0.2031724603442457,0.4535943300708741,0.1335740072202166,0.296028880866426,4,0,29.2,Coco,2025-09,0.15105914572874704,0.13128716882604458,7.6168905837629834
18650,2025-09-20,1980.0,0,27.0,7010,39,8,1,0.1428571428571428,0.4285714285714285,0.5438672438672439,12.278011362621804,12.77139208173691,0.9377679081987116,8,0.2,738000.0,365,80.0,0.1695751138088012,0.4366464339908953,0.15,0.4375,1,0,8.7,Blanka BBM,2025-09,0.11127287149429321,0.09670847928573949,10.340354924260078
18650,2025-09-20,1980.0,0,27.0,7325,138,3,0,0.0,1.0,0.4166666666666667,11.70544821179674,12.254901960784316,0.955164574082614,8,0.0,60000.0,111,80.0,0.1283960555443751,0.3767357617226806,0.1058823529411764,0.3294117647058823,1,0,1.9,Great Fille,2025-09,0.10881814733147621,0.09457505145500208,10.57361306830259
18650,2025-09-20,1980.0,0,27.0,7414,69,4,1,0.5,0.5,0.55,11.547344110854503,11.547344110854503,1.0,5,0.5,0.0,170,80.0,0.0732662192393736,0.256152125279642,0.1196172248803827,0.3397129186602871,4,0,87.7,Fusion,2025-09,0.08385225757956505,0.07287692144811551,13.72176513674424
18650,2025-09-20,1980.0,0,27.0,7349,2237,3,1,0.0,0.5,0.0999999999999999,11.897785214188444,11.933174224343675,0.9970344009489918,3,0.0,0.0,77,80.0,0.2462686567164179,0.4776119402985074,0.1058823529411764,0.3294117647058823,0,0,21.9,Torra LV,2025-09,0.1504486451546351,0.13075657604693702,7.647798911781194
18650,2025-09-20,1980.0,0,27.0,6966,2125,5,2,0.0476190476190476,0.2857142857142857,0.4341304198447056,12.284954896199356,12.626262626262626,0.948114991804312,3,0.5,598632.0,365,80.0,0.0240963855421686,0.144578313253012,0.0,0.0,5,0,43.8,Eagle GG,2025-09,0.03926712088286877,0.0341274876393057,29.301893258860012
18650,2025-09-20,1980.0,0,27.0,7200,1854,3,1,0.0,0.0909090909090909,0.2602157943067034,11.952722531266144,12.285012285012284,0.9513941892802876,4,0.0,96000.0,365,80.0,0.0364963503649635,0.1532846715328467,0.0355555555555555,0.1377777777777777,2,0,87.7,Icibell BD,2025-09,0.03926712088286877,0.0341274876393057,29.301893258860012
18649,2025-09-20,1900.0,0,28.0,6438,1975,6,0,0.1136363636363636,0.2954545454545454,0.5339179128951856,12.475679408414202,12.9366106080207,0.9340275413560296,15,0.0,3034000.0,365,0.0,0.0,0.15,0.1179487179487179,0.2871794871794871,0,1,6.8,Danny DeVito,2025-09,0.07257829730709393,0.09713952983181613,10.294470250487766
18650,2025-09-20,1980.0,0,27.0,7309,1380,3,1,0.1,0.3,0.4829437229437229,12.002781822696544,12.61034047919294,0.9441149773863884,11,0.0,428000.0,280,80.0,0.1128205128205128,0.3025641025641025,0.1144578313253012,0.3313253012048193,0,0,3.9,Goldina Amok,2025-09,0.06229101121425629,0.05413780454124996,18.471380737984237
18648,2025-09-20,1900.0,0,28.0,5610,2125,11,2,0.1145833333333333,0.3958333333333333,0.5407704274891775,12.44162252777961,12.903225806451612,0.910793666045464,7,0.0,5239000.0,365,0.0,0.0240963855421686,0.144578313253012,0.0,0.0,0,0,20.3,Winoc SB,2025-09,0.047078829258680344,0.04768466473574591,20.97110267088381
18648,2025-09-20,1900.0,0,28.0,6003,39,9,1,0.1486486486486486,0.4054054054054054,0.5606050856050856,12.665720746341725,13.123359580052494,0.937007639440624,14,0.2,4584000.0,365,0.0,0.1695751138088012,0.4366464339908953,0.15,0.4375,2,0,3.8,Ambrosia Gielle,2025-09,0.13909892737865448,0.1408889265429225,7.097789901148442
18648,2025-09-20,1900.0,0,28.0,6919,1854,4,1,0.1363636363636363,0.3181818181818182,0.5208021776203595,12.415714762023647,12.755102040816324,0.9625855158983748,15,0.0,1110000.0,365,0.0,0.0364963503649635,0.1532846715328467,0.0355555555555555,0.1377777777777777,5,0,35.5,Fermina Daza,2025-09,0.058733842025200524,0.0594896604209324,16.809643775477557
18645,2025-09-20,1800.0,0,28.0,6731,255,6,1,0.65625,0.875,0.8382440476190476,12.85429591986262,13.315579227696404,0.9360686025657868,22,0.2,7384000.0,365,100.0,0.375615763546798,0.6742610837438424,0.4126984126984127,0.7936507936507936,4,0,2.3,Daytona Spav,2025-09,0.3950915038585663,0.3725119963460095,2.684477304916498
18645,2025-09-20,1800.0,0,28.0,6954,860,6,0,0.2926829268292683,0.5121951219512195,0.6263259775454898,13.089236057864106,13.531799729364003,0.963734577608923,20,0.2,13627180.0,365,100.0,0.1604204753199268,0.4209323583180987,0.2441471571906354,0.4816053511705686,0,0,1.5,Palace Bo,2025-09,0.09823394442598025,0.0926198675235609,10.796819588903183
18645,2025-09-20,1800.0,0,28.0,5570,27,11,2,0.1696428571428571,0.4553571428571428,0.6425801381158525,12.633663855101812,13.280212483399737,0.8866357367157448,5,0.1,10089000.0,365,100.0,0.0617801047120418,0.2319371727748691,0.1403508771929824,0.3450292397660818,1,0,48.5,Villeneuve,2025-09,0.1594696988662084,0.1503559942473824,6.65088216140348
18645,2025-09-20,1800.0,0,28.0,7003,28,4,0,0.1578947368421052,0.8421052631578947,0.7576023391812865,12.94485646404977,13.280212483399737,0.9546915218701332,14,0.1,10141711.0,365,100.0,0.14185733512786,0.3970390309555854,0.0780141843971631,0.3333333333333333,4,0,8.5,Friday Night,2025-09,0.10169685631990433,0.09588487375674423,10.429173662333401
18645,2025-09-20,1800.0,0,28.0,7081,138,4,1,0.1818181818181818,0.3636363636363636,0.5379394595303686,12.3970724349337,13.0718954248366,0.8963226749252461,7,0.0,1431000.0,365,100.0,0.1283960555443751,0.3767357617226806,0.1058823529411764,0.3294117647058823,0,0,17.4,Fancy,2025-09,0.06661663763225079,0.06280949205916568,15.92116043635592
18644,2025-09-20,2500.0,0,28.0,7171,1076,7,2,0.0344827586206896,0.4137931034482758,0.5351532567049809,12.761347782718389,13.297872340425531,0.9778093513101728,3,0.0,5366660.0,365,600.0,0.1131725417439703,0.3692022263450835,0.1144578313253012,0.3313253012048193,0,1,1.9,Peter Piper,2025-09,0.14203440646330515,0.17022054543516738,5.874731498735999
18644,2025-09-20,2500.0,0,28.0,5962,110,10,2,0.2040816326530612,0.4387755102040816,0.5875404923874312,12.633359076865045,13.245033112582782,0.8954181902751766,7,0.0,8138000.0,365,600.0,0.1639850121225479,0.4126074498567335,0.1144578313253012,0.3313253012048193,0,0,5.9,Zénó Boko,2025-09,0.08385225757956505,0.10049239037620976,9.951002222718913
18644,2025-09-20,2500.0,0,28.0,6163,33,8,2,0.1309523809523809,0.369047619047619,0.51828231292517,12.656836748383569,13.227513227513228,0.8867931688804555,2,0.3,5907000.0,365,600.0,0.1038638102524866,0.3370313695485845,0.1123595505617977,0.4089887640449438,2,0,4.4,Bombay,2025-09,0.18424075345198312,0.22080256696172476,4.528932855084724
18644,2025-09-20,2500.0,0,28.0,5325,2332,12,2,0.1439393939393939,0.3636363636363636,0.5477666273120818,12.459987530094836,13.157894736842104,0.8681584936097093,3,0.3,8380000.0,365,600.0,0.1666666666666666,0.2916666666666667,0.1236363636363636,0.4109090909090909,2,0,16.7,Ultimate Force,2025-09,0.09624453882376353,0.11534386844478911,8.669728295775544
18645,2025-09-20,1800.0,0,28.0,5906,23,9,1,0.1683168316831683,0.594059405940594,0.6775774005972026,12.72565768724788,13.386880856760374,0.8710076069205591,6,0.0,11490440.0,365,100.0,0.0821768707482993,0.3183673469387755,0.0780141843971631,0.3333333333333333,0,0,33.5,Anybody,2025-09,0.0974711279074351,0.09190064602324058,10.88131632662421
18644,2025-09-20,2500.0,0,28.0,6472,2403,6,2,0.1333333333333333,0.3555555555555555,0.5134038800705467,12.62033115464556,13.123359580052494,0.8985459415640789,10,0.0,6067000.0,365,600.0,0.1071428571428571,0.2619047619047619,0.1564245810055866,0.3407821229050279,4,0,5.2,Dumbledore,2025-09,0.1256545583407084,0.1505901843768843,6.640539050654757
18652,2025-09-20,1800.0,0,27.0,5228,27,12,2,0.2169811320754717,0.5,0.6214605624982983,12.696424193812714,13.26259946949602,0.8396436525612474,3,0.5,11719000.0,365,100.0,0.0617801047120418,0.2319371727748691,0.1403508771929824,0.3450292397660818,1,1,11.5,Uptown Boy M,2025-09,0.11127287149429321,0.10244131525912903,9.761686458929814
18652,2025-09-20,1800.0,0,27.0,6342,69,7,2,0.1290322580645161,0.4677419354838709,0.5739311315924219,12.6719558627638,13.14060446780552,0.9009068043951408,10,0.3,4631000.0,365,100.0,0.0732662192393736,0.256152125279642,0.1196172248803827,0.3397129186602871,1,0,6.9,Carlos Fox,2025-09,0.1229278842608134,0.11317128763362197,8.836163490843862
18652,2025-09-20,1800.0,0,27.0,5531,23,11,1,0.1311475409836065,0.4344262295081967,0.5963108840158021,12.666986625789464,13.227513227513228,0.8965304900166179,5,0.3,8714000.0,365,100.0,0.0821768707482993,0.3183673469387755,0.0930232558139534,0.3255813953488372,4,0,3.8,Very Nice Photo,2025-09,0.12410455693801244,0.1142545696147824,8.752385163863229
18652,2025-09-20,1800.0,0,27.0,5564,39,11,2,0.2842105263157894,0.5052631578947369,0.6055365686944635,12.747812589717022,13.351134846461948,0.8613292228435386,4,0.3,8783000.0,365,100.0,0.1695751138088012,0.4366464339908953,0.1403508771929824,0.3450292397660818,0,0,6.9,Valentino,2025-09,0.12782112260659537,0.117676157196946,8.497898162381126
18652,2025-09-20,1800.0,0,27.0,6330,860,7,0,0.074074074074074,0.4814814814814814,0.6188131313131313,12.562527312362583,13.020833333333334,0.905217393616989,13,0.0,4858000.0,365,100.0,0.1604204753199268,0.4209323583180987,0.1236363636363636,0.4109090909090909,4,0,34.6,Che Comandante,2025-09,0.10037555297215779,0.09240890010515798,10.821468482603258
18652,2025-09-20,1800.0,0,27.0,6442,1076,6,1,0.0526315789473684,0.2807017543859649,0.3968133718133718,12.372621441558485,12.87001287001287,0.8860845603238185,7,0.2,2322000.0,365,100.0,0.1131725417439703,0.3692022263450835,0.1196172248803827,0.3397129186602871,4,0,4.9,Dulcinea del Toboso,2025-09,0.08653747911254565,0.07966913283039737,12.551912697842933
18652,2025-09-20,1800.0,0,27.0,5831,1506,12,2,0.1214953271028037,0.4766355140186916,0.6638770886434437,12.724957677557995,13.531799729364003,0.9367595940032272,5,0.1,9976900.0,365,100.0,0.2575757575757575,0.5606060606060606,0.0789473684210526,0.4473684210526316,1,0,2.4,King's Call,2025-09,0.14857351779937744,0.13678146678208467,7.310931981692843
18652,2025-09-20,1800.0,0,27.0,5625,33,11,2,0.102803738317757,0.3925233644859813,0.5119489285377136,12.404501679572858,13.003901170351105,0.8409371362835787,8,0.2,5381000.0,365,100.0,0.1038638102524866,0.3370313695485845,0.1123595505617977,0.4089887640449438,6,0,4.9,Vanderle,2025-09,0.2645978977282842,0.2435971705778807,4.105137993301482
18644,2025-09-20,2500.0,0,28.0,6331,635,7,0,0.1964285714285714,0.5178571428571429,0.6282525510204081,12.83817474966912,13.368983957219251,0.93040529204466,15,0.0,7156400.0,365,600.0,0.2031724603442457,0.4535943300708741,0.1335740072202166,0.296028880866426,3,0,4.4,Charming Boy,2025-09,0.11607854316631953,0.13911384870112647,7.188356941719078
18645,2025-09-20,1800.0,0,28.0,6355,1791,7,1,0.5333333333333333,0.8666666666666667,0.8728306878306878,13.006978419327622,13.513513513513514,0.9362816059453142,25,0.0,6784560.0,365,100.0,0.1694915254237288,0.3898305084745763,0.2152466367713004,0.5381165919282511,0,1,6.1,Coach Degli Dei,2025-09,0.14203440646330515,0.13391713004389674,7.467304591072177
18644,2025-09-20,2500.0,0,28.0,6861,69,5,1,0.1515151515151515,0.4545454545454545,0.486281647645284,12.592346436369786,13.020833333333334,0.9320172537869386,17,0.3,2930519.0,365,600.0,0.0732662192393736,0.256152125279642,0.1196172248803827,0.3397129186602871,1,0,10.4,Emeli Sandé A.T.,2025-09,0.08630894372860591,0.10343659570409836,9.667758235786351
18647,2025-09-20,1800.0,0,28.0,7189,33,3,1,0.0,0.3333333333333333,0.3803872053872054,12.049557948178348,12.77139208173691,0.9045727922501547,3,0.1,367000.0,365,100.0,0.1038638102524866,0.3370313695485845,0.1123595505617977,0.4089887640449438,4,0,3.6,Galatea,2025-09,0.09393735354145367,0.13487017865627152,7.414537520177738
18651,2025-09-20,1800.0,0,28.0,7429,620,2,1,0.0,1.0,0.6666666666666667,11.389521640091116,11.389521640091116,1.0,3,0.0,0.0,28,100.0,0.1418439716312056,0.4397163120567376,0.0793650793650793,0.3968253968253968,3,0,33.4,Hippy Glory K,2025-09,0.060046342511971794,0.043026672272696846,23.241397653579718
18647,2025-09-20,1800.0,0,28.0,6953,2271,5,0,0.1379310344827586,0.1379310344827586,0.2744825098273374,12.402259980125496,12.722646310432571,0.9713141574059064,15,0.5,880000.0,365,100.0,0.2203389830508474,0.4632768361581921,0.1811320754716981,0.4981132075471698,0,0,6.4,Eposz,2025-09,0.1462229167421659,0.20993896635542633,4.763289147127654
18651,2025-09-20,1800.0,0,28.0,7354,2271,2,0,0.5,1.0,0.6785714285714286,11.971560558472229,12.150668286755772,0.9852594339622642,8,0.0,500000.0,91,100.0,0.2203389830508474,0.4632768361581921,0.1811320754716981,0.4981132075471698,0,0,2.8,Have a dream,2025-09,0.1504486451546351,0.10780514313006032,9.27599529081429
18651,2025-09-20,1800.0,0,28.0,7266,138,2,1,0.0,0.5,0.6071428571428572,11.978521864747425,12.150668286755772,0.985832349468713,3,0.0,240000.0,49,100.0,0.1283960555443751,0.3767357617226806,0.1058823529411764,0.3294117647058823,1,0,3.9,Hercegnő K,2025-09,0.10704714308182399,0.0767054603232799,13.036881543835838
18651,2025-09-20,1800.0,0,28.0,7310,69,2,2,0.5,0.5,0.7857142857142857,12.01253632619844,12.091898428053204,0.993436754176611,6,0.0,160000.0,49,100.0,0.0732662192393736,0.256152125279642,0.1196172248803827,0.3397129186602871,0,0,11.1,Hamidu,2025-09,0.06882392490903537,0.04931631699285193,20.27726442234004
18651,2025-09-20,1800.0,0,28.0,7461,1506,2,1,0.0,1.0,0.3333333333333333,11.32502831257078,11.32502831257078,1.0,2,0.0,0.0,14,100.0,0.2575757575757575,0.5606060606060606,0.1811320754716981,0.4981132075471698,0,0,10.3,Happy Lady VT,2025-09,0.18772918979326883,0.13451880643094044,7.433904793924723
18651,2025-09-20,1800.0,0,28.0,7421,32,2,2,0.0,0.5,0.1666666666666666,11.286681715575622,11.286681715575622,1.0,2,0.5,0.0,42,100.0,0.0635802469135802,0.2811728395061728,0.1123595505617977,0.4089887640449438,0,0,44.6,Hórusz Szeme,2025-09,0.11203056573867798,0.0802763704650598,12.456965782169348
18651,2025-09-20,1800.0,0,28.0,7256,23,2,0,0.0,0.5,0.3333333333333333,11.83431952662722,11.83431952662722,1.0,2,0.5,0.0,49,100.0,0.0821768707482993,0.3183673469387755,0.0780141843971631,0.3333333333333333,3,0,11.1,Hélium Boy,2025-09,0.07731158037980397,0.055398212326135746,18.05112399860276
18651,2025-09-20,1800.0,0,28.0,7415,1791,2,0,1.0,1.0,1.0,11.441647597254004,11.441647597254004,1.0,5,0.0,0.0,28,100.0,0.1694915254237288,0.3898305084745763,0.2152466367713004,0.5381165919282511,1,0,12.1,Hugo CD,2025-09,0.14015907297531763,0.100432070408812,9.956978840817158
18651,2025-09-20,1800.0,0,28.0,7293,2450,2,1,1.0,1.0,1.0,12.135922330097086,12.135922330097086,1.0,5,0.0,0.0,14,100.0,0.359375,0.65625,0.4215686274509804,0.7254901960784313,2,0,3.1,Harmatka R,2025-09,0.3196078489224116,0.22901748209933787,4.366478885512518
18647,2025-09-20,1800.0,0,28.0,6131,2100,8,2,0.0229885057471264,0.1954022988505747,0.4631271665754424,12.246566182915489,12.706480304955528,0.9217319384704712,1,0.3,2937000.0,365,100.0,0.1356589147286821,0.4069767441860465,0.1058823529411764,0.3294117647058823,0,0,17.7,Bulibáró,2025-09,0.10344227155049641,0.14851682657282267,6.733243788438122
18651,2025-09-20,1800.0,0,28.0,7420,33,2,2,0.0,0.5,0.25,11.061081614893473,11.415525114155251,0.968950749464668,3,0.0,0.0,49,100.0,0.1038638102524866,0.3370313695485845,0.1123595505617977,0.4089887640449438,0,0,44.6,Héliosz R,2025-09,0.07488548258940379,0.05365977314462773,18.635934171855837
18647,2025-09-20,1800.0,0,28.0,6799,1854,5,0,0.0217391304347826,0.1521739130434782,0.4015731852688375,12.267869589502288,12.77139208173691,0.9146996761213072,3,0.4,1310000.0,365,100.0,0.0364963503649635,0.1532846715328467,0.0355555555555555,0.1377777777777777,0,0,8.8,Exclusive Fox,2025-09,0.0,0.0,inf
18647,2025-09-20,1800.0,0,28.0,5990,2277,9,1,0.05,0.25,0.4240987253487253,12.338192340384875,12.755102040816324,0.946390525340854,3,0.1,2071000.0,365,100.0,0.0759493670886076,0.240506329113924,0.0425531914893617,0.2765957446808511,4,0,5.4,Aranyérem M,2025-09,0.02974331130584081,0.0427038399360231,23.417097888577544
18647,2025-09-20,1800.0,0,28.0,6927,28,4,2,0.0769230769230769,0.3461538461538461,0.4739343989343989,12.298652111603296,12.78772378516624,0.9137354954875132,10,0.1,1030000.0,365,100.0,0.14185733512786,0.3970390309555854,0.0780141843971631,0.3333333333333333,0,0,28.4,Fast Track,2025-09,0.060046342511971794,0.08621129547439861,11.599408111167532
18651,2025-09-20,1800.0,0,28.0,7355,1509,2,0,0.0,0.5,0.0,11.682242990654206,11.682242990654206,1.0,3,0.5,0.0,91,100.0,0.1556603773584905,0.4622641509433962,0.1811320754716981,0.4981132075471698,1,1,8.3,Hermész,2025-09,0.0974711279074351,0.06984369240619728,14.317685184571788
18647,2025-09-20,1800.0,0,28.0,5700,110,11,2,0.0689655172413793,0.293103448275862,0.5353889884062298,12.341251773239302,12.903225806451612,0.8988963773743933,9,0.1,4889000.0,365,100.0,0.1639850121225479,0.4126074498567335,0.0833333333333333,0.2794117647058823,1,0,10.1,Vezér,2025-09,0.11335186908642451,0.1627444914973256,6.144601213838523
18647,2025-09-20,1800.0,0,28.0,7094,1492,4,2,0.1739130434782608,0.391304347826087,0.4416870569044482,12.214124486452135,12.87001287001287,0.9215430357914988,15,0.0,1027000.0,365,100.0,0.0950871632329635,0.3565768621236133,0.1058823529411764,0.3294117647058823,0,0,2.4,Full Speed,2025-09,0.060046342511971794,0.08621129547439861,11.599408111167532
18647,2025-09-20,1800.0,0,28.0,6690,1064,5,1,0.0277777777777777,0.3611111111111111,0.4674282507615841,12.342909819456027,12.87001287001287,0.8910237860993412,4,0.3,1325000.0,365,100.0,0.0962059620596205,0.2723577235772357,0.0833333333333333,0.2794117647058823,4,1,6.4,Enterprise,2025-09,0.08971162512898445,0.12880310603333348,7.763787930247629
18666,2025-09-27,1800.0,0,18.0,6783,5,5,0,0.5666666666666667,0.8,0.7895502645502646,13.05749663688798,13.831258644536652,0.9091387834294948,21,0.2,28885000.0,365,100.0,0.2183994016454749,0.4649214659685864,0.2441471571906354,0.4816053511705686,4,1,1.4,Enjoy,2025-09,0.3136703819036484,0.10777392801300167,9.278681945037409
18664,2025-09-27,1800.0,0,0.0,7329,2271,5,1,0.0625,0.3125,0.515814393939394,12.424006521497663,12.738853503184714,0.957240892525674,2,0.2,718000.0,338,100.0,0.2166666666666666,0.4666666666666667,0.1811320754716981,0.4981132075471698,0,1,2.8,Exclusive Adri,2025-09,0.1862568805615107,0.20833490563186444,4.799963774515239
18664,2025-09-27,1800.0,0,0.0,6690,1064,5,1,0.054054054054054,0.3783783783783784,0.4818220818220818,12.348797897623088,12.87001287001287,0.8910237860993412,4,0.3,1575000.0,365,100.0,0.0972972972972973,0.2729729729729729,0.0833333333333333,0.2794117647058823,3,0,15.6,Enterprise,2025-09,0.08208321531613667,0.0918129782120981,10.891706373905983
18664,2025-09-27,1800.0,0,0.0,5625,33,11,2,0.1018518518518518,0.3888888888888889,0.5072086606808829,12.4071727284721,13.003901170351105,0.8409371362835787,8,0.2,5381000.0,365,100.0,0.1037645709917829,0.3370915344926428,0.1123595505617977,0.4089887640449438,5,0,11.1,Vanderle,2025-09,0.14213665574789047,0.1589848743992375,6.289906532170057
18664,2025-09-27,1800.0,0,0.0,7099,587,4,1,0.0588235294117647,0.4117647058823529,0.4985676088617264,12.3533780575376,12.836970474967906,0.9278963247019726,5,0.0,800000.0,365,100.0,0.1081359423274974,0.3460350154479917,0.1376146788990825,0.3990825688073394,2,0,11.1,Fizető,2025-09,0.11335186908642451,0.12678807289224883,7.887177217764423
18663,2025-09-27,2400.0,0,17.0,5247,1640,12,0,0.131578947368421,0.4385964912280701,0.5978456241614136,12.464224134247074,12.953367875647668,0.9297124856905264,17,0.2,7199000.0,365,500.0,0.0788381742738589,0.2614107883817427,0.1179487179487179,0.2871794871794871,0,0,31.6,Universal Boy,2025-09,0.06882392490903537,0.07482896591393258,13.36380889120115
18664,2025-09-27,1800.0,0,0.0,5288,32,12,2,0.1640625,0.390625,0.5483568948412698,12.473043983032074,12.987012987012989,0.8527131782945737,1,0.6,8084500.0,365,100.0,0.063501849568434,0.281134401972873,0.1123595505617977,0.4089887640449438,3,0,1.7,Usain,2025-09,0.10688147197167079,0.11955070497199242,8.364651636594477
18664,2025-09-27,1800.0,0,0.0,7104,2403,4,2,0.1111111111111111,0.2777777777777778,0.4337041045374378,12.249323760749334,12.77139208173691,0.921582960178993,4,0.2,815000.0,365,100.0,0.1058823529411764,0.2588235294117647,0.1564245810055866,0.3407821229050279,0,0,26.0,Florentin,2025-09,0.07602165763576825,0.08503291165286778,11.760152399371291
18664,2025-09-27,1800.0,0,0.0,6312,898,8,2,0.0625,0.3125,0.5791170634920635,12.213875911258222,12.674271229404308,0.937110051761038,3,0.0,1462000.0,365,100.0,0.0994082840236686,0.3159763313609467,0.1179487179487179,0.2871794871794871,0,0,15.6,Bongiovi,2025-09,0.07602165763576825,0.08503291165286778,11.760152399371291
18666,2025-09-27,1800.0,0,18.0,6783,5,5,0,0.5666666666666667,0.8,0.7895502645502646,13.05749663688798,13.831258644536652,0.9091387834294948,21,0.2,28885000.0,365,100.0,0.2183994016454749,0.4649214659685864,0.2441471571906354,0.4816053511705686,4,1,1.4,Enjoy,2025-09,0.3136703819036484,0.10777392801300167,9.278681945037409
18663,2025-09-27,2400.0,0,17.0,7086,1854,4,2,0.0769230769230769,0.1923076923076923,0.2821067821067821,11.986972343050368,12.674271229404308,0.9142526071842412,5,0.5,570000.0,365,500.0,0.0363636363636363,0.1527272727272727,0.0355555555555555,0.1377777777777777,2,0,10.5,Fakta,2025-09,0.02974331130584081,0.032338481579100666,30.92291137893958
18664,2025-09-27,1800.0,0,0.0,6119,39,8,1,0.140625,0.390625,0.5704782196969697,12.555834046716932,13.280212483399737,0.919754686048191,9,0.2,4480000.0,365,100.0,0.1693181818181818,0.4363636363636363,0.1376146788990825,0.3990825688073394,1,0,4.6,Firefly Shadow,2025-09,0.11127287149429321,0.12446264058682315,8.034539483375463
18666,2025-09-27,1800.0,0,18.0,7003,28,4,0,0.15,0.8,0.7280555555555556,12.945304433081237,13.280212483399737,0.9546915218701332,14,0.1,10141711.0,365,100.0,0.1417810061877858,0.3968253968253968,0.0780141843971631,0.3333333333333333,2,0,13.6,Friday Night,2025-09,0.10338035722573598,0.03552043106520436,28.152811495004492
18666,2025-09-27,1800.0,0,18.0,6318,255,8,2,0.3870967741935484,0.7258064516129032,0.751216077828981,13.073548260857685,13.58695652173913,0.8868411293083052,13,0.3,26959000.0,365,100.0,0.3751537515375154,0.6746617466174661,0.4126984126984127,0.7936507936507936,4,0,2.3,Bonaparte Boss,2025-09,0.13909674435853958,0.047792215581084097,20.923909633429815
18666,2025-09-27,1800.0,0,18.0,6318,255,8,2,0.3870967741935484,0.7258064516129032,0.751216077828981,13.073548260857685,13.58695652173913,0.8868411293083052,13,0.3,26959000.0,365,100.0,0.3751537515375154,0.6746617466174661,0.4126984126984127,0.7936507936507936,4,0,2.3,Bonaparte Boss,2025-09,0.13909674435853958,0.047792215581084097,20.923909633429815
18666,2025-09-27,1800.0,0,18.0,6318,255,8,2,0.3870967741935484,0.7258064516129032,0.751216077828981,13.073548260857685,13.58695652173913,0.8868411293083052,13,0.3,26959000.0,365,100.0,0.3751537515375154,0.6746617466174661,0.4126984126984127,0.7936507936507936,4,0,2.3,Bonaparte Boss,2025-09,0.13909674435853958,0.047792215581084097,20.923909633429815
18666,2025-09-27,1800.0,0,18.0,6855,860,5,1,0.1951219512195122,0.4878048780487805,0.5104045683313976,12.88001348912282,13.368983957219251,0.9355187120597562,11,0.2,14880000.0,365,100.0,0.1602008215426745,0.4203560018256503,0.2441471571906354,0.4816053511705686,1,0,16.0,Eternity Bar,2025-09,0.13909892737865448,0.04779296564441901,20.923581253359075
18666,2025-09-27,1800.0,0,18.0,6855,860,5,1,0.1951219512195122,0.4878048780487805,0.5104045683313976,12.88001348912282,13.368983957219251,0.9355187120597562,11,0.2,14880000.0,365,100.0,0.1602008215426745,0.4203560018256503,0.2441471571906354,0.4816053511705686,1,0,16.0,Eternity Bar,2025-09,0.13909892737865448,0.04779296564441901,20.923581253359075
18666,2025-09-27,1800.0,0,18.0,6855,860,5,1,0.1951219512195122,0.4878048780487805,0.5104045683313976,12.88001348912282,13.368983957219251,0.9355187120597562,11,0.2,14880000.0,365,100.0,0.1602008215426745,0.4203560018256503,0.2441471571906354,0.4816053511705686,1,0,16.0,Eternity Bar,2025-09,0.13909892737865448,0.04779296564441901,20.923581253359075
18666,2025-09-27,1800.0,0,18.0,7003,28,4,0,0.15,0.8,0.7280555555555556,12.945304433081237,13.280212483399737,0.9546915218701332,14,0.1,10141711.0,365,100.0,0.1417810061877858,0.3968253968253968,0.0780141843971631,0.3333333333333333,2,0,13.6,Friday Night,2025-09,0.10338035722573598,0.03552043106520436,28.152811495004492
18666,2025-09-27,1800.0,0,18.0,7003,28,4,0,0.15,0.8,0.7280555555555556,12.945304433081237,13.280212483399737,0.9546915218701332,14,0.1,10141711.0,365,100.0,0.1417810061877858,0.3968253968253968,0.0780141843971631,0.3333333333333333,2,0,13.6,Friday Night,2025-09,0.10338035722573598,0.03552043106520436,28.152811495004492
18666,2025-09-27,1800.0,0,18.0,6699,1506,5,2,0.081081081081081,0.4864864864864865,0.5699056199056198,12.841091837763235,13.623978201634875,0.8879902131775405,12,0.1,8160294.0,365,100.0,0.25,0.5441176470588235,0.2152466367713004,0.5381165919282511,1,0,9.8,El Diablo,2025-09,0.1513644407192866,0.052007270303319995,19.22808088499432
18666,2025-09-27,1800.0,0,18.0,6699,1506,5,2,0.081081081081081,0.4864864864864865,0.5699056199056198,12.841091837763235,13.623978201634875,0.8879902131775405,12,0.1,8160294.0,365,100.0,0.25,0.5441176470588235,0.2152466367713004,0.5381165919282511,1,0,9.8,El Diablo,2025-09,0.1513644407192866,0.052007270303319995,19.22808088499432
18666,2025-09-27,1800.0,0,18.0,6699,1506,5,2,0.081081081081081,0.4864864864864865,0.5699056199056198,12.841091837763235,13.623978201634875,0.8879902131775405,12,0.1,8160294.0,365,100.0,0.25,0.5441176470588235,0.2152466367713004,0.5381165919282511,1,0,9.8,El Diablo,2025-09,0.1513644407192866,0.052007270303319995,19.22808088499432
18663,2025-09-27,2400.0,0,17.0,6953,2449,5,0,0.1333333333333333,0.1333333333333333,0.2653330928330928,12.402259980125496,12.722646310432571,0.9713141574059064,15,0.5,880000.0,365,500.0,0.0833333333333333,0.1666666666666666,0.1811320754716981,0.4981132075471698,0,0,15.8,Eposz,2025-09,0.06229101121425629,0.06772604092336568,14.76536921937507
18666,2025-09-27,1800.0,0,18.0,6783,5,5,0,0.5666666666666667,0.8,0.7895502645502646,13.05749663688798,13.831258644536652,0.9091387834294948,21,0.2,28885000.0,365,100.0,0.2183994016454749,0.4649214659685864,0.2441471571906354,0.4816053511705686,4,1,1.4,Enjoy,2025-09,0.3136703819036484,0.10777392801300167,9.278681945037409
18663,2025-09-27,2400.0,0,17.0,6546,1408,7,2,0.1219512195121951,0.2926829268292683,0.4402958152958153,12.492602318685249,13.020833333333334,0.93419898329388,5,0.3,2248040.0,365,500.0,0.1296296296296296,0.3981481481481481,0.1196172248803827,0.3397129186602871,1,0,5.2,Count Basie AT,2025-09,0.15075394014517465,0.1639075577776783,6.100999938980146
18665,2025-09-27,1800.0,0,0.0,6699,1506,5,2,0.081081081081081,0.4864864864864865,0.5699056199056198,12.841091837763235,13.623978201634875,0.8879902131775405,12,0.1,8160294.0,365,100.0,0.25,0.5441176470588235,0.2152466367713004,0.5381165919282511,0,0,9.8,El Diablo,2025-09,0.15454075982173285,0.05120557956533696,19.529121796659417
18663,2025-09-27,2400.0,0,17.0,6695,91,5,1,0.03125,0.375,0.4725818452380952,12.41330237264938,12.755102040816324,0.9411978052976736,11,0.0,1533000.0,365,500.0,0.0946450809464508,0.3233706932337069,0.1058823529411764,0.3294117647058823,0,0,7.0,Ékszer K,2025-09,0.051474876080950104,0.05596617386724546,17.86793577084704
18666,2025-09-27,1800.0,0,18.0,6023,148,9,0,0.21,0.52,0.6723293650793651,12.720334909892136,13.315579227696404,0.906803376845769,6,0.2,11045100.0,365,100.0,0.1297676457693994,0.4028934677772907,0.1082251082251082,0.3939393939393939,1,0,9.3,Acélos Fiú,2025-09,0.12353838483492534,0.042446522726304246,23.55905586066528
18665,2025-09-27,1800.0,0,0.0,6783,5,5,0,0.5666666666666667,0.8,0.7895502645502646,13.05749663688798,13.831258644536652,0.9091387834294948,21,0.2,28885000.0,365,100.0,0.2183994016454749,0.4649214659685864,0.2441471571906354,0.4816053511705686,3,1,1.4,Enjoy,2025-09,0.30706462264060974,0.1017428799008192,9.828697604931353
18665,2025-09-27,1800.0,0,0.0,6783,5,5,0,0.5666666666666667,0.8,0.7895502645502646,13.05749663688798,13.831258644536652,0.9091387834294948,21,0.2,28885000.0,365,100.0,0.2183994016454749,0.4649214659685864,0.2441471571906354,0.4816053511705686,3,1,1.4,Enjoy,2025-09,0.30706462264060974,0.1017428799008192,9.828697604931353
18665,2025-09-27,1800.0,0,0.0,6783,5,5,0,0.5666666666666667,0.8,0.7895502645502646,13.05749663688798,13.831258644536652,0.9091387834294948,21,0.2,28885000.0,365,100.0,0.2183994016454749,0.4649214659685864,0.2441471571906354,0.4816053511705686,3,1,1.4,Enjoy,2025-09,0.30706462264060974,0.1017428799008192,9.828697604931353
18665,2025-09-27,1800.0,0,0.0,6318,255,8,2,0.3870967741935484,0.7258064516129032,0.751216077828981,13.073548260857685,13.58695652173913,0.8868411293083052,13,0.3,26959000.0,365,100.0,0.3751537515375154,0.6746617466174661,0.4126984126984127,0.7936507936507936,3,0,2.3,Bonaparte Boss,2025-09,0.19627715647220612,0.06503452917009832,15.37644713909579
18665,2025-09-27,1800.0,0,0.0,6318,255,8,2,0.3870967741935484,0.7258064516129032,0.751216077828981,13.073548260857685,13.58695652173913,0.8868411293083052,13,0.3,26959000.0,365,100.0,0.3751537515375154,0.6746617466174661,0.4126984126984127,0.7936507936507936,3,0,2.3,Bonaparte Boss,2025-09,0.19627715647220612,0.06503452917009832,15.37644713909579
18665,2025-09-27,1800.0,0,0.0,6318,255,8,2,0.3870967741935484,0.7258064516129032,0.751216077828981,13.073548260857685,13.58695652173913,0.8868411293083052,13,0.3,26959000.0,365,100.0,0.3751537515375154,0.6746617466174661,0.4126984126984127,0.7936507936507936,3,0,2.3,Bonaparte Boss,2025-09,0.19627715647220612,0.06503452917009832,15.37644713909579
18665,2025-09-27,1800.0,0,0.0,6699,1506,5,2,0.081081081081081,0.4864864864864865,0.5699056199056198,12.841091837763235,13.623978201634875,0.8879902131775405,12,0.1,8160294.0,365,100.0,0.25,0.5441176470588235,0.2152466367713004,0.5381165919282511,0,0,9.8,El Diablo,2025-09,0.15454075982173285,0.05120557956533696,19.529121796659417
18665,2025-09-27,1800.0,0,0.0,6699,1506,5,2,0.081081081081081,0.4864864864864865,0.5699056199056198,12.841091837763235,13.623978201634875,0.8879902131775405,12,0.1,8160294.0,365,100.0,0.25,0.5441176470588235,0.2152466367713004,0.5381165919282511,0,0,9.8,El Diablo,2025-09,0.15454075982173285,0.05120557956533696,19.529121796659417
18665,2025-09-27,1800.0,0,0.0,7003,28,4,0,0.15,0.8,0.7280555555555556,12.945304433081237,13.280212483399737,0.9546915218701332,14,0.1,10141711.0,365,100.0,0.1417810061877858,0.3968253968253968,0.0780141843971631,0.3333333333333333,1,0,13.6,Friday Night,2025-09,0.1229278842608134,0.04073096033419666,24.55134845324101
18665,2025-09-27,1800.0,0,0.0,7003,28,4,0,0.15,0.8,0.7280555555555556,12.945304433081237,13.280212483399737,0.9546915218701332,14,0.1,10141711.0,365,100.0,0.1417810061877858,0.3968253968253968,0.0780141843971631,0.3333333333333333,1,0,13.6,Friday Night,2025-09,0.1229278842608134,0.04073096033419666,24.55134845324101
18665,2025-09-27,1800.0,0,0.0,7003,28,4,0,0.15,0.8,0.7280555555555556,12.945304433081237,13.280212483399737,0.9546915218701332,14,0.1,10141711.0,365,100.0,0.1417810061877858,0.3968253968253968,0.0780141843971631,0.3333333333333333,1,0,13.6,Friday Night,2025-09,0.1229278842608134,0.04073096033419666,24.55134845324101
18665,2025-09-27,1800.0,0,0.0,6855,860,5,1,0.1951219512195122,0.4878048780487805,0.5104045683313976,12.88001348912282,13.368983957219251,0.9355187120597562,11,0.2,14880000.0,365,100.0,0.1602008215426745,0.4203560018256503,0.2441471571906354,0.4816053511705686,0,0,16.0,Eternity Bar,2025-09,0.12773355593283972,0.04232327296065642,23.627662277669234
18665,2025-09-27,1800.0,0,0.0,6855,860,5,1,0.1951219512195122,0.4878048780487805,0.5104045683313976,12.88001348912282,13.368983957219251,0.9355187120597562,11,0.2,14880000.0,365,100.0,0.1602008215426745,0.4203560018256503,0.2441471571906354,0.4816053511705686,0,0,16.0,Eternity Bar,2025-09,0.12773355593283972,0.04232327296065642,23.627662277669234
18665,2025-09-27,1800.0,0,0.0,6855,860,5,1,0.1951219512195122,0.4878048780487805,0.5104045683313976,12.88001348912282,13.368983957219251,0.9355187120597562,11,0.2,14880000.0,365,100.0,0.1602008215426745,0.4203560018256503,0.2441471571906354,0.4816053511705686,0,0,16.0,Eternity Bar,2025-09,0.12773355593283972,0.04232327296065642,23.627662277669234
18665,2025-09-27,1800.0,0,0.0,6023,148,9,0,0.21,0.52,0.6723293650793651,12.720334909892136,13.315579227696404,0.906803376845769,6,0.2,11045100.0,365,100.0,0.1297676457693994,0.4028934677772907,0.1082251082251082,0.3939393939393939,0,0,9.3,Acélos Fiú,2025-09,0.0974711279074351,0.03229611140222579,30.963480016082734
18665,2025-09-27,1800.0,0,0.0,6023,148,9,0,0.21,0.52,0.6723293650793651,12.720334909892136,13.315579227696404,0.906803376845769,6,0.2,11045100.0,365,100.0,0.1297676457693994,0.4028934677772907,0.1082251082251082,0.3939393939393939,0,0,9.3,Acélos Fiú,2025-09,0.0974711279074351,0.03229611140222579,30.963480016082734
18665,2025-09-27,1800.0,0,0.0,6023,148,9,0,0.21,0.52,0.6723293650793651,12.720334909892136,13.315579227696404,0.906803376845769,6,0.2,11045100.0,365,100.0,0.1297676457693994,0.4028934677772907,0.1082251082251082,0.3939393939393939,0,0,9.3,Acélos Fiú,2025-09,0.0974711279074351,0.03229611140222579,30.963480016082734
18663,2025-09-27,2400.0,0,17.0,7094,138,4,2,0.1666666666666666,0.4166666666666667,0.4603204665704665,12.22998467816963,12.87001287001287,0.9215430357914988,15,0.0,1152000.0,365,500.0,0.1284422110552764,0.3764824120603015,0.1058823529411764,0.3294117647058823,4,1,4.2,Full Speed,2025-09,0.10480247437953949,0.11394672409932266,8.776031148805483
18663,2025-09-27,2400.0,0,17.0,6786,27,5,2,0.2580645161290322,0.4516129032258064,0.5470290462225946,12.494233643254203,13.003901170351105,0.9150492670543464,12,0.3,2382000.0,365,500.0,0.062205959226346,0.2320961840041819,0.1376146788990825,0.3990825688073394,3,0,4.5,Enrico Fling,2025-09,0.15105546017487845,0.16423538610271052,6.088821804666468
18663,2025-09-27,2400.0,0,17.0,6358,1064,7,2,0.0357142857142857,0.3571428571428571,0.5101634972170687,12.331474475221738,12.78772378516624,0.9147846891281032,5,0.0,2832000.0,365,500.0,0.0972972972972973,0.2729729729729729,0.0833333333333333,0.2794117647058823,4,0,9.0,Calvin,2025-09,0.06229101121425629,0.06772604092336568,14.76536921937507
18663,2025-09-27,2400.0,0,17.0,5700,110,11,2,0.0683760683760683,0.2991452991452991,0.5374606874606874,12.342541347416123,12.903225806451612,0.8988963773743933,9,0.1,4949000.0,365,500.0,0.1638766519823788,0.4127753303964758,0.0833333333333333,0.2794117647058823,0,0,63.2,Vezér,2025-09,0.08385225757956505,0.09116855414044872,10.968694298468975
18663,2025-09-27,2400.0,0,17.0,6057,175,8,2,0.125,0.375,0.5995565776815777,12.257650103035605,12.706480304955528,0.913447936048859,20,0.0,670000.0,365,500.0,0.0824587706146926,0.2683658170914543,0.0973451327433628,0.3716814159292035,4,0,3.5,Bitangjó,2025-09,0.07257829730709393,0.0789109156802943,12.672518008173624
18663,2025-09-27,2400.0,0,17.0,6995,1409,4,0,0.0,0.2222222222222222,0.4630150713484047,12.176972453381552,12.836970474967906,0.9023155107638124,6,0.3,1036000.0,365,500.0,0.0814814814814814,0.3333333333333333,0.1082251082251082,0.3939393939393939,1,0,12.6,Fany,2025-09,0.08208321531613667,0.08924515899253542,11.205089567756177
18666,2025-09-27,1800.0,0,18.0,6023,148,9,0,0.21,0.52,0.6723293650793651,12.720334909892136,13.315579227696404,0.906803376845769,6,0.2,11045100.0,365,100.0,0.1297676457693994,0.4028934677772907,0.1082251082251082,0.3939393939393939,1,0,9.3,Acélos Fiú,2025-09,0.12353838483492534,0.042446522726304246,23.55905586066528
18656,2025-09-27,1960.0,0,18.0,6731,255,6,1,0.6363636363636364,0.8787878787878788,0.833044733044733,12.867906038183731,13.315579227696404,0.9360686025657868,22,0.2,7468000.0,365,60.0,0.3751537515375154,0.6746617466174661,0.4126984126984127,0.7936507936507936,3,1,2.1,Daytona Spav,2025-09,0.33850887417793274,0.30609805034962206,3.266927047910989
18653,2025-09-27,1900.0,0,18.0,6698,81,5,2,0.1363636363636363,0.25,0.4911099632690542,12.360386799310902,13.089005235602093,0.8824427984876971,0,0.1,2473000.0,365,0.0,0.2985386221294363,0.5553235908141962,0.1196172248803827,0.3397129186602871,0,1,1.3,Easy Bet,2025-09,0.13837043941020966,0.2111126827488144,4.736806841632617
18667,2025-09-27,1800.0,0,0.0,6783,5,5,0,0.5666666666666667,0.8,0.7895502645502646,13.05749663688798,13.831258644536652,0.9091387834294948,21,0.2,28885000.0,365,100.0,0.2183994016454749,0.4649214659685864,0.2441471571906354,0.4816053511705686,5,1,1.4,Enjoy,2025-09,0.5072954644759496,0.13146800727749064,7.606413306997888
18667,2025-09-27,1800.0,0,0.0,6318,255,8,2,0.3870967741935484,0.7258064516129032,0.751216077828981,13.073548260857685,13.58695652173913,0.8868411293083052,13,0.3,26959000.0,365,100.0,0.3751537515375154,0.6746617466174661,0.4126984126984127,0.7936507936507936,5,0,2.3,Bonaparte Boss,2025-09,0.21408293644587198,0.055480600591860385,18.024318218118047
18667,2025-09-27,1800.0,0,0.0,6318,255,8,2,0.3870967741935484,0.7258064516129032,0.751216077828981,13.073548260857685,13.58695652173913,0.8868411293083052,13,0.3,26959000.0,365,100.0,0.3751537515375154,0.6746617466174661,0.4126984126984127,0.7936507936507936,5,0,2.3,Bonaparte Boss,2025-09,0.21408293644587198,0.055480600591860385,18.024318218118047
18667,2025-09-27,1800.0,0,0.0,6318,255,8,2,0.3870967741935484,0.7258064516129032,0.751216077828981,13.073548260857685,13.58695652173913,0.8868411293083052,13,0.3,26959000.0,365,100.0,0.3751537515375154,0.6746617466174661,0.4126984126984127,0.7936507936507936,5,0,2.3,Bonaparte Boss,2025-09,0.21408293644587198,0.055480600591860385,18.024318218118047
18667,2025-09-27,1800.0,0,0.0,6699,1506,5,2,0.081081081081081,0.4864864864864865,0.5699056199056198,12.841091837763235,13.623978201634875,0.8879902131775405,12,0.1,8160294.0,365,100.0,0.25,0.5441176470588235,0.2152466367713004,0.5381165919282511,2,0,9.8,El Diablo,2025-09,0.17247060934702554,0.04469657016983436,22.373081339357405
18667,2025-09-27,1800.0,0,0.0,6699,1506,5,2,0.081081081081081,0.4864864864864865,0.5699056199056198,12.841091837763235,13.623978201634875,0.8879902131775405,12,0.1,8160294.0,365,100.0,0.25,0.5441176470588235,0.2152466367713004,0.5381165919282511,2,0,9.8,El Diablo,2025-09,0.17247060934702554,0.04469657016983436,22.373081339357405
18667,2025-09-27,1800.0,0,0.0,6699,1506,5,2,0.081081081081081,0.4864864864864865,0.5699056199056198,12.841091837763235,13.623978201634875,0.8879902131775405,12,0.1,8160294.0,365,100.0,0.25,0.5441176470588235,0.2152466367713004,0.5381165919282511,2,0,9.8,El Diablo,2025-09,0.17247060934702554,0.04469657016983436,22.373081339357405
18667,2025-09-27,1800.0,0,0.0,7003,28,4,0,0.15,0.8,0.7280555555555556,12.945304433081237,13.280212483399737,0.9546915218701332,14,0.1,10141711.0,365,100.0,0.1417810061877858,0.3968253968253968,0.0780141843971631,0.3333333333333333,3,0,13.6,Friday Night,2025-09,0.11870215584834416,0.030762222376746244,32.507404301059836
18667,2025-09-27,1800.0,0,0.0,7003,28,4,0,0.15,0.8,0.7280555555555556,12.945304433081237,13.280212483399737,0.9546915218701332,14,0.1,10141711.0,365,100.0,0.1417810061877858,0.3968253968253968,0.0780141843971631,0.3333333333333333,3,0,13.6,Friday Night,2025-09,0.11870215584834416,0.030762222376746244,32.507404301059836
18667,2025-09-27,1800.0,0,0.0,7003,28,4,0,0.15,0.8,0.7280555555555556,12.945304433081237,13.280212483399737,0.9546915218701332,14,0.1,10141711.0,365,100.0,0.1417810061877858,0.3968253968253968,0.0780141843971631,0.3333333333333333,3,0,13.6,Friday Night,2025-09,0.11870215584834416,0.030762222376746244,32.507404301059836
18667,2025-09-27,1800.0,0,0.0,6023,148,9,0,0.21,0.52,0.6723293650793651,12.720334909892136,13.315579227696404,0.906803376845769,6,0.2,11045100.0,365,100.0,0.1297676457693994,0.4028934677772907,0.1082251082251082,0.3939393939393939,2,0,9.3,Acélos Fiú,2025-09,0.1229278842608134,0.03185733978383188,31.38994049049621
18667,2025-09-27,1800.0,0,0.0,6023,148,9,0,0.21,0.52,0.6723293650793651,12.720334909892136,13.315579227696404,0.906803376845769,6,0.2,11045100.0,365,100.0,0.1297676457693994,0.4028934677772907,0.1082251082251082,0.3939393939393939,2,0,9.3,Acélos Fiú,2025-09,0.1229278842608134,0.03185733978383188,31.38994049049621
18667,2025-09-27,1800.0,0,0.0,6783,5,5,0,0.5666666666666667,0.8,0.7895502645502646,13.05749663688798,13.831258644536652,0.9091387834294948,21,0.2,28885000.0,365,100.0,0.2183994016454749,0.4649214659685864,0.2441471571906354,0.4816053511705686,5,1,1.4,Enjoy,2025-09,0.5072954644759496,0.13146800727749064,7.606413306997888
18667,2025-09-27,1800.0,0,0.0,6023,148,9,0,0.21,0.52,0.6723293650793651,12.720334909892136,13.315579227696404,0.906803376845769,6,0.2,11045100.0,365,100.0,0.1297676457693994,0.4028934677772907,0.1082251082251082,0.3939393939393939,2,0,9.3,Acélos Fiú,2025-09,0.1229278842608134,0.03185733978383188,31.38994049049621
18667,2025-09-27,1800.0,0,0.0,6855,860,5,1,0.1951219512195122,0.4878048780487805,0.5104045683313976,12.88001348912282,13.368983957219251,0.9355187120597562,11,0.2,14880000.0,365,100.0,0.1602008215426745,0.4203560018256503,0.2441471571906354,0.4816053511705686,2,0,16.0,Eternity Bar,2025-09,0.15075394014517465,0.03906859313356984,25.59600742676209
18662,2025-09-27,1960.0,0,18.0,7001,1509,4,0,0.2083333333333333,0.6666666666666666,0.6940641534391534,12.694677710225942,13.404825737265416,0.9011585266531648,12,0.0,5474000.0,365,60.0,0.1583072100313479,0.463949843260188,0.1811320754716981,0.4981132075471698,4,1,2.8,Fárosz,2025-09,0.10344227155049641,0.10121900458296304,9.879567617960134
18662,2025-09-27,1960.0,0,18.0,6943,255,5,1,0.3478260869565217,0.5217391304347826,0.5856609574000878,12.552836820178904,13.003901170351105,0.9054277181531576,10,0.3,2563000.0,365,60.0,0.3751537515375154,0.6746617466174661,0.4126984126984127,0.7936507936507936,4,0,5.1,Elizabeth Boss,2025-09,0.18830005576213202,0.18425295501999223,5.427321368558218
18662,2025-09-27,1960.0,0,18.0,7396,1076,4,1,0.0,0.1818181818181818,0.404040404040404,12.848753616007748,13.280212483399737,0.9685001484172624,6,0.0,3163736.0,365,60.0,0.1143911439114391,0.3708487084870848,0.1144578313253012,0.3313253012048193,1,0,30.9,Fiamma Sn,2025-09,0.07033362860480945,0.06882196001091648,14.530245866891628
18662,2025-09-27,1960.0,0,18.0,7363,1506,4,0,0.0,0.4444444444444444,0.5641975308641975,13.172498249635176,13.333333333333334,0.9834583626960004,3,0.1111111111111111,222000.0,365,60.0,0.25,0.5441176470588235,0.0789473684210526,0.4473684210526316,0,0,2.6,Flying Dancer,2025-09,0.06651673962672551,0.06508710677176713,15.364025989149829
18662,2025-09-27,1960.0,0,18.0,6861,69,5,1,0.1470588235294117,0.4411764705882353,0.4768812070282658,12.588652578914994,13.020833333333334,0.9320172537869386,17,0.3,2930519.0,365,60.0,0.0731026785714285,0.2561383928571428,0.1196172248803827,0.3397129186602871,0,0,15.4,Emeli Sandé A.T.,2025-09,0.07911121100187302,0.07741088733780724,12.918079541398088
18662,2025-09-27,1960.0,0,18.0,6328,175,7,1,0.0602409638554216,0.3012048192771084,0.5145686642674595,12.446975159472387,13.10615989515072,0.8991880580411022,14,0.1,3415000.0,365,60.0,0.0824587706146926,0.2683658170914543,0.0973451327433628,0.3716814159292035,2,0,30.9,Credit Card,2025-09,0.0941395436724027,0.09211621863662806,10.855851605727672
18662,2025-09-27,1960.0,0,18.0,6360,860,7,0,0.0833333333333333,0.3958333333333333,0.5926369348244348,12.580030844505412,13.175230566534914,0.8999124213119433,9,0.3,6680000.0,365,60.0,0.1602008215426745,0.4203560018256503,0.1236363636363636,0.4109090909090909,2,0,15.4,Chip Chip Chip,2025-09,0.198442243039608,0.19417715800908622,5.1499363274912415
18662,2025-09-27,1960.0,0,18.0,7394,110,4,0,0.0833333333333333,0.3333333333333333,0.4409722222222222,13.009993180661237,13.26259946949602,0.9784340398569272,10,0.2,2911890.0,365,60.0,0.1638766519823788,0.4127753303964758,0.1144578313253012,0.3313253012048193,0,0,10.3,Furio Ferm,2025-09,0.08208321531613667,0.08031901487403588,12.45035190693384
18662,2025-09-27,1960.0,0,18.0,6459,27,6,2,0.25,0.3863636363636363,0.4762093335956972,12.55891955969209,13.020833333333334,0.9389438371968007,25,0.2,5932700.0,365,60.0,0.062205959226346,0.2320961840041819,0.1403508771929824,0.3450292397660818,1,0,3.8,Diamond Ville,2025-09,0.13959600776433945,0.1365956947568038,7.320874949832123
18666,2025-09-27,1800.0,0,18.0,6023,148,9,0,0.21,0.52,0.6723293650793651,12.720334909892136,13.315579227696404,0.906803376845769,6,0.2,11045100.0,365,100.0,0.1297676457693994,0.4028934677772907,0.1082251082251082,0.3939393939393939,1,0,9.3,Acélos Fiú,2025-09,0.12353838483492534,0.042446522726304246,23.55905586066528
18667,2025-09-27,1800.0,0,0.0,6855,860,5,1,0.1951219512195122,0.4878048780487805,0.5104045683313976,12.88001348912282,13.368983957219251,0.9355187120597562,11,0.2,14880000.0,365,100.0,0.1602008215426745,0.4203560018256503,0.2441471571906354,0.4816053511705686,2,0,16.0,Eternity Bar,2025-09,0.15075394014517465,0.03906859313356984,25.59600742676209
18667,2025-09-27,1800.0,0,0.0,6783,5,5,0,0.5666666666666667,0.8,0.7895502645502646,13.05749663688798,13.831258644536652,0.9091387834294948,21,0.2,28885000.0,365,100.0,0.2183994016454749,0.4649214659685864,0.2441471571906354,0.4816053511705686,5,1,1.4,Enjoy,2025-09,0.5072954644759496,0.13146800727749064,7.606413306997888
18667,2025-09-27,1800.0,0,0.0,6855,860,5,1,0.1951219512195122,0.4878048780487805,0.5104045683313976,12.88001348912282,13.368983957219251,0.9355187120597562,11,0.2,14880000.0,365,100.0,0.1602008215426745,0.4203560018256503,0.2441471571906354,0.4816053511705686,2,0,16.0,Eternity Bar,2025-09,0.15075394014517465,0.03906859313356984,25.59600742676209
18657,2025-09-27,1900.0,0,18.0,7198,860,3,1,0.1666666666666666,0.1666666666666666,0.2738095238095238,11.97593737597229,12.376237623762377,0.9595696749732012,5,0.1666666666666666,30000.0,270,0.0,0.1602008215426745,0.4203560018256503,0.1236363636363636,0.4109090909090909,0,0,8.0,Gabrielle,2025-09,0.0960423971215884,0.16190549345341965,6.1764426806660575
18653,2025-09-27,1900.0,0,18.0,6696,662,5,1,0.075,0.375,0.5450117243867244,12.434763334656877,12.88659793814433,0.8924590797222147,10,0.2,2103000.0,365,0.0,0.0260416666666666,0.140625,0.1179487179487179,0.2871794871794871,0,0,16.4,Édes K,2025-09,0.06229101121425629,0.09503780247161536,10.522128816043141
18657,2025-09-27,1900.0,0,18.0,7325,91,3,0,0.0,0.75,0.4034090909090909,11.769516780857124,12.254901960784316,0.9603925693179411,8,0.0,60000.0,118,0.0,0.0946450809464508,0.3233706932337069,0.1058823529411764,0.3294117647058823,0,0,10.0,Great Fille,2025-09,0.06229101121425629,0.10500838390767007,9.523049139383598
18653,2025-09-27,1900.0,0,18.0,6343,304,7,2,0.0833333333333333,0.3833333333333333,0.590585618085618,12.510402933230282,12.9366106080207,0.9242660594569756,16,0.0,3014000.0,365,0.0,0.037037037037037,0.1851851851851851,0.1376146788990825,0.3990825688073394,0,0,8.7,Chicago,2025-09,0.10480247437953949,0.15989781935567063,6.253993982092013
18653,2025-09-27,1900.0,0,18.0,6692,2486,5,1,0.1290322580645161,0.3225806451612903,0.53054973700135,12.325658649667332,13.003901170351105,0.8909366164426543,3,0.1,1797000.0,365,0.0,0.0,1.0,0.1058823529411764,0.3294117647058823,0,0,2.9,Excellence,2025-09,0.07854493769506614,0.1198365242158825,8.34470130490872
18653,2025-09-27,1900.0,0,18.0,6153,993,8,2,0.1724137931034483,0.3275862068965517,0.5064126486540279,12.428963366358795,12.9366106080207,0.9349530889517428,6,0.2,2938000.0,365,0.0,0.0,0.0,0.1058823529411764,0.3294117647058823,0,0,8.2,Bing Crosby AT,2025-09,0.12329628815253575,0.18811395176455661,5.315926812550298
18653,2025-09-27,1900.0,0,18.0,6962,2487,4,1,0.1111111111111111,0.4074074074074074,0.5460811821922933,12.229487751587277,12.9366106080207,0.8826353625709418,10,0.1,1346500.0,365,0.0,0.0,0.0,0.1196172248803827,0.3397129186602871,0,0,16.4,Flinga VT,2025-09,0.03205049658815066,0.048899651883717005,20.450043333191662
18653,2025-09-27,1900.0,0,18.0,6877,127,6,1,0.1136363636363636,0.3636363636363636,0.5552308802308802,12.582095102602452,13.003901170351105,0.933924972108228,18,0.1,2434000.0,365,0.0,0.0823529411764705,0.288235294117647,0.0780141843971631,0.3333333333333333,0,0,26.2,Petra La Roque,2025-09,0.11607839663823445,0.17710156755974346,5.646477407167273
18661,2025-09-27,1800.0,0,18.0,7269,2450,3,1,0.2222222222222222,0.4444444444444444,0.6437229437229437,12.373613182893628,12.82051282051282,0.9512642389775814,14,0.1111111111111111,779000.0,322,100.0,0.3636363636363636,0.6515151515151515,0.4215686274509804,0.7254901960784313,1,0,9.7,Gloria Estefan A.T.,2025-09,0.21637209256490073,0.19332891008376327,5.172532134830387
18661,2025-09-27,1800.0,0,18.0,7330,2271,5,1,0.1052631578947368,0.2631578947368421,0.3509037745879851,12.593347680216157,13.020833333333334,0.9709228824273072,0,0.6,840000.0,365,100.0,0.2166666666666666,0.4666666666666667,0.1811320754716981,0.4981132075471698,2,0,6.9,Emilia Adri,2025-09,0.22239695489406586,0.19871213697635728,5.032405243163279
18661,2025-09-27,1800.0,0,18.0,7124,1408,4,2,0.0909090909090909,0.3636363636363636,0.4851567624294897,12.569389247246642,13.03780964797914,0.9241621192391388,6,0.2,1140000.0,350,100.0,0.1296296296296296,0.3981481481481481,0.1196172248803827,0.3397129186602871,1,0,6.4,Fess Fiú,2025-09,0.1698604623476664,0.15177067274583217,6.5888882345186905
18661,2025-09-27,1800.0,0,18.0,7370,138,4,2,0.0,0.1764705882352941,0.5350246159069689,12.624450681982834,12.97016861219196,0.974231280111626,7,0.1,918669.0,365,100.0,0.1284422110552764,0.3764824120603015,0.1058823529411764,0.3294117647058823,4,0,13.8,Another Star,2025-09,0.1229278842608134,0.10983631761992409,9.104456719501329
18661,2025-09-27,1800.0,0,18.0,7199,615,3,1,0.0,0.2307692307692307,0.3339549339549339,11.845161477251072,12.34567901234568,0.9266713962017432,6,0.2,520000.0,365,100.0,0.111334002006018,0.3600802407221665,0.0355555555555555,0.1377777777777777,1,0,24.3,Gingerly KJ,2025-09,0.07789094125231107,0.06959571633846874,14.368700440363945
18661,2025-09-27,1800.0,0,18.0,6999,1854,4,1,0.0526315789473684,0.1052631578947368,0.2110446570972886,12.00274311226546,12.531328320802006,0.9001763637011435,5,0.6,597000.0,365,100.0,0.0363636363636363,0.1527272727272727,0.0355555555555555,0.1377777777777777,8,0,21.6,First Lady KJ,2025-09,0.018018018454313278,0.01609913657694406,62.1151323998408
18661,2025-09-27,1800.0,0,18.0,7185,5,3,0,0.5,0.75,0.5833333333333334,12.576148348088989,12.97016861219196,0.9538469609106957,11,0.125,1150000.0,350,100.0,0.2183994016454749,0.4649214659685864,0.2441471571906354,0.4816053511705686,2,1,1.0,Győztes Szív,2025-09,0.2917252480983734,0.26065710965871036,3.8364577943388665
18656,2025-09-27,1960.0,0,18.0,6929,148,4,1,0.16,0.52,0.6317474747474747,12.72317674059472,13.351134846461948,0.934482437352072,14,0.1,3425000.0,365,60.0,0.1297676457693994,0.4028934677772907,0.1082251082251082,0.3939393939393939,4,0,10.2,Fendi,2025-09,0.1229278842608134,0.11115804806363899,8.99619971221059
18657,2025-09-27,1900.0,0,18.0,6945,175,4,1,0.5,0.5,0.3,11.737089201877934,11.737089201877934,1.0,5,0.5,0.0,56,0.0,0.0824587706146926,0.2683658170914543,0.0973451327433628,0.3716814159292035,4,0,16.0,Fabergé F,2025-09,0.07738186046481133,0.1304481008219523,7.6658839316096525
18657,2025-09-27,1900.0,0,18.0,7125,2139,4,1,0.0,0.25,0.3440972222222222,12.055542771683651,12.31527093596059,0.972746583104245,4,0.125,150000.0,217,0.0,0.0606060606060606,0.2272727272727272,0.1335740072202166,0.296028880866426,5,0,20.0,Florenza,2025-09,0.06651673962672551,0.11213199456635467,8.918061288994952
18656,2025-09-27,1960.0,0,18.0,7114,5,3,1,0.1818181818181818,0.4545454545454545,0.5807621671258034,12.187058589305018,13.089005235602093,0.8939608091500294,11,0.0,2674000.0,365,60.0,0.2183994016454749,0.4649214659685864,0.1564245810055866,0.3407821229050279,1,0,1.5,Ginevra,2025-09,0.09386625637610753,0.08487895078118854,11.781483993339217
18657,2025-09-27,1900.0,0,18.0,7191,32,3,1,0.125,0.375,0.4375,11.756527260052376,12.21001221001221,0.9491724544594216,6,0.0,291000.0,365,0.0,0.063501849568434,0.281134401972873,0.1123595505617977,0.4089887640449438,7,0,8.9,Glitter Lady,2025-09,0.07602165763576825,0.1281551102591058,7.8030442795311545
18657,2025-09-27,1900.0,0,18.0,7338,138,3,1,0.3333333333333333,0.3333333333333333,0.7333333333333334,12.15176393268891,12.31527093596059,0.9867232313343396,6,0.0,65000.0,118,0.0,0.1284422110552764,0.3764824120603015,0.1058823529411764,0.3294117647058823,2,1,4.2,Glory Grant K,2025-09,0.11870215584834416,0.20010465890684176,4.997384895798691
18657,2025-09-27,1900.0,0,18.0,7189,33,3,1,0.0,0.3125,0.3566130050505051,12.049557948178348,12.77139208173691,0.9045727922501547,3,0.1,367000.0,365,0.0,0.1037645709917829,0.3370915344926428,0.1123595505617977,0.4089887640449438,3,0,1.2,Galatea,2025-09,0.09624453882376353,0.16224625808465587,6.16347034320031
18656,2025-09-27,1960.0,0,18.0,7168,1509,3,1,0.0769230769230769,0.4615384615384615,0.4259518259518259,12.25393260503716,12.755102040816324,0.9199122561574749,4,0.3,1004000.0,365,60.0,0.1583072100313479,0.463949843260188,0.1811320754716981,0.4981132075471698,2,0,35.7,God save the Queen,2025-09,0.11127287149429321,0.10061895453678353,9.938485294382854
18656,2025-09-27,1960.0,0,18.0,7103,138,3,1,0.0,0.5,0.5327329416615131,12.26818567230812,12.853470437017997,0.903260442618406,9,0.0,1172000.0,365,60.0,0.1284422110552764,0.3764824120603015,0.1058823529411764,0.3294117647058823,0,0,9.7,Grace Kelly,2025-09,0.07488548258940379,0.06771550753513854,14.767666025113757
18656,2025-09-27,1960.0,0,18.0,7253,2036,8,1,0.1538461538461538,0.3076923076923077,0.3937728937728938,13.066939046053475,13.605442176870747,0.9697449577630278,4,0.1,13976689.0,365,60.0,0.0588235294117647,0.1176470588235294,0.1564245810055866,0.3407821229050279,4,0,85.6,Baria TRGF Risaia,2025-09,0.11127287149429321,0.10061895453678353,9.938485294382854
18656,2025-09-27,1960.0,0,18.0,5906,28,9,1,0.1666666666666666,0.5980392156862745,0.679104419545596,12.731618256551814,13.386880856760374,0.8710076069205591,6,0.0,11665440.0,365,60.0,0.1417810061877858,0.3968253968253968,0.0780141843971631,0.3333333333333333,4,0,10.9,Anybody,2025-09,0.08831922461589177,0.07986302435635578,12.521439152340546
18656,2025-09-27,1960.0,0,18.0,7186,860,3,1,0.25,0.3333333333333333,0.5104166666666666,12.56946055260376,12.903225806451612,0.9537792098882902,17,0.1,1983000.0,365,60.0,0.1602008215426745,0.4203560018256503,0.2441471571906354,0.4816053511705686,0,0,28.5,Gina Fling,2025-09,0.16483033200105032,0.1490485098404889,6.709225077595179
18675,2025-10-04,1900.0,0,14.0,6692,708,5,1,0.125,0.3125,0.5295950577200578,12.328882036293328,13.003901170351105,0.8909366164426543,3,0.1,1837000.0,365,0.0,0.1578947368421052,0.3684210526315789,0.1058823529411764,0.3294117647058823,0,0,11.8,Excellence,2025-10,0.10943796361486118,0.12317363296032244,8.118620649292103
18673,2025-10-04,1900.0,0,14.0,7081,1463,4,1,0.1739130434782608,0.3478260869565217,0.5145507873768743,12.41932359417055,13.0718954248366,0.8963226749252461,7,0.0,1431000.0,365,0.0,0.1464019851116625,0.4243176178660049,0.1058823529411764,0.3294117647058823,1,1,1.8,Fancy,2025-10,0.17905161281426749,0.42083153791917766,2.376247761621074
18675,2025-10-04,1900.0,0,14.0,6709,2256,5,2,0.0256410256410256,0.3076923076923077,0.517961667961668,12.28718894693983,12.97016861219196,0.9137672613233944,3,0.0,1660000.0,365,0.0,0.3333333333333333,0.3333333333333333,0.1564245810055866,0.3407821229050279,0,0,19.7,Eccelenza,2025-10,0.110437773168087,0.12429892962037961,8.045121571473642
18675,2025-10-04,1900.0,0,14.0,6703,2263,5,0,0.1282051282051282,0.3333333333333333,0.4615708365708366,12.536507976724383,13.054830287206268,0.9000945560003086,6,0.7,2505000.0,365,0.0,0.0,0.25,0.0780141843971631,0.3333333333333333,0,0,19.7,Etalon N,2025-10,0.08604693661133449,0.096846774532685,10.325589105319228
18675,2025-10-04,1900.0,0,14.0,6343,1121,7,2,0.081967213114754,0.3934426229508196,0.5918328483902254,12.509172560553049,12.9366106080207,0.9242660594569756,16,0.0,3074000.0,365,0.0,0.0833333333333333,0.3333333333333333,0.1376146788990825,0.3990825688073394,0,0,5.3,Chicago,2025-10,0.06147942692041397,0.06919577188731339,14.451750052423993
18673,2025-10-04,1900.0,0,14.0,5907,2260,9,1,0.0736842105263157,0.2842105263157894,0.4545967190704033,12.304530899503568,12.836970474967906,0.8666481041481042,10,0.4,3526000.0,365,0.0,0.2745098039215686,0.6078431372549019,0.1236363636363636,0.4109090909090909,1,0,1.6,Always Winner,2025-10,0.13352918376525244,0.3138385121351221,3.1863520929816715
18671,2025-10-04,1800.0,0,15.0,7127,255,4,1,0.3571428571428571,0.7857142857142857,0.7755952380952381,12.655838839355162,13.14060446780552,0.950106291790746,16,0.0,2040000.0,365,100.0,0.3746167995095034,0.6756591048436542,0.4126984126984127,0.7936507936507936,2,1,1.6,Francesca,2025-10,0.21641435970862707,0.26621745536384545,3.7563276932133443
18673,2025-10-04,1900.0,0,14.0,5904,1563,9,1,0.09375,0.3645833333333333,0.5481056848244349,12.52279199350368,13.003901170351105,0.907123451930019,6,0.5,5377000.0,365,0.0,0.0892193308550185,0.4349442379182156,0.0780141843971631,0.3333333333333333,1,0,11.7,Australian Gold,2025-10,0.04755620968838533,0.11177309461898002,8.946696907774363
18673,2025-10-04,1900.0,0,14.0,6799,2401,5,0,0.0212765957446808,0.1489361702127659,0.4024853397193823,12.271435699792455,12.77139208173691,0.9146996761213072,3,0.4,1310000.0,365,0.0,0.1666666666666666,0.3333333333333333,0.0355555555555555,0.1377777777777777,0,0,15.6,Exclusive Fox,2025-10,0.0,0.0,inf
18673,2025-10-04,1900.0,0,14.0,7035,449,4,0,0.0869565217391304,0.217391304347826,0.3612036514210427,12.006416189920518,12.43781094527363,0.922051752366454,5,0.0,605000.0,365,0.0,0.1882556131260794,0.5025906735751295,0.0625,0.1875,0,0,46.9,Firkó,2025-10,0.017777778208255768,0.041783760707740286,23.932742842239037
18671,2025-10-04,1800.0,0,15.0,7034,32,4,2,0.0625,0.40625,0.5113647637085137,12.281564116634838,13.020833333333334,0.8539252716947234,5,0.3,1542000.0,365,100.0,0.0634431783184478,0.280874653526332,0.1123595505617977,0.4089887640449438,4,0,17.6,Formula,2025-10,0.072274645169576,0.08890709539918926,11.24769621040976
18671,2025-10-04,1800.0,0,15.0,6936,138,4,0,0.12,0.44,0.5196190476190476,12.304458049675851,12.87001287001287,0.9202206480028956,4,0.2,1730000.0,365,100.0,0.1287407109861418,0.3765816429001807,0.1058823529411764,0.3294117647058823,2,0,8.8,Aaron LV,2025-10,0.14027904470761618,0.1725612402671078,5.795044115654816
18675,2025-10-04,1900.0,0,14.0,6350,237,12,2,0.1470588235294117,0.4705882352941176,0.5891806722689076,12.791582886679103,13.66120218579235,0.9847390890239938,11,0.2,10978100.0,365,0.0,0.0,0.1666666666666666,0.1236363636363636,0.4109090909090909,0,0,4.5,Grand Illusion,2025-10,0.1662123848994573,0.18707386920241867,5.345481997370646
18671,2025-10-04,1800.0,0,15.0,6934,91,4,1,0.2916666666666667,0.4583333333333333,0.6023178210678211,12.424746703047672,12.903225806451612,0.9180979313089942,12,0.1,2061000.0,365,100.0,0.0945665698880132,0.3231024471173787,0.1058823529411764,0.3294117647058823,0,0,11.7,Zaira LV,2025-10,0.08703179905811946,0.10706028986331846,9.34053140783271
18673,2025-10-04,1900.0,0,14.0,6435,2223,6,1,0.0784313725490196,0.392156862745098,0.4951220892397363,12.537695667716472,12.9366106080207,0.9401278145315196,7,0.3,2832000.0,365,0.0,0.0714285714285714,0.4285714285714285,0.1196172248803827,0.3397129186602871,3,0,6.7,Ducks,2025-10,0.04755620968838533,0.11177309461898002,8.946696907774363
18675,2025-10-04,1900.0,0,14.0,5721,2561,10,2,0.0659340659340659,0.3516483516483517,0.55075123289409,12.437713968026705,12.903225806451612,0.9334754569776736,8,0.3,4269000.0,365,0.0,0.05,0.15,0.1441441441441441,0.4504504504504504,0,0,6.5,Zippy Boy,2025-10,0.03900920102993647,0.04390528525043153,22.776301174131905
18669,2025-10-04,1980.0,0,14.0,7055,138,4,1,0.0,0.3636363636363636,0.5743572084481176,12.274714019901175,12.594458438287154,0.9585263708932152,3,0.0,450000.0,365,80.0,0.1287407109861418,0.3765816429001807,0.1058823529411764,0.3294117647058823,0,0,5.5,Feeling Great BD,2025-10,0.08703179905811946,0.09631051141444796,10.383082649169545
18675,2025-10-04,1900.0,0,14.0,5625,2130,11,2,0.1009174311926605,0.3853211009174312,0.5077978341739809,12.410140489593571,13.003901170351105,0.8409371362835787,8,0.2,5421000.0,365,0.0,0.0769230769230769,0.3846153846153846,0.1123595505617977,0.4089887640449438,0,0,11.8,Vanderle,2025-10,0.115449624756972,0.12993982376414728,7.695870065324176
18671,2025-10-04,1800.0,0,15.0,7105,69,3,2,0.1538461538461538,0.3846153846153846,0.5322344322344322,12.43888342772802,12.953367875647668,0.9245270734639992,15,0.0,1758000.0,365,100.0,0.0730211817168338,0.2564102564102564,0.1196172248803827,0.3397129186602871,0,0,11.7,Gomez de Boko,2025-10,0.072274645169576,0.08890709539918926,11.24769621040976
18669,2025-10-04,1980.0,0,14.0,7189,33,3,1,0.0,0.3529411764705882,0.3860559375265258,12.079505804035222,12.77139208173691,0.9045727922501547,3,0.1,492000.0,365,80.0,0.1038961038961039,0.3372803666921314,0.1123595505617977,0.4089887640449438,2,1,6.3,Galatea,2025-10,0.12085707237323125,0.13374199515910087,7.477083012036642
18669,2025-10-04,1980.0,0,14.0,7199,615,3,1,0.0,0.2142857142857142,0.322005772005772,11.903652307722725,12.547051442910917,0.9117988923120856,6,0.2,520000.0,365,80.0,0.1112224448897795,0.3597194388777555,0.0355555555555555,0.1377777777777777,0,0,22.1,Gingerly KJ,2025-10,0.0,0.0,inf
18675,2025-10-04,1900.0,0,14.0,6328,1677,7,1,0.0595238095238095,0.2976190476190476,0.5124111008039579,12.44847956091238,13.10615989515072,0.8991880580411022,14,0.1,3415000.0,365,0.0,0.0,0.1666666666666666,0.0973451327433628,0.3716814159292035,0,0,8.4,Credit Card,2025-10,0.08604693661133449,0.096846774532685,10.325589105319228
18669,2025-10-04,1980.0,0,14.0,7425,2133,4,1,0.0,0.1428571428571428,0.2734487734487735,12.559433103945183,12.722646310432571,0.9916980272293082,0,0.0,570863.0,365,80.0,0.0,0.0833333333333333,0.0625,0.1875,2,0,11.0,Vikens Lagunitas,2025-10,0.072274645169576,0.07998005457673268,12.503117249571295
18669,2025-10-04,1980.0,0,14.0,7125,2139,4,1,0.0,0.2222222222222222,0.3376102292768959,12.03139945072735,12.31527093596059,0.972746583104245,4,0.1111111111111111,150000.0,224,80.0,0.0603015075376884,0.2261306532663316,0.1335740072202166,0.296028880866426,4,0,5.5,Florenza,2025-10,0.04255150382717451,0.04708804298429227,21.236813777408038
18669,2025-10-04,1980.0,0,14.0,7193,32,3,1,0.0588235294117647,0.4117647058823529,0.5325439266615737,12.340379921252705,12.804097311139566,0.93542174094845,12,0.0,545000.0,365,80.0,0.0634431783184478,0.280874653526332,0.1123595505617977,0.4089887640449438,4,0,14.7,Grazia,2025-10,0.072274645169576,0.07998005457673268,12.503117249571295
18669,2025-10-04,1980.0,0,14.0,7079,23,3,0,0.0769230769230769,0.4615384615384615,0.4032051282051282,11.960119372312704,12.531328320802006,0.8417721518987341,3,0.6,435000.0,336,80.0,0.0823145884270578,0.3186634066829666,0.0780141843971631,0.3333333333333333,5,0,11.0,Griff Grand Laser,2025-10,0.08943023656805356,0.09896465329910659,10.104617827312973
18669,2025-10-04,1980.0,0,14.0,7175,620,4,2,0.2222222222222222,0.2222222222222222,0.2469135802469136,11.932561806221557,12.360939431396783,0.993857493857494,5,0.4444444444444444,250000.0,365,80.0,0.1408450704225352,0.4436619718309859,0.0793650793650793,0.3968253968253968,1,0,5.5,Fearless ASM,2025-10,0.11232762783765793,0.12430320181928196,8.04484506725618
18669,2025-10-04,1980.0,0,14.0,7358,1791,4,1,0.5,0.75,0.7704545454545455,12.541823570651925,12.56281407035176,0.9983291562238932,13,0.25,375000.0,91,80.0,0.1731843575418994,0.3910614525139664,0.2152466367713004,0.5381165919282511,1,0,2.3,Fiona May,2025-10,0.18242998917897543,0.2018793790925339,4.953452920724695
18675,2025-10-04,1900.0,0,14.0,6899,582,5,1,0.3076923076923077,0.6538461538461539,0.7065934065934065,12.730256010918378,13.192612137203168,0.9176666869686324,18,0.0,3585000.0,365,0.0,0.075801749271137,0.2128279883381924,0.1196172248803827,0.3397129186602871,0,1,1.9,Eunike T Boko,2025-10,0.11436506360769272,0.128719138249617,7.768852507859106
18669,2025-10-04,1980.0,0,14.0,7244,635,3,1,0.0,0.4,0.270995670995671,11.663420273832756,12.004801920768308,0.9715629088102684,5,0.2,0.0,364,80.0,0.2028985507246377,0.4529828109201213,0.1335740072202166,0.296028880866426,3,0,22.1,Coco,2025-10,0.12448084354400635,0.13775210707777116,7.259417087793994
18671,2025-10-04,1800.0,0,15.0,7314,1791,5,0,0.6666666666666666,0.6666666666666666,0.6666666666666666,12.345848365546852,12.391573729863692,0.996309963099631,10,0.0,0.0,224,100.0,0.1731843575418994,0.3910614525139664,0.2152466367713004,0.5381165919282511,0,0,1.9,Anointed,2025-10,0.22464875876903534,0.2763468237073498,3.6186411936436658
18676,2025-10-04,1800.0,0,15.0,7267,138,2,2,1.0,1.0,1.0,11.45475372279496,11.45475372279496,1.0,5,0.0,0.0,56,100.0,0.1287407109861418,0.3765816429001807,0.1058823529411764,0.3294117647058823,3,0,8.2,Habi K,2025-10,0.15621271977821985,0.11699124799031098,8.547647941005112
18672,2025-10-04,1900.0,0,15.0,6864,1563,7,0,0.173076923076923,0.6730769230769231,0.687110805860806,12.912323728779844,13.280212483399737,0.9705219939011022,7,0.2,5884600.0,365,0.0,0.0892193308550185,0.4349442379182156,0.1082251082251082,0.3939393939393939,0,0,19.7,In Love Danover,2025-10,0.1580298220117887,0.13511909299309333,7.400878571995118
18678,2025-10-04,1900.0,0,15.0,6342,2223,7,2,0.1269841269841269,0.4761904761904761,0.5784265558075082,12.674140163186488,13.14060446780552,0.9009068043951408,10,0.3,4781000.0,365,0.0,0.0714285714285714,0.4285714285714285,0.1196172248803827,0.3397129186602871,1,0,4.9,Carlos Fox,2025-10,0.15599394092957178,0.16319094768880277,6.127790874203093
18678,2025-10-04,1900.0,0,15.0,7136,2401,4,2,0.0909090909090909,0.5,0.4641233766233766,12.545320764962572,12.953367875647668,0.9433342602007097,8,0.2,1325000.0,365,0.0,0.1666666666666666,0.3333333333333333,0.2152466367713004,0.5381165919282511,0,0,14.7,First Home,2025-10,0.15617734690507254,0.1633828153650433,6.120594737982192
18677,2025-10-04,1800.0,0,14.0,6228,635,7,2,0.2758620689655172,0.5172413793103449,0.5763957307060756,12.770106798450303,13.297872340425531,0.8944675282776664,8,0.6,5571000.0,365,100.0,0.2028985507246377,0.4529828109201213,0.1335740072202166,0.296028880866426,2,1,1.8,Creatine,2025-10,0.13045340031385422,0.15247389699223593,6.558499649621473
18677,2025-10-04,1800.0,0,14.0,6066,860,8,1,0.1538461538461538,0.5230769230769231,0.6668620268620269,12.662489593206278,13.157894736842104,0.905425041149228,11,0.0,6461080.0,365,100.0,0.1601455868971792,0.4199272065514103,0.1236363636363636,0.4109090909090909,2,0,4.8,Berill Lady,2025-10,0.13045340031385422,0.15247389699223593,6.558499649621473
18677,2025-10-04,1800.0,0,14.0,6340,33,7,2,0.1639344262295081,0.360655737704918,0.5469093747782272,12.534834840869625,13.089005235602093,0.899006891762971,13,0.4,4205500.0,365,100.0,0.1038961038961039,0.3372803666921314,0.1123595505617977,0.4089887640449438,4,0,6.9,Cunami,2025-10,0.17075109481811523,0.19957383080833252,5.010676980793058
18677,2025-10-04,1800.0,0,14.0,5831,1506,12,2,0.1203703703703703,0.4722222222222222,0.6590528298861633,12.724303463543713,13.531799729364003,0.9367595940032272,5,0.1,9976900.0,365,100.0,0.2297297297297297,0.527027027027027,0.0789473684210526,0.4473684210526316,0,0,8.1,King's Call,2025-10,0.13045340031385422,0.15247389699223593,6.558499649621473
18677,2025-10-04,1800.0,0,14.0,5531,23,11,1,0.1300813008130081,0.4390243902439024,0.597270028977346,12.667971582921044,13.227513227513228,0.8965304900166179,5,0.3,8786000.0,365,100.0,0.0823145884270578,0.3186634066829666,0.0930232558139534,0.3255813953488372,3,0,9.7,Very Nice Photo,2025-10,0.11824465294679005,0.1382043165599022,7.23566401463711
18677,2025-10-04,1800.0,0,14.0,6331,2139,7,0,0.1929824561403508,0.5087719298245614,0.6172305764411028,12.83167138909856,13.368983957219251,0.93040529204466,15,0.0,7156400.0,365,100.0,0.0603015075376884,0.2261306532663316,0.1335740072202166,0.296028880866426,0,0,6.1,Charming Boy,2025-10,0.08294798557957013,0.09694958183186342,10.314639641605348
18677,2025-10-04,1800.0,0,14.0,6617,39,6,0,0.1914893617021276,0.4680851063829787,0.5923160173160174,12.71685716224545,13.123359580052494,0.920633098085466,11,0.1,3549000.0,365,100.0,0.1692540704278682,0.4365770541461568,0.15,0.4375,0,0,5.4,Diófás,2025-10,0.09227464596430461,0.10785057982319403,9.272087379032737
18674,2025-10-04,1800.0,0,14.0,6983,2271,4,1,0.15,0.3,0.4407936507936508,12.33568178342567,12.903225806451612,0.937453726059,11,0.2,1075000.0,365,100.0,0.2197802197802197,0.4725274725274725,0.1811320754716981,0.4981132075471698,4,1,4.6,Fondorlat,2025-10,0.22009297211964926,0.28310621918936285,3.5322431377995422
18674,2025-10-04,1800.0,0,14.0,6021,1076,9,1,0.1224489795918367,0.5,0.6227832258444503,12.519760257420574,13.03780964797914,0.8910351652697485,6,0.1,6936000.0,365,100.0,0.1141804788213628,0.3720073664825046,0.1196172248803827,0.3397129186602871,2,0,1.7,Anna,2025-10,0.1673727184534073,0.21529200619377484,4.644854296633494
18674,2025-10-04,1800.0,0,14.0,6003,39,9,1,0.1466666666666666,0.4133333333333333,0.5640394420394421,12.666329097962826,13.123359580052494,0.937007639440624,14,0.2,4644000.0,365,100.0,0.1692540704278682,0.4365770541461568,0.15,0.4375,1,0,4.6,Ambrosia Gielle,2025-10,0.13045340031385422,0.1678025817342966,5.959383876366268
18674,2025-10-04,1800.0,0,14.0,6877,28,6,1,0.1111111111111111,0.3555555555555555,0.5428924162257496,12.582095102602452,13.003901170351105,0.933924972108228,18,0.1,2434000.0,365,100.0,0.1416285944638538,0.3963988175221714,0.0780141843971631,0.3333333333333333,0,0,5.5,Petra La Roque,2025-10,0.1053032527367274,0.1354518750123021,7.38269588301511
18672,2025-10-04,1900.0,0,15.0,6514,1463,6,2,0.3255813953488372,0.627906976744186,0.6777282794724655,12.793860568340854,13.26259946949602,0.926566895671848,13,0.2,7157000.0,365,0.0,0.1464019851116625,0.4243176178660049,0.1376146788990825,0.3990825688073394,0,1,1.6,El Valle Sagrado,2025-10,0.3123655865589778,0.26707968281427374,3.7442009420664037
18674,2025-10-04,1800.0,0,14.0,6953,1509,5,0,0.1290322580645161,0.1290322580645161,0.2632255737094446,12.390244494493416,12.722646310432571,0.9713141574059064,15,0.5,880000.0,365,100.0,0.159375,0.4640625,0.1811320754716981,0.4981132075471698,0,0,6.1,Eposz,2025-10,0.09125156203905742,0.11737714510010362,8.519546110506969
18678,2025-10-04,1900.0,0,15.0,6525,1463,8,0,0.1228070175438596,0.5263157894736842,0.6669926077820815,12.851415184973764,13.642564802182813,0.958258244511508,4,0.1,6072290.0,365,0.0,0.1464019851116625,0.4243176178660049,0.1179487179487179,0.2871794871794871,0,0,3.6,Big Ben Pax,2025-10,0.16602897892395654,0.17368896671850437,5.757418095650762
18678,2025-10-04,1900.0,0,15.0,5905,1563,9,0,0.173469387755102,0.4795918367346938,0.6373096857790735,12.712283198209333,13.26259946949602,0.9015243416546748,8,0.1,9000500.0,365,0.0,0.0892193308550185,0.4349442379182156,0.0780141843971631,0.3333333333333333,0,0,6.3,Adamo Fling,2025-10,0.09710017591714859,0.10158003339259851,9.84445433420052
18674,2025-10-04,1800.0,0,14.0,6962,69,4,1,0.1071428571428571,0.3928571428571428,0.5325306637806638,12.2315442157882,12.9366106080207,0.8826353625709418,10,0.1,1346500.0,365,100.0,0.0730211817168338,0.2564102564102564,0.1196172248803827,0.3397129186602871,0,0,7.9,Flinga VT,2025-10,0.06294798478484154,0.08097017277016008,12.350226827829244
18678,2025-10-04,1900.0,0,15.0,5325,2260,12,2,0.1428571428571428,0.3609022556390977,0.5474074797383068,12.46108975065379,13.157894736842104,0.8681584936097093,3,0.3,8436000.0,365,0.0,0.2745098039215686,0.6078431372549019,0.1236363636363636,0.4109090909090909,0,1,1.5,Ultimate Force,2025-10,0.23806217312812805,0.24904551683308573,4.015330260573275
18678,2025-10-04,1900.0,0,15.0,6702,1867,5,2,0.2121212121212121,0.3636363636363636,0.6136658795749705,12.515495607001554,13.089005235602093,0.9062831594516142,6,0.0,2245000.0,365,0.0,0.1052631578947368,0.2719298245614035,0.1236363636363636,0.4109090909090909,0,0,7.3,Ezigen,2025-10,0.1425356318553289,0.14911172000196532,6.70638096044241
18672,2025-10-04,1900.0,0,15.0,7171,2401,7,2,0.0666666666666666,0.4333333333333333,0.5506481481481482,12.758345142948937,13.297872340425531,0.9778093513101728,3,0.0,5716660.0,365,0.0,0.1666666666666666,0.3333333333333333,0.1144578313253012,0.3313253012048193,0,0,13.4,Peter Piper,2025-10,0.14521055420239767,0.12415832737816238,8.05423221395527
18672,2025-10-04,1900.0,0,15.0,6441,2223,6,1,0.1320754716981132,0.3584905660377358,0.4915230471834245,12.652539217632157,13.054830287206268,0.9073133897625992,7,0.2,6883000.0,365,0.0,0.0714285714285714,0.4285714285714285,0.1196172248803827,0.3397129186602871,0,0,19.7,Diána Gull,2025-10,0.12372452765703201,0.10578728587551002,9.452931812399415
18672,2025-10-04,1900.0,0,15.0,7001,449,4,0,0.24,0.68,0.7063015873015872,12.700606575423524,13.404825737265416,0.9011585266531648,12,0.0,5824000.0,365,0.0,0.1882556131260794,0.5025906735751295,0.1811320754716981,0.4981132075471698,0,0,1.7,Fárosz,2025-10,0.27498344083627063,0.23511709777883005,4.253199828711224
18676,2025-10-04,1800.0,0,15.0,7294,2450,2,2,1.0,1.0,1.0,12.21001221001221,12.21001221001221,1.0,5,0.0,0.0,14,100.0,0.3529411764705882,0.6617647058823529,0.4215686274509804,0.7254901960784313,0,1,4.8,Hidalgo TIM,2025-10,0.31134259204069775,0.23317152692234222,4.288688302551837
18676,2025-10-04,1800.0,0,15.0,7429,620,2,1,0.0,1.0,0.7878787878787878,11.852396288025854,12.31527093596059,0.9624145785876994,6,0.0,175000.0,42,100.0,0.1408450704225352,0.4436619718309859,0.0793650793650793,0.3968253968253968,2,0,4.8,Hippy Glory K,2025-10,0.14142019301652908,0.10591278927557086,9.441730378737683
18672,2025-10-04,1900.0,0,15.0,6308,2260,7,2,0.2241379310344827,0.6206896551724138,0.6046729611384783,12.828735117931105,13.333333333333334,0.8735735460509194,15,0.3,6083000.0,365,0.0,0.2745098039215686,0.6078431372549019,0.1236363636363636,0.4109090909090909,0,0,8.1,Csábító R.,2025-10,0.15524559219678244,0.1327385131601305,7.53360856764788
18676,2025-10-04,1800.0,0,15.0,7256,23,2,0,0.0,0.3333333333333333,0.2828282828282828,11.820347484683149,11.83431952662722,0.998819362455726,2,0.3333333333333333,0.0,63,100.0,0.0823145884270578,0.3186634066829666,0.0780141843971631,0.3333333333333333,2,0,11.5,Hélium Boy,2025-10,0.031550069650014244,0.023628562563770394,42.321660376128726
18676,2025-10-04,1800.0,0,15.0,7415,1791,2,0,0.5,0.5,0.7727272727272727,11.759471141622171,12.07729468599034,0.9736842105263156,5,0.0,0.0,42,100.0,0.1731843575418994,0.3910614525139664,0.2152466367713004,0.5381165919282511,0,0,8.2,Hugo CD,2025-10,0.15261556456486383,0.11429725688495895,8.749116358991078
18676,2025-10-04,1800.0,0,15.0,7259,91,2,0,0.0,0.0,0.3333333333333333,11.614401858304298,11.614401858304298,1.0,0,0.0,0.0,63,100.0,0.0945665698880132,0.3231024471173787,0.2441471571906354,0.4816053511705686,0,0,6.4,Hollywood Boy,2025-10,0.01312335953116417,0.009828381527164871,101.74615192095249
18676,2025-10-04,1800.0,0,15.0,7420,32,2,2,0.0,0.3333333333333333,0.2272727272727272,11.061081614893473,11.415525114155251,0.968950749464668,3,0.3333333333333333,0.0,63,100.0,0.0634431783184478,0.280874653526332,0.1123595505617977,0.4089887640449438,1,0,28.9,Héliosz R,2025-10,0.08604693661133449,0.06444250195627647,15.517709114995084
18676,2025-10-04,1800.0,0,15.0,7421,33,2,2,0.0,0.3333333333333333,0.202020202020202,11.54652857915735,11.806375442739078,0.9779909706546276,2,0.3333333333333333,0.0,56,100.0,0.1038961038961039,0.3372803666921314,0.1123595505617977,0.4089887640449438,2,0,14.4,Hórusz Szeme,2025-10,0.08654814958572388,0.06481787171788105,15.427843795187956
18676,2025-10-04,1800.0,0,15.0,7461,2271,2,1,0.0,0.5,0.3484848484848485,11.607817366749124,11.890606420927467,0.9762174405436012,2,0.0,0.0,28,100.0,0.2197802197802197,0.4725274725274725,0.1811320754716981,0.4981132075471698,0,0,28.9,Happy Lady VT,2025-10,0.09963326404492061,0.07461761064343637,13.401662038986283
18676,2025-10-04,1800.0,0,15.0,7356,1509,2,1,0.0,1.0,0.6666666666666667,11.641443538998836,11.641443538998836,1.0,3,0.0,0.0,28,100.0,0.159375,0.4640625,0.1811320754716981,0.4981132075471698,2,0,19.2,Holiday,2025-10,0.1053032527367274,0.0788639937426308,12.680057812738426
18676,2025-10-04,1800.0,0,15.0,7257,5,2,0,0.0,0.5,0.6309523809523809,12.056440711962257,12.1654501216545,0.9910394265232976,3,0.0,100000.0,63,100.0,0.2188340807174887,0.465321375186846,0.2441471571906354,0.4816053511705686,0,0,2.6,Happy Holiday,2025-10,0.15145523101091385,0.11342825677565692,8.816145362948152
18685,2025-10-11,1900.0,0,18.0,5288,33,12,2,0.1627906976744186,0.3875968992248062,0.5463209056232312,12.474376319060166,12.987012987012989,0.8527131782945737,1,0.6,8084500.0,365,0.0,0.1041984732824427,0.3375954198473282,0.1123595505617977,0.4089887640449438,0,0,10.8,Usain,2025-10,0.10418739045659701,0.12814948858387792,7.803386584297355
18685,2025-10-11,1900.0,0,18.0,6378,1492,7,2,0.0930232558139534,0.2558139534883721,0.398056981777912,12.362038414402871,12.78772378516624,0.9291069580626344,5,0.4,1600000.0,365,0.0,0.0946372239747634,0.3564668769716088,0.1058823529411764,0.3294117647058823,3,0,10.8,Chesterfield,2025-10,0.12827969094117483,0.15778278655186892,6.3378269699354295
18684,2025-10-11,1800.0,0,18.0,5955,503,9,2,0.058252427184466,0.2912621359223301,0.4918008097619748,12.475788301565432,12.987012987012989,0.9246423565700652,13,0.0,4462000.0,365,100.0,0.0833333333333333,0.3541666666666667,0.0425531914893617,0.2765957446808511,1,1,1.5,Atom Maki,2025-10,0.03900920102993647,0.06755524303386214,14.80270005836185
18684,2025-10-11,1800.0,0,18.0,7370,138,4,2,0.0,0.1666666666666666,0.523819544652878,12.629275953922404,12.97016861219196,0.974231280111626,7,0.1,943669.0,365,100.0,0.1286631874749096,0.376756322761943,0.1058823529411764,0.3294117647058823,3,0,3.5,Another Star,2025-10,0.12777847796678543,0.2212838485699497,4.519082646395186
18679,2025-10-11,1980.0,0,18.0,7394,1076,4,0,0.0769230769230769,0.3076923076923077,0.4155982905982905,12.94641737672928,13.26259946949602,0.9784340398569272,10,0.2,2911890.0,365,80.0,0.1139705882352941,0.3731617647058823,0.1144578313253012,0.3313253012048193,5,0,7.9,Furio Ferm,2025-10,0.08604693661133449,0.1249762035937027,8.001523259987936
18684,2025-10-11,1800.0,0,18.0,6770,1640,5,2,0.3214285714285714,0.3571428571428571,0.5610041743970315,12.418536940060743,12.919896640826872,0.9452122954404152,19,0.0,1818000.0,365,100.0,0.0785123966942148,0.2603305785123967,0.1376146788990825,0.3990825688073394,0,0,5.5,Top of Climb,2025-10,0.13020677864551544,0.22548912420184505,4.434803689710803
18684,2025-10-11,1800.0,0,18.0,6674,2125,6,1,0.032258064516129,0.0967741935483871,0.3594109295722199,12.354495185759545,12.919896640826872,0.9117367662189972,7,0.0,1012323.0,365,100.0,0.0236686390532544,0.1420118343195266,0.1058823529411764,0.3294117647058823,4,0,18.4,Démon Jewel GG,2025-10,0.04255150382717451,0.07368972208108232,13.570413508951484
18684,2025-10-11,1800.0,0,18.0,6695,1492,5,1,0.0303030303030303,0.3636363636363636,0.4734126984126984,12.410791883383656,12.755102040816324,0.9411978052976736,11,0.0,1533000.0,365,100.0,0.0946372239747634,0.3564668769716088,0.1058823529411764,0.3294117647058823,0,0,12.3,Ékszer K,2025-10,0.09227464596430461,0.15979912352468748,6.25785660110651
18679,2025-10-11,1980.0,0,18.0,6433,2225,8,0,0.3658536585365853,0.5609756097560976,0.6213317847464189,13.339355609465825,13.908205841446453,0.9400753869747228,17,0.1,21584000.0,365,80.0,0.1111111111111111,0.4814814814814814,0.2441471571906354,0.4816053511705686,0,1,3.7,Digital Races,2025-10,0.14521055420239767,0.21090656449427553,4.741436106542536
18679,2025-10-11,1980.0,0,18.0,6954,5,6,0,0.2857142857142857,0.5,0.6233182161753591,13.093681273546975,13.531799729364003,0.963734577608923,20,0.2,13683180.0,365,80.0,0.2188013749813182,0.4652518308175161,0.2441471571906354,0.4816053511705686,1,0,5.0,Palace Bo,2025-10,0.13400618731975555,0.1946331294155981,5.137871455915968
18679,2025-10-11,1980.0,0,18.0,6943,255,5,1,0.3333333333333333,0.5416666666666666,0.5982954545454545,12.559980020721571,13.003901170351105,0.9054277181531576,10,0.3,2738000.0,365,80.0,0.375,0.6758578431372549,0.4126984126984127,0.7936507936507936,3,0,2.5,Elizabeth Boss,2025-10,0.11424501612782478,0.16593162938093636,6.0265785596804875
18685,2025-10-11,1900.0,0,18.0,6262,27,8,2,0.0704225352112676,0.1830985915492957,0.4184785480560128,12.315622851301192,12.9366106080207,0.8956212030899304,3,0.3,2783000.0,365,0.0,0.0621409921671018,0.2323759791122715,0.1376146788990825,0.3990825688073394,0,0,18.1,Bronz Boy,2025-10,0.029682540645202,0.0365092396199079,27.390326679241934
18684,2025-10-11,1800.0,0,18.0,5990,2277,9,1,0.0491803278688524,0.2459016393442623,0.426253755352116,12.340641442175258,12.755102040816324,0.946390525340854,3,0.1,2096000.0,365,100.0,0.075,0.2375,0.0425531914893617,0.2765957446808511,3,0,13.8,Aranyérem M,2025-10,0.0250281219681104,0.04334312976416261,23.071707221909705
18685,2025-10-11,1900.0,0,18.0,6330,860,7,0,0.0727272727272727,0.4727272727272727,0.6153541912632822,12.565193108521711,13.020833333333334,0.905217393616989,13,0.0,4888000.0,365,0.0,0.16,0.4204545454545454,0.1236363636363636,0.4109090909090909,3,0,2.8,Che Comandante,2025-10,0.15621271977821985,0.19214014346788888,5.204534471304397
18685,2025-10-11,1900.0,0,18.0,6709,5,5,2,0.025,0.3,0.5081376262626263,12.291050984125755,12.97016861219196,0.9137672613233944,3,0.0,1660000.0,365,0.0,0.2188013749813182,0.4652518308175161,0.1564245810055866,0.3407821229050279,1,0,2.1,Eccelenza,2025-10,0.1207313562432925,0.14849840744462436,6.734078952145691
18685,2025-10-11,1900.0,0,18.0,6854,1076,5,1,0.0888888888888888,0.4222222222222222,0.554057239057239,12.48224440445322,13.003901170351105,0.9332263565290698,9,0.0,2575000.0,365,0.0,0.1139705882352941,0.3731617647058823,0.2,0.6,1,1,5.4,Elegáns Hölgy,2025-10,0.11774343997240067,0.1448232991578327,6.904966299035699
18681,2025-10-11,1800.0,0,17.0,7200,1854,3,1,0.0,0.0769230769230769,0.2691336441336441,11.95586295981571,12.285012285012284,0.9513941892802876,4,0.0,96000.0,365,100.0,0.036231884057971,0.1521739130434782,0.0355555555555555,0.1377777777777777,0,0,10.0,Icibell BD,2025-10,0.0,0.0,inf
18681,2025-10-11,1800.0,0,17.0,7194,33,3,1,0.0,0.2222222222222222,0.389057239057239,11.967362430043543,12.31527093596059,0.9630616909649524,6,0.0,225000.0,365,100.0,0.1041984732824427,0.3375954198473282,0.1123595505617977,0.4089887640449438,6,0,7.1,Gyémánt Lady,2025-10,0.07890242586533229,0.09748673226546747,10.25780613178095
18681,2025-10-11,1800.0,0,17.0,7064,23,3,1,0.0,0.2222222222222222,0.2929012345679012,11.62754138846912,12.106537530266344,0.9435280329991792,5,0.0,75000.0,365,100.0,0.0822475570032573,0.3184039087947882,0.0780141843971631,0.3333333333333333,5,0,8.3,Ganybody,2025-10,0.03435478235284487,0.042446546256846074,23.55904280053676
18681,2025-10-11,1800.0,0,17.0,7345,860,5,0,0.0,0.5,0.25,12.160787313715597,12.239902080783354,0.993536323530564,5,0.25,60000.0,119,100.0,0.16,0.4204545454545454,0.1236363636363636,0.4109090909090909,6,0,8.3,Esperanto,2025-10,0.17075109481811523,0.2109690048437771,4.740032786998743
18681,2025-10-11,1800.0,0,17.0,7192,32,3,1,0.25,0.375,0.3125,11.655692848841351,12.195121951219512,0.9121426406082764,8,0.5,0.0,365,100.0,0.0633651184250999,0.2808366656413411,0.1123595505617977,0.4089887640449438,4,0,50.3,Grófnő R.,2025-10,0.06294798478484154,0.07777445714843136,12.857691800940705
18681,2025-10-11,1800.0,0,17.0,7242,148,3,1,0.0,0.5714285714285714,0.5952174809317666,12.28330818092575,12.853470437017997,0.949647674756704,8,0.1428571428571428,235000.0,365,100.0,0.1295404814004376,0.4026258205689278,0.1082251082251082,0.3939393939393939,3,0,1.6,Golden Rose OZ,2025-10,0.14521055420239767,0.17941276537948786,5.573739404132329
18681,2025-10-11,1800.0,0,17.0,7414,69,4,1,0.25,0.5,0.5217532467532467,11.931359627968355,12.285012285012284,0.9712126737166242,7,0.25,60000.0,191,100.0,0.0729398663697104,0.2561247216035635,0.1196172248803827,0.3397129186602871,2,0,50.3,Fusion,2025-10,0.09875689695278804,0.12201763211991282,8.195536846816124
18681,2025-10-11,1800.0,0,17.0,7125,2139,4,1,0.0,0.2,0.3402128427128427,12.02048553668472,12.31527093596059,0.972746583104245,4,0.1,150000.0,231,100.0,0.0597014925373134,0.2238805970149253,0.1335740072202166,0.296028880866426,3,0,16.7,Florenza,2025-10,0.042237104227145515,0.052185433163843054,19.162435556688166
18681,2025-10-11,1800.0,0,17.0,7144,138,3,1,0.3333333333333333,0.6666666666666666,0.8333333333333334,12.164211946118636,12.515644555694616,0.971920534494879,8,0.0,150000.0,168,100.0,0.1286631874749096,0.376756322761943,0.1058823529411764,0.3294117647058823,2,0,3.3,Giadaz,2025-10,0.17620494465033212,0.21770742882223426,4.593320519239309
18685,2025-10-11,1900.0,0,18.0,7085,1509,5,0,0.1333333333333333,0.5333333333333333,0.6859163059163059,12.491431818043212,12.87001287001287,0.9433124942783632,14,0.1,1000000.0,365,0.0,0.1588785046728972,0.4626168224299065,0.1811320754716981,0.4981132075471698,3,0,4.1,El Nino N,2025-10,0.15617734690507254,0.19209663517399933,5.205713255176018
18679,2025-10-11,1980.0,0,18.0,7336,1791,5,2,0.3157894736842105,0.4210526315789473,0.6044277360066834,13.037600781362952,13.513513513513514,0.9673509906078795,10,0.2,6580724.0,365,80.0,0.1703296703296703,0.3846153846153846,0.2152466367713004,0.5381165919282511,0,0,2.9,Extra George,2025-10,0.12006040662527084,0.17437801289448923,5.734667940074929
18684,2025-10-11,1800.0,0,18.0,6995,148,4,0,0.0,0.2162162162162162,0.4613119613119613,12.181741366573933,12.836970474967906,0.9023155107638124,6,0.3,1036000.0,365,100.0,0.1295404814004376,0.4026258205689278,0.1082251082251082,0.3939393939393939,3,0,6.9,Fany,2025-10,0.12059277296066284,0.2088398088244107,4.7883591046608585
18686,2025-10-11,2500.0,0,18.0,6727,635,6,0,0.0869565217391304,0.3260869565217391,0.4163302277432712,12.414556055275328,13.0718954248366,0.8795989564936579,4,0.2,2245000.0,365,600.0,0.2030986864264062,0.453014482990906,0.1335740072202166,0.296028880866426,4,1,3.3,Västerbo No Edge,2025-10,0.08604693661133449,0.1098271373253544,9.105217748119733
18679,2025-10-11,1980.0,0,18.0,6855,110,5,1,0.1818181818181818,0.4772727272727273,0.493786075036075,12.891596813735834,13.368983957219251,0.9355187120597562,11,0.2,15030000.0,365,80.0,0.1638044914134742,0.4125935711140466,0.2441471571906354,0.4816053511705686,0,0,6.9,Eternity Bar,2025-10,0.08893746385971706,0.12917446022099816,7.7414683853847714
18687,2025-10-11,1900.0,0,18.0,6163,33,8,2,0.1294117647058823,0.3764705882352941,0.5200280112044818,12.656366377274011,13.227513227513228,0.8867931688804555,2,0.3,5991000.0,365,0.0,0.1041984732824427,0.3375954198473282,0.1123595505617977,0.4089887640449438,1,0,2.4,Bombay,2025-10,0.19257408628861108,0.20184194626238136,4.954371569029885
18687,2025-10-11,1900.0,0,18.0,6310,615,7,2,0.3235294117647059,0.6470588235294118,0.6707516339869282,12.514265685147077,13.03780964797914,0.9201989774646764,9,0.2,3373000.0,365,0.0,0.112,0.361,0.1441441441441441,0.4504504504504504,4,0,4.0,Compact Boy,2025-10,0.17958332101504007,0.18822598475484179,5.31276274794082
18687,2025-10-11,1900.0,0,18.0,6704,23,5,1,0.0465116279069767,0.3953488372093023,0.5104743447766704,12.611072622076536,13.03780964797914,0.9279059752321728,11,0.2,3300000.0,365,0.0,0.0822475570032573,0.3184039087947882,0.0930232558139534,0.3255813953488372,5,0,12.2,Emerald,2025-10,0.11486627658208211,0.12039435456800406,8.306037302065985
18687,2025-10-11,1900.0,0,18.0,5905,28,9,0,0.1717171717171717,0.4848484848484848,0.6369328202661536,12.71204741467965,13.26259946949602,0.9015243416546748,8,0.1,9072500.0,365,0.0,0.1415905427189683,0.3962923159591617,0.0780141843971631,0.3333333333333333,2,0,9.1,Adamo Fling,2025-10,0.12977667152881622,0.1360223302400744,7.35173407362627
18687,2025-10-11,1900.0,0,18.0,7034,32,4,2,0.0606060606060606,0.4242424242424242,0.5201112860203769,12.30472976349735,13.020833333333334,0.8539252716947234,5,0.3,1692000.0,365,0.0,0.0633651184250999,0.2808366656413411,0.1123595505617977,0.4089887640449438,3,0,4.5,Formula,2025-10,0.07201226179798444,0.07547793867902633,13.248904481249143
18687,2025-10-11,1900.0,0,18.0,6441,1408,6,1,0.1296296296296296,0.3518518518518518,0.4861244722355833,12.652324338756602,13.054830287206268,0.9073133897625992,7,0.2,6918000.0,365,0.0,0.1290322580645161,0.3963133640552995,0.1196172248803827,0.3397129186602871,0,1,4.5,Diána Gull,2025-10,0.12006040662527084,0.12583845837897004,7.946696207835289
18682,2025-10-11,1900.0,0,18.0,7189,33,3,1,0.0555555555555555,0.3888888888888889,0.4201639409972743,12.088206231100354,12.77139208173691,0.9045727922501547,3,0.1,742000.0,365,0.0,0.1041984732824427,0.3375954198473282,0.1123595505617977,0.4089887640449438,1,0,7.8,Galatea,2025-10,0.09232762704292934,0.08911773732196053,11.221110746867879
18682,2025-10-11,1900.0,0,18.0,7110,1791,3,1,0.0666666666666666,0.3333333333333333,0.3804617604617604,12.132717782126536,12.755102040816324,0.9319211798329218,12,0.0,748000.0,365,0.0,0.1703296703296703,0.3846153846153846,0.2152466367713004,0.5381165919282511,1,0,46.9,Guinevere,2025-10,0.14303684482971826,0.13806398337271103,7.243018603196802
18682,2025-10-11,1900.0,0,18.0,6918,1509,4,2,0.3333333333333333,0.75,0.5824074074074074,12.446037054036545,12.87001287001287,0.9229214548684572,15,0.3,960000.0,365,0.0,0.1588785046728972,0.4626168224299065,0.1811320754716981,0.4981132075471698,1,0,3.6,Front of the Line,2025-10,0.17248848328987756,0.16649169741732137,6.00630551260127
18682,2025-10-11,1900.0,0,18.0,7106,1076,3,2,0.0,0.2857142857142857,0.5959930942073799,12.376942126552771,12.804097311139566,0.9496504323293524,5,0.0,795000.0,365,0.0,0.1139705882352941,0.3731617647058823,0.1196172248803827,0.3397129186602871,4,0,11.7,Gentleman Jack,2025-10,0.1039711485306422,0.10035645668124968,9.964480941930637
18682,2025-10-11,1900.0,0,18.0,7269,2450,3,1,0.2,0.5,0.6626839826839828,12.412394641509064,12.82051282051282,0.9512642389775814,14,0.1,904000.0,336,0.0,0.3623188405797101,0.6666666666666666,0.4215686274509804,0.7254901960784313,0,0,5.2,Gloria Estefan A.T.,2025-10,0.13198339442412058,0.1273948205089308,7.8496126922985585
18687,2025-10-11,1900.0,0,18.0,6331,635,7,0,0.1896551724137931,0.5,0.6094622331691297,12.826598609499566,13.368983957219251,0.93040529204466,15,0.0,7156400.0,365,0.0,0.2030986864264062,0.453014482990906,0.1335740072202166,0.296028880866426,2,0,5.2,Charming Boy,2025-10,0.14521055420239767,0.15219898711670193,6.5703459592226325
18682,2025-10-11,1900.0,0,18.0,7109,635,3,1,0.0833333333333333,0.3333333333333333,0.4909060846560846,12.414087959369766,12.953367875647668,0.9458044775003264,6,0.1,972000.0,245,0.0,0.2030986864264062,0.453014482990906,0.1335740072202166,0.296028880866426,1,0,9.3,Gaya T Boko,2025-10,0.12912221749623617,0.12463311610844514,8.023549689072084
18682,2025-10-11,1900.0,0,18.0,7065,148,3,0,0.4285714285714285,0.7142857142857143,0.6854256854256854,12.736121074252528,12.88659793814433,0.985614467735306,13,0.2857142857142857,925000.0,251,0.0,0.1295404814004376,0.4026258205689278,0.1082251082251082,0.3939393939393939,3,0,1.5,Greenback,2025-10,0.19081416726112366,0.18418026521334424,5.429463351253487
18686,2025-10-11,2500.0,0,18.0,6328,175,7,1,0.0588235294117647,0.3058823529411765,0.5152062643239114,12.450351084981286,13.10615989515072,0.8991880580411022,14,0.1,3475000.0,365,600.0,0.0820895522388059,0.2671641791044776,0.0973451327433628,0.3716814159292035,1,0,5.1,Credit Card,2025-10,0.14860494683186212,0.18967387504623906,5.272207359902454
18686,2025-10-11,2500.0,0,18.0,6899,1408,5,1,0.3333333333333333,0.6666666666666666,0.7174603174603175,12.726404404079275,13.192612137203168,0.9176666869686324,18,0.0,3835000.0,365,600.0,0.1290322580645161,0.3963133640552995,0.1196172248803827,0.3397129186602871,1,0,2.9,Eunike T Boko,2025-10,0.12912221749623617,0.16480683765382775,6.067709412035881
18686,2025-10-11,2500.0,0,18.0,6983,2271,4,1,0.1904761904761904,0.3333333333333333,0.4674225245653817,12.35844440266137,12.903225806451612,0.937453726059,11,0.2,1325000.0,365,600.0,0.2228260869565217,0.4728260869565217,0.1811320754716981,0.4981132075471698,3,0,4.0,Fondorlat,2025-10,0.1411735713481903,0.18018874137497265,5.549736306326713
18686,2025-10-11,2500.0,0,18.0,5531,23,11,1,0.1290322580645161,0.4354838709677419,0.5951415072382814,12.667432974474986,13.227513227513228,0.8965304900166179,5,0.3,8816000.0,365,600.0,0.0822475570032573,0.3184039087947882,0.0930232558139534,0.3255813953488372,2,0,18.1,Very Nice Photo,2025-10,0.13045340031385422,0.16650591032129597,6.005792815824753
18686,2025-10-11,2500.0,0,18.0,6703,28,5,0,0.125,0.325,0.4500315656565656,12.530453888954469,13.054830287206268,0.9000945560003086,6,0.7,2505000.0,365,600.0,0.1415905427189683,0.3962923159591617,0.0780141843971631,0.3333333333333333,1,0,10.3,Etalon N,2025-10,0.06580037623643875,0.08398517415700092,11.906863443905129
18683,2025-10-11,1800.0,0,18.0,6898,32,5,2,0.2051282051282051,0.5641025641025641,0.6822973322973324,12.59142742577482,13.368983957219251,0.8944282060126223,12,0.1,4749000.0,365,100.0,0.0633651184250999,0.2808366656413411,0.1123595505617977,0.4089887640449438,5,1,2.2,Euzébió,2025-10,0.16523815194765726,0.18850586469287983,5.304874740259323
18686,2025-10-11,2500.0,0,18.0,4788,33,14,2,0.1717791411042944,0.4907975460122699,0.6111544896820971,12.53259334055658,13.14060446780552,0.8871785724942964,2,0.3,12028000.0,365,600.0,0.1041984732824427,0.3375954198473282,0.1123595505617977,0.4089887640449438,4,0,4.2,Szilvás,2025-10,0.08227464556694031,0.10501232412130931,9.522691820864843
18683,2025-10-11,1800.0,0,18.0,7363,2271,4,0,0.0,0.4,0.5744444444444444,13.11180540259378,13.333333333333334,0.9834583626960004,3,0.1,278000.0,365,100.0,0.2228260869565217,0.4728260869565217,0.0789473684210526,0.4473684210526316,0,0,4.0,Flying Dancer,2025-10,0.04290179101129373,0.04894292943931588,20.431960478375036
18683,2025-10-11,1800.0,0,18.0,6929,148,4,1,0.1538461538461538,0.5384615384615384,0.6349220224220224,12.7258662007852,13.351134846461948,0.934482437352072,14,0.1,3605000.0,365,100.0,0.1295404814004376,0.4026258205689278,0.1082251082251082,0.3939393939393939,3,0,8.2,Fendi,2025-10,0.14142019301652908,0.16133402277495482,6.198320619544101
18683,2025-10-11,1800.0,0,18.0,6987,615,4,2,0.16,0.56,0.5888946608946609,12.73916222586715,13.10615989515072,0.9576527545245676,12,0.0,2975000.0,365,100.0,0.112,0.361,0.1441441441441441,0.4504504504504504,1,0,18.6,Fabrice,2025-10,0.15910757333040237,0.18151201968982394,5.509277025889777
18683,2025-10-11,1800.0,0,18.0,7105,1408,3,2,0.1428571428571428,0.3571428571428571,0.5085034013605442,12.468239534865312,12.953367875647668,0.9245270734639992,15,0.0,1788000.0,365,100.0,0.1290322580645161,0.3963133640552995,0.1196172248803827,0.3397129186602871,0,0,41.4,Gomez de Boko,2025-10,0.08896737297375996,0.10149515335408196,9.852687216613598
18683,2025-10-11,1800.0,0,18.0,7396,110,4,1,0.0,0.25,0.4351851851851852,12.830212700195654,13.280212483399737,0.9685001484172624,6,0.0,3247736.0,365,100.0,0.1638044914134742,0.4125935711140466,0.1144578313253012,0.3313253012048193,2,0,31.0,Fiamma Sn,2025-10,0.09232762704292934,0.10532857554762715,9.494099723657833
18682,2025-10-11,1900.0,0,18.0,7193,32,3,1,0.0555555555555555,0.3888888888888889,0.5181096681096682,12.318948626131466,12.804097311139566,0.93542174094845,12,0.0,545000.0,365,0.0,0.0633651184250999,0.2808366656413411,0.1123595505617977,0.4089887640449438,3,1,46.9,Grazia,2025-10,0.072274645169576,0.06976192337603722,14.334467164984927
18683,2025-10-11,1800.0,0,18.0,6973,1791,5,2,0.3225806451612903,0.5806451612903226,0.6290450588837686,12.663494011894064,13.280212483399737,0.9184432736883748,11,0.2,3838000.0,365,100.0,0.1703296703296703,0.3846153846153846,0.2152466367713004,0.5381165919282511,0,0,1.8,Edoardo Ama,2025-10,0.18660498907168707,0.21288143450131639,4.697450495589442
18692,2025-10-18,1900.0,0,14.0,7114,5,3,1,0.1666666666666666,0.5,0.6037938912938913,12.218371546058911,13.089005235602093,0.8939608091500294,11,0.0,3049000.0,365,0.0,0.2187359928283281,0.4654116240848648,0.1564245810055866,0.3407821229050279,0,0,3.8,Ginevra,2025-10,0.1436523050069809,0.14543588970919763,6.87588188857319
18695,2025-10-18,1800.0,0,14.0,6355,1401,7,1,0.5483870967741935,0.8709677419354839,0.8769329237071173,13.017856916461144,13.513513513513514,0.9362816059453142,25,0.0,7134560.0,365,100.0,0.2328931572629051,0.5558223289315727,0.2152466367713004,0.5381165919282511,3,0,1.1,Coach Degli Dei,2025-10,0.225812296072642,0.2817041156340047,3.5498238914592886
18692,2025-10-18,1900.0,0,14.0,7185,91,3,0,0.5555555555555556,0.7777777777777778,0.6296296296296297,12.606373410528594,12.97016861219196,0.9538469609106957,11,0.1111111111111111,1400000.0,365,0.0,0.0944490472245236,0.3227009113504557,0.2441471571906354,0.4816053511705686,0,0,3.5,Győztes Szív,2025-10,0.17958332101504007,0.18181302463253604,5.500156009290913
18692,2025-10-18,1900.0,0,14.0,7176,615,3,0,0.3,0.7,0.7376587301587302,12.53652386532673,13.10615989515072,0.9291418647228058,14,0.0,3037000.0,365,0.0,0.1117764471057884,0.3602794411177645,0.1441441441441441,0.4504504504504504,0,0,3.3,Get Lucky,2025-10,0.10273966441551845,0.10401527843196945,9.61397224595273
18692,2025-10-18,1900.0,0,14.0,7186,898,3,1,0.2307692307692307,0.3076923076923077,0.4711538461538461,12.56946055260376,12.903225806451612,0.9537792098882902,17,0.1,1983000.0,365,0.0,0.0992907801418439,0.3156028368794326,0.1179487179487179,0.2871794871794871,1,0,25.1,Gina Fling,2025-10,0.13765223075946173,0.13936131863658735,7.175592264649138
18692,2025-10-18,1900.0,0,14.0,7109,635,3,1,0.0769230769230769,0.3846153846153846,0.5223748473748474,12.460070566774958,12.953367875647668,0.9458044775003264,6,0.1,1097000.0,252,0.0,0.2032301480484522,0.4535666218034993,0.1335740072202166,0.296028880866426,0,0,6.2,Gaya T Boko,2025-10,0.12085707237323125,0.12235763183469704,8.172763602935548
18692,2025-10-18,1900.0,0,14.0,7187,860,3,0,0.1428571428571428,0.4285714285714285,0.4640718408575551,12.533611248453903,12.919896640826872,0.9523565897484242,13,0.2,1142000.0,365,0.0,0.1598546775658492,0.4200726612170753,0.2441471571906354,0.4816053511705686,0,0,50.3,Genesis,2025-10,0.13250059386094412,0.13414571909742068,7.4545800397385005
18695,2025-10-18,1800.0,0,14.0,6731,255,6,1,0.6470588235294118,0.8823529411764706,0.8379551820728292,12.871204830893676,13.315579227696404,0.9360686025657868,22,0.2,8218000.0,365,100.0,0.3751529987760097,0.6762545899632803,0.4126984126984127,0.7936507936507936,2,1,3.7,Daytona Spav,2025-10,0.2301535109678904,0.2871198442019907,3.4828661974910147
18695,2025-10-18,1800.0,0,14.0,6864,148,7,0,0.1698113207547169,0.6792452830188679,0.689240790655885,12.913554470980102,13.280212483399737,0.9705219939011022,7,0.2,6059600.0,365,100.0,0.1293141109654871,0.4027959807776322,0.1082251082251082,0.3939393939393939,2,0,10.3,In Love Danover,2025-10,0.14142019301652908,0.17642374263665342,5.668171330315277
18695,2025-10-18,1800.0,0,14.0,7375,91,7,1,0.0,0.125,0.4192708333333333,12.960032456078874,13.531799729364003,0.9637249818443702,6,0.0,7040501.0,365,100.0,0.0944490472245236,0.3227009113504557,0.1058823529411764,0.3294117647058823,0,0,13.8,Lola Dragon,2025-10,0.01312335953116417,0.016371581420368823,61.0814541566426
18695,2025-10-18,1800.0,0,14.0,7394,1076,4,0,0.0714285714285714,0.2857142857142857,0.414484126984127,12.909637274276475,13.26259946949602,0.9784340398569272,10,0.2,2967890.0,365,100.0,0.1151736745886654,0.3729433272394881,0.1144578313253012,0.3313253012048193,4,0,20.7,Furio Ferm,2025-10,0.11880987882614136,0.14821704763382162,6.746862226473132
18698,2025-10-18,1900.0,0,14.0,5625,33,11,2,0.1,0.3909090909090909,0.5111360356814902,12.412340489479275,13.003901170351105,0.8409371362835787,8,0.2,5546000.0,365,0.0,0.1040991420400381,0.3372735938989514,0.1123595505617977,0.4089887640449438,4,1,4.2,Vanderle,2025-10,0.11880987882614136,0.09991065788724926,10.00894220042586
18698,2025-10-18,1900.0,0,14.0,6692,138,5,1,0.1212121212121212,0.303030303030303,0.5211224802133894,12.333396419966917,13.003901170351105,0.8909366164426543,3,0.1,1837000.0,365,0.0,0.1286115569823435,0.3770064205457464,0.1058823529411764,0.3294117647058823,0,0,3.6,Excellence,2025-10,0.13615973790486655,0.11450065538521065,8.733574464143757
18698,2025-10-18,1900.0,0,14.0,5925,1064,9,1,0.0978260869565217,0.3043478260869565,0.5625294089968004,12.417017858962732,12.853470437017997,0.9265608843277726,8,0.0,4486640.0,365,0.0,0.0970350404312668,0.2749326145552561,0.0833333333333333,0.2794117647058823,1,0,19.4,Anikó,2025-10,0.1039711485306422,0.08743234109505522,11.437415348547214
18698,2025-10-18,1900.0,0,14.0,6919,1854,4,1,0.125,0.2916666666666667,0.4774019961519962,12.413742651277309,12.755102040816324,0.9625855158983748,15,0.0,1110000.0,365,0.0,0.0361010830324909,0.151624548736462,0.0355555555555555,0.1377777777777777,3,0,12.1,Fermina Daza,2025-10,0.04345483208696047,0.03654242311400204,27.36545403352926
18698,2025-10-18,1900.0,0,14.0,6442,1076,6,1,0.0517241379310344,0.2758620689655172,0.3948978703289048,12.380371048592403,12.87001287001287,0.8860845603238185,7,0.2,2322000.0,365,0.0,0.1151736745886654,0.3729433272394881,0.1196172248803827,0.3397129186602871,3,0,5.7,Dulcinea del Toboso,2025-10,0.12777847796678543,0.10745261188402087,9.30642803805785
18692,2025-10-18,1900.0,0,14.0,7130,255,3,2,0.5555555555555556,0.8888888888888888,0.8638888888888889,12.679736333145623,13.123359580052494,0.956427047620499,21,0.0,8445000.0,189,0.0,0.3751529987760097,0.6762545899632803,0.4126984126984127,0.7936507936507936,1,1,2.3,Giovanni Fling,2025-10,0.17075109481811523,0.17287113765759177,5.784655631645774
18695,2025-10-18,1800.0,0,14.0,7389,1791,4,1,0.0,0.5625,0.6696428571428571,12.97441892848932,13.386880856760374,0.9840687899637702,2,0.1,7282746.0,329,100.0,0.1675675675675675,0.3837837837837838,0.1176470588235294,0.4117647058823529,0,0,10.3,Ferragni Dvs,2025-10,0.072274645169576,0.0901636684731607,11.090941805431012
18699,2025-10-18,1900.0,0,14.0,4968,1758,13,0,0.1596638655462184,0.4033613445378151,0.5595632192270849,12.40383244068157,12.903225806451612,0.8881702197554802,10,0.1,7798000.0,365,0.0,0.1428571428571428,0.4126984126984127,0.1179487179487179,0.2871794871794871,1,0,15.6,Titus Livius,2025-10,0.2123733808596929,0.16923313421187616,5.909008331359165
18693,2025-10-18,1900.0,0,14.0,7371,91,3,1,0.5,0.5,0.2954545454545454,11.697202521670606,11.82033096926714,0.9895833333333331,5,0.0,0.0,28,0.0,0.0944490472245236,0.3227009113504557,0.1058823529411764,0.3294117647058823,4,0,32.1,Tequila,2025-10,0.059062182903289795,0.051729572225190555,19.331302328323407
18699,2025-10-18,1900.0,0,14.0,6657,2237,6,1,0.1111111111111111,0.4166666666666667,0.4517857142857142,12.359250833915254,12.9366106080207,0.8816851131642012,8,0.4,1837000.0,365,0.0,0.2444444444444444,0.4740740740740741,0.1335740072202166,0.296028880866426,0,0,11.7,Dreamer,2025-10,0.1478868176539739,0.11784598219838509,8.485652046385198
18693,2025-10-18,1900.0,0,14.0,7349,1492,3,1,0.0,0.25,0.1863636363636363,11.972036564948896,12.300123001230013,0.9733265727303452,3,0.0,0.0,105,0.0,0.0941915227629513,0.3547880690737833,0.1058823529411764,0.3294117647058823,3,1,4.1,Torra LV,2025-10,0.07890242586533229,0.06910663536135749,14.470390502605373
18693,2025-10-18,1900.0,0,14.0,7194,33,3,1,0.0,0.2,0.3683333333333333,11.98127994006582,12.31527093596059,0.9630616909649524,6,0.0,225000.0,365,0.0,0.1040991420400381,0.3372735938989514,0.1123595505617977,0.4089887640449438,5,0,24.1,Gyémánt Lady,2025-10,0.07890242586533229,0.06910663536135749,14.470390502605373
18693,2025-10-18,1900.0,0,14.0,7338,138,3,1,0.5,0.5,0.8,12.234921576233289,12.484394506866415,0.9800172182562864,11,0.0,315000.0,139,0.0,0.1286115569823435,0.3770064205457464,0.1058823529411764,0.3294117647058823,1,0,2.0,Glory Grant K,2025-10,0.18413200477759042,0.16127188958979274,6.200708645155555
18698,2025-10-18,1900.0,0,14.0,6119,39,8,1,0.1384615384615384,0.4,0.5748884448884449,12.558344817687578,13.280212483399737,0.919754686048191,9,0.2,4605000.0,365,0.0,0.1691259931895573,0.4366250472947408,0.1376146788990825,0.3990825688073394,0,0,5.1,Firefly Shadow,2025-10,0.15791473537683487,0.13279506096187518,7.530400549212407
18693,2025-10-18,1900.0,0,14.0,7244,635,3,1,0.0,0.3333333333333333,0.3167388167388167,11.749115904676843,12.091898428053204,0.9645648566459688,5,0.1666666666666666,0.0,365,0.0,0.2032301480484522,0.4535666218034993,0.1335740072202166,0.296028880866426,2,0,12.0,Coco,2025-10,0.1335670327146848,0.11698459362791046,8.548134151584707
18693,2025-10-18,1900.0,0,14.0,7345,860,5,0,0.0,0.4,0.2909090909090909,12.1956212355942,12.300123001230013,0.9915040064538084,5,0.2,60000.0,126,0.0,0.1598546775658492,0.4200726612170753,0.1236363636363636,0.4109090909090909,5,0,16.0,Esperanto,2025-10,0.1485695739587148,0.1301245590456333,7.6849443897005685
18693,2025-10-18,1900.0,0,14.0,7191,32,3,1,0.1111111111111111,0.3333333333333333,0.4523809523809523,11.808572995080516,12.224938875305623,0.948013513733586,6,0.0,331000.0,365,0.0,0.0639016897081413,0.2814132104454685,0.1123595505617977,0.4089887640449438,6,0,48.2,Glitter Lady,2025-10,0.12085707237323125,0.10585258361502102,9.447100541607327
18693,2025-10-18,1900.0,0,14.0,7242,148,3,1,0.0,0.5,0.6003607503607504,12.296583815616698,12.853470437017997,0.949647674756704,8,0.125,260000.0,365,0.0,0.1293141109654871,0.4027959807776322,0.1082251082251082,0.3939393939393939,2,0,2.4,Golden Rose OZ,2025-10,0.1924650271733602,0.16857036151694685,5.932240940822015
18693,2025-10-18,1900.0,0,14.0,7325,27,3,0,0.0,0.6,0.3227272727272727,11.769516780857124,12.254901960784316,0.9603925693179411,8,0.2,60000.0,139,0.0,0.0621085594989561,0.2322546972860125,0.1058823529411764,0.3294117647058823,0,0,96.5,Great Fille,2025-10,0.04255150382717451,0.03726870532575066,26.832163641301864
18693,2025-10-18,1900.0,0,14.0,7175,620,4,2,0.2,0.2,0.2404040404040404,11.932561806221557,12.360939431396783,0.993857493857494,5,0.5,250000.0,365,0.0,0.1388888888888889,0.4444444444444444,0.0793650793650793,0.3968253968253968,0,0,12.0,Fearless ASM,2025-10,0.10273966441551845,0.08998446433103932,11.113029426070153
18699,2025-10-18,1900.0,0,14.0,6617,841,6,0,0.1875,0.4583333333333333,0.5799761002886002,12.712715559334852,13.123359580052494,0.920633098085466,11,0.1,3549000.0,365,0.0,0.0833333333333333,0.2083333333333333,0.15,0.4375,4,1,2.3,Diófás,2025-10,0.15510127445062002,0.12359493778966615,8.090946262716681
18699,2025-10-18,1900.0,0,14.0,6861,451,5,1,0.1428571428571428,0.4285714285714285,0.4759544423830138,12.587658790124102,13.020833333333334,0.9320172537869386,17,0.3,2930519.0,365,0.0,0.0786516853932584,0.196629213483146,0.1196172248803827,0.3397129186602871,3,0,6.7,Emeli Sandé A.T.,2025-10,0.09782635420560837,0.07795449911716491,12.82799596335048
18699,2025-10-18,1900.0,0,14.0,5228,2332,12,2,0.2242990654205607,0.5046728971962616,0.6249983142506507,12.697557595047734,13.26259946949602,0.8396436525612474,3,0.5,12019000.0,365,0.0,0.16,0.28,0.1403508771929824,0.3450292397660818,0,0,3.3,Uptown Boy M,2025-10,0.11486627658208211,0.0915330345194096,10.925017456817187
18699,2025-10-18,1900.0,0,14.0,6342,2539,7,2,0.125,0.46875,0.5725136408730159,12.671786668366572,13.14060446780552,0.9009068043951408,10,0.3,4811000.0,365,0.0,0.0,0.5,0.1196172248803827,0.3397129186602871,0,0,15.6,Carlos Fox,2025-10,0.13381242007017136,0.10663057278309417,9.37817338779733
18699,2025-10-18,1900.0,0,14.0,6920,1380,4,2,0.2916666666666667,0.5,0.6231135762385762,12.598141516195064,12.97016861219196,0.940024015069958,22,0.1,2216000.0,365,0.0,0.1122448979591836,0.3010204081632653,0.1564245810055866,0.3407821229050279,1,0,4.2,Fliegauf,2025-10,0.25171272456645966,0.20058132110038626,4.985509091843719
18699,2025-10-18,1900.0,0,14.0,6702,2144,5,2,0.2058823529411764,0.3823529411764705,0.619146294881589,12.520794386484818,13.089005235602093,0.9062831594516142,6,0.0,2395000.0,365,0.0,0.0379746835443038,0.1772151898734177,0.1236363636363636,0.4109090909090909,0,0,15.6,Ezigen,2025-10,0.10232762744029363,0.08154141087779222,12.263707351087172
18699,2025-10-18,1900.0,0,14.0,5700,2461,11,2,0.0677966101694915,0.2966101694915254,0.5388381392618681,12.342705616023094,12.903225806451612,0.8988963773743933,9,0.1,4989000.0,365,0.0,0.0,0.0,0.0833333333333333,0.2794117647058823,0,0,11.7,Vezér,2025-10,0.03900920102993647,0.031085107402225507,32.16974569399127
18698,2025-10-18,1900.0,0,14.0,6695,2100,5,1,0.0294117647058823,0.3529411764705882,0.4678921568627451,12.410226643574244,12.755102040816324,0.9411978052976736,11,0.0,1533000.0,365,0.0,0.1351351351351351,0.4054054054054054,0.1058823529411764,0.3294117647058823,0,0,13.8,Ékszer K,2025-10,0.10130530347426732,0.08519055500757307,11.738390481328645
18698,2025-10-18,1900.0,0,14.0,6786,27,5,2,0.25,0.46875,0.5580593885281385,12.492717587005268,13.003901170351105,0.9150492670543464,12,0.3,2507000.0,365,0.0,0.0621085594989561,0.2322546972860125,0.1376146788990825,0.3990825688073394,2,0,3.7,Enrico Fling,2025-10,0.12006040662527084,0.1009622628240757,9.904690842186014
18698,2025-10-18,1900.0,0,14.0,6982,635,4,0,0.15,0.25,0.451067821067821,12.206033300080572,12.722646310432571,0.9140251234440948,11,0.3,590000.0,365,0.0,0.2032301480484522,0.4535666218034993,0.1335740072202166,0.296028880866426,1,0,13.8,Farkasfog,2025-10,0.11351405084133148,0.09545724321123293,10.475894404232333
18688,2025-10-18,2400.0,0,15.0,7457,1401,7,1,0.1111111111111111,0.5555555555555556,0.6419753086419753,13.581973107791354,13.88888888888889,0.97877398327238,10,0.0,13632066.0,365,500.0,0.2328931572629051,0.5558223289315727,0.2152466367713004,0.5381165919282511,0,0,27.8,Nacea,2025-10,0.19195490827163061,0.14662058352281465,6.820324786419887
18694,2025-10-18,1980.0,0,13.0,7425,2133,4,1,0.0,0.125,0.3188131313131313,12.52324629724038,12.722646310432571,0.9916980272293082,0,0.0,595863.0,365,80.0,0.0,0.0769230769230769,0.0625,0.1875,1,1,9.1,Vikens Lagunitas,2025-10,0.04255150382717451,0.04560187129804442,21.928924658907228
18694,2025-10-18,1980.0,0,13.0,7193,32,3,1,0.1052631578947368,0.4210526315789473,0.5434723171565278,12.352334626947876,12.919896640826872,0.9270376792498084,12,0.0,795000.0,365,80.0,0.0639016897081413,0.2814132104454685,0.1123595505617977,0.4089887640449438,2,0,4.2,Grazia,2025-10,0.14524592707554498,0.1556580961266571,6.424336574091926
18694,2025-10-18,1980.0,0,13.0,7106,1076,3,2,0.0,0.2666666666666666,0.5962602212602213,12.406513506150109,12.82051282051282,0.9484344906746414,5,0.0,820000.0,365,80.0,0.1151736745886654,0.3729433272394881,0.1196172248803827,0.3397129186602871,3,0,9.1,Gentleman Jack,2025-10,0.0993167298535506,0.10643639648833994,9.395282375137057
18694,2025-10-18,1980.0,0,13.0,7149,33,4,1,0.08,0.32,0.4402467532467533,12.181145818252622,12.722646310432571,0.9019814287888366,11,0.2,853000.0,365,80.0,0.1040991420400381,0.3372735938989514,0.1123595505617977,0.4089887640449438,3,0,21.3,Füge M,2025-10,0.09227464596430461,0.09888949040267665,10.112298040246882
18694,2025-10-18,1980.0,0,13.0,7199,1854,3,1,0.0,0.2666666666666666,0.3550841750841751,11.934150053377133,12.547051442910917,0.9117988923120856,6,0.2,580000.0,365,80.0,0.0361010830324909,0.151624548736462,0.0355555555555555,0.1377777777777777,2,0,15.9,Gingerly KJ,2025-10,0.03357513062655926,0.03598201351157867,27.79166317855474
18694,2025-10-18,1980.0,0,13.0,7118,2277,4,2,0.2631578947368421,0.3684210526315789,0.5258430166324903,12.21151739846484,12.953367875647668,0.8983598082011663,13,0.1,1051000.0,365,80.0,0.074074074074074,0.2345679012345679,0.1058823529411764,0.3294117647058823,0,0,4.5,Ferrari,2025-10,0.12448084354400635,0.13340443687775333,7.496002557368923
18688,2025-10-18,2400.0,0,15.0,6903,1509,7,1,0.3333333333333333,0.7272727272727273,0.7656565656565656,13.251733872959004,13.79310344827586,0.9692821797764792,10,0.1,18986200.0,365,500.0,0.1583850931677018,0.4627329192546583,0.2152466367713004,0.5381165919282511,0,0,16.7,Cardenas Baba,2025-10,0.1807861328125,0.13808955720107177,7.241677214909909
18694,2025-10-18,1980.0,0,13.0,7329,2527,5,1,0.1176470588235294,0.3529411764705882,0.5442959001782531,12.443915840759992,12.738853503184714,0.957240892525674,2,0.2,968000.0,359,80.0,0.0,0.0769230769230769,0.1811320754716981,0.4981132075471698,3,0,5.8,Exclusive Adri,2025-10,0.10324087738990784,0.11064185234330363,9.0381711695965
18694,2025-10-18,1980.0,0,13.0,7168,1141,3,1,0.0714285714285714,0.4285714285714285,0.4057307771593486,12.251296811425204,12.755102040816324,0.9199122561574749,4,0.3,1004000.0,365,80.0,0.3,0.65,0.1811320754716981,0.4981132075471698,0,0,31.9,God save the Queen,2025-10,0.11436506360769272,0.12256349229895053,8.159036440972583
18694,2025-10-18,1980.0,0,13.0,7055,2237,4,1,0.0,0.4166666666666667,0.6022516835016835,12.268081347511036,12.594458438287154,0.9585263708932152,3,0.0,575000.0,365,80.0,0.2444444444444444,0.4740740740740741,0.1058823529411764,0.3294117647058823,0,0,2.4,Feeling Great BD,2025-10,0.110437773168087,0.11835466823707173,8.449180880613328
18694,2025-10-18,1980.0,0,13.0,6999,1380,4,1,0.0512820512820512,0.1025641025641025,0.2056332556332556,12.014180800302558,12.531328320802006,0.9001763637011435,5,0.6,597000.0,365,80.0,0.1122448979591836,0.3010204081632653,0.0355555555555555,0.1377777777777777,0,0,21.3,First Lady KJ,2025-10,0.0,0.0,inf
18697,2025-10-18,1960.0,0,13.0,5906,28,9,1,0.1650485436893204,0.5922330097087378,0.6780590229619355,12.73338740655078,13.386880856760374,0.8710076069205591,6,0.0,11785440.0,365,60.0,0.1415145005370569,0.396079484425349,0.0780141843971631,0.3333333333333333,3,1,4.7,Anybody,2025-10,0.0613285011301438,0.06729714543846121,14.8594712819496
18697,2025-10-18,1960.0,0,13.0,6525,898,8,0,0.1206896551724138,0.5172413793103449,0.6623892869582524,12.847394603568208,13.642564802182813,0.958258244511508,4,0.1,6120290.0,365,60.0,0.0992907801418439,0.3156028368794326,0.1179487179487179,0.2871794871794871,2,0,3.7,Big Ben Pax,2025-10,0.31218717992305756,0.34257002314016605,2.9191112253007607
18698,2025-10-18,1900.0,0,14.0,6877,1638,6,1,0.108695652173913,0.3478260869565217,0.5397860593512768,12.583561686236676,13.003901170351105,0.933924972108228,18,0.1,2474000.0,365,0.0,0.0425531914893617,0.2659574468085106,0.0780141843971631,0.3333333333333333,1,0,24.3,Petra La Roque,2025-10,0.16619263837734857,0.13975618862970499,7.155318199536613
18697,2025-10-18,1960.0,0,13.0,6228,635,7,2,0.288135593220339,0.5254237288135594,0.5835754640839387,12.771919051462646,13.297872340425531,0.8944675282776664,8,0.6,5871000.0,365,60.0,0.2032301480484522,0.4535666218034993,0.1335740072202166,0.296028880866426,1,0,3.5,Creatine,2025-10,0.09232762704292934,0.10131318441829741,9.870383659753937
18697,2025-10-18,1960.0,0,13.0,6261,860,8,2,0.1851851851851851,0.4629629629629629,0.6279761904761905,12.732547734833233,13.495276653171391,0.8810105190222186,14,0.1,6435200.0,365,60.0,0.1598546775658492,0.4200726612170753,0.1236363636363636,0.4109090909090909,3,0,3.2,Be Happy,2025-10,0.14303684482971826,0.15695755109255166,6.371149352415288
18697,2025-10-18,1960.0,0,13.0,6310,615,7,2,0.3142857142857143,0.6285714285714286,0.6563492063492063,12.519265858405117,13.03780964797914,0.9201989774646764,9,0.2,3373000.0,365,60.0,0.1117764471057884,0.3602794411177645,0.1441441441441441,0.4504504504504504,3,0,4.7,Compact Boy,2025-10,0.17197554806868234,0.18871264187065998,5.299062055871068
18694,2025-10-18,1980.0,0,13.0,6966,2125,5,2,0.0416666666666666,0.25,0.4222883597883597,12.282010736589596,12.626262626262626,0.948114991804312,3,0.5,638632.0,365,80.0,0.023391812865497,0.1403508771929824,0.1058823529411764,0.3294117647058823,2,0,31.9,Eagle GG,2025-10,0.0676202264924844,0.0724676824156239,13.79925460103305
18688,2025-10-18,2400.0,0,15.0,6954,91,6,0,0.2790697674418604,0.5116279069767442,0.6274270948689554,13.092709998888456,13.531799729364003,0.963734577608923,20,0.2,13858180.0,365,500.0,0.0944490472245236,0.3227009113504557,0.2441471571906354,0.4816053511705686,0,0,27.8,Palace Bo,2025-10,0.060978213946024575,0.046576883036996634,21.469878076763678
18697,2025-10-18,1960.0,0,13.0,6340,33,7,2,0.1612903225806451,0.3709677419354839,0.5488409440022343,12.53915380557446,13.089005235602093,0.899006891762971,13,0.4,4277500.0,365,60.0,0.1040991420400381,0.3372735938989514,0.1123595505617977,0.4089887640449438,3,0,5.4,Cunami,2025-10,0.13045340031385422,0.1431494540398637,6.985706000118756
18688,2025-10-18,2400.0,0,15.0,7026,1901,5,2,0.4545454545454545,0.7727272727272727,0.7821067821067821,13.107128341435,13.6986301369863,0.9565550948587352,15,0.1,10525149.0,365,500.0,0.2259615384615384,0.5673076923076923,0.0,0.0,0,0,2.9,Stan Getz A.T.,2025-10,0.0250281219681104,0.01911718684604673,52.30895152373276
18691,2025-10-18,1800.0,0,15.0,7294,5,2,2,1.0,1.0,1.0,12.37853182646156,12.547051442910917,0.9865689865689864,10,0.0,350000.0,28,100.0,0.2187359928283281,0.4654116240848648,0.1564245810055866,0.3407821229050279,0,1,1.2,Hidalgo TIM,2025-10,0.30392755568027496,0.269211546714222,3.714550925490343
18691,2025-10-18,1800.0,0,15.0,7406,148,2,2,1.0,1.0,1.0,12.292939153351204,12.360939431396783,0.9944987775061124,10,0.0,1000000.0,119,100.0,0.1293141109654871,0.4027959807776322,0.1082251082251082,0.3939393939393939,0,0,3.0,Hermes History,2025-10,0.153612752755483,0.1360663947425576,7.34935324693533
18691,2025-10-18,1800.0,0,15.0,7266,138,2,1,0.0,0.3333333333333333,0.6471861471861472,12.04083128371645,12.1654501216545,0.9897563315214922,4,0.0,296000.0,77,100.0,0.1286115569823435,0.3770064205457464,0.1058823529411764,0.3294117647058823,0,0,25.2,Hercegnő K,2025-10,0.072274645169576,0.064019101429525,15.620337956490117
18691,2025-10-18,1800.0,0,15.0,7355,1141,2,0,0.3333333333333333,0.6666666666666666,0.3333333333333333,12.021591211025497,12.360939431396783,0.9725467289719626,8,0.3333333333333333,350000.0,119,100.0,0.3,0.65,0.1811320754716981,0.4981132075471698,0,0,15.1,Hermész,2025-10,0.1527989705403646,0.13534556649014662,7.388494694968835
18691,2025-10-18,1800.0,0,15.0,7354,1509,2,0,0.3333333333333333,1.0,0.725108225108225,12.056019997416692,12.224938875305623,0.9861824357886856,10,0.0,584000.0,119,100.0,0.1583850931677018,0.4627329192546583,0.1811320754716981,0.4981132075471698,1,0,6.4,Have a dream,2025-10,0.14183217783768973,0.12563145149529834,7.959790228463803
18691,2025-10-18,1800.0,0,15.0,7429,620,2,1,0.0,1.0,0.8282828282828283,11.976577150452442,12.31527093596059,0.9724980646167384,9,0.0,350000.0,56,100.0,0.1388888888888889,0.4444444444444444,0.0793650793650793,0.3968253968253968,1,0,31.5,Hippy Glory K,2025-10,0.12707502394914627,0.1125599278733538,8.884156368020639
18696,2025-10-18,1960.0,0,15.0,6899,1408,5,1,0.3214285714285714,0.6785714285714286,0.7156462585034014,12.719437401105088,13.192612137203168,0.9176666869686324,18,0.0,3907000.0,365,60.0,0.1304347826086956,0.3981693363844393,0.1196172248803827,0.3397129186602871,0,1,2.7,Eunike T Boko,2025-10,0.11708478132883708,0.13475538131393985,7.420853922488618
18696,2025-10-18,1960.0,0,15.0,6709,5,5,2,0.024390243902439,0.3170731707317073,0.516069228874107,12.304847450821324,12.97016861219196,0.9137672613233944,3,0.0,1785000.0,365,60.0,0.2187359928283281,0.4654116240848648,0.1564245810055866,0.3407821229050279,0,0,4.8,Eccelenza,2025-10,0.1304377739628156,0.15012362638944937,6.6611766851795124
18691,2025-10-18,1800.0,0,15.0,7415,1401,2,0,0.3333333333333333,0.3333333333333333,0.6969696969696969,11.807901396002082,12.07729468599034,0.9776942355889724,5,0.0,0.0,56,100.0,0.2328931572629051,0.5558223289315727,0.2152466367713004,0.5381165919282511,2,0,47.3,Hugo CD,2025-10,0.17743325730164847,0.1571660112548966,6.36269885591338
18696,2025-10-18,1960.0,0,15.0,4788,33,14,2,0.1707317073170731,0.4878048780487805,0.6094604582409461,12.532256285775528,13.14060446780552,0.8871785724942964,2,0.3,12058000.0,365,60.0,0.1040991420400381,0.3372735938989514,0.1123595505617977,0.4089887640449438,3,0,68.0,Szilvás,2025-10,0.08227464556694031,0.09469165087052746,10.56059315479996
18688,2025-10-18,2400.0,0,15.0,6318,255,8,2,0.3692307692307692,0.7384615384615385,0.7534676434676435,13.07883432475433,13.58695652173913,0.8868411293083052,13,0.3,27709000.0,365,500.0,0.3751529987760097,0.6762545899632803,0.4126984126984127,0.7936507936507936,2,0,4.6,Bonaparte Boss,2025-10,0.08893746385971706,0.06793294824062683,14.720397478670842
18696,2025-10-18,1960.0,0,15.0,6360,860,7,0,0.0816326530612244,0.3877551020408163,0.5850774508937774,12.581808049132592,13.175230566534914,0.8999124213119433,9,0.3,6680000.0,365,60.0,0.1598546775658492,0.4200726612170753,0.1236363636363636,0.4109090909090909,1,0,9.7,Chip Chip Chip,2025-10,0.148763341208299,0.17121491403531142,5.840612692149936
18688,2025-10-18,2400.0,0,15.0,6783,5,5,0,0.6060606060606061,0.8181818181818182,0.8086820586820587,13.08083157896556,13.831258644536652,0.9091387834294948,21,0.2,30385000.0,365,500.0,0.2187359928283281,0.4654116240848648,0.2441471571906354,0.4816053511705686,2,1,1.3,Enjoy,2025-10,0.672222226858139,0.5134623336615813,1.9475625268728893
18688,2025-10-18,2400.0,0,15.0,6855,2225,5,1,0.1777777777777777,0.4666666666666667,0.4828130511463844,12.891596813735834,13.368983957219251,0.9355187120597562,11,0.2,15030000.0,365,500.0,0.1165644171779141,0.4846625766871165,0.2441471571906354,0.4816053511705686,2,0,27.8,Eternity Bar,2025-10,0.08928775104383628,0.06820050749086204,14.662647490328231
18696,2025-10-18,1960.0,0,15.0,6021,1076,9,1,0.1212121212121212,0.5050505050505051,0.624573294270264,12.521634928547265,13.03780964797914,0.8910351652697485,6,0.1,7061000.0,365,60.0,0.1151736745886654,0.3729433272394881,0.1196172248803827,0.3397129186602871,1,0,3.7,Anna,2025-10,0.1527989705403646,0.17585960622598026,5.6863541404442595
18696,2025-10-18,1960.0,0,15.0,6330,2332,7,0,0.0714285714285714,0.4642857142857143,0.6132942949907235,12.56659368894142,13.020833333333334,0.905217393616989,13,0.0,4928000.0,365,60.0,0.16,0.28,0.1236363636363636,0.4109090909090909,0,0,8.5,Che Comandante,2025-10,0.11372452725966771,0.13088799297137726,7.640120207349204
18696,2025-10-18,1960.0,0,15.0,5288,32,12,2,0.1615384615384615,0.3846153846153846,0.5434004884004885,12.475002828748536,12.987012987012989,0.8527131782945737,1,0.6,8084500.0,365,60.0,0.0639016897081413,0.2814132104454685,0.1123595505617977,0.4089887640449438,2,0,34.0,Usain,2025-10,0.08943023656805356,0.10292717373641955,9.715607294929171
18696,2025-10-18,1960.0,0,15.0,5955,503,9,2,0.0673076923076923,0.2980769230769231,0.4966873404373405,12.47765837718386,12.987012987012989,0.9246423565700652,13,0.0,4712000.0,365,60.0,0.0927835051546391,0.3608247422680412,0.0425531914893617,0.2765957446808511,0,0,2.7,Atom Maki,2025-10,0.03435478235284487,0.039539654456994866,25.291065734720714
18708,2025-11-01,1900.0,0,18.0,6507,2401,6,0,0.0638297872340425,0.4042553191489361,0.4412383715575204,12.384365486116538,13.10615989515072,0.8737194297899137,3,0.2,2157000.0,365,0.0,0.1515151515151515,0.303030303030303,0.1144578313253012,0.3313253012048193,0,0,8.8,Despasito,2025-11,0.09814117352167766,0.14177568563711568,7.05339561932761
18708,2025-11-01,1900.0,0,18.0,5907,2260,9,1,0.0729166666666666,0.2916666666666667,0.4581946699134199,12.309891353489837,12.836970474967906,0.8666481041481042,10,0.4,3651000.0,365,0.0,0.2777777777777778,0.6296296296296297,0.1236363636363636,0.4109090909090909,0,0,3.1,Always Winner,2025-11,0.10988931109507878,0.15874715846202747,6.2993253528956945
18708,2025-11-01,1900.0,0,18.0,5721,449,10,2,0.064516129032258,0.3440860215053763,0.5524701702121056,12.439870093578593,12.903225806451612,0.9334754569776736,8,0.3,4334000.0,365,0.0,0.1876075731497418,0.5008605851979346,0.1441441441441441,0.4504504504504504,0,0,4.0,Zippy Boy,2025-11,0.0895299290617307,0.12933579885271598,7.731811369091803
18708,2025-11-01,1900.0,0,18.0,5904,1563,9,1,0.0927835051546391,0.3608247422680412,0.546578822094286,12.524069408722928,13.003901170351105,0.907123451930019,6,0.5,5417000.0,365,0.0,0.088235294117647,0.4375,0.0780141843971631,0.3333333333333333,0,0,22.1,Australian Gold,2025-11,0.04795658588409424,0.06927854640978882,14.434482993983595
18708,2025-11-01,1900.0,0,18.0,6927,2460,4,2,0.074074074074074,0.3333333333333333,0.481072631072631,12.305459144346148,12.78772378516624,0.9137354954875132,10,0.1,1070000.0,365,0.0,0.0,0.0,0.0833333333333333,0.2794117647058823,0,0,44.2,Fast Track,2025-11,0.038782273729642235,0.05602524660428919,17.84909590961875
18708,2025-11-01,1900.0,0,18.0,6962,1398,4,1,0.1034482758620689,0.3793103448275862,0.5210640891675374,12.244505438020308,12.9366106080207,0.8826353625709418,10,0.1,1371500.0,365,0.0,0.1799307958477508,0.5017301038062284,0.1196172248803827,0.3397129186602871,0,0,5.5,Flinga VT,2025-11,0.0970548540353775,0.1402063780319122,7.132343150412111
18708,2025-11-01,1900.0,0,18.0,7081,1463,4,1,0.2083333333333333,0.375,0.534777837902838,12.434630919716913,13.0718954248366,0.8963226749252461,7,0.0,1681000.0,365,0.0,0.1502463054187192,0.4261083743842364,0.1058823529411764,0.3294117647058823,0,0,2.0,Fancy,2025-11,0.11233463138341904,0.1622796917305971,6.162200515269125
18702,2025-11-01,1800.0,0,19.0,7354,1509,2,0,0.25,0.75,0.6271645021645021,12.143751970767234,12.40694789081886,0.9787864088438388,10,0.0,734000.0,133,100.0,0.1578947368421052,0.4613003095975232,0.1811320754716981,0.4981132075471698,0,1,3.9,Have a dream,2025-11,0.03970989336570104,0.0500961798566374,19.96160191978205
18706,2025-11-01,1960.0,0,18.0,6987,719,4,2,0.1538461538461538,0.5384615384615384,0.5790653790653791,12.739826384823363,13.10615989515072,0.9576527545245676,12,0.0,3005000.0,365,60.0,0.1564380264741275,0.4055354993983153,0.1441441441441441,0.4504504504504504,1,0,18.0,Fabrice,2025-11,0.13634667545557022,0.12453522801568996,8.029856418410475
18706,2025-11-01,1960.0,0,18.0,7255,1509,5,2,0.5333333333333333,0.9333333333333332,0.8975589225589226,12.865546987835408,13.10615989515072,0.9815165104800184,20,0.0,2861464.0,365,60.0,0.1578947368421052,0.4613003095975232,0.1811320754716981,0.4981132075471698,2,0,1.5,Top Hill,2025-11,0.20877082645893097,0.19068541560853178,5.244239559741439
18706,2025-11-01,1960.0,0,18.0,6898,32,5,2,0.225,0.575,0.690239898989899,12.601394299101589,13.368983957219251,0.8944282060126223,12,0.1,5049000.0,365,60.0,0.0638428483732351,0.2814610190300798,0.1123595505617977,0.4089887640449438,4,0,4.5,Euzébió,2025-11,0.20512113471825918,0.18735188956843665,5.3375495827850505
18706,2025-11-01,1960.0,0,18.0,6727,635,6,0,0.1063829787234042,0.3404255319148936,0.4287487335359675,12.419048722398855,13.0718954248366,0.8795989564936579,4,0.2,2545000.0,365,60.0,0.2029569892473118,0.4529569892473118,0.1335740072202166,0.296028880866426,3,0,4.0,Västerbo No Edge,2025-11,0.14264974494775137,0.13029227485078718,7.675052117596505
18706,2025-11-01,1960.0,0,18.0,7394,1076,4,0,0.0666666666666666,0.2666666666666666,0.3868518518518519,12.90004273217312,13.26259946949602,0.9784340398569272,10,0.2,2967890.0,365,60.0,0.1143375680580762,0.3720508166969147,0.1144578313253012,0.3313253012048193,3,0,36.0,Furio Ferm,2025-11,0.0970548540353775,0.08864718070272141,11.280674603217253
18706,2025-11-01,1960.0,0,18.0,7471,2527,6,2,0.0,0.4285714285714285,0.5238095238095238,12.980377754231954,13.280212483399737,0.975066647498116,7,0.0,5326761.0,365,60.0,0.0,0.0714285714285714,0.1811320754716981,0.4981132075471698,0,0,18.0,Doktor Adri,2025-11,0.14237099885940552,0.13003767599419866,7.690078989450817
18708,2025-11-01,1900.0,0,18.0,6435,2223,6,1,0.0769230769230769,0.4038461538461538,0.4971389721389722,12.540435035452491,12.9366106080207,0.9401278145315196,7,0.3,2892000.0,365,0.0,0.0588235294117647,0.4117647058823529,0.1196172248803827,0.3397129186602871,2,1,22.1,Ducks,2025-11,0.09853976468245189,0.1423514942715537,7.024864790617316
18706,2025-11-01,1960.0,0,18.0,6943,255,5,1,0.32,0.56,0.5983636363636363,12.56543823335378,13.003901170351105,0.9054277181531576,10,0.3,2822000.0,365,60.0,0.3756872327428222,0.6768478924862553,0.4126984126984127,0.7936507936507936,2,1,4.5,Elizabeth Boss,2025-11,0.1625299925605456,0.14845033525963422,6.736259626837733
18704,2025-11-01,1900.0,0,17.0,6945,175,4,1,0.5,0.5,0.5071428571428571,12.037363376557272,12.484394506866415,0.9641928064622376,10,0.25,275000.0,91,0.0,0.0833333333333333,0.2693452380952381,0.0973451327433628,0.3716814159292035,2,0,7.6,Fabergé F,2025-11,0.11323295782009761,0.10263215859406419,9.743534713668545
18703,2025-11-01,1800.0,0,16.0,7166,898,3,1,0.5,0.5,0.25,11.806441270969676,11.83431952662722,0.9976442873969376,6,0.0,0.0,238,100.0,0.0990566037735849,0.3160377358490566,0.1179487179487179,0.2871794871794871,0,0,18.3,Giannina,2025-11,0.11085764815409978,0.1243213472226081,8.043670876646901
18704,2025-11-01,1900.0,0,17.0,7194,33,3,1,0.0,0.2727272727272727,0.4166666666666666,12.028436309150749,12.5,0.9488292521822193,6,0.0,350000.0,365,0.0,0.1043610740811274,0.3376499714340125,0.1123595505617977,0.4089887640449438,4,0,9.5,Gyémánt Lady,2025-11,0.08225491146246593,0.0745542577079811,13.413050183087654
18702,2025-11-01,1800.0,0,19.0,7293,2450,2,1,0.5,0.5,0.5909090909090908,12.135922330097086,12.135922330097086,1.0,5,0.5,0.0,56,100.0,0.3571428571428571,0.6571428571428571,0.4215686274509804,0.7254901960784313,1,0,1.7,Harmatka R,2025-11,0.2770613431930542,0.3495278809262486,2.861002096170414
18703,2025-11-01,1800.0,0,16.0,7371,91,3,1,0.3333333333333333,0.3333333333333333,0.4303030303030303,11.938921763929471,12.422360248447204,0.9610832019963224,6,0.0,40000.0,42,100.0,0.0942928039702233,0.3225806451612903,0.1058823529411764,0.3294117647058823,3,1,2.2,Tequila,2025-11,0.1378552888830503,0.15459786059938008,6.468394815574892
18703,2025-11-01,1800.0,0,16.0,7102,255,3,1,1.0,1.0,0.5,11.568176681498006,11.862396204033216,0.9751972942502818,10,0.0,0.0,365,100.0,0.3756872327428222,0.6768478924862553,0.4126984126984127,0.7936507936507936,2,0,2.2,Gyöngyhajú Lány,2025-11,0.254085232814153,0.28494397074810507,3.5094618685019157
18703,2025-11-01,1800.0,0,16.0,7345,860,5,0,0.0,0.3333333333333333,0.3257575757575757,12.234811734448098,12.391573729863692,0.984186633712452,5,0.1666666666666666,60000.0,140,100.0,0.1595648232094288,0.4197642792384406,0.1236363636363636,0.4109090909090909,4,0,4.5,Esperanto,2025-11,0.11405665675799052,0.12790887650935226,7.81806569872329
18703,2025-11-01,1800.0,0,16.0,7192,32,3,1,0.2222222222222222,0.3333333333333333,0.3383838383838384,11.7876084662652,12.31527093596059,0.9032436880169764,8,0.4444444444444444,0.0,365,100.0,0.0638428483732351,0.2814610190300798,0.1123595505617977,0.4089887640449438,3,0,9.1,Grófnő R.,2025-11,0.09814117352167766,0.11006045242149129,9.085915767185526
18703,2025-11-01,1800.0,0,16.0,7414,69,4,1,0.2,0.4,0.5628571428571428,12.057972457294674,12.43781094527363,0.969460985566492,8,0.2,100000.0,212,100.0,0.0728992765720645,0.2559821925431274,0.1196172248803827,0.3397129186602871,1,0,6.1,Fusion,2025-11,0.0761583223938942,0.08540777654836526,11.70853569093575
18704,2025-11-01,1900.0,0,17.0,7188,451,3,2,0.1666666666666666,0.3333333333333333,0.3856271043771044,12.085104456150628,12.755102040816324,0.9098861522297104,5,0.2,460000.0,365,0.0,0.0782122905027933,0.2011173184357542,0.1196172248803827,0.3397129186602871,3,0,12.6,Győcike,2025-11,0.10141374667485555,0.09191945465991054,10.879089782460783
18703,2025-11-01,1800.0,0,16.0,7244,635,3,1,0.0,0.2857142857142857,0.3572047000618429,11.858754569033849,12.40694789081886,0.94007167407092,5,0.1428571428571428,25000.0,365,100.0,0.2029569892473118,0.4529569892473118,0.1335740072202166,0.296028880866426,1,0,18.3,Coco,2025-11,0.10054811338583629,0.1127597159506981,8.86841538725789
18704,2025-11-01,1900.0,0,17.0,7079,23,3,0,0.0714285714285714,0.4285714285714285,0.3873917748917749,11.96211043879757,12.531328320802006,0.8417721518987341,3,0.6,435000.0,364,0.0,0.0821806346623271,0.3181448331977217,0.0780141843971631,0.3333333333333333,4,1,4.7,Griff Grand Laser,2025-11,0.11104604105154674,0.10064997961593902,9.935421783648717
18704,2025-11-01,1900.0,0,17.0,7349,1492,3,1,0.2,0.4,0.349090909090909,12.106074258280229,12.642225031605564,0.957590473829966,8,0.0,250000.0,119,0.0,0.0956112852664576,0.3557993730407524,0.1058823529411764,0.3294117647058823,2,0,3.4,Torra LV,2025-11,0.1625299925605456,0.14731403554138484,6.788219441039415
18704,2025-11-01,1900.0,0,17.0,7358,1401,4,1,0.4,0.6,0.6527272727272727,12.541823570651925,12.56281407035176,0.9983291562238932,13,0.4,375000.0,119,0.0,0.2320574162679425,0.5550239234449761,0.2152466367713004,0.5381165919282511,1,0,4.7,Fiona May,2025-11,0.2198701649904251,0.19928605662012652,5.017912527147707
18704,2025-11-01,1900.0,0,17.0,7309,110,3,1,0.0909090909090909,0.2727272727272727,0.5051554506099961,12.012214159748344,12.61034047919294,0.9441149773863884,11,0.0,468000.0,322,0.0,0.1637323943661972,0.4124119718309859,0.1144578313253012,0.3313253012048193,1,0,5.4,Goldina Amok,2025-11,0.1169226070245107,0.10597638513017059,9.43606444748707
18704,2025-11-01,1900.0,0,17.0,7191,32,3,1,0.1,0.3,0.4471428571428572,11.865339457948702,12.376237623762377,0.9364241064752292,6,0.0,331000.0,365,0.0,0.0638428483732351,0.2814610190300798,0.1123595505617977,0.4089887640449438,5,0,7.6,Glitter Lady,2025-11,0.11357896029949188,0.10294576853610556,9.713852392575767
18704,2025-11-01,1900.0,0,17.0,7125,2139,4,1,0.0,0.2727272727272727,0.3836645677554768,12.063766995469546,12.453300124533,0.961964909153582,4,0.1,210000.0,252,0.0,0.0594059405940594,0.2277227722772277,0.1335740072202166,0.296028880866426,2,0,7.6,Florenza,2025-11,0.08243987336754799,0.0747219035943175,13.382956695391906
18702,2025-11-01,1800.0,0,19.0,7421,33,2,2,0.0,0.25,0.1969696969696969,11.54652857915735,11.806375442739078,0.9779909706546276,2,0.5,0.0,84,100.0,0.1043610740811274,0.3376499714340125,0.1123595505617977,0.4089887640449438,1,0,6.9,Hórusz Szeme,2025-11,0.09805220365524292,0.12369816217878353,8.084194481035855
18700,2025-11-01,1960.0,0,19.0,7003,28,4,0,0.1304347826086956,0.6956521739130435,0.6852657004830918,12.953306057612188,13.280212483399737,0.9546915218701332,14,0.1,10381711.0,365,60.0,0.141744966442953,0.396241610738255,0.0780141843971631,0.3333333333333333,0,0,10.6,Friday Night,2025-11,0.06482270856698354,0.04936246974436322,20.258305655668526
18705,2025-11-01,2400.0,0,19.0,7136,1791,4,2,0.0833333333333333,0.4583333333333333,0.4481737012987012,12.54248821715241,12.953367875647668,0.9433342602007097,8,0.2,1325000.0,365,500.0,0.1657754010695187,0.3796791443850267,0.2152466367713004,0.5381165919282511,1,1,20.0,First Home,2025-11,0.15662001570065817,0.13650250714872178,7.3258727688458
18705,2025-11-01,2400.0,0,19.0,7065,148,3,0,0.375,0.75,0.6997474747474748,12.766750335348249,12.919896640826872,0.9830742242617616,13,0.25,985000.0,272,500.0,0.1291448516579406,0.4031413612565445,0.1082251082251082,0.3939393939393939,2,0,2.6,Greenback,2025-11,0.1378552888830503,0.12014806965805074,8.323063390415388
18705,2025-11-01,2400.0,0,19.0,6918,2271,4,2,0.3076923076923077,0.6923076923076923,0.576068376068376,12.481843079746849,12.87001287001287,0.9229214548684572,15,0.3,960000.0,365,500.0,0.2204301075268817,0.4731182795698925,0.1811320754716981,0.4981132075471698,1,0,4.4,Front of the Line,2025-11,0.19714289406935373,0.1718203078108143,5.820033805905337
18705,2025-11-01,2400.0,0,19.0,7110,1401,3,1,0.0625,0.3125,0.3816829004329004,12.173655657316516,12.78772378516624,0.9295438298843685,12,0.0,748000.0,365,500.0,0.2320574162679425,0.5550239234449761,0.2152466367713004,0.5381165919282511,0,0,20.0,Guinevere,2025-11,0.11813025673230489,0.10295667601579753,9.712823283519384
18705,2025-11-01,2400.0,0,19.0,7193,32,3,1,0.1,0.45,0.5617532467532468,12.359285146943588,12.919896640826872,0.9270376792498084,12,0.0,945000.0,365,500.0,0.0638428483732351,0.2814610190300798,0.1123595505617977,0.4089887640449438,1,0,13.3,Grazia,2025-11,0.11985955635706584,0.10446385077462512,9.572689428780906
18709,2025-11-01,1960.0,0,18.0,6330,860,7,0,0.0701754385964912,0.4561403508771929,0.6075472772841194,12.5637428711178,13.020833333333334,0.905217393616989,13,0.0,4928000.0,365,60.0,0.1595648232094288,0.4197642792384406,0.1236363636363636,0.4109090909090909,2,0,5.5,Che Comandante,2025-11,0.17213516682386398,0.2231881780701268,4.480524052155644
18705,2025-11-01,2400.0,0,19.0,7124,1408,4,2,0.0869565217391304,0.3478260869565217,0.4858021205847293,12.57840436861052,13.03780964797914,0.9241621192391388,6,0.2,1180000.0,365,500.0,0.1324200913242009,0.3995433789954338,0.1196172248803827,0.3397129186602871,0,0,3.3,Fess Fiú,2025-11,0.12674150119225183,0.11046182440436558,9.052901356574722
18705,2025-11-01,2400.0,0,19.0,7187,5,3,0,0.1333333333333333,0.4,0.4331337181337181,12.533611248453903,12.919896640826872,0.9523565897484242,13,0.2,1142000.0,365,500.0,0.2189039868597879,0.4657309242944602,0.2441471571906354,0.4816053511705686,3,0,4.0,Genesis,2025-11,0.18592539926369986,0.16204367640103287,6.1711757114492745
18709,2025-11-01,1960.0,0,18.0,6310,615,7,2,0.3055555555555556,0.6111111111111112,0.6381172839506173,12.522025695398687,13.03780964797914,0.9201989774646764,9,0.2,3373000.0,365,60.0,0.1114427860696517,0.3592039800995025,0.1441441441441441,0.4504504504504504,2,1,16.7,Compact Boy,2025-11,0.15054013331731161,0.1951883435643599,5.123256756724654
18709,2025-11-01,1960.0,0,18.0,4788,33,14,2,0.1696969696969697,0.4848484848484848,0.6092299619572347,12.53149311884964,13.14060446780552,0.8871785724942964,2,0.3,12098000.0,365,60.0,0.1043610740811274,0.3376499714340125,0.1123595505617977,0.4089887640449438,2,0,4.6,Szilvás,2025-11,0.09814117352167766,0.12724854610551753,7.8586359577796365
18709,2025-11-01,1960.0,0,18.0,6861,451,5,1,0.1388888888888889,0.4444444444444444,0.4874248436748437,12.5981163486385,13.020833333333334,0.9320172537869386,17,0.3,3055519.0,365,60.0,0.0782122905027933,0.2011173184357542,0.1196172248803827,0.3397129186602871,2,0,4.9,Emeli Sandé A.T.,2025-11,0.09069475159049034,0.11759361402726466,8.503863141481007
18709,2025-11-01,1960.0,0,18.0,6331,635,7,0,0.1864406779661017,0.5084745762711864,0.6132566585956416,12.825576266392847,13.368983957219251,0.93040529204466,15,0.0,7306400.0,365,60.0,0.2029569892473118,0.4529569892473118,0.1335740072202166,0.296028880866426,1,0,3.5,Charming Boy,2025-11,0.12339785446723302,0.15999602419699316,6.2501553086641835
18709,2025-11-01,1960.0,0,18.0,6021,1076,9,1,0.12,0.5,0.6197561327561327,12.52005452306047,13.03780964797914,0.8910351652697485,6,0.1,7061000.0,365,60.0,0.1143375680580762,0.3720508166969147,0.1196172248803827,0.3397129186602871,0,0,1.8,Anna,2025-11,0.13634667545557022,0.17678529403573792,5.65657910322476
18700,2025-11-01,1960.0,0,19.0,6929,148,4,1,0.1481481481481481,0.5185185185185185,0.6299249104804661,12.732295470279569,13.351134846461948,0.934482437352072,14,0.1,3653000.0,365,60.0,0.1291448516579406,0.4031413612565445,0.1082251082251082,0.3939393939393939,2,0,26.5,Fendi,2025-11,0.1640008439620336,0.12488658491893427,8.007265157015182
18700,2025-11-01,1960.0,0,19.0,7001,1509,4,0,0.2307692307692307,0.6538461538461539,0.6791361416361416,12.700606575423524,13.404825737265416,0.9011585266531648,12,0.0,5824000.0,365,60.0,0.1578947368421052,0.4613003095975232,0.1811320754716981,0.4981132075471698,3,0,26.5,Fárosz,2025-11,0.16845987985531488,0.12828213918127554,7.7953174649426415
18705,2025-11-01,2400.0,0,19.0,7118,138,4,2,0.25,0.35,0.5222781385281385,12.212223791982776,12.953367875647668,0.8983598082011663,13,0.1,1051000.0,365,500.0,0.1285341888911169,0.3773811910968518,0.1058823529411764,0.3294117647058823,0,0,6.6,Ferrari,2025-11,0.10510339587926865,0.09160308778659197,10.916662572878584
18700,2025-11-01,1960.0,0,19.0,6318,255,8,2,0.3636363636363636,0.7424242424242424,0.7534151034151034,13.079322281368553,13.58695652173913,0.8868411293083052,13,0.3,27949000.0,365,60.0,0.3756872327428222,0.6768478924862553,0.4126984126984127,0.7936507936507936,1,0,3.1,Bonaparte Boss,2025-11,0.16372549285491309,0.12467690514783572,8.02073165687141
18700,2025-11-01,1960.0,0,19.0,6855,2225,5,1,0.1739130434782608,0.4565217391304347,0.4831866804692891,12.895219534916972,13.368983957219251,0.9355187120597562,11,0.2,15130000.0,365,60.0,0.1158536585365853,0.4817073170731707,0.2441471571906354,0.4816053511705686,1,0,7.5,Eternity Bar,2025-11,0.11835094292958577,0.09012420135980123,11.095798741202909
18702,2025-11-01,1800.0,0,19.0,7353,2271,2,0,0.0,0.5,0.0,10.79713936856794,11.337868480725623,0.9523076923076924,4,0.0,0.0,70,100.0,0.2204301075268817,0.4731182795698925,0.1811320754716981,0.4981132075471698,2,0,13.9,Hipervándor,2025-11,0.18775696059068045,0.23686556849861876,4.221803980791878
18702,2025-11-01,1800.0,0,19.0,7259,5,2,0,0.0,0.0,0.3484848484848485,11.338174380479582,11.614401858304298,0.976216814159292,0,0.0,0.0,91,100.0,0.2189039868597879,0.4657309242944602,0.2441471571906354,0.4816053511705686,2,0,3.4,Hollywood Boy,2025-11,0.07746436198552449,0.09772548555515341,10.232745269253527
18707,2025-11-01,1800.0,0,19.0,6057,175,8,2,0.12,0.36,0.5995743145743145,12.26147744691865,12.706480304955528,0.913447936048859,20,0.0,695000.0,365,100.0,0.0833333333333333,0.2693452380952381,0.0973451327433628,0.3716814159292035,3,1,5.6,Bitangjó,2025-11,0.07856526225805283,0.08309940373975927,12.033780689109152
18702,2025-11-01,1800.0,0,19.0,7267,138,2,2,0.5,0.5,0.7272727272727273,11.651547477511222,11.848341232227488,0.9833906071019471,5,0.0,0.0,84,100.0,0.1285341888911169,0.3773811910968518,0.1058823529411764,0.3294117647058823,2,0,6.9,Habi K,2025-11,0.11262832085291545,0.14208672298455838,7.037955264185222
18707,2025-11-01,1800.0,0,19.0,6153,138,8,2,0.1694915254237288,0.3220338983050847,0.5034791009367281,12.427629563712484,12.9366106080207,0.9349530889517428,6,0.2,2963000.0,365,100.0,0.1285341888911169,0.3773811910968518,0.1058823529411764,0.3294117647058823,0,0,3.5,Bing Crosby AT,2025-11,0.11013417194286983,0.11649021153603459,8.584412259313858
18707,2025-11-01,1800.0,0,19.0,6696,1640,5,1,0.073170731707317,0.3902439024390244,0.5520439587512759,12.435264328977857,12.88659793814433,0.8924590797222147,10,0.2,2228000.0,365,100.0,0.0781893004115226,0.2592592592592592,0.1179487179487179,0.2871794871794871,1,0,13.1,Édes K,2025-11,0.12550629675388336,0.13274948910087783,7.532985676804291
18707,2025-11-01,1800.0,0,19.0,6358,1064,7,2,0.0344827586206896,0.3620689655172414,0.5121118823705031,12.339122457392817,12.78772378516624,0.9147846891281032,5,0.0,2892000.0,365,100.0,0.0969044414535666,0.2759084791386272,0.0833333333333333,0.2794117647058823,3,0,2.4,Calvin,2025-11,0.0970548540353775,0.10265606285254357,9.74126585622529
18707,2025-11-01,1800.0,0,19.0,6995,148,4,0,0.0,0.2368421052631578,0.4679691653375864,12.196558741896888,12.836970474967906,0.9023155107638124,6,0.3,1096000.0,365,100.0,0.1291448516579406,0.4031413612565445,0.1082251082251082,0.3939393939393939,2,0,5.6,Fany,2025-11,0.12531316528717676,0.13254521167259167,7.544595443177256
18707,2025-11-01,1800.0,0,19.0,5990,2277,9,1,0.0476190476190476,0.238095238095238,0.4224106140772807,12.34494165052392,12.755102040816324,0.946390525340854,3,0.1,2121000.0,365,100.0,0.072289156626506,0.2289156626506024,0.0425531914893617,0.2765957446808511,1,0,39.4,Aranyérem M,2025-11,0.053607756892840065,0.05670155620417817,17.63620025522885
18707,2025-11-01,1800.0,0,19.0,6999,1854,4,1,0.05,0.1,0.2050378787878787,12.014180800302558,12.531328320802006,0.9001763637011435,5,0.6,597000.0,365,100.0,0.0360144057623049,0.1512605042016806,0.0355555555555555,0.1377777777777777,7,0,39.4,First Lady KJ,2025-11,0.04513360063234965,0.047738341264077555,20.94752296625116
18707,2025-11-01,1800.0,0,19.0,6378,1492,7,2,0.0909090909090909,0.25,0.3890102321920504,12.366613817278523,12.78772378516624,0.9291069580626344,5,0.4,1600000.0,365,100.0,0.0956112852664576,0.3557993730407524,0.1058823529411764,0.3294117647058823,2,0,9.8,Chesterfield,2025-11,0.14222498734792074,0.1504330451629799,6.647475618914681
18707,2025-11-01,1800.0,0,19.0,5695,1023,11,1,0.1136363636363636,0.3181818181818182,0.5076458579299489,12.372306840152705,12.919896640826872,0.9296212831947428,5,0.1,4230000.0,365,100.0,0.0757575757575757,0.2424242424242424,0.1179487179487179,0.2871794871794871,1,0,19.7,Vinifera M,2025-11,0.10510339587926865,0.11116910040856984,8.995305317078124
18707,2025-11-01,1800.0,0,19.0,7035,1491,4,0,0.0833333333333333,0.2083333333333333,0.3461534992784993,12.008405550928318,12.43781094527363,0.922051752366454,5,0.0,605000.0,365,100.0,0.0723684210526315,0.2368421052631578,0.0625,0.1875,0,0,19.7,Firkó,2025-11,0.0,0.0,inf
18700,2025-11-01,1960.0,0,19.0,6783,5,5,0,0.6176470588235294,0.8235294117647058,0.8143090569561158,13.088656500589922,13.831258644536652,0.9091387834294948,21,0.2,31385000.0,365,60.0,0.2189039868597879,0.4657309242944602,0.2441471571906354,0.4816053511705686,1,1,1.1,Enjoy,2025-11,0.6338383754094442,0.48266769964778994,2.0718187704081203
18707,2025-11-01,1800.0,0,19.0,6674,2125,6,1,0.03125,0.09375,0.3526436237373737,12.353719735473122,12.919896640826872,0.9117367662189972,7,0.0,1012323.0,365,100.0,0.0232558139534883,0.1395348837209302,0.1058823529411764,0.3294117647058823,3,0,9.8,Démon Jewel GG,2025-11,0.06279364476601283,0.06641757805838767,15.056255124522913
18714,2025-11-08,1800.0,0,11.0,6700,2271,5,2,0.217391304347826,0.6521739130434783,0.6846790890269151,12.647964855306991,13.192612137203168,0.9425648764038486,21,0.1,2252000.0,365,100.0,0.2180851063829787,0.4734042553191489,0.1811320754716981,0.4981132075471698,0,0,7.2,Escobar,2025-11,0.2506079723437627,0.17242925307009677,5.799479973351594
18714,2025-11-08,1800.0,0,11.0,7186,1640,3,1,0.2142857142857142,0.2857142857142857,0.4613095238095238,12.591753046134109,12.903225806451612,0.9537792098882902,17,0.1,2083000.0,365,100.0,0.0778688524590164,0.2581967213114754,0.1179487179487179,0.2871794871794871,0,0,18.0,Gina Fling,2025-11,0.07507200290759404,0.051652823598429896,19.36002584823644
18714,2025-11-08,1800.0,0,11.0,7187,5,3,0,0.125,0.375,0.4060628607503607,12.533611248453903,12.919896640826872,0.9523565897484242,13,0.2,1142000.0,365,100.0,0.2190717803312938,0.4657513803909864,0.2441471571906354,0.4816053511705686,2,0,14.4,Genesis,2025-11,0.24744775891304016,0.1702548879199965,5.873546493830499
18714,2025-11-08,1800.0,0,11.0,7487,1715,6,2,0.5714285714285714,0.8571428571428571,0.8095238095238095,12.930031505167571,13.26259946949602,0.9749243754896352,22,0.1428571428571428,927332.0,365,100.0,0.4583333333333333,0.75,0.0,0.0,0,0,2.8,Astrain Love,2025-11,0.06558193638920784,0.045123242491942835,22.161527957095704
18714,2025-11-08,1800.0,0,11.0,7177,1506,4,1,0.3846153846153846,0.5384615384615384,0.7057109557109557,12.612988122643308,13.21003963011889,0.9426555972724644,21,0.1,1431706.0,365,100.0,0.2207792207792207,0.5194805194805194,0.0,0.0,0,0,12.0,Senorita,2025-11,0.11405665675799052,0.07847597164816289,12.742753979311956
18716,2025-11-08,1900.0,0,12.0,7370,138,4,2,0.0,0.2105263157894736,0.5413628768891927,12.629108546830196,12.97016861219196,0.974231280111626,7,0.1,1068669.0,365,0.0,0.1284311761170106,0.3772791023842917,0.1058823529411764,0.3294117647058823,2,1,2.0,Another Star,2025-11,0.15798422445853552,0.15887429442797915,6.294284444191944
18716,2025-11-08,1900.0,0,12.0,6692,100,5,1,0.1176470588235294,0.3235294117647059,0.5325333163568458,12.338602781842951,13.003901170351105,0.8909366164426543,3,0.1,1962000.0,365,0.0,0.0606060606060606,0.202020202020202,0.1058823529411764,0.3294117647058823,1,0,21.5,Excellence,2025-11,0.14006288597981134,0.14085198862010032,7.099651270790043
18716,2025-11-08,1900.0,0,12.0,6262,39,8,2,0.0694444444444444,0.1805555555555555,0.417295975629309,12.32070418971312,12.9366106080207,0.8956212030899304,3,0.3,2808000.0,365,0.0,0.1690620272314674,0.4364599092284417,0.1376146788990825,0.3990825688073394,1,0,6.6,Bronz Boy,2025-11,0.13491833955049515,0.13567845824445127,7.370366769633426
18720,2025-11-08,1800.0,0,12.0,6355,1401,7,1,0.53125,0.875,0.8745287698412698,13.02070539964468,13.513513513513514,0.9362816059453142,25,0.0,7309560.0,365,100.0,0.2315035799522673,0.5548926014319809,0.2152466367713004,0.5381165919282511,2,1,3.1,Coach Degli Dei,2025-11,0.19817531605561575,0.15588300371358174,6.415067558214316
18716,2025-11-08,1900.0,0,12.0,6919,1854,4,1,0.12,0.28,0.4873968253968254,12.416568725500872,12.755102040816324,0.9625855158983748,15,0.0,1150000.0,365,0.0,0.0359712230215827,0.1510791366906475,0.0355555555555555,0.1377777777777777,2,0,43.1,Fermina Daza,2025-11,0.10408793886502583,0.1046743616479497,9.553437768871145
18716,2025-11-08,1900.0,0,12.0,5247,898,12,0,0.1304347826086956,0.4347826086956521,0.5935165317774013,12.461685434407192,12.953367875647668,0.9297124856905264,17,0.2,7199000.0,365,0.0,0.0989399293286219,0.3156654888103651,0.1179487179487179,0.2871794871794871,2,0,7.8,Universal Boy,2025-11,0.10973969846963882,0.11035796279570298,9.061421348011121
18716,2025-11-08,1900.0,0,12.0,6690,1064,5,1,0.0526315789473684,0.3947368421052631,0.4879395458342827,12.359636758451344,12.87001287001287,0.8910237860993412,4,0.3,1635000.0,365,0.0,0.0967741935483871,0.2755376344086021,0.0833333333333333,0.2794117647058823,2,0,8.6,Enterprise,2025-11,0.09671283761660258,0.09725770969302189,10.28196122606976
18716,2025-11-08,1900.0,0,12.0,6080,91,8,1,0.15625,0.390625,0.5851224296536797,12.446526994280052,12.82051282051282,0.9368667577956744,13,0.1,4543000.0,365,0.0,0.0946672178586192,0.322860686233981,0.1058823529411764,0.3294117647058823,0,0,5.7,Boszi,2025-11,0.06176306183139483,0.06211102978038104,16.100199973111202
18716,2025-11-08,1900.0,0,12.0,6799,2024,5,0,0.0204081632653061,0.1428571428571428,0.3975601496009659,12.27545711920698,12.77139208173691,0.9146996761213072,3,0.4,1335000.0,365,0.0,0.0085470085470085,0.1025641025641025,0.0355555555555555,0.1377777777777777,0,0,14.3,Exclusive Fox,2025-11,0.0,0.0,inf
18716,2025-11-08,1900.0,0,12.0,7309,110,3,1,0.0833333333333333,0.25,0.5151424963924964,12.054166692743868,12.61034047919294,0.9441149773863884,11,0.0,508000.0,329,0.0,0.1636603607567092,0.4122305323361196,0.1144578313253012,0.3313253012048193,0,0,12.3,Goldina Amok,2025-11,0.083683247367541,0.08415471181712546,11.882875936561645
18714,2025-11-08,1800.0,0,11.0,7127,255,4,1,0.4,0.8,0.7905555555555556,12.68312246854259,13.14060446780552,0.950106291790746,16,0.0,2340000.0,365,100.0,0.375609756097561,0.677439024390244,0.4126984126984127,0.7936507936507936,1,0,2.0,Francesca,2025-11,0.2747379293044408,0.18903171952968728,5.290117460117326
18716,2025-11-08,1900.0,0,12.0,6877,23,6,1,0.1063829787234042,0.3404255319148936,0.5321697215314237,12.578261156359536,13.003901170351105,0.933924972108228,18,0.1,2474000.0,365,0.0,0.0823848238482384,0.3181571815718157,0.0780141843971631,0.3333333333333333,1,0,5.0,Petra La Roque,2025-11,0.10544541229804356,0.10603948297328825,9.430449601983668
18714,2025-11-08,1800.0,0,11.0,7314,1401,5,0,0.5,0.5,0.5,12.345848365546852,12.391573729863692,0.996309963099631,10,0.25,0.0,259,100.0,0.2315035799522673,0.5548926014319809,0.2152466367713004,0.5381165919282511,1,0,12.0,Anointed,2025-11,0.25875350336233777,0.17803373490783173,5.616912999762103
18714,2025-11-08,1800.0,0,11.0,7034,32,4,2,0.0588235294117647,0.4411764705882353,0.5244217383923266,12.319742172741316,13.020833333333334,0.8539252716947234,5,0.3,1764000.0,365,100.0,0.0637450199203187,0.2813361936867913,0.1123595505617977,0.4089887640449438,2,1,8.0,Formula,2025-11,0.10544541229804356,0.0725510585803699,13.783396404784773
18720,2025-11-08,1800.0,0,12.0,6731,255,6,1,0.6571428571428571,0.8857142857142857,0.8425850340136054,12.878547176651708,13.315579227696404,0.9360686025657868,22,0.2,8568000.0,365,100.0,0.375609756097561,0.677439024390244,0.4126984126984127,0.7936507936507936,1,0,5.2,Daytona Spav,2025-11,0.3955284655094147,0.3111192982305034,3.2142011302015594
18712,2025-11-08,1800.0,0,11.0,7293,2450,2,1,0.3333333333333333,0.6666666666666666,0.6856060606060606,12.294611227315045,12.453300124533,0.987257281553398,8,0.3333333333333333,175000.0,63,100.0,0.352112676056338,0.6619718309859155,0.4215686274509804,0.7254901960784313,0,1,1.4,Harmatka R,2025-11,0.2747379293044408,0.3795565462057062,2.634653545029455
18712,2025-11-08,1800.0,0,11.0,7259,5,2,0,0.0,0.0,0.2323232323232323,11.338174380479582,11.614401858304298,0.976216814159292,0,0.3333333333333333,0.0,98,100.0,0.2190717803312938,0.4657513803909864,0.2441471571906354,0.4816053511705686,1,0,6.2,Hollywood Boy,2025-11,0.14719648659229279,0.2033552127514056,4.917503645320682
18712,2025-11-08,1800.0,0,11.0,7421,33,2,2,0.0,0.2,0.2575757575757575,11.699286359694336,12.004801920768308,0.974550553762538,2,0.4,35000.0,91,100.0,0.1042816365366317,0.3375832540437678,0.1123595505617977,0.4089887640449438,0,0,14.5,Hórusz Szeme,2025-11,0.07811594630281131,0.1079189133344255,9.26621635728615
18712,2025-11-08,1800.0,0,11.0,7256,23,2,0,0.0,0.2,0.421969696969697,11.902045762561,12.0627261761158,0.9866795937163072,3,0.2,91000.0,98,100.0,0.0823848238482384,0.3181571815718157,0.0780141843971631,0.3333333333333333,0,0,7.2,Hélium Boy,2025-11,0.012875537077585856,0.01778784020133112,56.21817987352769
18712,2025-11-08,1800.0,0,11.0,7422,32,2,1,0.6666666666666666,0.6666666666666666,0.6666666666666666,11.135457229185928,11.389521640091116,0.9776931447225244,10,0.3333333333333333,0.0,63,100.0,0.0637450199203187,0.2813361936867913,0.1123595505617977,0.4089887640449438,1,0,21.7,Hilaria Fling,2025-11,0.09828503926595052,0.13578296284725405,7.364694207806669
18713,2025-11-08,1800.0,0,11.0,7403,5,3,2,0.4,0.8,0.7595959595959596,12.765541768695556,12.987012987012989,0.982946716189558,16,0.2,525000.0,147,100.0,0.2190717803312938,0.4657513803909864,0.1564245810055866,0.3407821229050279,1,1,1.6,Baiyoke Sky,2025-11,0.3602343499660492,0.3716780003345191,2.690500915039298
18713,2025-11-08,1800.0,0,11.0,7054,1791,4,1,0.2727272727272727,0.6363636363636364,0.5935556867375049,12.456335488562583,12.722646310432571,0.9688373805855556,11,0.1,650000.0,365,100.0,0.1693121693121693,0.3809523809523809,0.2152466367713004,0.5381165919282511,1,0,4.4,Fánia BD,2025-11,0.15951586763064066,0.1645832461789668,6.075952584582067
18713,2025-11-08,1800.0,0,11.0,7490,1318,4,0,0.2857142857142857,0.4285714285714285,0.5079365079365079,12.70422646590011,12.919896640826872,0.9881725417439704,9,0.2857142857142857,524376.0,111,100.0,0.1785714285714285,0.4464285714285714,0.0,0.25,0,0,10.6,Pascal the Game,2025-11,0.03654260312517484,0.03770346069957792,26.522764262093183
18713,2025-11-08,1800.0,0,11.0,7481,1507,6,0,0.0,0.2857142857142857,0.5238095238095238,12.78155731057189,13.03780964797914,0.9737939276278184,3,0.1428571428571428,517919.0,365,100.0,0.2553191489361702,0.425531914893617,0.0,0.5,0,0,3.3,Dottor Breed,2025-11,0.09685670336087544,0.09993357331847089,10.006647083589959
18713,2025-11-08,1800.0,0,11.0,7190,33,3,1,0.1428571428571428,0.5714285714285714,0.5503246753246753,12.103063661954806,12.69035532994924,0.9349462146186192,10,0.1428571428571428,771000.0,365,100.0,0.1042816365366317,0.3375832540437678,0.1123595505617977,0.4089887640449438,4,0,6.6,Gucci,2025-11,0.08243987336754799,0.08505876045404616,11.756578565946302
18713,2025-11-08,1800.0,0,11.0,6982,635,4,0,0.1428571428571428,0.238095238095238,0.4339174053459768,12.21331580913924,12.722646310432571,0.9140251234440948,11,0.3,590000.0,365,100.0,0.2027526015441423,0.4525008392077878,0.1335740072202166,0.296028880866426,0,0,53.0,Farkasfog,2025-11,0.08967379480600357,0.09252248359725995,10.808183709733608
18713,2025-11-08,1800.0,0,11.0,7010,39,8,1,0.1333333333333333,0.4,0.537912457912458,12.27392886359748,12.77139208173691,0.9377679081987116,8,0.2,738000.0,365,100.0,0.1690620272314674,0.4364599092284417,0.15,0.4375,0,0,26.5,Blanka BBM,2025-11,0.10423776259024937,0.10754910841384117,9.298078010577944
18713,2025-11-08,1800.0,0,11.0,7325,2421,3,0,0.0,0.4285714285714285,0.2924242424242424,11.83399311029634,12.254901960784316,0.9603925693179411,8,0.2857142857142857,60000.0,160,100.0,0.05,0.15,0.1058823529411764,0.3294117647058823,1,0,53.0,Great Fille,2025-11,0.03970989336570104,0.040971367003318146,24.407289117763952
18714,2025-11-08,1800.0,0,11.0,7482,1138,7,0,0.3333333333333333,0.6666666666666666,0.611111111111111,12.89910758784556,13.280212483399737,0.9745084605680978,10,0.3333333333333333,1543688.0,365,100.0,0.3309090909090909,0.5818181818181818,0.0,0.5,0,0,12.0,Sammy Davis A.T.,2025-11,0.0616927444934845,0.04244730825348228,23.558619878280794
18720,2025-11-08,1800.0,0,12.0,6898,32,5,2,0.2195121951219512,0.5609756097560976,0.6873420617323056,12.611281957765984,13.368983957219251,0.8944282060126223,12,0.1,5097000.0,365,100.0,0.0637450199203187,0.2813361936867913,0.1123595505617977,0.4089887640449438,3,0,7.2,Euzébió,2025-11,0.16815388451019922,0.132268403175905,7.560384611811565
18712,2025-11-08,1800.0,0,11.0,7356,1509,2,1,0.0,0.5,0.696969696969697,11.896055912877303,12.150668286755772,0.979045401629802,4,0.0,56000.0,63,100.0,0.1587057010785824,0.4622496147919877,0.1811320754716981,0.4981132075471698,1,0,2.9,Holiday,2025-11,0.11262832085291545,0.1555985246598775,6.426796154950042
18720,2025-11-08,1800.0,0,12.0,7375,2125,7,1,0.0,0.1176470588235294,0.4063725490196078,12.962774250720887,13.531799729364003,0.9637249818443702,6,0.0,7075501.0,365,100.0,0.0231213872832369,0.1387283236994219,0.1058823529411764,0.3294117647058823,1,0,46.9,Lola Dragon,2025-11,0.08135355388124783,0.06399200765359024,15.62695150015184
18718,2025-11-08,1800.0,0,12.0,6983,2271,4,1,0.1818181818181818,0.3181818181818182,0.4689033189033189,12.367177744496551,12.903225806451612,0.937453726059,11,0.2,1373000.0,365,100.0,0.2180851063829787,0.4734042553191489,0.1811320754716981,0.4981132075471698,2,0,8.5,Fondorlat,2025-11,0.1957252323627472,0.13877575011105162,7.205869895855555
18715,2025-11-08,1800.0,0,12.0,6433,91,8,0,0.3809523809523809,0.5714285714285714,0.6303476946334089,13.334702766578037,13.908205841446453,0.9400753869747228,17,0.1,21934000.0,365,100.0,0.0946672178586192,0.322860686233981,0.2441471571906354,0.4816053511705686,0,1,2.2,Digital Races,2025-11,0.12674150119225183,0.12246183793246511,8.165809176826802
18715,2025-11-08,1800.0,0,12.0,7428,719,6,2,0.1111111111111111,0.4444444444444444,0.6033950617283951,13.50915813687817,14.104372355430185,0.9639459595258156,8,0.0,34809689.0,365,100.0,0.15625,0.40625,0.1441441441441441,0.4504504504504504,1,0,8.0,Pure Muscle,2025-11,0.15054013331731161,0.1454568648407593,6.874890374509051
18715,2025-11-08,1800.0,0,12.0,6318,255,8,2,0.3582089552238806,0.746268656716418,0.7541104003790571,13.075941152540056,13.58695652173913,0.8868411293083052,13,0.3,28449000.0,365,100.0,0.375609756097561,0.677439024390244,0.4126984126984127,0.7936507936507936,0,0,9.7,Bonaparte Boss,2025-11,0.1625299925605456,0.15704186411618012,6.367728794025244
18715,2025-11-08,1800.0,0,12.0,7484,1715,7,0,0.6666666666666666,0.8333333333333334,0.9074074074074074,13.54502474699214,13.986013986013988,0.968469269409938,18,0.0,33446738.0,365,100.0,0.4583333333333333,0.75,0.0,0.0,0,0,2.5,Cervantonpridegar,2025-11,0.08846614509820938,0.08547892065041411,11.69879067717446
18715,2025-11-08,1800.0,0,12.0,7457,1791,7,1,0.1,0.5,0.5777777777777777,13.476908629092415,13.88888888888889,0.97877398327238,10,0.0,13632066.0,365,100.0,0.1693121693121693,0.3809523809523809,0.2152466367713004,0.5381165919282511,0,0,34.2,Nacea,2025-11,0.12773543099562326,0.12342220584156921,8.102269710554753
18715,2025-11-08,1800.0,0,12.0,6954,5,6,0,0.2727272727272727,0.5,0.6216901154401154,13.090132022989057,13.531799729364003,0.963734577608923,20,0.2,13858180.0,365,100.0,0.2190717803312938,0.4657513803909864,0.2441471571906354,0.4816053511705686,0,0,12.6,Palace Bo,2025-11,0.15534708400567374,0.15010149987040608,6.6621586117618765
18718,2025-11-08,1800.0,0,12.0,6703,1638,5,0,0.1219512195121951,0.3170731707317073,0.4390551860064055,12.525824550318108,13.054830287206268,0.9000945560003086,6,0.7,2505000.0,365,100.0,0.0421052631578947,0.2631578947368421,0.0780141843971631,0.3333333333333333,0,0,28.3,Etalon N,2025-11,0.05510480081041654,0.039071150790679306,25.594331873085164
18715,2025-11-08,1800.0,0,12.0,7279,1138,7,2,0.238095238095238,0.7619047619047619,0.7112622826908541,13.176831760733872,13.6986301369863,0.962394489831268,9,0.0,7938921.0,365,100.0,0.3309090909090909,0.5818181818181818,0.0,0.5,0,0,3.6,Igor de Vrie,2025-11,0.030535581211249035,0.029504490338908906,33.89314604364661
18715,2025-11-08,1800.0,0,12.0,7253,2036,8,1,0.1333333333333333,0.2666666666666666,0.3781746031746031,13.0352710173691,13.605442176870747,0.9697449577630278,4,0.1,14051689.0,365,100.0,0.0555555555555555,0.1111111111111111,0.1564245810055866,0.3407821229050279,2,0,144.0,Baria TRGF Risaia,2025-11,0.0895299290617307,0.086506783963618,11.559787038442767
18719,2025-11-08,1900.0,0,12.0,6228,635,7,2,0.2833333333333333,0.5166666666666667,0.580515873015873,12.770183653132577,13.297872340425531,0.8944675282776664,8,0.6,5927000.0,365,0.0,0.2027526015441423,0.4525008392077878,0.1335740072202166,0.296028880866426,0,1,4.3,Creatine,2025-11,0.15054013331731161,0.16179581057892803,6.180629748210786
18719,2025-11-08,1900.0,0,12.0,6066,860,8,1,0.1515151515151515,0.5303030303030303,0.6693843193843193,12.665215856983805,13.157894736842104,0.905425041149228,11,0.0,6611080.0,365,0.0,0.1594202898550724,0.4198369565217391,0.1236363636363636,0.4109090909090909,1,0,3.4,Berill Lady,2025-11,0.14719648659229279,0.15820216401941758,6.321026050422805
18719,2025-11-08,1900.0,0,12.0,6525,898,8,0,0.1186440677966101,0.5254237288135594,0.6647216719250618,12.845490373736917,13.642564802182813,0.958258244511508,4,0.1,6295290.0,365,0.0,0.0989399293286219,0.3156654888103651,0.1179487179487179,0.2871794871794871,1,0,2.9,Big Ben Pax,2025-11,0.1367077554265658,0.1469292049519095,6.805998850448445
18719,2025-11-08,1900.0,0,12.0,5905,1638,9,0,0.17,0.48,0.635563492063492,12.711988190108118,13.26259946949602,0.9015243416546748,8,0.1,9120500.0,365,0.0,0.0421052631578947,0.2631578947368421,0.0780141843971631,0.3333333333333333,0,0,10.6,Adamo Fling,2025-11,0.09814117352167766,0.1054790531348696,9.480555335677513
18719,2025-11-08,1900.0,0,12.0,6459,27,6,2,0.2444444444444444,0.3777777777777777,0.4656269039602372,12.55354656157651,13.020833333333334,0.9389438371968007,25,0.2,5932700.0,365,0.0,0.0620437956204379,0.2320125130344108,0.1403508771929824,0.3450292397660818,0,0,10.6,Diamond Ville,2025-11,0.13634667545557022,0.1465411275315986,6.824022831299496
18719,2025-11-08,1900.0,0,12.0,6704,23,5,1,0.0454545454545454,0.3863636363636363,0.5064484126984127,12.613722835489844,13.03780964797914,0.9279059752321728,11,0.2,3330000.0,365,0.0,0.0823848238482384,0.3181571815718157,0.0930232558139534,0.3255813953488372,4,0,47.9,Emerald,2025-11,0.10566609849532445,0.11356660632635328,8.805405324222924
18715,2025-11-08,1800.0,0,12.0,5570,27,11,2,0.168141592920354,0.4513274336283185,0.6398434407283965,12.638121364913596,13.280212483399737,0.8866357367157448,5,0.1,10124000.0,365,100.0,0.0620437956204379,0.2320125130344108,0.1403508771929824,0.3450292397660818,0,0,144.0,Villeneuve,2025-11,0.10352111607789993,0.10002553244567931,9.997447407171446
18718,2025-11-08,1800.0,0,12.0,5531,23,11,1,0.128,0.432,0.5917137085137085,12.665021075552245,13.227513227513228,0.8965304900166179,5,0.3,8816000.0,365,100.0,0.0823848238482384,0.3181571815718157,0.0930232558139534,0.3255813953488372,1,0,21.2,Very Nice Photo,2025-11,0.11405665675799052,0.08086999262013146,12.365526044960513
18719,2025-11-08,1900.0,0,12.0,6163,33,8,2,0.127906976744186,0.3720930232558139,0.5139811738648948,12.656366377274011,13.227513227513228,0.8867931688804555,2,0.3,5991000.0,365,0.0,0.1042816365366317,0.3375832540437678,0.1123595505617977,0.4089887640449438,0,0,2.4,Bombay,2025-11,0.15583450347185135,0.1674860334569234,5.970647100298039
18718,2025-11-08,1800.0,0,12.0,6472,2403,6,2,0.1304347826086956,0.3478260869565217,0.5094893029675639,12.619361042960806,13.123359580052494,0.8985459415640789,10,0.0,6102000.0,365,100.0,0.1046511627906976,0.2558139534883721,0.1564245810055866,0.3407821229050279,3,0,9.4,Dumbledore,2025-11,0.17356350272893906,0.12306234097844654,8.125962760412161
18718,2025-11-08,1800.0,0,12.0,6330,860,7,0,0.0689655172413793,0.4482758620689655,0.5970723242274967,12.5637428711178,13.020833333333334,0.905217393616989,13,0.0,4928000.0,365,100.0,0.1594202898550724,0.4198369565217391,0.1236363636363636,0.4109090909090909,1,0,4.0,Che Comandante,2025-11,0.14837905019521713,0.10520571999344243,9.505186600712689
18720,2025-11-08,1800.0,0,12.0,6965,1138,4,1,0.3043478260869565,0.7391304347826086,0.7421152518978605,12.650376592782791,13.192612137203168,0.9230247574799576,13,0.0,4395571.0,365,100.0,0.3309090909090909,0.5818181818181818,0.0,0.5,0,0,3.4,Felhők felett,2025-11,0.10423776259024937,0.08199252992936426,12.19623300880568
18720,2025-11-08,1800.0,0,12.0,7050,1506,4,2,0.2857142857142857,0.4285714285714285,0.4692460317460317,12.44769145548116,13.020833333333334,0.9331015812761184,18,0.3,4763227.0,365,100.0,0.2207792207792207,0.5194805194805194,0.0,0.0,0,0,31.2,Luigi de Sajan,2025-11,0.049351142098506294,0.038819185053561356,25.76045835635743
18720,2025-11-08,1800.0,0,12.0,6514,27,6,2,0.3409090909090909,0.6363636363636364,0.6850526367571822,12.800453786709456,13.26259946949602,0.926566895671848,13,0.2,7507000.0,365,100.0,0.0620437956204379,0.2320125130344108,0.1376146788990825,0.3990825688073394,1,0,5.5,El Valle Sagrado,2025-11,0.24713962525129318,0.19439790932392886,5.144088243941355
18717,2025-11-08,2400.0,0,12.0,6442,1076,6,1,0.0508474576271186,0.2711864406779661,0.3974496783818818,12.382847797598927,12.87001287001287,0.8860845603238185,7,0.2,2322000.0,365,500.0,0.1139240506329113,0.3707052441229656,0.1196172248803827,0.3397129186602871,2,1,6.3,Dulcinea del Toboso,2025-11,0.12674150119225183,0.12431505657853811,8.044077905947244
18717,2025-11-08,2400.0,0,12.0,7085,1509,5,0,0.125,0.5625,0.6847132034632034,12.504693385503613,12.87001287001287,0.9433124942783632,14,0.1,1060000.0,365,500.0,0.1587057010785824,0.4622496147919877,0.1811320754716981,0.4981132075471698,2,0,8.4,El Nino N,2025-11,0.1330030287305514,0.13045670823067565,7.665378143926366
18717,2025-11-08,2400.0,0,12.0,7149,33,4,1,0.074074074074074,0.2962962962962963,0.4469175885842553,12.202127653813122,12.722646310432571,0.9019814287888366,11,0.2,901000.0,365,500.0,0.1042816365366317,0.3375832540437678,0.1123595505617977,0.4089887640449438,1,0,14.4,Füge M,2025-11,0.09814117352167766,0.09626227734611478,10.388285292736851
18717,2025-11-08,2400.0,0,12.0,6307,69,7,2,0.0769230769230769,0.3384615384615385,0.4848479298479298,12.410994142665851,12.97016861219196,0.8836663066753205,3,0.2,3223000.0,365,500.0,0.0728587319243604,0.2558398220244716,0.1196172248803827,0.3397129186602871,0,0,3.1,Csípkedd Magad!,2025-11,0.09685670336087544,0.09500239814939171,10.52605007325705
18717,2025-11-08,2400.0,0,12.0,6786,27,5,2,0.2424242424242424,0.4545454545454545,0.5549226026498754,12.4918643849756,13.003901170351105,0.9150492670543464,12,0.3,2507000.0,365,500.0,0.0620437956204379,0.2320125130344108,0.1376146788990825,0.3990825688073394,1,0,10.1,Enrico Fling,2025-11,0.10510339587926865,0.10309120913368619,9.700148134873693
18720,2025-11-08,1800.0,0,12.0,7489,258,4,0,0.0,0.3333333333333333,0.5925925925925926,13.246039971664988,13.6986301369863,0.976807881848992,4,0.1666666666666666,7762065.0,365,100.0,0.4150360453141091,0.6910401647785788,0.0,0.0,0,0,3.3,Fellini di Casei,2025-11,0.027368290970722835,0.0215276629195651,46.451860740125426
18717,2025-11-08,2400.0,0,12.0,6438,1640,6,0,0.1333333333333333,0.3111111111111111,0.544275292608626,12.48079073987932,12.9366106080207,0.9340275413560296,15,0.0,3284000.0,365,500.0,0.0778688524590164,0.2581967213114754,0.1179487179487179,0.2871794871794871,0,0,4.2,Danny DeVito,2025-11,0.10566609849532445,0.10364313890328675,9.648492033159446
18717,2025-11-08,2400.0,0,12.0,6657,635,6,1,0.1081081081081081,0.4054054054054054,0.4455812955812956,12.366815162132012,12.9366106080207,0.8816851131642012,8,0.4,1837000.0,365,500.0,0.2027526015441423,0.4525008392077878,0.1335740072202166,0.296028880866426,0,0,5.9,Dreamer,2025-11,0.08967379480600357,0.0879570051644777,11.369191096604775
18717,2025-11-08,2400.0,0,12.0,7104,5,4,2,0.1052631578947368,0.2631578947368421,0.4183963697121592,12.254991716725591,12.77139208173691,0.921582960178993,4,0.2,815000.0,365,500.0,0.2190717803312938,0.4657513803909864,0.1564245810055866,0.3407821229050279,1,0,11.2,Florentin,2025-11,0.14093495905399323,0.13823678308902815,7.233964634116041
18718,2025-11-08,1800.0,0,12.0,6617,841,6,0,0.2040816326530612,0.4693877551020408,0.588548016609241,12.716460733398614,13.123359580052494,0.920633098085466,11,0.1,3799000.0,365,100.0,0.1020408163265306,0.2244897959183673,0.15,0.4375,3,1,2.6,Diófás,2025-11,0.18265333771705627,0.12950733866031794,7.721570146869274
18718,2025-11-08,1800.0,0,12.0,6854,1076,5,1,0.108695652173913,0.4347826086956521,0.5637516469038208,12.491262275745305,13.003901170351105,0.9332263565290698,9,0.0,2825000.0,365,100.0,0.1139240506329113,0.3707052441229656,0.2,0.6,0,0,5.0,Elegáns Hölgy,2025-11,0.11405665675799052,0.08086999262013146,12.365526044960513
18718,2025-11-08,1800.0,0,12.0,5831,1803,12,2,0.1192660550458715,0.4678899082568807,0.6575936296119783,12.72460247885704,13.531799729364003,0.9367595940032272,5,0.1,10024900.0,365,100.0,0.0,0.0,0.0789473684210526,0.4473684210526316,0,0,7.7,King's Call,2025-11,0.1687805304924647,0.1196710533459614,8.35623964225554
18718,2025-11-08,1800.0,0,12.0,6934,138,4,1,0.28,0.44,0.5942251082251082,12.446274961211984,12.919896640826872,0.9169132888169826,12,0.1,2109000.0,365,100.0,0.1284311761170106,0.3772791023842917,0.1058823529411764,0.3294117647058823,2,0,7.0,Zaira LV,2025-11,0.1375913123289744,0.09755685226025908,10.250433227716611
18717,2025-11-08,2400.0,0,12.0,6782,32,6,1,0.0425531914893617,0.3191489361702128,0.5166075650118204,12.406028375310306,12.87001287001287,0.9133692430664944,9,0.3,2170000.0,365,500.0,0.0637450199203187,0.2813361936867913,0.1123595505617977,0.4089887640449438,5,0,4.6,Downtown Girl M,2025-11,0.12339785446723302,0.12103542340480095,8.262044051810491
18718,2025-11-08,1800.0,0,12.0,4788,33,14,2,0.1686746987951807,0.4879518072289157,0.6103791790538778,12.531818106665856,13.14060446780552,0.8871785724942964,2,0.3,12248000.0,365,100.0,0.1042816365366317,0.3375832540437678,0.1123595505617977,0.4089887640449438,1,0,14.1,Szilvás,2025-11,0.120459479590257,0.08540980861957881,11.70825712131108
18728,2025-11-15,3160.0,0,11.0,6727,635,6,0,0.1041666666666666,0.3333333333333333,0.4287450396825397,12.428932643528782,13.0718954248366,0.8795989564936579,4,0.2,2575000.0,365,1260.0,0.2028839704896043,0.4523809523809524,0.1335740072202166,0.296028880866426,2,0,3.7,Västerbo No Edge,2025-11,0.16062895953655243,0.22402703735520157,4.463746928967641
18722,2025-11-15,1800.0,0,11.0,7102,255,3,1,0.6666666666666666,1.0,0.6296296296296297,11.797085107926776,12.254901960784316,0.9626421448068248,13,0.0,125000.0,365,100.0,0.37492391965916,0.6774193548387096,0.4126984126984127,0.7936507936507936,1,1,2.9,Gyöngyhajú Lány,2025-11,0.2930593540271123,0.2989166562388951,3.345414111687363
18722,2025-11-15,1800.0,0,11.0,7144,138,3,1,0.25,0.75,0.8522727272727273,12.236483990722228,12.515644555694616,0.977695070858706,11,0.0,275000.0,203,100.0,0.1285800120168235,0.3773282595633887,0.1058823529411764,0.3294117647058823,1,0,3.7,Giadaz,2025-11,0.12339785446723302,0.12586417576347564,7.9450724873390755
18722,2025-11-15,1800.0,0,11.0,7125,2139,4,1,0.0,0.25,0.3829425204425205,12.089395360640104,12.453300124533,0.961964909153582,4,0.1,210000.0,266,100.0,0.0591133004926108,0.2266009852216748,0.1335740072202166,0.296028880866426,1,0,7.9,Florenza,2025-11,0.05930038541555405,0.06048560702298979,16.532858794322973
18722,2025-11-15,1800.0,0,11.0,7371,91,3,1,0.5,0.5,0.5727272727272728,12.021675985523792,12.422360248447204,0.9677449168346652,11,0.0,290000.0,56,100.0,0.0950020652622883,0.3230070218917802,0.1058823529411764,0.3294117647058823,2,0,3.1,Tequila,2025-11,0.1169226070245107,0.1192595092094132,8.385075593796504
18722,2025-11-15,1800.0,0,11.0,7064,23,3,1,0.0,0.1818181818181818,0.2644398530762167,11.685788470623429,12.21001221001221,0.9355320327195252,5,0.0,75000.0,365,100.0,0.0822956145100162,0.3178126691932864,0.0780141843971631,0.3333333333333333,3,0,35.7,Ganybody,2025-11,0.07104033728440602,0.07246020230145389,13.800679107128788
18722,2025-11-15,1800.0,0,11.0,7244,635,3,1,0.0,0.25,0.3681096681096681,11.892060834608042,12.40694789081886,0.94007167407092,5,0.125,25000.0,365,100.0,0.2028839704896043,0.4523809523809524,0.1335740072202166,0.296028880866426,0,0,5.1,Coco,2025-11,0.0616927444934845,0.06292578156876313,15.891737457519449
18728,2025-11-15,3160.0,0,11.0,6920,2403,4,2,0.28,0.48,0.6204112554112554,12.605360289759307,12.97016861219196,0.940024015069958,22,0.1,2241000.0,365,1260.0,0.1034482758620689,0.2528735632183908,0.1564245810055866,0.3407821229050279,0,0,3.7,Fliegauf,2025-11,0.13634667545557022,0.19016086416591482,5.258705593215557
18722,2025-11-15,1800.0,0,11.0,6945,175,4,1,0.4,0.4,0.4057142857142857,12.037363376557272,12.484394506866415,0.9641928064622376,10,0.4,275000.0,105,100.0,0.0845697329376854,0.2700296735905044,0.0973451327433628,0.3716814159292035,1,0,11.9,Fabergé F,2025-11,0.1282501146197319,0.13081341679623928,7.644475807536193
18722,2025-11-15,1800.0,0,11.0,7242,148,3,1,0.0,0.4444444444444444,0.5669873336540003,12.295137374291146,12.853470437017997,0.949647674756704,8,0.1111111111111111,260000.0,365,100.0,0.1289760348583878,0.4034858387799564,0.1082251082251082,0.3939393939393939,1,0,8.9,Golden Rose OZ,2025-11,0.12674150119225183,0.12927465109876995,7.735468566346918
18728,2025-11-15,3160.0,0,11.0,5228,27,12,2,0.2222222222222222,0.5092592592592593,0.6264129389129389,12.698838378646329,13.26259946949602,0.8396436525612474,3,0.5,12079000.0,365,1260.0,0.0619146722164412,0.2315296566077003,0.1403508771929824,0.3450292397660818,0,0,4.6,Uptown Boy M,2025-11,0.09511774902542432,0.1326594380959829,7.5380991684622645
18727,2025-11-15,1800.0,0,10.0,6546,1408,7,2,0.119047619047619,0.2857142857142857,0.436955438741153,12.486496729459573,13.020833333333334,0.93419898329388,5,0.3,2248040.0,365,100.0,0.1321184510250569,0.398633257403189,0.1196172248803827,0.3397129186602871,0,0,5.7,Count Basie AT,2025-11,0.12515922139088312,0.14966871168504717,6.681423182851558
18728,2025-11-15,3160.0,0,11.0,4788,33,14,2,0.1676646706586826,0.4850299401197604,0.6100508938832292,12.533236157326945,13.14060446780552,0.8871785724942964,2,0.3,12278000.0,365,1260.0,0.1041825095057034,0.3378326996197718,0.1123595505617977,0.4089887640449438,0,0,8.2,Szilvás,2025-11,0.06648329397042592,0.09272335091244982,10.78476985742468
18728,2025-11-15,3160.0,0,11.0,6936,138,4,0,0.1153846153846153,0.4615384615384615,0.5227106227106227,12.33395395085639,12.953367875647668,0.9142990222113712,4,0.2,1802000.0,365,1260.0,0.1285800120168235,0.3773282595633887,0.1058823529411764,0.3294117647058823,1,1,2.5,Aaron LV,2025-11,0.12208367139101028,0.17026844530453608,5.873078820984332
18727,2025-11-15,1800.0,0,10.0,5721,615,10,2,0.0638297872340425,0.3404255319148936,0.5526718553314298,12.441088063457368,12.903225806451612,0.9334754569776736,8,0.3,4382000.0,365,100.0,0.1123260437375745,0.3598409542743538,0.1441441441441441,0.4504504504504504,0,0,28.5,Zippy Boy,2025-11,0.07746436198552449,0.09263393564640796,10.795179898402349
18727,2025-11-15,1800.0,0,10.0,6080,138,8,1,0.1538461538461538,0.3846153846153846,0.5795393495393495,12.444654885128443,12.82051282051282,0.9368667577956744,13,0.1,4543000.0,365,100.0,0.1285800120168235,0.3773282595633887,0.1058823529411764,0.3294117647058823,0,0,5.7,Boszi,2025-11,0.07746436198552449,0.09263393564640796,10.795179898402349
18727,2025-11-15,1800.0,0,10.0,7149,33,4,1,0.0714285714285714,0.3214285714285714,0.4577419604205319,12.204326583270252,12.722646310432571,0.9019814287888366,11,0.2,973000.0,365,100.0,0.1041825095057034,0.3378326996197718,0.1123595505617977,0.4089887640449438,0,0,14.2,Füge M,2025-11,0.03970989336570104,0.047486142172725294,21.058775344659857
18727,2025-11-15,1800.0,0,10.0,6919,1854,4,1,0.1153846153846153,0.2692307692307692,0.490018315018315,12.421587291555104,12.755102040816324,0.9625855158983748,15,0.0,1175000.0,365,100.0,0.037037037037037,0.1517323775388291,0.0355555555555555,0.1377777777777777,1,0,14.2,Fermina Daza,2025-11,0.06590790549914043,0.07881441891611772,12.688033658717972
18727,2025-11-15,1800.0,0,10.0,6692,2125,5,1,0.1142857142857142,0.3428571428571428,0.5427149041434756,12.345875920338658,13.003901170351105,0.8909366164426543,3,0.1,2087000.0,365,100.0,0.0229885057471264,0.1379310344827586,0.1058823529411764,0.3294117647058823,0,0,28.5,Excellence,2025-11,0.07008330275615056,0.08380746953823917,11.93211065206695
18727,2025-11-15,1800.0,0,10.0,6003,39,9,1,0.1447368421052631,0.4210526315789473,0.5645126072757652,12.666682424903804,13.123359580052494,0.937007639440624,14,0.2,4704000.0,365,100.0,0.1689342403628118,0.4365079365079365,0.15,0.4375,0,0,2.3,Ambrosia Gielle,2025-11,0.07382862890760104,0.08828622974222956,11.326794709885254
18727,2025-11-15,1800.0,0,10.0,5288,32,12,2,0.1603053435114503,0.3816793893129771,0.5425239306918695,12.473508129368035,12.987012987012989,0.8527131782945737,1,0.6,8109500.0,365,100.0,0.0639730639730639,0.2816039179675543,0.1123595505617977,0.4089887640449438,1,0,9.5,Usain,2025-11,0.1078902135292689,0.12901797472772203,7.750857987891903
18727,2025-11-15,1800.0,0,10.0,6690,1064,5,1,0.0512820512820512,0.3846153846153846,0.4839752839752839,12.363306103992963,12.87001287001287,0.8910237860993412,4,0.3,1635000.0,365,100.0,0.0966442953020134,0.2751677852348993,0.0833333333333333,0.2794117647058823,1,1,5.7,Enterprise,2025-11,0.1236618310213089,0.1478780926238767,6.762326875174599
18723,2025-11-15,1980.0,0,11.0,7188,451,3,2,0.1538461538461538,0.3076923076923077,0.3655788655788656,12.05862710746228,12.755102040816324,0.9098861522297104,5,0.2,460000.0,365,80.0,0.0773480662983425,0.2044198895027624,0.1196172248803827,0.3397129186602871,2,1,7.5,Győcike,2025-11,0.1078902135292689,0.12187049539665153,8.205431484833987
18728,2025-11-15,3160.0,0,11.0,7124,69,4,2,0.0833333333333333,0.3333333333333333,0.4655603655603655,12.57840436861052,13.03780964797914,0.9241621192391388,6,0.2,1180000.0,365,1260.0,0.0728182323513062,0.2556976097832129,0.1196172248803827,0.3397129186602871,1,0,4.6,Fess Fiú,2025-11,0.13634667545557022,0.19016086416591482,5.258705593215557
18727,2025-11-15,1800.0,0,10.0,5904,23,9,1,0.0918367346938775,0.3571428571428571,0.5453746650175222,12.523585568456385,13.003901170351105,0.907123451930019,6,0.5,5447000.0,365,100.0,0.0822956145100162,0.3178126691932864,0.0780141843971631,0.3333333333333333,0,0,4.7,Australian Gold,2025-11,0.07507200290759404,0.08977308930122639,11.139195585044202
18723,2025-11-15,1980.0,0,11.0,7425,2133,4,1,0.1111111111111111,0.2222222222222222,0.3945005611672278,12.508616011976304,12.722646310432571,0.9916980272293082,0,0.0,895863.0,365,80.0,0.0714285714285714,0.1428571428571428,0.0625,0.1875,0,0,2.5,Vikens Lagunitas,2025-11,0.08846614509820938,0.09992947994329446,10.007056982258444
18723,2025-11-15,1980.0,0,11.0,7189,33,3,1,0.0526315789473684,0.3684210526315789,0.4033132072605757,12.088206231100354,12.77139208173691,0.9045727922501547,3,0.1,742000.0,365,80.0,0.1041825095057034,0.3378326996197718,0.1123595505617977,0.4089887640449438,0,0,5.6,Galatea,2025-11,0.10423776259024937,0.11774476433366203,8.492946634690492
18723,2025-11-15,1980.0,0,11.0,7106,1076,3,2,0.0,0.3125,0.6101303210678211,12.407503927543676,12.82051282051282,0.9484344906746414,5,0.0,892000.0,365,80.0,0.1153153153153153,0.372972972972973,0.1196172248803827,0.3397129186602871,2,0,4.0,Gentleman Jack,2025-11,0.14093495905399323,0.1591971386168165,6.281519936152714
18726,2025-11-15,1800.0,0,11.0,6786,27,5,2,0.2352941176470588,0.4411764705882353,0.5533072319837026,12.482660057055948,13.003901170351105,0.9150492670543464,12,0.3,2537000.0,365,100.0,0.0619146722164412,0.2315296566077003,0.1376146788990825,0.3990825688073394,0,0,40.3,Enrico Fling,2025-11,0.08135355388124783,0.07569312151278713,13.211240070619443
18726,2025-11-15,1800.0,0,11.0,5247,898,12,0,0.1293103448275862,0.4310344827586206,0.5922314275762551,12.462189725260346,12.953367875647668,0.9297124856905264,17,0.2,7199000.0,365,100.0,0.0987074030552291,0.3149236192714453,0.1179487179487179,0.2871794871794871,1,0,121.0,Universal Boy,2025-11,0.10639605174462001,0.09899320790511461,10.101703148750408
18726,2025-11-15,1800.0,0,11.0,6782,32,6,1,0.0416666666666666,0.3125,0.5136574074074074,12.400730641113062,12.87001287001287,0.9133692430664944,9,0.3,2170000.0,365,100.0,0.0639730639730639,0.2816039179675543,0.1123595505617977,0.4089887640449438,4,0,9.3,Downtown Girl M,2025-11,0.10566609849532445,0.09831404347576178,10.17148684609375
18726,2025-11-15,1800.0,0,11.0,7099,587,4,1,0.0526315789473684,0.3684210526315789,0.4844326725905674,12.385482124446426,12.836970474967906,0.9278963247019726,5,0.0,825000.0,365,100.0,0.1079136690647482,0.3453237410071942,0.1376146788990825,0.3990825688073394,0,0,24.2,Fizető,2025-11,0.08135355388124783,0.07569312151278713,13.211240070619443
18726,2025-11-15,1800.0,0,11.0,5625,33,11,2,0.1081081081081081,0.3963963963963964,0.5155402155402156,12.413463359764226,13.003901170351105,0.8409371362835787,8,0.2,5796000.0,365,100.0,0.1041825095057034,0.3378326996197718,0.1123595505617977,0.4089887640449438,3,0,2.9,Vanderle,2025-11,0.16517570118109384,0.15368307620230767,6.506897341666982
18726,2025-11-15,1800.0,0,11.0,6057,175,8,2,0.1538461538461538,0.3846153846153846,0.6149753024753024,12.27535165489234,12.706480304955528,0.913447936048859,20,0.0,945000.0,365,100.0,0.0845697329376854,0.2700296735905044,0.0973451327433628,0.3716814159292035,2,0,3.4,Bitangjó,2025-11,0.06754707793394725,0.06284727506005727,15.911588832521273
18726,2025-11-15,1800.0,0,11.0,7094,138,4,2,0.2,0.44,0.4819076479076479,12.241358166360342,12.87001287001287,0.9215430357914988,15,0.0,1402000.0,365,100.0,0.1285800120168235,0.3773282595633887,0.1058823529411764,0.3294117647058823,3,0,2.0,Full Speed,2025-11,0.11247849712769191,0.10465244779705343,9.55543822481098
18726,2025-11-15,1800.0,0,11.0,6995,148,4,0,0.0,0.2564102564102564,0.4792799792799793,12.208883180938964,12.836970474967906,0.9023155107638124,6,0.3,1221000.0,365,100.0,0.1289760348583878,0.4034858387799564,0.1082251082251082,0.3939393939393939,1,0,13.4,Fany,2025-11,0.11262832085291545,0.10479184705987357,9.542727111476934
18726,2025-11-15,1800.0,0,11.0,7104,5,4,2,0.1,0.25,0.3974765512265512,12.254991716725591,12.77139208173691,0.921582960178993,4,0.2,815000.0,365,100.0,0.2191739973162367,0.4657820187863426,0.1564245810055866,0.3407821229050279,0,1,17.2,Florentin,2025-11,0.12405221909284592,0.11542089123029782,8.663942803947968
18724,2025-11-15,2500.0,0,11.0,7394,1076,4,0,0.0625,0.25,0.380530753968254,12.874577374349292,13.26259946949602,0.9784340398569272,10,0.2,2967890.0,365,600.0,0.1153153153153153,0.372972972972973,0.1144578313253012,0.3313253012048193,2,0,27.3,Furio Ferm,2025-11,0.10893867164850235,0.132404577868988,7.552608951251538
18724,2025-11-15,2500.0,0,11.0,7396,138,4,1,0.0,0.2142857142857142,0.3832199546485261,12.774377982555652,13.280212483399737,0.9685001484172624,6,0.0,3247736.0,365,600.0,0.1285800120168235,0.3773282595633887,0.1144578313253012,0.3313253012048193,0,0,37.5,Fiamma Sn,2025-11,0.05930038541555405,0.07207396950596713,13.87463472394438
18724,2025-11-15,2500.0,0,11.0,7255,1509,5,2,0.5,0.9375,0.886104347041847,12.8658261054715,13.10615989515072,0.9815165104800184,20,0.0,2933464.0,365,600.0,0.1582181259600614,0.4623655913978494,0.1811320754716981,0.4981132075471698,1,0,4.0,Top Hill,2025-11,0.26051591833432514,0.31663228193660714,3.158237668893817
18724,2025-11-15,2500.0,0,11.0,6987,615,4,2,0.1481481481481481,0.5555555555555556,0.5893645449201005,12.745697246956205,13.10615989515072,0.9576527545245676,12,0.0,3155000.0,365,600.0,0.1123260437375745,0.3598409542743538,0.1441441441441441,0.4504504504504504,0,0,5.7,Fabrice,2025-11,0.11478661000728607,0.13951218986830563,7.167832437753025
18724,2025-11-15,2500.0,0,11.0,6943,255,5,1,0.3461538461538461,0.5769230769230769,0.6138111888111888,12.583216526674718,13.003901170351105,0.9054277181531576,10,0.3,3122000.0,365,600.0,0.37492391965916,0.6774193548387096,0.4126984126984127,0.7936507936507936,1,0,1.4,Elizabeth Boss,2025-11,0.17356350272893906,0.2109499038728553,4.740461984769259
18726,2025-11-15,1800.0,0,11.0,6153,1492,8,2,0.1666666666666666,0.3333333333333333,0.5087241462241462,12.429623770579587,12.9366106080207,0.9349530889517428,6,0.2,3023000.0,365,100.0,0.0953125,0.35625,0.1058823529411764,0.3294117647058823,0,0,20.1,Bing Crosby AT,2025-11,0.11813025673230489,0.1099109682439597,9.098273047512311
18725,2025-11-15,1900.0,0,11.0,7035,2100,4,0,0.08,0.2,0.3323073593073593,12.016892660032465,12.43781094527363,0.922051752366454,5,0.0,605000.0,365,0.0,0.1335877862595419,0.4007633587786259,0.0625,0.1875,1,0,5.3,Firkó,2025-11,0.08846614509820938,0.15709384647493718,6.365621712366311
18723,2025-11-15,1980.0,0,11.0,7199,1854,3,1,0.0,0.2352941176470588,0.3703505644682115,11.987413422986789,12.547051442910917,0.9117988923120856,6,0.2,610000.0,365,80.0,0.037037037037037,0.1517323775388291,0.0355555555555555,0.1377777777777777,1,0,4.8,Gingerly KJ,2025-11,0.02204984923203786,0.0249070417179305,40.149288354871274
18724,2025-11-15,2500.0,0,11.0,7176,719,3,0,0.2727272727272727,0.6363636363636364,0.716053391053391,12.586749444442672,13.10615989515072,0.9291418647228058,14,0.0,3197000.0,365,600.0,0.1560624249699879,0.4069627851140456,0.1441441441441441,0.4504504504504504,0,1,3.1,Get Lucky,2025-11,0.10566609849532445,0.12842707694727687,7.7865199751492415
18723,2025-11-15,1980.0,0,11.0,7194,32,3,1,0.0,0.25,0.4027777777777777,12.042326779323146,12.5,0.9488292521822193,6,0.0,350000.0,365,80.0,0.0639730639730639,0.2816039179675543,0.1123595505617977,0.4089887640449438,0,0,6.8,Gyémánt Lady,2025-11,0.03970989336570104,0.04485545276368669,22.2938336007515
18723,2025-11-15,1980.0,0,11.0,7187,5,3,0,0.1176470588235294,0.3529411764705882,0.3821768101179866,12.473008264644337,12.919896640826872,0.9523565897484242,13,0.2,1142000.0,365,80.0,0.2191739973162367,0.4657820187863426,0.2441471571906354,0.4816053511705686,1,0,7.5,Genesis,2025-11,0.23218954602877298,0.2622763833234387,3.812771807085665
18723,2025-11-15,1980.0,0,11.0,7168,1509,3,1,0.0666666666666666,0.4,0.3908032708032707,12.18820981660337,12.755102040816324,0.9199122561574749,4,0.3,1004000.0,365,80.0,0.1582181259600614,0.4623655913978494,0.1811320754716981,0.4981132075471698,1,0,34.0,God save the Queen,2025-11,0.1498073861002922,0.16921924390451965,5.909493370412649
18725,2025-11-15,1900.0,0,11.0,6358,1064,7,2,0.0338983050847457,0.3559322033898305,0.5142178443025901,12.342165941846297,12.78772378516624,0.9147846891281032,5,0.0,2917000.0,365,0.0,0.0966442953020134,0.2751677852348993,0.0833333333333333,0.2794117647058823,2,1,1.9,Calvin,2025-11,0.09302318841218948,0.16518602074059896,6.053781037381832
18725,2025-11-15,1900.0,0,11.0,6696,1640,5,1,0.0714285714285714,0.3809523809523809,0.5562160722875008,12.4377923287627,12.88659793814433,0.8924590797222147,10,0.2,2268000.0,365,0.0,0.0772357723577235,0.2560975609756097,0.1179487179487179,0.2871794871794871,0,0,4.6,Édes K,2025-11,0.07382862890760104,0.13110126232120112,7.627691620161345
18725,2025-11-15,1900.0,0,11.0,6999,1854,4,1,0.0476190476190476,0.0952380952380952,0.21499518999519,12.04517507444414,12.626262626262626,0.8934081203650447,5,0.6,627000.0,365,0.0,0.037037037037037,0.1517323775388291,0.0355555555555555,0.1377777777777777,5,0,9.3,First Lady KJ,2025-11,0.012875537077585856,0.02286374796486497,43.73736106331794
18725,2025-11-15,1900.0,0,11.0,6378,1492,7,2,0.0888888888888888,0.2444444444444444,0.3844059644059644,12.363279297897073,12.78772378516624,0.9291069580626344,5,0.4,1600000.0,365,0.0,0.0953125,0.35625,0.1058823529411764,0.3294117647058823,1,0,7.4,Chesterfield,2025-11,0.15080131590366364,0.2677855889672776,3.734330902034449
18725,2025-11-15,1900.0,0,11.0,7240,635,3,1,0.0833333333333333,0.25,0.5491883116883117,12.201577702153616,12.531328320802006,0.9581769583725824,9,0.0,371000.0,365,0.0,0.2028839704896043,0.4523809523809524,0.1335740072202166,0.296028880866426,0,0,9.3,Gana Ris,2025-11,0.08484681323170662,0.15066681425886133,6.6371616398677915
18725,2025-11-15,1900.0,0,11.0,6966,138,5,2,0.04,0.24,0.4163059163059163,12.27389471400668,12.626262626262626,0.948114991804312,3,0.5,638632.0,365,0.0,0.1285800120168235,0.3773282595633887,0.1058823529411764,0.3294117647058823,0,0,4.6,Eagle GG,2025-11,0.05930038541555405,0.10530271927225875,9.49643092705435
18739,2025-11-22,1900.0,0,4.0,7085,2271,5,0,0.1176470588235294,0.5882352941176471,0.6959065444359561,12.491907736486514,12.87001287001287,0.9433124942783632,14,0.1,1210000.0,365,0.0,0.2157894736842105,0.4684210526315789,0.1811320754716981,0.4981132075471698,0,0,2.3,El Nino N,2025-11,0.16845987985531488,0.2529745746087828,3.952966425762227
18739,2025-11-22,1900.0,0,4.0,6920,1380,4,2,0.2692307692307692,0.4615384615384615,0.6042415917415918,12.570629446244054,12.97016861219196,0.940024015069958,22,0.1,2276000.0,365,0.0,0.1111111111111111,0.2979797979797979,0.1564245810055866,0.3407821229050279,0,1,7.9,Fliegauf,2025-11,0.1498073861002922,0.2249643048809253,4.445149645092829
18739,2025-11-22,1900.0,0,4.0,7109,2237,3,1,0.0714285714285714,0.3571428571428571,0.485062358276644,12.32752845432632,12.953367875647668,0.9458044775003264,6,0.1,1097000.0,287,0.0,0.2408759124087591,0.4671532846715328,0.1335740072202166,0.296028880866426,0,0,3.9,Gaya T Boko,2025-11,0.11500729620456696,0.17270534598056522,5.790208718336556
18739,2025-11-22,1900.0,0,4.0,6995,1409,4,0,0.0,0.275,0.4895202020202019,12.2214287215094,12.836970474967906,0.9023155107638124,6,0.3,1371000.0,365,0.0,0.0812807881773399,0.3325123152709359,0.1082251082251082,0.3939393939393939,0,0,11.9,Fany,2025-11,0.043257558097441993,0.06495945721743221,15.394217298534397
18739,2025-11-22,1900.0,0,4.0,6021,451,9,1,0.1188118811881188,0.495049504950495,0.6156001314417155,12.519170183514376,13.03780964797914,0.8910351652697485,6,0.1,7091000.0,365,0.0,0.0824175824175824,0.2087912087912088,0.1196172248803827,0.3397129186602871,0,0,4.7,Anna,2025-11,0.11827986935774486,0.17761973747848356,5.630004943122595
18739,2025-11-22,1900.0,0,4.0,6360,2144,7,0,0.08,0.4,0.5876616161616162,12.57860811349128,13.175230566534914,0.8999124213119433,9,0.3,6740000.0,365,0.0,0.0375,0.175,0.1236363636363636,0.4109090909090909,0,0,2.6,Chip Chip Chip,2025-11,0.07110425954063733,0.10677657983381086,9.365349607155608
18736,2025-11-22,1960.0,0,4.0,6355,1401,7,1,0.5454545454545454,0.8787878787878788,0.8783309283309283,13.027715640673996,13.513513513513514,0.9362816059453142,25,0.0,7659560.0,365,60.0,0.2321428571428571,0.555952380952381,0.2152466367713004,0.5381165919282511,1,1,2.1,Coach Degli Dei,2025-11,0.19497271875540415,0.09397052812122755,10.641634350611936
18736,2025-11-22,1960.0,0,4.0,6864,148,7,0,0.1666666666666666,0.6851851851851852,0.6875881834215168,12.91720969524306,13.280212483399737,0.9705219939011022,7,0.2,6143600.0,365,60.0,0.128863735306922,0.4035698737483674,0.1082251082251082,0.3939393939393939,1,0,15.8,In Love Danover,2025-11,0.11323295782009761,0.05457461389986555,18.32353778690615
18736,2025-11-22,1960.0,0,4.0,7471,2271,6,2,0.0,0.375,0.4583333333333333,12.906777251185922,13.280212483399737,0.975066647498116,7,0.0,5326761.0,365,60.0,0.2157894736842105,0.4684210526315789,0.1811320754716981,0.4981132075471698,2,0,87.0,Doktor Adri,2025-11,0.15432589004437128,0.07438007472440859,13.444460814340102
18736,2025-11-22,1960.0,0,4.0,7375,1492,7,1,0.0,0.1111111111111111,0.4076058201058201,12.962220934540111,13.531799729364003,0.9637249818443702,6,0.0,7110501.0,365,60.0,0.0950155763239875,0.3551401869158878,0.1058823529411764,0.3294117647058823,1,0,69.6,Lola Dragon,2025-11,0.0895299290617307,0.04315052264897281,23.17469033075095
18736,2025-11-22,1960.0,0,4.0,6308,860,7,2,0.2203389830508474,0.6271186440677966,0.6045937584073177,12.831386878733584,13.333333333333334,0.8735735460509194,15,0.3,6167000.0,365,60.0,0.1592039800995024,0.4197195838986883,0.1236363636363636,0.4109090909090909,1,0,43.5,Csábító R.,2025-11,0.11323295782009761,0.05457461389986555,18.32353778690615
18736,2025-11-22,1960.0,0,4.0,6901,635,5,0,0.3666666666666666,0.5,0.6225,12.775090764902636,13.280212483399737,0.9371695852129114,22,0.0,5660000.0,365,60.0,0.202680067001675,0.4519262981574539,0.1335740072202166,0.296028880866426,1,0,10.5,Eastwood,2025-11,0.2209349200129509,0.10648346725925065,9.391129212249858
18736,2025-11-22,1960.0,0,4.0,6525,898,8,0,0.1166666666666666,0.5166666666666667,0.6619763107263108,12.845343478930555,13.642564802182813,0.958258244511508,4,0.1,6351290.0,365,60.0,0.0985915492957746,0.3145539906103286,0.1179487179487179,0.2871794871794871,0,0,87.0,Big Ben Pax,2025-11,0.19158523281415304,0.09233786974248308,10.829792833523829
18736,2025-11-22,1960.0,0,4.0,6310,615,7,2,0.3243243243243243,0.6216216216216216,0.6478978978978979,12.527450830973889,13.03780964797914,0.9201989774646764,9,0.2,3673000.0,365,60.0,0.1121031746031746,0.3601190476190476,0.1441441441441441,0.4504504504504504,1,0,34.8,Compact Boy,2025-11,0.16285951435565948,0.07849300492530457,12.739988753795563
18736,2025-11-22,1960.0,0,4.0,6261,1791,8,2,0.1818181818181818,0.4545454545454545,0.6201948051948052,12.732981471486754,13.495276653171391,0.8810105190222186,14,0.1,6470200.0,365,60.0,0.1666666666666666,0.3802083333333333,0.1236363636363636,0.4109090909090909,0,0,58.0,Be Happy,2025-11,0.14695652574300766,0.07082828009520402,14.118654281253864
18734,2025-11-22,1800.0,0,4.0,7429,620,2,1,0.0,0.75,0.6212121212121212,12.072667720688528,12.360939431396783,0.976678818603702,9,0.0,350000.0,91,100.0,0.136986301369863,0.4383561643835616,0.0793650793650793,0.3968253968253968,0,0,7.8,Hippy Glory K,2025-11,0.03970989336570104,0.059842393607866924,16.710561521866317
18736,2025-11-22,1960.0,0,4.0,6898,32,5,2,0.2142857142857142,0.5714285714285714,0.6879835772692916,12.625380672985209,13.368983957219251,0.8944282060126223,12,0.1,5181000.0,365,60.0,0.0638948333842861,0.2815652705594619,0.1123595505617977,0.4089887640449438,2,0,2.0,Euzébió,2025-11,0.17749508221944174,0.08554687405270302,11.689497846337765
18734,2025-11-22,1800.0,0,4.0,7261,2225,2,0,0.0,0.5,0.4924242424242424,11.875798180500857,12.150668286755772,0.9773781902552204,2,0.0,84000.0,112,100.0,0.1151515151515151,0.4848484848484848,0.2441471571906354,0.4816053511705686,0,0,7.8,Hell Energy,2025-11,0.07746436198552449,0.1167379825936282,8.566192234802095
18736,2025-11-22,1960.0,0,4.0,6731,255,6,1,0.6388888888888888,0.8888888888888888,0.842989417989418,12.88859240251435,13.315579227696404,0.9360686025657868,22,0.2,8743000.0,365,60.0,0.3750759878419453,0.6778115501519757,0.4126984126984127,0.7936507936507936,0,0,3.7,Daytona Spav,2025-11,0.5097026526927948,0.2456601506307147,4.0706642792189625
18741,2025-11-22,1960.0,0,4.0,7349,1492,3,1,0.1666666666666666,0.5,0.4367424242424242,12.187471621614716,12.642225031605564,0.957590473829966,8,0.0,375000.0,140,60.0,0.0950155763239875,0.3551401869158878,0.1058823529411764,0.3294117647058823,1,1,2.6,Torra LV,2025-11,0.10186134527126949,0.2020607053299299,4.949007766587642
18734,2025-11-22,1800.0,0,4.0,7353,2271,2,0,0.0,0.3333333333333333,0.0833333333333333,11.147539989787788,11.848341232227488,0.9408523751380894,4,0.0,0.0,91,100.0,0.2157894736842105,0.4684210526315789,0.1811320754716981,0.4981132075471698,1,0,7.8,Hipervándor,2025-11,0.1330030287305514,0.20043417198412256,4.9891692125193865
18741,2025-11-22,1960.0,0,4.0,7102,255,3,1,0.75,1.0,0.7222222222222222,12.004379487510738,12.626262626262626,0.9507468554108504,18,0.0,375000.0,365,60.0,0.3750759878419453,0.6778115501519757,0.4126984126984127,0.7936507936507936,0,0,1.0,Gyöngyhajú Lány,2025-11,0.3126543164253235,0.6202073174382748,1.6123640787252134
18741,2025-11-22,1960.0,0,4.0,7199,1380,3,1,0.0,0.2222222222222222,0.3775533108866442,12.015563268129716,12.547051442910917,0.9117988923120856,6,0.2,635000.0,365,60.0,0.1111111111111111,0.2979797979797979,0.0355555555555555,0.1377777777777777,1,0,11.9,Gingerly KJ,2025-11,0.02204984923203786,0.043739929768047685,22.86240525083117
18741,2025-11-22,1960.0,0,4.0,7116,175,3,1,0.1111111111111111,0.4444444444444444,0.4444444444444444,12.047637425249569,12.594458438287154,0.93079178390741,7,0.1111111111111111,375000.0,231,60.0,0.0843195266272189,0.2692307692307692,0.0973451327433628,0.3716814159292035,1,0,11.9,Golden Girl,2025-11,0.06754707793394725,0.13399204746374763,7.4631294836401105
18734,2025-11-22,1800.0,0,4.0,7259,5,2,0,0.0,0.25,0.3742424242424242,11.725449586986388,12.5,0.938035966958911,3,0.25,175000.0,112,100.0,0.2192577135191533,0.465792219406767,0.2441471571906354,0.4816053511705686,0,1,1.0,Hollywood Boy,2025-11,0.11813025673230489,0.17802106027509249,5.617312909240735
18734,2025-11-22,1800.0,0,4.0,7356,1509,2,1,0.0,0.3333333333333333,0.4646464646464647,11.896055912877303,12.150668286755772,0.979045401629802,4,0.3333333333333333,56000.0,77,100.0,0.1577335375191424,0.4609494640122512,0.1811320754716981,0.4981132075471698,0,0,15.6,Holiday,2025-11,0.08846614509820938,0.13331755457470873,7.5008876602189565
18734,2025-11-22,1800.0,0,4.0,7415,1401,2,0,0.25,0.25,0.5643939393939393,11.953819479467484,12.391573729863692,0.964673231993026,5,0.0,0.0,91,100.0,0.2321428571428571,0.555952380952381,0.2152466367713004,0.5381165919282511,1,0,15.6,Hugo CD,2025-11,0.2068009302020073,0.3116468369645811,3.20876030618482
18735,2025-11-22,1800.0,0,5.0,7185,5,3,0,0.5,0.8,0.6333333333333334,12.66884672110636,13.10615989515072,0.9439497161801048,11,0.1,1640000.0,365,100.0,0.2192577135191533,0.465792219406767,0.2441471571906354,0.4816053511705686,1,1,1.7,Győztes Szív,2025-11,0.34803921977678937,0.2856706779790889,3.500534276301189
18738,2025-11-22,1800.0,0,5.0,5531,23,11,1,0.1269841269841269,0.4285714285714285,0.5887812364002841,12.665253499904509,13.227513227513228,0.8965304900166179,5,0.3,8816000.0,365,100.0,0.0822510822510822,0.3176406926406926,0.0930232558139534,0.3255813953488372,0,1,8.1,Very Nice Photo,2025-11,0.10423776259024937,0.1013628124774323,9.865551039466697
18735,2025-11-22,1800.0,0,5.0,7190,33,3,1,0.125,0.5,0.5370896464646464,12.173262915716569,12.69035532994924,0.9349462146186192,10,0.125,771000.0,365,100.0,0.1042735042735042,0.3378917378917379,0.1123595505617977,0.4089887640449438,3,0,15.9,Gucci,2025-11,0.10423776259024937,0.08555838140677764,11.687925642791361
18738,2025-11-22,1800.0,0,5.0,5960,860,9,1,0.1714285714285714,0.4428571428571428,0.6195001030715317,12.648704616578312,13.245033112582782,0.9143254789563224,16,0.1,7715400.0,365,100.0,0.1592039800995024,0.4197195838986883,0.1236363636363636,0.4109090909090909,0,0,2.7,Ann Bella M,2025-11,0.0970548540353775,0.09437801354470725,10.595688152795205
18738,2025-11-22,1800.0,0,5.0,6877,1638,6,1,0.1041666666666666,0.3333333333333333,0.5349717412217413,12.577901921801214,13.003901170351105,0.933924972108228,18,0.1,2514000.0,365,100.0,0.0412371134020618,0.2577319587628865,0.0780141843971631,0.3333333333333333,0,0,16.3,Petra La Roque,2025-11,0.11478661000728607,0.11162071533351449,8.958910512372848
18738,2025-11-22,1800.0,0,5.0,5625,33,11,2,0.1071428571428571,0.3928571428571428,0.5149054318697176,12.414899790765803,13.003901170351105,0.8409371362835787,8,0.2,5796000.0,365,100.0,0.1042735042735042,0.3378917378917379,0.1123595505617977,0.4089887640449438,2,0,4.0,Vanderle,2025-11,0.16511623313029608,0.16056221238704693,6.228115477067711
18738,2025-11-22,1800.0,0,5.0,5288,32,12,2,0.1590909090909091,0.3863636363636363,0.5451479076479077,12.472944059549825,12.987012987012989,0.8527131782945737,1,0.6,8259500.0,365,100.0,0.0638948333842861,0.2815652705594619,0.1123595505617977,0.4089887640449438,0,0,4.0,Usain,2025-11,0.08128323654333751,0.0790413882509005,12.651599650877934
18738,2025-11-22,1800.0,0,5.0,6546,69,7,2,0.1162790697674418,0.2790697674418604,0.4267936843518239,12.481604563931027,13.020833333333334,0.93419898329388,5,0.3,2248040.0,365,100.0,0.0727777777777777,0.2561111111111111,0.1196172248803827,0.3397129186602871,2,0,16.3,Count Basie AT,2025-11,0.12674150119225183,0.12324588229084081,8.11386134297094
18738,2025-11-22,1800.0,0,5.0,7330,2527,5,1,0.1,0.3,0.3666919191919192,12.604122566067526,13.020833333333334,0.9709228824273072,0,0.6,900000.0,365,100.0,0.0,0.0588235294117647,0.1811320754716981,0.4981132075471698,0,0,8.1,Emilia Adri,2025-11,0.09493975589672725,0.09232125128627186,10.831742270251267
18738,2025-11-22,1800.0,0,5.0,4968,1758,13,0,0.1583333333333333,0.4,0.5549001924001924,12.40383244068157,12.903225806451612,0.8881702197554802,10,0.1,7798000.0,365,100.0,0.1417322834645669,0.4094488188976378,0.1179487179487179,0.2871794871794871,0,0,16.3,Titus Livius,2025-11,0.13157469282547632,0.12794577113162311,7.815811270317473
18737,2025-11-22,1980.0,0,5.0,6358,2539,7,2,0.05,0.3666666666666666,0.5223142135642136,12.348889459835082,12.78772378516624,0.9147846891281032,5,0.0,3167000.0,365,80.0,0.0,0.3333333333333333,0.0833333333333333,0.2794117647058823,0,1,9.8,Calvin,2025-11,0.0616927444934845,0.08878074577212441,11.263703535074182
18738,2025-11-22,1800.0,0,5.0,6962,1076,4,1,0.1,0.3666666666666666,0.508457190957191,12.250638362517789,12.9366106080207,0.8826353625709418,10,0.1,1371500.0,365,100.0,0.1149012567324955,0.3734290843806104,0.1196172248803827,0.3397129186602871,1,0,5.4,Flinga VT,2025-11,0.11262832085291545,0.10952195329766272,9.130589529225833
18737,2025-11-22,1980.0,0,5.0,6782,32,6,1,0.0408163265306122,0.3061224489795918,0.5077097505668935,12.403754691496786,12.87001287001287,0.9133692430664944,9,0.3,2170000.0,365,80.0,0.0638948333842861,0.2815652705594619,0.1123595505617977,0.4089887640449438,3,0,19.7,Downtown Girl M,2025-11,0.08853646243611972,0.12741098207965987,7.84861700049357
18737,2025-11-22,1980.0,0,5.0,6343,1023,7,2,0.0806451612903225,0.3870967741935484,0.5883355443839314,12.508759592991606,12.9366106080207,0.9242660594569756,16,0.0,3074000.0,365,80.0,0.0746268656716417,0.2388059701492537,0.1179487179487179,0.2871794871794871,1,0,13.1,Chicago,2025-11,0.12674150119225183,0.18239105892452367,5.48272489833954
18737,2025-11-22,1980.0,0,5.0,6674,100,6,1,0.0294117647058823,0.1176470588235294,0.3700014854426619,12.3654475829683,12.919896640826872,0.9117367662189972,7,0.0,1072323.0,365,80.0,0.06,0.21,0.1058823529411764,0.3294117647058823,0,0,13.1,Démon Jewel GG,2025-11,0.05930038541555405,0.08533795156938298,11.718115816114501
18737,2025-11-22,1980.0,0,5.0,5700,1064,11,2,0.0666666666666666,0.2916666666666667,0.5339084295334295,12.34398196917756,12.903225806451612,0.8988963773743933,9,0.1,4989000.0,365,80.0,0.0990629183400267,0.2771084337349397,0.0833333333333333,0.2794117647058823,2,0,13.1,Vezér,2025-11,0.08853646243611972,0.12741098207965987,7.84861700049357
18737,2025-11-22,1980.0,0,5.0,6919,1854,4,1,0.1111111111111111,0.2592592592592592,0.4883303938859494,12.419341074512204,12.755102040816324,0.9625855158983748,15,0.0,1175000.0,365,80.0,0.0380499405469678,0.1521997621878715,0.0355555555555555,0.1377777777777777,0,0,7.8,Fermina Daza,2025-11,0.02204984923203786,0.03173147952900641,31.5144460593424
18737,2025-11-22,1980.0,0,5.0,5925,2461,9,1,0.0967741935483871,0.3118279569892473,0.5652783596331984,12.41775826168695,12.853470437017997,0.9265608843277726,8,0.0,4546640.0,365,80.0,0.0,0.0,0.0833333333333333,0.2794117647058823,0,0,19.7,Anikó,2025-11,0.030535581211249035,0.04394311996941992,22.75669093810138
18737,2025-11-22,1980.0,0,5.0,7035,2100,4,0,0.0769230769230769,0.1923076923076923,0.319526307026307,12.022067863078751,12.43781094527363,0.922051752366454,5,0.0,605000.0,365,80.0,0.1330798479087452,0.3992395437262357,0.0625,0.1875,0,0,13.1,Firkó,2025-11,0.03654260312517484,0.0525877002967573,19.01585340976895
18737,2025-11-22,1980.0,0,5.0,6507,2402,6,0,0.0625,0.3958333333333333,0.4320459054834054,12.384992775136048,13.10615989515072,0.8737194297899137,3,0.2,2157000.0,365,80.0,0.1818181818181818,0.1818181818181818,0.1144578313253012,0.3313253012048193,0,0,2.1,Despasito,2025-11,0.03970989336570104,0.057145681821803324,17.49913498483206
18735,2025-11-22,1800.0,0,5.0,7065,148,3,0,0.3333333333333333,0.7777777777777778,0.7207631874298541,12.744406070183205,12.919896640826872,0.9830742242617616,13,0.2222222222222222,1135000.0,293,100.0,0.128863735306922,0.4035698737483674,0.1082251082251082,0.3939393939393939,1,0,3.5,Greenback,2025-11,0.15951586763064066,0.13093066374442755,7.637630264763401
18737,2025-11-22,1980.0,0,5.0,6966,2277,5,2,0.0384615384615384,0.2692307692307692,0.4339479964479965,12.293280520196094,12.642225031605564,0.94691787691567,3,0.5,763632.0,365,80.0,0.0705882352941176,0.2235294117647059,0.1058823529411764,0.3294117647058823,0,0,13.1,Eagle GG,2025-11,0.028764804204305012,0.04139483159996306,24.157605221442488
18733,2025-11-22,3160.0,0,5.0,6855,2225,5,1,0.1702127659574468,0.4680851063829787,0.4856720702465383,12.893914875607628,13.368983957219251,0.9355187120597562,11,0.2,15370000.0,365,1260.0,0.1151515151515151,0.4848484848484848,0.2441471571906354,0.4816053511705686,0,0,4.0,Eternity Bar,2025-11,0.10973969846963882,0.09088397324774906,11.003040076978227
18737,2025-11-22,1980.0,0,5.0,7094,138,4,2,0.1923076923076923,0.4615384615384615,0.4932872682872683,12.25740817872065,12.87001287001287,0.9215430357914988,15,0.0,1474000.0,365,80.0,0.128625725145029,0.3776755351070214,0.1058823529411764,0.3294117647058823,2,0,3.2,Full Speed,2025-11,0.11247849712769191,0.1618654663576991,6.1779700296921005
18733,2025-11-22,3160.0,0,5.0,5906,28,9,1,0.173076923076923,0.5961538461538461,0.6811546092796092,12.734950779322144,13.386880856760374,0.8710076069205591,6,0.0,12135440.0,365,1260.0,0.1417069243156199,0.3961352657004831,0.0780141843971631,0.3333333333333333,2,0,5.3,Anybody,2025-11,0.13411612063646317,0.11107198297422405,9.00317049558812
18733,2025-11-22,3160.0,0,5.0,7001,1509,4,0,0.2222222222222222,0.6296296296296297,0.6687977660199883,12.700196525604552,13.404825737265416,0.9011585266531648,12,0.0,5984000.0,365,1260.0,0.1577335375191424,0.4609494640122512,0.1811320754716981,0.4981132075471698,2,0,16.0,Fárosz,2025-11,0.12674150119225183,0.10496448745868403,9.52703170578162
18735,2025-11-22,1800.0,0,5.0,7187,2225,3,0,0.1111111111111111,0.3333333333333333,0.3748336540003206,12.471492253866542,12.919896640826872,0.9523565897484242,13,0.2,1142000.0,365,100.0,0.1151515151515151,0.4848484848484848,0.2441471571906354,0.4816053511705686,0,0,15.9,Genesis,2025-11,0.11835094292958577,0.09714248333231658,10.294157259487395
18735,2025-11-22,1800.0,0,5.0,7060,635,4,0,0.3076923076923077,0.5384615384615384,0.6141414141414141,12.666716194612755,13.003901170351105,0.952723540240781,12,0.2,1150000.0,365,100.0,0.202680067001675,0.4519262981574539,0.1335740072202166,0.296028880866426,0,0,15.9,Filthy Rich,2025-11,0.15054013331731161,0.12356337879219331,8.093012750013758
18735,2025-11-22,1800.0,0,5.0,7168,1509,3,1,0.0625,0.375,0.3663780663780663,12.18820981660337,12.755102040816324,0.9199122561574749,4,0.3,1004000.0,365,100.0,0.1577335375191424,0.4609494640122512,0.1811320754716981,0.4981132075471698,0,0,31.9,God save the Queen,2025-11,0.0970548540353775,0.0796626482820797,12.552934424914824
18735,2025-11-22,1800.0,0,5.0,6918,2271,4,2,0.2857142857142857,0.7142857142857143,0.5904761904761905,12.492080839614149,12.87001287001287,0.9229214548684572,15,0.3,1032000.0,365,100.0,0.2157894736842105,0.4684210526315789,0.1811320754716981,0.4981132075471698,0,0,5.3,Front of the Line,2025-11,0.13634667545557022,0.11191338505633878,8.935481662864419
18740,2025-11-22,1800.0,0,5.0,7173,110,7,1,0.15,0.25,0.4008730158730159,12.908717227821068,13.26259946949602,0.9768228973907672,2,0.0,8435970.0,365,100.0,0.1636243677149769,0.4121398724433692,0.1144578313253012,0.3313253012048193,1,1,3.2,Jula Netprice,2025-11,0.1957252323627472,0.1672745413253902,5.978196036746282
18740,2025-11-22,1800.0,0,5.0,5831,841,12,2,0.1181818181818181,0.4727272727272727,0.6586862127771219,12.725366852244374,13.531799729364003,0.9367595940032272,5,0.1,10096900.0,365,100.0,0.12,0.24,0.0789473684210526,0.4473684210526316,0,0,16.3,King's Call,2025-11,0.12773543099562326,0.10916776223922736,9.160213413632372
18740,2025-11-22,1800.0,0,5.0,6861,451,5,1,0.1351351351351351,0.4594594594594595,0.4904674154674154,12.598552924729727,13.020833333333334,0.9320172537869386,17,0.3,3127519.0,365,100.0,0.0824175824175824,0.2087912087912088,0.1196172248803827,0.3397129186602871,1,0,8.1,Emeli Sandé A.T.,2025-11,0.11323295782009761,0.09677337384466513,10.333420860216577
18735,2025-11-22,1800.0,0,5.0,6706,2403,5,1,0.1481481481481481,0.3703703703703703,0.4942694137138581,12.056079378212624,12.69035532994924,0.9157137907514136,5,0.1,1245000.0,365,100.0,0.1022727272727272,0.25,0.1564245810055866,0.3407821229050279,3,0,4.5,Eperke,2025-11,0.10423776259024937,0.08555838140677764,11.687925642791361
18740,2025-11-22,1800.0,0,5.0,6472,2403,6,2,0.1276595744680851,0.3404255319148936,0.5081053698074974,12.621708435403349,13.123359580052494,0.8985459415640789,10,0.0,6102000.0,365,100.0,0.1022727272727272,0.25,0.1564245810055866,0.3407821229050279,2,0,4.6,Dumbledore,2025-11,0.20424837122360864,0.17455875361826864,5.7287301797928505
18740,2025-11-22,1800.0,0,5.0,5325,2332,12,2,0.1492537313432835,0.3656716417910448,0.5507850358596627,12.463612533833327,13.157894736842104,0.8681584936097093,3,0.3,8736000.0,365,100.0,0.1481481481481481,0.2962962962962963,0.1236363636363636,0.4109090909090909,1,0,4.6,Ultimate Force,2025-11,0.16511623313029608,0.1411148773657218,7.086425036591569
18740,2025-11-22,1800.0,0,5.0,6475,1492,6,2,0.1555555555555555,0.4,0.4871893538560204,12.551553414226282,12.97016861219196,0.9415368908691936,7,0.2,3002000.0,365,100.0,0.0950155763239875,0.3551401869158878,0.1058823529411764,0.3294117647058823,0,0,16.3,Discovery LW,2025-11,0.11262832085291545,0.09625662712717332,10.388895080219356
18740,2025-11-22,1800.0,0,5.0,6331,635,7,0,0.1833333333333333,0.5,0.6097023809523809,12.821374124063654,13.368983957219251,0.93040529204466,15,0.0,7354400.0,365,100.0,0.202680067001675,0.4519262981574539,0.1335740072202166,0.296028880866426,0,0,3.6,Charming Boy,2025-11,0.11505058656136195,0.09832679141032341,10.170168126680164
18733,2025-11-22,3160.0,0,5.0,6783,5,5,0,0.6285714285714286,0.8285714285714286,0.8196145124716553,13.08537767757131,13.831258644536652,0.9091387834294948,21,0.2,32385000.0,365,1260.0,0.2192577135191533,0.465792219406767,0.2441471571906354,0.4816053511705686,0,1,1.4,Enjoy,2025-11,0.6196874330441157,0.5132113252737741,1.9485150672903546
18740,2025-11-22,1800.0,0,5.0,6899,1076,5,1,0.3448275862068966,0.6896551724137931,0.7254515599343185,12.70707540214963,13.192612137203168,0.9176666869686324,18,0.0,4157000.0,365,100.0,0.1149012567324955,0.3734290843806104,0.1196172248803827,0.3397129186602871,1,0,4.6,Eunike T Boko,2025-11,0.13634667545557022,0.11652727306923007,8.581681984490357
18733,2025-11-22,3160.0,0,5.0,7130,255,3,2,0.6,0.9,0.8775000000000001,12.725823146611614,13.14060446780552,0.9551718940146978,21,0.0,9445000.0,224,1260.0,0.3750759878419453,0.6778115501519757,0.4126984126984127,0.7936507936507936,0,0,3.4,Giovanni Fling,2025-11,0.21718554695447287,0.1798682310455689,5.559625477979233
18750,2025-12-06,1900.0,0,10.0,6965,39,4,1,0.2916666666666667,0.7083333333333334,0.7230985449735449,12.658478317912795,13.192612137203168,0.9230247574799576,13,0.0,4395571.0,365,0.0,0.168870419342652,0.4367208160181337,0.15,0.4375,1,0,7.3,Felhők felett,2025-12,0.22615909576416016,0.17082401424007673,5.8539778757019265
18750,2025-12-06,1900.0,0,10.0,6929,148,4,1,0.1428571428571428,0.5,0.614570449391878,12.726994045972166,13.351134846461948,0.934482437352072,14,0.1,3753000.0,365,0.0,0.1287516311439756,0.4036537625054371,0.1082251082251082,0.3939393939393939,1,0,3.3,Fendi,2025-12,0.14651251584291458,0.11066482207197487,9.036295195501365
18750,2025-12-06,1900.0,0,10.0,7186,898,3,1,0.2,0.2666666666666666,0.4555555555555555,12.596866492439272,12.903225806451612,0.9537792098882902,17,0.1,2083000.0,365,0.0,0.0984759671746776,0.3141852286049238,0.1179487179487179,0.2871794871794871,0,0,9.1,Gina Fling,2025-12,0.10650207599004109,0.08044386666849952,12.43102850986629
18750,2025-12-06,1900.0,0,10.0,7363,841,4,0,0.0,0.4545454545454545,0.5828282828282828,13.089284656148838,13.333333333333334,0.9834583626960004,3,0.1,350000.0,365,0.0,0.1176470588235294,0.2549019607843137,0.0789473684210526,0.4473684210526316,1,0,2.4,Flying Dancer,2025-12,0.12406702588001887,0.09371114314037202,10.67108954697178
18750,2025-12-06,1900.0,0,10.0,7394,1076,4,0,0.0588235294117647,0.2352941176470588,0.3581465919701214,12.829226213631062,13.26259946949602,0.9784340398569272,10,0.2,2967890.0,365,0.0,0.1144901610017889,0.3738819320214669,0.1144578313253012,0.3313253012048193,1,0,12.2,Furio Ferm,2025-12,0.10304152468840282,0.07783001970898558,12.848512742757904
18750,2025-12-06,1900.0,0,10.0,7396,110,4,1,0.0,0.2,0.371005291005291,12.748857699042857,13.280212483399737,0.9685001484172624,6,0.0,3277736.0,365,0.0,0.1637722576390415,0.4123983293031436,0.1144578313253012,0.3313253012048193,0,0,36.7,Fiamma Sn,2025-12,0.08633450170358022,0.06521075837604874,15.334892967098048
18750,2025-12-06,1900.0,0,10.0,6310,719,7,2,0.3157894736842105,0.6052631578947368,0.6361111111111111,12.52138854825922,13.03780964797914,0.9201989774646764,9,0.2,3673000.0,365,0.0,0.1570743405275779,0.407673860911271,0.1441441441441441,0.4504504504504504,1,0,36.7,Compact Boy,2025-12,0.30227920909722644,0.2283195718696656,4.379826012335211
18745,2025-12-06,1800.0,0,10.0,7345,860,5,0,0.0,0.375,0.366540404040404,12.190415983617742,12.391573729863692,0.984186633712452,5,0.125,120000.0,175,100.0,0.1589882565492321,0.4196025293586269,0.1236363636363636,0.4109090909090909,2,0,25.5,Esperanto,2025-12,0.11080811669429143,0.14576379473657675,6.860414150216058
18745,2025-12-06,1800.0,0,10.0,7125,1318,4,1,0.0,0.3076923076923077,0.415023865023865,12.124916126894648,12.515644555694616,0.9571730540643988,4,0.1,270000.0,287,100.0,0.1769911504424778,0.4513274336283185,0.1144578313253012,0.3313253012048193,0,0,1.9,Florenza,2025-12,0.0840501735607783,0.11056475474885592,9.04447355101059
18745,2025-12-06,1800.0,0,10.0,7192,32,3,1,0.1818181818181818,0.2727272727272727,0.3647382920110192,11.881111875342848,12.31527093596059,0.9032436880169764,8,0.4,40000.0,365,100.0,0.0637973137973137,0.2817460317460317,0.1123595505617977,0.4089887640449438,1,0,4.2,Grófnő R.,2025-12,0.08544427901506424,0.11239864659127675,8.89690428067494
18745,2025-12-06,1800.0,0,10.0,7242,148,3,1,0.0,0.4,0.5702886002886003,12.312711013206908,12.853470437017997,0.949647674756704,8,0.1,285000.0,365,100.0,0.1287516311439756,0.4036537625054371,0.1082251082251082,0.3939393939393939,0,0,5.6,Golden Rose OZ,2025-12,0.09033732116222382,0.11883525441797337,8.415011226237203
18745,2025-12-06,1800.0,0,10.0,7194,33,3,1,0.0,0.2307692307692307,0.4006410256410256,12.064490582981394,12.5,0.9488292521822193,6,0.0,350000.0,365,100.0,0.1041943442778515,0.3380148035680395,0.1123595505617977,0.4089887640449438,3,0,8.5,Gyémánt Lady,2025-12,0.0840501735607783,0.11056475474885592,9.04447355101059
18750,2025-12-06,1900.0,0,10.0,6943,255,5,1,0.3333333333333333,0.5925925925925926,0.6207070707070707,12.590998375500217,13.003901170351105,0.9054277181531576,10,0.3,3272000.0,365,0.0,0.3743932038834951,0.6777912621359223,0.4126984126984127,0.7936507936507936,0,1,2.6,Elizabeth Boss,2025-12,0.2290343940258026,0.172995803924377,5.780487025206333
18745,2025-12-06,1800.0,0,10.0,7064,23,3,1,0.0,0.1666666666666666,0.275736531986532,11.736162435183422,12.239902080783354,0.9332474612110524,5,0.0,75000.0,365,100.0,0.0824770146024878,0.3177393185505678,0.0780141843971631,0.3333333333333333,2,0,8.5,Ganybody,2025-12,0.07293189937869708,0.09593909478774443,10.423279500524778
18745,2025-12-06,1800.0,0,10.0,6945,175,4,1,0.3333333333333333,0.3333333333333333,0.3547619047619048,12.037363376557272,12.484394506866415,0.9641928064622376,10,0.5,275000.0,126,100.0,0.0841949778434268,0.2688330871491876,0.0973451327433628,0.3716814159292035,0,1,6.3,Fabergé F,2025-12,0.1100815770526727,0.14480805991905363,6.905692960453933
18748,2025-12-06,1900.0,0,9.0,6703,1563,5,0,0.119047619047619,0.3095238095238095,0.4312469937469937,12.53113199482234,13.054830287206268,0.9000945560003086,6,0.7,2505000.0,365,0.0,0.0879120879120879,0.4358974358974359,0.0780141843971631,0.3333333333333333,0,0,15.3,Etalon N,2025-12,0.08494039624929428,0.11886049135680256,8.413224517120158
18746,2025-12-06,1800.0,0,9.0,5990,2277,9,1,0.046875,0.234375,0.422912720959596,12.347153047952675,12.755102040816324,0.946390525340854,3,0.1,2121000.0,365,100.0,0.0697674418604651,0.2325581395348837,0.0425531914893617,0.2765957446808511,0,0,11.5,Aranyérem M,2025-12,0.005555555845300357,0.008140768423574246,122.83852677889404
18745,2025-12-06,1800.0,0,10.0,7201,2024,3,1,0.1666666666666666,0.1666666666666666,0.4403439153439153,11.907758773413596,12.43781094527363,0.923252734208569,11,0.2,65000.0,365,100.0,0.0084033613445378,0.1008403361344537,0.0355555555555555,0.1377777777777777,0,0,51.0,Renebell BD,2025-12,0.005555555845300357,0.007308118990200917,136.83411577464037
18748,2025-12-06,1900.0,0,9.0,6305,2260,7,2,0.15,0.3833333333333333,0.4737223424723424,12.60473190083821,13.020833333333334,0.9122179204632224,10,0.4,3626000.0,365,0.0,0.2727272727272727,0.6363636363636364,0.1236363636363636,0.4109090909090909,0,1,3.8,Csikós,2025-12,0.19602923095226288,0.2743115377387433,3.6454901177084604
18748,2025-12-06,1900.0,0,9.0,6435,2223,6,1,0.0943396226415094,0.4150943396226415,0.5066269160608784,12.541988489757834,12.9366106080207,0.9401278145315196,7,0.3,3192000.0,365,0.0,0.1111111111111111,0.4444444444444444,0.1196172248803827,0.3397129186602871,1,0,30.6,Ducks,2025-12,0.13414926330248514,0.18772042579703582,5.327070806248887
18748,2025-12-06,1900.0,0,9.0,7081,758,4,1,0.2,0.4,0.5476724386724388,12.441952151361749,13.0718954248366,0.8963226749252461,7,0.0,1831000.0,365,0.0,0.0581395348837209,0.2248062015503876,0.1058823529411764,0.3294117647058823,0,0,2.0,Fancy,2025-12,0.09605918079614639,0.13441945096714517,7.439399527412296
18748,2025-12-06,1900.0,0,9.0,6995,449,4,0,0.0,0.2926829268292683,0.4922148312392215,12.232252589106125,12.836970474967906,0.9023155107638124,6,0.3,1443000.0,365,0.0,0.1872852233676976,0.5,0.1082251082251082,0.3939393939393939,0,0,2.3,Fany,2025-12,0.09356573472420375,0.13093027222099285,7.63765310372328
18748,2025-12-06,1900.0,0,9.0,6360,1867,7,0,0.0784313725490196,0.392156862745098,0.5800604080015844,12.569948545065278,13.175230566534914,0.8999124213119433,9,0.3,6770000.0,365,0.0,0.1043478260869565,0.2782608695652174,0.1236363636363636,0.4109090909090909,0,0,5.1,Chip Chip Chip,2025-12,0.10987881819407146,0.1537578219192805,6.503734167911003
18746,2025-12-06,1800.0,0,9.0,6507,110,6,0,0.0612244897959183,0.3877551020408163,0.4252694584327237,12.384992775136048,13.10615989515072,0.8737194297899137,3,0.2,2157000.0,365,100.0,0.1637722576390415,0.4123983293031436,0.1144578313253012,0.3313253012048193,1,1,4.6,Despasito,2025-12,0.13727016746997833,0.20114722558025738,4.971482938008518
18746,2025-12-06,1800.0,0,9.0,4968,898,13,0,0.1570247933884297,0.396694214876033,0.550314240396885,12.40383244068157,12.903225806451612,0.8881702197554802,10,0.1,7798000.0,365,100.0,0.0984759671746776,0.3141852286049238,0.1179487179487179,0.2871794871794871,1,0,7.7,Titus Livius,2025-12,0.11594478537638982,0.16989832771974903,5.885873118477786
18746,2025-12-06,1800.0,0,9.0,7191,32,3,1,0.0833333333333333,0.25,0.4380952380952381,11.90021676139738,12.453300124533,0.9306294028460508,6,0.0,356000.0,365,100.0,0.0637973137973137,0.2817460317460317,0.1123595505617977,0.4089887640449438,3,0,5.7,Glitter Lady,2025-12,0.10681011527776718,0.15651294631609677,6.389247813279161
18746,2025-12-06,1800.0,0,9.0,7110,860,3,1,0.0588235294117647,0.2941176470588235,0.3984466513878278,12.19654732867153,12.78772378516624,0.9295438298843685,12,0.0,796000.0,365,100.0,0.1589882565492321,0.4196025293586269,0.2152466367713004,0.5381165919282511,0,0,2.5,Guinevere,2025-12,0.12117877850929896,0.17756789800435618,5.631648576340457
18746,2025-12-06,1800.0,0,9.0,5700,1064,11,2,0.0661157024793388,0.2892561983471074,0.5336281945786078,12.342044840064816,12.903225806451612,0.8988963773743933,9,0.1,4989000.0,365,100.0,0.0989304812834224,0.2767379679144385,0.0833333333333333,0.2794117647058823,1,0,2.3,Vezér,2025-12,0.11302427450815837,0.16561879146471953,6.037962185064139
18746,2025-12-06,1800.0,0,9.0,5695,1023,11,1,0.1123595505617977,0.3146067415730337,0.5029634223454448,12.370651780660586,12.919896640826872,0.9296212831947428,5,0.1,4230000.0,365,100.0,0.0735294117647058,0.2352941176470588,0.1179487179487179,0.2871794871794871,0,0,23.1,Vinifera M,2025-12,0.08265261848767598,0.12111404249124674,8.256680888776978
18745,2025-12-06,1800.0,0,10.0,7098,138,4,2,0.1,0.3,0.3723809523809523,11.966373330552416,12.43781094527363,0.9547552776354828,8,0.2,265000.0,365,100.0,0.1285485805677728,0.3774490203918432,0.0625,0.1875,0,0,25.5,Fernando,2025-12,0.057077075665195785,0.07508268698744407,13.318649613155534
18752,2025-12-06,1900.0,0,10.0,7168,2100,3,1,0.0588235294117647,0.3529411764705882,0.3448264154146507,12.18820981660337,12.755102040816324,0.9199122561574749,4,0.3,1004000.0,365,0.0,0.1325757575757575,0.3977272727272727,0.1811320754716981,0.4981132075471698,0,0,44.8,God save the Queen,2025-12,0.12238921721776326,0.09692058665466727,10.317725413312326
18752,2025-12-06,1900.0,0,10.0,7065,148,3,0,0.3,0.8,0.7344011544011544,12.743711999308394,12.919896640826872,0.9830742242617616,13,0.2,1260000.0,307,0.0,0.1287516311439756,0.4036537625054371,0.1082251082251082,0.3939393939393939,0,1,2.2,Greenback,2025-12,0.1456914966305097,0.11537376939752228,8.667481397391837
18744,2025-12-06,1960.0,0,10.0,7262,69,2,0,1.0,1.0,1.0,11.655011655011656,11.655011655011656,1.0,5,0.0,0.0,14,60.0,0.0732113144758735,0.2562396006655574,0.1196172248803827,0.3397129186602871,1,0,5.3,Holdem Poker,2025-12,0.11455067992210388,0.16549191639702093,6.042591213947664
18744,2025-12-06,1960.0,0,10.0,7261,5,2,0,0.0,0.3333333333333333,0.4393939393939394,11.89967588775724,12.150668286755772,0.9793433255624208,2,0.0,119000.0,126,60.0,0.219690199582961,0.4660411081322609,0.2441471571906354,0.4816053511705686,1,0,2.7,Hell Energy,2025-12,0.18234373380740485,0.26343286631992124,3.796033554847208
18749,2025-12-06,1800.0,0,10.0,5325,2332,12,2,0.1481481481481481,0.362962962962963,0.5489273689273689,12.465052957202458,13.157894736842104,0.8681584936097093,3,0.3,8736000.0,365,100.0,0.1428571428571428,0.2857142857142857,0.1236363636363636,0.4109090909090909,0,1,8.5,Ultimate Force,2025-12,0.11002596467733383,0.09788971234330972,10.215578083352547
18749,2025-12-06,1800.0,0,10.0,7136,110,4,2,0.12,0.48,0.4702467532467532,12.55024015904958,12.953367875647668,0.9433342602007097,8,0.2,1625000.0,365,100.0,0.1637722576390415,0.4123983293031436,0.2152466367713004,0.5381165919282511,0,0,3.5,First Home,2025-12,0.1376797780394554,0.1224932124639619,8.163717645124255
18749,2025-12-06,1800.0,0,10.0,6617,841,6,0,0.22,0.48,0.5967770562770562,12.720417412578747,13.123359580052494,0.920633098085466,11,0.1,4099000.0,365,100.0,0.1176470588235294,0.2549019607843137,0.15,0.4375,2,0,2.3,Diófás,2025-12,0.2401372343301773,0.2136492496151831,4.680568744337562
18749,2025-12-06,1800.0,0,10.0,6472,2403,6,2,0.125,0.3333333333333333,0.5058531746031746,12.622876497492255,13.123359580052494,0.8985459415640789,10,0.0,6102000.0,365,100.0,0.1,0.2444444444444444,0.1564245810055866,0.3407821229050279,1,0,9.4,Dumbledore,2025-12,0.13414926330248514,0.11935212596643054,8.378568809752615
18749,2025-12-06,1800.0,0,10.0,6018,620,8,2,0.1323529411764706,0.4852941176470588,0.5620098039215686,12.613005724006172,13.386880856760374,0.8885489510480103,13,0.0,5196000.0,365,100.0,0.1351351351351351,0.4391891891891892,0.0793650793650793,0.3968253968253968,2,0,12.1,Bonus RG,2025-12,0.12067733456691106,0.10736619853100775,9.313918287897623
18744,2025-12-06,1960.0,0,10.0,7267,138,2,2,0.3333333333333333,0.3333333333333333,0.6098484848484849,11.764500876294454,11.990407673860911,0.9811593730829574,5,0.0,0.0,119,60.0,0.1285485805677728,0.3774490203918432,0.1058823529411764,0.3294117647058823,1,0,3.8,Habi K,2025-12,0.10018286481499672,0.14473466503779597,6.909194834139149
18749,2025-12-06,1800.0,0,10.0,5894,860,9,2,0.1842105263157894,0.4210526315789473,0.5578434723171565,12.618709171134396,13.054830287206268,0.9202940087163825,13,0.2,6884000.0,365,100.0,0.1589882565492321,0.4196025293586269,0.1236363636363636,0.4109090909090909,0,0,3.8,Apollo Creed,2025-12,0.09663750727971394,0.08597804906258177,11.630875681676834
18749,2025-12-06,1800.0,0,10.0,6704,23,5,1,0.0444444444444444,0.3777777777777777,0.4951940035273368,12.609806756967808,13.03780964797914,0.9279059752321728,11,0.2,3330000.0,365,100.0,0.0824770146024878,0.3177393185505678,0.0930232558139534,0.3255813953488372,3,0,14.1,Emerald,2025-12,0.11080811669429143,0.09858559023152687,10.143470233849735
18751,2025-12-06,4200.0,0,10.0,7149,32,4,1,0.0689655172413793,0.3103448275862069,0.4534520077623525,12.210591097195316,12.722646310432571,0.9019814287888366,11,0.2,973000.0,365,2300.0,0.0637973137973137,0.2817460317460317,0.1123595505617977,0.4089887640449438,0,1,11.0,Füge M,2025-12,0.03850694869955381,0.05706357999691351,17.52431235569322
18751,2025-12-06,4200.0,0,10.0,6702,860,5,2,0.2,0.3714285714285714,0.6141548134405278,12.527207889917166,13.089005235602093,0.9062831594516142,6,0.0,2395000.0,365,2300.0,0.1589882565492321,0.4196025293586269,0.1236363636363636,0.4109090909090909,0,0,2.6,Ezigen,2025-12,0.131110188861688,0.1942926407619013,5.146875332377948
18745,2025-12-06,1800.0,0,10.0,7407,1854,3,1,0.6666666666666666,0.6666666666666666,0.3333333333333333,11.262689550557807,11.389521640091116,0.9888641425389756,10,0.0,0.0,168,100.0,0.0379596678529062,0.1530249110320284,0.0355555555555555,0.1377777777777777,0,0,17.0,Monica BD,2025-12,0.059853399793306984,0.07873483407201819,12.700858670576574
18751,2025-12-06,4200.0,0,10.0,6936,138,4,0,0.1481481481481481,0.4814814814814814,0.5403880070546737,12.323429797691032,12.953367875647668,0.9142990222113712,4,0.2,2152000.0,365,2300.0,0.1285485805677728,0.3774490203918432,0.1058823529411764,0.3294117647058823,0,0,2.9,Aaron LV,2025-12,0.1210948812464873,0.1794509218879173,5.572554264305128
18751,2025-12-06,4200.0,0,10.0,6340,33,7,2,0.15625,0.390625,0.5535646645021645,12.546690423312196,13.089005235602093,0.899006891762971,13,0.4,4445500.0,365,2300.0,0.1041943442778515,0.3380148035680395,0.1123595505617977,0.4089887640449438,1,0,3.8,Cunami,2025-12,0.10892387727896373,0.16141466915954725,6.195223799712832
18751,2025-12-06,4200.0,0,10.0,6442,1076,6,1,0.0666666666666666,0.2833333333333333,0.4074921837421837,12.380923965125232,12.87001287001287,0.8860845603238185,7,0.2,2622000.0,365,2300.0,0.1144901610017889,0.3738819320214669,0.1196172248803827,0.3397129186602871,1,0,3.2,Dulcinea del Toboso,2025-12,0.13263659427563348,0.1965546262057755,5.087644179654604
18749,2025-12-06,1800.0,0,10.0,6679,39,10,1,0.1612903225806451,0.2258064516129032,0.4769340874179584,12.590971792440175,13.477088948787062,0.9862385321100916,0,0.3,7806200.0,365,100.0,0.168870419342652,0.4367208160181337,0.1403508771929824,0.3450292397660818,0,0,7.7,Inforgettable,2025-12,0.17386363446712494,0.15468586178599844,6.464714929044123
18744,2025-12-06,1960.0,0,10.0,7353,2271,2,0,0.0,0.25,0.1875,11.351085614350412,11.961722488038278,0.9489507573596944,5,0.0,56000.0,105,60.0,0.211340206185567,0.4639175257731959,0.1811320754716981,0.4981132075471698,0,0,5.3,Hipervándor,2025-12,0.13057604680458704,0.18864384075182122,5.300994699930831
18751,2025-12-06,4200.0,0,10.0,6358,1064,7,2,0.0655737704918032,0.3770491803278688,0.5301451280959478,12.345832137532074,12.78772378516624,0.9147846891281032,5,0.0,3417000.0,365,2300.0,0.0989304812834224,0.2767379679144385,0.0833333333333333,0.2794117647058823,1,0,11.0,Calvin,2025-12,0.14253530651330948,0.211223561987945,4.734320312508848
18744,2025-12-06,1960.0,0,10.0,7355,1509,2,0,0.25,0.5,0.375,12.16033112244154,12.43781094527363,0.9776906222443,9,0.25,590000.0,168,60.0,0.1570121951219512,0.4603658536585366,0.1811320754716981,0.4981132075471698,0,1,2.5,Hermész,2025-12,0.09947041049599648,0.14370537886789403,6.958681768754692
18752,2025-12-06,1900.0,0,10.0,7124,69,4,2,0.08,0.36,0.4709379509379509,12.550564941798289,13.03780964797914,0.9241621192391388,6,0.2,1264000.0,365,0.0,0.0732113144758735,0.2562396006655574,0.1196172248803827,0.3397129186602871,0,0,6.4,Fess Fiú,2025-12,0.12160248557726543,0.09629757023320289,10.3844780047753
18744,2025-12-06,1960.0,0,10.0,7429,1318,2,1,0.0,0.6,0.5303030303030303,12.022200370404253,12.360939431396783,0.972596009965704,9,0.0,350000.0,105,60.0,0.1769911504424778,0.4513274336283185,0.0793650793650793,0.3968253968253968,0,0,11.5,Hippy Glory K,2025-12,0.06505919620394707,0.0939913326255466,10.639278878871886
18752,2025-12-06,1900.0,0,10.0,7085,1509,5,0,0.1111111111111111,0.5555555555555556,0.6572450697450697,12.461563040469166,12.87001287001287,0.9433124942783632,14,0.1,1210000.0,365,0.0,0.1570121951219512,0.4603658536585366,0.1811320754716981,0.4981132075471698,1,0,6.4,El Nino N,2025-12,0.12425055106480916,0.09839458552905254,10.16316085507301
18752,2025-12-06,1900.0,0,10.0,7193,32,3,1,0.0952380952380952,0.4285714285714285,0.5614581186009757,12.368673461741954,12.919896640826872,0.9270376792498084,12,0.0,975000.0,365,0.0,0.0637973137973137,0.2817460317460317,0.1123595505617977,0.4089887640449438,0,0,6.4,Grazia,2025-12,0.08726554860671361,0.06910599118103125,14.470525390199276
18752,2025-12-06,1900.0,0,10.0,7475,2271,3,1,0.0,0.1111111111111111,0.345679012345679,12.536111570437686,13.175230566534914,0.9615569383621532,3,0.2222222222222222,1038936.0,256,0.0,0.211340206185567,0.4639175257731959,0.1811320754716981,0.4981132075471698,0,0,14.9,Glory VDO,2025-12,0.11594478537638982,0.09181721130085155,10.891204228838582
18752,2025-12-06,1900.0,0,10.0,7329,2527,5,1,0.1052631578947368,0.3157894736842105,0.5178362573099415,12.424360747857992,12.738853503184714,0.957240892525674,2,0.2,968000.0,365,0.0,0.0,0.0555555555555555,0.1811320754716981,0.4981132075471698,1,0,44.8,Exclusive Adri,2025-12,0.13948910186688104,0.11046206432398514,9.052881693999497
18752,2025-12-06,1900.0,0,10.0,6706,2403,5,1,0.1428571428571428,0.3571428571428571,0.4919230571016285,12.06734857637558,12.69035532994924,0.9157137907514136,5,0.1,1270000.0,365,0.0,0.1,0.2444444444444444,0.1564245810055866,0.3407821229050279,2,0,8.9,Eperke,2025-12,0.14602363854646683,0.11563679411554047,8.64776654912132
18752,2025-12-06,1900.0,0,10.0,7187,5,3,0,0.1052631578947368,0.3157894736842105,0.385180754917597,12.46688194222028,12.919896640826872,0.9523565897484242,13,0.2,1182000.0,365,0.0,0.219690199582961,0.4660411081322609,0.2441471571906354,0.4816053511705686,0,0,2.9,Genesis,2025-12,0.26012151191631955,0.20599142726414657,4.8545709560897485
18747,2025-12-06,1900.0,0,10.0,6782,32,6,1,0.04,0.32,0.5155555555555555,12.40071001440744,12.87001287001287,0.9133692430664944,9,0.3,2295000.0,365,0.0,0.0637973137973137,0.2817460317460317,0.1123595505617977,0.4089887640449438,2,0,15.8,Downtown Girl M,2025-12,0.12067733456691106,0.1305738977508499,7.6584984995095695
18747,2025-12-06,1900.0,0,10.0,6057,175,8,2,0.1481481481481481,0.3703703703703703,0.616889797445353,12.286850151510716,12.706480304955528,0.913447936048859,20,0.0,993000.0,365,0.0,0.0841949778434268,0.2688330871491876,0.0973451327433628,0.3716814159292035,1,0,7.9,Bitangjó,2025-12,0.09663750727971394,0.10456260108597266,9.563648853549346
18747,2025-12-06,1900.0,0,10.0,6546,69,7,2,0.1136363636363636,0.2727272727272727,0.4227756460711006,12.472002279657865,13.020833333333334,0.93419898329388,5,0.3,2248040.0,365,0.0,0.0732113144758735,0.2562396006655574,0.1196172248803827,0.3397129186602871,1,0,18.4,Count Basie AT,2025-12,0.13228792945543924,0.1431366597246871,6.986330419638316
18747,2025-12-06,1900.0,0,10.0,5907,2144,9,1,0.0721649484536082,0.2989690721649484,0.4608347837729281,12.312893379938206,12.836970474967906,0.8666481041481042,10,0.4,3723000.0,365,0.0,0.037037037037037,0.1728395061728395,0.1236363636363636,0.4109090909090909,1,0,10.0,Always Winner,2025-12,0.08082111676534016,0.08744913263538907,11.435219193875895
18747,2025-12-06,1900.0,0,10.0,6877,23,6,1,0.1020408163265306,0.3265306122448979,0.5368090526253791,12.569540791987828,13.003901170351105,0.933924972108228,18,0.1,2562000.0,365,0.0,0.0824770146024878,0.3177393185505678,0.0780141843971631,0.3333333333333333,0,0,22.1,Petra La Roque,2025-12,0.08959909031788509,0.096946974340487,10.314917064744122
18747,2025-12-06,1900.0,0,10.0,6312,1758,8,2,0.0606060606060606,0.303030303030303,0.5615680615680616,12.21557478213848,12.674271229404308,0.937110051761038,3,0.0,1462000.0,365,0.0,0.140625,0.40625,0.1179487179487179,0.2871794871794871,1,0,6.1,Bongiovi,2025-12,0.13948910186688104,0.1509283892446699,6.625658731300052
18747,2025-12-06,1900.0,0,10.0,6878,110,5,1,0.21875,0.3125,0.4011397456709956,12.501295768761205,13.123359580052494,0.8756291541200957,5,0.5,1895000.0,365,0.0,0.1637722576390415,0.4123983293031436,0.1144578313253012,0.3313253012048193,0,1,1.4,Éden Evo,2025-12,0.12712584932645163,0.13755124531888252,7.270017786329149
18747,2025-12-06,1900.0,0,10.0,5625,33,11,2,0.1061946902654867,0.3893805309734513,0.5147735253929945,12.412403707522502,13.003901170351105,0.8409371362835787,8,0.2,5826000.0,365,0.0,0.1041943442778515,0.3380148035680395,0.1123595505617977,0.4089887640449438,1,0,4.6,Vanderle,2025-12,0.13756925612688065,0.1488510998990619,6.7181230147315985
18760,2025-12-13,1900.0,0,4.0,5907,2144,9,1,0.0714285714285714,0.2959183673469387,0.4605055658627087,12.316017388568374,12.836970474967906,0.8666481041481042,10,0.4,3753000.0,365,0.0,0.0365853658536585,0.1707317073170731,0.1236363636363636,0.4109090909090909,0,0,3.2,Always Winner,2025-12,0.05498132357994715,0.10560959391941059,9.46883671158785
18760,2025-12-13,1900.0,0,4.0,5904,1638,9,1,0.0909090909090909,0.3535353535353535,0.5465998367513519,12.521995064376952,13.003901170351105,0.907123451930019,6,0.5,5495000.0,365,0.0,0.0408163265306122,0.2551020408163265,0.0780141843971631,0.3333333333333333,0,0,16.3,Australian Gold,2025-12,0.08959909031788509,0.17210432430316427,5.8104292501011505
18760,2025-12-13,1900.0,0,4.0,6692,1758,5,1,0.1111111111111111,0.3333333333333333,0.5430715889049222,12.346768911615824,13.003901170351105,0.8909366164426543,3,0.1,2117000.0,365,0.0,0.1395348837209302,0.4031007751937984,0.1058823529411764,0.3294117647058823,0,0,4.0,Excellence,2025-12,0.12169106552998225,0.23374744690448143,4.278121593382109
18756,2025-12-13,1800.0,0,4.0,7079,23,3,0,0.125,0.4375,0.401467803030303,12.032371327629743,12.594458438287154,0.8375527426160337,3,0.6,685000.0,365,100.0,0.0823878984332793,0.3176661264181523,0.0780141843971631,0.3333333333333333,2,0,43.5,Griff Grand Laser,2025-12,0.09220074427624543,0.06956600860215785,14.374836505554255
18756,2025-12-13,1800.0,0,4.0,7403,5,3,2,0.5,0.8333333333333334,0.7996632996632996,12.769978171989694,12.987012987012989,0.982946716189558,16,0.1666666666666666,825000.0,182,100.0,0.219740955783832,0.4661307131159743,0.1564245810055866,0.3407821229050279,0,0,1.4,Baiyoke Sky,2025-12,0.3502331078052521,0.26425295784318154,3.784252816551029
18756,2025-12-13,1800.0,0,4.0,7349,1492,3,1,0.2857142857142857,0.5714285714285714,0.5172077922077921,12.214438193350096,12.642225031605564,0.957590473829966,8,0.0,625000.0,161,100.0,0.0961240310077519,0.3550387596899225,0.1058823529411764,0.3294117647058823,0,0,4.9,Torra LV,2025-12,0.11755632484952609,0.08869694458450432,11.27434552209709
18756,2025-12-13,1800.0,0,4.0,7190,33,3,1,0.1111111111111111,0.5555555555555556,0.5567780984447651,12.2044000823079,12.69035532994924,0.9349462146186192,10,0.1111111111111111,831000.0,365,100.0,0.1041153043808078,0.3379480371704911,0.1123595505617977,0.4089887640449438,2,0,22.9,Gucci,2025-12,0.08389288932085037,0.0632976827461225,15.798366648125963
18756,2025-12-13,1800.0,0,4.0,7189,32,3,1,0.05,0.35,0.4143975468975469,12.11885686366916,12.77139208173691,0.9045727922501547,3,0.1,782000.0,365,100.0,0.0640048765620237,0.2822310271258763,0.1123595505617977,0.4089887640449438,0,0,43.5,Galatea,2025-12,0.06589813157916069,0.049720531263467385,20.1124158288059
18760,2025-12-13,1900.0,0,4.0,6307,451,7,2,0.0757575757575757,0.3333333333333333,0.4869714460623551,12.408049007158652,12.97016861219196,0.8836663066753205,3,0.2,3271000.0,365,0.0,0.0815217391304347,0.2065217391304347,0.1196172248803827,0.3397129186602871,1,0,3.2,Csípkedd Magad!,2025-12,0.11820108443498611,0.22704379806101507,4.4044365384130115
18756,2025-12-13,1800.0,0,4.0,7480,28,3,1,0.0,0.0,0.2,12.78470876944816,13.0718954248366,0.9780302208627843,0,0.0,464236.0,183,100.0,0.1416689026026294,0.3962972900456131,0.0780141843971631,0.3333333333333333,0,0,7.9,Mon Cherie C.G.,2025-12,0.05099604713420073,0.03847682013265326,25.989673693210225
18756,2025-12-13,1800.0,0,4.0,7330,2271,5,1,0.0952380952380952,0.2857142857142857,0.3551827801827802,12.55691372820548,13.020833333333334,0.9709228824273072,0,0.6,900000.0,365,100.0,0.2091836734693877,0.4642857142857143,0.1811320754716981,0.4981132075471698,1,1,5.6,Emilia Adri,2025-12,0.2533779914180438,0.19117519786796772,5.230804053832522
18760,2025-12-13,1900.0,0,4.0,5564,841,11,2,0.28125,0.5,0.6051812770562771,12.747703332564187,13.351134846461948,0.8613292228435386,4,0.3,8831000.0,365,0.0,0.1132075471698113,0.2641509433962264,0.1376146788990825,0.3990825688073394,0,1,1.8,Valentino,2025-12,0.1361366113026937,0.2614948368119286,3.8241672844929497
18755,2025-12-13,1800.0,0,4.0,7325,2125,3,0,0.0,0.3333333333333333,0.2941077441077441,11.9139897891754,12.254901960784316,0.9603925693179411,8,0.2222222222222222,85000.0,195,100.0,0.0227272727272727,0.1420454545454545,0.1058823529411764,0.3294117647058823,1,0,8.8,Great Fille,2025-12,0.04792427457869053,0.14255288989640677,7.014940214307127
18762,2025-12-13,1800.0,0,4.0,6442,1076,6,1,0.0655737704918032,0.2786885245901639,0.4008119840087053,12.380923965125232,12.87001287001287,0.8860845603238185,7,0.2,2622000.0,365,100.0,0.1140819964349376,0.3725490196078431,0.1196172248803827,0.3397129186602871,0,0,19.7,Dulcinea del Toboso,2025-12,0.09585070610046387,0.08855708827823892,11.292150853674006
18762,2025-12-13,1800.0,0,4.0,7034,32,4,2,0.0857142857142857,0.4571428571428571,0.5380096887239745,12.337492840395235,13.020833333333334,0.8539252716947234,5,0.3,2064000.0,365,100.0,0.0640048765620237,0.2822310271258763,0.1123595505617977,0.4089887640449438,1,0,4.3,Formula,2025-12,0.1353506917754809,0.12505138092064572,7.99671297220279
18762,2025-12-13,1800.0,0,4.0,6700,1509,5,2,0.2083333333333333,0.625,0.6769841269841269,12.65431753393696,13.192612137203168,0.9425648764038486,21,0.1,2282000.0,365,100.0,0.1580547112462006,0.4604863221884498,0.1811320754716981,0.4981132075471698,1,0,3.0,Escobar,2025-12,0.1366138036052386,0.12621837812248063,7.922776499549165
18762,2025-12-13,1800.0,0,4.0,7127,255,4,1,0.375,0.75,0.7802083333333334,12.691187458049056,13.14060446780552,0.950106291790746,16,0.0,2388000.0,365,100.0,0.3747725894481504,0.6779866585809582,0.4126984126984127,0.7936507936507936,0,0,3.5,Francesca,2025-12,0.2569109375278155,0.2373616794272711,4.21297996548093
18762,2025-12-13,1800.0,0,4.0,7185,5,3,0,0.5454545454545454,0.8181818181818182,0.6666666666666667,12.683874564443382,13.10615989515072,0.9439497161801048,11,0.1,1890000.0,365,100.0,0.219740955783832,0.4661307131159743,0.2441471571906354,0.4816053511705686,0,1,1.7,Győztes Szív,2025-12,0.34308381378650665,0.3169773580226084,3.1547994665558257
18755,2025-12-13,1800.0,0,4.0,7064,23,3,1,0.0,0.1538461538461538,0.2776029526029526,11.757349538406546,12.239902080783354,0.9332474612110524,5,0.0,75000.0,365,100.0,0.0823878984332793,0.3176661264181523,0.0780141843971631,0.3333333333333333,1,0,8.8,Ganybody,2025-12,0.031395349030693374,0.09338686444346762,10.708144083854071
18755,2025-12-13,1800.0,0,4.0,7345,860,5,0,0.0,0.3333333333333333,0.4035914702581369,12.179931176948818,12.391573729863692,0.984186633712452,5,0.1111111111111111,160000.0,182,100.0,0.1587015329125338,0.4192966636609558,0.1236363636363636,0.4109090909090909,1,0,2.2,Esperanto,2025-12,0.08560108890136083,0.25462425270791944,3.92735565982045
18755,2025-12-13,1800.0,0,4.0,7414,1318,4,1,0.125,0.25,0.4337301587301587,12.07946799016664,12.43781094527363,0.969460985566492,8,0.375,125000.0,254,100.0,0.1739130434782608,0.4608695652173913,0.1144578313253012,0.3313253012048193,0,0,4.4,Fusion,2025-12,0.06434674188494682,0.19140225056627172,5.224598963917391
18755,2025-12-13,1800.0,0,4.0,7192,33,3,1,0.1666666666666666,0.3333333333333333,0.401010101010101,11.922224417176515,12.31527093596059,0.9032436880169764,8,0.4,100000.0,365,100.0,0.1041153043808078,0.3379480371704911,0.1123595505617977,0.4089887640449438,1,1,1.7,Grófnő R.,2025-12,0.10691846658786137,0.3180337423859344,3.1443204500813584
18756,2025-12-13,1800.0,0,4.0,7358,1401,4,1,0.3333333333333333,0.6666666666666666,0.668939393939394,12.551021766039256,12.57861635220126,0.997074973866828,13,0.3333333333333333,435000.0,161,100.0,0.2327790973871734,0.5570071258907363,0.2152466367713004,0.5381165919282511,0,0,9.4,Fiona May,2025-12,0.17507877697547278,0.13209797600591544,7.570138697319778
18762,2025-12-13,1800.0,0,4.0,6706,2403,5,1,0.1379310344827586,0.3448275862068966,0.4749601930636413,12.07329289444377,12.69035532994924,0.9157137907514136,5,0.1,1270000.0,365,100.0,0.0978260869565217,0.2391304347826087,0.1564245810055866,0.3407821229050279,1,0,39.4,Eperke,2025-12,0.11455067992210388,0.10583411522875522,9.448749090390649
18756,2025-12-13,1800.0,0,4.0,7054,1791,4,1,0.2307692307692307,0.6153846153846154,0.6048035298035298,12.475835888025488,12.755102040816324,0.9663721455204526,11,0.1,800000.0,365,100.0,0.1658031088082901,0.3782383419689119,0.2152466367713004,0.5381165919282511,0,0,12.4,Fánia BD,2025-12,0.1361366113026937,0.10271588095403023,9.735592887019516
18759,2025-12-13,1900.0,0,4.0,5925,1064,9,1,0.0957446808510638,0.3085106382978723,0.5624562494243346,12.413113146601884,12.853470437017997,0.9265608843277726,8,0.0,4546640.0,365,0.0,0.0986666666666666,0.2773333333333333,0.0833333333333333,0.2794117647058823,0,0,7.7,Anikó,2025-12,0.06741851444045703,0.10996235660008055,9.094021180692552
18759,2025-12-13,1900.0,0,4.0,7110,1791,3,1,0.0555555555555555,0.2777777777777778,0.4040885040885041,12.205680223267375,12.78772378516624,0.9295438298843685,12,0.0,821000.0,365,0.0,0.1658031088082901,0.3782383419689119,0.2152466367713004,0.5381165919282511,0,1,2.7,Guinevere,2025-12,0.08987920234600703,0.14659665792593551,6.821437910987209
18761,2025-12-13,1960.0,0,4.0,6617,841,6,0,0.2156862745098039,0.4901960784313725,0.5990811476105594,12.723817309338614,13.123359580052494,0.920633098085466,11,0.1,4171000.0,365,60.0,0.1132075471698113,0.2641509433962264,0.15,0.4375,1,0,3.0,Diófás,2025-12,0.17632418870925903,0.14705847713173492,6.800016017466306
18761,2025-12-13,1960.0,0,4.0,6310,615,7,2,0.3076923076923077,0.5897435897435898,0.6198005698005697,12.527429241451596,13.03780964797914,0.9201989774646764,9,0.2,3673000.0,365,60.0,0.1119920713577799,0.3597621407333994,0.1441441441441441,0.4504504504504504,0,0,13.3,Compact Boy,2025-12,0.15149475385745367,0.12635015058801333,7.9145137172069875
18761,2025-12-13,1960.0,0,4.0,6934,138,4,1,0.2592592592592592,0.4074074074074074,0.5934183100849767,12.468399496760671,12.919896640826872,0.9169132888169826,12,0.1,2157000.0,365,60.0,0.1284715284715284,0.3772227772227772,0.1058823529411764,0.3294117647058823,0,0,2.3,Zaira LV,2025-12,0.12067733456691106,0.1006477056587467,9.935646256960611
18761,2025-12-13,1960.0,0,4.0,7329,2527,5,1,0.1,0.3,0.4981944444444444,12.419143830025906,12.738853503184714,0.957240892525674,2,0.2,968000.0,365,60.0,0.0,0.0526315789473684,0.1811320754716981,0.4981132075471698,0,0,40.1,Exclusive Adri,2025-12,0.08613199243942897,0.0718360863202395,13.920580187819258
18761,2025-12-13,1960.0,0,4.0,6983,2271,4,1,0.1739130434782608,0.3043478260869565,0.4485162180814355,12.37997578316478,12.903225806451612,0.937453726059,11,0.2,1373000.0,365,60.0,0.2091836734693877,0.4642857142857143,0.1811320754716981,0.4981132075471698,1,0,20.0,Fondorlat,2025-12,0.21534889688094458,0.17960599200334076,5.56774297363865
18761,2025-12-13,1960.0,0,4.0,6861,451,5,1,0.131578947368421,0.4473684210526316,0.4959814308498518,12.602832006995344,13.020833333333334,0.9320172537869386,17,0.3,3183519.0,365,60.0,0.0815217391304347,0.2065217391304347,0.1196172248803827,0.3397129186602871,0,0,20.0,Emeli Sandé A.T.,2025-12,0.0855536659558614,0.07135374857304229,14.014680657966213
18761,2025-12-13,1960.0,0,4.0,6066,860,8,1,0.1492537313432835,0.5373134328358209,0.6718313195925136,12.66939116084591,13.157894736842104,0.905425041149228,11,0.0,6786080.0,365,60.0,0.1587015329125338,0.4192966636609558,0.1236363636363636,0.4109090909090909,0,0,5.7,Berill Lady,2025-12,0.10889240851004918,0.09081880304635542,11.010935692354186
18761,2025-12-13,1960.0,0,4.0,6899,1076,5,1,0.3333333333333333,0.6666666666666666,0.7212698412698413,12.707055565576493,13.192612137203168,0.9176666869686324,18,0.0,4192000.0,365,60.0,0.1140819964349376,0.3725490196078431,0.1196172248803827,0.3397129186602871,0,0,8.0,Eunike T Boko,2025-12,0.14173076301813126,0.11820675498205604,8.459753422313314
18761,2025-12-13,1960.0,0,4.0,6472,2403,6,2,0.1224489795918367,0.3265306122448979,0.5071914480077745,12.626816080397631,13.123359580052494,0.8985459415640789,10,0.0,6150000.0,365,60.0,0.0978260869565217,0.2391304347826087,0.1564245810055866,0.3407821229050279,0,1,4.4,Dumbledore,2025-12,0.11285330355167389,0.0941222816964709,10.624476818622373
18758,2025-12-13,1800.0,0,4.0,6378,1492,7,2,0.0869565217391304,0.2391304347826087,0.3814840956145304,12.366384816075774,12.78772378516624,0.9291069580626344,5,0.4,1600000.0,365,100.0,0.0961240310077519,0.3550387596899225,0.1058823529411764,0.3294117647058823,0,0,24.1,Chesterfield,2025-12,0.09816757589578629,0.2052586048963599,4.871902936809517
18758,2025-12-13,1800.0,0,4.0,6999,1854,4,1,0.0444444444444444,0.1111111111111111,0.2276463043129709,12.069142901061896,12.626262626262626,0.8934081203650447,5,0.6,712000.0,365,100.0,0.0378698224852071,0.1526627218934911,0.0355555555555555,0.1377777777777777,2,0,24.1,First Lady KJ,2025-12,0.021978023151556652,0.0459538531873033,21.760960847485414
18758,2025-12-13,1800.0,0,4.0,6927,1064,4,2,0.0714285714285714,0.3214285714285714,0.474095547309833,12.311145335891796,12.78772378516624,0.9137354954875132,10,0.1,1070000.0,365,100.0,0.0986666666666666,0.2773333333333333,0.0833333333333333,0.2794117647058823,1,0,4.3,Fast Track,2025-12,0.10842243333657582,0.22670048845618268,4.411106508018323
18758,2025-12-13,1800.0,0,4.0,7194,33,3,1,0.0,0.2142857142857142,0.4005952380952381,12.061257739142064,12.5,0.9488292521822193,6,0.0,350000.0,365,100.0,0.1041153043808078,0.3379480371704911,0.1123595505617977,0.4089887640449438,2,0,16.0,Gyémánt Lady,2025-12,0.06813096875945727,0.1424550567760729,7.01975782840699
18758,2025-12-13,1800.0,0,4.0,6770,898,5,2,0.3103448275862069,0.3448275862068966,0.5613636363636364,12.424308025272383,12.919896640826872,0.9452122954404152,19,0.0,1858000.0,365,100.0,0.0982456140350877,0.3146198830409357,0.1179487179487179,0.2871794871794871,0,1,1.3,Top of Climb,2025-12,0.11170377333958943,0.23356144295223946,4.28152860917411
18759,2025-12-13,1900.0,0,4.0,7191,32,3,1,0.0769230769230769,0.2307692307692307,0.4524725274725275,11.935656966781949,12.453300124533,0.9306294028460508,6,0.0,396000.0,365,0.0,0.0640048765620237,0.2822310271258763,0.1123595505617977,0.4089887640449438,2,0,38.7,Glitter Lady,2025-12,0.09605918079614639,0.15667645573452144,6.382579918034642
18758,2025-12-13,1800.0,0,4.0,6674,2125,6,1,0.0285714285714285,0.1142857142857142,0.3765728715728716,12.354840357609476,12.919896640826872,0.9117367662189972,7,0.0,1097323.0,365,100.0,0.0227272727272727,0.1420454545454545,0.1058823529411764,0.3294117647058823,1,0,3.0,Démon Jewel GG,2025-12,0.06986012682318687,0.1460705537318418,6.846006771739996
18759,2025-12-13,1900.0,0,4.0,5247,898,12,0,0.1282051282051282,0.4273504273504273,0.5881192881192882,12.462684677393996,12.953367875647668,0.9297124856905264,17,0.2,7199000.0,365,0.0,0.0982456140350877,0.3146198830409357,0.1179487179487179,0.2871794871794871,0,0,9.6,Universal Boy,2025-12,0.08867286145687103,0.1446290665582914,6.9142394664972775
18759,2025-12-13,1900.0,0,4.0,7199,1854,3,1,0.0,0.2105263157894736,0.3877572719677983,12.026125543605586,12.547051442910917,0.9117988923120856,6,0.2,675000.0,365,0.0,0.0378698224852071,0.1526627218934911,0.0355555555555555,0.1377777777777777,0,0,3.2,Gingerly KJ,2025-12,0.0,0.0,inf
18759,2025-12-13,1900.0,0,4.0,6966,2125,5,2,0.037037037037037,0.2962962962962963,0.4475054780610336,12.286149908524076,12.642225031605564,0.94691787691567,3,0.5,823632.0,365,0.0,0.0227272727272727,0.1420454545454545,0.1058823529411764,0.3294117647058823,1,0,12.9,Eagle GG,2025-12,0.07069900445640087,0.11531297009179153,8.672051367716737
18759,2025-12-13,1900.0,0,4.0,6262,39,8,2,0.0684931506849315,0.1917808219178082,0.4222340825080551,12.32480774701208,12.9366106080207,0.8956212030899304,3,0.3,2868000.0,365,0.0,0.1687429218573046,0.4367685919214798,0.1376146788990825,0.3990825688073394,0,0,2.7,Bronz Boy,2025-12,0.11170377333958943,0.18219342653108803,5.488672226214309
18757,2025-12-13,1960.0,0,4.0,7428,719,6,2,0.1,0.5,0.6305555555555555,13.49693040886639,14.104372355430185,0.9639459595258156,8,0.0,35109689.0,365,60.0,0.1568862275449102,0.4071856287425149,0.1441441441441441,0.4504504504504504,0,1,1.5,Pure Muscle,2025-12,0.12629573792219162,0.18462189869184922,5.4164755485972504
18759,2025-12-13,1900.0,0,4.0,7010,841,8,1,0.125,0.375,0.5112373737373738,12.277966532403402,12.77139208173691,0.9377679081987116,8,0.2,738000.0,365,0.0,0.1132075471698113,0.2641509433962264,0.15,0.4375,0,0,9.6,Blanka BBM,2025-12,0.08867286145687103,0.1446290665582914,6.9142394664972775
18757,2025-12-13,1960.0,0,4.0,6261,860,8,2,0.1785714285714285,0.4464285714285714,0.610905612244898,12.72452922268535,13.495276653171391,0.8810105190222186,14,0.1,6470200.0,365,60.0,0.1587015329125338,0.4192966636609558,0.1236363636363636,0.4109090909090909,2,0,7.0,Be Happy,2025-12,0.17663883666197458,0.2582145521596654,3.8727484242702794
18757,2025-12-13,1960.0,0,4.0,5906,28,9,1,0.1714285714285714,0.6,0.6794293272864701,12.731482324277108,13.386880856760374,0.8710076069205591,6,0.0,12495440.0,365,60.0,0.1416689026026294,0.3962972900456131,0.0780141843971631,0.3333333333333333,1,0,3.5,Anybody,2025-12,0.10018286481499672,0.14644952413143628,6.828291221366584
18757,2025-12-13,1960.0,0,4.0,7471,2271,6,2,0.0,0.4444444444444444,0.4962962962962963,12.870314929076514,13.280212483399737,0.975066647498116,7,0.0,5410761.0,365,60.0,0.2091836734693877,0.4642857142857143,0.1811320754716981,0.4981132075471698,1,0,7.0,Doktor Adri,2025-12,0.1380192811290423,0.20175963304340877,4.9563928369400285
18757,2025-12-13,1960.0,0,4.0,5325,39,12,2,0.1544117647058823,0.3676470588235294,0.5522440794499619,12.468425317049991,13.157894736842104,0.8681584936097093,3,0.3,9036000.0,365,60.0,0.1687429218573046,0.4367685919214798,0.1236363636363636,0.4109090909090909,0,0,14.0,Ultimate Force,2025-12,0.11170377333958943,0.16329104262967592,6.124034631023071
18757,2025-12-13,1960.0,0,4.0,7375,1492,7,1,0.0,0.1052631578947368,0.4229949874686716,12.945332429737952,13.531799729364003,0.9637249818443702,6,0.0,7166501.0,365,60.0,0.0961240310077519,0.3550387596899225,0.1058823529411764,0.3294117647058823,0,0,6.0,Lola Dragon,2025-12,0.03123728247980277,0.04566334934396452,21.899401037523177
18768,2025-12-20,1900.0,0,7.0,6692,100,5,1,0.1081081081081081,0.3243243243243243,0.5283939783939784,12.351593930018076,13.003901170351105,0.8909366164426543,3,0.1,2117000.0,365,0.0,0.0594059405940594,0.2079207920792079,0.1058823529411764,0.3294117647058823,0,0,8.0,Excellence,2025-12,0.10730438679456711,0.14064645430729816,7.110026377309889
18764,2025-12-20,1800.0,0,7.0,7242,2237,3,1,0.0,0.3636363636363636,0.5638987275350912,12.287712529497796,12.853470437017997,0.949647674756704,8,0.1,285000.0,365,100.0,0.237410071942446,0.4676258992805755,0.1082251082251082,0.3939393939393939,1,0,36.2,Golden Rose OZ,2025-12,0.1187566618124644,0.10362606054447775,9.650082177646675
18764,2025-12-20,1800.0,0,7.0,7142,1401,3,0,1.0,1.0,1.0,12.21001221001221,12.21001221001221,1.0,5,0.0,0.0,7,100.0,0.2334123222748815,0.556872037914692,0.2152466367713004,0.5381165919282511,0,1,2.1,Gresham Palace,2025-12,0.4105820159117381,0.35827040091891393,2.791187877745799
18764,2025-12-20,1800.0,0,7.0,7371,91,3,1,0.4,0.4,0.5981818181818181,12.114219689792318,12.484394506866415,0.9703489971523648,12,0.0,330000.0,91,100.0,0.0949628406275805,0.3228736581337737,0.1058823529411764,0.3294117647058823,1,0,3.3,Tequila,2025-12,0.12425055106480916,0.10841998192622865,9.22339205590739
18764,2025-12-20,1800.0,0,7.0,7345,860,5,0,0.0,0.4,0.4298989898989899,12.196656182496772,12.391573729863692,0.984186633712452,5,0.1,220000.0,189,100.0,0.1584871679423683,0.420081044574516,0.1236363636363636,0.4109090909090909,0,0,27.8,Esperanto,2025-12,0.08633450170358022,0.0753347573438909,13.274085365871198
18764,2025-12-20,1800.0,0,7.0,7064,23,3,1,0.0,0.1428571428571428,0.2934884559884559,11.795622801666374,12.254901960784316,0.932105175456816,5,0.0,115000.0,365,100.0,0.0823211875843454,0.3176788124156545,0.0780141843971631,0.3333333333333333,0,0,22.6,Ganybody,2025-12,0.025839793185393017,0.022547585392007692,44.350646981226824
18764,2025-12-20,1800.0,0,7.0,7194,33,3,1,0.0,0.2666666666666666,0.4138888888888888,12.09574831334601,12.57861635220126,0.9428990693560804,6,0.0,400000.0,365,100.0,0.104245640636846,0.3381349507202426,0.1123595505617977,0.4089887640449438,1,0,6.7,Gyémánt Lady,2025-12,0.0804942212998867,0.07023857796773442,14.237190286787571
18769,2025-12-20,1800.0,0,7.0,6703,28,5,0,0.1162790697674418,0.3023255813953488,0.4258691566831101,12.53360725995892,13.054830287206268,0.9000945560003086,6,0.7,2535000.0,365,100.0,0.1417850442240686,0.3961404449209327,0.0780141843971631,0.3333333333333333,0,0,42.8,Etalon N,2025-12,0.08494039624929428,0.08280813549827222,12.076108150277877
18764,2025-12-20,1800.0,0,7.0,7338,138,3,1,0.4,0.6,0.8,12.27859728589323,12.484394506866415,0.9835156426000478,13,0.0,375000.0,202,100.0,0.1284202117036149,0.3770720990613141,0.1058823529411764,0.3294117647058823,0,0,5.1,Glory Grant K,2025-12,0.09148344149192174,0.07982767873544308,12.526983320085007
18764,2025-12-20,1800.0,0,7.0,7192,32,3,1,0.2307692307692307,0.3846153846153846,0.4470862470862471,11.981232829105016,12.453300124533,0.8932323663517635,8,0.4,350000.0,365,100.0,0.06394640682095,0.2822777101096224,0.1123595505617977,0.4089887640449438,0,0,14.4,Grófnő R.,2025-12,0.057077075665195785,0.049804974376288225,20.07831572093113
18764,2025-12-20,1800.0,0,7.0,7125,39,4,1,0.0,0.3571428571428571,0.4496650175221604,12.132610184464722,12.515644555694616,0.9571730540643988,4,0.1,395000.0,301,100.0,0.1686156167483968,0.4364390795926066,0.1144578313253012,0.3313253012048193,0,0,7.1,Florenza,2025-12,0.08529515191912651,0.07442782949624921,13.43583450932685
18769,2025-12-20,1800.0,0,7.0,6657,2139,6,1,0.1052631578947368,0.3947368421052631,0.4371449456975773,12.356194415763758,12.9366106080207,0.8816851131642012,8,0.4,1837000.0,365,100.0,0.0588235294117647,0.230392156862745,0.1335740072202166,0.296028880866426,0,1,21.4,Dreamer,2025-12,0.06788772468765576,0.06618353754914942,15.109497573431716
18769,2025-12-20,1800.0,0,7.0,6330,860,7,0,0.0677966101694915,0.4406779661016949,0.59260217183946,12.566530650754904,13.020833333333334,0.905217393616989,13,0.0,4928000.0,365,100.0,0.1584871679423683,0.420081044574516,0.1236363636363636,0.4109090909090909,0,0,2.2,Che Comandante,2025-12,0.10892387727896373,0.10618955864346516,9.417121728112008
18768,2025-12-20,1900.0,0,7.0,6312,1758,8,2,0.0588235294117647,0.2941176470588235,0.5450513538748832,12.21557478213848,12.674271229404308,0.937110051761038,3,0.0,1462000.0,365,0.0,0.1384615384615384,0.4,0.1179487179487179,0.2871794871794871,0,0,16.1,Bongiovi,2025-12,0.10889240851004918,0.14272791276689634,7.006338007851366
18764,2025-12-20,1800.0,0,7.0,7241,635,3,0,0.0,0.2857142857142857,0.3059523809523809,11.812045825605493,12.658227848101266,0.9398598724077852,5,0.0,60000.0,365,100.0,0.2024765729585006,0.4514725568942436,0.1335740072202166,0.296028880866426,0,0,20.1,Gigant Ris,2025-12,0.06589813157916069,0.05750215329876624,17.390653090924438
18768,2025-12-20,1900.0,0,7.0,6919,2024,4,1,0.1034482758620689,0.2758620689655172,0.4986179529282978,12.403705215840452,12.755102040816324,0.9625855158983748,15,0.0,1300000.0,365,0.0,0.0082644628099173,0.1074380165289256,0.0355555555555555,0.1377777777777777,0,0,6.4,Fermina Daza,2025-12,0.03850694869955381,0.05047198872823229,19.81297002946576
18768,2025-12-20,1900.0,0,7.0,6153,2100,8,2,0.1639344262295081,0.3278688524590163,0.5094918742459726,12.43183938703867,12.9366106080207,0.9349530889517428,6,0.2,3053000.0,365,0.0,0.1320754716981132,0.3962264150943396,0.1058823529411764,0.3294117647058823,0,0,2.1,Bing Crosby AT,2025-12,0.13894797613223395,0.18212247196927506,5.490810602267165
18769,2025-12-20,1800.0,0,7.0,6507,110,6,0,0.08,0.4,0.4367640692640692,12.386420293247872,13.10615989515072,0.8737194297899137,3,0.2,2407000.0,365,100.0,0.16406764770481,0.4126949264221392,0.1144578313253012,0.3313253012048193,0,0,4.5,Despasito,2025-12,0.10831408202648163,0.10559507109544927,9.47013899063605
18763,2025-12-20,1800.0,0,6.0,7415,1401,2,0,0.2,0.4,0.5848484848484848,12.01103599973066,12.391573729863692,0.9692906051782642,7,0.0,84000.0,119,100.0,0.2334123222748815,0.556872037914692,0.2152466367713004,0.5381165919282511,0,1,2.3,Hugo CD,2025-12,0.11170377333958943,0.35949229845760383,2.7817007604626984
18768,2025-12-20,1900.0,0,7.0,7199,1380,3,1,0.0,0.2,0.3897979797979798,12.054192364560942,12.547051442910917,0.9117988923120856,6,0.2,700000.0,365,0.0,0.115,0.3,0.0355555555555555,0.1377777777777777,0,0,21.5,Gingerly KJ,2025-12,0.025839793185393017,0.03386884171396634,29.5256628037455
18763,2025-12-20,1800.0,0,6.0,7261,5,2,0,0.0,0.25,0.3295454545454545,11.89967588775724,12.150668286755772,0.9793433255624208,2,0.25,119000.0,140,100.0,0.2197916666666666,0.4663690476190476,0.2441471571906354,0.4816053511705686,0,0,1.9,Hell Energy,2025-12,0.1456914966305097,0.46887378486495346,2.1327701233883727
18768,2025-12-20,1900.0,0,7.0,7188,451,3,2,0.2142857142857142,0.3571428571428571,0.4108946608946609,12.0987519158748,12.755102040816324,0.9098861522297104,5,0.2,710000.0,365,0.0,0.0806451612903225,0.2096774193548387,0.1196172248803827,0.3397129186602871,1,1,3.2,Győcike,2025-12,0.11594478537638982,0.1519716336465337,6.5801753656598185
18768,2025-12-20,1900.0,0,7.0,5925,2271,9,1,0.0947368421052631,0.3157894736842105,0.5655582137161085,12.41540507649071,12.853470437017997,0.9265608843277726,8,0.0,4671640.0,365,0.0,0.2110552763819095,0.4623115577889447,0.0833333333333333,0.2794117647058823,1,0,4.9,Anikó,2025-12,0.10091599822044373,0.1322730389369845,7.5601196437046
18768,2025-12-20,1900.0,0,7.0,5721,2237,10,2,0.0625,0.3333333333333333,0.547523599086099,12.440867466256888,12.903225806451612,0.9334754569776736,8,0.3,4422000.0,365,0.0,0.237410071942446,0.4676258992805755,0.1441441441441441,0.4504504504504504,0,0,9.2,Zippy Boy,2025-12,0.1265847235918045,0.16591765793081362,6.02708604057678
18769,2025-12-20,1800.0,0,7.0,6690,1064,5,1,0.075,0.4,0.4968759018759018,12.364553012187988,12.87001287001287,0.8910237860993412,4,0.3,1935000.0,365,100.0,0.0984042553191489,0.2792553191489361,0.0833333333333333,0.2794117647058823,0,0,4.4,Enterprise,2025-12,0.11455067992210388,0.1116751115284278,8.954546687382908
18763,2025-12-20,1800.0,0,6.0,7429,39,2,1,0.0,0.6666666666666666,0.5752525252525252,12.009738859048545,12.360939431396783,0.972596009965704,9,0.0,525000.0,119,100.0,0.1686156167483968,0.4364390795926066,0.1144578313253012,0.3313253012048193,0,0,1.9,Hippy Glory K,2025-12,0.05333120127518972,0.17163391667744277,5.826354250712187
18769,2025-12-20,1800.0,0,7.0,7370,138,4,2,0.05,0.25,0.564294733044733,12.626451062902357,12.97016861219196,0.974231280111626,7,0.1,1318669.0,365,100.0,0.1284202117036149,0.3770720990613141,0.1058823529411764,0.3294117647058823,1,0,7.5,Another Star,2025-12,0.15149475385745367,0.1476917775128657,6.7708576390644915
18766,2025-12-20,2560.0,0,7.0,6929,148,4,1,0.1379310344827586,0.5172413793103449,0.6180089068020101,12.733521148212146,13.351134846461948,0.934482437352072,14,0.1,3837000.0,365,660.0,0.129018245004344,0.4039965247610773,0.1082251082251082,0.3939393939393939,0,1,5.2,Fendi,2025-12,0.10681011527776718,0.09508039202541829,10.517415617435246
18766,2025-12-20,2560.0,0,7.0,6704,23,5,1,0.0425531914893617,0.3617021276595745,0.489015535292131,12.608625727185036,13.03780964797914,0.9279059752321728,11,0.2,3386000.0,365,660.0,0.0823211875843454,0.3176788124156545,0.0930232558139534,0.3255813953488372,1,0,15.0,Emerald,2025-12,0.12637262046337128,0.11249457285660107,8.889317720906577
18766,2025-12-20,2560.0,0,7.0,6727,635,6,0,0.1020408163265306,0.3265306122448979,0.4199951409135082,12.428932643528782,13.0718954248366,0.8795989564936579,4,0.2,2575000.0,365,660.0,0.2024765729585006,0.4514725568942436,0.1335740072202166,0.296028880866426,1,0,12.0,Västerbo No Edge,2025-12,0.13756925612688065,0.12246161114210177,8.165824299335911
18766,2025-12-20,2560.0,0,7.0,7171,110,7,2,0.064516129032258,0.4193548387096774,0.5457885304659498,12.758237039544516,13.297872340425531,0.9778093513101728,3,0.0,5772660.0,365,660.0,0.16406764770481,0.4126949264221392,0.1144578313253012,0.3313253012048193,1,0,2.0,Peter Piper,2025-12,0.17507877697547278,0.15585189386668283,6.416348080154928
18766,2025-12-20,2560.0,0,7.0,7001,1509,4,0,0.2142857142857142,0.6071428571428571,0.6538407029478458,12.684809082359378,13.404825737265416,0.9011585266531648,12,0.0,6224000.0,365,660.0,0.1578148710166919,0.4613050075872534,0.1811320754716981,0.4981132075471698,1,0,6.6,Fárosz,2025-12,0.1257942939798037,0.11197975730160155,8.93018545581093
18766,2025-12-20,2560.0,0,7.0,6261,860,8,2,0.175438596491228,0.4561403508771929,0.6118838763575606,12.724494353939928,13.495276653171391,0.8810105190222186,14,0.1,6554200.0,365,660.0,0.1584871679423683,0.420081044574516,0.1236363636363636,0.4109090909090909,1,0,5.4,Be Happy,2025-12,0.1483560105164846,0.13206378068735763,7.572098835844772
18767,2025-12-20,1980.0,0,7.0,6982,841,4,0,0.1363636363636363,0.2272727272727272,0.4242948970221697,12.23025822774719,12.722646310432571,0.9140251234440948,11,0.3,590000.0,365,80.0,0.125,0.2678571428571428,0.1335740072202166,0.296028880866426,0,0,6.9,Farkasfog,2025-12,0.04792427457869053,0.08207525173152265,12.183940699580333
18766,2025-12-20,2560.0,0,7.0,6898,32,5,2,0.2093023255813953,0.5813953488372093,0.692914191751401,12.624240079795356,13.368983957219251,0.8944282060126223,12,0.1,5356000.0,365,660.0,0.06394640682095,0.2822777101096224,0.1123595505617977,0.4089887640449438,1,0,4.4,Euzébió,2025-12,0.10831408202648163,0.09641919544950493,10.371378804168756
18770,2025-12-20,1900.0,0,7.0,6360,860,7,0,0.0769230769230769,0.3846153846153846,0.5689054001554001,12.564852963827304,13.175230566534914,0.8999124213119433,9,0.3,6770000.0,365,0.0,0.1584871679423683,0.420081044574516,0.1236363636363636,0.4109090909090909,0,1,1.5,Chip Chip Chip,2025-12,0.12883615245421728,0.19999686644009348,5.000078340225082
18770,2025-12-20,1900.0,0,7.0,6983,2271,4,1,0.1666666666666666,0.2916666666666667,0.4506613756613757,12.386759221791271,12.903225806451612,0.937453726059,11,0.2,1373000.0,365,0.0,0.2110552763819095,0.4623115577889447,0.1811320754716981,0.4981132075471698,0,0,5.7,Fondorlat,2025-12,0.16977706799904504,0.26355088184787073,3.794333727850052
18770,2025-12-20,1900.0,0,7.0,6018,620,8,2,0.1304347826086956,0.4782608695652174,0.5600759144237406,12.612959771509397,13.386880856760374,0.8885489510480103,13,0.0,5226000.0,365,0.0,0.1342281879194631,0.436241610738255,0.0793650793650793,0.3968253968253968,1,0,3.2,Bonus RG,2025-12,0.12701912224292755,0.19717622687920577,5.071605313822242
18770,2025-12-20,1900.0,0,7.0,6342,69,7,2,0.123076923076923,0.4615384615384615,0.573962148962149,12.67419231641699,13.14060446780552,0.9009068043951408,10,0.3,4851000.0,365,0.0,0.0730897009966777,0.2563676633444075,0.1196172248803827,0.3397129186602871,0,0,6.4,Carlos Fox,2025-12,0.13913150131702423,0.21597869663484928,4.630086279716186
18770,2025-12-20,1900.0,0,7.0,7193,33,3,1,0.0909090909090909,0.4090909090909091,0.5529827495736587,12.36830517458266,12.919896640826872,0.9270376792498084,12,0.0,975000.0,365,0.0,0.104245640636846,0.3381349507202426,0.1123595505617977,0.4089887640449438,0,0,5.7,Grazia,2025-12,0.07942701131105423,0.12329732819798073,8.110475827945615
18769,2025-12-20,1800.0,0,7.0,5625,33,11,2,0.1052631578947368,0.3859649122807017,0.5115111009847851,12.413490453292733,13.003901170351105,0.8409371362835787,8,0.2,5826000.0,365,100.0,0.104245640636846,0.3381349507202426,0.1123595505617977,0.4089887640449438,0,0,18.3,Vanderle,2025-12,0.07998084276914597,0.07797308180497771,12.82493877183345
18766,2025-12-20,2560.0,0,7.0,6328,175,7,1,0.0581395348837209,0.313953488372093,0.5189054162891372,12.451376113282814,13.10615989515072,0.8991880580411022,14,0.1,3625000.0,365,660.0,0.0854197349042709,0.2709867452135493,0.0973451327433628,0.3716814159292035,0,0,20.0,Credit Card,2025-12,0.12606918315092722,0.11222445856501649,8.910713518128997
18767,2025-12-20,1980.0,0,7.0,7086,2024,4,2,0.0714285714285714,0.1785714285714285,0.265527726242012,12.005591091431208,12.674271229404308,0.9142526071842412,5,0.5,570000.0,365,80.0,0.0082644628099173,0.1074380165289256,0.0355555555555555,0.1377777777777777,0,0,34.6,Fakta,2025-12,0.021978023151556652,0.037639626234996275,26.56774522033452
18766,2025-12-20,2560.0,0,7.0,7394,1076,4,0,0.0555555555555555,0.2222222222222222,0.3541225749559082,12.82393162985858,13.26259946949602,0.9784340398569272,10,0.2,2967890.0,365,660.0,0.1136767317939609,0.3730017761989342,0.1144578313253012,0.3313253012048193,0,0,40.1,Furio Ferm,2025-12,0.06900203600525856,0.061424338105715424,16.280191709659658
18767,2025-12-20,1980.0,0,7.0,5700,2539,11,2,0.065040650406504,0.2926829268292683,0.5334201480542945,12.34396281786454,12.903225806451612,0.8988963773743933,9,0.1,5049000.0,365,80.0,0.25,0.5,0.0833333333333333,0.2794117647058823,0,0,7.7,Vezér,2025-12,0.11002596467733383,0.18843078642887073,5.306988411776768
18769,2025-12-20,1800.0,0,7.0,6782,32,6,1,0.0392156862745098,0.3333333333333333,0.5222533457827576,12.409163601626872,12.87001287001287,0.9133692430664944,9,0.3,2445000.0,365,100.0,0.06394640682095,0.2822777101096224,0.1123595505617977,0.4089887640449438,1,0,11.6,Downtown Girl M,2025-12,0.11917336781819661,0.11618175598229152,8.60720335602795
18767,2025-12-20,1980.0,0,7.0,6927,1064,4,2,0.0689655172413793,0.3448275862068966,0.4784370801612181,12.32105166982918,12.78772378516624,0.9137354954875132,10,0.1,1120000.0,365,80.0,0.0984042553191489,0.2792553191489361,0.0833333333333333,0.2794117647058823,0,0,9.9,Fast Track,2025-12,0.06589813157916069,0.11285733139509108,8.8607446910046
18769,2025-12-20,1800.0,0,7.0,6546,69,7,2,0.1111111111111111,0.2666666666666666,0.4260790444123777,12.47746900802939,13.020833333333334,0.93419898329388,5,0.3,2296040.0,365,100.0,0.0730897009966777,0.2563676633444075,0.1196172248803827,0.3397129186602871,0,0,5.1,Count Basie AT,2025-12,0.09915705521901448,0.09666791334581315,10.344694173987895
18769,2025-12-20,1800.0,0,7.0,6962,1076,4,1,0.0967741935483871,0.3870967741935484,0.520281152539217,12.251281705444086,12.9366106080207,0.8826353625709418,10,0.1,1521500.0,365,100.0,0.1136767317939609,0.3730017761989342,0.1196172248803827,0.3397129186602871,0,0,18.3,Flinga VT,2025-12,0.09132663160562515,0.08903405703928807,11.231657112499432
18765,2025-12-20,1980.0,0,7.0,7054,1401,4,1,0.2142857142857142,0.5714285714285714,0.5616032776747063,12.475835888025488,12.755102040816324,0.9663721455204526,11,0.1,800000.0,365,80.0,0.2334123222748815,0.556872037914692,0.2152466367713004,0.5381165919282511,1,1,2.8,Fánia BD,2025-12,0.2998257130384445,0.31843027108183997,3.1404049514594967
18765,2025-12-20,1980.0,0,7.0,7190,33,3,1,0.1,0.5,0.5511002886002886,12.249504570850682,12.69035532994924,0.9349462146186192,10,0.1,856000.0,365,80.0,0.104245640636846,0.3381349507202426,0.1123595505617977,0.4089887640449438,1,0,2.6,Gucci,2025-12,0.09915705521901448,0.10530987370325763,9.495785768557676
18765,2025-12-20,1980.0,0,7.0,7085,1509,5,0,0.1052631578947368,0.5263157894736842,0.6555479608111187,12.4619666454528,12.87001287001287,0.9433124942783632,14,0.1,1258000.0,365,80.0,0.1578148710166919,0.4613050075872534,0.1811320754716981,0.4981132075471698,0,0,5.3,El Nino N,2025-12,0.09356108556191127,0.09936666717564188,10.063736949457974
18765,2025-12-20,1980.0,0,7.0,7106,1076,3,2,0.0,0.3529411764705882,0.6183579492403022,12.420372086291849,12.82051282051282,0.9484344906746414,5,0.0,952000.0,365,80.0,0.1136767317939609,0.3730017761989342,0.1196172248803827,0.3397129186602871,1,0,4.4,Gentleman Jack,2025-12,0.12243854502836864,0.13003600888376882,7.690177579149161
18765,2025-12-20,1980.0,0,7.0,7475,2527,3,1,0.0,0.1,0.3361111111111111,12.510404652493026,13.175230566534914,0.9615569383621532,3,0.2,1038936.0,270,80.0,0.0,0.05,0.1811320754716981,0.4981132075471698,0,0,12.5,Glory VDO,2025-12,0.08686075359582901,0.09225057128554617,10.840041270906255
18765,2025-12-20,1980.0,0,7.0,6706,2403,5,1,0.1333333333333333,0.3333333333333333,0.4591281866281866,12.0781660567148,12.69035532994924,0.9157137907514136,5,0.1,1270000.0,365,80.0,0.1063829787234042,0.2446808510638297,0.1564245810055866,0.3407821229050279,0,0,9.4,Eperke,2025-12,0.08781961227456729,0.09326892833673296,10.721684250403902
18765,2025-12-20,1980.0,0,7.0,7116,175,3,1,0.1,0.4,0.4428571428571429,12.03809132111498,12.594458438287154,0.93079178390741,7,0.1,400000.0,259,80.0,0.0854197349042709,0.2709867452135493,0.0973451327433628,0.3716814159292035,0,0,12.5,Golden Girl,2025-12,0.0689699041346709,0.07324957238499329,13.65195682978309
18767,2025-12-20,1980.0,0,7.0,7191,32,3,1,0.0714285714285714,0.2857142857142857,0.4711734693877551,11.980453902751222,12.56281407035176,0.922516817765201,6,0.0,456000.0,365,80.0,0.06394640682095,0.2822777101096224,0.1123595505617977,0.4089887640449438,1,1,5.3,Glitter Lady,2025-12,0.09915705521901448,0.16981666054629876,5.888703716013543
18767,2025-12-20,1980.0,0,7.0,6999,1854,4,1,0.0434782608695652,0.108695652173913,0.2270452976974716,12.084077542994676,12.626262626262626,0.8934081203650447,5,0.6,737000.0,365,80.0,0.0377358490566037,0.1521226415094339,0.0355555555555555,0.1377777777777777,1,0,11.5,First Lady KJ,2025-12,0.02352941284577052,0.040296540727822225,24.81602594015131
18767,2025-12-20,1980.0,0,7.0,7094,138,4,2,0.1851851851851851,0.4444444444444444,0.4824247768692213,12.250212102604676,12.87001287001287,0.9215430357914988,15,0.0,1474000.0,365,80.0,0.1284202117036149,0.3770720990613141,0.1058823529411764,0.3294117647058823,1,0,1.3,Full Speed,2025-12,0.11594478537638982,0.19856737593595056,5.036074004032554
18767,2025-12-20,1980.0,0,7.0,5695,898,11,1,0.1111111111111111,0.3111111111111111,0.4987638287638287,12.367391110902632,12.919896640826872,0.9296212831947428,5,0.1,4230000.0,365,80.0,0.0991831971995332,0.3150525087514585,0.1179487179487179,0.2871794871794871,0,0,17.3,Vinifera M,2025-12,0.0994488721092542,0.17031642699944785,5.871424252008539
18765,2025-12-20,1980.0,0,7.0,7079,23,3,0,0.1176470588235294,0.4705882352941176,0.421969696969697,12.094956979676898,12.658227848101266,0.8333333333333334,3,0.6,745000.0,365,80.0,0.0823211875843454,0.3176788124156545,0.0780141843971631,0.3333333333333333,1,0,16.7,Griff Grand Laser,2025-12,0.08294148494799931,0.08808810714821935,11.35227027091607
18782,2025-12-31,1900.0,0,0.0,6435,2223,6,1,0.0925925925925925,0.4259259259259259,0.5120597509486399,12.548401141610226,12.9366106080207,0.9401278145315196,7,0.3,3342000.0,365,0.0,0.1052631578947368,0.4736842105263157,0.1196172248803827,0.3397129186602871,0,0,2.5,Ducks,2025-12,0.09816757589578629,0.1051363787981176,9.511455610623564
18779,2025-12-31,1900.0,0,0.0,7171,110,7,2,0.0625,0.40625,0.5482638888888889,12.748400364866724,13.297872340425531,0.9778093513101728,3,0.0,5828660.0,365,0.0,0.1639956092206366,0.4125137211855104,0.1144578313253012,0.3313253012048193,0,0,9.3,Peter Piper,2025-12,0.14651251584291458,0.11192138791334451,8.934842737781747
18782,2025-12-31,1900.0,0,0.0,6438,2105,6,0,0.1304347826086956,0.3043478260869565,0.5378780036388732,12.473113473527611,12.9366106080207,0.9340275413560296,15,0.0,3284000.0,365,0.0,0.0833333333333333,0.3333333333333333,0.1179487179487179,0.2871794871794871,0,0,4.0,Danny DeVito,2025-12,0.10889240851004918,0.11662255490046496,8.574670661721314
18782,2025-12-31,1900.0,0,0.0,5247,219,12,0,0.1271186440677966,0.423728813559322,0.5879778413676718,12.463458684417088,12.953367875647668,0.9297124856905264,17,0.2,7239000.0,365,0.0,0.0857142857142857,0.3714285714285714,0.1179487179487179,0.2871794871794871,0,0,16.9,Universal Boy,2025-12,0.09911565482616425,0.10615176075743733,9.42047492066623
18782,2025-12-31,1900.0,0,0.0,6153,2222,8,2,0.1612903225806451,0.3225806451612903,0.5104908532327888,12.434850850950678,12.9366106080207,0.9349530889517428,6,0.2,3101000.0,365,0.0,0.1666666666666666,0.5,0.1058823529411764,0.3294117647058823,0,0,18.6,Bing Crosby AT,2025-12,0.13332824409008026,0.14279306224311333,7.003141359189026
18782,2025-12-31,1900.0,0,0.0,6679,228,10,1,0.1587301587301587,0.2222222222222222,0.4716312787741359,12.590201259992291,13.477088948787062,0.9862385321100916,0,0.3,7806200.0,365,0.0,0.2083333333333333,0.2916666666666667,0.1403508771929824,0.3450292397660818,0,0,3.9,Inforgettable,2025-12,0.13057604680458704,0.1398454896490631,7.150749033876328
18779,2025-12-31,1900.0,0,0.0,6864,148,7,0,0.1636363636363636,0.6727272727272727,0.6805411255411256,12.906482430643482,13.280212483399737,0.9705219939011022,7,0.2,6143600.0,365,0.0,0.1293964394268345,0.4042553191489361,0.1082251082251082,0.3939393939393939,0,1,7.4,In Love Danover,2025-12,0.12425055106480916,0.09491540053193238,10.535698046847203
18779,2025-12-31,1900.0,0,0.0,7001,1509,4,0,0.2068965517241379,0.5862068965517241,0.648535851122058,12.675661003208054,13.404825737265416,0.9011585266531648,12,0.0,6259000.0,365,0.0,0.1570996978851963,0.459214501510574,0.1811320754716981,0.4981132075471698,0,0,8.2,Fárosz,2025-12,0.13057604680458704,0.09974746732406184,10.025317201800997
18784,2025-12-31,1900.0,0,-1.0,6066,2219,8,1,0.1470588235294117,0.5441176470588235,0.6737161531279179,12.670198057051769,13.157894736842104,0.905425041149228,11,0.0,6870080.0,365,0.0,0.8,0.8,0.1236363636363636,0.4109090909090909,0,1,3.8,Berill Lady,2025-12,0.1456914966305097,0.1726216143199014,5.793017310953921
18779,2025-12-31,1900.0,0,0.0,7363,841,4,0,0.0,0.4166666666666667,0.569973544973545,13.066347003314206,13.333333333333334,0.9834583626960004,3,0.1,385000.0,365,0.0,0.1228070175438596,0.2631578947368421,0.0789473684210526,0.4473684210526316,0,0,12.0,Flying Dancer,2025-12,0.0855536659558614,0.06535472399587305,15.301112740727769
18779,2025-12-31,1900.0,0,0.0,6965,39,4,1,0.28,0.72,0.7284603174603174,12.670360968954345,13.192612137203168,0.9230247574799576,13,0.0,4570571.0,365,0.0,0.1684885035808518,0.4364869958537504,0.15,0.4375,0,0,3.1,Felhők felett,2025-12,0.17728579292694727,0.1354291944790279,7.383932274328461
18779,2025-12-31,1900.0,0,0.0,7471,2271,6,2,0.0,0.4,0.4633333333333332,12.862055814685489,13.280212483399737,0.975066647498116,7,0.0,5410761.0,365,0.0,0.208955223880597,0.4676616915422885,0.1811320754716981,0.4981132075471698,0,0,16.4,Doktor Adri,2025-12,0.1159250761071841,0.08855554310313613,11.292347886516273
18779,2025-12-31,1900.0,0,0.0,7336,1401,5,2,0.3,0.4,0.5842063492063492,13.015284726465207,13.513513513513514,0.9673509906078795,10,0.2,6615724.0,365,0.0,0.2370283018867924,0.5589622641509434,0.2152466367713004,0.5381165919282511,0,0,11.7,Extra George,2025-12,0.1366138036052386,0.1043597294036829,9.582240254110026
18779,2025-12-31,1900.0,0,0.0,7375,2125,7,1,0.0,0.15,0.4435119047619048,12.9344651178141,13.531799729364003,0.9637249818443702,6,0.0,7341501.0,365,0.0,0.0223463687150838,0.1452513966480447,0.1058823529411764,0.3294117647058823,0,0,25.2,Lola Dragon,2025-12,0.08082111676534016,0.06173951425953074,16.19708240327838
18779,2025-12-31,1900.0,0,0.0,6901,635,5,0,0.3548387096774194,0.4838709677419355,0.6185483870967742,12.76490221805439,13.280212483399737,0.9371695852129114,22,0.0,5660000.0,365,0.0,0.2023411371237458,0.451505016722408,0.1335740072202166,0.296028880866426,0,0,10.4,Eastwood,2025-12,0.18234373380740485,0.1392929719868239,7.179113100513017
18784,2025-12-31,1900.0,0,-1.0,5570,2397,11,2,0.1666666666666666,0.4473684210526316,0.6353272701956912,12.642495556784969,13.280212483399737,0.8866357367157448,5,0.1,10124000.0,365,0.0,0.0,0.0,0.1403508771929824,0.3450292397660818,0,0,1.8,Villeneuve,2025-12,0.12117877850929896,0.14357788101140587,6.964861112002062
18784,2025-12-31,1900.0,0,-1.0,6328,1912,7,1,0.057471264367816,0.3103448275862069,0.5129409862168484,12.448359064491932,13.10615989515072,0.8991880580411022,14,0.1,3625000.0,365,0.0,0.0769230769230769,0.4615384615384615,0.0973451327433628,0.3716814159292035,0,0,12.7,Credit Card,2025-12,0.08474783971905708,0.10041292210436614,9.958877593071442
18782,2025-12-31,1900.0,0,0.0,5960,2219,9,1,0.1690140845070422,0.4507042253521127,0.6213381297888341,12.64251063876324,13.245033112582782,0.9143254789563224,16,0.1,7787400.0,365,0.0,0.8,0.8,0.1236363636363636,0.4109090909090909,0,0,7.9,Ann Bella M,2025-12,0.13405431807041168,0.14357067937723325,6.9652104756883615
18779,2025-12-31,1900.0,0,0.0,6898,32,5,2,0.2045454545454545,0.5681818181818182,0.6828479601206874,12.619801290878168,13.368983957219251,0.8944282060126223,12,0.1,5356000.0,365,0.0,0.0641727493917275,0.2822384428223844,0.1123595505617977,0.4089887640449438,0,0,2.3,Euzébió,2025-12,0.12918398529291153,0.0986840670025868,10.133348071009143
18782,2025-12-31,1900.0,0,0.0,5288,2220,12,2,0.1578947368421052,0.3834586466165413,0.5438686000716076,12.470360076878432,12.987012987012989,0.8527131782945737,1,0.6,8259500.0,365,0.0,0.0,0.3333333333333333,0.1123595505617977,0.4089887640449438,0,0,16.4,Usain,2025-12,0.10890495777130127,0.11663599501928827,8.573682591164319
18776,2025-12-31,1900.0,0,0.0,7371,91,3,1,0.3333333333333333,0.5,0.6466329966329966,12.181123834109366,12.515644555694616,0.9679261532144062,12,0.0,455000.0,102,0.0,0.0949236483697895,0.3231531159719356,0.1058823529411764,0.3294117647058823,0,0,2.5,Tequila,2025-12,0.10889240851004918,0.1530235348972543,6.534942488888636
18785,2025-12-31,1800.0,0,0.0,6018,620,8,2,0.1285714285714285,0.4857142857142857,0.55921768707483,12.61399894876185,13.386880856760374,0.8885489510480103,13,0.0,5298000.0,365,100.0,0.1333333333333333,0.44,0.0793650793650793,0.3968253968253968,0,0,20.3,Bonus RG,2025-12,0.08572439104318619,0.07460803674686058,13.403381774981217
18776,2025-12-31,1900.0,0,0.0,7144,138,3,1,0.2,0.8,0.8618181818181817,12.304910463018032,12.57861635220126,0.9782403818099336,14,0.0,400000.0,249,0.0,0.1286654697785757,0.3774187113504887,0.1058823529411764,0.3294117647058823,0,1,2.9,Giadaz,2025-12,0.06970952513317268,0.09796089642835522,10.208154850148405
18776,2025-12-31,1900.0,0,0.0,7480,23,3,1,0.0,0.0,0.2083333333333333,12.649931958572068,13.0718954248366,0.9780302208627843,0,0.0,464236.0,201,0.0,0.0822324076570504,0.3176058236721488,0.0780141843971631,0.3333333333333333,0,0,9.7,Mon Cherie C.G.,2025-12,0.07978176698088646,0.11211514347795534,8.91940168811027
18776,2025-12-31,1900.0,0,0.0,7192,33,3,1,0.2142857142857142,0.3571428571428571,0.423088023088023,11.96514264312123,12.453300124533,0.8932323663517635,8,0.4,350000.0,365,0.0,0.1041469418670706,0.3380041658776747,0.1123595505617977,0.4089887640449438,0,0,4.0,Grófnő R.,2025-12,0.07556471104423206,0.10618902966418332,9.417168639382451
18784,2025-12-31,1900.0,0,-1.0,5228,1724,12,2,0.2201834862385321,0.5045871559633027,0.6243357559871321,12.691981223651664,13.26259946949602,0.8396436525612474,3,0.5,12135000.0,365,0.0,0.0769230769230769,0.3076923076923077,0.1403508771929824,0.3450292397660818,0,0,6.8,Uptown Boy M,2025-12,0.10831408202648163,0.12833522975200193,7.792092646208091
18776,2025-12-31,1900.0,0,0.0,7125,2139,4,1,0.0,0.3333333333333333,0.4196873496873497,12.132610184464722,12.515644555694616,0.9571730540643988,4,0.1,395000.0,312,0.0,0.0634146341463414,0.2341463414634146,0.1144578313253012,0.3313253012048193,0,0,19.1,Florenza,2025-12,0.08389288932085037,0.1178923916944671,8.48231158624405
18776,2025-12-31,1900.0,0,0.0,7242,2237,3,1,0.0,0.3333333333333333,0.5632034632034633,12.294369520579522,12.853470437017997,0.949647674756704,8,0.1,310000.0,365,0.0,0.2340425531914893,0.4680851063829787,0.1082251082251082,0.3939393939393939,0,0,17.3,Golden Rose OZ,2025-12,0.08613199243942897,0.12103894230247153,8.261803854011212
18776,2025-12-31,1900.0,0,0.0,7325,2125,3,0,0.0,0.3,0.298030303030303,11.956603810626516,12.254901960784316,0.9603925693179411,8,0.2,110000.0,213,0.0,0.0223463687150838,0.1452513966480447,0.1058823529411764,0.3294117647058823,0,0,38.3,Great Fille,2025-12,0.05498132357994715,0.07726375605657429,12.942679090928186
18782,2025-12-31,1900.0,0,0.0,6021,1747,9,1,0.1176470588235294,0.4901960784313725,0.6134864046628753,12.517812774432986,13.03780964797914,0.8910351652697485,6,0.1,7139000.0,365,0.0,0.2,0.7,0.1196172248803827,0.3397129186602871,0,1,3.6,Anna,2025-12,0.12067733456691106,0.1292440792552822,7.737298340953828
18776,2025-12-31,1900.0,0,0.0,7086,1854,4,2,0.0689655172413793,0.1724137931034483,0.2612977061252923,11.99387252386108,12.674271229404308,0.9142526071842412,5,0.5,570000.0,365,0.0,0.0376914016489988,0.1531213191990577,0.0355555555555555,0.1377777777777777,0,0,31.6,Fakta,2025-12,0.031395349030693374,0.044119028624171046,22.665956871320148
18785,2025-12-31,1800.0,0,0.0,6340,33,7,2,0.1538461538461538,0.3846153846153846,0.5481252081252082,12.533498369669882,13.089005235602093,0.899006891762971,13,0.4,4500500.0,365,100.0,0.1041469418670706,0.3380041658776747,0.1123595505617977,0.4089887640449438,0,1,9.2,Cunami,2025-12,0.10987881819407146,0.09563022619075813,10.456944836721945
18785,2025-12-31,1800.0,0,0.0,6308,860,7,2,0.2166666666666666,0.6166666666666667,0.6045171957671958,12.824482985426634,13.333333333333334,0.8735735460509194,15,0.3,6202000.0,365,100.0,0.1586516853932584,0.4206741573033707,0.1236363636363636,0.4109090909090909,0,0,4.8,Csábító R.,2025-12,0.10863200078407924,0.09454509046673226,10.576963807040531
18785,2025-12-31,1800.0,0,0.0,6700,1509,5,2,0.2,0.64,0.6739047619047619,12.669516822476703,13.192612137203168,0.9425648764038486,21,0.1,2354000.0,365,100.0,0.1570996978851963,0.459214501510574,0.1811320754716981,0.4981132075471698,0,0,2.3,Escobar,2025-12,0.11473615715901057,0.09985768723863618,10.014251557921998
18785,2025-12-31,1800.0,0,0.0,7173,110,7,1,0.1904761904761904,0.2857142857142857,0.4294028722600151,12.90290501022765,13.26259946949602,0.9768228973907672,2,0.0,8785970.0,365,100.0,0.1639956092206366,0.4125137211855104,0.1144578313253012,0.3313253012048193,0,0,3.0,Jula Netprice,2025-12,0.1311543732881546,0.11414686278569817,8.760643749600215
18785,2025-12-31,1800.0,0,0.0,7136,1791,4,2,0.1153846153846153,0.5,0.4851273726273726,12.568926702332622,12.953367875647668,0.9433342602007097,8,0.2,1775000.0,365,100.0,0.1692307692307692,0.3794871794871794,0.2152466367713004,0.5381165919282511,0,0,8.7,First Home,2025-12,0.12125566105047862,0.10553177112522695,9.475819360724763
18785,2025-12-31,1800.0,0,0.0,6310,719,7,2,0.3,0.575,0.6093055555555555,12.529670085714876,13.03780964797914,0.9201989774646764,9,0.2,3673000.0,365,100.0,0.1578947368421052,0.4078947368421052,0.1441441441441441,0.4504504504504504,0,0,22.3,Compact Boy,2025-12,0.16459843019644418,0.14325404449225282,6.980605703276182
18785,2025-12-31,1800.0,0,0.0,6617,841,6,0,0.2115384615384615,0.4807692307692308,0.5894834332334332,12.69678758828465,13.123359580052494,0.920633098085466,11,0.1,4171000.0,365,100.0,0.1228070175438596,0.2631578947368421,0.15,0.4375,0,0,8.2,Diófás,2025-12,0.13555828481912613,0.11797969483424689,8.47603480755675
18785,2025-12-31,1800.0,0,0.0,5905,28,9,0,0.1666666666666666,0.4705882352941176,0.627349828820417,12.710871985982411,13.26259946949602,0.9015243416546748,8,0.1,9155500.0,365,100.0,0.1417090811679614,0.3964639699973212,0.0780141843971631,0.3333333333333333,0,0,31.9,Adamo Fling,2025-12,0.08082111676534016,0.07034059707129404,14.216541252648812
18785,2025-12-31,1800.0,0,0.0,6704,23,5,1,0.0416666666666666,0.375,0.4970568783068783,12.602816024599472,13.03780964797914,0.9279059752321728,11,0.2,3561000.0,365,100.0,0.0822324076570504,0.3176058236721488,0.0930232558139534,0.3255813953488372,0,0,33.0,Emerald,2025-12,0.09663750727971394,0.08410598904829417,11.88975971052185
18776,2025-12-31,1900.0,0,0.0,7358,1791,4,1,0.2857142857142857,0.5714285714285714,0.5733766233766234,12.551021766039256,12.57861635220126,0.997074973866828,13,0.4285714285714285,435000.0,179,0.0,0.1692307692307692,0.3794871794871794,0.2152466367713004,0.5381165919282511,0,0,4.7,Fiona May,2025-12,0.12125566105047862,0.17039727685456788,5.868638387064651
18784,2025-12-31,1900.0,0,-1.0,6657,1532,6,1,0.1282051282051282,0.4102564102564102,0.4515771265771266,12.36645495813926,12.9366106080207,0.8816851131642012,8,0.4,2137000.0,365,0.0,0.0,0.2857142857142857,0.1335740072202166,0.296028880866426,0,0,8.4,Dreamer,2025-12,0.1012393484512965,0.11995277807241693,8.336613924825384
18777,2025-12-31,1800.0,0,-1.0,7188,451,3,2,0.2666666666666666,0.4,0.4501683501683501,12.145374910227003,12.755102040816324,0.9098861522297104,5,0.2,1010000.0,365,100.0,0.0855614973262032,0.213903743315508,0.1196172248803827,0.3397129186602871,0,1,4.0,Győcike,2025-12,0.060148848220705986,0.06451817095977766,15.499509442439503
18784,2025-12-31,1900.0,0,-1.0,5325,2446,12,2,0.1532846715328467,0.364963503649635,0.5482131007678454,12.468425317049991,13.157894736842104,0.8681584936097093,3,0.3,9036000.0,365,0.0,0.25,0.25,0.1236363636363636,0.4109090909090909,0,0,4.8,Ultimate Force,2025-12,0.1366138036052386,0.16186596927153651,6.177950834881548
18777,2025-12-31,1800.0,0,-1.0,7079,23,3,0,0.1111111111111111,0.4444444444444444,0.4223364598364598,12.116366002149942,12.658227848101266,0.8333333333333334,3,0.6,775000.0,365,100.0,0.0822324076570504,0.3176058236721488,0.0780141843971631,0.3333333333333333,0,0,20.3,Griff Grand Laser,2025-12,0.05088958889245987,0.054586302038386575,18.319614310871852
18777,2025-12-31,1800.0,0,-1.0,7187,110,3,0,0.1,0.35,0.4034217171717172,12.467011674750564,12.919896640826872,0.9523565897484242,13,0.2,1254000.0,365,100.0,0.1639956092206366,0.4125137211855104,0.2441471571906354,0.4816053511705686,0,0,18.2,Genesis,2025-12,0.107003519932429,0.1147764520272538,8.712588534820268
18778,2025-12-31,1800.0,0,-2.0,7185,110,3,0,0.5833333333333334,0.8333333333333334,0.6944444444444445,12.741747054948648,13.26259946949602,0.93281531585819,11,0.1,2190000.0,365,100.0,0.1639956092206366,0.4125137211855104,0.2441471571906354,0.4816053511705686,0,1,1.5,Győztes Szív,2025-12,0.2604624380668004,0.22352264769700006,4.473819589662194
18778,2025-12-31,1800.0,0,-2.0,6987,719,4,2,0.1428571428571428,0.5714285714285714,0.5897443826015254,12.744810672474529,13.10615989515072,0.9576527545245676,12,0.0,3227000.0,365,100.0,0.1578947368421052,0.4078947368421052,0.1441441441441441,0.4504504504504504,0,0,12.9,Fabrice,2025-12,0.10889240851004918,0.09344886596671997,10.70103943643501
18778,2025-12-31,1800.0,0,-2.0,7255,1509,5,2,0.4705882352941176,0.8823529411764706,0.8575099736864443,12.85079753921982,13.10615989515072,0.9815165104800184,20,0.0,2981464.0,365,100.0,0.1570996978851963,0.459214501510574,0.1811320754716981,0.4981132075471698,0,0,5.8,Top Hill,2025-12,0.16068128744761148,0.1378928457870058,7.252007849229797
18778,2025-12-31,1800.0,0,-2.0,6702,2332,5,2,0.1944444444444444,0.3888888888888889,0.6193171797338465,12.505027130665212,13.089005235602093,0.9062831594516142,6,0.0,2670000.0,365,100.0,0.1724137931034483,0.3103448275862069,0.1236363636363636,0.4109090909090909,0,0,7.1,Ezigen,2025-12,0.10176952679951985,0.08733617888989195,11.45000860709441
18778,2025-12-31,1800.0,0,-2.0,7314,1401,5,0,0.4,0.6,0.55,12.50955573535387,12.836970474967906,0.9744943917840668,12,0.2,72000.0,312,100.0,0.2370283018867924,0.5589622641509434,0.2152466367713004,0.5381165919282511,0,0,8.6,Anointed,2025-12,0.2352444256345431,0.2018811513248116,4.953409436382078
18778,2025-12-31,1800.0,0,-2.0,7034,32,4,2,0.0833333333333333,0.4444444444444444,0.5341760862594196,12.357790344977042,13.020833333333334,0.8539252716947234,5,0.3,2112000.0,365,100.0,0.0641727493917275,0.2822384428223844,0.1123595505617977,0.4089887640449438,0,0,5.8,Formula,2025-12,0.09771832451224327,0.08385953378002792,11.92470259401992
18778,2025-12-31,1800.0,0,-2.0,6936,1492,4,0,0.1428571428571428,0.4642857142857143,0.535374149659864,12.30363444079672,12.953367875647668,0.9142990222113712,4,0.2,2242000.0,365,100.0,0.095679012345679,0.3549382716049383,0.1058823529411764,0.3294117647058823,0,0,16.0,Aaron LV,2025-12,0.06170023791491985,0.05294967153283214,18.885858420857943
18778,2025-12-31,1800.0,0,-2.0,7396,1076,4,1,0.0,0.1875,0.3567460317460317,12.749247970403696,13.280212483399737,0.9685001484172624,6,0.0,3277736.0,365,100.0,0.1130742049469964,0.3727915194346289,0.1144578313253012,0.3313253012048193,0,0,23.2,Fiamma Sn,2025-12,0.022084481393297512,0.01895237482488345,52.763836154562206
18778,2025-12-31,1800.0,0,-2.0,6727,635,6,0,0.1,0.34,0.4265952380952381,12.426989980325011,13.0718954248366,0.8795989564936579,4,0.2,2659000.0,365,100.0,0.2023411371237458,0.451505016722408,0.1335740072202166,0.296028880866426,0,0,19.0,Västerbo No Edge,2025-12,0.11670882751544316,0.10015673019682722,9.984351506232361
18783,2025-12-31,2500.0,0,-2.0,6358,1064,7,2,0.064516129032258,0.3870967741935484,0.5312718195782712,12.334284783457758,12.78772378516624,0.9147846891281032,5,0.0,3547000.0,365,600.0,0.0981432360742705,0.2785145888594164,0.0833333333333333,0.2794117647058823,0,1,6.9,Calvin,2025-12,0.07527992005149524,0.11194749366745008,8.932759164493564
18783,2025-12-31,2500.0,0,-2.0,5725,1076,10,2,0.2978723404255319,0.4893617021276595,0.5634456264775414,12.76859752224863,13.280212483399737,0.9073577980352886,5,0.2,10775000.0,365,600.0,0.1130742049469964,0.3727915194346289,0.1196172248803827,0.3397129186602871,0,0,2.7,Zente,2025-12,0.14938781410455704,0.2221520873298528,4.501420679947039
18783,2025-12-31,2500.0,0,-2.0,7094,138,4,2,0.1785714285714285,0.4642857142857143,0.490705524634096,12.265880874423756,12.87001287001287,0.9215430357914988,15,0.0,1534000.0,365,600.0,0.1286654697785757,0.3774187113504887,0.1058823529411764,0.3294117647058823,0,0,2.8,Full Speed,2025-12,0.06986012682318687,0.1038878109832774,9.625768321954228
18783,2025-12-31,2500.0,0,-2.0,6995,148,4,0,0.0,0.2857142857142857,0.4900192400192399,12.245726199130925,12.836970474967906,0.9023155107638124,6,0.3,1491000.0,365,600.0,0.1293964394268345,0.4042553191489361,0.1082251082251082,0.3939393939393939,0,0,5.8,Fany,2025-12,0.07942701131105423,0.11811456281683604,8.466356528370946
18783,2025-12-31,2500.0,0,-2.0,6782,32,6,1,0.0384615384615384,0.3269230769230769,0.5164835164835165,12.40836052899603,12.87001287001287,0.9133692430664944,9,0.3,2445000.0,365,600.0,0.0641727493917275,0.2822384428223844,0.1123595505617977,0.4089887640449438,0,0,8.2,Downtown Girl M,2025-12,0.06741851444045703,0.10025693057629712,9.974372786517577
18783,2025-12-31,2500.0,0,-2.0,5925,2271,9,1,0.09375,0.3229166666666667,0.5685955537518038,12.417478857370522,12.853470437017997,0.9265608843277726,8,0.0,4821640.0,365,600.0,0.208955223880597,0.4676616915422885,0.0833333333333333,0.2794117647058823,0,0,8.9,Anikó,2025-12,0.07709477966030438,0.11464634064318405,8.722476394709524
18783,2025-12-31,2500.0,0,-2.0,6307,451,7,2,0.0746268656716417,0.3432835820895522,0.4921410264693847,12.412385600203969,12.97016861219196,0.8836663066753205,3,0.2,3396000.0,365,600.0,0.0855614973262032,0.213903743315508,0.1196172248803827,0.3397129186602871,0,0,8.6,Csípkedd Magad!,2025-12,0.0689699041346709,0.10256397590591426,9.750012040458895
18783,2025-12-31,2500.0,0,-2.0,6121,1854,8,1,0.1046511627906976,0.4069767441860465,0.600452196382429,12.580982576947168,13.315579227696404,0.8855479226589896,6,0.0,8071400.0,365,600.0,0.0376914016489988,0.1531213191990577,0.0355555555555555,0.1377777777777777,0,0,11.7,Farya BD,2025-12,0.08501932521661122,0.12643079807718816,7.90946521898472
18777,2025-12-31,1800.0,0,-1.0,7191,32,3,1,0.1333333333333333,0.3333333333333333,0.5064285714285715,12.017178863954609,12.56281407035176,0.922516817765201,6,0.0,706000.0,365,100.0,0.0641727493917275,0.2822384428223844,0.1123595505617977,0.4089887640449438,0,0,9.4,Glitter Lady,2025-12,0.06434674188494682,0.06902100732510014,14.488342589522604
18784,2025-12-31,1900.0,0,-1.0,6342,2223,7,2,0.1212121212121212,0.4545454545454545,0.5690536315536315,12.672203419165823,13.14060446780552,0.9009068043951408,10,0.3,4899000.0,365,0.0,0.1052631578947368,0.4736842105263157,0.1196172248803827,0.3397129186602871,0,0,9.0,Carlos Fox,2025-12,0.14620801309744516,0.17323360546837135,5.772552024743132
18777,2025-12-31,1800.0,0,-1.0,6966,2125,5,2,0.0357142857142857,0.2857142857142857,0.4417272211915069,12.294848861936003,12.642225031605564,0.94691787691567,3,0.5,823632.0,365,100.0,0.0223463687150838,0.1452513966480447,0.1058823529411764,0.3294117647058823,0,0,25.9,Eagle GG,2025-12,0.017241379866997402,0.018493825347406637,54.07210142926048
18777,2025-12-31,1800.0,0,-1.0,6057,175,8,2,0.1428571428571428,0.3928571428571428,0.6203682230467945,12.303611542238482,12.722646310432571,0.912287265227958,20,0.0,1065000.0,365,100.0,0.0851688693098384,0.2701908957415565,0.0973451327433628,0.3716814159292035,0,0,12.4,Bitangjó,2025-12,0.04792427457869053,0.05140558184997595,19.45314037916036
18780,2025-12-31,1960.0,0,-1.0,7428,615,6,2,0.1818181818181818,0.5454545454545454,0.6641414141414141,13.459846302206,14.104372355430185,0.9639459595258156,8,0.0,35459689.0,365,60.0,0.1118811881188118,0.3594059405940594,0.1441441441441441,0.4504504504504504,0,1,4.7,Pure Muscle,2025-12,0.09148344149192174,0.07137300043998247,14.01090039420298
18780,2025-12-31,1960.0,0,-1.0,6514,27,6,2,0.3333333333333333,0.6222222222222222,0.6698292448292448,12.800453786709456,13.26259946949602,0.926566895671848,13,0.2,7507000.0,365,60.0,0.0618503118503118,0.2312889812889813,0.1376146788990825,0.3990825688073394,0,0,4.1,El Valle Sagrado,2025-12,0.25026455521583557,0.19524989351334285,5.121641717728582
18780,2025-12-31,1960.0,0,-1.0,6355,1401,7,1,0.5588235294117647,0.8823529411764706,0.8819094304388422,13.018471115515164,13.513513513513514,0.9362816059453142,25,0.0,8009560.0,365,60.0,0.2370283018867924,0.5589622641509434,0.2152466367713004,0.5381165919282511,0,0,7.7,Coach Degli Dei,2025-12,0.25670738021532696,0.20027641792064813,4.99309908966023
18780,2025-12-31,1960.0,0,-1.0,5906,28,9,1,0.1698113207547169,0.5943396226415094,0.6761642707397425,12.733701179790817,13.386880856760374,0.8710076069205591,6,0.0,12530440.0,365,60.0,0.1417090811679614,0.3964639699973212,0.0780141843971631,0.3333333333333333,0,0,11.7,Anybody,2025-12,0.08721550926566124,0.06804327077858136,14.696530436552438
18780,2025-12-31,1960.0,0,-1.0,6261,860,8,2,0.1724137931034483,0.4482758620689655,0.607799671592775,12.719281928327812,13.495276653171391,0.8810105190222186,14,0.1,6554200.0,365,60.0,0.1586516853932584,0.4206741573033707,0.1236363636363636,0.4109090909090909,0,0,13.7,Be Happy,2025-12,0.17663883666197458,0.1378090238101325,7.256418863961755
18780,2025-12-31,1960.0,0,-1.0,6783,110,5,0,0.6388888888888888,0.8333333333333334,0.8246252204585538,13.07152915738488,13.831258644536652,0.9091387834294948,21,0.2,33885000.0,365,60.0,0.1639956092206366,0.4125137211855104,0.2441471571906354,0.4816053511705686,0,0,1.4,Enjoy,2025-12,0.3525649656852086,0.2750620116668307,3.6355438322440965
18780,2025-12-31,1960.0,0,-1.0,7253,2036,8,1,0.1176470588235294,0.2352941176470588,0.3630952380952381,13.00852107465168,13.605442176870747,0.9697449577630278,4,0.1,14107689.0,365,60.0,0.0526315789473684,0.1052631578947368,0.1564245810055866,0.3407821229050279,0,0,25.4,Baria TRGF Risaia,2025-12,0.06689069792628288,0.052186381870481975,19.162087198952317
18781,2025-12-31,1800.0,0,-1.0,6927,110,4,2,0.0666666666666666,0.3333333333333333,0.472012987012987,12.323022596755369,12.78772378516624,0.9137354954875132,10,0.1,1120000.0,365,100.0,0.1639956092206366,0.4125137211855104,0.0833333333333333,0.2794117647058823,0,1,3.2,Fast Track,2025-12,0.08825485905011494,0.21675560617231748,4.613490823416188
18781,2025-12-31,1800.0,0,-1.0,4968,898,13,0,0.1557377049180328,0.4016393442622951,0.551951008918222,12.404005597763494,12.903225806451612,0.8881702197554802,10,0.1,7858000.0,365,100.0,0.099067599067599,0.3146853146853147,0.1179487179487179,0.2871794871794871,0,0,8.3,Titus Livius,2025-12,0.09298740824063619,0.228378836661522,4.37868943820784
18781,2025-12-31,1800.0,0,-1.0,5700,1064,11,2,0.064516129032258,0.2903225806451613,0.5325745938649165,12.34333549441066,12.903225806451612,0.8988963773743933,9,0.1,5074000.0,365,100.0,0.0981432360742705,0.2785145888594164,0.0833333333333333,0.2794117647058823,0,0,6.3,Vezér,2025-12,0.06968235845367114,0.17114119277631465,5.8431286108133085
18781,2025-12-31,1800.0,0,-1.0,6343,1023,7,2,0.0793650793650793,0.3809523809523809,0.590107996060377,12.500497991807617,12.9366106080207,0.9242660594569756,16,0.0,3114000.0,365,100.0,0.072463768115942,0.2318840579710145,0.1179487179487179,0.2871794871794871,0,0,6.6,Chicago,2025-12,0.10831408202648163,0.2660214379053792,3.7590955370885886
18781,2025-12-31,1800.0,0,-1.0,6999,1854,4,1,0.0425531914893617,0.1276595744680851,0.2404516287495011,12.093395609263435,12.626262626262626,0.8934081203650447,5,0.6,862000.0,365,100.0,0.0376914016489988,0.1531213191990577,0.0355555555555555,0.1377777777777777,0,0,5.4,First Lady KJ,2025-12,0.0,0.0,inf
18781,2025-12-31,1800.0,0,-1.0,6674,2125,6,1,0.0277777777777777,0.1388888888888889,0.3883347362514029,12.361233957454957,12.919896640826872,0.9117367662189972,7,0.0,1222323.0,365,100.0,0.0223463687150838,0.1452513966480447,0.1058823529411764,0.3294117647058823,0,0,2.9,Démon Jewel GG,2025-12,0.022084481393297512,0.05423990478175529,18.43661053653565
18781,2025-12-31,1800.0,0,-1.0,7194,33,3,1,0.0,0.25,0.4157986111111111,12.10946847725942,12.57861635220126,0.9428990693560804,6,0.0,400000.0,365,100.0,0.1041469418670706,0.3380041658776747,0.1123595505617977,0.4089887640449438,0,0,3.4,Gyémánt Lady,2025-12,0.025839793185393017,0.06346302170271143,15.757207475629473
18777,2025-12-31,1800.0,0,-1.0,6918,1509,4,2,0.2666666666666666,0.6666666666666666,0.5511111111111112,12.492080839614149,12.87001287001287,0.9229214548684572,15,0.3,1032000.0,365,100.0,0.1570996978851963,0.459214501510574,0.1811320754716981,0.4981132075471698,0,0,4.8,Front of the Line,2025-12,0.0977710634469986,0.10487333295637767,9.53531247467793
18777,2025-12-31,1800.0,0,-1.0,7054,1401,4,1,0.2666666666666666,0.6,0.5908297258297258,12.48131400763206,12.755102040816324,0.9663721455204526,11,0.1,1100000.0,365,100.0,0.2370283018867924,0.5589622641509434,0.2152466367713004,0.5381165919282511,0,0,9.1,Fánia BD,2025-12,0.1456914966305097,0.1562747943651774,6.3989845839325525
18777,2025-12-31,1800.0,0,-1.0,7190,33,3,1,0.0909090909090909,0.5454545454545454,0.5659353272989637,12.268335208292978,12.69035532994924,0.9349462146186192,10,0.1,928000.0,365,100.0,0.1041469418670706,0.3380041658776747,0.1123595505617977,0.4089887640449438,0,0,6.2,Gucci,2025-12,0.016528925547997158,0.01772961703895118,56.40279752253219
18777,2025-12-31,1800.0,0,-1.0,7330,2271,5,1,0.1363636363636363,0.3181818181818182,0.3844926538108356,12.565296406862538,13.020833333333334,0.9709228824273072,0,0.6,1150000.0,365,100.0,0.208955223880597,0.4676616915422885,0.1811320754716981,0.4981132075471698,0,0,3.3,Emilia Adri,2025-12,0.15149475385745367,0.1624996108490722,6.153860890958002
18777,2025-12-31,1800.0,0,-1.0,7370,138,4,2,0.0476190476190476,0.238095238095238,0.553296571153714,12.62091073754197,12.97016861219196,0.974231280111626,7,0.1,1318669.0,365,100.0,0.1286654697785757,0.3774187113504887,0.1058823529411764,0.3294117647058823,0,0,28.2,Another Star,2025-12,0.08768338213364284,0.09405286395629475,10.632318442367561
18777,2025-12-31,1800.0,0,-1.0,7106,1076,3,2,0.0,0.3888888888888889,0.6316237774571108,12.426536321542414,12.82051282051282,0.9484344906746414,5,0.0,1102000.0,365,100.0,0.1130742049469964,0.3727915194346289,0.1196172248803827,0.3397129186602871,0,0,11.7,Gentleman Jack,2025-12,0.0855536659558614,0.09176844128622598,10.89699232093305
