Rank,teamId,teamImageId,teamFullName,Team,teamAbbrevName,teamShortName,newestTeamColor,leagueId,leagueName,GM,optaTeamId,Week,game,Home,Away,Win,Draw,Loss,Date,gameId,opponentId,opponentTeamImageId,oppOptaTeamId,teamFullName,opponentFullName,opponent,score,finalScoreOpponent,gameStatus,Result,scatterId,scatterExtra
1,4yxspqt9kfih6zcwwslxq8r6f,1464,Újpest,Újpest,UJP,Újpest,#800080,47s2kt0e8m444ftqvsrqa3bvq,NB I (Hungary),1,1464,1,UJP vs DVT,true,false,true,false,false,2025-07-25,er92e5o68ekziddn1zulexk44,amfs0dhjwsobm10en9twg0q,2271,2271,Újpest,Diosgyor,DVT,3,1,Played,W 3-1,2560157,UJP vs DVT (2025-07-25)
1,amfs0dhjwsobm10en9twg0q,2271,Diosgyor,Diosgyor,DVT,DVTK,#808080,47s2kt0e8m444ftqvsrqa3bvq,NB I (Hungary),1,2271,1,UJP vs DVT,false,true,false,false,true,2025-07-25,er92e5o68ekziddn1zulexk44,4yxspqt9kfih6zcwwslxq8r6f,1464,1464,Diosgyor,Újpest,UJP,1,3,Played,L 1-3,2560157,UJP vs DVT (2025-07-25)
3,b3o0wckz4w3fusytybpgxftgm,227,Ferencváros,Ferencváros,FTC,Ferencváros,#023020,47s2kt0e8m444ftqvsrqa3bvq,NB I (Hungary),1,227,1,MTK vs FTC,false,true,false,true,false,2025-07-26,eqf8m078exw7n1ii541ms7190,ad5l7of8nxlt7c7uyf5pjiy14,2411,2411,Ferencváros,MTK,MTK,1,1,Played,T 1-1,2560155,MTK vs FTC (2025-07-26)
3,b7jek1bop3eoughds0xi22tte,225,Debrecen,Debrecen,DEB,Debrecen,#ff0000,47s2kt0e8m444ftqvsrqa3bvq,NB I (Hungary),1,225,1,ZTE vs DEB,false,true,false,true,false,2025-07-26,equ9j5d4tvtl9kkhufmo33cpg,d8l653wnkhfqhpwsw3ia7mybn,2132,2132,Debrecen,Zalaegerszeg,ZTE,3,3,Played,T 3-3,2560156,ZTE vs DEB (2025-07-26)
3,ad5l7of8nxlt7c7uyf5pjiy14,2411,MTK,MTK,MTK,MTK,#ADD8E6,47s2kt0e8m444ftqvsrqa3bvq,NB I (Hungary),1,2411,1,MTK vs FTC,true,false,false,true,false,2025-07-26,eqf8m078exw7n1ii541ms7190,b3o0wckz4w3fusytybpgxftgm,227,227,MTK,Ferencváros,FTC,1,1,Played,T 1-1,2560155,MTK vs FTC (2025-07-26)
3,d8l653wnkhfqhpwsw3ia7mybn,2132,Zalaegerszeg,Zalaegerszeg,ZTE,ZTE,,47s2kt0e8m444ftqvsrqa3bvq,NB I (Hungary),1,2132,1,ZTE vs DEB,true,false,false,true,false,2025-07-26,equ9j5d4tvtl9kkhufmo33cpg,b7jek1bop3eoughds0xi22tte,225,225,Zalaegerszeg,Debrecen,DEB,3,3,Played,T 3-3,2560156,ZTE vs DEB (2025-07-26)
7,8raew9whdfuuvsedk0pyiwc5d,9428,Kisvárda,Kisvárda,KIS,Kisvárda,#000000,47s2kt0e8m444ftqvsrqa3bvq,NB I (Hungary),1,9428,1,NYI vs KIS,false,true,false,true,false,2025-07-27,epim4vgqn1asif62qqx0wxtzo,1cfck1c4i89gm3xx02d5xsl81,2717,2717,Kisvárda,Nyíregyháza Spartacus,NYI,1,1,Played,T 1-1,2560153,NYI vs KIS (2025-07-27)
7,e86hbyj6fwyumuwoiaglh33r5,2718,Paks,Paks,PAK,Paks,,47s2kt0e8m444ftqvsrqa3bvq,NB I (Hungary),1,2718,1,PAK vs GYO,true,false,false,true,false,2025-07-27,ero16fnbvlwq2ry8ne20k6f4k,3jvgab7r5m1rqtyxvxrgyuwhd,2713,2713,Paks,Gyori ETO,GYO,3,3,Played,T 3-3,2560158,PAK vs GYO (2025-07-27)
7,7gmb3yf0l30i996xp4cqt5u9p,8746,Puskás,Puskás,PUS,Puskás,#FFFF00,47s2kt0e8m444ftqvsrqa3bvq,NB I (Hungary),1,8746,1,PUS vs KAZ,true,false,true,false,false,2025-07-27,eq0f66jh8pbgbbcnojfskq32s,93jgs8iidqpjpynqao1w1yxrv,6542,6542,Puskás,Kazincbarcika,KAZ,2,1,Played,W 2-1,2560154,PUS vs KAZ (2025-07-27)
7,1cfck1c4i89gm3xx02d5xsl81,2717,Nyíregyháza Spartacus,Nyíregyháza Spartacus,NYI,Nyíregyháza,,47s2kt0e8m444ftqvsrqa3bvq,NB I (Hungary),1,2717,1,NYI vs KIS,true,false,false,true,false,2025-07-27,epim4vgqn1asif62qqx0wxtzo,8raew9whdfuuvsedk0pyiwc5d,9428,9428,Nyíregyháza Spartacus,Kisvárda,KIS,1,1,Played,T 1-1,2560153,NYI vs KIS (2025-07-27)
7,3jvgab7r5m1rqtyxvxrgyuwhd,2713,Gyori ETO,Gyori ETO,GYO,Gyor,,47s2kt0e8m444ftqvsrqa3bvq,NB I (Hungary),1,2713,1,PAK vs GYO,false,true,false,true,false,2025-07-27,ero16fnbvlwq2ry8ne20k6f4k,e86hbyj6fwyumuwoiaglh33r5,2718,2718,Gyori ETO,Paks,PAK,3,3,Played,T 3-3,2560158,PAK vs GYO (2025-07-27)
7,93jgs8iidqpjpynqao1w1yxrv,6542,Kazincbarcika,Kazincbarcika,KAZ,Kazincbarcika,,47s2kt0e8m444ftqvsrqa3bvq,NB I (Hungary),1,6542,1,PUS vs KAZ,false,true,false,false,true,2025-07-27,eq0f66jh8pbgbbcnojfskq32s,7gmb3yf0l30i996xp4cqt5u9p,8746,8746,Kazincbarcika,Puskás,PUS,1,2,Played,L 1-2,2560154,PUS vs KAZ (2025-07-27)
13,b7jek1bop3eoughds0xi22tte,225,Debrecen,Debrecen,DEB,Debrecen,#ff0000,47s2kt0e8m444ftqvsrqa3bvq,NB I (Hungary),1,225,2,DEB vs MTK,true,false,true,false,false,2025-08-01,espouoses5u5d8yjs0yub0pw4,ad5l7of8nxlt7c7uyf5pjiy14,2411,2411,Debrecen,MTK,MTK,1,0,Played,W 1-0,2560161,DEB vs MTK (2025-08-01)
13,ad5l7of8nxlt7c7uyf5pjiy14,2411,MTK,MTK,MTK,MTK,#ADD8E6,47s2kt0e8m444ftqvsrqa3bvq,NB I (Hungary),1,2411,2,DEB vs MTK,false,true,false,false,true,2025-08-01,espouoses5u5d8yjs0yub0pw4,b7jek1bop3eoughds0xi22tte,225,225,MTK,Debrecen,DEB,0,1,Played,L 0-1,2560161,DEB vs MTK (2025-08-01)
15,b3o0wckz4w3fusytybpgxftgm,227,Ferencváros,Ferencváros,FTC,Ferencváros,#023020,47s2kt0e8m444ftqvsrqa3bvq,NB I (Hungary),1,227,2,FTC vs KAZ,true,false,true,false,false,2025-08-02,et1onhdk3w540mwwk8ngqhvys,93jgs8iidqpjpynqao1w1yxrv,6542,6542,Ferencváros,Kazincbarcika,KAZ,3,0,Played,W 3-0,2560162,FTC vs KAZ (2025-08-02)
15,d8l653wnkhfqhpwsw3ia7mybn,2132,Zalaegerszeg,Zalaegerszeg,ZTE,ZTE,,47s2kt0e8m444ftqvsrqa3bvq,NB I (Hungary),1,2132,2,DVT vs ZTE,false,true,false,true,false,2025-08-02,esdio72l7be06no9az17uvrbo,amfs0dhjwsobm10en9twg0q,2271,2271,Zalaegerszeg,Diosgyor,DVT,2,2,Played,T 2-2,2560160,DVT vs ZTE (2025-08-02)
15,amfs0dhjwsobm10en9twg0q,2271,Diosgyor,Diosgyor,DVT,DVTK,#808080,47s2kt0e8m444ftqvsrqa3bvq,NB I (Hungary),1,2271,2,DVT vs ZTE,true,false,false,true,false,2025-08-02,esdio72l7be06no9az17uvrbo,d8l653wnkhfqhpwsw3ia7mybn,2132,2132,Diosgyor,Zalaegerszeg,ZTE,2,2,Played,T 2-2,2560160,DVT vs ZTE (2025-08-02)
15,93jgs8iidqpjpynqao1w1yxrv,6542,Kazincbarcika,Kazincbarcika,KAZ,Kazincbarcika,,47s2kt0e8m444ftqvsrqa3bvq,NB I (Hungary),1,6542,2,FTC vs KAZ,false,true,false,false,true,2025-08-02,et1onhdk3w540mwwk8ngqhvys,b3o0wckz4w3fusytybpgxftgm,227,227,Kazincbarcika,Ferencváros,FTC,0,3,Played,L 0-3,2560162,FTC vs KAZ (2025-08-02)
19,4yxspqt9kfih6zcwwslxq8r6f,1464,Újpest,Újpest,UJP,Újpest,#800080,47s2kt0e8m444ftqvsrqa3bvq,NB I (Hungary),1,1464,2,GYO vs UJP,false,true,false,true,false,2025-08-03,erzwjslkz6wivl7xacf9zuzh0,3jvgab7r5m1rqtyxvxrgyuwhd,2713,2713,Újpest,Gyori ETO,GYO,1,1,Played,T 1-1,2560159,GYO vs UJP (2025-08-03)
19,8raew9whdfuuvsedk0pyiwc5d,9428,Kisvárda,Kisvárda,KIS,Kisvárda,#000000,47s2kt0e8m444ftqvsrqa3bvq,NB I (Hungary),1,9428,2,KIS vs PAK,true,false,false,false,true,2025-08-03,etpphtx0eas0nus27n4mtivpw,e86hbyj6fwyumuwoiaglh33r5,2718,2718,Kisvárda,Paks,PAK,1,5,Played,L 1-5,2560164,KIS vs PAK (2025-08-03)
19,e86hbyj6fwyumuwoiaglh33r5,2718,Paks,Paks,PAK,Paks,,47s2kt0e8m444ftqvsrqa3bvq,NB I (Hungary),1,2718,2,KIS vs PAK,false,true,true,false,false,2025-08-03,etpphtx0eas0nus27n4mtivpw,8raew9whdfuuvsedk0pyiwc5d,9428,9428,Paks,Kisvárda,KIS,5,1,Played,W 5-1,2560164,KIS vs PAK (2025-08-03)
19,7gmb3yf0l30i996xp4cqt5u9p,8746,Puskás,Puskás,PUS,Puskás,#FFFF00,47s2kt0e8m444ftqvsrqa3bvq,NB I (Hungary),1,8746,2,PUS vs NYI,true,false,true,false,false,2025-08-03,etdrbgq3a12kgqlfa8ihny4gk,1cfck1c4i89gm3xx02d5xsl81,2717,2717,Puskás,Nyíregyháza Spartacus,NYI,3,2,Played,W 3-2,2560163,PUS vs NYI (2025-08-03)
19,1cfck1c4i89gm3xx02d5xsl81,2717,Nyíregyháza Spartacus,Nyíregyháza Spartacus,NYI,Nyíregyháza,,47s2kt0e8m444ftqvsrqa3bvq,NB I (Hungary),1,2717,2,PUS vs NYI,false,true,false,false,true,2025-08-03,etdrbgq3a12kgqlfa8ihny4gk,7gmb3yf0l30i996xp4cqt5u9p,8746,8746,Nyíregyháza Spartacus,Puskás,PUS,2,3,Played,L 2-3,2560163,PUS vs NYI (2025-08-03)
19,3jvgab7r5m1rqtyxvxrgyuwhd,2713,Gyori ETO,Gyori ETO,GYO,Gyor,,47s2kt0e8m444ftqvsrqa3bvq,NB I (Hungary),1,2713,2,GYO vs UJP,true,false,false,true,false,2025-08-03,erzwjslkz6wivl7xacf9zuzh0,4yxspqt9kfih6zcwwslxq8r6f,1464,1464,Gyori ETO,Újpest,UJP,1,1,Played,T 1-1,2560159,GYO vs UJP (2025-08-03)
25,b7jek1bop3eoughds0xi22tte,225,Debrecen,Debrecen,DEB,Debrecen,#ff0000,47s2kt0e8m444ftqvsrqa3bvq,NB I (Hungary),1,225,3,KAZ vs DEB,false,true,true,false,false,2025-08-08,eufbyd78kj8bvc0nwjm6g2g44,93jgs8iidqpjpynqao1w1yxrv,6542,6542,Debrecen,Kazincbarcika,KAZ,2,1,Played,W 2-1,2560166,KAZ vs DEB (2025-08-08)
25,93jgs8iidqpjpynqao1w1yxrv,6542,Kazincbarcika,Kazincbarcika,KAZ,Kazincbarcika,,47s2kt0e8m444ftqvsrqa3bvq,NB I (Hungary),1,6542,3,KAZ vs DEB,true,false,false,false,true,2025-08-08,eufbyd78kj8bvc0nwjm6g2g44,b7jek1bop3eoughds0xi22tte,225,225,Kazincbarcika,Debrecen,DEB,1,2,Played,L 1-2,2560166,KAZ vs DEB (2025-08-08)
27,b3o0wckz4w3fusytybpgxftgm,227,Ferencváros,Ferencváros,FTC,Ferencváros,#023020,47s2kt0e8m444ftqvsrqa3bvq,NB I (Hungary),1,227,3,NYI vs FTC,false,true,true,false,false,2025-08-09,eu2z2q4h5jlkjvn2l5skduln8,1cfck1c4i89gm3xx02d5xsl81,2717,2717,Ferencváros,Nyíregyháza Spartacus,NYI,4,1,Played,W 4-1,2560165,NYI vs FTC (2025-08-09)
27,ad5l7of8nxlt7c7uyf5pjiy14,2411,MTK,MTK,MTK,MTK,#ADD8E6,47s2kt0e8m444ftqvsrqa3bvq,NB I (Hungary),1,2411,3,MTK vs DVT,true,false,true,false,false,2025-08-09,eurl91knivoy934md4fzd0c2c,amfs0dhjwsobm10en9twg0q,2271,2271,MTK,Diosgyor,DVT,5,0,Played,W 5-0,2560167,MTK vs DVT (2025-08-09)
27,amfs0dhjwsobm10en9twg0q,2271,Diosgyor,Diosgyor,DVT,DVTK,#808080,47s2kt0e8m444ftqvsrqa3bvq,NB I (Hungary),1,2271,3,MTK vs DVT,false,true,false,false,true,2025-08-09,eurl91knivoy934md4fzd0c2c,ad5l7of8nxlt7c7uyf5pjiy14,2411,2411,Diosgyor,MTK,MTK,0,5,Played,L 0-5,2560167,MTK vs DVT (2025-08-09)
27,1cfck1c4i89gm3xx02d5xsl81,2717,Nyíregyháza Spartacus,Nyíregyháza Spartacus,NYI,Nyíregyháza,,47s2kt0e8m444ftqvsrqa3bvq,NB I (Hungary),1,2717,3,NYI vs FTC,true,false,false,false,true,2025-08-09,eu2z2q4h5jlkjvn2l5skduln8,b3o0wckz4w3fusytybpgxftgm,227,227,Nyíregyháza Spartacus,Ferencváros,FTC,1,4,Played,L 1-4,2560165,NYI vs FTC (2025-08-09)
31,4yxspqt9kfih6zcwwslxq8r6f,1464,Újpest,Újpest,UJP,Újpest,#800080,47s2kt0e8m444ftqvsrqa3bvq,NB I (Hungary),1,1464,3,UJP vs PAK,true,false,false,false,true,2025-08-10,evg102pkhi16rahx0fezgvu38,e86hbyj6fwyumuwoiaglh33r5,2718,2718,Újpest,Paks,PAK,1,2,Played,L 1-2,2560169,UJP vs PAK (2025-08-10)
31,d8l653wnkhfqhpwsw3ia7mybn,2132,Zalaegerszeg,Zalaegerszeg,ZTE,ZTE,,47s2kt0e8m444ftqvsrqa3bvq,NB I (Hungary),1,2132,3,ZTE vs GYO,true,false,false,true,false,2025-08-10,ev3pqphbkzbiftudc4yzf5btg,3jvgab7r5m1rqtyxvxrgyuwhd,2713,2713,Zalaegerszeg,Gyori ETO,GYO,1,1,Played,T 1-1,2560168,ZTE vs GYO (2025-08-10)
31,8raew9whdfuuvsedk0pyiwc5d,9428,Kisvárda,Kisvárda,KIS,Kisvárda,#000000,47s2kt0e8m444ftqvsrqa3bvq,NB I (Hungary),1,9428,3,KIS vs PUS,true,false,true,false,false,2025-08-10,evsfwmfyu5g3imh05v6d4ayok,7gmb3yf0l30i996xp4cqt5u9p,8746,8746,Kisvárda,Puskás,PUS,2,1,Played,W 2-1,2560170,KIS vs PUS (2025-08-10)
31,e86hbyj6fwyumuwoiaglh33r5,2718,Paks,Paks,PAK,Paks,,47s2kt0e8m444ftqvsrqa3bvq,NB I (Hungary),1,2718,3,UJP vs PAK,false,true,true,false,false,2025-08-10,evg102pkhi16rahx0fezgvu38,4yxspqt9kfih6zcwwslxq8r6f,1464,1464,Paks,Újpest,UJP,2,1,Played,W 2-1,2560169,UJP vs PAK (2025-08-10)
31,7gmb3yf0l30i996xp4cqt5u9p,8746,Puskás,Puskás,PUS,Puskás,#FFFF00,47s2kt0e8m444ftqvsrqa3bvq,NB I (Hungary),1,8746,3,KIS vs PUS,false,true,false,false,true,2025-08-10,evsfwmfyu5g3imh05v6d4ayok,8raew9whdfuuvsedk0pyiwc5d,9428,9428,Puskás,Kisvárda,KIS,1,2,Played,L 1-2,2560170,KIS vs PUS (2025-08-10)
31,3jvgab7r5m1rqtyxvxrgyuwhd,2713,Gyori ETO,Gyori ETO,GYO,Gyor,,47s2kt0e8m444ftqvsrqa3bvq,NB I (Hungary),1,2713,3,ZTE vs GYO,false,true,false,true,false,2025-08-10,ev3pqphbkzbiftudc4yzf5btg,d8l653wnkhfqhpwsw3ia7mybn,2132,2132,Gyori ETO,Zalaegerszeg,ZTE,1,1,Played,T 1-1,2560168,ZTE vs GYO (2025-08-10)
37,4yxspqt9kfih6zcwwslxq8r6f,1464,Újpest,Újpest,UJP,Újpest,#800080,47s2kt0e8m444ftqvsrqa3bvq,NB I (Hungary),1,1464,4,UJP vs KIS,true,false,false,false,true,2025-08-15,ew4j7chmye6a7534tak5p4cno,8raew9whdfuuvsedk0pyiwc5d,9428,9428,Újpest,Kisvárda,KIS,0,1,Played,L 0-1,2560171,UJP vs KIS (2025-08-15)
37,8raew9whdfuuvsedk0pyiwc5d,9428,Kisvárda,Kisvárda,KIS,Kisvárda,#000000,47s2kt0e8m444ftqvsrqa3bvq,NB I (Hungary),1,9428,4,UJP vs KIS,false,true,true,false,false,2025-08-15,ew4j7chmye6a7534tak5p4cno,4yxspqt9kfih6zcwwslxq8r6f,1464,1464,Kisvárda,Újpest,UJP,1,0,Played,W 1-0,2560171,UJP vs KIS (2025-08-15)
39,b3o0wckz4w3fusytybpgxftgm,227,Ferencváros,Ferencváros,FTC,Ferencváros,#023020,47s2kt0e8m444ftqvsrqa3bvq,NB I (Hungary),1,227,4,FTC vs PUS,true,false,false,false,true,2025-08-16,exv4qes7h88s3e1z5prh6a2ok,7gmb3yf0l30i996xp4cqt5u9p,8746,8746,Ferencváros,Puskás,PUS,1,2,Played,L 1-2,2560176,FTC vs PUS (2025-08-16)
39,7gmb3yf0l30i996xp4cqt5u9p,8746,Puskás,Puskás,PUS,Puskás,#FFFF00,47s2kt0e8m444ftqvsrqa3bvq,NB I (Hungary),1,8746,4,FTC vs PUS,false,true,true,false,false,2025-08-16,exv4qes7h88s3e1z5prh6a2ok,b3o0wckz4w3fusytybpgxftgm,227,227,Puskás,Ferencváros,FTC,2,1,Played,W 2-1,2560176,FTC vs PUS (2025-08-16)
39,amfs0dhjwsobm10en9twg0q,2271,Diosgyor,Diosgyor,DVT,DVTK,#808080,47s2kt0e8m444ftqvsrqa3bvq,NB I (Hungary),1,2271,4,DVT vs KAZ,true,false,false,true,false,2025-08-16,ex6cwnn6ntzzfb2rwf0fq8il0,93jgs8iidqpjpynqao1w1yxrv,6542,6542,Diosgyor,Kazincbarcika,KAZ,2,2,Played,T 2-2,2560174,DVT vs KAZ (2025-08-16)
39,93jgs8iidqpjpynqao1w1yxrv,6542,Kazincbarcika,Kazincbarcika,KAZ,Kazincbarcika,,47s2kt0e8m444ftqvsrqa3bvq,NB I (Hungary),1,6542,4,DVT vs KAZ,false,true,false,true,false,2025-08-16,ex6cwnn6ntzzfb2rwf0fq8il0,amfs0dhjwsobm10en9twg0q,2271,2271,Kazincbarcika,Diosgyor,DVT,2,2,Played,T 2-2,2560174,DVT vs KAZ (2025-08-16)
43,b7jek1bop3eoughds0xi22tte,225,Debrecen,Debrecen,DEB,Debrecen,#ff0000,47s2kt0e8m444ftqvsrqa3bvq,NB I (Hungary),1,225,4,DEB vs NYI,true,false,false,false,true,2025-08-17,exij6bq6jvo1xhxp93svvmcyc,1cfck1c4i89gm3xx02d5xsl81,2717,2717,Debrecen,Nyíregyháza Spartacus,NYI,1,2,Played,L 1-2,2560175,DEB vs NYI (2025-08-17)
43,ad5l7of8nxlt7c7uyf5pjiy14,2411,MTK,MTK,MTK,MTK,#ADD8E6,47s2kt0e8m444ftqvsrqa3bvq,NB I (Hungary),1,2411,4,MTK vs GYO,true,false,false,false,true,2025-08-17,e0jug75inzxnvv2y7ymvli50,3jvgab7r5m1rqtyxvxrgyuwhd,2713,2713,MTK,Gyori ETO,GYO,2,7,Played,L 2-7,2560239,MTK vs GYO (2025-08-17)
43,d8l653wnkhfqhpwsw3ia7mybn,2132,Zalaegerszeg,Zalaegerszeg,ZTE,ZTE,,47s2kt0e8m444ftqvsrqa3bvq,NB I (Hungary),1,2132,4,PAK vs ZTE,false,true,false,true,false,2025-08-17,ewgmivjypcwv8t6biasc9cw0k,e86hbyj6fwyumuwoiaglh33r5,2718,2718,Zalaegerszeg,Paks,PAK,2,2,Played,T 2-2,2560172,PAK vs ZTE (2025-08-17)
43,e86hbyj6fwyumuwoiaglh33r5,2718,Paks,Paks,PAK,Paks,,47s2kt0e8m444ftqvsrqa3bvq,NB I (Hungary),1,2718,4,PAK vs ZTE,true,false,false,true,false,2025-08-17,ewgmivjypcwv8t6biasc9cw0k,d8l653wnkhfqhpwsw3ia7mybn,2132,2132,Paks,Zalaegerszeg,ZTE,2,2,Played,T 2-2,2560172,PAK vs ZTE (2025-08-17)
43,1cfck1c4i89gm3xx02d5xsl81,2717,Nyíregyháza Spartacus,Nyíregyháza Spartacus,NYI,Nyíregyháza,,47s2kt0e8m444ftqvsrqa3bvq,NB I (Hungary),1,2717,4,DEB vs NYI,false,true,true,false,false,2025-08-17,exij6bq6jvo1xhxp93svvmcyc,b7jek1bop3eoughds0xi22tte,225,225,Nyíregyháza Spartacus,Debrecen,DEB,2,1,Played,W 2-1,2560175,DEB vs NYI (2025-08-17)
43,3jvgab7r5m1rqtyxvxrgyuwhd,2713,Gyori ETO,Gyori ETO,GYO,Gyor,,47s2kt0e8m444ftqvsrqa3bvq,NB I (Hungary),1,2713,4,MTK vs GYO,false,true,true,false,false,2025-08-17,e0jug75inzxnvv2y7ymvli50,ad5l7of8nxlt7c7uyf5pjiy14,2411,2411,Gyori ETO,MTK,MTK,7,2,Played,W 7-2,2560239,MTK vs GYO (2025-08-17)
49,b7jek1bop3eoughds0xi22tte,225,Debrecen,Debrecen,DEB,Debrecen,#ff0000,47s2kt0e8m444ftqvsrqa3bvq,NB I (Hungary),1,225,5,PUS vs DEB,false,true,true,false,false,2025-08-22,ezji1wl6gmog42n5f8iq9pr10,7gmb3yf0l30i996xp4cqt5u9p,8746,8746,Debrecen,Puskás,PUS,3,1,Played,W 3-1,2560181,PUS vs DEB (2025-08-22)
49,7gmb3yf0l30i996xp4cqt5u9p,8746,Puskás,Puskás,PUS,Puskás,#FFFF00,47s2kt0e8m444ftqvsrqa3bvq,NB I (Hungary),1,8746,5,PUS vs DEB,true,false,false,false,true,2025-08-22,ezji1wl6gmog42n5f8iq9pr10,b7jek1bop3eoughds0xi22tte,225,225,Puskás,Debrecen,DEB,1,3,Played,L 1-3,2560181,PUS vs DEB (2025-08-22)
51,4yxspqt9kfih6zcwwslxq8r6f,1464,Újpest,Újpest,UJP,Újpest,#800080,47s2kt0e8m444ftqvsrqa3bvq,NB I (Hungary),1,1464,5,ZTE vs UJP,false,true,true,false,false,2025-08-23,ez7ivvjw6ul1rls77sm8ltlas,d8l653wnkhfqhpwsw3ia7mybn,2132,2132,Újpest,Zalaegerszeg,ZTE,4,1,Played,W 4-1,2560180,ZTE vs UJP (2025-08-23)
51,d8l653wnkhfqhpwsw3ia7mybn,2132,Zalaegerszeg,Zalaegerszeg,ZTE,ZTE,,47s2kt0e8m444ftqvsrqa3bvq,NB I (Hungary),1,2132,5,ZTE vs UJP,true,false,false,false,true,2025-08-23,ez7ivvjw6ul1rls77sm8ltlas,4yxspqt9kfih6zcwwslxq8r6f,1464,1464,Zalaegerszeg,Újpest,UJP,1,4,Played,L 1-4,2560180,ZTE vs UJP (2025-08-23)
51,amfs0dhjwsobm10en9twg0q,2271,Diosgyor,Diosgyor,DVT,DVTK,#808080,47s2kt0e8m444ftqvsrqa3bvq,NB I (Hungary),1,2271,5,NYI vs DVT,false,true,true,false,false,2025-08-23,ey7a1efxnbmkc5x450276elg4,1cfck1c4i89gm3xx02d5xsl81,2717,2717,Diosgyor,Nyíregyháza Spartacus,NYI,4,1,Played,W 4-1,2560177,NYI vs DVT (2025-08-23)
51,1cfck1c4i89gm3xx02d5xsl81,2717,Nyíregyháza Spartacus,Nyíregyháza Spartacus,NYI,Nyíregyháza,,47s2kt0e8m444ftqvsrqa3bvq,NB I (Hungary),1,2717,5,NYI vs DVT,true,false,false,false,true,2025-08-23,ey7a1efxnbmkc5x450276elg4,amfs0dhjwsobm10en9twg0q,2271,2271,Nyíregyháza Spartacus,Diosgyor,DVT,1,4,Played,L 1-4,2560177,NYI vs DVT (2025-08-23)
55,ad5l7of8nxlt7c7uyf5pjiy14,2411,MTK,MTK,MTK,MTK,#ADD8E6,47s2kt0e8m444ftqvsrqa3bvq,NB I (Hungary),1,2411,5,MTK vs PAK,true,false,false,false,true,2025-08-24,eyvfgxstl73w7x1vbkzxg7k7o,e86hbyj6fwyumuwoiaglh33r5,2718,2718,MTK,Paks,PAK,2,3,Played,L 2-3,2560179,MTK vs PAK (2025-08-24)
55,e86hbyj6fwyumuwoiaglh33r5,2718,Paks,Paks,PAK,Paks,,47s2kt0e8m444ftqvsrqa3bvq,NB I (Hungary),1,2718,5,MTK vs PAK,false,true,true,false,false,2025-08-24,eyvfgxstl73w7x1vbkzxg7k7o,ad5l7of8nxlt7c7uyf5pjiy14,2411,2411,Paks,MTK,MTK,3,2,Played,W 3-2,2560179,MTK vs PAK (2025-08-24)
57,e86hbyj6fwyumuwoiaglh33r5,2718,Paks,Paks,PAK,Paks,,47s2kt0e8m444ftqvsrqa3bvq,NB I (Hungary),1,2718,6,PAK vs KAZ,true,false,true,false,false,2025-08-29,f0vxi8okbdq1bmnn9lmucr85w,93jgs8iidqpjpynqao1w1yxrv,6542,6542,Paks,Kazincbarcika,KAZ,3,0,Played,W 3-0,2560185,PAK vs KAZ (2025-08-29)
57,93jgs8iidqpjpynqao1w1yxrv,6542,Kazincbarcika,Kazincbarcika,KAZ,Kazincbarcika,,47s2kt0e8m444ftqvsrqa3bvq,NB I (Hungary),1,6542,6,PAK vs KAZ,false,true,false,false,true,2025-08-29,f0vxi8okbdq1bmnn9lmucr85w,e86hbyj6fwyumuwoiaglh33r5,2718,2718,Kazincbarcika,Paks,PAK,0,3,Played,L 0-3,2560185,PAK vs KAZ (2025-08-29)
59,4yxspqt9kfih6zcwwslxq8r6f,1464,Újpest,Újpest,UJP,Újpest,#800080,47s2kt0e8m444ftqvsrqa3bvq,NB I (Hungary),1,1464,6,UJP vs MTK,true,false,false,false,true,2025-08-30,f0ju8y234sboc08pofx9338r8,ad5l7of8nxlt7c7uyf5pjiy14,2411,2411,Újpest,MTK,MTK,1,2,Played,L 1-2,2560184,UJP vs MTK (2025-08-30)
59,ad5l7of8nxlt7c7uyf5pjiy14,2411,MTK,MTK,MTK,MTK,#ADD8E6,47s2kt0e8m444ftqvsrqa3bvq,NB I (Hungary),1,2411,6,UJP vs MTK,false,true,true,false,false,2025-08-30,f0ju8y234sboc08pofx9338r8,4yxspqt9kfih6zcwwslxq8r6f,1464,1464,MTK,Újpest,UJP,2,1,Played,W 2-1,2560184,UJP vs MTK (2025-08-30)
59,d8l653wnkhfqhpwsw3ia7mybn,2132,Zalaegerszeg,Zalaegerszeg,ZTE,ZTE,,47s2kt0e8m444ftqvsrqa3bvq,NB I (Hungary),1,2132,6,ZTE vs KIS,true,false,false,false,true,2025-08-30,f07nn7zbxo3vgaimn2v0upxxw,8raew9whdfuuvsedk0pyiwc5d,9428,9428,Zalaegerszeg,Kisvárda,KIS,1,2,Played,L 1-2,2560183,ZTE vs KIS (2025-08-30)
59,8raew9whdfuuvsedk0pyiwc5d,9428,Kisvárda,Kisvárda,KIS,Kisvárda,#000000,47s2kt0e8m444ftqvsrqa3bvq,NB I (Hungary),1,9428,6,ZTE vs KIS,false,true,true,false,false,2025-08-30,f07nn7zbxo3vgaimn2v0upxxw,d8l653wnkhfqhpwsw3ia7mybn,2132,2132,Kisvárda,Zalaegerszeg,ZTE,2,1,Played,W 2-1,2560183,ZTE vs KIS (2025-08-30)
59,7gmb3yf0l30i996xp4cqt5u9p,8746,Puskás,Puskás,PUS,Puskás,#FFFF00,47s2kt0e8m444ftqvsrqa3bvq,NB I (Hungary),1,8746,6,DVT vs PUS,false,true,false,true,false,2025-08-30,f1lswr99gjdsuywacgw6lj9xw,amfs0dhjwsobm10en9twg0q,2271,2271,Puskás,Diosgyor,DVT,1,1,Played,T 1-1,2560187,DVT vs PUS (2025-08-30)
59,amfs0dhjwsobm10en9twg0q,2271,Diosgyor,Diosgyor,DVT,DVTK,#808080,47s2kt0e8m444ftqvsrqa3bvq,NB I (Hungary),1,2271,6,DVT vs PUS,true,false,false,true,false,2025-08-30,f1lswr99gjdsuywacgw6lj9xw,7gmb3yf0l30i996xp4cqt5u9p,8746,8746,Diosgyor,Puskás,PUS,1,1,Played,T 1-1,2560187,DVT vs PUS (2025-08-30)
65,b3o0wckz4w3fusytybpgxftgm,227,Ferencváros,Ferencváros,FTC,Ferencváros,#023020,47s2kt0e8m444ftqvsrqa3bvq,NB I (Hungary),1,227,6,DEB vs FTC,false,true,true,false,false,2025-08-31,f1xzuqd9cg1q6vbcf2dg4outw,b7jek1bop3eoughds0xi22tte,225,225,Ferencváros,Debrecen,DEB,3,0,Played,W 3-0,2560188,DEB vs FTC (2025-08-31)
65,b7jek1bop3eoughds0xi22tte,225,Debrecen,Debrecen,DEB,Debrecen,#ff0000,47s2kt0e8m444ftqvsrqa3bvq,NB I (Hungary),1,225,6,DEB vs FTC,true,false,false,false,true,2025-08-31,f1xzuqd9cg1q6vbcf2dg4outw,b3o0wckz4w3fusytybpgxftgm,227,227,Debrecen,Ferencváros,FTC,0,3,Played,L 0-3,2560188,DEB vs FTC (2025-08-31)
65,1cfck1c4i89gm3xx02d5xsl81,2717,Nyíregyháza Spartacus,Nyíregyháza Spartacus,NYI,Nyíregyháza,,47s2kt0e8m444ftqvsrqa3bvq,NB I (Hungary),1,2717,6,GYO vs NYI,false,true,false,false,true,2025-08-31,f19tjrarse4u26pdiwikhh250,3jvgab7r5m1rqtyxvxrgyuwhd,2713,2713,Nyíregyháza Spartacus,Gyori ETO,GYO,0,1,Played,L 0-1,2560186,GYO vs NYI (2025-08-31)
65,3jvgab7r5m1rqtyxvxrgyuwhd,2713,Gyori ETO,Gyori ETO,GYO,Gyor,,47s2kt0e8m444ftqvsrqa3bvq,NB I (Hungary),1,2713,6,GYO vs NYI,true,false,true,false,false,2025-08-31,f19tjrarse4u26pdiwikhh250,1cfck1c4i89gm3xx02d5xsl81,2717,2717,Gyori ETO,Nyíregyháza Spartacus,NYI,1,0,Played,W 1-0,2560186,GYO vs NYI (2025-08-31)
69,b3o0wckz4w3fusytybpgxftgm,227,Ferencváros,Ferencváros,FTC,Ferencváros,#023020,47s2kt0e8m444ftqvsrqa3bvq,NB I (Hungary),1,227,7,FTC vs DVT,true,false,false,true,false,2025-09-19,f3a5mxzyyfy9urahwnv7mt638,amfs0dhjwsobm10en9twg0q,2271,2271,Ferencváros,Diosgyor,DVT,2,2,Played,T 2-2,2560192,FTC vs DVT (2025-09-19)
69,amfs0dhjwsobm10en9twg0q,2271,Diosgyor,Diosgyor,DVT,DVTK,#808080,47s2kt0e8m444ftqvsrqa3bvq,NB I (Hungary),1,2271,7,FTC vs DVT,false,true,false,true,false,2025-09-19,f3a5mxzyyfy9urahwnv7mt638,b3o0wckz4w3fusytybpgxftgm,227,227,Diosgyor,Ferencváros,FTC,2,2,Played,T 2-2,2560192,FTC vs DVT (2025-09-19)
71,4yxspqt9kfih6zcwwslxq8r6f,1464,Újpest,Újpest,UJP,Újpest,#800080,47s2kt0e8m444ftqvsrqa3bvq,NB I (Hungary),1,1464,7,KAZ vs UJP,false,true,false,false,true,2025-09-20,f2m456fpocrtzqwjumge27384,93jgs8iidqpjpynqao1w1yxrv,6542,6542,Újpest,Kazincbarcika,KAZ,0,2,Played,L 0-2,2560190,KAZ vs UJP (2025-09-20)
71,e86hbyj6fwyumuwoiaglh33r5,2718,Paks,Paks,PAK,Paks,,47s2kt0e8m444ftqvsrqa3bvq,NB I (Hungary),1,2718,7,NYI vs PAK,false,true,false,true,false,2025-09-20,f2a42rri1kd64so05taim7rpw,1cfck1c4i89gm3xx02d5xsl81,2717,2717,Paks,Nyíregyháza Spartacus,NYI,1,1,Played,T 1-1,2560189,NYI vs PAK (2025-09-20)
71,7gmb3yf0l30i996xp4cqt5u9p,8746,Puskás,Puskás,PUS,Puskás,#FFFF00,47s2kt0e8m444ftqvsrqa3bvq,NB I (Hungary),1,8746,7,PUS vs GYO,true,false,false,false,true,2025-09-20,f3mavqhxpxm358q2r41e0ox78,3jvgab7r5m1rqtyxvxrgyuwhd,2713,2713,Puskás,Gyori ETO,GYO,0,2,Played,L 0-2,2560193,PUS vs GYO (2025-09-20)
71,1cfck1c4i89gm3xx02d5xsl81,2717,Nyíregyháza Spartacus,Nyíregyháza Spartacus,NYI,Nyíregyháza,,47s2kt0e8m444ftqvsrqa3bvq,NB I (Hungary),1,2717,7,NYI vs PAK,true,false,false,true,false,2025-09-20,f2a42rri1kd64so05taim7rpw,e86hbyj6fwyumuwoiaglh33r5,2718,2718,Nyíregyháza Spartacus,Paks,PAK,1,1,Played,T 1-1,2560189,NYI vs PAK (2025-09-20)
71,3jvgab7r5m1rqtyxvxrgyuwhd,2713,Gyori ETO,Gyori ETO,GYO,Gyor,,47s2kt0e8m444ftqvsrqa3bvq,NB I (Hungary),1,2713,7,PUS vs GYO,false,true,true,false,false,2025-09-20,f3mavqhxpxm358q2r41e0ox78,7gmb3yf0l30i996xp4cqt5u9p,8746,8746,Gyori ETO,Puskás,PUS,2,0,Played,W 2-0,2560193,PUS vs GYO (2025-09-20)
71,93jgs8iidqpjpynqao1w1yxrv,6542,Kazincbarcika,Kazincbarcika,KAZ,Kazincbarcika,,47s2kt0e8m444ftqvsrqa3bvq,NB I (Hungary),1,6542,7,KAZ vs UJP,true,false,true,false,false,2025-09-20,f2m456fpocrtzqwjumge27384,4yxspqt9kfih6zcwwslxq8r6f,1464,1464,Kazincbarcika,Újpest,UJP,2,0,Played,W 2-0,2560190,KAZ vs UJP (2025-09-20)
77,b7jek1bop3eoughds0xi22tte,225,Debrecen,Debrecen,DEB,Debrecen,#ff0000,47s2kt0e8m444ftqvsrqa3bvq,NB I (Hungary),1,225,7,KIS vs DEB,false,true,true,false,false,2025-09-21,f3y9dm9m7szrmwm0m709uadqs,8raew9whdfuuvsedk0pyiwc5d,9428,9428,Debrecen,Kisvárda,KIS,1,0,Played,W 1-0,2560194,KIS vs DEB (2025-09-21)
77,ad5l7of8nxlt7c7uyf5pjiy14,2411,MTK,MTK,MTK,MTK,#ADD8E6,47s2kt0e8m444ftqvsrqa3bvq,NB I (Hungary),1,2411,7,MTK vs ZTE,true,false,true,false,false,2025-09-21,f2y6afjch45fhbeedktkf8104,d8l653wnkhfqhpwsw3ia7mybn,2132,2132,MTK,Zalaegerszeg,ZTE,1,0,Played,W 1-0,2560191,MTK vs ZTE (2025-09-21)
77,d8l653wnkhfqhpwsw3ia7mybn,2132,Zalaegerszeg,Zalaegerszeg,ZTE,ZTE,,47s2kt0e8m444ftqvsrqa3bvq,NB I (Hungary),1,2132,7,MTK vs ZTE,false,true,false,false,true,2025-09-21,f2y6afjch45fhbeedktkf8104,ad5l7of8nxlt7c7uyf5pjiy14,2411,2411,Zalaegerszeg,MTK,MTK,0,1,Played,L 0-1,2560191,MTK vs ZTE (2025-09-21)
77,8raew9whdfuuvsedk0pyiwc5d,9428,Kisvárda,Kisvárda,KIS,Kisvárda,#000000,47s2kt0e8m444ftqvsrqa3bvq,NB I (Hungary),1,9428,7,KIS vs DEB,true,false,false,false,true,2025-09-21,f3y9dm9m7szrmwm0m709uadqs,b7jek1bop3eoughds0xi22tte,225,225,Kisvárda,Debrecen,DEB,0,1,Played,L 0-1,2560194,KIS vs DEB (2025-09-21)
81,4yxspqt9kfih6zcwwslxq8r6f,1464,Újpest,Újpest,UJP,Újpest,#800080,47s2kt0e8m444ftqvsrqa3bvq,NB I (Hungary),1,1464,8,UJP vs NYI,true,false,false,true,false,2025-09-26,f51233l7smalr15ud22qovgno,1cfck1c4i89gm3xx02d5xsl81,2717,2717,Újpest,Nyíregyháza Spartacus,NYI,2,2,Played,T 2-2,2560197,UJP vs NYI (2025-09-26)
81,1cfck1c4i89gm3xx02d5xsl81,2717,Nyíregyháza Spartacus,Nyíregyháza Spartacus,NYI,Nyíregyháza,,47s2kt0e8m444ftqvsrqa3bvq,NB I (Hungary),1,2717,8,UJP vs NYI,false,true,false,true,false,2025-09-26,f51233l7smalr15ud22qovgno,4yxspqt9kfih6zcwwslxq8r6f,1464,1464,Nyíregyháza Spartacus,Újpest,UJP,2,2,Played,T 2-2,2560197,UJP vs NYI (2025-09-26)
83,b7jek1bop3eoughds0xi22tte,225,Debrecen,Debrecen,DEB,Debrecen,#ff0000,47s2kt0e8m444ftqvsrqa3bvq,NB I (Hungary),1,225,8,DVT vs DEB,false,true,false,true,false,2025-09-27,hb0hdp7tf654j3zh89ifd3o,amfs0dhjwsobm10en9twg0q,2271,2271,Debrecen,Diosgyor,DVT,0,0,Played,T 0-0,2560200,DVT vs DEB (2025-09-27)
83,d8l653wnkhfqhpwsw3ia7mybn,2132,Zalaegerszeg,Zalaegerszeg,ZTE,ZTE,,47s2kt0e8m444ftqvsrqa3bvq,NB I (Hungary),1,2132,8,ZTE vs KAZ,true,false,true,false,false,2025-09-27,f4p1ob6rvw6824cg2n2bswnbo,93jgs8iidqpjpynqao1w1yxrv,6542,6542,Zalaegerszeg,Kazincbarcika,KAZ,5,0,Played,W 5-0,2560196,ZTE vs KAZ (2025-09-27)
83,e86hbyj6fwyumuwoiaglh33r5,2718,Paks,Paks,PAK,Paks,,47s2kt0e8m444ftqvsrqa3bvq,NB I (Hungary),1,2718,8,PAK vs PUS,true,false,true,false,false,2025-09-27,f5d6lx3qk5idtv84xxa97ni1g,7gmb3yf0l30i996xp4cqt5u9p,8746,8746,Paks,Puskás,PUS,3,2,Played,W 3-2,2560198,PAK vs PUS (2025-09-27)
83,7gmb3yf0l30i996xp4cqt5u9p,8746,Puskás,Puskás,PUS,Puskás,#FFFF00,47s2kt0e8m444ftqvsrqa3bvq,NB I (Hungary),1,8746,8,PAK vs PUS,false,true,false,false,true,2025-09-27,f5d6lx3qk5idtv84xxa97ni1g,e86hbyj6fwyumuwoiaglh33r5,2718,2718,Puskás,Paks,PAK,2,3,Played,L 2-3,2560198,PAK vs PUS (2025-09-27)
83,amfs0dhjwsobm10en9twg0q,2271,Diosgyor,Diosgyor,DVT,DVTK,#808080,47s2kt0e8m444ftqvsrqa3bvq,NB I (Hungary),1,2271,8,DVT vs DEB,true,false,false,true,false,2025-09-27,hb0hdp7tf654j3zh89ifd3o,b7jek1bop3eoughds0xi22tte,225,225,Diosgyor,Debrecen,DEB,0,0,Played,T 0-0,2560200,DVT vs DEB (2025-09-27)
83,93jgs8iidqpjpynqao1w1yxrv,6542,Kazincbarcika,Kazincbarcika,KAZ,Kazincbarcika,,47s2kt0e8m444ftqvsrqa3bvq,NB I (Hungary),1,6542,8,ZTE vs KAZ,false,true,false,false,true,2025-09-27,f4p1ob6rvw6824cg2n2bswnbo,d8l653wnkhfqhpwsw3ia7mybn,2132,2132,Kazincbarcika,Zalaegerszeg,ZTE,0,5,Played,L 0-5,2560196,ZTE vs KAZ (2025-09-27)
89,b3o0wckz4w3fusytybpgxftgm,227,Ferencváros,Ferencváros,FTC,Ferencváros,#023020,47s2kt0e8m444ftqvsrqa3bvq,NB I (Hungary),1,227,8,GYO vs FTC,false,true,true,false,false,2025-09-28,59vzdshfdy0446k8471r9jo,3jvgab7r5m1rqtyxvxrgyuwhd,2713,2713,Ferencváros,Gyori ETO,GYO,2,0,Played,W 2-0,2560199,GYO vs FTC (2025-09-28)
89,ad5l7of8nxlt7c7uyf5pjiy14,2411,MTK,MTK,MTK,MTK,#ADD8E6,47s2kt0e8m444ftqvsrqa3bvq,NB I (Hungary),1,2411,8,MTK vs KIS,true,false,true,false,false,2025-09-28,f4c209qj78qsu1b2t1t67vk0k,8raew9whdfuuvsedk0pyiwc5d,9428,9428,MTK,Kisvárda,KIS,4,0,Played,W 4-0,2560195,MTK vs KIS (2025-09-28)
89,8raew9whdfuuvsedk0pyiwc5d,9428,Kisvárda,Kisvárda,KIS,Kisvárda,#000000,47s2kt0e8m444ftqvsrqa3bvq,NB I (Hungary),1,9428,8,MTK vs KIS,false,true,false,false,true,2025-09-28,f4c209qj78qsu1b2t1t67vk0k,ad5l7of8nxlt7c7uyf5pjiy14,2411,2411,Kisvárda,MTK,MTK,0,4,Played,L 0-4,2560195,MTK vs KIS (2025-09-28)
89,3jvgab7r5m1rqtyxvxrgyuwhd,2713,Gyori ETO,Gyori ETO,GYO,Gyor,,47s2kt0e8m444ftqvsrqa3bvq,NB I (Hungary),1,2713,8,GYO vs FTC,true,false,false,false,true,2025-09-28,59vzdshfdy0446k8471r9jo,b3o0wckz4w3fusytybpgxftgm,227,227,Gyori ETO,Ferencváros,FTC,0,2,Played,L 0-2,2560199,GYO vs FTC (2025-09-28)
93,ad5l7of8nxlt7c7uyf5pjiy14,2411,MTK,MTK,MTK,MTK,#ADD8E6,47s2kt0e8m444ftqvsrqa3bvq,NB I (Hungary),1,2411,9,KAZ vs MTK,false,true,false,false,true,2025-10-03,15s0if0vtwqotgt75wu0k3dg,93jgs8iidqpjpynqao1w1yxrv,6542,6542,MTK,Kazincbarcika,KAZ,1,3,Played,L 1-3,2560202,KAZ vs MTK (2025-10-03)
93,93jgs8iidqpjpynqao1w1yxrv,6542,Kazincbarcika,Kazincbarcika,KAZ,Kazincbarcika,,47s2kt0e8m444ftqvsrqa3bvq,NB I (Hungary),1,6542,9,KAZ vs MTK,true,false,true,false,false,2025-10-03,15s0if0vtwqotgt75wu0k3dg,ad5l7of8nxlt7c7uyf5pjiy14,2411,2411,Kazincbarcika,MTK,MTK,3,1,Played,W 3-1,2560202,KAZ vs MTK (2025-10-03)
95,4yxspqt9kfih6zcwwslxq8r6f,1464,Újpest,Újpest,UJP,Újpest,#800080,47s2kt0e8m444ftqvsrqa3bvq,NB I (Hungary),1,1464,9,PUS vs UJP,false,true,false,true,false,2025-10-04,26l87vmiq0bqkk0erhzeav4k,7gmb3yf0l30i996xp4cqt5u9p,8746,8746,Újpest,Puskás,PUS,0,0,Played,T 0-0,2560205,PUS vs UJP (2025-10-04)
95,b7jek1bop3eoughds0xi22tte,225,Debrecen,Debrecen,DEB,Debrecen,#ff0000,47s2kt0e8m444ftqvsrqa3bvq,NB I (Hungary),1,225,9,DEB vs GYO,true,false,false,true,false,2025-10-04,1hznrjr58grp41mkmquqfk7o,3jvgab7r5m1rqtyxvxrgyuwhd,2713,2713,Debrecen,Gyori ETO,GYO,1,1,Played,T 1-1,2560203,DEB vs GYO (2025-10-04)
95,d8l653wnkhfqhpwsw3ia7mybn,2132,Zalaegerszeg,Zalaegerszeg,ZTE,ZTE,,47s2kt0e8m444ftqvsrqa3bvq,NB I (Hungary),1,2132,9,NYI vs ZTE,false,true,false,false,true,2025-10-04,tkqit1dkx1lryqkqm6cst1w,1cfck1c4i89gm3xx02d5xsl81,2717,2717,Zalaegerszeg,Nyíregyháza Spartacus,NYI,1,3,Played,L 1-3,2560201,NYI vs ZTE (2025-10-04)
95,7gmb3yf0l30i996xp4cqt5u9p,8746,Puskás,Puskás,PUS,Puskás,#FFFF00,47s2kt0e8m444ftqvsrqa3bvq,NB I (Hungary),1,8746,9,PUS vs UJP,true,false,false,true,false,2025-10-04,26l87vmiq0bqkk0erhzeav4k,4yxspqt9kfih6zcwwslxq8r6f,1464,1464,Puskás,Újpest,UJP,0,0,Played,T 0-0,2560205,PUS vs UJP (2025-10-04)
95,1cfck1c4i89gm3xx02d5xsl81,2717,Nyíregyháza Spartacus,Nyíregyháza Spartacus,NYI,Nyíregyháza,,47s2kt0e8m444ftqvsrqa3bvq,NB I (Hungary),1,2717,9,NYI vs ZTE,true,false,true,false,false,2025-10-04,tkqit1dkx1lryqkqm6cst1w,d8l653wnkhfqhpwsw3ia7mybn,2132,2132,Nyíregyháza Spartacus,Zalaegerszeg,ZTE,3,1,Played,W 3-1,2560201,NYI vs ZTE (2025-10-04)
95,3jvgab7r5m1rqtyxvxrgyuwhd,2713,Gyori ETO,Gyori ETO,GYO,Gyor,,47s2kt0e8m444ftqvsrqa3bvq,NB I (Hungary),1,2713,9,DEB vs GYO,false,true,false,true,false,2025-10-04,1hznrjr58grp41mkmquqfk7o,b7jek1bop3eoughds0xi22tte,225,225,Gyori ETO,Debrecen,DEB,1,1,Played,T 1-1,2560203,DEB vs GYO (2025-10-04)
101,b3o0wckz4w3fusytybpgxftgm,227,Ferencváros,Ferencváros,FTC,Ferencváros,#023020,47s2kt0e8m444ftqvsrqa3bvq,NB I (Hungary),1,227,9,FTC vs PAK,true,false,false,true,false,2025-10-05,1ua15v312h37aljy6f09ug44,e86hbyj6fwyumuwoiaglh33r5,2718,2718,Ferencváros,Paks,PAK,2,2,Played,T 2-2,2560204,FTC vs PAK (2025-10-05)
101,8raew9whdfuuvsedk0pyiwc5d,9428,Kisvárda,Kisvárda,KIS,Kisvárda,#000000,47s2kt0e8m444ftqvsrqa3bvq,NB I (Hungary),1,9428,9,KIS vs DVT,true,false,true,false,false,2025-10-05,2iucvguchssg6ru6u98jszkk,amfs0dhjwsobm10en9twg0q,2271,2271,Kisvárda,Diosgyor,DVT,1,0,Played,W 1-0,2560206,KIS vs DVT (2025-10-05)
101,e86hbyj6fwyumuwoiaglh33r5,2718,Paks,Paks,PAK,Paks,,47s2kt0e8m444ftqvsrqa3bvq,NB I (Hungary),1,2718,9,FTC vs PAK,false,true,false,true,false,2025-10-05,1ua15v312h37aljy6f09ug44,b3o0wckz4w3fusytybpgxftgm,227,227,Paks,Ferencváros,FTC,2,2,Played,T 2-2,2560204,FTC vs PAK (2025-10-05)
101,amfs0dhjwsobm10en9twg0q,2271,Diosgyor,Diosgyor,DVT,DVTK,#808080,47s2kt0e8m444ftqvsrqa3bvq,NB I (Hungary),1,2271,9,KIS vs DVT,false,true,false,false,true,2025-10-05,2iucvguchssg6ru6u98jszkk,8raew9whdfuuvsedk0pyiwc5d,9428,9428,Diosgyor,Kisvárda,KIS,0,1,Played,L 0-1,2560206,KIS vs DVT (2025-10-05)
105,b7jek1bop3eoughds0xi22tte,225,Debrecen,Debrecen,DEB,Debrecen,#ff0000,47s2kt0e8m444ftqvsrqa3bvq,NB I (Hungary),1,225,10,PAK vs DEB,false,true,false,true,false,2025-10-18,48qghdae0smi4kp132l71gr8,e86hbyj6fwyumuwoiaglh33r5,2718,2718,Debrecen,Paks,PAK,1,1,Played,T 1-1,2560211,PAK vs DEB (2025-10-18)
105,ad5l7of8nxlt7c7uyf5pjiy14,2411,MTK,MTK,MTK,MTK,#ADD8E6,47s2kt0e8m444ftqvsrqa3bvq,NB I (Hungary),1,2411,10,MTK vs NYI,true,false,true,false,false,2025-10-18,37lizwj7lsj9xs37fqcgaqs4,1cfck1c4i89gm3xx02d5xsl81,2717,2717,MTK,Nyíregyháza Spartacus,NYI,5,1,Played,W 5-1,2560208,MTK vs NYI (2025-10-18)
105,e86hbyj6fwyumuwoiaglh33r5,2718,Paks,Paks,PAK,Paks,,47s2kt0e8m444ftqvsrqa3bvq,NB I (Hungary),1,2718,10,PAK vs DEB,true,false,false,true,false,2025-10-18,48qghdae0smi4kp132l71gr8,b7jek1bop3eoughds0xi22tte,225,225,Paks,Debrecen,DEB,1,1,Played,T 1-1,2560211,PAK vs DEB (2025-10-18)
105,amfs0dhjwsobm10en9twg0q,2271,Diosgyor,Diosgyor,DVT,DVTK,#808080,47s2kt0e8m444ftqvsrqa3bvq,NB I (Hungary),1,2271,10,GYO vs DVT,false,true,false,false,true,2025-10-18,4mvmzh9e36p4m749hla2hmhg,3jvgab7r5m1rqtyxvxrgyuwhd,2713,2713,Diosgyor,Gyori ETO,GYO,1,3,Played,L 1-3,2560212,GYO vs DVT (2025-10-18)
105,1cfck1c4i89gm3xx02d5xsl81,2717,Nyíregyháza Spartacus,Nyíregyháza Spartacus,NYI,Nyíregyháza,,47s2kt0e8m444ftqvsrqa3bvq,NB I (Hungary),1,2717,10,MTK vs NYI,false,true,false,false,true,2025-10-18,37lizwj7lsj9xs37fqcgaqs4,ad5l7of8nxlt7c7uyf5pjiy14,2411,2411,Nyíregyháza Spartacus,MTK,MTK,1,5,Played,L 1-5,2560208,MTK vs NYI (2025-10-18)
105,3jvgab7r5m1rqtyxvxrgyuwhd,2713,Gyori ETO,Gyori ETO,GYO,Gyor,,47s2kt0e8m444ftqvsrqa3bvq,NB I (Hungary),1,2713,10,GYO vs DVT,true,false,true,false,false,2025-10-18,4mvmzh9e36p4m749hla2hmhg,amfs0dhjwsobm10en9twg0q,2271,2271,Gyori ETO,Diosgyor,DVT,3,1,Played,W 3-1,2560212,GYO vs DVT (2025-10-18)
111,4yxspqt9kfih6zcwwslxq8r6f,1464,Újpest,Újpest,UJP,Újpest,#800080,47s2kt0e8m444ftqvsrqa3bvq,NB I (Hungary),1,1464,10,UJP vs FTC,true,false,false,true,false,2025-10-19,3wiqvqrjzfwlw23gwhhvk4d0,b3o0wckz4w3fusytybpgxftgm,227,227,Újpest,Ferencváros,FTC,1,1,Played,T 1-1,2560210,UJP vs FTC (2025-10-19)
111,b3o0wckz4w3fusytybpgxftgm,227,Ferencváros,Ferencváros,FTC,Ferencváros,#023020,47s2kt0e8m444ftqvsrqa3bvq,NB I (Hungary),1,227,10,UJP vs FTC,false,true,false,true,false,2025-10-19,3wiqvqrjzfwlw23gwhhvk4d0,4yxspqt9kfih6zcwwslxq8r6f,1464,1464,Ferencváros,Újpest,UJP,1,1,Played,T 1-1,2560210,UJP vs FTC (2025-10-19)
111,d8l653wnkhfqhpwsw3ia7mybn,2132,Zalaegerszeg,Zalaegerszeg,ZTE,ZTE,,47s2kt0e8m444ftqvsrqa3bvq,NB I (Hungary),1,2132,10,ZTE vs PUS,true,false,false,false,true,2025-10-19,3k1cvev7204bxklrv5okjbpw,7gmb3yf0l30i996xp4cqt5u9p,8746,8746,Zalaegerszeg,Puskás,PUS,0,1,Played,L 0-1,2560209,ZTE vs PUS (2025-10-19)
111,8raew9whdfuuvsedk0pyiwc5d,9428,Kisvárda,Kisvárda,KIS,Kisvárda,#000000,47s2kt0e8m444ftqvsrqa3bvq,NB I (Hungary),1,9428,10,KAZ vs KIS,false,true,true,false,false,2025-10-19,2v6nuya7pwbnmdumrg59v4lw,93jgs8iidqpjpynqao1w1yxrv,6542,6542,Kisvárda,Kazincbarcika,KAZ,1,0,Played,W 1-0,2560207,KAZ vs KIS (2025-10-19)
111,7gmb3yf0l30i996xp4cqt5u9p,8746,Puskás,Puskás,PUS,Puskás,#FFFF00,47s2kt0e8m444ftqvsrqa3bvq,NB I (Hungary),1,8746,10,ZTE vs PUS,false,true,true,false,false,2025-10-19,3k1cvev7204bxklrv5okjbpw,d8l653wnkhfqhpwsw3ia7mybn,2132,2132,Puskás,Zalaegerszeg,ZTE,1,0,Played,W 1-0,2560209,ZTE vs PUS (2025-10-19)
111,93jgs8iidqpjpynqao1w1yxrv,6542,Kazincbarcika,Kazincbarcika,KAZ,Kazincbarcika,,47s2kt0e8m444ftqvsrqa3bvq,NB I (Hungary),1,6542,10,KAZ vs KIS,true,false,false,false,true,2025-10-19,2v6nuya7pwbnmdumrg59v4lw,8raew9whdfuuvsedk0pyiwc5d,9428,9428,Kazincbarcika,Kisvárda,KIS,0,1,Played,L 0-1,2560207,KAZ vs KIS (2025-10-19)
117,ad5l7of8nxlt7c7uyf5pjiy14,2411,MTK,MTK,MTK,MTK,#ADD8E6,47s2kt0e8m444ftqvsrqa3bvq,NB I (Hungary),1,2411,11,PUS vs MTK,false,true,false,true,false,2025-10-25,6cxbthff5ek5vz64k910989g,7gmb3yf0l30i996xp4cqt5u9p,8746,8746,MTK,Puskás,PUS,1,1,Played,T 1-1,2560217,PUS vs MTK (2025-10-25)
117,e86hbyj6fwyumuwoiaglh33r5,2718,Paks,Paks,PAK,Paks,,47s2kt0e8m444ftqvsrqa3bvq,NB I (Hungary),1,2718,11,DVT vs PAK,false,true,false,false,true,2025-10-25,5bsvse3dgaxnm7pnefas7h1w,amfs0dhjwsobm10en9twg0q,2271,2271,Paks,Diosgyor,DVT,1,2,Played,L 1-2,2560214,DVT vs PAK (2025-10-25)
117,7gmb3yf0l30i996xp4cqt5u9p,8746,Puskás,Puskás,PUS,Puskás,#FFFF00,47s2kt0e8m444ftqvsrqa3bvq,NB I (Hungary),1,8746,11,PUS vs MTK,true,false,false,true,false,2025-10-25,6cxbthff5ek5vz64k910989g,ad5l7of8nxlt7c7uyf5pjiy14,2411,2411,Puskás,MTK,MTK,1,1,Played,T 1-1,2560217,PUS vs MTK (2025-10-25)
117,amfs0dhjwsobm10en9twg0q,2271,Diosgyor,Diosgyor,DVT,DVTK,#808080,47s2kt0e8m444ftqvsrqa3bvq,NB I (Hungary),1,2271,11,DVT vs PAK,true,false,true,false,false,2025-10-25,5bsvse3dgaxnm7pnefas7h1w,e86hbyj6fwyumuwoiaglh33r5,2718,2718,Diosgyor,Paks,PAK,2,1,Played,W 2-1,2560214,DVT vs PAK (2025-10-25)
117,1cfck1c4i89gm3xx02d5xsl81,2717,Nyíregyháza Spartacus,Nyíregyháza Spartacus,NYI,Nyíregyháza,,47s2kt0e8m444ftqvsrqa3bvq,NB I (Hungary),1,2717,11,NYI vs KAZ,true,false,false,false,true,2025-10-25,4zfs7tr8dts2ezfgllb0zcic,93jgs8iidqpjpynqao1w1yxrv,6542,6542,Nyíregyháza Spartacus,Kazincbarcika,KAZ,0,1,Played,L 0-1,2560213,NYI vs KAZ (2025-10-25)
117,93jgs8iidqpjpynqao1w1yxrv,6542,Kazincbarcika,Kazincbarcika,KAZ,Kazincbarcika,,47s2kt0e8m444ftqvsrqa3bvq,NB I (Hungary),1,6542,11,NYI vs KAZ,false,true,true,false,false,2025-10-25,4zfs7tr8dts2ezfgllb0zcic,1cfck1c4i89gm3xx02d5xsl81,2717,2717,Kazincbarcika,Nyíregyháza Spartacus,NYI,1,0,Played,W 1-0,2560213,NYI vs KAZ (2025-10-25)
123,4yxspqt9kfih6zcwwslxq8r6f,1464,Újpest,Újpest,UJP,Újpest,#800080,47s2kt0e8m444ftqvsrqa3bvq,NB I (Hungary),1,1464,11,DEB vs UJP,false,true,false,false,true,2025-10-26,5oa9vx7msscoysxryq8a1qfo,b7jek1bop3eoughds0xi22tte,225,225,Újpest,Debrecen,DEB,2,5,Played,L 2-5,2560215,DEB vs UJP (2025-10-26)
123,b3o0wckz4w3fusytybpgxftgm,227,Ferencváros,Ferencváros,FTC,Ferencváros,#023020,47s2kt0e8m444ftqvsrqa3bvq,NB I (Hungary),1,227,11,FTC vs ZTE,true,false,false,false,true,2025-10-26,60hgag0hiy7r7gec4oiysljo,d8l653wnkhfqhpwsw3ia7mybn,2132,2132,Ferencváros,Zalaegerszeg,ZTE,1,2,Played,L 1-2,2560216,FTC vs ZTE (2025-10-26)
123,b7jek1bop3eoughds0xi22tte,225,Debrecen,Debrecen,DEB,Debrecen,#ff0000,47s2kt0e8m444ftqvsrqa3bvq,NB I (Hungary),1,225,11,DEB vs UJP,true,false,true,false,false,2025-10-26,5oa9vx7msscoysxryq8a1qfo,4yxspqt9kfih6zcwwslxq8r6f,1464,1464,Debrecen,Újpest,UJP,5,2,Played,W 5-2,2560215,DEB vs UJP (2025-10-26)
123,d8l653wnkhfqhpwsw3ia7mybn,2132,Zalaegerszeg,Zalaegerszeg,ZTE,ZTE,,47s2kt0e8m444ftqvsrqa3bvq,NB I (Hungary),1,2132,11,FTC vs ZTE,false,true,true,false,false,2025-10-26,60hgag0hiy7r7gec4oiysljo,b3o0wckz4w3fusytybpgxftgm,227,227,Zalaegerszeg,Ferencváros,FTC,2,1,Played,W 2-1,2560216,FTC vs ZTE (2025-10-26)
123,8raew9whdfuuvsedk0pyiwc5d,9428,Kisvárda,Kisvárda,KIS,Kisvárda,#000000,47s2kt0e8m444ftqvsrqa3bvq,NB I (Hungary),1,9428,11,KIS vs GYO,true,false,true,false,false,2025-10-26,6peih0u58hpcu0io6vjpkaac,3jvgab7r5m1rqtyxvxrgyuwhd,2713,2713,Kisvárda,Gyori ETO,GYO,3,2,Played,W 3-2,2560218,KIS vs GYO (2025-10-26)
123,3jvgab7r5m1rqtyxvxrgyuwhd,2713,Gyori ETO,Gyori ETO,GYO,Gyor,,47s2kt0e8m444ftqvsrqa3bvq,NB I (Hungary),1,2713,11,KIS vs GYO,false,true,false,false,true,2025-10-26,6peih0u58hpcu0io6vjpkaac,8raew9whdfuuvsedk0pyiwc5d,9428,9428,Gyori ETO,Kisvárda,KIS,2,3,Played,L 2-3,2560218,KIS vs GYO (2025-10-26)
129,8raew9whdfuuvsedk0pyiwc5d,9428,Kisvárda,Kisvárda,KIS,Kisvárda,#000000,47s2kt0e8m444ftqvsrqa3bvq,NB I (Hungary),1,9428,12,KIS vs NYI,true,false,false,true,false,2025-10-31,720p1e0uebyzlandhhwd6pzo,1cfck1c4i89gm3xx02d5xsl81,2717,2717,Kisvárda,Nyíregyháza Spartacus,NYI,0,0,Played,T 0-0,2560219,KIS vs NYI (2025-10-31)
129,1cfck1c4i89gm3xx02d5xsl81,2717,Nyíregyháza Spartacus,Nyíregyháza Spartacus,NYI,Nyíregyháza,,47s2kt0e8m444ftqvsrqa3bvq,NB I (Hungary),1,2717,12,KIS vs NYI,false,true,false,true,false,2025-10-31,720p1e0uebyzlandhhwd6pzo,8raew9whdfuuvsedk0pyiwc5d,9428,9428,Nyíregyháza Spartacus,Kisvárda,KIS,0,0,Played,T 0-0,2560219,KIS vs NYI (2025-10-31)
131,b3o0wckz4w3fusytybpgxftgm,227,Ferencváros,Ferencváros,FTC,Ferencváros,#023020,47s2kt0e8m444ftqvsrqa3bvq,NB I (Hungary),1,227,12,FTC vs MTK,true,false,true,false,false,2025-11-01,7qob0zqzfktbao4872y81ixg,ad5l7of8nxlt7c7uyf5pjiy14,2411,2411,Ferencváros,MTK,MTK,4,1,Played,W 4-1,2560221,FTC vs MTK (2025-11-01)
131,ad5l7of8nxlt7c7uyf5pjiy14,2411,MTK,MTK,MTK,MTK,#ADD8E6,47s2kt0e8m444ftqvsrqa3bvq,NB I (Hungary),1,2411,12,FTC vs MTK,false,true,false,false,true,2025-11-01,7qob0zqzfktbao4872y81ixg,b3o0wckz4w3fusytybpgxftgm,227,227,MTK,Ferencváros,FTC,1,4,Played,L 1-4,2560221,FTC vs MTK (2025-11-01)
131,e86hbyj6fwyumuwoiaglh33r5,2718,Paks,Paks,PAK,Paks,,47s2kt0e8m444ftqvsrqa3bvq,NB I (Hungary),1,2718,12,GYO vs PAK,false,true,false,true,false,2025-11-01,8s092zay7seovm58hmgs0ems,3jvgab7r5m1rqtyxvxrgyuwhd,2713,2713,Paks,Gyori ETO,GYO,0,0,Played,T 0-0,2560224,GYO vs PAK (2025-11-01)
131,7gmb3yf0l30i996xp4cqt5u9p,8746,Puskás,Puskás,PUS,Puskás,#FFFF00,47s2kt0e8m444ftqvsrqa3bvq,NB I (Hungary),1,8746,12,KAZ vs PUS,false,true,true,false,false,2025-11-01,usaud791aoni7y6e8e7g3axg,93jgs8iidqpjpynqao1w1yxrv,6542,6542,Puskás,Kazincbarcika,KAZ,3,1,Played,W 3-1,2560286,KAZ vs PUS (2025-11-01)
131,3jvgab7r5m1rqtyxvxrgyuwhd,2713,Gyori ETO,Gyori ETO,GYO,Gyor,,47s2kt0e8m444ftqvsrqa3bvq,NB I (Hungary),1,2713,12,GYO vs PAK,true,false,false,true,false,2025-11-01,8s092zay7seovm58hmgs0ems,e86hbyj6fwyumuwoiaglh33r5,2718,2718,Gyori ETO,Paks,PAK,0,0,Played,T 0-0,2560224,GYO vs PAK (2025-11-01)
131,93jgs8iidqpjpynqao1w1yxrv,6542,Kazincbarcika,Kazincbarcika,KAZ,Kazincbarcika,,47s2kt0e8m444ftqvsrqa3bvq,NB I (Hungary),1,6542,12,KAZ vs PUS,true,false,false,false,true,2025-11-01,usaud791aoni7y6e8e7g3axg,7gmb3yf0l30i996xp4cqt5u9p,8746,8746,Kazincbarcika,Puskás,PUS,1,3,Played,L 1-3,2560286,KAZ vs PUS (2025-11-01)
137,4yxspqt9kfih6zcwwslxq8r6f,1464,Újpest,Újpest,UJP,Újpest,#800080,47s2kt0e8m444ftqvsrqa3bvq,NB I (Hungary),1,1464,12,DVT vs UJP,false,true,true,false,false,2025-11-02,8fntnokl20yyhcve1q2v2z9w,amfs0dhjwsobm10en9twg0q,2271,2271,Újpest,Diosgyor,DVT,3,1,Played,W 3-1,2560223,DVT vs UJP (2025-11-02)
137,b7jek1bop3eoughds0xi22tte,225,Debrecen,Debrecen,DEB,Debrecen,#ff0000,47s2kt0e8m444ftqvsrqa3bvq,NB I (Hungary),1,225,12,DEB vs ZTE,true,false,true,false,false,2025-11-02,833755evwyzax7fjo3fhh990,d8l653wnkhfqhpwsw3ia7mybn,2132,2132,Debrecen,Zalaegerszeg,ZTE,2,1,Played,W 2-1,2560222,DEB vs ZTE (2025-11-02)
137,d8l653wnkhfqhpwsw3ia7mybn,2132,Zalaegerszeg,Zalaegerszeg,ZTE,ZTE,,47s2kt0e8m444ftqvsrqa3bvq,NB I (Hungary),1,2132,12,DEB vs ZTE,false,true,false,false,true,2025-11-02,833755evwyzax7fjo3fhh990,b7jek1bop3eoughds0xi22tte,225,225,Zalaegerszeg,Debrecen,DEB,1,2,Played,L 1-2,2560222,DEB vs ZTE (2025-11-02)
137,amfs0dhjwsobm10en9twg0q,2271,Diosgyor,Diosgyor,DVT,DVTK,#808080,47s2kt0e8m444ftqvsrqa3bvq,NB I (Hungary),1,2271,12,DVT vs UJP,true,false,false,false,true,2025-11-02,8fntnokl20yyhcve1q2v2z9w,4yxspqt9kfih6zcwwslxq8r6f,1464,1464,Diosgyor,Újpest,UJP,1,3,Played,L 1-3,2560223,DVT vs UJP (2025-11-02)
141,4yxspqt9kfih6zcwwslxq8r6f,1464,Újpest,Újpest,UJP,Újpest,#800080,47s2kt0e8m444ftqvsrqa3bvq,NB I (Hungary),1,1464,13,UJP vs GYO,true,false,false,false,true,2025-11-08,96373ymf6c65xqrnd5tektuc,3jvgab7r5m1rqtyxvxrgyuwhd,2713,2713,Újpest,Gyori ETO,GYO,0,3,Played,L 0-3,2560225,UJP vs GYO (2025-11-08)
141,d8l653wnkhfqhpwsw3ia7mybn,2132,Zalaegerszeg,Zalaegerszeg,ZTE,ZTE,,47s2kt0e8m444ftqvsrqa3bvq,NB I (Hungary),1,2132,13,ZTE vs DVT,true,false,true,false,false,2025-11-08,9idz06em3c97lqthnwa3gh78,amfs0dhjwsobm10en9twg0q,2271,2271,Zalaegerszeg,Diosgyor,DVT,2,0,Played,W 2-0,2560226,ZTE vs DVT (2025-11-08)
141,8raew9whdfuuvsedk0pyiwc5d,9428,Kisvárda,Kisvárda,KIS,Kisvárda,#000000,47s2kt0e8m444ftqvsrqa3bvq,NB I (Hungary),1,9428,13,PAK vs KIS,false,true,false,false,true,2025-11-08,avi0s5tqnr26t3u1232o3t3o,e86hbyj6fwyumuwoiaglh33r5,2718,2718,Kisvárda,Paks,PAK,3,5,Played,L 3-5,2560230,PAK vs KIS (2025-11-08)
141,e86hbyj6fwyumuwoiaglh33r5,2718,Paks,Paks,PAK,Paks,,47s2kt0e8m444ftqvsrqa3bvq,NB I (Hungary),1,2718,13,PAK vs KIS,true,false,true,false,false,2025-11-08,avi0s5tqnr26t3u1232o3t3o,8raew9whdfuuvsedk0pyiwc5d,9428,9428,Paks,Kisvárda,KIS,5,3,Played,W 5-3,2560230,PAK vs KIS (2025-11-08)
141,amfs0dhjwsobm10en9twg0q,2271,Diosgyor,Diosgyor,DVT,DVTK,#808080,47s2kt0e8m444ftqvsrqa3bvq,NB I (Hungary),1,2271,13,ZTE vs DVT,false,true,false,false,true,2025-11-08,9idz06em3c97lqthnwa3gh78,d8l653wnkhfqhpwsw3ia7mybn,2132,2132,Diosgyor,Zalaegerszeg,ZTE,0,2,Played,L 0-2,2560226,ZTE vs DVT (2025-11-08)
141,3jvgab7r5m1rqtyxvxrgyuwhd,2713,Gyori ETO,Gyori ETO,GYO,Gyor,,47s2kt0e8m444ftqvsrqa3bvq,NB I (Hungary),1,2713,13,UJP vs GYO,false,true,true,false,false,2025-11-08,96373ymf6c65xqrnd5tektuc,4yxspqt9kfih6zcwwslxq8r6f,1464,1464,Gyori ETO,Újpest,UJP,3,0,Played,W 3-0,2560225,UJP vs GYO (2025-11-08)
147,b3o0wckz4w3fusytybpgxftgm,227,Ferencváros,Ferencváros,FTC,Ferencváros,#023020,47s2kt0e8m444ftqvsrqa3bvq,NB I (Hungary),1,227,13,KAZ vs FTC,false,true,true,false,false,2025-11-09,a6wcblebekce3dymddd7cm50,93jgs8iidqpjpynqao1w1yxrv,6542,6542,Ferencváros,Kazincbarcika,KAZ,3,1,Played,W 3-1,2560228,KAZ vs FTC (2025-11-09)
147,b7jek1bop3eoughds0xi22tte,225,Debrecen,Debrecen,DEB,Debrecen,#ff0000,47s2kt0e8m444ftqvsrqa3bvq,NB I (Hungary),1,225,13,MTK vs DEB,false,true,false,false,true,2025-11-09,9ulvwoacbm8j7uiqqlli5vro,ad5l7of8nxlt7c7uyf5pjiy14,2411,2411,Debrecen,MTK,MTK,0,3,Played,L 0-3,2560227,MTK vs DEB (2025-11-09)
147,ad5l7of8nxlt7c7uyf5pjiy14,2411,MTK,MTK,MTK,MTK,#ADD8E6,47s2kt0e8m444ftqvsrqa3bvq,NB I (Hungary),1,2411,13,MTK vs DEB,true,false,true,false,false,2025-11-09,9ulvwoacbm8j7uiqqlli5vro,b7jek1bop3eoughds0xi22tte,225,225,MTK,Debrecen,DEB,3,0,Played,W 3-0,2560227,MTK vs DEB (2025-11-09)
147,7gmb3yf0l30i996xp4cqt5u9p,8746,Puskás,Puskás,PUS,Puskás,#FFFF00,47s2kt0e8m444ftqvsrqa3bvq,NB I (Hungary),1,8746,13,NYI vs PUS,false,true,false,true,false,2025-11-09,aj6wabls8q160jbl93g77zf8,1cfck1c4i89gm3xx02d5xsl81,2717,2717,Puskás,Nyíregyháza Spartacus,NYI,1,1,Played,T 1-1,2560229,NYI vs PUS (2025-11-09)
147,1cfck1c4i89gm3xx02d5xsl81,2717,Nyíregyháza Spartacus,Nyíregyháza Spartacus,NYI,Nyíregyháza,,47s2kt0e8m444ftqvsrqa3bvq,NB I (Hungary),1,2717,13,NYI vs PUS,true,false,false,true,false,2025-11-09,aj6wabls8q160jbl93g77zf8,7gmb3yf0l30i996xp4cqt5u9p,8746,8746,Nyíregyháza Spartacus,Puskás,PUS,1,1,Played,T 1-1,2560229,NYI vs PUS (2025-11-09)
147,93jgs8iidqpjpynqao1w1yxrv,6542,Kazincbarcika,Kazincbarcika,KAZ,Kazincbarcika,,47s2kt0e8m444ftqvsrqa3bvq,NB I (Hungary),1,6542,13,KAZ vs FTC,true,false,false,false,true,2025-11-09,a6wcblebekce3dymddd7cm50,b3o0wckz4w3fusytybpgxftgm,227,227,Kazincbarcika,Ferencváros,FTC,1,3,Played,L 1-3,2560228,KAZ vs FTC (2025-11-09)
153,d8l653wnkhfqhpwsw3ia7mybn,2132,Zalaegerszeg,Zalaegerszeg,ZTE,ZTE,,47s2kt0e8m444ftqvsrqa3bvq,NB I (Hungary),1,2132,14,GYO vs ZTE,false,true,true,false,false,2025-11-21,c93qfowe01y3pkk9947isr2s,3jvgab7r5m1rqtyxvxrgyuwhd,2713,2713,Zalaegerszeg,Gyori ETO,GYO,1,0,Played,W 1-0,2560234,GYO vs ZTE (2025-11-21)
153,3jvgab7r5m1rqtyxvxrgyuwhd,2713,Gyori ETO,Gyori ETO,GYO,Gyor,,47s2kt0e8m444ftqvsrqa3bvq,NB I (Hungary),1,2713,14,GYO vs ZTE,true,false,false,false,true,2025-11-21,c93qfowe01y3pkk9947isr2s,d8l653wnkhfqhpwsw3ia7mybn,2132,2132,Gyori ETO,Zalaegerszeg,ZTE,0,1,Played,L 0-1,2560234,GYO vs ZTE (2025-11-21)
155,b3o0wckz4w3fusytybpgxftgm,227,Ferencváros,Ferencváros,FTC,Ferencváros,#023020,47s2kt0e8m444ftqvsrqa3bvq,NB I (Hungary),1,227,14,FTC vs NYI,true,false,false,false,true,2025-11-22,b7t6zg9dwg87x9n5dsxkpd04,1cfck1c4i89gm3xx02d5xsl81,2717,2717,Ferencváros,Nyíregyháza Spartacus,NYI,1,3,Played,L 1-3,2560231,FTC vs NYI (2025-11-22)
155,b7jek1bop3eoughds0xi22tte,225,Debrecen,Debrecen,DEB,Debrecen,#ff0000,47s2kt0e8m444ftqvsrqa3bvq,NB I (Hungary),1,225,14,DEB vs KAZ,true,false,true,false,false,2025-11-22,bk3itv39wgu629y24fpxtlas,93jgs8iidqpjpynqao1w1yxrv,6542,6542,Debrecen,Kazincbarcika,KAZ,2,1,Played,W 2-1,2560232,DEB vs KAZ (2025-11-22)
155,8raew9whdfuuvsedk0pyiwc5d,9428,Kisvárda,Kisvárda,KIS,Kisvárda,#000000,47s2kt0e8m444ftqvsrqa3bvq,NB I (Hungary),1,9428,14,PUS vs KIS,false,true,false,false,true,2025-11-22,cxxhs7ppqznzo5aqrgcfjj10,7gmb3yf0l30i996xp4cqt5u9p,8746,8746,Kisvárda,Puskás,PUS,0,2,Played,L 0-2,2560236,PUS vs KIS (2025-11-22)
155,7gmb3yf0l30i996xp4cqt5u9p,8746,Puskás,Puskás,PUS,Puskás,#FFFF00,47s2kt0e8m444ftqvsrqa3bvq,NB I (Hungary),1,8746,14,PUS vs KIS,true,false,true,false,false,2025-11-22,cxxhs7ppqznzo5aqrgcfjj10,8raew9whdfuuvsedk0pyiwc5d,9428,9428,Puskás,Kisvárda,KIS,2,0,Played,W 2-0,2560236,PUS vs KIS (2025-11-22)
155,1cfck1c4i89gm3xx02d5xsl81,2717,Nyíregyháza Spartacus,Nyíregyháza Spartacus,NYI,Nyíregyháza,,47s2kt0e8m444ftqvsrqa3bvq,NB I (Hungary),1,2717,14,FTC vs NYI,false,true,true,false,false,2025-11-22,b7t6zg9dwg87x9n5dsxkpd04,b3o0wckz4w3fusytybpgxftgm,227,227,Nyíregyháza Spartacus,Ferencváros,FTC,3,1,Played,W 3-1,2560231,FTC vs NYI (2025-11-22)
155,93jgs8iidqpjpynqao1w1yxrv,6542,Kazincbarcika,Kazincbarcika,KAZ,Kazincbarcika,,47s2kt0e8m444ftqvsrqa3bvq,NB I (Hungary),1,6542,14,DEB vs KAZ,false,true,false,false,true,2025-11-22,bk3itv39wgu629y24fpxtlas,b7jek1bop3eoughds0xi22tte,225,225,Kazincbarcika,Debrecen,DEB,1,2,Played,L 1-2,2560232,DEB vs KAZ (2025-11-22)
161,4yxspqt9kfih6zcwwslxq8r6f,1464,Újpest,Újpest,UJP,Újpest,#800080,47s2kt0e8m444ftqvsrqa3bvq,NB I (Hungary),1,1464,14,PAK vs UJP,false,true,true,false,false,2025-11-23,clin44absqg8tfiz2b3bf3f8,e86hbyj6fwyumuwoiaglh33r5,2718,2718,Újpest,Paks,PAK,3,1,Played,W 3-1,2560235,PAK vs UJP (2025-11-23)
161,ad5l7of8nxlt7c7uyf5pjiy14,2411,MTK,MTK,MTK,MTK,#ADD8E6,47s2kt0e8m444ftqvsrqa3bvq,NB I (Hungary),1,2411,14,DVT vs MTK,false,true,false,false,true,2025-11-23,bwe84u5ary6446t2gr4kutqs,amfs0dhjwsobm10en9twg0q,2271,2271,MTK,Diosgyor,DVT,0,4,Played,L 0-4,2560233,DVT vs MTK (2025-11-23)
161,e86hbyj6fwyumuwoiaglh33r5,2718,Paks,Paks,PAK,Paks,,47s2kt0e8m444ftqvsrqa3bvq,NB I (Hungary),1,2718,14,PAK vs UJP,true,false,false,false,true,2025-11-23,clin44absqg8tfiz2b3bf3f8,4yxspqt9kfih6zcwwslxq8r6f,1464,1464,Paks,Újpest,UJP,1,3,Played,L 1-3,2560235,PAK vs UJP (2025-11-23)
161,amfs0dhjwsobm10en9twg0q,2271,Diosgyor,Diosgyor,DVT,DVTK,#808080,47s2kt0e8m444ftqvsrqa3bvq,NB I (Hungary),1,2271,14,DVT vs MTK,true,false,true,false,false,2025-11-23,bwe84u5ary6446t2gr4kutqs,ad5l7of8nxlt7c7uyf5pjiy14,2411,2411,Diosgyor,MTK,MTK,4,0,Played,W 4-0,2560233,DVT vs MTK (2025-11-23)
165,b7jek1bop3eoughds0xi22tte,225,Debrecen,Debrecen,DEB,Debrecen,#ff0000,47s2kt0e8m444ftqvsrqa3bvq,NB I (Hungary),1,225,15,NYI vs DEB,false,true,true,false,false,2025-11-28,eq0akxutqvxujjqii28xva50,1cfck1c4i89gm3xx02d5xsl81,2717,2717,Debrecen,Nyíregyháza Spartacus,NYI,3,0,Played,W 3-0,2560241,NYI vs DEB (2025-11-28)
165,1cfck1c4i89gm3xx02d5xsl81,2717,Nyíregyháza Spartacus,Nyíregyháza Spartacus,NYI,Nyíregyháza,,47s2kt0e8m444ftqvsrqa3bvq,NB I (Hungary),1,2717,15,NYI vs DEB,true,false,false,false,true,2025-11-28,eq0akxutqvxujjqii28xva50,b7jek1bop3eoughds0xi22tte,225,225,Nyíregyháza Spartacus,Debrecen,DEB,0,3,Played,L 0-3,2560241,NYI vs DEB (2025-11-28)
167,ad5l7of8nxlt7c7uyf5pjiy14,2411,MTK,MTK,MTK,MTK,#ADD8E6,47s2kt0e8m444ftqvsrqa3bvq,NB I (Hungary),1,2411,15,GYO vs MTK,false,true,false,false,true,2025-11-29,ewubmmzzkkjuldovknct8rmdw,3jvgab7r5m1rqtyxvxrgyuwhd,2713,2713,MTK,Gyori ETO,GYO,0,3,Played,L 0-3,2560173,GYO vs MTK (2025-11-29)
167,d8l653wnkhfqhpwsw3ia7mybn,2132,Zalaegerszeg,Zalaegerszeg,ZTE,ZTE,,47s2kt0e8m444ftqvsrqa3bvq,NB I (Hungary),1,2132,15,ZTE vs PAK,true,false,true,false,false,2025-11-29,do7xv79j58tpx20dosku4p3o,e86hbyj6fwyumuwoiaglh33r5,2718,2718,Zalaegerszeg,Paks,PAK,1,0,Played,W 1-0,2560238,ZTE vs PAK (2025-11-29)
167,e86hbyj6fwyumuwoiaglh33r5,2718,Paks,Paks,PAK,Paks,,47s2kt0e8m444ftqvsrqa3bvq,NB I (Hungary),1,2718,15,ZTE vs PAK,false,true,false,false,true,2025-11-29,do7xv79j58tpx20dosku4p3o,d8l653wnkhfqhpwsw3ia7mybn,2132,2132,Paks,Zalaegerszeg,ZTE,0,1,Played,L 0-1,2560238,ZTE vs PAK (2025-11-29)
167,amfs0dhjwsobm10en9twg0q,2271,Diosgyor,Diosgyor,DVT,DVTK,#808080,47s2kt0e8m444ftqvsrqa3bvq,NB I (Hungary),1,2271,15,KAZ vs DVT,false,true,false,true,false,2025-11-29,ed65am8ht7yup7cohj96m6tw,93jgs8iidqpjpynqao1w1yxrv,6542,6542,Diosgyor,Kazincbarcika,KAZ,1,1,Played,T 1-1,2560240,KAZ vs DVT (2025-11-29)
167,3jvgab7r5m1rqtyxvxrgyuwhd,2713,Gyori ETO,Gyori ETO,GYO,Gyor,,47s2kt0e8m444ftqvsrqa3bvq,NB I (Hungary),1,2713,15,GYO vs MTK,true,false,true,false,false,2025-11-29,ewubmmzzkkjuldovknct8rmdw,ad5l7of8nxlt7c7uyf5pjiy14,2411,2411,Gyori ETO,MTK,MTK,3,0,Played,W 3-0,2560173,GYO vs MTK (2025-11-29)
167,93jgs8iidqpjpynqao1w1yxrv,6542,Kazincbarcika,Kazincbarcika,KAZ,Kazincbarcika,,47s2kt0e8m444ftqvsrqa3bvq,NB I (Hungary),1,6542,15,KAZ vs DVT,true,false,false,true,false,2025-11-29,ed65am8ht7yup7cohj96m6tw,amfs0dhjwsobm10en9twg0q,2271,2271,Kazincbarcika,Diosgyor,DVT,1,1,Played,T 1-1,2560240,KAZ vs DVT (2025-11-29)
173,4yxspqt9kfih6zcwwslxq8r6f,1464,Újpest,Újpest,UJP,Újpest,#800080,47s2kt0e8m444ftqvsrqa3bvq,NB I (Hungary),1,1464,15,KIS vs UJP,false,true,false,false,true,2025-11-30,da2f12igtypeh6bucy2r4r9w,8raew9whdfuuvsedk0pyiwc5d,9428,9428,Újpest,Kisvárda,KIS,0,3,Played,L 0-3,2560237,KIS vs UJP (2025-11-30)
173,b3o0wckz4w3fusytybpgxftgm,227,Ferencváros,Ferencváros,FTC,Ferencváros,#023020,47s2kt0e8m444ftqvsrqa3bvq,NB I (Hungary),1,227,15,PUS vs FTC,false,true,true,false,false,2025-11-30,f2n29ji5napy5qgqedwpwn4k,7gmb3yf0l30i996xp4cqt5u9p,8746,8746,Ferencváros,Puskás,PUS,2,1,Played,W 2-1,2560242,PUS vs FTC (2025-11-30)
173,8raew9whdfuuvsedk0pyiwc5d,9428,Kisvárda,Kisvárda,KIS,Kisvárda,#000000,47s2kt0e8m444ftqvsrqa3bvq,NB I (Hungary),1,9428,15,KIS vs UJP,true,false,true,false,false,2025-11-30,da2f12igtypeh6bucy2r4r9w,4yxspqt9kfih6zcwwslxq8r6f,1464,1464,Kisvárda,Újpest,UJP,3,0,Played,W 3-0,2560237,KIS vs UJP (2025-11-30)
173,7gmb3yf0l30i996xp4cqt5u9p,8746,Puskás,Puskás,PUS,Puskás,#FFFF00,47s2kt0e8m444ftqvsrqa3bvq,NB I (Hungary),1,8746,15,PUS vs FTC,true,false,false,false,true,2025-11-30,f2n29ji5napy5qgqedwpwn4k,b3o0wckz4w3fusytybpgxftgm,227,227,Puskás,Ferencváros,FTC,1,2,Played,L 1-2,2560242,PUS vs FTC (2025-11-30)
177,3jvgab7r5m1rqtyxvxrgyuwhd,2713,Gyori ETO,Gyori ETO,GYO,Gyor,,47s2kt0e8m444ftqvsrqa3bvq,NB I (Hungary),1,2713,5,KAZ vs GYO,false,true,true,false,false,2025-12-03,eyjfzsp3r6cgrh85795w409w4,93jgs8iidqpjpynqao1w1yxrv,6542,6542,Gyori ETO,Kazincbarcika,KAZ,3,1,Played,W 3-1,2560178,KAZ vs GYO (2025-12-03)
177,93jgs8iidqpjpynqao1w1yxrv,6542,Kazincbarcika,Kazincbarcika,KAZ,Kazincbarcika,,47s2kt0e8m444ftqvsrqa3bvq,NB I (Hungary),1,6542,5,KAZ vs GYO,true,false,false,false,true,2025-12-03,eyjfzsp3r6cgrh85795w409w4,3jvgab7r5m1rqtyxvxrgyuwhd,2713,2713,Kazincbarcika,Gyori ETO,GYO,1,3,Played,L 1-3,2560178,KAZ vs GYO (2025-12-03)
179,b3o0wckz4w3fusytybpgxftgm,227,Ferencváros,Ferencváros,FTC,Ferencváros,#023020,47s2kt0e8m444ftqvsrqa3bvq,NB I (Hungary),1,227,5,KIS vs FTC,false,true,true,false,false,2025-12-04,ezvmxehzu5rdw6aqpgtu77i1g,8raew9whdfuuvsedk0pyiwc5d,9428,9428,Ferencváros,Kisvárda,KIS,1,0,Played,W 1-0,2560182,KIS vs FTC (2025-12-04)
179,8raew9whdfuuvsedk0pyiwc5d,9428,Kisvárda,Kisvárda,KIS,Kisvárda,#000000,47s2kt0e8m444ftqvsrqa3bvq,NB I (Hungary),1,9428,5,KIS vs FTC,true,false,false,false,true,2025-12-04,ezvmxehzu5rdw6aqpgtu77i1g,b3o0wckz4w3fusytybpgxftgm,227,227,Kisvárda,Ferencváros,FTC,0,1,Played,L 0-1,2560182,KIS vs FTC (2025-12-04)
181,b7jek1bop3eoughds0xi22tte,225,Debrecen,Debrecen,DEB,Debrecen,#ff0000,47s2kt0e8m444ftqvsrqa3bvq,NB I (Hungary),1,225,16,DEB vs PUS,true,false,false,false,true,2025-12-06,gsykoy6kn8v3078k2ou0yhp0,7gmb3yf0l30i996xp4cqt5u9p,8746,8746,Debrecen,Puskás,PUS,0,1,Played,L 0-1,2560247,DEB vs PUS (2025-12-06)
181,ad5l7of8nxlt7c7uyf5pjiy14,2411,MTK,MTK,MTK,MTK,#ADD8E6,47s2kt0e8m444ftqvsrqa3bvq,NB I (Hungary),1,2411,16,PAK vs MTK,false,true,false,false,true,2025-12-06,g40z65aak1i8ct7byaty56hg,e86hbyj6fwyumuwoiaglh33r5,2718,2718,MTK,Paks,PAK,1,3,Played,L 1-3,2560245,PAK vs MTK (2025-12-06)
181,e86hbyj6fwyumuwoiaglh33r5,2718,Paks,Paks,PAK,Paks,,47s2kt0e8m444ftqvsrqa3bvq,NB I (Hungary),1,2718,16,PAK vs MTK,true,false,true,false,false,2025-12-06,g40z65aak1i8ct7byaty56hg,ad5l7of8nxlt7c7uyf5pjiy14,2411,2411,Paks,MTK,MTK,3,1,Played,W 3-1,2560245,PAK vs MTK (2025-12-06)
181,7gmb3yf0l30i996xp4cqt5u9p,8746,Puskás,Puskás,PUS,Puskás,#FFFF00,47s2kt0e8m444ftqvsrqa3bvq,NB I (Hungary),1,8746,16,DEB vs PUS,false,true,true,false,false,2025-12-06,gsykoy6kn8v3078k2ou0yhp0,b7jek1bop3eoughds0xi22tte,225,225,Puskás,Debrecen,DEB,1,0,Played,W 1-0,2560247,DEB vs PUS (2025-12-06)
181,amfs0dhjwsobm10en9twg0q,2271,Diosgyor,Diosgyor,DVT,DVTK,#808080,47s2kt0e8m444ftqvsrqa3bvq,NB I (Hungary),1,2271,16,DVT vs NYI,true,false,true,false,false,2025-12-06,ff3drtp2ni18urlid9zqh4b8,1cfck1c4i89gm3xx02d5xsl81,2717,2717,Diosgyor,Nyíregyháza Spartacus,NYI,2,0,Played,W 2-0,2560243,DVT vs NYI (2025-12-06)
181,1cfck1c4i89gm3xx02d5xsl81,2717,Nyíregyháza Spartacus,Nyíregyháza Spartacus,NYI,Nyíregyháza,,47s2kt0e8m444ftqvsrqa3bvq,NB I (Hungary),1,2717,16,DVT vs NYI,false,true,false,false,true,2025-12-06,ff3drtp2ni18urlid9zqh4b8,amfs0dhjwsobm10en9twg0q,2271,2271,Nyíregyháza Spartacus,Diosgyor,DVT,0,2,Played,L 0-2,2560243,DVT vs NYI (2025-12-06)
187,4yxspqt9kfih6zcwwslxq8r6f,1464,Újpest,Újpest,UJP,Újpest,#800080,47s2kt0e8m444ftqvsrqa3bvq,NB I (Hungary),1,1464,16,UJP vs ZTE,true,false,false,false,true,2025-12-07,ggdhrlifyf5rq3nw6zpa9ixg,d8l653wnkhfqhpwsw3ia7mybn,2132,2132,Újpest,Zalaegerszeg,ZTE,0,2,Played,L 0-2,2560246,UJP vs ZTE (2025-12-07)
187,b3o0wckz4w3fusytybpgxftgm,227,Ferencváros,Ferencváros,FTC,Ferencváros,#023020,47s2kt0e8m444ftqvsrqa3bvq,NB I (Hungary),1,227,16,FTC vs KIS,true,false,true,false,false,2025-12-07,h5emn2fx8rutrt7vyoqjihw4,8raew9whdfuuvsedk0pyiwc5d,9428,9428,Ferencváros,Kisvárda,KIS,3,0,Played,W 3-0,2560248,FTC vs KIS (2025-12-07)
187,d8l653wnkhfqhpwsw3ia7mybn,2132,Zalaegerszeg,Zalaegerszeg,ZTE,ZTE,,47s2kt0e8m444ftqvsrqa3bvq,NB I (Hungary),1,2132,16,UJP vs ZTE,false,true,true,false,false,2025-12-07,ggdhrlifyf5rq3nw6zpa9ixg,4yxspqt9kfih6zcwwslxq8r6f,1464,1464,Zalaegerszeg,Újpest,UJP,2,0,Played,W 2-0,2560246,UJP vs ZTE (2025-12-07)
187,8raew9whdfuuvsedk0pyiwc5d,9428,Kisvárda,Kisvárda,KIS,Kisvárda,#000000,47s2kt0e8m444ftqvsrqa3bvq,NB I (Hungary),1,9428,16,FTC vs KIS,false,true,false,false,true,2025-12-07,h5emn2fx8rutrt7vyoqjihw4,b3o0wckz4w3fusytybpgxftgm,227,227,Kisvárda,Ferencváros,FTC,0,3,Played,L 0-3,2560248,FTC vs KIS (2025-12-07)
187,3jvgab7r5m1rqtyxvxrgyuwhd,2713,Gyori ETO,Gyori ETO,GYO,Gyor,,47s2kt0e8m444ftqvsrqa3bvq,NB I (Hungary),1,2713,16,GYO vs KAZ,true,false,true,false,false,2025-12-07,frm0jy44g67wiafm1uetohzo,93jgs8iidqpjpynqao1w1yxrv,6542,6542,Gyori ETO,Kazincbarcika,KAZ,3,1,Played,W 3-1,2560244,GYO vs KAZ (2025-12-07)
187,93jgs8iidqpjpynqao1w1yxrv,6542,Kazincbarcika,Kazincbarcika,KAZ,Kazincbarcika,,47s2kt0e8m444ftqvsrqa3bvq,NB I (Hungary),1,6542,16,GYO vs KAZ,false,true,false,false,true,2025-12-07,frm0jy44g67wiafm1uetohzo,3jvgab7r5m1rqtyxvxrgyuwhd,2713,2713,Kazincbarcika,Gyori ETO,GYO,1,3,Played,L 1-3,2560244,GYO vs KAZ (2025-12-07)
193,4yxspqt9kfih6zcwwslxq8r6f,1464,Újpest,Újpest,UJP,Újpest,#800080,47s2kt0e8m444ftqvsrqa3bvq,NB I (Hungary),1,1464,17,MTK vs UJP,false,true,true,false,false,2025-12-13,hueukf1h8x8p8a2u6vn7fqc4,ad5l7of8nxlt7c7uyf5pjiy14,2411,2411,Újpest,MTK,MTK,4,3,Played,W 4-3,2560250,MTK vs UJP (2025-12-13)
193,ad5l7of8nxlt7c7uyf5pjiy14,2411,MTK,MTK,MTK,MTK,#ADD8E6,47s2kt0e8m444ftqvsrqa3bvq,NB I (Hungary),1,2411,17,MTK vs UJP,true,false,false,false,true,2025-12-13,hueukf1h8x8p8a2u6vn7fqc4,4yxspqt9kfih6zcwwslxq8r6f,1464,1464,MTK,Újpest,UJP,3,4,Played,L 3-4,2560250,MTK vs UJP (2025-12-13)
193,7gmb3yf0l30i996xp4cqt5u9p,8746,Puskás,Puskás,PUS,Puskás,#FFFF00,47s2kt0e8m444ftqvsrqa3bvq,NB I (Hungary),1,8746,17,PUS vs DVT,true,false,true,false,false,2025-12-13,ixdadrn2593sei3bruj3l72s,amfs0dhjwsobm10en9twg0q,2271,2271,Puskás,Diosgyor,DVT,2,1,Played,W 2-1,2560253,PUS vs DVT (2025-12-13)
193,amfs0dhjwsobm10en9twg0q,2271,Diosgyor,Diosgyor,DVT,DVTK,#808080,47s2kt0e8m444ftqvsrqa3bvq,NB I (Hungary),1,2271,17,PUS vs DVT,false,true,false,false,true,2025-12-13,ixdadrn2593sei3bruj3l72s,7gmb3yf0l30i996xp4cqt5u9p,8746,8746,Diosgyor,Puskás,PUS,1,2,Played,L 1-2,2560253,PUS vs DVT (2025-12-13)
193,1cfck1c4i89gm3xx02d5xsl81,2717,Nyíregyháza Spartacus,Nyíregyháza Spartacus,NYI,Nyíregyháza,,47s2kt0e8m444ftqvsrqa3bvq,NB I (Hungary),1,2717,17,NYI vs GYO,true,false,false,false,true,2025-12-13,ikzzf4q4gt20fkz0jx72bjmc,3jvgab7r5m1rqtyxvxrgyuwhd,2713,2713,Nyíregyháza Spartacus,Gyori ETO,GYO,0,1,Played,L 0-1,2560252,NYI vs GYO (2025-12-13)
193,3jvgab7r5m1rqtyxvxrgyuwhd,2713,Gyori ETO,Gyori ETO,GYO,Gyor,,47s2kt0e8m444ftqvsrqa3bvq,NB I (Hungary),1,2713,17,NYI vs GYO,false,true,true,false,false,2025-12-13,ikzzf4q4gt20fkz0jx72bjmc,1cfck1c4i89gm3xx02d5xsl81,2717,2717,Gyori ETO,Nyíregyháza Spartacus,NYI,1,0,Played,W 1-0,2560252,NYI vs GYO (2025-12-13)
199,b3o0wckz4w3fusytybpgxftgm,227,Ferencváros,Ferencváros,FTC,Ferencváros,#023020,47s2kt0e8m444ftqvsrqa3bvq,NB I (Hungary),1,227,17,FTC vs DEB,true,false,false,false,true,2025-12-14,j9pp7avp9i8qxnkn144iy9ec,b7jek1bop3eoughds0xi22tte,225,225,Ferencváros,Debrecen,DEB,0,1,Played,L 0-1,2560254,FTC vs DEB (2025-12-14)
199,b7jek1bop3eoughds0xi22tte,225,Debrecen,Debrecen,DEB,Debrecen,#ff0000,47s2kt0e8m444ftqvsrqa3bvq,NB I (Hungary),1,225,17,FTC vs DEB,false,true,true,false,false,2025-12-14,j9pp7avp9i8qxnkn144iy9ec,b3o0wckz4w3fusytybpgxftgm,227,227,Debrecen,Ferencváros,FTC,1,0,Played,W 1-0,2560254,FTC vs DEB (2025-12-14)
199,d8l653wnkhfqhpwsw3ia7mybn,2132,Zalaegerszeg,Zalaegerszeg,ZTE,ZTE,,47s2kt0e8m444ftqvsrqa3bvq,NB I (Hungary),1,2132,17,KIS vs ZTE,false,true,false,true,false,2025-12-14,hhur0o17xjgp8x9o9chkfvo4,8raew9whdfuuvsedk0pyiwc5d,9428,9428,Zalaegerszeg,Kisvárda,KIS,3,3,Played,T 3-3,2560249,KIS vs ZTE (2025-12-14)
199,8raew9whdfuuvsedk0pyiwc5d,9428,Kisvárda,Kisvárda,KIS,Kisvárda,#000000,47s2kt0e8m444ftqvsrqa3bvq,NB I (Hungary),1,9428,17,KIS vs ZTE,true,false,false,true,false,2025-12-14,hhur0o17xjgp8x9o9chkfvo4,d8l653wnkhfqhpwsw3ia7mybn,2132,2132,Kisvárda,Zalaegerszeg,ZTE,3,3,Played,T 3-3,2560249,KIS vs ZTE (2025-12-14)
199,e86hbyj6fwyumuwoiaglh33r5,2718,Paks,Paks,PAK,Paks,,47s2kt0e8m444ftqvsrqa3bvq,NB I (Hungary),1,2718,17,KAZ vs PAK,false,true,true,false,false,2025-12-14,i8l5y4x4od0s1zvzjwud7wno,93jgs8iidqpjpynqao1w1yxrv,6542,6542,Paks,Kazincbarcika,KAZ,2,0,Played,W 2-0,2560251,KAZ vs PAK (2025-12-14)
199,93jgs8iidqpjpynqao1w1yxrv,6542,Kazincbarcika,Kazincbarcika,KAZ,Kazincbarcika,,47s2kt0e8m444ftqvsrqa3bvq,NB I (Hungary),1,6542,17,KAZ vs PAK,true,false,false,false,true,2025-12-14,i8l5y4x4od0s1zvzjwud7wno,e86hbyj6fwyumuwoiaglh33r5,2718,2718,Kazincbarcika,Paks,PAK,0,2,Played,L 0-2,2560251,KAZ vs PAK (2025-12-14)
205,b3o0wckz4w3fusytybpgxftgm,227,Ferencváros,Ferencváros,FTC,Ferencváros,#023020,47s2kt0e8m444ftqvsrqa3bvq,NB I (Hungary),1,227,18,DVT vs FTC,false,true,true,false,false,2025-12-19,ko2d5j4dungxm7e5y9cigftg,amfs0dhjwsobm10en9twg0q,2271,2271,Ferencváros,Diosgyor,DVT,1,0,Played,W 1-0,2560258,DVT vs FTC (2025-12-19)
205,amfs0dhjwsobm10en9twg0q,2271,Diosgyor,Diosgyor,DVT,DVTK,#808080,47s2kt0e8m444ftqvsrqa3bvq,NB I (Hungary),1,2271,18,DVT vs FTC,true,false,false,false,true,2025-12-19,ko2d5j4dungxm7e5y9cigftg,b3o0wckz4w3fusytybpgxftgm,227,227,Diosgyor,Ferencváros,FTC,0,1,Played,L 0-1,2560258,DVT vs FTC (2025-12-19)
207,ad5l7of8nxlt7c7uyf5pjiy14,2411,MTK,MTK,MTK,MTK,#ADD8E6,47s2kt0e8m444ftqvsrqa3bvq,NB I (Hungary),1,2411,18,ZTE vs MTK,false,true,false,true,false,2025-12-20,kbq3lojz8hgxpc0y4szdlo2c,d8l653wnkhfqhpwsw3ia7mybn,2132,2132,MTK,Zalaegerszeg,ZTE,1,1,Played,T 1-1,2560257,ZTE vs MTK (2025-12-20)
207,d8l653wnkhfqhpwsw3ia7mybn,2132,Zalaegerszeg,Zalaegerszeg,ZTE,ZTE,,47s2kt0e8m444ftqvsrqa3bvq,NB I (Hungary),1,2132,18,ZTE vs MTK,true,false,false,true,false,2025-12-20,kbq3lojz8hgxpc0y4szdlo2c,ad5l7of8nxlt7c7uyf5pjiy14,2411,2411,Zalaegerszeg,MTK,MTK,1,1,Played,T 1-1,2560257,ZTE vs MTK (2025-12-20)
207,e86hbyj6fwyumuwoiaglh33r5,2718,Paks,Paks,PAK,Paks,,47s2kt0e8m444ftqvsrqa3bvq,NB I (Hungary),1,2718,18,PAK vs NYI,true,false,true,false,false,2025-12-20,jm1t4vkso0a9adc74x4w2uc4,1cfck1c4i89gm3xx02d5xsl81,2717,2717,Paks,Nyíregyháza Spartacus,NYI,2,1,Played,W 2-1,2560255,PAK vs NYI (2025-12-20)
207,7gmb3yf0l30i996xp4cqt5u9p,8746,Puskás,Puskás,PUS,Puskás,#FFFF00,47s2kt0e8m444ftqvsrqa3bvq,NB I (Hungary),1,8746,18,GYO vs PUS,false,true,false,false,true,2025-12-20,l0gw2ijbr43ovlwikg7sdlhw,3jvgab7r5m1rqtyxvxrgyuwhd,2713,2713,Puskás,Gyori ETO,GYO,0,2,Played,L 0-2,2560259,GYO vs PUS (2025-12-20)
207,1cfck1c4i89gm3xx02d5xsl81,2717,Nyíregyháza Spartacus,Nyíregyháza Spartacus,NYI,Nyíregyháza,,47s2kt0e8m444ftqvsrqa3bvq,NB I (Hungary),1,2717,18,PAK vs NYI,false,true,false,false,true,2025-12-20,jm1t4vkso0a9adc74x4w2uc4,e86hbyj6fwyumuwoiaglh33r5,2718,2718,Nyíregyháza Spartacus,Paks,PAK,1,2,Played,L 1-2,2560255,PAK vs NYI (2025-12-20)
207,3jvgab7r5m1rqtyxvxrgyuwhd,2713,Gyori ETO,Gyori ETO,GYO,Gyor,,47s2kt0e8m444ftqvsrqa3bvq,NB I (Hungary),1,2713,18,GYO vs PUS,true,false,true,false,false,2025-12-20,l0gw2ijbr43ovlwikg7sdlhw,7gmb3yf0l30i996xp4cqt5u9p,8746,8746,Gyori ETO,Puskás,PUS,2,0,Played,W 2-0,2560259,GYO vs PUS (2025-12-20)
213,4yxspqt9kfih6zcwwslxq8r6f,1464,Újpest,Újpest,UJP,Újpest,#800080,47s2kt0e8m444ftqvsrqa3bvq,NB I (Hungary),1,1464,18,UJP vs KAZ,true,false,true,false,false,2025-12-21,jz9iit2fwef1tsueew1awsgk,93jgs8iidqpjpynqao1w1yxrv,6542,6542,Újpest,Kazincbarcika,KAZ,2,1,Played,W 2-1,2560256,UJP vs KAZ (2025-12-21)
213,b7jek1bop3eoughds0xi22tte,225,Debrecen,Debrecen,DEB,Debrecen,#ff0000,47s2kt0e8m444ftqvsrqa3bvq,NB I (Hungary),1,225,18,DEB vs KIS,true,false,false,false,true,2025-12-21,ld18pknjjj7dbpeblqlv2ql0,8raew9whdfuuvsedk0pyiwc5d,9428,9428,Debrecen,Kisvárda,KIS,0,1,Played,L 0-1,2560260,DEB vs KIS (2025-12-21)
213,8raew9whdfuuvsedk0pyiwc5d,9428,Kisvárda,Kisvárda,KIS,Kisvárda,#000000,47s2kt0e8m444ftqvsrqa3bvq,NB I (Hungary),1,9428,18,DEB vs KIS,false,true,true,false,false,2025-12-21,ld18pknjjj7dbpeblqlv2ql0,b7jek1bop3eoughds0xi22tte,225,225,Kisvárda,Debrecen,DEB,1,0,Played,W 1-0,2560260,DEB vs KIS (2025-12-21)
213,93jgs8iidqpjpynqao1w1yxrv,6542,Kazincbarcika,Kazincbarcika,KAZ,Kazincbarcika,,47s2kt0e8m444ftqvsrqa3bvq,NB I (Hungary),1,6542,18,UJP vs KAZ,false,true,false,false,true,2025-12-21,jz9iit2fwef1tsueew1awsgk,4yxspqt9kfih6zcwwslxq8r6f,1464,1464,Kazincbarcika,Újpest,UJP,1,2,Played,L 1-2,2560256,UJP vs KAZ (2025-12-21)
217,4yxspqt9kfih6zcwwslxq8r6f,1464,Újpest,Újpest,UJP,Újpest,#800080,47s2kt0e8m444ftqvsrqa3bvq,NB I (Hungary),1,1464,19,NYI vs UJP,false,true,false,true,false,2026-01-24,me6cgcuwzbsyp03b5r1jfspg,1cfck1c4i89gm3xx02d5xsl81,2717,2717,Újpest,Nyíregyháza Spartacus,NYI,1,1,Played,T 1-1,2560263,NYI vs UJP (2026-01-24)
217,ad5l7of8nxlt7c7uyf5pjiy14,2411,MTK,MTK,MTK,MTK,#ADD8E6,47s2kt0e8m444ftqvsrqa3bvq,NB I (Hungary),1,2411,19,KIS vs MTK,false,true,true,false,false,2026-01-24,lpiayd6ehyzmfsq9vzcrsbv8,8raew9whdfuuvsedk0pyiwc5d,9428,9428,MTK,Kisvárda,KIS,3,2,Played,W 3-2,2560261,KIS vs MTK (2026-01-24)
217,8raew9whdfuuvsedk0pyiwc5d,9428,Kisvárda,Kisvárda,KIS,Kisvárda,#000000,47s2kt0e8m444ftqvsrqa3bvq,NB I (Hungary),1,9428,19,KIS vs MTK,true,false,false,false,true,2026-01-24,lpiayd6ehyzmfsq9vzcrsbv8,ad5l7of8nxlt7c7uyf5pjiy14,2411,2411,Kisvárda,MTK,MTK,2,3,Played,L 2-3,2560261,KIS vs MTK (2026-01-24)
217,e86hbyj6fwyumuwoiaglh33r5,2718,Paks,Paks,PAK,Paks,,47s2kt0e8m444ftqvsrqa3bvq,NB I (Hungary),1,2718,19,PUS vs PAK,false,true,true,false,false,2026-01-24,mubjoom8vdx9vsvflpv287is,7gmb3yf0l30i996xp4cqt5u9p,8746,8746,Paks,Puskás,PUS,2,1,Played,W 2-1,2560264,PUS vs PAK (2026-01-24)
217,7gmb3yf0l30i996xp4cqt5u9p,8746,Puskás,Puskás,PUS,Puskás,#FFFF00,47s2kt0e8m444ftqvsrqa3bvq,NB I (Hungary),1,8746,19,PUS vs PAK,true,false,false,false,true,2026-01-24,mubjoom8vdx9vsvflpv287is,e86hbyj6fwyumuwoiaglh33r5,2718,2718,Puskás,Paks,PAK,1,2,Played,L 1-2,2560264,PUS vs PAK (2026-01-24)
217,1cfck1c4i89gm3xx02d5xsl81,2717,Nyíregyháza Spartacus,Nyíregyháza Spartacus,NYI,Nyíregyháza,,47s2kt0e8m444ftqvsrqa3bvq,NB I (Hungary),1,2717,19,NYI vs UJP,true,false,false,true,false,2026-01-24,me6cgcuwzbsyp03b5r1jfspg,4yxspqt9kfih6zcwwslxq8r6f,1464,1464,Nyíregyháza Spartacus,Újpest,UJP,1,1,Played,T 1-1,2560263,NYI vs UJP (2026-01-24)
223,b3o0wckz4w3fusytybpgxftgm,227,Ferencváros,Ferencváros,FTC,Ferencváros,#023020,47s2kt0e8m444ftqvsrqa3bvq,NB I (Hungary),1,227,19,FTC vs GYO,true,false,false,false,true,2026-01-25,n6qldep8vmdm26743uyuyexg,3jvgab7r5m1rqtyxvxrgyuwhd,2713,2713,Ferencváros,Gyori ETO,GYO,1,3,Played,L 1-3,2560265,FTC vs GYO (2026-01-25)
223,b7jek1bop3eoughds0xi22tte,225,Debrecen,Debrecen,DEB,Debrecen,#ff0000,47s2kt0e8m444ftqvsrqa3bvq,NB I (Hungary),1,225,19,DEB vs DVT,true,false,true,false,false,2026-01-25,nj8lxtm845x30udpooz5ngus,amfs0dhjwsobm10en9twg0q,2271,2271,Debrecen,Diosgyor,DVT,3,2,Played,W 3-2,2560266,DEB vs DVT (2026-01-25)
223,d8l653wnkhfqhpwsw3ia7mybn,2132,Zalaegerszeg,Zalaegerszeg,ZTE,ZTE,,47s2kt0e8m444ftqvsrqa3bvq,NB I (Hungary),1,2132,19,KAZ vs ZTE,false,true,true,false,false,2026-01-25,m1wf66z4mxr8xduncwbedxqs,93jgs8iidqpjpynqao1w1yxrv,6542,6542,Zalaegerszeg,Kazincbarcika,KAZ,1,0,Played,W 1-0,2560262,KAZ vs ZTE (2026-01-25)
223,amfs0dhjwsobm10en9twg0q,2271,Diosgyor,Diosgyor,DVT,DVTK,#808080,47s2kt0e8m444ftqvsrqa3bvq,NB I (Hungary),1,2271,19,DEB vs DVT,false,true,false,false,true,2026-01-25,nj8lxtm845x30udpooz5ngus,b7jek1bop3eoughds0xi22tte,225,225,Diosgyor,Debrecen,DEB,2,3,Played,L 2-3,2560266,DEB vs DVT (2026-01-25)
223,3jvgab7r5m1rqtyxvxrgyuwhd,2713,Gyori ETO,Gyori ETO,GYO,Gyor,,47s2kt0e8m444ftqvsrqa3bvq,NB I (Hungary),1,2713,19,FTC vs GYO,false,true,true,false,false,2026-01-25,n6qldep8vmdm26743uyuyexg,b3o0wckz4w3fusytybpgxftgm,227,227,Gyori ETO,Ferencváros,FTC,3,1,Played,W 3-1,2560265,FTC vs GYO (2026-01-25)
223,93jgs8iidqpjpynqao1w1yxrv,6542,Kazincbarcika,Kazincbarcika,KAZ,Kazincbarcika,,47s2kt0e8m444ftqvsrqa3bvq,NB I (Hungary),1,6542,19,KAZ vs ZTE,true,false,false,false,true,2026-01-25,m1wf66z4mxr8xduncwbedxqs,d8l653wnkhfqhpwsw3ia7mybn,2132,2132,Kazincbarcika,Zalaegerszeg,ZTE,0,1,Played,L 0-1,2560262,KAZ vs ZTE (2026-01-25)
229,4yxspqt9kfih6zcwwslxq8r6f,1464,Újpest,Újpest,UJP,Újpest,#800080,47s2kt0e8m444ftqvsrqa3bvq,NB I (Hungary),1,1464,20,UJP vs PUS,true,false,false,false,true,2026-01-31,pk90xoqs1fqvsvhedg0xxdzo,7gmb3yf0l30i996xp4cqt5u9p,8746,8746,Újpest,Puskás,PUS,0,1,Played,L 0-1,2560271,UJP vs PUS (2026-01-31)
229,b7jek1bop3eoughds0xi22tte,225,Debrecen,Debrecen,DEB,Debrecen,#ff0000,47s2kt0e8m444ftqvsrqa3bvq,NB I (Hungary),1,225,20,GYO vs DEB,false,true,false,true,false,2026-01-31,okff4ltw9hthcwb24vi9os9g,3jvgab7r5m1rqtyxvxrgyuwhd,2713,2713,Debrecen,Gyori ETO,GYO,2,2,Played,T 2-2,2560269,GYO vs DEB (2026-01-31)
229,ad5l7of8nxlt7c7uyf5pjiy14,2411,MTK,MTK,MTK,MTK,#ADD8E6,47s2kt0e8m444ftqvsrqa3bvq,NB I (Hungary),1,2411,20,MTK vs KAZ,true,false,false,false,true,2026-01-31,o835862exqzyi5ga1l0nm49g,93jgs8iidqpjpynqao1w1yxrv,6542,6542,MTK,Kazincbarcika,KAZ,1,3,Played,L 1-3,2560268,MTK vs KAZ (2026-01-31)
229,7gmb3yf0l30i996xp4cqt5u9p,8746,Puskás,Puskás,PUS,Puskás,#FFFF00,47s2kt0e8m444ftqvsrqa3bvq,NB I (Hungary),1,8746,20,UJP vs PUS,false,true,true,false,false,2026-01-31,pk90xoqs1fqvsvhedg0xxdzo,4yxspqt9kfih6zcwwslxq8r6f,1464,1464,Puskás,Újpest,UJP,1,0,Played,W 1-0,2560271,UJP vs PUS (2026-01-31)
229,3jvgab7r5m1rqtyxvxrgyuwhd,2713,Gyori ETO,Gyori ETO,GYO,Gyor,,47s2kt0e8m444ftqvsrqa3bvq,NB I (Hungary),1,2713,20,GYO vs DEB,true,false,false,true,false,2026-01-31,okff4ltw9hthcwb24vi9os9g,b7jek1bop3eoughds0xi22tte,225,225,Gyori ETO,Debrecen,DEB,2,2,Played,T 2-2,2560269,GYO vs DEB (2026-01-31)
229,93jgs8iidqpjpynqao1w1yxrv,6542,Kazincbarcika,Kazincbarcika,KAZ,Kazincbarcika,,47s2kt0e8m444ftqvsrqa3bvq,NB I (Hungary),1,6542,20,MTK vs KAZ,false,true,true,false,false,2026-01-31,o835862exqzyi5ga1l0nm49g,ad5l7of8nxlt7c7uyf5pjiy14,2411,2411,Kazincbarcika,MTK,MTK,3,1,Played,W 3-1,2560268,MTK vs KAZ (2026-01-31)
235,b3o0wckz4w3fusytybpgxftgm,227,Ferencváros,Ferencváros,FTC,Ferencváros,#023020,47s2kt0e8m444ftqvsrqa3bvq,NB I (Hungary),1,227,20,PAK vs FTC,false,true,true,false,false,2026-02-01,p7w121ursn6mo7w6v4j6p1jo,e86hbyj6fwyumuwoiaglh33r5,2718,2718,Ferencváros,Paks,PAK,1,0,Played,W 1-0,2560270,PAK vs FTC (2026-02-01)
235,d8l653wnkhfqhpwsw3ia7mybn,2132,Zalaegerszeg,Zalaegerszeg,ZTE,ZTE,,47s2kt0e8m444ftqvsrqa3bvq,NB I (Hungary),1,2132,20,ZTE vs NYI,true,false,false,false,true,2026-02-01,nvkx1sd5ixc5lstk591quuxg,1cfck1c4i89gm3xx02d5xsl81,2717,2717,Zalaegerszeg,Nyíregyháza Spartacus,NYI,0,1,Played,L 0-1,2560267,ZTE vs NYI (2026-02-01)
235,8raew9whdfuuvsedk0pyiwc5d,9428,Kisvárda,Kisvárda,KIS,Kisvárda,#000000,47s2kt0e8m444ftqvsrqa3bvq,NB I (Hungary),1,9428,20,DVT vs KIS,false,true,false,true,false,2026-02-01,pwkum4sokpjayykjoqy4no5w,amfs0dhjwsobm10en9twg0q,2271,2271,Kisvárda,Diosgyor,DVT,1,1,Played,T 1-1,2560272,DVT vs KIS (2026-02-01)
235,e86hbyj6fwyumuwoiaglh33r5,2718,Paks,Paks,PAK,Paks,,47s2kt0e8m444ftqvsrqa3bvq,NB I (Hungary),1,2718,20,PAK vs FTC,true,false,false,false,true,2026-02-01,p7w121ursn6mo7w6v4j6p1jo,b3o0wckz4w3fusytybpgxftgm,227,227,Paks,Ferencváros,FTC,0,1,Played,L 0-1,2560270,PAK vs FTC (2026-02-01)
235,amfs0dhjwsobm10en9twg0q,2271,Diosgyor,Diosgyor,DVT,DVTK,#808080,47s2kt0e8m444ftqvsrqa3bvq,NB I (Hungary),1,2271,20,DVT vs KIS,true,false,false,true,false,2026-02-01,pwkum4sokpjayykjoqy4no5w,8raew9whdfuuvsedk0pyiwc5d,9428,9428,Diosgyor,Kisvárda,KIS,1,1,Played,T 1-1,2560272,DVT vs KIS (2026-02-01)
235,1cfck1c4i89gm3xx02d5xsl81,2717,Nyíregyháza Spartacus,Nyíregyháza Spartacus,NYI,Nyíregyháza,,47s2kt0e8m444ftqvsrqa3bvq,NB I (Hungary),1,2717,20,ZTE vs NYI,false,true,true,false,false,2026-02-01,nvkx1sd5ixc5lstk591quuxg,d8l653wnkhfqhpwsw3ia7mybn,2132,2132,Nyíregyháza Spartacus,Zalaegerszeg,ZTE,1,0,Played,W 1-0,2560267,ZTE vs NYI (2026-02-01)
241,8raew9whdfuuvsedk0pyiwc5d,9428,Kisvárda,Kisvárda,KIS,Kisvárda,#000000,47s2kt0e8m444ftqvsrqa3bvq,NB I (Hungary),1,9428,21,KIS vs KAZ,true,false,true,false,false,2026-02-06,q900uxspqo2ims4vewcpcg7o,93jgs8iidqpjpynqao1w1yxrv,6542,6542,Kisvárda,Kazincbarcika,KAZ,1,0,Played,W 1-0,2560273,KIS vs KAZ (2026-02-06)
241,93jgs8iidqpjpynqao1w1yxrv,6542,Kazincbarcika,Kazincbarcika,KAZ,Kazincbarcika,,47s2kt0e8m444ftqvsrqa3bvq,NB I (Hungary),1,6542,21,KIS vs KAZ,false,true,false,false,true,2026-02-06,q900uxspqo2ims4vewcpcg7o,8raew9whdfuuvsedk0pyiwc5d,9428,9428,Kazincbarcika,Kisvárda,KIS,0,1,Played,L 0-1,2560273,KIS vs KAZ (2026-02-06)
243,4yxspqt9kfih6zcwwslxq8r6f,1464,Újpest,Újpest,UJP,Újpest,#800080,47s2kt0e8m444ftqvsrqa3bvq,NB I (Hungary),1,1464,21,FTC vs UJP,false,true,false,false,true,2026-02-07,raay9vkmezrdjwruvf8nztas,b3o0wckz4w3fusytybpgxftgm,227,227,Újpest,Ferencváros,FTC,0,3,Played,L 0-3,2560276,FTC vs UJP (2026-02-07)
243,b3o0wckz4w3fusytybpgxftgm,227,Ferencváros,Ferencváros,FTC,Ferencváros,#023020,47s2kt0e8m444ftqvsrqa3bvq,NB I (Hungary),1,227,21,FTC vs UJP,true,false,true,false,false,2026-02-07,raay9vkmezrdjwruvf8nztas,4yxspqt9kfih6zcwwslxq8r6f,1464,1464,Ferencváros,Újpest,UJP,3,0,Played,W 3-0,2560276,FTC vs UJP (2026-02-07)
243,b7jek1bop3eoughds0xi22tte,225,Debrecen,Debrecen,DEB,Debrecen,#ff0000,47s2kt0e8m444ftqvsrqa3bvq,NB I (Hungary),1,225,21,DEB vs PAK,true,false,true,false,false,2026-02-07,rofzfbc0iursnosq57xc66fo,e86hbyj6fwyumuwoiaglh33r5,2718,2718,Debrecen,Paks,PAK,1,0,Played,W 1-0,2560277,DEB vs PAK (2026-02-07)
243,e86hbyj6fwyumuwoiaglh33r5,2718,Paks,Paks,PAK,Paks,,47s2kt0e8m444ftqvsrqa3bvq,NB I (Hungary),1,2718,21,DEB vs PAK,false,true,false,false,true,2026-02-07,rofzfbc0iursnosq57xc66fo,b7jek1bop3eoughds0xi22tte,225,225,Paks,Debrecen,DEB,0,1,Played,L 0-1,2560277,DEB vs PAK (2026-02-07)
243,amfs0dhjwsobm10en9twg0q,2271,Diosgyor,Diosgyor,DVT,DVTK,#808080,47s2kt0e8m444ftqvsrqa3bvq,NB I (Hungary),1,2271,21,DVT vs GYO,true,false,false,true,false,2026-02-07,s0nrfs57rmz9q34989ubv09g,3jvgab7r5m1rqtyxvxrgyuwhd,2713,2713,Diosgyor,Gyori ETO,GYO,1,1,Played,T 1-1,2560278,DVT vs GYO (2026-02-07)
243,3jvgab7r5m1rqtyxvxrgyuwhd,2713,Gyori ETO,Gyori ETO,GYO,Gyor,,47s2kt0e8m444ftqvsrqa3bvq,NB I (Hungary),1,2713,21,DVT vs GYO,false,true,false,true,false,2026-02-07,s0nrfs57rmz9q34989ubv09g,amfs0dhjwsobm10en9twg0q,2271,2271,Gyori ETO,Diosgyor,DVT,1,1,Played,T 1-1,2560278,DVT vs GYO (2026-02-07)
249,ad5l7of8nxlt7c7uyf5pjiy14,2411,MTK,MTK,MTK,MTK,#ADD8E6,47s2kt0e8m444ftqvsrqa3bvq,NB I (Hungary),1,2411,21,NYI vs MTK,false,true,false,false,true,2026-02-08,qlfemaolp9ds7myq3i9f807o,1cfck1c4i89gm3xx02d5xsl81,2717,2717,MTK,Nyíregyháza Spartacus,NYI,2,4,Played,L 2-4,2560274,NYI vs MTK (2026-02-08)
249,d8l653wnkhfqhpwsw3ia7mybn,2132,Zalaegerszeg,Zalaegerszeg,ZTE,ZTE,,47s2kt0e8m444ftqvsrqa3bvq,NB I (Hungary),1,2132,21,PUS vs ZTE,false,true,true,false,false,2026-02-08,qxrbo5e75nhln4i3lt9izztg,7gmb3yf0l30i996xp4cqt5u9p,8746,8746,Zalaegerszeg,Puskás,PUS,1,0,Played,W 1-0,2560275,PUS vs ZTE (2026-02-08)
249,7gmb3yf0l30i996xp4cqt5u9p,8746,Puskás,Puskás,PUS,Puskás,#FFFF00,47s2kt0e8m444ftqvsrqa3bvq,NB I (Hungary),1,8746,21,PUS vs ZTE,true,false,false,false,true,2026-02-08,qxrbo5e75nhln4i3lt9izztg,d8l653wnkhfqhpwsw3ia7mybn,2132,2132,Puskás,Zalaegerszeg,ZTE,0,1,Played,L 0-1,2560275,PUS vs ZTE (2026-02-08)
249,1cfck1c4i89gm3xx02d5xsl81,2717,Nyíregyháza Spartacus,Nyíregyháza Spartacus,NYI,Nyíregyháza,,47s2kt0e8m444ftqvsrqa3bvq,NB I (Hungary),1,2717,21,NYI vs MTK,true,false,true,false,false,2026-02-08,qlfemaolp9ds7myq3i9f807o,ad5l7of8nxlt7c7uyf5pjiy14,2411,2411,Nyíregyháza Spartacus,MTK,MTK,4,2,Played,W 4-2,2560274,NYI vs MTK (2026-02-08)
253,4yxspqt9kfih6zcwwslxq8r6f,1464,Újpest,Újpest,UJP,Újpest,#800080,47s2kt0e8m444ftqvsrqa3bvq,NB I (Hungary),1,1464,22,UJP vs DEB,true,false,true,false,false,2026-02-13,t1wt86bh7h2omz9tqsvjxb84,b7jek1bop3eoughds0xi22tte,225,225,Újpest,Debrecen,DEB,2,1,Played,W 2-1,2560281,UJP vs DEB (2026-02-13)
253,b7jek1bop3eoughds0xi22tte,225,Debrecen,Debrecen,DEB,Debrecen,#ff0000,47s2kt0e8m444ftqvsrqa3bvq,NB I (Hungary),1,225,22,UJP vs DEB,false,true,false,false,true,2026-02-13,t1wt86bh7h2omz9tqsvjxb84,4yxspqt9kfih6zcwwslxq8r6f,1464,1464,Debrecen,Újpest,UJP,1,2,Played,L 1-2,2560281,UJP vs DEB (2026-02-13)
255,b3o0wckz4w3fusytybpgxftgm,227,Ferencváros,Ferencváros,FTC,Ferencváros,#023020,47s2kt0e8m444ftqvsrqa3bvq,NB I (Hungary),1,227,22,ZTE vs FTC,false,true,false,false,true,2026-02-14,te6d27c6lltfqrupm3nz63h0,d8l653wnkhfqhpwsw3ia7mybn,2132,2132,Ferencváros,Zalaegerszeg,ZTE,1,3,Played,L 1-3,2560282,ZTE vs FTC (2026-02-14)
255,ad5l7of8nxlt7c7uyf5pjiy14,2411,MTK,MTK,MTK,MTK,#ADD8E6,47s2kt0e8m444ftqvsrqa3bvq,NB I (Hungary),1,2411,22,MTK vs PUS,true,false,false,true,false,2026-02-14,tqlbpgwzihncpzv8ovshwljo,7gmb3yf0l30i996xp4cqt5u9p,8746,8746,MTK,Puskás,PUS,2,2,Played,T 2-2,2560283,MTK vs PUS (2026-02-14)
255,d8l653wnkhfqhpwsw3ia7mybn,2132,Zalaegerszeg,Zalaegerszeg,ZTE,ZTE,,47s2kt0e8m444ftqvsrqa3bvq,NB I (Hungary),1,2132,22,ZTE vs FTC,true,false,true,false,false,2026-02-14,te6d27c6lltfqrupm3nz63h0,b3o0wckz4w3fusytybpgxftgm,227,227,Zalaegerszeg,Ferencváros,FTC,3,1,Played,W 3-1,2560282,ZTE vs FTC (2026-02-14)
255,e86hbyj6fwyumuwoiaglh33r5,2718,Paks,Paks,PAK,Paks,,47s2kt0e8m444ftqvsrqa3bvq,NB I (Hungary),1,2718,22,PAK vs DVT,true,false,false,false,true,2026-02-14,spjk1jsjvxo4i4u52dvb0yl0,amfs0dhjwsobm10en9twg0q,2271,2271,Paks,Diosgyor,DVT,1,2,Played,L 1-2,2560280,PAK vs DVT (2026-02-14)
255,7gmb3yf0l30i996xp4cqt5u9p,8746,Puskás,Puskás,PUS,Puskás,#FFFF00,47s2kt0e8m444ftqvsrqa3bvq,NB I (Hungary),1,8746,22,MTK vs PUS,false,true,false,true,false,2026-02-14,tqlbpgwzihncpzv8ovshwljo,ad5l7of8nxlt7c7uyf5pjiy14,2411,2411,Puskás,MTK,MTK,2,2,Played,T 2-2,2560283,MTK vs PUS (2026-02-14)
255,amfs0dhjwsobm10en9twg0q,2271,Diosgyor,Diosgyor,DVT,DVTK,#808080,47s2kt0e8m444ftqvsrqa3bvq,NB I (Hungary),1,2271,22,PAK vs DVT,false,true,true,false,false,2026-02-14,spjk1jsjvxo4i4u52dvb0yl0,e86hbyj6fwyumuwoiaglh33r5,2718,2718,Diosgyor,Paks,PAK,2,1,Played,W 2-1,2560280,PAK vs DVT (2026-02-14)
261,8raew9whdfuuvsedk0pyiwc5d,9428,Kisvárda,Kisvárda,KIS,Kisvárda,#000000,47s2kt0e8m444ftqvsrqa3bvq,NB I (Hungary),1,9428,22,GYO vs KIS,false,true,false,false,true,2026-02-15,u3eoijwiwmra2g28uxu8z28k,3jvgab7r5m1rqtyxvxrgyuwhd,2713,2713,Kisvárda,Gyori ETO,GYO,0,1,Played,L 0-1,2560284,GYO vs KIS (2026-02-15)
261,1cfck1c4i89gm3xx02d5xsl81,2717,Nyíregyháza Spartacus,Nyíregyháza Spartacus,NYI,Nyíregyháza,,47s2kt0e8m444ftqvsrqa3bvq,NB I (Hungary),1,2717,22,KAZ vs NYI,false,true,true,false,false,2026-02-15,sd7brsdww0rvtyfxmz6hyhhw,93jgs8iidqpjpynqao1w1yxrv,6542,6542,Nyíregyháza Spartacus,Kazincbarcika,KAZ,4,0,Played,W 4-0,2560279,KAZ vs NYI (2026-02-15)
261,3jvgab7r5m1rqtyxvxrgyuwhd,2713,Gyori ETO,Gyori ETO,GYO,Gyor,,47s2kt0e8m444ftqvsrqa3bvq,NB I (Hungary),1,2713,22,GYO vs KIS,true,false,true,false,false,2026-02-15,u3eoijwiwmra2g28uxu8z28k,8raew9whdfuuvsedk0pyiwc5d,9428,9428,Gyori ETO,Kisvárda,KIS,1,0,Played,W 1-0,2560284,GYO vs KIS (2026-02-15)
261,93jgs8iidqpjpynqao1w1yxrv,6542,Kazincbarcika,Kazincbarcika,KAZ,Kazincbarcika,,47s2kt0e8m444ftqvsrqa3bvq,NB I (Hungary),1,6542,22,KAZ vs NYI,true,false,false,false,true,2026-02-15,sd7brsdww0rvtyfxmz6hyhhw,1cfck1c4i89gm3xx02d5xsl81,2717,2717,Kazincbarcika,Nyíregyháza Spartacus,NYI,0,4,Played,L 0-4,2560279,KAZ vs NYI (2026-02-15)
265,4yxspqt9kfih6zcwwslxq8r6f,1464,Újpest,Újpest,UJP,Újpest,#800080,47s2kt0e8m444ftqvsrqa3bvq,NB I (Hungary),1,1464,23,UJP vs DVT,true,false,true,false,false,2026-02-21,vtjodnk9ncs3o1bb1lq8kefo,amfs0dhjwsobm10en9twg0q,2271,2271,Újpest,Diosgyor,DVT,2,1,Played,W 2-1,2560289,UJP vs DVT (2026-02-21)
265,8raew9whdfuuvsedk0pyiwc5d,9428,Kisvárda,Kisvárda,KIS,Kisvárda,#000000,47s2kt0e8m444ftqvsrqa3bvq,NB I (Hungary),1,9428,23,NYI vs KIS,false,true,false,true,false,2026-02-21,ufy1tpt30fls84dumkzgesyc,1cfck1c4i89gm3xx02d5xsl81,2717,2717,Kisvárda,Nyíregyháza Spartacus,NYI,2,2,Played,T 2-2,2560285,NYI vs KIS (2026-02-21)
265,7gmb3yf0l30i996xp4cqt5u9p,8746,Puskás,Puskás,PUS,Puskás,#FFFF00,47s2kt0e8m444ftqvsrqa3bvq,NB I (Hungary),1,8746,23,KAZ vs PUS,false,true,true,false,false,2026-02-21,7ecs06o34jh5vy8igpb7f47o,93jgs8iidqpjpynqao1w1yxrv,6542,6542,Puskás,Kazincbarcika,KAZ,2,0,Played,W 2-0,2560220,KAZ vs PUS (2026-02-21)
265,amfs0dhjwsobm10en9twg0q,2271,Diosgyor,Diosgyor,DVT,DVTK,#808080,47s2kt0e8m444ftqvsrqa3bvq,NB I (Hungary),1,2271,23,UJP vs DVT,false,true,false,false,true,2026-02-21,vtjodnk9ncs3o1bb1lq8kefo,4yxspqt9kfih6zcwwslxq8r6f,1464,1464,Diosgyor,Újpest,UJP,1,2,Played,L 1-2,2560289,UJP vs DVT (2026-02-21)
265,1cfck1c4i89gm3xx02d5xsl81,2717,Nyíregyháza Spartacus,Nyíregyháza Spartacus,NYI,Nyíregyháza,,47s2kt0e8m444ftqvsrqa3bvq,NB I (Hungary),1,2717,23,NYI vs KIS,true,false,false,true,false,2026-02-21,ufy1tpt30fls84dumkzgesyc,8raew9whdfuuvsedk0pyiwc5d,9428,9428,Nyíregyháza Spartacus,Kisvárda,KIS,2,2,Played,T 2-2,2560285,NYI vs KIS (2026-02-21)
265,93jgs8iidqpjpynqao1w1yxrv,6542,Kazincbarcika,Kazincbarcika,KAZ,Kazincbarcika,,47s2kt0e8m444ftqvsrqa3bvq,NB I (Hungary),1,6542,23,KAZ vs PUS,true,false,false,false,true,2026-02-21,7ecs06o34jh5vy8igpb7f47o,7gmb3yf0l30i996xp4cqt5u9p,8746,8746,Kazincbarcika,Puskás,PUS,0,2,Played,L 0-2,2560220,KAZ vs PUS (2026-02-21)
271,b7jek1bop3eoughds0xi22tte,225,Debrecen,Debrecen,DEB,Debrecen,#ff0000,47s2kt0e8m444ftqvsrqa3bvq,NB I (Hungary),1,225,23,ZTE vs DEB,false,true,false,true,false,2026-02-22,vh7js6k6lbcn6t9leiilbtas,d8l653wnkhfqhpwsw3ia7mybn,2132,2132,Debrecen,Zalaegerszeg,ZTE,1,1,Played,T 1-1,2560288,ZTE vs DEB (2026-02-22)
271,d8l653wnkhfqhpwsw3ia7mybn,2132,Zalaegerszeg,Zalaegerszeg,ZTE,ZTE,,47s2kt0e8m444ftqvsrqa3bvq,NB I (Hungary),1,2132,23,ZTE vs DEB,true,false,false,true,false,2026-02-22,vh7js6k6lbcn6t9leiilbtas,b7jek1bop3eoughds0xi22tte,225,225,Zalaegerszeg,Debrecen,DEB,1,1,Played,T 1-1,2560288,ZTE vs DEB (2026-02-22)
271,e86hbyj6fwyumuwoiaglh33r5,2718,Paks,Paks,PAK,Paks,,47s2kt0e8m444ftqvsrqa3bvq,NB I (Hungary),1,2718,23,PAK vs GYO,true,false,false,false,true,2026-02-22,w7qcvru15vvopv3bem3r5m38,3jvgab7r5m1rqtyxvxrgyuwhd,2713,2713,Paks,Gyori ETO,GYO,3,4,Played,L 3-4,2560290,PAK vs GYO (2026-02-22)
271,3jvgab7r5m1rqtyxvxrgyuwhd,2713,Gyori ETO,Gyori ETO,GYO,Gyor,,47s2kt0e8m444ftqvsrqa3bvq,NB I (Hungary),1,2713,23,PAK vs GYO,false,true,true,false,false,2026-02-22,w7qcvru15vvopv3bem3r5m38,e86hbyj6fwyumuwoiaglh33r5,2718,2718,Gyori ETO,Paks,PAK,4,3,Played,W 4-3,2560290,PAK vs GYO (2026-02-22)
275,b3o0wckz4w3fusytybpgxftgm,227,Ferencváros,Ferencváros,FTC,Ferencváros,#023020,47s2kt0e8m444ftqvsrqa3bvq,NB I (Hungary),1,227,23,MTK vs FTC,false,true,true,false,false,2026-02-23,v4udq02ttkhr0ofbud9j6o0k,ad5l7of8nxlt7c7uyf5pjiy14,2411,2411,Ferencváros,MTK,MTK,3,1,Played,W 3-1,2560287,MTK vs FTC (2026-02-23)
275,ad5l7of8nxlt7c7uyf5pjiy14,2411,MTK,MTK,MTK,MTK,#ADD8E6,47s2kt0e8m444ftqvsrqa3bvq,NB I (Hungary),1,2411,23,MTK vs FTC,true,false,false,false,true,2026-02-23,v4udq02ttkhr0ofbud9j6o0k,b3o0wckz4w3fusytybpgxftgm,227,227,MTK,Ferencváros,FTC,1,3,Played,L 1-3,2560287,MTK vs FTC (2026-02-23)
277,b7jek1bop3eoughds0xi22tte,225,Debrecen,Debrecen,DEB,Debrecen,#ff0000,47s2kt0e8m444ftqvsrqa3bvq,NB I (Hungary),1,225,24,DEB vs MTK,true,false,false,true,false,2026-02-27,x94p1l9w6t5qjjf4lwzvuck4,ad5l7of8nxlt7c7uyf5pjiy14,2411,2411,Debrecen,MTK,MTK,2,2,Played,T 2-2,2560293,DEB vs MTK (2026-02-27)
277,ad5l7of8nxlt7c7uyf5pjiy14,2411,MTK,MTK,MTK,MTK,#ADD8E6,47s2kt0e8m444ftqvsrqa3bvq,NB I (Hungary),1,2411,24,DEB vs MTK,false,true,false,true,false,2026-02-27,x94p1l9w6t5qjjf4lwzvuck4,b7jek1bop3eoughds0xi22tte,225,225,MTK,Debrecen,DEB,2,2,Played,T 2-2,2560293,DEB vs MTK (2026-02-27)
279,4yxspqt9kfih6zcwwslxq8r6f,1464,Újpest,Újpest,UJP,Újpest,#800080,47s2kt0e8m444ftqvsrqa3bvq,NB I (Hungary),1,1464,24,GYO vs UJP,false,true,false,false,true,2026-02-28,wk63rbfi8ysxwafv94ujs8pg,3jvgab7r5m1rqtyxvxrgyuwhd,2713,2713,Újpest,Gyori ETO,GYO,1,2,Played,L 1-2,2560291,GYO vs UJP (2026-02-28)
279,d8l653wnkhfqhpwsw3ia7mybn,2132,Zalaegerszeg,Zalaegerszeg,ZTE,ZTE,,47s2kt0e8m444ftqvsrqa3bvq,NB I (Hungary),1,2132,24,DVT vs ZTE,false,true,false,true,false,2026-02-28,wwm2rtg51zxkqh6yqxwtbwgk,amfs0dhjwsobm10en9twg0q,2271,2271,Zalaegerszeg,Diosgyor,DVT,1,1,Played,T 1-1,2560292,DVT vs ZTE (2026-02-28)
279,8raew9whdfuuvsedk0pyiwc5d,9428,Kisvárda,Kisvárda,KIS,Kisvárda,#000000,47s2kt0e8m444ftqvsrqa3bvq,NB I (Hungary),1,9428,24,KIS vs PAK,true,false,true,false,false,2026-02-28,yagec06vd5ew3ggeqa1d3z84,e86hbyj6fwyumuwoiaglh33r5,2718,2718,Kisvárda,Paks,PAK,2,1,Played,W 2-1,2560296,KIS vs PAK (2026-02-28)
279,e86hbyj6fwyumuwoiaglh33r5,2718,Paks,Paks,PAK,Paks,,47s2kt0e8m444ftqvsrqa3bvq,NB I (Hungary),1,2718,24,KIS vs PAK,false,true,false,false,true,2026-02-28,yagec06vd5ew3ggeqa1d3z84,8raew9whdfuuvsedk0pyiwc5d,9428,9428,Paks,Kisvárda,KIS,1,2,Played,L 1-2,2560296,KIS vs PAK (2026-02-28)
279,amfs0dhjwsobm10en9twg0q,2271,Diosgyor,Diosgyor,DVT,DVTK,#808080,47s2kt0e8m444ftqvsrqa3bvq,NB I (Hungary),1,2271,24,DVT vs ZTE,true,false,false,true,false,2026-02-28,wwm2rtg51zxkqh6yqxwtbwgk,d8l653wnkhfqhpwsw3ia7mybn,2132,2132,Diosgyor,Zalaegerszeg,ZTE,1,1,Played,T 1-1,2560292,DVT vs ZTE (2026-02-28)
279,3jvgab7r5m1rqtyxvxrgyuwhd,2713,Gyori ETO,Gyori ETO,GYO,Gyor,,47s2kt0e8m444ftqvsrqa3bvq,NB I (Hungary),1,2713,24,GYO vs UJP,true,false,true,false,false,2026-02-28,wk63rbfi8ysxwafv94ujs8pg,4yxspqt9kfih6zcwwslxq8r6f,1464,1464,Gyori ETO,Újpest,UJP,2,1,Played,W 2-1,2560291,GYO vs UJP (2026-02-28)
285,b3o0wckz4w3fusytybpgxftgm,227,Ferencváros,Ferencváros,FTC,Ferencváros,#023020,47s2kt0e8m444ftqvsrqa3bvq,NB I (Hungary),1,227,24,FTC vs KAZ,true,false,true,false,false,2026-03-01,xliad73i1c7wytarnik4hno4,93jgs8iidqpjpynqao1w1yxrv,6542,6542,Ferencváros,Kazincbarcika,KAZ,2,1,Played,W 2-1,2560294,FTC vs KAZ (2026-03-01)
285,7gmb3yf0l30i996xp4cqt5u9p,8746,Puskás,Puskás,PUS,Puskás,#FFFF00,47s2kt0e8m444ftqvsrqa3bvq,NB I (Hungary),1,8746,24,PUS vs NYI,true,false,false,false,true,2026-03-01,xy484a6zwhh6oqug3fpgz4lw,1cfck1c4i89gm3xx02d5xsl81,2717,2717,Puskás,Nyíregyháza Spartacus,NYI,1,2,Played,L 1-2,2560295,PUS vs NYI (2026-03-01)
285,1cfck1c4i89gm3xx02d5xsl81,2717,Nyíregyháza Spartacus,Nyíregyháza Spartacus,NYI,Nyíregyháza,,47s2kt0e8m444ftqvsrqa3bvq,NB I (Hungary),1,2717,24,PUS vs NYI,false,true,true,false,false,2026-03-01,xy484a6zwhh6oqug3fpgz4lw,7gmb3yf0l30i996xp4cqt5u9p,8746,8746,Nyíregyháza Spartacus,Puskás,PUS,2,1,Played,W 2-1,2560295,PUS vs NYI (2026-03-01)
285,93jgs8iidqpjpynqao1w1yxrv,6542,Kazincbarcika,Kazincbarcika,KAZ,Kazincbarcika,,47s2kt0e8m444ftqvsrqa3bvq,NB I (Hungary),1,6542,24,FTC vs KAZ,false,true,false,false,true,2026-03-01,xliad73i1c7wytarnik4hno4,b3o0wckz4w3fusytybpgxftgm,227,227,Kazincbarcika,Ferencváros,FTC,1,2,Played,L 1-2,2560294,FTC vs KAZ (2026-03-01)
289,8raew9whdfuuvsedk0pyiwc5d,9428,Kisvárda,Kisvárda,KIS,Kisvárda,#000000,47s2kt0e8m444ftqvsrqa3bvq,NB I (Hungary),1,9428,25,KIS vs PUS,true,false,true,false,false,2026-03-06,10cw6o8ef7yzgpzr721texgyc,7gmb3yf0l30i996xp4cqt5u9p,8746,8746,Kisvárda,Puskás,PUS,1,0,Played,W 1-0,2560302,KIS vs PUS (2026-03-06)
289,7gmb3yf0l30i996xp4cqt5u9p,8746,Puskás,Puskás,PUS,Puskás,#FFFF00,47s2kt0e8m444ftqvsrqa3bvq,NB I (Hungary),1,8746,25,KIS vs PUS,false,true,false,false,true,2026-03-06,10cw6o8ef7yzgpzr721texgyc,8raew9whdfuuvsedk0pyiwc5d,9428,9428,Puskás,Kisvárda,KIS,0,1,Played,L 0-1,2560302,KIS vs PUS (2026-03-06)
291,4yxspqt9kfih6zcwwslxq8r6f,1464,Újpest,Újpest,UJP,Újpest,#800080,47s2kt0e8m444ftqvsrqa3bvq,NB I (Hungary),1,1464,25,UJP vs PAK,true,false,false,true,false,2026-03-07,100hqy97dejekxs87kwsof384,e86hbyj6fwyumuwoiaglh33r5,2718,2718,Újpest,Paks,PAK,0,0,Played,T 0-0,2560301,UJP vs PAK (2026-03-07)
291,d8l653wnkhfqhpwsw3ia7mybn,2132,Zalaegerszeg,Zalaegerszeg,ZTE,ZTE,,47s2kt0e8m444ftqvsrqa3bvq,NB I (Hungary),1,2132,25,ZTE vs GYO,true,false,true,false,false,2026-03-07,zo1y72mxmasba3k9zrxchrmc,3jvgab7r5m1rqtyxvxrgyuwhd,2713,2713,Zalaegerszeg,Gyori ETO,GYO,2,1,Played,W 2-1,2560300,ZTE vs GYO (2026-03-07)
291,e86hbyj6fwyumuwoiaglh33r5,2718,Paks,Paks,PAK,Paks,,47s2kt0e8m444ftqvsrqa3bvq,NB I (Hungary),1,2718,25,UJP vs PAK,false,true,false,true,false,2026-03-07,100hqy97dejekxs87kwsof384,4yxspqt9kfih6zcwwslxq8r6f,1464,1464,Paks,Újpest,UJP,0,0,Played,T 0-0,2560301,UJP vs PAK (2026-03-07)
291,3jvgab7r5m1rqtyxvxrgyuwhd,2713,Gyori ETO,Gyori ETO,GYO,Gyor,,47s2kt0e8m444ftqvsrqa3bvq,NB I (Hungary),1,2713,25,ZTE vs GYO,false,true,false,false,true,2026-03-07,zo1y72mxmasba3k9zrxchrmc,d8l653wnkhfqhpwsw3ia7mybn,2132,2132,Gyori ETO,Zalaegerszeg,ZTE,1,2,Played,L 1-2,2560300,ZTE vs GYO (2026-03-07)
295,b3o0wckz4w3fusytybpgxftgm,227,Ferencváros,Ferencváros,FTC,Ferencváros,#023020,47s2kt0e8m444ftqvsrqa3bvq,NB I (Hungary),1,227,25,NYI vs FTC,false,true,true,false,false,2026-03-08,ymspcccufns6189hzqb7dz4k,1cfck1c4i89gm3xx02d5xsl81,2717,2717,Ferencváros,Nyíregyháza Spartacus,NYI,3,1,Played,W 3-1,2560297,NYI vs FTC (2026-03-08)
295,b7jek1bop3eoughds0xi22tte,225,Debrecen,Debrecen,DEB,Debrecen,#ff0000,47s2kt0e8m444ftqvsrqa3bvq,NB I (Hungary),1,225,25,KAZ vs DEB,false,true,true,false,false,2026-03-08,yz2r65sm0khq17uhcgnkahas,93jgs8iidqpjpynqao1w1yxrv,6542,6542,Debrecen,Kazincbarcika,KAZ,3,0,Played,W 3-0,2560298,KAZ vs DEB (2026-03-08)
295,ad5l7of8nxlt7c7uyf5pjiy14,2411,MTK,MTK,MTK,MTK,#ADD8E6,47s2kt0e8m444ftqvsrqa3bvq,NB I (Hungary),1,2411,25,MTK vs DVT,true,false,false,true,false,2026-03-08,zbjvpizaydl7gdx5tvek49p0,amfs0dhjwsobm10en9twg0q,2271,2271,MTK,Diosgyor,DVT,1,1,Played,T 1-1,2560299,MTK vs DVT (2026-03-08)
295,amfs0dhjwsobm10en9twg0q,2271,Diosgyor,Diosgyor,DVT,DVTK,#808080,47s2kt0e8m444ftqvsrqa3bvq,NB I (Hungary),1,2271,25,MTK vs DVT,false,true,false,true,false,2026-03-08,zbjvpizaydl7gdx5tvek49p0,ad5l7of8nxlt7c7uyf5pjiy14,2411,2411,Diosgyor,MTK,MTK,1,1,Played,T 1-1,2560299,MTK vs DVT (2026-03-08)
295,1cfck1c4i89gm3xx02d5xsl81,2717,Nyíregyháza Spartacus,Nyíregyháza Spartacus,NYI,Nyíregyháza,,47s2kt0e8m444ftqvsrqa3bvq,NB I (Hungary),1,2717,25,NYI vs FTC,true,false,false,false,true,2026-03-08,ymspcccufns6189hzqb7dz4k,b3o0wckz4w3fusytybpgxftgm,227,227,Nyíregyháza Spartacus,Ferencváros,FTC,1,3,Played,L 1-3,2560297,NYI vs FTC (2026-03-08)
295,93jgs8iidqpjpynqao1w1yxrv,6542,Kazincbarcika,Kazincbarcika,KAZ,Kazincbarcika,,47s2kt0e8m444ftqvsrqa3bvq,NB I (Hungary),1,6542,25,KAZ vs DEB,true,false,false,false,true,2026-03-08,yz2r65sm0khq17uhcgnkahas,b7jek1bop3eoughds0xi22tte,225,225,Kazincbarcika,Debrecen,DEB,0,3,Played,L 0-3,2560298,KAZ vs DEB (2026-03-08)
301,ad5l7of8nxlt7c7uyf5pjiy14,2411,MTK,MTK,MTK,MTK,#ADD8E6,47s2kt0e8m444ftqvsrqa3bvq,NB I (Hungary),1,2411,26,GYO vs MTK,false,true,false,true,false,2026-03-13,11gt9hfj0r9a9zsy0v2n994wk,3jvgab7r5m1rqtyxvxrgyuwhd,2713,2713,MTK,Gyori ETO,GYO,0,0,Played,T 0-0,2560305,GYO vs MTK (2026-03-13)
301,amfs0dhjwsobm10en9twg0q,2271,Diosgyor,Diosgyor,DVT,DVTK,#808080,47s2kt0e8m444ftqvsrqa3bvq,NB I (Hungary),1,2271,26,DVT vs KAZ,true,false,false,false,true,2026-03-13,11tdzx00v8wsxf2509or8xa8k,93jgs8iidqpjpynqao1w1yxrv,6542,6542,Diosgyor,Kazincbarcika,KAZ,0,4,Played,L 0-4,2560306,DVT vs KAZ (2026-03-13)
301,3jvgab7r5m1rqtyxvxrgyuwhd,2713,Gyori ETO,Gyori ETO,GYO,Gyor,,47s2kt0e8m444ftqvsrqa3bvq,NB I (Hungary),1,2713,26,GYO vs MTK,true,false,false,true,false,2026-03-13,11gt9hfj0r9a9zsy0v2n994wk,ad5l7of8nxlt7c7uyf5pjiy14,2411,2411,Gyori ETO,MTK,MTK,0,0,Played,T 0-0,2560305,GYO vs MTK (2026-03-13)
301,93jgs8iidqpjpynqao1w1yxrv,6542,Kazincbarcika,Kazincbarcika,KAZ,Kazincbarcika,,47s2kt0e8m444ftqvsrqa3bvq,NB I (Hungary),1,6542,26,DVT vs KAZ,false,true,true,false,false,2026-03-13,11tdzx00v8wsxf2509or8xa8k,amfs0dhjwsobm10en9twg0q,2271,2271,Kazincbarcika,Diosgyor,DVT,4,0,Played,W 4-0,2560306,DVT vs KAZ (2026-03-13)
305,4yxspqt9kfih6zcwwslxq8r6f,1464,Újpest,Újpest,UJP,Újpest,#800080,47s2kt0e8m444ftqvsrqa3bvq,NB I (Hungary),1,1464,26,UJP vs KIS,true,false,true,false,false,2026-03-14,10rilou3qn7vy0e7zkuqmzor8,8raew9whdfuuvsedk0pyiwc5d,9428,9428,Újpest,Kisvárda,KIS,2,1,Played,W 2-1,2560303,UJP vs KIS (2026-03-14)
305,b7jek1bop3eoughds0xi22tte,225,Debrecen,Debrecen,DEB,Debrecen,#ff0000,47s2kt0e8m444ftqvsrqa3bvq,NB I (Hungary),1,225,26,DEB vs NYI,true,false,false,true,false,2026-03-14,1262tuwn7ylcfo0q0mryalslw,1cfck1c4i89gm3xx02d5xsl81,2717,2717,Debrecen,Nyíregyháza Spartacus,NYI,1,1,Played,T 1-1,2560307,DEB vs NYI (2026-03-14)
305,d8l653wnkhfqhpwsw3ia7mybn,2132,Zalaegerszeg,Zalaegerszeg,ZTE,ZTE,,47s2kt0e8m444ftqvsrqa3bvq,NB I (Hungary),1,2132,26,PAK vs ZTE,false,true,false,true,false,2026-03-14,1142o49cgamp5nn6io3fhoa38,e86hbyj6fwyumuwoiaglh33r5,2718,2718,Zalaegerszeg,Paks,PAK,1,1,Played,T 1-1,2560304,PAK vs ZTE (2026-03-14)
305,8raew9whdfuuvsedk0pyiwc5d,9428,Kisvárda,Kisvárda,KIS,Kisvárda,#000000,47s2kt0e8m444ftqvsrqa3bvq,NB I (Hungary),1,9428,26,UJP vs KIS,false,true,false,false,true,2026-03-14,10rilou3qn7vy0e7zkuqmzor8,4yxspqt9kfih6zcwwslxq8r6f,1464,1464,Kisvárda,Újpest,UJP,1,2,Played,L 1-2,2560303,UJP vs KIS (2026-03-14)
305,e86hbyj6fwyumuwoiaglh33r5,2718,Paks,Paks,PAK,Paks,,47s2kt0e8m444ftqvsrqa3bvq,NB I (Hungary),1,2718,26,PAK vs ZTE,true,false,false,true,false,2026-03-14,1142o49cgamp5nn6io3fhoa38,d8l653wnkhfqhpwsw3ia7mybn,2132,2132,Paks,Zalaegerszeg,ZTE,1,1,Played,T 1-1,2560304,PAK vs ZTE (2026-03-14)
305,1cfck1c4i89gm3xx02d5xsl81,2717,Nyíregyháza Spartacus,Nyíregyháza Spartacus,NYI,Nyíregyháza,,47s2kt0e8m444ftqvsrqa3bvq,NB I (Hungary),1,2717,26,DEB vs NYI,false,true,false,true,false,2026-03-14,1262tuwn7ylcfo0q0mryalslw,b7jek1bop3eoughds0xi22tte,225,225,Nyíregyháza Spartacus,Debrecen,DEB,1,1,Played,T 1-1,2560307,DEB vs NYI (2026-03-14)
311,ad5l7of8nxlt7c7uyf5pjiy14,2411,MTK,MTK,MTK,MTK,#ADD8E6,47s2kt0e8m444ftqvsrqa3bvq,NB I (Hungary),1,2411,27,MTK vs PAK,true,false,false,false,true,2026-03-20,13k9zyv6nuua2j2p2l7jgqhas,e86hbyj6fwyumuwoiaglh33r5,2718,2718,MTK,Paks,PAK,0,2,Played,L 0-2,2560311,MTK vs PAK (2026-03-20)
311,e86hbyj6fwyumuwoiaglh33r5,2718,Paks,Paks,PAK,Paks,,47s2kt0e8m444ftqvsrqa3bvq,NB I (Hungary),1,2718,27,MTK vs PAK,false,true,true,false,false,2026-03-20,13k9zyv6nuua2j2p2l7jgqhas,ad5l7of8nxlt7c7uyf5pjiy14,2411,2411,Paks,MTK,MTK,2,0,Played,W 2-0,2560311,MTK vs PAK (2026-03-20)
313,4yxspqt9kfih6zcwwslxq8r6f,1464,Újpest,Újpest,UJP,Újpest,#800080,47s2kt0e8m444ftqvsrqa3bvq,NB I (Hungary),1,1464,27,ZTE vs UJP,false,true,false,false,true,2026-03-21,13wtshbm7fe8oohkfhnl24qok,d8l653wnkhfqhpwsw3ia7mybn,2132,2132,Újpest,Zalaegerszeg,ZTE,0,2,Played,L 0-2,2560312,ZTE vs UJP (2026-03-21)
313,d8l653wnkhfqhpwsw3ia7mybn,2132,Zalaegerszeg,Zalaegerszeg,ZTE,ZTE,,47s2kt0e8m444ftqvsrqa3bvq,NB I (Hungary),1,2132,27,ZTE vs UJP,true,false,true,false,false,2026-03-21,13wtshbm7fe8oohkfhnl24qok,4yxspqt9kfih6zcwwslxq8r6f,1464,1464,Zalaegerszeg,Újpest,UJP,2,0,Played,W 2-0,2560312,ZTE vs UJP (2026-03-21)
313,amfs0dhjwsobm10en9twg0q,2271,Diosgyor,Diosgyor,DVT,DVTK,#808080,47s2kt0e8m444ftqvsrqa3bvq,NB I (Hungary),1,2271,27,NYI vs DVT,false,true,false,false,true,2026-03-21,12v6aljxi5psla8vjmnfjy3o4,1cfck1c4i89gm3xx02d5xsl81,2717,2717,Diosgyor,Nyíregyháza Spartacus,NYI,1,3,Played,L 1-3,2560309,NYI vs DVT (2026-03-21)
313,1cfck1c4i89gm3xx02d5xsl81,2717,Nyíregyháza Spartacus,Nyíregyháza Spartacus,NYI,Nyíregyháza,,47s2kt0e8m444ftqvsrqa3bvq,NB I (Hungary),1,2717,27,NYI vs DVT,true,false,true,false,false,2026-03-21,12v6aljxi5psla8vjmnfjy3o4,amfs0dhjwsobm10en9twg0q,2271,2271,Nyíregyháza Spartacus,Diosgyor,DVT,3,1,Played,W 3-1,2560309,NYI vs DVT (2026-03-21)
317,b3o0wckz4w3fusytybpgxftgm,227,Ferencváros,Ferencváros,FTC,Ferencváros,#023020,47s2kt0e8m444ftqvsrqa3bvq,NB I (Hungary),1,227,27,KIS vs FTC,false,true,false,true,false,2026-03-22,14n1edtlptjeknifolveg0s2c,8raew9whdfuuvsedk0pyiwc5d,9428,9428,Ferencváros,Kisvárda,KIS,1,1,Played,T 1-1,2560314,KIS vs FTC (2026-03-22)
317,b7jek1bop3eoughds0xi22tte,225,Debrecen,Debrecen,DEB,Debrecen,#ff0000,47s2kt0e8m444ftqvsrqa3bvq,NB I (Hungary),1,225,27,PUS vs DEB,false,true,false,true,false,2026-03-22,14ac4woavtc1zck5ucc7dbqxg,7gmb3yf0l30i996xp4cqt5u9p,8746,8746,Debrecen,Puskás,PUS,1,1,Played,T 1-1,2560313,PUS vs DEB (2026-03-22)
317,8raew9whdfuuvsedk0pyiwc5d,9428,Kisvárda,Kisvárda,KIS,Kisvárda,#000000,47s2kt0e8m444ftqvsrqa3bvq,NB I (Hungary),1,9428,27,KIS vs FTC,true,false,false,true,false,2026-03-22,14n1edtlptjeknifolveg0s2c,b3o0wckz4w3fusytybpgxftgm,227,227,Kisvárda,Ferencváros,FTC,1,1,Played,T 1-1,2560314,KIS vs FTC (2026-03-22)
317,7gmb3yf0l30i996xp4cqt5u9p,8746,Puskás,Puskás,PUS,Puskás,#FFFF00,47s2kt0e8m444ftqvsrqa3bvq,NB I (Hungary),1,8746,27,PUS vs DEB,true,false,false,true,false,2026-03-22,14ac4woavtc1zck5ucc7dbqxg,b7jek1bop3eoughds0xi22tte,225,225,Puskás,Debrecen,DEB,1,1,Played,T 1-1,2560313,PUS vs DEB (2026-03-22)
317,3jvgab7r5m1rqtyxvxrgyuwhd,2713,Gyori ETO,Gyori ETO,GYO,Gyor,,47s2kt0e8m444ftqvsrqa3bvq,NB I (Hungary),1,2713,27,KAZ vs GYO,false,true,true,false,false,2026-03-22,137r0q0zyo0gc5eq3lvt0s3ro,93jgs8iidqpjpynqao1w1yxrv,6542,6542,Gyori ETO,Kazincbarcika,KAZ,3,1,Played,W 3-1,2560310,KAZ vs GYO (2026-03-22)
317,93jgs8iidqpjpynqao1w1yxrv,6542,Kazincbarcika,Kazincbarcika,KAZ,Kazincbarcika,,47s2kt0e8m444ftqvsrqa3bvq,NB I (Hungary),1,6542,27,KAZ vs GYO,true,false,false,false,true,2026-03-22,137r0q0zyo0gc5eq3lvt0s3ro,3jvgab7r5m1rqtyxvxrgyuwhd,2713,2713,Kazincbarcika,Gyori ETO,GYO,1,3,Played,L 1-3,2560310,KAZ vs GYO (2026-03-22)
323,4yxspqt9kfih6zcwwslxq8r6f,1464,Újpest,Újpest,UJP,Újpest,#800080,47s2kt0e8m444ftqvsrqa3bvq,NB I (Hungary),1,1464,28,UJP vs MTK,true,false,false,true,false,2026-04-04,15e8dckgo6qdoe4y4w5a425uc,ad5l7of8nxlt7c7uyf5pjiy14,2411,2411,Újpest,MTK,MTK,2,2,Played,T 2-2,2560316,UJP vs MTK (2026-04-04)
323,ad5l7of8nxlt7c7uyf5pjiy14,2411,MTK,MTK,MTK,MTK,#ADD8E6,47s2kt0e8m444ftqvsrqa3bvq,NB I (Hungary),1,2411,28,UJP vs MTK,false,true,false,true,false,2026-04-04,15e8dckgo6qdoe4y4w5a425uc,4yxspqt9kfih6zcwwslxq8r6f,1464,1464,MTK,Újpest,UJP,2,2,Played,T 2-2,2560316,UJP vs MTK (2026-04-04)
323,d8l653wnkhfqhpwsw3ia7mybn,2132,Zalaegerszeg,Zalaegerszeg,ZTE,ZTE,,47s2kt0e8m444ftqvsrqa3bvq,NB I (Hungary),1,2132,28,ZTE vs KIS,true,false,true,false,false,2026-04-04,14zk0zr9hqq185d932jxfn6z8,8raew9whdfuuvsedk0pyiwc5d,9428,9428,Zalaegerszeg,Kisvárda,KIS,2,0,Played,W 2-0,2560315,ZTE vs KIS (2026-04-04)
323,8raew9whdfuuvsedk0pyiwc5d,9428,Kisvárda,Kisvárda,KIS,Kisvárda,#000000,47s2kt0e8m444ftqvsrqa3bvq,NB I (Hungary),1,9428,28,ZTE vs KIS,false,true,false,false,true,2026-04-04,14zk0zr9hqq185d932jxfn6z8,d8l653wnkhfqhpwsw3ia7mybn,2132,2132,Kisvárda,Zalaegerszeg,ZTE,0,2,Played,L 0-2,2560315,ZTE vs KIS (2026-04-04)
323,e86hbyj6fwyumuwoiaglh33r5,2718,Paks,Paks,PAK,Paks,,47s2kt0e8m444ftqvsrqa3bvq,NB I (Hungary),1,2718,28,PAK vs KAZ,true,false,true,false,false,2026-04-04,15qstej09mhrdhf1ayw526rdg,93jgs8iidqpjpynqao1w1yxrv,6542,6542,Paks,Kazincbarcika,KAZ,5,1,Played,W 5-1,2560317,PAK vs KAZ (2026-04-04)
323,93jgs8iidqpjpynqao1w1yxrv,6542,Kazincbarcika,Kazincbarcika,KAZ,Kazincbarcika,,47s2kt0e8m444ftqvsrqa3bvq,NB I (Hungary),1,6542,28,PAK vs KAZ,false,true,false,false,true,2026-04-04,15qstej09mhrdhf1ayw526rdg,e86hbyj6fwyumuwoiaglh33r5,2718,2718,Kazincbarcika,Paks,PAK,1,5,Played,L 1-5,2560317,PAK vs KAZ (2026-04-04)
329,b3o0wckz4w3fusytybpgxftgm,227,Ferencváros,Ferencváros,FTC,Ferencváros,#023020,47s2kt0e8m444ftqvsrqa3bvq,NB I (Hungary),1,227,28,DEB vs FTC,false,true,true,false,false,2026-04-05,16splvmyr8m0t4b4hz1xipzis,b7jek1bop3eoughds0xi22tte,225,225,Ferencváros,Debrecen,DEB,2,0,Played,W 2-0,2560320,DEB vs FTC (2026-04-05)
329,b7jek1bop3eoughds0xi22tte,225,Debrecen,Debrecen,DEB,Debrecen,#ff0000,47s2kt0e8m444ftqvsrqa3bvq,NB I (Hungary),1,225,28,DEB vs FTC,true,false,false,false,true,2026-04-05,16splvmyr8m0t4b4hz1xipzis,b3o0wckz4w3fusytybpgxftgm,227,227,Debrecen,Ferencváros,FTC,0,2,Played,L 0-2,2560320,DEB vs FTC (2026-04-05)
329,7gmb3yf0l30i996xp4cqt5u9p,8746,Puskás,Puskás,PUS,Puskás,#FFFF00,47s2kt0e8m444ftqvsrqa3bvq,NB I (Hungary),1,8746,28,DVT vs PUS,false,true,true,false,false,2026-04-05,16g47a5tjyfnr0gkopb6ul8us,amfs0dhjwsobm10en9twg0q,2271,2271,Puskás,Diosgyor,DVT,2,1,Played,W 2-1,2560319,DVT vs PUS (2026-04-05)
329,amfs0dhjwsobm10en9twg0q,2271,Diosgyor,Diosgyor,DVT,DVTK,#808080,47s2kt0e8m444ftqvsrqa3bvq,NB I (Hungary),1,2271,28,DVT vs PUS,true,false,false,false,true,2026-04-05,16g47a5tjyfnr0gkopb6ul8us,7gmb3yf0l30i996xp4cqt5u9p,8746,8746,Diosgyor,Puskás,PUS,1,2,Played,L 1-2,2560319,DVT vs PUS (2026-04-05)
329,1cfck1c4i89gm3xx02d5xsl81,2717,Nyíregyháza Spartacus,Nyíregyháza Spartacus,NYI,Nyíregyháza,,47s2kt0e8m444ftqvsrqa3bvq,NB I (Hungary),1,2717,28,GYO vs NYI,false,true,false,false,true,2026-04-05,163glo1me0rcti0nxcl0mzztg,3jvgab7r5m1rqtyxvxrgyuwhd,2713,2713,Nyíregyháza Spartacus,Gyori ETO,GYO,0,1,Played,L 0-1,2560318,GYO vs NYI (2026-04-05)
329,3jvgab7r5m1rqtyxvxrgyuwhd,2713,Gyori ETO,Gyori ETO,GYO,Gyor,,47s2kt0e8m444ftqvsrqa3bvq,NB I (Hungary),1,2713,28,GYO vs NYI,true,false,true,false,false,2026-04-05,163glo1me0rcti0nxcl0mzztg,1cfck1c4i89gm3xx02d5xsl81,2717,2717,Gyori ETO,Nyíregyháza Spartacus,NYI,1,0,Played,W 1-0,2560318,GYO vs NYI (2026-04-05)
335,b3o0wckz4w3fusytybpgxftgm,227,Ferencváros,Ferencváros,FTC,Ferencváros,#023020,47s2kt0e8m444ftqvsrqa3bvq,NB I (Hungary),1,227,29,FTC vs DVT,true,false,true,false,false,2026-04-10,186k2u7db748gvgdlrmsi7klw,amfs0dhjwsobm10en9twg0q,2271,2271,Ferencváros,Diosgyor,DVT,3,1,Played,W 3-1,2560324,FTC vs DVT (2026-04-10)
335,7gmb3yf0l30i996xp4cqt5u9p,8746,Puskás,Puskás,PUS,Puskás,#FFFF00,47s2kt0e8m444ftqvsrqa3bvq,NB I (Hungary),1,8746,29,PUS vs GYO,true,false,false,false,true,2026-04-10,18j7ss2wyszz3ga0ortylmsd0,3jvgab7r5m1rqtyxvxrgyuwhd,2713,2713,Puskás,Gyori ETO,GYO,1,4,Played,L 1-4,2560325,PUS vs GYO (2026-04-10)
335,amfs0dhjwsobm10en9twg0q,2271,Diosgyor,Diosgyor,DVT,DVTK,#808080,47s2kt0e8m444ftqvsrqa3bvq,NB I (Hungary),1,2271,29,FTC vs DVT,false,true,false,false,true,2026-04-10,186k2u7db748gvgdlrmsi7klw,b3o0wckz4w3fusytybpgxftgm,227,227,Diosgyor,Ferencváros,FTC,1,3,Played,L 1-3,2560324,FTC vs DVT (2026-04-10)
335,3jvgab7r5m1rqtyxvxrgyuwhd,2713,Gyori ETO,Gyori ETO,GYO,Gyor,,47s2kt0e8m444ftqvsrqa3bvq,NB I (Hungary),1,2713,29,PUS vs GYO,false,true,true,false,false,2026-04-10,18j7ss2wyszz3ga0ortylmsd0,7gmb3yf0l30i996xp4cqt5u9p,8746,8746,Gyori ETO,Puskás,PUS,4,1,Played,W 4-1,2560325,PUS vs GYO (2026-04-10)
339,4yxspqt9kfih6zcwwslxq8r6f,1464,Újpest,Újpest,UJP,Újpest,#800080,47s2kt0e8m444ftqvsrqa3bvq,NB I (Hungary),1,1464,29,KAZ vs UJP,false,true,true,false,false,2026-04-11,17hki81b9knmhxs8557eaw2dw,93jgs8iidqpjpynqao1w1yxrv,6542,6542,Újpest,Kazincbarcika,KAZ,3,0,Played,W 3-0,2560322,KAZ vs UJP (2026-04-11)
339,ad5l7of8nxlt7c7uyf5pjiy14,2411,MTK,MTK,MTK,MTK,#ADD8E6,47s2kt0e8m444ftqvsrqa3bvq,NB I (Hungary),1,2411,29,MTK vs ZTE,true,false,true,false,false,2026-04-11,17u2txsqythg6mnvmmczy8178,d8l653wnkhfqhpwsw3ia7mybn,2132,2132,MTK,Zalaegerszeg,ZTE,3,0,Played,W 3-0,2560323,MTK vs ZTE (2026-04-11)
339,d8l653wnkhfqhpwsw3ia7mybn,2132,Zalaegerszeg,Zalaegerszeg,ZTE,ZTE,,47s2kt0e8m444ftqvsrqa3bvq,NB I (Hungary),1,2132,29,MTK vs ZTE,false,true,false,false,true,2026-04-11,17u2txsqythg6mnvmmczy8178,ad5l7of8nxlt7c7uyf5pjiy14,2411,2411,Zalaegerszeg,MTK,MTK,0,3,Played,L 0-3,2560323,MTK vs ZTE (2026-04-11)
339,e86hbyj6fwyumuwoiaglh33r5,2718,Paks,Paks,PAK,Paks,,47s2kt0e8m444ftqvsrqa3bvq,NB I (Hungary),1,2718,29,NYI vs PAK,false,true,false,false,true,2026-04-11,1755jd37i229yf41s02zq6uj8,1cfck1c4i89gm3xx02d5xsl81,2717,2717,Paks,Nyíregyháza Spartacus,NYI,0,2,Played,L 0-2,2560321,NYI vs PAK (2026-04-11)
339,1cfck1c4i89gm3xx02d5xsl81,2717,Nyíregyháza Spartacus,Nyíregyháza Spartacus,NYI,Nyíregyháza,,47s2kt0e8m444ftqvsrqa3bvq,NB I (Hungary),1,2717,29,NYI vs PAK,true,false,true,false,false,2026-04-11,1755jd37i229yf41s02zq6uj8,e86hbyj6fwyumuwoiaglh33r5,2718,2718,Nyíregyháza Spartacus,Paks,PAK,2,0,Played,W 2-0,2560321,NYI vs PAK (2026-04-11)
339,93jgs8iidqpjpynqao1w1yxrv,6542,Kazincbarcika,Kazincbarcika,KAZ,Kazincbarcika,,47s2kt0e8m444ftqvsrqa3bvq,NB I (Hungary),1,6542,29,KAZ vs UJP,true,false,false,false,true,2026-04-11,17hki81b9knmhxs8557eaw2dw,4yxspqt9kfih6zcwwslxq8r6f,1464,1464,Kazincbarcika,Újpest,UJP,0,3,Played,L 0-3,2560322,KAZ vs UJP (2026-04-11)
345,b7jek1bop3eoughds0xi22tte,225,Debrecen,Debrecen,DEB,Debrecen,#ff0000,47s2kt0e8m444ftqvsrqa3bvq,NB I (Hungary),1,225,29,KIS vs DEB,false,true,false,true,false,2026-04-13,18w1bo2wwdubv70tzslywonpw,8raew9whdfuuvsedk0pyiwc5d,9428,9428,Debrecen,Kisvárda,KIS,0,0,Played,T 0-0,2560326,KIS vs DEB (2026-04-13)
345,8raew9whdfuuvsedk0pyiwc5d,9428,Kisvárda,Kisvárda,KIS,Kisvárda,#000000,47s2kt0e8m444ftqvsrqa3bvq,NB I (Hungary),1,9428,29,KIS vs DEB,true,false,false,true,false,2026-04-13,18w1bo2wwdubv70tzslywonpw,b7jek1bop3eoughds0xi22tte,225,225,Kisvárda,Debrecen,DEB,0,0,Played,T 0-0,2560326,KIS vs DEB (2026-04-13)
347,b3o0wckz4w3fusytybpgxftgm,227,Ferencváros,Ferencváros,FTC,Ferencváros,#023020,47s2kt0e8m444ftqvsrqa3bvq,NB I (Hungary),1,227,26,FTC vs PUS,true,false,true,false,false,2026-04-14,12inly7wjl3byejmdvlkhjyfo,7gmb3yf0l30i996xp4cqt5u9p,8746,8746,Ferencváros,Puskás,PUS,2,1,Played,W 2-1,2560308,FTC vs PUS (2026-04-14)
347,7gmb3yf0l30i996xp4cqt5u9p,8746,Puskás,Puskás,PUS,Puskás,#FFFF00,47s2kt0e8m444ftqvsrqa3bvq,NB I (Hungary),1,8746,26,FTC vs PUS,false,true,false,false,true,2026-04-14,12inly7wjl3byejmdvlkhjyfo,b3o0wckz4w3fusytybpgxftgm,227,227,Puskás,Ferencváros,FTC,1,2,Played,L 1-2,2560308,FTC vs PUS (2026-04-14)
349,4yxspqt9kfih6zcwwslxq8r6f,1464,Újpest,Újpest,UJP,Újpest,#800080,47s2kt0e8m444ftqvsrqa3bvq,NB I (Hungary),1,1464,30,UJP vs NYI,true,false,true,false,false,2026-04-17,19yy9oodmij9l3er7tarnjuvo,1cfck1c4i89gm3xx02d5xsl81,2717,2717,Újpest,Nyíregyháza Spartacus,NYI,7,2,Played,W 7-2,2560329,UJP vs NYI (2026-04-17)
349,1cfck1c4i89gm3xx02d5xsl81,2717,Nyíregyháza Spartacus,Nyíregyháza Spartacus,NYI,Nyíregyháza,,47s2kt0e8m444ftqvsrqa3bvq,NB I (Hungary),1,2717,30,UJP vs NYI,false,true,false,false,true,2026-04-17,19yy9oodmij9l3er7tarnjuvo,4yxspqt9kfih6zcwwslxq8r6f,1464,1464,Nyíregyháza Spartacus,Újpest,UJP,2,7,Played,L 2-7,2560329,UJP vs NYI (2026-04-17)
351,b7jek1bop3eoughds0xi22tte,225,Debrecen,Debrecen,DEB,Debrecen,#ff0000,47s2kt0e8m444ftqvsrqa3bvq,NB I (Hungary),1,225,30,DVT vs DEB,false,true,true,false,false,2026-04-18,1azxlq57bu03os8k0qdzrqrro,amfs0dhjwsobm10en9twg0q,2271,2271,Debrecen,Diosgyor,DVT,5,0,Played,W 5-0,2560332,DVT vs DEB (2026-04-18)
351,ad5l7of8nxlt7c7uyf5pjiy14,2411,MTK,MTK,MTK,MTK,#ADD8E6,47s2kt0e8m444ftqvsrqa3bvq,NB I (Hungary),1,2411,30,MTK vs KIS,true,false,true,false,false,2026-04-18,198i84u686c0nudfwtg5i70us,8raew9whdfuuvsedk0pyiwc5d,9428,9428,MTK,Kisvárda,KIS,2,1,Played,W 2-1,2560327,MTK vs KIS (2026-04-18)
351,d8l653wnkhfqhpwsw3ia7mybn,2132,Zalaegerszeg,Zalaegerszeg,ZTE,ZTE,,47s2kt0e8m444ftqvsrqa3bvq,NB I (Hungary),1,2132,30,ZTE vs KAZ,true,false,true,false,false,2026-04-18,19kwjg2hev48lsmyay7eg3xuc,93jgs8iidqpjpynqao1w1yxrv,6542,6542,Zalaegerszeg,Kazincbarcika,KAZ,4,0,Played,W 4-0,2560328,ZTE vs KAZ (2026-04-18)
351,8raew9whdfuuvsedk0pyiwc5d,9428,Kisvárda,Kisvárda,KIS,Kisvárda,#000000,47s2kt0e8m444ftqvsrqa3bvq,NB I (Hungary),1,9428,30,MTK vs KIS,false,true,false,false,true,2026-04-18,198i84u686c0nudfwtg5i70us,ad5l7of8nxlt7c7uyf5pjiy14,2411,2411,Kisvárda,MTK,MTK,1,2,Played,L 1-2,2560327,MTK vs KIS (2026-04-18)
351,amfs0dhjwsobm10en9twg0q,2271,Diosgyor,Diosgyor,DVT,DVTK,#808080,47s2kt0e8m444ftqvsrqa3bvq,NB I (Hungary),1,2271,30,DVT vs DEB,true,false,false,false,true,2026-04-18,1azxlq57bu03os8k0qdzrqrro,b7jek1bop3eoughds0xi22tte,225,225,Diosgyor,Debrecen,DEB,0,5,Played,L 0-5,2560332,DVT vs DEB (2026-04-18)
351,93jgs8iidqpjpynqao1w1yxrv,6542,Kazincbarcika,Kazincbarcika,KAZ,Kazincbarcika,,47s2kt0e8m444ftqvsrqa3bvq,NB I (Hungary),1,6542,30,ZTE vs KAZ,false,true,false,false,true,2026-04-18,19kwjg2hev48lsmyay7eg3xuc,d8l653wnkhfqhpwsw3ia7mybn,2132,2132,Kazincbarcika,Zalaegerszeg,ZTE,0,4,Played,L 0-4,2560328,ZTE vs KAZ (2026-04-18)
357,b3o0wckz4w3fusytybpgxftgm,227,Ferencváros,Ferencváros,FTC,Ferencváros,#023020,47s2kt0e8m444ftqvsrqa3bvq,NB I (Hungary),1,227,30,GYO vs FTC,false,true,false,false,true,2026-04-19,1ano74y4r3jntskakyn2isf84,3jvgab7r5m1rqtyxvxrgyuwhd,2713,2713,Ferencváros,Gyori ETO,GYO,0,1,Played,L 0-1,2560331,GYO vs FTC (2026-04-19)
357,e86hbyj6fwyumuwoiaglh33r5,2718,Paks,Paks,PAK,Paks,,47s2kt0e8m444ftqvsrqa3bvq,NB I (Hungary),1,2718,30,PAK vs PUS,true,false,true,false,false,2026-04-19,1ab9p9imid7s4q8srbw8egzkk,7gmb3yf0l30i996xp4cqt5u9p,8746,8746,Paks,Puskás,PUS,1,0,Played,W 1-0,2560330,PAK vs PUS (2026-04-19)
357,7gmb3yf0l30i996xp4cqt5u9p,8746,Puskás,Puskás,PUS,Puskás,#FFFF00,47s2kt0e8m444ftqvsrqa3bvq,NB I (Hungary),1,8746,30,PAK vs PUS,false,true,false,false,true,2026-04-19,1ab9p9imid7s4q8srbw8egzkk,e86hbyj6fwyumuwoiaglh33r5,2718,2718,Puskás,Paks,PAK,0,1,Played,L 0-1,2560330,PAK vs PUS (2026-04-19)
357,3jvgab7r5m1rqtyxvxrgyuwhd,2713,Gyori ETO,Gyori ETO,GYO,Gyor,,47s2kt0e8m444ftqvsrqa3bvq,NB I (Hungary),1,2713,30,GYO vs FTC,true,false,true,false,false,2026-04-19,1ano74y4r3jntskakyn2isf84,b3o0wckz4w3fusytybpgxftgm,227,227,Gyori ETO,Ferencváros,FTC,1,0,Played,W 1-0,2560331,GYO vs FTC (2026-04-19)
361,ad5l7of8nxlt7c7uyf5pjiy14,2411,MTK,MTK,MTK,MTK,#ADD8E6,47s2kt0e8m444ftqvsrqa3bvq,NB I (Hungary),1,2411,31,KAZ vs MTK,false,true,false,true,false,2026-04-24,1boisb6u84h114kekmyyvxj4k,93jgs8iidqpjpynqao1w1yxrv,6542,6542,MTK,Kazincbarcika,KAZ,0,0,Played,T 0-0,2560334,KAZ vs MTK (2026-04-24)
361,93jgs8iidqpjpynqao1w1yxrv,6542,Kazincbarcika,Kazincbarcika,KAZ,Kazincbarcika,,47s2kt0e8m444ftqvsrqa3bvq,NB I (Hungary),1,6542,31,KAZ vs MTK,true,false,false,true,false,2026-04-24,1boisb6u84h114kekmyyvxj4k,ad5l7of8nxlt7c7uyf5pjiy14,2411,2411,Kazincbarcika,MTK,MTK,0,0,Played,T 0-0,2560334,KAZ vs MTK (2026-04-24)
363,4yxspqt9kfih6zcwwslxq8r6f,1464,Újpest,Újpest,UJP,Újpest,#800080,47s2kt0e8m444ftqvsrqa3bvq,NB I (Hungary),1,1464,31,PUS vs UJP,false,true,false,false,true,2026-04-25,1cpey3jaqhh0d50utkgz29yqc,7gmb3yf0l30i996xp4cqt5u9p,8746,8746,Újpest,Puskás,PUS,0,2,Played,L 0-2,2560337,PUS vs UJP (2026-04-25)
363,d8l653wnkhfqhpwsw3ia7mybn,2132,Zalaegerszeg,Zalaegerszeg,ZTE,ZTE,,47s2kt0e8m444ftqvsrqa3bvq,NB I (Hungary),1,2132,31,NYI vs ZTE,false,true,false,false,true,2026-04-25,1bc5e1a2v4xr15nbnkoyq5tec,1cfck1c4i89gm3xx02d5xsl81,2717,2717,Zalaegerszeg,Nyíregyháza Spartacus,NYI,1,2,Played,L 1-2,2560333,NYI vs ZTE (2026-04-25)
363,8raew9whdfuuvsedk0pyiwc5d,9428,Kisvárda,Kisvárda,KIS,Kisvárda,#000000,47s2kt0e8m444ftqvsrqa3bvq,NB I (Hungary),1,9428,31,KIS vs DVT,true,false,false,false,true,2026-04-25,1d1nh443kxml2ssktjswikavo,amfs0dhjwsobm10en9twg0q,2271,2271,Kisvárda,Diosgyor,DVT,1,2,Played,L 1-2,2560338,KIS vs DVT (2026-04-25)
363,7gmb3yf0l30i996xp4cqt5u9p,8746,Puskás,Puskás,PUS,Puskás,#FFFF00,47s2kt0e8m444ftqvsrqa3bvq,NB I (Hungary),1,8746,31,PUS vs UJP,true,false,true,false,false,2026-04-25,1cpey3jaqhh0d50utkgz29yqc,4yxspqt9kfih6zcwwslxq8r6f,1464,1464,Puskás,Újpest,UJP,2,0,Played,W 2-0,2560337,PUS vs UJP (2026-04-25)
363,amfs0dhjwsobm10en9twg0q,2271,Diosgyor,Diosgyor,DVT,DVTK,#808080,47s2kt0e8m444ftqvsrqa3bvq,NB I (Hungary),1,2271,31,KIS vs DVT,false,true,true,false,false,2026-04-25,1d1nh443kxml2ssktjswikavo,8raew9whdfuuvsedk0pyiwc5d,9428,9428,Diosgyor,Kisvárda,KIS,2,1,Played,W 2-1,2560338,KIS vs DVT (2026-04-25)
363,1cfck1c4i89gm3xx02d5xsl81,2717,Nyíregyháza Spartacus,Nyíregyháza Spartacus,NYI,Nyíregyháza,,47s2kt0e8m444ftqvsrqa3bvq,NB I (Hungary),1,2717,31,NYI vs ZTE,true,false,true,false,false,2026-04-25,1bc5e1a2v4xr15nbnkoyq5tec,d8l653wnkhfqhpwsw3ia7mybn,2132,2132,Nyíregyháza Spartacus,Zalaegerszeg,ZTE,2,1,Played,W 2-1,2560333,NYI vs ZTE (2026-04-25)
369,b3o0wckz4w3fusytybpgxftgm,227,Ferencváros,Ferencváros,FTC,Ferencváros,#023020,47s2kt0e8m444ftqvsrqa3bvq,NB I (Hungary),1,227,31,FTC vs PAK,true,false,true,false,false,2026-04-26,1cd712rsh14up046bsgu2h9uc,e86hbyj6fwyumuwoiaglh33r5,2718,2718,Ferencváros,Paks,PAK,2,0,Played,W 2-0,2560336,FTC vs PAK (2026-04-26)
369,b7jek1bop3eoughds0xi22tte,225,Debrecen,Debrecen,DEB,Debrecen,#ff0000,47s2kt0e8m444ftqvsrqa3bvq,NB I (Hungary),1,225,31,DEB vs GYO,true,false,false,true,false,2026-04-26,1c0uva75zta8q1rfvg8q07w2c,3jvgab7r5m1rqtyxvxrgyuwhd,2713,2713,Debrecen,Gyori ETO,GYO,1,1,Played,T 1-1,2560335,DEB vs GYO (2026-04-26)
369,e86hbyj6fwyumuwoiaglh33r5,2718,Paks,Paks,PAK,Paks,,47s2kt0e8m444ftqvsrqa3bvq,NB I (Hungary),1,2718,31,FTC vs PAK,false,true,false,false,true,2026-04-26,1cd712rsh14up046bsgu2h9uc,b3o0wckz4w3fusytybpgxftgm,227,227,Paks,Ferencváros,FTC,0,2,Played,L 0-2,2560336,FTC vs PAK (2026-04-26)
369,3jvgab7r5m1rqtyxvxrgyuwhd,2713,Gyori ETO,Gyori ETO,GYO,Gyor,,47s2kt0e8m444ftqvsrqa3bvq,NB I (Hungary),1,2713,31,DEB vs GYO,false,true,false,true,false,2026-04-26,1c0uva75zta8q1rfvg8q07w2c,b7jek1bop3eoughds0xi22tte,225,225,Gyori ETO,Debrecen,DEB,1,1,Played,T 1-1,2560335,DEB vs GYO (2026-04-26)
373,d8l653wnkhfqhpwsw3ia7mybn,2132,Zalaegerszeg,Zalaegerszeg,ZTE,ZTE,,47s2kt0e8m444ftqvsrqa3bvq,NB I (Hungary),1,2132,32,ZTE vs PUS,true,false,false,false,true,2026-05-01,1e3a56ujicpe7g4ikhrpgcavo,7gmb3yf0l30i996xp4cqt5u9p,8746,8746,Zalaegerszeg,Puskás,PUS,1,3,Played,L 1-3,2560341,ZTE vs PUS (2026-05-01)
373,7gmb3yf0l30i996xp4cqt5u9p,8746,Puskás,Puskás,PUS,Puskás,#FFFF00,47s2kt0e8m444ftqvsrqa3bvq,NB I (Hungary),1,8746,32,ZTE vs PUS,false,true,true,false,false,2026-05-01,1e3a56ujicpe7g4ikhrpgcavo,d8l653wnkhfqhpwsw3ia7mybn,2132,2132,Puskás,Zalaegerszeg,ZTE,3,1,Played,W 3-1,2560341,ZTE vs PUS (2026-05-01)
375,ad5l7of8nxlt7c7uyf5pjiy14,2411,MTK,MTK,MTK,MTK,#ADD8E6,47s2kt0e8m444ftqvsrqa3bvq,NB I (Hungary),1,2411,32,MTK vs NYI,true,false,false,true,false,2026-05-02,1dqwdsyr37a7qi6d43n7hvh90,1cfck1c4i89gm3xx02d5xsl81,2717,2717,MTK,Nyíregyháza Spartacus,NYI,1,1,Played,T 1-1,2560340,MTK vs NYI (2026-05-02)
375,8raew9whdfuuvsedk0pyiwc5d,9428,Kisvárda,Kisvárda,KIS,Kisvárda,#000000,47s2kt0e8m444ftqvsrqa3bvq,NB I (Hungary),1,9428,32,KAZ vs KIS,false,true,false,false,true,2026-05-02,1degvgvwl75p1k8y4otz5vggk,93jgs8iidqpjpynqao1w1yxrv,6542,6542,Kisvárda,Kazincbarcika,KAZ,1,2,Played,L 1-2,2560339,KAZ vs KIS (2026-05-02)
375,amfs0dhjwsobm10en9twg0q,2271,Diosgyor,Diosgyor,DVT,DVTK,#808080,47s2kt0e8m444ftqvsrqa3bvq,NB I (Hungary),1,2271,32,GYO vs DVT,false,true,false,false,true,2026-05-02,1f654doi679z38jiulcgn5p90,3jvgab7r5m1rqtyxvxrgyuwhd,2713,2713,Diosgyor,Gyori ETO,GYO,0,4,Played,L 0-4,2560344,GYO vs DVT (2026-05-02)
375,1cfck1c4i89gm3xx02d5xsl81,2717,Nyíregyháza Spartacus,Nyíregyháza Spartacus,NYI,Nyíregyháza,,47s2kt0e8m444ftqvsrqa3bvq,NB I (Hungary),1,2717,32,MTK vs NYI,false,true,false,true,false,2026-05-02,1dqwdsyr37a7qi6d43n7hvh90,ad5l7of8nxlt7c7uyf5pjiy14,2411,2411,Nyíregyháza Spartacus,MTK,MTK,1,1,Played,T 1-1,2560340,MTK vs NYI (2026-05-02)
375,3jvgab7r5m1rqtyxvxrgyuwhd,2713,Gyori ETO,Gyori ETO,GYO,Gyor,,47s2kt0e8m444ftqvsrqa3bvq,NB I (Hungary),1,2713,32,GYO vs DVT,true,false,true,false,false,2026-05-02,1f654doi679z38jiulcgn5p90,amfs0dhjwsobm10en9twg0q,2271,2271,Gyori ETO,Diosgyor,DVT,4,0,Played,W 4-0,2560344,GYO vs DVT (2026-05-02)
375,93jgs8iidqpjpynqao1w1yxrv,6542,Kazincbarcika,Kazincbarcika,KAZ,Kazincbarcika,,47s2kt0e8m444ftqvsrqa3bvq,NB I (Hungary),1,6542,32,KAZ vs KIS,true,false,true,false,false,2026-05-02,1degvgvwl75p1k8y4otz5vggk,8raew9whdfuuvsedk0pyiwc5d,9428,9428,Kazincbarcika,Kisvárda,KIS,2,1,Played,W 2-1,2560339,KAZ vs KIS (2026-05-02)
381,4yxspqt9kfih6zcwwslxq8r6f,1464,Újpest,Újpest,UJP,Újpest,#800080,47s2kt0e8m444ftqvsrqa3bvq,NB I (Hungary),1,1464,32,UJP vs FTC,true,false,false,false,true,2026-05-03,1ehkksxnx9qo9hghip7lqshlg,b3o0wckz4w3fusytybpgxftgm,227,227,Újpest,Ferencváros,FTC,0,5,Played,L 0-5,2560342,UJP vs FTC (2026-05-03)
381,b3o0wckz4w3fusytybpgxftgm,227,Ferencváros,Ferencváros,FTC,Ferencváros,#023020,47s2kt0e8m444ftqvsrqa3bvq,NB I (Hungary),1,227,32,UJP vs FTC,false,true,true,false,false,2026-05-03,1ehkksxnx9qo9hghip7lqshlg,4yxspqt9kfih6zcwwslxq8r6f,1464,1464,Ferencváros,Újpest,UJP,5,0,Played,W 5-0,2560342,UJP vs FTC (2026-05-03)
381,b7jek1bop3eoughds0xi22tte,225,Debrecen,Debrecen,DEB,Debrecen,#ff0000,47s2kt0e8m444ftqvsrqa3bvq,NB I (Hungary),1,225,32,PAK vs DEB,false,true,false,false,true,2026-05-03,1eu16qymcxv7orv7qcmclg5qs,e86hbyj6fwyumuwoiaglh33r5,2718,2718,Debrecen,Paks,PAK,2,5,Played,L 2-5,2560343,PAK vs DEB (2026-05-03)
381,e86hbyj6fwyumuwoiaglh33r5,2718,Paks,Paks,PAK,Paks,,47s2kt0e8m444ftqvsrqa3bvq,NB I (Hungary),1,2718,32,PAK vs DEB,true,false,true,false,false,2026-05-03,1eu16qymcxv7orv7qcmclg5qs,b7jek1bop3eoughds0xi22tte,225,225,Paks,Debrecen,DEB,5,2,Played,W 5-2,2560343,PAK vs DEB (2026-05-03)
385,ad5l7of8nxlt7c7uyf5pjiy14,2411,MTK,MTK,MTK,MTK,#ADD8E6,47s2kt0e8m444ftqvsrqa3bvq,NB I (Hungary),1,2411,33,PUS vs MTK,false,true,false,true,false,2026-05-15,1gvw4nfdt2yzngu3ugktwjevo,7gmb3yf0l30i996xp4cqt5u9p,8746,8746,MTK,Puskás,PUS,2,2,Played,T 2-2,2560349,PUS vs MTK (2026-05-15)
385,7gmb3yf0l30i996xp4cqt5u9p,8746,Puskás,Puskás,PUS,Puskás,#FFFF00,47s2kt0e8m444ftqvsrqa3bvq,NB I (Hungary),1,8746,33,PUS vs MTK,true,false,false,true,false,2026-05-15,1gvw4nfdt2yzngu3ugktwjevo,ad5l7of8nxlt7c7uyf5pjiy14,2411,2411,Puskás,MTK,MTK,2,2,Played,T 2-2,2560349,PUS vs MTK (2026-05-15)
385,1cfck1c4i89gm3xx02d5xsl81,2717,Nyíregyháza Spartacus,Nyíregyháza Spartacus,NYI,Nyíregyháza,,47s2kt0e8m444ftqvsrqa3bvq,NB I (Hungary),1,2717,33,NYI vs KAZ,true,false,false,true,false,2026-05-15,1fibe0p3ffxi0ap7e3t7e9q1g,93jgs8iidqpjpynqao1w1yxrv,6542,6542,Nyíregyháza Spartacus,Kazincbarcika,KAZ,2,2,Played,T 2-2,2560345,NYI vs KAZ (2026-05-15)
385,93jgs8iidqpjpynqao1w1yxrv,6542,Kazincbarcika,Kazincbarcika,KAZ,Kazincbarcika,,47s2kt0e8m444ftqvsrqa3bvq,NB I (Hungary),1,6542,33,NYI vs KAZ,false,true,false,true,false,2026-05-15,1fibe0p3ffxi0ap7e3t7e9q1g,1cfck1c4i89gm3xx02d5xsl81,2717,2717,Kazincbarcika,Nyíregyháza Spartacus,NYI,2,2,Played,T 2-2,2560345,NYI vs KAZ (2026-05-15)
389,4yxspqt9kfih6zcwwslxq8r6f,1464,Újpest,Újpest,UJP,Újpest,#800080,47s2kt0e8m444ftqvsrqa3bvq,NB I (Hungary),1,1464,33,DEB vs UJP,false,true,false,false,true,2026-05-16,1g76p9pwl6krxsweoniilo3ro,b7jek1bop3eoughds0xi22tte,225,225,Újpest,Debrecen,DEB,1,2,Played,L 1-2,2560347,DEB vs UJP (2026-05-16)
389,b3o0wckz4w3fusytybpgxftgm,227,Ferencváros,Ferencváros,FTC,Ferencváros,#023020,47s2kt0e8m444ftqvsrqa3bvq,NB I (Hungary),1,227,33,FTC vs ZTE,true,false,true,false,false,2026-05-16,1gjgalqajr9ulbdkkt9lopv6c,d8l653wnkhfqhpwsw3ia7mybn,2132,2132,Ferencváros,Zalaegerszeg,ZTE,3,0,Played,W 3-0,2560348,FTC vs ZTE (2026-05-16)
389,b7jek1bop3eoughds0xi22tte,225,Debrecen,Debrecen,DEB,Debrecen,#ff0000,47s2kt0e8m444ftqvsrqa3bvq,NB I (Hungary),1,225,33,DEB vs UJP,true,false,true,false,false,2026-05-16,1g76p9pwl6krxsweoniilo3ro,4yxspqt9kfih6zcwwslxq8r6f,1464,1464,Debrecen,Újpest,UJP,2,1,Played,W 2-1,2560347,DEB vs UJP (2026-05-16)
389,d8l653wnkhfqhpwsw3ia7mybn,2132,Zalaegerszeg,Zalaegerszeg,ZTE,ZTE,,47s2kt0e8m444ftqvsrqa3bvq,NB I (Hungary),1,2132,33,FTC vs ZTE,false,true,false,false,true,2026-05-16,1gjgalqajr9ulbdkkt9lopv6c,b3o0wckz4w3fusytybpgxftgm,227,227,Zalaegerszeg,Ferencváros,FTC,0,3,Played,L 0-3,2560348,FTC vs ZTE (2026-05-16)
389,8raew9whdfuuvsedk0pyiwc5d,9428,Kisvárda,Kisvárda,KIS,Kisvárda,#000000,47s2kt0e8m444ftqvsrqa3bvq,NB I (Hungary),1,9428,33,KIS vs GYO,true,false,false,false,true,2026-05-16,1h85g2on4jex840mq9lm0ct1w,3jvgab7r5m1rqtyxvxrgyuwhd,2713,2713,Kisvárda,Gyori ETO,GYO,0,1,Played,L 0-1,2560350,KIS vs GYO (2026-05-16)
389,e86hbyj6fwyumuwoiaglh33r5,2718,Paks,Paks,PAK,Paks,,47s2kt0e8m444ftqvsrqa3bvq,NB I (Hungary),1,2718,33,DVT vs PAK,false,true,true,false,false,2026-05-16,1fuk03l4ktuj7ns16urh8rmdw,amfs0dhjwsobm10en9twg0q,2271,2271,Paks,Diosgyor,DVT,3,1,Played,W 3-1,2560346,DVT vs PAK (2026-05-16)
389,amfs0dhjwsobm10en9twg0q,2271,Diosgyor,Diosgyor,DVT,DVTK,#808080,47s2kt0e8m444ftqvsrqa3bvq,NB I (Hungary),1,2271,33,DVT vs PAK,true,false,false,false,true,2026-05-16,1fuk03l4ktuj7ns16urh8rmdw,e86hbyj6fwyumuwoiaglh33r5,2718,2718,Diosgyor,Paks,PAK,1,3,Played,L 1-3,2560346,DVT vs PAK (2026-05-16)
389,3jvgab7r5m1rqtyxvxrgyuwhd,2713,Gyori ETO,Gyori ETO,GYO,Gyor,,47s2kt0e8m444ftqvsrqa3bvq,NB I (Hungary),1,2713,33,KIS vs GYO,false,true,true,false,false,2026-05-16,1h85g2on4jex840mq9lm0ct1w,8raew9whdfuuvsedk0pyiwc5d,9428,9428,Gyori ETO,Kisvárda,KIS,1,0,Played,W 1-0,2560350,KIS vs GYO (2026-05-16)
